compound_id,source_dataset,source_id,source_ids,source_url,raw_smiles,standardized_isomeric_smiles,standardized_parent_smiles,inchi_key,parent_key,processing_status,mw,clogp,tpsa,hbd,hba,rotatable_bonds,heavy_atoms,rings,qed,formal_charge,source_record_count,stereo_form_count,historical_label_overlap,prediction_status,docking_eligibility,source_stereo_unspecified,source_unspecified_potential_stereo,rule_variant_count,rule_smiles,rule_inchikey,rule_stereo_unspecified,rule_unspecified_potential_stereo,rule_exchangeable_N_indices,rule_stable_stereo_unspecified,exchangeable_N_geometry_approximation,murcko_scaffold,descriptor_pred_kcal_mol,ai_pred_kcal_mol,ai_tree_sd_kcal_mol,max_train_tanimoto,ood_flag_max_tanimoto_below_0p3,selected_arms,preparation_started_utc,input_isomeric_smiles,input_inchikey,state_inchikey,rule_unspecified_stereocenters,exchangeable_protonated_N_indices,chemical_identity_rule_version,conformers_generated,conformers_converged,selected_mmff_energy_kcal_mol,selected_conformer,sdf_graph_isomeric_smiles,sdf_graph_identity_equal,sdf_graph_identity_stable_equal,sdf_3d_isomeric_smiles,sdf_3d_stereo_equal,sdf_3d_stable_identity_equal,preparation_status,sdf_file,sdf_sha256,ligand_pdbqt,ligand_sha256,preparation_elapsed_seconds
LIB_XKOPCBHBBCCNEY,ChEMBL,CHEMBL1077057,CHEMBL1077057,https://www.ebi.ac.uk/chembl/compound_report_card/CHEMBL1077057/,C/C=C(\C)C(=O)O[C@@H]1[C@@H]2OC[C@]3(C)[C@H](OC(C)=O)C[C@H](O)[C@@](C)([C@@H]23)[C@H]2C[C@H](OCC)O[C@H]3C[C@@H](C4=CCOC4=O)C(C)=C3[C@]12C,C/C=C(\C)C(=O)O[C@@H]1[C@@H]2OC[C@]3(C)[C@H](OC(C)=O)C[C@H](O)[C@@](C)([C@@H]23)[C@H]2C[C@H](OCC)O[C@H]3C[C@@H](C4=CCOC4=O)C(C)=C3[C@]12C,CC=C(C)C(=O)OC1C2OCC3(C)C(OC(C)=O)CC(O)C(C)(C23)C2CC(OCC)OC3CC(C4=CCOC4=O)C(C)=C3C12C,XKOPCBHBBCCNEY-OOQJZCITSA-N,XKOPCBHBBCCNEY,eligible,628.759,4.196,126.82,1,10,6,45,6,0.198,0,1,1,False,predicted,eligible,False,[],1,C/C=C(\C)C(=O)O[C@@H]1[C@@H]2OC[C@]3(C)[C@H](OC(C)=O)C[C@H](O)[C@@](C)([C@@H]23)[C@H]2C[C@H](OCC)O[C@H]3C[C@@H](C4=CCOC4=O)C(C)=C3[C@]12C,XKOPCBHBBCCNEY-OOQJZCITSA-N,False,[],[],False,False,O=C1OCC=C1C1C=C2C(C1)OCCC1C2CC2OCC3CCCC1C32,-8.696885108947754,-7.479254722595215,0.8590385913848877,0.24545454545454545,True,descriptor_ridge,2026-09-28T20:40:57.705859+00:00,C/C=C(\C)C(=O)O[C@@H]1[C@@H]2OC[C@]3(C)[C@H](OC(C)=O)C[C@H](O)[C@@](C)([C@@H]23)[C@H]2C[C@H](OCC)O[C@H]3C[C@@H](C4=CCOC4=O)C(C)=C3[C@]12C,XKOPCBHBBCCNEY-OOQJZCITSA-N,XKOPCBHBBCCNEY-OOQJZCITSA-N,[],[],exchangeable_tertiary_ring_NH_and_full_potential_stereo_v3_20260929,10,10,103.71188417196481,2,C/C=C(\C)C(=O)O[C@@H]1[C@@H]2OC[C@]3(C)[C@H](OC(C)=O)C[C@H](O)[C@@](C)([C@@H]23)[C@H]2C[C@H](OCC)O[C@H]3C[C@@H](C4=CCOC4=O)C(C)=C3[C@]12C,True,True,C/C=C(\C)C(=O)O[C@@H]1[C@@H]2OC[C@]3(C)[C@H](OC(C)=O)C[C@H](O)[C@@](C)([C@@H]23)[C@H]2C[C@H](OCC)O[C@H]3C[C@@H](C4=CCOC4=O)C(C)=C3[C@]12C,True,True,prepared,<PACKAGE_ROOT>\Documents\Codex\TMC1_R2_Scratch_20260929\03_compute\formal_forward_v2_resume124\ligands\LIB_XKOPCBHBBCCNEY.sdf,95a14ef10d4886b3e1ad4aa03667f8615c1f215b034ec729324280a0f09b6e95,<PACKAGE_ROOT>\Documents\Codex\TMC1_R2_Scratch_20260929\03_compute\formal_forward_v2_resume124\ligands\LIB_XKOPCBHBBCCNEY.pdbqt,7329138b42a93cb49f825c75a3a390ca50790a4e7bf5017c341aa1096b9736d3,3.883
LIB_REZFVUNAFUHYBW,ChEMBL,CHEMBL1076473,CHEMBL1076473,https://www.ebi.ac.uk/chembl/compound_report_card/CHEMBL1076473/,Cc1ccc(NC(=O)c2cccc(C(F)(F)F)c2)cc1Nc1nc2ccccc2n1-c1cc(N[C@H]2CC[C@H](N)CC2)ncn1,Cc1ccc(NC(=O)c2cccc(C(F)(F)F)c2)cc1Nc1nc2ccccc2n1-c1cc(N[C@H]2CC[C@H](N)CC2)ncn1,Cc1ccc(NC(=O)c2cccc(C(F)(F)F)c2)cc1Nc1nc2ccccc2n1-c1cc(NC2CCC(N)CC2)ncn1,REZFVUNAFUHYBW-YHBQERECSA-N,REZFVUNAFUHYBW,eligible,600.649,6.82,122.78,4,7,7,44,6,0.1617,0,1,1,False,predicted,eligible,False,[],1,Cc1ccc(NC(=O)c2cccc(C(F)(F)F)c2)cc1Nc1nc2ccccc2n1-c1cc([NH2+][C@H]2CC[C@H]([NH3+])CC2)ncn1,REZFVUNAFUHYBW-YHBQERECSA-P,False,[],[],False,False,O=C(Nc1cccc(Nc2nc3ccccc3n2-c2cc([NH2+]C3CCCCC3)ncn2)c1)c1ccccc1,-8.680031776428223,-8.217684745788574,0.5997022390365601,0.2523364485981308,True,descriptor_ridge,2026-09-28T20:41:01.591269+00:00,Cc1ccc(NC(=O)c2cccc(C(F)(F)F)c2)cc1Nc1nc2ccccc2n1-c1cc(N[C@H]2CC[C@H](N)CC2)ncn1,REZFVUNAFUHYBW-YHBQERECSA-N,REZFVUNAFUHYBW-YHBQERECSA-P,[],[],exchangeable_tertiary_ring_NH_and_full_potential_stereo_v3_20260929,10,10,61.95544935975644,4,Cc1ccc(NC(=O)c2cccc(C(F)(F)F)c2)cc1Nc1nc2ccccc2n1-c1cc([NH2+][C@H]2CC[C@H]([NH3+])CC2)ncn1,True,True,Cc1ccc(NC(=O)c2cccc(C(F)(F)F)c2)cc1Nc1nc2ccccc2n1-c1cc([NH2+][C@H]2CC[C@H]([NH3+])CC2)ncn1,True,True,prepared,<PACKAGE_ROOT>\Documents\Codex\TMC1_R2_Scratch_20260929\03_compute\formal_forward_v2_resume124\ligands\LIB_REZFVUNAFUHYBW.sdf,cc7f3e3a709f0b3a84b08a774c90d315925bf706341d69c7ebc1cd1599c008cd,<PACKAGE_ROOT>\Documents\Codex\TMC1_R2_Scratch_20260929\03_compute\formal_forward_v2_resume124\ligands\LIB_REZFVUNAFUHYBW.pdbqt,209de8570bbd8addff2b5c2423d1f3c369bf85f30a3df35da13031634db5a419,2.049
LIB_VULLSLYDWNGNKZ,ChEMBL,CHEMBL1078562,CHEMBL1078562,https://www.ebi.ac.uk/chembl/compound_report_card/CHEMBL1078562/,C[C@@H]1CC[C@]2(C(=O)O)CC[C@]3(C)C(=CC[C@@H]4[C@@]5(C)[C@@H](O)[C@@H](O)[C@H](O)C(C)(C)[C@@H]5CC[C@]43C)[C@@H]2[C@]1(C)O,C[C@@H]1CC[C@]2(C(=O)O)CC[C@]3(C)C(=CC[C@@H]4[C@@]5(C)[C@@H](O)[C@@H](O)[C@H](O)C(C)(C)[C@@H]5CC[C@]43C)[C@@H]2[C@]1(C)O,CC1CCC2(C(=O)O)CCC3(C)C(=CCC4C5(C)C(O)C(O)C(O)C(C)(C)C5CCC43C)C2C1(C)O,VULLSLYDWNGNKZ-CFEZKMSKSA-N,VULLSLYDWNGNKZ,eligible,504.708,4.146,118.22,5,5,1,36,5,0.3426,0,1,1,False,predicted,eligible,False,[],1,C[C@@H]1CC[C@]2(C(=O)[O-])CC[C@]3(C)C(=CC[C@@H]4[C@@]5(C)[C@@H](O)[C@@H](O)[C@H](O)C(C)(C)[C@@H]5CC[C@]43C)[C@@H]2[C@]1(C)O,VULLSLYDWNGNKZ-CFEZKMSKSA-M,False,[],[],False,False,C1=C2C3CCCCC3CCC2C2CCC3CCCCC3C2C1,-8.673431396484375,-7.243452548980713,0.9495480060577393,0.23655913978494625,True,descriptor_ridge,2026-09-28T20:41:03.641883+00:00,C[C@@H]1CC[C@]2(C(=O)O)CC[C@]3(C)C(=CC[C@@H]4[C@@]5(C)[C@@H](O)[C@@H](O)[C@H](O)C(C)(C)[C@@H]5CC[C@]43C)[C@@H]2[C@]1(C)O,VULLSLYDWNGNKZ-CFEZKMSKSA-N,VULLSLYDWNGNKZ-CFEZKMSKSA-M,[],[],exchangeable_tertiary_ring_NH_and_full_potential_stereo_v3_20260929,10,10,210.43318715120134,7,C[C@@H]1CC[C@]2(C(=O)[O-])CC[C@]3(C)C(=CC[C@@H]4[C@@]5(C)[C@@H](O)[C@@H](O)[C@H](O)C(C)(C)[C@@H]5CC[C@]43C)[C@@H]2[C@]1(C)O,True,True,C[C@@H]1CC[C@]2(C(=O)[O-])CC[C@]3(C)C(=CC[C@@H]4[C@@]5(C)[C@@H](O)[C@@H](O)[C@H](O)C(C)(C)[C@@H]5CC[C@]43C)[C@@H]2[C@]1(C)O,True,True,prepared,<PACKAGE_ROOT>\Documents\Codex\TMC1_R2_Scratch_20260929\03_compute\formal_forward_v2_resume124\ligands\LIB_VULLSLYDWNGNKZ.sdf,93eab6368476cbfd438bec36f68cdfc3d818aa3e6dbf61cefca43e9a93f5639b,<PACKAGE_ROOT>\Documents\Codex\TMC1_R2_Scratch_20260929\03_compute\formal_forward_v2_resume124\ligands\LIB_VULLSLYDWNGNKZ.pdbqt,fb0fc967471ea0ea3f13d8318ab9c4f05a6e43f833565e11571c6ba9cf3fa259,2.386
LIB_IELVEPMRFQCOKL,ChEMBL,CHEMBL1077082,CHEMBL1077082,https://www.ebi.ac.uk/chembl/compound_report_card/CHEMBL1077082/,C/C=C(\C)C(=O)O[C@@H]1[C@@H]2OC[C@]3(C)[C@H](OC(C)=O)C[C@H](O)[C@@](C)([C@@H]23)[C@H]2C[C@H](OC)O[C@H]3C[C@@H](C4=CCOC4=O)C(C)=C3[C@]12C,C/C=C(\C)C(=O)O[C@@H]1[C@@H]2OC[C@]3(C)[C@H](OC(C)=O)C[C@H](O)[C@@](C)([C@@H]23)[C@H]2C[C@H](OC)O[C@H]3C[C@@H](C4=CCOC4=O)C(C)=C3[C@]12C,CC=C(C)C(=O)OC1C2OCC3(C)C(OC(C)=O)CC(O)C(C)(C23)C2CC(OC)OC3CC(C4=CCOC4=O)C(C)=C3C12C,IELVEPMRFQCOKL-DBGUIWQXSA-N,IELVEPMRFQCOKL,eligible,614.732,3.805,126.82,1,10,5,44,6,0.2115,0,1,1,False,predicted,eligible,False,[],1,C/C=C(\C)C(=O)O[C@@H]1[C@@H]2OC[C@]3(C)[C@H](OC(C)=O)C[C@H](O)[C@@](C)([C@@H]23)[C@H]2C[C@H](OC)O[C@H]3C[C@@H](C4=CCOC4=O)C(C)=C3[C@]12C,IELVEPMRFQCOKL-DBGUIWQXSA-N,False,[],[],False,False,O=C1OCC=C1C1C=C2C(C1)OCCC1C2CC2OCC3CCCC1C32,-8.672592163085938,-7.588649749755859,1.0415312051773071,0.23853211009174313,True,descriptor_ridge,2026-09-28T20:41:06.029954+00:00,C/C=C(\C)C(=O)O[C@@H]1[C@@H]2OC[C@]3(C)[C@H](OC(C)=O)C[C@H](O)[C@@](C)([C@@H]23)[C@H]2C[C@H](OC)O[C@H]3C[C@@H](C4=CCOC4=O)C(C)=C3[C@]12C,IELVEPMRFQCOKL-DBGUIWQXSA-N,IELVEPMRFQCOKL-DBGUIWQXSA-N,[],[],exchangeable_tertiary_ring_NH_and_full_potential_stereo_v3_20260929,8,8,107.80968493263954,7,C/C=C(\C)C(=O)O[C@@H]1[C@@H]2OC[C@]3(C)[C@H](OC(C)=O)C[C@H](O)[C@@](C)([C@@H]23)[C@H]2C[C@H](OC)O[C@H]3C[C@@H](C4=CCOC4=O)C(C)=C3[C@]12C,True,True,C/C=C(\C)C(=O)O[C@@H]1[C@@H]2OC[C@]3(C)[C@H](OC(C)=O)C[C@H](O)[C@@](C)([C@@H]23)[C@H]2C[C@H](OC)O[C@H]3C[C@@H](C4=CCOC4=O)C(C)=C3[C@]12C,True,True,prepared,<PACKAGE_ROOT>\Documents\Codex\TMC1_R2_Scratch_20260929\03_compute\formal_forward_v2_resume124\ligands\LIB_IELVEPMRFQCOKL.sdf,e6e94ed7c81fc6ece935392b3cfad613c760ea125e61ed5e85742959a130257f,<PACKAGE_ROOT>\Documents\Codex\TMC1_R2_Scratch_20260929\03_compute\formal_forward_v2_resume124\ligands\LIB_IELVEPMRFQCOKL.pdbqt,dc0050479d43be0ebf6182cc4dac237154cd0b39b87212cb245295cb105b51a1,3.821
LIB_GMJDBOQFBWJYSY,ChEMBL,CHEMBL1077094,CHEMBL1077094,https://www.ebi.ac.uk/chembl/compound_report_card/CHEMBL1077094/,C=C1[C@@H]2C[C@]3(O)[C@H]4O[C@]45C=CC(=O)OC(C)(C)[C@@H]5[C@H](OC(C)=O)C[C@H]3[C@]2(C)CC[C@@]1(O)[C@@H](C)[C@H]1CC=C(C)C(=O)O1,C=C1[C@@H]2C[C@]3(O)[C@H]4O[C@]45C=CC(=O)OC(C)(C)[C@@H]5[C@H](OC(C)=O)C[C@H]3[C@]2(C)CC[C@@]1(O)[C@@H](C)[C@H]1CC=C(C)C(=O)O1,C=C1C2CC3(O)C(CC(OC(C)=O)C4C(C)(C)OC(=O)C=CC45OC35)C2(C)CCC1(O)C(C)C1CC=C(C)C(=O)O1,GMJDBOQFBWJYSY-GBXIHFCFSA-N,GMJDBOQFBWJYSY,eligible,570.679,3.32,131.89,2,9,3,41,6,0.227,0,1,1,False,predicted,eligible,False,[],1,C=C1[C@@H]2C[C@]3(O)[C@H]4O[C@]45C=CC(=O)OC(C)(C)[C@@H]5[C@H](OC(C)=O)C[C@H]3[C@]2(C)CC[C@@]1(O)[C@@H](C)[C@H]1CC=C(C)C(=O)O1,GMJDBOQFBWJYSY-GBXIHFCFSA-N,False,[],[],False,False,C=C1C(CC2CC=CC(=O)O2)CCC2C1CC1C2CCC2COC(=O)C=CC23OC13,-8.66655445098877,-7.68609094619751,0.5726962089538574,0.21495327102803738,True,descriptor_ridge,2026-09-28T20:41:09.852849+00:00,C=C1[C@@H]2C[C@]3(O)[C@H]4O[C@]45C=CC(=O)OC(C)(C)[C@@H]5[C@H](OC(C)=O)C[C@H]3[C@]2(C)CC[C@@]1(O)[C@@H](C)[C@H]1CC=C(C)C(=O)O1,GMJDBOQFBWJYSY-GBXIHFCFSA-N,GMJDBOQFBWJYSY-GBXIHFCFSA-N,[],[],exchangeable_tertiary_ring_NH_and_full_potential_stereo_v3_20260929,10,10,116.8048134425054,2,C=C1[C@@H]2C[C@]3(O)[C@H]4O[C@]45C=CC(=O)OC(C)(C)[C@@H]5[C@H](OC(C)=O)C[C@H]3[C@]2(C)CC[C@@]1(O)[C@@H](C)[C@H]1CC=C(C)C(=O)O1,True,True,C=C1[C@@H]2C[C@]3(O)[C@H]4O[C@]45C=CC(=O)OC(C)(C)[C@@H]5[C@H](OC(C)=O)C[C@H]3[C@]2(C)CC[C@@]1(O)[C@@H](C)[C@H]1CC=C(C)C(=O)O1,True,True,prepared,<PACKAGE_ROOT>\Documents\Codex\TMC1_R2_Scratch_20260929\03_compute\formal_forward_v2_resume124\ligands\LIB_GMJDBOQFBWJYSY.sdf,79443cd9a235dbdd0f3aa01698503d1ff446320ff1d759b853698361530ed289,<PACKAGE_ROOT>\Documents\Codex\TMC1_R2_Scratch_20260929\03_compute\formal_forward_v2_resume124\ligands\LIB_GMJDBOQFBWJYSY.pdbqt,44c46960d6744164c23d8d0c4df309bbd048178de2e6277b5123eeff1e3b97be,4.482
LIB_IUVCFHHAEHNCFT,ChEMBL,CHEMBL3948730,CHEMBL3948730;CHEMBL3989869,https://www.ebi.ac.uk/chembl/compound_report_card/CHEMBL3948730/,CC(C)Oc1ccc(-c2nn([C@@H](C)c3oc4ccc(F)cc4c(=O)c3-c3cccc(F)c3)c3ncnc(N)c23)cc1F,CC(C)Oc1ccc(-c2nn([C@@H](C)c3oc4ccc(F)cc4c(=O)c3-c3cccc(F)c3)c3ncnc(N)c23)cc1F,CC(C)Oc1ccc(-c2nn(C(C)c3oc4ccc(F)cc4c(=O)c3-c3cccc(F)c3)c3ncnc(N)c23)cc1F,IUVCFHHAEHNCFT-INIZCTEOSA-N,IUVCFHHAEHNCFT,eligible,571.559,6.663,109.06,1,7,6,42,6,0.238,0,2,1,False,predicted,eligible,False,[],1,CC(C)Oc1ccc(-c2nn([C@@H](C)c3oc4ccc(F)cc4c(=O)c3-c3cccc(F)c3)c3ncnc(N)c23)cc1F,IUVCFHHAEHNCFT-INIZCTEOSA-N,False,[],[],False,False,O=c1c(-c2ccccc2)c(Cn2nc(-c3ccccc3)c3cncnc32)oc2ccccc12,-8.662425994873047,-8.00306510925293,0.7474082708358765,0.26436781609195403,True,descriptor_ridge,2026-09-28T20:41:14.336172+00:00,CC(C)Oc1ccc(-c2nn([C@@H](C)c3oc4ccc(F)cc4c(=O)c3-c3cccc(F)c3)c3ncnc(N)c23)cc1F,IUVCFHHAEHNCFT-INIZCTEOSA-N,IUVCFHHAEHNCFT-INIZCTEOSA-N,[],[],exchangeable_tertiary_ring_NH_and_full_potential_stereo_v3_20260929,10,10,76.85040923176942,8,CC(C)Oc1ccc(-c2nn([C@@H](C)c3oc4ccc(F)cc4c(=O)c3-c3cccc(F)c3)c3ncnc(N)c23)cc1F,True,True,CC(C)Oc1ccc(-c2nn([C@@H](C)c3oc4ccc(F)cc4c(=O)c3-c3cccc(F)c3)c3ncnc(N)c23)cc1F,True,True,prepared,<PACKAGE_ROOT>\Documents\Codex\TMC1_R2_Scratch_20260929\03_compute\formal_forward_v2_resume124\ligands\LIB_IUVCFHHAEHNCFT.sdf,8269f427c8d2d46c1b52768e4da1561d02c4b160f9ce6fd8e712c5d0da39038f,<PACKAGE_ROOT>\Documents\Codex\TMC1_R2_Scratch_20260929\03_compute\formal_forward_v2_resume124\ligands\LIB_IUVCFHHAEHNCFT.pdbqt,997f67988d1fec1b2be6374c4e8544be31004ab151578cb459cca3c492914e9b,1.386
LIB_ZRXGKCCYQOMSJI,ChEMBL,CHEMBL1077319,CHEMBL1077319,https://www.ebi.ac.uk/chembl/compound_report_card/CHEMBL1077319/,Cn1cccc1-c1nc2cc(C(=O)N[C@@H](Cc3c[nH]c4ccc(O)cc34)c3cscn3)ccc2n1C1CCCCC1,Cn1cccc1-c1nc2cc(C(=O)N[C@@H](Cc3c[nH]c4ccc(O)cc34)c3cscn3)ccc2n1C1CCCCC1,Cn1cccc1-c1nc2cc(C(=O)NC(Cc3c[nH]c4ccc(O)cc34)c3cscn3)ccc2n1C1CCCCC1,ZRXGKCCYQOMSJI-SANMLTNESA-N,ZRXGKCCYQOMSJI,eligible,564.715,6.904,100.76,3,5,7,41,7,0.1962,0,1,1,False,predicted,eligible,False,[],1,Cn1cccc1-c1nc2cc(C(=O)N[C@@H](Cc3c[nH]c4ccc([O-])cc34)c3cscn3)ccc2n1C1CCCCC1,ZRXGKCCYQOMSJI-SANMLTNESA-M,False,[],[],False,False,O=C(NC(Cc1c[nH]c2ccccc12)c1cscn1)c1ccc2c(c1)nc(-c1ccc[nH]1)n2C1CCCCC1,-8.658900260925293,-8.050461769104004,0.8540955185890198,0.25806451612903225,True,descriptor_ridge,2026-09-28T20:41:15.723134+00:00,Cn1cccc1-c1nc2cc(C(=O)N[C@@H](Cc3c[nH]c4ccc(O)cc34)c3cscn3)ccc2n1C1CCCCC1,ZRXGKCCYQOMSJI-SANMLTNESA-N,ZRXGKCCYQOMSJI-SANMLTNESA-M,[],[],exchangeable_tertiary_ring_NH_and_full_potential_stereo_v3_20260929,10,10,18.768702105062932,4,Cn1cccc1-c1nc2cc(C(=O)N[C@@H](Cc3c[nH]c4ccc([O-])cc34)c3cscn3)ccc2n1C1CCCCC1,True,True,Cn1cccc1-c1nc2cc(C(=O)N[C@@H](Cc3c[nH]c4ccc([O-])cc34)c3cscn3)ccc2n1C1CCCCC1,True,True,prepared,<PACKAGE_ROOT>\Documents\Codex\TMC1_R2_Scratch_20260929\03_compute\formal_forward_v2_resume124\ligands\LIB_ZRXGKCCYQOMSJI.sdf,eb53320d0a4d69a1b5002d476773a11cc374f119b6171d0a35beeedcf29c7f1f,<PACKAGE_ROOT>\Documents\Codex\TMC1_R2_Scratch_20260929\03_compute\formal_forward_v2_resume124\ligands\LIB_ZRXGKCCYQOMSJI.pdbqt,442d36c678b0ab64dc13be79815beaedf383a64242fe27c9f6d385c3a1686a0b,1.86
LIB_CTJUVPHBVVMJHR,ChEMBL,CHEMBL1077321,CHEMBL1077321,https://www.ebi.ac.uk/chembl/compound_report_card/CHEMBL1077321/,O=C(N[C@@H](Cc1c[nH]c2ccc(O)cc12)c1cscn1)c1ccc2c(c1)nc(-c1ccccn1)n2C1CCCCC1,O=C(N[C@@H](Cc1c[nH]c2ccc(O)cc12)c1cscn1)c1ccc2c(c1)nc(-c1ccccn1)n2C1CCCCC1,O=C(NC(Cc1c[nH]c2ccc(O)cc12)c1cscn1)c1ccc2c(c1)nc(-c1ccccn1)n2C1CCCCC1,CTJUVPHBVVMJHR-MHZLTWQESA-N,CTJUVPHBVVMJHR,eligible,562.699,6.961,108.72,3,6,7,41,7,0.1949,0,1,1,False,predicted,eligible,False,[],1,O=C(N[C@@H](Cc1c[nH]c2ccc([O-])cc12)c1cscn1)c1ccc2c(c1)nc(-c1ccccn1)n2C1CCCCC1,CTJUVPHBVVMJHR-MHZLTWQESA-M,False,[],[],False,False,O=C(NC(Cc1c[nH]c2ccccc12)c1cscn1)c1ccc2c(c1)nc(-c1ccccn1)n2C1CCCCC1,-8.656843185424805,-7.93630313873291,0.901500940322876,0.25,True,descriptor_ridge,2026-09-28T20:41:17.584132+00:00,O=C(N[C@@H](Cc1c[nH]c2ccc(O)cc12)c1cscn1)c1ccc2c(c1)nc(-c1ccccn1)n2C1CCCCC1,CTJUVPHBVVMJHR-MHZLTWQESA-N,CTJUVPHBVVMJHR-MHZLTWQESA-M,[],[],exchangeable_tertiary_ring_NH_and_full_potential_stereo_v3_20260929,10,10,50.596470344595076,8,O=C(N[C@@H](Cc1c[nH]c2ccc([O-])cc12)c1cscn1)c1ccc2c(c1)nc(-c1ccccn1)n2C1CCCCC1,True,True,O=C(N[C@@H](Cc1c[nH]c2ccc([O-])cc12)c1cscn1)c1ccc2c(c1)nc(-c1ccccn1)n2C1CCCCC1,True,True,prepared,<PACKAGE_ROOT>\Documents\Codex\TMC1_R2_Scratch_20260929\03_compute\formal_forward_v2_resume124\ligands\LIB_CTJUVPHBVVMJHR.sdf,e80628976bf5e30f5a3502cde8690a0074564967bb920f30bfb896caac122401,<PACKAGE_ROOT>\Documents\Codex\TMC1_R2_Scratch_20260929\03_compute\formal_forward_v2_resume124\ligands\LIB_CTJUVPHBVVMJHR.pdbqt,32597af7bb7f927bbe2f1a1b5dc2212482260daf12a1ab942c1517d594ab78b0,1.651
LIB_PWPRVHILSMCPLW,ChEMBL,CHEMBL108190,CHEMBL108190,https://www.ebi.ac.uk/chembl/compound_report_card/CHEMBL108190/,Cn1nnnc1-c1ccccc1-c1ccc(Cn2cnc3ccc(N(CC(=O)c4ccco4)C(=O)c4ccccc4)cc3c2=O)cc1,Cn1nnnc1-c1ccccc1-c1ccc(Cn2cnc3ccc(N(CC(=O)c4ccco4)C(=O)c4ccccc4)cc3c2=O)cc1,Cn1nnnc1-c1ccccc1-c1ccc(Cn2cnc3ccc(N(CC(=O)c4ccco4)C(=O)c4ccccc4)cc3c2=O)cc1,PWPRVHILSMCPLW-UHFFFAOYSA-N,PWPRVHILSMCPLW,eligible,621.657,5.425,129.01,0,8,9,47,7,0.1954,0,1,1,False,predicted,eligible,False,[],1,Cn1nnnc1-c1ccccc1-c1ccc(Cn2cnc3ccc(N(CC(=O)c4ccco4)C(=O)c4ccccc4)cc3c2=O)cc1,PWPRVHILSMCPLW-UHFFFAOYSA-N,False,[],[],False,False,O=C(CN(C(=O)c1ccccc1)c1ccc2ncn(Cc3ccc(-c4ccccc4-c4nnn[nH]4)cc3)c(=O)c2c1)c1ccco1,-8.656654357910156,-7.801761627197266,0.6928759813308716,0.2543859649122807,True,descriptor_ridge,2026-09-28T20:41:19.235789+00:00,Cn1nnnc1-c1ccccc1-c1ccc(Cn2cnc3ccc(N(CC(=O)c4ccco4)C(=O)c4ccccc4)cc3c2=O)cc1,PWPRVHILSMCPLW-UHFFFAOYSA-N,PWPRVHILSMCPLW-UHFFFAOYSA-N,[],[],exchangeable_tertiary_ring_NH_and_full_potential_stereo_v3_20260929,10,10,105.73827998571676,6,Cn1nnnc1-c1ccccc1-c1ccc(Cn2cnc3ccc(N(CC(=O)c4ccco4)C(=O)c4ccccc4)cc3c2=O)cc1,True,True,Cn1nnnc1-c1ccccc1-c1ccc(Cn2cnc3ccc(N(CC(=O)c4ccco4)C(=O)c4ccccc4)cc3c2=O)cc1,True,True,prepared,<PACKAGE_ROOT>\Documents\Codex\TMC1_R2_Scratch_20260929\03_compute\formal_forward_v2_resume124\ligands\LIB_PWPRVHILSMCPLW.sdf,7a2438bc24d9fc1a196405c8e15d832517f4946f0c591237480b07645dcd1acb,<PACKAGE_ROOT>\Documents\Codex\TMC1_R2_Scratch_20260929\03_compute\formal_forward_v2_resume124\ligands\LIB_PWPRVHILSMCPLW.pdbqt,afe51bf90f040c1f9ac78f958357b3b0ba21165ec55a717f574ae0db4bed76e7,1.514
LIB_GMMYKYNDSYLONO,ChEMBL,CHEMBL1077450,CHEMBL1077450,https://www.ebi.ac.uk/chembl/compound_report_card/CHEMBL1077450/,C=C1CCC[C@H]2[C@@]1(C)[C@@H](OC(=O)c1ccccc1)[C@H](O)[C@]1(C)O[C@@]3(COC(=O)C3)C[C@H](OC(=O)c3cccnc3)[C@]21C,C=C1CCC[C@H]2[C@@]1(C)[C@@H](OC(=O)c1ccccc1)[C@H](O)[C@]1(C)O[C@@]3(COC(=O)C3)C[C@H](OC(=O)c3cccnc3)[C@]21C,C=C1CCCC2C1(C)C(OC(=O)c1ccccc1)C(O)C1(C)OC3(COC(=O)C3)CC(OC(=O)c3cccnc3)C21C,GMMYKYNDSYLONO-GRTFKUIQSA-N,GMMYKYNDSYLONO,eligible,575.658,4.441,121.25,1,9,4,42,6,0.3204,0,1,1,False,predicted,eligible,False,[],1,C=C1CCC[C@H]2[C@@]1(C)[C@@H](OC(=O)c1ccccc1)[C@H](O)[C@]1(C)O[C@@]3(COC(=O)C3)C[C@H](OC(=O)c3cccnc3)[C@]21C,GMMYKYNDSYLONO-GRTFKUIQSA-N,False,[],[],False,False,C=C1CCCC2C1C(OC(=O)c1ccccc1)CC1OC3(COC(=O)C3)CC(OC(=O)c3cccnc3)C12,-8.653924942016602,-8.088529586791992,0.7230857610702515,0.24770642201834864,True,descriptor_ridge,2026-09-28T20:41:20.751197+00:00,C=C1CCC[C@H]2[C@@]1(C)[C@@H](OC(=O)c1ccccc1)[C@H](O)[C@]1(C)O[C@@]3(COC(=O)C3)C[C@H](OC(=O)c3cccnc3)[C@]21C,GMMYKYNDSYLONO-GRTFKUIQSA-N,GMMYKYNDSYLONO-GRTFKUIQSA-N,[],[],exchangeable_tertiary_ring_NH_and_full_potential_stereo_v3_20260929,10,10,178.78095044570833,9,C=C1CCC[C@H]2[C@@]1(C)[C@@H](OC(=O)c1ccccc1)[C@H](O)[C@]1(C)O[C@@]3(COC(=O)C3)C[C@H](OC(=O)c3cccnc3)[C@]21C,True,True,C=C1CCC[C@H]2[C@@]1(C)[C@@H](OC(=O)c1ccccc1)[C@H](O)[C@]1(C)O[C@@]3(COC(=O)C3)C[C@H](OC(=O)c3cccnc3)[C@]21C,True,True,prepared,<PACKAGE_ROOT>\Documents\Codex\TMC1_R2_Scratch_20260929\03_compute\formal_forward_v2_resume124\ligands\LIB_GMMYKYNDSYLONO.sdf,7b5b0c97e62d024a17c3011968924a7e7d89424e91688886059a91bbf63ede65,<PACKAGE_ROOT>\Documents\Codex\TMC1_R2_Scratch_20260929\03_compute\formal_forward_v2_resume124\ligands\LIB_GMMYKYNDSYLONO.pdbqt,472cb977fe43d7779a163492898ae00fc73c84396123df47e526800e005e72f8,2.372
LIB_WFFUGMCEOIJHMN,ChEMBL,CHEMBL1077449,CHEMBL1077449,https://www.ebi.ac.uk/chembl/compound_report_card/CHEMBL1077449/,CC1=CCC[C@H]2[C@@]1(C)[C@@H](OC(=O)c1ccccc1)[C@H](O)[C@]1(C)O[C@@]3(COC(=O)C3)C[C@H](OC(=O)c3cccnc3)[C@]21C,CC1=CCC[C@H]2[C@@]1(C)[C@@H](OC(=O)c1ccccc1)[C@H](O)[C@]1(C)O[C@@]3(COC(=O)C3)C[C@H](OC(=O)c3cccnc3)[C@]21C,CC1=CCCC2C1(C)C(OC(=O)c1ccccc1)C(O)C1(C)OC3(COC(=O)C3)CC(OC(=O)c3cccnc3)C21C,WFFUGMCEOIJHMN-GRTFKUIQSA-N,WFFUGMCEOIJHMN,eligible,575.658,4.441,121.25,1,9,4,42,6,0.3204,0,1,1,False,predicted,eligible,False,[],1,CC1=CCC[C@H]2[C@@]1(C)[C@@H](OC(=O)c1ccccc1)[C@H](O)[C@]1(C)O[C@@]3(COC(=O)C3)C[C@H](OC(=O)c3cccnc3)[C@]21C,WFFUGMCEOIJHMN-GRTFKUIQSA-N,False,[],[],False,False,O=C1CC2(CO1)CC(OC(=O)c1cccnc1)C1C(CC(OC(=O)c3ccccc3)C3C=CCCC31)O2,-8.653924942016602,-8.06253433227539,0.7995697259902954,0.23636363636363636,True,descriptor_ridge,2026-09-28T20:41:23.125034+00:00,CC1=CCC[C@H]2[C@@]1(C)[C@@H](OC(=O)c1ccccc1)[C@H](O)[C@]1(C)O[C@@]3(COC(=O)C3)C[C@H](OC(=O)c3cccnc3)[C@]21C,WFFUGMCEOIJHMN-GRTFKUIQSA-N,WFFUGMCEOIJHMN-GRTFKUIQSA-N,[],[],exchangeable_tertiary_ring_NH_and_full_potential_stereo_v3_20260929,9,9,176.3599900542457,7,CC1=CCC[C@H]2[C@@]1(C)[C@@H](OC(=O)c1ccccc1)[C@H](O)[C@]1(C)O[C@@]3(COC(=O)C3)C[C@H](OC(=O)c3cccnc3)[C@]21C,True,True,CC1=CCC[C@H]2[C@@]1(C)[C@@H](OC(=O)c1ccccc1)[C@H](O)[C@]1(C)O[C@@]3(COC(=O)C3)C[C@H](OC(=O)c3cccnc3)[C@]21C,True,True,prepared,<PACKAGE_ROOT>\Documents\Codex\TMC1_R2_Scratch_20260929\03_compute\formal_forward_v2_resume124\ligands\LIB_WFFUGMCEOIJHMN.sdf,fbb82d77e8a990cd6083fbd3a9a0fd9434d6d6e06e109ab144cbfab00ae7662a,<PACKAGE_ROOT>\Documents\Codex\TMC1_R2_Scratch_20260929\03_compute\formal_forward_v2_resume124\ligands\LIB_WFFUGMCEOIJHMN.pdbqt,fb129e2a63c3382d242c761ca10c96560bbb6cacb0fa6cc4080b783011846fda,1.938
LIB_XSSPOOYIFPEICN,ChEMBL,CHEMBL1077064,CHEMBL1077064,https://www.ebi.ac.uk/chembl/compound_report_card/CHEMBL1077064/,C=C1[C@H]([C@@H](C)[C@H]2CC=C(C)C(=O)O2)CC[C@@]2(C)[C@@H]3C[C@@H](OC(C)=O)[C@H]4C(C)(C)OC(=O)C[C@H]5OO[C@]3(C[C@@H]12)C[C@]54O,C=C1[C@H]([C@@H](C)[C@H]2CC=C(C)C(=O)O2)CC[C@@]2(C)[C@@H]3C[C@@H](OC(C)=O)[C@H]4C(C)(C)OC(=O)C[C@H]5OO[C@]3(C[C@@H]12)C[C@]54O,C=C1C(C(C)C2CC=C(C)C(=O)O2)CCC2(C)C1CC13CC4(O)C(CC(=O)OC(C)(C)C4C(OC(C)=O)CC12)OO3,XSSPOOYIFPEICN-UBPUADAZSA-N,XSSPOOYIFPEICN,eligible,572.695,4.36,117.59,1,9,3,41,6,0.2278,0,1,1,False,predicted,eligible,False,[],1,C=C1[C@H]([C@@H](C)[C@H]2CC=C(C)C(=O)O2)CC[C@@]2(C)[C@@H]3C[C@@H](OC(C)=O)[C@H]4C(C)(C)OC(=O)C[C@H]5OO[C@]3(C[C@@H]12)C[C@]54O,XSSPOOYIFPEICN-UBPUADAZSA-N,False,[],[],False,False,C=C1C(CC2CC=CC(=O)O2)CCC2C1CC13CC4C(CCC21)COC(=O)CC4OO3,-8.65060043334961,-7.4929375648498535,0.9272185564041138,0.21428571428571427,True,descriptor_ridge,2026-09-28T20:41:25.063167+00:00,C=C1[C@H]([C@@H](C)[C@H]2CC=C(C)C(=O)O2)CC[C@@]2(C)[C@@H]3C[C@@H](OC(C)=O)[C@H]4C(C)(C)OC(=O)C[C@H]5OO[C@]3(C[C@@H]12)C[C@]54O,XSSPOOYIFPEICN-UBPUADAZSA-N,XSSPOOYIFPEICN-UBPUADAZSA-N,[],[],exchangeable_tertiary_ring_NH_and_full_potential_stereo_v3_20260929,10,10,143.46048744666916,4,C=C1[C@H]([C@@H](C)[C@H]2CC=C(C)C(=O)O2)CC[C@@]2(C)[C@@H]3C[C@@H](OC(C)=O)[C@H]4C(C)(C)OC(=O)C[C@H]5OO[C@]3(C[C@@H]12)C[C@]54O,True,True,C=C1[C@H]([C@@H](C)[C@H]2CC=C(C)C(=O)O2)CC[C@@]2(C)[C@@H]3C[C@@H](OC(C)=O)[C@H]4C(C)(C)OC(=O)C[C@H]5OO[C@]3(C[C@@H]12)C[C@]54O,True,True,prepared,<PACKAGE_ROOT>\Documents\Codex\TMC1_R2_Scratch_20260929\03_compute\formal_forward_v2_resume124\ligands\LIB_XSSPOOYIFPEICN.sdf,eea20c5558d89542e8bb97d6223480744bf2b9a306cc3d18f6146260de8696f4,<PACKAGE_ROOT>\Documents\Codex\TMC1_R2_Scratch_20260929\03_compute\formal_forward_v2_resume124\ligands\LIB_XSSPOOYIFPEICN.pdbqt,70afc342dfdc5e8bdd62f56d192eb68f6843c55f22411d0a22f3b7cd9b12cb89,3.221
LIB_GGEALBVZDVXUND,ChEMBL,CHEMBL1076476,CHEMBL1076476,https://www.ebi.ac.uk/chembl/compound_report_card/CHEMBL1076476/,Cc1ccc(NC(=O)c2cccc(C(F)(F)F)c2)cc1Nc1nc2ccccc2n1-c1cc(N2CCOCC2)ncn1,Cc1ccc(NC(=O)c2cccc(C(F)(F)F)c2)cc1Nc1nc2ccccc2n1-c1cc(N2CCOCC2)ncn1,Cc1ccc(NC(=O)c2cccc(C(F)(F)F)c2)cc1Nc1nc2ccccc2n1-c1cc(N2CCOCC2)ncn1,GGEALBVZDVXUND-UHFFFAOYSA-N,GGEALBVZDVXUND,eligible,573.579,5.975,97.2,2,7,6,42,6,0.2582,0,1,1,False,predicted,eligible,False,[],1,Cc1ccc(NC(=O)c2cccc(C(F)(F)F)c2)cc1Nc1nc2ccccc2n1-c1cc(N2CCOCC2)ncn1,GGEALBVZDVXUND-UHFFFAOYSA-N,False,[],[],False,False,O=C(Nc1cccc(Nc2nc3ccccc3n2-c2cc(N3CCOCC3)ncn2)c1)c1ccccc1,-8.646943092346191,-8.346980094909668,0.5382909774780273,0.2782608695652174,True,descriptor_ridge;AI_initial,2026-09-28T20:41:28.286406+00:00,Cc1ccc(NC(=O)c2cccc(C(F)(F)F)c2)cc1Nc1nc2ccccc2n1-c1cc(N2CCOCC2)ncn1,GGEALBVZDVXUND-UHFFFAOYSA-N,GGEALBVZDVXUND-UHFFFAOYSA-N,[],[],exchangeable_tertiary_ring_NH_and_full_potential_stereo_v3_20260929,9,9,107.62354361494741,5,Cc1ccc(NC(=O)c2cccc(C(F)(F)F)c2)cc1Nc1nc2ccccc2n1-c1cc(N2CCOCC2)ncn1,True,True,Cc1ccc(NC(=O)c2cccc(C(F)(F)F)c2)cc1Nc1nc2ccccc2n1-c1cc(N2CCOCC2)ncn1,True,True,prepared,<PACKAGE_ROOT>\Documents\Codex\TMC1_R2_Scratch_20260929\03_compute\formal_forward_v2_resume124\ligands\LIB_GGEALBVZDVXUND.sdf,967c4627cfd3e716faecd53e342d3dd2f5eb1d73063b9a5efe6a9cea9fbd888e,<PACKAGE_ROOT>\Documents\Codex\TMC1_R2_Scratch_20260929\03_compute\formal_forward_v2_resume124\ligands\LIB_GGEALBVZDVXUND.pdbqt,bbd255aff01b04f1241b0ebfe616ce58c99512bc80fe10e670326f371021e1ea,1.252
LIB_WUMNNWDKNWWLGB,ChEMBL,CHEMBL1077066,CHEMBL1077066,https://www.ebi.ac.uk/chembl/compound_report_card/CHEMBL1077066/,C=C1[C@@H]2C[C@]3(O)C=C4C=CC(=O)OC(C)(C)[C@@H]4[C@H](OC(C)=O)C[C@H]3[C@]2(C)CC[C@@]1(O)[C@@H](C)[C@H]1CC=C(C)C(=O)O1,C=C1[C@@H]2C[C@]3(O)C=C4C=CC(=O)OC(C)(C)[C@@H]4[C@H](OC(C)=O)C[C@H]3[C@]2(C)CC[C@@]1(O)[C@@H](C)[C@H]1CC=C(C)C(=O)O1,C=C1C2CC3(O)C=C4C=CC(=O)OC(C)(C)C4C(OC(C)=O)CC3C2(C)CCC1(O)C(C)C1CC=C(C)C(=O)O1,WUMNNWDKNWWLGB-FZIMZWKVSA-N,WUMNNWDKNWWLGB,eligible,554.68,4.109,119.36,2,8,3,40,5,0.304,0,1,1,False,predicted,eligible,False,[],1,C=C1[C@@H]2C[C@]3(O)C=C4C=CC(=O)OC(C)(C)[C@@H]4[C@H](OC(C)=O)C[C@H]3[C@]2(C)CC[C@@]1(O)[C@@H](C)[C@H]1CC=C(C)C(=O)O1,WUMNNWDKNWWLGB-FZIMZWKVSA-N,False,[],[],False,False,C=C1C(CC2CC=CC(=O)O2)CCC2C1CC1C=C3C=CC(=O)OCC3CCC12,-8.63689136505127,-7.601685523986816,0.7139723896980286,0.20952380952380953,True,descriptor_ridge,2026-09-28T20:41:29.539343+00:00,C=C1[C@@H]2C[C@]3(O)C=C4C=CC(=O)OC(C)(C)[C@@H]4[C@H](OC(C)=O)C[C@H]3[C@]2(C)CC[C@@]1(O)[C@@H](C)[C@H]1CC=C(C)C(=O)O1,WUMNNWDKNWWLGB-FZIMZWKVSA-N,WUMNNWDKNWWLGB-FZIMZWKVSA-N,[],[],exchangeable_tertiary_ring_NH_and_full_potential_stereo_v3_20260929,10,10,119.9544908571491,5,C=C1[C@@H]2C[C@]3(O)C=C4C=CC(=O)OC(C)(C)[C@@H]4[C@H](OC(C)=O)C[C@H]3[C@]2(C)CC[C@@]1(O)[C@@H](C)[C@H]1CC=C(C)C(=O)O1,True,True,C=C1[C@@H]2C[C@]3(O)C=C4C=CC(=O)OC(C)(C)[C@@H]4[C@H](OC(C)=O)C[C@H]3[C@]2(C)CC[C@@]1(O)[C@@H](C)[C@H]1CC=C(C)C(=O)O1,True,True,prepared,<PACKAGE_ROOT>\Documents\Codex\TMC1_R2_Scratch_20260929\03_compute\formal_forward_v2_resume124\ligands\LIB_WUMNNWDKNWWLGB.sdf,365e7d639f952bf6d036ea5b4163066899da252f4155e94d4dc286f0f40f758a,<PACKAGE_ROOT>\Documents\Codex\TMC1_R2_Scratch_20260929\03_compute\formal_forward_v2_resume124\ligands\LIB_WUMNNWDKNWWLGB.pdbqt,8e4e2004b2f17fa6580384c9281cd958b5dbceb0becfbd572ecbe740802e8d1c,2.67
LIB_QDISWXTVLYHRCQ,ChEMBL,CHEMBL1076616,CHEMBL1076616,https://www.ebi.ac.uk/chembl/compound_report_card/CHEMBL1076616/,CC(=O)O[C@H]1[C@H](OC(=O)c2ccccc2)[C@@]2(C)[C@@H](OC(=O)/C=C/c3ccccc3)C[C@@H]3C[C@]2(OC3(C)C)[C@@](C)(O)[C@H]1OC(C)=O,CC(=O)O[C@H]1[C@H](OC(=O)c2ccccc2)[C@@]2(C)[C@@H](OC(=O)/C=C/c3ccccc3)C[C@@H]3C[C@]2(OC3(C)C)[C@@](C)(O)[C@H]1OC(C)=O,CC(=O)OC1C(OC(C)=O)C(C)(O)C23CC(CC(OC(=O)C=Cc4ccccc4)C2(C)C1OC(=O)c1ccccc1)C(C)(C)O3,QDISWXTVLYHRCQ-PYVDIHNFSA-N,QDISWXTVLYHRCQ,eligible,620.695,4.429,134.66,1,10,7,45,5,0.2692,0,1,1,False,predicted,eligible,False,[],1,CC(=O)O[C@H]1[C@H](OC(=O)c2ccccc2)[C@@]2(C)[C@@H](OC(=O)/C=C/c3ccccc3)C[C@@H]3C[C@]2(OC3(C)C)[C@@](C)(O)[C@H]1OC(C)=O,QDISWXTVLYHRCQ-PYVDIHNFSA-N,False,[],[],False,False,O=C(C=Cc1ccccc1)OC1CC2COC3(CCCC(OC(=O)c4ccccc4)C13)C2,-8.630899429321289,-7.990197658538818,0.7866184711456299,0.23300970873786409,True,descriptor_ridge,2026-09-28T20:41:32.211198+00:00,CC(=O)O[C@H]1[C@H](OC(=O)c2ccccc2)[C@@]2(C)[C@@H](OC(=O)/C=C/c3ccccc3)C[C@@H]3C[C@]2(OC3(C)C)[C@@](C)(O)[C@H]1OC(C)=O,QDISWXTVLYHRCQ-PYVDIHNFSA-N,QDISWXTVLYHRCQ-PYVDIHNFSA-N,[],[],exchangeable_tertiary_ring_NH_and_full_potential_stereo_v3_20260929,9,9,136.03212376970453,8,CC(=O)O[C@H]1[C@H](OC(=O)c2ccccc2)[C@@]2(C)[C@@H](OC(=O)/C=C/c3ccccc3)C[C@@H]3C[C@]2(OC3(C)C)[C@@](C)(O)[C@H]1OC(C)=O,True,True,CC(=O)O[C@H]1[C@H](OC(=O)c2ccccc2)[C@@]2(C)[C@@H](OC(=O)/C=C/c3ccccc3)C[C@@H]3C[C@]2(OC3(C)C)[C@@](C)(O)[C@H]1OC(C)=O,True,True,prepared,<PACKAGE_ROOT>\Documents\Codex\TMC1_R2_Scratch_20260929\03_compute\formal_forward_v2_resume124\ligands\LIB_QDISWXTVLYHRCQ.sdf,8b3abcc8476d94a7d50182f3948fbf3d81f4a2190a632d065fd2b980ffe4da6c,<PACKAGE_ROOT>\Documents\Codex\TMC1_R2_Scratch_20260929\03_compute\formal_forward_v2_resume124\ligands\LIB_QDISWXTVLYHRCQ.pdbqt,efc2c1d347c9040cfd37318fac54d87199b548bba2a32bf866dc0209668c38e8,2.982
LIB_FYGSMJAMPMZYFS,ChEMBL,CHEMBL1079285,CHEMBL1079285,https://www.ebi.ac.uk/chembl/compound_report_card/CHEMBL1079285/,C[C@@H]1CC[C@]2(C(=O)O)CC[C@]3(C)C(=CC[C@@H]4[C@@]5(C)C[C@@H](O)[C@H](O)[C@@](C)(C(=O)O)[C@@H]5CC[C@]43C)[C@@H]2[C@]1(C)O,C[C@@H]1CC[C@]2(C(=O)O)CC[C@]3(C)C(=CC[C@@H]4[C@@]5(C)C[C@@H](O)[C@H](O)[C@@](C)(C(=O)O)[C@@H]5CC[C@]43C)[C@@H]2[C@]1(C)O,CC1CCC2(C(=O)O)CCC3(C)C(=CCC4C5(C)CC(O)C(O)C(C)(C(=O)O)C5CCC43C)C2C1(C)O,FYGSMJAMPMZYFS-LQXQUUHISA-N,FYGSMJAMPMZYFS,eligible,518.691,4.24,135.29,5,5,2,37,5,0.3451,0,1,1,False,predicted,eligible,False,[],1,C[C@@H]1CC[C@]2(C(=O)[O-])CC[C@]3(C)C(=CC[C@@H]4[C@@]5(C)C[C@@H](O)[C@H](O)[C@@](C)(C(=O)[O-])[C@@H]5CC[C@]43C)[C@@H]2[C@]1(C)O,FYGSMJAMPMZYFS-LQXQUUHISA-L,False,[],[],False,False,C1=C2C3CCCCC3CCC2C2CCC3CCCCC3C2C1,-8.619379043579102,-7.439927577972412,1.02225661277771,0.23809523809523808,True,descriptor_ridge,2026-09-28T20:41:35.193793+00:00,C[C@@H]1CC[C@]2(C(=O)O)CC[C@]3(C)C(=CC[C@@H]4[C@@]5(C)C[C@@H](O)[C@H](O)[C@@](C)(C(=O)O)[C@@H]5CC[C@]43C)[C@@H]2[C@]1(C)O,FYGSMJAMPMZYFS-LQXQUUHISA-N,FYGSMJAMPMZYFS-LQXQUUHISA-L,[],[],exchangeable_tertiary_ring_NH_and_full_potential_stereo_v3_20260929,9,9,199.0141029397472,2,C[C@@H]1CC[C@]2(C(=O)[O-])CC[C@]3(C)C(=CC[C@@H]4[C@@]5(C)C[C@@H](O)[C@H](O)[C@@](C)(C(=O)[O-])[C@@H]5CC[C@]43C)[C@@H]2[C@]1(C)O,True,True,C[C@@H]1CC[C@]2(C(=O)[O-])CC[C@]3(C)C(=CC[C@@H]4[C@@]5(C)C[C@@H](O)[C@H](O)[C@@](C)(C(=O)[O-])[C@@H]5CC[C@]43C)[C@@H]2[C@]1(C)O,True,True,prepared,<PACKAGE_ROOT>\Documents\Codex\TMC1_R2_Scratch_20260929\03_compute\formal_forward_v2_resume124\ligands\LIB_FYGSMJAMPMZYFS.sdf,2c8706c21986d8e243e8407fd79156929ed42414972ebce55c62e77d3f7e9a76,<PACKAGE_ROOT>\Documents\Codex\TMC1_R2_Scratch_20260929\03_compute\formal_forward_v2_resume124\ligands\LIB_FYGSMJAMPMZYFS.pdbqt,047911b4ce0ed9a698efcad3473860fabb6d284b72367996583c4feacb1f34c2,3.139
LIB_VUXZIMAQBPJZQB,ChEMBL,CHEMBL1076610,CHEMBL1076610,https://www.ebi.ac.uk/chembl/compound_report_card/CHEMBL1076610/,CC(=O)O[C@H]1[C@H](OC(=O)c2ccccc2)[C@@]2(C)[C@@H](OC(=O)c3ccccc3)C[C@@H]3[C@@H](OC(C)=O)[C@]2(OC3(C)C)[C@@](C)(O)[C@H]1O,CC(=O)O[C@H]1[C@H](OC(=O)c2ccccc2)[C@@]2(C)[C@@H](OC(=O)c3ccccc3)C[C@@H]3[C@@H](OC(C)=O)[C@]2(OC3(C)C)[C@@](C)(O)[C@H]1O,CC(=O)OC1C(O)C(C)(O)C23OC(C)(C)C(CC(OC(=O)c4ccccc4)C2(C)C1OC(=O)c1ccccc1)C3OC(C)=O,VUXZIMAQBPJZQB-YIBJYTJTSA-N,VUXZIMAQBPJZQB,eligible,610.656,3.0,154.89,2,11,6,44,5,0.3664,0,1,1,False,predicted,eligible,False,[],1,CC(=O)O[C@H]1[C@H](OC(=O)c2ccccc2)[C@@]2(C)[C@@H](OC(=O)c3ccccc3)C[C@@H]3[C@@H](OC(C)=O)[C@]2(OC3(C)C)[C@@](C)(O)[C@H]1O,VUXZIMAQBPJZQB-YIBJYTJTSA-N,False,[],[],False,False,O=C(OC1CCCC23CC(CO2)CC(OC(=O)c2ccccc2)C13)c1ccccc1,-8.612812042236328,-7.965533256530762,0.7371352314949036,0.25806451612903225,True,descriptor_ridge,2026-09-28T20:41:38.335337+00:00,CC(=O)O[C@H]1[C@H](OC(=O)c2ccccc2)[C@@]2(C)[C@@H](OC(=O)c3ccccc3)C[C@@H]3[C@@H](OC(C)=O)[C@]2(OC3(C)C)[C@@](C)(O)[C@H]1O,VUXZIMAQBPJZQB-YIBJYTJTSA-N,VUXZIMAQBPJZQB-YIBJYTJTSA-N,[],[],exchangeable_tertiary_ring_NH_and_full_potential_stereo_v3_20260929,8,8,178.8089387497484,2,CC(=O)O[C@H]1[C@H](OC(=O)c2ccccc2)[C@@]2(C)[C@@H](OC(=O)c3ccccc3)C[C@@H]3[C@@H](OC(C)=O)[C@]2(OC3(C)C)[C@@](C)(O)[C@H]1O,True,True,CC(=O)O[C@H]1[C@H](OC(=O)c2ccccc2)[C@@]2(C)[C@@H](OC(=O)c3ccccc3)C[C@@H]3[C@@H](OC(C)=O)[C@]2(OC3(C)C)[C@@](C)(O)[C@H]1O,True,True,prepared,<PACKAGE_ROOT>\Documents\Codex\TMC1_R2_Scratch_20260929\03_compute\formal_forward_v2_resume124\ligands\LIB_VUXZIMAQBPJZQB.sdf,7b192bbecad197ca989a6eedab1f30755052161948cf9642b15269ee4f48148a,<PACKAGE_ROOT>\Documents\Codex\TMC1_R2_Scratch_20260929\03_compute\formal_forward_v2_resume124\ligands\LIB_VUXZIMAQBPJZQB.pdbqt,887a8144ad5bf6291b7610006ae5a17a5111d4a77c82dbedf2804b678ee0aea2,2.367
LIB_QTVNFRLKAGKBPS,ChEMBL,CHEMBL103421,CHEMBL103421,https://www.ebi.ac.uk/chembl/compound_report_card/CHEMBL103421/,CCN1CCOCCN(CC)CCn2cc(c3ccccc32)C2=C(C(=O)NC2=O)c2cn(c3ccccc23)CCOCC1,CCN1CCOCCN(CC)CCn2cc(c3ccccc32)C2=C(C(=O)NC2=O)c2cn(c3ccccc23)CCOCC1,CCN1CCOCCN(CC)CCn2cc(c3ccccc32)C2=C(C(=O)NC2=O)c2cn(c3ccccc23)CCOCC1,QTVNFRLKAGKBPS-UHFFFAOYSA-N,QTVNFRLKAGKBPS,eligible,583.733,3.854,80.97,1,6,2,43,6,0.3614,0,1,1,False,predicted,eligible,False,[],1,CC[NH+]1CCOCCn2cc(c3ccccc32)C2=C(C(=O)NC2=O)c2cn(c3ccccc23)CC[NH+](CC)CCOCC1,QTVNFRLKAGKBPS-UHFFFAOYSA-P,True,"[[""Atom_Tetrahedral"", 2], [""Atom_Tetrahedral"", 35]]","[2, 35]",False,True,O=C1NC(=O)C2=C1c1cn(c3ccccc13)CC[NH2+]CCOCC[NH2+]CCOCCn1cc2c2ccccc21,-8.607124328613281,-7.953588008880615,0.7505888342857361,0.26666666666666666,True,descriptor_ridge,2026-09-28T20:41:40.702787+00:00,CCN1CCOCCN(CC)CCn2cc(c3ccccc32)C2=C(C(=O)NC2=O)c2cn(c3ccccc23)CCOCC1,QTVNFRLKAGKBPS-UHFFFAOYSA-N,QTVNFRLKAGKBPS-UHFFFAOYSA-P,"[[""Atom_Tetrahedral"", 2], [""Atom_Tetrahedral"", 35]]","[2, 35]",exchangeable_tertiary_ring_NH_and_full_potential_stereo_v3_20260929,10,10,234.684109870007,0,CC[N@@H+]1CCOCCn2cc(c3ccccc32)C2=C(C(=O)NC2=O)c2cn(c3ccccc23)CC[N@H+](CC)CCOCC1,False,True,CC[N@@H+]1CCOCCn2cc(c3ccccc32)C2=C(C(=O)NC2=O)c2cn(c3ccccc23)CC[N@H+](CC)CCOCC1,False,True,prepared,<PACKAGE_ROOT>\Documents\Codex\TMC1_R2_Scratch_20260929\03_compute\formal_forward_v2_resume124\ligands\LIB_QTVNFRLKAGKBPS.sdf,42770944f4b1786f558f7bc8e9b924f834f5c4a565042a62600de13fb040ddae,<PACKAGE_ROOT>\Documents\Codex\TMC1_R2_Scratch_20260929\03_compute\formal_forward_v2_resume124\ligands\LIB_QTVNFRLKAGKBPS.pdbqt,81a66bc888a8b2bc4006307fa8f8c1175ca6a416b4f45822c46bdd84fa8c521a,2.603
LIB_FIENVLBRUWEWDS,ChEMBL,CHEMBL1085733,CHEMBL1085733,https://www.ebi.ac.uk/chembl/compound_report_card/CHEMBL1085733/,CN1CCN(c2ccc(-c3cnn4c(N)c(-c5ccc(NC(=O)c6ccc(C(F)(F)F)cc6)cc5)cnc34)cc2)CC1,CN1CCN(c2ccc(-c3cnn4c(N)c(-c5ccc(NC(=O)c6ccc(C(F)(F)F)cc6)cc5)cnc34)cc2)CC1,CN1CCN(c2ccc(-c3cnn4c(N)c(-c5ccc(NC(=O)c6ccc(C(F)(F)F)cc6)cc5)cnc34)cc2)CC1,FIENVLBRUWEWDS-UHFFFAOYSA-N,FIENVLBRUWEWDS,eligible,571.607,5.668,91.79,2,6,5,42,6,0.2827,0,1,1,False,predicted,eligible,False,[],1,C[NH+]1CCN(c2ccc(-c3cnn4c(N)c(-c5ccc(NC(=O)c6ccc(C(F)(F)F)cc6)cc5)cnc34)cc2)CC1,FIENVLBRUWEWDS-UHFFFAOYSA-O,False,[],[1],False,False,O=C(Nc1ccc(-c2cnc3c(-c4ccc(N5CC[NH2+]CC5)cc4)cnn3c2)cc1)c1ccccc1,-8.59860610961914,-8.371708869934082,0.5050395131111145,0.3287671232876712,False,descriptor_ridge;AI_initial,2026-09-28T20:41:43.307758+00:00,CN1CCN(c2ccc(-c3cnn4c(N)c(-c5ccc(NC(=O)c6ccc(C(F)(F)F)cc6)cc5)cnc34)cc2)CC1,FIENVLBRUWEWDS-UHFFFAOYSA-N,FIENVLBRUWEWDS-UHFFFAOYSA-O,[],[1],exchangeable_tertiary_ring_NH_and_full_potential_stereo_v3_20260929,10,10,282.22699394542394,3,C[NH+]1CCN(c2ccc(-c3cnn4c(N)c(-c5ccc(NC(=O)c6ccc(C(F)(F)F)cc6)cc5)cnc34)cc2)CC1,True,True,C[NH+]1CCN(c2ccc(-c3cnn4c(N)c(-c5ccc(NC(=O)c6ccc(C(F)(F)F)cc6)cc5)cnc34)cc2)CC1,True,True,prepared,<PACKAGE_ROOT>\Documents\Codex\TMC1_R2_Scratch_20260929\03_compute\formal_forward_v2_resume124\ligands\LIB_FIENVLBRUWEWDS.sdf,57b4e53173d49bd5441480b9ba625191a748ee6295112c23c1b08fc537884d32,<PACKAGE_ROOT>\Documents\Codex\TMC1_R2_Scratch_20260929\03_compute\formal_forward_v2_resume124\ligands\LIB_FIENVLBRUWEWDS.pdbqt,de54f28b2b12ba287704b7378bede182e4ba4653471de45839dac8dd9b1d6496,2.147
LIB_PHVRYQBXECZHNT,ChEMBL,CHEMBL1085240,CHEMBL1085240,https://www.ebi.ac.uk/chembl/compound_report_card/CHEMBL1085240/,CN1CCN(c2cccc(-c3cnn4c(N)c(-c5ccc(NC(=O)c6ccc(C(F)(F)F)cc6)cc5)cnc34)c2)CC1,CN1CCN(c2cccc(-c3cnn4c(N)c(-c5ccc(NC(=O)c6ccc(C(F)(F)F)cc6)cc5)cnc34)c2)CC1,CN1CCN(c2cccc(-c3cnn4c(N)c(-c5ccc(NC(=O)c6ccc(C(F)(F)F)cc6)cc5)cnc34)c2)CC1,PHVRYQBXECZHNT-UHFFFAOYSA-N,PHVRYQBXECZHNT,eligible,571.607,5.668,91.79,2,6,5,42,6,0.2827,0,1,1,False,predicted,eligible,False,[],1,C[NH+]1CCN(c2cccc(-c3cnn4c(N)c(-c5ccc(NC(=O)c6ccc(C(F)(F)F)cc6)cc5)cnc34)c2)CC1,PHVRYQBXECZHNT-UHFFFAOYSA-O,False,[],[1],False,False,O=C(Nc1ccc(-c2cnc3c(-c4cccc(N5CC[NH2+]CC5)c4)cnn3c2)cc1)c1ccccc1,-8.59860610961914,-8.310544967651367,0.5388492941856384,0.30392156862745096,False,descriptor_ridge;AI_initial,2026-09-28T20:41:45.457253+00:00,CN1CCN(c2cccc(-c3cnn4c(N)c(-c5ccc(NC(=O)c6ccc(C(F)(F)F)cc6)cc5)cnc34)c2)CC1,PHVRYQBXECZHNT-UHFFFAOYSA-N,PHVRYQBXECZHNT-UHFFFAOYSA-O,[],[1],exchangeable_tertiary_ring_NH_and_full_potential_stereo_v3_20260929,9,9,284.2261819179958,2,C[NH+]1CCN(c2cccc(-c3cnn4c(N)c(-c5ccc(NC(=O)c6ccc(C(F)(F)F)cc6)cc5)cnc34)c2)CC1,True,True,C[NH+]1CCN(c2cccc(-c3cnn4c(N)c(-c5ccc(NC(=O)c6ccc(C(F)(F)F)cc6)cc5)cnc34)c2)CC1,True,True,prepared,<PACKAGE_ROOT>\Documents\Codex\TMC1_R2_Scratch_20260929\03_compute\formal_forward_v2_resume124\ligands\LIB_PHVRYQBXECZHNT.sdf,764fe4dbfe787da697f130dee91d85f91528def8011103bfc0a3c944fbbd953a,<PACKAGE_ROOT>\Documents\Codex\TMC1_R2_Scratch_20260929\03_compute\formal_forward_v2_resume124\ligands\LIB_PHVRYQBXECZHNT.pdbqt,7c980b848c22bada11b5ddb87b2dbf0e9f654e291912fb61f0179801e6e1d4f2,1.726
LIB_POBWGJYVMWYKSK,ChEMBL,CHEMBL1077058,CHEMBL1077058,https://www.ebi.ac.uk/chembl/compound_report_card/CHEMBL1077058/,C/C=C(\C)C(=O)O[C@@H]1[C@@H]2OC[C@]3(C)[C@H](OC(C)=O)C[C@H](O)[C@@](C)([C@@H]23)[C@H]2CCO[C@H]3C[C@@H](C4=CCOC4=O)C(C)=C3[C@]12C,C/C=C(\C)C(=O)O[C@@H]1[C@@H]2OC[C@]3(C)[C@H](OC(C)=O)C[C@H](O)[C@@](C)([C@@H]23)[C@H]2CCO[C@H]3C[C@@H](C4=CCOC4=O)C(C)=C3[C@]12C,CC=C(C)C(=O)OC1C2OCC3(C)C(OC(C)=O)CC(O)C(C)(C23)C2CCOC3CC(C4=CCOC4=O)C(C)=C3C12C,POBWGJYVMWYKSK-YPDGQOBJSA-N,POBWGJYVMWYKSK,eligible,584.706,3.833,117.59,1,9,4,42,6,0.2277,0,1,1,False,predicted,eligible,False,[],1,C/C=C(\C)C(=O)O[C@@H]1[C@@H]2OC[C@]3(C)[C@H](OC(C)=O)C[C@H](O)[C@@](C)([C@@H]23)[C@H]2CCO[C@H]3C[C@@H](C4=CCOC4=O)C(C)=C3[C@]12C,POBWGJYVMWYKSK-YPDGQOBJSA-N,False,[],[],False,False,O=C1OCC=C1C1C=C2C(C1)OCCC1C2CC2OCC3CCCC1C32,-8.594168663024902,-7.560408592224121,1.035129427909851,0.24299065420560748,True,descriptor_ridge,2026-09-28T20:41:47.184647+00:00,C/C=C(\C)C(=O)O[C@@H]1[C@@H]2OC[C@]3(C)[C@H](OC(C)=O)C[C@H](O)[C@@](C)([C@@H]23)[C@H]2CCO[C@H]3C[C@@H](C4=CCOC4=O)C(C)=C3[C@]12C,POBWGJYVMWYKSK-YPDGQOBJSA-N,POBWGJYVMWYKSK-YPDGQOBJSA-N,[],[],exchangeable_tertiary_ring_NH_and_full_potential_stereo_v3_20260929,10,10,120.58890391759171,8,C/C=C(\C)C(=O)O[C@@H]1[C@@H]2OC[C@]3(C)[C@H](OC(C)=O)C[C@H](O)[C@@](C)([C@@H]23)[C@H]2CCO[C@H]3C[C@@H](C4=CCOC4=O)C(C)=C3[C@]12C,True,True,C/C=C(\C)C(=O)O[C@@H]1[C@@H]2OC[C@]3(C)[C@H](OC(C)=O)C[C@H](O)[C@@](C)([C@@H]23)[C@H]2CCO[C@H]3C[C@@H](C4=CCOC4=O)C(C)=C3[C@]12C,True,True,prepared,<PACKAGE_ROOT>\Documents\Codex\TMC1_R2_Scratch_20260929\03_compute\formal_forward_v2_resume124\ligands\LIB_POBWGJYVMWYKSK.sdf,0a3e187a3828b76dc13534a0a94d8da38872af2846fd094d1c7f520d372846f3,<PACKAGE_ROOT>\Documents\Codex\TMC1_R2_Scratch_20260929\03_compute\formal_forward_v2_resume124\ligands\LIB_POBWGJYVMWYKSK.pdbqt,4d913ad048914115f2bb7a3aa725f917484f9a9131b39b44f9c5f4ffb926615c,3.732
LIB_PYYBXMVTBWYBDY,ChEMBL,CHEMBL1079019,CHEMBL1079019;CHEMBL1079020,https://www.ebi.ac.uk/chembl/compound_report_card/CHEMBL1079019/,CC1=C[C@H]2O[C@@H]3C[C@H]4OC(=O)/C=C\C=C\[C@H]([C@@H](C)O)OC[C@H](O)[C@@H](C)CC(=O)OC[C@@]2(C[C@H]1O)[C@]4(C)[C@]31CO1,CC1=C[C@H]2O[C@@H]3C[C@H]4OC(=O)/C=C\C=C\[C@H]([C@@H](C)O)OC[C@H](O)[C@@H](C)CC(=O)OC[C@@]2(C[C@H]1O)[C@]4(C)[C@]31CO1,CC1=CC2OC3CC4OC(=O)C=CC=CC(C(C)O)OCC(O)C(C)CC(=O)OCC2(CC1O)C4(C)C31CO1,PYYBXMVTBWYBDY-WDDWFXKOSA-N,PYYBXMVTBWYBDY,eligible,548.629,1.364,144.28,3,10,1,39,5,0.2496,0,2,2,False,predicted,eligible,False,[],1,CC1=C[C@H]2O[C@@H]3C[C@H]4OC(=O)/C=C\C=C\[C@H]([C@@H](C)O)OC[C@H](O)[C@@H](C)CC(=O)OC[C@@]2(C[C@H]1O)[C@]4(C)[C@]31CO1,PYYBXMVTBWYBDY-WDDWFXKOSA-N,False,[],[],False,False,O=C1C=CC=CCOCCCCC(=O)OCC23CCC=CC2OC2CC(O1)C3C21CO1,-8.59375286102295,-7.657639503479004,0.982180655002594,0.25203252032520324,True,descriptor_ridge,2026-09-28T20:41:50.927404+00:00,CC1=C[C@H]2O[C@@H]3C[C@H]4OC(=O)/C=C\C=C\[C@H]([C@@H](C)O)OC[C@H](O)[C@@H](C)CC(=O)OC[C@@]2(C[C@H]1O)[C@]4(C)[C@]31CO1,PYYBXMVTBWYBDY-WDDWFXKOSA-N,PYYBXMVTBWYBDY-WDDWFXKOSA-N,[],[],exchangeable_tertiary_ring_NH_and_full_potential_stereo_v3_20260929,10,10,96.57472566462874,6,CC1=C[C@H]2O[C@@H]3C[C@H]4OC(=O)/C=C\C=C\[C@H]([C@@H](C)O)OC[C@H](O)[C@@H](C)CC(=O)OC[C@@]2(C[C@H]1O)[C@]4(C)[C@]31CO1,True,True,CC1=C[C@H]2O[C@@H]3C[C@H]4OC(=O)/C=C\C=C\[C@H]([C@@H](C)O)OC[C@H](O)[C@@H](C)CC(=O)OC[C@@]2(C[C@H]1O)[C@]4(C)[C@]31CO1,True,True,prepared,<PACKAGE_ROOT>\Documents\Codex\TMC1_R2_Scratch_20260929\03_compute\formal_forward_v2_resume124\ligands\LIB_PYYBXMVTBWYBDY.sdf,deaa882da3f799323967e4575d2f0bc7eaf78f74a849f7213bde8a6d42ba61d1,<PACKAGE_ROOT>\Documents\Codex\TMC1_R2_Scratch_20260929\03_compute\formal_forward_v2_resume124\ligands\LIB_PYYBXMVTBWYBDY.pdbqt,fa4d2d527fd306ce7499fcf6fdd29f641170a43ffd8481f1d63205503aae4e6e,3.787
LIB_FVTRWXQLJLCVKD,ChEMBL,CHEMBL1076608,CHEMBL1076608,https://www.ebi.ac.uk/chembl/compound_report_card/CHEMBL1076608/,CC(=O)O[C@H]1[C@H](OC(=O)c2ccccc2)[C@@]2(C)[C@@H](OC(=O)/C=C/c3ccccc3)C[C@@H]3[C@@H](O)[C@]2(OC3(C)C)[C@@](C)(O)[C@H]1O,CC(=O)O[C@H]1[C@H](OC(=O)c2ccccc2)[C@@]2(C)[C@@H](OC(=O)/C=C/c3ccccc3)C[C@@H]3[C@@H](O)[C@]2(OC3(C)C)[C@@](C)(O)[C@H]1O,CC(=O)OC1C(O)C(C)(O)C23OC(C)(C)C(CC(OC(=O)C=Cc4ccccc4)C2(C)C1OC(=O)c1ccccc1)C3O,FVTRWXQLJLCVKD-SYVWDLHCSA-N,FVTRWXQLJLCVKD,eligible,594.657,2.829,148.82,3,10,6,43,5,0.259,0,1,1,False,predicted,eligible,False,[],1,CC(=O)O[C@H]1[C@H](OC(=O)c2ccccc2)[C@@]2(C)[C@@H](OC(=O)/C=C/c3ccccc3)C[C@@H]3[C@@H](O)[C@]2(OC3(C)C)[C@@](C)(O)[C@H]1O,FVTRWXQLJLCVKD-SYVWDLHCSA-N,False,[],[],False,False,O=C(C=Cc1ccccc1)OC1CC2COC3(CCCC(OC(=O)c4ccccc4)C13)C2,-8.587681770324707,-8.038410186767578,0.7061002850532532,0.24528301886792453,True,descriptor_ridge,2026-09-28T20:41:54.718077+00:00,CC(=O)O[C@H]1[C@H](OC(=O)c2ccccc2)[C@@]2(C)[C@@H](OC(=O)/C=C/c3ccccc3)C[C@@H]3[C@@H](O)[C@]2(OC3(C)C)[C@@](C)(O)[C@H]1O,FVTRWXQLJLCVKD-SYVWDLHCSA-N,FVTRWXQLJLCVKD-SYVWDLHCSA-N,[],[],exchangeable_tertiary_ring_NH_and_full_potential_stereo_v3_20260929,8,8,174.12159495027242,3,CC(=O)O[C@H]1[C@H](OC(=O)c2ccccc2)[C@@]2(C)[C@@H](OC(=O)/C=C/c3ccccc3)C[C@@H]3[C@@H](O)[C@]2(OC3(C)C)[C@@](C)(O)[C@H]1O,True,True,CC(=O)O[C@H]1[C@H](OC(=O)c2ccccc2)[C@@]2(C)[C@@H](OC(=O)/C=C/c3ccccc3)C[C@@H]3[C@@H](O)[C@]2(OC3(C)C)[C@@](C)(O)[C@H]1O,True,True,prepared,<PACKAGE_ROOT>\Documents\Codex\TMC1_R2_Scratch_20260929\03_compute\formal_forward_v2_resume124\ligands\LIB_FVTRWXQLJLCVKD.sdf,a0c6f6a74ee9d28166835694f3fdb2bcf287480c3237c8afb0d08d952be0101e,<PACKAGE_ROOT>\Documents\Codex\TMC1_R2_Scratch_20260929\03_compute\formal_forward_v2_resume124\ligands\LIB_FVTRWXQLJLCVKD.pdbqt,6ee0c2d3fc4b981c3ae157064bab364bc427bd49d5c7a459cfa953409dceabc5,3.24
LIB_OOAWTVSOWWSCRB,ChEMBL,CHEMBL1077135,CHEMBL1077135,https://www.ebi.ac.uk/chembl/compound_report_card/CHEMBL1077135/,CC(=O)O[C@H]1CC[C@H]2[C@@H]3CC[C@H]4Cc5c(C#N)c(N)n(-c6ccccc6)c(=S)c5C[C@]4(C)[C@H]3CC[C@]12C,CC(=O)O[C@H]1CC[C@H]2[C@@H]3CC[C@H]4Cc5c(C#N)c(N)n(-c6ccccc6)c(=S)c5C[C@]4(C)[C@H]3CC[C@]12C,CC(=O)OC1CCC2C3CCC4Cc5c(C#N)c(N)n(-c6ccccc6)c(=S)c5CC4(C)C3CCC12C,OOAWTVSOWWSCRB-SHXYUCRSSA-N,OOAWTVSOWWSCRB,eligible,515.723,6.55,81.04,1,5,2,37,6,0.3623,0,1,1,False,predicted,eligible,False,[],1,CC(=O)O[C@H]1CC[C@H]2[C@@H]3CC[C@H]4Cc5c(C#N)c(N)n(-c6ccccc6)c(=S)c5C[C@]4(C)[C@H]3CC[C@]12C,OOAWTVSOWWSCRB-SHXYUCRSSA-N,False,[],[],False,False,S=c1c2c(ccn1-c1ccccc1)CC1CCC3C4CCCC4CCC3C1C2,-8.585478782653809,-8.210309982299805,0.5110599398612976,0.37349397590361444,False,descriptor_ridge,2026-09-28T20:41:57.958751+00:00,CC(=O)O[C@H]1CC[C@H]2[C@@H]3CC[C@H]4Cc5c(C#N)c(N)n(-c6ccccc6)c(=S)c5C[C@]4(C)[C@H]3CC[C@]12C,OOAWTVSOWWSCRB-SHXYUCRSSA-N,OOAWTVSOWWSCRB-SHXYUCRSSA-N,[],[],exchangeable_tertiary_ring_NH_and_full_potential_stereo_v3_20260929,6,6,135.03930937175002,1,CC(=O)O[C@H]1CC[C@H]2[C@@H]3CC[C@H]4Cc5c(C#N)c(N)n(-c6ccccc6)c(=S)c5C[C@]4(C)[C@H]3CC[C@]12C,True,True,CC(=O)O[C@H]1CC[C@H]2[C@@H]3CC[C@H]4Cc5c(C#N)c(N)n(-c6ccccc6)c(=S)c5C[C@]4(C)[C@H]3CC[C@]12C,True,True,prepared,<PACKAGE_ROOT>\Documents\Codex\TMC1_R2_Scratch_20260929\03_compute\formal_forward_v2_resume124\ligands\LIB_OOAWTVSOWWSCRB.sdf,c52bb9e72f9b744277fcc543ff8cd9832caa36d96b03407642dc1e8ce0f7b75a,<PACKAGE_ROOT>\Documents\Codex\TMC1_R2_Scratch_20260929\03_compute\formal_forward_v2_resume124\ligands\LIB_OOAWTVSOWWSCRB.pdbqt,a3d3bc83d3ff3695e26608cb4ba1681a3a380813e2cf318db5fee4f2676231c4,1.98
LIB_IKENVDNFQMCRTR,ChEMBL,CHEMBL1201108,CHEMBL1201108;CHEMBL1755,https://www.ebi.ac.uk/chembl/compound_report_card/CHEMBL1201108/,Cc1nc2c([nH]1)-c1ccccc1N(C(=O)c1ccc(NC(=O)c3ccccc3-c3ccccc3)cc1)CC2.Cl,Cc1nc2c([nH]1)-c1ccccc1N(C(=O)c1ccc(NC(=O)c3ccccc3-c3ccccc3)cc1)CC2,Cc1nc2c([nH]1)-c1ccccc1N(C(=O)c1ccc(NC(=O)c3ccccc3-c3ccccc3)cc1)CC2,IKENVDNFQMCRTR-UHFFFAOYSA-N,IKENVDNFQMCRTR,eligible,498.586,6.507,78.09,2,3,4,38,6,0.2966,0,2,1,False,predicted,eligible,False,[],1,Cc1nc2c([n-]1)-c1ccccc1N(C(=O)c1ccc(NC(=O)c3ccccc3-c3ccccc3)cc1)CC2,SXMSLNDWBIHGAX-UHFFFAOYSA-M,False,[],[],False,False,O=C(Nc1ccc(C(=O)N2CCc3nc[n-]c3-c3ccccc32)cc1)c1ccccc1-c1ccccc1,-8.583395004272461,-8.042207717895508,0.6531041860580444,0.27472527472527475,True,descriptor_ridge,2026-09-28T20:41:59.941464+00:00,Cc1nc2c([nH]1)-c1ccccc1N(C(=O)c1ccc(NC(=O)c3ccccc3-c3ccccc3)cc1)CC2,IKENVDNFQMCRTR-UHFFFAOYSA-N,SXMSLNDWBIHGAX-UHFFFAOYSA-M,[],[],exchangeable_tertiary_ring_NH_and_full_potential_stereo_v3_20260929,10,10,117.65840657057853,5,Cc1nc2c([n-]1)-c1ccccc1N(C(=O)c1ccc(NC(=O)c3ccccc3-c3ccccc3)cc1)CC2,True,True,Cc1nc2c([n-]1)-c1ccccc1N(C(=O)c1ccc(NC(=O)c3ccccc3-c3ccccc3)cc1)CC2,True,True,prepared,<PACKAGE_ROOT>\Documents\Codex\TMC1_R2_Scratch_20260929\03_compute\formal_forward_v2_resume124\ligands\LIB_IKENVDNFQMCRTR.sdf,2f3c57bdaa670cfa2b83963c4099aa0b65b141760448160259d641381efa8bdb,<PACKAGE_ROOT>\Documents\Codex\TMC1_R2_Scratch_20260929\03_compute\formal_forward_v2_resume124\ligands\LIB_IKENVDNFQMCRTR.pdbqt,7de7b56b701918bae9b86dd1141ee0ab1f4ca7d408b9ef0b74e6f66ea8d03553,2.104
LIB_CYDMWSSMUBQXRD,ChEMBL,CHEMBL1084522,CHEMBL1084522;CHEMBL1084771,https://www.ebi.ac.uk/chembl/compound_report_card/CHEMBL1084522/,CN(C(=O)C(C)(C)c1cc(C(F)(F)F)cc(C(F)(F)F)c1)c1cnc(N2CC[C@H](O)C2)cc1-c1ccccc1Cl,CN(C(=O)C(C)(C)c1cc(C(F)(F)F)cc(C(F)(F)F)c1)c1cnc(N2CC[C@H](O)C2)cc1-c1ccccc1Cl,CN(C(=O)C(C)(C)c1cc(C(F)(F)F)cc(C(F)(F)F)c1)c1cnc(N2CCC(O)C2)cc1-c1ccccc1Cl,CYDMWSSMUBQXRD-IBGZPJMESA-N,CYDMWSSMUBQXRD,eligible,585.976,6.951,56.67,1,4,5,40,4,0.3293,0,2,2,False,predicted,eligible,False,[],1,CN(C(=O)C(C)(C)c1cc(C(F)(F)F)cc(C(F)(F)F)c1)c1cnc(N2CC[C@H](O)C2)cc1-c1ccccc1Cl,CYDMWSSMUBQXRD-IBGZPJMESA-N,False,[],[],False,False,O=C(Cc1ccccc1)Nc1cnc(N2CCCC2)cc1-c1ccccc1,-8.564895629882812,-8.15138053894043,0.6757149696350098,0.30851063829787234,False,descriptor_ridge,2026-09-28T20:42:02.050462+00:00,CN(C(=O)C(C)(C)c1cc(C(F)(F)F)cc(C(F)(F)F)c1)c1cnc(N2CC[C@H](O)C2)cc1-c1ccccc1Cl,CYDMWSSMUBQXRD-IBGZPJMESA-N,CYDMWSSMUBQXRD-IBGZPJMESA-N,[],[],exchangeable_tertiary_ring_NH_and_full_potential_stereo_v3_20260929,10,10,164.767922071104,9,CN(C(=O)C(C)(C)c1cc(C(F)(F)F)cc(C(F)(F)F)c1)c1cnc(N2CC[C@H](O)C2)cc1-c1ccccc1Cl,True,True,CN(C(=O)C(C)(C)c1cc(C(F)(F)F)cc(C(F)(F)F)c1)c1cnc(N2CC[C@H](O)C2)cc1-c1ccccc1Cl,True,True,prepared,<PACKAGE_ROOT>\Documents\Codex\TMC1_R2_Scratch_20260929\03_compute\formal_forward_v2_resume124\ligands\LIB_CYDMWSSMUBQXRD.sdf,270c0e399e02c1657284cdbe7b4d16b41232784186329446d894ec70ea9f204e,<PACKAGE_ROOT>\Documents\Codex\TMC1_R2_Scratch_20260929\03_compute\formal_forward_v2_resume124\ligands\LIB_CYDMWSSMUBQXRD.pdbqt,5ed8d74a004e5031aa5abd9220a9041f57392cd10559b5bbe7bccc914c8c04ea,2.208
LIB_CJTUMEIDUUCTSL,ChEMBL,CHEMBL1084436,CHEMBL1084436;CHEMBL1084437,https://www.ebi.ac.uk/chembl/compound_report_card/CHEMBL1084436/,CN(C(=O)C(C)(C)c1cc(C(F)(F)F)cc(C(F)(F)F)c1)c1cnc(N2C[C@@H](O)C[C@H]2CO)cc1-c1ccccc1Cl,CN(C(=O)C(C)(C)c1cc(C(F)(F)F)cc(C(F)(F)F)c1)c1cnc(N2C[C@@H](O)C[C@H]2CO)cc1-c1ccccc1Cl,CN(C(=O)C(C)(C)c1cc(C(F)(F)F)cc(C(F)(F)F)c1)c1cnc(N2CC(O)CC2CO)cc1-c1ccccc1Cl,CJTUMEIDUUCTSL-PMACEKPBSA-N,CJTUMEIDUUCTSL,eligible,616.002,6.312,76.9,2,5,6,42,4,0.3179,0,2,2,False,predicted,eligible,False,[],1,CN(C(=O)C(C)(C)c1cc(C(F)(F)F)cc(C(F)(F)F)c1)c1cnc([NH+]2C[C@@H](O)C[C@H]2CO)cc1-c1ccccc1Cl,CJTUMEIDUUCTSL-PMACEKPBSA-O,True,"[[""Atom_Tetrahedral"", 25]]",[25],False,True,O=C(Cc1ccccc1)Nc1cnc([NH+]2CCCC2)cc1-c1ccccc1,-8.563333511352539,-8.063297271728516,0.6703241467475891,0.2391304347826087,True,descriptor_ridge,2026-09-28T20:42:04.260434+00:00,CN(C(=O)C(C)(C)c1cc(C(F)(F)F)cc(C(F)(F)F)c1)c1cnc(N2C[C@@H](O)C[C@H]2CO)cc1-c1ccccc1Cl,CJTUMEIDUUCTSL-PMACEKPBSA-N,CJTUMEIDUUCTSL-PMACEKPBSA-O,"[[""Atom_Tetrahedral"", 25]]",[25],exchangeable_tertiary_ring_NH_and_full_potential_stereo_v3_20260929,10,10,152.53039066532682,5,CN(C(=O)C(C)(C)c1cc(C(F)(F)F)cc(C(F)(F)F)c1)c1cnc([N@@H+]2C[C@@H](O)C[C@H]2CO)cc1-c1ccccc1Cl,False,True,CN(C(=O)C(C)(C)c1cc(C(F)(F)F)cc(C(F)(F)F)c1)c1cnc([N@@H+]2C[C@@H](O)C[C@H]2CO)cc1-c1ccccc1Cl,False,True,prepared,<PACKAGE_ROOT>\Documents\Codex\TMC1_R2_Scratch_20260929\03_compute\formal_forward_v2_resume124\ligands\LIB_CJTUMEIDUUCTSL.sdf,5fc85b89e8d2945c458a3bbc05fab92dc7a8bfe327f46b52951e409e2e00b49f,<PACKAGE_ROOT>\Documents\Codex\TMC1_R2_Scratch_20260929\03_compute\formal_forward_v2_resume124\ligands\LIB_CJTUMEIDUUCTSL.pdbqt,12dd48d23517d8df8a811af9c029ba9606caaa6cf3edde1f7753b9525531c0ea,2.076
LIB_HATNRBQJMSRMEP,ChEMBL,CHEMBL1084439,CHEMBL1084439,https://www.ebi.ac.uk/chembl/compound_report_card/CHEMBL1084439/,CN(C(=O)C(C)(C)c1cc(C(F)(F)F)cc(C(F)(F)F)c1)c1cnc(N2CC[C@H](O)[C@H]2CO)cc1-c1ccccc1Cl,CN(C(=O)C(C)(C)c1cc(C(F)(F)F)cc(C(F)(F)F)c1)c1cnc(N2CC[C@H](O)[C@H]2CO)cc1-c1ccccc1Cl,CN(C(=O)C(C)(C)c1cc(C(F)(F)F)cc(C(F)(F)F)c1)c1cnc(N2CCC(O)C2CO)cc1-c1ccccc1Cl,HATNRBQJMSRMEP-RPWUZVMVSA-N,HATNRBQJMSRMEP,eligible,616.002,6.312,76.9,2,5,6,42,4,0.3179,0,1,1,False,predicted,eligible,False,[],1,CN(C(=O)C(C)(C)c1cc(C(F)(F)F)cc(C(F)(F)F)c1)c1cnc([NH+]2CC[C@H](O)[C@H]2CO)cc1-c1ccccc1Cl,HATNRBQJMSRMEP-RPWUZVMVSA-O,True,"[[""Atom_Tetrahedral"", 25]]",[25],False,True,O=C(Cc1ccccc1)Nc1cnc([NH+]2CCCC2)cc1-c1ccccc1,-8.563333511352539,-8.051069259643555,0.7337595224380493,0.23529411764705882,True,descriptor_ridge,2026-09-28T20:42:06.338115+00:00,CN(C(=O)C(C)(C)c1cc(C(F)(F)F)cc(C(F)(F)F)c1)c1cnc(N2CC[C@H](O)[C@H]2CO)cc1-c1ccccc1Cl,HATNRBQJMSRMEP-RPWUZVMVSA-N,HATNRBQJMSRMEP-RPWUZVMVSA-O,"[[""Atom_Tetrahedral"", 25]]",[25],exchangeable_tertiary_ring_NH_and_full_potential_stereo_v3_20260929,10,10,150.1189634862963,5,CN(C(=O)C(C)(C)c1cc(C(F)(F)F)cc(C(F)(F)F)c1)c1cnc([N@@H+]2CC[C@H](O)[C@H]2CO)cc1-c1ccccc1Cl,False,True,CN(C(=O)C(C)(C)c1cc(C(F)(F)F)cc(C(F)(F)F)c1)c1cnc([N@@H+]2CC[C@H](O)[C@H]2CO)cc1-c1ccccc1Cl,False,True,prepared,<PACKAGE_ROOT>\Documents\Codex\TMC1_R2_Scratch_20260929\03_compute\formal_forward_v2_resume124\ligands\LIB_HATNRBQJMSRMEP.sdf,20a2c531fe054a3826154a6b4b15b6e5acd530733ca7d3d49055f6c86f48e3b9,<PACKAGE_ROOT>\Documents\Codex\TMC1_R2_Scratch_20260929\03_compute\formal_forward_v2_resume124\ligands\LIB_HATNRBQJMSRMEP.pdbqt,287014418b68905ebcf0c52b07abc306e8777a82ed8a322df6778694f26e6966,2.062
LIB_DFNMEZDDQABOQT,ChEMBL,CHEMBL1079029,CHEMBL1079029,https://www.ebi.ac.uk/chembl/compound_report_card/CHEMBL1079029/,CC(=O)O[C@@H]1CC[C@@]2(C)[C@@H](CC[C@]3(C)[C@@H]2CC=C2[C@@H]4CC(C)(C)CC[C@]4(C)CC[C@]23C(=O)O)[C@]1(C)C(=O)O,CC(=O)O[C@@H]1CC[C@@]2(C)[C@@H](CC[C@]3(C)[C@@H]2CC=C2[C@@H]4CC(C)(C)CC[C@]4(C)CC[C@]23C(=O)O)[C@]1(C)C(=O)O,CC(=O)OC1CCC2(C)C(CCC3(C)C2CC=C2C4CC(C)(C)CCC4(C)CCC23C(=O)O)C1(C)C(=O)O,DFNMEZDDQABOQT-DBKYOHCFSA-N,DFNMEZDDQABOQT,eligible,528.73,6.869,100.9,2,4,3,38,5,0.3062,0,1,1,False,predicted,eligible,False,[],1,CC(=O)O[C@@H]1CC[C@@]2(C)[C@@H](CC[C@]3(C)[C@@H]2CC=C2[C@@H]4CC(C)(C)CC[C@]4(C)CC[C@]23C(=O)[O-])[C@]1(C)C(=O)[O-],DFNMEZDDQABOQT-DBKYOHCFSA-L,False,[],[],False,False,C1=C2C3CCCCC3CCC2C2CCC3CCCCC3C2C1,-8.562484741210938,-7.4656572341918945,0.772402822971344,0.2808988764044944,True,descriptor_ridge,2026-09-28T20:42:08.402411+00:00,CC(=O)O[C@@H]1CC[C@@]2(C)[C@@H](CC[C@]3(C)[C@@H]2CC=C2[C@@H]4CC(C)(C)CC[C@]4(C)CC[C@]23C(=O)O)[C@]1(C)C(=O)O,DFNMEZDDQABOQT-DBKYOHCFSA-N,DFNMEZDDQABOQT-DBKYOHCFSA-L,[],[],exchangeable_tertiary_ring_NH_and_full_potential_stereo_v3_20260929,9,9,224.7036916084404,0,CC(=O)O[C@@H]1CC[C@@]2(C)[C@@H](CC[C@]3(C)[C@@H]2CC=C2[C@@H]4CC(C)(C)CC[C@]4(C)CC[C@]23C(=O)[O-])[C@]1(C)C(=O)[O-],True,True,CC(=O)O[C@@H]1CC[C@@]2(C)[C@@H](CC[C@]3(C)[C@@H]2CC=C2[C@@H]4CC(C)(C)CC[C@]4(C)CC[C@]23C(=O)[O-])[C@]1(C)C(=O)[O-],True,True,prepared,<PACKAGE_ROOT>\Documents\Codex\TMC1_R2_Scratch_20260929\03_compute\formal_forward_v2_resume124\ligands\LIB_DFNMEZDDQABOQT.sdf,97e967cfa92ec3a33a92e60b87c87665ccc0fbc3399fe95018a45cb26af781b6,<PACKAGE_ROOT>\Documents\Codex\TMC1_R2_Scratch_20260929\03_compute\formal_forward_v2_resume124\ligands\LIB_DFNMEZDDQABOQT.pdbqt,d4f01eb566f206e17bdca69244dbf1e5b3f4dbf9aa6f579d1164e00bdfd9eeb1,4.102
LIB_UFBADNGLONOAHT,ChEMBL,CHEMBL1079031,CHEMBL1079031,https://www.ebi.ac.uk/chembl/compound_report_card/CHEMBL1079031/,CC(=O)O[C@@H]1CC[C@@]2(C)[C@@H](CC[C@]3(C)[C@@H]2CC=C2[C@@H]4C[C@](C)(C(=O)O)CC[C@]4(C)CC[C@]23C)[C@]1(C)C(=O)O,CC(=O)O[C@@H]1CC[C@@]2(C)[C@@H](CC[C@]3(C)[C@@H]2CC=C2[C@@H]4C[C@](C)(C(=O)O)CC[C@]4(C)CC[C@]23C)[C@]1(C)C(=O)O,CC(=O)OC1CCC2(C)C(CCC3(C)C2CC=C2C4CC(C)(C(=O)O)CCC4(C)CCC23C)C1(C)C(=O)O,UFBADNGLONOAHT-GEHWIPNRSA-N,UFBADNGLONOAHT,eligible,528.73,6.869,100.9,2,4,3,38,5,0.3062,0,1,1,False,predicted,eligible,False,[],1,CC(=O)O[C@@H]1CC[C@@]2(C)[C@@H](CC[C@]3(C)[C@@H]2CC=C2[C@@H]4C[C@](C)(C(=O)[O-])CC[C@]4(C)CC[C@]23C)[C@]1(C)C(=O)[O-],UFBADNGLONOAHT-GEHWIPNRSA-L,False,[],[],False,False,C1=C2C3CCCCC3CCC2C2CCC3CCCCC3C2C1,-8.562484741210938,-7.476291656494141,0.759981095790863,0.2777777777777778,True,descriptor_ridge,2026-09-28T20:42:12.505565+00:00,CC(=O)O[C@@H]1CC[C@@]2(C)[C@@H](CC[C@]3(C)[C@@H]2CC=C2[C@@H]4C[C@](C)(C(=O)O)CC[C@]4(C)CC[C@]23C)[C@]1(C)C(=O)O,UFBADNGLONOAHT-GEHWIPNRSA-N,UFBADNGLONOAHT-GEHWIPNRSA-L,[],[],exchangeable_tertiary_ring_NH_and_full_potential_stereo_v3_20260929,9,9,173.5069157027778,5,CC(=O)O[C@@H]1CC[C@@]2(C)[C@@H](CC[C@]3(C)[C@@H]2CC=C2[C@@H]4C[C@](C)(C(=O)[O-])CC[C@]4(C)CC[C@]23C)[C@]1(C)C(=O)[O-],True,True,CC(=O)O[C@@H]1CC[C@@]2(C)[C@@H](CC[C@]3(C)[C@@H]2CC=C2[C@@H]4C[C@](C)(C(=O)[O-])CC[C@]4(C)CC[C@]23C)[C@]1(C)C(=O)[O-],True,True,prepared,<PACKAGE_ROOT>\Documents\Codex\TMC1_R2_Scratch_20260929\03_compute\formal_forward_v2_resume124\ligands\LIB_UFBADNGLONOAHT.sdf,6940f8232af95564c26602ead0470f16010c13663d3e1a3bbf114eb91803d123,<PACKAGE_ROOT>\Documents\Codex\TMC1_R2_Scratch_20260929\03_compute\formal_forward_v2_resume124\ligands\LIB_UFBADNGLONOAHT.pdbqt,58812578552b66ff52f8b35baa9b65cfce3f13146d3fe01ce405bd181efb32e9,3.397
LIB_NFCXCBLWABDYMW,ChEMBL,CHEMBL1077451,CHEMBL1077451,https://www.ebi.ac.uk/chembl/compound_report_card/CHEMBL1077451/,CC1=CCC[C@H]2[C@@]1(C)[C@@H](OC(=O)c1cccnc1)[C@H](OC(=O)c1ccccc1)[C@](C)(O)[C@]2(C)[C@H]1CC2=C(O1)C(=O)OC2,CC1=CCC[C@H]2[C@@]1(C)[C@@H](OC(=O)c1cccnc1)[C@H](OC(=O)c1ccccc1)[C@](C)(O)[C@]2(C)[C@H]1CC2=C(O1)C(=O)OC2,CC1=CCCC2C1(C)C(OC(=O)c1cccnc1)C(OC(=O)c1ccccc1)C(C)(O)C2(C)C1CC2=C(O1)C(=O)OC2,NFCXCBLWABDYMW-FWQSJGQVSA-N,NFCXCBLWABDYMW,eligible,573.642,4.566,121.25,1,9,5,42,6,0.3116,0,1,1,False,predicted,eligible,False,[],1,CC1=CCC[C@H]2[C@@]1(C)[C@@H](OC(=O)c1cccnc1)[C@H](OC(=O)c1ccccc1)[C@](C)(O)[C@]2(C)[C@H]1CC2=C(O1)C(=O)OC2,NFCXCBLWABDYMW-FWQSJGQVSA-N,False,[],[],False,False,O=C1OCC2=C1OC(C1CC(OC(=O)c3ccccc3)C(OC(=O)c3cccnc3)C3C=CCCC31)C2,-8.560983657836914,-8.140107154846191,0.6732749938964844,0.24742268041237114,True,descriptor_ridge,2026-09-28T20:42:15.904317+00:00,CC1=CCC[C@H]2[C@@]1(C)[C@@H](OC(=O)c1cccnc1)[C@H](OC(=O)c1ccccc1)[C@](C)(O)[C@]2(C)[C@H]1CC2=C(O1)C(=O)OC2,NFCXCBLWABDYMW-FWQSJGQVSA-N,NFCXCBLWABDYMW-FWQSJGQVSA-N,[],[],exchangeable_tertiary_ring_NH_and_full_potential_stereo_v3_20260929,9,9,186.00689855256158,4,CC1=CCC[C@H]2[C@@]1(C)[C@@H](OC(=O)c1cccnc1)[C@H](OC(=O)c1ccccc1)[C@](C)(O)[C@]2(C)[C@H]1CC2=C(O1)C(=O)OC2,True,True,CC1=CCC[C@H]2[C@@]1(C)[C@@H](OC(=O)c1cccnc1)[C@H](OC(=O)c1ccccc1)[C@](C)(O)[C@]2(C)[C@H]1CC2=C(O1)C(=O)OC2,True,True,prepared,<PACKAGE_ROOT>\Documents\Codex\TMC1_R2_Scratch_20260929\03_compute\formal_forward_v2_resume124\ligands\LIB_NFCXCBLWABDYMW.sdf,85ef8346273036639d009daf075d28c018632e4940997ffe6469a3e2f6801baf,<PACKAGE_ROOT>\Documents\Codex\TMC1_R2_Scratch_20260929\03_compute\formal_forward_v2_resume124\ligands\LIB_NFCXCBLWABDYMW.pdbqt,102bdc3397d550a3471652f925a4b31b15815422a35547b24fc6532e6be99b7d,1.923
LIB_BEYBHILIDYTJTL,ChEMBL,CHEMBL105620,CHEMBL105620,https://www.ebi.ac.uk/chembl/compound_report_card/CHEMBL105620/,CN1CCOCCOCCN(C)CCn2cc(c3ccccc32)C2=C(C(=O)NC2=O)c2cn(c3ccccc23)CC1,CN1CCOCCOCCN(C)CCn2cc(c3ccccc32)C2=C(C(=O)NC2=O)c2cn(c3ccccc23)CC1,CN1CCOCCOCCN(C)CCn2cc(c3ccccc32)C2=C(C(=O)NC2=O)c2cn(c3ccccc23)CC1,BEYBHILIDYTJTL-UHFFFAOYSA-N,BEYBHILIDYTJTL,eligible,555.679,3.074,80.97,1,6,0,41,6,0.3362,0,1,1,False,predicted,eligible,False,[],1,C[NH+]1CCOCCOCC[NH+](C)CCn2cc(c3ccccc32)C2=C(C(=O)NC2=O)c2cn(c3ccccc23)CC1,BEYBHILIDYTJTL-UHFFFAOYSA-P,True,"[[""Atom_Tetrahedral"", 1], [""Atom_Tetrahedral"", 10]]","[1, 10]",False,True,O=C1NC(=O)C2=C1c1cn(c3ccccc13)CC[NH2+]CCOCCOCC[NH2+]CCn1cc2c2ccccc21,-8.558537483215332,-8.205257415771484,0.5956407189369202,0.2647058823529412,True,descriptor_ridge,2026-09-28T20:42:17.828416+00:00,CN1CCOCCOCCN(C)CCn2cc(c3ccccc32)C2=C(C(=O)NC2=O)c2cn(c3ccccc23)CC1,BEYBHILIDYTJTL-UHFFFAOYSA-N,BEYBHILIDYTJTL-UHFFFAOYSA-P,"[[""Atom_Tetrahedral"", 1], [""Atom_Tetrahedral"", 10]]","[1, 10]",exchangeable_tertiary_ring_NH_and_full_potential_stereo_v3_20260929,10,10,229.11290751581862,9,C[N@@H+]1CCOCCOCC[N@H+](C)CCn2cc(c3ccccc32)C2=C(C(=O)NC2=O)c2cn(c3ccccc23)CC1,False,True,C[N@@H+]1CCOCCOCC[N@H+](C)CCn2cc(c3ccccc32)C2=C(C(=O)NC2=O)c2cn(c3ccccc23)CC1,False,True,prepared,<PACKAGE_ROOT>\Documents\Codex\TMC1_R2_Scratch_20260929\03_compute\formal_forward_v2_resume124\ligands\LIB_BEYBHILIDYTJTL.sdf,97c810cc5d0f47683e206ca08b39d46f72657e1c8d63556f433d7a0b626fa283,<PACKAGE_ROOT>\Documents\Codex\TMC1_R2_Scratch_20260929\03_compute\formal_forward_v2_resume124\ligands\LIB_BEYBHILIDYTJTL.pdbqt,d96dc369a7592eb4c8391eef8caa456792574de076809a49f0b106d2f4100de4,1.995
LIB_LQLWPOGAHZKADH,ChEMBL,CHEMBL1075768,CHEMBL1075768,https://www.ebi.ac.uk/chembl/compound_report_card/CHEMBL1075768/,COC(=O)C[C@H]1C(C)(C)[C@H](OC(C)=O)[C@]2(C(C)=O)C=C3[C@H]([C@H](OC(C)=O)C[C@]4(C)[C@H]3CC(=O)O[C@H]4c3ccoc3)[C@@]1(C)C2=O,COC(=O)C[C@H]1C(C)(C)[C@H](OC(C)=O)[C@]2(C(C)=O)C=C3[C@H]([C@H](OC(C)=O)C[C@]4(C)[C@H]3CC(=O)O[C@H]4c3ccoc3)[C@@]1(C)C2=O,COC(=O)CC1C(C)(C)C(OC(C)=O)C2(C(C)=O)C=C3C4CC(=O)OC(c5ccoc5)C4(C)CC(OC(C)=O)C3C1(C)C2=O,LQLWPOGAHZKADH-OHDFGLQGSA-N,LQLWPOGAHZKADH,eligible,612.672,4.083,152.48,0,11,6,44,5,0.1976,0,1,1,False,predicted,eligible,False,[],1,COC(=O)C[C@H]1C(C)(C)[C@H](OC(C)=O)[C@]2(C(C)=O)C=C3[C@H]([C@H](OC(C)=O)C[C@]4(C)[C@H]3CC(=O)O[C@H]4c3ccoc3)[C@@]1(C)C2=O,LQLWPOGAHZKADH-OHDFGLQGSA-N,False,[],[],False,False,O=C1CC2C3=CC4CCCC(C4=O)C3CCC2C(c2ccoc2)O1,-8.55650520324707,-7.977388858795166,0.6283182501792908,0.21359223300970873,True,descriptor_ridge,2026-09-28T20:42:19.824413+00:00,COC(=O)C[C@H]1C(C)(C)[C@H](OC(C)=O)[C@]2(C(C)=O)C=C3[C@H]([C@H](OC(C)=O)C[C@]4(C)[C@H]3CC(=O)O[C@H]4c3ccoc3)[C@@]1(C)C2=O,LQLWPOGAHZKADH-OHDFGLQGSA-N,LQLWPOGAHZKADH-OHDFGLQGSA-N,[],[],exchangeable_tertiary_ring_NH_and_full_potential_stereo_v3_20260929,10,10,87.84876880351447,0,COC(=O)C[C@H]1C(C)(C)[C@H](OC(C)=O)[C@]2(C(C)=O)C=C3[C@H]([C@H](OC(C)=O)C[C@]4(C)[C@H]3CC(=O)O[C@H]4c3ccoc3)[C@@]1(C)C2=O,True,True,COC(=O)C[C@H]1C(C)(C)[C@H](OC(C)=O)[C@]2(C(C)=O)C=C3[C@H]([C@H](OC(C)=O)C[C@]4(C)[C@H]3CC(=O)O[C@H]4c3ccoc3)[C@@]1(C)C2=O,True,True,prepared,<PACKAGE_ROOT>\Documents\Codex\TMC1_R2_Scratch_20260929\03_compute\formal_forward_v2_resume124\ligands\LIB_LQLWPOGAHZKADH.sdf,accfb76d5765469cb7e5eea5d9a4c077343a9d136f3114deadad2de182702396,<PACKAGE_ROOT>\Documents\Codex\TMC1_R2_Scratch_20260929\03_compute\formal_forward_v2_resume124\ligands\LIB_LQLWPOGAHZKADH.pdbqt,fd215d941f4c9e4fa31e9b4415cfd63fe6fa1855e7b2efddc7490356a7a230b2,3.071
LIB_LYONNGHGTZAEOI,ChEMBL,CHEMBL1081958,CHEMBL1081958,https://www.ebi.ac.uk/chembl/compound_report_card/CHEMBL1081958/,COc1ccc2nc3cc(Cl)ccc3c(Nc3ccc(Nc4nc(NN)nc(Nc5ccccc5)n4)cc3)c2c1,COc1ccc2nc3cc(Cl)ccc3c(Nc3ccc(Nc4nc(NN)nc(Nc5ccccc5)n4)cc3)c2c1,COc1ccc2nc3cc(Cl)ccc3c(Nc3ccc(Nc4nc(NN)nc(Nc5ccccc5)n4)cc3)c2c1,LYONNGHGTZAEOI-UHFFFAOYSA-N,LYONNGHGTZAEOI,eligible,550.026,6.751,134.93,5,10,8,40,6,0.0787,0,1,1,False,predicted,eligible,False,[],1,COc1ccc2nc3cc(Cl)ccc3c(Nc3ccc(Nc4nc(NN)nc(Nc5ccccc5)n4)cc3)c2c1,LYONNGHGTZAEOI-UHFFFAOYSA-N,False,[],[],False,False,c1ccc(Nc2ncnc(Nc3ccc(Nc4c5ccccc5nc5ccccc45)cc3)n2)cc1,-8.55451488494873,-8.144238471984863,0.5432502031326294,0.265625,True,descriptor_ridge,2026-09-28T20:42:22.895907+00:00,COc1ccc2nc3cc(Cl)ccc3c(Nc3ccc(Nc4nc(NN)nc(Nc5ccccc5)n4)cc3)c2c1,LYONNGHGTZAEOI-UHFFFAOYSA-N,LYONNGHGTZAEOI-UHFFFAOYSA-N,[],[],exchangeable_tertiary_ring_NH_and_full_potential_stereo_v3_20260929,10,10,-88.2152585262872,0,COc1ccc2nc3cc(Cl)ccc3c(Nc3ccc(Nc4nc(NN)nc(Nc5ccccc5)n4)cc3)c2c1,True,True,COc1ccc2nc3cc(Cl)ccc3c(Nc3ccc(Nc4nc(NN)nc(Nc5ccccc5)n4)cc3)c2c1,True,True,prepared,<PACKAGE_ROOT>\Documents\Codex\TMC1_R2_Scratch_20260929\03_compute\formal_forward_v2_resume124\ligands\LIB_LYONNGHGTZAEOI.sdf,b28733e7bf9d4f8ec7b220417dd8c8d42f80e470ec1985571993720184b170c0,<PACKAGE_ROOT>\Documents\Codex\TMC1_R2_Scratch_20260929\03_compute\formal_forward_v2_resume124\ligands\LIB_LYONNGHGTZAEOI.pdbqt,4dab828eb90333eec3dbaff08aa3a2c5bd6e46616a04b145e9cca83b1c21434a,1.287
LIB_KOMBODFBKQOZRA,ChEMBL,CHEMBL1081062,CHEMBL1081062,https://www.ebi.ac.uk/chembl/compound_report_card/CHEMBL1081062/,O=C(Nc1cccc(-c2cn3ccnc3c(NCc3ccc(C(=O)O)cc3)n2)c1)Nc1cccc(C(F)(F)F)c1,O=C(Nc1cccc(-c2cn3ccnc3c(NCc3ccc(C(=O)O)cc3)n2)c1)Nc1cccc(C(F)(F)F)c1,O=C(Nc1cccc(-c2cn3ccnc3c(NCc3ccc(C(=O)O)cc3)n2)c1)Nc1cccc(C(F)(F)F)c1,KOMBODFBKQOZRA-UHFFFAOYSA-N,KOMBODFBKQOZRA,eligible,546.509,6.369,120.65,4,5,7,40,5,0.1883,0,1,1,False,predicted,eligible,False,[],1,O=C(Nc1cccc(-c2cn3ccnc3c(NCc3ccc(C(=O)[O-])cc3)n2)c1)Nc1cccc(C(F)(F)F)c1,KOMBODFBKQOZRA-UHFFFAOYSA-M,False,[],[],False,False,O=C(Nc1ccccc1)Nc1cccc(-c2cn3ccnc3c(NCc3ccccc3)n2)c1,-8.55130386352539,-8.108118057250977,0.5614185929298401,0.2708333333333333,True,descriptor_ridge,2026-09-28T20:42:24.184621+00:00,O=C(Nc1cccc(-c2cn3ccnc3c(NCc3ccc(C(=O)O)cc3)n2)c1)Nc1cccc(C(F)(F)F)c1,KOMBODFBKQOZRA-UHFFFAOYSA-N,KOMBODFBKQOZRA-UHFFFAOYSA-M,[],[],exchangeable_tertiary_ring_NH_and_full_potential_stereo_v3_20260929,10,10,16.056058259357297,0,O=C(Nc1cccc(-c2cn3ccnc3c(NCc3ccc(C(=O)[O-])cc3)n2)c1)Nc1cccc(C(F)(F)F)c1,True,True,O=C(Nc1cccc(-c2cn3ccnc3c(NCc3ccc(C(=O)[O-])cc3)n2)c1)Nc1cccc(C(F)(F)F)c1,True,True,prepared,<PACKAGE_ROOT>\Documents\Codex\TMC1_R2_Scratch_20260929\03_compute\formal_forward_v2_resume124\ligands\LIB_KOMBODFBKQOZRA.sdf,9c57f1c77a761085fab71c58439dec3f54b9f1a7eb3a147244b1fd5caf1854c3,<PACKAGE_ROOT>\Documents\Codex\TMC1_R2_Scratch_20260929\03_compute\formal_forward_v2_resume124\ligands\LIB_KOMBODFBKQOZRA.pdbqt,2dbd876ad2a9a868c85905ecfceebcf5525a6c55e10e27b22f4924f99de2827b,1.157
LIB_NUGUABFSSDNCNU,ChEMBL,CHEMBL1077067,CHEMBL1077067,https://www.ebi.ac.uk/chembl/compound_report_card/CHEMBL1077067/,C=C1C([C@@H](C)[C@H]2CC=C(C)C(=O)O2)=CC[C@]2(C)[C@H]1C[C@]1(O)[C@H]3O[C@]34C=CC(=O)OC(C)(C)[C@@H]4[C@H](OC(C)=O)C[C@@H]21,C=C1C([C@@H](C)[C@H]2CC=C(C)C(=O)O2)=CC[C@]2(C)[C@H]1C[C@]1(O)[C@H]3O[C@]34C=CC(=O)OC(C)(C)[C@@H]4[C@H](OC(C)=O)C[C@@H]21,C=C1C(C(C)C2CC=C(C)C(=O)O2)=CCC2(C)C1CC1(O)C2CC(OC(C)=O)C2C(C)(C)OC(=O)C=CC23OC13,NUGUABFSSDNCNU-NDARPQDRSA-N,NUGUABFSSDNCNU,eligible,552.664,4.125,111.66,1,8,3,40,6,0.3162,0,1,1,False,predicted,eligible,False,[],1,C=C1C([C@@H](C)[C@H]2CC=C(C)C(=O)O2)=CC[C@]2(C)[C@H]1C[C@]1(O)[C@H]3O[C@]34C=CC(=O)OC(C)(C)[C@@H]4[C@H](OC(C)=O)C[C@@H]21,NUGUABFSSDNCNU-NDARPQDRSA-N,False,[],[],False,False,C=C1C(CC2CC=CC(=O)O2)=CCC2C1CC1C2CCC2COC(=O)C=CC23OC13,-8.546358108520508,-7.642430782318115,0.6762300729751587,0.2037037037037037,True,descriptor_ridge,2026-09-28T20:42:25.342233+00:00,C=C1C([C@@H](C)[C@H]2CC=C(C)C(=O)O2)=CC[C@]2(C)[C@H]1C[C@]1(O)[C@H]3O[C@]34C=CC(=O)OC(C)(C)[C@@H]4[C@H](OC(C)=O)C[C@@H]21,NUGUABFSSDNCNU-NDARPQDRSA-N,NUGUABFSSDNCNU-NDARPQDRSA-N,[],[],exchangeable_tertiary_ring_NH_and_full_potential_stereo_v3_20260929,10,10,108.65475614611205,6,C=C1C([C@@H](C)[C@H]2CC=C(C)C(=O)O2)=CC[C@]2(C)[C@H]1C[C@]1(O)[C@H]3O[C@]34C=CC(=O)OC(C)(C)[C@@H]4[C@H](OC(C)=O)C[C@@H]21,True,True,C=C1C([C@@H](C)[C@H]2CC=C(C)C(=O)O2)=CC[C@]2(C)[C@H]1C[C@]1(O)[C@H]3O[C@]34C=CC(=O)OC(C)(C)[C@@H]4[C@H](OC(C)=O)C[C@@H]21,True,True,prepared,<PACKAGE_ROOT>\Documents\Codex\TMC1_R2_Scratch_20260929\03_compute\formal_forward_v2_resume124\ligands\LIB_NUGUABFSSDNCNU.sdf,cf8e94e8979ce8a86703856604dbfc2dbcd837a0a4392c1b286a896c4e36eb10,<PACKAGE_ROOT>\Documents\Codex\TMC1_R2_Scratch_20260929\03_compute\formal_forward_v2_resume124\ligands\LIB_NUGUABFSSDNCNU.pdbqt,564516e40b8c4584a6b93ee68be77fc4d317cca6ea730ebd195b2316a5f98486,3.415
LIB_XIRVGXCPGRAYMH,ChEMBL,CHEMBL1080303,CHEMBL1080303,https://www.ebi.ac.uk/chembl/compound_report_card/CHEMBL1080303/,Cn1cnc(-c2cccc(NC(=O)Nc3cc(C(F)(F)F)ccc3F)c2)c1-c1cc2c(N)ncnc2s1,Cn1cnc(-c2cccc(NC(=O)Nc3cc(C(F)(F)F)ccc3F)c2)c1-c1cc2c(N)ncnc2s1,Cn1cnc(-c2cccc(NC(=O)Nc3cc(C(F)(F)F)ccc3F)c2)c1-c1cc2c(N)ncnc2s1,XIRVGXCPGRAYMH-UHFFFAOYSA-N,XIRVGXCPGRAYMH,eligible,527.507,6.143,110.75,3,6,4,37,5,0.2432,0,1,1,False,predicted,eligible,False,[],1,Cn1cnc(-c2cccc(NC(=O)Nc3cc(C(F)(F)F)ccc3F)c2)c1-c1cc2c(N)ncnc2s1,XIRVGXCPGRAYMH-UHFFFAOYSA-N,False,[],[],False,False,O=C(Nc1ccccc1)Nc1cccc(-c2nc[nH]c2-c2cc3cncnc3s2)c1,-8.537857055664062,-8.272184371948242,0.5252887606620789,0.26732673267326734,True,descriptor_ridge;AI_initial,2026-09-28T20:42:28.759019+00:00,Cn1cnc(-c2cccc(NC(=O)Nc3cc(C(F)(F)F)ccc3F)c2)c1-c1cc2c(N)ncnc2s1,XIRVGXCPGRAYMH-UHFFFAOYSA-N,XIRVGXCPGRAYMH-UHFFFAOYSA-N,[],[],exchangeable_tertiary_ring_NH_and_full_potential_stereo_v3_20260929,10,10,-27.307846230941813,3,Cn1cnc(-c2cccc(NC(=O)Nc3cc(C(F)(F)F)ccc3F)c2)c1-c1cc2c(N)ncnc2s1,True,True,Cn1cnc(-c2cccc(NC(=O)Nc3cc(C(F)(F)F)ccc3F)c2)c1-c1cc2c(N)ncnc2s1,True,True,prepared,<PACKAGE_ROOT>\Documents\Codex\TMC1_R2_Scratch_20260929\03_compute\formal_forward_v2_resume124\ligands\LIB_XIRVGXCPGRAYMH.sdf,2db1747ca271e49479c3b06668b04bf1001ed64414c1c376aa9e1bab3e4a3626,<PACKAGE_ROOT>\Documents\Codex\TMC1_R2_Scratch_20260929\03_compute\formal_forward_v2_resume124\ligands\LIB_XIRVGXCPGRAYMH.pdbqt,ccd90fe6aa7d1813f82ea47ec13d1180c01ec7d8c51c1b9f0a462363540ff5aa,0.91
LIB_TZXMBOAOKBVBBT,ChEMBL,CHEMBL1076012,CHEMBL1076012,https://www.ebi.ac.uk/chembl/compound_report_card/CHEMBL1076012/,COc1ccc2nc3cc(Cl)ccc3c(Nc3ccc(Nc4nc(NCCO)nc(Nc5ccccc5)n4)cc3)c2c1,COc1ccc2nc3cc(Cl)ccc3c(Nc3ccc(Nc4nc(NCCO)nc(Nc5ccccc5)n4)cc3)c2c1,COc1ccc2nc3cc(Cl)ccc3c(Nc3ccc(Nc4nc(NCCO)nc(Nc5ccccc5)n4)cc3)c2c1,TZXMBOAOKBVBBT-UHFFFAOYSA-N,TZXMBOAOKBVBBT,eligible,579.064,6.87,129.14,5,10,10,42,6,0.1098,0,1,1,False,predicted,eligible,False,[],1,COc1ccc2nc3cc(Cl)ccc3c(Nc3ccc(Nc4nc(NCCO)nc(Nc5ccccc5)n4)cc3)c2c1,TZXMBOAOKBVBBT-UHFFFAOYSA-N,False,[],[],False,False,c1ccc(Nc2ncnc(Nc3ccc(Nc4c5ccccc5nc5ccccc45)cc3)n2)cc1,-8.531488418579102,-7.928028106689453,0.5651146769523621,0.2777777777777778,True,descriptor_ridge,2026-09-28T20:42:29.671888+00:00,COc1ccc2nc3cc(Cl)ccc3c(Nc3ccc(Nc4nc(NCCO)nc(Nc5ccccc5)n4)cc3)c2c1,TZXMBOAOKBVBBT-UHFFFAOYSA-N,TZXMBOAOKBVBBT-UHFFFAOYSA-N,[],[],exchangeable_tertiary_ring_NH_and_full_potential_stereo_v3_20260929,10,10,-150.06403349192226,4,COc1ccc2nc3cc(Cl)ccc3c(Nc3ccc(Nc4nc(NCCO)nc(Nc5ccccc5)n4)cc3)c2c1,True,True,COc1ccc2nc3cc(Cl)ccc3c(Nc3ccc(Nc4nc(NCCO)nc(Nc5ccccc5)n4)cc3)c2c1,True,True,prepared,<PACKAGE_ROOT>\Documents\Codex\TMC1_R2_Scratch_20260929\03_compute\formal_forward_v2_resume124\ligands\LIB_TZXMBOAOKBVBBT.sdf,17c3b8e8c773ab5a55e025725bb756174a088eb0e8e2f8f25f0965c01c121287,<PACKAGE_ROOT>\Documents\Codex\TMC1_R2_Scratch_20260929\03_compute\formal_forward_v2_resume124\ligands\LIB_TZXMBOAOKBVBBT.pdbqt,2b38523c745723a2454ca4807c263207cf5a3d3c65ff1bbb58d7686e27472d8a,1.313
LIB_BVSAMPPWSKMOPZ,ChEMBL,CHEMBL1077065,CHEMBL1077065,https://www.ebi.ac.uk/chembl/compound_report_card/CHEMBL1077065/,C=C1[C@H]([C@@H](C)[C@H]2CC=C(C)C(=O)O2)CC[C@]2(C)[C@H]1C[C@]1(O)C=C3C=CC(=O)OC(C)(C)[C@@H]3[C@H](OC(C)=O)C[C@@H]21,C=C1[C@H]([C@@H](C)[C@H]2CC=C(C)C(=O)O2)CC[C@]2(C)[C@H]1C[C@]1(O)C=C3C=CC(=O)OC(C)(C)[C@@H]3[C@H](OC(C)=O)C[C@@H]21,C=C1C(C(C)C2CC=C(C)C(=O)O2)CCC2(C)C1CC1(O)C=C3C=CC(=O)OC(C)(C)C3C(OC(C)=O)CC12,BVSAMPPWSKMOPZ-DIKWVSQDSA-N,BVSAMPPWSKMOPZ,eligible,538.681,4.994,99.13,1,7,3,39,5,0.3069,0,1,1,False,predicted,eligible,False,[],1,C=C1[C@H]([C@@H](C)[C@H]2CC=C(C)C(=O)O2)CC[C@]2(C)[C@H]1C[C@]1(O)C=C3C=CC(=O)OC(C)(C)[C@@H]3[C@H](OC(C)=O)C[C@@H]21,BVSAMPPWSKMOPZ-DIKWVSQDSA-N,False,[],[],False,False,C=C1C(CC2CC=CC(=O)O2)CCC2C1CC1C=C3C=CC(=O)OCC3CCC12,-8.52418041229248,-7.589593410491943,0.7162615656852722,0.22115384615384615,True,descriptor_ridge,2026-09-28T20:42:30.985343+00:00,C=C1[C@H]([C@@H](C)[C@H]2CC=C(C)C(=O)O2)CC[C@]2(C)[C@H]1C[C@]1(O)C=C3C=CC(=O)OC(C)(C)[C@@H]3[C@H](OC(C)=O)C[C@@H]21,BVSAMPPWSKMOPZ-DIKWVSQDSA-N,BVSAMPPWSKMOPZ-DIKWVSQDSA-N,[],[],exchangeable_tertiary_ring_NH_and_full_potential_stereo_v3_20260929,10,10,125.12872282850857,6,C=C1[C@H]([C@@H](C)[C@H]2CC=C(C)C(=O)O2)CC[C@]2(C)[C@H]1C[C@]1(O)C=C3C=CC(=O)OC(C)(C)[C@@H]3[C@H](OC(C)=O)C[C@@H]21,True,True,C=C1[C@H]([C@@H](C)[C@H]2CC=C(C)C(=O)O2)CC[C@]2(C)[C@H]1C[C@]1(O)C=C3C=CC(=O)OC(C)(C)[C@@H]3[C@H](OC(C)=O)C[C@@H]21,True,True,prepared,<PACKAGE_ROOT>\Documents\Codex\TMC1_R2_Scratch_20260929\03_compute\formal_forward_v2_resume124\ligands\LIB_BVSAMPPWSKMOPZ.sdf,f02e0a08cdaa5a2bce57b94e9d59fa1658f159d745a1fea21e08c85f3b2bc95f,<PACKAGE_ROOT>\Documents\Codex\TMC1_R2_Scratch_20260929\03_compute\formal_forward_v2_resume124\ligands\LIB_BVSAMPPWSKMOPZ.pdbqt,288fec7bf3a41d08d5dd31b26f680bb105ae5b97eaf93b4fb2a3fef34cbe45d6,2.366
LIB_UXMLFMZVVWDUFA,ChEMBL,CHEMBL1077103,CHEMBL1077103,https://www.ebi.ac.uk/chembl/compound_report_card/CHEMBL1077103/,C=C1[C@@H]2C[C@]3(O)[C@H]4O[C@]45C=CC(=O)OC(C)(C)[C@@H]5[C@H](O)C[C@H]3[C@]2(C)CC[C@@]1(O)[C@@H](C)[C@H]1CC=C(C)C(=O)O1,C=C1[C@@H]2C[C@]3(O)[C@H]4O[C@]45C=CC(=O)OC(C)(C)[C@@H]5[C@H](O)C[C@H]3[C@]2(C)CC[C@@]1(O)[C@@H](C)[C@H]1CC=C(C)C(=O)O1,C=C1C2CC3(O)C(CC(O)C4C(C)(C)OC(=O)C=CC45OC35)C2(C)CCC1(O)C(C)C1CC=C(C)C(=O)O1,UXMLFMZVVWDUFA-XPVDLBESSA-N,UXMLFMZVVWDUFA,eligible,528.642,2.749,125.82,3,8,2,38,6,0.2839,0,1,1,False,predicted,eligible,False,[],1,C=C1[C@@H]2C[C@]3(O)[C@H]4O[C@]45C=CC(=O)OC(C)(C)[C@@H]5[C@H](O)C[C@H]3[C@]2(C)CC[C@@]1(O)[C@@H](C)[C@H]1CC=C(C)C(=O)O1,UXMLFMZVVWDUFA-XPVDLBESSA-N,False,[],[],False,False,C=C1C(CC2CC=CC(=O)O2)CCC2C1CC1C2CCC2COC(=O)C=CC23OC13,-8.523223876953125,-7.618255615234375,0.6458267569541931,0.1953125,True,descriptor_ridge,2026-09-28T20:42:33.352166+00:00,C=C1[C@@H]2C[C@]3(O)[C@H]4O[C@]45C=CC(=O)OC(C)(C)[C@@H]5[C@H](O)C[C@H]3[C@]2(C)CC[C@@]1(O)[C@@H](C)[C@H]1CC=C(C)C(=O)O1,UXMLFMZVVWDUFA-XPVDLBESSA-N,UXMLFMZVVWDUFA-XPVDLBESSA-N,[],[],exchangeable_tertiary_ring_NH_and_full_potential_stereo_v3_20260929,10,10,128.29039339428954,5,C=C1[C@@H]2C[C@]3(O)[C@H]4O[C@]45C=CC(=O)OC(C)(C)[C@@H]5[C@H](O)C[C@H]3[C@]2(C)CC[C@@]1(O)[C@@H](C)[C@H]1CC=C(C)C(=O)O1,True,True,C=C1[C@@H]2C[C@]3(O)[C@H]4O[C@]45C=CC(=O)OC(C)(C)[C@@H]5[C@H](O)C[C@H]3[C@]2(C)CC[C@@]1(O)[C@@H](C)[C@H]1CC=C(C)C(=O)O1,True,True,prepared,<PACKAGE_ROOT>\Documents\Codex\TMC1_R2_Scratch_20260929\03_compute\formal_forward_v2_resume124\ligands\LIB_UXMLFMZVVWDUFA.sdf,ded8087c2f226500ee889c53f8e677ffa94e2b2b924010ea705e4fab038d499f,<PACKAGE_ROOT>\Documents\Codex\TMC1_R2_Scratch_20260929\03_compute\formal_forward_v2_resume124\ligands\LIB_UXMLFMZVVWDUFA.pdbqt,f3efd1597e638263e732ad90fe7267a65003bb3a3f29b938eaf38f3eab0810ee,2.043
LIB_ASWUBISYJRGUGG,ChEMBL,CHEMBL1077229,CHEMBL1077229,https://www.ebi.ac.uk/chembl/compound_report_card/CHEMBL1077229/,C[C@H](O)CNc1nccc(-n2ccnc2-c2cccc(NC(=O)Nc3ccc(N4CCOCC4)c(C(F)(F)F)c3)c2)n1,C[C@H](O)CNc1nccc(-n2ccnc2-c2cccc(NC(=O)Nc3ccc(N4CCOCC4)c(C(F)(F)F)c3)c2)n1,CC(O)CNc1nccc(-n2ccnc2-c2cccc(NC(=O)Nc3ccc(N4CCOCC4)c(C(F)(F)F)c3)c2)n1,ASWUBISYJRGUGG-SFHVURJKSA-N,ASWUBISYJRGUGG,eligible,582.587,4.621,129.46,4,8,8,42,5,0.237,0,1,1,False,predicted,eligible,False,[],1,C[C@H](O)CNc1nccc(-n2ccnc2-c2cccc(NC(=O)Nc3ccc(N4CCOCC4)c(C(F)(F)F)c3)c2)n1,ASWUBISYJRGUGG-SFHVURJKSA-N,False,[],[],False,False,O=C(Nc1ccc(N2CCOCC2)cc1)Nc1cccc(-c2nccn2-c2ccncn2)c1,-8.522014617919922,-8.264978408813477,0.5361037254333496,0.3669724770642202,False,descriptor_ridge;AI_initial,2026-09-28T20:42:35.396000+00:00,C[C@H](O)CNc1nccc(-n2ccnc2-c2cccc(NC(=O)Nc3ccc(N4CCOCC4)c(C(F)(F)F)c3)c2)n1,ASWUBISYJRGUGG-SFHVURJKSA-N,ASWUBISYJRGUGG-SFHVURJKSA-N,[],[],exchangeable_tertiary_ring_NH_and_full_potential_stereo_v3_20260929,10,10,25.607631335209128,8,C[C@H](O)CNc1nccc(-n2ccnc2-c2cccc(NC(=O)Nc3ccc(N4CCOCC4)c(C(F)(F)F)c3)c2)n1,True,True,C[C@H](O)CNc1nccc(-n2ccnc2-c2cccc(NC(=O)Nc3ccc(N4CCOCC4)c(C(F)(F)F)c3)c2)n1,True,True,prepared,<PACKAGE_ROOT>\Documents\Codex\TMC1_R2_Scratch_20260929\03_compute\formal_forward_v2_resume124\ligands\LIB_ASWUBISYJRGUGG.sdf,c8775e062bef57b897fa70dd2f297ff97217f3b9a928ea82a79d588afc08a249,<PACKAGE_ROOT>\Documents\Codex\TMC1_R2_Scratch_20260929\03_compute\formal_forward_v2_resume124\ligands\LIB_ASWUBISYJRGUGG.pdbqt,9d3a98fc68cee5cb83f30e0776dcffd32ed652f2760d9c03107646c6bb1ce71e,1.799
LIB_BDNDOZRIKYDPKJ,ChEMBL,CHEMBL1075667,CHEMBL1075667,https://www.ebi.ac.uk/chembl/compound_report_card/CHEMBL1075667/,CCOc1cc(OCC)c(C(F)(F)F)cc1NC(=O)Nc1cccc(-c2cn3ccnc3c(NCc3ccncc3)n2)c1,CCOc1cc(OCC)c(C(F)(F)F)cc1NC(=O)Nc1cccc(-c2cn3ccnc3c(NCc3ccncc3)n2)c1,CCOc1cc(OCC)c(C(F)(F)F)cc1NC(=O)Nc1cccc(-c2cn3ccnc3c(NCc3ccncc3)n2)c1,BDNDOZRIKYDPKJ-UHFFFAOYSA-N,BDNDOZRIKYDPKJ,eligible,591.594,6.864,114.7,3,7,10,43,5,0.1625,0,1,1,False,predicted,eligible,False,[],1,CCOc1cc(OCC)c(C(F)(F)F)cc1NC(=O)Nc1cccc(-c2cn3ccnc3c(NCc3ccncc3)n2)c1,BDNDOZRIKYDPKJ-UHFFFAOYSA-N,False,[],[],False,False,O=C(Nc1ccccc1)Nc1cccc(-c2cn3ccnc3c(NCc3ccncc3)n2)c1,-8.520813941955566,-8.0399751663208,0.5907712578773499,0.27,True,descriptor_ridge,2026-09-28T20:42:37.195698+00:00,CCOc1cc(OCC)c(C(F)(F)F)cc1NC(=O)Nc1cccc(-c2cn3ccnc3c(NCc3ccncc3)n2)c1,BDNDOZRIKYDPKJ-UHFFFAOYSA-N,BDNDOZRIKYDPKJ-UHFFFAOYSA-N,[],[],exchangeable_tertiary_ring_NH_and_full_potential_stereo_v3_20260929,10,10,-4.816849892148319,5,CCOc1cc(OCC)c(C(F)(F)F)cc1NC(=O)Nc1cccc(-c2cn3ccnc3c(NCc3ccncc3)n2)c1,True,True,CCOc1cc(OCC)c(C(F)(F)F)cc1NC(=O)Nc1cccc(-c2cn3ccnc3c(NCc3ccncc3)n2)c1,True,True,prepared,<PACKAGE_ROOT>\Documents\Codex\TMC1_R2_Scratch_20260929\03_compute\formal_forward_v2_resume124\ligands\LIB_BDNDOZRIKYDPKJ.sdf,e471eb7764b33ec626b443c837aed9042b0dea42dacbf5e975abf113a2f00d90,<PACKAGE_ROOT>\Documents\Codex\TMC1_R2_Scratch_20260929\03_compute\formal_forward_v2_resume124\ligands\LIB_BDNDOZRIKYDPKJ.pdbqt,9b0c4af71c8b8d0bd754e6606161adf97aed9269a426968b1bc8e64b64dd62ae,1.677
LIB_FRBJLBMEOUWTOH,ChEMBL,CHEMBL1085061,CHEMBL1085061,https://www.ebi.ac.uk/chembl/compound_report_card/CHEMBL1085061/,CN1CCN(c2cccc(-c3cnn4c(N)c(-c5ccc(NC(=O)Nc6ccccc6Cl)cc5)cnc34)c2)CC1,CN1CCN(c2cccc(-c3cnn4c(N)c(-c5ccc(NC(=O)Nc6ccccc6Cl)cc5)cnc34)c2)CC1,CN1CCN(c2cccc(-c3cnn4c(N)c(-c5ccc(NC(=O)Nc6ccccc6Cl)cc5)cnc34)c2)CC1,FRBJLBMEOUWTOH-UHFFFAOYSA-N,FRBJLBMEOUWTOH,eligible,553.07,5.695,103.82,3,6,5,40,6,0.2585,0,1,1,False,predicted,eligible,False,[],1,C[NH+]1CCN(c2cccc(-c3cnn4c(N)c(-c5ccc(NC(=O)Nc6ccccc6Cl)cc5)cnc34)c2)CC1,FRBJLBMEOUWTOH-UHFFFAOYSA-O,False,[],[1],False,False,O=C(Nc1ccccc1)Nc1ccc(-c2cnc3c(-c4cccc(N5CC[NH2+]CC5)c4)cnn3c2)cc1,-8.518061637878418,-8.291219711303711,0.5144037008285522,0.3069306930693069,False,descriptor_ridge;AI_initial,2026-09-28T20:42:38.873750+00:00,CN1CCN(c2cccc(-c3cnn4c(N)c(-c5ccc(NC(=O)Nc6ccccc6Cl)cc5)cnc34)c2)CC1,FRBJLBMEOUWTOH-UHFFFAOYSA-N,FRBJLBMEOUWTOH-UHFFFAOYSA-O,[],[1],exchangeable_tertiary_ring_NH_and_full_potential_stereo_v3_20260929,9,9,203.65635980568825,4,C[NH+]1CCN(c2cccc(-c3cnn4c(N)c(-c5ccc(NC(=O)Nc6ccccc6Cl)cc5)cnc34)c2)CC1,True,True,C[NH+]1CCN(c2cccc(-c3cnn4c(N)c(-c5ccc(NC(=O)Nc6ccccc6Cl)cc5)cnc34)c2)CC1,True,True,prepared,<PACKAGE_ROOT>\Documents\Codex\TMC1_R2_Scratch_20260929\03_compute\formal_forward_v2_resume124\ligands\LIB_FRBJLBMEOUWTOH.sdf,2006b4dd0540899c5ec28f23cd0db61382ddecd8e4a75c66df9e2df561ca8157,<PACKAGE_ROOT>\Documents\Codex\TMC1_R2_Scratch_20260929\03_compute\formal_forward_v2_resume124\ligands\LIB_FRBJLBMEOUWTOH.pdbqt,a11e75f4f8a51a4b1fa719df97d39a626819b5b16da691fe9ccc2b271fe57662,1.472
LIB_MXPLPMSWGMUSSK,ChEMBL,CHEMBL1084233,CHEMBL1084233,https://www.ebi.ac.uk/chembl/compound_report_card/CHEMBL1084233/,CN1CCN(c2ccc(-c3cnn4c(N)c(-c5ccc(NC(=O)Nc6ccccc6Cl)cc5)cnc34)cc2)CC1,CN1CCN(c2ccc(-c3cnn4c(N)c(-c5ccc(NC(=O)Nc6ccccc6Cl)cc5)cnc34)cc2)CC1,CN1CCN(c2ccc(-c3cnn4c(N)c(-c5ccc(NC(=O)Nc6ccccc6Cl)cc5)cnc34)cc2)CC1,MXPLPMSWGMUSSK-UHFFFAOYSA-N,MXPLPMSWGMUSSK,eligible,553.07,5.695,103.82,3,6,5,40,6,0.2585,0,1,1,False,predicted,eligible,False,[],1,C[NH+]1CCN(c2ccc(-c3cnn4c(N)c(-c5ccc(NC(=O)Nc6ccccc6Cl)cc5)cnc34)cc2)CC1,MXPLPMSWGMUSSK-UHFFFAOYSA-O,False,[],[1],False,False,O=C(Nc1ccccc1)Nc1ccc(-c2cnc3c(-c4ccc(N5CC[NH2+]CC5)cc4)cnn3c2)cc1,-8.518061637878418,-8.359940528869629,0.45716506242752075,0.3229166666666667,False,descriptor_ridge;AI_initial,2026-09-28T20:42:40.348055+00:00,CN1CCN(c2ccc(-c3cnn4c(N)c(-c5ccc(NC(=O)Nc6ccccc6Cl)cc5)cnc34)cc2)CC1,MXPLPMSWGMUSSK-UHFFFAOYSA-N,MXPLPMSWGMUSSK-UHFFFAOYSA-O,[],[1],exchangeable_tertiary_ring_NH_and_full_potential_stereo_v3_20260929,10,10,202.82646079175828,2,C[NH+]1CCN(c2ccc(-c3cnn4c(N)c(-c5ccc(NC(=O)Nc6ccccc6Cl)cc5)cnc34)cc2)CC1,True,True,C[NH+]1CCN(c2ccc(-c3cnn4c(N)c(-c5ccc(NC(=O)Nc6ccccc6Cl)cc5)cnc34)cc2)CC1,True,True,prepared,<PACKAGE_ROOT>\Documents\Codex\TMC1_R2_Scratch_20260929\03_compute\formal_forward_v2_resume124\ligands\LIB_MXPLPMSWGMUSSK.sdf,290100454b802aa53ee39558867128a1fc8e6a9ef41aa4eb0366aa53590b4d48,<PACKAGE_ROOT>\Documents\Codex\TMC1_R2_Scratch_20260929\03_compute\formal_forward_v2_resume124\ligands\LIB_MXPLPMSWGMUSSK.pdbqt,7e9443c8322047a1a4544a666e872d794d6a2037c6cd2761a9169f81e188921e,1.422
LIB_YXYHBHJWEGGSMU,ChEMBL,CHEMBL1076202,CHEMBL1076202,https://www.ebi.ac.uk/chembl/compound_report_card/CHEMBL1076202/,Cc1ccc(C(=O)Nc2cccc(C(F)(F)F)c2)cc1Nc1nc2ccccc2n1-c1cc(NCCC#N)ncn1,Cc1ccc(C(=O)Nc2cccc(C(F)(F)F)c2)cc1Nc1nc2ccccc2n1-c1cc(NCCC#N)ncn1,Cc1ccc(C(=O)Nc2cccc(C(F)(F)F)c2)cc1Nc1nc2ccccc2n1-c1cc(NCCC#N)ncn1,YXYHBHJWEGGSMU-UHFFFAOYSA-N,YXYHBHJWEGGSMU,eligible,556.552,6.464,120.55,3,7,8,41,5,0.1875,0,1,1,False,predicted,eligible,False,[],1,Cc1ccc(C(=O)Nc2cccc(C(F)(F)F)c2)cc1Nc1nc2ccccc2n1-c1cc(NCCC#N)ncn1,YXYHBHJWEGGSMU-UHFFFAOYSA-N,False,[],[],False,False,O=C(Nc1ccccc1)c1cccc(Nc2nc3ccccc3n2-c2ccncn2)c1,-8.517948150634766,-8.02877140045166,0.5661577582359314,0.22988505747126436,True,descriptor_ridge,2026-09-28T20:42:41.770876+00:00,Cc1ccc(C(=O)Nc2cccc(C(F)(F)F)c2)cc1Nc1nc2ccccc2n1-c1cc(NCCC#N)ncn1,YXYHBHJWEGGSMU-UHFFFAOYSA-N,YXYHBHJWEGGSMU-UHFFFAOYSA-N,[],[],exchangeable_tertiary_ring_NH_and_full_potential_stereo_v3_20260929,10,10,36.167102223059246,0,Cc1ccc(C(=O)Nc2cccc(C(F)(F)F)c2)cc1Nc1nc2ccccc2n1-c1cc(NCCC#N)ncn1,True,True,Cc1ccc(C(=O)Nc2cccc(C(F)(F)F)c2)cc1Nc1nc2ccccc2n1-c1cc(NCCC#N)ncn1,True,True,prepared,<PACKAGE_ROOT>\Documents\Codex\TMC1_R2_Scratch_20260929\03_compute\formal_forward_v2_resume124\ligands\LIB_YXYHBHJWEGGSMU.sdf,85a2cb8c90caa75505765cbe04c41c3993c34cddc36a9ccb71228d9502d08dea,<PACKAGE_ROOT>\Documents\Codex\TMC1_R2_Scratch_20260929\03_compute\formal_forward_v2_resume124\ligands\LIB_YXYHBHJWEGGSMU.pdbqt,4366bb30a40702b94bd04cabac0655035fb702f73de9f38ec713f6f365f2226d,1.157
LIB_FJVVJMGKCIJNGX,ChEMBL,CHEMBL1048,CHEMBL1048,https://www.ebi.ac.uk/chembl/compound_report_card/CHEMBL1048/,COc1cc(C(=O)NS(=O)(=O)c2ccccc2C)ccc1Cc1c[nH]c2ccc(NC(=O)OC3CCCC3)cc12,COc1cc(C(=O)NS(=O)(=O)c2ccccc2C)ccc1Cc1c[nH]c2ccc(NC(=O)OC3CCCC3)cc12,COc1cc(C(=O)NS(=O)(=O)c2ccccc2C)ccc1Cc1c[nH]c2ccc(NC(=O)OC3CCCC3)cc12,FJVVJMGKCIJNGX-UHFFFAOYSA-N,FJVVJMGKCIJNGX,eligible,561.66,5.686,126.59,3,6,8,40,5,0.2539,0,1,1,False,predicted,eligible,False,[],1,COc1cc(C(=O)[N-]S(=O)(=O)c2ccccc2C)ccc1Cc1c[nH]c2ccc(NC(=O)OC3CCCC3)cc12,HADXSFJOTMKXSB-UHFFFAOYSA-M,False,[],[],False,False,O=C(Nc1ccc2[nH]cc(Cc3ccc(C(=O)[N-]S(=O)(=O)c4ccccc4)cc3)c2c1)OC1CCCC1,-8.516833305358887,-7.692965507507324,0.5268600583076477,0.7654320987654321,False,descriptor_ridge,2026-09-28T20:42:42.929935+00:00,COc1cc(C(=O)NS(=O)(=O)c2ccccc2C)ccc1Cc1c[nH]c2ccc(NC(=O)OC3CCCC3)cc12,FJVVJMGKCIJNGX-UHFFFAOYSA-N,HADXSFJOTMKXSB-UHFFFAOYSA-M,[],[],exchangeable_tertiary_ring_NH_and_full_potential_stereo_v3_20260929,10,10,60.62829778811138,6,COc1cc(C(=O)[N-]S(=O)(=O)c2ccccc2C)ccc1Cc1c[nH]c2ccc(NC(=O)OC3CCCC3)cc12,True,True,COc1cc(C(=O)[N-]S(=O)(=O)c2ccccc2C)ccc1Cc1c[nH]c2ccc(NC(=O)OC3CCCC3)cc12,True,True,prepared,<PACKAGE_ROOT>\Documents\Codex\TMC1_R2_Scratch_20260929\03_compute\formal_forward_v2_resume124\ligands\LIB_FJVVJMGKCIJNGX.sdf,b7388777dda8d55479c7f47ec3373aa514214f6eeb9b53a9d5d60d2fa767a99d,<PACKAGE_ROOT>\Documents\Codex\TMC1_R2_Scratch_20260929\03_compute\formal_forward_v2_resume124\ligands\LIB_FJVVJMGKCIJNGX.pdbqt,7ac10dfaaabcfc29edcce784ce8a8c48ec95ac943a7a641aaef61177393593c1,1.394
LIB_VPYOIPWGVNGDBV,ChEMBL,CHEMBL1077104,CHEMBL1077104,https://www.ebi.ac.uk/chembl/compound_report_card/CHEMBL1077104/,C=C1C([C@@H](C)[C@H]2CC=C(C)C(=O)O2)=CC[C@]2(C)[C@H]1C[C@]1(O)C=C3C=CC(=O)OC(C)(C)[C@@H]3[C@H](OC(C)=O)C[C@@H]21,C=C1C([C@@H](C)[C@H]2CC=C(C)C(=O)O2)=CC[C@]2(C)[C@H]1C[C@]1(O)C=C3C=CC(=O)OC(C)(C)[C@@H]3[C@H](OC(C)=O)C[C@@H]21,C=C1C(C(C)C2CC=C(C)C(=O)O2)=CCC2(C)C1CC1(O)C=C3C=CC(=O)OC(C)(C)C3C(OC(C)=O)CC12,VPYOIPWGVNGDBV-XVLJLTBWSA-N,VPYOIPWGVNGDBV,eligible,536.665,4.914,99.13,1,7,3,39,5,0.404,0,1,1,False,predicted,eligible,False,[],1,C=C1C([C@@H](C)[C@H]2CC=C(C)C(=O)O2)=CC[C@]2(C)[C@H]1C[C@]1(O)C=C3C=CC(=O)OC(C)(C)[C@@H]3[C@H](OC(C)=O)C[C@@H]21,VPYOIPWGVNGDBV-XVLJLTBWSA-N,False,[],[],False,False,C=C1C(CC2CC=CC(=O)O2)=CCC2C1CC1C=C3C=CC(=O)OCC3CCC12,-8.516695022583008,-7.562141418457031,0.8025932312011719,0.2,True,descriptor_ridge,2026-09-28T20:42:44.324277+00:00,C=C1C([C@@H](C)[C@H]2CC=C(C)C(=O)O2)=CC[C@]2(C)[C@H]1C[C@]1(O)C=C3C=CC(=O)OC(C)(C)[C@@H]3[C@H](OC(C)=O)C[C@@H]21,VPYOIPWGVNGDBV-XVLJLTBWSA-N,VPYOIPWGVNGDBV-XVLJLTBWSA-N,[],[],exchangeable_tertiary_ring_NH_and_full_potential_stereo_v3_20260929,10,10,112.83408958699675,5,C=C1C([C@@H](C)[C@H]2CC=C(C)C(=O)O2)=CC[C@]2(C)[C@H]1C[C@]1(O)C=C3C=CC(=O)OC(C)(C)[C@@H]3[C@H](OC(C)=O)C[C@@H]21,True,True,C=C1C([C@@H](C)[C@H]2CC=C(C)C(=O)O2)=CC[C@]2(C)[C@H]1C[C@]1(O)C=C3C=CC(=O)OC(C)(C)[C@@H]3[C@H](OC(C)=O)C[C@@H]21,True,True,prepared,<PACKAGE_ROOT>\Documents\Codex\TMC1_R2_Scratch_20260929\03_compute\formal_forward_v2_resume124\ligands\LIB_VPYOIPWGVNGDBV.sdf,8424162793efc6652c985e7a23f2b9b160fea5a345dcad32941cebf074ffc21a,<PACKAGE_ROOT>\Documents\Codex\TMC1_R2_Scratch_20260929\03_compute\formal_forward_v2_resume124\ligands\LIB_VPYOIPWGVNGDBV.pdbqt,b5a86da8c6b53f86ffa6bff114250a525804ec6764cc49fb04d310836cb5f0ba,2.164
LIB_QQWZHMYUROBWLF,ChEMBL,CHEMBL1080294,CHEMBL1080294,https://www.ebi.ac.uk/chembl/compound_report_card/CHEMBL1080294/,Cc1ccc(C(=O)Nc2cccc(C(F)(F)F)c2)cc1Nc1nc2ccccc2n1-c1ncnc(N)c1C,Cc1ccc(C(=O)Nc2cccc(C(F)(F)F)c2)cc1Nc1nc2ccccc2n1-c1ncnc(N)c1C,Cc1ccc(C(=O)Nc2cccc(C(F)(F)F)c2)cc1Nc1nc2ccccc2n1-c1ncnc(N)c1C,QQWZHMYUROBWLF-UHFFFAOYSA-N,QQWZHMYUROBWLF,eligible,517.515,6.029,110.75,3,6,5,38,5,0.2626,0,1,1,False,predicted,eligible,False,[],1,Cc1ccc(C(=O)Nc2cccc(C(F)(F)F)c2)cc1Nc1nc2ccccc2n1-c1ncnc(N)c1C,QQWZHMYUROBWLF-UHFFFAOYSA-N,False,[],[],False,False,O=C(Nc1ccccc1)c1cccc(Nc2nc3ccccc3n2-c2ccncn2)c1,-8.512155532836914,-8.231115341186523,0.5732182860374451,0.24096385542168675,True,descriptor_ridge;AI_initial,2026-09-28T20:42:46.490639+00:00,Cc1ccc(C(=O)Nc2cccc(C(F)(F)F)c2)cc1Nc1nc2ccccc2n1-c1ncnc(N)c1C,QQWZHMYUROBWLF-UHFFFAOYSA-N,QQWZHMYUROBWLF-UHFFFAOYSA-N,[],[],exchangeable_tertiary_ring_NH_and_full_potential_stereo_v3_20260929,10,10,35.63017599540854,9,Cc1ccc(C(=O)Nc2cccc(C(F)(F)F)c2)cc1Nc1nc2ccccc2n1-c1ncnc(N)c1C,True,True,Cc1ccc(C(=O)Nc2cccc(C(F)(F)F)c2)cc1Nc1nc2ccccc2n1-c1ncnc(N)c1C,True,True,prepared,<PACKAGE_ROOT>\Documents\Codex\TMC1_R2_Scratch_20260929\03_compute\formal_forward_v2_resume124\ligands\LIB_QQWZHMYUROBWLF.sdf,842a3a274347c458c328c278b3c9665926f6dbbdceeafaf553d6c605d3375f1f,<PACKAGE_ROOT>\Documents\Codex\TMC1_R2_Scratch_20260929\03_compute\formal_forward_v2_resume124\ligands\LIB_QQWZHMYUROBWLF.pdbqt,c69a15fe703fda2e4bc3570b3f153b5b648947c9d15d4b774ad582a1603957f6,0.93
LIB_FILQIUCXPQZUON,ChEMBL,CHEMBL1076478,CHEMBL1076478,https://www.ebi.ac.uk/chembl/compound_report_card/CHEMBL1076478/,Cc1ccc(NC(=O)c2cccc(C(F)(F)F)c2)cc1Nc1nc2ccccc2n1-c1cc(NCCCN2CCN(C)CC2)ncn1,Cc1ccc(NC(=O)c2cccc(C(F)(F)F)c2)cc1Nc1nc2ccccc2n1-c1cc(NCCCN2CCN(C)CC2)ncn1,Cc1ccc(NC(=O)c2cccc(C(F)(F)F)c2)cc1Nc1nc2ccccc2n1-c1cc(NCCCN2CCN(C)CC2)ncn1,FILQIUCXPQZUON-UHFFFAOYSA-N,FILQIUCXPQZUON,eligible,643.718,6.188,103.24,3,8,10,47,6,0.155,0,1,1,False,predicted,eligible,False,[],1,Cc1ccc(NC(=O)c2cccc(C(F)(F)F)c2)cc1Nc1nc2ccccc2n1-c1cc(NCCC[NH+]2CC[NH+](C)CC2)ncn1,FILQIUCXPQZUON-UHFFFAOYSA-P,True,"[[""Atom_Tetrahedral"", 37], [""Atom_Tetrahedral"", 40]]","[37, 40]",False,True,O=C(Nc1cccc(Nc2nc3ccccc3n2-c2cc(NCCC[NH+]3CC[NH2+]CC3)ncn2)c1)c1ccccc1,-8.50739860534668,-8.026354789733887,0.6227530837059021,0.26956521739130435,True,descriptor_ridge,2026-09-28T20:42:47.422058+00:00,Cc1ccc(NC(=O)c2cccc(C(F)(F)F)c2)cc1Nc1nc2ccccc2n1-c1cc(NCCCN2CCN(C)CC2)ncn1,FILQIUCXPQZUON-UHFFFAOYSA-N,FILQIUCXPQZUON-UHFFFAOYSA-P,"[[""Atom_Tetrahedral"", 37], [""Atom_Tetrahedral"", 40]]","[37, 40]",exchangeable_tertiary_ring_NH_and_full_potential_stereo_v3_20260929,10,10,195.44746275652273,9,Cc1ccc(NC(=O)c2cccc(C(F)(F)F)c2)cc1Nc1nc2ccccc2n1-c1cc(NCCC[N@H+]2CC[N@@H+](C)CC2)ncn1,False,True,Cc1ccc(NC(=O)c2cccc(C(F)(F)F)c2)cc1Nc1nc2ccccc2n1-c1cc(NCCC[N@H+]2CC[N@@H+](C)CC2)ncn1,False,True,prepared,<PACKAGE_ROOT>\Documents\Codex\TMC1_R2_Scratch_20260929\03_compute\formal_forward_v2_resume124\ligands\LIB_FILQIUCXPQZUON.sdf,8d1ea9ef81dfa7d63bcac565a2efd6cac904457965d4ace8bac11bf6ac59268b,<PACKAGE_ROOT>\Documents\Codex\TMC1_R2_Scratch_20260929\03_compute\formal_forward_v2_resume124\ligands\LIB_FILQIUCXPQZUON.pdbqt,6aa5e9559caef6574e6293d09985d10f095bec2804929f6721e6e515a203043f,2.611
LIB_YGTYIGUWQYTZMS,ChEMBL,CHEMBL1076201,CHEMBL1076201,https://www.ebi.ac.uk/chembl/compound_report_card/CHEMBL1076201/,Cc1ccc(C(=O)Nc2cccc(C(F)(F)F)c2)cc1Nc1nc2ccccc2n1-c1cc(NCCCN2CCN(C)CC2)ncn1,Cc1ccc(C(=O)Nc2cccc(C(F)(F)F)c2)cc1Nc1nc2ccccc2n1-c1cc(NCCCN2CCN(C)CC2)ncn1,Cc1ccc(C(=O)Nc2cccc(C(F)(F)F)c2)cc1Nc1nc2ccccc2n1-c1cc(NCCCN2CCN(C)CC2)ncn1,YGTYIGUWQYTZMS-UHFFFAOYSA-N,YGTYIGUWQYTZMS,eligible,643.718,6.188,103.24,3,8,10,47,6,0.155,0,1,1,False,predicted,eligible,False,[],1,Cc1ccc(C(=O)Nc2cccc(C(F)(F)F)c2)cc1Nc1nc2ccccc2n1-c1cc(NCCC[NH+]2CC[NH+](C)CC2)ncn1,YGTYIGUWQYTZMS-UHFFFAOYSA-P,True,"[[""Atom_Tetrahedral"", 37], [""Atom_Tetrahedral"", 40]]","[37, 40]",False,True,O=C(Nc1ccccc1)c1cccc(Nc2nc3ccccc3n2-c2cc(NCCC[NH+]3CC[NH2+]CC3)ncn2)c1,-8.50739860534668,-8.00680923461914,0.6468208432197571,0.2647058823529412,True,descriptor_ridge,2026-09-28T20:42:50.034373+00:00,Cc1ccc(C(=O)Nc2cccc(C(F)(F)F)c2)cc1Nc1nc2ccccc2n1-c1cc(NCCCN2CCN(C)CC2)ncn1,YGTYIGUWQYTZMS-UHFFFAOYSA-N,YGTYIGUWQYTZMS-UHFFFAOYSA-P,"[[""Atom_Tetrahedral"", 37], [""Atom_Tetrahedral"", 40]]","[37, 40]",exchangeable_tertiary_ring_NH_and_full_potential_stereo_v3_20260929,10,10,183.38440008150178,6,Cc1ccc(C(=O)Nc2cccc(C(F)(F)F)c2)cc1Nc1nc2ccccc2n1-c1cc(NCCC[N@H+]2CC[N@@H+](C)CC2)ncn1,False,True,Cc1ccc(C(=O)Nc2cccc(C(F)(F)F)c2)cc1Nc1nc2ccccc2n1-c1cc(NCCC[N@H+]2CC[N@@H+](C)CC2)ncn1,False,True,prepared,<PACKAGE_ROOT>\Documents\Codex\TMC1_R2_Scratch_20260929\03_compute\formal_forward_v2_resume124\ligands\LIB_YGTYIGUWQYTZMS.sdf,280d07e0bc3d9dd552865665619d06d97c9a63a232c7674d7972fe6a453e521f,<PACKAGE_ROOT>\Documents\Codex\TMC1_R2_Scratch_20260929\03_compute\formal_forward_v2_resume124\ligands\LIB_YGTYIGUWQYTZMS.pdbqt,9791b9c6749ff9518c96a4dc8d7639372b7f7ac2586184ada1c889dd8988a41c,2.492
LIB_FZTHERNGBACIMX,ChEMBL,CHEMBL1077228,CHEMBL1077228,https://www.ebi.ac.uk/chembl/compound_report_card/CHEMBL1077228/,C[C@H](O)CNc1nccc(-n2ccnc2-c2ccc(NC(=O)c3coc(-c4cc(C(F)(F)F)ccc4Cl)c3)cc2)n1,C[C@H](O)CNc1nccc(-n2ccnc2-c2ccc(NC(=O)c3coc(-c4cc(C(F)(F)F)ccc4Cl)c3)cc2)n1,CC(O)CNc1nccc(-n2ccnc2-c2ccc(NC(=O)c3coc(-c4cc(C(F)(F)F)ccc4Cl)c3)cc2)n1,FZTHERNGBACIMX-INIZCTEOSA-N,FZTHERNGBACIMX,eligible,582.97,6.307,118.1,3,7,8,41,5,0.1962,0,1,1,False,predicted,eligible,False,[],1,C[C@H](O)CNc1nccc(-n2ccnc2-c2ccc(NC(=O)c3coc(-c4cc(C(F)(F)F)ccc4Cl)c3)cc2)n1,FZTHERNGBACIMX-INIZCTEOSA-N,False,[],[],False,False,O=C(Nc1ccc(-c2nccn2-c2ccncn2)cc1)c1coc(-c2ccccc2)c1,-8.504776000976562,-8.172834396362305,0.5028228163719177,0.2823529411764706,True,descriptor_ridge,2026-09-28T20:42:52.527961+00:00,C[C@H](O)CNc1nccc(-n2ccnc2-c2ccc(NC(=O)c3coc(-c4cc(C(F)(F)F)ccc4Cl)c3)cc2)n1,FZTHERNGBACIMX-INIZCTEOSA-N,FZTHERNGBACIMX-INIZCTEOSA-N,[],[],exchangeable_tertiary_ring_NH_and_full_potential_stereo_v3_20260929,10,10,17.966820192054033,1,C[C@H](O)CNc1nccc(-n2ccnc2-c2ccc(NC(=O)c3coc(-c4cc(C(F)(F)F)ccc4Cl)c3)cc2)n1,True,True,C[C@H](O)CNc1nccc(-n2ccnc2-c2ccc(NC(=O)c3coc(-c4cc(C(F)(F)F)ccc4Cl)c3)cc2)n1,True,True,prepared,<PACKAGE_ROOT>\Documents\Codex\TMC1_R2_Scratch_20260929\03_compute\formal_forward_v2_resume124\ligands\LIB_FZTHERNGBACIMX.sdf,526ba6ca98f417afc153cf4cd6b12702b9130e3a6f741f4c5bcb71f2a25907cb,<PACKAGE_ROOT>\Documents\Codex\TMC1_R2_Scratch_20260929\03_compute\formal_forward_v2_resume124\ligands\LIB_FZTHERNGBACIMX.pdbqt,4a98f8c89637fb08dcb7cc3e729d3a55693b830a660f1615158a1ae85b375f84,1.28
LIB_UCYYOFPZYBGIEY,ChEMBL,CHEMBL1077201,CHEMBL1077201,https://www.ebi.ac.uk/chembl/compound_report_card/CHEMBL1077201/,C[C@H](O)CNc1nccc(-n2ccnc2-c2cccc(NC(=O)c3coc(-c4cc(C(F)(F)F)ccc4Cl)c3)c2)n1,C[C@H](O)CNc1nccc(-n2ccnc2-c2cccc(NC(=O)c3coc(-c4cc(C(F)(F)F)ccc4Cl)c3)c2)n1,CC(O)CNc1nccc(-n2ccnc2-c2cccc(NC(=O)c3coc(-c4cc(C(F)(F)F)ccc4Cl)c3)c2)n1,UCYYOFPZYBGIEY-INIZCTEOSA-N,UCYYOFPZYBGIEY,eligible,582.97,6.307,118.1,3,7,8,41,5,0.1962,0,1,1,False,predicted,eligible,False,[],1,C[C@H](O)CNc1nccc(-n2ccnc2-c2cccc(NC(=O)c3coc(-c4cc(C(F)(F)F)ccc4Cl)c3)c2)n1,UCYYOFPZYBGIEY-INIZCTEOSA-N,False,[],[],False,False,O=C(Nc1cccc(-c2nccn2-c2ccncn2)c1)c1coc(-c2ccccc2)c1,-8.504776000976562,-8.14197826385498,0.5036937594413757,0.25252525252525254,True,descriptor_ridge,2026-09-28T20:42:53.809810+00:00,C[C@H](O)CNc1nccc(-n2ccnc2-c2cccc(NC(=O)c3coc(-c4cc(C(F)(F)F)ccc4Cl)c3)c2)n1,UCYYOFPZYBGIEY-INIZCTEOSA-N,UCYYOFPZYBGIEY-INIZCTEOSA-N,[],[],exchangeable_tertiary_ring_NH_and_full_potential_stereo_v3_20260929,10,10,14.659696210425945,5,C[C@H](O)CNc1nccc(-n2ccnc2-c2cccc(NC(=O)c3coc(-c4cc(C(F)(F)F)ccc4Cl)c3)c2)n1,True,True,C[C@H](O)CNc1nccc(-n2ccnc2-c2cccc(NC(=O)c3coc(-c4cc(C(F)(F)F)ccc4Cl)c3)c2)n1,True,True,prepared,<PACKAGE_ROOT>\Documents\Codex\TMC1_R2_Scratch_20260929\03_compute\formal_forward_v2_resume124\ligands\LIB_UCYYOFPZYBGIEY.sdf,9987455a3321d246c63c4660bd8899d133ae4fa0722be64d58c203e9a332096a,<PACKAGE_ROOT>\Documents\Codex\TMC1_R2_Scratch_20260929\03_compute\formal_forward_v2_resume124\ligands\LIB_UCYYOFPZYBGIEY.pdbqt,8e22185472673fdd166ee09c3b568e2fef7ed1110e09d7e99036e4781c8f6cd6,1.675
LIB_CBXHPCHIRCAADU,ChEMBL,CHEMBL1087332,CHEMBL1087332,https://www.ebi.ac.uk/chembl/compound_report_card/CHEMBL1087332/,Cc1ccc(C)n1-c1n[nH]c(Nc2ccccc2)c1C(=O)Nc1ccc2c(c1)C(=O)c1ccccc1C2=O,Cc1ccc(C)n1-c1[nH]nc(Nc2ccccc2)c1C(=O)Nc1ccc2c(c1)C(=O)c1ccccc1C2=O,Cc1ccc(C)n1-c1[nH]nc(Nc2ccccc2)c1C(=O)Nc1ccc2c(c1)C(=O)c1ccccc1C2=O,CBXHPCHIRCAADU-UHFFFAOYSA-N,CBXHPCHIRCAADU,eligible,501.546,5.589,108.88,3,5,5,38,6,0.2854,0,1,1,False,predicted,eligible,False,[],1,Cc1ccc(C)n1-c1[n-]nc(Nc2ccccc2)c1C(=O)Nc1ccc2c(c1)C(=O)c1ccccc1C2=O,LCUWISWJGPUFEV-UHFFFAOYSA-M,False,[],[],False,False,O=C1c2ccccc2C(=O)c2cc(NC(=O)c3c(Nc4ccccc4)n[n-]c3-n3cccc3)ccc21,-8.496238708496094,-8.136260032653809,0.5239611864089966,0.2727272727272727,True,descriptor_ridge,2026-09-28T20:42:55.485880+00:00,Cc1ccc(C)n1-c1[nH]nc(Nc2ccccc2)c1C(=O)Nc1ccc2c(c1)C(=O)c1ccccc1C2=O,CBXHPCHIRCAADU-UHFFFAOYSA-N,LCUWISWJGPUFEV-UHFFFAOYSA-M,[],[],exchangeable_tertiary_ring_NH_and_full_potential_stereo_v3_20260929,6,6,48.33034399629005,1,Cc1ccc(C)n1-c1[n-]nc(Nc2ccccc2)c1C(=O)Nc1ccc2c(c1)C(=O)c1ccccc1C2=O,True,True,Cc1ccc(C)n1-c1[n-]nc(Nc2ccccc2)c1C(=O)Nc1ccc2c(c1)C(=O)c1ccccc1C2=O,True,True,prepared,<PACKAGE_ROOT>\Documents\Codex\TMC1_R2_Scratch_20260929\03_compute\formal_forward_v2_resume124\ligands\LIB_CBXHPCHIRCAADU.sdf,60124d5f1edd7ee55914611c487838d3589a62f20cdc835caaf2eadbb6c49ea2,<PACKAGE_ROOT>\Documents\Codex\TMC1_R2_Scratch_20260929\03_compute\formal_forward_v2_resume124\ligands\LIB_CBXHPCHIRCAADU.pdbqt,68831b3f43608635e53dd7b381284651118bde615f7576082cf843901cdbe986,0.782
LIB_PIGVLAUTQMIRBH,ChEMBL,CHEMBL1076204,CHEMBL1076204,https://www.ebi.ac.uk/chembl/compound_report_card/CHEMBL1076204/,CN1CCN(c2ccc(-c3cnn4c(-c5cc(NC(=O)c6cccc(C(F)(F)F)c6)ccc5F)ccnc34)cn2)CC1,CN1CCN(c2ccc(-c3cnn4c(-c5cc(NC(=O)c6cccc(C(F)(F)F)c6)ccc5F)ccnc34)cn2)CC1,CN1CCN(c2ccc(-c3cnn4c(-c5cc(NC(=O)c6cccc(C(F)(F)F)c6)ccc5F)ccnc34)cn2)CC1,PIGVLAUTQMIRBH-UHFFFAOYSA-N,PIGVLAUTQMIRBH,eligible,575.57,5.62,78.66,1,6,5,42,6,0.2743,0,1,1,False,predicted,eligible,False,[],1,C[NH+]1CCN(c2ccc(-c3cnn4c(-c5cc(NC(=O)c6cccc(C(F)(F)F)c6)ccc5F)ccnc34)cn2)CC1,PIGVLAUTQMIRBH-UHFFFAOYSA-O,False,[],[1],False,False,O=C(Nc1cccc(-c2ccnc3c(-c4ccc(N5CC[NH2+]CC5)nc4)cnn23)c1)c1ccccc1,-8.49077320098877,-8.357958793640137,0.5251060724258423,0.30097087378640774,False,descriptor_ridge;AI_initial,2026-09-28T20:42:56.269445+00:00,CN1CCN(c2ccc(-c3cnn4c(-c5cc(NC(=O)c6cccc(C(F)(F)F)c6)ccc5F)ccnc34)cn2)CC1,PIGVLAUTQMIRBH-UHFFFAOYSA-N,PIGVLAUTQMIRBH-UHFFFAOYSA-O,[],[1],exchangeable_tertiary_ring_NH_and_full_potential_stereo_v3_20260929,9,9,188.30690013484042,8,C[NH+]1CCN(c2ccc(-c3cnn4c(-c5cc(NC(=O)c6cccc(C(F)(F)F)c6)ccc5F)ccnc34)cn2)CC1,True,True,C[NH+]1CCN(c2ccc(-c3cnn4c(-c5cc(NC(=O)c6cccc(C(F)(F)F)c6)ccc5F)ccnc34)cn2)CC1,True,True,prepared,<PACKAGE_ROOT>\Documents\Codex\TMC1_R2_Scratch_20260929\03_compute\formal_forward_v2_resume124\ligands\LIB_PIGVLAUTQMIRBH.sdf,3175c564c5b65399fc42e6232b54f852324da5394f94addb36cd03ec37bb7eeb,<PACKAGE_ROOT>\Documents\Codex\TMC1_R2_Scratch_20260929\03_compute\formal_forward_v2_resume124\ligands\LIB_PIGVLAUTQMIRBH.pdbqt,b1f882aabaebd77c4552aeace2b3cbc8b6556d730b9e31ef83c00c01a72fd3c3,1.358
LIB_SRTLWTGAXHUNEM,ChEMBL,CHEMBL1075776,CHEMBL1075776,https://www.ebi.ac.uk/chembl/compound_report_card/CHEMBL1075776/,C/C=C(\C)C(=O)O[C@H]1C(C)(C)[C@H](CC(=O)OC)[C@]2(C)C(=O)[C@@]1(O)C=C1C3=CC(=O)O[C@@H](c4ccoc4)[C@]3(C)CC[C@@H]12,C/C=C(\C)C(=O)O[C@H]1C(C)(C)[C@H](CC(=O)OC)[C@]2(C)C(=O)[C@@]1(O)C=C1C3=CC(=O)O[C@@H](c4ccoc4)[C@]3(C)CC[C@@H]12,CC=C(C)C(=O)OC1C2(O)C=C3C4=CC(=O)OC(c5ccoc5)C4(C)CCC3C(C)(C2=O)C(CC(=O)OC)C1(C)C,SRTLWTGAXHUNEM-YEEVHOMBSA-N,SRTLWTGAXHUNEM,eligible,566.647,4.564,129.34,1,9,5,41,5,0.3096,0,1,1,False,predicted,eligible,False,[],1,C/C=C(\C)C(=O)O[C@H]1C(C)(C)[C@H](CC(=O)OC)[C@]2(C)C(=O)[C@@]1(O)C=C1C3=CC(=O)O[C@@H](c4ccoc4)[C@]3(C)CC[C@@H]12,SRTLWTGAXHUNEM-YEEVHOMBSA-N,False,[],[],False,False,O=C1C=C2C3=CC4CCCC(C4=O)C3CCC2C(c2ccoc2)O1,-8.48854923248291,-7.983152866363525,0.802469789981842,0.27184466019417475,True,descriptor_ridge,2026-09-28T20:42:57.628827+00:00,C/C=C(\C)C(=O)O[C@H]1C(C)(C)[C@H](CC(=O)OC)[C@]2(C)C(=O)[C@@]1(O)C=C1C3=CC(=O)O[C@@H](c4ccoc4)[C@]3(C)CC[C@@H]12,SRTLWTGAXHUNEM-YEEVHOMBSA-N,SRTLWTGAXHUNEM-YEEVHOMBSA-N,[],[],exchangeable_tertiary_ring_NH_and_full_potential_stereo_v3_20260929,10,10,129.75553804519944,7,C/C=C(\C)C(=O)O[C@H]1C(C)(C)[C@H](CC(=O)OC)[C@]2(C)C(=O)[C@@]1(O)C=C1C3=CC(=O)O[C@@H](c4ccoc4)[C@]3(C)CC[C@@H]12,True,True,C/C=C(\C)C(=O)O[C@H]1C(C)(C)[C@H](CC(=O)OC)[C@]2(C)C(=O)[C@@]1(O)C=C1C3=CC(=O)O[C@@H](c4ccoc4)[C@]3(C)CC[C@@H]12,True,True,prepared,<PACKAGE_ROOT>\Documents\Codex\TMC1_R2_Scratch_20260929\03_compute\formal_forward_v2_resume124\ligands\LIB_SRTLWTGAXHUNEM.sdf,dbc5878655bd6243f55690c9e1d5af0831924a9d69af131f07a6ac949da8b390,<PACKAGE_ROOT>\Documents\Codex\TMC1_R2_Scratch_20260929\03_compute\formal_forward_v2_resume124\ligands\LIB_SRTLWTGAXHUNEM.pdbqt,261b0e8299b663f227e2974bed8c706ede089bb1224810cd8ee9bcb0fd49b78c,2.407
LIB_RPIUOWOTQONAKE,ChEMBL,CHEMBL1076617,CHEMBL1076617,https://www.ebi.ac.uk/chembl/compound_report_card/CHEMBL1076617/,CC(=O)O[C@H]1[C@@H](O)[C@H](OC(=O)c2ccccc2)[C@@]2(C)[C@@H](OC(=O)/C=C/c3ccccc3)C[C@@H]3C[C@]2(OC3(C)C)[C@@]1(C)O,CC(=O)O[C@H]1[C@@H](O)[C@H](OC(=O)c2ccccc2)[C@@]2(C)[C@@H](OC(=O)/C=C/c3ccccc3)C[C@@H]3C[C@]2(OC3(C)C)[C@@]1(C)O,CC(=O)OC1C(O)C(OC(=O)c2ccccc2)C2(C)C(OC(=O)C=Cc3ccccc3)CC3CC2(OC3(C)C)C1(C)O,RPIUOWOTQONAKE-GVZSNRDBSA-N,RPIUOWOTQONAKE,eligible,578.658,3.858,128.59,2,9,6,42,5,0.2983,0,1,1,False,predicted,eligible,False,[],1,CC(=O)O[C@H]1[C@@H](O)[C@H](OC(=O)c2ccccc2)[C@@]2(C)[C@@H](OC(=O)/C=C/c3ccccc3)C[C@@H]3C[C@]2(OC3(C)C)[C@@]1(C)O,RPIUOWOTQONAKE-GVZSNRDBSA-N,False,[],[],False,False,O=C(C=Cc1ccccc1)OC1CC2COC3(CCCC(OC(=O)c4ccccc4)C13)C2,-8.487569808959961,-7.978296756744385,0.7851439118385315,0.24271844660194175,True,descriptor_ridge,2026-09-28T20:43:00.037138+00:00,CC(=O)O[C@H]1[C@@H](O)[C@H](OC(=O)c2ccccc2)[C@@]2(C)[C@@H](OC(=O)/C=C/c3ccccc3)C[C@@H]3C[C@]2(OC3(C)C)[C@@]1(C)O,RPIUOWOTQONAKE-GVZSNRDBSA-N,RPIUOWOTQONAKE-GVZSNRDBSA-N,[],[],exchangeable_tertiary_ring_NH_and_full_potential_stereo_v3_20260929,10,10,158.5893993312539,3,CC(=O)O[C@H]1[C@@H](O)[C@H](OC(=O)c2ccccc2)[C@@]2(C)[C@@H](OC(=O)/C=C/c3ccccc3)C[C@@H]3C[C@]2(OC3(C)C)[C@@]1(C)O,True,True,CC(=O)O[C@H]1[C@@H](O)[C@H](OC(=O)c2ccccc2)[C@@]2(C)[C@@H](OC(=O)/C=C/c3ccccc3)C[C@@H]3C[C@]2(OC3(C)C)[C@@]1(C)O,True,True,prepared,<PACKAGE_ROOT>\Documents\Codex\TMC1_R2_Scratch_20260929\03_compute\formal_forward_v2_resume124\ligands\LIB_RPIUOWOTQONAKE.sdf,8fafa42113fce211ecb42cc13910320f7b6011b7c2d4d62766689d75f4fc9c9a,<PACKAGE_ROOT>\Documents\Codex\TMC1_R2_Scratch_20260929\03_compute\formal_forward_v2_resume124\ligands\LIB_RPIUOWOTQONAKE.pdbqt,7b93651dbca26ca5feba04b68eabc430ac8aeaa8713a5c4a78dbdc554b208428,2.497
LIB_DUSWCXDALWVDSK,ChEMBL,CHEMBL1076477,CHEMBL1076477,https://www.ebi.ac.uk/chembl/compound_report_card/CHEMBL1076477/,Cc1ccc(NC(=O)c2cccc(C(F)(F)F)c2)cc1Nc1nc2ccccc2n1-c1cc(NCCN2CCN(C)CC2)ncn1,Cc1ccc(NC(=O)c2cccc(C(F)(F)F)c2)cc1Nc1nc2ccccc2n1-c1cc(NCCN2CCN(C)CC2)ncn1,Cc1ccc(NC(=O)c2cccc(C(F)(F)F)c2)cc1Nc1nc2ccccc2n1-c1cc(NCCN2CCN(C)CC2)ncn1,DUSWCXDALWVDSK-UHFFFAOYSA-N,DUSWCXDALWVDSK,eligible,629.691,5.798,103.24,3,8,9,46,6,0.1882,0,1,1,False,predicted,eligible,False,[],1,Cc1ccc(NC(=O)c2cccc(C(F)(F)F)c2)cc1Nc1nc2ccccc2n1-c1cc(NCC[NH+]2CC[NH+](C)CC2)ncn1,DUSWCXDALWVDSK-UHFFFAOYSA-P,True,"[[""Atom_Tetrahedral"", 36], [""Atom_Tetrahedral"", 39]]","[36, 39]",False,True,O=C(Nc1cccc(Nc2nc3ccccc3n2-c2cc(NCC[NH+]3CC[NH2+]CC3)ncn2)c1)c1ccccc1,-8.483104705810547,-8.05346393585205,0.6078007817268372,0.2743362831858407,True,descriptor_ridge,2026-09-28T20:43:02.535788+00:00,Cc1ccc(NC(=O)c2cccc(C(F)(F)F)c2)cc1Nc1nc2ccccc2n1-c1cc(NCCN2CCN(C)CC2)ncn1,DUSWCXDALWVDSK-UHFFFAOYSA-N,DUSWCXDALWVDSK-UHFFFAOYSA-P,"[[""Atom_Tetrahedral"", 36], [""Atom_Tetrahedral"", 39]]","[36, 39]",exchangeable_tertiary_ring_NH_and_full_potential_stereo_v3_20260929,10,10,232.94879982120275,0,Cc1ccc(NC(=O)c2cccc(C(F)(F)F)c2)cc1Nc1nc2ccccc2n1-c1cc(NCC[N@H+]2CC[N@H+](C)CC2)ncn1,False,True,Cc1ccc(NC(=O)c2cccc(C(F)(F)F)c2)cc1Nc1nc2ccccc2n1-c1cc(NCC[N@H+]2CC[N@H+](C)CC2)ncn1,False,True,prepared,<PACKAGE_ROOT>\Documents\Codex\TMC1_R2_Scratch_20260929\03_compute\formal_forward_v2_resume124\ligands\LIB_DUSWCXDALWVDSK.sdf,2342c6f686654dce19fd0d2a634788067cb9014568031695d8a7cd7084b060fc,<PACKAGE_ROOT>\Documents\Codex\TMC1_R2_Scratch_20260929\03_compute\formal_forward_v2_resume124\ligands\LIB_DUSWCXDALWVDSK.pdbqt,4b1f7809f57d9415de7abb7d829173be825652ae6c27a56182bce2a026cb6d30,2.532
LIB_VKGKEHUDLZDBMP,ChEMBL,CHEMBL1076200,CHEMBL1076200,https://www.ebi.ac.uk/chembl/compound_report_card/CHEMBL1076200/,Cc1ccc(C(=O)Nc2cccc(C(F)(F)F)c2)cc1Nc1nc2ccccc2n1-c1cc(NCCN2CCN(C)CC2)ncn1,Cc1ccc(C(=O)Nc2cccc(C(F)(F)F)c2)cc1Nc1nc2ccccc2n1-c1cc(NCCN2CCN(C)CC2)ncn1,Cc1ccc(C(=O)Nc2cccc(C(F)(F)F)c2)cc1Nc1nc2ccccc2n1-c1cc(NCCN2CCN(C)CC2)ncn1,VKGKEHUDLZDBMP-UHFFFAOYSA-N,VKGKEHUDLZDBMP,eligible,629.691,5.798,103.24,3,8,9,46,6,0.1882,0,1,1,False,predicted,eligible,False,[],1,Cc1ccc(C(=O)Nc2cccc(C(F)(F)F)c2)cc1Nc1nc2ccccc2n1-c1cc(NCC[NH+]2CC[NH+](C)CC2)ncn1,VKGKEHUDLZDBMP-UHFFFAOYSA-P,True,"[[""Atom_Tetrahedral"", 36], [""Atom_Tetrahedral"", 39]]","[36, 39]",False,True,O=C(Nc1ccccc1)c1cccc(Nc2nc3ccccc3n2-c2cc(NCC[NH+]3CC[NH2+]CC3)ncn2)c1,-8.483104705810547,-8.033916473388672,0.6332755088806152,0.2631578947368421,True,descriptor_ridge,2026-09-28T20:43:05.069384+00:00,Cc1ccc(C(=O)Nc2cccc(C(F)(F)F)c2)cc1Nc1nc2ccccc2n1-c1cc(NCCN2CCN(C)CC2)ncn1,VKGKEHUDLZDBMP-UHFFFAOYSA-N,VKGKEHUDLZDBMP-UHFFFAOYSA-P,"[[""Atom_Tetrahedral"", 36], [""Atom_Tetrahedral"", 39]]","[36, 39]",exchangeable_tertiary_ring_NH_and_full_potential_stereo_v3_20260929,10,10,205.8606922575341,9,Cc1ccc(C(=O)Nc2cccc(C(F)(F)F)c2)cc1Nc1nc2ccccc2n1-c1cc(NCC[N@H+]2CC[N@@H+](C)CC2)ncn1,False,True,Cc1ccc(C(=O)Nc2cccc(C(F)(F)F)c2)cc1Nc1nc2ccccc2n1-c1cc(NCC[N@H+]2CC[N@@H+](C)CC2)ncn1,False,True,prepared,<PACKAGE_ROOT>\Documents\Codex\TMC1_R2_Scratch_20260929\03_compute\formal_forward_v2_resume124\ligands\LIB_VKGKEHUDLZDBMP.sdf,fc730b7a0e512c9ad54190ef21d36cb305da48d13c27ce3119d3158ae539f6d4,<PACKAGE_ROOT>\Documents\Codex\TMC1_R2_Scratch_20260929\03_compute\formal_forward_v2_resume124\ligands\LIB_VKGKEHUDLZDBMP.pdbqt,8bce040e12e76332983223883a7b83683ef3b3f78a3dac66ce917c8d2d5e4d83,2.386
LIB_UVFOPYBSQPAXJS,ChEMBL,CHEMBL104281,CHEMBL104281,https://www.ebi.ac.uk/chembl/compound_report_card/CHEMBL104281/,CCc1nc(C2CC2)c(C(N)=O)n1Cc1ccc2oc(-c3ccccc3NS(=O)(=O)C(F)(F)F)c(C(F)(F)F)c2c1,CCc1nc(C2CC2)c(C(N)=O)n1Cc1ccc2oc(-c3ccccc3NS(=O)(=O)C(F)(F)F)c(C(F)(F)F)c2c1,CCc1nc(C2CC2)c(C(N)=O)n1Cc1ccc2oc(-c3ccccc3NS(=O)(=O)C(F)(F)F)c(C(F)(F)F)c2c1,UVFOPYBSQPAXJS-UHFFFAOYSA-N,UVFOPYBSQPAXJS,eligible,600.541,6.164,120.22,2,5,8,41,5,0.2348,0,1,1,False,predicted,eligible,False,[],1,CCc1nc(C2CC2)c(C(N)=O)n1Cc1ccc2oc(-c3ccccc3NS(=O)(=O)C(F)(F)F)c(C(F)(F)F)c2c1,UVFOPYBSQPAXJS-UHFFFAOYSA-N,False,[],[],False,False,c1ccc(-c2cc3cc(Cn4cnc(C5CC5)c4)ccc3o2)cc1,-8.48046588897705,-7.953381538391113,0.587171196937561,0.28440366972477066,True,descriptor_ridge,2026-09-28T20:43:07.455627+00:00,CCc1nc(C2CC2)c(C(N)=O)n1Cc1ccc2oc(-c3ccccc3NS(=O)(=O)C(F)(F)F)c(C(F)(F)F)c2c1,UVFOPYBSQPAXJS-UHFFFAOYSA-N,UVFOPYBSQPAXJS-UHFFFAOYSA-N,[],[],exchangeable_tertiary_ring_NH_and_full_potential_stereo_v3_20260929,10,10,102.10187476786824,2,CCc1nc(C2CC2)c(C(N)=O)n1Cc1ccc2oc(-c3ccccc3NS(=O)(=O)C(F)(F)F)c(C(F)(F)F)c2c1,True,True,CCc1nc(C2CC2)c(C(N)=O)n1Cc1ccc2oc(-c3ccccc3NS(=O)(=O)C(F)(F)F)c(C(F)(F)F)c2c1,True,True,prepared,<PACKAGE_ROOT>\Documents\Codex\TMC1_R2_Scratch_20260929\03_compute\formal_forward_v2_resume124\ligands\LIB_UVFOPYBSQPAXJS.sdf,210c918e0cbafdc99a4ab4209fa327b6a5752c37d4fe81a197ebd111dcfbfb34,<PACKAGE_ROOT>\Documents\Codex\TMC1_R2_Scratch_20260929\03_compute\formal_forward_v2_resume124\ligands\LIB_UVFOPYBSQPAXJS.pdbqt,26bbaf7c94962820394e9de09e84edade5a4c98080e00cc5f440a17b98bbb054,1.101
LIB_USMBHFKKSFYTRW,ChEMBL,CHEMBL1076320,CHEMBL1076320,https://www.ebi.ac.uk/chembl/compound_report_card/CHEMBL1076320/,NC(=O)c1cc(S(=O)(=O)NCc2ccc(Cl)cc2)c2c(c1)nc(NCc1ccccc1Cl)n2C[C@H]1CCCCC[C@H]1O,NC(=O)c1cc(S(=O)(=O)NCc2ccc(Cl)cc2)c2c(c1)nc(NCc1ccccc1Cl)n2C[C@H]1CCCCC[C@H]1O,NC(=O)c1cc(S(=O)(=O)NCc2ccc(Cl)cc2)c2c(c1)nc(NCc1ccccc1Cl)n2CC1CCCCCC1O,USMBHFKKSFYTRW-QFQXNSOFSA-N,USMBHFKKSFYTRW,eligible,630.598,5.474,139.34,4,6,10,42,5,0.1714,0,1,1,False,predicted,eligible,False,[],1,NC(=O)c1cc(S(=O)(=O)NCc2ccc(Cl)cc2)c2c(c1)nc(NCc1ccccc1Cl)n2C[C@H]1CCCCC[C@H]1O,USMBHFKKSFYTRW-QFQXNSOFSA-N,False,[],[],False,False,O=S(=O)(NCc1ccccc1)c1cccc2nc(NCc3ccccc3)n(CC3CCCCCC3)c12,-8.477102279663086,-7.901865482330322,0.6216816902160645,0.26262626262626265,True,descriptor_ridge,2026-09-28T20:43:08.558238+00:00,NC(=O)c1cc(S(=O)(=O)NCc2ccc(Cl)cc2)c2c(c1)nc(NCc1ccccc1Cl)n2C[C@H]1CCCCC[C@H]1O,USMBHFKKSFYTRW-QFQXNSOFSA-N,USMBHFKKSFYTRW-QFQXNSOFSA-N,[],[],exchangeable_tertiary_ring_NH_and_full_potential_stereo_v3_20260929,10,10,-77.66622146862474,9,NC(=O)c1cc(S(=O)(=O)NCc2ccc(Cl)cc2)c2c(c1)nc(NCc1ccccc1Cl)n2C[C@H]1CCCCC[C@H]1O,True,True,NC(=O)c1cc(S(=O)(=O)NCc2ccc(Cl)cc2)c2c(c1)nc(NCc1ccccc1Cl)n2C[C@H]1CCCCC[C@H]1O,True,True,prepared,<PACKAGE_ROOT>\Documents\Codex\TMC1_R2_Scratch_20260929\03_compute\formal_forward_v2_resume124\ligands\LIB_USMBHFKKSFYTRW.sdf,87f24fd5d0aecb9a629180693a7d2c1ac85f5b0d04ef713aa0e411f8c3e50891,<PACKAGE_ROOT>\Documents\Codex\TMC1_R2_Scratch_20260929\03_compute\formal_forward_v2_resume124\ligands\LIB_USMBHFKKSFYTRW.pdbqt,88626f5965088c54cea6d6a867438f82059fa8769b94b7a245da5a66e3e1da5d,2.187
LIB_AKYFJTRMYYHEJM,ChEMBL,CHEMBL1085901,CHEMBL1085901,https://www.ebi.ac.uk/chembl/compound_report_card/CHEMBL1085901/,Cc1c(C(=O)NN/C=C(\NNC(=O)c2oc3ccccc3c2C)c2ccc(Cl)cc2)oc2ccccc12,Cc1c(C(=O)NN/C=C(\NNC(=O)c2oc3ccccc3c2C)c2ccc(Cl)cc2)oc2ccccc12,Cc1c(C(=O)NNC=C(NNC(=O)c2oc3ccccc3c2C)c2ccc(Cl)cc2)oc2ccccc12,AKYFJTRMYYHEJM-JCMHNJIXSA-N,AKYFJTRMYYHEJM,eligible,514.969,5.617,108.54,4,6,7,37,5,0.21,0,1,1,False,predicted,eligible,False,[],1,Cc1c(C(=O)[N-]N/C=C(\N[N-]C(=O)c2oc3ccccc3c2C)c2ccc(Cl)cc2)oc2ccccc12,ZZSHCBCQZKHTNT-JCMHNJIXSA-L,False,[],[],False,False,O=C([N-]NC=C(N[N-]C(=O)c1cc2ccccc2o1)c1ccccc1)c1cc2ccccc2o1,-8.47690486907959,-7.623200416564941,0.7618852257728577,0.3064516129032258,False,descriptor_ridge,2026-09-28T20:43:10.746664+00:00,Cc1c(C(=O)NN/C=C(\NNC(=O)c2oc3ccccc3c2C)c2ccc(Cl)cc2)oc2ccccc12,AKYFJTRMYYHEJM-JCMHNJIXSA-N,ZZSHCBCQZKHTNT-JCMHNJIXSA-L,[],[],exchangeable_tertiary_ring_NH_and_full_potential_stereo_v3_20260929,10,10,238.7135284638915,0,Cc1c(C(=O)[N-]N/C=C(\N[N-]C(=O)c2oc3ccccc3c2C)c2ccc(Cl)cc2)oc2ccccc12,True,True,Cc1c(C(=O)[N-]N/C=C(\N[N-]C(=O)c2oc3ccccc3c2C)c2ccc(Cl)cc2)oc2ccccc12,True,True,prepared,<PACKAGE_ROOT>\Documents\Codex\TMC1_R2_Scratch_20260929\03_compute\formal_forward_v2_resume124\ligands\LIB_AKYFJTRMYYHEJM.sdf,24083842470d9f861ac747fa35cab0575959ae45b58f5b9c07524d93bbf0e885,<PACKAGE_ROOT>\Documents\Codex\TMC1_R2_Scratch_20260929\03_compute\formal_forward_v2_resume124\ligands\LIB_AKYFJTRMYYHEJM.pdbqt,a6e910dda650cb53e6a6efc0a04e64df4087699f9c777af3d875ad56fd3f3ea7,0.864
LIB_NXDBMKBCSMHZLE,ChEMBL,CHEMBL1087438,CHEMBL1087438,https://www.ebi.ac.uk/chembl/compound_report_card/CHEMBL1087438/,C[C@@H]1C[C@H]2O[C@@]3(C[C@@H]2C(C)(C)O)[C@H](O)[C@@]2(C)[C@@H]4CC[C@H]5C(C)(C)C(=O)CC[C@@]56C[C@@]46CC[C@]2(C)[C@@H]13,C[C@@H]1C[C@H]2O[C@@]3(C[C@@H]2C(C)(C)O)[C@H](O)[C@@]2(C)[C@@H]4CC[C@H]5C(C)(C)C(=O)CC[C@@]56C[C@@]46CC[C@]2(C)[C@@H]13,CC1CC2OC3(CC2C(C)(C)O)C1C1(C)CCC24CC25CCC(=O)C(C)(C)C5CCC4C1(C)C3O,NXDBMKBCSMHZLE-PCZUTQTQSA-N,NXDBMKBCSMHZLE,eligible,484.721,5.53,66.76,2,4,1,35,7,0.5135,0,1,1,False,predicted,eligible,False,[],1,C[C@@H]1C[C@H]2O[C@@]3(C[C@@H]2C(C)(C)O)[C@H](O)[C@@]2(C)[C@@H]4CC[C@H]5C(C)(C)C(=O)CC[C@@]56C[C@@]46CC[C@]2(C)[C@@H]13,NXDBMKBCSMHZLE-PCZUTQTQSA-N,False,[],[],False,False,O=C1CCC23CC24CCC2C(CC56CCC(CCC25)O6)C4CCC3C1,-8.475848197937012,-7.5434088706970215,0.722884476184845,0.24489795918367346,True,descriptor_ridge,2026-09-28T20:43:11.611346+00:00,C[C@@H]1C[C@H]2O[C@@]3(C[C@@H]2C(C)(C)O)[C@H](O)[C@@]2(C)[C@@H]4CC[C@H]5C(C)(C)C(=O)CC[C@@]56C[C@@]46CC[C@]2(C)[C@@H]13,NXDBMKBCSMHZLE-PCZUTQTQSA-N,NXDBMKBCSMHZLE-PCZUTQTQSA-N,[],[],exchangeable_tertiary_ring_NH_and_full_potential_stereo_v3_20260929,9,9,184.4981643384619,2,C[C@@H]1C[C@H]2O[C@@]3(C[C@@H]2C(C)(C)O)[C@H](O)[C@@]2(C)[C@@H]4CC[C@H]5C(C)(C)C(=O)CC[C@@]56C[C@@]46CC[C@]2(C)[C@@H]13,True,True,C[C@@H]1C[C@H]2O[C@@]3(C[C@@H]2C(C)(C)O)[C@H](O)[C@@]2(C)[C@@H]4CC[C@H]5C(C)(C)C(=O)CC[C@@]56C[C@@]46CC[C@]2(C)[C@@H]13,True,True,prepared,<PACKAGE_ROOT>\Documents\Codex\TMC1_R2_Scratch_20260929\03_compute\formal_forward_v2_resume124\ligands\LIB_NXDBMKBCSMHZLE.sdf,752613dd9b19e2e0a1e9108ead3bcb0b2bfbb4766b3848c1f8ab1b1434b599a2,<PACKAGE_ROOT>\Documents\Codex\TMC1_R2_Scratch_20260929\03_compute\formal_forward_v2_resume124\ligands\LIB_NXDBMKBCSMHZLE.pdbqt,86d2d796edddcb8e04f55c564107f0b8b276e1984d4794136435c6aa499979db,2.211
LIB_YAYODJGNSKFEGH,ChEMBL,CHEMBL1075666,CHEMBL1075666,https://www.ebi.ac.uk/chembl/compound_report_card/CHEMBL1075666/,COc1cc(OC)c(C(F)(F)F)cc1NC(=O)Nc1cccc(-c2cn3ccnc3c(NCc3ccncc3)n2)c1,COc1cc(OC)c(C(F)(F)F)cc1NC(=O)Nc1cccc(-c2cn3ccnc3c(NCc3ccncc3)n2)c1,COc1cc(OC)c(C(F)(F)F)cc1NC(=O)Nc1cccc(-c2cn3ccnc3c(NCc3ccncc3)n2)c1,YAYODJGNSKFEGH-UHFFFAOYSA-N,YAYODJGNSKFEGH,eligible,563.54,6.083,114.7,3,7,8,41,5,0.2095,0,1,1,False,predicted,eligible,False,[],1,COc1cc(OC)c(C(F)(F)F)cc1NC(=O)Nc1cccc(-c2cn3ccnc3c(NCc3ccncc3)n2)c1,YAYODJGNSKFEGH-UHFFFAOYSA-N,False,[],[],False,False,O=C(Nc1ccccc1)Nc1cccc(-c2cn3ccnc3c(NCc3ccncc3)n2)c1,-8.4722261428833,-8.181705474853516,0.4820452928543091,0.2857142857142857,True,descriptor_ridge,2026-09-28T20:43:13.824736+00:00,COc1cc(OC)c(C(F)(F)F)cc1NC(=O)Nc1cccc(-c2cn3ccnc3c(NCc3ccncc3)n2)c1,YAYODJGNSKFEGH-UHFFFAOYSA-N,YAYODJGNSKFEGH-UHFFFAOYSA-N,[],[],exchangeable_tertiary_ring_NH_and_full_potential_stereo_v3_20260929,8,8,-0.1579979732012191,5,COc1cc(OC)c(C(F)(F)F)cc1NC(=O)Nc1cccc(-c2cn3ccnc3c(NCc3ccncc3)n2)c1,True,True,COc1cc(OC)c(C(F)(F)F)cc1NC(=O)Nc1cccc(-c2cn3ccnc3c(NCc3ccncc3)n2)c1,True,True,prepared,<PACKAGE_ROOT>\Documents\Codex\TMC1_R2_Scratch_20260929\03_compute\formal_forward_v2_resume124\ligands\LIB_YAYODJGNSKFEGH.sdf,268b2ed4eaf21a484312a15a073b3a0c1f75899aed20e90126cafee7c2be7b5d,<PACKAGE_ROOT>\Documents\Codex\TMC1_R2_Scratch_20260929\03_compute\formal_forward_v2_resume124\ligands\LIB_YAYODJGNSKFEGH.pdbqt,d825e3c47e810eb1fe6e02abd4f7db037eedbee922c1f0388e047ac67eb7ed44,1.06
LIB_OCOHRESDZFYIIC,ChEMBL,CHEMBL1079448,CHEMBL1079448,https://www.ebi.ac.uk/chembl/compound_report_card/CHEMBL1079448/,O=C(Nc1cccc(-c2cn3ccnc3c(NCc3ccncc3)n2)c1)Nc1cc(C(F)(F)F)ccc1O,O=C(Nc1cccc(-c2cn3ccnc3c(NCc3ccncc3)n2)c1)Nc1cc(C(F)(F)F)ccc1O,O=C(Nc1cccc(-c2cn3ccnc3c(NCc3ccncc3)n2)c1)Nc1cc(C(F)(F)F)ccc1O,OCOHRESDZFYIIC-UHFFFAOYSA-N,OCOHRESDZFYIIC,eligible,519.487,5.772,116.47,4,6,6,38,5,0.2117,0,1,1,False,predicted,eligible,False,[],1,O=C(Nc1cccc(-c2cn3ccnc3c(NCc3ccncc3)n2)c1)Nc1cc(C(F)(F)F)ccc1[O-],OCOHRESDZFYIIC-UHFFFAOYSA-M,False,[],[],False,False,O=C(Nc1ccccc1)Nc1cccc(-c2cn3ccnc3c(NCc3ccncc3)n2)c1,-8.46686840057373,-8.109460830688477,0.5721946358680725,0.24,True,descriptor_ridge,2026-09-28T20:43:14.885323+00:00,O=C(Nc1cccc(-c2cn3ccnc3c(NCc3ccncc3)n2)c1)Nc1cc(C(F)(F)F)ccc1O,OCOHRESDZFYIIC-UHFFFAOYSA-N,OCOHRESDZFYIIC-UHFFFAOYSA-M,[],[],exchangeable_tertiary_ring_NH_and_full_potential_stereo_v3_20260929,9,9,-36.28045066144029,1,O=C(Nc1cccc(-c2cn3ccnc3c(NCc3ccncc3)n2)c1)Nc1cc(C(F)(F)F)ccc1[O-],True,True,O=C(Nc1cccc(-c2cn3ccnc3c(NCc3ccncc3)n2)c1)Nc1cc(C(F)(F)F)ccc1[O-],True,True,prepared,<PACKAGE_ROOT>\Documents\Codex\TMC1_R2_Scratch_20260929\03_compute\formal_forward_v2_resume124\ligands\LIB_OCOHRESDZFYIIC.sdf,c9ca3cc0cbd22fabe8bfcc653fc0b30b06fc4d8cffb42ba4e67458273ff6d382,<PACKAGE_ROOT>\Documents\Codex\TMC1_R2_Scratch_20260929\03_compute\formal_forward_v2_resume124\ligands\LIB_OCOHRESDZFYIIC.pdbqt,a14041a00dfc2b6ff9dff7fbe9104923acc4a95b0e373c64e64a18a60bebf692,0.941
LIB_DWDRUDUATUOJND,ChEMBL,CHEMBL1080190,CHEMBL1080190,https://www.ebi.ac.uk/chembl/compound_report_card/CHEMBL1080190/,O=C(Nc1cccc(-c2cn3ccnc3c(NCc3ccncc3)n2)c1)Nc1cc(C(F)(F)F)ccc1Cl,O=C(Nc1cccc(-c2cn3ccnc3c(NCc3ccncc3)n2)c1)Nc1cc(C(F)(F)F)ccc1Cl,O=C(Nc1cccc(-c2cn3ccnc3c(NCc3ccncc3)n2)c1)Nc1cc(C(F)(F)F)ccc1Cl,DWDRUDUATUOJND-UHFFFAOYSA-N,DWDRUDUATUOJND,eligible,537.933,6.72,96.24,3,5,6,38,5,0.2234,0,1,1,False,predicted,eligible,False,[],1,O=C(Nc1cccc(-c2cn3ccnc3c(NCc3ccncc3)n2)c1)Nc1cc(C(F)(F)F)ccc1Cl,DWDRUDUATUOJND-UHFFFAOYSA-N,False,[],[],False,False,O=C(Nc1ccccc1)Nc1cccc(-c2cn3ccnc3c(NCc3ccncc3)n2)c1,-8.464828491210938,-8.127049446105957,0.5456911325454712,0.28125,True,descriptor_ridge,2026-09-28T20:43:15.827252+00:00,O=C(Nc1cccc(-c2cn3ccnc3c(NCc3ccncc3)n2)c1)Nc1cc(C(F)(F)F)ccc1Cl,DWDRUDUATUOJND-UHFFFAOYSA-N,DWDRUDUATUOJND-UHFFFAOYSA-N,[],[],exchangeable_tertiary_ring_NH_and_full_potential_stereo_v3_20260929,10,10,3.303883892455673,2,O=C(Nc1cccc(-c2cn3ccnc3c(NCc3ccncc3)n2)c1)Nc1cc(C(F)(F)F)ccc1Cl,True,True,O=C(Nc1cccc(-c2cn3ccnc3c(NCc3ccncc3)n2)c1)Nc1cc(C(F)(F)F)ccc1Cl,True,True,prepared,<PACKAGE_ROOT>\Documents\Codex\TMC1_R2_Scratch_20260929\03_compute\formal_forward_v2_resume124\ligands\LIB_DWDRUDUATUOJND.sdf,d16ea4277db369203312fbb95925f645db312a0e2558b2dfa485a1c63e95cfe3,<PACKAGE_ROOT>\Documents\Codex\TMC1_R2_Scratch_20260929\03_compute\formal_forward_v2_resume124\ligands\LIB_DWDRUDUATUOJND.pdbqt,2c3d94549ec432fd9aa31c9b95b27dfeb2a180e1191ebf591fb8d51b3711480c,0.969
LIB_YVCVALMTTAHIAN,ChEMBL,CHEMBL1081916,CHEMBL1081916,https://www.ebi.ac.uk/chembl/compound_report_card/CHEMBL1081916/,O=C(Nc1cccc(-c2cn3ccnc3c(NCc3ccncc3)n2)c1)Nc1ccc(Cl)c(C(F)(F)F)c1,O=C(Nc1cccc(-c2cn3ccnc3c(NCc3ccncc3)n2)c1)Nc1ccc(Cl)c(C(F)(F)F)c1,O=C(Nc1cccc(-c2cn3ccnc3c(NCc3ccncc3)n2)c1)Nc1ccc(Cl)c(C(F)(F)F)c1,YVCVALMTTAHIAN-UHFFFAOYSA-N,YVCVALMTTAHIAN,eligible,537.933,6.72,96.24,3,5,6,38,5,0.2234,0,1,1,False,predicted,eligible,False,[],1,O=C(Nc1cccc(-c2cn3ccnc3c(NCc3ccncc3)n2)c1)Nc1ccc(Cl)c(C(F)(F)F)c1,YVCVALMTTAHIAN-UHFFFAOYSA-N,False,[],[],False,False,O=C(Nc1ccccc1)Nc1cccc(-c2cn3ccnc3c(NCc3ccncc3)n2)c1,-8.464828491210938,-8.178839683532715,0.5268111824989319,0.37349397590361444,False,descriptor_ridge,2026-09-28T20:43:16.797538+00:00,O=C(Nc1cccc(-c2cn3ccnc3c(NCc3ccncc3)n2)c1)Nc1ccc(Cl)c(C(F)(F)F)c1,YVCVALMTTAHIAN-UHFFFAOYSA-N,YVCVALMTTAHIAN-UHFFFAOYSA-N,[],[],exchangeable_tertiary_ring_NH_and_full_potential_stereo_v3_20260929,10,10,-28.805571930878116,7,O=C(Nc1cccc(-c2cn3ccnc3c(NCc3ccncc3)n2)c1)Nc1ccc(Cl)c(C(F)(F)F)c1,True,True,O=C(Nc1cccc(-c2cn3ccnc3c(NCc3ccncc3)n2)c1)Nc1ccc(Cl)c(C(F)(F)F)c1,True,True,prepared,<PACKAGE_ROOT>\Documents\Codex\TMC1_R2_Scratch_20260929\03_compute\formal_forward_v2_resume124\ligands\LIB_YVCVALMTTAHIAN.sdf,ffce51cfd831a6b8efa9a77c12b011c4000ed619860b2c9121f05862a9b3f9bf,<PACKAGE_ROOT>\Documents\Codex\TMC1_R2_Scratch_20260929\03_compute\formal_forward_v2_resume124\ligands\LIB_YVCVALMTTAHIAN.pdbqt,a7b5e64552ecb341b75375e9120e105460bc3ab73a185f71b92f8ebe0507cf3b,0.842
LIB_BCNXUFFSRWFFQA,ChEMBL,CHEMBL1076203,CHEMBL1076203,https://www.ebi.ac.uk/chembl/compound_report_card/CHEMBL1076203/,Cc1ccc(C(=O)Nc2cccc(C(F)(F)F)c2)cc1Nc1nc2ccccc2n1-c1ncnc(NCCCN2CCN(C)CC2)n1,Cc1ccc(C(=O)Nc2cccc(C(F)(F)F)c2)cc1Nc1nc2ccccc2n1-c1ncnc(NCCCN2CCN(C)CC2)n1,Cc1ccc(C(=O)Nc2cccc(C(F)(F)F)c2)cc1Nc1nc2ccccc2n1-c1ncnc(NCCCN2CCN(C)CC2)n1,BCNXUFFSRWFFQA-UHFFFAOYSA-N,BCNXUFFSRWFFQA,eligible,644.706,5.583,116.13,3,9,10,47,6,0.1676,0,1,1,False,predicted,eligible,False,[],1,Cc1ccc(C(=O)Nc2cccc(C(F)(F)F)c2)cc1Nc1nc2ccccc2n1-c1ncnc(NCCC[NH+]2CC[NH+](C)CC2)n1,BCNXUFFSRWFFQA-UHFFFAOYSA-P,True,"[[""Atom_Tetrahedral"", 39], [""Atom_Tetrahedral"", 42]]","[39, 42]",False,True,O=C(Nc1ccccc1)c1cccc(Nc2nc3ccccc3n2-c2ncnc(NCCC[NH+]3CC[NH2+]CC3)n2)c1,-8.460184097290039,-8.009489059448242,0.6424480676651001,0.28,True,descriptor_ridge,2026-09-28T20:43:17.640618+00:00,Cc1ccc(C(=O)Nc2cccc(C(F)(F)F)c2)cc1Nc1nc2ccccc2n1-c1ncnc(NCCCN2CCN(C)CC2)n1,BCNXUFFSRWFFQA-UHFFFAOYSA-N,BCNXUFFSRWFFQA-UHFFFAOYSA-P,"[[""Atom_Tetrahedral"", 39], [""Atom_Tetrahedral"", 42]]","[39, 42]",exchangeable_tertiary_ring_NH_and_full_potential_stereo_v3_20260929,10,10,99.91396325670536,6,Cc1ccc(C(=O)Nc2cccc(C(F)(F)F)c2)cc1Nc1nc2ccccc2n1-c1ncnc(NCCC[N@H+]2CC[N@@H+](C)CC2)n1,False,True,Cc1ccc(C(=O)Nc2cccc(C(F)(F)F)c2)cc1Nc1nc2ccccc2n1-c1ncnc(NCCC[N@H+]2CC[N@@H+](C)CC2)n1,False,True,prepared,<PACKAGE_ROOT>\Documents\Codex\TMC1_R2_Scratch_20260929\03_compute\formal_forward_v2_resume124\ligands\LIB_BCNXUFFSRWFFQA.sdf,3dc52a24b5c58f8ccb819a2efdc3d7543c22929bf649c2cd371b7f02bf1cedf3,<PACKAGE_ROOT>\Documents\Codex\TMC1_R2_Scratch_20260929\03_compute\formal_forward_v2_resume124\ligands\LIB_BCNXUFFSRWFFQA.pdbqt,4d19b663aba55b61621912bf33134da166498f4cccf05e2f49d85d75ff4b2e79,2.644
LIB_BOCXRPAGFDSAFB,ChEMBL,CHEMBL103013,CHEMBL103013,https://www.ebi.ac.uk/chembl/compound_report_card/CHEMBL103013/,CC(C)(O)c1ccc(CN2C(=O)N(Cc3ccc(C(C)(C)O)cc3)[C@H](Cc3ccccc3)[C@H](O)[C@@H](O)[C@H]2Cc2ccccc2)cc1,CC(C)(O)c1ccc(CN2C(=O)N(Cc3ccc(C(C)(C)O)cc3)[C@H](Cc3ccccc3)[C@H](O)[C@@H](O)[C@H]2Cc2ccccc2)cc1,CC(C)(O)c1ccc(CN2C(=O)N(Cc3ccc(C(C)(C)O)cc3)C(Cc3ccccc3)C(O)C(O)C2Cc2ccccc2)cc1,BOCXRPAGFDSAFB-NWJWHWDBSA-N,BOCXRPAGFDSAFB,eligible,622.806,5.524,104.47,4,5,10,46,5,0.1865,0,1,1,False,predicted,eligible,False,[],1,CC(C)(O)c1ccc(C[NH+]2C(=O)[NH+](Cc3ccc(C(C)(C)O)cc3)[C@H](Cc3ccccc3)[C@H](O)[C@@H](O)[C@H]2Cc2ccccc2)cc1,BOCXRPAGFDSAFB-NWJWHWDBSA-P,True,"[[""Atom_Tetrahedral"", 9], [""Atom_Tetrahedral"", 12]]","[9, 12]",False,True,O=C1[NH+](Cc2ccccc2)C(Cc2ccccc2)CCC(Cc2ccccc2)[NH+]1Cc1ccccc1,-8.455597877502441,-7.906270503997803,0.7332573533058167,0.2765957446808511,True,descriptor_ridge,2026-09-28T20:43:20.285032+00:00,CC(C)(O)c1ccc(CN2C(=O)N(Cc3ccc(C(C)(C)O)cc3)[C@H](Cc3ccccc3)[C@H](O)[C@@H](O)[C@H]2Cc2ccccc2)cc1,BOCXRPAGFDSAFB-NWJWHWDBSA-N,BOCXRPAGFDSAFB-NWJWHWDBSA-P,"[[""Atom_Tetrahedral"", 9], [""Atom_Tetrahedral"", 12]]","[9, 12]",exchangeable_tertiary_ring_NH_and_full_potential_stereo_v3_20260929,10,10,-13.953070024887836,6,CC(C)(O)c1ccc(C[N@@H+]2C(=O)[N@@H+](Cc3ccc(C(C)(C)O)cc3)[C@H](Cc3ccccc3)[C@H](O)[C@@H](O)[C@H]2Cc2ccccc2)cc1,False,True,CC(C)(O)c1ccc(C[N@@H+]2C(=O)[N@@H+](Cc3ccc(C(C)(C)O)cc3)[C@H](Cc3ccccc3)[C@H](O)[C@@H](O)[C@H]2Cc2ccccc2)cc1,False,True,prepared,<PACKAGE_ROOT>\Documents\Codex\TMC1_R2_Scratch_20260929\03_compute\formal_forward_v2_resume124\ligands\LIB_BOCXRPAGFDSAFB.sdf,b199e4445e4e20d63aa00e158be65235ce15cec7f9771e1b945bb2c0a181cdc7,<PACKAGE_ROOT>\Documents\Codex\TMC1_R2_Scratch_20260929\03_compute\formal_forward_v2_resume124\ligands\LIB_BOCXRPAGFDSAFB.pdbqt,7a8225d101b16038733b54f933ef4c095474124073d5bee7a63774f267864ea3,3.314
LIB_ZIYCBQPVLHOKPQ,ChEMBL,CHEMBL1079236,CHEMBL1079236,https://www.ebi.ac.uk/chembl/compound_report_card/CHEMBL1079236/,C/C1=C\C(=O)OC[C@]23CC[C@]4(C)O[C@H]4[C@H]2O[C@@H]2C[C@@H](OC(=O)/C=C\C=C\[C@H]4O[C@H](C1)O[C@@H]4C)[C@@]3(C)[C@]21CO1,C/C1=C\C(=O)OC[C@]23CC[C@]4(C)O[C@H]4[C@H]2O[C@@H]2C[C@@H](OC(=O)/C=C\C=C\[C@H]4O[C@H](C1)O[C@@H]4C)[C@@]3(C)[C@]21CO1,CC1=CC(=O)OCC23CCC4(C)OC4C2OC2CC(OC(=O)C=CC=CC4OC(C1)OC4C)C3(C)C21CO1,ZIYCBQPVLHOKPQ-KUBNVJFPSA-N,ZIYCBQPVLHOKPQ,eligible,528.598,2.918,105.35,0,9,0,38,7,0.3466,0,1,1,False,predicted,eligible,False,[],1,C/C1=C\C(=O)OC[C@]23CC[C@]4(C)O[C@H]4[C@H]2O[C@@H]2C[C@@H](OC(=O)/C=C\C=C\[C@H]4O[C@H](C1)O[C@@H]4C)[C@@]3(C)[C@]21CO1,ZIYCBQPVLHOKPQ-KUBNVJFPSA-N,False,[],[],False,False,O=C1C=CCC2OCC(C=CC=CC(=O)OC3CC4OC5C6OC6CCC5(CO1)C3C41CO1)O2,-8.450965881347656,-7.601003170013428,0.8561968803405762,0.23076923076923078,True,descriptor_ridge,2026-09-28T20:43:23.600488+00:00,C/C1=C\C(=O)OC[C@]23CC[C@]4(C)O[C@H]4[C@H]2O[C@@H]2C[C@@H](OC(=O)/C=C\C=C\[C@H]4O[C@H](C1)O[C@@H]4C)[C@@]3(C)[C@]21CO1,ZIYCBQPVLHOKPQ-KUBNVJFPSA-N,ZIYCBQPVLHOKPQ-KUBNVJFPSA-N,[],[],exchangeable_tertiary_ring_NH_and_full_potential_stereo_v3_20260929,7,7,162.505759352544,0,C/C1=C\C(=O)OC[C@]23CC[C@]4(C)O[C@H]4[C@H]2O[C@@H]2C[C@@H](OC(=O)/C=C\C=C\[C@H]4O[C@H](C1)O[C@@H]4C)[C@@]3(C)[C@]21CO1,True,True,C/C1=C\C(=O)OC[C@]23CC[C@]4(C)O[C@H]4[C@H]2O[C@@H]2C[C@@H](OC(=O)/C=C\C=C\[C@H]4O[C@H](C1)O[C@@H]4C)[C@@]3(C)[C@]21CO1,True,True,prepared,<PACKAGE_ROOT>\Documents\Codex\TMC1_R2_Scratch_20260929\03_compute\formal_forward_v2_resume124\ligands\LIB_ZIYCBQPVLHOKPQ.sdf,0f4199d936b657087dc68238e960acb9f7ca949ce1dbdf5a3e8e8fd13978c86e,<PACKAGE_ROOT>\Documents\Codex\TMC1_R2_Scratch_20260929\03_compute\formal_forward_v2_resume124\ligands\LIB_ZIYCBQPVLHOKPQ.pdbqt,0975145256b91dd37e3e71ccf6b435a108d6d86e130e82c22235382e8fd082a6,13.221
LIB_BIEGVTQMNNLUOU,ChEMBL,CHEMBL102332,CHEMBL102332,https://www.ebi.ac.uk/chembl/compound_report_card/CHEMBL102332/,COc1ccc(C(=O)N2CC3C(=O)N(Cc4cc(C(F)(F)F)cc(C(F)(F)F)c4)C(=O)C3C23CCNCC3)cc1OC,COc1ccc(C(=O)N2Cc3c(c(O)n(Cc4cc(C(F)(F)F)cc(C(F)(F)F)c4)c3O)C23CCNCC3)cc1OC,COc1ccc(C(=O)N2Cc3c(c(O)n(Cc4cc(C(F)(F)F)cc(C(F)(F)F)c4)c3O)C23CCNCC3)cc1OC,BIEGVTQMNNLUOU-UHFFFAOYSA-N,BIEGVTQMNNLUOU,eligible,599.528,5.237,96.19,3,6,5,42,5,0.3477,0,1,1,False,predicted,eligible,False,[],1,COc1ccc(C(=O)[NH+]2Cc3c(c([O-])n(Cc4cc(C(F)(F)F)cc(C(F)(F)F)c4)c3[O-])C23CC[NH2+]CC3)cc1OC,BIEGVTQMNNLUOU-UHFFFAOYSA-N,True,"[[""Atom_Tetrahedral"", 8]]",[8],False,True,O=C(c1ccccc1)[NH+]1Cc2cn(Cc3ccccc3)cc2C12CC[NH2+]CC2,-8.44487190246582,-7.887186527252197,0.6169669032096863,0.26732673267326734,True,descriptor_ridge,2026-09-28T20:43:36.823262+00:00,COc1ccc(C(=O)N2Cc3c(c(O)n(Cc4cc(C(F)(F)F)cc(C(F)(F)F)c4)c3O)C23CCNCC3)cc1OC,BIEGVTQMNNLUOU-UHFFFAOYSA-N,BIEGVTQMNNLUOU-UHFFFAOYSA-N,"[[""Atom_Tetrahedral"", 8]]",[8],exchangeable_tertiary_ring_NH_and_full_potential_stereo_v3_20260929,7,7,-115.54721326827342,6,COc1ccc(C(=O)[N@@H+]2Cc3c(c([O-])n(Cc4cc(C(F)(F)F)cc(C(F)(F)F)c4)c3[O-])C23CC[NH2+]CC3)cc1OC,False,True,COc1ccc(C(=O)[N@@H+]2Cc3c(c([O-])n(Cc4cc(C(F)(F)F)cc(C(F)(F)F)c4)c3[O-])C23CC[NH2+]CC3)cc1OC,False,True,prepared,<PACKAGE_ROOT>\Documents\Codex\TMC1_R2_Scratch_20260929\03_compute\formal_forward_v2_resume124\ligands\LIB_BIEGVTQMNNLUOU.sdf,bb6b02c1c50bf716e8f2b0f03d96ba400ba06beaf006829b66382bc7f710ad6c,<PACKAGE_ROOT>\Documents\Codex\TMC1_R2_Scratch_20260929\03_compute\formal_forward_v2_resume124\ligands\LIB_BIEGVTQMNNLUOU.pdbqt,a1d4b36e38cd18f248aa1c4f82f5b7986a7f1cd777c42eceb5d73d9a9e59e6c0,1.179
LIB_DDHCKQIECJLNRO,ChEMBL,CHEMBL1086498,CHEMBL1086498,https://www.ebi.ac.uk/chembl/compound_report_card/CHEMBL1086498/,COc1ccc(Cn2ncc3[nH]c(-c4cc(NC(=O)Nc5c(F)cc(F)c(C)c5F)ccc4C)nc32)cc1,COc1ccc(Cn2ncc3[nH]c(-c4cc(NC(=O)Nc5c(F)cc(F)c(C)c5F)ccc4C)nc32)cc1,COc1ccc(Cn2ncc3[nH]c(-c4cc(NC(=O)Nc5c(F)cc(F)c(C)c5F)ccc4C)nc32)cc1,DDHCKQIECJLNRO-UHFFFAOYSA-N,DDHCKQIECJLNRO,eligible,520.515,6.161,96.86,3,4,6,38,5,0.2498,0,1,1,False,predicted,eligible,False,[],1,COc1ccc(Cn2ncc3[n-]c(-c4cc(NC(=O)Nc5c(F)cc(F)c(C)c5F)ccc4C)nc32)cc1,DNQOIOAZDFXFFJ-UHFFFAOYSA-M,False,[],[],False,False,O=C(Nc1ccccc1)Nc1cccc(-c2nc3c(cnn3Cc3ccccc3)[n-]2)c1,-8.444310188293457,-7.999757289886475,0.4849422574043274,0.25252525252525254,True,descriptor_ridge,2026-09-28T20:43:38.002788+00:00,COc1ccc(Cn2ncc3[nH]c(-c4cc(NC(=O)Nc5c(F)cc(F)c(C)c5F)ccc4C)nc32)cc1,DDHCKQIECJLNRO-UHFFFAOYSA-N,DNQOIOAZDFXFFJ-UHFFFAOYSA-M,[],[],exchangeable_tertiary_ring_NH_and_full_potential_stereo_v3_20260929,10,10,71.74966380086016,6,COc1ccc(Cn2ncc3[n-]c(-c4cc(NC(=O)Nc5c(F)cc(F)c(C)c5F)ccc4C)nc32)cc1,True,True,COc1ccc(Cn2ncc3[n-]c(-c4cc(NC(=O)Nc5c(F)cc(F)c(C)c5F)ccc4C)nc32)cc1,True,True,prepared,<PACKAGE_ROOT>\Documents\Codex\TMC1_R2_Scratch_20260929\03_compute\formal_forward_v2_resume124\ligands\LIB_DDHCKQIECJLNRO.sdf,c7a3a30c7e578b9e664eb4b1672cfcdbeda3a535a08d21d5e63502efabc79318,<PACKAGE_ROOT>\Documents\Codex\TMC1_R2_Scratch_20260929\03_compute\formal_forward_v2_resume124\ligands\LIB_DDHCKQIECJLNRO.pdbqt,847a5e5a05017fa08f4d0608739380dd696f163b6b1e0e98f219d771d2a1791e,0.908
LIB_FCRHJSNRFAAYQD,ChEMBL,CHEMBL1080669,CHEMBL1080669,https://www.ebi.ac.uk/chembl/compound_report_card/CHEMBL1080669/,O=C(Nc1cccc(Oc2ccccc2)c1)Nc1cccc(-c2cn3ccnc3c(NCc3ccncc3)n2)c1,O=C(Nc1cccc(Oc2ccccc2)c1)Nc1cccc(-c2cn3ccnc3c(NCc3ccncc3)n2)c1,O=C(Nc1cccc(Oc2ccccc2)c1)Nc1cccc(-c2cn3ccnc3c(NCc3ccncc3)n2)c1,FCRHJSNRFAAYQD-UHFFFAOYSA-N,FCRHJSNRFAAYQD,eligible,527.588,6.84,105.47,3,6,8,40,6,0.2001,0,1,1,False,predicted,eligible,False,[],1,O=C(Nc1cccc(Oc2ccccc2)c1)Nc1cccc(-c2cn3ccnc3c(NCc3ccncc3)n2)c1,FCRHJSNRFAAYQD-UHFFFAOYSA-N,False,[],[],False,False,O=C(Nc1cccc(Oc2ccccc2)c1)Nc1cccc(-c2cn3ccnc3c(NCc3ccncc3)n2)c1,-8.442765235900879,-8.132245063781738,0.6366820335388184,0.26506024096385544,True,descriptor_ridge,2026-09-28T20:43:38.912481+00:00,O=C(Nc1cccc(Oc2ccccc2)c1)Nc1cccc(-c2cn3ccnc3c(NCc3ccncc3)n2)c1,FCRHJSNRFAAYQD-UHFFFAOYSA-N,FCRHJSNRFAAYQD-UHFFFAOYSA-N,[],[],exchangeable_tertiary_ring_NH_and_full_potential_stereo_v3_20260929,10,10,-5.674219940209845,5,O=C(Nc1cccc(Oc2ccccc2)c1)Nc1cccc(-c2cn3ccnc3c(NCc3ccncc3)n2)c1,True,True,O=C(Nc1cccc(Oc2ccccc2)c1)Nc1cccc(-c2cn3ccnc3c(NCc3ccncc3)n2)c1,True,True,prepared,<PACKAGE_ROOT>\Documents\Codex\TMC1_R2_Scratch_20260929\03_compute\formal_forward_v2_resume124\ligands\LIB_FCRHJSNRFAAYQD.sdf,7824282b3596d52c56a87a6aa0777c4d612e12b4eb8b6b04bcd58e8e04063fe3,<PACKAGE_ROOT>\Documents\Codex\TMC1_R2_Scratch_20260929\03_compute\formal_forward_v2_resume124\ligands\LIB_FCRHJSNRFAAYQD.pdbqt,32323dbb9feed742a641b83bdb73ae8801b78e2d45bf1c32526e664cbdbe4960,1.251
LIB_FUQDVEKSFKFAGI,ChEMBL,CHEMBL1080182,CHEMBL1080182,https://www.ebi.ac.uk/chembl/compound_report_card/CHEMBL1080182/,O=C(Nc1cccc(-c2cn3ccnc3c(NCc3ccncc3)n2)c1)Nc1ccccc1Oc1ccccc1,O=C(Nc1cccc(-c2cn3ccnc3c(NCc3ccncc3)n2)c1)Nc1ccccc1Oc1ccccc1,O=C(Nc1cccc(-c2cn3ccnc3c(NCc3ccncc3)n2)c1)Nc1ccccc1Oc1ccccc1,FUQDVEKSFKFAGI-UHFFFAOYSA-N,FUQDVEKSFKFAGI,eligible,527.588,6.84,105.47,3,6,8,40,6,0.2001,0,1,1,False,predicted,eligible,False,[],1,O=C(Nc1cccc(-c2cn3ccnc3c(NCc3ccncc3)n2)c1)Nc1ccccc1Oc1ccccc1,FUQDVEKSFKFAGI-UHFFFAOYSA-N,False,[],[],False,False,O=C(Nc1cccc(-c2cn3ccnc3c(NCc3ccncc3)n2)c1)Nc1ccccc1Oc1ccccc1,-8.442765235900879,-8.126073837280273,0.6292582750320435,0.25773195876288657,True,descriptor_ridge,2026-09-28T20:43:40.164239+00:00,O=C(Nc1cccc(-c2cn3ccnc3c(NCc3ccncc3)n2)c1)Nc1ccccc1Oc1ccccc1,FUQDVEKSFKFAGI-UHFFFAOYSA-N,FUQDVEKSFKFAGI-UHFFFAOYSA-N,[],[],exchangeable_tertiary_ring_NH_and_full_potential_stereo_v3_20260929,9,9,3.624505359948607,7,O=C(Nc1cccc(-c2cn3ccnc3c(NCc3ccncc3)n2)c1)Nc1ccccc1Oc1ccccc1,True,True,O=C(Nc1cccc(-c2cn3ccnc3c(NCc3ccncc3)n2)c1)Nc1ccccc1Oc1ccccc1,True,True,prepared,<PACKAGE_ROOT>\Documents\Codex\TMC1_R2_Scratch_20260929\03_compute\formal_forward_v2_resume124\ligands\LIB_FUQDVEKSFKFAGI.sdf,a632a460b86d9a8b6447352b873a2a9ce0ed077a8bae9c95c5c8e9bae5d80d41,<PACKAGE_ROOT>\Documents\Codex\TMC1_R2_Scratch_20260929\03_compute\formal_forward_v2_resume124\ligands\LIB_FUQDVEKSFKFAGI.pdbqt,fe14ea1846ca0d3e88ce9588b0cfaaa686e345599f892049dd947489522e9231,1.218
LIB_YHHSKXWUHAVBMR,ChEMBL,CHEMBL1086295,CHEMBL1086295,https://www.ebi.ac.uk/chembl/compound_report_card/CHEMBL1086295/,COc1ccc(Cn2ncc3[nH]c(-c4ccc(NC(=O)Nc5nc6ccc(C)cc6s5)cc4C)nc32)cc1,COc1ccc(Cn2ncc3[nH]c(-c4ccc(NC(=O)Nc5nc6ccc(C)cc6s5)cc4C)nc32)cc1,COc1ccc(Cn2ncc3[nH]c(-c4ccc(NC(=O)Nc5nc6ccc(C)cc6s5)cc4C)nc32)cc1,YHHSKXWUHAVBMR-UHFFFAOYSA-N,YHHSKXWUHAVBMR,eligible,523.622,6.354,109.75,3,6,6,38,6,0.2355,0,1,1,False,predicted,eligible,False,[],1,COc1ccc(Cn2ncc3[n-]c(-c4ccc(NC(=O)Nc5nc6ccc(C)cc6s5)cc4C)nc32)cc1,HKXKMLIYPDVBEB-UHFFFAOYSA-M,False,[],[],False,False,O=C(Nc1ccc(-c2nc3c(cnn3Cc3ccccc3)[n-]2)cc1)Nc1nc2ccccc2s1,-8.441574096679688,-7.99491024017334,0.5596398711204529,0.26506024096385544,True,descriptor_ridge,2026-09-28T20:43:41.384147+00:00,COc1ccc(Cn2ncc3[nH]c(-c4ccc(NC(=O)Nc5nc6ccc(C)cc6s5)cc4C)nc32)cc1,YHHSKXWUHAVBMR-UHFFFAOYSA-N,HKXKMLIYPDVBEB-UHFFFAOYSA-M,[],[],exchangeable_tertiary_ring_NH_and_full_potential_stereo_v3_20260929,10,10,60.88083950791345,5,COc1ccc(Cn2ncc3[n-]c(-c4ccc(NC(=O)Nc5nc6ccc(C)cc6s5)cc4C)nc32)cc1,True,True,COc1ccc(Cn2ncc3[n-]c(-c4ccc(NC(=O)Nc5nc6ccc(C)cc6s5)cc4C)nc32)cc1,True,True,prepared,<PACKAGE_ROOT>\Documents\Codex\TMC1_R2_Scratch_20260929\03_compute\formal_forward_v2_resume124\ligands\LIB_YHHSKXWUHAVBMR.sdf,c29907c7185cd78c312e0e4013bb2702b4efba75fedf859f1091470eef4ace8d,<PACKAGE_ROOT>\Documents\Codex\TMC1_R2_Scratch_20260929\03_compute\formal_forward_v2_resume124\ligands\LIB_YHHSKXWUHAVBMR.pdbqt,ee1a332eeb09935bf2842bf6bd36fb3d43d75eb51c83feccafee2dd876abaefb,1.088
LIB_DIMKSBQDWMXKAH,ChEMBL,CHEMBL1084036,CHEMBL1084036,https://www.ebi.ac.uk/chembl/compound_report_card/CHEMBL1084036/,Cc1cn(-c2cc(NC(=O)Nc3ccc(-c4nc5[nH]ncc5[nH]4)c(C)c3)cc(C(F)(F)F)c2)cn1,Cc1cn(-c2cc(NC(=O)Nc3ccc(-c4nc5[nH]ncc5[nH]4)c(C)c3)cc(C(F)(F)F)c2)cn1,Cc1cn(-c2cc(NC(=O)Nc3ccc(-c4nc5[nH]ncc5[nH]4)c(C)c3)cc(C(F)(F)F)c2)cn1,DIMKSBQDWMXKAH-UHFFFAOYSA-N,DIMKSBQDWMXKAH,eligible,480.454,5.418,116.31,4,4,4,35,5,0.2749,0,1,1,False,predicted,eligible,False,[],1,Cc1cn(-c2cc(NC(=O)Nc3ccc(-c4nc5[n-]ncc5[n-]4)c(C)c3)cc(C(F)(F)F)c2)cn1,VAGFINQJDFEJTR-UHFFFAOYSA-M,False,[],[],False,False,O=C(Nc1ccc(-c2nc3[n-]ncc3[n-]2)cc1)Nc1cccc(-n2ccnc2)c1,-8.431132316589355,-8.221810340881348,0.5274730920791626,0.24731182795698925,True,descriptor_ridge,2026-09-28T20:43:42.472504+00:00,Cc1cn(-c2cc(NC(=O)Nc3ccc(-c4nc5[nH]ncc5[nH]4)c(C)c3)cc(C(F)(F)F)c2)cn1,DIMKSBQDWMXKAH-UHFFFAOYSA-N,VAGFINQJDFEJTR-UHFFFAOYSA-M,[],[],exchangeable_tertiary_ring_NH_and_full_potential_stereo_v3_20260929,9,9,147.0586120412805,6,Cc1cn(-c2cc(NC(=O)Nc3ccc(-c4nc5[n-]ncc5[n-]4)c(C)c3)cc(C(F)(F)F)c2)cn1,True,True,Cc1cn(-c2cc(NC(=O)Nc3ccc(-c4nc5[n-]ncc5[n-]4)c(C)c3)cc(C(F)(F)F)c2)cn1,True,True,prepared,<PACKAGE_ROOT>\Documents\Codex\TMC1_R2_Scratch_20260929\03_compute\formal_forward_v2_resume124\ligands\LIB_DIMKSBQDWMXKAH.sdf,76d209dd879ed2c7d32f1866c63287ee7ebfa39c02ed7f894c97b9111f77e938,<PACKAGE_ROOT>\Documents\Codex\TMC1_R2_Scratch_20260929\03_compute\formal_forward_v2_resume124\ligands\LIB_DIMKSBQDWMXKAH.pdbqt,5f1d3617e3b37d2639aa4d247460ab2253fe61ad6566cf5712eee9a7d1d8749f,0.702
LIB_PPCDZYRDXIKRDW,ChEMBL,CHEMBL1075628,CHEMBL1075628,https://www.ebi.ac.uk/chembl/compound_report_card/CHEMBL1075628/,Cc1ccc(NC(=O)c2cc(CN3CCN(C)CC3)n(C(C)(C)C)n2)cc1Nc1nc2ccccc2n1-c1cc(N)ncn1,Cc1ccc(NC(=O)c2cc(CN3CCN(C)CC3)n(C(C)(C)C)n2)cc1Nc1nc2ccccc2n1-c1cc(N)ncn1,Cc1ccc(NC(=O)c2cc(CN3CCN(C)CC3)n(C(C)(C)C)n2)cc1Nc1nc2ccccc2n1-c1cc(N)ncn1,PPCDZYRDXIKRDW-UHFFFAOYSA-N,PPCDZYRDXIKRDW,eligible,593.74,4.401,135.05,3,9,7,44,6,0.2509,0,1,1,False,predicted,eligible,False,[],1,Cc1ccc(NC(=O)c2cc(C[NH+]3CC[NH+](C)CC3)n(C(C)(C)C)n2)cc1Nc1nc2ccccc2n1-c1cc(N)ncn1,PPCDZYRDXIKRDW-UHFFFAOYSA-P,True,"[[""Atom_Tetrahedral"", 12], [""Atom_Tetrahedral"", 15]]","[12, 15]",False,True,O=C(Nc1cccc(Nc2nc3ccccc3n2-c2ccncn2)c1)c1cc(C[NH+]2CC[NH2+]CC2)[nH]n1,-8.429863929748535,-7.994481086730957,0.7290109992027283,0.24778761061946902,True,descriptor_ridge,2026-09-28T20:43:43.175040+00:00,Cc1ccc(NC(=O)c2cc(CN3CCN(C)CC3)n(C(C)(C)C)n2)cc1Nc1nc2ccccc2n1-c1cc(N)ncn1,PPCDZYRDXIKRDW-UHFFFAOYSA-N,PPCDZYRDXIKRDW-UHFFFAOYSA-P,"[[""Atom_Tetrahedral"", 12], [""Atom_Tetrahedral"", 15]]","[12, 15]",exchangeable_tertiary_ring_NH_and_full_potential_stereo_v3_20260929,10,10,189.69419981306595,3,Cc1ccc(NC(=O)c2cc(C[N@H+]3CC[N@H+](C)CC3)n(C(C)(C)C)n2)cc1Nc1nc2ccccc2n1-c1cc(N)ncn1,False,True,Cc1ccc(NC(=O)c2cc(C[N@H+]3CC[N@H+](C)CC3)n(C(C)(C)C)n2)cc1Nc1nc2ccccc2n1-c1cc(N)ncn1,False,True,prepared,<PACKAGE_ROOT>\Documents\Codex\TMC1_R2_Scratch_20260929\03_compute\formal_forward_v2_resume124\ligands\LIB_PPCDZYRDXIKRDW.sdf,2b9d1feaac9e51e16e360980af0ffbb59cf8a491f1e346dac951bc906ae78830,<PACKAGE_ROOT>\Documents\Codex\TMC1_R2_Scratch_20260929\03_compute\formal_forward_v2_resume124\ligands\LIB_PPCDZYRDXIKRDW.pdbqt,77e1e6ef9f18bb9e1210bad2cac73c1990b7b17925167a3c5c8e33a5c54c727b,2.535
LIB_QGZCRYRTSBNQGS,ChEMBL,CHEMBL1086869,CHEMBL1086869,https://www.ebi.ac.uk/chembl/compound_report_card/CHEMBL1086869/,CO[C@H]1[C@H](O)[C@@H](O)[C@H](Oc2ccc3c4c([nH]c3c2)[C@@]2(C)[C@@H](CC[C@H]3C(C)(C)C(=O)C=C[C@@]32C)C4)O[C@@H]1CO,CO[C@H]1[C@H](O)[C@@H](O)[C@H](Oc2ccc3c4c([nH]c3c2)[C@@]2(C)[C@@H](CC[C@H]3C(C)(C)C(=O)C=C[C@@]32C)C4)O[C@@H]1CO,COC1C(CO)OC(Oc2ccc3c4c([nH]c3c2)C2(C)C(CCC3C(C)(C)C(=O)C=CC32C)C4)C(O)C1O,QGZCRYRTSBNQGS-MQWGIPAISA-N,QGZCRYRTSBNQGS,eligible,525.642,3.012,121.24,4,7,4,38,6,0.4843,0,1,1,False,predicted,eligible,False,[],1,CO[C@H]1[C@H](O)[C@@H](O)[C@H](Oc2ccc3c4c([nH]c3c2)[C@@]2(C)[C@@H](CC[C@H]3C(C)(C)C(=O)C=C[C@@]32C)C4)O[C@@H]1CO,QGZCRYRTSBNQGS-MQWGIPAISA-N,False,[],[],False,False,O=C1C=CC2C(CCC3Cc4c([nH]c5cc(OC6CCCCO6)ccc45)C32)C1,-8.426224708557129,-8.220412254333496,0.804715096950531,0.25555555555555554,True,descriptor_ridge,2026-09-28T20:43:45.711094+00:00,CO[C@H]1[C@H](O)[C@@H](O)[C@H](Oc2ccc3c4c([nH]c3c2)[C@@]2(C)[C@@H](CC[C@H]3C(C)(C)C(=O)C=C[C@@]32C)C4)O[C@@H]1CO,QGZCRYRTSBNQGS-MQWGIPAISA-N,QGZCRYRTSBNQGS-MQWGIPAISA-N,[],[],exchangeable_tertiary_ring_NH_and_full_potential_stereo_v3_20260929,5,5,226.929338298663,3,CO[C@H]1[C@H](O)[C@@H](O)[C@H](Oc2ccc3c4c([nH]c3c2)[C@@]2(C)[C@@H](CC[C@H]3C(C)(C)C(=O)C=C[C@@]32C)C4)O[C@@H]1CO,True,True,CO[C@H]1[C@H](O)[C@@H](O)[C@H](Oc2ccc3c4c([nH]c3c2)[C@@]2(C)[C@@H](CC[C@H]3C(C)(C)C(=O)C=C[C@@]32C)C4)O[C@@H]1CO,True,True,prepared,<PACKAGE_ROOT>\Documents\Codex\TMC1_R2_Scratch_20260929\03_compute\formal_forward_v2_resume124\ligands\LIB_QGZCRYRTSBNQGS.sdf,5cea4c22515d7de8fb4ab16893bec37ed57533b4a3c95517e146a10458f1cfe3,<PACKAGE_ROOT>\Documents\Codex\TMC1_R2_Scratch_20260929\03_compute\formal_forward_v2_resume124\ligands\LIB_QGZCRYRTSBNQGS.pdbqt,589929fbaa102c15330cf5ef59cebe94e05a89282f3653906b4e2f07f664e2be,1.738
LIB_HHZIURLSWUIHRB,ChEMBL,CHEMBL1201740,CHEMBL1201740;CHEMBL255863,https://www.ebi.ac.uk/chembl/compound_report_card/CHEMBL1201740/,Cc1cn(-c2cc(NC(=O)c3ccc(C)c(Nc4nccc(-c5cccnc5)n4)c3)cc(C(F)(F)F)c2)cn1.Cl.O,Cc1cn(-c2cc(NC(=O)c3ccc(C)c(Nc4nccc(-c5cccnc5)n4)c3)cc(C(F)(F)F)c2)cn1,Cc1cn(-c2cc(NC(=O)c3ccc(C)c(Nc4nccc(-c5cccnc5)n4)c3)cc(C(F)(F)F)c2)cn1,HHZIURLSWUIHRB-UHFFFAOYSA-N,HHZIURLSWUIHRB,eligible,529.526,6.356,97.62,2,6,6,39,5,0.2659,0,2,1,False,predicted,eligible,False,[],1,Cc1cn(-c2cc(NC(=O)c3ccc(C)c(Nc4nccc(-c5cccnc5)n4)c3)cc(C(F)(F)F)c2)cn1,HHZIURLSWUIHRB-UHFFFAOYSA-N,False,[],[],False,False,O=C(Nc1cccc(-n2ccnc2)c1)c1cccc(Nc2nccc(-c3cccnc3)n2)c1,-8.425787925720215,-8.314099311828613,0.4803008437156677,0.30526315789473685,False,descriptor_ridge;AI_initial,2026-09-28T20:43:47.451527+00:00,Cc1cn(-c2cc(NC(=O)c3ccc(C)c(Nc4nccc(-c5cccnc5)n4)c3)cc(C(F)(F)F)c2)cn1,HHZIURLSWUIHRB-UHFFFAOYSA-N,HHZIURLSWUIHRB-UHFFFAOYSA-N,[],[],exchangeable_tertiary_ring_NH_and_full_potential_stereo_v3_20260929,9,9,29.385670982608456,4,Cc1cn(-c2cc(NC(=O)c3ccc(C)c(Nc4nccc(-c5cccnc5)n4)c3)cc(C(F)(F)F)c2)cn1,True,True,Cc1cn(-c2cc(NC(=O)c3ccc(C)c(Nc4nccc(-c5cccnc5)n4)c3)cc(C(F)(F)F)c2)cn1,True,True,prepared,<PACKAGE_ROOT>\Documents\Codex\TMC1_R2_Scratch_20260929\03_compute\formal_forward_v2_resume124\ligands\LIB_HHZIURLSWUIHRB.sdf,c2b28de3b96840f6d791298f107ac242cf618461bad40a447f9e947dc709dbc5,<PACKAGE_ROOT>\Documents\Codex\TMC1_R2_Scratch_20260929\03_compute\formal_forward_v2_resume124\ligands\LIB_HHZIURLSWUIHRB.pdbqt,4e76b8358e237209900bb60606fd73f7e48ef8fb7d97374982b9072a500d2b83,0.933
LIB_SVAFJSOEFDZBGK,ChEMBL,CHEMBL1086486,CHEMBL1086486,https://www.ebi.ac.uk/chembl/compound_report_card/CHEMBL1086486/,O=C(Nc1ccc(-c2nc3c(cnn3Cc3ccccc3)[nH]2)cc1)Nc1cc(Cl)cc(C(F)(F)F)c1,O=C(Nc1ccc(-c2nc3c(cnn3Cc3ccccc3)[nH]2)cc1)Nc1cc(Cl)cc(C(F)(F)F)c1,O=C(Nc1ccc(-c2nc3c(cnn3Cc3ccccc3)[nH]2)cc1)Nc1cc(Cl)cc(C(F)(F)F)c1,SVAFJSOEFDZBGK-UHFFFAOYSA-N,SVAFJSOEFDZBGK,eligible,510.907,6.791,87.63,3,3,5,36,5,0.2431,0,1,1,False,predicted,eligible,False,[],1,O=C(Nc1ccc(-c2nc3c(cnn3Cc3ccccc3)[n-]2)cc1)Nc1cc(Cl)cc(C(F)(F)F)c1,WOEZHRLNHCAWPG-UHFFFAOYSA-M,False,[],[],False,False,O=C(Nc1ccccc1)Nc1ccc(-c2nc3c(cnn3Cc3ccccc3)[n-]2)cc1,-8.423575401306152,-8.026742935180664,0.6565908193588257,0.2631578947368421,True,descriptor_ridge,2026-09-28T20:43:48.385135+00:00,O=C(Nc1ccc(-c2nc3c(cnn3Cc3ccccc3)[nH]2)cc1)Nc1cc(Cl)cc(C(F)(F)F)c1,SVAFJSOEFDZBGK-UHFFFAOYSA-N,WOEZHRLNHCAWPG-UHFFFAOYSA-M,[],[],exchangeable_tertiary_ring_NH_and_full_potential_stereo_v3_20260929,10,10,79.1889044485529,7,O=C(Nc1ccc(-c2nc3c(cnn3Cc3ccccc3)[n-]2)cc1)Nc1cc(Cl)cc(C(F)(F)F)c1,True,True,O=C(Nc1ccc(-c2nc3c(cnn3Cc3ccccc3)[n-]2)cc1)Nc1cc(Cl)cc(C(F)(F)F)c1,True,True,prepared,<PACKAGE_ROOT>\Documents\Codex\TMC1_R2_Scratch_20260929\03_compute\formal_forward_v2_resume124\ligands\LIB_SVAFJSOEFDZBGK.sdf,cb349bca6476c8496a5c86dde04b0aacf5f0661e5b691bdc1252093dfa6f3f17,<PACKAGE_ROOT>\Documents\Codex\TMC1_R2_Scratch_20260929\03_compute\formal_forward_v2_resume124\ligands\LIB_SVAFJSOEFDZBGK.pdbqt,33da110fd59b56d7980d1b56658e2906aa03f77700bd79b605c33312c7f96e2b,0.689
LIB_IWFOIUWPNYEUAI,ChEMBL,CHEMBL1079018,CHEMBL1079018,https://www.ebi.ac.uk/chembl/compound_report_card/CHEMBL1079018/,CC1=C[C@H]2O[C@@H]3C[C@H]4OC(=O)/C=C\C=C\[C@H]5O[C@H](C/C(C)=C/C(=O)OC[C@@]2(CC1)[C@]4(C)[C@]31CO1)O[C@@H]5C,CC1=C[C@H]2O[C@@H]3C[C@H]4OC(=O)/C=C\C=C\[C@H]5O[C@H](C/C(C)=C/C(=O)OC[C@@]2(CC1)[C@]4(C)[C@]31CO1)O[C@@H]5C,CC1=CC2OC3CC4OC(=O)C=CC=CC5OC(CC(C)=CC(=O)OCC2(CC1)C4(C)C31CO1)OC5C,IWFOIUWPNYEUAI-WUCVSPPTSA-N,IWFOIUWPNYEUAI,eligible,512.599,3.707,92.82,0,8,0,37,6,0.2756,0,1,1,False,predicted,eligible,False,[],1,CC1=C[C@H]2O[C@@H]3C[C@H]4OC(=O)/C=C\C=C\[C@H]5O[C@H](C/C(C)=C/C(=O)OC[C@@]2(CC1)[C@]4(C)[C@]31CO1)O[C@@H]5C,IWFOIUWPNYEUAI-WUCVSPPTSA-N,False,[],[],False,False,O=C1C=CCC2OCC(C=CC=CC(=O)OC3CC4OC5C=CCCC5(CO1)C3C41CO1)O2,-8.421302795410156,-7.852911472320557,0.8457402586936951,0.24752475247524752,True,descriptor_ridge,2026-09-28T20:43:49.075808+00:00,CC1=C[C@H]2O[C@@H]3C[C@H]4OC(=O)/C=C\C=C\[C@H]5O[C@H](C/C(C)=C/C(=O)OC[C@@]2(CC1)[C@]4(C)[C@]31CO1)O[C@@H]5C,IWFOIUWPNYEUAI-WUCVSPPTSA-N,IWFOIUWPNYEUAI-WUCVSPPTSA-N,[],[],exchangeable_tertiary_ring_NH_and_full_potential_stereo_v3_20260929,9,9,98.87755179143986,3,CC1=C[C@H]2O[C@@H]3C[C@H]4OC(=O)/C=C\C=C\[C@H]5O[C@H](C/C(C)=C/C(=O)OC[C@@]2(CC1)[C@]4(C)[C@]31CO1)O[C@@H]5C,True,True,CC1=C[C@H]2O[C@@H]3C[C@H]4OC(=O)/C=C\C=C\[C@H]5O[C@H](C/C(C)=C/C(=O)OC[C@@]2(CC1)[C@]4(C)[C@]31CO1)O[C@@H]5C,True,True,prepared,<PACKAGE_ROOT>\Documents\Codex\TMC1_R2_Scratch_20260929\03_compute\formal_forward_v2_resume124\ligands\LIB_IWFOIUWPNYEUAI.sdf,150bb70ea3d09afefcc792b6326af424203f040bd59fd9ce70a97e5c45488d5b,<PACKAGE_ROOT>\Documents\Codex\TMC1_R2_Scratch_20260929\03_compute\formal_forward_v2_resume124\ligands\LIB_IWFOIUWPNYEUAI.pdbqt,93c736ff9b777c739c4a381cc05a1f1bd1ea21d2d5653d0d318f713d648c239a,3.157
LIB_ZZWXYBPRSDQAJH,ChEMBL,CHEMBL1078928,CHEMBL1078928;CHEMBL1079153,https://www.ebi.ac.uk/chembl/compound_report_card/CHEMBL1078928/,C[C@@]1(C(=O)O)CC[C@]2(C)CC[C@]3(C)C(=CC[C@@H]4[C@@]5(C)CC[C@@H](O)[C@@](C)(C(=O)O)[C@@H]5CC[C@]43C)[C@@H]2C1,C[C@@]1(C(=O)O)CC[C@]2(C)CC[C@]3(C)C(=CC[C@@H]4[C@@]5(C)CC[C@@H](O)[C@@](C)(C(=O)O)[C@@H]5CC[C@]43C)[C@@H]2C1,CC1(C(=O)O)CCC2(C)CCC3(C)C(=CCC4C5(C)CCC(O)C(C)(C(=O)O)C5CCC43C)C2C1,ZZWXYBPRSDQAJH-PPASWHMCSA-N,ZZWXYBPRSDQAJH,eligible,486.693,6.298,94.83,3,3,2,35,5,0.3983,0,2,2,False,predicted,eligible,False,[],1,C[C@@]1(C(=O)[O-])CC[C@]2(C)CC[C@]3(C)C(=CC[C@@H]4[C@@]5(C)CC[C@@H](O)[C@@](C)(C(=O)[O-])[C@@H]5CC[C@]43C)[C@@H]2C1,ZZWXYBPRSDQAJH-PPASWHMCSA-L,False,[],[],False,False,C1=C2C3CCCCC3CCC2C2CCC3CCCCC3C2C1,-8.41915512084961,-7.455289363861084,0.7274488210678101,0.23595505617977527,True,descriptor_ridge,2026-09-28T20:43:52.233922+00:00,C[C@@]1(C(=O)O)CC[C@]2(C)CC[C@]3(C)C(=CC[C@@H]4[C@@]5(C)CC[C@@H](O)[C@@](C)(C(=O)O)[C@@H]5CC[C@]43C)[C@@H]2C1,ZZWXYBPRSDQAJH-PPASWHMCSA-N,ZZWXYBPRSDQAJH-PPASWHMCSA-L,[],[],exchangeable_tertiary_ring_NH_and_full_potential_stereo_v3_20260929,10,10,177.35370852892038,0,C[C@@]1(C(=O)[O-])CC[C@]2(C)CC[C@]3(C)C(=CC[C@@H]4[C@@]5(C)CC[C@@H](O)[C@@](C)(C(=O)[O-])[C@@H]5CC[C@]43C)[C@@H]2C1,True,True,C[C@@]1(C(=O)[O-])CC[C@]2(C)CC[C@]3(C)C(=CC[C@@H]4[C@@]5(C)CC[C@@H](O)[C@@](C)(C(=O)[O-])[C@@H]5CC[C@]43C)[C@@H]2C1,True,True,prepared,<PACKAGE_ROOT>\Documents\Codex\TMC1_R2_Scratch_20260929\03_compute\formal_forward_v2_resume124\ligands\LIB_ZZWXYBPRSDQAJH.sdf,4d73b8f87fd76763af73719f99f95229bd985bbb7bafc9f91dbee91096538ba1,<PACKAGE_ROOT>\Documents\Codex\TMC1_R2_Scratch_20260929\03_compute\formal_forward_v2_resume124\ligands\LIB_ZZWXYBPRSDQAJH.pdbqt,87128f93f12a89a27c764008b54a22cff3d77711285aeb13748c9ff148333aa9,2.241
LIB_GHPCAIWYHJZRGR,ChEMBL,CHEMBL1079850,CHEMBL1079850,https://www.ebi.ac.uk/chembl/compound_report_card/CHEMBL1079850/,O=C(Nc1cccc(-c2cn3ccnc3c(NCc3ccncc3)n2)c1)Nc1cc(C(F)(F)F)ccc1F,O=C(Nc1cccc(-c2cn3ccnc3c(NCc3ccncc3)n2)c1)Nc1cc(C(F)(F)F)ccc1F,O=C(Nc1cccc(-c2cn3ccnc3c(NCc3ccncc3)n2)c1)Nc1cc(C(F)(F)F)ccc1F,GHPCAIWYHJZRGR-UHFFFAOYSA-N,GHPCAIWYHJZRGR,eligible,521.478,6.205,96.24,3,5,6,38,5,0.2312,0,1,1,False,predicted,eligible,False,[],1,O=C(Nc1cccc(-c2cn3ccnc3c(NCc3ccncc3)n2)c1)Nc1cc(C(F)(F)F)ccc1F,GHPCAIWYHJZRGR-UHFFFAOYSA-N,False,[],[],False,False,O=C(Nc1ccccc1)Nc1cccc(-c2cn3ccnc3c(NCc3ccncc3)n2)c1,-8.415785789489746,-8.1171293258667,0.5826961398124695,0.26804123711340205,True,descriptor_ridge,2026-09-28T20:43:54.475790+00:00,O=C(Nc1cccc(-c2cn3ccnc3c(NCc3ccncc3)n2)c1)Nc1cc(C(F)(F)F)ccc1F,GHPCAIWYHJZRGR-UHFFFAOYSA-N,GHPCAIWYHJZRGR-UHFFFAOYSA-N,[],[],exchangeable_tertiary_ring_NH_and_full_potential_stereo_v3_20260929,10,10,1.859349741103376,7,O=C(Nc1cccc(-c2cn3ccnc3c(NCc3ccncc3)n2)c1)Nc1cc(C(F)(F)F)ccc1F,True,True,O=C(Nc1cccc(-c2cn3ccnc3c(NCc3ccncc3)n2)c1)Nc1cc(C(F)(F)F)ccc1F,True,True,prepared,<PACKAGE_ROOT>\Documents\Codex\TMC1_R2_Scratch_20260929\03_compute\formal_forward_v2_resume124\ligands\LIB_GHPCAIWYHJZRGR.sdf,fa0ea1b52d2ddf4b9967238b1d083bcd507e9c092367a8a399bdcd64e596395b,<PACKAGE_ROOT>\Documents\Codex\TMC1_R2_Scratch_20260929\03_compute\formal_forward_v2_resume124\ligands\LIB_GHPCAIWYHJZRGR.pdbqt,26996b016d292fd8894d98aff1d35a27322d42e596cb6c90d6e8838e6bf7e080,0.89
LIB_HFNYDUGXJCRIRE,ChEMBL,CHEMBL1078363,CHEMBL1078363,https://www.ebi.ac.uk/chembl/compound_report_card/CHEMBL1078363/,Cc1cc(-c2ccnc(Nc3ccc(N4CCOCC4)cc3)n2)ccc1C(=O)NCC#N,Cc1cc(-c2ccnc(Nc3ccc(N4CCOCC4)cc3)n2)ccc1C(=O)NCC#N,Cc1cc(-c2ccnc(Nc3ccc(N4CCOCC4)cc3)n2)ccc1C(=O)NCC#N,HFNYDUGXJCRIRE-UHFFFAOYSA-N,HFNYDUGXJCRIRE,eligible,428.496,3.286,103.17,2,7,6,32,4,0.5808,0,1,1,False,predicted,eligible,False,[],1,Cc1cc(-c2ccnc(Nc3ccc(N4CCOCC4)cc3)n2)ccc1C(=O)NCC#N,HFNYDUGXJCRIRE-UHFFFAOYSA-N,False,[],[],False,False,c1ccc(-c2ccnc(Nc3ccc(N4CCOCC4)cc3)n2)cc1,-7.489298343658447,-8.512862205505371,0.534368634223938,0.796875,False,AI_initial,2026-09-28T20:43:55.367732+00:00,Cc1cc(-c2ccnc(Nc3ccc(N4CCOCC4)cc3)n2)ccc1C(=O)NCC#N,HFNYDUGXJCRIRE-UHFFFAOYSA-N,HFNYDUGXJCRIRE-UHFFFAOYSA-N,[],[],exchangeable_tertiary_ring_NH_and_full_potential_stereo_v3_20260929,10,10,44.419368457177875,5,Cc1cc(-c2ccnc(Nc3ccc(N4CCOCC4)cc3)n2)ccc1C(=O)NCC#N,True,True,Cc1cc(-c2ccnc(Nc3ccc(N4CCOCC4)cc3)n2)ccc1C(=O)NCC#N,True,True,prepared,<PACKAGE_ROOT>\Documents\Codex\TMC1_R2_Scratch_20260929\03_compute\formal_forward_v2_resume124\ligands\LIB_HFNYDUGXJCRIRE.sdf,bda5cf63a9e23f9e0852295039da794069cebb29c7a865ce2869956062fd000e,<PACKAGE_ROOT>\Documents\Codex\TMC1_R2_Scratch_20260929\03_compute\formal_forward_v2_resume124\ligands\LIB_HFNYDUGXJCRIRE.pdbqt,c65e809c3bb38ae42a445905a241462a39504b491726d0a6c358b89660e392c4,0.819
LIB_OGYJYBMWSHOXRO,ChEMBL,CHEMBL1078364,CHEMBL1078364,https://www.ebi.ac.uk/chembl/compound_report_card/CHEMBL1078364/,COc1cc(-c2ccnc(Nc3ccc(N4CCOCC4)cc3)n2)ccc1C(=O)NCC#N,COc1cc(-c2ccnc(Nc3ccc(N4CCOCC4)cc3)n2)ccc1C(=O)NCC#N,COc1cc(-c2ccnc(Nc3ccc(N4CCOCC4)cc3)n2)ccc1C(=O)NCC#N,OGYJYBMWSHOXRO-UHFFFAOYSA-N,OGYJYBMWSHOXRO,eligible,444.495,2.986,112.4,2,8,7,33,4,0.5351,0,1,1,False,predicted,eligible,False,[],1,COc1cc(-c2ccnc(Nc3ccc(N4CCOCC4)cc3)n2)ccc1C(=O)NCC#N,OGYJYBMWSHOXRO-UHFFFAOYSA-N,False,[],[],False,False,c1ccc(-c2ccnc(Nc3ccc(N4CCOCC4)cc3)n2)cc1,-7.450337886810303,-8.498434066772461,0.5649440884590149,0.746268656716418,False,AI_initial,2026-09-28T20:43:56.187858+00:00,COc1cc(-c2ccnc(Nc3ccc(N4CCOCC4)cc3)n2)ccc1C(=O)NCC#N,OGYJYBMWSHOXRO-UHFFFAOYSA-N,OGYJYBMWSHOXRO-UHFFFAOYSA-N,[],[],exchangeable_tertiary_ring_NH_and_full_potential_stereo_v3_20260929,7,7,46.855830503505565,0,COc1cc(-c2ccnc(Nc3ccc(N4CCOCC4)cc3)n2)ccc1C(=O)NCC#N,True,True,COc1cc(-c2ccnc(Nc3ccc(N4CCOCC4)cc3)n2)ccc1C(=O)NCC#N,True,True,prepared,<PACKAGE_ROOT>\Documents\Codex\TMC1_R2_Scratch_20260929\03_compute\formal_forward_v2_resume124\ligands\LIB_OGYJYBMWSHOXRO.sdf,57b439f7528eade67b87776a46586a0acfa2f0ca2d5ea82c273217d76c5e0ccd,<PACKAGE_ROOT>\Documents\Codex\TMC1_R2_Scratch_20260929\03_compute\formal_forward_v2_resume124\ligands\LIB_OGYJYBMWSHOXRO.pdbqt,9c647832eb64fed2146953a1af9870ae283646ab4f9550a03cde115a0a9424a4,0.747
LIB_DKSMHPPLVBSAQL,ChEMBL,CHEMBL1078159,CHEMBL1078159,https://www.ebi.ac.uk/chembl/compound_report_card/CHEMBL1078159/,N#CCNC(=O)c1cccc(-c2ccnc(Nc3ccc(N4CCOCC4)cc3)n2)c1,N#CCNC(=O)c1cccc(-c2ccnc(Nc3ccc(N4CCOCC4)cc3)n2)c1,N#CCNC(=O)c1cccc(-c2ccnc(Nc3ccc(N4CCOCC4)cc3)n2)c1,DKSMHPPLVBSAQL-UHFFFAOYSA-N,DKSMHPPLVBSAQL,eligible,414.469,2.977,103.17,2,7,6,31,4,0.5978,0,1,1,False,predicted,eligible,False,[],1,N#CCNC(=O)c1cccc(-c2ccnc(Nc3ccc(N4CCOCC4)cc3)n2)c1,DKSMHPPLVBSAQL-UHFFFAOYSA-N,False,[],[],False,False,c1ccc(-c2ccnc(Nc3ccc(N4CCOCC4)cc3)n2)cc1,-7.368758201599121,-8.451631546020508,0.5810067057609558,0.8225806451612904,False,AI_initial,2026-09-28T20:43:56.937044+00:00,N#CCNC(=O)c1cccc(-c2ccnc(Nc3ccc(N4CCOCC4)cc3)n2)c1,DKSMHPPLVBSAQL-UHFFFAOYSA-N,DKSMHPPLVBSAQL-UHFFFAOYSA-N,[],[],exchangeable_tertiary_ring_NH_and_full_potential_stereo_v3_20260929,9,9,34.150527086799535,3,N#CCNC(=O)c1cccc(-c2ccnc(Nc3ccc(N4CCOCC4)cc3)n2)c1,True,True,N#CCNC(=O)c1cccc(-c2ccnc(Nc3ccc(N4CCOCC4)cc3)n2)c1,True,True,prepared,<PACKAGE_ROOT>\Documents\Codex\TMC1_R2_Scratch_20260929\03_compute\formal_forward_v2_resume124\ligands\LIB_DKSMHPPLVBSAQL.sdf,96d912d17a9e504edb8d0e958862a955d31e2a586fe04e45270a1c106622d452,<PACKAGE_ROOT>\Documents\Codex\TMC1_R2_Scratch_20260929\03_compute\formal_forward_v2_resume124\ligands\LIB_DKSMHPPLVBSAQL.pdbqt,249555d598d8d8432ff8f75388b91f511487d78ea3a078f0578d7ae00e64aeb3,0.642
LIB_QPSCCNWGOLMGKW,ChEMBL,CHEMBL1085512,CHEMBL1085512,https://www.ebi.ac.uk/chembl/compound_report_card/CHEMBL1085512/,CN1CCN(c2ccc(-c3cnn4c(N)c(-c5ccc(NC(=O)Oc6ccccc6)cc5)cnc34)cc2)CC1,CN1CCN(c2ccc(-c3cnn4c(N)c(-c5ccc(NC(=O)Oc6ccccc6)cc5)cnc34)cc2)CC1,CN1CCN(c2ccc(-c3cnn4c(N)c(-c5ccc(NC(=O)Oc6ccccc6)cc5)cnc34)cc2)CC1,QPSCCNWGOLMGKW-UHFFFAOYSA-N,QPSCCNWGOLMGKW,eligible,519.609,5.008,101.02,2,7,5,39,6,0.3367,0,1,1,False,predicted,eligible,False,[],1,C[NH+]1CCN(c2ccc(-c3cnn4c(N)c(-c5ccc(NC(=O)Oc6ccccc6)cc5)cnc34)cc2)CC1,QPSCCNWGOLMGKW-UHFFFAOYSA-O,False,[],[1],False,False,O=C(Nc1ccc(-c2cnc3c(-c4ccc(N5CC[NH2+]CC5)cc4)cnn3c2)cc1)Oc1ccccc1,-8.254280090332031,-8.403593063354492,0.40785089135169983,0.37362637362637363,False,AI_initial,2026-09-28T20:43:57.580175+00:00,CN1CCN(c2ccc(-c3cnn4c(N)c(-c5ccc(NC(=O)Oc6ccccc6)cc5)cnc34)cc2)CC1,QPSCCNWGOLMGKW-UHFFFAOYSA-N,QPSCCNWGOLMGKW-UHFFFAOYSA-O,[],[1],exchangeable_tertiary_ring_NH_and_full_potential_stereo_v3_20260929,10,10,231.69269979525703,2,C[NH+]1CCN(c2ccc(-c3cnn4c(N)c(-c5ccc(NC(=O)Oc6ccccc6)cc5)cnc34)cc2)CC1,True,True,C[NH+]1CCN(c2ccc(-c3cnn4c(N)c(-c5ccc(NC(=O)Oc6ccccc6)cc5)cnc34)cc2)CC1,True,True,prepared,<PACKAGE_ROOT>\Documents\Codex\TMC1_R2_Scratch_20260929\03_compute\formal_forward_v2_resume124\ligands\LIB_QPSCCNWGOLMGKW.sdf,d82b24e29c1e04aa7108897b689aeeae9923edecf63c4d2550590e6be133bd7a,<PACKAGE_ROOT>\Documents\Codex\TMC1_R2_Scratch_20260929\03_compute\formal_forward_v2_resume124\ligands\LIB_QPSCCNWGOLMGKW.pdbqt,2bbd16875c540a597d29396dcdfc24c1d782b7ef4d0ded8285a2a64534f500c1,1.307
LIB_DNDVGFIEWOHGAH,ChEMBL,CHEMBL1076497,CHEMBL1076497,https://www.ebi.ac.uk/chembl/compound_report_card/CHEMBL1076497/,CN1CCN(c2ccc(-c3cnn4c(-c5cccc(NC(=O)c6cccc(C(F)(F)F)c6)c5)ccnc34)cn2)CC1,CN1CCN(c2ccc(-c3cnn4c(-c5cccc(NC(=O)c6cccc(C(F)(F)F)c6)c5)ccnc34)cn2)CC1,CN1CCN(c2ccc(-c3cnn4c(-c5cccc(NC(=O)c6cccc(C(F)(F)F)c6)c5)ccnc34)cn2)CC1,DNDVGFIEWOHGAH-UHFFFAOYSA-N,DNDVGFIEWOHGAH,eligible,557.58,5.481,78.66,1,6,5,41,6,0.3084,0,1,1,False,predicted,eligible,False,[],1,C[NH+]1CCN(c2ccc(-c3cnn4c(-c5cccc(NC(=O)c6cccc(C(F)(F)F)c6)c5)ccnc34)cn2)CC1,DNDVGFIEWOHGAH-UHFFFAOYSA-O,False,[],[1],False,False,O=C(Nc1cccc(-c2ccnc3c(-c4ccc(N5CC[NH2+]CC5)nc4)cnn23)c1)c1ccccc1,-8.384055137634277,-8.374531745910645,0.4907935857772827,0.3333333333333333,False,AI_initial,2026-09-28T20:43:58.888591+00:00,CN1CCN(c2ccc(-c3cnn4c(-c5cccc(NC(=O)c6cccc(C(F)(F)F)c6)c5)ccnc34)cn2)CC1,DNDVGFIEWOHGAH-UHFFFAOYSA-N,DNDVGFIEWOHGAH-UHFFFAOYSA-O,[],[1],exchangeable_tertiary_ring_NH_and_full_potential_stereo_v3_20260929,10,10,191.14447451247014,4,C[NH+]1CCN(c2ccc(-c3cnn4c(-c5cccc(NC(=O)c6cccc(C(F)(F)F)c6)c5)ccnc34)cn2)CC1,True,True,C[NH+]1CCN(c2ccc(-c3cnn4c(-c5cccc(NC(=O)c6cccc(C(F)(F)F)c6)c5)ccnc34)cn2)CC1,True,True,prepared,<PACKAGE_ROOT>\Documents\Codex\TMC1_R2_Scratch_20260929\03_compute\formal_forward_v2_resume124\ligands\LIB_DNDVGFIEWOHGAH.sdf,68c36d04d335f4bc901849087008cb6b65fc98f3fdb7f44b56d5e6004cc72abb,<PACKAGE_ROOT>\Documents\Codex\TMC1_R2_Scratch_20260929\03_compute\formal_forward_v2_resume124\ligands\LIB_DNDVGFIEWOHGAH.pdbqt,cc3446717e231aacec53a5063e676b2803f43e83544cd381c09325d4082ab795,1.354
LIB_XRZVCGWERZVRNT,ChEMBL,CHEMBL1078453,CHEMBL1078453,https://www.ebi.ac.uk/chembl/compound_report_card/CHEMBL1078453/,CC(C)(C#N)NC(=O)c1ccc(-c2ccnc(Nc3ccc(N4CCOCC4)cc3)n2)cc1,CC(C)(C#N)NC(=O)c1ccc(-c2ccnc(Nc3ccc(N4CCOCC4)cc3)n2)cc1,CC(C)(C#N)NC(=O)c1ccc(-c2ccnc(Nc3ccc(N4CCOCC4)cc3)n2)cc1,XRZVCGWERZVRNT-UHFFFAOYSA-N,XRZVCGWERZVRNT,eligible,442.523,3.756,103.17,2,7,6,33,4,0.5991,0,1,1,False,predicted,eligible,False,[],1,CC(C)(C#N)NC(=O)c1ccc(-c2ccnc(Nc3ccc(N4CCOCC4)cc3)n2)cc1,XRZVCGWERZVRNT-UHFFFAOYSA-N,False,[],[],False,False,c1ccc(-c2ccnc(Nc3ccc(N4CCOCC4)cc3)n2)cc1,-7.62398099899292,-8.371551513671875,0.33737897872924805,0.75,False,AI_initial,2026-09-28T20:44:00.244436+00:00,CC(C)(C#N)NC(=O)c1ccc(-c2ccnc(Nc3ccc(N4CCOCC4)cc3)n2)cc1,XRZVCGWERZVRNT-UHFFFAOYSA-N,XRZVCGWERZVRNT-UHFFFAOYSA-N,[],[],exchangeable_tertiary_ring_NH_and_full_potential_stereo_v3_20260929,7,7,50.271249605165686,1,CC(C)(C#N)NC(=O)c1ccc(-c2ccnc(Nc3ccc(N4CCOCC4)cc3)n2)cc1,True,True,CC(C)(C#N)NC(=O)c1ccc(-c2ccnc(Nc3ccc(N4CCOCC4)cc3)n2)cc1,True,True,prepared,<PACKAGE_ROOT>\Documents\Codex\TMC1_R2_Scratch_20260929\03_compute\formal_forward_v2_resume124\ligands\LIB_XRZVCGWERZVRNT.sdf,5c788b8696b0d9ebbb7ba9b4802a126b038a9462d73698641f6b9e32309e81b8,<PACKAGE_ROOT>\Documents\Codex\TMC1_R2_Scratch_20260929\03_compute\formal_forward_v2_resume124\ligands\LIB_XRZVCGWERZVRNT.pdbqt,2458a7ea2c6fb55379cb683475388848fd245b7b3d18ee79e38e543c2183abb8,0.688
LIB_FGDRZTODQLVQGL,ChEMBL,CHEMBL1077575,CHEMBL1077575,https://www.ebi.ac.uk/chembl/compound_report_card/CHEMBL1077575/,N#CCC(=O)Nc1cccc(-c2ccnc(Nc3ccc(N4CCOCC4)cc3)n2)c1,N#CCC(=O)Nc1cccc(-c2ccnc(Nc3ccc(N4CCOCC4)cc3)n2)c1,N#CCC(=O)Nc1cccc(-c2ccnc(Nc3ccc(N4CCOCC4)cc3)n2)c1,FGDRZTODQLVQGL-UHFFFAOYSA-N,FGDRZTODQLVQGL,eligible,414.469,3.576,103.17,2,7,6,31,4,0.6354,0,1,1,False,predicted,eligible,False,[],1,N#CCC(=O)Nc1cccc(-c2ccnc(Nc3ccc(N4CCOCC4)cc3)n2)c1,FGDRZTODQLVQGL-UHFFFAOYSA-N,False,[],[],False,False,c1ccc(-c2ccnc(Nc3ccc(N4CCOCC4)cc3)n2)cc1,-7.421111106872559,-8.351289749145508,0.7573017477989197,0.6470588235294118,False,AI_initial,2026-09-28T20:44:00.933103+00:00,N#CCC(=O)Nc1cccc(-c2ccnc(Nc3ccc(N4CCOCC4)cc3)n2)c1,FGDRZTODQLVQGL-UHFFFAOYSA-N,FGDRZTODQLVQGL-UHFFFAOYSA-N,[],[],exchangeable_tertiary_ring_NH_and_full_potential_stereo_v3_20260929,6,6,20.75227064848127,5,N#CCC(=O)Nc1cccc(-c2ccnc(Nc3ccc(N4CCOCC4)cc3)n2)c1,True,True,N#CCC(=O)Nc1cccc(-c2ccnc(Nc3ccc(N4CCOCC4)cc3)n2)c1,True,True,prepared,<PACKAGE_ROOT>\Documents\Codex\TMC1_R2_Scratch_20260929\03_compute\formal_forward_v2_resume124\ligands\LIB_FGDRZTODQLVQGL.sdf,2c3c5e811e4e646c61dfd7a24f0fb8fc86b46e7426544badcd12e794f33f632c,<PACKAGE_ROOT>\Documents\Codex\TMC1_R2_Scratch_20260929\03_compute\formal_forward_v2_resume124\ligands\LIB_FGDRZTODQLVQGL.pdbqt,2404182375cdec54b90bc659c0637336071db624b05798848792bb808c3d261b,0.559
LIB_AIHATKMPAGBKRW,ChEMBL,CHEMBL1087341,CHEMBL1087341,https://www.ebi.ac.uk/chembl/compound_report_card/CHEMBL1087341/,CO[C@H]1O[C@H](COc2ccc(-c3ccccc3)cc2)[C@@H](O)[C@H](O)[C@H]1Oc1ccc2c(c1)-c1ccccc1S2(=O)=O,CO[C@H]1O[C@H](COc2ccc(-c3ccccc3)cc2)[C@@H](O)[C@H](O)[C@H]1Oc1ccc2c(c1)-c1ccccc1S2(=O)=O,COC1OC(COc2ccc(-c3ccccc3)cc2)C(O)C(O)C1Oc1ccc2c(c1)-c1ccccc1S2(=O)=O,AIHATKMPAGBKRW-GQZMCTKHSA-N,AIHATKMPAGBKRW,eligible,560.624,4.086,111.52,2,8,7,40,6,0.3064,0,1,1,False,predicted,eligible,False,[],1,CO[C@H]1O[C@H](COc2ccc(-c3ccccc3)cc2)[C@@H](O)[C@H](O)[C@H]1Oc1ccc2c(c1)-c1ccccc1S2(=O)=O,AIHATKMPAGBKRW-GQZMCTKHSA-N,False,[],[],False,False,O=S1(=O)c2ccccc2-c2cc(OC3CCC(COc4ccc(-c5ccccc5)cc4)OC3)ccc21,-8.203895568847656,-8.349912643432617,0.6091007590293884,0.2903225806451613,True,AI_initial,2026-09-28T20:44:01.493090+00:00,CO[C@H]1O[C@H](COc2ccc(-c3ccccc3)cc2)[C@@H](O)[C@H](O)[C@H]1Oc1ccc2c(c1)-c1ccccc1S2(=O)=O,AIHATKMPAGBKRW-GQZMCTKHSA-N,AIHATKMPAGBKRW-GQZMCTKHSA-N,[],[],exchangeable_tertiary_ring_NH_and_full_potential_stereo_v3_20260929,9,9,198.41047885869077,3,CO[C@H]1O[C@H](COc2ccc(-c3ccccc3)cc2)[C@@H](O)[C@H](O)[C@H]1Oc1ccc2c(c1)-c1ccccc1S2(=O)=O,True,True,CO[C@H]1O[C@H](COc2ccc(-c3ccccc3)cc2)[C@@H](O)[C@H](O)[C@H]1Oc1ccc2c(c1)-c1ccccc1S2(=O)=O,True,True,prepared,<PACKAGE_ROOT>\Documents\Codex\TMC1_R2_Scratch_20260929\03_compute\formal_forward_v2_resume124\ligands\LIB_AIHATKMPAGBKRW.sdf,3b0320b15b63fac5afe484cfa77bf62c5550ebddd6466c578ee976509e95f565,<PACKAGE_ROOT>\Documents\Codex\TMC1_R2_Scratch_20260929\03_compute\formal_forward_v2_resume124\ligands\LIB_AIHATKMPAGBKRW.pdbqt,49771891ff063422da835e2718b7d7e260ebce8083e4f81a54ce2d3f099d2936,1.523
LIB_LZHONOBXZLUENO,ChEMBL,CHEMBL1081918,CHEMBL1081918,https://www.ebi.ac.uk/chembl/compound_report_card/CHEMBL1081918/,O=C(Nc1cccc(C(F)(F)F)c1)c1cc(N2CCC(N3CCCCC3=O)CC2)cc(C(F)(F)F)c1,O=C(Nc1cccc(C(F)(F)F)c1)c1cc(N2CCC(N3CCCCC3=O)CC2)cc(C(F)(F)F)c1,O=C(Nc1cccc(C(F)(F)F)c1)c1cc(N2CCC(N3CCCCC3=O)CC2)cc(C(F)(F)F)c1,LZHONOBXZLUENO-UHFFFAOYSA-N,LZHONOBXZLUENO,eligible,513.482,5.958,52.65,1,3,4,36,4,0.5139,0,1,1,False,predicted,eligible,False,[],1,O=C(Nc1cccc(C(F)(F)F)c1)c1cc(N2CCC([NH+]3CCCCC3=O)CC2)cc(C(F)(F)F)c1,LZHONOBXZLUENO-UHFFFAOYSA-O,True,"[[""Atom_Tetrahedral"", 20]]",[20],False,True,O=C(Nc1ccccc1)c1cccc(N2CCC([NH+]3CCCCC3=O)CC2)c1,-8.05626106262207,-8.344459533691406,0.4869014620780945,0.32098765432098764,False,AI_initial,2026-09-28T20:44:03.017625+00:00,O=C(Nc1cccc(C(F)(F)F)c1)c1cc(N2CCC(N3CCCCC3=O)CC2)cc(C(F)(F)F)c1,LZHONOBXZLUENO-UHFFFAOYSA-N,LZHONOBXZLUENO-UHFFFAOYSA-O,"[[""Atom_Tetrahedral"", 20]]",[20],exchangeable_tertiary_ring_NH_and_full_potential_stereo_v3_20260929,10,10,8.832569220830703,6,O=C(Nc1cccc(C(F)(F)F)c1)c1cc(N2CCC([N@@H+]3CCCCC3=O)CC2)cc(C(F)(F)F)c1,False,True,O=C(Nc1cccc(C(F)(F)F)c1)c1cc(N2CCC([N@@H+]3CCCCC3=O)CC2)cc(C(F)(F)F)c1,False,True,prepared,<PACKAGE_ROOT>\Documents\Codex\TMC1_R2_Scratch_20260929\03_compute\formal_forward_v2_resume124\ligands\LIB_LZHONOBXZLUENO.sdf,03f29158936253a36bc28ff2576644f414101fa0379f42b56268be8c1f4631ea,<PACKAGE_ROOT>\Documents\Codex\TMC1_R2_Scratch_20260929\03_compute\formal_forward_v2_resume124\ligands\LIB_LZHONOBXZLUENO.pdbqt,6da398b2a8c77cf4a991c8f16cd3523858e1b259952c22af65a263f69c15a2d0,1.032
LIB_RNRCLARSVNONBS,ChEMBL,CHEMBL1085564,CHEMBL1085564,https://www.ebi.ac.uk/chembl/compound_report_card/CHEMBL1085564/,CN1CCN(c2cccc(-c3cnn4c(N)c(-c5ccc(NC(=O)Oc6ccccc6)cc5)cnc34)c2)CC1,CN1CCN(c2cccc(-c3cnn4c(N)c(-c5ccc(NC(=O)Oc6ccccc6)cc5)cnc34)c2)CC1,CN1CCN(c2cccc(-c3cnn4c(N)c(-c5ccc(NC(=O)Oc6ccccc6)cc5)cnc34)c2)CC1,RNRCLARSVNONBS-UHFFFAOYSA-N,RNRCLARSVNONBS,eligible,519.609,5.008,101.02,2,7,5,39,6,0.3367,0,1,1,False,predicted,eligible,False,[],1,C[NH+]1CCN(c2cccc(-c3cnn4c(N)c(-c5ccc(NC(=O)Oc6ccccc6)cc5)cnc34)c2)CC1,RNRCLARSVNONBS-UHFFFAOYSA-O,False,[],[1],False,False,O=C(Nc1ccc(-c2cnc3c(-c4cccc(N5CC[NH2+]CC5)c4)cnn3c2)cc1)Oc1ccccc1,-8.254280090332031,-8.331006050109863,0.4603610634803772,0.3541666666666667,False,AI_initial,2026-09-28T20:44:04.051228+00:00,CN1CCN(c2cccc(-c3cnn4c(N)c(-c5ccc(NC(=O)Oc6ccccc6)cc5)cnc34)c2)CC1,RNRCLARSVNONBS-UHFFFAOYSA-N,RNRCLARSVNONBS-UHFFFAOYSA-O,[],[1],exchangeable_tertiary_ring_NH_and_full_potential_stereo_v3_20260929,9,9,231.3688968876715,0,C[NH+]1CCN(c2cccc(-c3cnn4c(N)c(-c5ccc(NC(=O)Oc6ccccc6)cc5)cnc34)c2)CC1,True,True,C[NH+]1CCN(c2cccc(-c3cnn4c(N)c(-c5ccc(NC(=O)Oc6ccccc6)cc5)cnc34)c2)CC1,True,True,prepared,<PACKAGE_ROOT>\Documents\Codex\TMC1_R2_Scratch_20260929\03_compute\formal_forward_v2_resume124\ligands\LIB_RNRCLARSVNONBS.sdf,f47bd49c550a43d79a35806a6919686976e383d93e49f9e4b70e3bceb968e088,<PACKAGE_ROOT>\Documents\Codex\TMC1_R2_Scratch_20260929\03_compute\formal_forward_v2_resume124\ligands\LIB_RNRCLARSVNONBS.pdbqt,1cd507c1c5b312d1e99acd9fb480fe68e4c2ee1453bc587d29783f912e81f9b3,1.231
LIB_CSYGIPIOQSVIRG,ChEMBL,CHEMBL1086870,CHEMBL1086870,https://www.ebi.ac.uk/chembl/compound_report_card/CHEMBL1086870/,NC(=O)c1cccc(-c2cnn3c(-c4cccc(NC(=O)c5cccc(C(F)(F)F)c5)c4)ccnc23)c1,NC(=O)c1cccc(-c2cnn3c(-c4cccc(NC(=O)c5cccc(C(F)(F)F)c5)c4)ccnc23)c1,NC(=O)c1cccc(-c2cnn3c(-c4cccc(NC(=O)c5cccc(C(F)(F)F)c5)c4)ccnc23)c1,CSYGIPIOQSVIRG-UHFFFAOYSA-N,CSYGIPIOQSVIRG,eligible,501.468,5.433,102.38,2,4,5,37,5,0.3351,0,1,1,False,predicted,eligible,False,[],1,NC(=O)c1cccc(-c2cnn3c(-c4cccc(NC(=O)c5cccc(C(F)(F)F)c5)c4)ccnc23)c1,CSYGIPIOQSVIRG-UHFFFAOYSA-N,False,[],[],False,False,O=C(Nc1cccc(-c2ccnc3c(-c4ccccc4)cnn23)c1)c1ccccc1,-8.324416160583496,-8.330052375793457,0.5228801369667053,0.35,False,AI_initial,2026-09-28T20:44:05.283044+00:00,NC(=O)c1cccc(-c2cnn3c(-c4cccc(NC(=O)c5cccc(C(F)(F)F)c5)c4)ccnc23)c1,CSYGIPIOQSVIRG-UHFFFAOYSA-N,CSYGIPIOQSVIRG-UHFFFAOYSA-N,[],[],exchangeable_tertiary_ring_NH_and_full_potential_stereo_v3_20260929,9,9,116.652505959541,5,NC(=O)c1cccc(-c2cnn3c(-c4cccc(NC(=O)c5cccc(C(F)(F)F)c5)c4)ccnc23)c1,True,True,NC(=O)c1cccc(-c2cnn3c(-c4cccc(NC(=O)c5cccc(C(F)(F)F)c5)c4)ccnc23)c1,True,True,prepared,<PACKAGE_ROOT>\Documents\Codex\TMC1_R2_Scratch_20260929\03_compute\formal_forward_v2_resume124\ligands\LIB_CSYGIPIOQSVIRG.sdf,64d6d8e78ecfa10b420440b9766ffaab70a86bf9e5f61e7eb31e3c9db2a23e9e,<PACKAGE_ROOT>\Documents\Codex\TMC1_R2_Scratch_20260929\03_compute\formal_forward_v2_resume124\ligands\LIB_CSYGIPIOQSVIRG.pdbqt,05c1f880a4f68a46ddaa9a7d55d537f2f62e41e3440d935c7ce00ca5409f6381,0.705
LIB_SNCROWOTWGUING,ChEMBL,CHEMBL1079078,CHEMBL1079078,https://www.ebi.ac.uk/chembl/compound_report_card/CHEMBL1079078/,CS(=O)(=O)Nc1ccc(-c2ccnc(Nc3ccc(N4CCC(O)CC4)cc3)n2)cc1,CS(=O)(=O)Nc1ccc(-c2ccnc(Nc3ccc(N4CCC(O)CC4)cc3)n2)cc1,CS(=O)(=O)Nc1ccc(-c2ccnc(Nc3ccc(N4CCC(O)CC4)cc3)n2)cc1,SNCROWOTWGUING-UHFFFAOYSA-N,SNCROWOTWGUING,eligible,439.541,3.22,107.45,3,7,6,31,4,0.5412,0,1,1,False,predicted,eligible,False,[],1,CS(=O)(=O)Nc1ccc(-c2ccnc(Nc3ccc(N4CCC(O)CC4)cc3)n2)cc1,SNCROWOTWGUING-UHFFFAOYSA-N,False,[],[],False,False,c1ccc(-c2ccnc(Nc3ccc(N4CCCCC4)cc3)n2)cc1,-7.479372024536133,-8.326055526733398,0.6205909252166748,0.5072463768115942,False,AI_initial,2026-09-28T20:44:05.990098+00:00,CS(=O)(=O)Nc1ccc(-c2ccnc(Nc3ccc(N4CCC(O)CC4)cc3)n2)cc1,SNCROWOTWGUING-UHFFFAOYSA-N,SNCROWOTWGUING-UHFFFAOYSA-N,[],[],exchangeable_tertiary_ring_NH_and_full_potential_stereo_v3_20260929,9,9,-81.63358312996938,1,CS(=O)(=O)Nc1ccc(-c2ccnc(Nc3ccc(N4CCC(O)CC4)cc3)n2)cc1,True,True,CS(=O)(=O)Nc1ccc(-c2ccnc(Nc3ccc(N4CCC(O)CC4)cc3)n2)cc1,True,True,prepared,<PACKAGE_ROOT>\Documents\Codex\TMC1_R2_Scratch_20260929\03_compute\formal_forward_v2_resume124\ligands\LIB_SNCROWOTWGUING.sdf,c4d3c2bf61de8af530e6cc905f1b4ac79c1dc96a1c6640d04f2203ce74d96e86,<PACKAGE_ROOT>\Documents\Codex\TMC1_R2_Scratch_20260929\03_compute\formal_forward_v2_resume124\ligands\LIB_SNCROWOTWGUING.pdbqt,93c47e4b8e4e10641f23da886260a880000d98de5fa5ae875d7688a1c2a1f102,0.701
LIB_LFIZDKRIFIBADR,ChEMBL,CHEMBL1082023,CHEMBL1082023,https://www.ebi.ac.uk/chembl/compound_report_card/CHEMBL1082023/,Cc1cc(-c2cccc3nc(Nc4ccc(N5CCN(C)CC5)cc4)oc23)ccc1C(=O)N1CCOCC1,Cc1cc(-c2cccc3nc(Nc4ccc(N5CCN(C)CC5)cc4)oc23)ccc1C(=O)N1CCOCC1,Cc1cc(-c2cccc3nc(Nc4ccc(N5CCN(C)CC5)cc4)oc23)ccc1C(=O)N1CCOCC1,LFIZDKRIFIBADR-UHFFFAOYSA-N,LFIZDKRIFIBADR,eligible,511.626,4.771,74.08,1,7,5,38,6,0.4137,0,1,1,False,predicted,eligible,False,[],1,Cc1cc(-c2cccc3nc(Nc4ccc(N5CC[NH+](C)CC5)cc4)oc23)ccc1C(=O)[NH+]1CCOCC1,LFIZDKRIFIBADR-UHFFFAOYSA-P,False,[],"[19, 32]",False,False,O=C(c1ccc(-c2cccc3nc(Nc4ccc(N5CC[NH2+]CC5)cc4)oc23)cc1)[NH+]1CCOCC1,-7.840586185455322,-8.306716918945312,0.5571945309638977,0.35051546391752575,False,AI_initial,2026-09-28T20:44:06.692072+00:00,Cc1cc(-c2cccc3nc(Nc4ccc(N5CCN(C)CC5)cc4)oc23)ccc1C(=O)N1CCOCC1,LFIZDKRIFIBADR-UHFFFAOYSA-N,LFIZDKRIFIBADR-UHFFFAOYSA-P,[],"[19, 32]",exchangeable_tertiary_ring_NH_and_full_potential_stereo_v3_20260929,10,10,178.15805016221148,1,Cc1cc(-c2cccc3nc(Nc4ccc(N5CC[NH+](C)CC5)cc4)oc23)ccc1C(=O)[NH+]1CCOCC1,True,True,Cc1cc(-c2cccc3nc(Nc4ccc(N5CC[NH+](C)CC5)cc4)oc23)ccc1C(=O)[NH+]1CCOCC1,True,True,prepared,<PACKAGE_ROOT>\Documents\Codex\TMC1_R2_Scratch_20260929\03_compute\formal_forward_v2_resume124\ligands\LIB_LFIZDKRIFIBADR.sdf,c5e747737caa758ba68074dda6cff388fe39a5c12365a36c8ed2fa74a24825de,<PACKAGE_ROOT>\Documents\Codex\TMC1_R2_Scratch_20260929\03_compute\formal_forward_v2_resume124\ligands\LIB_LFIZDKRIFIBADR.pdbqt,9da6dbac31b4a706961732ddb8fac85252171a8ec2faebac284068d686b52047,1.458
LIB_JWNVJLOTJWLIAA,ChEMBL,CHEMBL1078934,CHEMBL1078934,https://www.ebi.ac.uk/chembl/compound_report_card/CHEMBL1078934/,CN1CCN(c2ccc(Nc3nccc(-c4ccc(C(=O)NCC#N)cc4)n3)cc2)CC1,CN1CCN(c2ccc(Nc3nccc(-c4ccc(C(=O)NCC#N)cc4)n3)cc2)CC1,CN1CCN(c2ccc(Nc3nccc(-c4ccc(C(=O)NCC#N)cc4)n3)cc2)CC1,JWNVJLOTJWLIAA-UHFFFAOYSA-N,JWNVJLOTJWLIAA,eligible,427.512,2.892,97.18,2,7,6,32,4,0.584,0,1,1,False,predicted,eligible,False,[],1,C[NH+]1CCN(c2ccc(Nc3nccc(-c4ccc(C(=O)NCC#N)cc4)n3)cc2)CC1,JWNVJLOTJWLIAA-UHFFFAOYSA-O,False,[],[1],False,False,c1ccc(-c2ccnc(Nc3ccc(N4CC[NH2+]CC4)cc3)n2)cc1,-7.303096771240234,-8.298506736755371,0.394569456577301,0.8064516129032258,False,AI_initial,2026-09-28T20:44:08.151127+00:00,CN1CCN(c2ccc(Nc3nccc(-c4ccc(C(=O)NCC#N)cc4)n3)cc2)CC1,JWNVJLOTJWLIAA-UHFFFAOYSA-N,JWNVJLOTJWLIAA-UHFFFAOYSA-O,[],[1],exchangeable_tertiary_ring_NH_and_full_potential_stereo_v3_20260929,9,9,71.78202428262428,8,C[NH+]1CCN(c2ccc(Nc3nccc(-c4ccc(C(=O)NCC#N)cc4)n3)cc2)CC1,True,True,C[NH+]1CCN(c2ccc(Nc3nccc(-c4ccc(C(=O)NCC#N)cc4)n3)cc2)CC1,True,True,prepared,<PACKAGE_ROOT>\Documents\Codex\TMC1_R2_Scratch_20260929\03_compute\formal_forward_v2_resume124\ligands\LIB_JWNVJLOTJWLIAA.sdf,6778d68a0b231a0dbaf9ef75d0c1ad50f2cd1ad6fccddc0089cf1cbaf56b28c6,<PACKAGE_ROOT>\Documents\Codex\TMC1_R2_Scratch_20260929\03_compute\formal_forward_v2_resume124\ligands\LIB_JWNVJLOTJWLIAA.pdbqt,3207a25f669f08652777b00525cfc5e6834683e5cb5ed9ad4257cbb0f09dbf67,0.727
LIB_PLFCIUGPHZFBAC,ChEMBL,CHEMBL1086497,CHEMBL1086497,https://www.ebi.ac.uk/chembl/compound_report_card/CHEMBL1086497/,Cc1cc(NC(=O)Nc2cc(N3CCOCC3)cc(C(F)(F)F)c2)ccc1-c1nc2[nH]ncc2[nH]1,Cc1cc(NC(=O)Nc2cc(N3CCOCC3)cc(C(F)(F)F)c2)ccc1-c1nc2[nH]ncc2[nH]1,Cc1cc(NC(=O)Nc2cc(N3CCOCC3)cc(C(F)(F)F)c2)ccc1-c1nc2[nH]ncc2[nH]1,PLFCIUGPHZFBAC-UHFFFAOYSA-N,PLFCIUGPHZFBAC,eligible,485.47,4.761,110.96,4,5,4,35,5,0.3332,0,1,1,False,predicted,eligible,False,[],1,Cc1cc(NC(=O)Nc2cc(N3CCOCC3)cc(C(F)(F)F)c2)ccc1-c1nc2[n-]ncc2[n-]1,RYRXPXPKDUABJL-UHFFFAOYSA-M,False,[],[],False,False,O=C(Nc1ccc(-c2nc3[n-]ncc3[n-]2)cc1)Nc1cccc(N2CCOCC2)c1,-8.336174964904785,-8.294754028320312,0.49694404006004333,0.2625,True,AI_initial,2026-09-28T20:44:08.880293+00:00,Cc1cc(NC(=O)Nc2cc(N3CCOCC3)cc(C(F)(F)F)c2)ccc1-c1nc2[nH]ncc2[nH]1,PLFCIUGPHZFBAC-UHFFFAOYSA-N,RYRXPXPKDUABJL-UHFFFAOYSA-M,[],[],exchangeable_tertiary_ring_NH_and_full_potential_stereo_v3_20260929,9,9,192.23745990614754,2,Cc1cc(NC(=O)Nc2cc(N3CCOCC3)cc(C(F)(F)F)c2)ccc1-c1nc2[n-]ncc2[n-]1,True,True,Cc1cc(NC(=O)Nc2cc(N3CCOCC3)cc(C(F)(F)F)c2)ccc1-c1nc2[n-]ncc2[n-]1,True,True,prepared,<PACKAGE_ROOT>\Documents\Codex\TMC1_R2_Scratch_20260929\03_compute\formal_forward_v2_resume124\ligands\LIB_PLFCIUGPHZFBAC.sdf,768557ea2668f4441eb9bfb0fa4fd89b7cf4d2663d50b80e891c0214dcbeae59,<PACKAGE_ROOT>\Documents\Codex\TMC1_R2_Scratch_20260929\03_compute\formal_forward_v2_resume124\ligands\LIB_PLFCIUGPHZFBAC.pdbqt,ee8d5d4aed70c3b641bad1c19fae77d85c8712630be355b462cb89606bc72e1b,0.746
LIB_DKFAHLYMYSORAF,ChEMBL,CHEMBL1077205,CHEMBL1077205,https://www.ebi.ac.uk/chembl/compound_report_card/CHEMBL1077205/,C[C@H](O)CNc1nccc(-n2ccnc2-c2cccc(NC(=O)c3cc(N4CCN(C)CC4)cc(C(F)(F)F)c3)c2)n1,C[C@H](O)CNc1nccc(-n2ccnc2-c2cccc(NC(=O)c3cc(N4CCN(C)CC4)cc(C(F)(F)F)c3)c2)n1,CC(O)CNc1nccc(-n2ccnc2-c2cccc(NC(=O)c3cc(N4CCN(C)CC4)cc(C(F)(F)F)c3)c2)n1,DKFAHLYMYSORAF-IBGZPJMESA-N,DKFAHLYMYSORAF,eligible,580.615,4.145,111.44,3,8,8,42,5,0.2853,0,1,1,False,predicted,eligible,False,[],1,C[C@H](O)CNc1nccc(-n2ccnc2-c2cccc(NC(=O)c3cc(N4CC[NH+](C)CC4)cc(C(F)(F)F)c3)c2)n1,DKFAHLYMYSORAF-IBGZPJMESA-O,False,[],[29],False,False,O=C(Nc1cccc(-c2nccn2-c2ccncn2)c1)c1cccc(N2CC[NH2+]CC2)c1,-8.226339340209961,-8.291253089904785,0.47767019271850586,0.2882882882882883,True,AI_initial,2026-09-28T20:44:09.626598+00:00,C[C@H](O)CNc1nccc(-n2ccnc2-c2cccc(NC(=O)c3cc(N4CCN(C)CC4)cc(C(F)(F)F)c3)c2)n1,DKFAHLYMYSORAF-IBGZPJMESA-N,DKFAHLYMYSORAF-IBGZPJMESA-O,[],[29],exchangeable_tertiary_ring_NH_and_full_potential_stereo_v3_20260929,10,10,113.12330692606491,4,C[C@H](O)CNc1nccc(-n2ccnc2-c2cccc(NC(=O)c3cc(N4CC[NH+](C)CC4)cc(C(F)(F)F)c3)c2)n1,True,True,C[C@H](O)CNc1nccc(-n2ccnc2-c2cccc(NC(=O)c3cc(N4CC[NH+](C)CC4)cc(C(F)(F)F)c3)c2)n1,True,True,prepared,<PACKAGE_ROOT>\Documents\Codex\TMC1_R2_Scratch_20260929\03_compute\formal_forward_v2_resume124\ligands\LIB_DKFAHLYMYSORAF.sdf,452240dde242a39071ebc7374d2fec95c646c071bfae9127a03346e6dc9ec1e5,<PACKAGE_ROOT>\Documents\Codex\TMC1_R2_Scratch_20260929\03_compute\formal_forward_v2_resume124\ligands\LIB_DKFAHLYMYSORAF.pdbqt,9ee153bc5908c241b13a341dfa36cab0d36f656b90611dbbe2edda1f5fd1ca38,1.844
LIB_PUSXXXWMEJEPSR,ChEMBL,CHEMBL1079924,CHEMBL1079924,https://www.ebi.ac.uk/chembl/compound_report_card/CHEMBL1079924/,O=C(Nc1cccc(C(F)(F)F)c1)c1cc(N2CCC(N3CCCCC3)CC2)cc(C(F)(F)F)c1,O=C(Nc1cccc(C(F)(F)F)c1)c1cc(N2CCC(N3CCCCC3)CC2)cc(C(F)(F)F)c1,O=C(Nc1cccc(C(F)(F)F)c1)c1cc(N2CCC(N3CCCCC3)CC2)cc(C(F)(F)F)c1,PUSXXXWMEJEPSR-UHFFFAOYSA-N,PUSXXXWMEJEPSR,eligible,499.499,6.431,35.58,1,3,4,35,4,0.4927,0,1,1,False,predicted,eligible,False,[],1,O=C(Nc1cccc(C(F)(F)F)c1)c1cc(N2CCC([NH+]3CCCCC3)CC2)cc(C(F)(F)F)c1,PUSXXXWMEJEPSR-UHFFFAOYSA-O,False,[],[20],False,False,O=C(Nc1ccccc1)c1cccc(N2CCC([NH+]3CCCCC3)CC2)c1,-7.988533020019531,-8.283008575439453,0.5459949970245361,0.3246753246753247,False,AI_initial,2026-09-28T20:44:11.472100+00:00,O=C(Nc1cccc(C(F)(F)F)c1)c1cc(N2CCC(N3CCCCC3)CC2)cc(C(F)(F)F)c1,PUSXXXWMEJEPSR-UHFFFAOYSA-N,PUSXXXWMEJEPSR-UHFFFAOYSA-O,[],[20],exchangeable_tertiary_ring_NH_and_full_potential_stereo_v3_20260929,10,10,73.71767645474787,1,O=C(Nc1cccc(C(F)(F)F)c1)c1cc(N2CCC([NH+]3CCCCC3)CC2)cc(C(F)(F)F)c1,True,True,O=C(Nc1cccc(C(F)(F)F)c1)c1cc(N2CCC([NH+]3CCCCC3)CC2)cc(C(F)(F)F)c1,True,True,prepared,<PACKAGE_ROOT>\Documents\Codex\TMC1_R2_Scratch_20260929\03_compute\formal_forward_v2_resume124\ligands\LIB_PUSXXXWMEJEPSR.sdf,45149e80ce9d44a66efdf4aa1145d7b9981d230f2130218c95e7184861d7248f,<PACKAGE_ROOT>\Documents\Codex\TMC1_R2_Scratch_20260929\03_compute\formal_forward_v2_resume124\ligands\LIB_PUSXXXWMEJEPSR.pdbqt,07ed8b67dd05b9a39c944b3538b436ba7806531025ebe4522ea09364dfbbe58d,1.11
LIB_SICRXINMTYWPHY,ChEMBL,CHEMBL1082125,CHEMBL1082125,https://www.ebi.ac.uk/chembl/compound_report_card/CHEMBL1082125/,O=C(Nc1cc(N2CCC(N3CCCC3)CC2)cc(C(F)(F)F)c1)c1cccc(C(F)(F)F)c1,O=C(Nc1cc(N2CCC(N3CCCC3)CC2)cc(C(F)(F)F)c1)c1cccc(C(F)(F)F)c1,O=C(Nc1cc(N2CCC(N3CCCC3)CC2)cc(C(F)(F)F)c1)c1cccc(C(F)(F)F)c1,SICRXINMTYWPHY-UHFFFAOYSA-N,SICRXINMTYWPHY,eligible,485.472,6.041,35.58,1,3,4,34,4,0.5366,0,1,1,False,predicted,eligible,False,[],1,O=C(Nc1cc(N2CCC([NH+]3CCCC3)CC2)cc(C(F)(F)F)c1)c1cccc(C(F)(F)F)c1,SICRXINMTYWPHY-UHFFFAOYSA-O,False,[],[10],False,False,O=C(Nc1cccc(N2CCC([NH+]3CCCC3)CC2)c1)c1ccccc1,-7.860851764678955,-8.282219886779785,0.5673302412033081,0.3116883116883117,False,AI_initial,2026-09-28T20:44:12.583163+00:00,O=C(Nc1cc(N2CCC(N3CCCC3)CC2)cc(C(F)(F)F)c1)c1cccc(C(F)(F)F)c1,SICRXINMTYWPHY-UHFFFAOYSA-N,SICRXINMTYWPHY-UHFFFAOYSA-O,[],[10],exchangeable_tertiary_ring_NH_and_full_potential_stereo_v3_20260929,10,10,79.05538563588613,0,O=C(Nc1cc(N2CCC([NH+]3CCCC3)CC2)cc(C(F)(F)F)c1)c1cccc(C(F)(F)F)c1,True,True,O=C(Nc1cc(N2CCC([NH+]3CCCC3)CC2)cc(C(F)(F)F)c1)c1cccc(C(F)(F)F)c1,True,True,prepared,<PACKAGE_ROOT>\Documents\Codex\TMC1_R2_Scratch_20260929\03_compute\formal_forward_v2_resume124\ligands\LIB_SICRXINMTYWPHY.sdf,cf0322c82945b1ecd68a2e0573434a74c7a6383540243c37a021e32b77690bf3,<PACKAGE_ROOT>\Documents\Codex\TMC1_R2_Scratch_20260929\03_compute\formal_forward_v2_resume124\ligands\LIB_SICRXINMTYWPHY.pdbqt,72ade74cb31669bd7445bd858ce2c9490f7043c788c2ffaa826c4396ebaef195,0.947
LIB_FRZNJFWQVYAVCE,ChEMBL,CHEMBL101035,CHEMBL101035,https://www.ebi.ac.uk/chembl/compound_report_card/CHEMBL101035/,Cc1ccc(-n2nc(C(C)(C)C)cc2NC(=O)Nc2ccc(OCCN3CCOCC3)cc2)cc1,Cc1ccc(-n2nc(C(C)(C)C)cc2NC(=O)Nc2ccc(OCCN3CCOCC3)cc2)cc1,Cc1ccc(-n2nc(C(C)(C)C)cc2NC(=O)Nc2ccc(OCCN3CCOCC3)cc2)cc1,FRZNJFWQVYAVCE-UHFFFAOYSA-N,FRZNJFWQVYAVCE,eligible,477.609,4.833,80.65,2,5,7,35,4,0.5093,0,1,1,False,predicted,eligible,False,[],1,Cc1ccc(-n2nc(C(C)(C)C)cc2NC(=O)Nc2ccc(OCC[NH+]3CCOCC3)cc2)cc1,FRZNJFWQVYAVCE-UHFFFAOYSA-O,False,[],[25],False,False,O=C(Nc1ccc(OCC[NH+]2CCOCC2)cc1)Nc1ccnn1-c1ccccc1,-7.663625717163086,-8.281527519226074,0.49297794699668884,0.4725274725274725,False,AI_initial,2026-09-28T20:44:13.531742+00:00,Cc1ccc(-n2nc(C(C)(C)C)cc2NC(=O)Nc2ccc(OCCN3CCOCC3)cc2)cc1,FRZNJFWQVYAVCE-UHFFFAOYSA-N,FRZNJFWQVYAVCE-UHFFFAOYSA-O,[],[25],exchangeable_tertiary_ring_NH_and_full_potential_stereo_v3_20260929,10,10,149.75140045640353,9,Cc1ccc(-n2nc(C(C)(C)C)cc2NC(=O)Nc2ccc(OCC[NH+]3CCOCC3)cc2)cc1,True,True,Cc1ccc(-n2nc(C(C)(C)C)cc2NC(=O)Nc2ccc(OCC[NH+]3CCOCC3)cc2)cc1,True,True,prepared,<PACKAGE_ROOT>\Documents\Codex\TMC1_R2_Scratch_20260929\03_compute\formal_forward_v2_resume124\ligands\LIB_FRZNJFWQVYAVCE.sdf,6ea51b98e66af17b3b509067d27c2357d9eda0cdb4d1883f92a4e6dc6a2409a7,<PACKAGE_ROOT>\Documents\Codex\TMC1_R2_Scratch_20260929\03_compute\formal_forward_v2_resume124\ligands\LIB_FRZNJFWQVYAVCE.pdbqt,5337aa6cdf88009b9620fb291b235542c75b6d59885d55ffa8c2996c9326a380,1.364
LIB_NPSXOCPQKKCBFX,ChEMBL,CHEMBL1083001,CHEMBL1083001,https://www.ebi.ac.uk/chembl/compound_report_card/CHEMBL1083001/,CN1CCN(c2ccc(-c3cnn4c(N)c(-c5ccc(NC(=O)CCC6CCCC6)cc5)cnc34)cc2)CC1,CN1CCN(c2ccc(-c3cnn4c(N)c(-c5ccc(NC(=O)CCC6CCCC6)cc5)cnc34)cc2)CC1,CN1CCN(c2ccc(-c3cnn4c(N)c(-c5ccc(NC(=O)CCC6CCCC6)cc5)cnc34)cc2)CC1,NPSXOCPQKKCBFX-UHFFFAOYSA-N,NPSXOCPQKKCBFX,eligible,523.685,5.306,91.79,2,6,7,39,6,0.3413,0,1,1,False,predicted,eligible,False,[],1,C[NH+]1CCN(c2ccc(-c3cnn4c(N)c(-c5ccc(NC(=O)CCC6CCCC6)cc5)cnc34)cc2)CC1,NPSXOCPQKKCBFX-UHFFFAOYSA-O,False,[],[1],False,False,O=C(CCC1CCCC1)Nc1ccc(-c2cnc3c(-c4ccc(N5CC[NH2+]CC5)cc4)cnn3c2)cc1,-8.077991485595703,-8.28135871887207,0.6186600923538208,0.30303030303030304,False,AI_initial,2026-09-28T20:44:14.897397+00:00,CN1CCN(c2ccc(-c3cnn4c(N)c(-c5ccc(NC(=O)CCC6CCCC6)cc5)cnc34)cc2)CC1,NPSXOCPQKKCBFX-UHFFFAOYSA-N,NPSXOCPQKKCBFX-UHFFFAOYSA-O,[],[1],exchangeable_tertiary_ring_NH_and_full_potential_stereo_v3_20260929,9,9,231.76998335768582,7,C[NH+]1CCN(c2ccc(-c3cnn4c(N)c(-c5ccc(NC(=O)CCC6CCCC6)cc5)cnc34)cc2)CC1,True,True,C[NH+]1CCN(c2ccc(-c3cnn4c(N)c(-c5ccc(NC(=O)CCC6CCCC6)cc5)cnc34)cc2)CC1,True,True,prepared,<PACKAGE_ROOT>\Documents\Codex\TMC1_R2_Scratch_20260929\03_compute\formal_forward_v2_resume124\ligands\LIB_NPSXOCPQKKCBFX.sdf,8aecd06ba4eb29f61532d62bb810c309acb7ac14435c486b04b7578ff4b1e7c5,<PACKAGE_ROOT>\Documents\Codex\TMC1_R2_Scratch_20260929\03_compute\formal_forward_v2_resume124\ligands\LIB_NPSXOCPQKKCBFX.pdbqt,79ff18c22ecd0cba9b1ae3b16ee86d5de760099e9bef99abf4f5353acb37e9ee,1.624
LIB_XCQOHJYGSBLSOW,ChEMBL,CHEMBL1077211,CHEMBL1077211,https://www.ebi.ac.uk/chembl/compound_report_card/CHEMBL1077211/,C[C@H](O)CNc1nccc(-n2ccnc2-c2ccc(NC(=O)c3cc(N4CCOCC4)cc(C(F)(F)F)c3)cc2)n1,C[C@H](O)CNc1nccc(-n2ccnc2-c2ccc(NC(=O)c3cc(N4CCOCC4)cc(C(F)(F)F)c3)cc2)n1,CC(O)CNc1nccc(-n2ccnc2-c2ccc(NC(=O)c3cc(N4CCOCC4)cc(C(F)(F)F)c3)cc2)n1,XCQOHJYGSBLSOW-SFHVURJKSA-N,XCQOHJYGSBLSOW,eligible,567.572,4.23,117.43,3,8,8,41,5,0.2898,0,1,1,False,predicted,eligible,False,[],1,C[C@H](O)CNc1nccc(-n2ccnc2-c2ccc(NC(=O)c3cc(N4CCOCC4)cc(C(F)(F)F)c3)cc2)n1,XCQOHJYGSBLSOW-SFHVURJKSA-N,False,[],[],False,False,O=C(Nc1ccc(-c2nccn2-c2ccncn2)cc1)c1cccc(N2CCOCC2)c1,-8.292000770568848,-8.278867721557617,0.49020466208457947,0.3655913978494624,False,AI_initial,2026-09-28T20:44:16.522763+00:00,C[C@H](O)CNc1nccc(-n2ccnc2-c2ccc(NC(=O)c3cc(N4CCOCC4)cc(C(F)(F)F)c3)cc2)n1,XCQOHJYGSBLSOW-SFHVURJKSA-N,XCQOHJYGSBLSOW-SFHVURJKSA-N,[],[],exchangeable_tertiary_ring_NH_and_full_potential_stereo_v3_20260929,10,10,78.89828569366475,8,C[C@H](O)CNc1nccc(-n2ccnc2-c2ccc(NC(=O)c3cc(N4CCOCC4)cc(C(F)(F)F)c3)cc2)n1,True,True,C[C@H](O)CNc1nccc(-n2ccnc2-c2ccc(NC(=O)c3cc(N4CCOCC4)cc(C(F)(F)F)c3)cc2)n1,True,True,prepared,<PACKAGE_ROOT>\Documents\Codex\TMC1_R2_Scratch_20260929\03_compute\formal_forward_v2_resume124\ligands\LIB_XCQOHJYGSBLSOW.sdf,1c66f150913c1b365866b31ad219060a20996944c5024dfcf0ddacb153900d98,<PACKAGE_ROOT>\Documents\Codex\TMC1_R2_Scratch_20260929\03_compute\formal_forward_v2_resume124\ligands\LIB_XCQOHJYGSBLSOW.pdbqt,00bb57cec76fb92668b80232d57854246619b5353f3a8a2c109a673330b4df46,1.444
LIB_WYYDKVUNYRLXHX,ChEMBL,CHEMBL1084028,CHEMBL1084028,https://www.ebi.ac.uk/chembl/compound_report_card/CHEMBL1084028/,CN1CCN(c2cccc(-c3cnn4c(N)c(-c5ccc(NC(=O)NCC6CCCCC6)cc5)cnc34)c2)CC1,CN1CCN(c2cccc(-c3cnn4c(N)c(-c5ccc(NC(=O)NCC6CCCCC6)cc5)cnc34)c2)CC1,CN1CCN(c2cccc(-c3cnn4c(N)c(-c5ccc(NC(=O)NCC6CCCCC6)cc5)cnc34)c2)CC1,WYYDKVUNYRLXHX-UHFFFAOYSA-N,WYYDKVUNYRLXHX,eligible,538.7,5.099,103.82,3,6,6,40,6,0.3157,0,1,1,False,predicted,eligible,False,[],1,C[NH+]1CCN(c2cccc(-c3cnn4c(N)c(-c5ccc(NC(=O)NCC6CCCCC6)cc5)cnc34)c2)CC1,WYYDKVUNYRLXHX-UHFFFAOYSA-O,False,[],[1],False,False,O=C(NCC1CCCCC1)Nc1ccc(-c2cnc3c(-c4cccc(N5CC[NH2+]CC5)c4)cnn3c2)cc1,-8.359039306640625,-8.27865219116211,0.5654021501541138,0.3076923076923077,False,AI_initial,2026-09-28T20:44:17.967634+00:00,CN1CCN(c2cccc(-c3cnn4c(N)c(-c5ccc(NC(=O)NCC6CCCCC6)cc5)cnc34)c2)CC1,WYYDKVUNYRLXHX-UHFFFAOYSA-N,WYYDKVUNYRLXHX-UHFFFAOYSA-O,[],[1],exchangeable_tertiary_ring_NH_and_full_potential_stereo_v3_20260929,10,10,165.65231385838354,3,C[NH+]1CCN(c2cccc(-c3cnn4c(N)c(-c5ccc(NC(=O)NCC6CCCCC6)cc5)cnc34)c2)CC1,True,True,C[NH+]1CCN(c2cccc(-c3cnn4c(N)c(-c5ccc(NC(=O)NCC6CCCCC6)cc5)cnc34)c2)CC1,True,True,prepared,<PACKAGE_ROOT>\Documents\Codex\TMC1_R2_Scratch_20260929\03_compute\formal_forward_v2_resume124\ligands\LIB_WYYDKVUNYRLXHX.sdf,f75b2f5ce6fbd42cc82f7d2cb131e0b64e18d1ed578e845769d5d26d4481f922,<PACKAGE_ROOT>\Documents\Codex\TMC1_R2_Scratch_20260929\03_compute\formal_forward_v2_resume124\ligands\LIB_WYYDKVUNYRLXHX.pdbqt,2be7ce436d64977f34eaeb5997fc428f69635babc36c9fa587bc272dd5283782,1.825
LIB_IVCDTDIZAJTORZ,ChEMBL,CHEMBL1081204,CHEMBL1081204,https://www.ebi.ac.uk/chembl/compound_report_card/CHEMBL1081204/,O=C(Nc1cccc(C(F)(F)F)c1)Nc1cc(N2CCC(N3CCCC3)CC2)cc(C(F)(F)F)c1,O=C(Nc1cccc(C(F)(F)F)c1)Nc1cc(N2CCC(N3CCCC3)CC2)cc(C(F)(F)F)c1,O=C(Nc1cccc(C(F)(F)F)c1)Nc1cc(N2CCC(N3CCCC3)CC2)cc(C(F)(F)F)c1,IVCDTDIZAJTORZ-UHFFFAOYSA-N,IVCDTDIZAJTORZ,eligible,500.487,6.433,47.61,2,3,4,35,4,0.4758,0,1,1,False,predicted,eligible,False,[],1,O=C(Nc1cccc(C(F)(F)F)c1)Nc1cc(N2CCC([NH+]3CCCC3)CC2)cc(C(F)(F)F)c1,IVCDTDIZAJTORZ-UHFFFAOYSA-O,False,[],[21],False,False,O=C(Nc1ccccc1)Nc1cccc(N2CCC([NH+]3CCCC3)CC2)c1,-8.090865135192871,-8.278017044067383,0.5549790859222412,0.32,False,AI_initial,2026-09-28T20:44:19.794213+00:00,O=C(Nc1cccc(C(F)(F)F)c1)Nc1cc(N2CCC(N3CCCC3)CC2)cc(C(F)(F)F)c1,IVCDTDIZAJTORZ-UHFFFAOYSA-N,IVCDTDIZAJTORZ-UHFFFAOYSA-O,[],[21],exchangeable_tertiary_ring_NH_and_full_potential_stereo_v3_20260929,10,10,14.014287839731924,9,O=C(Nc1cccc(C(F)(F)F)c1)Nc1cc(N2CCC([NH+]3CCCC3)CC2)cc(C(F)(F)F)c1,True,True,O=C(Nc1cccc(C(F)(F)F)c1)Nc1cc(N2CCC([NH+]3CCCC3)CC2)cc(C(F)(F)F)c1,True,True,prepared,<PACKAGE_ROOT>\Documents\Codex\TMC1_R2_Scratch_20260929\03_compute\formal_forward_v2_resume124\ligands\LIB_IVCDTDIZAJTORZ.sdf,a3c309943c6ab197994580075b469129ebf44bab4b97fa05d3f30c26f4f374cc,<PACKAGE_ROOT>\Documents\Codex\TMC1_R2_Scratch_20260929\03_compute\formal_forward_v2_resume124\ligands\LIB_IVCDTDIZAJTORZ.pdbqt,74e4438a2c379630667553486729fa9c544716810c65530fffdd518b9d548429,1.096
LIB_BARDROPHSZEBKC,ChEMBL,CHEMBL1199324,CHEMBL1199324;CHEMBL1201782,https://www.ebi.ac.uk/chembl/compound_report_card/CHEMBL1199324/,C[C@@H](O[C@H]1OCCN(Cc2nn(P(=O)(O)O)c(=O)[nH]2)[C@H]1c1ccc(F)cc1)c1cc(C(F)(F)F)cc(C(F)(F)F)c1,C[C@@H](O[C@H]1OCCN(Cc2nc(=O)n(P(=O)(O)O)[nH]2)[C@H]1c1ccc(F)cc1)c1cc(C(F)(F)F)cc(C(F)(F)F)c1,CC(OC1OCCN(Cc2nc(=O)n(P(=O)(O)O)[nH]2)C1c1ccc(F)cc1)c1cc(C(F)(F)F)cc(C(F)(F)F)c1,BARDROPHSZEBKC-OITMNORJSA-N,BARDROPHSZEBKC,eligible,614.411,4.366,129.91,3,6,7,41,4,0.2646,0,2,1,False,predicted,eligible,False,[],1,C[C@@H](O[C@H]1OCC[NH+](Cc2nc(=O)n(P(=O)([O-])[O-])[n-]2)[C@H]1c1ccc(F)cc1)c1cc(C(F)(F)F)cc(C(F)(F)F)c1,OUNJBEMOLRDPGP-OITMNORJSA-L,True,"[[""Atom_Tetrahedral"", 7]]",[7],False,True,O=c1nc(C[NH+]2CCOC(OCc3ccccc3)C2c2ccccc2)[n-][nH]1,-8.304289817810059,-8.275656700134277,0.7107915878295898,0.2916666666666667,True,AI_initial,2026-09-28T20:44:20.892308+00:00,C[C@@H](O[C@H]1OCCN(Cc2nc(=O)n(P(=O)(O)O)[nH]2)[C@H]1c1ccc(F)cc1)c1cc(C(F)(F)F)cc(C(F)(F)F)c1,BARDROPHSZEBKC-OITMNORJSA-N,OUNJBEMOLRDPGP-OITMNORJSA-L,"[[""Atom_Tetrahedral"", 7]]",[7],exchangeable_tertiary_ring_NH_and_full_potential_stereo_v3_20260929,10,10,-32.7350372533118,5,C[C@@H](O[C@H]1OCC[N@@H+](Cc2nc(=O)n(P(=O)([O-])[O-])[n-]2)[C@H]1c1ccc(F)cc1)c1cc(C(F)(F)F)cc(C(F)(F)F)c1,False,True,C[C@@H](O[C@H]1OCC[N@@H+](Cc2nc(=O)n(P(=O)([O-])[O-])[n-]2)[C@H]1c1ccc(F)cc1)c1cc(C(F)(F)F)cc(C(F)(F)F)c1,False,True,prepared,<PACKAGE_ROOT>\Documents\Codex\TMC1_R2_Scratch_20260929\03_compute\formal_forward_v2_resume124\ligands\LIB_BARDROPHSZEBKC.sdf,d8341aca499550e7fd4ac9f2e76429855504567b49c9d326d53efae7bd8b2a41,<PACKAGE_ROOT>\Documents\Codex\TMC1_R2_Scratch_20260929\03_compute\formal_forward_v2_resume124\ligands\LIB_BARDROPHSZEBKC.pdbqt,a017c24d6cd1282c296d153375d5e5dcd206faf87bfa609b9babc411b1f23fe7,1.271
LIB_KXCARQILTFDOLE,ChEMBL,CHEMBL1079963,CHEMBL1079963,https://www.ebi.ac.uk/chembl/compound_report_card/CHEMBL1079963/,O=C(Nc1cccc(-c2cn3ccnc3c(Nc3cccnc3)n2)c1)Nc1cccc(C(F)(F)F)c1,O=C(Nc1cccc(-c2cn3ccnc3c(Nc3cccnc3)n2)c1)Nc1cccc(C(F)(F)F)c1,O=C(Nc1cccc(-c2cn3ccnc3c(Nc3cccnc3)n2)c1)Nc1cccc(C(F)(F)F)c1,KXCARQILTFDOLE-UHFFFAOYSA-N,KXCARQILTFDOLE,eligible,489.461,6.198,96.24,3,5,5,36,5,0.2733,0,1,1,False,predicted,eligible,False,[],1,O=C(Nc1cccc(-c2cn3ccnc3c(Nc3cccnc3)n2)c1)Nc1cccc(C(F)(F)F)c1,KXCARQILTFDOLE-UHFFFAOYSA-N,False,[],[],False,False,O=C(Nc1ccccc1)Nc1cccc(-c2cn3ccnc3c(Nc3cccnc3)n2)c1,-8.330377578735352,-8.268004417419434,0.615182101726532,0.27058823529411763,True,AI_initial,2026-09-28T20:44:22.164463+00:00,O=C(Nc1cccc(-c2cn3ccnc3c(Nc3cccnc3)n2)c1)Nc1cccc(C(F)(F)F)c1,KXCARQILTFDOLE-UHFFFAOYSA-N,KXCARQILTFDOLE-UHFFFAOYSA-N,[],[],exchangeable_tertiary_ring_NH_and_full_potential_stereo_v3_20260929,8,8,23.838273960829298,2,O=C(Nc1cccc(-c2cn3ccnc3c(Nc3cccnc3)n2)c1)Nc1cccc(C(F)(F)F)c1,True,True,O=C(Nc1cccc(-c2cn3ccnc3c(Nc3cccnc3)n2)c1)Nc1cccc(C(F)(F)F)c1,True,True,prepared,<PACKAGE_ROOT>\Documents\Codex\TMC1_R2_Scratch_20260929\03_compute\formal_forward_v2_resume124\ligands\LIB_KXCARQILTFDOLE.sdf,15668767fa58004f338a7f4cb901da194dc7ac80537a244fc856c9bd9c449291,<PACKAGE_ROOT>\Documents\Codex\TMC1_R2_Scratch_20260929\03_compute\formal_forward_v2_resume124\ligands\LIB_KXCARQILTFDOLE.pdbqt,4175120008f8a4211462b2fa45a026d19f407c2447051992bee2b5e19d5d74b5,0.622
LIB_YWDIXVZCRMMQQY,ChEMBL,CHEMBL1079964,CHEMBL1079964,https://www.ebi.ac.uk/chembl/compound_report_card/CHEMBL1079964/,O=C(Nc1cccc(-c2cn3ccnc3c(Nc3ccccc3)n2)c1)Nc1cccc(C(F)(F)F)c1,O=C(Nc1cccc(-c2cn3ccnc3c(Nc3ccccc3)n2)c1)Nc1cccc(C(F)(F)F)c1,O=C(Nc1cccc(-c2cn3ccnc3c(Nc3ccccc3)n2)c1)Nc1cccc(C(F)(F)F)c1,YWDIXVZCRMMQQY-UHFFFAOYSA-N,YWDIXVZCRMMQQY,eligible,488.473,6.803,83.35,3,4,5,36,5,0.254,0,1,1,False,predicted,eligible,False,[],1,O=C(Nc1cccc(-c2cn3ccnc3c(Nc3ccccc3)n2)c1)Nc1cccc(C(F)(F)F)c1,YWDIXVZCRMMQQY-UHFFFAOYSA-N,False,[],[],False,False,O=C(Nc1ccccc1)Nc1cccc(-c2cn3ccnc3c(Nc3ccccc3)n2)c1,-8.377592086791992,-8.26765251159668,0.6142598390579224,0.25274725274725274,True,AI_initial,2026-09-28T20:44:22.788263+00:00,O=C(Nc1cccc(-c2cn3ccnc3c(Nc3ccccc3)n2)c1)Nc1cccc(C(F)(F)F)c1,YWDIXVZCRMMQQY-UHFFFAOYSA-N,YWDIXVZCRMMQQY-UHFFFAOYSA-N,[],[],exchangeable_tertiary_ring_NH_and_full_potential_stereo_v3_20260929,10,10,12.949177459859921,7,O=C(Nc1cccc(-c2cn3ccnc3c(Nc3ccccc3)n2)c1)Nc1cccc(C(F)(F)F)c1,True,True,O=C(Nc1cccc(-c2cn3ccnc3c(Nc3ccccc3)n2)c1)Nc1cccc(C(F)(F)F)c1,True,True,prepared,<PACKAGE_ROOT>\Documents\Codex\TMC1_R2_Scratch_20260929\03_compute\formal_forward_v2_resume124\ligands\LIB_YWDIXVZCRMMQQY.sdf,9066eb72bdcdf2dd829c84594e2f1b4573e4b8615eeb5d1cdaa980e7eee07145,<PACKAGE_ROOT>\Documents\Codex\TMC1_R2_Scratch_20260929\03_compute\formal_forward_v2_resume124\ligands\LIB_YWDIXVZCRMMQQY.pdbqt,e8688b37612138bb41cab65d4696d4a0d6bb841154c94cf18b69a56c2745c3eb,0.762
LIB_RBGUOHBCKRTPMX,ChEMBL,CHEMBL1080445,CHEMBL1080445,https://www.ebi.ac.uk/chembl/compound_report_card/CHEMBL1080445/,CN(C)S(=O)(=O)c1ccc(-c2cnn3c(-c4cccc(NC(=O)c5cccc(C(F)(F)F)c5)c4)ccnc23)cc1,CN(C)S(=O)(=O)c1ccc(-c2cnn3c(-c4cccc(NC(=O)c5cccc(C(F)(F)F)c5)c4)ccnc23)cc1,CN(C)S(=O)(=O)c1ccc(-c2cnn3c(-c4cccc(NC(=O)c5cccc(C(F)(F)F)c5)c4)ccnc23)cc1,RBGUOHBCKRTPMX-UHFFFAOYSA-N,RBGUOHBCKRTPMX,eligible,565.577,5.585,96.67,1,5,6,40,5,0.2899,0,1,1,False,predicted,eligible,False,[],1,C[NH+](C)S(=O)(=O)c1ccc(-c2cnn3c(-c4cccc(NC(=O)c5cccc(C(F)(F)F)c5)c4)ccnc23)cc1,RBGUOHBCKRTPMX-UHFFFAOYSA-O,False,[],[],False,False,O=C(Nc1cccc(-c2ccnc3c(-c4ccccc4)cnn23)c1)c1ccccc1,-8.245190620422363,-8.267532348632812,0.5049414038658142,0.3411764705882353,False,AI_initial,2026-09-28T20:44:23.551221+00:00,CN(C)S(=O)(=O)c1ccc(-c2cnn3c(-c4cccc(NC(=O)c5cccc(C(F)(F)F)c5)c4)ccnc23)cc1,RBGUOHBCKRTPMX-UHFFFAOYSA-N,RBGUOHBCKRTPMX-UHFFFAOYSA-O,[],[],exchangeable_tertiary_ring_NH_and_full_potential_stereo_v3_20260929,10,10,18.780340185879645,2,C[NH+](C)S(=O)(=O)c1ccc(-c2cnn3c(-c4cccc(NC(=O)c5cccc(C(F)(F)F)c5)c4)ccnc23)cc1,True,True,C[NH+](C)S(=O)(=O)c1ccc(-c2cnn3c(-c4cccc(NC(=O)c5cccc(C(F)(F)F)c5)c4)ccnc23)cc1,True,True,prepared,<PACKAGE_ROOT>\Documents\Codex\TMC1_R2_Scratch_20260929\03_compute\formal_forward_v2_resume124\ligands\LIB_RBGUOHBCKRTPMX.sdf,73b4ed4566a2c7edc875965afa225773c5ddad6f913b0150701bd8e45d74ec6b,<PACKAGE_ROOT>\Documents\Codex\TMC1_R2_Scratch_20260929\03_compute\formal_forward_v2_resume124\ligands\LIB_RBGUOHBCKRTPMX.pdbqt,9d870d585b411cf3ae3720dc2a7b0186b6d00aedb3b6848a6b696d6c27608c5d,1.062
LIB_XJOBUWSKCGTPQM,ChEMBL,CHEMBL1081599,CHEMBL1081599,https://www.ebi.ac.uk/chembl/compound_report_card/CHEMBL1081599/,O=C(Nc1cccc(C(F)(F)F)c1)c1cc(N2CCC(N3CCCC3)CC2)cc(C(F)(F)F)c1,O=C(Nc1cccc(C(F)(F)F)c1)c1cc(N2CCC(N3CCCC3)CC2)cc(C(F)(F)F)c1,O=C(Nc1cccc(C(F)(F)F)c1)c1cc(N2CCC(N3CCCC3)CC2)cc(C(F)(F)F)c1,XJOBUWSKCGTPQM-UHFFFAOYSA-N,XJOBUWSKCGTPQM,eligible,485.472,6.041,35.58,1,3,4,34,4,0.5366,0,1,1,False,predicted,eligible,False,[],1,O=C(Nc1cccc(C(F)(F)F)c1)c1cc(N2CCC([NH+]3CCCC3)CC2)cc(C(F)(F)F)c1,XJOBUWSKCGTPQM-UHFFFAOYSA-O,False,[],[20],False,False,O=C(Nc1ccccc1)c1cccc(N2CCC([NH+]3CCCC3)CC2)c1,-7.860851764678955,-8.267245292663574,0.5511661171913147,0.32894736842105265,False,AI_initial,2026-09-28T20:44:24.614321+00:00,O=C(Nc1cccc(C(F)(F)F)c1)c1cc(N2CCC(N3CCCC3)CC2)cc(C(F)(F)F)c1,XJOBUWSKCGTPQM-UHFFFAOYSA-N,XJOBUWSKCGTPQM-UHFFFAOYSA-O,[],[20],exchangeable_tertiary_ring_NH_and_full_potential_stereo_v3_20260929,10,10,73.33788391485692,0,O=C(Nc1cccc(C(F)(F)F)c1)c1cc(N2CCC([NH+]3CCCC3)CC2)cc(C(F)(F)F)c1,True,True,O=C(Nc1cccc(C(F)(F)F)c1)c1cc(N2CCC([NH+]3CCCC3)CC2)cc(C(F)(F)F)c1,True,True,prepared,<PACKAGE_ROOT>\Documents\Codex\TMC1_R2_Scratch_20260929\03_compute\formal_forward_v2_resume124\ligands\LIB_XJOBUWSKCGTPQM.sdf,dc3ef403e78e694f0ccd39d3b5645567e8a004a1a976ca9e1ef54fbb8b20c3f9,<PACKAGE_ROOT>\Documents\Codex\TMC1_R2_Scratch_20260929\03_compute\formal_forward_v2_resume124\ligands\LIB_XJOBUWSKCGTPQM.pdbqt,b963a52b3a0cfc8ee706afa657d8d4591210d16d8c4dcd596f316407eb764793,0.995
LIB_JRMCNSWAKAFNPS,ChEMBL,CHEMBL1079796,CHEMBL1079796,https://www.ebi.ac.uk/chembl/compound_report_card/CHEMBL1079796/,O=C(Nc1cccc(-c2cn3ccnc3c(Nc3ccncc3)n2)c1)Nc1cccc(C(F)(F)F)c1,O=C(Nc1cccc(-c2cn3ccnc3c(Nc3ccncc3)n2)c1)Nc1cccc(C(F)(F)F)c1,O=C(Nc1cccc(-c2cn3ccnc3c(Nc3ccncc3)n2)c1)Nc1cccc(C(F)(F)F)c1,JRMCNSWAKAFNPS-UHFFFAOYSA-N,JRMCNSWAKAFNPS,eligible,489.461,6.198,96.24,3,5,5,36,5,0.2733,0,1,1,False,predicted,eligible,False,[],1,O=C(Nc1cccc(-c2cn3ccnc3c(Nc3ccncc3)n2)c1)Nc1cccc(C(F)(F)F)c1,JRMCNSWAKAFNPS-UHFFFAOYSA-N,False,[],[],False,False,O=C(Nc1ccccc1)Nc1cccc(-c2cn3ccnc3c(Nc3ccncc3)n2)c1,-8.330377578735352,-8.25699234008789,0.6315926909446716,0.25301204819277107,True,AI_initial,2026-09-28T20:44:25.611292+00:00,O=C(Nc1cccc(-c2cn3ccnc3c(Nc3ccncc3)n2)c1)Nc1cccc(C(F)(F)F)c1,JRMCNSWAKAFNPS-UHFFFAOYSA-N,JRMCNSWAKAFNPS-UHFFFAOYSA-N,[],[],exchangeable_tertiary_ring_NH_and_full_potential_stereo_v3_20260929,9,9,4.949888837750663,7,O=C(Nc1cccc(-c2cn3ccnc3c(Nc3ccncc3)n2)c1)Nc1cccc(C(F)(F)F)c1,True,True,O=C(Nc1cccc(-c2cn3ccnc3c(Nc3ccncc3)n2)c1)Nc1cccc(C(F)(F)F)c1,True,True,prepared,<PACKAGE_ROOT>\Documents\Codex\TMC1_R2_Scratch_20260929\03_compute\formal_forward_v2_resume124\ligands\LIB_JRMCNSWAKAFNPS.sdf,19ad09a0ba3477ae2e2eeac43a1c8388c581e5ffc46f99a88c7c90e395b9f4a5,<PACKAGE_ROOT>\Documents\Codex\TMC1_R2_Scratch_20260929\03_compute\formal_forward_v2_resume124\ligands\LIB_JRMCNSWAKAFNPS.pdbqt,390cb1edd98fe58057ed8b6631e922857e9ca9990724b1c9402b66731b92a807,0.701
LIB_PKEOFNLYKBPOQT,ChEMBL,CHEMBL1078005,CHEMBL1078005,https://www.ebi.ac.uk/chembl/compound_report_card/CHEMBL1078005/,Cc1cnc(Nc2ccc(N3CCOCC3)cc2)nc1-c1ccc(C(=O)NCC#N)cc1,Cc1cnc(Nc2ccc(N3CCOCC3)cc2)nc1-c1ccc(C(=O)NCC#N)cc1,Cc1cnc(Nc2ccc(N3CCOCC3)cc2)nc1-c1ccc(C(=O)NCC#N)cc1,PKEOFNLYKBPOQT-UHFFFAOYSA-N,PKEOFNLYKBPOQT,eligible,428.496,3.286,103.17,2,7,6,32,4,0.5808,0,1,1,False,predicted,eligible,False,[],1,Cc1cnc(Nc2ccc(N3CCOCC3)cc2)nc1-c1ccc(C(=O)NCC#N)cc1,PKEOFNLYKBPOQT-UHFFFAOYSA-N,False,[],[],False,False,c1ccc(-c2ccnc(Nc3ccc(N4CCOCC4)cc3)n2)cc1,-7.489298343658447,-8.25532054901123,0.3813962936401367,0.7230769230769231,False,AI_initial,2026-09-28T20:44:26.313573+00:00,Cc1cnc(Nc2ccc(N3CCOCC3)cc2)nc1-c1ccc(C(=O)NCC#N)cc1,PKEOFNLYKBPOQT-UHFFFAOYSA-N,PKEOFNLYKBPOQT-UHFFFAOYSA-N,[],[],exchangeable_tertiary_ring_NH_and_full_potential_stereo_v3_20260929,8,8,45.99352765365214,7,Cc1cnc(Nc2ccc(N3CCOCC3)cc2)nc1-c1ccc(C(=O)NCC#N)cc1,True,True,Cc1cnc(Nc2ccc(N3CCOCC3)cc2)nc1-c1ccc(C(=O)NCC#N)cc1,True,True,prepared,<PACKAGE_ROOT>\Documents\Codex\TMC1_R2_Scratch_20260929\03_compute\formal_forward_v2_resume124\ligands\LIB_PKEOFNLYKBPOQT.sdf,e39a132ca79990d87b85207e0a7cc787757858eab388e247c258a6578658a1f0,<PACKAGE_ROOT>\Documents\Codex\TMC1_R2_Scratch_20260929\03_compute\formal_forward_v2_resume124\ligands\LIB_PKEOFNLYKBPOQT.pdbqt,342d1145f6b37764185c1d7e170b427c9c6f6e29af6d44fc9970715e01d49c9e,0.642
LIB_TVRADXVJUWRKGV,ChEMBL,CHEMBL103776,CHEMBL103776,https://www.ebi.ac.uk/chembl/compound_report_card/CHEMBL103776/,COc1cc2nc(N3CCOCC3)nc(N3CCN(C(=O)Nc4ccc(Oc5ccccc5)cc4)CC3)c2cc1OC,COc1cc2nc(N3CCOCC3)nc(N3CCN(C(=O)Nc4ccc(Oc5ccccc5)cc4)CC3)c2cc1OC,COc1cc2nc(N3CCOCC3)nc(N3CCN(C(=O)Nc4ccc(Oc5ccccc5)cc4)CC3)c2cc1OC,TVRADXVJUWRKGV-UHFFFAOYSA-N,TVRADXVJUWRKGV,eligible,570.65,4.63,101.52,1,9,7,42,6,0.3408,0,1,1,False,predicted,eligible,False,[],1,COc1cc2nc(N3CCOCC3)nc(N3CC[NH+](C(=O)Nc4ccc(Oc5ccccc5)cc4)CC3)c2cc1OC,TVRADXVJUWRKGV-UHFFFAOYSA-O,False,[],[18],False,False,O=C(Nc1ccc(Oc2ccccc2)cc1)[NH+]1CCN(c2nc(N3CCOCC3)nc3ccccc23)CC1,-8.148472785949707,-8.252462387084961,0.5316042304039001,0.46153846153846156,False,AI_initial,2026-09-28T20:44:26.956941+00:00,COc1cc2nc(N3CCOCC3)nc(N3CCN(C(=O)Nc4ccc(Oc5ccccc5)cc4)CC3)c2cc1OC,TVRADXVJUWRKGV-UHFFFAOYSA-N,TVRADXVJUWRKGV-UHFFFAOYSA-O,[],[18],exchangeable_tertiary_ring_NH_and_full_potential_stereo_v3_20260929,10,10,-8.375422911965387,2,COc1cc2nc(N3CCOCC3)nc(N3CC[NH+](C(=O)Nc4ccc(Oc5ccccc5)cc4)CC3)c2cc1OC,True,True,COc1cc2nc(N3CCOCC3)nc(N3CC[NH+](C(=O)Nc4ccc(Oc5ccccc5)cc4)CC3)c2cc1OC,True,True,prepared,<PACKAGE_ROOT>\Documents\Codex\TMC1_R2_Scratch_20260929\03_compute\formal_forward_v2_resume124\ligands\LIB_TVRADXVJUWRKGV.sdf,2585162cd3c93d434bffff34064c1363213e08324a0fdb55f6cacf24ae838cef,<PACKAGE_ROOT>\Documents\Codex\TMC1_R2_Scratch_20260929\03_compute\formal_forward_v2_resume124\ligands\LIB_TVRADXVJUWRKGV.pdbqt,c1b772ab110cf17a6d38e3213532c633c456ba12e258c0a8a68c567d86c6a46b,2.204
LIB_PHXJVRSECIGDHY,ChEMBL,CHEMBL1171837,CHEMBL1171837;CHEMBL2105708,https://www.ebi.ac.uk/chembl/compound_report_card/CHEMBL1171837/,Cc1ccc(C(=O)Nc2ccc(CN3CCN(C)CC3)c(C(F)(F)F)c2)cc1C#Cc1cnc2cccnn12,Cc1ccc(C(=O)Nc2ccc(CN3CCN(C)CC3)c(C(F)(F)F)c2)cc1C#Cc1cnc2cccnn12,Cc1ccc(C(=O)Nc2ccc(CN3CCN(C)CC3)c(C(F)(F)F)c2)cc1C#Cc1cnc2cccnn12,PHXJVRSECIGDHY-UHFFFAOYSA-N,PHXJVRSECIGDHY,eligible,532.57,4.456,65.77,1,5,4,39,5,0.3936,0,2,1,False,predicted,eligible,False,[],1,Cc1ccc(C(=O)Nc2ccc(C[NH+]3CC[NH+](C)CC3)c(C(F)(F)F)c2)cc1C#Cc1cnc2cccnn12,PHXJVRSECIGDHY-UHFFFAOYSA-P,True,"[[""Atom_Tetrahedral"", 13], [""Atom_Tetrahedral"", 16]]","[13, 16]",False,True,O=C(Nc1ccc(C[NH+]2CC[NH2+]CC2)cc1)c1cccc(C#Cc2cnc3cccnn23)c1,-8.068900108337402,-8.25235652923584,0.551487386226654,0.27358490566037735,True,AI_initial,2026-09-28T20:44:29.162114+00:00,Cc1ccc(C(=O)Nc2ccc(CN3CCN(C)CC3)c(C(F)(F)F)c2)cc1C#Cc1cnc2cccnn12,PHXJVRSECIGDHY-UHFFFAOYSA-N,PHXJVRSECIGDHY-UHFFFAOYSA-P,"[[""Atom_Tetrahedral"", 13], [""Atom_Tetrahedral"", 16]]","[13, 16]",exchangeable_tertiary_ring_NH_and_full_potential_stereo_v3_20260929,10,10,240.60659912405885,6,Cc1ccc(C(=O)Nc2ccc(C[N@H+]3CC[N@H+](C)CC3)c(C(F)(F)F)c2)cc1C#Cc1cnc2cccnn12,False,True,Cc1ccc(C(=O)Nc2ccc(C[N@H+]3CC[N@H+](C)CC3)c(C(F)(F)F)c2)cc1C#Cc1cnc2cccnn12,False,True,prepared,<PACKAGE_ROOT>\Documents\Codex\TMC1_R2_Scratch_20260929\03_compute\formal_forward_v2_resume124\ligands\LIB_PHXJVRSECIGDHY.sdf,a90fbff869a9f27ae3c9448387a2d62461335aa96eb071f5a79dad1c7a90e837,<PACKAGE_ROOT>\Documents\Codex\TMC1_R2_Scratch_20260929\03_compute\formal_forward_v2_resume124\ligands\LIB_PHXJVRSECIGDHY.pdbqt,613407f15ebf0c7ac44381ddb09b873a0a2faa9ab3f105dacd29a816e54b5923,1.326
LIB_PQAPIAXNANSJSC,ChEMBL,CHEMBL1079120,CHEMBL1079120,https://www.ebi.ac.uk/chembl/compound_report_card/CHEMBL1079120/,COc1cnc(Nc2ccc(N3CCOCC3)cc2)nc1-c1ccc(C(=O)NCC#N)cc1,COc1cnc(Nc2ccc(N3CCOCC3)cc2)nc1-c1ccc(C(=O)NCC#N)cc1,COc1cnc(Nc2ccc(N3CCOCC3)cc2)nc1-c1ccc(C(=O)NCC#N)cc1,PQAPIAXNANSJSC-UHFFFAOYSA-N,PQAPIAXNANSJSC,eligible,444.495,2.986,112.4,2,8,7,33,4,0.5351,0,1,1,False,predicted,eligible,False,[],1,COc1cnc(Nc2ccc(N3CCOCC3)cc2)nc1-c1ccc(C(=O)NCC#N)cc1,PQAPIAXNANSJSC-UHFFFAOYSA-N,False,[],[],False,False,c1ccc(-c2ccnc(Nc3ccc(N4CCOCC4)cc3)n2)cc1,-7.450337886810303,-8.251779556274414,0.39620861411094666,0.7121212121212122,False,AI_initial,2026-09-28T20:44:30.489368+00:00,COc1cnc(Nc2ccc(N3CCOCC3)cc2)nc1-c1ccc(C(=O)NCC#N)cc1,PQAPIAXNANSJSC-UHFFFAOYSA-N,PQAPIAXNANSJSC-UHFFFAOYSA-N,[],[],exchangeable_tertiary_ring_NH_and_full_potential_stereo_v3_20260929,8,8,79.62055538912364,6,COc1cnc(Nc2ccc(N3CCOCC3)cc2)nc1-c1ccc(C(=O)NCC#N)cc1,True,True,COc1cnc(Nc2ccc(N3CCOCC3)cc2)nc1-c1ccc(C(=O)NCC#N)cc1,True,True,prepared,<PACKAGE_ROOT>\Documents\Codex\TMC1_R2_Scratch_20260929\03_compute\formal_forward_v2_resume124\ligands\LIB_PQAPIAXNANSJSC.sdf,460e241e12766e1056735b7b7da901a33aa3ecca06dfb931631f1d1a990c27fe,<PACKAGE_ROOT>\Documents\Codex\TMC1_R2_Scratch_20260929\03_compute\formal_forward_v2_resume124\ligands\LIB_PQAPIAXNANSJSC.pdbqt,780f7903e9e05a03391216a9a335f7f9e05a7138796f09f28a63dcfe6fa963fb,0.682
LIB_VEXPKIRCYBYITI,ChEMBL,CHEMBL1087513,CHEMBL1087513,https://www.ebi.ac.uk/chembl/compound_report_card/CHEMBL1087513/,COc1cc(-n2c(Nc3cc(NC(=O)c4cccc(C(F)(F)F)c4)ccc3C)nc3ccccc32)ncn1,COc1cc(-n2c(Nc3cc(NC(=O)c4cccc(C(F)(F)F)c4)ccc3C)nc3ccccc32)ncn1,COc1cc(-n2c(Nc3cc(NC(=O)c4cccc(C(F)(F)F)c4)ccc3C)nc3ccccc32)ncn1,VEXPKIRCYBYITI-UHFFFAOYSA-N,VEXPKIRCYBYITI,eligible,518.499,6.147,93.96,2,6,6,38,5,0.2802,0,1,1,False,predicted,eligible,False,[],1,COc1cc(-n2c(Nc3cc(NC(=O)c4cccc(C(F)(F)F)c4)ccc3C)nc3ccccc32)ncn1,VEXPKIRCYBYITI-UHFFFAOYSA-N,False,[],[],False,False,O=C(Nc1cccc(Nc2nc3ccccc3n2-c2ccncn2)c1)c1ccccc1,-8.30585765838623,-8.251198768615723,0.5435466170310974,0.2625,True,AI_initial,2026-09-28T20:44:31.173808+00:00,COc1cc(-n2c(Nc3cc(NC(=O)c4cccc(C(F)(F)F)c4)ccc3C)nc3ccccc32)ncn1,VEXPKIRCYBYITI-UHFFFAOYSA-N,VEXPKIRCYBYITI-UHFFFAOYSA-N,[],[],exchangeable_tertiary_ring_NH_and_full_potential_stereo_v3_20260929,9,9,57.5299826586629,6,COc1cc(-n2c(Nc3cc(NC(=O)c4cccc(C(F)(F)F)c4)ccc3C)nc3ccccc32)ncn1,True,True,COc1cc(-n2c(Nc3cc(NC(=O)c4cccc(C(F)(F)F)c4)ccc3C)nc3ccccc32)ncn1,True,True,prepared,<PACKAGE_ROOT>\Documents\Codex\TMC1_R2_Scratch_20260929\03_compute\formal_forward_v2_resume124\ligands\LIB_VEXPKIRCYBYITI.sdf,b7b703326b66997849bc04430727c03852634374f75c2e25988171ca77bf6da1,<PACKAGE_ROOT>\Documents\Codex\TMC1_R2_Scratch_20260929\03_compute\formal_forward_v2_resume124\ligands\LIB_VEXPKIRCYBYITI.pdbqt,12121b1f7aa29734df3d997f2e009d43c42a8deaa6b7ced6a4103ac12d3b5ba2,0.768
LIB_FMNUBSBKJCVJPF,ChEMBL,CHEMBL1086021,CHEMBL1086021,https://www.ebi.ac.uk/chembl/compound_report_card/CHEMBL1086021/,Cc1ccc2c(c1)C(C)(C)[C@H]1COc3ccc4c(=O)c(-c5ccccc5)c(C)oc4c3[C@H]1N2,Cc1ccc2c(c1)C(C)(C)[C@H]1COc3ccc4c(=O)c(-c5ccccc5)c(C)oc4c3[C@H]1N2,Cc1ccc2c(c1)C(C)(C)C1COc3ccc4c(=O)c(-c5ccccc5)c(C)oc4c3C1N2,FMNUBSBKJCVJPF-LVXARBLLSA-N,FMNUBSBKJCVJPF,eligible,437.539,6.53,51.47,1,4,1,33,6,0.3678,0,1,1,False,predicted,eligible,False,[],1,Cc1ccc2c(c1)C(C)(C)[C@H]1COc3ccc4c(=O)c(-c5ccccc5)c(C)oc4c3[C@H]1[NH2+]2,FMNUBSBKJCVJPF-LVXARBLLSA-O,False,[],[],False,False,O=c1c(-c2ccccc2)coc2c3c(ccc12)OCC1Cc2ccccc2[NH2+]C31,-8.077311515808105,-8.247695922851562,0.6858907341957092,0.25287356321839083,True,AI_initial,2026-09-28T20:44:31.943417+00:00,Cc1ccc2c(c1)C(C)(C)[C@H]1COc3ccc4c(=O)c(-c5ccccc5)c(C)oc4c3[C@H]1N2,FMNUBSBKJCVJPF-LVXARBLLSA-N,FMNUBSBKJCVJPF-LVXARBLLSA-O,[],[],exchangeable_tertiary_ring_NH_and_full_potential_stereo_v3_20260929,6,6,73.06430134983961,4,Cc1ccc2c(c1)C(C)(C)[C@H]1COc3ccc4c(=O)c(-c5ccccc5)c(C)oc4c3[C@H]1[NH2+]2,True,True,Cc1ccc2c(c1)C(C)(C)[C@H]1COc3ccc4c(=O)c(-c5ccccc5)c(C)oc4c3[C@H]1[NH2+]2,True,True,prepared,<PACKAGE_ROOT>\Documents\Codex\TMC1_R2_Scratch_20260929\03_compute\formal_forward_v2_resume124\ligands\LIB_FMNUBSBKJCVJPF.sdf,aeeb87112cce88dd443fc546da16e9b81a489ae39834fbd3e0bf57572aec461d,<PACKAGE_ROOT>\Documents\Codex\TMC1_R2_Scratch_20260929\03_compute\formal_forward_v2_resume124\ligands\LIB_FMNUBSBKJCVJPF.pdbqt,2ad8c2a3d9ba4ac5ffe464c416631f67a1610a5d1e0e0c1fb98f887c437a5f88,0.824
LIB_LBORYVQDGDVAMG,ChEMBL,CHEMBL1080269,CHEMBL1080269,https://www.ebi.ac.uk/chembl/compound_report_card/CHEMBL1080269/,CN(C)c1ccc(-c2cnn3c(-c4cccc(NC(=O)c5cccc(C(F)(F)F)c5)c4)ccnc23)cc1,CN(C)c1ccc(-c2cnn3c(-c4cccc(NC(=O)c5cccc(C(F)(F)F)c5)c4)ccnc23)cc1,CN(C)c1ccc(-c2cnn3c(-c4cccc(NC(=O)c5cccc(C(F)(F)F)c5)c4)ccnc23)cc1,LBORYVQDGDVAMG-UHFFFAOYSA-N,LBORYVQDGDVAMG,eligible,501.512,6.4,62.53,1,4,5,37,5,0.3028,0,1,1,False,predicted,eligible,False,[],1,CN(C)c1ccc(-c2cnn3c(-c4cccc(NC(=O)c5cccc(C(F)(F)F)c5)c4)ccnc23)cc1,LBORYVQDGDVAMG-UHFFFAOYSA-N,False,[],[],False,False,O=C(Nc1cccc(-c2ccnc3c(-c4ccccc4)cnn23)c1)c1ccccc1,-8.239696502685547,-8.241558074951172,0.568367600440979,0.38271604938271603,False,AI_initial,2026-09-28T20:44:32.768557+00:00,CN(C)c1ccc(-c2cnn3c(-c4cccc(NC(=O)c5cccc(C(F)(F)F)c5)c4)ccnc23)cc1,LBORYVQDGDVAMG-UHFFFAOYSA-N,LBORYVQDGDVAMG-UHFFFAOYSA-N,[],[],exchangeable_tertiary_ring_NH_and_full_potential_stereo_v3_20260929,7,7,137.72260727556224,3,CN(C)c1ccc(-c2cnn3c(-c4cccc(NC(=O)c5cccc(C(F)(F)F)c5)c4)ccnc23)cc1,True,True,CN(C)c1ccc(-c2cnn3c(-c4cccc(NC(=O)c5cccc(C(F)(F)F)c5)c4)ccnc23)cc1,True,True,prepared,<PACKAGE_ROOT>\Documents\Codex\TMC1_R2_Scratch_20260929\03_compute\formal_forward_v2_resume124\ligands\LIB_LBORYVQDGDVAMG.sdf,8b0e0e139914500796e6129717fdcdb5cca2ff3b7fc614733ba44783db5ad11e,<PACKAGE_ROOT>\Documents\Codex\TMC1_R2_Scratch_20260929\03_compute\formal_forward_v2_resume124\ligands\LIB_LBORYVQDGDVAMG.pdbqt,5cf9989924c6274abb11acba20d39f7447c79f4fb18497fbcac86cc26349b431,0.726
LIB_PULGHSXSJBTNHW,ChEMBL,CHEMBL1077841,CHEMBL1077841,https://www.ebi.ac.uk/chembl/compound_report_card/CHEMBL1077841/,N#CCNC(=O)c1ccc(-c2ccnc(Nc3ccc(N4CCSCC4)cc3)n2)cc1,N#CCNC(=O)c1ccc(-c2ccnc(Nc3ccc(N4CCSCC4)cc3)n2)cc1,N#CCNC(=O)c1ccc(-c2ccnc(Nc3ccc(N4CCSCC4)cc3)n2)cc1,PULGHSXSJBTNHW-UHFFFAOYSA-N,PULGHSXSJBTNHW,eligible,430.537,3.694,93.94,2,7,6,31,4,0.5761,0,1,1,False,predicted,eligible,False,[],1,N#CCNC(=O)c1ccc(-c2ccnc(Nc3ccc(N4CCSCC4)cc3)n2)cc1,PULGHSXSJBTNHW-UHFFFAOYSA-N,False,[],[],False,False,c1ccc(-c2ccnc(Nc3ccc(N4CCSCC4)cc3)n2)cc1,-7.413051605224609,-8.238943099975586,0.44783204793930054,0.819672131147541,False,AI_initial,2026-09-28T20:44:33.495704+00:00,N#CCNC(=O)c1ccc(-c2ccnc(Nc3ccc(N4CCSCC4)cc3)n2)cc1,PULGHSXSJBTNHW-UHFFFAOYSA-N,PULGHSXSJBTNHW-UHFFFAOYSA-N,[],[],exchangeable_tertiary_ring_NH_and_full_potential_stereo_v3_20260929,8,8,23.589485243906044,4,N#CCNC(=O)c1ccc(-c2ccnc(Nc3ccc(N4CCSCC4)cc3)n2)cc1,True,True,N#CCNC(=O)c1ccc(-c2ccnc(Nc3ccc(N4CCSCC4)cc3)n2)cc1,True,True,prepared,<PACKAGE_ROOT>\Documents\Codex\TMC1_R2_Scratch_20260929\03_compute\formal_forward_v2_resume124\ligands\LIB_PULGHSXSJBTNHW.sdf,86d943366356a3f95bcc01ef355ffba13b4ae5b3f809cbd8e673afa903ac5fcb,<PACKAGE_ROOT>\Documents\Codex\TMC1_R2_Scratch_20260929\03_compute\formal_forward_v2_resume124\ligands\LIB_PULGHSXSJBTNHW.pdbqt,dc6ac9a34cec622618f36565baabc82d0b082108292f81227c4ece4f90701527,0.581
LIB_RQGLQNLOJSOQJU,ChEMBL,CHEMBL1080439,CHEMBL1080439,https://www.ebi.ac.uk/chembl/compound_report_card/CHEMBL1080439/,O=C(Nc1ccc(Cl)c(-c2ccnc3c(-c4cn[nH]c4)cnn23)c1)c1cccc(C(F)(F)F)c1,O=C(Nc1ccc(Cl)c(-c2ccnc3c(-c4cn[nH]c4)cnn23)c1)c1cccc(C(F)(F)F)c1,O=C(Nc1ccc(Cl)c(-c2ccnc3c(-c4cn[nH]c4)cnn23)c1)c1cccc(C(F)(F)F)c1,RQGLQNLOJSOQJU-UHFFFAOYSA-N,RQGLQNLOJSOQJU,eligible,482.853,5.711,87.97,2,4,4,34,5,0.3432,0,1,1,False,predicted,eligible,False,[],1,O=C(Nc1ccc(Cl)c(-c2ccnc3c(-c4cn[n-]c4)cnn23)c1)c1cccc(C(F)(F)F)c1,MNTGHZRINUNOAF-UHFFFAOYSA-M,False,[],[],False,False,O=C(Nc1cccc(-c2ccnc3c(-c4cn[n-]c4)cnn23)c1)c1ccccc1,-8.147619247436523,-8.238554954528809,0.5201680660247803,0.313953488372093,False,AI_initial,2026-09-28T20:44:34.078254+00:00,O=C(Nc1ccc(Cl)c(-c2ccnc3c(-c4cn[nH]c4)cnn23)c1)c1cccc(C(F)(F)F)c1,RQGLQNLOJSOQJU-UHFFFAOYSA-N,MNTGHZRINUNOAF-UHFFFAOYSA-M,[],[],exchangeable_tertiary_ring_NH_and_full_potential_stereo_v3_20260929,8,8,107.70563627038038,4,O=C(Nc1ccc(Cl)c(-c2ccnc3c(-c4cn[n-]c4)cnn23)c1)c1cccc(C(F)(F)F)c1,True,True,O=C(Nc1ccc(Cl)c(-c2ccnc3c(-c4cn[n-]c4)cnn23)c1)c1cccc(C(F)(F)F)c1,True,True,prepared,<PACKAGE_ROOT>\Documents\Codex\TMC1_R2_Scratch_20260929\03_compute\formal_forward_v2_resume124\ligands\LIB_RQGLQNLOJSOQJU.sdf,2adf00c3bf52164fef0dec26049dfb4f5fe969392d101aa8f2ae816d83c096b0,<PACKAGE_ROOT>\Documents\Codex\TMC1_R2_Scratch_20260929\03_compute\formal_forward_v2_resume124\ligands\LIB_RQGLQNLOJSOQJU.pdbqt,c4f0f78c61f253398babe164d65f1542e7afa813e836ca74bd0806688d4ac48c,0.426
LIB_DEXHSEHQQJCLML,ChEMBL,CHEMBL1079757,CHEMBL1079757,https://www.ebi.ac.uk/chembl/compound_report_card/CHEMBL1079757/,CC(=O)NC[C@H]1CN(c2ccc(N3CCN(C(=O)C(=O)/C=C/c4ccc(C(F)(F)F)cc4)CC3)c(F)c2)C(=O)O1,CC(=O)NC[C@H]1CN(c2ccc(N3CCN(C(=O)C(=O)/C=C/c4ccc(C(F)(F)F)cc4)CC3)c(F)c2)C(=O)O1,CC(=O)NCC1CN(c2ccc(N3CCN(C(=O)C(=O)C=Cc4ccc(C(F)(F)F)cc4)CC3)c(F)c2)C(=O)O1,DEXHSEHQQJCLML-ZSIUJALASA-N,DEXHSEHQQJCLML,eligible,562.52,3.237,99.26,1,6,7,40,4,0.3162,0,1,1,False,predicted,eligible,False,[],1,CC(=O)NC[C@H]1CN(c2ccc(N3CC[NH+](C(=O)C(=O)/C=C/c4ccc(C(F)(F)F)cc4)CC3)c(F)c2)C(=O)O1,DEXHSEHQQJCLML-ZSIUJALASA-O,False,[],[15],False,False,O=C(C=Cc1ccccc1)C(=O)[NH+]1CCN(c2ccc(N3CCOC3=O)cc2)CC1,-7.916282653808594,-8.237573623657227,0.6836932301521301,0.6,False,AI_initial,2026-09-28T20:44:34.505459+00:00,CC(=O)NC[C@H]1CN(c2ccc(N3CCN(C(=O)C(=O)/C=C/c4ccc(C(F)(F)F)cc4)CC3)c(F)c2)C(=O)O1,DEXHSEHQQJCLML-ZSIUJALASA-N,DEXHSEHQQJCLML-ZSIUJALASA-O,[],[15],exchangeable_tertiary_ring_NH_and_full_potential_stereo_v3_20260929,10,10,122.42320176987701,1,CC(=O)NC[C@H]1CN(c2ccc(N3CC[NH+](C(=O)C(=O)/C=C/c4ccc(C(F)(F)F)cc4)CC3)c(F)c2)C(=O)O1,True,True,CC(=O)NC[C@H]1CN(c2ccc(N3CC[NH+](C(=O)C(=O)/C=C/c4ccc(C(F)(F)F)cc4)CC3)c(F)c2)C(=O)O1,True,True,prepared,<PACKAGE_ROOT>\Documents\Codex\TMC1_R2_Scratch_20260929\03_compute\formal_forward_v2_resume124\ligands\LIB_DEXHSEHQQJCLML.sdf,f1f5e38b7e2dafca24e50c40b8b0b493f6b8c403b576703a34897a4b13ff1f30,<PACKAGE_ROOT>\Documents\Codex\TMC1_R2_Scratch_20260929\03_compute\formal_forward_v2_resume124\ligands\LIB_DEXHSEHQQJCLML.pdbqt,06655bd2419dbb0a11e34aabb71c4849169d8630b5037a8e007740014c6086f7,1.676
LIB_NPPRRBNKXJEVHF,ChEMBL,CHEMBL106832,CHEMBL106832,https://www.ebi.ac.uk/chembl/compound_report_card/CHEMBL106832/,CC(=O)NC[C@H]1CN(c2ccc(N3CCN(C(=O)/C=C/c4ccc(-c5ccccc5)cc4)CC3)c(F)c2)C(=O)O1,CC(=O)NC[C@H]1CN(c2ccc(N3CCN(C(=O)/C=C/c4ccc(-c5ccccc5)cc4)CC3)c(F)c2)C(=O)O1,CC(=O)NCC1CN(c2ccc(N3CCN(C(=O)C=Cc4ccc(-c5ccccc5)cc4)CC3)c(F)c2)C(=O)O1,NPPRRBNKXJEVHF-SPNSGGJLSA-N,NPPRRBNKXJEVHF,eligible,542.611,4.316,82.19,1,5,7,40,5,0.4501,0,1,1,False,predicted,eligible,False,[],1,CC(=O)NC[C@H]1CN(c2ccc(N3CC[NH+](C(=O)/C=C/c4ccc(-c5ccccc5)cc4)CC3)c(F)c2)C(=O)O1,NPPRRBNKXJEVHF-SPNSGGJLSA-O,False,[],[15],False,False,O=C1OCCN1c1ccc(N2CC[NH+](C(=O)C=Cc3ccc(-c4ccccc4)cc3)CC2)cc1,-7.990141868591309,-8.23157787322998,0.6910675168037415,0.6164383561643836,False,AI_initial,2026-09-28T20:44:36.182228+00:00,CC(=O)NC[C@H]1CN(c2ccc(N3CCN(C(=O)/C=C/c4ccc(-c5ccccc5)cc4)CC3)c(F)c2)C(=O)O1,NPPRRBNKXJEVHF-SPNSGGJLSA-N,NPPRRBNKXJEVHF-SPNSGGJLSA-O,[],[15],exchangeable_tertiary_ring_NH_and_full_potential_stereo_v3_20260929,10,10,56.96089211234555,3,CC(=O)NC[C@H]1CN(c2ccc(N3CC[NH+](C(=O)/C=C/c4ccc(-c5ccccc5)cc4)CC3)c(F)c2)C(=O)O1,True,True,CC(=O)NC[C@H]1CN(c2ccc(N3CC[NH+](C(=O)/C=C/c4ccc(-c5ccccc5)cc4)CC3)c(F)c2)C(=O)O1,True,True,prepared,<PACKAGE_ROOT>\Documents\Codex\TMC1_R2_Scratch_20260929\03_compute\formal_forward_v2_resume124\ligands\LIB_NPPRRBNKXJEVHF.sdf,3d938c5d58c9c5b6d9b631378e7bd911030c899c35ee9735bac959dcf28e1edd,<PACKAGE_ROOT>\Documents\Codex\TMC1_R2_Scratch_20260929\03_compute\formal_forward_v2_resume124\ligands\LIB_NPPRRBNKXJEVHF.pdbqt,d4e59cd9ec53806afdd3759d1ce376165243fa857681c75599ebfeb662a00eb0,1.912
LIB_TZQNHHGKGQGOOH,ChEMBL,CHEMBL1082126,CHEMBL1082126,https://www.ebi.ac.uk/chembl/compound_report_card/CHEMBL1082126/,N#Cc1cccc(C(=O)Nc2cc(N3CCC(N4CCCC4)CC3)cc(C(F)(F)F)c2)c1,N#Cc1cccc(C(=O)Nc2cc(N3CCC(N4CCCC4)CC3)cc(C(F)(F)F)c2)c1,N#Cc1cccc(C(=O)Nc2cc(N3CCC(N4CCCC4)CC3)cc(C(F)(F)F)c2)c1,TZQNHHGKGQGOOH-UHFFFAOYSA-N,TZQNHHGKGQGOOH,eligible,442.485,4.894,59.37,1,4,4,32,4,0.7323,0,1,1,False,predicted,eligible,False,[],1,N#Cc1cccc(C(=O)Nc2cc(N3CCC([NH+]4CCCC4)CC3)cc(C(F)(F)F)c2)c1,TZQNHHGKGQGOOH-UHFFFAOYSA-O,False,[],[17],False,False,O=C(Nc1cccc(N2CCC([NH+]3CCCC3)CC2)c1)c1ccccc1,-7.601527214050293,-8.225591659545898,0.5893256664276123,0.29411764705882354,True,AI_initial,2026-09-28T20:44:38.096008+00:00,N#Cc1cccc(C(=O)Nc2cc(N3CCC(N4CCCC4)CC3)cc(C(F)(F)F)c2)c1,TZQNHHGKGQGOOH-UHFFFAOYSA-N,TZQNHHGKGQGOOH-UHFFFAOYSA-O,[],[17],exchangeable_tertiary_ring_NH_and_full_potential_stereo_v3_20260929,10,10,58.394169293050055,2,N#Cc1cccc(C(=O)Nc2cc(N3CCC([NH+]4CCCC4)CC3)cc(C(F)(F)F)c2)c1,True,True,N#Cc1cccc(C(=O)Nc2cc(N3CCC([NH+]4CCCC4)CC3)cc(C(F)(F)F)c2)c1,True,True,prepared,<PACKAGE_ROOT>\Documents\Codex\TMC1_R2_Scratch_20260929\03_compute\formal_forward_v2_resume124\ligands\LIB_TZQNHHGKGQGOOH.sdf,c049298bbf2fb91f46cee08b03b8d65e7caebba1fb3e821d25e2766b6e77c36c,<PACKAGE_ROOT>\Documents\Codex\TMC1_R2_Scratch_20260929\03_compute\formal_forward_v2_resume124\ligands\LIB_TZQNHHGKGQGOOH.pdbqt,ee71b9df1241cbde2ed64ed5390f750c847757c6169bef22e52bc24007bb66b1,0.798
LIB_RFPTXMLFYMYJSO,ChEMBL,CHEMBL1078166,CHEMBL1078166,https://www.ebi.ac.uk/chembl/compound_report_card/CHEMBL1078166/,N#CCC(=O)Nc1ccc(-c2ccnc(Nc3ccc(N4CCOCC4)cc3)n2)cc1,N#CCC(=O)Nc1ccc(-c2ccnc(Nc3ccc(N4CCOCC4)cc3)n2)cc1,N#CCC(=O)Nc1ccc(-c2ccnc(Nc3ccc(N4CCOCC4)cc3)n2)cc1,RFPTXMLFYMYJSO-UHFFFAOYSA-N,RFPTXMLFYMYJSO,eligible,414.469,3.576,103.17,2,7,6,31,4,0.6354,0,1,1,False,predicted,eligible,False,[],1,N#CCC(=O)Nc1ccc(-c2ccnc(Nc3ccc(N4CCOCC4)cc3)n2)cc1,RFPTXMLFYMYJSO-UHFFFAOYSA-N,False,[],[],False,False,c1ccc(-c2ccnc(Nc3ccc(N4CCOCC4)cc3)n2)cc1,-7.421111106872559,-8.223367691040039,0.3657621145248413,0.7540983606557377,False,AI_initial,2026-09-28T20:44:38.894495+00:00,N#CCC(=O)Nc1ccc(-c2ccnc(Nc3ccc(N4CCOCC4)cc3)n2)cc1,RFPTXMLFYMYJSO-UHFFFAOYSA-N,RFPTXMLFYMYJSO-UHFFFAOYSA-N,[],[],exchangeable_tertiary_ring_NH_and_full_potential_stereo_v3_20260929,6,6,25.884325835507397,5,N#CCC(=O)Nc1ccc(-c2ccnc(Nc3ccc(N4CCOCC4)cc3)n2)cc1,True,True,N#CCC(=O)Nc1ccc(-c2ccnc(Nc3ccc(N4CCOCC4)cc3)n2)cc1,True,True,prepared,<PACKAGE_ROOT>\Documents\Codex\TMC1_R2_Scratch_20260929\03_compute\formal_forward_v2_resume124\ligands\LIB_RFPTXMLFYMYJSO.sdf,1fffb1d2a46b19db730fb440526991dcaee659c9bc9615a77493e9a7d28fbb80,<PACKAGE_ROOT>\Documents\Codex\TMC1_R2_Scratch_20260929\03_compute\formal_forward_v2_resume124\ligands\LIB_RFPTXMLFYMYJSO.pdbqt,15b244ac66c2fb7147902c3e19e3a136151a748307e4d632522ba24e3eff05bd,0.558
