compound_id,parent_id,nearest_first_round_candidate_id,source_smiles,standardized_isomeric_smiles,inchikey,method,model_version,training_library_hash,novelty_to_training_set,novelty_to_input_library,scaffold,nearest_first_round_ecfp4_tanimoto,mw,clogp,tpsa_A2,hbd,hba,rotatable_bonds,sa_score,qed,pains_alerts,brenk_alerts,sample_index,sampled_selfies,selection_rank,source_stage,previously_attempted,selection_eligibility,rule_smiles,rule_inchikey,historical935_proxy_pred_kcal_mol,historical935_tree_sd_kcal_mol,max_historical935_tanimoto,selection_exclusion_reason
GEN_JTYXEVUCYDQTOM,,LIB_CHEMBL1200412,CO[C@H1](CC1=CC=CC=C1)C(=O)NC2CCCC2,CO[C@H](Cc1ccccc1)C(=O)NC1CCCC1,JTYXEVUCYDQTOM-CQSZACIVSA-N,locally_trained_SELFIES_GRU_sampling,selfies_gru_base_v1,439f74756bc786709f318a4379037c4df186bc4d40957bdbe245910ba48e8229,exact_InChIKey_not_found,exact_InChIKey_not_found,O=C(CCc1ccccc1)NC1CCCC1,0.2432,247.338,2.303,38.33,1,2,5,2.323,0.8667,,,18384,[C][O][C@H1][Branch1][#Branch2][C][C][=C][C][=C][C][=C][Ring1][=Branch1][C][=Branch1][C][=O][N][C][C][C][C][C][Ring1][Branch1],2,fixed150_unattempted,False,eligible,CO[C@H](Cc1ccccc1)C(=O)NC1CCCC1,JTYXEVUCYDQTOM-CQSZACIVSA-N,-6.243083,0.411339,0.396226,
GEN_MMCCQKPUPNCRDA,,LIB_CHEMBL1200412,CCOC(=O)CCNC(=O)CCCC1=CC=CC=C1,CCOC(=O)CCNC(=O)CCCc1ccccc1,MMCCQKPUPNCRDA-UHFFFAOYSA-N,locally_trained_SELFIES_GRU_sampling,selfies_gru_base_v1,439f74756bc786709f318a4379037c4df186bc4d40957bdbe245910ba48e8229,exact_InChIKey_not_found,exact_InChIKey_not_found,c1ccccc1,0.2432,263.337,2.079,55.4,1,3,8,1.625,0.7305,,,10767,[C][C][O][C][=Branch1][C][=O][C][C][N][C][=Branch1][C][=O][C][C][C][C][=C][C][=C][C][=C][Ring1][=Branch1],3,fixed150_unattempted,False,eligible,CCOC(=O)CCNC(=O)CCCc1ccccc1,MMCCQKPUPNCRDA-UHFFFAOYSA-N,-6.41702,0.553715,0.439024,
GEN_VDVJGIYXDVPQLP,,LIB_CHEMBL2103870,O=C(O)C1=CC=C2C(=C1)OCO2,O=C(O)c1ccc2c(c1)OCO2,VDVJGIYXDVPQLP-UHFFFAOYSA-N,locally_trained_SELFIES_GRU_sampling,selfies_gru_base_v1,439f74756bc786709f318a4379037c4df186bc4d40957bdbe245910ba48e8229,exact_InChIKey_not_found,exact_InChIKey_not_found,c1ccc2c(c1)OCO2,0.2424,166.132,1.113,55.76,1,3,1,1.694,0.6785,,,1144,[O][=C][Branch1][C][O][C][=C][C][=C][C][=Branch1][Ring2][=C][Ring1][=Branch1][O][C][O][Ring1][=Branch1][C][N][C][C][C][O][C][=C][C][=C][C][=C][Ring1][=Branch1],4,fixed150_unattempted,False,eligible,O=C([O-])c1ccc2c(c1)OCO2,VDVJGIYXDVPQLP-UHFFFAOYSA-M,-6.014772,0.599142,0.354167,
GEN_MZINFKXFDUJXKN,,LIB_CHEMBL461101,O=C(O)C1=NC=C(C(=O)O)C=C1C2=CC=CC=C2,O=C(O)c1cnc(C(=O)O)c(-c2ccccc2)c1,MZINFKXFDUJXKN-UHFFFAOYSA-N,locally_trained_SELFIES_GRU_sampling,selfies_gru_base_v1,439f74756bc786709f318a4379037c4df186bc4d40957bdbe245910ba48e8229,exact_InChIKey_not_found,exact_InChIKey_not_found,c1ccc(-c2cccnc2)cc1,0.2319,243.218,2.145,87.49,2,3,3,1.891,0.8618,,,18060,[O][=C][Branch1][C][O][C][=N][C][=C][Branch1][=Branch1][C][=Branch1][C][=O][O][C][=C][Ring1][=Branch2][C][=C][C][=C][C][=C][Ring1][=Branch1],6,fixed150_unattempted,False,eligible,O=C([O-])c1cnc(C(=O)[O-])c(-c2ccccc2)c1,MZINFKXFDUJXKN-UHFFFAOYSA-L,-6.990167,0.776361,0.363636,
GEN_SPRDLCSVCBQUDH,,LIB_CHEMBL1200412,CCC(=O)C1=CC2=CC=CC=C2N1C(=O)CCC3=CC=CC=C3,CCC(=O)c1cc2ccccc2n1C(=O)CCc1ccccc1,SPRDLCSVCBQUDH-UHFFFAOYSA-N,locally_trained_SELFIES_GRU_sampling,selfies_gru_base_v1,439f74756bc786709f318a4379037c4df186bc4d40957bdbe245910ba48e8229,exact_InChIKey_not_found,exact_InChIKey_not_found,O=C(CCc1ccccc1)n1ccc2ccccc21,0.2208,305.377,4.507,39.07,0,2,5,2.159,0.6507,,,13560,[C][C][C][=Branch1][C][=O][C][=C][C][=C][C][=C][C][=C][Ring1][=Branch1][N][Ring1][=Branch2][C][=Branch1][C][=O][C][C][C][=C][C][=C][C][=C][Ring1][=Branch1],8,fixed150_unattempted,False,eligible,CCC(=O)c1cc2ccccc2n1C(=O)CCc1ccccc1,SPRDLCSVCBQUDH-UHFFFAOYSA-N,-6.754554,0.695375,0.326087,
GEN_MTPGTXDGLCYVKP,,LIB_CHEMBL1200412,CC(C)OC1=CC=CC(=C1)CNC(=O)CC2CCNCC2,CC(C)Oc1cccc(CNC(=O)CC2CCNCC2)c1,MTPGTXDGLCYVKP-UHFFFAOYSA-N,locally_trained_SELFIES_GRU_sampling,selfies_gru_base_v1,439f74756bc786709f318a4379037c4df186bc4d40957bdbe245910ba48e8229,exact_InChIKey_not_found,exact_InChIKey_not_found,O=C(CC1CCNCC1)NCc1ccccc1,0.2195,290.407,2.48,50.36,2,3,6,2.087,0.846,,,935,[C][C][Branch1][C][C][O][C][=C][C][=C][C][=Branch1][Ring2][=C][Ring1][=Branch1][C][N][C][=Branch1][C][=O][C][C][C][C][N][C][C][Ring1][=Branch1],10,fixed150_unattempted,False,eligible,CC(C)Oc1cccc(CNC(=O)CC2CC[NH2+]CC2)c1,MTPGTXDGLCYVKP-UHFFFAOYSA-O,-6.538184,0.70412,0.289855,
GEN_ATYFVIDTIDBZAX,,LIB_CHEMBL461101,CCC(=O)C1=CC=CC2=C1C3=CC=CC(=C3)C2=O,CCC(=O)c1cccc2c1-c1cccc(c1)C2=O,ATYFVIDTIDBZAX-UHFFFAOYSA-N,locally_trained_SELFIES_GRU_sampling,selfies_gru_base_v1,439f74756bc786709f318a4379037c4df186bc4d40957bdbe245910ba48e8229,exact_InChIKey_not_found,exact_InChIKey_not_found,O=C1c2cccc(c2)-c2ccccc21,0.2192,236.27,3.491,34.14,0,2,2,2.83,0.6381,,,19782,[C][C][C][=Branch1][C][=O][C][=C][C][=C][C][=C][Ring1][=Branch1][C][=C][C][=C][C][=Branch1][Ring2][=C][Ring1][=Branch1][C][Ring1][=Branch2][=O][C][=C][C][=C][C][Branch1][N][C][=C][C][=C][C][Branch1][C][Cl][=C][Ring1][#Branch1][N][=C][Ring1][N],11,fixed150_unattempted,False,eligible,CCC(=O)c1cccc2c1-c1cccc(c1)C2=O,ATYFVIDTIDBZAX-UHFFFAOYSA-N,-6.545382,0.709485,0.3,
GEN_HZARFVOAMOYAON,,LIB_CHEMBL1983268,CNC1=NC=C(C2=CC=CC=C2)C=C1C(=O)N3CCOCC3,CNc1ncc(-c2ccccc2)cc1C(=O)N1CCOCC1,HZARFVOAMOYAON-UHFFFAOYSA-N,locally_trained_SELFIES_GRU_sampling,selfies_gru_base_v1,439f74756bc786709f318a4379037c4df186bc4d40957bdbe245910ba48e8229,exact_InChIKey_not_found,exact_InChIKey_not_found,O=C(c1cncc(-c2ccccc2)c1)N1CCOCC1,0.2174,297.358,2.263,54.46,1,4,3,2.047,0.944,,,8893,[C][N][C][=N][C][=C][Branch1][=Branch2][C][=C][C][=C][C][=C][Ring1][=Branch1][C][=C][Ring1][N][C][=Branch1][C][=O][N][C][C][O][C][C][Ring1][=Branch1],13,fixed150_unattempted,False,eligible,CNc1ncc(-c2ccccc2)cc1C(=O)[NH+]1CCOCC1,HZARFVOAMOYAON-UHFFFAOYSA-O,-6.667019,0.527415,0.354839,
GEN_NIFZMRMZWQFARQ,,LIB_CHEMBL1200412,O=C(O)CCC1=CC=C(C#N)C(OC)=C1,COc1cc(CCC(=O)O)ccc1C#N,NIFZMRMZWQFARQ-UHFFFAOYSA-N,locally_trained_SELFIES_GRU_sampling,selfies_gru_base_v1,439f74756bc786709f318a4379037c4df186bc4d40957bdbe245910ba48e8229,exact_InChIKey_not_found,exact_InChIKey_not_found,c1ccccc1,0.2162,205.213,1.584,70.32,1,3,4,1.896,0.8097,,,16209,[O][=C][Branch1][C][O][C][Branch1][P][C][C][=C][C][=C][Branch1][Ring1][C][#N][C][Branch1][Ring1][O][C][=C][Ring1][#Branch2],,eligible233_outside_fixed150,False,eligible,COc1cc(CCC(=O)[O-])ccc1C#N,NIFZMRMZWQFARQ-UHFFFAOYSA-M,-5.894781,0.481705,0.382979,
GEN_QZCHYAIZFQMQJI,,LIB_CHEMBL254316,CN(C)CC/CC(=O)NCC1=CC=C(O)C=C1,CN(C)CCCC(=O)NCc1ccc(O)cc1,QZCHYAIZFQMQJI-UHFFFAOYSA-N,locally_trained_SELFIES_GRU_sampling,selfies_gru_base_v1,439f74756bc786709f318a4379037c4df186bc4d40957bdbe245910ba48e8229,exact_InChIKey_not_found,exact_InChIKey_not_found,c1ccccc1,0.2162,236.315,1.35,52.57,2,3,6,1.747,0.7836,,,5694,[C][N][Branch1][C][C][C][C][/C][C][=Branch1][C][=O][N][C][C][=C][C][=C][Branch1][C][O][C][=C][Ring1][#Branch1],,eligible233_outside_fixed150,False,eligible,C[NH+](C)CCCC(=O)NCc1ccc([O-])cc1,QZCHYAIZFQMQJI-UHFFFAOYSA-N,-6.154654,0.586415,0.392857,
GEN_HCJMNOSIAGSZBM,,LIB_CHEMBL461101,CC1=CC=CC(O)=C1C(=O)O,Cc1cccc(O)c1C(=O)O,HCJMNOSIAGSZBM-UHFFFAOYSA-N,locally_trained_SELFIES_GRU_sampling,selfies_gru_base_v1,439f74756bc786709f318a4379037c4df186bc4d40957bdbe245910ba48e8229,exact_InChIKey_not_found,exact_InChIKey_not_found,c1ccccc1,0.2154,152.149,1.399,57.53,2,2,1,1.83,0.639,,,19407,[C][C][=C][C][=C][C][Branch1][C][O][=C][Ring1][#Branch1][C][=Branch1][C][=O][O],,eligible233_outside_fixed150,False,eligible,Cc1cccc([O-])c1C(=O)[O-],HCJMNOSIAGSZBM-UHFFFAOYSA-L,-5.95095,0.364614,0.394737,
GEN_QSRGNDAUMGYQED,,LIB_CHEMBL1200412,CCOC(=O)C1=CC=CC=C1C(=O)NCCC2=CC=CC=C2,CCOC(=O)c1ccccc1C(=O)NCCc1ccccc1,QSRGNDAUMGYQED-UHFFFAOYSA-N,locally_trained_SELFIES_GRU_sampling,selfies_gru_base_v1,439f74756bc786709f318a4379037c4df186bc4d40957bdbe245910ba48e8229,exact_InChIKey_not_found,exact_InChIKey_not_found,O=C(NCCc1ccccc1)c1ccccc1,0.2133,297.354,2.836,55.4,1,3,6,1.566,0.8342,,,19489,[C][C][O][C][=Branch1][C][=O][C][=C][C][=C][C][=C][Ring1][=Branch1][C][=Branch1][C][=O][N][C][C][C][=C][C][=C][C][=C][Ring1][=Branch1],14,fixed150_unattempted,False,eligible,CCOC(=O)c1ccccc1C(=O)NCCc1ccccc1,QSRGNDAUMGYQED-UHFFFAOYSA-N,-6.428872,0.510465,0.348837,
GEN_DCNNLBITWJAYIP,,LIB_CHEMBL1200412,CN(CC(=O)OCC1=CC=CC=C1)C(C)=O,CC(=O)N(C)CC(=O)OCc1ccccc1,DCNNLBITWJAYIP-UHFFFAOYSA-N,locally_trained_SELFIES_GRU_sampling,selfies_gru_base_v1,439f74756bc786709f318a4379037c4df186bc4d40957bdbe245910ba48e8229,exact_InChIKey_not_found,exact_InChIKey_not_found,c1ccccc1,0.2113,221.256,1.208,46.61,0,3,4,1.756,0.7178,,,158,[C][N][Branch1][#C][C][C][=Branch1][C][=O][O][C][C][=C][C][=C][C][=C][Ring1][=Branch1][C][Branch1][C][C][=O][C][=C][C][=C][C][Branch1][#Branch1][N][C][=Branch1][C][=O][C][=C][C][=C][C][=C][Ring1][=Branch1][C][=C][Ring1][P],,eligible233_outside_fixed150,False,blocked,,,,,,rule stable stereocenter unspecified
GEN_VHDPLYDOMNNXTA,,LIB_CHEMBL1200412,O=C(NCC1=CC=CC=C1)CCC2=CC=C(O)C(Cl)=C2,O=C(CCc1ccc(O)c(Cl)c1)NCc1ccccc1,VHDPLYDOMNNXTA-UHFFFAOYSA-N,locally_trained_SELFIES_GRU_sampling,selfies_gru_base_v1,439f74756bc786709f318a4379037c4df186bc4d40957bdbe245910ba48e8229,exact_InChIKey_not_found,exact_InChIKey_not_found,O=C(CCc1ccccc1)NCc1ccccc1,0.2105,289.762,3.295,49.33,2,2,5,1.666,0.8872,,,947,[O][=C][Branch1][O][N][C][C][=C][C][=C][C][=C][Ring1][=Branch1][C][C][C][=C][C][=C][Branch1][C][O][C][Branch1][C][Cl][=C][Ring1][Branch2],15,fixed150_unattempted,False,eligible,O=C(CCc1ccc([O-])c(Cl)c1)NCc1ccccc1,VHDPLYDOMNNXTA-UHFFFAOYSA-M,-6.70194,0.562265,0.431373,
GEN_KMXAVEFAKJKOLJ,,LIB_CHEMBL254316,CCC[NH1]C(=O)OC1=CC(F)=CC=C1O,CCCNC(=O)Oc1cc(F)ccc1O,KMXAVEFAKJKOLJ-UHFFFAOYSA-N,locally_trained_SELFIES_GRU_sampling,selfies_gru_base_v1,439f74756bc786709f318a4379037c4df186bc4d40957bdbe245910ba48e8229,exact_InChIKey_not_found,exact_InChIKey_not_found,c1ccccc1,0.2105,213.208,2.03,58.56,2,3,3,1.996,0.8072,,,886,[C][C][C][NH1][C][=Branch1][C][=O][O][C][=C][C][Branch1][C][F][=C][C][=C][Ring1][#Branch1][O],,eligible233_outside_fixed150,False,eligible,CCCNC(=O)Oc1cc(F)ccc1[O-],KMXAVEFAKJKOLJ-UHFFFAOYSA-M,-5.922952,0.78127,0.340426,
GEN_DZAWWYSIECDRMJ,,LIB_CHEMBL2103870,C1OC=C2C=C(/C=C/C(=O)NC3=CC=C(C(=O)O)C=C3CC2)N1,O=C1/C=C/C2=CC(=COCN2)CCc2cc(C(=O)O)ccc2N1,DZAWWYSIECDRMJ-GQCTYLIASA-N,locally_trained_SELFIES_GRU_sampling,selfies_gru_base_v1,439f74756bc786709f318a4379037c4df186bc4d40957bdbe245910ba48e8229,exact_InChIKey_not_found,exact_InChIKey_not_found,O=C1C=CC2=CC(=COCN2)CCc2ccccc2N1,0.2069,312.325,2.171,87.66,3,4,1,4.727,0.7395,,,4329,[C][O][C][=C][C][=C][Branch2][Ring1][O][/C][=C][/C][=Branch1][C][=O][N][C][=C][C][=C][Branch1][=Branch1][C][=Branch1][C][=O][O][C][=C][Ring1][=Branch2][C][C][Ring2][Ring1][Ring1][=N][Ring2][Ring1][=Branch2],18,fixed150_unattempted,False,eligible,O=C1/C=C/C2=CC(=COC[NH2+]2)CCc2cc(C(=O)[O-])ccc2N1,DZAWWYSIECDRMJ-GQCTYLIASA-N,-7.003196,0.777381,0.268657,
GEN_NAOSHZTVHQYXHW,,LIB_CHEMBL461101,CS(=O)(=O)NC1=CC=CC=C1C2=CC=CC=C2,CS(=O)(=O)Nc1ccccc1-c1ccccc1,NAOSHZTVHQYXHW-UHFFFAOYSA-N,locally_trained_SELFIES_GRU_sampling,selfies_gru_base_v1,439f74756bc786709f318a4379037c4df186bc4d40957bdbe245910ba48e8229,exact_InChIKey_not_found,exact_InChIKey_not_found,c1ccc(-c2ccccc2)cc1,0.2059,247.319,2.725,46.17,1,2,3,1.542,0.9061,,,19963,[C][S][=Branch1][C][=O][=Branch1][C][=O][N][C][=C][C][=C][C][=C][Ring1][=Branch1][C][=C][C][=C][C][=C][Ring1][=Branch1],19,fixed150_unattempted,False,eligible,CS(=O)(=O)Nc1ccccc1-c1ccccc1,NAOSHZTVHQYXHW-UHFFFAOYSA-N,-6.716915,0.55671,0.377778,
GEN_KCCCFQZEHVOVSM,,LIB_CHEMBL1200412,O=C(O)CCN(CC)CCOC1=CC=CC=C1,CCN(CCOc1ccccc1)CCC(=O)O,KCCCFQZEHVOVSM-UHFFFAOYSA-N,locally_trained_SELFIES_GRU_sampling,selfies_gru_base_v1,439f74756bc786709f318a4379037c4df186bc4d40957bdbe245910ba48e8229,exact_InChIKey_not_found,exact_InChIKey_not_found,c1ccccc1,0.2055,237.299,1.862,49.77,1,3,8,1.77,0.7495,,,15966,[O][=C][Branch1][C][O][C][C][N][Branch1][Ring1][C][C][C][C][O][C][=C][C][=C][C][=Branch1][Ring2][=C][Ring1][=Branch1][Ring1][=Branch1][C][C@@H1][C][C][C][Ring1][Ring1],,eligible233_outside_fixed150,False,blocked,,,,,,rule stable stereocenter unspecified
GEN_DALBQTQCOCTPIP,,LIB_CHEMBL254316,O=C1C=C(C2=CC=C(F)C=C2)N=C1NCC3=CC=CC=C3,O=C1C=C(c2ccc(F)cc2)N=C1NCc1ccccc1,DALBQTQCOCTPIP-UHFFFAOYSA-N,locally_trained_SELFIES_GRU_sampling,selfies_gru_base_v1,439f74756bc786709f318a4379037c4df186bc4d40957bdbe245910ba48e8229,exact_InChIKey_not_found,exact_InChIKey_not_found,O=C1C=C(c2ccccc2)N=C1NCc1ccccc1,0.2051,280.302,2.938,41.46,1,3,3,2.308,0.9388,,,5757,[O][=C][C][=C][Branch1][N][C][=C][C][=C][Branch1][C][F][C][=C][Ring1][#Branch1][N][=C][Ring1][N][N][C][C][=C][C][=C][C][=C][Ring1][=Branch1],21,fixed150_unattempted,False,eligible,O=C1C=C(c2ccc(F)cc2)[NH+]=C1NCc1ccccc1,DALBQTQCOCTPIP-UHFFFAOYSA-O,-6.777491,0.558547,0.282609,
GEN_HKVJNWJNHKICKO,,LIB_CHEMBL1983268,CCN(CC)CCNC(=O)NC1CCN(C2=CC=CC=C2)CC1,CCN(CC)CCNC(=O)NC1CCN(c2ccccc2)CC1,HKVJNWJNHKICKO-UHFFFAOYSA-N,locally_trained_SELFIES_GRU_sampling,selfies_gru_base_v1,439f74756bc786709f318a4379037c4df186bc4d40957bdbe245910ba48e8229,exact_InChIKey_not_found,exact_InChIKey_not_found,c1ccc(N2CCCCC2)cc1,0.2043,318.465,2.296,47.61,2,3,7,1.996,0.8108,,,8336,[C][C][N][Branch1][Ring1][C][C][C][C][N][C][=Branch1][C][=O][N][C][C][C][N][Branch1][=Branch2][C][=C][C][=C][C][=C][Ring1][=Branch1][C][C][Ring1][N],23,fixed150_unattempted,False,eligible,CC[NH+](CC)CCNC(=O)NC1CCN(c2ccccc2)CC1,HKVJNWJNHKICKO-UHFFFAOYSA-O,-6.639188,0.61652,0.403846,
GEN_QZHJREJHEHULQM,,LIB_CHEMBL1200412,O=C(NCC1=CC=CC=C1)NC(=O)CC2=CC=CC=C2C,Cc1ccccc1CC(=O)NC(=O)NCc1ccccc1,QZHJREJHEHULQM-UHFFFAOYSA-N,locally_trained_SELFIES_GRU_sampling,selfies_gru_base_v1,439f74756bc786709f318a4379037c4df186bc4d40957bdbe245910ba48e8229,exact_InChIKey_not_found,exact_InChIKey_not_found,O=C(Cc1ccccc1)NC(=O)NCc1ccccc1,0.2027,282.343,2.564,58.2,2,2,4,1.651,0.9051,,,13410,[O][=C][Branch1][O][N][C][C][=C][C][=C][C][=C][Ring1][=Branch1][N][C][=Branch1][C][=O][C][C][=C][C][=C][C][=C][Ring1][=Branch1][C],25,fixed150_unattempted,False,eligible,Cc1ccccc1CC(=O)NC(=O)[NH2+]Cc1ccccc1,QZHJREJHEHULQM-UHFFFAOYSA-O,-6.513724,0.454274,0.425,
GEN_IZOQOYKXROVVOY,,LIB_CHEMBL254316,CC(C)(C1=CC=CC=C1)NC(=O)C2=NC=CC=C2,CC(C)(NC(=O)c1ccccn1)c1ccccc1,IZOQOYKXROVVOY-UHFFFAOYSA-N,locally_trained_SELFIES_GRU_sampling,selfies_gru_base_v1,439f74756bc786709f318a4379037c4df186bc4d40957bdbe245910ba48e8229,exact_InChIKey_not_found,exact_InChIKey_not_found,O=C(NCc1ccccc1)c1ccccn1,0.2027,240.306,2.747,41.99,1,2,3,1.897,0.8959,,,5302,[C][C][Branch1][C][C][Branch1][=Branch2][C][=C][C][=C][C][=C][Ring1][=Branch1][N][C][=Branch1][C][=O][C][=N][C][=C][C][=C][Ring1][Branch2][Ring1][=Branch1],26,fixed150_unattempted,False,eligible,CC(C)(NC(=O)c1ccccn1)c1ccccc1,IZOQOYKXROVVOY-UHFFFAOYSA-N,-6.626994,0.497741,0.304348,
GEN_PEOCCFXRLGYKBM,,LIB_CHEMBL461101,O=C(O)C1=CC=CC=C1C2=CC=C3C(=C2)OCO3,O=C(O)c1ccccc1-c1ccc2c(c1)OCO2,PEOCCFXRLGYKBM-UHFFFAOYSA-N,locally_trained_SELFIES_GRU_sampling,selfies_gru_base_v1,439f74756bc786709f318a4379037c4df186bc4d40957bdbe245910ba48e8229,exact_InChIKey_not_found,exact_InChIKey_not_found,c1ccc(-c2ccc3c(c2)OCO3)cc1,0.2027,242.23,2.781,55.76,1,3,2,1.744,0.8793,,,8044,[O][=C][Branch1][C][O][C][=C][C][=C][C][=C][Ring1][=Branch1][C][=C][C][=C][C][=Branch1][Ring2][=C][Ring1][=Branch1][O][C][O][Ring1][=Branch1],27,fixed150_unattempted,False,eligible,O=C([O-])c1ccccc1-c1ccc2c(c1)OCO2,PEOCCFXRLGYKBM-UHFFFAOYSA-M,-6.804588,0.751878,0.348837,
GEN_RPOZSCMBKQWFDU,,LIB_CHEMBL2103870,CCCCC(=O)NC1=CC=C(C2=CC=CC=C2)N=C1N,CCCCC(=O)Nc1ccc(-c2ccccc2)nc1N,RPOZSCMBKQWFDU-UHFFFAOYSA-N,locally_trained_SELFIES_GRU_sampling,selfies_gru_base_v1,439f74756bc786709f318a4379037c4df186bc4d40957bdbe245910ba48e8229,exact_InChIKey_not_found,exact_InChIKey_not_found,c1ccc(-c2ccccn2)cc1,0.2,269.348,3.46,68.01,2,3,5,1.845,0.873,,,14503,[C][C][C][C][C][=Branch1][C][=O][N][C][=C][C][=C][Branch1][=Branch2][C][=C][C][=C][C][=C][Ring1][=Branch1][N][=C][Ring1][N][N],29,fixed150_unattempted,False,eligible,CCCCC(=O)Nc1ccc(-c2ccccc2)nc1N,RPOZSCMBKQWFDU-UHFFFAOYSA-N,-6.690366,0.709811,0.354167,
GEN_XICJBSFSOHJEKP,,LIB_CHEMBL1200412,O=C(NCCC1=CC=CC=C1)NCCN(C2)CCCCC2,O=C(NCCc1ccccc1)NCCN1CCCCCC1,XICJBSFSOHJEKP-UHFFFAOYSA-N,locally_trained_SELFIES_GRU_sampling,selfies_gru_base_v1,439f74756bc786709f318a4379037c4df186bc4d40957bdbe245910ba48e8229,exact_InChIKey_not_found,exact_InChIKey_not_found,O=C(NCCc1ccccc1)NCCN1CCCCCC1,0.2,289.423,2.404,44.37,2,2,6,1.73,0.8444,,,2462,[O][=C][Branch1][O][N][C][C][C][=C][C][=C][C][=C][Ring1][=Branch1][N][C][C][N][Branch1][C][C][C][C][C][C][C][Ring1][=Branch1],30,fixed150_unattempted,False,eligible,O=C(NCCc1ccccc1)NCC[NH+]1CCCCCC1,XICJBSFSOHJEKP-UHFFFAOYSA-O,-6.371181,0.495476,0.391304,
GEN_GMELVXXUXAFBRT,,LIB_CHEMBL461101,N1C=CC2=CC(C(=O)O)=CC=C2C3=CC=CC=C31,O=C(O)c1ccc2c(c1)C=CNc1ccccc1-2,GMELVXXUXAFBRT-UHFFFAOYSA-N,locally_trained_SELFIES_GRU_sampling,selfies_gru_base_v1,439f74756bc786709f318a4379037c4df186bc4d40957bdbe245910ba48e8229,exact_InChIKey_not_found,exact_InChIKey_not_found,C1=Cc2ccccc2-c2ccccc2N1,0.2,237.258,3.448,49.33,2,2,1,2.39,0.7982,,,8808,[N][C][=C][C][=C][C][Branch1][=Branch1][C][=Branch1][C][=O][O][=C][C][=C][Ring1][=Branch2][C][=C][C][=C][C][=C][Ring1][=Branch1][Ring2][Ring1][Ring1],31,fixed150_unattempted,False,eligible,O=C([O-])c1ccc2c(c1)C=C[NH2+]c1ccccc1-2,GMELVXXUXAFBRT-UHFFFAOYSA-N,-6.988554,0.582071,0.303571,
GEN_KDBREFDKRAOXOT,,LIB_CHEMBL254316,CC(C)(C)CCNC(=O)C1=C2N=C3C=CC=CC3=C12,CC(C)(C)CCNC(=O)c1c2nc3ccccc3c1-2,KDBREFDKRAOXOT-UHFFFAOYSA-N,locally_trained_SELFIES_GRU_sampling,selfies_gru_base_v1,439f74756bc786709f318a4379037c4df186bc4d40957bdbe245910ba48e8229,exact_InChIKey_not_found,exact_InChIKey_not_found,c1ccc2c3cc-3nc2c1,0.2,254.333,3.381,41.99,1,2,3,2.283,0.7782,,,15777,[C][C][Branch1][C][C][Branch1][C][C][C][C][N][C][=Branch1][C][=O][C][=C][N][=C][C][=C][C][=C][C][Ring1][=Branch1][=C][Ring1][#Branch2][Ring1][=Branch2],33,fixed150_unattempted,False,eligible,CC(C)(C)CCNC(=O)c1c2nc3ccccc3c1-2,KDBREFDKRAOXOT-UHFFFAOYSA-N,-6.627131,0.50867,0.365079,
GEN_HNIHCUXXQZGRAU,,LIB_CHEMBL2103870,CC1=CC=CC(C(F)(F)F)=C1C(=O)O,Cc1cccc(C(F)(F)F)c1C(=O)O,HNIHCUXXQZGRAU-UHFFFAOYSA-N,locally_trained_SELFIES_GRU_sampling,selfies_gru_base_v1,439f74756bc786709f318a4379037c4df186bc4d40957bdbe245910ba48e8229,exact_InChIKey_not_found,exact_InChIKey_not_found,c1ccccc1,0.2,204.147,2.712,37.3,1,1,1,2.003,0.7631,,,18548,[C][C][=C][C][=C][C][Branch1][=Branch2][C][Branch1][C][F][Branch1][C][F][F][=C][Ring1][#Branch2][C][=Branch1][C][=O][O],,eligible233_outside_fixed150,False,eligible,Cc1cccc(C(F)(F)F)c1C(=O)[O-],HNIHCUXXQZGRAU-UHFFFAOYSA-M,-5.911321,0.385145,0.357143,
GEN_JVKONUQCFSGTEX,,LIB_CHEMBL1200412,O=C(O)COC(=O)CCC1=CC=CC(C)=N1,Cc1cccc(CCC(=O)OCC(=O)O)n1,JVKONUQCFSGTEX-UHFFFAOYSA-N,locally_trained_SELFIES_GRU_sampling,selfies_gru_base_v1,439f74756bc786709f318a4379037c4df186bc4d40957bdbe245910ba48e8229,exact_InChIKey_not_found,exact_InChIKey_not_found,c1ccncc1,0.2,223.228,0.95,76.49,1,4,5,2.031,0.7519,,,19057,[O][=C][Branch1][C][O][C][O][C][=Branch1][C][=O][C][C][C][=C][C][=C][C][Branch1][C][C][=N][Ring1][#Branch1][=C][Branch1][=Branch1][C][Branch1][C][C][C][C][=Branch1][C][=O][O][C][=C][Ring1][#C][C],34,fixed150_unattempted,False,eligible,Cc1cccc(CCC(=O)OCC(=O)[O-])n1,JVKONUQCFSGTEX-UHFFFAOYSA-M,-6.132116,0.580901,0.288889,
GEN_ILUJQPXNXACGAN,,LIB_CHEMBL1200412,COC1=CC=CC=C1/C(=O)O,COc1ccccc1C(=O)O,ILUJQPXNXACGAN-UHFFFAOYSA-N,locally_trained_SELFIES_GRU_sampling,selfies_gru_base_v1,439f74756bc786709f318a4379037c4df186bc4d40957bdbe245910ba48e8229,exact_InChIKey_not_found,exact_InChIKey_not_found,c1ccccc1,0.2,152.149,1.393,46.53,1,2,2,1.277,0.6961,,,19179,[C][O][C][=C][C][=C][C][=C][Ring1][=Branch1][/C][=Branch1][C][=O][=O],,eligible233_outside_fixed150,False,eligible,COc1ccccc1C(=O)[O-],ILUJQPXNXACGAN-UHFFFAOYSA-M,-5.779299,0.459041,0.655172,
GEN_XEARKGOSBVSNJD,,LIB_CHEMBL461101,CCNC(=O)C1=CC=CC(O)=C1,CCNC(=O)c1cccc(O)c1,XEARKGOSBVSNJD-UHFFFAOYSA-N,locally_trained_SELFIES_GRU_sampling,selfies_gru_base_v1,439f74756bc786709f318a4379037c4df186bc4d40957bdbe245910ba48e8229,exact_InChIKey_not_found,exact_InChIKey_not_found,c1ccccc1,0.2,165.192,1.142,49.33,2,2,2,1.589,0.69,,,18493,[C][C][N][C][=Branch1][C][=O][C][=C][C][=C][C][Branch1][C][O][=C][Ring1][#Branch1],,eligible233_outside_fixed150,False,eligible,CCNC(=O)c1cccc([O-])c1,XEARKGOSBVSNJD-UHFFFAOYSA-M,-5.810414,0.506836,0.368421,
GEN_NXWYUKPWJGWDBO,,LIB_CHEMBL461101,O=C(O)C1=C2C=CC=C1OC3=CC=C(N4CCNCC4)C=C23,O=C(O)c1c2cccc1-c1cc(N3CCNCC3)ccc1O2,NXWYUKPWJGWDBO-UHFFFAOYSA-N,locally_trained_SELFIES_GRU_sampling,selfies_gru_base_v1,439f74756bc786709f318a4379037c4df186bc4d40957bdbe245910ba48e8229,exact_InChIKey_not_found,exact_InChIKey_not_found,c1cc2cc(c1)-c1cc(N3CCNCC3)ccc1O2,0.1975,296.326,2.567,61.8,2,4,2,3.121,0.7608,,,16597,[O][=C][Branch1][C][O][C][=C][C][=C][C][=C][Ring1][=Branch1][O][C][=C][C][=C][Branch1][=Branch2][N][C][C][N][C][C][Ring1][=Branch1][C][=C][Ring2][Ring1][C][Ring1][N],37,fixed150_unattempted,False,eligible,O=C([O-])c1c2cccc1-c1cc(N3CC[NH2+]CC3)ccc1O2,NXWYUKPWJGWDBO-UHFFFAOYSA-N,-6.703772,0.813626,0.389831,
GEN_RMQWVIWBYCCGGN,,LIB_CHEMBL1200412,COC1=CC=CC=C1CC2=CC=CC=C2NCCC(=O)O,COc1ccccc1Cc1ccccc1NCCC(=O)O,RMQWVIWBYCCGGN-UHFFFAOYSA-N,locally_trained_SELFIES_GRU_sampling,selfies_gru_base_v1,439f74756bc786709f318a4379037c4df186bc4d40957bdbe245910ba48e8229,exact_InChIKey_not_found,exact_InChIKey_not_found,c1ccc(Cc2ccccc2)cc1,0.1948,285.343,3.173,58.56,2,3,7,1.824,0.8201,,,5580,[C][O][C][=C][C][=C][C][=C][Ring1][=Branch1][C][C][=C][C][=C][C][=C][Ring1][=Branch1][N][Ring1][=Branch2][C][Branch1][#Branch1][C][C][=Branch1][C][=O][O],40,fixed150_unattempted,False,eligible,COc1ccccc1Cc1ccccc1NCCC(=O)[O-],RMQWVIWBYCCGGN-UHFFFAOYSA-M,-6.35448,0.474351,0.333333,
GEN_LFTLKDJOFAYHAG,,LIB_CHEMBL461101,O=C1C2=CC=CC=C2OCCN(C(=O)C3=CC=CC=C3)O1,O=C1ON(C(=O)c2ccccc2)CCOc2ccccc21,LFTLKDJOFAYHAG-UHFFFAOYSA-N,locally_trained_SELFIES_GRU_sampling,selfies_gru_base_v1,439f74756bc786709f318a4379037c4df186bc4d40957bdbe245910ba48e8229,exact_InChIKey_not_found,exact_InChIKey_not_found,O=C1ON(C(=O)c2ccccc2)CCOc2ccccc21,0.1948,283.283,2.293,55.84,0,4,1,2.357,0.8055,,,6547,[O][=C][C][=C][C][=C][C][=C][Ring1][=Branch1][O][C][C][N][Branch1][=N][C][=Branch1][C][=O][C][=C][C][=C][C][=C][Ring1][=Branch1][O][Ring2][Ring1][Ring2],41,fixed150_unattempted,False,eligible,O=C1O[NH+](C(=O)c2ccccc2)CCOc2ccccc21,LFTLKDJOFAYHAG-UHFFFAOYSA-O,-6.868498,0.556461,0.271186,
GEN_MUUJIDJGBHCKEI,,LIB_CHEMBL1200412,O=S(=O)(NC(=O)OCC1=CC=CC=C1)C2=CC=CC=C2,O=C(NS(=O)(=O)c1ccccc1)OCc1ccccc1,MUUJIDJGBHCKEI-UHFFFAOYSA-N,locally_trained_SELFIES_GRU_sampling,selfies_gru_base_v1,439f74756bc786709f318a4379037c4df186bc4d40957bdbe245910ba48e8229,exact_InChIKey_not_found,exact_InChIKey_not_found,O=C(NS(=O)(=O)c1ccccc1)OCc1ccccc1,0.1944,291.328,2.302,72.47,1,4,4,1.649,0.9378,,,1930,[O][=S][=Branch1][C][=O][Branch1][S][N][C][=Branch1][C][=O][O][C][C][=C][C][=C][C][=C][Ring1][=Branch1][C][=C][C][=C][C][=C][Ring1][=Branch1],42,fixed150_unattempted,False,eligible,O=C([N-]S(=O)(=O)c1ccccc1)OCc1ccccc1,MUUJIDJGBHCKEI-UHFFFAOYSA-M,-6.580915,0.449227,0.514286,
GEN_OZKZHAPLKMRAQT,,LIB_CHEMBL1200412,CN(CC1=CC=CC=C1)CC(=O)O,CN(CC(=O)O)Cc1ccccc1,OZKZHAPLKMRAQT-UHFFFAOYSA-N,locally_trained_SELFIES_GRU_sampling,selfies_gru_base_v1,439f74756bc786709f318a4379037c4df186bc4d40957bdbe245910ba48e8229,exact_InChIKey_not_found,exact_InChIKey_not_found,c1ccccc1,0.194,179.219,1.203,40.54,1,2,4,1.533,0.7547,,,18374,[C][N][Branch1][#Branch2][C][C][=C][C][=C][C][=C][Ring1][=Branch1][C][C][=Branch1][C][=O][O][Ring1][#Branch2],,eligible233_outside_fixed150,False,blocked,,,,,,rule stable stereocenter unspecified
GEN_MFCIDPNIZBSAID,,LIB_CHEMBL461101,C1NCCN(C(=O)NC2=CC=CC=C2C3=CC=CC=C3)C4=CC=CC=C41,O=C(Nc1ccccc1-c1ccccc1)N1CCNCc2ccccc21,MFCIDPNIZBSAID-UHFFFAOYSA-N,locally_trained_SELFIES_GRU_sampling,selfies_gru_base_v1,439f74756bc786709f318a4379037c4df186bc4d40957bdbe245910ba48e8229,exact_InChIKey_not_found,exact_InChIKey_not_found,O=C(Nc1ccccc1-c1ccccc1)N1CCNCc2ccccc21,0.1928,343.43,4.495,44.37,2,2,2,2.03,0.7197,,,2146,[C][N][C][C][N][Branch2][Ring1][=Branch1][C][=Branch1][C][=O][N][C][=C][C][=C][C][=C][Ring1][=Branch1][C][=C][C][=C][C][=C][Ring1][=Branch1][C][=C][C][=C][C][=C][Ring1][=Branch1][Ring2][Ring1][N],44,fixed150_unattempted,False,eligible,O=C(Nc1ccccc1-c1ccccc1)[NH+]1CC[NH2+]Cc2ccccc21,MFCIDPNIZBSAID-UHFFFAOYSA-P,-6.773708,0.785873,0.224138,
GEN_WKWWXGXZVRXAHX,,LIB_CHEMBL254316,COC1=CC=CC=C1CNC(=O)NCC(F)(F)F,COc1ccccc1CNC(=O)NCC(F)(F)F,WKWWXGXZVRXAHX-UHFFFAOYSA-N,locally_trained_SELFIES_GRU_sampling,selfies_gru_base_v1,439f74756bc786709f318a4379037c4df186bc4d40957bdbe245910ba48e8229,exact_InChIKey_not_found,exact_InChIKey_not_found,c1ccccc1,0.1923,262.231,2.057,50.36,2,2,4,1.893,0.8722,,,2706,[C][O][C][=C][C][=C][C][=C][Ring1][=Branch1][C][N][C][=Branch1][C][=O][N][C][Branch1][=Branch2][C][Branch1][C][F][Branch1][C][F][F],,eligible233_outside_fixed150,False,eligible,COc1ccccc1CNC(=O)NCC(F)(F)F,WKWWXGXZVRXAHX-UHFFFAOYSA-N,-6.443178,0.672207,0.301887,
GEN_VWLKKJMEROSMAE,,LIB_CHEMBL1983268,COC1=CC=C(C=C1O)CCOC(=O)C2=CN(C)C=C(C2)OC3CCCC3,COc1ccc(CCOC(=O)C2=CN(C)C=C(OC3CCCC3)C2)cc1O,VWLKKJMEROSMAE-UHFFFAOYSA-N,locally_trained_SELFIES_GRU_sampling,selfies_gru_base_v1,439f74756bc786709f318a4379037c4df186bc4d40957bdbe245910ba48e8229,exact_InChIKey_not_found,exact_InChIKey_not_found,O=C(OCCc1ccccc1)C1=CNC=C(OC2CCCC2)C1,0.1923,373.449,3.507,68.23,1,6,7,2.976,0.738,,,16734,[C][O][C][=C][C][=C][Branch1][=Branch1][C][=C][Ring1][=Branch1][O][C][C][O][C][=Branch1][C][=O][C][=C][N][Branch1][C][C][C][=C][Branch1][Ring2][C][Ring1][#Branch1][=O][C][C][C][C][C][Ring1][Branch1],46,fixed150_unattempted,False,eligible,COc1ccc(CCOC(=O)C2=C[NH+](C)C=C(OC3CCCC3)C2)cc1[O-],VWLKKJMEROSMAE-UHFFFAOYSA-N,-6.70341,0.64733,0.284091,
GEN_DWYVRLWXPCNCDI,,LIB_CHEMBL461101,CCCC[C@H1](O)CCC1=CC=C(C(=O)O)C=C1O,CCCC[C@H](O)CCc1ccc(C(=O)O)cc1O,DWYVRLWXPCNCDI-LBPRGKRZSA-N,locally_trained_SELFIES_GRU_sampling,selfies_gru_base_v1,439f74756bc786709f318a4379037c4df186bc4d40957bdbe245910ba48e8229,exact_InChIKey_not_found,exact_InChIKey_not_found,c1ccccc1,0.1923,252.31,2.574,77.76,3,3,7,2.547,0.6966,,,2298,[C][C][C][C][C@H1][Branch1][C][O][C][C][C][=C][C][=C][Branch1][=Branch1][C][=Branch1][C][=O][O][C][=C][Ring1][=Branch2][O],,eligible233_outside_fixed150,False,eligible,CCCC[C@H](O)CCc1ccc(C(=O)[O-])cc1[O-],DWYVRLWXPCNCDI-LBPRGKRZSA-L,-6.140818,0.695342,0.4,
GEN_LQCYPNDOQXKKDW,,LIB_CHEMBL1200412,CCCNC(=O)CCOC1=CC=CC=C1,CCCNC(=O)CCOc1ccccc1,LQCYPNDOQXKKDW-UHFFFAOYSA-N,locally_trained_SELFIES_GRU_sampling,selfies_gru_base_v1,439f74756bc786709f318a4379037c4df186bc4d40957bdbe245910ba48e8229,exact_InChIKey_not_found,exact_InChIKey_not_found,c1ccccc1,0.1918,207.273,1.982,38.33,1,2,6,1.487,0.7742,,,12738,[C][C][C][N][C][=Branch1][C][=O][C][C][O][C][=C][C][=C][C][=C][Ring1][=Branch1],,eligible233_outside_fixed150,False,eligible,CCCNC(=O)CCOc1ccccc1,LQCYPNDOQXKKDW-UHFFFAOYSA-N,-6.120359,0.479721,0.428571,
GEN_NXVAEVHJWOBXKG,,LIB_CHEMBL1200412,COC1=CC=CC=C1C(=O)NC,CNC(=O)c1ccccc1OC,NXVAEVHJWOBXKG-UHFFFAOYSA-N,locally_trained_SELFIES_GRU_sampling,selfies_gru_base_v1,439f74756bc786709f318a4379037c4df186bc4d40957bdbe245910ba48e8229,exact_InChIKey_not_found,exact_InChIKey_not_found,c1ccccc1,0.1912,165.192,1.055,38.33,1,2,2,1.396,0.711,,,18611,[C][O][C][=C][C][=C][C][=C][Ring1][=Branch1][C][=Branch1][C][=O][N][C],,eligible233_outside_fixed150,False,eligible,CNC(=O)c1ccccc1OC,NXVAEVHJWOBXKG-UHFFFAOYSA-N,-6.019448,0.400491,0.411765,
GEN_GMQGYABWNSWKGK,,LIB_CHEMBL254316,CNCCC1=CN=C(NCC2=CC=C(F)C=C2)N=CN1CC3=CC=CC=C3,CNCCC1=CN=C(NCc2ccc(F)cc2)N=CN1Cc1ccccc1,GMQGYABWNSWKGK-UHFFFAOYSA-N,locally_trained_SELFIES_GRU_sampling,selfies_gru_base_v1,439f74756bc786709f318a4379037c4df186bc4d40957bdbe245910ba48e8229,exact_InChIKey_not_found,exact_InChIKey_not_found,C1=CN(Cc2ccccc2)C=NC(NCc2ccccc2)=N1,0.191,365.456,3.266,52.02,2,5,7,2.97,0.7918,,,3568,[C][N][C][C][C][=C][N][=C][Branch1][=N][N][C][C][=C][C][=C][Branch1][C][F][C][=C][Ring1][#Branch1][N][=C][N][Ring1][S][C][C][=C][C][=C][C][=C][Ring1][=Branch1],48,fixed150_unattempted,False,eligible,C[NH2+]CCC1=C[NH+]=C(NCc2ccc(F)cc2)[NH+]=CN1Cc1ccccc1,GMQGYABWNSWKGK-UHFFFAOYSA-Q,-6.875403,0.77507,0.232877,
GEN_FJAATUDLBLEIEO,,LIB_CHEMBL1200412,CCC=1OC(=O)CC[C@@H1](C23CC2)C=1C4=CC=C(O)C=C43,CCC1=C2c3ccc(O)cc3C3(CC3)[C@@H]2CCC(=O)O1,FJAATUDLBLEIEO-GFCCVEGCSA-N,locally_trained_SELFIES_GRU_sampling,selfies_gru_base_v1,439f74756bc786709f318a4379037c4df186bc4d40957bdbe245910ba48e8229,exact_InChIKey_not_found,exact_InChIKey_not_found,O=C1CCC2C(=CO1)c1ccccc1C21CC1,0.1905,270.328,3.512,46.53,1,3,1,4.148,0.7942,,,13306,[C][C][C][O][C][=Branch1][C][=O][C][C][C@@H1][Branch1][=Branch1][C][C][C][Ring1][Ring1][C][=Ring1][O][C][=C][C][=C][Branch1][C][O][C][=C][Ring1][#Branch1][Ring1][O],49,fixed150_unattempted,False,eligible,CCC1=C2c3ccc([O-])cc3C3(CC3)[C@@H]2CCC(=O)O1,FJAATUDLBLEIEO-GFCCVEGCSA-M,-6.877749,0.924028,0.276923,
GEN_BUCHZKMRZVFZSH,,LIB_CHEMBL254316,O=C(NC1=CC=CC=N1)C2=CC=C(F)C=C2,O=C(Nc1ccccn1)c1ccc(F)cc1,BUCHZKMRZVFZSH-UHFFFAOYSA-N,locally_trained_SELFIES_GRU_sampling,selfies_gru_base_v1,439f74756bc786709f318a4379037c4df186bc4d40957bdbe245910ba48e8229,exact_InChIKey_not_found,exact_InChIKey_not_found,O=C(Nc1ccccn1)c1ccccc1,0.1892,216.215,2.473,41.99,1,2,2,1.487,0.8374,,,3273,[O][=C][Branch1][#Branch2][N][C][=C][C][=C][C][=N][Ring1][=Branch1][C][=C][C][=C][Branch1][C][F][C][=C][Ring1][#Branch1],50,fixed150_unattempted,False,eligible,O=C(Nc1ccccn1)c1ccc(F)cc1,BUCHZKMRZVFZSH-UHFFFAOYSA-N,-6.459279,0.64397,0.333333,
GEN_FQJDRNUHEFLYBG,,LIB_CHEMBL461101,O=C1C=CC=C(O)C(C2=CC=CC=C2)=N1,O=c1cccc(O)c(-c2ccccc2)n1,FQJDRNUHEFLYBG-UHFFFAOYSA-N,locally_trained_SELFIES_GRU_sampling,selfies_gru_base_v1,439f74756bc786709f318a4379037c4df186bc4d40957bdbe245910ba48e8229,exact_InChIKey_not_found,exact_InChIKey_not_found,O=c1ccccc(-c2ccccc2)n1,0.1884,199.209,1.814,50.19,1,3,1,2.006,0.7616,,,8271,[O][=C][C][=C][C][=C][Branch1][C][O][C][Branch1][=Branch2][C][=C][C][=C][C][=C][Ring1][=Branch1][=N][Ring1][=C][=C][C][Branch1][=Branch2][N][C][C][S][C][=C][C][=C][C][=C][Ring1][=Branch1][Cl],52,fixed150_unattempted,False,eligible,O=c1cccc([O-])c(-c2ccccc2)n1,FQJDRNUHEFLYBG-UHFFFAOYSA-M,-6.450225,0.577511,0.348837,
GEN_RHJPMNJSKWBEMI,,LIB_CHEMBL1200412,COC1=C2C=CC(OC)=C2N(CC3=CC=CC=C3)NC=CSC1=O,COc1ccc2c(OC)c(=O)scc[nH]n(Cc3ccccc3)c1-2,RHJPMNJSKWBEMI-UHFFFAOYSA-N,locally_trained_SELFIES_GRU_sampling,selfies_gru_base_v1,439f74756bc786709f318a4379037c4df186bc4d40957bdbe245910ba48e8229,exact_InChIKey_not_found,exact_InChIKey_not_found,O=c1cc2cccc-2n(Cc2ccccc2)[nH]ccs1,0.1882,342.42,3.533,56.25,1,4,4,3.318,0.789,,,17507,[C][O][C][=C][C][=C][C][Branch1][Ring1][O][C][=C][Ring1][#Branch1][N][Branch1][#Branch2][C][C][=C][C][=C][C][=C][Ring1][=Branch1][N][C][=C][S][C][Ring2][Ring1][Branch1][=O][N],53,fixed150_unattempted,False,eligible,COc1ccc2c(OC)c(=O)scc[n-]n(Cc3ccccc3)c1-2,FRCQSTUCZXQUNT-UHFFFAOYSA-N,-6.717189,0.649976,0.246377,
GEN_IMHLYSNSJZSAQK,,LIB_CHEMBL461101,COC1=CC=CC=C1NC(=O)C2=CC(Cl)=CC=C2C(=O)O,COc1ccccc1NC(=O)c1cc(Cl)ccc1C(=O)O,IMHLYSNSJZSAQK-UHFFFAOYSA-N,locally_trained_SELFIES_GRU_sampling,selfies_gru_base_v1,439f74756bc786709f318a4379037c4df186bc4d40957bdbe245910ba48e8229,exact_InChIKey_not_found,exact_InChIKey_not_found,O=C(Nc1ccccc1)c1ccccc1,0.1875,305.717,3.299,75.63,2,3,4,1.64,0.9085,,,11908,[C][O][C][=C][C][=C][C][=C][Ring1][=Branch1][N][C][=Branch1][C][=O][C][=C][C][Branch1][C][Cl][=C][C][=C][Ring1][#Branch1][C][=Branch1][C][=O][O],55,fixed150_unattempted,False,eligible,COc1ccccc1NC(=O)c1cc(Cl)ccc1C(=O)[O-],IMHLYSNSJZSAQK-UHFFFAOYSA-M,-6.668035,0.588703,0.368421,
GEN_OXJRUYBPUFQUPV,,LIB_CHEMBL1200412,CNC1=NC=C(S1)CC(=O)OCC2=CC=CC=C2,CNc1ncc(CC(=O)OCc2ccccc2)s1,OXJRUYBPUFQUPV-UHFFFAOYSA-N,locally_trained_SELFIES_GRU_sampling,selfies_gru_base_v1,439f74756bc786709f318a4379037c4df186bc4d40957bdbe245910ba48e8229,exact_InChIKey_not_found,exact_InChIKey_not_found,O=C(Cc1cncs1)OCc1ccccc1,0.1875,262.334,2.471,51.22,1,5,5,2.13,0.841,,,2994,[C][N][C][=N][C][=C][Branch1][Ring2][S][Ring1][Branch1][C][C][=Branch1][C][=O][O][C][C][=C][C][=C][C][=C][Ring1][=Branch1],56,fixed150_unattempted,False,eligible,CNc1ncc(CC(=O)OCc2ccccc2)s1,OXJRUYBPUFQUPV-UHFFFAOYSA-N,-6.385075,0.465715,0.377778,
GEN_MYNCONOPILGIQE,,LIB_CHEMBL1200412,O=C(NC1=CC=CC=C1)CCNC2CCCCC2,O=C(CCNC1CCCCC1)Nc1ccccc1,MYNCONOPILGIQE-UHFFFAOYSA-N,locally_trained_SELFIES_GRU_sampling,selfies_gru_base_v1,439f74756bc786709f318a4379037c4df186bc4d40957bdbe245910ba48e8229,exact_InChIKey_not_found,exact_InChIKey_not_found,O=C(CCNC1CCCCC1)Nc1ccccc1,0.1867,246.354,2.938,41.13,2,2,5,1.633,0.8384,,,19074,[O][=C][Branch1][#Branch2][N][C][=C][C][=C][C][=C][Ring1][=Branch1][C][C][N][Ring1][O][C][C][C][C][C][C][Ring1][=Branch1],57,fixed150_unattempted,False,eligible,O=C(CC[NH2+]C1CCCCC1)Nc1ccccc1,MYNCONOPILGIQE-UHFFFAOYSA-O,-6.451884,0.5743,0.463415,
GEN_GGRJAVYVMNMYGO,,LIB_CHEMBL2103870,O=C(NC1=CN=CC=C1N)CC2=CC=C(C3=CC=CC=C3)C=C2,Nc1ccncc1NC(=O)Cc1ccc(-c2ccccc2)cc1,GGRJAVYVMNMYGO-UHFFFAOYSA-N,locally_trained_SELFIES_GRU_sampling,selfies_gru_base_v1,439f74756bc786709f318a4379037c4df186bc4d40957bdbe245910ba48e8229,exact_InChIKey_not_found,exact_InChIKey_not_found,O=C(Cc1ccc(-c2ccccc2)cc1)Nc1cccnc1,0.1852,303.365,3.512,68.01,2,3,4,1.831,0.7747,,,10860,[O][=C][Branch1][O][N][C][=C][N][=C][C][=C][Ring1][=Branch1][N][C][C][=C][C][=C][Branch1][=Branch2][C][=C][C][=C][C][=C][Ring1][=Branch1][C][=C][Ring1][N],59,fixed150_unattempted,False,eligible,Nc1ccncc1NC(=O)Cc1ccc(-c2ccccc2)cc1,GGRJAVYVMNMYGO-UHFFFAOYSA-N,-6.871119,0.692358,0.439024,
GEN_KUFLYKMQJKKJSS,,LIB_CHEMBL1200412,COC1=CC=CC(=C1)CC2CN(C(=O)NC3=CC=C(Cl)C=C3CF)C2,COc1cccc(CC2CN(C(=O)Nc3ccc(Cl)cc3CF)C2)c1,KUFLYKMQJKKJSS-UHFFFAOYSA-N,locally_trained_SELFIES_GRU_sampling,selfies_gru_base_v1,439f74756bc786709f318a4379037c4df186bc4d40957bdbe245910ba48e8229,exact_InChIKey_not_found,exact_InChIKey_not_found,O=C(Nc1ccccc1)N1CC(Cc2ccccc2)C1,0.1848,362.832,4.525,41.57,1,2,5,2.267,0.8489,,,6775,[C][O][C][=C][C][=C][C][=Branch1][Ring2][=C][Ring1][=Branch1][C][C][C][N][Branch2][Ring1][Ring2][C][=Branch1][C][=O][N][C][=C][C][=C][Branch1][C][Cl][C][=C][Ring1][#Branch1][C][Branch1][C][F][=C][Ring1][S],60,fixed150_unattempted,False,blocked,,,,,,rule stable stereocenter unspecified
GEN_NTOFWZKUIXZGIW,,LIB_CHEMBL1200412,O=C(NC1=CC=C(Cl)C=N1)[NH1]CC2=CC=CC=C2,O=C(NCc1ccccc1)Nc1ccc(Cl)cn1,NTOFWZKUIXZGIW-UHFFFAOYSA-N,locally_trained_SELFIES_GRU_sampling,selfies_gru_base_v1,439f74756bc786709f318a4379037c4df186bc4d40957bdbe245910ba48e8229,exact_InChIKey_not_found,exact_InChIKey_not_found,O=C(NCc1ccccc1)Nc1ccccn1,0.1842,261.712,3.057,54.02,2,2,3,1.671,0.8922,,,1627,[O][=C][Branch1][=N][N][C][=C][C][=C][Branch1][C][Cl][C][=N][Ring1][#Branch1][NH1][C][=Ring1][=Branch2][C][=C][C][=C][C][=C][Ring1][=Branch1],61,fixed150_unattempted,False,eligible,O=C(NCc1ccccc1)Nc1ccc(Cl)cn1,NTOFWZKUIXZGIW-UHFFFAOYSA-N,-6.461388,0.667329,0.372549,
GEN_IBAJVOHYIPCWML,,LIB_CHEMBL4204794,CC1=NC=C(C=C1OC)COC2=CC=C(F)C=C2,COc1cc(COc2ccc(F)cc2)cnc1C,IBAJVOHYIPCWML-UHFFFAOYSA-N,locally_trained_SELFIES_GRU_sampling,selfies_gru_base_v1,439f74756bc786709f318a4379037c4df186bc4d40957bdbe245910ba48e8229,exact_InChIKey_not_found,exact_InChIKey_not_found,c1ccc(OCc2cccnc2)cc1,0.1842,247.269,3.117,31.35,0,3,4,1.836,0.8314,,,10577,[C][C][=N][C][=C][Branch1][#Branch1][C][=C][Ring1][=Branch1][O][C][C][O][C][=C][C][=C][Branch1][C][F][C][=C][Ring1][#Branch1],63,fixed150_unattempted,False,eligible,COc1cc(COc2ccc(F)cc2)cnc1C,IBAJVOHYIPCWML-UHFFFAOYSA-N,-6.622733,0.633651,0.327586,
GEN_MXEVTEPPWHDMMK,,LIB_CHEMBL1200412,COC1=CC=C/C=C/C(=O)C2=CC=CC=C2NC3=CC=CC=C3C=C1,COc1cccccc(=O)c2ccccc2[nH]c2ccccc2cc1,MXEVTEPPWHDMMK-UHFFFAOYSA-N,locally_trained_SELFIES_GRU_sampling,selfies_gru_base_v1,439f74756bc786709f318a4379037c4df186bc4d40957bdbe245910ba48e8229,exact_InChIKey_not_found,exact_InChIKey_not_found,O=c1ccccccccc2ccccc2[nH]c2ccccc12,0.1842,329.399,4.939,42.09,1,2,1,2.186,0.687,,,8042,[C][O][C][=C][C][=C][Branch2][Ring1][O][/C][=C][/C][=Branch1][C][=O][C][=C][C][=C][C][=C][Ring1][=Branch1][N][C][=C][C][=C][C][=C][Ring1][=Branch1][C][=C][Ring2][Ring1][#Branch1],64,fixed150_unattempted,False,eligible,COc1cccccc(=O)c2ccccc2[n-]c2ccccc2cc1,GUSSUTGAZWHHPH-UHFFFAOYSA-M,-6.993585,0.544857,0.340909,
GEN_BLAPYXZIXWVQLK,,LIB_CHEMBL1200412,O=C(O)CCC/C1=C/CO/N[C@@](C)=C1CC(=O)NC2=CC=CC=C2,CC1=C(CC(=O)Nc2ccccc2)C(CCCC(=O)O)=CCON1,BLAPYXZIXWVQLK-UHFFFAOYSA-N,locally_trained_SELFIES_GRU_sampling,selfies_gru_base_v1,439f74756bc786709f318a4379037c4df186bc4d40957bdbe245910ba48e8229,exact_InChIKey_not_found,exact_InChIKey_not_found,O=C(CC1=CNOCC=C1)Nc1ccccc1,0.1839,330.384,3.005,87.66,3,4,7,2.808,0.7152,,,4679,[O][=C][Branch1][C][O][C][C][C][/C][=C][/C][O][/N][C@@][Branch1][C][C][=C][Ring1][Branch2][C][C][=Branch1][C][=O][N][C][=C][C][=C][C][=C][Ring1][=Branch1],65,fixed150_unattempted,False,eligible,CC1=C(CC(=O)Nc2ccccc2)C(CCCC(=O)[O-])=CCO[NH2+]1,BLAPYXZIXWVQLK-UHFFFAOYSA-N,-6.34879,0.762911,0.358491,
GEN_RZGWIZIPFZROQZ,,LIB_CHEMBL1200412,COC1=CC=CC=C1C(=O)NC2=CC=CC=C2,COc1ccccc1C(=O)Nc1ccccc1,RZGWIZIPFZROQZ-UHFFFAOYSA-N,locally_trained_SELFIES_GRU_sampling,selfies_gru_base_v1,439f74756bc786709f318a4379037c4df186bc4d40957bdbe245910ba48e8229,exact_InChIKey_not_found,exact_InChIKey_not_found,O=C(Nc1ccccc1)c1ccccc1,0.1831,227.263,2.948,38.33,1,2,3,1.242,0.875,,,1057,[C][O][C][=C][C][=C][C][=C][Ring1][=Branch1][C][=Branch1][C][=O][N][C][=C][C][=C][C][=C][Ring1][=Branch1][Ring1][S][C][O][C][=C][C][=C][Branch1][C][Cl][C][Branch1][C][Cl][=C][Ring1][Branch2],,eligible233_outside_fixed150,False,eligible,COc1ccccc1C(=O)Nc1ccccc1,RZGWIZIPFZROQZ-UHFFFAOYSA-N,-6.621132,0.53943,0.428571,
GEN_VYHJCHUSHOZMJE,,LIB_CHEMBL254316,N1C[NH1]C=CC(CC2=CC=CC=C2)=C1C(=O)NCC3=CC=CC=C3,O=C(NCc1ccccc1)C1=C(Cc2ccccc2)C=CNCN1,VYHJCHUSHOZMJE-UHFFFAOYSA-N,locally_trained_SELFIES_GRU_sampling,selfies_gru_base_v1,439f74756bc786709f318a4379037c4df186bc4d40957bdbe245910ba48e8229,exact_InChIKey_not_found,exact_InChIKey_not_found,O=C(NCc1ccccc1)C1=C(Cc2ccccc2)C=CNCN1,0.1829,319.408,2.464,53.16,3,3,5,2.665,0.7934,,,2192,[N][C][NH1][C][=C][C][Branch1][#Branch2][C][C][=C][C][=C][C][=C][Ring1][=Branch1][=C][Ring2][Ring1][Ring1][C][=Branch1][C][=O][N][C][C][=C][C][=C][C][=C][Ring1][=Branch1],67,fixed150_unattempted,False,eligible,O=C(NCc1ccccc1)C1=C(Cc2ccccc2)C=C[NH2+]C[NH2+]1,VYHJCHUSHOZMJE-UHFFFAOYSA-P,-6.52971,0.643692,0.333333,
GEN_UGQNNRFUFSYWSZ,,LIB_CHEMBL2103870,CCOC(=O)C1=C2C=C(NC3=CC=C(Cl)C=C3)N=C21,CCOC(=O)c1c2cc(Nc3ccc(Cl)cc3)nc1-2,UGQNNRFUFSYWSZ-UHFFFAOYSA-N,locally_trained_SELFIES_GRU_sampling,selfies_gru_base_v1,439f74756bc786709f318a4379037c4df186bc4d40957bdbe245910ba48e8229,exact_InChIKey_not_found,exact_InChIKey_not_found,c1ccc(Nc2cc3cc-3n2)cc1,0.1829,274.707,3.636,51.22,1,4,4,2.196,0.7382,,,5595,[C][C][O][C][=Branch1][C][=O][C][=C][C][=C][Branch1][=N][N][C][=C][C][=C][Branch1][C][Cl][C][=C][Ring1][#Branch1][N][=C][Ring1][=N][Ring1][=C],68,fixed150_unattempted,False,eligible,CCOC(=O)c1c2cc(Nc3ccc(Cl)cc3)nc1-2,UGQNNRFUFSYWSZ-UHFFFAOYSA-N,-6.307077,0.587829,0.352941,
GEN_XFMUAKMLTWMNRA,,LIB_CHEMBL1983268,O=C(CC1=CC=C(Cl)C=C1)NC2=NN(C3=CC=CC=C3)CC2,O=C(Cc1ccc(Cl)cc1)NC1=NN(c2ccccc2)CC1,XFMUAKMLTWMNRA-UHFFFAOYSA-N,locally_trained_SELFIES_GRU_sampling,selfies_gru_base_v1,439f74756bc786709f318a4379037c4df186bc4d40957bdbe245910ba48e8229,exact_InChIKey_not_found,exact_InChIKey_not_found,O=C(Cc1ccccc1)NC1=NN(c2ccccc2)CC1,0.1828,313.788,3.223,44.7,1,3,3,2.201,0.9453,,,7727,[O][=C][Branch1][=N][C][C][=C][C][=C][Branch1][C][Cl][C][=C][Ring1][#Branch1][N][C][=N][N][Branch1][=Branch2][C][=C][C][=C][C][=C][Ring1][=Branch1][C][C][Ring1][O],69,fixed150_unattempted,False,eligible,O=C(Cc1ccc(Cl)cc1)NC1=[NH+][NH+](c2ccccc2)CC1,URXUHISOUNBPRY-UHFFFAOYSA-O,-6.368234,0.619868,0.3125,
GEN_YRCHUTAPJVFENZ,,LIB_CHEMBL1983268,O=C(NC1=CC=CN=C1)N2CCOCC2,O=C(Nc1cccnc1)N1CCOCC1,YRCHUTAPJVFENZ-UHFFFAOYSA-N,locally_trained_SELFIES_GRU_sampling,selfies_gru_base_v1,439f74756bc786709f318a4379037c4df186bc4d40957bdbe245910ba48e8229,exact_InChIKey_not_found,exact_InChIKey_not_found,O=C(Nc1cccnc1)N1CCOCC1,0.1818,207.233,0.946,54.46,1,3,1,1.873,0.7454,,,14261,[O][=C][Branch1][#Branch2][N][C][=C][C][=C][N][=C][Ring1][=Branch1][N][C][C][O][C][C][Ring1][=Branch1],71,fixed150_unattempted,False,eligible,O=C(Nc1cccnc1)[NH+]1CCOCC1,YRCHUTAPJVFENZ-UHFFFAOYSA-O,-6.142054,0.565977,0.293103,
GEN_QHTHMOZHDFKGPP,,LIB_CHEMBL254316,O=C(NCC1=CC=NC=C1)CCC2=CC=CCC=C2,O=C(CCC1=CC=CCC=C1)NCc1ccncc1,QHTHMOZHDFKGPP-UHFFFAOYSA-N,locally_trained_SELFIES_GRU_sampling,selfies_gru_base_v1,439f74756bc786709f318a4379037c4df186bc4d40957bdbe245910ba48e8229,exact_InChIKey_not_found,exact_InChIKey_not_found,O=C(CCC1=CC=CCC=C1)NCc1ccncc1,0.1807,254.333,2.921,41.99,1,2,5,2.713,0.8775,,,16877,[O][=C][Branch1][O][N][C][C][=C][C][=N][C][=C][Ring1][=Branch1][C][C][Ring1][N][C][=C][C][=C][C][Branch1][Branch1][C][=C][Ring1][#Branch1],72,fixed150_unattempted,False,eligible,O=C(CCC1=CC=CCC=C1)NCc1ccncc1,QHTHMOZHDFKGPP-UHFFFAOYSA-N,-6.389238,0.59459,0.433962,
GEN_XZOGUNYJZDOPQU,,LIB_CHEMBL2103870,CCCN(CC)CC(=O)NC1=CC=CC(C(F)(F)F)=C1,CCCN(CC)CC(=O)Nc1cccc(C(F)(F)F)c1,XZOGUNYJZDOPQU-UHFFFAOYSA-N,locally_trained_SELFIES_GRU_sampling,selfies_gru_base_v1,439f74756bc786709f318a4379037c4df186bc4d40957bdbe245910ba48e8229,exact_InChIKey_not_found,exact_InChIKey_not_found,c1ccccc1,0.1807,288.313,3.376,32.34,1,2,6,1.933,0.8701,,,12803,[C][C][C][N][Branch1][Ring1][C][C][C][C][=Branch1][C][=O][N][C][=C][C][=C][C][Branch1][=Branch2][C][Branch1][C][F][Branch1][C][F][F][=C][Ring1][#Branch2],,eligible233_outside_fixed150,False,blocked,,,,,,rule stable stereocenter unspecified
GEN_FWLSRXHMIRPQHV,,LIB_CHEMBL461101,CNC1=NC(=O)C=CC(C2=CC=CC=C2)=C1C3=CC(N)=NC=C3,CNc1nc(=O)ccc(-c2ccccc2)c1-c1ccnc(N)c1,FWLSRXHMIRPQHV-UHFFFAOYSA-N,locally_trained_SELFIES_GRU_sampling,selfies_gru_base_v1,439f74756bc786709f318a4379037c4df186bc4d40957bdbe245910ba48e8229,exact_InChIKey_not_found,exact_InChIKey_not_found,O=c1ccc(-c2ccccc2)c(-c2ccncc2)cn1,0.1807,304.353,2.795,80.9,2,5,3,2.444,0.7774,,,6173,[C][N][C][=N][C][=Branch1][C][=O][C][=C][C][Branch1][=Branch2][C][=C][C][=C][C][=C][Ring1][=Branch1][=C][Ring1][=C][C][=C][C][Branch1][C][N][=N][C][=C][Ring1][#Branch1],73,fixed150_unattempted,False,eligible,CNc1nc(=O)ccc(-c2ccccc2)c1-c1ccnc(N)c1,FWLSRXHMIRPQHV-UHFFFAOYSA-N,-6.679674,0.613514,0.275862,
GEN_QAOOZFCAPOESOD,,LIB_CHEMBL1200412,CCCNC(=O)COC1=CC=CC=C1,CCCNC(=O)COc1ccccc1,QAOOZFCAPOESOD-UHFFFAOYSA-N,locally_trained_SELFIES_GRU_sampling,selfies_gru_base_v1,439f74756bc786709f318a4379037c4df186bc4d40957bdbe245910ba48e8229,exact_InChIKey_not_found,exact_InChIKey_not_found,c1ccccc1,0.1806,193.246,1.592,38.33,1,2,5,1.379,0.7708,,,12380,[C][C][C][N][C][=Branch1][C][=O][C][O][C][=C][C][=C][C][=C][Ring1][=Branch1],,eligible233_outside_fixed150,False,eligible,CCCNC(=O)COc1ccccc1,QAOOZFCAPOESOD-UHFFFAOYSA-N,-6.162816,0.534537,0.380952,
GEN_ODVLMCWNGKLROU,,LIB_CHEMBL2103870,O=C(O)CC1=CC=C2C(=C1)OCO2,O=C(O)Cc1ccc2c(c1)OCO2,ODVLMCWNGKLROU-UHFFFAOYSA-N,locally_trained_SELFIES_GRU_sampling,selfies_gru_base_v1,439f74756bc786709f318a4379037c4df186bc4d40957bdbe245910ba48e8229,exact_InChIKey_not_found,exact_InChIKey_not_found,c1ccc2c(c1)OCO2,0.1806,180.159,1.042,55.76,1,3,2,1.804,0.7384,,,8963,[O][=C][Branch1][C][O][C][C][=C][C][=C][C][=Branch1][Ring2][=C][Ring1][=Branch1][O][C][O][Ring1][=Branch1],,eligible233_outside_fixed150,False,eligible,O=C([O-])Cc1ccc2c(c1)OCO2,ODVLMCWNGKLROU-UHFFFAOYSA-M,-5.870057,0.588875,0.411765,
GEN_BBVFQXGKCZUSJJ,,LIB_CHEMBL2103870,COC1=CC=C(C(=O)NCC2=CC=C(C3=CC=NC=C3)C=C2C)C1,COC1=CC=C(C(=O)NCc2ccc(-c3ccncc3)cc2C)C1,BBVFQXGKCZUSJJ-UHFFFAOYSA-N,locally_trained_SELFIES_GRU_sampling,selfies_gru_base_v1,439f74756bc786709f318a4379037c4df186bc4d40957bdbe245910ba48e8229,exact_InChIKey_not_found,exact_InChIKey_not_found,O=C(NCc1ccc(-c2ccncc2)cc1)C1=CC=CC1,0.1798,320.392,3.534,51.22,1,3,5,2.6,0.9166,,,5897,[C][O][C][=C][C][=C][Branch2][Ring1][#Branch2][C][=Branch1][C][=O][N][C][C][=C][C][=C][Branch1][=Branch2][C][=C][C][=N][C][=C][Ring1][=Branch1][C][=C][Ring1][N][C][=C][Ring2][Ring1][=Branch1],75,fixed150_unattempted,False,eligible,COC1=CC=C(C(=O)NCc2ccc(-c3ccncc3)cc2C)C1,BBVFQXGKCZUSJJ-UHFFFAOYSA-N,-6.735635,0.774524,0.308824,
GEN_URSLQQRHKNZPRT,,LIB_CHEMBL461101,O=C(NCCC1=CC=CC=C1C2=CC=CC(O)=C2C)C,CC(=O)NCCc1ccccc1-c1cccc(O)c1C,URSLQQRHKNZPRT-UHFFFAOYSA-N,locally_trained_SELFIES_GRU_sampling,selfies_gru_base_v1,439f74756bc786709f318a4379037c4df186bc4d40957bdbe245910ba48e8229,exact_InChIKey_not_found,exact_InChIKey_not_found,c1ccc(-c2ccccc2)cc1,0.1795,269.344,3.046,49.33,2,2,4,1.978,0.8959,,,17856,[O][=C][Branch2][Ring1][Branch2][N][C][C][C][=C][C][=C][C][=C][Ring1][=Branch1][C][=C][C][=C][C][Branch1][C][O][=C][Ring1][#Branch1][C][C][Ring1][#C],78,fixed150_unattempted,False,eligible,CC(=O)NCCc1ccccc1-c1cccc([O-])c1C,URSLQQRHKNZPRT-UHFFFAOYSA-M,-6.613225,0.484178,0.44,
GEN_ZQRNJHYLDQAJPU,,LIB_CHEMBL254316,CCC(C)(C)NC(=O)NC1=CC=CC=C1C(F)(F)F,CCC(C)(C)NC(=O)Nc1ccccc1C(F)(F)F,ZQRNJHYLDQAJPU-UHFFFAOYSA-N,locally_trained_SELFIES_GRU_sampling,selfies_gru_base_v1,439f74756bc786709f318a4379037c4df186bc4d40957bdbe245910ba48e8229,exact_InChIKey_not_found,exact_InChIKey_not_found,c1ccccc1,0.1795,274.286,4.016,41.13,2,1,3,2.086,0.8585,,,2171,[C][C][C][Branch1][C][C][Branch1][C][C][N][C][=Branch1][C][=O][N][C][=C][C][=C][C][=C][Ring1][=Branch1][C][Branch1][C][F][Branch1][C][F][F],,eligible233_outside_fixed150,False,eligible,CCC(C)(C)NC(=O)Nc1ccccc1C(F)(F)F,ZQRNJHYLDQAJPU-UHFFFAOYSA-N,-6.447152,0.499058,0.320755,
GEN_NLDWLRHCZGHUHG,,LIB_CHEMBL1200412,CCN(CC)CC(=O)OC1=CC=C(C2=CC=CC=C2)C1=O,CCN(CC)CC(=O)OC1=CC=C(c2ccccc2)C1=O,NLDWLRHCZGHUHG-UHFFFAOYSA-N,locally_trained_SELFIES_GRU_sampling,selfies_gru_base_v1,439f74756bc786709f318a4379037c4df186bc4d40957bdbe245910ba48e8229,exact_InChIKey_not_found,exact_InChIKey_not_found,O=C1C=CC=C1c1ccccc1,0.1795,285.343,2.422,46.61,0,4,6,2.589,0.7531,,,10787,[C][C][N][Branch1][Ring1][C][C][C][C][=Branch1][C][=O][O][C][=C][C][=C][Branch1][=Branch2][C][=C][C][=C][C][=C][Ring1][=Branch1][C][Ring1][O][=O],79,fixed150_unattempted,False,eligible,CC[NH+](CC)CC(=O)OC1=CC=C(c2ccccc2)C1=O,NLDWLRHCZGHUHG-UHFFFAOYSA-O,-6.233069,0.569897,0.346939,
GEN_KPJSELLBFDQNGN,,LIB_CHEMBL2103870,N1C=CC(C)=C(C(=O)NCC[C@]2(C)CCCCC2)C1=O,Cc1cc[nH]c(=O)c1C(=O)NCCC1(C)CCCCC1,KPJSELLBFDQNGN-UHFFFAOYSA-N,locally_trained_SELFIES_GRU_sampling,selfies_gru_base_v1,439f74756bc786709f318a4379037c4df186bc4d40957bdbe245910ba48e8229,exact_InChIKey_not_found,exact_InChIKey_not_found,O=C(NCCC1CCCCC1)c1ccc[nH]c1=O,0.1786,276.38,2.774,61.96,2,2,4,2.666,0.8879,,,5685,[N][C][=C][C][Branch1][C][C][=C][Branch2][Ring1][C][C][=Branch1][C][=O][N][C][C][C@][Branch1][C][C][C][C][C][C][C][Ring1][#Branch1][C][Ring2][Ring1][Branch1][=O],80,fixed150_unattempted,False,eligible,Cc1cc[n-]c(=O)c1C(=O)NCCC1(C)CCCCC1,RNHDKNGFZAIDJI-UHFFFAOYSA-M,-6.703669,0.948334,0.24359,
GEN_VAPVUZZLAAWZPA,,LIB_CHEMBL461101,O=C(O)C1=CC=CC(Cl)=C1C2=CC=NC=C2,O=C(O)c1cccc(Cl)c1-c1ccncc1,VAPVUZZLAAWZPA-UHFFFAOYSA-N,locally_trained_SELFIES_GRU_sampling,selfies_gru_base_v1,439f74756bc786709f318a4379037c4df186bc4d40957bdbe245910ba48e8229,exact_InChIKey_not_found,exact_InChIKey_not_found,c1ccc(-c2ccncc2)cc1,0.1781,233.654,3.1,50.19,1,2,2,1.859,0.8672,,,1016,[O][=C][Branch1][C][O][C][=C][C][=C][C][Branch1][C][Cl][=C][Ring1][#Branch1][C][=C][C][=N][C][=C][Ring1][=Branch1][Ring1][S],82,fixed150_unattempted,False,eligible,O=C([O-])c1cccc(Cl)c1-c1ccncc1,VAPVUZZLAAWZPA-UHFFFAOYSA-M,-6.14309,0.593437,0.354167,
GEN_VKHGWFHYWMHWQH,,LIB_CHEMBL461101,CC1=CC=CC=C1NC(=O)NC2=CC=CC=C2C(=O)N,Cc1ccccc1NC(=O)Nc1ccccc1C(N)=O,VKHGWFHYWMHWQH-UHFFFAOYSA-N,locally_trained_SELFIES_GRU_sampling,selfies_gru_base_v1,439f74756bc786709f318a4379037c4df186bc4d40957bdbe245910ba48e8229,exact_InChIKey_not_found,exact_InChIKey_not_found,O=C(Nc1ccccc1)Nc1ccccc1,0.1781,269.304,2.738,84.22,3,2,3,1.575,0.8,,,15546,[C][C][=C][C][=C][C][=C][Ring1][=Branch1][N][C][=Branch1][C][=O][N][C][=C][C][=C][C][=C][Ring1][=Branch1][C][=Branch1][C][=O][N],83,fixed150_unattempted,False,eligible,Cc1ccccc1NC(=O)Nc1ccccc1C(N)=O,VKHGWFHYWMHWQH-UHFFFAOYSA-N,-6.928925,0.556164,0.404762,
GEN_OLKYQVVNJVNVHM,,LIB_CHEMBL1200412,CNC(=O)OCC1=CC=CC(=C1)C,CNC(=O)OCc1cccc(C)c1,OLKYQVVNJVNVHM-UHFFFAOYSA-N,locally_trained_SELFIES_GRU_sampling,selfies_gru_base_v1,439f74756bc786709f318a4379037c4df186bc4d40957bdbe245910ba48e8229,exact_InChIKey_not_found,exact_InChIKey_not_found,c1ccccc1,0.1781,179.219,1.851,38.33,1,2,2,1.715,0.752,,,8712,[C][N][C][=Branch1][C][=O][O][C][Branch2][Ring2][Ring2][C][=C][C][=C][C][=Branch1][Ring2][=C][Ring1][=Branch1][C],,eligible233_outside_fixed150,False,eligible,CNC(=O)OCc1cccc(C)c1,OLKYQVVNJVNVHM-UHFFFAOYSA-N,-6.108638,0.604707,0.380952,
GEN_QHJSCOJERFEMQZ,,LIB_CHEMBL2103870,CNC[C@@H1](F)CCC(=O)NC1=CC=C(C#N)C=C1C2=CC=CC=C2,CNC[C@@H](F)CCC(=O)Nc1ccc(C#N)cc1-c1ccccc1,QHJSCOJERFEMQZ-INIZCTEOSA-N,locally_trained_SELFIES_GRU_sampling,selfies_gru_base_v1,439f74756bc786709f318a4379037c4df186bc4d40957bdbe245910ba48e8229,exact_InChIKey_not_found,exact_InChIKey_not_found,c1ccc(-c2ccccc2)cc1,0.1778,325.387,3.501,64.92,2,3,7,2.791,0.8187,,,118,[C][N][C][C@@H1][Branch1][C][F][C][C][C][=Branch1][C][=O][N][C][=C][C][=C][Branch1][Ring1][C][#N][C][=C][Ring1][Branch2][C][=C][C][=C][C][=C][Ring1][=Branch1],,eligible233_outside_fixed150,False,eligible,C[NH2+]C[C@@H](F)CCC(=O)Nc1ccc(C#N)cc1-c1ccccc1,QHJSCOJERFEMQZ-INIZCTEOSA-O,-6.57077,0.626418,0.28125,
GEN_XRVMPVQEHHQEQD,,LIB_CHEMBL1200412,CCN(CC)CCNC(=O)C1=CC=CC=C1CC2=CC=CC=C2,CCN(CC)CCNC(=O)c1ccccc1Cc1ccccc1,XRVMPVQEHHQEQD-UHFFFAOYSA-N,locally_trained_SELFIES_GRU_sampling,selfies_gru_base_v1,439f74756bc786709f318a4379037c4df186bc4d40957bdbe245910ba48e8229,exact_InChIKey_not_found,exact_InChIKey_not_found,c1ccc(Cc2ccccc2)cc1,0.1772,310.441,3.349,32.34,1,2,8,1.813,0.8108,,,12983,[C][C][N][Branch1][Ring1][C][C][C][C][N][C][=Branch1][C][=O][C][=C][C][=C][C][=C][Ring1][=Branch1][C][C][=C][C][=C][C][=C][Ring1][=Branch1],84,fixed150_unattempted,False,eligible,CC[NH+](CC)CCNC(=O)c1ccccc1Cc1ccccc1,XRVMPVQEHHQEQD-UHFFFAOYSA-O,-6.212297,0.501784,0.478261,
GEN_JKNUETZBORUBGQ,,LIB_CHEMBL1200412,C1NC(O)=C(O)C=C1C(=O)OCC2=CC=CC(C(F)(F)F)=C2,O=C(OCc1cccc(C(F)(F)F)c1)C1=CC(O)=C(O)NC1,JKNUETZBORUBGQ-UHFFFAOYSA-N,locally_trained_SELFIES_GRU_sampling,selfies_gru_base_v1,439f74756bc786709f318a4379037c4df186bc4d40957bdbe245910ba48e8229,exact_InChIKey_not_found,exact_InChIKey_not_found,O=C(OCc1ccccc1)C1=CC=CNC1,0.1765,315.247,2.563,78.79,3,5,3,2.963,0.7472,,,2899,[C][N][C][Branch1][C][O][=C][Branch1][C][O][C][=C][Ring1][Branch2][C][=Branch1][C][=O][O][C][C][=C][C][=C][C][Branch1][=Branch2][C][Branch1][C][F][Branch1][C][F][F][=C][Ring1][#Branch2],86,fixed150_unattempted,False,eligible,O=C(OCc1cccc(C(F)(F)F)c1)C1=CC(O)=C(O)[NH2+]C1,JKNUETZBORUBGQ-UHFFFAOYSA-O,-6.487287,0.487826,0.34,
GEN_JUXNCUDMLQKRJW,,LIB_CHEMBL1200412,C1C=C(C(=O)O)C2=CC=CC=C2C1=O,O=C(O)C1=CCC(=O)c2ccccc21,JUXNCUDMLQKRJW-UHFFFAOYSA-N,locally_trained_SELFIES_GRU_sampling,selfies_gru_base_v1,439f74756bc786709f318a4379037c4df186bc4d40957bdbe245910ba48e8229,exact_InChIKey_not_found,exact_InChIKey_not_found,O=C1CC=Cc2ccccc21,0.1765,188.182,1.741,54.37,1,2,1,2.43,0.7298,,,2165,[C][C][=C][Branch1][=Branch1][C][=Branch1][C][=O][O][C][=C][C][=C][C][=C][Ring1][=Branch1][C][Ring1][#C][=O],87,fixed150_unattempted,False,eligible,O=C([O-])C1=CCC(=O)c2ccccc21,JUXNCUDMLQKRJW-UHFFFAOYSA-M,-5.789771,0.680601,0.341463,
GEN_LVCJHKGGMOPVON,,LIB_CHEMBL2103870,N1C=NC=NC(NC(=O)C2=CC=CN=C2)=C1C3=CC=CC(Cl)=C3,O=C(NC1=C(c2cccc(Cl)c2)NC=NC=N1)c1cccnc1,LVCJHKGGMOPVON-UHFFFAOYSA-N,locally_trained_SELFIES_GRU_sampling,selfies_gru_base_v1,439f74756bc786709f318a4379037c4df186bc4d40957bdbe245910ba48e8229,exact_InChIKey_not_found,exact_InChIKey_not_found,O=C(NC1=C(c2ccccc2)NC=NC=N1)c1cccnc1,0.1758,325.759,2.451,78.74,2,5,3,2.902,0.9094,,,14929,[N][C][=N][C][=N][C][Branch1][=C][N][C][=Branch1][C][=O][C][=C][C][=C][N][=C][Ring1][=Branch1][=C][Ring2][Ring1][C][C][=C][C][=C][C][Branch1][C][Cl][=C][Ring1][#Branch1],88,fixed150_unattempted,False,eligible,O=C(NC1=C(c2cccc(Cl)c2)NC=[NH+]C=[NH+]1)c1cccnc1,LVCJHKGGMOPVON-UHFFFAOYSA-P,-6.615298,0.744519,0.308824,
GEN_ZVSQMOQRHFEBIS,,LIB_CHEMBL461101,CNCCC1=CC=CC(O)=C1C2=CC=CC=C2,CNCCc1cccc(O)c1-c1ccccc1,ZVSQMOQRHFEBIS-UHFFFAOYSA-N,locally_trained_SELFIES_GRU_sampling,selfies_gru_base_v1,439f74756bc786709f318a4379037c4df186bc4d40957bdbe245910ba48e8229,exact_InChIKey_not_found,exact_InChIKey_not_found,c1ccc(-c2ccccc2)cc1,0.1757,227.307,2.821,32.26,2,2,4,1.877,0.8415,,,17638,[C][N][C][C][C][=C][C][=C][C][Branch1][C][O][=C][Ring1][#Branch1][C][=C][C][=C][C][=C][Ring1][=Branch1],,eligible233_outside_fixed150,False,eligible,C[NH2+]CCc1cccc([O-])c1-c1ccccc1,ZVSQMOQRHFEBIS-UHFFFAOYSA-N,-6.536616,0.502071,0.289474,
GEN_ILALGKGMZJQOHO,,LIB_CHEMBL1200412,COC1=CC=CC=C1NC(=O)CSC,COc1ccccc1NC(=O)CSC,ILALGKGMZJQOHO-UHFFFAOYSA-N,locally_trained_SELFIES_GRU_sampling,selfies_gru_base_v1,439f74756bc786709f318a4379037c4df186bc4d40957bdbe245910ba48e8229,exact_InChIKey_not_found,exact_InChIKey_not_found,c1ccccc1,0.1757,211.286,1.997,38.33,1,3,4,1.61,0.8274,,,11222,[C][O][C][=C][C][=C][C][=C][Ring1][=Branch1][N][C][=Branch1][C][=O][C][S][C][Ring1][Branch1],,eligible233_outside_fixed150,False,eligible,COc1ccccc1NC(=O)CSC,ILALGKGMZJQOHO-UHFFFAOYSA-N,-6.322391,0.756262,0.311111,
GEN_STIDLCLKMJVKNN,,LIB_CHEMBL1200412,CCOC(=O)CCC1=C(O)C=C(C)C=C1,CCOC(=O)CCc1ccc(C)cc1O,STIDLCLKMJVKNN-UHFFFAOYSA-N,locally_trained_SELFIES_GRU_sampling,selfies_gru_base_v1,439f74756bc786709f318a4379037c4df186bc4d40957bdbe245910ba48e8229,exact_InChIKey_not_found,exact_InChIKey_not_found,c1ccccc1,0.1757,208.257,2.196,46.53,1,3,4,1.839,0.7714,,,14743,[C][C][O][C][=Branch1][C][=O][C][C][C][=C][Branch1][C][O][C][=C][Branch1][C][C][C][=C][Ring1][Branch2],,eligible233_outside_fixed150,False,eligible,CCOC(=O)CCc1ccc(C)cc1[O-],STIDLCLKMJVKNN-UHFFFAOYSA-M,-5.94136,0.645656,0.348837,
GEN_NSWXKTBZGLBDRD,,LIB_CHEMBL254316,CC1=NC(=O)OC2=CC=C(O)C=C21,Cc1nc(=O)oc2ccc(O)cc12,NSWXKTBZGLBDRD-UHFFFAOYSA-N,locally_trained_SELFIES_GRU_sampling,selfies_gru_base_v1,439f74756bc786709f318a4379037c4df186bc4d40957bdbe245910ba48e8229,exact_InChIKey_not_found,exact_InChIKey_not_found,O=c1ncc2ccccc2o1,0.1757,177.159,1.202,63.33,1,4,0,2.497,0.6563,,,13463,[C][C][=N][C][=Branch1][C][=O][O][C][=C][C][=C][Branch1][C][O][C][=C][Ring1][#Branch1][Ring1][N][C][C][Branch2][Ring1][Ring1][C][=C][C][=C][Branch1][=Branch2][C][Branch1][C][F][Branch1][C][F][F][C][=C][Ring1][#Branch2][C][Ring1][P][Cl],90,fixed150_unattempted,False,eligible,Cc1nc(=O)oc2ccc([O-])cc12,NSWXKTBZGLBDRD-UHFFFAOYSA-M,-6.145872,0.598675,0.320755,
GEN_MGZPKZPFCNWSEQ,,LIB_CHEMBL2103870,CC1=CC=CC=C1C(=O)NC2=NC=CN=C2C=C,C=Cc1nccnc1NC(=O)c1ccccc1C,MGZPKZPFCNWSEQ-UHFFFAOYSA-N,locally_trained_SELFIES_GRU_sampling,selfies_gru_base_v1,439f74756bc786709f318a4379037c4df186bc4d40957bdbe245910ba48e8229,exact_InChIKey_not_found,exact_InChIKey_not_found,O=C(Nc1cnccn1)c1ccccc1,0.175,239.278,2.68,54.88,1,3,3,2.273,0.8954,,,3777,[C][C][=C][C][=C][C][=C][Ring1][=Branch1][C][=Branch1][C][=O][N][C][=N][C][=C][N][=C][Ring1][=Branch1][C][=C][Ring1][N],91,fixed150_unattempted,False,eligible,C=Cc1nccnc1NC(=O)c1ccccc1C,MGZPKZPFCNWSEQ-UHFFFAOYSA-N,-6.826427,0.582754,0.294118,
GEN_BGKWBZKVPOMVFP,,LIB_CHEMBL2103870,O=C(C1=CC=CC(F)=C1)CCNS(=O)(=O)[NH1]C,CNS(=O)(=O)NCCC(=O)c1cccc(F)c1,BGKWBZKVPOMVFP-UHFFFAOYSA-N,locally_trained_SELFIES_GRU_sampling,selfies_gru_base_v1,439f74756bc786709f318a4379037c4df186bc4d40957bdbe245910ba48e8229,exact_InChIKey_not_found,exact_InChIKey_not_found,c1ccccc1,0.175,260.29,0.452,75.27,2,3,6,2.222,0.7293,,,5529,[O][=C][Branch1][N][C][=C][C][=C][C][Branch1][C][F][=C][Ring1][#Branch1][C][C][N][Ring1][#C][S][=Branch1][C][=O][=Branch1][C][=O][NH1][C][=Branch2][Ring1][P][Ring2][Ring1][Ring1],,eligible233_outside_fixed150,False,eligible,CNS(=O)(=O)NCCC(=O)c1cccc(F)c1,BGKWBZKVPOMVFP-UHFFFAOYSA-N,-6.43884,0.503,0.253968,
GEN_NIZIUWZYVNEJLO,,LIB_CHEMBL2103870,O=C(O)C1=CC=C2C=C1OC=C2C3=C(Cl)C=C(C)C(OC)=C3,COc1cc(C2=COc3cc2ccc3C(=O)O)c(Cl)cc1C,NIZIUWZYVNEJLO-UHFFFAOYSA-N,locally_trained_SELFIES_GRU_sampling,selfies_gru_base_v1,439f74756bc786709f318a4379037c4df186bc4d40957bdbe245910ba48e8229,exact_InChIKey_not_found,exact_InChIKey_not_found,C1=C(c2ccccc2)c2cccc(c2)O1,0.1744,316.74,4.137,55.76,1,3,3,3.305,0.9244,,,17767,[O][=C][Branch1][C][O][C][=C][C][=C][C][=C][Ring1][=Branch1][O][C][=C][Ring1][=Branch1][C][=C][Branch1][C][Cl][C][=C][Branch1][C][C][C][Branch1][Ring1][O][C][=C][Ring1][#Branch2],92,fixed150_unattempted,False,eligible,COc1cc(C2=COc3cc2ccc3C(=O)[O-])c(Cl)cc1C,NIZIUWZYVNEJLO-UHFFFAOYSA-M,-6.613755,0.699174,0.295082,
GEN_YINBZUOPHUNBBG,,LIB_CHEMBL44657,CCCOC(=O)CC1=CC=C2C(=C1)OCO2,CCCOC(=O)Cc1ccc2c(c1)OCO2,YINBZUOPHUNBBG-UHFFFAOYSA-N,locally_trained_SELFIES_GRU_sampling,selfies_gru_base_v1,439f74756bc786709f318a4379037c4df186bc4d40957bdbe245910ba48e8229,exact_InChIKey_not_found,exact_InChIKey_not_found,c1ccc2c(c1)OCO2,0.1744,222.24,1.911,44.76,0,4,4,1.922,0.7299,,,2748,[C][C][C][O][C][=Branch1][C][=O][C][C][=C][C][=C][C][=Branch1][Ring2][=C][Ring1][=Branch1][O][C][O][Ring1][=Branch1],,eligible233_outside_fixed150,False,eligible,CCCOC(=O)Cc1ccc2c(c1)OCO2,YINBZUOPHUNBBG-UHFFFAOYSA-N,-5.604447,0.464323,0.461538,
GEN_WXURYXYTWWBLHS,,LIB_CHEMBL1983268,N1S(=O)(=O)C=CC=C1NC(=O)C2=CC=CC=C2CC,CCc1ccccc1C(=O)NC1=CC=CS(=O)(=O)N1,WXURYXYTWWBLHS-UHFFFAOYSA-N,locally_trained_SELFIES_GRU_sampling,selfies_gru_base_v1,439f74756bc786709f318a4379037c4df186bc4d40957bdbe245910ba48e8229,exact_InChIKey_not_found,exact_InChIKey_not_found,O=C(NC1=CC=CS(=O)(=O)N1)c1ccccc1,0.1739,278.333,1.267,75.27,2,3,3,3.008,0.8739,,,2386,[N][S][=Branch1][C][=O][=Branch1][C][=O][C][=C][C][=C][Branch1][S][N][C][=Branch1][C][=O][C][=C][C][=C][C][=C][Ring1][=Branch1][C][C][Ring1][P][=C][Branch1][N][C][=C][C][=C][Branch1][C][Cl][C][=C][Ring1][#Branch1][Cl][N][Branch1][O][C][C][C][C][O][N][Ring1][S][C][=C][C][=C][C][=C][Ring1][=Branch1][Ring2][Ring1][=Branch2],94,fixed150_unattempted,False,eligible,CCc1ccccc1C(=O)NC1=CC=CS(=O)(=O)N1,WXURYXYTWWBLHS-UHFFFAOYSA-N,-6.32262,0.584503,0.25,
GEN_IBCOSXNRCGPUKC,,LIB_CHEMBL1200412,CCNC1=CC=CC=C1N(CC2=CC=CC=C2)C(=O)O,CCNc1ccccc1N(Cc1ccccc1)C(=O)O,IBCOSXNRCGPUKC-UHFFFAOYSA-N,locally_trained_SELFIES_GRU_sampling,selfies_gru_base_v1,439f74756bc786709f318a4379037c4df186bc4d40957bdbe245910ba48e8229,exact_InChIKey_not_found,exact_InChIKey_not_found,c1ccc(CNc2ccccc2)cc1,0.1733,270.332,3.803,52.57,2,2,5,1.971,0.8684,,,7526,[C][C][N][C][=C][C][=C][C][=C][Ring1][=Branch1][N][Branch1][#Branch2][C][C][=C][C][=C][C][=C][Ring1][=Branch1][C][=Branch1][C][=O][O],96,fixed150_unattempted,False,blocked,,,,,,rule stable stereocenter unspecified
GEN_VVZACUSGADPZTD,,LIB_CHEMBL461101,CCCOC(=O)CC1=CC=C2C=C1C(=O)N2CC,CCCOC(=O)Cc1ccc2cc1C(=O)N2CC,VVZACUSGADPZTD-UHFFFAOYSA-N,locally_trained_SELFIES_GRU_sampling,selfies_gru_base_v1,439f74756bc786709f318a4379037c4df186bc4d40957bdbe245910ba48e8229,exact_InChIKey_not_found,exact_InChIKey_not_found,O=C1Nc2cccc1c2,0.1728,247.294,2.162,46.61,0,3,5,3.104,0.749,,,13901,[C][C][C][O][C][=Branch1][C][=O][C][C][=C][C][=C][C][=C][Ring1][=Branch1][C][=Branch1][C][=O][N][Ring1][=Branch1][C][C],98,fixed150_unattempted,False,eligible,CCCOC(=O)Cc1ccc2cc1C(=O)N2CC,VVZACUSGADPZTD-UHFFFAOYSA-N,-5.793206,0.480837,0.36,
GEN_STCLCGKZONRRNM,,LIB_CHEMBL1200412,CN(CC1=CC=CN=C1)C(=O)NCCC2=CC=CC3=CC=CC=C23,CN(Cc1cccnc1)C(=O)NCCc1cccc2ccccc12,STCLCGKZONRRNM-UHFFFAOYSA-N,locally_trained_SELFIES_GRU_sampling,selfies_gru_base_v1,439f74756bc786709f318a4379037c4df186bc4d40957bdbe245910ba48e8229,exact_InChIKey_not_found,exact_InChIKey_not_found,O=C(NCCc1cccc2ccccc12)NCc1cccnc1,0.1724,319.408,3.619,45.23,1,2,5,1.967,0.7805,,,4981,[C][N][Branch1][#Branch2][C][C][=C][C][=C][N][=C][Ring1][=Branch1][C][=Branch1][C][=O][N][C][Branch1][P][C][C][=C][C][=C][C][=C][C][=C][C][=C][Ring1][#Branch2][Ring1][=Branch1],99,fixed150_unattempted,False,blocked,,,,,,rule stable stereocenter unspecified
GEN_NUXJEGOVIHTSBC,,LIB_CHEMBL1200412,NC(=O)CCC1=CC=C(C#N)C=C1,N#Cc1ccc(CCC(N)=O)cc1,NUXJEGOVIHTSBC-UHFFFAOYSA-N,locally_trained_SELFIES_GRU_sampling,selfies_gru_base_v1,439f74756bc786709f318a4379037c4df186bc4d40957bdbe245910ba48e8229,exact_InChIKey_not_found,exact_InChIKey_not_found,c1ccccc1,0.1714,174.203,0.976,66.88,1,2,3,1.756,0.7416,,,18978,[N][C][=Branch1][C][=O][C][C][C][=C][C][=C][Branch1][Ring1][C][#N][C][=C][Ring1][Branch2],,eligible233_outside_fixed150,False,eligible,N#Cc1ccc(CCC(N)=O)cc1,NUXJEGOVIHTSBC-UHFFFAOYSA-N,-6.038856,0.517736,0.289474,
GEN_FALWINKOWITWAL,,LIB_CHEMBL461101,CC(C)(O)C1=CC(C)=CC(NC2=CC=CC=C2)=N1,Cc1cc(Nc2ccccc2)nc(C(C)(C)O)c1,FALWINKOWITWAL-UHFFFAOYSA-N,locally_trained_SELFIES_GRU_sampling,selfies_gru_base_v1,439f74756bc786709f318a4379037c4df186bc4d40957bdbe245910ba48e8229,exact_InChIKey_not_found,exact_InChIKey_not_found,c1ccc(Nc2ccccn2)cc1,0.1711,242.322,3.361,45.15,2,3,3,2.124,0.8671,,,5024,[C][C][Branch1][C][C][Branch1][C][O][C][=C][C][Branch1][C][C][=C][C][Branch1][#Branch2][N][C][=C][C][=C][C][=C][Ring1][=Branch1][=N][Ring1][=C][C][=C][C][=C][C][Branch1][C][O][=C][Ring1][#Branch1],102,fixed150_unattempted,False,eligible,Cc1cc(Nc2ccccc2)nc(C(C)(C)O)c1,FALWINKOWITWAL-UHFFFAOYSA-N,-6.793138,0.670781,0.269841,
GEN_NWKRXBSSLVDEOX,,LIB_CHEMBL2103870,O=C(C1=CC=CC=C1)NC(=O)CCCC(C)C,CC(C)CCCC(=O)NC(=O)c1ccccc1,NWKRXBSSLVDEOX-UHFFFAOYSA-N,locally_trained_SELFIES_GRU_sampling,selfies_gru_base_v1,439f74756bc786709f318a4379037c4df186bc4d40957bdbe245910ba48e8229,exact_InChIKey_not_found,exact_InChIKey_not_found,c1ccccc1,0.1711,233.311,2.769,46.17,1,2,5,1.631,0.8496,,,1733,[O][=C][Branch1][=Branch2][C][=C][C][=C][C][=C][Ring1][=Branch1][N][C][=Branch1][C][=O][C][C][C][C][Branch1][C][C][C],,eligible233_outside_fixed150,False,eligible,CC(C)CCCC(=O)NC(=O)c1ccccc1,NWKRXBSSLVDEOX-UHFFFAOYSA-N,-6.428641,0.485316,0.348837,
GEN_OJYDXVKHMWVVTO,,LIB_CHEMBL1200412,O=C(NCCC1CCNCC1)C2=CC=CC=C2,O=C(NCCC1CCNCC1)c1ccccc1,OJYDXVKHMWVVTO-UHFFFAOYSA-N,locally_trained_SELFIES_GRU_sampling,selfies_gru_base_v1,439f74756bc786709f318a4379037c4df186bc4d40957bdbe245910ba48e8229,exact_InChIKey_not_found,exact_InChIKey_not_found,O=C(NCCC1CCNCC1)c1ccccc1,0.1711,232.327,1.806,41.13,2,2,4,1.812,0.8309,,,14669,[O][=C][Branch1][N][N][C][C][C][C][C][N][C][C][Ring1][=Branch1][C][=C][C][=C][C][=C][Ring1][=Branch1],103,fixed150_unattempted,False,eligible,O=C(NCCC1CC[NH2+]CC1)c1ccccc1,OJYDXVKHMWVVTO-UHFFFAOYSA-O,-6.413831,0.475509,0.367347,
GEN_OQANJVDQLNFYTF,,LIB_CHEMBL2103870,CCCN(CC)CC(=O)NC1=CC=CC=C1,CCCN(CC)CC(=O)Nc1ccccc1,OQANJVDQLNFYTF-UHFFFAOYSA-N,locally_trained_SELFIES_GRU_sampling,selfies_gru_base_v1,439f74756bc786709f318a4379037c4df186bc4d40957bdbe245910ba48e8229,exact_InChIKey_not_found,exact_InChIKey_not_found,c1ccccc1,0.1711,220.316,2.357,32.34,1,2,6,1.617,0.7978,,,11017,[C][C][C][N][Branch1][Ring1][C][C][C][C][=Branch1][C][=O][N][C][=C][C][=C][C][=C][Ring1][=Branch1],,eligible233_outside_fixed150,False,blocked,,,,,,rule stable stereocenter unspecified
GEN_QKXYXMOLRIUVCE,,LIB_CHEMBL2103870,CCCNC(=O)CCC(=O)NC1=CC=CC(C(F)(F)F)=C1,CCCNC(=O)CCC(=O)Nc1cccc(C(F)(F)F)c1,QKXYXMOLRIUVCE-UHFFFAOYSA-N,locally_trained_SELFIES_GRU_sampling,selfies_gru_base_v1,439f74756bc786709f318a4379037c4df186bc4d40957bdbe245910ba48e8229,exact_InChIKey_not_found,exact_InChIKey_not_found,c1ccccc1,0.1707,302.296,2.95,58.2,2,2,6,1.81,0.8485,,,12170,[C][C][C][N][C][=Branch1][C][=O][C][C][C][=Branch1][C][=O][N][C][=C][C][=C][C][Branch1][=Branch2][C][Branch1][C][F][Branch1][C][F][F][=C][Ring1][#Branch2],,eligible233_outside_fixed150,False,eligible,CCCNC(=O)CCC(=O)Nc1cccc(C(F)(F)F)c1,QKXYXMOLRIUVCE-UHFFFAOYSA-N,-6.230723,0.548131,0.326531,
GEN_PRCIVCTUNNEUFE,,LIB_CHEMBL254316,CCOC(=O)C(C)(C)CNC(=O)C1=CC=C(C#N)C=C1,CCOC(=O)C(C)(C)CNC(=O)c1ccc(C#N)cc1,PRCIVCTUNNEUFE-UHFFFAOYSA-N,locally_trained_SELFIES_GRU_sampling,selfies_gru_base_v1,439f74756bc786709f318a4379037c4df186bc4d40957bdbe245910ba48e8229,exact_InChIKey_not_found,exact_InChIKey_not_found,c1ccccc1,0.1707,274.32,1.877,79.19,1,4,5,2.119,0.8313,,,13461,[C][C][O][C][=Branch1][C][=O][C][Branch1][C][C][Branch1][C][C][C][N][C][=Branch1][C][=O][C][=C][C][=C][Branch1][Ring1][C][#N][C][=C][Ring1][Branch2],,eligible233_outside_fixed150,False,eligible,CCOC(=O)C(C)(C)CNC(=O)c1ccc(C#N)cc1,PRCIVCTUNNEUFE-UHFFFAOYSA-N,-6.462998,0.484009,0.333333,
GEN_VIOKPGXBDQVQIV,,LIB_CHEMBL4204794,CCN(CC)CCOC1=CC=C(C2=CC=C(F)C=C2)N=CC1=O,CCN(CC)CCOc1ccc(-c2ccc(F)cc2)ncc1=O,VIOKPGXBDQVQIV-UHFFFAOYSA-N,locally_trained_SELFIES_GRU_sampling,selfies_gru_base_v1,439f74756bc786709f318a4379037c4df186bc4d40957bdbe245910ba48e8229,exact_InChIKey_not_found,exact_InChIKey_not_found,O=c1cccc(-c2ccccc2)nc1,0.1707,316.376,2.969,42.43,0,4,7,2.252,0.7874,,,7670,[C][C][N][Branch1][Ring1][C][C][C][C][O][C][=C][C][=C][Branch1][N][C][=C][C][=C][Branch1][C][F][C][=C][Ring1][#Branch1][N][=C][Ring1][=Branch2][C][Ring1][=C][=O],105,fixed150_unattempted,False,eligible,CC[NH+](CC)CCOc1ccc(-c2ccc(F)cc2)ncc1=O,VIOKPGXBDQVQIV-UHFFFAOYSA-O,-6.243688,0.810234,0.344828,
GEN_DSFCEQXKOBAZFX,,LIB_CHEMBL3989868,COC1=CC(NS(C)(=O)=O)=CC=C1N2C=NC=N2,COc1cc(NS(C)(=O)=O)ccc1-n1cncn1,DSFCEQXKOBAZFX-UHFFFAOYSA-N,locally_trained_SELFIES_GRU_sampling,selfies_gru_base_v1,439f74756bc786709f318a4379037c4df186bc4d40957bdbe245910ba48e8229,exact_InChIKey_not_found,exact_InChIKey_not_found,c1ccc(-n2cncn2)cc1,0.1705,268.298,0.647,86.11,1,5,4,2.194,0.8794,,,1504,[C][O][C][=C][C][Branch1][#Branch2][N][S][Branch1][C][C][=Branch1][C][=O][=O][=C][C][=C][Ring1][O][N][C][=N][C][=N][Ring1][Branch1][C][C][Ring1][=Branch1],106,fixed150_unattempted,False,eligible,COc1cc(NS(C)(=O)=O)ccc1-n1cncn1,DSFCEQXKOBAZFX-UHFFFAOYSA-N,-6.283501,0.639967,0.283784,
GEN_JGQLLRPIDSCOSB,,LIB_CHEMBL1200412,CCOC(=O)CS(=O)(=O)N1CC2=CC=CC=C2N1C(=O)NC3=CC=CC=C3,CCOC(=O)CS(=O)(=O)N1Cc2ccccc2N1C(=O)Nc1ccccc1,JGQLLRPIDSCOSB-UHFFFAOYSA-N,locally_trained_SELFIES_GRU_sampling,selfies_gru_base_v1,439f74756bc786709f318a4379037c4df186bc4d40957bdbe245910ba48e8229,exact_InChIKey_not_found,exact_InChIKey_not_found,O=C(Nc1ccccc1)N1NCc2ccccc21,0.1705,389.433,2.349,96.02,1,5,5,2.662,0.7922,,,18560,[C][C][O][C][=Branch1][C][=O][C][S][=Branch1][C][=O][=Branch1][C][=O][N][C][C][=C][C][=C][C][=C][Ring1][=Branch1][N][Ring1][=Branch2][C][=Branch1][C][=O][N][C][=C][C][=C][C][=C][Ring1][=Branch1],107,fixed150_unattempted,False,eligible,CCOC(=O)CS(=O)(=O)[NH+]1Cc2ccccc2N1C(=O)Nc1ccccc1,JGQLLRPIDSCOSB-UHFFFAOYSA-O,-6.677306,0.722495,0.342105,
GEN_RODXFWDTEKQELM,,LIB_CHEMBL2103870,C1NC(=O)C[C@H1]1CN(C)CCOC2=CC=C(F)C(C3=CC=CC=C3)=N2,CN(CCOc1ccc(F)c(-c2ccccc2)n1)C[C@H]1CNC(=O)C1,RODXFWDTEKQELM-CQSZACIVSA-N,locally_trained_SELFIES_GRU_sampling,selfies_gru_base_v1,439f74756bc786709f318a4379037c4df186bc4d40957bdbe245910ba48e8229,exact_InChIKey_not_found,exact_InChIKey_not_found,O=C1CC(CNCCOc2cccc(-c3ccccc3)n2)CN1,0.1702,343.402,2.334,54.46,1,4,7,2.981,0.8384,,,19712,[C][N][C][=Branch1][C][=O][C][C@H1][Ring1][=Branch1][C][N][Branch1][C][C][C][C][O][C][=C][C][=C][Branch1][C][F][C][Branch1][=Branch2][C][=C][C][=C][C][=C][Ring1][=Branch1][=N][Ring1][=N][C][C][Ring2][Ring1][Branch2],109,fixed150_unattempted,False,blocked,,,,,,rule stable stereocenter unspecified
GEN_IFFGRCSVPZJHOP,,LIB_CHEMBL36506,C1OC(=O)C=CC=C1NC(=O)CC2=CN=CC=C2C(N)=O,NC(=O)c1ccncc1CC(=O)NC1=CC=CC(=O)OC1,IFFGRCSVPZJHOP-UHFFFAOYSA-N,locally_trained_SELFIES_GRU_sampling,selfies_gru_base_v1,439f74756bc786709f318a4379037c4df186bc4d40957bdbe245910ba48e8229,exact_InChIKey_not_found,exact_InChIKey_not_found,O=C(Cc1cccnc1)NC1=CC=CC(=O)OC1,0.1698,287.275,-0.164,111.38,2,5,4,2.961,0.7471,,,9229,[C][O][C][=Branch1][C][=O][C][=C][C][=C][Branch2][Ring1][#Branch2][N][C][=Branch1][C][=O][C][C][=C][N][=C][C][=C][Ring1][=Branch1][C][Branch1][C][N][=O][=C][C][=C][Ring2][Ring1][Ring2][Ring1][=N],110,fixed150_unattempted,False,eligible,NC(=O)c1ccncc1CC(=O)NC1=CC=CC(=O)OC1,IFFGRCSVPZJHOP-UHFFFAOYSA-N,-6.603601,0.772656,0.218182,
GEN_LZDQPXAJNKGROO,,LIB_CHEMBL2103870,CN(C)CC(=O)NC1=CC=CC=C1,CN(C)CC(=O)Nc1ccccc1,LZDQPXAJNKGROO-UHFFFAOYSA-N,locally_trained_SELFIES_GRU_sampling,selfies_gru_base_v1,439f74756bc786709f318a4379037c4df186bc4d40957bdbe245910ba48e8229,exact_InChIKey_not_found,exact_InChIKey_not_found,c1ccccc1,0.169,178.235,1.187,32.34,1,2,3,1.43,0.7536,,,13778,[C][N][Branch1][C][C][C][C][=Branch1][C][=O][N][C][=C][C][=C][C][=C][Ring1][=Branch1],,eligible233_outside_fixed150,False,eligible,C[NH+](C)CC(=O)Nc1ccccc1,LZDQPXAJNKGROO-UHFFFAOYSA-O,-6.254704,0.409969,0.485714,
GEN_DHUDCBCQKIWLSB,,LIB_CHEMBL461101,CC1=CN=CC=C1NC(=O)C,CC(=O)Nc1ccncc1C,DHUDCBCQKIWLSB-UHFFFAOYSA-N,locally_trained_SELFIES_GRU_sampling,selfies_gru_base_v1,439f74756bc786709f318a4379037c4df186bc4d40957bdbe245910ba48e8229,exact_InChIKey_not_found,exact_InChIKey_not_found,c1ccncc1,0.169,150.181,1.348,41.99,1,2,1,1.843,0.6561,,,8211,[C][C][=C][N][=C][C][=C][Ring1][=Branch1][N][C][=Branch1][C][=O][C],,eligible233_outside_fixed150,False,eligible,CC(=O)Nc1ccncc1C,DHUDCBCQKIWLSB-UHFFFAOYSA-N,-6.112369,0.3456,0.363636,
GEN_WVRDHKUUWHAGSA,,LIB_CHEMBL1200412,O=C(O)C1=C2C=CC(=C1)C[C@@H1]3C[C@]2(C)O3,C[C@]12C[C@@H](Cc3ccc1c(C(=O)O)c3)O2,WVRDHKUUWHAGSA-PELKAZGASA-N,locally_trained_SELFIES_GRU_sampling,selfies_gru_base_v1,439f74756bc786709f318a4379037c4df186bc4d40957bdbe245910ba48e8229,exact_InChIKey_not_found,exact_InChIKey_not_found,c1cc2ccc1CC1CC2O1,0.1688,204.225,1.945,46.53,1,2,1,4.727,0.76,,,13364,[O][=C][Branch1][C][O][C][=C][C][=C][C][=Branch1][Ring2][=C][Ring1][=Branch1][C][C@@H1][C][C@][Ring1][=Branch2][Branch1][C][C][O][Ring1][Branch1],111,fixed150_unattempted,False,eligible,C[C@]12C[C@@H](Cc3ccc1c(C(=O)[O-])c3)O2,WVRDHKUUWHAGSA-PELKAZGASA-M,-6.049747,0.807687,0.290909,
GEN_SWUIFGGWWHHFEL,,LIB_CHEMBL461101,CC1=CC=CC(=C1)CN2[C@H1](C)C(=O)C3=CC=C(O)C=C32,Cc1cccc(CN2c3cc(O)ccc3C(=O)[C@H]2C)c1,SWUIFGGWWHHFEL-GFCCVEGCSA-N,locally_trained_SELFIES_GRU_sampling,selfies_gru_base_v1,439f74756bc786709f318a4379037c4df186bc4d40957bdbe245910ba48e8229,exact_InChIKey_not_found,exact_InChIKey_not_found,O=C1CN(Cc2ccccc2)c2ccccc21,0.1687,267.328,3.292,40.54,1,3,2,2.814,0.9073,,,13154,[C][C][=C][C][=C][C][=Branch1][Ring2][=C][Ring1][=Branch1][C][N][C@H1][Branch1][Ring2][C][Ring1][=Branch1][C][=Branch1][C][=O][C][=C][C][=C][Branch1][C][O][C][=C][Ring1][#Branch1][Ring1][N],113,fixed150_unattempted,False,eligible,Cc1cccc(C[NH+]2c3cc([O-])ccc3C(=O)[C@H]2C)c1,SWUIFGGWWHHFEL-GFCCVEGCSA-N,-6.688398,0.731547,0.265306,
GEN_IXEZEGQAHXJGFO,,LIB_CHEMBL254316,CC(C)C1=NC=CN(CC2=CC=CC(O)=C2)C1=O,CC(C)c1nccn(Cc2cccc(O)c2)c1=O,IXEZEGQAHXJGFO-UHFFFAOYSA-N,locally_trained_SELFIES_GRU_sampling,selfies_gru_base_v1,439f74756bc786709f318a4379037c4df186bc4d40957bdbe245910ba48e8229,exact_InChIKey_not_found,exact_InChIKey_not_found,O=c1cnccn1Cc1ccccc1,0.1687,244.294,2.121,55.12,1,3,3,2.307,0.8994,,,584,[C][C][Branch1][C][C][C][=N][C][=C][N][Branch1][=N][C][C][=C][C][=C][C][Branch1][C][O][=C][Ring1][#Branch1][C][Ring1][=C][=O][C][=C][Ring2][Ring1][C],114,fixed150_unattempted,False,eligible,CC(C)c1nccn(Cc2cccc([O-])c2)c1=O,IXEZEGQAHXJGFO-UHFFFAOYSA-M,-6.354843,0.597562,0.295082,
GEN_QAXNLDQPOKWYFU,,LIB_CHEMBL2103870,CC(C)CCN(CC(=O)NC1=CC=CC=C1C)CCC,CCCN(CCC(C)C)CC(=O)Nc1ccccc1C,QAXNLDQPOKWYFU-UHFFFAOYSA-N,locally_trained_SELFIES_GRU_sampling,selfies_gru_base_v1,439f74756bc786709f318a4379037c4df186bc4d40957bdbe245910ba48e8229,exact_InChIKey_not_found,exact_InChIKey_not_found,c1ccccc1,0.1687,276.424,3.692,32.34,1,2,8,1.877,0.7851,,,17510,[C][C][Branch1][C][C][C][C][N][Branch1][Branch2][C][C][=Branch1][C][=O][N][Branch1][#Branch2][C][=C][C][=C][C][=C][Ring1][=Branch1][C][C][C][C][Ring1][Branch1],,eligible233_outside_fixed150,False,blocked,,,,,,rule stable stereocenter unspecified
GEN_RYGAFBFPTNEINI,,LIB_CHEMBL2103870,O=C(O)CCNC1=CC(C(F)(F)F)=CC=C1NC(=O)C2=CC=CC=C2,O=C(O)CCNc1cc(C(F)(F)F)ccc1NC(=O)c1ccccc1,RYGAFBFPTNEINI-UHFFFAOYSA-N,locally_trained_SELFIES_GRU_sampling,selfies_gru_base_v1,439f74756bc786709f318a4379037c4df186bc4d40957bdbe245910ba48e8229,exact_InChIKey_not_found,exact_InChIKey_not_found,O=C(Nc1ccccc1)c1ccccc1,0.1687,352.312,3.844,78.43,3,3,6,1.94,0.738,,,6415,[O][=C][Branch1][C][O][C][C][N][C][=C][C][Branch1][=Branch2][C][Branch1][C][F][Branch1][C][F][F][=C][C][=C][Ring1][#Branch2][N][C][=Branch1][C][=O][C][=C][C][=C][C][=C][Ring1][=Branch1],,eligible233_outside_fixed150,False,eligible,O=C([O-])CCNc1cc(C(F)(F)F)ccc1NC(=O)c1ccccc1,RYGAFBFPTNEINI-UHFFFAOYSA-M,-6.686799,0.6992,0.306122,
GEN_UPKLBHDIXXLDDY,,LIB_CHEMBL1983268,N#CC1=CC=C(NC(=O)NC2=CC=C(F)C=C2F)N(C)CC1=C,C=C1CN(C)C(NC(=O)Nc2ccc(F)cc2F)=CC=C1C#N,UPKLBHDIXXLDDY-UHFFFAOYSA-N,locally_trained_SELFIES_GRU_sampling,selfies_gru_base_v1,439f74756bc786709f318a4379037c4df186bc4d40957bdbe245910ba48e8229,exact_InChIKey_not_found,exact_InChIKey_not_found,C=C1C=CC=C(NC(=O)Nc2ccccc2)NC1,0.1683,316.311,2.879,68.16,2,3,2,3.238,0.8813,,,4348,[N][#C][C][=C][C][=C][Branch2][Ring1][=Branch1][N][C][=Branch1][C][=O][N][C][=C][C][=C][Branch1][C][F][C][=C][Ring1][#Branch1][F][C][C][C][N][Branch1][C][C][C][C][Ring2][Ring1][Ring2][=C][Ring2][Ring1][=Branch1],115,fixed150_unattempted,False,eligible,C=C1C[NH+](C)C(NC(=O)Nc2ccc(F)cc2F)=CC=C1C#N,UPKLBHDIXXLDDY-UHFFFAOYSA-O,-6.603813,0.551874,0.26506,
GEN_HRPBTHJJYMZDKX,,LIB_CHEMBL1200412,C1NCCCN(C)C(=O)N1CC2=CC=CC=C2,CN1CCCNCN(Cc2ccccc2)C1=O,HRPBTHJJYMZDKX-UHFFFAOYSA-N,locally_trained_SELFIES_GRU_sampling,selfies_gru_base_v1,439f74756bc786709f318a4379037c4df186bc4d40957bdbe245910ba48e8229,exact_InChIKey_not_found,exact_InChIKey_not_found,O=C1NCCCNCN1Cc1ccccc1,0.1667,233.315,1.491,35.58,1,2,2,2.332,0.8398,,,5928,[C][N][C][C][C][N][Branch1][C][C][C][=Branch1][C][=O][N][Branch1][#Branch2][C][C][=C][C][=C][C][=C][Ring1][=Branch1][Ring1][N][C][Branch1][#C][N][C][C][C][N][C][C][O][C][C][Ring1][=Branch1][C][C][Ring1][S],117,fixed150_unattempted,False,eligible,C[NH+]1CCC[NH2+]C[NH+](Cc2ccccc2)C1=O,HRPBTHJJYMZDKX-UHFFFAOYSA-Q,-6.167386,0.586613,0.24,
GEN_CULSGJFZWSLHOA,,LIB_CHEMBL3894860,C1C2=CC=CC=C2NC(=O)NCCCN(CC)C1=O,CCN1CCCNC(=O)Nc2ccccc2CC1=O,CULSGJFZWSLHOA-UHFFFAOYSA-N,locally_trained_SELFIES_GRU_sampling,selfies_gru_base_v1,439f74756bc786709f318a4379037c4df186bc4d40957bdbe245910ba48e8229,exact_InChIKey_not_found,exact_InChIKey_not_found,O=C1Cc2ccccc2NC(=O)NCCCN1,0.1667,261.325,1.603,61.44,2,2,1,2.923,0.8064,,,4728,[C][C][=C][C][=C][C][=C][Ring1][=Branch1][N][C][=Branch1][C][=O][N][C][C][C][N][Branch1][Ring1][C][C][C][Ring2][Ring1][C][=O],118,fixed150_unattempted,False,eligible,CC[NH+]1CCCNC(=O)Nc2ccccc2CC1=O,CULSGJFZWSLHOA-UHFFFAOYSA-O,-6.229636,0.722897,0.269231,
GEN_STEUQRVHQPHGQA,,LIB_CHEMBL461101,CC(C)(C)NC(=O)CSC1=CC=CC(=C1)CNC2=CC=CC=C2,CC(C)(C)NC(=O)CSc1cccc(CNc2ccccc2)c1,STEUQRVHQPHGQA-UHFFFAOYSA-N,locally_trained_SELFIES_GRU_sampling,selfies_gru_base_v1,439f74756bc786709f318a4379037c4df186bc4d40957bdbe245910ba48e8229,exact_InChIKey_not_found,exact_InChIKey_not_found,c1ccc(CNc2ccccc2)cc1,0.1667,328.481,4.306,41.13,2,3,6,1.934,0.7766,,,17373,[C][C][Branch1][C][C][Branch1][C][C][N][C][=Branch1][C][=O][C][S][C][=C][C][=C][C][=Branch1][Ring2][=C][Ring1][=Branch1][C][N][C][=C][C][=C][C][=C][Ring1][=Branch1],120,fixed150_unattempted,False,eligible,CC(C)(C)NC(=O)CSc1cccc(CNc2ccccc2)c1,STEUQRVHQPHGQA-UHFFFAOYSA-N,-6.714713,0.548938,0.285714,
GEN_SWBATIJHHABMLA,,LIB_CHEMBL3894860,CC1=C2C=CC(=C1)COC(=O)NC3=CN=CC=C32,Cc1cc2ccc1-c1ccncc1NC(=O)OC2,SWBATIJHHABMLA-UHFFFAOYSA-N,locally_trained_SELFIES_GRU_sampling,selfies_gru_base_v1,439f74756bc786709f318a4379037c4df186bc4d40957bdbe245910ba48e8229,exact_InChIKey_not_found,exact_InChIKey_not_found,O=C1Nc2cnccc2-c2ccc(cc2)CO1,0.1667,240.262,3.119,51.22,1,3,0,3.85,0.7693,,,6718,[C][C][=C][C][=C][C][=Branch1][Ring2][=C][Ring1][=Branch1][C][O][C][=Branch1][C][=O][N][C][=C][N][=C][C][=C][Ring1][=Branch1][Ring1][S],121,fixed150_unattempted,False,eligible,Cc1cc2ccc1-c1ccncc1NC(=O)OC2,SWBATIJHHABMLA-UHFFFAOYSA-N,-6.575579,0.865562,0.224138,
GEN_XLURWPWFTDZIRJ,,LIB_CHEMBL1200412,COC1=CC=CC=C1NC(=O)OCC2=C[NH1]C3=CC=CC=C23,COc1ccccc1NC(=O)OCc1c[nH]c2ccccc12,XLURWPWFTDZIRJ-UHFFFAOYSA-N,locally_trained_SELFIES_GRU_sampling,selfies_gru_base_v1,439f74756bc786709f318a4379037c4df186bc4d40957bdbe245910ba48e8229,exact_InChIKey_not_found,exact_InChIKey_not_found,O=C(Nc1ccccc1)OCc1c[nH]c2ccccc12,0.1667,296.326,3.925,63.35,2,3,4,1.871,0.7665,,,1317,[C][O][C][=C][C][=C][C][=C][Ring1][=Branch1][N][C][=Branch1][C][=O][O][C][C][=C][NH1][C][=C][C][=C][C][=C][Ring1][=Branch2][Ring1][=Branch1],122,fixed150_unattempted,False,eligible,COc1ccccc1NC(=O)OCc1c[nH]c2ccccc12,XLURWPWFTDZIRJ-UHFFFAOYSA-N,-6.431178,0.570656,0.35,
GEN_DGKFQUQDCNGICE,,LIB_CHEMBL4204794,C1C=CC(C2=CC=C(F)C=C2)=NC(N)=N1,NC1=NCC=CC(c2ccc(F)cc2)=N1,DGKFQUQDCNGICE-UHFFFAOYSA-N,locally_trained_SELFIES_GRU_sampling,selfies_gru_base_v1,439f74756bc786709f318a4379037c4df186bc4d40957bdbe245910ba48e8229,exact_InChIKey_not_found,exact_InChIKey_not_found,C1=CC(c2ccccc2)=NC=NC1,0.1667,203.22,1.499,50.74,1,3,1,2.927,0.7384,,,3340,[C][C][=C][C][Branch1][N][C][=C][C][=C][Branch1][C][F][C][=C][Ring1][#Branch1][=N][C][Branch1][C][N][=N][Ring1][P],124,fixed150_unattempted,False,eligible,NC1=[NH+]CC=CC(c2ccc(F)cc2)=N1,DGKFQUQDCNGICE-UHFFFAOYSA-O,-6.387508,0.677582,0.209302,
GEN_POIOHHCKCDKCNL,,LIB_CHEMBL1983268,COC1=CC=CC=C1C(=O)NC2=C(C)C=C(C#N)C(F)=C2,COc1ccccc1C(=O)Nc1cc(F)c(C#N)cc1C,POIOHHCKCDKCNL-UHFFFAOYSA-N,locally_trained_SELFIES_GRU_sampling,selfies_gru_base_v1,439f74756bc786709f318a4379037c4df186bc4d40957bdbe245910ba48e8229,exact_InChIKey_not_found,exact_InChIKey_not_found,O=C(Nc1ccccc1)c1ccccc1,0.1649,284.29,3.267,62.12,1,3,3,1.899,0.9405,,,16230,[C][O][C][=C][C][=C][C][=C][Ring1][=Branch1][C][=Branch1][C][=O][N][C][=C][Branch1][C][C][C][=C][Branch1][Ring1][C][#N][C][Branch1][C][F][=C][Ring1][#Branch2],,eligible233_outside_fixed150,False,eligible,COc1ccccc1C(=O)Nc1cc(F)c(C#N)cc1C,POIOHHCKCDKCNL-UHFFFAOYSA-N,-6.891158,0.590841,0.298507,
GEN_QGWSNJICUGOZGT,,LIB_CHEMBL4204794,C1COC(=O)CCN1CCN(CC2=CC=C(C)C=N2)/C=C/C3=CC=C(F)C=N3,Cc1ccc(CN(/C=C/c2ccc(F)cn2)CCN2CCOC(=O)CC2)nc1,QGWSNJICUGOZGT-SOFGYWHQSA-N,locally_trained_SELFIES_GRU_sampling,selfies_gru_base_v1,439f74756bc786709f318a4379037c4df186bc4d40957bdbe245910ba48e8229,exact_InChIKey_not_found,exact_InChIKey_not_found,O=C1CCN(CCN(C=Cc2ccccn2)Cc2ccccn2)CCO1,0.1649,384.455,2.646,58.56,0,6,7,3.058,0.6843,,,16193,[C][C][O][C][=Branch1][C][=O][C][C][N][Branch2][Ring1][P][C][C][N][Branch1][=N][C][C][=C][C][=C][Branch1][C][C][C][=N][Ring1][#Branch1][/C][=C][/C][=C][C][=C][Branch1][C][F][C][=N][Ring1][#Branch1][C][C][Ring1][=C][C][=C][C][Branch1][=Branch2][C][Branch1][C][F][Branch1][C][F][F][C][=C][Ring1][O],125,fixed150_unattempted,False,blocked,,,,,,rule stable stereocenter unspecified
GEN_NBTAAIGRSOWXAW,,LIB_CHEMBL461101,COC1=CC=CC=C1NC2=CC=CC(Cl)=C2C(=O)N3CCCCC3,COc1ccccc1Nc1cccc(Cl)c1C(=O)N1CCCCC1,NBTAAIGRSOWXAW-UHFFFAOYSA-N,locally_trained_SELFIES_GRU_sampling,selfies_gru_base_v1,439f74756bc786709f318a4379037c4df186bc4d40957bdbe245910ba48e8229,exact_InChIKey_not_found,exact_InChIKey_not_found,O=C(c1ccccc1Nc1ccccc1)N1CCCCC1,0.1647,344.842,4.718,41.57,1,3,4,1.93,0.8722,,,10372,[C][O][C][=C][C][=C][C][=C][Ring1][=Branch1][N][C][=C][C][=C][C][Branch1][C][Cl][=C][Ring1][#Branch1][C][=Branch1][C][=O][N][C][C][C][C][C][Ring1][=Branch1],126,fixed150_unattempted,False,eligible,COc1ccccc1Nc1cccc(Cl)c1C(=O)[NH+]1CCCCC1,NBTAAIGRSOWXAW-UHFFFAOYSA-O,-6.743215,0.782919,0.303571,
GEN_RLGSGFZOYVZOLX,,LIB_CHEMBL461101,CC(C)C(=O)CNC[C@H1](O)C1=CC=C(Cl)C=C1C2=CC=CC=C2,CC(C)C(=O)CNC[C@H](O)c1ccc(Cl)cc1-c1ccccc1,RLGSGFZOYVZOLX-IBGZPJMESA-N,locally_trained_SELFIES_GRU_sampling,selfies_gru_base_v1,439f74756bc786709f318a4379037c4df186bc4d40957bdbe245910ba48e8229,exact_InChIKey_not_found,exact_InChIKey_not_found,c1ccc(-c2ccccc2)cc1,0.1647,331.843,3.855,49.33,2,3,7,2.674,0.8097,,,17480,[C][C][Branch1][C][C][C][=Branch1][C][=O][C][N][C][C@H1][Branch1][C][O][C][=C][C][=C][Branch1][C][Cl][C][=C][Ring1][#Branch1][C][=C][C][=C][C][=C][Ring1][=Branch1],,eligible233_outside_fixed150,False,eligible,CC(C)C(=O)C[NH2+]C[C@H](O)c1ccc(Cl)cc1-c1ccccc1,RLGSGFZOYVZOLX-IBGZPJMESA-O,-6.366203,0.546778,0.315789,
GEN_HIVHHFYUTKFQIF,,LIB_CHEMBL461101,CCC1=CC=CC=C1C2=CC(F)=CC(Cl)=C2C(=O)O,CCc1ccccc1-c1cc(F)cc(Cl)c1C(=O)O,HIVHHFYUTKFQIF-UHFFFAOYSA-N,locally_trained_SELFIES_GRU_sampling,selfies_gru_base_v1,439f74756bc786709f318a4379037c4df186bc4d40957bdbe245910ba48e8229,exact_InChIKey_not_found,exact_InChIKey_not_found,c1ccc(-c2ccccc2)cc1,0.1646,278.71,4.407,37.3,1,1,3,2.051,0.903,,,11024,[C][C][C][=C][C][=C][C][=C][Ring1][=Branch1][C][=C][C][Branch1][C][F][=C][C][Branch1][C][Cl][=C][Ring1][Branch2][C][=Branch1][C][=O][O],,eligible233_outside_fixed150,False,eligible,CCc1ccccc1-c1cc(F)cc(Cl)c1C(=O)[O-],HIVHHFYUTKFQIF-UHFFFAOYSA-M,-6.477772,0.650267,0.320755,
GEN_OURCUNVIOHQJOL,,LIB_CHEMBL2103870,O=C(O)C1=CC=C(C2=CC=C(F)C=C2)CC1,O=C(O)C1=CC=C(c2ccc(F)cc2)CC1,OURCUNVIOHQJOL-UHFFFAOYSA-N,locally_trained_SELFIES_GRU_sampling,selfies_gru_base_v1,439f74756bc786709f318a4379037c4df186bc4d40957bdbe245910ba48e8229,exact_InChIKey_not_found,exact_InChIKey_not_found,C1=CCCC(c2ccccc2)=C1,0.1644,218.227,3.014,37.3,1,1,2,2.376,0.828,,,119,[O][=C][Branch1][C][O][C][=C][C][=C][Branch1][N][C][=C][C][=C][Branch1][C][F][C][=C][Ring1][#Branch1][C][C][Ring1][=N],128,fixed150_unattempted,False,eligible,O=C([O-])C1=CC=C(c2ccc(F)cc2)CC1,OURCUNVIOHQJOL-UHFFFAOYSA-M,-6.43715,0.647633,0.333333,
GEN_UOQUFRVFRVNBKC,,LIB_CHEMBL1983268,COC1=CC=C2C=C1OCCNCCN(CC3=CC=CC(F)=C3)N2,COc1ccc2cc1OCCNCCN(Cc1cccc(F)c1)N2,UOQUFRVFRVNBKC-UHFFFAOYSA-N,locally_trained_SELFIES_GRU_sampling,selfies_gru_base_v1,439f74756bc786709f318a4379037c4df186bc4d40957bdbe245910ba48e8229,exact_InChIKey_not_found,exact_InChIKey_not_found,c1ccc(CN2CCNCCOc3cccc(c3)N2)cc1,0.1635,331.391,2.645,45.76,2,5,3,3.921,0.9053,,,16317,[C][O][C][=C][C][=C][C][=C][Ring1][=Branch1][O][C][C][N][C][C][N][Branch1][=N][C][C][=C][C][=C][C][Branch1][C][F][=C][Ring1][#Branch1][=N][Ring2][Ring1][Ring1],129,fixed150_unattempted,False,eligible,COc1ccc2cc1OCC[NH2+]CCN(Cc1cccc(F)c1)N2,UOQUFRVFRVNBKC-UHFFFAOYSA-O,-6.716008,0.661491,0.240506,
GEN_SLHKTFBUGNEDKZ,,LIB_CHEMBL1983268,CCC1=C(C)N=CN1CCC2=CC=C(N3CCOCC3)N2,CCc1c(C)ncn1CCc1ccc(N2CCOCC2)[nH]1,SLHKTFBUGNEDKZ-UHFFFAOYSA-N,locally_trained_SELFIES_GRU_sampling,selfies_gru_base_v1,439f74756bc786709f318a4379037c4df186bc4d40957bdbe245910ba48e8229,exact_InChIKey_not_found,exact_InChIKey_not_found,c1cn(CCc2ccc(N3CCOCC3)[nH]2)cn1,0.1633,288.395,2.161,46.08,1,3,5,3.028,0.9169,,,9246,[C][C][C][=C][Branch1][C][C][N][=C][N][Ring1][=Branch1][C][C][C][=C][C][=C][Branch1][=Branch2][N][C][C][O][C][C][Ring1][=Branch1][=N][Ring1][O],130,fixed150_unattempted,False,eligible,CCc1c(C)ncn1CCc1ccc(N2CCOCC2)[n-]1,SADQHBYSYILPNY-UHFFFAOYSA-N,-6.295661,0.717028,0.225352,
GEN_ZCDZUDQBSYUWMM,,LIB_CHEMBL1983268,COC1=CC=C(Cl)C=C1C(=O)NC2CCCCC2,COc1ccc(Cl)cc1C(=O)NC1CCCCC1,ZCDZUDQBSYUWMM-UHFFFAOYSA-N,locally_trained_SELFIES_GRU_sampling,selfies_gru_base_v1,439f74756bc786709f318a4379037c4df186bc4d40957bdbe245910ba48e8229,exact_InChIKey_not_found,exact_InChIKey_not_found,O=C(NC1CCCCC1)c1ccccc1,0.163,267.756,3.411,38.33,1,2,3,1.668,0.9114,,,9436,[C][O][C][=C][C][=C][Branch1][C][Cl][C][=C][Ring1][#Branch1][C][=Branch1][C][=O][N][C][C][C][C][C][C][Ring1][=Branch1],132,fixed150_unattempted,False,eligible,COc1ccc(Cl)cc1C(=O)NC1CCCCC1,ZCDZUDQBSYUWMM-UHFFFAOYSA-N,-6.292011,0.65882,0.5,
GEN_GZLWKZOTGVUAPE,,LIB_CHEMBL1983268,O=C1[NH1]C2=CC=CC=C2N1CCCN3CCOCC3,O=c1[nH]c2ccccc2n1CCCN1CCOCC1,GZLWKZOTGVUAPE-UHFFFAOYSA-N,locally_trained_SELFIES_GRU_sampling,selfies_gru_base_v1,439f74756bc786709f318a4379037c4df186bc4d40957bdbe245910ba48e8229,exact_InChIKey_not_found,exact_InChIKey_not_found,O=c1[nH]c2ccccc2n1CCCN1CCOCC1,0.163,261.325,1.052,50.26,1,3,4,2.047,0.8948,,,11237,[O][=C][NH1][C][=C][C][=C][C][=C][Ring1][=Branch1][N][Ring1][=Branch2][C][C][C][N][C][C][O][C][C][Ring1][=Branch1],133,fixed150_unattempted,False,eligible,O=c1[n-]c2ccccc2n1CCC[NH+]1CCOCC1,GZLWKZOTGVUAPE-UHFFFAOYSA-N,-6.06589,0.818444,0.491525,
GEN_MVTPNNZMDIWPIN,,LIB_CHEMBL2103870,CCOC(=O)C1=C(C2)N=CN1CCCCC3=CC=C(Cl)C=C32,CCOC(=O)c1c2ncn1CCCCc1ccc(Cl)cc1C2,MVTPNNZMDIWPIN-UHFFFAOYSA-N,locally_trained_SELFIES_GRU_sampling,selfies_gru_base_v1,439f74756bc786709f318a4379037c4df186bc4d40957bdbe245910ba48e8229,exact_InChIKey_not_found,exact_InChIKey_not_found,c1ccc2c(c1)CCCCn1cnc(c1)C2,0.163,318.804,3.64,44.12,0,3,2,3.725,0.794,,,8751,[C][C][O][C][=Branch1][C][=O][C][=C][Branch1][C][C][N][=C][N][Ring1][=Branch1][C][C][C][C][C][=C][C][=C][Branch1][C][Cl][C][=C][Ring1][#Branch1][Ring1][#C][C][C][Ring2][Ring1][Ring2],134,fixed150_unattempted,False,eligible,CCOC(=O)c1c2ncn1CCCCc1ccc(Cl)cc1C2,MVTPNNZMDIWPIN-UHFFFAOYSA-N,-6.621367,0.952232,0.310811,
GEN_KVGFIRNMYGXXAB,,LIB_CHEMBL254316,CC(=O)CSCN1C(=O)C=C2C=CC(C(F)(F)F)=CC2=N1,CC(=O)CSCn1nc2cc(C(F)(F)F)ccc2cc1=O,KVGFIRNMYGXXAB-UHFFFAOYSA-N,locally_trained_SELFIES_GRU_sampling,selfies_gru_base_v1,439f74756bc786709f318a4379037c4df186bc4d40957bdbe245910ba48e8229,exact_InChIKey_not_found,exact_InChIKey_not_found,O=c1cc2ccccc2n[nH]1,0.1628,316.304,2.695,51.96,0,4,4,2.849,0.8701,,,8403,[C][C][=Branch1][C][=O][C][S][C][N][C][=Branch1][C][=O][C][=C][C][=C][C][Branch1][=Branch2][C][Branch1][C][F][Branch1][C][F][F][=C][C][Ring1][#Branch2][=N][Ring1][#C],136,fixed150_unattempted,False,eligible,CC(=O)CSCn1nc2cc(C(F)(F)F)ccc2cc1=O,KVGFIRNMYGXXAB-UHFFFAOYSA-N,-6.866099,0.819946,0.271186,
GEN_XLHIOHUETQFUSO,,LIB_CHEMBL461101,CC1=CC=C(OCC(=O)O)C=C1C(=O)NCCC2=CC=CC=C2C,Cc1ccccc1CCNC(=O)c1cc(OCC(=O)O)ccc1C,XLHIOHUETQFUSO-UHFFFAOYSA-N,locally_trained_SELFIES_GRU_sampling,selfies_gru_base_v1,439f74756bc786709f318a4379037c4df186bc4d40957bdbe245910ba48e8229,exact_InChIKey_not_found,exact_InChIKey_not_found,O=C(NCCc1ccccc1)c1ccccc1,0.1628,327.38,2.739,75.63,2,3,7,1.848,0.8197,,,5498,[C][C][=C][C][=C][Branch1][Branch2][O][C][C][=Branch1][C][=O][O][C][=C][Ring1][O][C][=Branch1][C][=O][N][C][C][C][=C][C][=C][C][=C][Ring1][=Branch1][C][Ring1][P],137,fixed150_unattempted,False,eligible,Cc1ccccc1CCNC(=O)c1cc(OCC(=O)[O-])ccc1C,XLHIOHUETQFUSO-UHFFFAOYSA-M,-6.594771,0.540555,0.355932,
GEN_BPQRPGJCDSSMRO,,LIB_CHEMBL461101,C1NC(=O)C2=CC(C3=CC=CC=C3)=NC(CC)=C21,CCc1nc(-c2ccccc2)cc2c1CNC2=O,BPQRPGJCDSSMRO-UHFFFAOYSA-N,locally_trained_SELFIES_GRU_sampling,selfies_gru_base_v1,439f74756bc786709f318a4379037c4df186bc4d40957bdbe245910ba48e8229,exact_InChIKey_not_found,exact_InChIKey_not_found,O=C1NCc2cnc(-c3ccccc3)cc21,0.1625,238.29,2.554,41.99,1,2,2,2.298,0.8732,,,8750,[C][N][C][=Branch1][C][=O][C][=C][C][Branch1][=Branch2][C][=C][C][=C][C][=C][Ring1][=Branch1][=N][C][Branch1][Ring1][C][C][=C][Ring1][=C][Ring2][Ring1][Branch1],138,fixed150_unattempted,False,eligible,CCc1nc(-c2ccccc2)cc2c1CNC2=O,BPQRPGJCDSSMRO-UHFFFAOYSA-N,-6.464928,0.661358,0.3125,
GEN_YYCQUUTYXPMBLY,,LIB_CHEMBL461101,O1C=CC=C(C2=CC=CC=C2)C1=O,O=c1occcc1-c1ccccc1,YYCQUUTYXPMBLY-UHFFFAOYSA-N,locally_trained_SELFIES_GRU_sampling,selfies_gru_base_v1,439f74756bc786709f318a4379037c4df186bc4d40957bdbe245910ba48e8229,exact_InChIKey_not_found,exact_InChIKey_not_found,O=c1occcc1-c1ccccc1,0.1618,172.183,2.307,30.21,0,2,1,1.753,0.6603,,,2744,[O][C][=C][C][=C][Branch1][=Branch2][C][=C][C][=C][C][=C][Ring1][=Branch1][C][Ring1][N][=O],140,fixed150_unattempted,False,eligible,O=c1occcc1-c1ccccc1,YYCQUUTYXPMBLY-UHFFFAOYSA-N,-6.632619,0.675279,0.322581,
GEN_RRKSKBGFLMEUSB,,LIB_CHEMBL1200412,O=C1[NH1]C=C2C=CC=CC2=C1C(=O)NC3CCCCC3,O=C(NC1CCCCC1)c1c(=O)[nH]cc2ccccc12,RRKSKBGFLMEUSB-UHFFFAOYSA-N,locally_trained_SELFIES_GRU_sampling,selfies_gru_base_v1,439f74756bc786709f318a4379037c4df186bc4d40957bdbe245910ba48e8229,exact_InChIKey_not_found,exact_InChIKey_not_found,O=C(NC1CCCCC1)c1c(=O)[nH]cc2ccccc12,0.1605,270.332,2.591,61.96,2,2,2,2.219,0.8807,,,2194,[O][=C][NH1][C][=C][C][=C][C][=C][C][Ring1][=Branch1][=C][Ring1][#Branch2][C][=Branch1][C][=O][N][C][C][C][C][C][C][Ring1][=Branch1],143,fixed150_unattempted,False,eligible,O=C(NC1CCCCC1)c1c(=O)[n-]cc2ccccc12,ZVGTXZIJQGGOMC-UHFFFAOYSA-M,-6.766319,0.789693,0.272727,
GEN_IYBATZDPQUOACV,,LIB_CHEMBL1200412,COC1=CC=CC=C1CN2CCCC[C@H1]2C#N,COc1ccccc1CN1CCCC[C@H]1C#N,IYBATZDPQUOACV-ZDUSSCGKSA-N,locally_trained_SELFIES_GRU_sampling,selfies_gru_base_v1,439f74756bc786709f318a4379037c4df186bc4d40957bdbe245910ba48e8229,exact_InChIKey_not_found,exact_InChIKey_not_found,c1ccc(CN2CCCCC2)cc1,0.1605,230.311,2.573,36.26,0,3,3,2.512,0.8004,,,10804,[C][O][C][=C][C][=C][C][=C][Ring1][=Branch1][C][N][C][C][C][C][C@H1][Ring1][=Branch1][C][#N][C][C][Ring1][Branch1][C][=Branch1][C][=O][C][=C][C][=C][C][=C][Ring1][=Branch1],144,fixed150_unattempted,False,eligible,COc1ccccc1C[NH+]1CCCC[C@H]1C#N,IYBATZDPQUOACV-ZDUSSCGKSA-O,-6.165759,0.626482,0.296296,
GEN_QARKWWBMBHEJNX,,LIB_CHEMBL1200412,CCOC1=CC=CC=C1C(=O)NC2=CC=CC=C2,CCOc1ccccc1C(=O)Nc1ccccc1,QARKWWBMBHEJNX-UHFFFAOYSA-N,locally_trained_SELFIES_GRU_sampling,selfies_gru_base_v1,439f74756bc786709f318a4379037c4df186bc4d40957bdbe245910ba48e8229,exact_InChIKey_not_found,exact_InChIKey_not_found,O=C(Nc1ccccc1)c1ccccc1,0.16,241.29,3.338,38.33,1,2,4,1.326,0.8911,,,12839,[C][C][O][C][=C][C][=C][C][=C][Ring1][=Branch1][C][=Branch1][C][=O][N][C][=C][C][=C][C][=C][Ring1][=Branch1],,eligible233_outside_fixed150,False,eligible,CCOc1ccccc1C(=O)Nc1ccccc1,QARKWWBMBHEJNX-UHFFFAOYSA-N,-6.43196,0.481872,0.435897,
GEN_VQLFVRAWSGUGAX,,LIB_CHEMBL461101,CCC1=CC=C(OCC(=O)O)C(C)=C1,CCc1ccc(OCC(=O)O)c(C)c1,VQLFVRAWSGUGAX-UHFFFAOYSA-N,locally_trained_SELFIES_GRU_sampling,selfies_gru_base_v1,439f74756bc786709f318a4379037c4df186bc4d40957bdbe245910ba48e8229,exact_InChIKey_not_found,exact_InChIKey_not_found,c1ccccc1,0.16,194.23,2.021,46.53,1,2,4,1.661,0.7972,,,10380,[C][C][C][=C][C][=C][Branch1][Branch2][O][C][C][=Branch1][C][=O][O][C][Branch1][C][C][=C][Ring1][N],,eligible233_outside_fixed150,False,eligible,CCc1ccc(OCC(=O)[O-])c(C)c1,VQLFVRAWSGUGAX-UHFFFAOYSA-M,-5.765809,0.544658,0.416667,
GEN_PPKUWSHHVXXBNI,,LIB_CHEMBL254316,COC1=CC=CC=C1N2C(O)=NO2,COc1ccccc1-n1onc1O,PPKUWSHHVXXBNI-UHFFFAOYSA-N,locally_trained_SELFIES_GRU_sampling,selfies_gru_base_v1,439f74756bc786709f318a4379037c4df186bc4d40957bdbe245910ba48e8229,exact_InChIKey_not_found,exact_InChIKey_not_found,c1ccc(-n2cno2)cc1,0.16,180.163,1.179,60.42,1,4,2,2.865,0.7533,,,8612,[C][O][C][=C][C][=C][C][=C][Ring1][=Branch1][N][C][Branch1][C][O][=N][O][Branch2][Ring1][Branch1][C][=C][C][=C][Branch1][=Branch2][S][Branch1][C][N][=Branch1][C][=O][=O][C][=C][Ring1][#Branch2][C][=N][C][=C][C][=C][Ring1][=Branch1][C][=O][C][Ring1][=C],145,fixed150_unattempted,False,eligible,COc1ccccc1-n1onc1[O-],PPKUWSHHVXXBNI-UHFFFAOYSA-M,-6.145098,0.576117,0.275,
GEN_YIOKGMPKRJQQJE,,LIB_CHEMBL254316,CCOC(=O)C1=CC(O)=CC=C1F,CCOC(=O)c1cc(O)ccc1F,YIOKGMPKRJQQJE-UHFFFAOYSA-N,locally_trained_SELFIES_GRU_sampling,selfies_gru_base_v1,439f74756bc786709f318a4379037c4df186bc4d40957bdbe245910ba48e8229,exact_InChIKey_not_found,exact_InChIKey_not_found,c1ccccc1,0.16,184.166,1.708,46.53,1,3,2,1.741,0.7114,,,11750,[C][C][O][C][=Branch1][C][=O][C][=C][C][Branch1][C][O][=C][C][=C][Ring1][#Branch1][F],,eligible233_outside_fixed150,False,eligible,CCOC(=O)c1cc([O-])ccc1F,YIOKGMPKRJQQJE-UHFFFAOYSA-M,-5.98468,0.669711,0.363636,
GEN_XUFXDODGXLVPNJ,,LIB_CHEMBL1200412,CCNC(=O)NC1=CC=CC=C1,CCNC(=O)Nc1ccccc1,XUFXDODGXLVPNJ-UHFFFAOYSA-N,locally_trained_SELFIES_GRU_sampling,selfies_gru_base_v1,439f74756bc786709f318a4379037c4df186bc4d40957bdbe245910ba48e8229,exact_InChIKey_not_found,exact_InChIKey_not_found,c1ccccc1,0.1594,164.208,1.828,41.13,2,1,2,1.336,0.6875,,,14220,[C][C][N][C][=Branch1][C][=O][N][C][=C][C][=C][C][=C][Ring1][=Branch1],,eligible233_outside_fixed150,False,eligible,CCNC(=O)Nc1ccccc1,XUFXDODGXLVPNJ-UHFFFAOYSA-N,-6.170619,0.500499,0.416667,
GEN_NNMYRMGMVLMQAY,,LIB_CHEMBL461101,O=C(O)C1=NC=CC(Cl)=C1,O=C(O)c1cc(Cl)ccn1,NNMYRMGMVLMQAY-UHFFFAOYSA-N,locally_trained_SELFIES_GRU_sampling,selfies_gru_base_v1,439f74756bc786709f318a4379037c4df186bc4d40957bdbe245910ba48e8229,exact_InChIKey_not_found,exact_InChIKey_not_found,c1ccncc1,0.1594,157.556,1.433,50.19,1,2,1,1.893,0.6711,,,10229,[O][=C][Branch1][C][O][C][=N][C][=C][C][Branch1][C][Cl][=C][Ring1][#Branch1],,eligible233_outside_fixed150,False,eligible,O=C([O-])c1cc(Cl)ccn1,NNMYRMGMVLMQAY-UHFFFAOYSA-M,-5.855193,0.340868,0.315789,
GEN_CVVSBHSLAJLHSA,,LIB_CHEMBL1200412,CCCOC(=O)N1CCC(NCCNC(=O)C2=CC=CC=C2C1)=O,CCCOC(=O)N1CCC(=O)NCCNC(=O)c2ccccc2C1,CVVSBHSLAJLHSA-UHFFFAOYSA-N,locally_trained_SELFIES_GRU_sampling,selfies_gru_base_v1,439f74756bc786709f318a4379037c4df186bc4d40957bdbe245910ba48e8229,exact_InChIKey_not_found,exact_InChIKey_not_found,O=C1CCNCc2ccccc2C(=O)NCCN1,0.1591,333.388,1.285,87.74,2,4,2,2.88,0.8534,,,11266,[C][C][C][O][C][=Branch1][C][=O][N][C][C][C][Branch2][Ring1][Ring2][N][C][C][N][C][=Branch1][C][=O][C][=C][C][=C][C][=C][Ring1][=Branch1][C][Ring1][P][=O][C][Ring2][Ring1][#Branch1][Ring2][Ring1][#Branch2],147,fixed150_unattempted,False,eligible,CCCOC(=O)[NH+]1CCC(=O)NCCNC(=O)c2ccccc2C1,CVVSBHSLAJLHSA-UHFFFAOYSA-O,-6.146088,0.70712,0.253012,
GEN_HTJAQLKHWSVJMW,,LIB_CHEMBL254316,CCOC(=O)C1=CC=CC=C1S(=O)(=O)NCC2=CC=CN=C2,CCOC(=O)c1ccccc1S(=O)(=O)NCc1cccnc1,HTJAQLKHWSVJMW-UHFFFAOYSA-N,locally_trained_SELFIES_GRU_sampling,selfies_gru_base_v1,439f74756bc786709f318a4379037c4df186bc4d40957bdbe245910ba48e8229,exact_InChIKey_not_found,exact_InChIKey_not_found,O=S(=O)(NCc1cccnc1)c1ccccc1,0.1591,320.37,1.737,85.36,1,5,6,1.92,0.8194,,,185,[C][C][O][C][=Branch1][C][=O][C][=C][C][=C][C][=C][Ring1][=Branch1][S][=Branch1][C][=O][=Branch1][C][=O][N][C][C][=C][C][=C][N][=C][Ring1][=Branch1],148,fixed150_unattempted,False,eligible,CCOC(=O)c1ccccc1S(=O)(=O)NCc1cccnc1,HTJAQLKHWSVJMW-UHFFFAOYSA-N,-6.428908,0.563382,0.393443,
GEN_PVWNBZYVRKDABC,,LIB_CHEMBL1983268,CCC(=O)N1CCC(C2=CC=NC=C2)CC1,CCC(=O)N1CCC(c2ccncc2)CC1,PVWNBZYVRKDABC-UHFFFAOYSA-N,locally_trained_SELFIES_GRU_sampling,selfies_gru_base_v1,439f74756bc786709f318a4379037c4df186bc4d40957bdbe245910ba48e8229,exact_InChIKey_not_found,exact_InChIKey_not_found,c1cc(C2CCNCC2)ccn1,0.1591,218.3,2.198,33.2,0,2,2,2.014,0.7621,,,619,[C][C][C][=Branch1][C][=O][N][C][C][C][Branch1][=Branch2][C][=C][C][=N][C][=C][Ring1][=Branch1][C][C][Ring1][N],149,fixed150_unattempted,False,blocked,,,,,,rule stable stereocenter unspecified
GEN_LSHVHGPYUCMIRD,,LIB_CHEMBL254316,NC(=O)C1=C(O)C2=CC=CC=C2N1C[C@H1](O)C3=CC=CC=C3,NC(=O)c1c(O)c2ccccc2n1C[C@H](O)c1ccccc1,LSHVHGPYUCMIRD-AWEZNQCLSA-N,locally_trained_SELFIES_GRU_sampling,selfies_gru_base_v1,439f74756bc786709f318a4379037c4df186bc4d40957bdbe245910ba48e8229,exact_InChIKey_not_found,exact_InChIKey_not_found,c1ccc(CCn2ccc3ccccc32)cc1,0.1585,296.326,2.179,88.48,3,3,4,2.661,0.6892,,,2536,[N][C][=Branch1][C][=O][C][=C][Branch1][C][O][C][=C][C][=C][C][=C][Ring1][=Branch1][N][Ring1][#Branch2][C][C@H1][Branch1][C][O][C][=C][C][=C][C][=C][Ring1][=Branch1],,eligible233_outside_fixed150,False,eligible,NC(=O)c1c([O-])c2ccccc2n1C[C@H](O)c1ccccc1,LSHVHGPYUCMIRD-AWEZNQCLSA-M,-6.585177,0.512357,0.326087,
GEN_FABBRAPSXDHYPY,,LIB_CHEMBL461101,CC(=O)NCCN(C)C1=CN=C(C(=O)C2=CC=CC=C2)N=NN1CCCC,CCCCN1N=NC(C(=O)c2ccccc2)=NC=C1N(C)CCNC(C)=O,FABBRAPSXDHYPY-UHFFFAOYSA-N,locally_trained_SELFIES_GRU_sampling,selfies_gru_base_v1,439f74756bc786709f318a4379037c4df186bc4d40957bdbe245910ba48e8229,exact_InChIKey_not_found,exact_InChIKey_not_found,O=C(C1=NC=CNN=N1)c1ccccc1,0.1579,370.457,2.618,89.73,1,7,9,3.286,0.6767,,,1397,[C][C][=Branch1][C][=O][N][C][C][N][Branch1][C][C][C][=C][N][=C][Branch1][N][C][=Branch1][C][=O][C][=C][C][=C][C][=C][Ring1][=Branch1][N][=N][N][Ring1][#C][C][C][C][C][Ring1][Branch1],,eligible233_outside_fixed150,False,blocked,,,,,,rule stable stereocenter unspecified
GEN_VRONKPUPJOBNHB,,LIB_CHEMBL254316,CNC(=O)CN(C1=CC=C(Cl)C=C12)C=CC=C(C(F)(F)F)C=C2,CNC(=O)Cn1cccc(C(F)(F)F)ccc2cc(Cl)ccc21,VRONKPUPJOBNHB-UHFFFAOYSA-N,locally_trained_SELFIES_GRU_sampling,selfies_gru_base_v1,439f74756bc786709f318a4379037c4df186bc4d40957bdbe245910ba48e8229,exact_InChIKey_not_found,exact_InChIKey_not_found,c1cccc2ccccc2[nH]cc1,0.1573,342.748,4.184,34.03,1,1,2,2.549,0.8723,,,9640,[C][N][C][=Branch1][C][=O][C][N][Branch1][N][C][=C][C][=C][Branch1][C][Cl][C][=C][Ring1][#Branch1][C][=C][C][=C][Branch1][=Branch2][C][Branch1][C][F][Branch1][C][F][F][C][=C][Ring1][O],,eligible233_outside_fixed150,False,eligible,CNC(=O)Cn1cccc(C(F)(F)F)ccc2cc(Cl)ccc21,VRONKPUPJOBNHB-UHFFFAOYSA-N,-6.611667,0.582285,0.268657,
GEN_BQZYIFFATOATNW,,LIB_CHEMBL1983268,CNC(=O)C1=CC=C(C2=CC=NC=C2)[NH1]C1=O,CNC(=O)c1ccc(-c2ccncc2)[nH]c1=O,BQZYIFFATOATNW-UHFFFAOYSA-N,locally_trained_SELFIES_GRU_sampling,selfies_gru_base_v1,439f74756bc786709f318a4379037c4df186bc4d40957bdbe245910ba48e8229,exact_InChIKey_not_found,exact_InChIKey_not_found,O=c1cccc(-c2ccncc2)[nH]1,0.1573,229.239,0.796,74.85,2,3,2,2.147,0.7993,,,14839,[C][N][C][=Branch1][C][=O][C][=C][C][=C][Branch1][=Branch2][C][=C][C][=N][C][=C][Ring1][=Branch1][NH1][C][Ring1][N][=O],,eligible233_outside_fixed150,False,eligible,CNC(=O)c1ccc(-c2ccncc2)[n-]c1=O,ISVNSJPYZJUACU-UHFFFAOYSA-M,-6.560988,0.584926,0.326531,
GEN_GWYPJBKNXSRAPX,,LIB_CHEMBL36506,O=C(O)C1=CC=C(C=C1OC)O,COc1cc(O)ccc1C(=O)O,GWYPJBKNXSRAPX-UHFFFAOYSA-N,locally_trained_SELFIES_GRU_sampling,selfies_gru_base_v1,439f74756bc786709f318a4379037c4df186bc4d40957bdbe245910ba48e8229,exact_InChIKey_not_found,exact_InChIKey_not_found,c1ccccc1,0.1573,168.148,1.099,66.76,2,3,2,1.679,0.6934,,,3842,[O][=C][Branch1][C][O][C][=C][C][=C][Branch1][#Branch1][C][=C][Ring1][=Branch1][O][C][O][Ring1][=N][C][=Branch1][C][=O][N][C][=C][C][=C][C][NH1][N][=C][C][Ring1][=Branch2][=Ring1][Branch1],,eligible233_outside_fixed150,False,eligible,COc1cc([O-])ccc1C(=O)[O-],GWYPJBKNXSRAPX-UHFFFAOYSA-L,-5.850253,0.413752,0.416667,
GEN_NFUCGJBURDOBPQ,,LIB_CHEMBL1200412,CNC(=O)NC1=CC=CC=C1Cl,CNC(=O)Nc1ccccc1Cl,NFUCGJBURDOBPQ-UHFFFAOYSA-N,locally_trained_SELFIES_GRU_sampling,selfies_gru_base_v1,439f74756bc786709f318a4379037c4df186bc4d40957bdbe245910ba48e8229,exact_InChIKey_not_found,exact_InChIKey_not_found,c1ccccc1,0.1571,184.626,2.091,41.13,2,1,1,1.559,0.6897,,,4739,[C][N][C][=Branch1][C][=O][N][C][=C][C][=C][C][=C][Ring1][=Branch1][Cl][C][=C][C][=C][Branch1][C][Cl][C][Branch1][C][Cl][=C][Ring1][Branch2][C][=Branch1][C][=O][N],,eligible233_outside_fixed150,False,eligible,CNC(=O)Nc1ccccc1Cl,NFUCGJBURDOBPQ-UHFFFAOYSA-N,-6.081114,0.391585,0.4,
GEN_FEQRLDBOVYFGMS,,LIB_CHEMBL1983268,O=S(=O)(NCCC1=CC2=CC=C1F)CCCN(CC3=CC=C(Cl)C=C3)C2,O=S1(=O)CCCN(Cc2ccc(Cl)cc2)Cc2ccc(F)c(c2)CCN1,FEQRLDBOVYFGMS-UHFFFAOYSA-N,locally_trained_SELFIES_GRU_sampling,selfies_gru_base_v1,439f74756bc786709f318a4379037c4df186bc4d40957bdbe245910ba48e8229,exact_InChIKey_not_found,exact_InChIKey_not_found,O=S1(=O)CCCN(Cc2ccccc2)Cc2cccc(c2)CCN1,0.1569,396.915,3.347,49.41,1,3,2,3.972,0.8464,,,5609,[O][=S][=Branch1][C][=O][Branch1][=N][N][C][C][C][=C][C][=C][C][=C][Ring1][=Branch1][F][C][C][C][N][Branch1][=N][C][C][=C][C][=C][Branch1][C][Cl][C][=C][Ring1][#Branch1][=C][Ring2][Ring1][C],,eligible233_outside_fixed150,False,eligible,O=S1(=O)CCC[NH+](Cc2ccc(Cl)cc2)Cc2ccc(F)c(c2)CCN1,FEQRLDBOVYFGMS-UHFFFAOYSA-O,-6.737675,0.646907,0.290323,
GEN_QTJJZLICWFEIIW,,LIB_CHEMBL2103870,COC1=CC=CC2=C1NCCN(CC(=O)NC3=CC=CC(Br)=C3C)C2,COc1cccc2c1NCCN(CC(=O)Nc1cccc(Br)c1C)C2,QTJJZLICWFEIIW-UHFFFAOYSA-N,locally_trained_SELFIES_GRU_sampling,selfies_gru_base_v1,439f74756bc786709f318a4379037c4df186bc4d40957bdbe245910ba48e8229,exact_InChIKey_not_found,exact_InChIKey_not_found,O=C(CN1CCNc2ccccc2C1)Nc1ccccc1,0.1562,404.308,3.632,53.6,2,4,4,2.331,0.8175,,,12199,[C][O][C][=C][C][=C][C][=C][Ring1][=Branch1][N][C][C][N][Branch2][Ring1][Ring1][C][C][=Branch1][C][=O][N][C][=C][C][=C][C][Branch1][C][Br][=C][Ring1][#Branch1][C][=C][Ring2][Ring1][Ring1],,eligible233_outside_fixed150,False,eligible,COc1cccc2c1NCC[NH+](CC(=O)Nc1cccc(Br)c1C)C2,QTJJZLICWFEIIW-UHFFFAOYSA-O,-6.780039,0.793521,0.236111,
GEN_RISRFKIBZJMJIV,,LIB_CHEMBL1200412,CC(C)(O)C(=O)C(C)(C)CC(=O)CC1=CC=C(C2=CC=CC=C2)C=C1,CC(C)(O)C(=O)C(C)(C)CC(=O)Cc1ccc(-c2ccccc2)cc1,RISRFKIBZJMJIV-UHFFFAOYSA-N,locally_trained_SELFIES_GRU_sampling,selfies_gru_base_v1,439f74756bc786709f318a4379037c4df186bc4d40957bdbe245910ba48e8229,exact_InChIKey_not_found,exact_InChIKey_not_found,c1ccc(-c2ccccc2)cc1,0.1558,338.447,4.222,54.37,1,3,7,2.358,0.8221,,,18198,[C][C][Branch1][C][C][Branch1][C][O][C][=Branch1][C][=O][C][Branch1][C][C][Branch1][C][C][C][C][=Branch1][C][=O][C][C][=C][C][=C][Branch1][=Branch2][C][=C][C][=C][C][=C][Ring1][=Branch1][C][=C][Ring1][N],,eligible233_outside_fixed150,False,eligible,CC(C)(O)C(=O)C(C)(C)CC(=O)Cc1ccc(-c2ccccc2)cc1,RISRFKIBZJMJIV-UHFFFAOYSA-N,-6.752759,0.556907,0.486486,
GEN_PMQDJRPYNLRAHN,,LIB_CHEMBL2103870,CCCC(=O)NCS(=O)(=O)C1=CC=CC(C(F)(F)F)=C1,CCCC(=O)NCS(=O)(=O)c1cccc(C(F)(F)F)c1,PMQDJRPYNLRAHN-UHFFFAOYSA-N,locally_trained_SELFIES_GRU_sampling,selfies_gru_base_v1,439f74756bc786709f318a4379037c4df186bc4d40957bdbe245910ba48e8229,exact_InChIKey_not_found,exact_InChIKey_not_found,c1ccccc1,0.1548,309.309,2.353,63.24,1,3,5,2.168,0.9079,,,6807,[C][C][C][C][=Branch1][C][=O][N][C][S][=Branch1][C][=O][=Branch1][C][=O][C][=C][C][=C][C][Branch1][=Branch2][C][Branch1][C][F][Branch1][C][F][F][=C][Ring1][#Branch2],,eligible233_outside_fixed150,False,eligible,CCCC(=O)NCS(=O)(=O)c1cccc(C(F)(F)F)c1,PMQDJRPYNLRAHN-UHFFFAOYSA-N,-6.180232,0.538171,0.314815,
GEN_ZIPNASMLNUKPPL,,LIB_CHEMBL1200412,O=C(O)C1=CC=CC(=C12)S(=O)(=O)N=C(NCC3=CC=CC=C3)O2,O=C(O)c1cccc2c1OC(NCc1ccccc1)=NS2(=O)=O,ZIPNASMLNUKPPL-UHFFFAOYSA-N,locally_trained_SELFIES_GRU_sampling,selfies_gru_base_v1,439f74756bc786709f318a4379037c4df186bc4d40957bdbe245910ba48e8229,exact_InChIKey_not_found,exact_InChIKey_not_found,O=S1(=O)N=C(NCc2ccccc2)Oc2ccccc21,0.1548,332.337,1.612,105.06,2,5,3,2.694,0.8846,,,19629,[O][=C][Branch1][C][O][C][=C][C][=C][C][=Branch1][Ring2][=C][Ring1][=Branch1][S][=Branch1][C][=O][=Branch1][C][=O][N][=C][Branch1][#Branch2][N][C][C][=C][C][=C][C][=C][Ring1][=Branch1][O][Ring1][#C],,eligible233_outside_fixed150,False,eligible,O=C([O-])c1cccc2c1OC(NCc1ccccc1)=[NH+]S2(=O)=O,ZIPNASMLNUKPPL-UHFFFAOYSA-N,-6.865983,0.686161,0.285714,
GEN_MIBPTFMZZVZVQR,,LIB_CHEMBL461101,CC1=CC=CC=C1NC(=O)NCCC2=CC=CC=C2S(=O)(=O)N,Cc1ccccc1NC(=O)NCCc1ccccc1S(N)(=O)=O,MIBPTFMZZVZVQR-UHFFFAOYSA-N,locally_trained_SELFIES_GRU_sampling,selfies_gru_base_v1,439f74756bc786709f318a4379037c4df186bc4d40957bdbe245910ba48e8229,exact_InChIKey_not_found,exact_InChIKey_not_found,O=C(NCCc1ccccc1)Nc1ccccc1,0.1548,333.413,2.007,101.29,3,3,5,1.91,0.7798,,,1780,[C][C][=C][C][=C][C][=C][Ring1][=Branch1][N][C][=Branch1][C][=O][N][C][C][C][=C][C][=C][C][=C][Ring1][=Branch1][S][=Branch1][C][=O][=Branch1][C][=O][N],,eligible233_outside_fixed150,False,eligible,Cc1ccccc1NC(=O)NCCc1ccccc1S(N)(=O)=O,MIBPTFMZZVZVQR-UHFFFAOYSA-N,-6.547539,0.458199,0.333333,
GEN_LRMFKEAGNGUVSF,,LIB_CHEMBL254316,CCOC(=O)CCCC(=O)NCC1=C[NH1]C=N1,CCOC(=O)CCCC(=O)NCc1c[nH]cn1,LRMFKEAGNGUVSF-UHFFFAOYSA-N,locally_trained_SELFIES_GRU_sampling,selfies_gru_base_v1,439f74756bc786709f318a4379037c4df186bc4d40957bdbe245910ba48e8229,exact_InChIKey_not_found,exact_InChIKey_not_found,c1c[nH]cn1,0.1548,239.275,0.759,84.08,2,4,7,2.423,0.6879,,,14522,[C][C][O][C][=Branch1][C][=O][C][C][Branch1][#C][C][C][=Branch1][C][=O][N][C][C][=C][NH1][C][=N][Ring1][Branch1],,eligible233_outside_fixed150,False,eligible,CCOC(=O)CCCC(=O)NCc1c[n-]cn1,ZTEFGANYTXCVMM-UHFFFAOYSA-M,-5.988115,0.535721,0.272727,
GEN_SGWFKASVEJFYMJ,,LIB_CHEMBL36506,CC(C)(C)N1C(=O)COC2=CC=C(NCCC(N)=O)C(C)(C)C2=C1,CC1(C)C(NCCC(N)=O)=CC=C2OCC(=O)N(C(C)(C)C)C=C21,SGWFKASVEJFYMJ-UHFFFAOYSA-N,locally_trained_SELFIES_GRU_sampling,selfies_gru_base_v1,439f74756bc786709f318a4379037c4df186bc4d40957bdbe245910ba48e8229,exact_InChIKey_not_found,exact_InChIKey_not_found,O=C1COC2=CC=CCC2=CN1,0.1545,333.432,1.8,84.66,2,4,4,3.777,0.8214,,,3941,[C][C][Branch1][C][C][Branch1][C][C][N][C][=Branch1][C][=O][C][O][C][=C][C][=C][Branch1][=Branch2][N][C][C][C][Branch1][C][N][=O][C][Branch1][C][C][Branch1][C][C][C][Ring1][=C][=C][Ring2][Ring1][Ring2],,eligible233_outside_fixed150,False,eligible,CC1(C)C([NH2+]CCC(N)=O)=CC=C2OCC(=O)[NH+](C(C)(C)C)C=C21,SGWFKASVEJFYMJ-UHFFFAOYSA-P,-6.898345,0.760214,0.193182,
GEN_MMCYVXCTOYXZNR,,LIB_CHEMBL1983268,C1NCCCN(C(=O)CN(C)C2=CC=CC(Br)=C2)C3=CC=C(F)C=C3C1=O,CN(CC(=O)N1CCCNCC(=O)c2cc(F)ccc21)c1cccc(Br)c1,MMCYVXCTOYXZNR-UHFFFAOYSA-N,locally_trained_SELFIES_GRU_sampling,selfies_gru_base_v1,439f74756bc786709f318a4379037c4df186bc4d40957bdbe245910ba48e8229,exact_InChIKey_not_found,exact_InChIKey_not_found,O=C1CNCCCN(C(=O)CNc2ccccc2)c2ccccc21,0.1545,434.309,3.234,52.65,1,4,3,3.055,0.8064,,,18401,[C][N][C][C][C][N][Branch2][Ring1][Branch1][C][=Branch1][C][=O][C][N][Branch1][C][C][C][=C][C][=C][C][Branch1][C][Br][=C][Ring1][#Branch1][C][=C][C][=C][Branch1][C][F][C][=C][Ring1][#Branch1][C][Ring2][Ring1][#Branch2][=O],,eligible233_outside_fixed150,False,eligible,CN(CC(=O)N1CCC[NH2+]CC(=O)c2cc(F)ccc21)c1cccc(Br)c1,MMCYVXCTOYXZNR-UHFFFAOYSA-O,-6.961146,0.758846,0.211765,
GEN_AKLGYFPYOPKSJT,,LIB_CHEMBL254316,CCNC(=O)C1=CC(C(F)(F)F)=CN=C1S#CC2=CC=C(Cl)C=C2,CCNC(=O)c1cc(C(F)(F)F)cnc1S#Cc1ccc(Cl)cc1,AKLGYFPYOPKSJT-UHFFFAOYSA-N,locally_trained_SELFIES_GRU_sampling,selfies_gru_base_v1,439f74756bc786709f318a4379037c4df186bc4d40957bdbe245910ba48e8229,exact_InChIKey_not_found,exact_InChIKey_not_found,C(#Sc1ccccn1)c1ccccc1,0.1538,372.799,4.603,41.99,1,2,2,2.872,0.8365,,,15422,[C][C][N][C][=Branch1][C][=O][C][=C][C][Branch1][=Branch2][C][Branch1][C][F][Branch1][C][F][F][=C][N][=C][Ring1][#Branch2][S][C][=Ring1][C][C][=C][C][=C][Branch1][C][Cl][C][=C][Ring1][#Branch1],,eligible233_outside_fixed150,False,eligible,CCNC(=O)c1cc(C(F)(F)F)cnc1S#Cc1ccc(Cl)cc1,AKLGYFPYOPKSJT-UHFFFAOYSA-N,-6.789831,0.731832,0.276923,
GEN_YONCOWRKVYAKSS,,LIB_CHEMBL1983268,O=C(NCCN1CCNCC1)NC2=CC=CC=C2,O=C(NCCN1CCNCC1)Nc1ccccc1,YONCOWRKVYAKSS-UHFFFAOYSA-N,locally_trained_SELFIES_GRU_sampling,selfies_gru_base_v1,439f74756bc786709f318a4379037c4df186bc4d40957bdbe245910ba48e8229,exact_InChIKey_not_found,exact_InChIKey_not_found,O=C(NCCN1CCNCC1)Nc1ccccc1,0.1538,248.33,0.713,56.4,3,3,4,1.812,0.7355,,,19288,[O][=C][Branch1][N][N][C][C][N][C][C][N][C][C][Ring1][=Branch1][=N][C][=C][C][=C][C][=C][Ring1][=Branch1],,eligible233_outside_fixed150,False,eligible,O=C(NCC[NH+]1CC[NH2+]CC1)Nc1ccccc1,YONCOWRKVYAKSS-UHFFFAOYSA-P,-6.316963,0.595478,0.346154,
GEN_ZUPZSSIDWGBMED,,LIB_CHEMBL4582651,NCCSC1=CC=C(C=NC=NC(CCCC)=N1)C(=O)C2CCCC2,CCCCc1ncncc(C(=O)C2CCCC2)ccc(SCCN)n1,ZUPZSSIDWGBMED-UHFFFAOYSA-N,locally_trained_SELFIES_GRU_sampling,selfies_gru_base_v1,439f74756bc786709f318a4379037c4df186bc4d40957bdbe245910ba48e8229,exact_InChIKey_not_found,exact_InChIKey_not_found,O=C(c1cccncncnc1)C1CCCC1,0.1532,360.527,3.762,81.76,1,6,8,3.077,0.5613,,,19262,[N][C][C][S][C][=C][C][=C][Branch2][Ring1][=Branch1][C][=N][C][=N][C][Branch1][=Branch1][C][C][C][C][Ring1][Branch2][=N][Ring1][=C][N][=C][Ring1][O][N][C][=Branch1][C][=O][C][C][C][C][C][Ring1][Branch1],,eligible233_outside_fixed150,False,eligible,CCCCc1ncncc(C(=O)C2CCCC2)ccc(SCC[NH3+])n1,ZUPZSSIDWGBMED-UHFFFAOYSA-O,-6.540988,0.781957,0.232877,
GEN_WZENNIPRTWKGPT,,LIB_CHEMBL1983268,CC(C)(NC(=O)CNCCN1CC2=CC=C(Cl)C=C2)OCC1,CC1(C)NC(=O)CNCCN(Cc2ccc(Cl)cc2)CCO1,WZENNIPRTWKGPT-UHFFFAOYSA-N,locally_trained_SELFIES_GRU_sampling,selfies_gru_base_v1,439f74756bc786709f318a4379037c4df186bc4d40957bdbe245910ba48e8229,exact_InChIKey_not_found,exact_InChIKey_not_found,O=C1CNCCN(Cc2ccccc2)CCOCN1,0.1531,325.84,1.614,53.6,2,4,2,3.05,0.8673,,,13768,[C][C][Branch1][C][C][Branch1][S][N][C][=Branch1][C][=O][C][N][C][C][N][Branch1][=N][C][C][=C][C][=C][Branch1][C][Cl][C][=C][Ring1][#Branch1][O][C][C][Ring1][N],,eligible233_outside_fixed150,False,eligible,CC1(C)NC(=O)C[NH2+]CC[NH+](Cc2ccc(Cl)cc2)CCO1,WZENNIPRTWKGPT-UHFFFAOYSA-P,-6.853208,0.931626,0.269841,
GEN_IAMUIGXNGKSECX,,LIB_CHEMBL4582651,N1C=NC=NC(NC2=CC=CC=C2)=CN1C(=O)N,NC(=O)n1cc(Nc2ccccc2)ncnc[nH]1,IAMUIGXNGKSECX-UHFFFAOYSA-N,locally_trained_SELFIES_GRU_sampling,selfies_gru_base_v1,439f74756bc786709f318a4379037c4df186bc4d40957bdbe245910ba48e8229,exact_InChIKey_not_found,exact_InChIKey_not_found,c1ccc(Nc2c[nH][nH]cncn2)cc1,0.1531,244.258,1.401,101.62,3,4,2,2.927,0.7426,,,18415,[N][C][=N][C][=N][C][Branch1][#Branch2][N][C][=C][C][=C][C][=C][Ring1][=Branch1][=C][N][Ring1][#C][C][=Branch1][C][=O][N][Ring1][S],,eligible233_outside_fixed150,False,eligible,NC(=O)n1cc(Nc2ccccc2)ncnc[n-]1,OOMQWEWEIDMCEQ-UHFFFAOYSA-M,-6.681211,0.509293,0.311111,
GEN_QRDMPGSIPKNLPR,,LIB_CHEMBL2103870,C1NC=CC=C1S(=O)(=O)N2C=CC=C(C3=CC=CC=C3)O2,O=S(=O)(C1=CC=CNC1)N1C=CC=C(c2ccccc2)O1,QRDMPGSIPKNLPR-UHFFFAOYSA-N,locally_trained_SELFIES_GRU_sampling,selfies_gru_base_v1,439f74756bc786709f318a4379037c4df186bc4d40957bdbe245910ba48e8229,exact_InChIKey_not_found,exact_InChIKey_not_found,O=S(=O)(C1=CC=CNC1)N1C=CC=C(c2ccccc2)O1,0.1529,302.355,2.119,58.64,1,4,3,3.621,0.9289,,,18286,[C][N][C][=C][C][=C][Branch2][Ring1][=N][S][=Branch1][C][=O][=Branch1][C][=O][N][C][=C][C][=C][Branch1][=Branch2][C][=C][C][=C][C][=C][Ring1][=Branch1][O][Ring1][N][C][=C][Ring2][Ring1][#Branch1][O][C],,eligible233_outside_fixed150,False,eligible,O=S(=O)(C1=CC=C[NH2+]C1)[NH+]1C=CC=C(c2ccccc2)O1,QRDMPGSIPKNLPR-UHFFFAOYSA-P,-6.889773,0.727615,0.224138,
GEN_GYDCTGFLKICPRH,,LIB_CHEMBL1200412,CCCN1C(=O)CNCCCCN(CC2=CC=CC=C2)C1,CCCN1CN(Cc2ccccc2)CCCCNCC1=O,GYDCTGFLKICPRH-UHFFFAOYSA-N,locally_trained_SELFIES_GRU_sampling,selfies_gru_base_v1,439f74756bc786709f318a4379037c4df186bc4d40957bdbe245910ba48e8229,exact_InChIKey_not_found,exact_InChIKey_not_found,O=C1CNCCCCN(Cc2ccccc2)CN1,0.1529,289.423,2.068,35.58,1,3,4,2.702,0.9215,,,7473,[C][C][C][N][C][=Branch1][C][=O][C][N][C][C][C][C][N][Branch1][#Branch2][C][C][=C][C][=C][C][=C][Ring1][=Branch1][C][Ring2][Ring1][C],,eligible233_outside_fixed150,False,eligible,CCC[NH+]1C[NH+](Cc2ccccc2)CCCC[NH2+]CC1=O,GYDCTGFLKICPRH-UHFFFAOYSA-Q,-6.010819,0.764716,0.290909,
GEN_WJIXUVIREKVJIF,,LIB_CHEMBL254316,CC(C)(C)C1=CC=CC(=C1)COC(=O)C2=C(O)C=C(C)C=C2,Cc1ccc(C(=O)OCc2cccc(C(C)(C)C)c2)c(O)c1,WJIXUVIREKVJIF-UHFFFAOYSA-N,locally_trained_SELFIES_GRU_sampling,selfies_gru_base_v1,439f74756bc786709f318a4379037c4df186bc4d40957bdbe245910ba48e8229,exact_InChIKey_not_found,exact_InChIKey_not_found,O=C(OCc1ccccc1)c1ccccc1,0.1529,298.382,4.355,46.53,1,3,3,1.899,0.8566,,,18431,[C][C][Branch1][C][C][Branch1][C][C][C][=C][C][=C][C][=Branch1][Ring2][=C][Ring1][=Branch1][C][O][C][=Branch1][C][=O][C][=C][Branch1][C][O][C][=C][Branch1][C][C][C][=C][Ring1][Branch2],,eligible233_outside_fixed150,False,eligible,Cc1ccc(C(=O)OCc2cccc(C(C)(C)C)c2)c([O-])c1,WJIXUVIREKVJIF-UHFFFAOYSA-M,-6.743714,0.601635,0.340426,
GEN_SKUKOXZUTJNGET,,LIB_CHEMBL44657,CCC[C@@H1]1C(=O)C2=CC=CC=C2OCO1,CCC[C@H]1OCOc2ccccc2C1=O,SKUKOXZUTJNGET-LLVKDONJSA-N,locally_trained_SELFIES_GRU_sampling,selfies_gru_base_v1,439f74756bc786709f318a4379037c4df186bc4d40957bdbe245910ba48e8229,exact_InChIKey_not_found,exact_InChIKey_not_found,O=C1COCOc2ccccc21,0.1529,206.241,2.405,35.53,0,3,2,2.922,0.745,,,3903,[C][C][C][Branch2][Ring1][=Branch2][C@@H1][C][=Branch1][C][=O][C][=C][C][=C][C][=C][Ring1][=Branch1][O][C][O][Ring1][N][C][=C][Ring2][Ring1][=Branch1],,eligible233_outside_fixed150,False,eligible,CCC[C@H]1OCOc2ccccc2C1=O,SKUKOXZUTJNGET-LLVKDONJSA-N,-5.990006,0.724818,0.311111,
GEN_NIJLCPDTYFRABS,,LIB_CHEMBL1983268,C1C=C(C(=O)O)N2CCOC[C@H1]2CN1CCC3=CC(Cl)=C(Cl)C=C3CC,CCc1cc(Cl)c(Cl)cc1CCN1CC=C(C(=O)O)N2CCOC[C@H]2C1,NIJLCPDTYFRABS-OAHLLOKOSA-N,locally_trained_SELFIES_GRU_sampling,selfies_gru_base_v1,439f74756bc786709f318a4379037c4df186bc4d40957bdbe245910ba48e8229,exact_InChIKey_not_found,exact_InChIKey_not_found,C1=CN2CCOCC2CN(CCc2ccccc2)C1,0.1524,399.318,3.083,53.01,1,4,5,3.421,0.825,,,8199,[C][C][=C][Branch1][=Branch1][C][=Branch1][C][=O][O][N][C][C][O][C][C@H1][Ring1][=Branch1][C][N][Ring1][S][C][C][C][=C][C][Branch1][C][Cl][=C][Branch1][C][Cl][C][=C][Ring1][Branch2][C][C][Ring2][Ring1][=Branch1],,eligible233_outside_fixed150,False,blocked,,,,,,rule stable stereocenter unspecified
GEN_GNWATYPMQXAVTK,,LIB_CHEMBL1983268,CC1=CC(Cl)=CC=C1NC[C@H1](O)C(=O)NCC2=C[NH1]C3=CC=CC=C32,Cc1cc(Cl)ccc1NC[C@H](O)C(=O)NCc1c[nH]c2ccccc12,GNWATYPMQXAVTK-SFHVURJKSA-N,locally_trained_SELFIES_GRU_sampling,selfies_gru_base_v1,439f74756bc786709f318a4379037c4df186bc4d40957bdbe245910ba48e8229,exact_InChIKey_not_found,exact_InChIKey_not_found,O=C(CCNc1ccccc1)NCc1c[nH]c2ccccc12,0.1524,357.841,3.219,77.15,4,3,6,2.69,0.5468,,,18556,[C][C][=C][C][Branch1][C][Cl][=C][C][=C][Ring1][#Branch1][N][C][C@H1][Branch1][C][O][C][=Branch1][C][=O][N][C][C][=C][NH1][C][=C][C][=C][C][=C][Ring1][=Branch1][Ring1][=Branch2][N][C][=C][C][=C][Branch1][#Branch2][N][C@@H1][C][C][C][N][Ring1][Branch1][=C][Ring1][P],,eligible233_outside_fixed150,False,eligible,Cc1cc(Cl)ccc1NC[C@H](O)C(=O)NCc1c[nH]c2ccccc12,GNWATYPMQXAVTK-SFHVURJKSA-N,-6.621819,0.79833,0.342105,
GEN_AWKKCWGEQHKATP,,LIB_CHEMBL1983268,CC1=NC=C(N2CCOCC2)C3=CC=CC=C3N1,CC1=NC=C(N2CCOCC2)c2ccccc2N1,AWKKCWGEQHKATP-UHFFFAOYSA-N,locally_trained_SELFIES_GRU_sampling,selfies_gru_base_v1,439f74756bc786709f318a4379037c4df186bc4d40957bdbe245910ba48e8229,exact_InChIKey_not_found,exact_InChIKey_not_found,C1=NC=C(N2CCOCC2)c2ccccc2N1,0.1522,243.31,2.161,36.86,1,4,1,2.73,0.8209,,,15439,[C][C][=N][C][=C][Branch1][=Branch2][N][C][C][O][C][C][Ring1][=Branch1][C][=C][C][=C][C][=C][Ring1][=Branch1][N][Ring1][P],,eligible233_outside_fixed150,False,eligible,CC1=[NH+]C=C([NH+]2CCOCC2)c2ccccc2N1,AWKKCWGEQHKATP-UHFFFAOYSA-P,-6.551952,0.781959,0.283333,
GEN_UEQOFFXMZHVSLQ,,LIB_CHEMBL1200412,CNCC(=O)OCC(F)(F)C1=CC=CC=C1O,CNCC(=O)OCC(F)(F)c1ccccc1O,UEQOFFXMZHVSLQ-UHFFFAOYSA-N,locally_trained_SELFIES_GRU_sampling,selfies_gru_base_v1,439f74756bc786709f318a4379037c4df186bc4d40957bdbe245910ba48e8229,exact_InChIKey_not_found,exact_InChIKey_not_found,c1ccccc1,0.1519,245.225,1.247,58.56,2,4,5,2.614,0.7663,,,1921,[C][N][C][C][=Branch1][C][=O][O][C][C][Branch1][C][F][Branch1][C][F][C][=C][C][=C][C][=C][Ring1][=Branch1][O],,eligible233_outside_fixed150,False,eligible,C[NH2+]CC(=O)OCC(F)(F)c1ccccc1[O-],UEQOFFXMZHVSLQ-UHFFFAOYSA-N,-6.267007,0.638004,0.311111,
GEN_TVUFBEBXEMQRTA,,LIB_CHEMBL1200412,COC(=O)C1=CC=C(C2=CC=CC=N2)SC1=O,COC(=O)c1ccc(-c2ccccn2)sc1=O,TVUFBEBXEMQRTA-UHFFFAOYSA-N,locally_trained_SELFIES_GRU_sampling,selfies_gru_base_v1,439f74756bc786709f318a4379037c4df186bc4d40957bdbe245910ba48e8229,exact_InChIKey_not_found,exact_InChIKey_not_found,O=c1cccc(-c2ccccn2)s1,0.1519,247.275,1.957,56.26,0,5,2,2.292,0.7611,,,16296,[C][O][C][=Branch1][C][=O][C][=C][C][=C][Branch1][=Branch2][C][=C][C][=C][C][=N][Ring1][=Branch1][S][C][Ring1][N][=O],,eligible233_outside_fixed150,False,eligible,COC(=O)c1ccc(-c2ccccn2)sc1=O,TVUFBEBXEMQRTA-UHFFFAOYSA-N,-6.486489,0.54046,0.45,
GEN_WRWOWXFRTCQIKR,,LIB_CHEMBL2103870,C1OC2=CC=CC(C)=C2CC3=CC=CC(NS(C)(=O)=O)=C3C1,Cc1cccc2c1Cc1cccc(NS(C)(=O)=O)c1CCO2,WRWOWXFRTCQIKR-UHFFFAOYSA-N,locally_trained_SELFIES_GRU_sampling,selfies_gru_base_v1,439f74756bc786709f318a4379037c4df186bc4d40957bdbe245910ba48e8229,exact_InChIKey_not_found,exact_InChIKey_not_found,c1ccc2c(c1)CCOc1ccccc1C2,0.1512,317.41,2.892,55.4,1,3,2,2.381,0.9264,,,18447,[C][O][C][=C][C][=C][C][Branch1][C][C][=C][Ring1][#Branch1][C][C][=C][C][=C][C][Branch1][O][N][S][Branch1][C][C][=Branch1][C][=O][=O][C][=C][Ring1][O][=C][Ring2][Ring1][#Branch1],,eligible233_outside_fixed150,False,eligible,Cc1cccc2c1Cc1cccc(NS(C)(=O)=O)c1CCO2,WRWOWXFRTCQIKR-UHFFFAOYSA-N,-6.445086,0.668852,0.322581,
GEN_JOTLSWGFBTWYFS,,LIB_CHEMBL1200412,COC1=CC=CC=C1N2CCOC(C3=CC=NC=C3)=CC2=O,COc1ccccc1N1CCOC(c2ccncc2)=CC1=O,JOTLSWGFBTWYFS-UHFFFAOYSA-N,locally_trained_SELFIES_GRU_sampling,selfies_gru_base_v1,439f74756bc786709f318a4379037c4df186bc4d40957bdbe245910ba48e8229,exact_InChIKey_not_found,exact_InChIKey_not_found,O=C1C=C(c2ccncc2)OCCN1c1ccccc1,0.1512,296.326,2.495,51.66,0,4,3,2.479,0.873,,,11732,[C][O][C][=C][C][=C][C][=C][Ring1][=Branch1][N][C][C][O][C][Branch1][=Branch2][C][=C][C][=N][C][=C][Ring1][=Branch1][=C][C][Ring1][=N][=O],,eligible233_outside_fixed150,False,eligible,COc1ccccc1N1CCOC(c2ccncc2)=CC1=O,JOTLSWGFBTWYFS-UHFFFAOYSA-N,-6.71808,0.705171,0.232143,
GEN_ZLUZOEAYMYVYAA,,LIB_CHEMBL461101,O=C(O)C[C@@H1](O)C1=CC=C(O)C=C1N(C)C(=O)NC2=CC=CC=C2,CN(C(=O)Nc1ccccc1)c1cc(O)ccc1[C@H](O)CC(=O)O,ZLUZOEAYMYVYAA-OAHLLOKOSA-N,locally_trained_SELFIES_GRU_sampling,selfies_gru_base_v1,439f74756bc786709f318a4379037c4df186bc4d40957bdbe245910ba48e8229,exact_InChIKey_not_found,exact_InChIKey_not_found,O=C(Nc1ccccc1)Nc1ccccc1,0.1512,330.34,2.569,110.1,4,4,5,2.81,0.6733,,,9546,[O][=C][Branch1][C][O][C][C@@H1][Branch1][C][O][C][=C][C][=C][Branch1][C][O][C][=C][Ring1][#Branch1][N][Branch1][C][C][C][=Branch1][C][=O][N][C][=C][C][=C][C][=C][Ring1][=Branch1],,eligible233_outside_fixed150,False,blocked,,,,,,rule stable stereocenter unspecified
GEN_ZKQXCLVPLNOMJL,,LIB_CHEMBL1983268,NS(=O)(=O)C1=CC=CC=C1NC(=O)C2=C[NH1]C=N2,NS(=O)(=O)c1ccccc1NC(=O)c1c[nH]cn1,ZKQXCLVPLNOMJL-UHFFFAOYSA-N,locally_trained_SELFIES_GRU_sampling,selfies_gru_base_v1,439f74756bc786709f318a4379037c4df186bc4d40957bdbe245910ba48e8229,exact_InChIKey_not_found,exact_InChIKey_not_found,O=C(Nc1ccccc1)c1c[nH]cn1,0.1505,266.282,0.309,117.94,3,4,3,2.438,0.7404,,,3382,[N][S][=Branch1][C][=O][=Branch1][C][=O][C][=C][C][=C][C][=C][Ring1][=Branch1][N][C][=Branch1][C][=O][C][=C][NH1][C][=N][Ring1][Branch1],,eligible233_outside_fixed150,False,eligible,NS(=O)(=O)c1ccccc1NC(=O)c1c[n-]cn1,ZYBCQDAWOCMARF-UHFFFAOYSA-M,-6.576444,0.53145,0.296875,
GEN_IAVHNXJJDXEEFE,,LIB_CHEMBL2103870,CCCNC(=O)NC1=NC=CC=C1N,CCCNC(=O)Nc1ncccc1N,IAVHNXJJDXEEFE-UHFFFAOYSA-N,locally_trained_SELFIES_GRU_sampling,selfies_gru_base_v1,439f74756bc786709f318a4379037c4df186bc4d40957bdbe245910ba48e8229,exact_InChIKey_not_found,exact_InChIKey_not_found,c1ccncc1,0.15,194.238,1.195,80.04,3,3,3,2.091,0.6758,,,7574,[C][C][C][N][C][=Branch1][C][=O][N][C][=N][C][=C][C][=C][Ring1][=Branch1][N][=Ring1][=Branch2][C][=C][C][=C][Branch1][Ring1][O][C][C][=C][Ring1][O],,eligible233_outside_fixed150,False,eligible,CCCNC(=O)Nc1ncccc1N,IAVHNXJJDXEEFE-UHFFFAOYSA-N,-5.740962,0.701601,0.285714,
