activity_id,molecule_chembl_id,molecule_pref_name,target_chembl_id,target_pref_name,target_organism,assay_chembl_id,assay_type,assay_description,standard_type,standard_relation,standard_value,standard_units,pchembl_value,standard_flag,data_validity_comment,potential_duplicate,document_chembl_id,assay_confidence_score,assay_bao_format,document_doi,document_title,document_year,document_journal,source_api
325207,CHEMBL63323,NIFLUMIC ACID,CHEMBL614444,Proteus mirabilis,Proteus mirabilis,CHEMBL769004,F,Minimum inhibitory concentration against Proteus mirabilis (CECT170),MIC90,=,1800.0,ug.mL-1,,1,,0,CHEMBL1133303,1,BAO_0000218,10.1016/s0960-894x(00)00406-6,Molecular topology: a useful tool for the search of new antibacterials.,2000,Bioorg Med Chem Lett,https://www.ebi.ac.uk/chembl/api/data/activity/325207.json
325208,CHEMBL63323,NIFLUMIC ACID,CHEMBL354,Escherichia coli,Escherichia coli,CHEMBL678656,F,Minimum inhibitory concentration against Escherichia coli (CECT405),MIC90,=,1800.0,ug.mL-1,,1,,0,CHEMBL1133303,1,BAO_0000218,10.1016/s0960-894x(00)00406-6,Molecular topology: a useful tool for the search of new antibacterials.,2000,Bioorg Med Chem Lett,https://www.ebi.ac.uk/chembl/api/data/activity/325208.json
325209,CHEMBL63323,NIFLUMIC ACID,CHEMBL352,Staphylococcus aureus,Staphylococcus aureus,CHEMBL881144,F,Minimum Inhibitory concentration against Staphylococcus aureus (CECT240),MIC90,=,160.0,ug.mL-1,,1,,0,CHEMBL1133303,1,BAO_0000218,10.1016/s0960-894x(00)00406-6,Molecular topology: a useful tool for the search of new antibacterials.,2000,Bioorg Med Chem Lett,https://www.ebi.ac.uk/chembl/api/data/activity/325209.json
325210,CHEMBL63323,NIFLUMIC ACID,CHEMBL348,Pseudomonas aeruginosa,Pseudomonas aeruginosa,CHEMBL770010,F,Minimum inhibitory concentration against Pseudomonas aeruginosa (CECT108); No data,MIC90,,,ug.mL-1,,0,,0,CHEMBL1133303,1,BAO_0000218,10.1016/s0960-894x(00)00406-6,Molecular topology: a useful tool for the search of new antibacterials.,2000,Bioorg Med Chem Lett,https://www.ebi.ac.uk/chembl/api/data/activity/325210.json
2676391,CHEMBL565026,,CHEMBL5145,Serine/threonine-protein kinase B-raf,Homo sapiens,CHEMBL1033778,B,Inhibition of human recombinant B-Raf expressed in Sf9 cells assessed as inhibition of Mek1 phosphorylation,IC50,=,1450.0,nM,5.84,1,,0,CHEMBL1151868,9,BAO_0000219,10.1016/j.bmcl.2009.03.129,"Identification of pyrazolo[1,5-a]pyrimidine-3-carboxylates as B-Raf kinase inhibitors.",2009,Bioorg Med Chem Lett,https://www.ebi.ac.uk/chembl/api/data/activity/2676391.json
3080531,CHEMBL63323,NIFLUMIC ACID,CHEMBL613427,Zone of skin,Homo sapiens,CHEMBL1066718,A,Permeability in human skin after 48 hrs by Franz cell permeability assay,log Pe,=,-0.27,,,0,,0,CHEMBL1153196,1,BAO_0000221,10.1016/j.bmcl.2009.11.039,Development of an in silico model for human skin permeation based on a Franz cell skin permeability assay.,2010,Bioorg Med Chem Lett,https://www.ebi.ac.uk/chembl/api/data/activity/3080531.json
3080573,CHEMBL63323,NIFLUMIC ACID,CHEMBL2362975,No relevant target,,CHEMBL1066717,P,"Lipophilicity, log D of the compound",LogD,=,2.01,,,1,,0,CHEMBL1153196,0,BAO_0000100,10.1016/j.bmcl.2009.11.039,Development of an in silico model for human skin permeation based on a Franz cell skin permeability assay.,2010,Bioorg Med Chem Lett,https://www.ebi.ac.uk/chembl/api/data/activity/3080573.json
3210359,CHEMBL1081198,,CHEMBL612545,Unchecked,,CHEMBL1109460,B,Selectivity ratio IC50 for LCK to IC50 for EphB4,Ratio IC50,>,20.0,,,0,,0,CHEMBL1153704,0,BAO_0000019,10.1016/j.bmcl.2009.10.037,"Imidazo[1,2-a]pyrazine diaryl ureas: inhibitors of the receptor tyrosine kinase EphB4.",2009,Bioorg Med Chem Lett,https://www.ebi.ac.uk/chembl/api/data/activity/3210359.json
3210360,CHEMBL1081198,,CHEMBL612545,Unchecked,,CHEMBL1109459,B,Selectivity ratio IC50 for IRK to IC50 for EphB4,Ratio IC50,>,20.0,,,0,,0,CHEMBL1153704,0,BAO_0000019,10.1016/j.bmcl.2009.10.037,"Imidazo[1,2-a]pyrazine diaryl ureas: inhibitors of the receptor tyrosine kinase EphB4.",2009,Bioorg Med Chem Lett,https://www.ebi.ac.uk/chembl/api/data/activity/3210360.json
3210361,CHEMBL1081198,,CHEMBL612545,Unchecked,,CHEMBL1109458,B,Selectivity ratio IC50 for IGFR to IC50 for EphB4,Ratio IC50,>,20.0,,,0,,0,CHEMBL1153704,0,BAO_0000019,10.1016/j.bmcl.2009.10.037,"Imidazo[1,2-a]pyrazine diaryl ureas: inhibitors of the receptor tyrosine kinase EphB4.",2009,Bioorg Med Chem Lett,https://www.ebi.ac.uk/chembl/api/data/activity/3210361.json
3210362,CHEMBL1081198,,CHEMBL612545,Unchecked,,CHEMBL1109457,B,Selectivity ratio IC50 for GSKB3beta to IC50 for EphB4,Ratio IC50,>,20.0,,,0,,0,CHEMBL1153704,0,BAO_0000019,10.1016/j.bmcl.2009.10.037,"Imidazo[1,2-a]pyrazine diaryl ureas: inhibitors of the receptor tyrosine kinase EphB4.",2009,Bioorg Med Chem Lett,https://www.ebi.ac.uk/chembl/api/data/activity/3210362.json
3210363,CHEMBL1081198,,CHEMBL612545,Unchecked,,CHEMBL1109456,B,Selectivity ratio IC50 for Fyn to IC50 for EphB4,Ratio IC50,>,20.0,,,0,,0,CHEMBL1153704,0,BAO_0000019,10.1016/j.bmcl.2009.10.037,"Imidazo[1,2-a]pyrazine diaryl ureas: inhibitors of the receptor tyrosine kinase EphB4.",2009,Bioorg Med Chem Lett,https://www.ebi.ac.uk/chembl/api/data/activity/3210363.json
3210364,CHEMBL1081198,,CHEMBL612545,Unchecked,,CHEMBL1109455,B,Selectivity ratio IC50 for Flt3 to IC50 for EphB4,Ratio IC50,>,20.0,,,0,,0,CHEMBL1153704,0,BAO_0000019,10.1016/j.bmcl.2009.10.037,"Imidazo[1,2-a]pyrazine diaryl ureas: inhibitors of the receptor tyrosine kinase EphB4.",2009,Bioorg Med Chem Lett,https://www.ebi.ac.uk/chembl/api/data/activity/3210364.json
3210365,CHEMBL1081198,,CHEMBL612545,Unchecked,,CHEMBL1109454,B,Selectivity ratio IC50 for FGFR4 to IC50 for EphB4,Ratio IC50,>,20.0,,,0,,0,CHEMBL1153704,0,BAO_0000019,10.1016/j.bmcl.2009.10.037,"Imidazo[1,2-a]pyrazine diaryl ureas: inhibitors of the receptor tyrosine kinase EphB4.",2009,Bioorg Med Chem Lett,https://www.ebi.ac.uk/chembl/api/data/activity/3210365.json
3210366,CHEMBL1081198,,CHEMBL612545,Unchecked,,CHEMBL1109453,B,Selectivity ratio IC50 for EphA2 to IC50 for EphB4,Ratio IC50,>,20.0,,,0,,0,CHEMBL1153704,0,BAO_0000019,10.1016/j.bmcl.2009.10.037,"Imidazo[1,2-a]pyrazine diaryl ureas: inhibitors of the receptor tyrosine kinase EphB4.",2009,Bioorg Med Chem Lett,https://www.ebi.ac.uk/chembl/api/data/activity/3210366.json
3210367,CHEMBL1081198,,CHEMBL612545,Unchecked,,CHEMBL1109452,B,Selectivity ratio IC50 for EGFR to IC50 for EphB4,Ratio IC50,>,20.0,,,0,,0,CHEMBL1153704,0,BAO_0000019,10.1016/j.bmcl.2009.10.037,"Imidazo[1,2-a]pyrazine diaryl ureas: inhibitors of the receptor tyrosine kinase EphB4.",2009,Bioorg Med Chem Lett,https://www.ebi.ac.uk/chembl/api/data/activity/3210367.json
3210368,CHEMBL1081198,,CHEMBL612545,Unchecked,,CHEMBL1109446,B,Selectivity ratio IC50 for CDK5 to IC50 for EphB4,Ratio IC50,>,20.0,,,0,,0,CHEMBL1153704,0,BAO_0000019,10.1016/j.bmcl.2009.10.037,"Imidazo[1,2-a]pyrazine diaryl ureas: inhibitors of the receptor tyrosine kinase EphB4.",2009,Bioorg Med Chem Lett,https://www.ebi.ac.uk/chembl/api/data/activity/3210368.json
3210369,CHEMBL1081198,,CHEMBL612545,Unchecked,,CHEMBL1109451,B,Selectivity ratio IC50 for Btk to IC50 for EphB4,Ratio IC50,>,20.0,,,0,,0,CHEMBL1153704,0,BAO_0000019,10.1016/j.bmcl.2009.10.037,"Imidazo[1,2-a]pyrazine diaryl ureas: inhibitors of the receptor tyrosine kinase EphB4.",2009,Bioorg Med Chem Lett,https://www.ebi.ac.uk/chembl/api/data/activity/3210369.json
3210370,CHEMBL1081198,,CHEMBL612545,Unchecked,,CHEMBL1109450,B,Selectivity ratio IC50 for Blk to IC50 for EphB4,Ratio IC50,>,20.0,,,0,,0,CHEMBL1153704,0,BAO_0000019,10.1016/j.bmcl.2009.10.037,"Imidazo[1,2-a]pyrazine diaryl ureas: inhibitors of the receptor tyrosine kinase EphB4.",2009,Bioorg Med Chem Lett,https://www.ebi.ac.uk/chembl/api/data/activity/3210370.json
3210371,CHEMBL1081198,,CHEMBL612545,Unchecked,,CHEMBL1109449,B,Selectivity ratio IC50 for Akt to IC50 for EphB4,Ratio IC50,>,20.0,,,0,,0,CHEMBL1153704,0,BAO_0000019,10.1016/j.bmcl.2009.10.037,"Imidazo[1,2-a]pyrazine diaryl ureas: inhibitors of the receptor tyrosine kinase EphB4.",2009,Bioorg Med Chem Lett,https://www.ebi.ac.uk/chembl/api/data/activity/3210371.json
3210372,CHEMBL1081198,,CHEMBL612545,Unchecked,,CHEMBL1109448,B,Selectivity ratio IC50 for Abl1 to IC50 for EphB4,Ratio IC50,>,20.0,,,0,,0,CHEMBL1153704,0,BAO_0000019,10.1016/j.bmcl.2009.10.037,"Imidazo[1,2-a]pyrazine diaryl ureas: inhibitors of the receptor tyrosine kinase EphB4.",2009,Bioorg Med Chem Lett,https://www.ebi.ac.uk/chembl/api/data/activity/3210372.json
3210373,CHEMBL1081198,,CHEMBL1981,Insulin receptor,Homo sapiens,CHEMBL1109447,B,Inhibition of IRK after 1 hr,IC50,=,50000.0,nM,4.30,1,,0,CHEMBL1153704,8,BAO_0000357,10.1016/j.bmcl.2009.10.037,"Imidazo[1,2-a]pyrazine diaryl ureas: inhibitors of the receptor tyrosine kinase EphB4.",2009,Bioorg Med Chem Lett,https://www.ebi.ac.uk/chembl/api/data/activity/3210373.json
3210374,CHEMBL1081198,,CHEMBL2803,Tyrosine-protein kinase ZAP-70,Homo sapiens,CHEMBL1109445,B,Inhibition of ZAp70 after 1 hr,IC50,=,50000.0,nM,4.30,1,,0,CHEMBL1153704,8,BAO_0000357,10.1016/j.bmcl.2009.10.037,"Imidazo[1,2-a]pyrazine diaryl ureas: inhibitors of the receptor tyrosine kinase EphB4.",2009,Bioorg Med Chem Lett,https://www.ebi.ac.uk/chembl/api/data/activity/3210374.json
3210375,CHEMBL1081198,,CHEMBL1955,Vascular endothelial growth factor receptor 3,Homo sapiens,CHEMBL1109444,B,Inhibition of VEGFR3 after 1 hr,IC50,=,71.0,nM,7.15,1,,0,CHEMBL1153704,8,BAO_0000357,10.1016/j.bmcl.2009.10.037,"Imidazo[1,2-a]pyrazine diaryl ureas: inhibitors of the receptor tyrosine kinase EphB4.",2009,Bioorg Med Chem Lett,https://www.ebi.ac.uk/chembl/api/data/activity/3210375.json
3210376,CHEMBL1080639,,CHEMBL279,Vascular endothelial growth factor receptor 2,Homo sapiens,CHEMBL1109443,B,Inhibition of VEGFR2 after 1 hr,IC50,=,10.0,nM,8.00,1,,0,CHEMBL1153704,8,BAO_0000357,10.1016/j.bmcl.2009.10.037,"Imidazo[1,2-a]pyrazine diaryl ureas: inhibitors of the receptor tyrosine kinase EphB4.",2009,Bioorg Med Chem Lett,https://www.ebi.ac.uk/chembl/api/data/activity/3210376.json
3210378,CHEMBL1079846,,CHEMBL279,Vascular endothelial growth factor receptor 2,Homo sapiens,CHEMBL1109443,B,Inhibition of VEGFR2 after 1 hr,IC50,=,7.0,nM,8.15,1,,0,CHEMBL1153704,8,BAO_0000357,10.1016/j.bmcl.2009.10.037,"Imidazo[1,2-a]pyrazine diaryl ureas: inhibitors of the receptor tyrosine kinase EphB4.",2009,Bioorg Med Chem Lett,https://www.ebi.ac.uk/chembl/api/data/activity/3210378.json
3210379,CHEMBL1081198,,CHEMBL279,Vascular endothelial growth factor receptor 2,Homo sapiens,CHEMBL1109443,B,Inhibition of VEGFR2 after 1 hr,IC50,=,33.0,nM,7.48,1,,0,CHEMBL1153704,8,BAO_0000357,10.1016/j.bmcl.2009.10.037,"Imidazo[1,2-a]pyrazine diaryl ureas: inhibitors of the receptor tyrosine kinase EphB4.",2009,Bioorg Med Chem Lett,https://www.ebi.ac.uk/chembl/api/data/activity/3210379.json
3210380,CHEMBL1081198,,CHEMBL1868,Vascular endothelial growth factor receptor 1,Homo sapiens,CHEMBL1109442,B,Inhibition of VEGFR1 after 1 hr,IC50,=,747.0,nM,6.13,1,,0,CHEMBL1153704,8,BAO_0000357,10.1016/j.bmcl.2009.10.037,"Imidazo[1,2-a]pyrazine diaryl ureas: inhibitors of the receptor tyrosine kinase EphB4.",2009,Bioorg Med Chem Lett,https://www.ebi.ac.uk/chembl/api/data/activity/3210380.json
3210381,CHEMBL1080639,,CHEMBL4128,Angiopoietin-1 receptor,Homo sapiens,CHEMBL1109441,B,Inhibition of Tie2 after 1 hr,IC50,=,75.0,nM,7.12,1,,0,CHEMBL1153704,8,BAO_0000357,10.1016/j.bmcl.2009.10.037,"Imidazo[1,2-a]pyrazine diaryl ureas: inhibitors of the receptor tyrosine kinase EphB4.",2009,Bioorg Med Chem Lett,https://www.ebi.ac.uk/chembl/api/data/activity/3210381.json
3210383,CHEMBL1079846,,CHEMBL4128,Angiopoietin-1 receptor,Homo sapiens,CHEMBL1109441,B,Inhibition of Tie2 after 1 hr,IC50,=,33.0,nM,7.48,1,,0,CHEMBL1153704,8,BAO_0000357,10.1016/j.bmcl.2009.10.037,"Imidazo[1,2-a]pyrazine diaryl ureas: inhibitors of the receptor tyrosine kinase EphB4.",2009,Bioorg Med Chem Lett,https://www.ebi.ac.uk/chembl/api/data/activity/3210383.json
3210384,CHEMBL1081198,,CHEMBL4128,Angiopoietin-1 receptor,Homo sapiens,CHEMBL1109441,B,Inhibition of Tie2 after 1 hr,IC50,=,67.0,nM,7.17,1,,0,CHEMBL1153704,8,BAO_0000357,10.1016/j.bmcl.2009.10.037,"Imidazo[1,2-a]pyrazine diaryl ureas: inhibitors of the receptor tyrosine kinase EphB4.",2009,Bioorg Med Chem Lett,https://www.ebi.ac.uk/chembl/api/data/activity/3210384.json
3210385,CHEMBL1081198,,CHEMBL267,Proto-oncogene tyrosine-protein kinase Src,Homo sapiens,CHEMBL1109440,B,Inhibition of Src after 1 hr,IC50,=,50000.0,nM,4.30,1,,0,CHEMBL1153704,8,BAO_0000357,10.1016/j.bmcl.2009.10.037,"Imidazo[1,2-a]pyrazine diaryl ureas: inhibitors of the receptor tyrosine kinase EphB4.",2009,Bioorg Med Chem Lett,https://www.ebi.ac.uk/chembl/api/data/activity/3210385.json
3210386,CHEMBL1081198,,CHEMBL2599,Tyrosine-protein kinase SYK,Homo sapiens,CHEMBL1109439,B,Inhibition of Syk after 1 hr,IC50,=,50000.0,nM,4.30,1,,0,CHEMBL1153704,8,BAO_0000357,10.1016/j.bmcl.2009.10.037,"Imidazo[1,2-a]pyrazine diaryl ureas: inhibitors of the receptor tyrosine kinase EphB4.",2009,Bioorg Med Chem Lett,https://www.ebi.ac.uk/chembl/api/data/activity/3210386.json
3210387,CHEMBL1081198,,CHEMBL3920,Protein kinase C theta type,Homo sapiens,CHEMBL1109438,B,Inhibition of PKCtheta after 1 hr,IC50,=,50000.0,nM,4.30,1,,0,CHEMBL1153704,8,BAO_0000357,10.1016/j.bmcl.2009.10.037,"Imidazo[1,2-a]pyrazine diaryl ureas: inhibitors of the receptor tyrosine kinase EphB4.",2009,Bioorg Med Chem Lett,https://www.ebi.ac.uk/chembl/api/data/activity/3210387.json
3210388,CHEMBL1081198,,CHEMBL3045,Protein kinase C beta type,Homo sapiens,CHEMBL1109437,B,Inhibition of PKCbeta2 after 1 hr,IC50,=,50000.0,nM,4.30,1,,0,CHEMBL1153704,8,BAO_0000357,10.1016/j.bmcl.2009.10.037,"Imidazo[1,2-a]pyrazine diaryl ureas: inhibitors of the receptor tyrosine kinase EphB4.",2009,Bioorg Med Chem Lett,https://www.ebi.ac.uk/chembl/api/data/activity/3210388.json
3210389,CHEMBL1081198,,CHEMBL612545,Unchecked,,CHEMBL1109436,B,Inhibition of PKA after 1 hr,IC50,=,50000.0,nM,4.30,1,,0,CHEMBL1153704,0,BAO_0000019,10.1016/j.bmcl.2009.10.037,"Imidazo[1,2-a]pyrazine diaryl ureas: inhibitors of the receptor tyrosine kinase EphB4.",2009,Bioorg Med Chem Lett,https://www.ebi.ac.uk/chembl/api/data/activity/3210389.json
3210390,CHEMBL1081198,,CHEMBL299,Protein kinase C alpha type,Homo sapiens,CHEMBL1109435,B,Inhibition of PKCalpha after 1 hr,IC50,=,50000.0,nM,4.30,1,,0,CHEMBL1153704,8,BAO_0000357,10.1016/j.bmcl.2009.10.037,"Imidazo[1,2-a]pyrazine diaryl ureas: inhibitors of the receptor tyrosine kinase EphB4.",2009,Bioorg Med Chem Lett,https://www.ebi.ac.uk/chembl/api/data/activity/3210390.json
3210391,CHEMBL1081198,,CHEMBL1913,Platelet-derived growth factor receptor beta,Homo sapiens,CHEMBL1109434,B,Inhibition of PDGFRbeta after 1 hr,IC50,=,7700.0,nM,5.11,1,,0,CHEMBL1153704,8,BAO_0000357,10.1016/j.bmcl.2009.10.037,"Imidazo[1,2-a]pyrazine diaryl ureas: inhibitors of the receptor tyrosine kinase EphB4.",2009,Bioorg Med Chem Lett,https://www.ebi.ac.uk/chembl/api/data/activity/3210391.json
3210392,CHEMBL1081198,,CHEMBL3905,Tyrosine-protein kinase Lyn,Homo sapiens,CHEMBL1109433,B,Inhibition of Lyn after 1 hr,IC50,=,6000.0,nM,5.22,1,,0,CHEMBL1153704,8,BAO_0000357,10.1016/j.bmcl.2009.10.037,"Imidazo[1,2-a]pyrazine diaryl ureas: inhibitors of the receptor tyrosine kinase EphB4.",2009,Bioorg Med Chem Lett,https://www.ebi.ac.uk/chembl/api/data/activity/3210392.json
3210393,CHEMBL1081198,,CHEMBL258,Tyrosine-protein kinase Lck,Homo sapiens,CHEMBL1109432,B,Inhibition of LCK after 1 hr,IC50,=,50000.0,nM,4.30,1,,0,CHEMBL1153704,8,BAO_0000357,10.1016/j.bmcl.2009.10.037,"Imidazo[1,2-a]pyrazine diaryl ureas: inhibitors of the receptor tyrosine kinase EphB4.",2009,Bioorg Med Chem Lett,https://www.ebi.ac.uk/chembl/api/data/activity/3210393.json
3210394,CHEMBL1081198,,CHEMBL612545,Unchecked,,CHEMBL1109431,B,Inhibition of IGFR after 1 hr,IC50,=,50000.0,nM,4.30,1,,0,CHEMBL1153704,0,BAO_0000019,10.1016/j.bmcl.2009.10.037,"Imidazo[1,2-a]pyrazine diaryl ureas: inhibitors of the receptor tyrosine kinase EphB4.",2009,Bioorg Med Chem Lett,https://www.ebi.ac.uk/chembl/api/data/activity/3210394.json
3210395,CHEMBL1081198,,CHEMBL262,Glycogen synthase kinase-3 beta,Homo sapiens,CHEMBL1109430,B,Inhibition of GSK3-beta after 1 hr,IC50,=,50000.0,nM,4.30,1,,0,CHEMBL1153704,8,BAO_0000357,10.1016/j.bmcl.2009.10.037,"Imidazo[1,2-a]pyrazine diaryl ureas: inhibitors of the receptor tyrosine kinase EphB4.",2009,Bioorg Med Chem Lett,https://www.ebi.ac.uk/chembl/api/data/activity/3210395.json
3210396,CHEMBL1081198,,CHEMBL1841,Tyrosine-protein kinase Fyn,Homo sapiens,CHEMBL1109429,B,Inhibition of Fyn after 1 hr,IC50,=,50000.0,nM,4.30,1,,0,CHEMBL1153704,8,BAO_0000357,10.1016/j.bmcl.2009.10.037,"Imidazo[1,2-a]pyrazine diaryl ureas: inhibitors of the receptor tyrosine kinase EphB4.",2009,Bioorg Med Chem Lett,https://www.ebi.ac.uk/chembl/api/data/activity/3210396.json
3210397,CHEMBL1081198,,CHEMBL1974,Receptor-type tyrosine-protein kinase FLT3,Homo sapiens,CHEMBL1109428,B,Inhibition of Flt3 after 1 hr,IC50,=,2000.0,nM,5.70,1,,0,CHEMBL1153704,8,BAO_0000357,10.1016/j.bmcl.2009.10.037,"Imidazo[1,2-a]pyrazine diaryl ureas: inhibitors of the receptor tyrosine kinase EphB4.",2009,Bioorg Med Chem Lett,https://www.ebi.ac.uk/chembl/api/data/activity/3210397.json
3210398,CHEMBL1081198,,CHEMBL3973,Fibroblast growth factor receptor 4,Homo sapiens,CHEMBL1109427,B,Inhibition of FGFR4 after 1 hr,IC50,=,50000.0,nM,4.30,1,,0,CHEMBL1153704,8,BAO_0000357,10.1016/j.bmcl.2009.10.037,"Imidazo[1,2-a]pyrazine diaryl ureas: inhibitors of the receptor tyrosine kinase EphB4.",2009,Bioorg Med Chem Lett,https://www.ebi.ac.uk/chembl/api/data/activity/3210398.json
3210399,CHEMBL1081198,,CHEMBL2068,Ephrin type-A receptor 2,Homo sapiens,CHEMBL1109426,B,Inhibition of EPHA2 after 1 hr,IC50,=,35.0,nM,7.46,1,,0,CHEMBL1153704,8,BAO_0000357,10.1016/j.bmcl.2009.10.037,"Imidazo[1,2-a]pyrazine diaryl ureas: inhibitors of the receptor tyrosine kinase EphB4.",2009,Bioorg Med Chem Lett,https://www.ebi.ac.uk/chembl/api/data/activity/3210399.json
3210400,CHEMBL1081198,,CHEMBL203,Epidermal growth factor receptor,Homo sapiens,CHEMBL1109425,B,Inhibition of EGFR after 1 hr,IC50,=,50000.0,nM,4.30,1,,0,CHEMBL1153704,8,BAO_0000357,10.1016/j.bmcl.2009.10.037,"Imidazo[1,2-a]pyrazine diaryl ureas: inhibitors of the receptor tyrosine kinase EphB4.",2009,Bioorg Med Chem Lett,https://www.ebi.ac.uk/chembl/api/data/activity/3210400.json
3210401,CHEMBL1081198,,CHEMBL4036,Cyclin-dependent kinase 5,Homo sapiens,CHEMBL1109424,B,Inhibition of CDK5 after 1 hr,IC50,=,50000.0,nM,4.30,1,,0,CHEMBL1153704,8,BAO_0000357,10.1016/j.bmcl.2009.10.037,"Imidazo[1,2-a]pyrazine diaryl ureas: inhibitors of the receptor tyrosine kinase EphB4.",2009,Bioorg Med Chem Lett,https://www.ebi.ac.uk/chembl/api/data/activity/3210401.json
3210402,CHEMBL1081198,,CHEMBL5251,Tyrosine-protein kinase BTK,Homo sapiens,CHEMBL1109423,B,Inhibition of Btk after 1 hr,IC50,=,7800.0,nM,5.11,1,,0,CHEMBL1153704,8,BAO_0000357,10.1016/j.bmcl.2009.10.037,"Imidazo[1,2-a]pyrazine diaryl ureas: inhibitors of the receptor tyrosine kinase EphB4.",2009,Bioorg Med Chem Lett,https://www.ebi.ac.uk/chembl/api/data/activity/3210402.json
3210403,CHEMBL1081198,,CHEMBL2250,Tyrosine-protein kinase Blk,Homo sapiens,CHEMBL1109422,B,Inhibition of Blk after 1 hr,IC50,=,50000.0,nM,4.30,1,,0,CHEMBL1153704,8,BAO_0000357,10.1016/j.bmcl.2009.10.037,"Imidazo[1,2-a]pyrazine diaryl ureas: inhibitors of the receptor tyrosine kinase EphB4.",2009,Bioorg Med Chem Lett,https://www.ebi.ac.uk/chembl/api/data/activity/3210403.json
3210404,CHEMBL1081198,,CHEMBL4282,RAC-alpha serine/threonine-protein kinase,Homo sapiens,CHEMBL1109421,B,Inhibition of Akt after 1 hr,IC50,=,50000.0,nM,4.30,1,,0,CHEMBL1153704,8,BAO_0000357,10.1016/j.bmcl.2009.10.037,"Imidazo[1,2-a]pyrazine diaryl ureas: inhibitors of the receptor tyrosine kinase EphB4.",2009,Bioorg Med Chem Lett,https://www.ebi.ac.uk/chembl/api/data/activity/3210404.json
3210405,CHEMBL1081198,,CHEMBL1862,Tyrosine-protein kinase ABL1,Homo sapiens,CHEMBL1109420,B,Inhibition of Abl1 after 1 hr,IC50,=,14400.0,nM,4.84,1,,0,CHEMBL1153704,8,BAO_0000357,10.1016/j.bmcl.2009.10.037,"Imidazo[1,2-a]pyrazine diaryl ureas: inhibitors of the receptor tyrosine kinase EphB4.",2009,Bioorg Med Chem Lett,https://www.ebi.ac.uk/chembl/api/data/activity/3210405.json
3210406,CHEMBL1080639,,CHEMBL5147,Ephrin type-B receptor 4,Homo sapiens,CHEMBL1109419,B,Inhibition of EphB4 after 1 hr,IC50,=,26.0,nM,7.58,1,,0,CHEMBL1153704,8,BAO_0000357,10.1016/j.bmcl.2009.10.037,"Imidazo[1,2-a]pyrazine diaryl ureas: inhibitors of the receptor tyrosine kinase EphB4.",2009,Bioorg Med Chem Lett,https://www.ebi.ac.uk/chembl/api/data/activity/3210406.json
3210418,CHEMBL1080207,,CHEMBL5147,Ephrin type-B receptor 4,Homo sapiens,CHEMBL1109419,B,Inhibition of EphB4 after 1 hr,IC50,=,206.0,nM,6.69,1,,0,CHEMBL1153704,8,BAO_0000357,10.1016/j.bmcl.2009.10.037,"Imidazo[1,2-a]pyrazine diaryl ureas: inhibitors of the receptor tyrosine kinase EphB4.",2009,Bioorg Med Chem Lett,https://www.ebi.ac.uk/chembl/api/data/activity/3210418.json
3210420,CHEMBL1081916,,CHEMBL5147,Ephrin type-B receptor 4,Homo sapiens,CHEMBL1109419,B,Inhibition of EphB4 after 1 hr,IC50,=,1200.0,nM,5.92,1,,0,CHEMBL1153704,8,BAO_0000357,10.1016/j.bmcl.2009.10.037,"Imidazo[1,2-a]pyrazine diaryl ureas: inhibitors of the receptor tyrosine kinase EphB4.",2009,Bioorg Med Chem Lett,https://www.ebi.ac.uk/chembl/api/data/activity/3210420.json
3210421,CHEMBL1081740,,CHEMBL5147,Ephrin type-B receptor 4,Homo sapiens,CHEMBL1109419,B,Inhibition of EphB4 after 1 hr,IC50,=,850.0,nM,6.07,1,,0,CHEMBL1153704,8,BAO_0000357,10.1016/j.bmcl.2009.10.037,"Imidazo[1,2-a]pyrazine diaryl ureas: inhibitors of the receptor tyrosine kinase EphB4.",2009,Bioorg Med Chem Lett,https://www.ebi.ac.uk/chembl/api/data/activity/3210421.json
3210422,CHEMBL1079751,,CHEMBL5147,Ephrin type-B receptor 4,Homo sapiens,CHEMBL1109419,B,Inhibition of EphB4 after 1 hr,IC50,=,810.0,nM,6.09,1,,0,CHEMBL1153704,8,BAO_0000357,10.1016/j.bmcl.2009.10.037,"Imidazo[1,2-a]pyrazine diaryl ureas: inhibitors of the receptor tyrosine kinase EphB4.",2009,Bioorg Med Chem Lett,https://www.ebi.ac.uk/chembl/api/data/activity/3210422.json
3210437,CHEMBL1079846,,CHEMBL5147,Ephrin type-B receptor 4,Homo sapiens,CHEMBL1109419,B,Inhibition of EphB4 after 1 hr,IC50,=,37.0,nM,7.43,1,,0,CHEMBL1153704,8,BAO_0000357,10.1016/j.bmcl.2009.10.037,"Imidazo[1,2-a]pyrazine diaryl ureas: inhibitors of the receptor tyrosine kinase EphB4.",2009,Bioorg Med Chem Lett,https://www.ebi.ac.uk/chembl/api/data/activity/3210437.json
3210441,CHEMBL1080669,,CHEMBL5147,Ephrin type-B receptor 4,Homo sapiens,CHEMBL1109419,B,Inhibition of EphB4 after 1 hr,IC50,=,10500.0,nM,4.98,1,,0,CHEMBL1153704,8,BAO_0000357,10.1016/j.bmcl.2009.10.037,"Imidazo[1,2-a]pyrazine diaryl ureas: inhibitors of the receptor tyrosine kinase EphB4.",2009,Bioorg Med Chem Lett,https://www.ebi.ac.uk/chembl/api/data/activity/3210441.json
3210444,CHEMBL1080530,,CHEMBL5147,Ephrin type-B receptor 4,Homo sapiens,CHEMBL1109419,B,Inhibition of EphB4 after 1 hr,IC50,=,1700.0,nM,5.77,1,,0,CHEMBL1153704,8,BAO_0000357,10.1016/j.bmcl.2009.10.037,"Imidazo[1,2-a]pyrazine diaryl ureas: inhibitors of the receptor tyrosine kinase EphB4.",2009,Bioorg Med Chem Lett,https://www.ebi.ac.uk/chembl/api/data/activity/3210444.json
3210448,CHEMBL1082108,,CHEMBL5147,Ephrin type-B receptor 4,Homo sapiens,CHEMBL1109419,B,Inhibition of EphB4 after 1 hr,IC50,=,1700.0,nM,5.77,1,,0,CHEMBL1153704,8,BAO_0000357,10.1016/j.bmcl.2009.10.037,"Imidazo[1,2-a]pyrazine diaryl ureas: inhibitors of the receptor tyrosine kinase EphB4.",2009,Bioorg Med Chem Lett,https://www.ebi.ac.uk/chembl/api/data/activity/3210448.json
3210449,CHEMBL1082107,,CHEMBL5147,Ephrin type-B receptor 4,Homo sapiens,CHEMBL1109419,B,Inhibition of EphB4 after 1 hr,IC50,=,2900.0,nM,5.54,1,,0,CHEMBL1153704,8,BAO_0000357,10.1016/j.bmcl.2009.10.037,"Imidazo[1,2-a]pyrazine diaryl ureas: inhibitors of the receptor tyrosine kinase EphB4.",2009,Bioorg Med Chem Lett,https://www.ebi.ac.uk/chembl/api/data/activity/3210449.json
3210451,CHEMBL1079809,,CHEMBL5147,Ephrin type-B receptor 4,Homo sapiens,CHEMBL1109419,B,Inhibition of EphB4 after 1 hr,IC50,=,105.0,nM,6.98,1,,0,CHEMBL1153704,8,BAO_0000357,10.1016/j.bmcl.2009.10.037,"Imidazo[1,2-a]pyrazine diaryl ureas: inhibitors of the receptor tyrosine kinase EphB4.",2009,Bioorg Med Chem Lett,https://www.ebi.ac.uk/chembl/api/data/activity/3210451.json
3210452,CHEMBL1081062,,CHEMBL5147,Ephrin type-B receptor 4,Homo sapiens,CHEMBL1109419,B,Inhibition of EphB4 after 1 hr,IC50,=,5300.0,nM,5.28,1,,0,CHEMBL1153704,8,BAO_0000357,10.1016/j.bmcl.2009.10.037,"Imidazo[1,2-a]pyrazine diaryl ureas: inhibitors of the receptor tyrosine kinase EphB4.",2009,Bioorg Med Chem Lett,https://www.ebi.ac.uk/chembl/api/data/activity/3210452.json
3211513,CHEMBL1080206,,CHEMBL5147,Ephrin type-B receptor 4,Homo sapiens,CHEMBL1109419,B,Inhibition of EphB4 after 1 hr,IC50,=,7800.0,nM,5.11,1,,0,CHEMBL1153704,8,BAO_0000357,10.1016/j.bmcl.2009.10.037,"Imidazo[1,2-a]pyrazine diaryl ureas: inhibitors of the receptor tyrosine kinase EphB4.",2009,Bioorg Med Chem Lett,https://www.ebi.ac.uk/chembl/api/data/activity/3211513.json
3211514,CHEMBL1080362,,CHEMBL5147,Ephrin type-B receptor 4,Homo sapiens,CHEMBL1109419,B,Inhibition of EphB4 after 1 hr,IC50,=,50000.0,nM,4.30,1,,0,CHEMBL1153704,8,BAO_0000357,10.1016/j.bmcl.2009.10.037,"Imidazo[1,2-a]pyrazine diaryl ureas: inhibitors of the receptor tyrosine kinase EphB4.",2009,Bioorg Med Chem Lett,https://www.ebi.ac.uk/chembl/api/data/activity/3211514.json
3211515,CHEMBL1081198,,CHEMBL5147,Ephrin type-B receptor 4,Homo sapiens,CHEMBL1109419,B,Inhibition of EphB4 after 1 hr,IC50,=,62.0,nM,7.21,1,,0,CHEMBL1153704,8,BAO_0000357,10.1016/j.bmcl.2009.10.037,"Imidazo[1,2-a]pyrazine diaryl ureas: inhibitors of the receptor tyrosine kinase EphB4.",2009,Bioorg Med Chem Lett,https://www.ebi.ac.uk/chembl/api/data/activity/3211515.json
3211516,CHEMBL1079964,,CHEMBL5147,Ephrin type-B receptor 4,Homo sapiens,CHEMBL1109418,B,Inhibition of EphB4 at 10 uM after 1 hr,Inhibition,=,36.0,%,,1,,0,CHEMBL1153704,8,BAO_0000357,10.1016/j.bmcl.2009.10.037,"Imidazo[1,2-a]pyrazine diaryl ureas: inhibitors of the receptor tyrosine kinase EphB4.",2009,Bioorg Med Chem Lett,https://www.ebi.ac.uk/chembl/api/data/activity/3211516.json
3211517,CHEMBL1079796,,CHEMBL5147,Ephrin type-B receptor 4,Homo sapiens,CHEMBL1109418,B,Inhibition of EphB4 at 10 uM after 1 hr,Inhibition,=,32.0,%,,1,,0,CHEMBL1153704,8,BAO_0000357,10.1016/j.bmcl.2009.10.037,"Imidazo[1,2-a]pyrazine diaryl ureas: inhibitors of the receptor tyrosine kinase EphB4.",2009,Bioorg Med Chem Lett,https://www.ebi.ac.uk/chembl/api/data/activity/3211517.json
3211518,CHEMBL1080205,,CHEMBL5147,Ephrin type-B receptor 4,Homo sapiens,CHEMBL1109418,B,Inhibition of EphB4 at 10 uM after 1 hr,Inhibition,=,32.0,%,,1,,0,CHEMBL1153704,8,BAO_0000357,10.1016/j.bmcl.2009.10.037,"Imidazo[1,2-a]pyrazine diaryl ureas: inhibitors of the receptor tyrosine kinase EphB4.",2009,Bioorg Med Chem Lett,https://www.ebi.ac.uk/chembl/api/data/activity/3211518.json
3211520,CHEMBL1079648,,CHEMBL5147,Ephrin type-B receptor 4,Homo sapiens,CHEMBL1109417,B,Inhibition of EphB4 at 1 uM after 1 hr,Inhibition,=,2.9,%,,1,,0,CHEMBL1153704,8,BAO_0000357,10.1016/j.bmcl.2009.10.037,"Imidazo[1,2-a]pyrazine diaryl ureas: inhibitors of the receptor tyrosine kinase EphB4.",2009,Bioorg Med Chem Lett,https://www.ebi.ac.uk/chembl/api/data/activity/3211520.json
3211521,CHEMBL1082113,,CHEMBL5147,Ephrin type-B receptor 4,Homo sapiens,CHEMBL1109417,B,Inhibition of EphB4 at 1 uM after 1 hr,Inhibition,=,10.0,%,,1,,0,CHEMBL1153704,8,BAO_0000357,10.1016/j.bmcl.2009.10.037,"Imidazo[1,2-a]pyrazine diaryl ureas: inhibitors of the receptor tyrosine kinase EphB4.",2009,Bioorg Med Chem Lett,https://www.ebi.ac.uk/chembl/api/data/activity/3211521.json
3211525,CHEMBL1080182,,CHEMBL5147,Ephrin type-B receptor 4,Homo sapiens,CHEMBL1109417,B,Inhibition of EphB4 at 1 uM after 1 hr,Inhibition,=,22.0,%,,1,,0,CHEMBL1153704,8,BAO_0000357,10.1016/j.bmcl.2009.10.037,"Imidazo[1,2-a]pyrazine diaryl ureas: inhibitors of the receptor tyrosine kinase EphB4.",2009,Bioorg Med Chem Lett,https://www.ebi.ac.uk/chembl/api/data/activity/3211525.json
3211531,CHEMBL1079811,,CHEMBL5147,Ephrin type-B receptor 4,Homo sapiens,CHEMBL1109417,B,Inhibition of EphB4 at 1 uM after 1 hr,Inhibition,=,10.0,%,,1,,0,CHEMBL1153704,8,BAO_0000357,10.1016/j.bmcl.2009.10.037,"Imidazo[1,2-a]pyrazine diaryl ureas: inhibitors of the receptor tyrosine kinase EphB4.",2009,Bioorg Med Chem Lett,https://www.ebi.ac.uk/chembl/api/data/activity/3211531.json
3211534,CHEMBL1081198,,CHEMBL612545,Unchecked,,CHEMBL1109461,B,Selectivity ratio IC50 for Lyn to IC50 for EphB4,Ratio IC50,>,20.0,,,0,,0,CHEMBL1153704,0,BAO_0000019,10.1016/j.bmcl.2009.10.037,"Imidazo[1,2-a]pyrazine diaryl ureas: inhibitors of the receptor tyrosine kinase EphB4.",2009,Bioorg Med Chem Lett,https://www.ebi.ac.uk/chembl/api/data/activity/3211534.json
3211535,CHEMBL1081198,,CHEMBL612545,Unchecked,,CHEMBL1109462,B,Selectivity ratio IC50 for PDGFRbeta to IC50 for EphB4,Ratio IC50,>,20.0,,,0,,0,CHEMBL1153704,0,BAO_0000019,10.1016/j.bmcl.2009.10.037,"Imidazo[1,2-a]pyrazine diaryl ureas: inhibitors of the receptor tyrosine kinase EphB4.",2009,Bioorg Med Chem Lett,https://www.ebi.ac.uk/chembl/api/data/activity/3211535.json
3211536,CHEMBL1081198,,CHEMBL612545,Unchecked,,CHEMBL1109463,B,Selectivity ratio IC50 for PKA to IC50 for EphB4,Ratio IC50,>,20.0,,,0,,0,CHEMBL1153704,0,BAO_0000019,10.1016/j.bmcl.2009.10.037,"Imidazo[1,2-a]pyrazine diaryl ureas: inhibitors of the receptor tyrosine kinase EphB4.",2009,Bioorg Med Chem Lett,https://www.ebi.ac.uk/chembl/api/data/activity/3211536.json
3211537,CHEMBL1081198,,CHEMBL612545,Unchecked,,CHEMBL1115694,B,Selectivity ratio IC50 for PKCalpha to IC50 for EphB4,Ratio IC50,>,20.0,,,0,,0,CHEMBL1153704,0,BAO_0000019,10.1016/j.bmcl.2009.10.037,"Imidazo[1,2-a]pyrazine diaryl ureas: inhibitors of the receptor tyrosine kinase EphB4.",2009,Bioorg Med Chem Lett,https://www.ebi.ac.uk/chembl/api/data/activity/3211537.json
3211538,CHEMBL1081198,,CHEMBL612545,Unchecked,,CHEMBL1115695,B,Selectivity ratio IC50 for PKCbeta2 to IC50 for EphB4,Ratio IC50,>,20.0,,,0,,0,CHEMBL1153704,0,BAO_0000019,10.1016/j.bmcl.2009.10.037,"Imidazo[1,2-a]pyrazine diaryl ureas: inhibitors of the receptor tyrosine kinase EphB4.",2009,Bioorg Med Chem Lett,https://www.ebi.ac.uk/chembl/api/data/activity/3211538.json
3211539,CHEMBL1081198,,CHEMBL612545,Unchecked,,CHEMBL1115696,B,Selectivity ratio IC50 for PKCtheta to IC50 for EphB4,Ratio IC50,>,20.0,,,0,,0,CHEMBL1153704,0,BAO_0000019,10.1016/j.bmcl.2009.10.037,"Imidazo[1,2-a]pyrazine diaryl ureas: inhibitors of the receptor tyrosine kinase EphB4.",2009,Bioorg Med Chem Lett,https://www.ebi.ac.uk/chembl/api/data/activity/3211539.json
3211540,CHEMBL1081198,,CHEMBL612545,Unchecked,,CHEMBL1115697,B,Selectivity ratio IC50 for Syk to IC50 for EphB4,Ratio IC50,>,20.0,,,0,,0,CHEMBL1153704,0,BAO_0000019,10.1016/j.bmcl.2009.10.037,"Imidazo[1,2-a]pyrazine diaryl ureas: inhibitors of the receptor tyrosine kinase EphB4.",2009,Bioorg Med Chem Lett,https://www.ebi.ac.uk/chembl/api/data/activity/3211540.json
3211541,CHEMBL1081198,,CHEMBL612545,Unchecked,,CHEMBL1115698,B,Selectivity ratio IC50 for Src to IC50 for EphB4,Ratio IC50,>,20.0,,,0,,0,CHEMBL1153704,0,BAO_0000019,10.1016/j.bmcl.2009.10.037,"Imidazo[1,2-a]pyrazine diaryl ureas: inhibitors of the receptor tyrosine kinase EphB4.",2009,Bioorg Med Chem Lett,https://www.ebi.ac.uk/chembl/api/data/activity/3211541.json
3211542,CHEMBL1081198,,CHEMBL612545,Unchecked,,CHEMBL1115699,B,Selectivity ratio IC50 for Tie2 to IC50 for EphB4,Ratio IC50,>,20.0,,,0,,0,CHEMBL1153704,0,BAO_0000019,10.1016/j.bmcl.2009.10.037,"Imidazo[1,2-a]pyrazine diaryl ureas: inhibitors of the receptor tyrosine kinase EphB4.",2009,Bioorg Med Chem Lett,https://www.ebi.ac.uk/chembl/api/data/activity/3211542.json
3211543,CHEMBL1081198,,CHEMBL612545,Unchecked,,CHEMBL1115700,B,Selectivity ratio IC50 for VEGFR1 to IC50 for EphB4,Ratio IC50,>,20.0,,,0,,0,CHEMBL1153704,0,BAO_0000019,10.1016/j.bmcl.2009.10.037,"Imidazo[1,2-a]pyrazine diaryl ureas: inhibitors of the receptor tyrosine kinase EphB4.",2009,Bioorg Med Chem Lett,https://www.ebi.ac.uk/chembl/api/data/activity/3211543.json
3211544,CHEMBL1081198,,CHEMBL612545,Unchecked,,CHEMBL1115701,B,Selectivity ratio IC50 for VEGFR2 to IC50 for EphB4,Ratio IC50,>,20.0,,,0,,0,CHEMBL1153704,0,BAO_0000019,10.1016/j.bmcl.2009.10.037,"Imidazo[1,2-a]pyrazine diaryl ureas: inhibitors of the receptor tyrosine kinase EphB4.",2009,Bioorg Med Chem Lett,https://www.ebi.ac.uk/chembl/api/data/activity/3211544.json
3211545,CHEMBL1081198,,CHEMBL612545,Unchecked,,CHEMBL1115702,B,Selectivity ratio IC50 for VEGFR3 to IC50 for EphB4,Ratio IC50,>,20.0,,,0,,0,CHEMBL1153704,0,BAO_0000019,10.1016/j.bmcl.2009.10.037,"Imidazo[1,2-a]pyrazine diaryl ureas: inhibitors of the receptor tyrosine kinase EphB4.",2009,Bioorg Med Chem Lett,https://www.ebi.ac.uk/chembl/api/data/activity/3211545.json
3211546,CHEMBL1081198,,CHEMBL612545,Unchecked,,CHEMBL1115703,B,Selectivity ratio IC50 for ZAP70 to IC50 for EphB4,Ratio IC50,>,20.0,,,0,,0,CHEMBL1153704,0,BAO_0000019,10.1016/j.bmcl.2009.10.037,"Imidazo[1,2-a]pyrazine diaryl ureas: inhibitors of the receptor tyrosine kinase EphB4.",2009,Bioorg Med Chem Lett,https://www.ebi.ac.uk/chembl/api/data/activity/3211546.json
3211547,CHEMBL1079846,,CHEMBL5147,Ephrin type-B receptor 4,Homo sapiens,CHEMBL1115704,B,Inhibition of EphB4 autophosphorylation by cell based assay,IC50,=,50.0,nM,7.30,1,,0,CHEMBL1153704,8,BAO_0000219,10.1016/j.bmcl.2009.10.037,"Imidazo[1,2-a]pyrazine diaryl ureas: inhibitors of the receptor tyrosine kinase EphB4.",2009,Bioorg Med Chem Lett,https://www.ebi.ac.uk/chembl/api/data/activity/3211547.json
3211549,CHEMBL1080639,,CHEMBL5147,Ephrin type-B receptor 4,Homo sapiens,CHEMBL1115704,B,Inhibition of EphB4 autophosphorylation by cell based assay,IC50,=,50.0,nM,7.30,1,,0,CHEMBL1153704,8,BAO_0000219,10.1016/j.bmcl.2009.10.037,"Imidazo[1,2-a]pyrazine diaryl ureas: inhibitors of the receptor tyrosine kinase EphB4.",2009,Bioorg Med Chem Lett,https://www.ebi.ac.uk/chembl/api/data/activity/3211549.json
3211550,CHEMBL1079846,,CHEMBL279,Vascular endothelial growth factor receptor 2,Homo sapiens,CHEMBL1115705,B,Inhibition of VEGFR2 autophosphorylation by cell based assay,IC50,=,100.0,nM,7.00,1,,0,CHEMBL1153704,8,BAO_0000219,10.1016/j.bmcl.2009.10.037,"Imidazo[1,2-a]pyrazine diaryl ureas: inhibitors of the receptor tyrosine kinase EphB4.",2009,Bioorg Med Chem Lett,https://www.ebi.ac.uk/chembl/api/data/activity/3211550.json
3211552,CHEMBL1080639,,CHEMBL279,Vascular endothelial growth factor receptor 2,Homo sapiens,CHEMBL1115705,B,Inhibition of VEGFR2 autophosphorylation by cell based assay,IC50,=,100.0,nM,7.00,1,,0,CHEMBL1153704,8,BAO_0000219,10.1016/j.bmcl.2009.10.037,"Imidazo[1,2-a]pyrazine diaryl ureas: inhibitors of the receptor tyrosine kinase EphB4.",2009,Bioorg Med Chem Lett,https://www.ebi.ac.uk/chembl/api/data/activity/3211552.json
3211553,CHEMBL1079846,,CHEMBL4128,Angiopoietin-1 receptor,Homo sapiens,CHEMBL1115706,B,Inhibition of Tie2 autophosphorylation by cell based assay,IC50,=,50.0,nM,7.30,1,,0,CHEMBL1153704,8,BAO_0000219,10.1016/j.bmcl.2009.10.037,"Imidazo[1,2-a]pyrazine diaryl ureas: inhibitors of the receptor tyrosine kinase EphB4.",2009,Bioorg Med Chem Lett,https://www.ebi.ac.uk/chembl/api/data/activity/3211553.json
3211555,CHEMBL1080639,,CHEMBL4128,Angiopoietin-1 receptor,Homo sapiens,CHEMBL1115706,B,Inhibition of Tie2 autophosphorylation by cell based assay,IC50,=,250.0,nM,6.60,1,,0,CHEMBL1153704,8,BAO_0000219,10.1016/j.bmcl.2009.10.037,"Imidazo[1,2-a]pyrazine diaryl ureas: inhibitors of the receptor tyrosine kinase EphB4.",2009,Bioorg Med Chem Lett,https://www.ebi.ac.uk/chembl/api/data/activity/3211555.json
3211556,CHEMBL1079963,,CHEMBL5147,Ephrin type-B receptor 4,Homo sapiens,CHEMBL1109417,B,Inhibition of EphB4 at 1 uM after 1 hr,Inhibition,=,1.0,%,,1,,0,CHEMBL1153704,8,BAO_0000357,10.1016/j.bmcl.2009.10.037,"Imidazo[1,2-a]pyrazine diaryl ureas: inhibitors of the receptor tyrosine kinase EphB4.",2009,Bioorg Med Chem Lett,https://www.ebi.ac.uk/chembl/api/data/activity/3211556.json
3228068,CHEMBL1076482,,CHEMBL5145,Serine/threonine-protein kinase B-raf,Homo sapiens,CHEMBL1114817,B,Inhibition of human recombinant B-Raf expressed in Sf9 cells,IC50,=,38.0,nM,7.42,1,,0,CHEMBL1153694,9,BAO_0000219,10.1016/j.bmcl.2009.10.049,"Non-hinge-binding pyrazolo[1,5-a]pyrimidines as potent B-Raf kinase inhibitors.",2009,Bioorg Med Chem Lett,https://www.ebi.ac.uk/chembl/api/data/activity/3228068.json
3228069,CHEMBL1076482,,CHEMBL384,HT-29,Homo sapiens,CHEMBL1114818,F,Cytotoxicity against human HT-29 cells expressing B-Raf mutant,IC50,=,820.0,nM,6.09,1,,0,CHEMBL1153694,1,BAO_0000219,10.1016/j.bmcl.2009.10.049,"Non-hinge-binding pyrazolo[1,5-a]pyrimidines as potent B-Raf kinase inhibitors.",2009,Bioorg Med Chem Lett,https://www.ebi.ac.uk/chembl/api/data/activity/3228069.json
3228070,CHEMBL1076482,,CHEMBL3879801,NON-PROTEIN TARGET,,CHEMBL1114819,F,Cytotoxicity against human WM266.4 cells expressing B-Raf mutant,IC50,=,700.0,nM,6.16,1,,0,CHEMBL1153694,1,BAO_0000219,10.1016/j.bmcl.2009.10.049,"Non-hinge-binding pyrazolo[1,5-a]pyrimidines as potent B-Raf kinase inhibitors.",2009,Bioorg Med Chem Lett,https://www.ebi.ac.uk/chembl/api/data/activity/3228070.json
3228074,CHEMBL1087780,,CHEMBL5145,Serine/threonine-protein kinase B-raf,Homo sapiens,CHEMBL1114817,B,Inhibition of human recombinant B-Raf expressed in Sf9 cells,IC50,=,112.0,nM,6.95,1,,0,CHEMBL1153694,9,BAO_0000219,10.1016/j.bmcl.2009.10.049,"Non-hinge-binding pyrazolo[1,5-a]pyrimidines as potent B-Raf kinase inhibitors.",2009,Bioorg Med Chem Lett,https://www.ebi.ac.uk/chembl/api/data/activity/3228074.json
3228075,CHEMBL1087780,,CHEMBL384,HT-29,Homo sapiens,CHEMBL1114818,F,Cytotoxicity against human HT-29 cells expressing B-Raf mutant,IC50,=,3400.0,nM,5.47,1,,0,CHEMBL1153694,1,BAO_0000219,10.1016/j.bmcl.2009.10.049,"Non-hinge-binding pyrazolo[1,5-a]pyrimidines as potent B-Raf kinase inhibitors.",2009,Bioorg Med Chem Lett,https://www.ebi.ac.uk/chembl/api/data/activity/3228075.json
3228076,CHEMBL1087780,,CHEMBL3879801,NON-PROTEIN TARGET,,CHEMBL1114819,F,Cytotoxicity against human WM266.4 cells expressing B-Raf mutant,IC50,=,2400.0,nM,5.62,1,,0,CHEMBL1153694,1,BAO_0000219,10.1016/j.bmcl.2009.10.049,"Non-hinge-binding pyrazolo[1,5-a]pyrimidines as potent B-Raf kinase inhibitors.",2009,Bioorg Med Chem Lett,https://www.ebi.ac.uk/chembl/api/data/activity/3228076.json
3228080,CHEMBL1076497,,CHEMBL5145,Serine/threonine-protein kinase B-raf,Homo sapiens,CHEMBL1114817,B,Inhibition of human recombinant B-Raf expressed in Sf9 cells,IC50,=,44.0,nM,7.36,1,,0,CHEMBL1153694,9,BAO_0000219,10.1016/j.bmcl.2009.10.049,"Non-hinge-binding pyrazolo[1,5-a]pyrimidines as potent B-Raf kinase inhibitors.",2009,Bioorg Med Chem Lett,https://www.ebi.ac.uk/chembl/api/data/activity/3228080.json
3228081,CHEMBL1076497,,CHEMBL384,HT-29,Homo sapiens,CHEMBL1114818,F,Cytotoxicity against human HT-29 cells expressing B-Raf mutant,IC50,=,740.0,nM,6.13,1,,0,CHEMBL1153694,1,BAO_0000219,10.1016/j.bmcl.2009.10.049,"Non-hinge-binding pyrazolo[1,5-a]pyrimidines as potent B-Raf kinase inhibitors.",2009,Bioorg Med Chem Lett,https://www.ebi.ac.uk/chembl/api/data/activity/3228081.json
3228082,CHEMBL1076497,,CHEMBL3879801,NON-PROTEIN TARGET,,CHEMBL1114819,F,Cytotoxicity against human WM266.4 cells expressing B-Raf mutant,IC50,=,310.0,nM,6.51,1,,0,CHEMBL1153694,1,BAO_0000219,10.1016/j.bmcl.2009.10.049,"Non-hinge-binding pyrazolo[1,5-a]pyrimidines as potent B-Raf kinase inhibitors.",2009,Bioorg Med Chem Lett,https://www.ebi.ac.uk/chembl/api/data/activity/3228082.json
3228102,CHEMBL1087780,,CHEMBL2362975,No relevant target,,CHEMBL1114836,P,Aqueous solubility at pH 7.4,Solubility,=,0.0,ug.mL-1,,1,Outside typical range,0,CHEMBL1153694,0,BAO_0000100,10.1016/j.bmcl.2009.10.049,"Non-hinge-binding pyrazolo[1,5-a]pyrimidines as potent B-Raf kinase inhibitors.",2009,Bioorg Med Chem Lett,https://www.ebi.ac.uk/chembl/api/data/activity/3228102.json
3228106,CHEMBL1076482,,CHEMBL612558,ADMET,,CHEMBL1114837,A,Metabolic stability in rat liver microsome assessed as half life,T1/2,=,0.05,hr,,1,,0,CHEMBL1153694,0,BAO_0000251,10.1016/j.bmcl.2009.10.049,"Non-hinge-binding pyrazolo[1,5-a]pyrimidines as potent B-Raf kinase inhibitors.",2009,Bioorg Med Chem Lett,https://www.ebi.ac.uk/chembl/api/data/activity/3228106.json
3228132,CHEMBL1076204,,CHEMBL5145,Serine/threonine-protein kinase B-raf,Homo sapiens,CHEMBL1114817,B,Inhibition of human recombinant B-Raf expressed in Sf9 cells,IC50,=,30.0,nM,7.52,1,,0,CHEMBL1153694,9,BAO_0000219,10.1016/j.bmcl.2009.10.049,"Non-hinge-binding pyrazolo[1,5-a]pyrimidines as potent B-Raf kinase inhibitors.",2009,Bioorg Med Chem Lett,https://www.ebi.ac.uk/chembl/api/data/activity/3228132.json
3228133,CHEMBL1076204,,CHEMBL384,HT-29,Homo sapiens,CHEMBL1114818,F,Cytotoxicity against human HT-29 cells expressing B-Raf mutant,IC50,=,810.0,nM,6.09,1,,0,CHEMBL1153694,1,BAO_0000219,10.1016/j.bmcl.2009.10.049,"Non-hinge-binding pyrazolo[1,5-a]pyrimidines as potent B-Raf kinase inhibitors.",2009,Bioorg Med Chem Lett,https://www.ebi.ac.uk/chembl/api/data/activity/3228133.json
3228134,CHEMBL1076204,,CHEMBL3879801,NON-PROTEIN TARGET,,CHEMBL1114819,F,Cytotoxicity against human WM266.4 cells expressing B-Raf mutant,IC50,=,630.0,nM,6.20,1,,0,CHEMBL1153694,1,BAO_0000219,10.1016/j.bmcl.2009.10.049,"Non-hinge-binding pyrazolo[1,5-a]pyrimidines as potent B-Raf kinase inhibitors.",2009,Bioorg Med Chem Lett,https://www.ebi.ac.uk/chembl/api/data/activity/3228134.json
3259406,CHEMBL1092827,,CHEMBL5145,Serine/threonine-protein kinase B-raf,Homo sapiens,CHEMBL1109830,B,Inhibition of b-Raf,IC50,=,6200.0,nM,5.21,1,,0,CHEMBL1156255,8,BAO_0000357,10.1016/j.bmcl.2009.10.074,"Hit to lead optimization of pyrazolo[1,5-a]pyrimidines as B-Raf kinase inhibitors.",2009,Bioorg Med Chem Lett,https://www.ebi.ac.uk/chembl/api/data/activity/3259406.json
3473135,CHEMBL63323,NIFLUMIC ACID,CHEMBL612545,Unchecked,,CHEMBL1266185,F,Inhibition of neurosphere proliferation of mouse neural precursor cells by MTT assay,Inhibition,,,%,,0,,0,CHEMBL1255231,0,BAO_0000019,10.1038/nchembio873,Chemical genetics reveals a complex functional ground state of neural stem cells.,2007,Nat Chem Biol,https://www.ebi.ac.uk/chembl/api/data/activity/3473135.json
3505238,CHEMBL1258266,,CHEMBL4722,Aurora kinase A,Homo sapiens,CHEMBL1261371,B,Inhibition of human aurora A,IC50,=,7200.0,nM,5.14,1,,0,CHEMBL1255214,9,BAO_0000357,10.1016/j.bmcl.2010.08.091,"Structure-based design of imidazo[1,2-a]pyrazine derivatives as selective inhibitors of Aurora-A kinase in cells.",2010,Bioorg Med Chem Lett,https://www.ebi.ac.uk/chembl/api/data/activity/3505238.json
3505239,CHEMBL1258267,,CHEMBL4722,Aurora kinase A,Homo sapiens,CHEMBL1261371,B,Inhibition of human aurora A,IC50,=,7900.0,nM,5.10,1,,0,CHEMBL1255214,9,BAO_0000357,10.1016/j.bmcl.2010.08.091,"Structure-based design of imidazo[1,2-a]pyrazine derivatives as selective inhibitors of Aurora-A kinase in cells.",2010,Bioorg Med Chem Lett,https://www.ebi.ac.uk/chembl/api/data/activity/3505239.json
3505247,CHEMBL1258152,,CHEMBL4722,Aurora kinase A,Homo sapiens,CHEMBL1261372,B,Inhibition of human aurora A at 10 uM,Inhibition,=,22.0,%,,1,,0,CHEMBL1255214,9,BAO_0000357,10.1016/j.bmcl.2010.08.091,"Structure-based design of imidazo[1,2-a]pyrazine derivatives as selective inhibitors of Aurora-A kinase in cells.",2010,Bioorg Med Chem Lett,https://www.ebi.ac.uk/chembl/api/data/activity/3505247.json
3672063,CHEMBL63323,NIFLUMIC ACID,CHEMBL3251,Nuclear factor NF-kappa-B p105 subunit,Homo sapiens,CHEMBL1613823,F,PUBCHEM_BIOASSAY: qHTS Assay for Identification of Small Molecule Agonists for NFkB Signaling Pathway. (Class of assay: confirmatory) [Related pubchem assays: 895 ],Potency,=,2238.7,nM,5.65,1,,0,CHEMBL1201862,9,BAO_0000019,,PubChem BioAssay data set,,,https://www.ebi.ac.uk/chembl/api/data/activity/3672063.json
3774865,CHEMBL63323,NIFLUMIC ACID,CHEMBL612545,Unchecked,,CHEMBL1613970,F,PUBCHEM_BIOASSAY: qHTS Assay for Compounds that Induce Erasure of Genomic Imprints. (Class of assay: confirmatory) ,Potency,=,12589.3,nM,4.90,1,,0,CHEMBL1201862,0,BAO_0000019,,PubChem BioAssay data set,,,https://www.ebi.ac.uk/chembl/api/data/activity/3774865.json
3810311,CHEMBL63323,NIFLUMIC ACID,CHEMBL361,Saccharomyces cerevisiae,Saccharomyces cerevisiae,CHEMBL1614414,F,PUBCHEM_BIOASSAY: qHTS Assay for Small Molecule Inhibitors of Mitochondrial Division or Activators of Mitochondrial Fusion. (Class of assay: confirmatory) ,Potency,=,18356.4,nM,4.74,1,,0,CHEMBL1201862,1,BAO_0000218,,PubChem BioAssay data set,,,https://www.ebi.ac.uk/chembl/api/data/activity/3810311.json
3932388,CHEMBL63323,NIFLUMIC ACID,CHEMBL1075138,Tyrosyl-DNA phosphodiesterase 1,Homo sapiens,CHEMBL1614364,B,PUBCHEM_BIOASSAY: qHTS Assay for Inhibitors of Tyrosyl-DNA Phosphodiesterase (TDP1). (Class of assay: confirmatory) ,Potency,=,3162.3,nM,5.50,1,,0,CHEMBL1201862,9,BAO_0000357,,PubChem BioAssay data set,,,https://www.ebi.ac.uk/chembl/api/data/activity/3932388.json
3940427,CHEMBL63323,NIFLUMIC ACID,CHEMBL612545,Unchecked,,CHEMBL1614362,F,PUBCHEM_BIOASSAY: Validation screen for inhibitors of Lassa infection. (Class of assay: confirmatory) ,Potency,=,35481.3,nM,4.45,1,,0,CHEMBL1201862,0,BAO_0000019,,PubChem BioAssay data set,,,https://www.ebi.ac.uk/chembl/api/data/activity/3940427.json
4125768,CHEMBL63323,NIFLUMIC ACID,CHEMBL4261,Hypoxia-inducible factor 1-alpha,Homo sapiens,CHEMBL1614456,F,PUBCHEM_BIOASSAY: qHTS Assay for Identification of Small Molecule Agonists for Hypoxia Response Element Signaling Pathway. (Class of assay: confirmatory) [Related pubchem assays: 915 ],Potency,=,6309.6,nM,5.20,1,,0,CHEMBL1201862,9,BAO_0000019,,PubChem BioAssay data set,,,https://www.ebi.ac.uk/chembl/api/data/activity/4125768.json
4127870,CHEMBL63323,NIFLUMIC ACID,CHEMBL4261,Hypoxia-inducible factor 1-alpha,Homo sapiens,CHEMBL1614456,F,PUBCHEM_BIOASSAY: qHTS Assay for Identification of Small Molecule Agonists for Hypoxia Response Element Signaling Pathway. (Class of assay: confirmatory) [Related pubchem assays: 915 ],Potency,=,15848.9,nM,4.80,1,,0,CHEMBL1201862,9,BAO_0000019,,PubChem BioAssay data set,,,https://www.ebi.ac.uk/chembl/api/data/activity/4127870.json
4152735,CHEMBL63323,NIFLUMIC ACID,CHEMBL3577,Aldehyde dehydrogenase 1A1,Homo sapiens,CHEMBL1614458,F,PUBCHEM_BIOASSAY: qHTS Assay for Inhibitors of Aldehyde Dehydrogenase 1 (ALDH1A1). (Class of assay: confirmatory) [Related pubchem assays: 1030 (qHTS Validation Assay for Inhibitors of aldehyde dehydrogenase 1 (ALDH1A1))],Potency,=,19952.6,nM,4.70,1,,0,CHEMBL1201862,9,BAO_0000019,,PubChem BioAssay data set,,,https://www.ebi.ac.uk/chembl/api/data/activity/4152735.json
4358725,CHEMBL63323,NIFLUMIC ACID,CHEMBL1293298,Peripheral myelin protein 22,Homo sapiens,CHEMBL1614171,F,PUBCHEM_BIOASSAY: qHTS Assay for Modulators of Human Peripheral Myelin Protein 22 (PMP22) Expression/Activity. (Class of assay: confirmatory) ,Potency,=,37933.0,nM,4.42,1,,0,CHEMBL1201862,9,BAO_0000019,,PubChem BioAssay data set,,,https://www.ebi.ac.uk/chembl/api/data/activity/4358725.json
4388222,CHEMBL63323,NIFLUMIC ACID,CHEMBL1075189,Pyruvate kinase PKM,Homo sapiens,CHEMBL1614177,F,PUBCHEM_BIOASSAY: qHTS Assay for Activators of Human Muscle Pyruvate Kinase. (Class of assay: confirmatory) ,Potency,=,25.1,nM,7.60,1,,0,CHEMBL1201862,9,BAO_0000019,,PubChem BioAssay data set,,,https://www.ebi.ac.uk/chembl/api/data/activity/4388222.json
4402377,CHEMBL63323,NIFLUMIC ACID,CHEMBL1293235,Prelamin-A/C,Homo sapiens,CHEMBL1614310,F,PUBCHEM_BIOASSAY: Validation of Assay for Modulators of Lamin A Splicing. (Class of assay: confirmatory) ,Potency,=,14125.4,nM,4.85,1,,0,CHEMBL1201862,9,BAO_0000019,,PubChem BioAssay data set,,,https://www.ebi.ac.uk/chembl/api/data/activity/4402377.json
4432118,CHEMBL63323,NIFLUMIC ACID,CHEMBL1293303,Nonstructural protein 1,Influenza A virus,CHEMBL1614236,F,PUBCHEM_BIOASSAY: qHTS Assay for Inhibitors of Influenza NS1 Protein Function. (Class of assay: confirmatory) ,Potency,=,17782.8,nM,4.75,1,,0,CHEMBL1201862,9,BAO_0000019,,PubChem BioAssay data set,,,https://www.ebi.ac.uk/chembl/api/data/activity/4432118.json
4449910,CHEMBL63323,NIFLUMIC ACID,CHEMBL1293303,Nonstructural protein 1,Influenza A virus,CHEMBL1614236,F,PUBCHEM_BIOASSAY: qHTS Assay for Inhibitors of Influenza NS1 Protein Function. (Class of assay: confirmatory) ,Potency,=,11220.2,nM,4.95,1,,0,CHEMBL1201862,9,BAO_0000019,,PubChem BioAssay data set,,,https://www.ebi.ac.uk/chembl/api/data/activity/4449910.json
4519977,CHEMBL63323,NIFLUMIC ACID,CHEMBL4261,Hypoxia-inducible factor 1-alpha,Homo sapiens,CHEMBL1613803,F,PUBCHEM_BIOASSAY: qHTS Assay for Identification of Small Molecule Antagonists for Hypoxia Response Element Signaling Pathway. (Class of assay: confirmatory) [Related pubchem assays: 914 ],Potency,=,6309.6,nM,5.20,1,,0,CHEMBL1201862,9,BAO_0000019,,PubChem BioAssay data set,,,https://www.ebi.ac.uk/chembl/api/data/activity/4519977.json
4520479,CHEMBL63323,NIFLUMIC ACID,CHEMBL4261,Hypoxia-inducible factor 1-alpha,Homo sapiens,CHEMBL1613803,F,PUBCHEM_BIOASSAY: qHTS Assay for Identification of Small Molecule Antagonists for Hypoxia Response Element Signaling Pathway. (Class of assay: confirmatory) [Related pubchem assays: 914 ],Potency,=,15848.9,nM,4.80,1,,0,CHEMBL1201862,9,BAO_0000019,,PubChem BioAssay data set,,,https://www.ebi.ac.uk/chembl/api/data/activity/4520479.json
4538429,CHEMBL63323,NIFLUMIC ACID,CHEMBL2093861,Menin/Histone-lysine N-methyltransferase MLL,Homo sapiens,CHEMBL1614257,F,PUBCHEM_BIOASSAY: qHTS Assay for Inhibitors Targeting the Menin-MLL Interaction in MLL Related Leukemias: Competition With Texas Red Labeled MLL-derived Mutant Peptide. (Class of assay: confirmatory) ,Potency,=,25118.9,nM,4.60,1,,0,CHEMBL1201862,5,BAO_0000019,,PubChem BioAssay data set,,,https://www.ebi.ac.uk/chembl/api/data/activity/4538429.json
4551129,CHEMBL63323,NIFLUMIC ACID,CHEMBL2093861,Menin/Histone-lysine N-methyltransferase MLL,Homo sapiens,CHEMBL1614257,F,PUBCHEM_BIOASSAY: qHTS Assay for Inhibitors Targeting the Menin-MLL Interaction in MLL Related Leukemias: Competition With Texas Red Labeled MLL-derived Mutant Peptide. (Class of assay: confirmatory) ,Potency,=,15848.9,nM,4.80,1,,0,CHEMBL1201862,5,BAO_0000019,,PubChem BioAssay data set,,,https://www.ebi.ac.uk/chembl/api/data/activity/4551129.json
4570712,CHEMBL63323,NIFLUMIC ACID,CHEMBL2093861,Menin/Histone-lysine N-methyltransferase MLL,Homo sapiens,CHEMBL1614257,F,PUBCHEM_BIOASSAY: qHTS Assay for Inhibitors Targeting the Menin-MLL Interaction in MLL Related Leukemias: Competition With Texas Red Labeled MLL-derived Mutant Peptide. (Class of assay: confirmatory) ,Potency,=,19952.6,nM,4.70,1,,0,CHEMBL1201862,5,BAO_0000019,,PubChem BioAssay data set,,,https://www.ebi.ac.uk/chembl/api/data/activity/4570712.json
4578790,CHEMBL63323,NIFLUMIC ACID,CHEMBL2093861,Menin/Histone-lysine N-methyltransferase MLL,Homo sapiens,CHEMBL1614257,F,PUBCHEM_BIOASSAY: qHTS Assay for Inhibitors Targeting the Menin-MLL Interaction in MLL Related Leukemias: Competition With Texas Red Labeled MLL-derived Mutant Peptide. (Class of assay: confirmatory) ,Potency,=,25118.9,nM,4.60,1,,0,CHEMBL1201862,5,BAO_0000019,,PubChem BioAssay data set,,,https://www.ebi.ac.uk/chembl/api/data/activity/4578790.json
4583885,CHEMBL63323,NIFLUMIC ACID,CHEMBL1075189,Pyruvate kinase PKM,Homo sapiens,CHEMBL1614265,F,PUBCHEM_BIOASSAY: qHTS Assay for Inhibitors of Human Muscle Pyruvate Kinase. (Class of assay: confirmatory) ,Potency,=,25.1,nM,7.60,1,,0,CHEMBL1201862,9,BAO_0000019,,PubChem BioAssay data set,,,https://www.ebi.ac.uk/chembl/api/data/activity/4583885.json
4585345,CHEMBL63323,NIFLUMIC ACID,CHEMBL3251,Nuclear factor NF-kappa-B p105 subunit,Homo sapiens,CHEMBL1614274,F,PUBCHEM_BIOASSAY: qHTS Assay for Identification of Small Molecule Antagonists for NFkB Signaling Pathway. (Class of assay: confirmatory) ,Potency,=,2238.7,nM,5.65,1,,0,CHEMBL1201862,9,BAO_0000019,,PubChem BioAssay data set,,,https://www.ebi.ac.uk/chembl/api/data/activity/4585345.json
4675141,CHEMBL63323,NIFLUMIC ACID,CHEMBL4372,Lethal factor,Bacillus anthracis,CHEMBL1613797,F,PUBCHEM_BIOASSAY: qHTS Assay for Anthrax Lethal Toxin Internalization. (Class of assay: confirmatory) ,Potency,=,31622.8,nM,4.50,1,,0,CHEMBL1201862,8,BAO_0000019,,PubChem BioAssay data set,,,https://www.ebi.ac.uk/chembl/api/data/activity/4675141.json
4977659,CHEMBL63323,NIFLUMIC ACID,CHEMBL340,Cytochrome P450 3A4,Homo sapiens,CHEMBL1614108,A,PUBCHEM_BIOASSAY: qHTS Assay for Activators of Cytochrome P450 3A4. (Class of assay: confirmatory) [Related pubchem assays: 410 ],Potency,=,19952.6,nM,4.70,1,,0,CHEMBL1201862,9,BAO_0000357,,PubChem BioAssay data set,,,https://www.ebi.ac.uk/chembl/api/data/activity/4977659.json
4983138,CHEMBL63323,NIFLUMIC ACID,CHEMBL1293231,Nuclear receptor ROR-gamma,Mus musculus,CHEMBL1614087,F,PUBCHEM_BIOASSAY: qHTS for inhibitors of ROR gamma transcriptional activity. (Class of assay: confirmatory) ,Potency,=,35481.3,nM,4.45,1,,0,CHEMBL1201862,9,BAO_0000019,,PubChem BioAssay data set,,,https://www.ebi.ac.uk/chembl/api/data/activity/4983138.json
5001983,CHEMBL63323,NIFLUMIC ACID,CHEMBL340,Cytochrome P450 3A4,Homo sapiens,CHEMBL1614108,A,PUBCHEM_BIOASSAY: qHTS Assay for Activators of Cytochrome P450 3A4. (Class of assay: confirmatory) [Related pubchem assays: 410 ],Potency,=,7943.3,nM,5.10,1,,0,CHEMBL1201862,9,BAO_0000357,,PubChem BioAssay data set,,,https://www.ebi.ac.uk/chembl/api/data/activity/5001983.json
5033549,CHEMBL63323,NIFLUMIC ACID,CHEMBL3397,Cytochrome P450 2C9,Homo sapiens,CHEMBL1614027,A,"PUBCHEM_BIOASSAY: qHTS Assay for Inhibitors and Substrates of Cytochrome P450 2C9. (Class of assay: confirmatory) [Related pubchem assays: 885, 884, 410 ]",Potency,=,31622.8,nM,4.50,1,,0,CHEMBL1201862,9,BAO_0000357,,PubChem BioAssay data set,,,https://www.ebi.ac.uk/chembl/api/data/activity/5033549.json
5042892,CHEMBL63323,NIFLUMIC ACID,CHEMBL340,Cytochrome P450 3A4,Homo sapiens,CHEMBL1613886,A,PUBCHEM_BIOASSAY: qHTS Assay for Inhibitors and Substrates of Cytochrome P450 3A4. (Class of assay: confirmatory) [Related pubchem assays: 410 ],Potency,=,19952.6,nM,4.70,1,,0,CHEMBL1201862,9,BAO_0000357,,PubChem BioAssay data set,,,https://www.ebi.ac.uk/chembl/api/data/activity/5042892.json
5061201,CHEMBL63323,NIFLUMIC ACID,CHEMBL1293278,Geminin,Homo sapiens,CHEMBL1613941,F,PUBCHEM_BIOASSAY: Validation screen for small molecules that induce DNA re-replication in MCF 10A normal breast cells. (Class of assay: confirmatory) ,Potency,=,19952.6,nM,4.70,1,,0,CHEMBL1201862,9,BAO_0000019,,PubChem BioAssay data set,,,https://www.ebi.ac.uk/chembl/api/data/activity/5061201.json
5070553,CHEMBL63323,NIFLUMIC ACID,CHEMBL340,Cytochrome P450 3A4,Homo sapiens,CHEMBL1613886,A,PUBCHEM_BIOASSAY: qHTS Assay for Inhibitors and Substrates of Cytochrome P450 3A4. (Class of assay: confirmatory) [Related pubchem assays: 410 ],Potency,=,7943.3,nM,5.10,1,,0,CHEMBL1201862,9,BAO_0000357,,PubChem BioAssay data set,,,https://www.ebi.ac.uk/chembl/api/data/activity/5070553.json
5317643,CHEMBL63323,NIFLUMIC ACID,CHEMBL1697861,Hepatotoxicity,,CHEMBL1697778,A,"Literature-mined compound from Fourches et al multi-species drug-induced liver injury (DILI) dataset, effect in humans",Hepatotoxicity,,,,,0,,0,CHEMBL1697731,1,BAO_0000221,10.1021/tx900326k,Cheminformatics analysis of assertions mined from literature that describe drug-induced liver injury in different species.,2010,Chem Res Toxicol,https://www.ebi.ac.uk/chembl/api/data/activity/5317643.json
5318594,CHEMBL63323,NIFLUMIC ACID,CHEMBL1697861,Hepatotoxicity,,CHEMBL1697779,A,"Literature-mined compound from Fourches et al multi-species drug-induced liver injury (DILI) dataset, effect in rodents",Hepatotoxicity,,,,,0,,0,CHEMBL1697731,1,BAO_0000221,10.1021/tx900326k,Cheminformatics analysis of assertions mined from literature that describe drug-induced liver injury in different species.,2010,Chem Res Toxicol,https://www.ebi.ac.uk/chembl/api/data/activity/5318594.json
5319545,CHEMBL63323,NIFLUMIC ACID,CHEMBL1697861,Hepatotoxicity,,CHEMBL1697780,A,"Literature-mined compound from Fourches et al multi-species drug-induced liver injury (DILI) dataset, effect in non-rodents",Hepatotoxicity,,,,,0,,0,CHEMBL1697731,1,BAO_0000221,10.1021/tx900326k,Cheminformatics analysis of assertions mined from literature that describe drug-induced liver injury in different species.,2010,Chem Res Toxicol,https://www.ebi.ac.uk/chembl/api/data/activity/5319545.json
5346351,CHEMBL63323,NIFLUMIC ACID,CHEMBL1075094,Nuclear factor erythroid 2-related factor 2,Homo sapiens,CHEMBL1737980,F,"PUBCHEM_BIOASSAY: Nrf2 qHTS screen for inhibitors: Validation. (Class of assay: confirmatory) [Related pubchem assays (depositor defined):AID493163, AID504444, AID504648]",Potency,,32642.7,nM,,1,,0,CHEMBL1201862,9,BAO_0000019,,PubChem BioAssay data set,,,https://www.ebi.ac.uk/chembl/api/data/activity/5346351.json
5570061,CHEMBL63323,NIFLUMIC ACID,CHEMBL1741210,M-phase phosphoprotein 8,Homo sapiens,CHEMBL1738402,F,PUBCHEM_BIOASSAY: qHTS Validation Assay for Inhibitors for MPP8 Chromodomain Interactions with Methylated Histone Tails. (Class of assay: confirmatory) ,Potency,,19952.6,nM,,1,,0,CHEMBL1201862,9,BAO_0000019,,PubChem BioAssay data set,,,https://www.ebi.ac.uk/chembl/api/data/activity/5570061.json
5612705,CHEMBL63323,NIFLUMIC ACID,CHEMBL612545,Unchecked,,CHEMBL1737902,F,"PUBCHEM_BIOASSAY: qHTS Assay to Find Inhibitors of Chronic Active B-Cell Receptor Signaling. (Class of assay: confirmatory) [Related pubchem assays (depositor defined):AID485345, AID485355]",Potency,,10000.0,nM,,1,,0,CHEMBL1201862,0,BAO_0000019,,PubChem BioAssay data set,,,https://www.ebi.ac.uk/chembl/api/data/activity/5612705.json
5705033,CHEMBL63323,NIFLUMIC ACID,CHEMBL6032,Histone-lysine N-methyltransferase EHMT2,Homo sapiens,CHEMBL1738442,F,PUBCHEM_BIOASSAY: qHTS Assay for Inhibitors of Histone Lysine Methyltransferase G9a. (Class of assay: confirmatory) [Related pubchem assays (depositor defined):AID504404],Potency,,22.4,nM,,1,,0,CHEMBL1201862,9,BAO_0000019,,PubChem BioAssay data set,,,https://www.ebi.ac.uk/chembl/api/data/activity/5705033.json
5759372,CHEMBL63323,NIFLUMIC ACID,CHEMBL6032,Histone-lysine N-methyltransferase EHMT2,Homo sapiens,CHEMBL1738442,F,PUBCHEM_BIOASSAY: qHTS Assay for Inhibitors of Histone Lysine Methyltransferase G9a. (Class of assay: confirmatory) [Related pubchem assays (depositor defined):AID504404],Potency,,37.7,nM,,1,,0,CHEMBL1201862,9,BAO_0000019,,PubChem BioAssay data set,,,https://www.ebi.ac.uk/chembl/api/data/activity/5759372.json
5777089,CHEMBL63323,NIFLUMIC ACID,CHEMBL5686,ATP-dependent 6-phosphofructokinase,Trypanosoma brucei,CHEMBL1614279,F,"PUBCHEM_BIOASSAY: qHTS Validation Assay to Find Inhibitors of T. brucei phosphofructokinase. (Class of assay: confirmatory) [Related pubchem assays (depositor defined):AID488768, AID492961]",Potency,,7568.6,nM,,1,,0,CHEMBL1201862,8,BAO_0000019,,PubChem BioAssay data set,,,https://www.ebi.ac.uk/chembl/api/data/activity/5777089.json
5832670,CHEMBL63323,NIFLUMIC ACID,CHEMBL1741220,Bromodomain adjacent to zinc finger domain protein 2B,Homo sapiens,CHEMBL1738312,F,PUBCHEM_BIOASSAY: qHTS Assay for Inhibitors of BAZ2B. (Class of assay: confirmatory) [Related pubchem assays (depositor defined):AID504391],Potency,,79432.8,nM,,1,,0,CHEMBL1201862,9,BAO_0000019,,PubChem BioAssay data set,,,https://www.ebi.ac.uk/chembl/api/data/activity/5832670.json
5851602,CHEMBL63323,NIFLUMIC ACID,CHEMBL612545,Unchecked,,CHEMBL1614015,F,PUBCHEM_BIOASSAY: qHTS Validation Assay to Find Inhibitors of Chronic Active B-Cell Receptor Signaling. (Class of assay: confirmatory) [Related pubchem assays (depositor defined):AID493014],Potency,,8199.5,nM,,1,,0,CHEMBL1201862,0,BAO_0000019,,PubChem BioAssay data set,,,https://www.ebi.ac.uk/chembl/api/data/activity/5851602.json
6001257,CHEMBL63323,NIFLUMIC ACID,CHEMBL3397,Cytochrome P450 2C9,Homo sapiens,CHEMBL1741325,F,PUBCHEM_BIOASSAY: Cytochrome panel assay with activity outcomes. (Class of assay: other) Panel member name: p450-cyp2c9 Compounds with AC50 equal or less than 10 uM are considered active,AC50,,,,,0,,0,CHEMBL1201862,8,BAO_0000019,,PubChem BioAssay data set,,,https://www.ebi.ac.uk/chembl/api/data/activity/6001257.json
6004788,CHEMBL63323,NIFLUMIC ACID,CHEMBL3622,Cytochrome P450 2C19,Homo sapiens,CHEMBL1741323,F,PUBCHEM_BIOASSAY: Cytochrome panel assay with activity outcomes. (Class of assay: other) Panel member name: p450-cyp2c19 Compounds with AC50 equal or less than 10 uM are considered active,AC50,,,,,0,,0,CHEMBL1201862,8,BAO_0000019,,PubChem BioAssay data set,,,https://www.ebi.ac.uk/chembl/api/data/activity/6004788.json
6027110,CHEMBL63323,NIFLUMIC ACID,CHEMBL340,Cytochrome P450 3A4,Homo sapiens,CHEMBL1741324,F,PUBCHEM_BIOASSAY: Cytochrome panel assay with activity outcomes. (Class of assay: other) Panel member name: p450-cyp3a4 Compounds with AC50 equal or less than 10 uM are considered active,AC50,=,7943.28,nM,5.10,1,,0,CHEMBL1201862,8,BAO_0000019,,PubChem BioAssay data set,,,https://www.ebi.ac.uk/chembl/api/data/activity/6027110.json
6029563,CHEMBL63323,NIFLUMIC ACID,CHEMBL3356,Cytochrome P450 1A2,Homo sapiens,CHEMBL1741322,F,PUBCHEM_BIOASSAY: Cytochrome panel assay with activity outcomes. (Class of assay: other) Panel member name: p450-cyp1a2 Compounds with AC50 equal or less than 10 uM are considered active,AC50,=,5011.87,nM,5.30,1,,0,CHEMBL1201862,8,BAO_0000019,,PubChem BioAssay data set,,,https://www.ebi.ac.uk/chembl/api/data/activity/6029563.json
6059328,CHEMBL63323,NIFLUMIC ACID,CHEMBL289,Cytochrome P450 2D6,Homo sapiens,CHEMBL1741321,F,PUBCHEM_BIOASSAY: Cytochrome panel assay with activity outcomes. (Class of assay: other) Panel member name: p450-cyp2d6 Compounds with AC50 equal or less than 10 uM are considered active,AC50,,,,,0,,0,CHEMBL1201862,8,BAO_0000019,,PubChem BioAssay data set,,,https://www.ebi.ac.uk/chembl/api/data/activity/6059328.json
6074866,CHEMBL63323,NIFLUMIC ACID,CHEMBL1743318,UDP-glucuronosyltransferase 1A8,Homo sapiens,CHEMBL1743329,A,Substrate of human UDP-glucuronosyltransferase UGT1A8,Activity,,,,,0,,0,CHEMBL1743201,9,BAO_0000357,,"Casarett and Doull's Toxicology The Basic Science of Poisons, 7th edition",2008,,https://www.ebi.ac.uk/chembl/api/data/activity/6074866.json
6428069,CHEMBL63323,NIFLUMIC ACID,CHEMBL1977,Vitamin D3 receptor,Homo sapiens,CHEMBL1794311,F,PUBCHEM_BIOASSAY: Inhibitors of the vitamin D receptor (VDR): qHTS. (Class of assay: confirmatory) [Related pubchem assays (depositor defined):AID504855],Potency,,50118.7,nM,,1,,0,CHEMBL1201862,8,BAO_0000019,,PubChem BioAssay data set,,,https://www.ebi.ac.uk/chembl/api/data/activity/6428069.json
6429871,CHEMBL63323,NIFLUMIC ACID,CHEMBL1977,Vitamin D3 receptor,Homo sapiens,CHEMBL1794311,F,PUBCHEM_BIOASSAY: Inhibitors of the vitamin D receptor (VDR): qHTS. (Class of assay: confirmatory) [Related pubchem assays (depositor defined):AID504855],Potency,,31622.8,nM,,1,,0,CHEMBL1201862,8,BAO_0000019,,PubChem BioAssay data set,,,https://www.ebi.ac.uk/chembl/api/data/activity/6429871.json
6441239,CHEMBL63323,NIFLUMIC ACID,CHEMBL1977,Vitamin D3 receptor,Homo sapiens,CHEMBL1794311,F,PUBCHEM_BIOASSAY: Inhibitors of the vitamin D receptor (VDR): qHTS. (Class of assay: confirmatory) [Related pubchem assays (depositor defined):AID504855],Potency,,89125.1,nM,,1,,0,CHEMBL1201862,8,BAO_0000019,,PubChem BioAssay data set,,,https://www.ebi.ac.uk/chembl/api/data/activity/6441239.json
6455426,CHEMBL63323,NIFLUMIC ACID,CHEMBL1795085,Ataxin-2,Homo sapiens,CHEMBL1794367,F,"PUBCHEM_BIOASSAY: qHTS for Inhibitors of ATXN expression: Validation. (Class of assay: confirmatory) [Related pubchem assays (depositor defined):AID588349, AID588380]",Potency,,17782.8,nM,,1,,0,CHEMBL1201862,8,BAO_0000019,,PubChem BioAssay data set,,,https://www.ebi.ac.uk/chembl/api/data/activity/6455426.json
7359488,CHEMBL63323,NIFLUMIC ACID,CHEMBL614818,HEK293,Homo sapiens,CHEMBL1794308,F,"PUBCHEM_BIOASSAY: qHTS for Inhibitors of binding or entry into cells for Lassa Virus. (Class of assay: confirmatory) [Related pubchem assays (depositor defined):AID463114, AID540249]",Potency,,35481.3,nM,,1,,0,CHEMBL1201862,1,BAO_0000219,,PubChem BioAssay data set,,,https://www.ebi.ac.uk/chembl/api/data/activity/7359488.json
7400359,CHEMBL63323,NIFLUMIC ACID,CHEMBL5567,Luciferin 4-monooxygenase,Photinus pyralis,CHEMBL1794352,F,"PUBCHEM_BIOASSAY: qHTS profiling assay for firefly luciferase inhibitor/activator using purified enzyme and Km concentrations of substrates (counterscreen for miR-21 project). (Class of assay: confirmatory) [Related pubchem assays (depositor defined):AID2288, AID2289, AID2598, AID411]",Potency,,15101.4,nM,,1,,0,CHEMBL1201862,8,BAO_0000019,,PubChem BioAssay data set,,,https://www.ebi.ac.uk/chembl/api/data/activity/7400359.json
7482063,CHEMBL63323,NIFLUMIC ACID,CHEMBL612545,Unchecked,,CHEMBL1794375,B,"PUBCHEM_BIOASSAY: qHTS for inhibitors of binding or entry into cells for Marburg Virus. (Class of assay: confirmatory) [Related pubchem assays (depositor defined):AID463114, AID540249, AID540278]",Potency,,18348.9,nM,,1,,0,CHEMBL1201862,0,BAO_0000019,,PubChem BioAssay data set,,,https://www.ebi.ac.uk/chembl/api/data/activity/7482063.json
7504836,CHEMBL63323,NIFLUMIC ACID,CHEMBL614818,HEK293,Homo sapiens,CHEMBL1794308,F,"PUBCHEM_BIOASSAY: qHTS for Inhibitors of binding or entry into cells for Lassa Virus. (Class of assay: confirmatory) [Related pubchem assays (depositor defined):AID463114, AID540249]",Potency,,1157.7,nM,,1,,0,CHEMBL1201862,1,BAO_0000219,,PubChem BioAssay data set,,,https://www.ebi.ac.uk/chembl/api/data/activity/7504836.json
7526593,CHEMBL63323,NIFLUMIC ACID,CHEMBL612545,Unchecked,,CHEMBL1794375,B,"PUBCHEM_BIOASSAY: qHTS for inhibitors of binding or entry into cells for Marburg Virus. (Class of assay: confirmatory) [Related pubchem assays (depositor defined):AID463114, AID540249, AID540278]",Potency,,707.9,nM,,1,,0,CHEMBL1201862,0,BAO_0000019,,PubChem BioAssay data set,,,https://www.ebi.ac.uk/chembl/api/data/activity/7526593.json
7566974,CHEMBL63323,NIFLUMIC ACID,CHEMBL612545,Unchecked,,CHEMBL1908145,B,Inhibition of mycophenolic acid (1 mM) glucuronidation by human UGT enzymes from liver microsomes,IC50,=,8000.0,nM,5.10,1,,0,CHEMBL1908105,0,BAO_0000251,10.1016/j.pharmthera.2004.10.013,UDP-glucuronosyltransferases and clinical drug-drug interactions.,2005,Pharmacol Ther,https://www.ebi.ac.uk/chembl/api/data/activity/7566974.json
7566975,CHEMBL63323,NIFLUMIC ACID,CHEMBL612545,Unchecked,,CHEMBL1908144,B,Inhibition of mycophenolic acid (0.5 mM) glucuronidation by human kidney microsomes,IC50,=,8000.0,nM,5.10,1,,0,CHEMBL1908105,0,BAO_0000251,10.1016/j.pharmthera.2004.10.013,UDP-glucuronosyltransferases and clinical drug-drug interactions.,2005,Pharmacol Ther,https://www.ebi.ac.uk/chembl/api/data/activity/7566975.json
7714187,CHEMBL63323,NIFLUMIC ACID,CHEMBL612545,Unchecked,,CHEMBL1909106,B,DRUGMATRIX: Serotonin (5-Hydroxytryptamine) 5-HT3 radioligand binding (ligand: [3H] GR-65630),Ki,,,,,0,,0,CHEMBL1909046,0,BAO_0000249,,DrugMatrix in vitro pharmacology data,,,https://www.ebi.ac.uk/chembl/api/data/activity/7714187.json
7714188,CHEMBL63323,NIFLUMIC ACID,CHEMBL5017,5-hydroxytryptamine receptor 4,Cavia porcellus,CHEMBL1909107,B,DRUGMATRIX: Serotonin (5-Hydroxytryptamine) 5-HT4 radioligand binding (ligand: [3H] GR-113808),IC50,,,,,0,,0,CHEMBL1909046,9,BAO_0000249,,DrugMatrix in vitro pharmacology data,,,https://www.ebi.ac.uk/chembl/api/data/activity/7714188.json
7714189,CHEMBL63323,NIFLUMIC ACID,CHEMBL5017,5-hydroxytryptamine receptor 4,Cavia porcellus,CHEMBL1909107,B,DRUGMATRIX: Serotonin (5-Hydroxytryptamine) 5-HT4 radioligand binding (ligand: [3H] GR-113808),Ki,,,,,0,,0,CHEMBL1909046,9,BAO_0000249,,DrugMatrix in vitro pharmacology data,,,https://www.ebi.ac.uk/chembl/api/data/activity/7714189.json
7714190,CHEMBL63323,NIFLUMIC ACID,CHEMBL3371,5-hydroxytryptamine receptor 6,Homo sapiens,CHEMBL1909108,B,DRUGMATRIX: Serotonin (5-Hydroxytryptamine) 5-HT6 radioligand binding (ligand: [3H] Lysergic acid diethylamide),IC50,,,,,0,,0,CHEMBL1909046,8,BAO_0000249,,DrugMatrix in vitro pharmacology data,,,https://www.ebi.ac.uk/chembl/api/data/activity/7714190.json
7714191,CHEMBL63323,NIFLUMIC ACID,CHEMBL3371,5-hydroxytryptamine receptor 6,Homo sapiens,CHEMBL1909108,B,DRUGMATRIX: Serotonin (5-Hydroxytryptamine) 5-HT6 radioligand binding (ligand: [3H] Lysergic acid diethylamide),Ki,,,,,0,,0,CHEMBL1909046,8,BAO_0000249,,DrugMatrix in vitro pharmacology data,,,https://www.ebi.ac.uk/chembl/api/data/activity/7714191.json
7714192,CHEMBL63323,NIFLUMIC ACID,CHEMBL228,Sodium-dependent serotonin transporter,Homo sapiens,CHEMBL1909109,B,"DRUGMATRIX: Transporter, Serotonin (5-Hydroxytryptamine) (SERT) radioligand binding (ligand: [3H] Paroxetine)",IC50,,,,,0,,0,CHEMBL1909046,8,BAO_0000249,,DrugMatrix in vitro pharmacology data,,,https://www.ebi.ac.uk/chembl/api/data/activity/7714192.json
7714193,CHEMBL63323,NIFLUMIC ACID,CHEMBL228,Sodium-dependent serotonin transporter,Homo sapiens,CHEMBL1909109,B,"DRUGMATRIX: Transporter, Serotonin (5-Hydroxytryptamine) (SERT) radioligand binding (ligand: [3H] Paroxetine)",Ki,,,,,0,,0,CHEMBL1909046,8,BAO_0000249,,DrugMatrix in vitro pharmacology data,,,https://www.ebi.ac.uk/chembl/api/data/activity/7714193.json
7714194,CHEMBL63323,NIFLUMIC ACID,CHEMBL287,Sigma non-opioid intracellular receptor 1,Homo sapiens,CHEMBL1909110,B,DRUGMATRIX: Sigma1 radioligand binding (ligand: [3H] Haloperidol),IC50,,,,,0,,0,CHEMBL1909046,8,BAO_0000249,,DrugMatrix in vitro pharmacology data,,,https://www.ebi.ac.uk/chembl/api/data/activity/7714194.json
7714195,CHEMBL63323,NIFLUMIC ACID,CHEMBL287,Sigma non-opioid intracellular receptor 1,Homo sapiens,CHEMBL1909110,B,DRUGMATRIX: Sigma1 radioligand binding (ligand: [3H] Haloperidol),Ki,,,,,0,,0,CHEMBL1909046,8,BAO_0000249,,DrugMatrix in vitro pharmacology data,,,https://www.ebi.ac.uk/chembl/api/data/activity/7714195.json
7714196,CHEMBL63323,NIFLUMIC ACID,CHEMBL612545,Unchecked,,CHEMBL1909111,B,DRUGMATRIX: Sigma2 radioligand binding (ligand: [3H] Ifenprodil),IC50,,,,,0,,0,CHEMBL1909046,0,BAO_0000249,,DrugMatrix in vitro pharmacology data,,,https://www.ebi.ac.uk/chembl/api/data/activity/7714196.json
7714197,CHEMBL63323,NIFLUMIC ACID,CHEMBL612545,Unchecked,,CHEMBL1909111,B,DRUGMATRIX: Sigma2 radioligand binding (ligand: [3H] Ifenprodil),Ki,,,,,0,,0,CHEMBL1909046,0,BAO_0000249,,DrugMatrix in vitro pharmacology data,,,https://www.ebi.ac.uk/chembl/api/data/activity/7714197.json
7714198,CHEMBL63323,NIFLUMIC ACID,CHEMBL612545,Unchecked,,CHEMBL1909112,B,"DRUGMATRIX: Sodium Channel, Site 2 radioligand binding (ligand: [3H] Batrachotoxin)",IC50,,,,,0,,0,CHEMBL1909046,0,BAO_0000249,,DrugMatrix in vitro pharmacology data,,,https://www.ebi.ac.uk/chembl/api/data/activity/7714198.json
7714199,CHEMBL63323,NIFLUMIC ACID,CHEMBL612545,Unchecked,,CHEMBL1909112,B,"DRUGMATRIX: Sodium Channel, Site 2 radioligand binding (ligand: [3H] Batrachotoxin)",Ki,,,,,0,,0,CHEMBL1909046,0,BAO_0000249,,DrugMatrix in vitro pharmacology data,,,https://www.ebi.ac.uk/chembl/api/data/activity/7714199.json
7714200,CHEMBL63323,NIFLUMIC ACID,CHEMBL249,Substance-P receptor,Homo sapiens,CHEMBL1909113,B,DRUGMATRIX: Tachykinin NK1 radioligand binding (ligand: [3H] Substance P),IC50,,,,,0,,0,CHEMBL1909046,8,BAO_0000249,,DrugMatrix in vitro pharmacology data,,,https://www.ebi.ac.uk/chembl/api/data/activity/7714200.json
7714201,CHEMBL63323,NIFLUMIC ACID,CHEMBL249,Substance-P receptor,Homo sapiens,CHEMBL1909113,B,DRUGMATRIX: Tachykinin NK1 radioligand binding (ligand: [3H] Substance P),Ki,,,,,0,,0,CHEMBL1909046,8,BAO_0000249,,DrugMatrix in vitro pharmacology data,,,https://www.ebi.ac.uk/chembl/api/data/activity/7714201.json
7714202,CHEMBL63323,NIFLUMIC ACID,CHEMBL2327,Substance-K receptor,Homo sapiens,CHEMBL1909114,B,DRUGMATRIX: Tachykinin NK2 radioligand binding (ligand: [3H] SR-48968),IC50,,,,,0,,0,CHEMBL1909046,8,BAO_0000249,,DrugMatrix in vitro pharmacology data,,,https://www.ebi.ac.uk/chembl/api/data/activity/7714202.json
7714203,CHEMBL63323,NIFLUMIC ACID,CHEMBL2327,Substance-K receptor,Homo sapiens,CHEMBL1909114,B,DRUGMATRIX: Tachykinin NK2 radioligand binding (ligand: [3H] SR-48968),Ki,,,,,0,,0,CHEMBL1909046,8,BAO_0000249,,DrugMatrix in vitro pharmacology data,,,https://www.ebi.ac.uk/chembl/api/data/activity/7714203.json
7714204,CHEMBL63323,NIFLUMIC ACID,CHEMBL3072,Androgen receptor,Rattus norvegicus,CHEMBL1909115,B,DRUGMATRIX: Androgen (Testosterone) AR radioligand binding (ligand: [3H] Mibolerone),IC50,,,,,0,,0,CHEMBL1909046,8,BAO_0000249,,DrugMatrix in vitro pharmacology data,,,https://www.ebi.ac.uk/chembl/api/data/activity/7714204.json
7714205,CHEMBL63323,NIFLUMIC ACID,CHEMBL3072,Androgen receptor,Rattus norvegicus,CHEMBL1909115,B,DRUGMATRIX: Androgen (Testosterone) AR radioligand binding (ligand: [3H] Mibolerone),Ki,,,,,0,,0,CHEMBL1909046,8,BAO_0000249,,DrugMatrix in vitro pharmacology data,,,https://www.ebi.ac.uk/chembl/api/data/activity/7714205.json
7714206,CHEMBL63323,NIFLUMIC ACID,CHEMBL1835,Thromboxane-A synthase,Homo sapiens,CHEMBL1909116,B,DRUGMATRIX: Thromboxane Synthetase enzyme inhibition (substrate: PGH2),IC50,,,,,0,,0,CHEMBL1909046,9,BAO_0000221,,DrugMatrix in vitro pharmacology data,,,https://www.ebi.ac.uk/chembl/api/data/activity/7714206.json
7714207,CHEMBL63323,NIFLUMIC ACID,CHEMBL1835,Thromboxane-A synthase,Homo sapiens,CHEMBL1909116,B,DRUGMATRIX: Thromboxane Synthetase enzyme inhibition (substrate: PGH2),Ki,,,,,0,,0,CHEMBL1909046,9,BAO_0000221,,DrugMatrix in vitro pharmacology data,,,https://www.ebi.ac.uk/chembl/api/data/activity/7714207.json
7714208,CHEMBL63323,NIFLUMIC ACID,CHEMBL612545,Unchecked,,CHEMBL1909117,B,"DRUGMATRIX: Tumor Necrosis Factor (TNF), Non-Selective radioligand binding (ligand: [125I] TNF-alpha)",IC50,,,,,0,,0,CHEMBL1909046,0,BAO_0000249,,DrugMatrix in vitro pharmacology data,,,https://www.ebi.ac.uk/chembl/api/data/activity/7714208.json
7714209,CHEMBL63323,NIFLUMIC ACID,CHEMBL612545,Unchecked,,CHEMBL1909117,B,"DRUGMATRIX: Tumor Necrosis Factor (TNF), Non-Selective radioligand binding (ligand: [125I] TNF-alpha)",Ki,,,,,0,,0,CHEMBL1909046,0,BAO_0000249,,DrugMatrix in vitro pharmacology data,,,https://www.ebi.ac.uk/chembl/api/data/activity/7714209.json
7714210,CHEMBL63323,NIFLUMIC ACID,CHEMBL1868,Vascular endothelial growth factor receptor 1,Homo sapiens,CHEMBL1909118,B,DRUGMATRIX: Vascular Endothelial Growth Factor (VEGF) radioligand binding (ligand: [125I] VEGF),IC50,,,,,0,,0,CHEMBL1909046,8,BAO_0000219,,DrugMatrix in vitro pharmacology data,,,https://www.ebi.ac.uk/chembl/api/data/activity/7714210.json
7714211,CHEMBL63323,NIFLUMIC ACID,CHEMBL1868,Vascular endothelial growth factor receptor 1,Homo sapiens,CHEMBL1909118,B,DRUGMATRIX: Vascular Endothelial Growth Factor (VEGF) radioligand binding (ligand: [125I] VEGF),Ki,,,,,0,,0,CHEMBL1909046,8,BAO_0000219,,DrugMatrix in vitro pharmacology data,,,https://www.ebi.ac.uk/chembl/api/data/activity/7714211.json
7714212,CHEMBL63323,NIFLUMIC ACID,CHEMBL5144,Vasoactive intestinal polypeptide receptor 1,Homo sapiens,CHEMBL1909119,B,DRUGMATRIX: Vasoactive Intestinal Peptide VIP1 radioligand binding (ligand: [125I] VIP),IC50,,,,,0,,0,CHEMBL1909046,8,BAO_0000249,,DrugMatrix in vitro pharmacology data,,,https://www.ebi.ac.uk/chembl/api/data/activity/7714212.json
7714213,CHEMBL63323,NIFLUMIC ACID,CHEMBL5144,Vasoactive intestinal polypeptide receptor 1,Homo sapiens,CHEMBL1909119,B,DRUGMATRIX: Vasoactive Intestinal Peptide VIP1 radioligand binding (ligand: [125I] VIP),Ki,,,,,0,,0,CHEMBL1909046,8,BAO_0000249,,DrugMatrix in vitro pharmacology data,,,https://www.ebi.ac.uk/chembl/api/data/activity/7714213.json
7714214,CHEMBL63323,NIFLUMIC ACID,CHEMBL1889,Vasopressin V1a receptor,Homo sapiens,CHEMBL1909120,B,DRUGMATRIX: Vasopressin V1A radioligand binding (ligand: [125I] PhenylacetylTyr(Me)PheGlnAsnArgProArgTyr),IC50,,,,,0,,0,CHEMBL1909046,8,BAO_0000249,,DrugMatrix in vitro pharmacology data,,,https://www.ebi.ac.uk/chembl/api/data/activity/7714214.json
7714215,CHEMBL63323,NIFLUMIC ACID,CHEMBL1889,Vasopressin V1a receptor,Homo sapiens,CHEMBL1909120,B,DRUGMATRIX: Vasopressin V1A radioligand binding (ligand: [125I] PhenylacetylTyr(Me)PheGlnAsnArgProArgTyr),Ki,,,,,0,,0,CHEMBL1909046,8,BAO_0000249,,DrugMatrix in vitro pharmacology data,,,https://www.ebi.ac.uk/chembl/api/data/activity/7714215.json
7744103,CHEMBL63323,NIFLUMIC ACID,CHEMBL220,Acetylcholinesterase,Homo sapiens,CHEMBL1909212,B,DRUGMATRIX: Acetylcholinesterase enzyme inhibition (substrate: acetylthiocholine),IC50,,,,,0,,0,CHEMBL1909046,8,BAO_0000219,,DrugMatrix in vitro pharmacology data,,,https://www.ebi.ac.uk/chembl/api/data/activity/7744103.json
7744104,CHEMBL63323,NIFLUMIC ACID,CHEMBL220,Acetylcholinesterase,Homo sapiens,CHEMBL1909212,B,DRUGMATRIX: Acetylcholinesterase enzyme inhibition (substrate: acetylthiocholine),Ki,,,,,0,,0,CHEMBL1909046,8,BAO_0000219,,DrugMatrix in vitro pharmacology data,,,https://www.ebi.ac.uk/chembl/api/data/activity/7744104.json
7744105,CHEMBL63323,NIFLUMIC ACID,CHEMBL226,Adenosine receptor A1,Homo sapiens,CHEMBL1909213,B,DRUGMATRIX: Adenosine A1 radioligand binding (ligand: DPCPX),IC50,,,,,0,,0,CHEMBL1909046,8,BAO_0000249,,DrugMatrix in vitro pharmacology data,,,https://www.ebi.ac.uk/chembl/api/data/activity/7744105.json
7744106,CHEMBL63323,NIFLUMIC ACID,CHEMBL226,Adenosine receptor A1,Homo sapiens,CHEMBL1909213,B,DRUGMATRIX: Adenosine A1 radioligand binding (ligand: DPCPX),Ki,,,,,0,,0,CHEMBL1909046,8,BAO_0000249,,DrugMatrix in vitro pharmacology data,,,https://www.ebi.ac.uk/chembl/api/data/activity/7744106.json
7744107,CHEMBL63323,NIFLUMIC ACID,CHEMBL251,Adenosine receptor A2a,Homo sapiens,CHEMBL1909214,B,DRUGMATRIX: Adenosine A2A radioligand binding (ligand: AB-MECA),IC50,,,,,0,,0,CHEMBL1909046,8,BAO_0000249,,DrugMatrix in vitro pharmacology data,,,https://www.ebi.ac.uk/chembl/api/data/activity/7744107.json
7744108,CHEMBL63323,NIFLUMIC ACID,CHEMBL251,Adenosine receptor A2a,Homo sapiens,CHEMBL1909214,B,DRUGMATRIX: Adenosine A2A radioligand binding (ligand: AB-MECA),Ki,,,,,0,,0,CHEMBL1909046,8,BAO_0000249,,DrugMatrix in vitro pharmacology data,,,https://www.ebi.ac.uk/chembl/api/data/activity/7744108.json
7744109,CHEMBL63323,NIFLUMIC ACID,CHEMBL256,Adenosine receptor A3,Homo sapiens,CHEMBL1909215,B,DRUGMATRIX: Adenosine A3 radioligand binding (ligand: AB-MECA),IC50,,,,,0,,0,CHEMBL1909046,8,BAO_0000249,,DrugMatrix in vitro pharmacology data,,,https://www.ebi.ac.uk/chembl/api/data/activity/7744109.json
7744110,CHEMBL63323,NIFLUMIC ACID,CHEMBL256,Adenosine receptor A3,Homo sapiens,CHEMBL1909215,B,DRUGMATRIX: Adenosine A3 radioligand binding (ligand: AB-MECA),Ki,,,,,0,,0,CHEMBL1909046,8,BAO_0000249,,DrugMatrix in vitro pharmacology data,,,https://www.ebi.ac.uk/chembl/api/data/activity/7744110.json
7744111,CHEMBL63323,NIFLUMIC ACID,CHEMBL612545,Unchecked,,CHEMBL1909084,B,DRUGMATRIX: Sodium/nucleoside co-transporter radioligand binding (ligand: nitrobenzylthioinosine),IC50,,,,,0,,0,CHEMBL1909046,0,BAO_0000249,,DrugMatrix in vitro pharmacology data,,,https://www.ebi.ac.uk/chembl/api/data/activity/7744111.json
7744112,CHEMBL63323,NIFLUMIC ACID,CHEMBL612545,Unchecked,,CHEMBL1909084,B,DRUGMATRIX: Sodium/nucleoside co-transporter radioligand binding (ligand: nitrobenzylthioinosine),Ki,,,,,0,,0,CHEMBL1909046,0,BAO_0000249,,DrugMatrix in vitro pharmacology data,,,https://www.ebi.ac.uk/chembl/api/data/activity/7744112.json
7744113,CHEMBL63323,NIFLUMIC ACID,CHEMBL319,Alpha-1A adrenergic receptor,Rattus norvegicus,CHEMBL1909085,B,DRUGMATRIX: Alpha-1A adrenergic receptor radioligand binding (ligand: prazosin),IC50,,,,,0,,0,CHEMBL1909046,9,BAO_0000249,,DrugMatrix in vitro pharmacology data,,,https://www.ebi.ac.uk/chembl/api/data/activity/7744113.json
7744114,CHEMBL63323,NIFLUMIC ACID,CHEMBL319,Alpha-1A adrenergic receptor,Rattus norvegicus,CHEMBL1909085,B,DRUGMATRIX: Alpha-1A adrenergic receptor radioligand binding (ligand: prazosin),Ki,,,,,0,,0,CHEMBL1909046,9,BAO_0000249,,DrugMatrix in vitro pharmacology data,,,https://www.ebi.ac.uk/chembl/api/data/activity/7744114.json
7744115,CHEMBL63323,NIFLUMIC ACID,CHEMBL315,Alpha-1B adrenergic receptor,Rattus norvegicus,CHEMBL1909086,B,DRUGMATRIX: Alpha-1B adrenergic receptor radioligand binding (ligand: prazosin),IC50,,,,,0,,0,CHEMBL1909046,9,BAO_0000249,,DrugMatrix in vitro pharmacology data,,,https://www.ebi.ac.uk/chembl/api/data/activity/7744115.json
7744116,CHEMBL63323,NIFLUMIC ACID,CHEMBL315,Alpha-1B adrenergic receptor,Rattus norvegicus,CHEMBL1909086,B,DRUGMATRIX: Alpha-1B adrenergic receptor radioligand binding (ligand: prazosin),Ki,,,,,0,,0,CHEMBL1909046,9,BAO_0000249,,DrugMatrix in vitro pharmacology data,,,https://www.ebi.ac.uk/chembl/api/data/activity/7744116.json
7744117,CHEMBL63323,NIFLUMIC ACID,CHEMBL223,Alpha-1D adrenergic receptor,Homo sapiens,CHEMBL1909087,B,DRUGMATRIX: Alpha-1D adrenergic receptor radioligand binding (ligand: prazosin),IC50,,,,,0,,0,CHEMBL1909046,8,BAO_0000249,,DrugMatrix in vitro pharmacology data,,,https://www.ebi.ac.uk/chembl/api/data/activity/7744117.json
7744118,CHEMBL63323,NIFLUMIC ACID,CHEMBL223,Alpha-1D adrenergic receptor,Homo sapiens,CHEMBL1909087,B,DRUGMATRIX: Alpha-1D adrenergic receptor radioligand binding (ligand: prazosin),Ki,,,,,0,,0,CHEMBL1909046,8,BAO_0000249,,DrugMatrix in vitro pharmacology data,,,https://www.ebi.ac.uk/chembl/api/data/activity/7744118.json
7744119,CHEMBL63323,NIFLUMIC ACID,CHEMBL1867,Alpha-2A adrenergic receptor,Homo sapiens,CHEMBL1909088,B,DRUGMATRIX: Alpha-2A adrenergic receptor radioligand binding (ligand: MK-912),IC50,,,,,0,,0,CHEMBL1909046,8,BAO_0000249,,DrugMatrix in vitro pharmacology data,,,https://www.ebi.ac.uk/chembl/api/data/activity/7744119.json
7744120,CHEMBL63323,NIFLUMIC ACID,CHEMBL1867,Alpha-2A adrenergic receptor,Homo sapiens,CHEMBL1909088,B,DRUGMATRIX: Alpha-2A adrenergic receptor radioligand binding (ligand: MK-912),Ki,,,,,0,,0,CHEMBL1909046,8,BAO_0000249,,DrugMatrix in vitro pharmacology data,,,https://www.ebi.ac.uk/chembl/api/data/activity/7744120.json
7744121,CHEMBL63323,NIFLUMIC ACID,CHEMBL1942,Alpha-2B adrenergic receptor,Homo sapiens,CHEMBL1909089,B,DRUGMATRIX: Alpha-2B adrenergic receptor radioligand binding (ligand: Rauwolscine),IC50,,,,,0,,0,CHEMBL1909046,8,BAO_0000249,,DrugMatrix in vitro pharmacology data,,,https://www.ebi.ac.uk/chembl/api/data/activity/7744121.json
7744122,CHEMBL63323,NIFLUMIC ACID,CHEMBL1942,Alpha-2B adrenergic receptor,Homo sapiens,CHEMBL1909089,B,DRUGMATRIX: Alpha-2B adrenergic receptor radioligand binding (ligand: Rauwolscine),Ki,,,,,0,,0,CHEMBL1909046,8,BAO_0000249,,DrugMatrix in vitro pharmacology data,,,https://www.ebi.ac.uk/chembl/api/data/activity/7744122.json
7744123,CHEMBL63323,NIFLUMIC ACID,CHEMBL1916,Alpha-2C adrenergic receptor,Homo sapiens,CHEMBL1909090,B,DRUGMATRIX: Adrenergic Alpha-2C radioligand binding (ligand: [3H] MK-912),IC50,,,,,0,,0,CHEMBL1909046,8,BAO_0000249,,DrugMatrix in vitro pharmacology data,,,https://www.ebi.ac.uk/chembl/api/data/activity/7744123.json
7744124,CHEMBL63323,NIFLUMIC ACID,CHEMBL1916,Alpha-2C adrenergic receptor,Homo sapiens,CHEMBL1909090,B,DRUGMATRIX: Adrenergic Alpha-2C radioligand binding (ligand: [3H] MK-912),Ki,,,,,0,,0,CHEMBL1909046,8,BAO_0000249,,DrugMatrix in vitro pharmacology data,,,https://www.ebi.ac.uk/chembl/api/data/activity/7744124.json
7744125,CHEMBL63323,NIFLUMIC ACID,CHEMBL213,Beta-1 adrenergic receptor,Homo sapiens,CHEMBL1909091,B,DRUGMATRIX: Adrenergic beta1 radioligand binding (ligand: [125I] Cyanopindolol),IC50,,,,,0,,0,CHEMBL1909046,8,BAO_0000249,,DrugMatrix in vitro pharmacology data,,,https://www.ebi.ac.uk/chembl/api/data/activity/7744125.json
7744126,CHEMBL63323,NIFLUMIC ACID,CHEMBL213,Beta-1 adrenergic receptor,Homo sapiens,CHEMBL1909091,B,DRUGMATRIX: Adrenergic beta1 radioligand binding (ligand: [125I] Cyanopindolol),Ki,,,,,0,,0,CHEMBL1909046,8,BAO_0000249,,DrugMatrix in vitro pharmacology data,,,https://www.ebi.ac.uk/chembl/api/data/activity/7744126.json
7744127,CHEMBL63323,NIFLUMIC ACID,CHEMBL210,Beta-2 adrenergic receptor,Homo sapiens,CHEMBL1909092,B,DRUGMATRIX: Adrenergic beta2 radioligand binding (ligand: [3H] CGP-12177),IC50,,,,,0,,0,CHEMBL1909046,8,BAO_0000249,,DrugMatrix in vitro pharmacology data,,,https://www.ebi.ac.uk/chembl/api/data/activity/7744127.json
7744128,CHEMBL63323,NIFLUMIC ACID,CHEMBL210,Beta-2 adrenergic receptor,Homo sapiens,CHEMBL1909092,B,DRUGMATRIX: Adrenergic beta2 radioligand binding (ligand: [3H] CGP-12177),Ki,,,,,0,,0,CHEMBL1909046,8,BAO_0000249,,DrugMatrix in vitro pharmacology data,,,https://www.ebi.ac.uk/chembl/api/data/activity/7744128.json
7744129,CHEMBL63323,NIFLUMIC ACID,CHEMBL246,Beta-3 adrenergic receptor,Homo sapiens,CHEMBL1909093,B,DRUGMATRIX: Adrenergic beta3 radioligand binding (ligand: [125I] Cyanopindolol),IC50,,,,,0,,0,CHEMBL1909046,8,BAO_0000249,,DrugMatrix in vitro pharmacology data,,,https://www.ebi.ac.uk/chembl/api/data/activity/7744129.json
7744130,CHEMBL63323,NIFLUMIC ACID,CHEMBL246,Beta-3 adrenergic receptor,Homo sapiens,CHEMBL1909093,B,DRUGMATRIX: Adrenergic beta3 radioligand binding (ligand: [125I] Cyanopindolol),Ki,,,,,0,,0,CHEMBL1909046,8,BAO_0000249,,DrugMatrix in vitro pharmacology data,,,https://www.ebi.ac.uk/chembl/api/data/activity/7744130.json
7744131,CHEMBL63323,NIFLUMIC ACID,CHEMBL222,Sodium-dependent noradrenaline transporter,Homo sapiens,CHEMBL1909094,B,DRUGMATRIX: Norepinephrine Transporter radioligand binding (ligand: [125I] RTI-55),IC50,,,,,0,,0,CHEMBL1909046,8,BAO_0000249,,DrugMatrix in vitro pharmacology data,,,https://www.ebi.ac.uk/chembl/api/data/activity/7744131.json
7744132,CHEMBL63323,NIFLUMIC ACID,CHEMBL222,Sodium-dependent noradrenaline transporter,Homo sapiens,CHEMBL1909094,B,DRUGMATRIX: Norepinephrine Transporter radioligand binding (ligand: [125I] RTI-55),Ki,,,,,0,,0,CHEMBL1909046,8,BAO_0000249,,DrugMatrix in vitro pharmacology data,,,https://www.ebi.ac.uk/chembl/api/data/activity/7744132.json
7744133,CHEMBL63323,NIFLUMIC ACID,CHEMBL2622,Aldo-keto reductase family 1 member B1,Rattus norvegicus,CHEMBL1909095,B,DRUGMATRIX: Aldose Reductase enzyme inhibition (substrate: DL-Glyceraldehyde),IC50,,,,,0,,0,CHEMBL1909046,9,BAO_0000221,,DrugMatrix in vitro pharmacology data,,,https://www.ebi.ac.uk/chembl/api/data/activity/7744133.json
7744134,CHEMBL63323,NIFLUMIC ACID,CHEMBL2622,Aldo-keto reductase family 1 member B1,Rattus norvegicus,CHEMBL1909095,B,DRUGMATRIX: Aldose Reductase enzyme inhibition (substrate: DL-Glyceraldehyde),Ki,,,,,0,,0,CHEMBL1909046,9,BAO_0000221,,DrugMatrix in vitro pharmacology data,,,https://www.ebi.ac.uk/chembl/api/data/activity/7744134.json
7744135,CHEMBL63323,NIFLUMIC ACID,CHEMBL4607,Type-2 angiotensin II receptor,Homo sapiens,CHEMBL1909096,B,DRUGMATRIX: Angiotensin AT2 radioligand binding (ligand: [125I] CGP-42112A),IC50,,,,,0,,0,CHEMBL1909046,8,BAO_0000219,,DrugMatrix in vitro pharmacology data,,,https://www.ebi.ac.uk/chembl/api/data/activity/7744135.json
7744136,CHEMBL63323,NIFLUMIC ACID,CHEMBL4607,Type-2 angiotensin II receptor,Homo sapiens,CHEMBL1909096,B,DRUGMATRIX: Angiotensin AT2 radioligand binding (ligand: [125I] CGP-42112A),Ki,,,,,0,,0,CHEMBL1909046,8,BAO_0000219,,DrugMatrix in vitro pharmacology data,,,https://www.ebi.ac.uk/chembl/api/data/activity/7744136.json
7744137,CHEMBL63323,NIFLUMIC ACID,CHEMBL612545,Unchecked,,CHEMBL1909097,B,"DRUGMATRIX: ATPase, Na+/K+ enzyme inhibition (substrate: ATP)",IC50,,,,,0,,0,CHEMBL1909046,0,BAO_0000221,,DrugMatrix in vitro pharmacology data,,,https://www.ebi.ac.uk/chembl/api/data/activity/7744137.json
7744138,CHEMBL63323,NIFLUMIC ACID,CHEMBL612545,Unchecked,,CHEMBL1909097,B,"DRUGMATRIX: ATPase, Na+/K+ enzyme inhibition (substrate: ATP)",Ki,,,,,0,,0,CHEMBL1909046,0,BAO_0000221,,DrugMatrix in vitro pharmacology data,,,https://www.ebi.ac.uk/chembl/api/data/activity/7744138.json
7744139,CHEMBL63323,NIFLUMIC ACID,CHEMBL612545,Unchecked,,CHEMBL1909098,B,DRUGMATRIX: Atrial Natriuretic Factor (ANF) radioligand binding (ligand: [125I] ANF (rat)),IC50,,,,,0,,0,CHEMBL1909046,0,BAO_0000249,,DrugMatrix in vitro pharmacology data,,,https://www.ebi.ac.uk/chembl/api/data/activity/7744139.json
7744140,CHEMBL63323,NIFLUMIC ACID,CHEMBL612545,Unchecked,,CHEMBL1909098,B,DRUGMATRIX: Atrial Natriuretic Factor (ANF) radioligand binding (ligand: [125I] ANF (rat)),Ki,,,,,0,,0,CHEMBL1909046,0,BAO_0000249,,DrugMatrix in vitro pharmacology data,,,https://www.ebi.ac.uk/chembl/api/data/activity/7744140.json
7744141,CHEMBL63323,NIFLUMIC ACID,CHEMBL612545,Unchecked,,CHEMBL1909099,B,DRUGMATRIX: beta-Lactamase enzyme inhibition (substrate: Nitrocefin),IC50,,,,,0,,0,CHEMBL1909046,0,BAO_0000019,,DrugMatrix in vitro pharmacology data,,,https://www.ebi.ac.uk/chembl/api/data/activity/7744141.json
7744142,CHEMBL63323,NIFLUMIC ACID,CHEMBL612545,Unchecked,,CHEMBL1909099,B,DRUGMATRIX: beta-Lactamase enzyme inhibition (substrate: Nitrocefin),Ki,,,,,0,,0,CHEMBL1909046,0,BAO_0000019,,DrugMatrix in vitro pharmacology data,,,https://www.ebi.ac.uk/chembl/api/data/activity/7744142.json
7744143,CHEMBL63323,NIFLUMIC ACID,CHEMBL3157,B2 bradykinin receptor,Homo sapiens,CHEMBL1909100,B,DRUGMATRIX: Bradykinin B2 radioligand binding (ligand: [3H] Bradykinin),IC50,,,,,0,,0,CHEMBL1909046,8,BAO_0000249,,DrugMatrix in vitro pharmacology data,,,https://www.ebi.ac.uk/chembl/api/data/activity/7744143.json
7744144,CHEMBL63323,NIFLUMIC ACID,CHEMBL3157,B2 bradykinin receptor,Homo sapiens,CHEMBL1909100,B,DRUGMATRIX: Bradykinin B2 radioligand binding (ligand: [3H] Bradykinin),Ki,,,,,0,,0,CHEMBL1909046,8,BAO_0000249,,DrugMatrix in vitro pharmacology data,,,https://www.ebi.ac.uk/chembl/api/data/activity/7744144.json
7744145,CHEMBL63323,NIFLUMIC ACID,CHEMBL1832,Calcitonin receptor,Homo sapiens,CHEMBL1909101,B,DRUGMATRIX: Calcitonin radioligand binding (ligand: [125I] Calcitonin (salmon)),IC50,,,,,0,,0,CHEMBL1909046,8,BAO_0000249,,DrugMatrix in vitro pharmacology data,,,https://www.ebi.ac.uk/chembl/api/data/activity/7744145.json
7744146,CHEMBL63323,NIFLUMIC ACID,CHEMBL1832,Calcitonin receptor,Homo sapiens,CHEMBL1909101,B,DRUGMATRIX: Calcitonin radioligand binding (ligand: [125I] Calcitonin (salmon)),Ki,,,,,0,,0,CHEMBL1909046,8,BAO_0000249,,DrugMatrix in vitro pharmacology data,,,https://www.ebi.ac.uk/chembl/api/data/activity/7744146.json
7744147,CHEMBL63323,NIFLUMIC ACID,CHEMBL612545,Unchecked,,CHEMBL1909102,B,"DRUGMATRIX: Calcium Channel Type L, Benzothiazepine radioligand binding (ligand: [3H] Diltiazem)",IC50,,,,,0,,0,CHEMBL1909046,0,BAO_0000249,,DrugMatrix in vitro pharmacology data,,,https://www.ebi.ac.uk/chembl/api/data/activity/7744147.json
7744148,CHEMBL63323,NIFLUMIC ACID,CHEMBL612545,Unchecked,,CHEMBL1909102,B,"DRUGMATRIX: Calcium Channel Type L, Benzothiazepine radioligand binding (ligand: [3H] Diltiazem)",Ki,,,,,0,,0,CHEMBL1909046,0,BAO_0000249,,DrugMatrix in vitro pharmacology data,,,https://www.ebi.ac.uk/chembl/api/data/activity/7744148.json
7744149,CHEMBL63323,NIFLUMIC ACID,CHEMBL612545,Unchecked,,CHEMBL1909103,B,"DRUGMATRIX: Calcium Channel Type L, Dihydropyridine radioligand binding (ligand: [3H] Nitrendipine)",IC50,,,,,0,,0,CHEMBL1909046,0,BAO_0000249,,DrugMatrix in vitro pharmacology data,,,https://www.ebi.ac.uk/chembl/api/data/activity/7744149.json
7744150,CHEMBL63323,NIFLUMIC ACID,CHEMBL612545,Unchecked,,CHEMBL1909103,B,"DRUGMATRIX: Calcium Channel Type L, Dihydropyridine radioligand binding (ligand: [3H] Nitrendipine)",Ki,,,,,0,,0,CHEMBL1909046,0,BAO_0000249,,DrugMatrix in vitro pharmacology data,,,https://www.ebi.ac.uk/chembl/api/data/activity/7744150.json
7744151,CHEMBL63323,NIFLUMIC ACID,CHEMBL612545,Unchecked,,CHEMBL1909121,B,"DRUGMATRIX: Calcium Channel Type L, Phenylalkylamine radioligand binding (ligand: [3H] (-)-Desmethoxyverapamil (D-888))",IC50,,,,,0,,0,CHEMBL1909046,0,BAO_0000249,,DrugMatrix in vitro pharmacology data,,,https://www.ebi.ac.uk/chembl/api/data/activity/7744151.json
7744152,CHEMBL63323,NIFLUMIC ACID,CHEMBL612545,Unchecked,,CHEMBL1909121,B,"DRUGMATRIX: Calcium Channel Type L, Phenylalkylamine radioligand binding (ligand: [3H] (-)-Desmethoxyverapamil (D-888))",Ki,,,,,0,,0,CHEMBL1909046,0,BAO_0000249,,DrugMatrix in vitro pharmacology data,,,https://www.ebi.ac.uk/chembl/api/data/activity/7744152.json
7744153,CHEMBL63323,NIFLUMIC ACID,CHEMBL218,Cannabinoid receptor 1,Homo sapiens,CHEMBL1909122,B,DRUGMATRIX: Cannabinoid CB1 radioligand binding (ligand: [3H] SR141716A),IC50,,,,,0,,0,CHEMBL1909046,8,BAO_0000249,,DrugMatrix in vitro pharmacology data,,,https://www.ebi.ac.uk/chembl/api/data/activity/7744153.json
7744154,CHEMBL63323,NIFLUMIC ACID,CHEMBL218,Cannabinoid receptor 1,Homo sapiens,CHEMBL1909122,B,DRUGMATRIX: Cannabinoid CB1 radioligand binding (ligand: [3H] SR141716A),Ki,,,,,0,,0,CHEMBL1909046,8,BAO_0000249,,DrugMatrix in vitro pharmacology data,,,https://www.ebi.ac.uk/chembl/api/data/activity/7744154.json
7744155,CHEMBL63323,NIFLUMIC ACID,CHEMBL205,Carbonic anhydrase 2,Homo sapiens,CHEMBL1909123,B,DRUGMATRIX: Carbonic Anhydrase II enzyme inhibition (substrate: 4-Nitrophenyl acetate (4-NPA)),IC50,,,,,0,,0,CHEMBL1909046,9,BAO_0000221,,DrugMatrix in vitro pharmacology data,,,https://www.ebi.ac.uk/chembl/api/data/activity/7744155.json
7744156,CHEMBL63323,NIFLUMIC ACID,CHEMBL205,Carbonic anhydrase 2,Homo sapiens,CHEMBL1909123,B,DRUGMATRIX: Carbonic Anhydrase II enzyme inhibition (substrate: 4-Nitrophenyl acetate (4-NPA)),Ki,,,,,0,,0,CHEMBL1909046,9,BAO_0000221,,DrugMatrix in vitro pharmacology data,,,https://www.ebi.ac.uk/chembl/api/data/activity/7744156.json
7744157,CHEMBL63323,NIFLUMIC ACID,CHEMBL4015,C-C chemokine receptor type 2,Homo sapiens,CHEMBL1909124,B,DRUGMATRIX: Chemokine CCR2B radioligand binding (ligand: [125I] MCP-1),IC50,,,,,0,,0,CHEMBL1909046,8,BAO_0000249,,DrugMatrix in vitro pharmacology data,,,https://www.ebi.ac.uk/chembl/api/data/activity/7744157.json
7744158,CHEMBL63323,NIFLUMIC ACID,CHEMBL4015,C-C chemokine receptor type 2,Homo sapiens,CHEMBL1909124,B,DRUGMATRIX: Chemokine CCR2B radioligand binding (ligand: [125I] MCP-1),Ki,,,,,0,,0,CHEMBL1909046,8,BAO_0000249,,DrugMatrix in vitro pharmacology data,,,https://www.ebi.ac.uk/chembl/api/data/activity/7744158.json
7744159,CHEMBL63323,NIFLUMIC ACID,CHEMBL2414,C-C chemokine receptor type 4,Homo sapiens,CHEMBL1909125,B,DRUGMATRIX: Chemokine CCR4 radioligand binding (ligand: [125I] TARC),IC50,,,,,0,,0,CHEMBL1909046,8,BAO_0000249,,DrugMatrix in vitro pharmacology data,,,https://www.ebi.ac.uk/chembl/api/data/activity/7744159.json
7744160,CHEMBL63323,NIFLUMIC ACID,CHEMBL2414,C-C chemokine receptor type 4,Homo sapiens,CHEMBL1909125,B,DRUGMATRIX: Chemokine CCR4 radioligand binding (ligand: [125I] TARC),Ki,,,,,0,,0,CHEMBL1909046,8,BAO_0000249,,DrugMatrix in vitro pharmacology data,,,https://www.ebi.ac.uk/chembl/api/data/activity/7744160.json
7744161,CHEMBL63323,NIFLUMIC ACID,CHEMBL274,C-C chemokine receptor type 5,Homo sapiens,CHEMBL1909126,B,DRUGMATRIX: Chemokine CCR5 radioligand binding (ligand: [125I] MIP-1alpha),IC50,,,,,0,,0,CHEMBL1909046,8,BAO_0000249,,DrugMatrix in vitro pharmacology data,,,https://www.ebi.ac.uk/chembl/api/data/activity/7744161.json
7744162,CHEMBL63323,NIFLUMIC ACID,CHEMBL274,C-C chemokine receptor type 5,Homo sapiens,CHEMBL1909126,B,DRUGMATRIX: Chemokine CCR5 radioligand binding (ligand: [125I] MIP-1alpha),Ki,,,,,0,,0,CHEMBL1909046,8,BAO_0000249,,DrugMatrix in vitro pharmacology data,,,https://www.ebi.ac.uk/chembl/api/data/activity/7744162.json
7744163,CHEMBL63323,NIFLUMIC ACID,CHEMBL4029,C-X-C chemokine receptor type 1,Homo sapiens,CHEMBL1909127,B,DRUGMATRIX: Chemokine CXCR1 (IL-8A),IC50,,,,,0,,0,CHEMBL1909046,8,BAO_0000357,,DrugMatrix in vitro pharmacology data,,,https://www.ebi.ac.uk/chembl/api/data/activity/7744163.json
7744164,CHEMBL63323,NIFLUMIC ACID,CHEMBL4029,C-X-C chemokine receptor type 1,Homo sapiens,CHEMBL1909127,B,DRUGMATRIX: Chemokine CXCR1 (IL-8A),Ki,,,,,0,,0,CHEMBL1909046,8,BAO_0000357,,DrugMatrix in vitro pharmacology data,,,https://www.ebi.ac.uk/chembl/api/data/activity/7744164.json
7744165,CHEMBL63323,NIFLUMIC ACID,CHEMBL2434,C-X-C chemokine receptor type 2,Homo sapiens,CHEMBL1909128,B,DRUGMATRIX: Chemokine CXCR2 (IL-8B) radioligand binding (ligand: [125I] IL-8),IC50,,,,,0,,0,CHEMBL1909046,8,BAO_0000249,,DrugMatrix in vitro pharmacology data,,,https://www.ebi.ac.uk/chembl/api/data/activity/7744165.json
7744166,CHEMBL63323,NIFLUMIC ACID,CHEMBL2434,C-X-C chemokine receptor type 2,Homo sapiens,CHEMBL1909128,B,DRUGMATRIX: Chemokine CXCR2 (IL-8B) radioligand binding (ligand: [125I] IL-8),Ki,,,,,0,,0,CHEMBL1909046,8,BAO_0000249,,DrugMatrix in vitro pharmacology data,,,https://www.ebi.ac.uk/chembl/api/data/activity/7744166.json
7744167,CHEMBL63323,NIFLUMIC ACID,CHEMBL1901,Cholecystokinin receptor type A,Homo sapiens,CHEMBL1909129,B,"DRUGMATRIX: Cholecystokinin CCKA radioligand binding (ligand: [3H] L-364,718)",IC50,,,,,0,,0,CHEMBL1909046,8,BAO_0000249,,DrugMatrix in vitro pharmacology data,,,https://www.ebi.ac.uk/chembl/api/data/activity/7744167.json
7744168,CHEMBL63323,NIFLUMIC ACID,CHEMBL1901,Cholecystokinin receptor type A,Homo sapiens,CHEMBL1909129,B,"DRUGMATRIX: Cholecystokinin CCKA radioligand binding (ligand: [3H] L-364,718)",Ki,,,,,0,,0,CHEMBL1909046,8,BAO_0000249,,DrugMatrix in vitro pharmacology data,,,https://www.ebi.ac.uk/chembl/api/data/activity/7744168.json
7744169,CHEMBL63323,NIFLUMIC ACID,CHEMBL221,Prostaglandin G/H synthase 1,Homo sapiens,CHEMBL1909130,B,DRUGMATRIX: Cyclooxygenase COX-1 enzyme inhibition (substrate: Arachidonic acid),IC50,=,1064.0,nM,5.97,1,,0,CHEMBL1909046,9,BAO_0000221,,DrugMatrix in vitro pharmacology data,,,https://www.ebi.ac.uk/chembl/api/data/activity/7744169.json
7744170,CHEMBL63323,NIFLUMIC ACID,CHEMBL221,Prostaglandin G/H synthase 1,Homo sapiens,CHEMBL1909130,B,DRUGMATRIX: Cyclooxygenase COX-1 enzyme inhibition (substrate: Arachidonic acid),Ki,,,,,0,,0,CHEMBL1909046,9,BAO_0000221,,DrugMatrix in vitro pharmacology data,,,https://www.ebi.ac.uk/chembl/api/data/activity/7744170.json
7744171,CHEMBL63323,NIFLUMIC ACID,CHEMBL230,Prostaglandin G/H synthase 2,Homo sapiens,CHEMBL1909131,B,DRUGMATRIX: Cyclooxygenase COX-2 enzyme inhibition (substrate: Arachidonic acid),IC50,=,918.0,nM,6.04,1,,0,CHEMBL1909046,8,BAO_0000219,,DrugMatrix in vitro pharmacology data,,,https://www.ebi.ac.uk/chembl/api/data/activity/7744171.json
7744172,CHEMBL63323,NIFLUMIC ACID,CHEMBL230,Prostaglandin G/H synthase 2,Homo sapiens,CHEMBL1909131,B,DRUGMATRIX: Cyclooxygenase COX-2 enzyme inhibition (substrate: Arachidonic acid),Ki,,,,,0,,0,CHEMBL1909046,8,BAO_0000219,,DrugMatrix in vitro pharmacology data,,,https://www.ebi.ac.uk/chembl/api/data/activity/7744172.json
7744173,CHEMBL63323,NIFLUMIC ACID,CHEMBL3356,Cytochrome P450 1A2,Homo sapiens,CHEMBL1909132,B,"DRUGMATRIX: CYP450, 1A2 enzyme inhibition (substrate: 3-Cyano-7-ethoxycoumarin)",IC50,,,,,0,,0,CHEMBL1909046,8,BAO_0000219,,DrugMatrix in vitro pharmacology data,,,https://www.ebi.ac.uk/chembl/api/data/activity/7744173.json
7744174,CHEMBL63323,NIFLUMIC ACID,CHEMBL3356,Cytochrome P450 1A2,Homo sapiens,CHEMBL1909132,B,"DRUGMATRIX: CYP450, 1A2 enzyme inhibition (substrate: 3-Cyano-7-ethoxycoumarin)",Ki,,,,,0,,0,CHEMBL1909046,8,BAO_0000219,,DrugMatrix in vitro pharmacology data,,,https://www.ebi.ac.uk/chembl/api/data/activity/7744174.json
7744175,CHEMBL63323,NIFLUMIC ACID,CHEMBL5282,Cytochrome P450 2A6,Homo sapiens,CHEMBL1909133,B,"DRUGMATRIX: CYP450, 2A6 enzyme inhibition (substrate: 3-Cyano-7-ethoxycoumarin)",IC50,,,,,0,,0,CHEMBL1909046,8,BAO_0000219,,DrugMatrix in vitro pharmacology data,,,https://www.ebi.ac.uk/chembl/api/data/activity/7744175.json
7744176,CHEMBL63323,NIFLUMIC ACID,CHEMBL5282,Cytochrome P450 2A6,Homo sapiens,CHEMBL1909133,B,"DRUGMATRIX: CYP450, 2A6 enzyme inhibition (substrate: 3-Cyano-7-ethoxycoumarin)",Ki,,,,,0,,0,CHEMBL1909046,8,BAO_0000219,,DrugMatrix in vitro pharmacology data,,,https://www.ebi.ac.uk/chembl/api/data/activity/7744176.json
7744177,CHEMBL63323,NIFLUMIC ACID,CHEMBL3622,Cytochrome P450 2C19,Homo sapiens,CHEMBL1909134,B,"DRUGMATRIX: CYP450, 2C19 enzyme inhibition (substrate: 3-Cyano-7-ethoxycoumarin)",IC50,,,,,0,,0,CHEMBL1909046,8,BAO_0000219,,DrugMatrix in vitro pharmacology data,,,https://www.ebi.ac.uk/chembl/api/data/activity/7744177.json
7744178,CHEMBL63323,NIFLUMIC ACID,CHEMBL3622,Cytochrome P450 2C19,Homo sapiens,CHEMBL1909134,B,"DRUGMATRIX: CYP450, 2C19 enzyme inhibition (substrate: 3-Cyano-7-ethoxycoumarin)",Ki,,,,,0,,0,CHEMBL1909046,8,BAO_0000219,,DrugMatrix in vitro pharmacology data,,,https://www.ebi.ac.uk/chembl/api/data/activity/7744178.json
7744179,CHEMBL63323,NIFLUMIC ACID,CHEMBL3397,Cytochrome P450 2C9,Homo sapiens,CHEMBL1909135,B,"DRUGMATRIX: CYP450, 2C9 enzyme inhibition (substrate: 3-Cyano-7-ethoxycoumarin)",IC50,,,,,0,,0,CHEMBL1909046,8,BAO_0000219,,DrugMatrix in vitro pharmacology data,,,https://www.ebi.ac.uk/chembl/api/data/activity/7744179.json
7744180,CHEMBL63323,NIFLUMIC ACID,CHEMBL3397,Cytochrome P450 2C9,Homo sapiens,CHEMBL1909135,B,"DRUGMATRIX: CYP450, 2C9 enzyme inhibition (substrate: 3-Cyano-7-ethoxycoumarin)",Ki,,,,,0,,0,CHEMBL1909046,8,BAO_0000219,,DrugMatrix in vitro pharmacology data,,,https://www.ebi.ac.uk/chembl/api/data/activity/7744180.json
7744181,CHEMBL63323,NIFLUMIC ACID,CHEMBL289,Cytochrome P450 2D6,Homo sapiens,CHEMBL1909136,B,"DRUGMATRIX: CYP450, 2D6 enzyme inhibition (substrate: 3-Cyano-7-ethoxycoumarin)",IC50,,,,,0,,0,CHEMBL1909046,8,BAO_0000219,,DrugMatrix in vitro pharmacology data,,,https://www.ebi.ac.uk/chembl/api/data/activity/7744181.json
7744182,CHEMBL63323,NIFLUMIC ACID,CHEMBL289,Cytochrome P450 2D6,Homo sapiens,CHEMBL1909136,B,"DRUGMATRIX: CYP450, 2D6 enzyme inhibition (substrate: 3-Cyano-7-ethoxycoumarin)",Ki,,,,,0,,0,CHEMBL1909046,8,BAO_0000219,,DrugMatrix in vitro pharmacology data,,,https://www.ebi.ac.uk/chembl/api/data/activity/7744182.json
7744183,CHEMBL63323,NIFLUMIC ACID,CHEMBL5281,Cytochrome P450 2E1,Homo sapiens,CHEMBL1909137,B,"DRUGMATRIX: CYP450, 2E1 enzyme inhibition (substrate: 3-Cyano-7-ethoxycoumarin)",IC50,,,,,0,,0,CHEMBL1909046,8,BAO_0000219,,DrugMatrix in vitro pharmacology data,,,https://www.ebi.ac.uk/chembl/api/data/activity/7744183.json
7744184,CHEMBL63323,NIFLUMIC ACID,CHEMBL5281,Cytochrome P450 2E1,Homo sapiens,CHEMBL1909137,B,"DRUGMATRIX: CYP450, 2E1 enzyme inhibition (substrate: 3-Cyano-7-ethoxycoumarin)",Ki,,,,,0,,0,CHEMBL1909046,8,BAO_0000219,,DrugMatrix in vitro pharmacology data,,,https://www.ebi.ac.uk/chembl/api/data/activity/7744184.json
7744185,CHEMBL63323,NIFLUMIC ACID,CHEMBL340,Cytochrome P450 3A4,Homo sapiens,CHEMBL1909138,B,"DRUGMATRIX: CYP450, 3A4 enzyme inhibition (substrate: 7-Benzyloxy-4-(trifluoromethyl)-coumarin)",IC50,,,,,0,,0,CHEMBL1909046,8,BAO_0000219,,DrugMatrix in vitro pharmacology data,,,https://www.ebi.ac.uk/chembl/api/data/activity/7744185.json
7744186,CHEMBL63323,NIFLUMIC ACID,CHEMBL340,Cytochrome P450 3A4,Homo sapiens,CHEMBL1909138,B,"DRUGMATRIX: CYP450, 3A4 enzyme inhibition (substrate: 7-Benzyloxy-4-(trifluoromethyl)-coumarin)",Ki,,,,,0,,0,CHEMBL1909046,8,BAO_0000219,,DrugMatrix in vitro pharmacology data,,,https://www.ebi.ac.uk/chembl/api/data/activity/7744186.json
7744187,CHEMBL63323,NIFLUMIC ACID,CHEMBL2056,D(1A) dopamine receptor,Homo sapiens,CHEMBL1909139,B,DRUGMATRIX: Dopamine D1 radioligand binding (ligand: [3H] SCH-23390),IC50,,,,,0,,0,CHEMBL1909046,8,BAO_0000249,,DrugMatrix in vitro pharmacology data,,,https://www.ebi.ac.uk/chembl/api/data/activity/7744187.json
7744188,CHEMBL63323,NIFLUMIC ACID,CHEMBL2056,D(1A) dopamine receptor,Homo sapiens,CHEMBL1909139,B,DRUGMATRIX: Dopamine D1 radioligand binding (ligand: [3H] SCH-23390),Ki,,,,,0,,0,CHEMBL1909046,8,BAO_0000249,,DrugMatrix in vitro pharmacology data,,,https://www.ebi.ac.uk/chembl/api/data/activity/7744188.json
7744189,CHEMBL63323,NIFLUMIC ACID,CHEMBL217,D(2) dopamine receptor,Homo sapiens,CHEMBL1909140,B,DRUGMATRIX: Dopamine D2L radioligand binding (ligand: [3H] Spiperone),IC50,,,,,0,,0,CHEMBL1909046,8,BAO_0000249,,DrugMatrix in vitro pharmacology data,,,https://www.ebi.ac.uk/chembl/api/data/activity/7744189.json
7744190,CHEMBL63323,NIFLUMIC ACID,CHEMBL217,D(2) dopamine receptor,Homo sapiens,CHEMBL1909140,B,DRUGMATRIX: Dopamine D2L radioligand binding (ligand: [3H] Spiperone),Ki,,,,,0,,0,CHEMBL1909046,8,BAO_0000249,,DrugMatrix in vitro pharmacology data,,,https://www.ebi.ac.uk/chembl/api/data/activity/7744190.json
7744191,CHEMBL63323,NIFLUMIC ACID,CHEMBL234,D(3) dopamine receptor,Homo sapiens,CHEMBL1909141,B,DRUGMATRIX: Dopamine D3 radioligand binding (ligand: [3H] Spiperone),IC50,,,,,0,,0,CHEMBL1909046,8,BAO_0000249,,DrugMatrix in vitro pharmacology data,,,https://www.ebi.ac.uk/chembl/api/data/activity/7744191.json
7744192,CHEMBL63323,NIFLUMIC ACID,CHEMBL234,D(3) dopamine receptor,Homo sapiens,CHEMBL1909141,B,DRUGMATRIX: Dopamine D3 radioligand binding (ligand: [3H] Spiperone),Ki,,,,,0,,0,CHEMBL1909046,8,BAO_0000249,,DrugMatrix in vitro pharmacology data,,,https://www.ebi.ac.uk/chembl/api/data/activity/7744192.json
7744193,CHEMBL63323,NIFLUMIC ACID,CHEMBL219,D(4) dopamine receptor,Homo sapiens,CHEMBL1909142,B,DRUGMATRIX: Dopamine D4.2 radioligand binding (ligand: [3H] Spiperone),IC50,,,,,0,,0,CHEMBL1909046,8,BAO_0000249,,DrugMatrix in vitro pharmacology data,,,https://www.ebi.ac.uk/chembl/api/data/activity/7744193.json
7744194,CHEMBL63323,NIFLUMIC ACID,CHEMBL219,D(4) dopamine receptor,Homo sapiens,CHEMBL1909142,B,DRUGMATRIX: Dopamine D4.2 radioligand binding (ligand: [3H] Spiperone),Ki,,,,,0,,0,CHEMBL1909046,8,BAO_0000249,,DrugMatrix in vitro pharmacology data,,,https://www.ebi.ac.uk/chembl/api/data/activity/7744194.json
7744195,CHEMBL63323,NIFLUMIC ACID,CHEMBL238,Sodium-dependent dopamine transporter,Homo sapiens,CHEMBL1909143,B,DRUGMATRIX: Dopamine Transporter radioligand binding (ligand: [125I] RTI-55),IC50,,,,,0,,0,CHEMBL1909046,8,BAO_0000249,,DrugMatrix in vitro pharmacology data,,,https://www.ebi.ac.uk/chembl/api/data/activity/7744195.json
7744196,CHEMBL63323,NIFLUMIC ACID,CHEMBL238,Sodium-dependent dopamine transporter,Homo sapiens,CHEMBL1909143,B,DRUGMATRIX: Dopamine Transporter radioligand binding (ligand: [125I] RTI-55),Ki,,,,,0,,0,CHEMBL1909046,8,BAO_0000249,,DrugMatrix in vitro pharmacology data,,,https://www.ebi.ac.uk/chembl/api/data/activity/7744196.json
7744197,CHEMBL63323,NIFLUMIC ACID,CHEMBL252,Endothelin-1 receptor,Homo sapiens,CHEMBL1909144,B,DRUGMATRIX: Endothelin ETA radioligand binding (ligand: [125I] Endothelin-1),IC50,,,,,0,,0,CHEMBL1909046,8,BAO_0000249,,DrugMatrix in vitro pharmacology data,,,https://www.ebi.ac.uk/chembl/api/data/activity/7744197.json
7744198,CHEMBL63323,NIFLUMIC ACID,CHEMBL252,Endothelin-1 receptor,Homo sapiens,CHEMBL1909144,B,DRUGMATRIX: Endothelin ETA radioligand binding (ligand: [125I] Endothelin-1),Ki,,,,,0,,0,CHEMBL1909046,8,BAO_0000249,,DrugMatrix in vitro pharmacology data,,,https://www.ebi.ac.uk/chembl/api/data/activity/7744198.json
7744199,CHEMBL63323,NIFLUMIC ACID,CHEMBL206,Estrogen receptor,Homo sapiens,CHEMBL1909145,B,DRUGMATRIX: Estrogen ERalpha radioligand binding (ligand: [3H] Estradiol),IC50,,,,,0,,0,CHEMBL1909046,8,BAO_0000219,,DrugMatrix in vitro pharmacology data,,,https://www.ebi.ac.uk/chembl/api/data/activity/7744199.json
7744200,CHEMBL63323,NIFLUMIC ACID,CHEMBL206,Estrogen receptor,Homo sapiens,CHEMBL1909145,B,DRUGMATRIX: Estrogen ERalpha radioligand binding (ligand: [3H] Estradiol),Ki,,,,,0,,0,CHEMBL1909046,8,BAO_0000219,,DrugMatrix in vitro pharmacology data,,,https://www.ebi.ac.uk/chembl/api/data/activity/7744200.json
7744201,CHEMBL63323,NIFLUMIC ACID,CHEMBL242,Estrogen receptor beta,Homo sapiens,CHEMBL1909146,B,DRUGMATRIX: Estrogen ERbeta radioligand binding (ligand: [3H] Estradiol),IC50,,,,,0,,0,CHEMBL1909046,8,BAO_0000219,,DrugMatrix in vitro pharmacology data,,,https://www.ebi.ac.uk/chembl/api/data/activity/7744201.json
7744202,CHEMBL63323,NIFLUMIC ACID,CHEMBL242,Estrogen receptor beta,Homo sapiens,CHEMBL1909146,B,DRUGMATRIX: Estrogen ERbeta radioligand binding (ligand: [3H] Estradiol),Ki,,,,,0,,0,CHEMBL1909046,8,BAO_0000219,,DrugMatrix in vitro pharmacology data,,,https://www.ebi.ac.uk/chembl/api/data/activity/7744202.json
7744203,CHEMBL63323,NIFLUMIC ACID,CHEMBL612545,Unchecked,,CHEMBL1909147,B,"DRUGMATRIX: GABAA, Muscimol, Central radioligand binding (ligand: [3H] Muscimol)",IC50,,,,,0,,0,CHEMBL1909046,0,BAO_0000249,,DrugMatrix in vitro pharmacology data,,,https://www.ebi.ac.uk/chembl/api/data/activity/7744203.json
7744204,CHEMBL63323,NIFLUMIC ACID,CHEMBL612545,Unchecked,,CHEMBL1909147,B,"DRUGMATRIX: GABAA, Muscimol, Central radioligand binding (ligand: [3H] Muscimol)",Ki,,,,,0,,0,CHEMBL1909046,0,BAO_0000249,,DrugMatrix in vitro pharmacology data,,,https://www.ebi.ac.uk/chembl/api/data/activity/7744204.json
7744205,CHEMBL63323,NIFLUMIC ACID,CHEMBL612545,Unchecked,,CHEMBL1909148,B,"DRUGMATRIX: GABAA, Flunitrazepam, Central radioligand binding (ligand: [3H] Flunitrazepam)",IC50,,,,,0,,0,CHEMBL1909046,0,BAO_0000249,,DrugMatrix in vitro pharmacology data,,,https://www.ebi.ac.uk/chembl/api/data/activity/7744205.json
7744206,CHEMBL63323,NIFLUMIC ACID,CHEMBL612545,Unchecked,,CHEMBL1909148,B,"DRUGMATRIX: GABAA, Flunitrazepam, Central radioligand binding (ligand: [3H] Flunitrazepam)",Ki,,,,,0,,0,CHEMBL1909046,0,BAO_0000249,,DrugMatrix in vitro pharmacology data,,,https://www.ebi.ac.uk/chembl/api/data/activity/7744206.json
7746231,CHEMBL63323,NIFLUMIC ACID,CHEMBL612545,Unchecked,,CHEMBL1909149,B,"DRUGMATRIX: GABAA, Chloride Channel, TBOB radioligand binding (ligand: [3H] TBOB)",IC50,,,,,0,,0,CHEMBL1909046,0,BAO_0000249,,DrugMatrix in vitro pharmacology data,,,https://www.ebi.ac.uk/chembl/api/data/activity/7746231.json
7746232,CHEMBL63323,NIFLUMIC ACID,CHEMBL612545,Unchecked,,CHEMBL1909149,B,"DRUGMATRIX: GABAA, Chloride Channel, TBOB radioligand binding (ligand: [3H] TBOB)",Ki,,,,,0,,0,CHEMBL1909046,0,BAO_0000249,,DrugMatrix in vitro pharmacology data,,,https://www.ebi.ac.uk/chembl/api/data/activity/7746232.json
7746233,CHEMBL63323,NIFLUMIC ACID,CHEMBL2034,Glucocorticoid receptor,Homo sapiens,CHEMBL1909150,B,DRUGMATRIX: Glucocorticoid radioligand binding (ligand: [3H] Dexamethasone),IC50,,,,,0,,0,CHEMBL1909046,8,BAO_0000219,,DrugMatrix in vitro pharmacology data,,,https://www.ebi.ac.uk/chembl/api/data/activity/7746233.json
7746234,CHEMBL63323,NIFLUMIC ACID,CHEMBL2034,Glucocorticoid receptor,Homo sapiens,CHEMBL1909150,B,DRUGMATRIX: Glucocorticoid radioligand binding (ligand: [3H] Dexamethasone),Ki,,,,,0,,0,CHEMBL1909046,8,BAO_0000219,,DrugMatrix in vitro pharmacology data,,,https://www.ebi.ac.uk/chembl/api/data/activity/7746234.json
7746235,CHEMBL63323,NIFLUMIC ACID,CHEMBL612545,Unchecked,,CHEMBL1909151,B,"DRUGMATRIX: Glutamate, AMPA radioligand binding (ligand: [3H] AMPA)",IC50,,,,,0,,0,CHEMBL1909046,0,BAO_0000249,,DrugMatrix in vitro pharmacology data,,,https://www.ebi.ac.uk/chembl/api/data/activity/7746235.json
7746236,CHEMBL63323,NIFLUMIC ACID,CHEMBL612545,Unchecked,,CHEMBL1909151,B,"DRUGMATRIX: Glutamate, AMPA radioligand binding (ligand: [3H] AMPA)",Ki,,,,,0,,0,CHEMBL1909046,0,BAO_0000249,,DrugMatrix in vitro pharmacology data,,,https://www.ebi.ac.uk/chembl/api/data/activity/7746236.json
7746237,CHEMBL63323,NIFLUMIC ACID,CHEMBL612545,Unchecked,,CHEMBL1909152,B,"DRUGMATRIX: Glutamate, Kainate radioligand binding (ligand: [3H] Kainic acid)",IC50,,,,,0,,0,CHEMBL1909046,0,BAO_0000249,,DrugMatrix in vitro pharmacology data,,,https://www.ebi.ac.uk/chembl/api/data/activity/7746237.json
7746238,CHEMBL63323,NIFLUMIC ACID,CHEMBL612545,Unchecked,,CHEMBL1909152,B,"DRUGMATRIX: Glutamate, Kainate radioligand binding (ligand: [3H] Kainic acid)",Ki,,,,,0,,0,CHEMBL1909046,0,BAO_0000249,,DrugMatrix in vitro pharmacology data,,,https://www.ebi.ac.uk/chembl/api/data/activity/7746238.json
7746239,CHEMBL63323,NIFLUMIC ACID,CHEMBL612545,Unchecked,,CHEMBL1909153,B,"DRUGMATRIX: Glutamate, NMDA, Agonism radioligand binding (ligand: [3H] CGP-39653)",IC50,,,,,0,,0,CHEMBL1909046,0,BAO_0000249,,DrugMatrix in vitro pharmacology data,,,https://www.ebi.ac.uk/chembl/api/data/activity/7746239.json
7746240,CHEMBL63323,NIFLUMIC ACID,CHEMBL612545,Unchecked,,CHEMBL1909153,B,"DRUGMATRIX: Glutamate, NMDA, Agonism radioligand binding (ligand: [3H] CGP-39653)",Ki,,,,,0,,0,CHEMBL1909046,0,BAO_0000249,,DrugMatrix in vitro pharmacology data,,,https://www.ebi.ac.uk/chembl/api/data/activity/7746240.json
7746241,CHEMBL63323,NIFLUMIC ACID,CHEMBL612545,Unchecked,,CHEMBL1909154,B,"DRUGMATRIX: Glutamate, NMDA, Phencyclidine radioligand binding (ligand: [3H] TCP)",IC50,,,,,0,,0,CHEMBL1909046,0,BAO_0000249,,DrugMatrix in vitro pharmacology data,,,https://www.ebi.ac.uk/chembl/api/data/activity/7746241.json
7746242,CHEMBL63323,NIFLUMIC ACID,CHEMBL612545,Unchecked,,CHEMBL1909154,B,"DRUGMATRIX: Glutamate, NMDA, Phencyclidine radioligand binding (ligand: [3H] TCP)",Ki,,,,,0,,0,CHEMBL1909046,0,BAO_0000249,,DrugMatrix in vitro pharmacology data,,,https://www.ebi.ac.uk/chembl/api/data/activity/7746242.json
7746243,CHEMBL63323,NIFLUMIC ACID,CHEMBL3392921,Glycine receptor,Rattus norvegicus,CHEMBL1909155,B,"DRUGMATRIX: Glycine, Strychnine-Sensitive radioligand binding (ligand: [3H] Strychnine)",IC50,,,,,0,,0,CHEMBL1909046,5,BAO_0000249,,DrugMatrix in vitro pharmacology data,,,https://www.ebi.ac.uk/chembl/api/data/activity/7746243.json
7746244,CHEMBL63323,NIFLUMIC ACID,CHEMBL3392921,Glycine receptor,Rattus norvegicus,CHEMBL1909155,B,"DRUGMATRIX: Glycine, Strychnine-Sensitive radioligand binding (ligand: [3H] Strychnine)",Ki,,,,,0,,0,CHEMBL1909046,5,BAO_0000249,,DrugMatrix in vitro pharmacology data,,,https://www.ebi.ac.uk/chembl/api/data/activity/7746244.json
7746245,CHEMBL63323,NIFLUMIC ACID,CHEMBL231,Histamine H1 receptor,Homo sapiens,CHEMBL1909156,B,"DRUGMATRIX: Histamine H1, Central radioligand binding (ligand: [3H] Pyrilamine)",IC50,,,,,0,,0,CHEMBL1909046,8,BAO_0000249,,DrugMatrix in vitro pharmacology data,,,https://www.ebi.ac.uk/chembl/api/data/activity/7746245.json
7746246,CHEMBL63323,NIFLUMIC ACID,CHEMBL231,Histamine H1 receptor,Homo sapiens,CHEMBL1909156,B,"DRUGMATRIX: Histamine H1, Central radioligand binding (ligand: [3H] Pyrilamine)",Ki,,,,,0,,0,CHEMBL1909046,8,BAO_0000249,,DrugMatrix in vitro pharmacology data,,,https://www.ebi.ac.uk/chembl/api/data/activity/7746246.json
7746247,CHEMBL63323,NIFLUMIC ACID,CHEMBL1941,Histamine H2 receptor,Homo sapiens,CHEMBL1909157,B,DRUGMATRIX: Histamine H2 radioligand binding (ligand: [125I] Aminopotentidine),IC50,,,,,0,,0,CHEMBL1909046,8,BAO_0000249,,DrugMatrix in vitro pharmacology data,,,https://www.ebi.ac.uk/chembl/api/data/activity/7746247.json
7746248,CHEMBL63323,NIFLUMIC ACID,CHEMBL1941,Histamine H2 receptor,Homo sapiens,CHEMBL1909157,B,DRUGMATRIX: Histamine H2 radioligand binding (ligand: [125I] Aminopotentidine),Ki,,,,,0,,0,CHEMBL1909046,8,BAO_0000249,,DrugMatrix in vitro pharmacology data,,,https://www.ebi.ac.uk/chembl/api/data/activity/7746248.json
7746249,CHEMBL63323,NIFLUMIC ACID,CHEMBL402,3-hydroxy-3-methylglutaryl-coenzyme A reductase,Homo sapiens,CHEMBL1909158,B,DRUGMATRIX: HMG-CoA Reductase enzyme inhibition (substrate: [14C]HMG-CoA),IC50,,,,,0,,0,CHEMBL1909046,8,BAO_0000357,,DrugMatrix in vitro pharmacology data,,,https://www.ebi.ac.uk/chembl/api/data/activity/7746249.json
7746250,CHEMBL63323,NIFLUMIC ACID,CHEMBL402,3-hydroxy-3-methylglutaryl-coenzyme A reductase,Homo sapiens,CHEMBL1909158,B,DRUGMATRIX: HMG-CoA Reductase enzyme inhibition (substrate: [14C]HMG-CoA),Ki,,,,,0,,0,CHEMBL1909046,8,BAO_0000357,,DrugMatrix in vitro pharmacology data,,,https://www.ebi.ac.uk/chembl/api/data/activity/7746250.json
7746251,CHEMBL63323,NIFLUMIC ACID,CHEMBL612545,Unchecked,,CHEMBL1909159,B,"DRUGMATRIX: Imidazoline I2, Central radioligand binding (ligand: [3H] Idazoxan)",IC50,,,,,0,,0,CHEMBL1909046,0,BAO_0000249,,DrugMatrix in vitro pharmacology data,,,https://www.ebi.ac.uk/chembl/api/data/activity/7746251.json
7746252,CHEMBL63323,NIFLUMIC ACID,CHEMBL612545,Unchecked,,CHEMBL1909159,B,"DRUGMATRIX: Imidazoline I2, Central radioligand binding (ligand: [3H] Idazoxan)",Ki,,,,,0,,0,CHEMBL1909046,0,BAO_0000249,,DrugMatrix in vitro pharmacology data,,,https://www.ebi.ac.uk/chembl/api/data/activity/7746252.json
7746253,CHEMBL63323,NIFLUMIC ACID,CHEMBL5486,Insulin receptor,Rattus norvegicus,CHEMBL1909160,B,DRUGMATRIX: Insulin radioligand binding (ligand: [125I] Insulin),IC50,,,,,0,,0,CHEMBL1909046,9,BAO_0000249,,DrugMatrix in vitro pharmacology data,,,https://www.ebi.ac.uk/chembl/api/data/activity/7746253.json
7746254,CHEMBL63323,NIFLUMIC ACID,CHEMBL5486,Insulin receptor,Rattus norvegicus,CHEMBL1909160,B,DRUGMATRIX: Insulin radioligand binding (ligand: [125I] Insulin),Ki,,,,,0,,0,CHEMBL1909046,9,BAO_0000249,,DrugMatrix in vitro pharmacology data,,,https://www.ebi.ac.uk/chembl/api/data/activity/7746254.json
7746255,CHEMBL63323,NIFLUMIC ACID,CHEMBL612545,Unchecked,,CHEMBL1909161,B,DRUGMATRIX: Interleukin IL-1 radioligand binding (ligand: [125I] interleukin 1beta),IC50,,,,,0,,0,CHEMBL1909046,0,BAO_0000249,,DrugMatrix in vitro pharmacology data,,,https://www.ebi.ac.uk/chembl/api/data/activity/7746255.json
7746256,CHEMBL63323,NIFLUMIC ACID,CHEMBL612545,Unchecked,,CHEMBL1909161,B,DRUGMATRIX: Interleukin IL-1 radioligand binding (ligand: [125I] interleukin 1beta),Ki,,,,,0,,0,CHEMBL1909046,0,BAO_0000249,,DrugMatrix in vitro pharmacology data,,,https://www.ebi.ac.uk/chembl/api/data/activity/7746256.json
7746257,CHEMBL63323,NIFLUMIC ACID,CHEMBL612545,Unchecked,,CHEMBL1909162,B,"DRUGMATRIX: Leukotriene, BLT (LTB4) radioligand binding (ligand: [3H]LTB4)",IC50,,,,,0,,0,CHEMBL1909046,0,BAO_0000249,,DrugMatrix in vitro pharmacology data,,,https://www.ebi.ac.uk/chembl/api/data/activity/7746257.json
7746258,CHEMBL63323,NIFLUMIC ACID,CHEMBL612545,Unchecked,,CHEMBL1909162,B,"DRUGMATRIX: Leukotriene, BLT (LTB4) radioligand binding (ligand: [3H]LTB4)",Ki,,,,,0,,0,CHEMBL1909046,0,BAO_0000249,,DrugMatrix in vitro pharmacology data,,,https://www.ebi.ac.uk/chembl/api/data/activity/7746258.json
7746259,CHEMBL63323,NIFLUMIC ACID,CHEMBL1909043,Leukotriene C4 synthase,Cavia porcellus,CHEMBL1909163,B,DRUGMATRIX: Leukotriene LTC4 Synthase enzyme inhibition (substrate: LTA4),IC50,,,,,0,,0,CHEMBL1909046,9,BAO_0000221,,DrugMatrix in vitro pharmacology data,,,https://www.ebi.ac.uk/chembl/api/data/activity/7746259.json
7746260,CHEMBL63323,NIFLUMIC ACID,CHEMBL1909043,Leukotriene C4 synthase,Cavia porcellus,CHEMBL1909163,B,DRUGMATRIX: Leukotriene LTC4 Synthase enzyme inhibition (substrate: LTA4),Ki,,,,,0,,0,CHEMBL1909046,9,BAO_0000221,,DrugMatrix in vitro pharmacology data,,,https://www.ebi.ac.uk/chembl/api/data/activity/7746260.json
7746261,CHEMBL63323,NIFLUMIC ACID,CHEMBL1798,Cysteinyl leukotriene receptor 1,Homo sapiens,CHEMBL1909164,B,DRUGMATRIX: Cysteinyl leukotriene receptor 1 radioligand binding (ligand: [3H]LTD4),IC50,,,,,0,,0,CHEMBL1909046,8,BAO_0000249,,DrugMatrix in vitro pharmacology data,,,https://www.ebi.ac.uk/chembl/api/data/activity/7746261.json
7746262,CHEMBL63323,NIFLUMIC ACID,CHEMBL1798,Cysteinyl leukotriene receptor 1,Homo sapiens,CHEMBL1909164,B,DRUGMATRIX: Cysteinyl leukotriene receptor 1 radioligand binding (ligand: [3H]LTD4),Ki,,,,,0,,0,CHEMBL1909046,8,BAO_0000249,,DrugMatrix in vitro pharmacology data,,,https://www.ebi.ac.uk/chembl/api/data/activity/7746262.json
7746263,CHEMBL63323,NIFLUMIC ACID,CHEMBL4358,Polyunsaturated fatty acid lipoxygenase ALOX15,Oryctolagus cuniculus,CHEMBL1909165,B,DRUGMATRIX: Lipoxygenase 15-LO enzyme inhibition (substrate: Linoleic acid),IC50,,,,,0,,0,CHEMBL1909046,9,BAO_0000221,,DrugMatrix in vitro pharmacology data,,,https://www.ebi.ac.uk/chembl/api/data/activity/7746263.json
7746264,CHEMBL63323,NIFLUMIC ACID,CHEMBL4358,Polyunsaturated fatty acid lipoxygenase ALOX15,Oryctolagus cuniculus,CHEMBL1909165,B,DRUGMATRIX: Lipoxygenase 15-LO enzyme inhibition (substrate: Linoleic acid),Ki,,,,,0,,0,CHEMBL1909046,9,BAO_0000221,,DrugMatrix in vitro pharmacology data,,,https://www.ebi.ac.uk/chembl/api/data/activity/7746264.json
7746265,CHEMBL63323,NIFLUMIC ACID,CHEMBL4644,Melanocortin receptor 3,Homo sapiens,CHEMBL1909166,B,DRUGMATRIX: Melanocortin MC3 radioligand binding (ligand: [125I] NDP-alpha-MSH),IC50,,,,,0,,0,CHEMBL1909046,8,BAO_0000249,,DrugMatrix in vitro pharmacology data,,,https://www.ebi.ac.uk/chembl/api/data/activity/7746265.json
7746266,CHEMBL63323,NIFLUMIC ACID,CHEMBL4644,Melanocortin receptor 3,Homo sapiens,CHEMBL1909166,B,DRUGMATRIX: Melanocortin MC3 radioligand binding (ligand: [125I] NDP-alpha-MSH),Ki,,,,,0,,0,CHEMBL1909046,8,BAO_0000249,,DrugMatrix in vitro pharmacology data,,,https://www.ebi.ac.uk/chembl/api/data/activity/7746266.json
7746267,CHEMBL63323,NIFLUMIC ACID,CHEMBL259,Melanocortin receptor 4,Homo sapiens,CHEMBL1909167,B,DRUGMATRIX: Melanocortin MC4 radioligand binding (ligand: [125I] NDP-alpha-MSH),IC50,,,,,0,,0,CHEMBL1909046,8,BAO_0000249,,DrugMatrix in vitro pharmacology data,,,https://www.ebi.ac.uk/chembl/api/data/activity/7746267.json
7746268,CHEMBL63323,NIFLUMIC ACID,CHEMBL259,Melanocortin receptor 4,Homo sapiens,CHEMBL1909167,B,DRUGMATRIX: Melanocortin MC4 radioligand binding (ligand: [125I] NDP-alpha-MSH),Ki,,,,,0,,0,CHEMBL1909046,8,BAO_0000249,,DrugMatrix in vitro pharmacology data,,,https://www.ebi.ac.uk/chembl/api/data/activity/7746268.json
7746269,CHEMBL63323,NIFLUMIC ACID,CHEMBL4608,Melanocortin receptor 5,Homo sapiens,CHEMBL1909168,B,DRUGMATRIX: Melanocortin MC5 radioligand binding (ligand: [125I] NDP-alpha-MSH),IC50,,,,,0,,0,CHEMBL1909046,8,BAO_0000249,,DrugMatrix in vitro pharmacology data,,,https://www.ebi.ac.uk/chembl/api/data/activity/7746269.json
7746270,CHEMBL63323,NIFLUMIC ACID,CHEMBL4608,Melanocortin receptor 5,Homo sapiens,CHEMBL1909168,B,DRUGMATRIX: Melanocortin MC5 radioligand binding (ligand: [125I] NDP-alpha-MSH),Ki,,,,,0,,0,CHEMBL1909046,8,BAO_0000249,,DrugMatrix in vitro pharmacology data,,,https://www.ebi.ac.uk/chembl/api/data/activity/7746270.json
7746271,CHEMBL63323,NIFLUMIC ACID,CHEMBL1951,Amine oxidase [flavin-containing] A,Homo sapiens,CHEMBL1909169,B,DRUGMATRIX: Monoamine Oxidase MAO-A enzyme inhibition (substrate: Kynuramine),IC50,,,,,0,,0,CHEMBL1909046,8,BAO_0000219,,DrugMatrix in vitro pharmacology data,,,https://www.ebi.ac.uk/chembl/api/data/activity/7746271.json
7746272,CHEMBL63323,NIFLUMIC ACID,CHEMBL1951,Amine oxidase [flavin-containing] A,Homo sapiens,CHEMBL1909169,B,DRUGMATRIX: Monoamine Oxidase MAO-A enzyme inhibition (substrate: Kynuramine),Ki,,,,,0,,0,CHEMBL1909046,8,BAO_0000219,,DrugMatrix in vitro pharmacology data,,,https://www.ebi.ac.uk/chembl/api/data/activity/7746272.json
7746273,CHEMBL63323,NIFLUMIC ACID,CHEMBL216,Muscarinic acetylcholine receptor M1,Homo sapiens,CHEMBL1909170,B,DRUGMATRIX: Muscarinic M1 radioligand binding (ligand: [3H] N-Methylscopolamine),IC50,,,,,0,,0,CHEMBL1909046,8,BAO_0000249,,DrugMatrix in vitro pharmacology data,,,https://www.ebi.ac.uk/chembl/api/data/activity/7746273.json
7746274,CHEMBL63323,NIFLUMIC ACID,CHEMBL216,Muscarinic acetylcholine receptor M1,Homo sapiens,CHEMBL1909170,B,DRUGMATRIX: Muscarinic M1 radioligand binding (ligand: [3H] N-Methylscopolamine),Ki,,,,,0,,0,CHEMBL1909046,8,BAO_0000249,,DrugMatrix in vitro pharmacology data,,,https://www.ebi.ac.uk/chembl/api/data/activity/7746274.json
7746275,CHEMBL63323,NIFLUMIC ACID,CHEMBL211,Muscarinic acetylcholine receptor M2,Homo sapiens,CHEMBL1909171,B,DRUGMATRIX: Muscarinic M2 radioligand binding (ligand: [3H] N-Methylscopolamine),IC50,,,,,0,,0,CHEMBL1909046,8,BAO_0000249,,DrugMatrix in vitro pharmacology data,,,https://www.ebi.ac.uk/chembl/api/data/activity/7746275.json
7746276,CHEMBL63323,NIFLUMIC ACID,CHEMBL211,Muscarinic acetylcholine receptor M2,Homo sapiens,CHEMBL1909171,B,DRUGMATRIX: Muscarinic M2 radioligand binding (ligand: [3H] N-Methylscopolamine),Ki,,,,,0,,0,CHEMBL1909046,8,BAO_0000249,,DrugMatrix in vitro pharmacology data,,,https://www.ebi.ac.uk/chembl/api/data/activity/7746276.json
7746277,CHEMBL63323,NIFLUMIC ACID,CHEMBL245,Muscarinic acetylcholine receptor M3,Homo sapiens,CHEMBL1909172,B,DRUGMATRIX: Muscarinic M3 radioligand binding (ligand: [3H] N-Methylscopolamine),IC50,,,,,0,,0,CHEMBL1909046,8,BAO_0000249,,DrugMatrix in vitro pharmacology data,,,https://www.ebi.ac.uk/chembl/api/data/activity/7746277.json
7746278,CHEMBL63323,NIFLUMIC ACID,CHEMBL245,Muscarinic acetylcholine receptor M3,Homo sapiens,CHEMBL1909172,B,DRUGMATRIX: Muscarinic M3 radioligand binding (ligand: [3H] N-Methylscopolamine),Ki,,,,,0,,0,CHEMBL1909046,8,BAO_0000249,,DrugMatrix in vitro pharmacology data,,,https://www.ebi.ac.uk/chembl/api/data/activity/7746278.json
7746279,CHEMBL63323,NIFLUMIC ACID,CHEMBL1821,Muscarinic acetylcholine receptor M4,Homo sapiens,CHEMBL1909173,B,DRUGMATRIX: Muscarinic M4 radioligand binding (ligand: [3H] N-Methylscopolamine),IC50,,,,,0,,0,CHEMBL1909046,8,BAO_0000249,,DrugMatrix in vitro pharmacology data,,,https://www.ebi.ac.uk/chembl/api/data/activity/7746279.json
7746280,CHEMBL63323,NIFLUMIC ACID,CHEMBL1821,Muscarinic acetylcholine receptor M4,Homo sapiens,CHEMBL1909173,B,DRUGMATRIX: Muscarinic M4 radioligand binding (ligand: [3H] N-Methylscopolamine),Ki,,,,,0,,0,CHEMBL1909046,8,BAO_0000249,,DrugMatrix in vitro pharmacology data,,,https://www.ebi.ac.uk/chembl/api/data/activity/7746280.json
7746281,CHEMBL63323,NIFLUMIC ACID,CHEMBL2035,Muscarinic acetylcholine receptor M5,Homo sapiens,CHEMBL1909174,B,DRUGMATRIX: Muscarinic M5 radioligand binding (ligand: [3H] N-Methylscopolamine),IC50,,,,,0,,0,CHEMBL1909046,8,BAO_0000249,,DrugMatrix in vitro pharmacology data,,,https://www.ebi.ac.uk/chembl/api/data/activity/7746281.json
7746282,CHEMBL63323,NIFLUMIC ACID,CHEMBL2035,Muscarinic acetylcholine receptor M5,Homo sapiens,CHEMBL1909174,B,DRUGMATRIX: Muscarinic M5 radioligand binding (ligand: [3H] N-Methylscopolamine),Ki,,,,,0,,0,CHEMBL1909046,8,BAO_0000249,,DrugMatrix in vitro pharmacology data,,,https://www.ebi.ac.uk/chembl/api/data/activity/7746282.json
7746283,CHEMBL63323,NIFLUMIC ACID,CHEMBL4777,Neuropeptide Y receptor type 1,Homo sapiens,CHEMBL1909175,B,DRUGMATRIX: Neuropeptide Y Y1 radioligand binding (ligand: [125I] Peptide YY),IC50,,,,,0,,0,CHEMBL1909046,8,BAO_0000249,,DrugMatrix in vitro pharmacology data,,,https://www.ebi.ac.uk/chembl/api/data/activity/7746283.json
7746284,CHEMBL63323,NIFLUMIC ACID,CHEMBL4777,Neuropeptide Y receptor type 1,Homo sapiens,CHEMBL1909175,B,DRUGMATRIX: Neuropeptide Y Y1 radioligand binding (ligand: [125I] Peptide YY),Ki,,,,,0,,0,CHEMBL1909046,8,BAO_0000249,,DrugMatrix in vitro pharmacology data,,,https://www.ebi.ac.uk/chembl/api/data/activity/7746284.json
7746285,CHEMBL63323,NIFLUMIC ACID,CHEMBL4018,Neuropeptide Y receptor type 2,Homo sapiens,CHEMBL1909176,B,DRUGMATRIX: Neuropeptide Y Y2 radioligand binding (ligand: [125I] Peptide YY),IC50,,,,,0,,0,CHEMBL1909046,8,BAO_0000249,,DrugMatrix in vitro pharmacology data,,,https://www.ebi.ac.uk/chembl/api/data/activity/7746285.json
7746286,CHEMBL63323,NIFLUMIC ACID,CHEMBL4018,Neuropeptide Y receptor type 2,Homo sapiens,CHEMBL1909176,B,DRUGMATRIX: Neuropeptide Y Y2 radioligand binding (ligand: [125I] Peptide YY),Ki,,,,,0,,0,CHEMBL1909046,8,BAO_0000249,,DrugMatrix in vitro pharmacology data,,,https://www.ebi.ac.uk/chembl/api/data/activity/7746286.json
7746287,CHEMBL63323,NIFLUMIC ACID,CHEMBL612545,Unchecked,,CHEMBL1909177,B,DRUGMATRIX: Nicotinic Acetylcholine radioligand binding (ligand: [125I] Epibatidine),IC50,,,,,0,,0,CHEMBL1909046,0,BAO_0000249,,DrugMatrix in vitro pharmacology data,,,https://www.ebi.ac.uk/chembl/api/data/activity/7746287.json
7746288,CHEMBL63323,NIFLUMIC ACID,CHEMBL612545,Unchecked,,CHEMBL1909177,B,DRUGMATRIX: Nicotinic Acetylcholine radioligand binding (ligand: [125I] Epibatidine),Ki,,,,,0,,0,CHEMBL1909046,0,BAO_0000249,,DrugMatrix in vitro pharmacology data,,,https://www.ebi.ac.uk/chembl/api/data/activity/7746288.json
7746289,CHEMBL63323,NIFLUMIC ACID,CHEMBL3048,Nitric oxide synthase 1,Rattus norvegicus,CHEMBL1909178,B,"DRUGMATRIX: Nitric Oxide Synthase, Neuronal (nNOS) radioligand binding (ligand: [3H]L-Arginine)",IC50,,,,,0,,0,CHEMBL1909046,9,BAO_0000221,,DrugMatrix in vitro pharmacology data,,,https://www.ebi.ac.uk/chembl/api/data/activity/7746289.json
7746290,CHEMBL63323,NIFLUMIC ACID,CHEMBL3048,Nitric oxide synthase 1,Rattus norvegicus,CHEMBL1909178,B,"DRUGMATRIX: Nitric Oxide Synthase, Neuronal (nNOS) radioligand binding (ligand: [3H]L-Arginine)",Ki,,,,,0,,0,CHEMBL1909046,9,BAO_0000221,,DrugMatrix in vitro pharmacology data,,,https://www.ebi.ac.uk/chembl/api/data/activity/7746290.json
7746291,CHEMBL63323,NIFLUMIC ACID,CHEMBL3464,"Nitric oxide synthase, inducible",Mus musculus,CHEMBL1909179,B,"DRUGMATRIX: Nitric Oxide Synthase, Inducible (iNOS) enzyme inhibition (substrate: L-Arginine)",IC50,,,,,0,,0,CHEMBL1909046,8,BAO_0000357,,DrugMatrix in vitro pharmacology data,,,https://www.ebi.ac.uk/chembl/api/data/activity/7746291.json
7746292,CHEMBL63323,NIFLUMIC ACID,CHEMBL3464,"Nitric oxide synthase, inducible",Mus musculus,CHEMBL1909179,B,"DRUGMATRIX: Nitric Oxide Synthase, Inducible (iNOS) enzyme inhibition (substrate: L-Arginine)",Ki,,,,,0,,0,CHEMBL1909046,8,BAO_0000357,,DrugMatrix in vitro pharmacology data,,,https://www.ebi.ac.uk/chembl/api/data/activity/7746292.json
7746293,CHEMBL63323,NIFLUMIC ACID,CHEMBL236,Delta-type opioid receptor,Homo sapiens,CHEMBL1909180,B,"DRUGMATRIX: Opiate delta1 (OP1, DOP) radioligand binding (ligand: [3H] Naltrindole)",IC50,,,,,0,,0,CHEMBL1909046,8,BAO_0000249,,DrugMatrix in vitro pharmacology data,,,https://www.ebi.ac.uk/chembl/api/data/activity/7746293.json
7746294,CHEMBL63323,NIFLUMIC ACID,CHEMBL236,Delta-type opioid receptor,Homo sapiens,CHEMBL1909180,B,"DRUGMATRIX: Opiate delta1 (OP1, DOP) radioligand binding (ligand: [3H] Naltrindole)",Ki,,,,,0,,0,CHEMBL1909046,8,BAO_0000249,,DrugMatrix in vitro pharmacology data,,,https://www.ebi.ac.uk/chembl/api/data/activity/7746294.json
7746295,CHEMBL63323,NIFLUMIC ACID,CHEMBL237,Kappa-type opioid receptor,Homo sapiens,CHEMBL1909181,B,"DRUGMATRIX: Opiate kappa (OP2, KOP) radioligand binding (ligand: [3H] Diprenorphine)",IC50,,,,,0,,0,CHEMBL1909046,8,BAO_0000249,,DrugMatrix in vitro pharmacology data,,,https://www.ebi.ac.uk/chembl/api/data/activity/7746295.json
7746296,CHEMBL63323,NIFLUMIC ACID,CHEMBL237,Kappa-type opioid receptor,Homo sapiens,CHEMBL1909181,B,"DRUGMATRIX: Opiate kappa (OP2, KOP) radioligand binding (ligand: [3H] Diprenorphine)",Ki,,,,,0,,0,CHEMBL1909046,8,BAO_0000249,,DrugMatrix in vitro pharmacology data,,,https://www.ebi.ac.uk/chembl/api/data/activity/7746296.json
7746297,CHEMBL63323,NIFLUMIC ACID,CHEMBL233,Mu-type opioid receptor,Homo sapiens,CHEMBL1909182,B,"DRUGMATRIX: Opiate mu (OP3, MOP) radioligand binding (ligand: [3H] Diprenorphine)",IC50,,,,,0,,0,CHEMBL1909046,8,BAO_0000249,,DrugMatrix in vitro pharmacology data,,,https://www.ebi.ac.uk/chembl/api/data/activity/7746297.json
7746298,CHEMBL63323,NIFLUMIC ACID,CHEMBL233,Mu-type opioid receptor,Homo sapiens,CHEMBL1909182,B,"DRUGMATRIX: Opiate mu (OP3, MOP) radioligand binding (ligand: [3H] Diprenorphine)",Ki,,,,,0,,0,CHEMBL1909046,8,BAO_0000249,,DrugMatrix in vitro pharmacology data,,,https://www.ebi.ac.uk/chembl/api/data/activity/7746298.json
7746299,CHEMBL63323,NIFLUMIC ACID,CHEMBL612545,Unchecked,,CHEMBL1909183,B,DRUGMATRIX: Phorbol Ester radioligand binding (ligand: [3H] PDBu),IC50,,,,,0,,0,CHEMBL1909046,0,BAO_0000249,,DrugMatrix in vitro pharmacology data,,,https://www.ebi.ac.uk/chembl/api/data/activity/7746299.json
7746300,CHEMBL63323,NIFLUMIC ACID,CHEMBL612545,Unchecked,,CHEMBL1909183,B,DRUGMATRIX: Phorbol Ester radioligand binding (ligand: [3H] PDBu),Ki,,,,,0,,0,CHEMBL1909046,0,BAO_0000249,,DrugMatrix in vitro pharmacology data,,,https://www.ebi.ac.uk/chembl/api/data/activity/7746300.json
7746301,CHEMBL63323,NIFLUMIC ACID,CHEMBL612545,Unchecked,,CHEMBL1909184,B,DRUGMATRIX: Phosphodiesterase PDE3 enzyme inhibition (substrate: [3H]cAMP + cAMP),IC50,,,,,0,,0,CHEMBL1909046,0,BAO_0000221,,DrugMatrix in vitro pharmacology data,,,https://www.ebi.ac.uk/chembl/api/data/activity/7746301.json
7746302,CHEMBL63323,NIFLUMIC ACID,CHEMBL612545,Unchecked,,CHEMBL1909184,B,DRUGMATRIX: Phosphodiesterase PDE3 enzyme inhibition (substrate: [3H]cAMP + cAMP),Ki,,,,,0,,0,CHEMBL1909046,0,BAO_0000221,,DrugMatrix in vitro pharmacology data,,,https://www.ebi.ac.uk/chembl/api/data/activity/7746302.json
7746303,CHEMBL63323,NIFLUMIC ACID,CHEMBL612545,Unchecked,,CHEMBL1909185,B,DRUGMATRIX: Phosphodiesterase PDE4 enzyme inhibition (substrate: [3H]cAMP + cAMP),IC50,,,,,0,,0,CHEMBL1909046,0,BAO_0000219,,DrugMatrix in vitro pharmacology data,,,https://www.ebi.ac.uk/chembl/api/data/activity/7746303.json
7746304,CHEMBL63323,NIFLUMIC ACID,CHEMBL612545,Unchecked,,CHEMBL1909185,B,DRUGMATRIX: Phosphodiesterase PDE4 enzyme inhibition (substrate: [3H]cAMP + cAMP),Ki,,,,,0,,0,CHEMBL1909046,0,BAO_0000219,,DrugMatrix in vitro pharmacology data,,,https://www.ebi.ac.uk/chembl/api/data/activity/7746304.json
7746305,CHEMBL63323,NIFLUMIC ACID,CHEMBL1827,"cGMP-specific 3',5'-cyclic phosphodiesterase",Homo sapiens,CHEMBL1909186,B,DRUGMATRIX: Phosphodiesterase PDE5 enzyme inhibition (substrate: [3H]cGMP + cGMP),IC50,,,,,0,,0,CHEMBL1909046,9,BAO_0000221,,DrugMatrix in vitro pharmacology data,,,https://www.ebi.ac.uk/chembl/api/data/activity/7746305.json
7746306,CHEMBL63323,NIFLUMIC ACID,CHEMBL1827,"cGMP-specific 3',5'-cyclic phosphodiesterase",Homo sapiens,CHEMBL1909186,B,DRUGMATRIX: Phosphodiesterase PDE5 enzyme inhibition (substrate: [3H]cGMP + cGMP),Ki,,,,,0,,0,CHEMBL1909046,9,BAO_0000221,,DrugMatrix in vitro pharmacology data,,,https://www.ebi.ac.uk/chembl/api/data/activity/7746306.json
7746307,CHEMBL63323,NIFLUMIC ACID,CHEMBL250,Platelet-activating factor receptor,Homo sapiens,CHEMBL1909187,B,DRUGMATRIX: Platelet Activating Factor (PAF) radioligand binding (ligand: [3H] PAF),IC50,,,,,0,,0,CHEMBL1909046,9,BAO_0000221,,DrugMatrix in vitro pharmacology data,,,https://www.ebi.ac.uk/chembl/api/data/activity/7746307.json
7746308,CHEMBL63323,NIFLUMIC ACID,CHEMBL250,Platelet-activating factor receptor,Homo sapiens,CHEMBL1909187,B,DRUGMATRIX: Platelet Activating Factor (PAF) radioligand binding (ligand: [3H] PAF),Ki,,,,,0,,0,CHEMBL1909046,9,BAO_0000221,,DrugMatrix in vitro pharmacology data,,,https://www.ebi.ac.uk/chembl/api/data/activity/7746308.json
7746309,CHEMBL63323,NIFLUMIC ACID,CHEMBL612545,Unchecked,,CHEMBL1909188,B,DRUGMATRIX: Platelet-Derived Growth Factor (PDGF) radioligand binding (ligand: [125I] PDGF),IC50,,,,,0,,0,CHEMBL1909046,0,BAO_0000219,,DrugMatrix in vitro pharmacology data,,,https://www.ebi.ac.uk/chembl/api/data/activity/7746309.json
7746310,CHEMBL63323,NIFLUMIC ACID,CHEMBL612545,Unchecked,,CHEMBL1909188,B,DRUGMATRIX: Platelet-Derived Growth Factor (PDGF) radioligand binding (ligand: [125I] PDGF),Ki,,,,,0,,0,CHEMBL1909046,0,BAO_0000219,,DrugMatrix in vitro pharmacology data,,,https://www.ebi.ac.uk/chembl/api/data/activity/7746310.json
7746311,CHEMBL63323,NIFLUMIC ACID,CHEMBL612545,Unchecked,,CHEMBL1909189,B,DRUGMATRIX: Potassium Channel [KATP] radioligand binding (ligand: [3H] Glyburide),IC50,,,,,0,,0,CHEMBL1909046,0,BAO_0000249,,DrugMatrix in vitro pharmacology data,,,https://www.ebi.ac.uk/chembl/api/data/activity/7746311.json
7746312,CHEMBL63323,NIFLUMIC ACID,CHEMBL612545,Unchecked,,CHEMBL1909189,B,DRUGMATRIX: Potassium Channel [KATP] radioligand binding (ligand: [3H] Glyburide),Ki,,,,,0,,0,CHEMBL1909046,0,BAO_0000249,,DrugMatrix in vitro pharmacology data,,,https://www.ebi.ac.uk/chembl/api/data/activity/7746312.json
7746313,CHEMBL63323,NIFLUMIC ACID,CHEMBL240,Voltage-gated inwardly rectifying potassium channel KCNH2,Homo sapiens,CHEMBL1909190,B,DRUGMATRIX: Potassium Channel HERG radioligand binding (ligand: [3H] Astemizole),IC50,,,,,0,,0,CHEMBL1909046,8,BAO_0000249,,DrugMatrix in vitro pharmacology data,,,https://www.ebi.ac.uk/chembl/api/data/activity/7746313.json
7746314,CHEMBL63323,NIFLUMIC ACID,CHEMBL240,Voltage-gated inwardly rectifying potassium channel KCNH2,Homo sapiens,CHEMBL1909190,B,DRUGMATRIX: Potassium Channel HERG radioligand binding (ligand: [3H] Astemizole),Ki,,,,,0,,0,CHEMBL1909046,8,BAO_0000249,,DrugMatrix in vitro pharmacology data,,,https://www.ebi.ac.uk/chembl/api/data/activity/7746314.json
7746315,CHEMBL63323,NIFLUMIC ACID,CHEMBL1909044,Progesterone receptor,Bos taurus,CHEMBL1909191,B,DRUGMATRIX: Progesterone radioligand binding (ligand: [3H] R-5020),IC50,,,,,0,,0,CHEMBL1909046,9,BAO_0000221,,DrugMatrix in vitro pharmacology data,,,https://www.ebi.ac.uk/chembl/api/data/activity/7746315.json
7746316,CHEMBL63323,NIFLUMIC ACID,CHEMBL1909044,Progesterone receptor,Bos taurus,CHEMBL1909191,B,DRUGMATRIX: Progesterone radioligand binding (ligand: [3H] R-5020),Ki,,,,,0,,0,CHEMBL1909046,9,BAO_0000221,,DrugMatrix in vitro pharmacology data,,,https://www.ebi.ac.uk/chembl/api/data/activity/7746316.json
7746317,CHEMBL63323,NIFLUMIC ACID,CHEMBL4074,Angiotensin-converting enzyme,Oryctolagus cuniculus,CHEMBL1909192,B,"DRUGMATRIX: Peptidase, Angiotensin Converting Enzyme enzyme inhibition (substrate: FAPGG)",IC50,,,,,0,,0,CHEMBL1909046,9,BAO_0000221,,DrugMatrix in vitro pharmacology data,,,https://www.ebi.ac.uk/chembl/api/data/activity/7746317.json
7746318,CHEMBL63323,NIFLUMIC ACID,CHEMBL4074,Angiotensin-converting enzyme,Oryctolagus cuniculus,CHEMBL1909192,B,"DRUGMATRIX: Peptidase, Angiotensin Converting Enzyme enzyme inhibition (substrate: FAPGG)",Ki,,,,,0,,0,CHEMBL1909046,9,BAO_0000221,,DrugMatrix in vitro pharmacology data,,,https://www.ebi.ac.uk/chembl/api/data/activity/7746318.json
7746319,CHEMBL63323,NIFLUMIC ACID,CHEMBL4801,Caspase-1,Homo sapiens,CHEMBL1909193,B,"DRUGMATRIX: Protease, Caspase 1 enzyme inhibition (substrate: Ac-YVAD-AMC)",IC50,,,,,0,,0,CHEMBL1909046,8,BAO_0000357,,DrugMatrix in vitro pharmacology data,,,https://www.ebi.ac.uk/chembl/api/data/activity/7746319.json
7746320,CHEMBL63323,NIFLUMIC ACID,CHEMBL4801,Caspase-1,Homo sapiens,CHEMBL1909193,B,"DRUGMATRIX: Protease, Caspase 1 enzyme inhibition (substrate: Ac-YVAD-AMC)",Ki,,,,,0,,0,CHEMBL1909046,8,BAO_0000357,,DrugMatrix in vitro pharmacology data,,,https://www.ebi.ac.uk/chembl/api/data/activity/7746320.json
7746321,CHEMBL63323,NIFLUMIC ACID,CHEMBL4071,Cathepsin G,Homo sapiens,CHEMBL1909194,B,"DRUGMATRIX: Protease, Cathepsin G enzyme inhibition (substrate: Suc-Ala-Ala-Pro-Phe-AMC)",IC50,,,,,0,,0,CHEMBL1909046,9,BAO_0000221,,DrugMatrix in vitro pharmacology data,,,https://www.ebi.ac.uk/chembl/api/data/activity/7746321.json
7746322,CHEMBL63323,NIFLUMIC ACID,CHEMBL4071,Cathepsin G,Homo sapiens,CHEMBL1909194,B,"DRUGMATRIX: Protease, Cathepsin G enzyme inhibition (substrate: Suc-Ala-Ala-Pro-Phe-AMC)",Ki,,,,,0,,0,CHEMBL1909046,9,BAO_0000221,,DrugMatrix in vitro pharmacology data,,,https://www.ebi.ac.uk/chembl/api/data/activity/7746322.json
7746323,CHEMBL63323,NIFLUMIC ACID,CHEMBL248,Neutrophil elastase,Homo sapiens,CHEMBL1909195,B,"DRUGMATRIX: Peptidase, ELA2 (Neutrophil Elastase 2) enzyme inhibition (substrate: N-MeOSuc-Ala-Ala-Pro-Val-pNA)",IC50,,,,,0,,0,CHEMBL1909046,9,BAO_0000221,,DrugMatrix in vitro pharmacology data,,,https://www.ebi.ac.uk/chembl/api/data/activity/7746323.json
7746324,CHEMBL63323,NIFLUMIC ACID,CHEMBL248,Neutrophil elastase,Homo sapiens,CHEMBL1909195,B,"DRUGMATRIX: Peptidase, ELA2 (Neutrophil Elastase 2) enzyme inhibition (substrate: N-MeOSuc-Ala-Ala-Pro-Val-pNA)",Ki,,,,,0,,0,CHEMBL1909046,9,BAO_0000221,,DrugMatrix in vitro pharmacology data,,,https://www.ebi.ac.uk/chembl/api/data/activity/7746324.json
7746325,CHEMBL63323,NIFLUMIC ACID,CHEMBL332,Interstitial collagenase,Homo sapiens,CHEMBL1909196,B,"DRUGMATRIX: Peptidase, Matrix Metalloprotease-1 (MMP-1) enzyme inhibition (substrate: Mca-Pro-Leu-Gly-Leu-Dpa-Ala-Arg-NH2)",IC50,,,,,0,,0,CHEMBL1909046,9,BAO_0000221,,DrugMatrix in vitro pharmacology data,,,https://www.ebi.ac.uk/chembl/api/data/activity/7746325.json
7746326,CHEMBL63323,NIFLUMIC ACID,CHEMBL332,Interstitial collagenase,Homo sapiens,CHEMBL1909196,B,"DRUGMATRIX: Peptidase, Matrix Metalloprotease-1 (MMP-1) enzyme inhibition (substrate: Mca-Pro-Leu-Gly-Leu-Dpa-Ala-Arg-NH2)",Ki,,,,,0,,0,CHEMBL1909046,9,BAO_0000221,,DrugMatrix in vitro pharmacology data,,,https://www.ebi.ac.uk/chembl/api/data/activity/7746326.json
7746327,CHEMBL63323,NIFLUMIC ACID,CHEMBL321,Matrix metalloproteinase-9,Homo sapiens,CHEMBL1909197,B,"DRUGMATRIX: Protease, Matrix Metalloprotease-9 (MMP-9) enzyme inhibition (substrate: Mca-Pro-Leu-Gly-Leu-Dpa-Ala-Arg-NH2)",IC50,,,,,0,,0,CHEMBL1909046,8,BAO_0000219,,DrugMatrix in vitro pharmacology data,,,https://www.ebi.ac.uk/chembl/api/data/activity/7746327.json
7746328,CHEMBL63323,NIFLUMIC ACID,CHEMBL321,Matrix metalloproteinase-9,Homo sapiens,CHEMBL1909197,B,"DRUGMATRIX: Protease, Matrix Metalloprotease-9 (MMP-9) enzyme inhibition (substrate: Mca-Pro-Leu-Gly-Leu-Dpa-Ala-Arg-NH2)",Ki,,,,,0,,0,CHEMBL1909046,8,BAO_0000219,,DrugMatrix in vitro pharmacology data,,,https://www.ebi.ac.uk/chembl/api/data/activity/7746328.json
7746329,CHEMBL63323,NIFLUMIC ACID,CHEMBL299,Protein kinase C alpha type,Homo sapiens,CHEMBL1909198,B,DRUGMATRIX: Protein Serine/Threonine Kinase PKCalpha enzyme inhibition (substrate: Histone),IC50,,,,,0,,0,CHEMBL1909046,8,BAO_0000219,,DrugMatrix in vitro pharmacology data,,,https://www.ebi.ac.uk/chembl/api/data/activity/7746329.json
7746330,CHEMBL63323,NIFLUMIC ACID,CHEMBL299,Protein kinase C alpha type,Homo sapiens,CHEMBL1909198,B,DRUGMATRIX: Protein Serine/Threonine Kinase PKCalpha enzyme inhibition (substrate: Histone),Ki,,,,,0,,0,CHEMBL1909046,8,BAO_0000219,,DrugMatrix in vitro pharmacology data,,,https://www.ebi.ac.uk/chembl/api/data/activity/7746330.json
7746331,CHEMBL63323,NIFLUMIC ACID,CHEMBL3385,Mitogen-activated protein kinase 3,Homo sapiens,CHEMBL1909199,B,"DRUGMATRIX: Protein Serine/Threonine Kinase, ERK1 enzyme inhibition (substrate: Myelin Basic Protein)",IC50,,,,,0,,0,CHEMBL1909046,8,BAO_0000357,,DrugMatrix in vitro pharmacology data,,,https://www.ebi.ac.uk/chembl/api/data/activity/7746331.json
7746332,CHEMBL63323,NIFLUMIC ACID,CHEMBL3385,Mitogen-activated protein kinase 3,Homo sapiens,CHEMBL1909199,B,"DRUGMATRIX: Protein Serine/Threonine Kinase, ERK1 enzyme inhibition (substrate: Myelin Basic Protein)",Ki,,,,,0,,0,CHEMBL1909046,8,BAO_0000357,,DrugMatrix in vitro pharmacology data,,,https://www.ebi.ac.uk/chembl/api/data/activity/7746332.json
7746333,CHEMBL63323,NIFLUMIC ACID,CHEMBL4040,Mitogen-activated protein kinase 1,Homo sapiens,CHEMBL1909200,B,"DRUGMATRIX: Protein Serine/Threonine Kinase, ERK2 enzyme inhibition (substrate: Myelin Basic Protein)",IC50,,,,,0,,0,CHEMBL1909046,8,BAO_0000357,,DrugMatrix in vitro pharmacology data,,,https://www.ebi.ac.uk/chembl/api/data/activity/7746333.json
7746334,CHEMBL63323,NIFLUMIC ACID,CHEMBL4040,Mitogen-activated protein kinase 1,Homo sapiens,CHEMBL1909200,B,"DRUGMATRIX: Protein Serine/Threonine Kinase, ERK2 enzyme inhibition (substrate: Myelin Basic Protein)",Ki,,,,,0,,0,CHEMBL1909046,8,BAO_0000357,,DrugMatrix in vitro pharmacology data,,,https://www.ebi.ac.uk/chembl/api/data/activity/7746334.json
7746335,CHEMBL63323,NIFLUMIC ACID,CHEMBL260,Mitogen-activated protein kinase 14,Homo sapiens,CHEMBL1909201,B,"DRUGMATRIX: Protein Serine/Threonine Kinase, p38alpha enzyme inhibition (substrate: Myelin Basic Protein)",IC50,,,,,0,,0,CHEMBL1909046,8,BAO_0000357,,DrugMatrix in vitro pharmacology data,,,https://www.ebi.ac.uk/chembl/api/data/activity/7746335.json
7746336,CHEMBL63323,NIFLUMIC ACID,CHEMBL260,Mitogen-activated protein kinase 14,Homo sapiens,CHEMBL1909201,B,"DRUGMATRIX: Protein Serine/Threonine Kinase, p38alpha enzyme inhibition (substrate: Myelin Basic Protein)",Ki,,,,,0,,0,CHEMBL1909046,8,BAO_0000357,,DrugMatrix in vitro pharmacology data,,,https://www.ebi.ac.uk/chembl/api/data/activity/7746336.json
7746337,CHEMBL63323,NIFLUMIC ACID,CHEMBL4445,Protein phosphatase 3 catalytic subunit alpha,Homo sapiens,CHEMBL1909202,B,"DRUGMATRIX: Protein Serine/Threonine Phosphatase, PPP3CA (Calcineurin, PP2B) enzyme inhibition (substrate: DiFMUP)",IC50,,,,,0,,0,CHEMBL1909046,8,BAO_0000357,,DrugMatrix in vitro pharmacology data,,,https://www.ebi.ac.uk/chembl/api/data/activity/7746337.json
7746338,CHEMBL63323,NIFLUMIC ACID,CHEMBL4445,Protein phosphatase 3 catalytic subunit alpha,Homo sapiens,CHEMBL1909202,B,"DRUGMATRIX: Protein Serine/Threonine Phosphatase, PPP3CA (Calcineurin, PP2B) enzyme inhibition (substrate: DiFMUP)",Ki,,,,,0,,0,CHEMBL1909046,8,BAO_0000357,,DrugMatrix in vitro pharmacology data,,,https://www.ebi.ac.uk/chembl/api/data/activity/7746338.json
7746339,CHEMBL63323,NIFLUMIC ACID,CHEMBL203,Epidermal growth factor receptor,Homo sapiens,CHEMBL1909203,B,"DRUGMATRIX: Protein Tyrosine Kinase, EGF Receptor enzyme inhibition (substrate: Poly(Glu:Tyr))",IC50,,,,,0,,0,CHEMBL1909046,8,BAO_0000219,,DrugMatrix in vitro pharmacology data,,,https://www.ebi.ac.uk/chembl/api/data/activity/7746339.json
7746340,CHEMBL63323,NIFLUMIC ACID,CHEMBL203,Epidermal growth factor receptor,Homo sapiens,CHEMBL1909203,B,"DRUGMATRIX: Protein Tyrosine Kinase, EGF Receptor enzyme inhibition (substrate: Poly(Glu:Tyr))",Ki,,,,,0,,0,CHEMBL1909046,8,BAO_0000219,,DrugMatrix in vitro pharmacology data,,,https://www.ebi.ac.uk/chembl/api/data/activity/7746340.json
7746341,CHEMBL63323,NIFLUMIC ACID,CHEMBL1841,Tyrosine-protein kinase Fyn,Homo sapiens,CHEMBL1909204,B,"DRUGMATRIX: Protein Tyrosine Kinase, Fyn enzyme inhibition (substrate: Poly(Glu:Tyr))",IC50,,,,,0,,0,CHEMBL1909046,8,BAO_0000219,,DrugMatrix in vitro pharmacology data,,,https://www.ebi.ac.uk/chembl/api/data/activity/7746341.json
7746342,CHEMBL63323,NIFLUMIC ACID,CHEMBL1841,Tyrosine-protein kinase Fyn,Homo sapiens,CHEMBL1909204,B,"DRUGMATRIX: Protein Tyrosine Kinase, Fyn enzyme inhibition (substrate: Poly(Glu:Tyr))",Ki,,,,,0,,0,CHEMBL1909046,8,BAO_0000219,,DrugMatrix in vitro pharmacology data,,,https://www.ebi.ac.uk/chembl/api/data/activity/7746342.json
7746343,CHEMBL63323,NIFLUMIC ACID,CHEMBL1824,Receptor tyrosine-protein kinase erbB-2,Homo sapiens,CHEMBL1909205,B,"DRUGMATRIX: Protein Tyrosine Kinase, ERBB2 (HER2) enzyme inhibition (substrate: Poly(Glu:Tyr))",IC50,,,,,0,,0,CHEMBL1909046,8,BAO_0000219,,DrugMatrix in vitro pharmacology data,,,https://www.ebi.ac.uk/chembl/api/data/activity/7746343.json
7746344,CHEMBL63323,NIFLUMIC ACID,CHEMBL1824,Receptor tyrosine-protein kinase erbB-2,Homo sapiens,CHEMBL1909205,B,"DRUGMATRIX: Protein Tyrosine Kinase, ERBB2 (HER2) enzyme inhibition (substrate: Poly(Glu:Tyr))",Ki,,,,,0,,0,CHEMBL1909046,8,BAO_0000219,,DrugMatrix in vitro pharmacology data,,,https://www.ebi.ac.uk/chembl/api/data/activity/7746344.json
7746345,CHEMBL63323,NIFLUMIC ACID,CHEMBL258,Tyrosine-protein kinase Lck,Homo sapiens,CHEMBL1909206,B,"DRUGMATRIX: Protein Tyrosine Kinase, LCK enzyme inhibition (substrate: Poly(Glu:Tyr))",IC50,,,,,0,,0,CHEMBL1909046,8,BAO_0000219,,DrugMatrix in vitro pharmacology data,,,https://www.ebi.ac.uk/chembl/api/data/activity/7746345.json
7746346,CHEMBL63323,NIFLUMIC ACID,CHEMBL258,Tyrosine-protein kinase Lck,Homo sapiens,CHEMBL1909206,B,"DRUGMATRIX: Protein Tyrosine Kinase, LCK enzyme inhibition (substrate: Poly(Glu:Tyr))",Ki,,,,,0,,0,CHEMBL1909046,8,BAO_0000219,,DrugMatrix in vitro pharmacology data,,,https://www.ebi.ac.uk/chembl/api/data/activity/7746346.json
7746347,CHEMBL63323,NIFLUMIC ACID,CHEMBL3243,Receptor-type tyrosine-protein phosphatase C,Homo sapiens,CHEMBL1909207,B,"DRUGMATRIX: Protein Tyrosine Phosphatase, PTPRC (CD45) enzyme inhibition (substrate: DiFMUP)",IC50,,,,,0,,0,CHEMBL1909046,8,BAO_0000357,,DrugMatrix in vitro pharmacology data,,,https://www.ebi.ac.uk/chembl/api/data/activity/7746347.json
7746348,CHEMBL63323,NIFLUMIC ACID,CHEMBL3243,Receptor-type tyrosine-protein phosphatase C,Homo sapiens,CHEMBL1909207,B,"DRUGMATRIX: Protein Tyrosine Phosphatase, PTPRC (CD45) enzyme inhibition (substrate: DiFMUP)",Ki,,,,,0,,0,CHEMBL1909046,8,BAO_0000357,,DrugMatrix in vitro pharmacology data,,,https://www.ebi.ac.uk/chembl/api/data/activity/7746348.json
7746349,CHEMBL63323,NIFLUMIC ACID,CHEMBL612545,Unchecked,,CHEMBL1909208,B,"DRUGMATRIX: Purinergic P2X radioligand binding (ligand: [3H] alpha, beta-Methylene-ATP)",IC50,,,,,0,,0,CHEMBL1909046,0,BAO_0000249,,DrugMatrix in vitro pharmacology data,,,https://www.ebi.ac.uk/chembl/api/data/activity/7746349.json
7746350,CHEMBL63323,NIFLUMIC ACID,CHEMBL612545,Unchecked,,CHEMBL1909208,B,"DRUGMATRIX: Purinergic P2X radioligand binding (ligand: [3H] alpha, beta-Methylene-ATP)",Ki,,,,,0,,0,CHEMBL1909046,0,BAO_0000249,,DrugMatrix in vitro pharmacology data,,,https://www.ebi.ac.uk/chembl/api/data/activity/7746350.json
7746351,CHEMBL63323,NIFLUMIC ACID,CHEMBL273,5-hydroxytryptamine receptor 1A,Rattus norvegicus,CHEMBL1909209,B,DRUGMATRIX: Serotonin (5-Hydroxytryptamine) 5-HT1A radioligand binding (ligand: [3H] 8-OH-DPAT),IC50,,,,,0,,0,CHEMBL1909046,8,BAO_0000249,,DrugMatrix in vitro pharmacology data,,,https://www.ebi.ac.uk/chembl/api/data/activity/7746351.json
7746352,CHEMBL63323,NIFLUMIC ACID,CHEMBL273,5-hydroxytryptamine receptor 1A,Rattus norvegicus,CHEMBL1909209,B,DRUGMATRIX: Serotonin (5-Hydroxytryptamine) 5-HT1A radioligand binding (ligand: [3H] 8-OH-DPAT),Ki,,,,,0,,0,CHEMBL1909046,8,BAO_0000249,,DrugMatrix in vitro pharmacology data,,,https://www.ebi.ac.uk/chembl/api/data/activity/7746352.json
7746353,CHEMBL63323,NIFLUMIC ACID,CHEMBL3459,5-hydroxytryptamine receptor 1B,Rattus norvegicus,CHEMBL1909210,B,DRUGMATRIX: Serotonin (5-Hydroxytryptamine) 5-HT1B radioligand binding (ligand: [125I] Cyanopindolol),IC50,,,,,0,,0,CHEMBL1909046,9,BAO_0000249,,DrugMatrix in vitro pharmacology data,,,https://www.ebi.ac.uk/chembl/api/data/activity/7746353.json
7746354,CHEMBL63323,NIFLUMIC ACID,CHEMBL3459,5-hydroxytryptamine receptor 1B,Rattus norvegicus,CHEMBL1909210,B,DRUGMATRIX: Serotonin (5-Hydroxytryptamine) 5-HT1B radioligand binding (ligand: [125I] Cyanopindolol),Ki,,,,,0,,0,CHEMBL1909046,9,BAO_0000249,,DrugMatrix in vitro pharmacology data,,,https://www.ebi.ac.uk/chembl/api/data/activity/7746354.json
7746355,CHEMBL63323,NIFLUMIC ACID,CHEMBL224,5-hydroxytryptamine receptor 2A,Homo sapiens,CHEMBL1909211,B,DRUGMATRIX: Serotonin (5-Hydroxytryptamine) 5-HT2A radioligand binding (ligand: [3H] Ketanserin),IC50,,,,,0,,0,CHEMBL1909046,8,BAO_0000249,,DrugMatrix in vitro pharmacology data,,,https://www.ebi.ac.uk/chembl/api/data/activity/7746355.json
7746356,CHEMBL63323,NIFLUMIC ACID,CHEMBL224,5-hydroxytryptamine receptor 2A,Homo sapiens,CHEMBL1909211,B,DRUGMATRIX: Serotonin (5-Hydroxytryptamine) 5-HT2A radioligand binding (ligand: [3H] Ketanserin),Ki,,,,,0,,0,CHEMBL1909046,8,BAO_0000249,,DrugMatrix in vitro pharmacology data,,,https://www.ebi.ac.uk/chembl/api/data/activity/7746356.json
7746357,CHEMBL63323,NIFLUMIC ACID,CHEMBL1833,5-hydroxytryptamine receptor 2B,Homo sapiens,CHEMBL1909104,B,DRUGMATRIX: Serotonin (5-Hydroxytryptamine) 5-HT2B radioligand binding (ligand: [3H] Lysergic acid diethylamide),IC50,,,,,0,,0,CHEMBL1909046,8,BAO_0000249,,DrugMatrix in vitro pharmacology data,,,https://www.ebi.ac.uk/chembl/api/data/activity/7746357.json
7746358,CHEMBL63323,NIFLUMIC ACID,CHEMBL1833,5-hydroxytryptamine receptor 2B,Homo sapiens,CHEMBL1909104,B,DRUGMATRIX: Serotonin (5-Hydroxytryptamine) 5-HT2B radioligand binding (ligand: [3H] Lysergic acid diethylamide),Ki,,,,,0,,0,CHEMBL1909046,8,BAO_0000249,,DrugMatrix in vitro pharmacology data,,,https://www.ebi.ac.uk/chembl/api/data/activity/7746358.json
7746359,CHEMBL63323,NIFLUMIC ACID,CHEMBL225,5-hydroxytryptamine receptor 2C,Homo sapiens,CHEMBL1909105,B,DRUGMATRIX: Serotonin (5-Hydroxytryptamine) 5-HT2C radioligand binding (ligand: [3H] Mesulergine),IC50,,,,,0,,0,CHEMBL1909046,8,BAO_0000249,,DrugMatrix in vitro pharmacology data,,,https://www.ebi.ac.uk/chembl/api/data/activity/7746359.json
7746360,CHEMBL63323,NIFLUMIC ACID,CHEMBL225,5-hydroxytryptamine receptor 2C,Homo sapiens,CHEMBL1909105,B,DRUGMATRIX: Serotonin (5-Hydroxytryptamine) 5-HT2C radioligand binding (ligand: [3H] Mesulergine),Ki,,,,,0,,0,CHEMBL1909046,8,BAO_0000249,,DrugMatrix in vitro pharmacology data,,,https://www.ebi.ac.uk/chembl/api/data/activity/7746360.json
7746361,CHEMBL63323,NIFLUMIC ACID,CHEMBL612545,Unchecked,,CHEMBL1909106,B,DRUGMATRIX: Serotonin (5-Hydroxytryptamine) 5-HT3 radioligand binding (ligand: [3H] GR-65630),IC50,,,,,0,,0,CHEMBL1909046,0,BAO_0000249,,DrugMatrix in vitro pharmacology data,,,https://www.ebi.ac.uk/chembl/api/data/activity/7746361.json
9347013,CHEMBL63323,NIFLUMIC ACID,CHEMBL2007624,Peripheral myelin protein 22,Rattus norvegicus,CHEMBL1964081,F,PUBCHEM_BIOASSAY: S16 Schwann cell PMP22 intronic element firefly luciferase assay. (Class of assay: confirmatory) ,Potency,,18.1,nM,,1,,0,CHEMBL1201862,8,BAO_0000219,,PubChem BioAssay data set,,,https://www.ebi.ac.uk/chembl/api/data/activity/9347013.json
10080387,CHEMBL63323,NIFLUMIC ACID,CHEMBL1781865,Endoplasmic reticulum chaperone BiP,Homo sapiens,CHEMBL1963893,F,PUBCHEM_BIOASSAY: qHTS for Inducers of the Endoplasmic Reticulum Stress Response (ERSR) in Human Glioma: qHTS. (Class of assay: confirmatory) ,Potency,,16481.6,nM,,1,,0,CHEMBL1201862,8,BAO_0000019,,PubChem BioAssay data set,,,https://www.ebi.ac.uk/chembl/api/data/activity/10080387.json
10406450,CHEMBL63323,NIFLUMIC ACID,CHEMBL5567,Luciferin 4-monooxygenase,Photinus pyralis,CHEMBL1963940,F,PUBCHEM_BIOASSAY: Biochemical firefly luciferase enzyme assay for NPC. (Class of assay: confirmatory) ,Potency,,32196.8,nM,,1,,0,CHEMBL1201862,8,BAO_0000019,,PubChem BioAssay data set,,,https://www.ebi.ac.uk/chembl/api/data/activity/10406450.json
10907159,CHEMBL63323,NIFLUMIC ACID,CHEMBL1293267,G-protein coupled receptor 35,Homo sapiens,CHEMBL2039373,F,Partial agonist activity at GPR35 receptor in human U2OS cells coexpressing Gal4-VP16-TEV assessed as beta arrestin translocation after 5 hrs by beta lactamase reporter gene assay,Activity,,,,,0,,0,CHEMBL2034837,9,BAO_0000219,10.1021/ml2003058,Discovery of Natural Phenols as G Protein-Coupled Receptor-35 (GPR35) Agonists.,2012,ACS Med Chem Lett,https://www.ebi.ac.uk/chembl/api/data/activity/10907159.json
10907162,CHEMBL63323,NIFLUMIC ACID,CHEMBL1293267,G-protein coupled receptor 35,Homo sapiens,CHEMBL2039374,F,Agonist activity at GPR35 receptor in human HT-29 cells at 32 uM after 10 mins by dynamic mass redistribution assay in the presence of SPB05142,Activity,,,,,0,,0,CHEMBL2034837,9,BAO_0000219,10.1021/ml2003058,Discovery of Natural Phenols as G Protein-Coupled Receptor-35 (GPR35) Agonists.,2012,ACS Med Chem Lett,https://www.ebi.ac.uk/chembl/api/data/activity/10907162.json
10907175,CHEMBL63323,NIFLUMIC ACID,CHEMBL1293267,G-protein coupled receptor 35,Homo sapiens,CHEMBL2039370,F,Agonist activity at GPR35 receptor in human HT-29 cells after 10 mins by dynamic mass redistribution assay,Activity,,,,,0,,0,CHEMBL2034837,9,BAO_0000219,10.1021/ml2003058,Discovery of Natural Phenols as G Protein-Coupled Receptor-35 (GPR35) Agonists.,2012,ACS Med Chem Lett,https://www.ebi.ac.uk/chembl/api/data/activity/10907175.json
10907176,CHEMBL63323,NIFLUMIC ACID,CHEMBL1293267,G-protein coupled receptor 35,Homo sapiens,CHEMBL2039375,B,Desensitization of GPR35 receptor in human HT-29 cells assessed as inhibition of zaprinast-induced dynamic mass redistribution after 10 mins,Activity,,,,,0,,0,CHEMBL2034837,9,BAO_0000219,10.1021/ml2003058,Discovery of Natural Phenols as G Protein-Coupled Receptor-35 (GPR35) Agonists.,2012,ACS Med Chem Lett,https://www.ebi.ac.uk/chembl/api/data/activity/10907176.json
10907181,CHEMBL63323,NIFLUMIC ACID,CHEMBL1293267,G-protein coupled receptor 35,Homo sapiens,CHEMBL2039370,F,Agonist activity at GPR35 receptor in human HT-29 cells after 10 mins by dynamic mass redistribution assay,EC50,=,1150.0,nM,5.94,1,,0,CHEMBL2034837,9,BAO_0000219,10.1021/ml2003058,Discovery of Natural Phenols as G Protein-Coupled Receptor-35 (GPR35) Agonists.,2012,ACS Med Chem Lett,https://www.ebi.ac.uk/chembl/api/data/activity/10907181.json
10907196,CHEMBL63323,NIFLUMIC ACID,CHEMBL1293267,G-protein coupled receptor 35,Homo sapiens,CHEMBL2039371,F,Agonist activity at GPR35 receptor in human U2OS cells coexpressing Gal4-VP16-TEV assessed as beta arrestin translocation after 5 hrs by beta lactamase reporter gene assay,EC50,=,40200.0,nM,4.40,1,,0,CHEMBL2034837,9,BAO_0000219,10.1021/ml2003058,Discovery of Natural Phenols as G Protein-Coupled Receptor-35 (GPR35) Agonists.,2012,ACS Med Chem Lett,https://www.ebi.ac.uk/chembl/api/data/activity/10907196.json
10907211,CHEMBL63323,NIFLUMIC ACID,CHEMBL1293267,G-protein coupled receptor 35,Homo sapiens,CHEMBL2039375,B,Desensitization of GPR35 receptor in human HT-29 cells assessed as inhibition of zaprinast-induced dynamic mass redistribution after 10 mins,IC50,=,1280.0,nM,5.89,1,,0,CHEMBL2034837,9,BAO_0000219,10.1021/ml2003058,Discovery of Natural Phenols as G Protein-Coupled Receptor-35 (GPR35) Agonists.,2012,ACS Med Chem Lett,https://www.ebi.ac.uk/chembl/api/data/activity/10907211.json
10907226,CHEMBL63323,NIFLUMIC ACID,CHEMBL1293267,G-protein coupled receptor 35,Homo sapiens,CHEMBL2039376,F,Agonist activity at GPR35 receptor in human HT-29 cells assessed as shift in resonant wavelength of biosensor stimulation after 10 mins by dynamic mass redistribution assay relative to control,Efficacy,=,260.0,picometer,,0,,0,CHEMBL2034837,9,BAO_0000219,10.1021/ml2003058,Discovery of Natural Phenols as G Protein-Coupled Receptor-35 (GPR35) Agonists.,2012,ACS Med Chem Lett,https://www.ebi.ac.uk/chembl/api/data/activity/10907226.json
10907241,CHEMBL63323,NIFLUMIC ACID,CHEMBL1293267,G-protein coupled receptor 35,Homo sapiens,CHEMBL2039377,F,Agonist activity at GPR35 receptor in human U2OS cells coexpressing Gal4-VP16-TEV assessed as beta arrestin translocation after 5 hrs by beta lactamase reporter gene assay relative to control,Ratio,=,3.3,,,0,,0,CHEMBL2034837,9,BAO_0000219,10.1021/ml2003058,Discovery of Natural Phenols as G Protein-Coupled Receptor-35 (GPR35) Agonists.,2012,ACS Med Chem Lett,https://www.ebi.ac.uk/chembl/api/data/activity/10907241.json
10999122,CHEMBL63323,NIFLUMIC ACID,CHEMBL2073718,Monocarboxylate transporter 2,Rattus norvegicus,CHEMBL2076210,F,TP_TRANSPORTER: inhibition of lactate uptake in Xenopus laevis oocytes,Activity,=,14.0,%,,0,,0,CHEMBL2074520,8,BAO_0000219,10.1042/0264-6021:3410529,Characterization of the high-affinity monocarboxylate transporter MCT2 in Xenopus laevis oocytes.,1999,Biochem J,https://www.ebi.ac.uk/chembl/api/data/activity/10999122.json
10999379,CHEMBL63323,NIFLUMIC ACID,CHEMBL2073709,Monocarboxylate transporter 1,Rattus norvegicus,CHEMBL2076220,F,TP_TRANSPORTER: inhibition of lactate uptake in Xenopus laevis oocytes,Activity,=,36.0,%,,0,,0,CHEMBL2074520,8,BAO_0000219,10.1042/0264-6021:3410529,Characterization of the high-affinity monocarboxylate transporter MCT2 in Xenopus laevis oocytes.,1999,Biochem J,https://www.ebi.ac.uk/chembl/api/data/activity/10999379.json
12605644,CHEMBL63323,NIFLUMIC ACID,CHEMBL375,Mus musculus,Mus musculus,CHEMBL3070496,F,Analgesic activity in NMRI Mus musculus (mouse) assessed as inhibition of acetic acid-induced abdominal writhing at 10 mg/kg administered 30 min prior to acetic acid injection,Inhibition,=,68.31,%,,1,,0,CHEMBL3046125,1,BAO_0000218,10.1007/s00044-012-0235-3,Design and synthesis of niflumic acid-based N-acylhydrazone derivatives as novel anti-inflammatory and analgesic agents,2013,Med Chem Res,https://www.ebi.ac.uk/chembl/api/data/activity/12605644.json
12605652,CHEMBL63323,NIFLUMIC ACID,CHEMBL376,Rattus norvegicus,Rattus norvegicus,CHEMBL3070498,F,"Anti-inflammatory activity in Wistar Rattus norvegicus (rat) assessed as inhibition of carrageenan-induced paw edema at 10 mg/kg, ip measured after 4 hr",Inhibition,=,52.01,%,,1,,0,CHEMBL3046125,1,BAO_0000218,10.1007/s00044-012-0235-3,Design and synthesis of niflumic acid-based N-acylhydrazone derivatives as novel anti-inflammatory and analgesic agents,2013,Med Chem Res,https://www.ebi.ac.uk/chembl/api/data/activity/12605652.json
12605675,CHEMBL63323,NIFLUMIC ACID,CHEMBL376,Rattus norvegicus,Rattus norvegicus,CHEMBL3070497,F,"Anti-inflammatory activity in Wistar Rattus norvegicus (rat) assessed as inhibition of carrageenan-induced paw edema at 10 mg/kg, ip measured after 3 hr",Inhibition,=,70.58,%,,1,,0,CHEMBL3046125,1,BAO_0000218,10.1007/s00044-012-0235-3,Design and synthesis of niflumic acid-based N-acylhydrazone derivatives as novel anti-inflammatory and analgesic agents,2013,Med Chem Res,https://www.ebi.ac.uk/chembl/api/data/activity/12605675.json
12605698,CHEMBL63323,NIFLUMIC ACID,CHEMBL376,Rattus norvegicus,Rattus norvegicus,CHEMBL3077933,F,"Anti-inflammatory activity in Wistar Rattus norvegicus (rat) assessed as inhibition of carrageenan-induced paw edema at 10 mg/kg, ip measured after 2 hr",Inhibition,=,70.08,%,,1,,0,CHEMBL3046125,1,BAO_0000218,10.1007/s00044-012-0235-3,Design and synthesis of niflumic acid-based N-acylhydrazone derivatives as novel anti-inflammatory and analgesic agents,2013,Med Chem Res,https://www.ebi.ac.uk/chembl/api/data/activity/12605698.json
12605721,CHEMBL63323,NIFLUMIC ACID,CHEMBL376,Rattus norvegicus,Rattus norvegicus,CHEMBL3077934,F,"Anti-inflammatory activity in Wistar Rattus norvegicus (rat) assessed as inhibition of carrageenan-induced paw edema at 10 mg/kg, ip measured after 1 hr",Inhibition,=,70.41,%,,1,,0,CHEMBL3046125,1,BAO_0000218,10.1007/s00044-012-0235-3,Design and synthesis of niflumic acid-based N-acylhydrazone derivatives as novel anti-inflammatory and analgesic agents,2013,Med Chem Res,https://www.ebi.ac.uk/chembl/api/data/activity/12605721.json
12605744,CHEMBL63323,NIFLUMIC ACID,CHEMBL376,Rattus norvegicus,Rattus norvegicus,CHEMBL3077935,F,"Anti-inflammatory activity in Wistar Rattus norvegicus (rat) assessed as inhibition of carrageenan-induced paw edema at 10 mg/kg, ip measured after 30 min",Inhibition,=,64.12,%,,1,,0,CHEMBL3046125,1,BAO_0000218,10.1007/s00044-012-0235-3,Design and synthesis of niflumic acid-based N-acylhydrazone derivatives as novel anti-inflammatory and analgesic agents,2013,Med Chem Res,https://www.ebi.ac.uk/chembl/api/data/activity/12605744.json
12737697,CHEMBL63323,NIFLUMIC ACID,CHEMBL1075138,Tyrosyl-DNA phosphodiesterase 1,Homo sapiens,CHEMBL2354221,F,PubChem BioAssay. qHTS for Inhibitors of human tyrosyl-DNA phosphodiesterase 1 (TDP1): qHTS in cells in absence of CPT. (Class of assay: confirmatory) ,Potency,,29092.9,nM,,1,,0,CHEMBL1201862,8,BAO_0000019,,PubChem BioAssay data set,,,https://www.ebi.ac.uk/chembl/api/data/activity/12737697.json
12758058,CHEMBL63323,NIFLUMIC ACID,CHEMBL1075138,Tyrosyl-DNA phosphodiesterase 1,Homo sapiens,CHEMBL2354221,F,PubChem BioAssay. qHTS for Inhibitors of human tyrosyl-DNA phosphodiesterase 1 (TDP1): qHTS in cells in absence of CPT. (Class of assay: confirmatory) ,Potency,,31622.8,nM,,1,,0,CHEMBL1201862,8,BAO_0000019,,PubChem BioAssay data set,,,https://www.ebi.ac.uk/chembl/api/data/activity/12758058.json
13054507,CHEMBL63323,NIFLUMIC ACID,CHEMBL1075138,Tyrosyl-DNA phosphodiesterase 1,Homo sapiens,CHEMBL2354254,F,PubChem BioAssay. qHTS for Inhibitors of human tyrosyl-DNA phosphodiesterase 1 (TDP1): qHTS in cells in presence of CPT. (Class of assay: confirmatory) ,Potency,,23109.3,nM,,1,,0,CHEMBL1201862,8,BAO_0000019,,PubChem BioAssay data set,,,https://www.ebi.ac.uk/chembl/api/data/activity/13054507.json
13058710,CHEMBL63323,NIFLUMIC ACID,CHEMBL1075138,Tyrosyl-DNA phosphodiesterase 1,Homo sapiens,CHEMBL2354254,F,PubChem BioAssay. qHTS for Inhibitors of human tyrosyl-DNA phosphodiesterase 1 (TDP1): qHTS in cells in presence of CPT. (Class of assay: confirmatory) ,Potency,,50118.7,nM,,1,,0,CHEMBL1201862,8,BAO_0000019,,PubChem BioAssay data set,,,https://www.ebi.ac.uk/chembl/api/data/activity/13058710.json
13158847,CHEMBL63323,NIFLUMIC ACID,CHEMBL6152,Alpha-synuclein,Homo sapiens,CHEMBL2354282,F,PubChem BioAssay. qHTS of alpha-syn Inhibitors. (Class of assay: confirmatory) ,Potency,,16360.1,nM,,1,,0,CHEMBL1201862,8,BAO_0000019,,PubChem BioAssay data set,,,https://www.ebi.ac.uk/chembl/api/data/activity/13158847.json
13442900,CHEMBL63323,NIFLUMIC ACID,CHEMBL1293267,G-protein coupled receptor 35,Homo sapiens,CHEMBL2429569,B,Agonist activity at C-terminal beta-galactosidase tagged human recombinant GPR35 expressed in CHO cells at 100 uM after 90 mins by beta-arrestin recruitment assay relative to zaprinast,Emax,=,97.0,%,,0,,0,CHEMBL2424638,9,BAO_0000219,10.1021/jm4009373,6-Bromo-8-(4-[(3)H]methoxybenzamido)-4-oxo-4H-chromene-2-carboxylic Acid: a powerful tool for studying orphan G protein-coupled receptor GPR35.,2013,J Med Chem,https://www.ebi.ac.uk/chembl/api/data/activity/13442900.json
13442910,CHEMBL63323,NIFLUMIC ACID,CHEMBL1293267,G-protein coupled receptor 35,Homo sapiens,CHEMBL2429572,B,Agonist activity at C-terminal beta-galactosidase tagged human recombinant GPR35 expressed in CHO cells after 90 mins by beta-arrestin recruitment assay,EC50,=,30800.0,nM,4.51,1,,0,CHEMBL2424638,9,BAO_0000219,10.1021/jm4009373,6-Bromo-8-(4-[(3)H]methoxybenzamido)-4-oxo-4H-chromene-2-carboxylic Acid: a powerful tool for studying orphan G protein-coupled receptor GPR35.,2013,J Med Chem,https://www.ebi.ac.uk/chembl/api/data/activity/13442910.json
13445741,CHEMBL63323,NIFLUMIC ACID,CHEMBL1293267,G-protein coupled receptor 35,Homo sapiens,CHEMBL2429574,B,Displacement of [3H]PSB-13253 from human recombinant GPR35 exprssed in CHO cells by liquid scintillation counting analysis,Ki,=,3610.0,nM,5.44,1,,0,CHEMBL2424638,9,BAO_0000219,10.1021/jm4009373,6-Bromo-8-(4-[(3)H]methoxybenzamido)-4-oxo-4H-chromene-2-carboxylic Acid: a powerful tool for studying orphan G protein-coupled receptor GPR35.,2013,J Med Chem,https://www.ebi.ac.uk/chembl/api/data/activity/13445741.json
13445754,CHEMBL63323,NIFLUMIC ACID,CHEMBL1293267,G-protein coupled receptor 35,Homo sapiens,CHEMBL2427427,B,Agonist activity at human GPR35 expressed in HEK293T cells at 5 uM by EYPF-based beta-arrestin-2 luciferase reporter gene assay,EC50,=,15000.0,nM,4.82,1,,0,CHEMBL2424638,9,BAO_0000219,10.1021/jm4009373,6-Bromo-8-(4-[(3)H]methoxybenzamido)-4-oxo-4H-chromene-2-carboxylic Acid: a powerful tool for studying orphan G protein-coupled receptor GPR35.,2013,J Med Chem,https://www.ebi.ac.uk/chembl/api/data/activity/13445754.json
13445763,CHEMBL63323,NIFLUMIC ACID,CHEMBL1293267,G-protein coupled receptor 35,Homo sapiens,CHEMBL2427430,B,Agonist activity at human GPR35 by DMR assay,EC50,=,1110.0,nM,5.96,1,,1,CHEMBL2424638,9,BAO_0000357,10.1021/jm4009373,6-Bromo-8-(4-[(3)H]methoxybenzamido)-4-oxo-4H-chromene-2-carboxylic Acid: a powerful tool for studying orphan G protein-coupled receptor GPR35.,2013,J Med Chem,https://www.ebi.ac.uk/chembl/api/data/activity/13445763.json
13799166,CHEMBL63323,NIFLUMIC ACID,CHEMBL1697668,Solute carrier organic anion transporter family member 1B1,Homo sapiens,CHEMBL3039488,A,Inhibition of sodium fluorescein uptake in OATP1B1-transfected CHO cells at an equimolar substrate-inhibitor concentration of 10 uM,Inhibition,=,79.63,%,,1,,0,CHEMBL3039007,8,BAO_0000219,10.1124/mol.112.084152,Structure-based identification of OATP1B1/3 inhibitors.,2013,Mol Pharmacol,https://www.ebi.ac.uk/chembl/api/data/activity/13799166.json
13801165,CHEMBL63323,NIFLUMIC ACID,CHEMBL1743121,Solute carrier organic anion transporter family member 1B3,Homo sapiens,CHEMBL3039491,A,Inhibition of sodium fluorescein uptake in OATP1B3-transfected CHO cells at an equimolar substrate-inhibitor concentration of 10 uM,Inhibition,=,83.73,%,,1,,0,CHEMBL3039007,8,BAO_0000219,10.1124/mol.112.084152,Structure-based identification of OATP1B1/3 inhibitors.,2013,Mol Pharmacol,https://www.ebi.ac.uk/chembl/api/data/activity/13801165.json
13899842,CHEMBL63323,NIFLUMIC ACID,CHEMBL1250402,Transient receptor potential cation channel subfamily M member 2,Homo sapiens,CHEMBL3111094,B,Inhibition of human recombinant TRPM2,IC50,=,149000.0,nM,,1,Outside typical range,0,CHEMBL3108672,9,BAO_0000357,10.1021/jm401497a,Structure-activity relationship of adenosine 5'-diphosphoribose at the transient receptor potential melastatin 2 (TRPM2) channel: rational design of antagonists.,2013,J Med Chem,https://www.ebi.ac.uk/chembl/api/data/activity/13899842.json
13997055,CHEMBL63323,NIFLUMIC ACID,CHEMBL3879801,NON-PROTEIN TARGET,,CHEMBL3137722,T,"Moderate liver toxicity, defined via clinical-chemistry results: ALT or AST serum activity 6 times the normal upper limit (N) or alkaline phosphatase serum activity of 1.7 N. Value is number of references indexed. [column 'BIOL' in source]",Hepatotoxicity (moderate),=,0.0,,,0,,0,CHEMBL3137667,1,BAO_0000221,10.1016/s0399-8320(04)95062-2,[Drug-induced liver injury; fourteenth updated edition of the bibliographic database of liver injuries and related drugs].,2004,Gastroenterol Clin Biol,https://www.ebi.ac.uk/chembl/api/data/activity/13997055.json
13997056,CHEMBL63323,NIFLUMIC ACID,CHEMBL3879801,NON-PROTEIN TARGET,,CHEMBL3137723,T,"Highest frequency of moderate liver toxicity observed during clinical trials, expressed as a percentage. [column '% BIOL' in source]",Hepatotoxicity (moderate),=,0.0,%,,0,,0,CHEMBL3137667,1,BAO_0000221,10.1016/s0399-8320(04)95062-2,[Drug-induced liver injury; fourteenth updated edition of the bibliographic database of liver injuries and related drugs].,2004,Gastroenterol Clin Biol,https://www.ebi.ac.uk/chembl/api/data/activity/13997056.json
13997057,CHEMBL63323,NIFLUMIC ACID,CHEMBL612545,Unchecked,,CHEMBL3137724,T,"Acute liver toxicity defined via clinical observations and clear clinical-chemistry results: serum ALT or AST activity > 6 N or serum alkaline phosphatases activity > 1.7 N. This category includes cytolytic, choleostatic and mixed liver toxicity. Value is number of references indexed. [column 'AIGUE' in source]",Hepatotoxicity (acute),=,4.0,,,0,,0,CHEMBL3137667,0,BAO_0000221,10.1016/s0399-8320(04)95062-2,[Drug-induced liver injury; fourteenth updated edition of the bibliographic database of liver injuries and related drugs].,2004,Gastroenterol Clin Biol,https://www.ebi.ac.uk/chembl/api/data/activity/13997057.json
13997058,CHEMBL63323,NIFLUMIC ACID,CHEMBL3879801,NON-PROTEIN TARGET,,CHEMBL3137725,T,"Highest frequency of acute liver toxicity observed during clinical trials, expressed as a percentage. [column '% AIGUE' in source]",Hepatotoxicity (acute),=,0.0,%,,0,,0,CHEMBL3137667,1,BAO_0000221,10.1016/s0399-8320(04)95062-2,[Drug-induced liver injury; fourteenth updated edition of the bibliographic database of liver injuries and related drugs].,2004,Gastroenterol Clin Biol,https://www.ebi.ac.uk/chembl/api/data/activity/13997058.json
13997059,CHEMBL63323,NIFLUMIC ACID,CHEMBL612545,Unchecked,,CHEMBL3137726,T,"Cytolytic liver toxicity, either proven histopathologically or where the ratio of maximal ALT or AST activity above normal to that of Alkaline Phosphatase is > 5 (see ACUTE). Value is number of references indexed. [column 'CYTOL' in source]",Hepatotoxicity (cytolytic),=,4.0,,,0,,0,CHEMBL3137667,0,BAO_0000221,10.1016/s0399-8320(04)95062-2,[Drug-induced liver injury; fourteenth updated edition of the bibliographic database of liver injuries and related drugs].,2004,Gastroenterol Clin Biol,https://www.ebi.ac.uk/chembl/api/data/activity/13997059.json
13997060,CHEMBL63323,NIFLUMIC ACID,CHEMBL612545,Unchecked,,CHEMBL3137727,T,"Choleostatic liver toxicity, either proven histopathologically or where the ratio of maximal ALT or AST activity above normal to that of Alkaline Phosphatase is < 2 (see ACUTE). Value is number of references indexed. [column 'CHOLE' in source]",Hepatotoxicity (choleostasis),=,1.0,,,0,,0,CHEMBL3137667,0,BAO_0000221,10.1016/s0399-8320(04)95062-2,[Drug-induced liver injury; fourteenth updated edition of the bibliographic database of liver injuries and related drugs].,2004,Gastroenterol Clin Biol,https://www.ebi.ac.uk/chembl/api/data/activity/13997060.json
13997061,CHEMBL63323,NIFLUMIC ACID,CHEMBL612545,Unchecked,,CHEMBL3137728,T,"Severe hepatitis, defined as possibly life-threatening liver failure or through clinical observations. Value is number of references indexed. [column 'MASS' in source]",Hepatotoxicity (severe hepatitis),=,2.0,,,0,,0,CHEMBL3137667,0,BAO_0000221,10.1016/s0399-8320(04)95062-2,[Drug-induced liver injury; fourteenth updated edition of the bibliographic database of liver injuries and related drugs].,2004,Gastroenterol Clin Biol,https://www.ebi.ac.uk/chembl/api/data/activity/13997061.json
13997062,CHEMBL63323,NIFLUMIC ACID,CHEMBL612545,Unchecked,,CHEMBL3137729,T,"Chronic liver disease either proven histopathologically, or through a chonic elevation of serum amino-transferase activity after 6 months. Value is number of references indexed. [column 'CHRON' in source]",Hepatotoxicity (chronic liver disease),=,0.0,,,0,,0,CHEMBL3137667,0,BAO_0000221,10.1016/s0399-8320(04)95062-2,[Drug-induced liver injury; fourteenth updated edition of the bibliographic database of liver injuries and related drugs].,2004,Gastroenterol Clin Biol,https://www.ebi.ac.uk/chembl/api/data/activity/13997062.json
13997063,CHEMBL63323,NIFLUMIC ACID,CHEMBL612545,Unchecked,,CHEMBL3137730,T,"Cirrhosis, proven histopathologically. Value is number of references indexed. [column 'CIRRH' in source]",Hepatotoxicity (cirrhosis),=,0.0,,,0,,0,CHEMBL3137667,0,BAO_0000019,10.1016/s0399-8320(04)95062-2,[Drug-induced liver injury; fourteenth updated edition of the bibliographic database of liver injuries and related drugs].,2004,Gastroenterol Clin Biol,https://www.ebi.ac.uk/chembl/api/data/activity/13997063.json
13997064,CHEMBL63323,NIFLUMIC ACID,CHEMBL3879801,NON-PROTEIN TARGET,,CHEMBL3137731,T,"Granulomatous liver disease, proven histopathologically. Value is number of references indexed. [column 'GRAN' in source]",Hepatotoxicity (granulomatous hepatitis),=,0.0,,,0,,0,CHEMBL3137667,1,BAO_0000221,10.1016/s0399-8320(04)95062-2,[Drug-induced liver injury; fourteenth updated edition of the bibliographic database of liver injuries and related drugs].,2004,Gastroenterol Clin Biol,https://www.ebi.ac.uk/chembl/api/data/activity/13997064.json
13997065,CHEMBL63323,NIFLUMIC ACID,CHEMBL612545,Unchecked,,CHEMBL3137732,T,"Liver damage due to vascular disease: peliosis hepatitis, hepatic veno-occlusive disease, Budd-Chiari syndrome. Value is number of references indexed. [column 'VASC' in source]",Hepatotoxicity (association with vascular disease),=,0.0,,,0,,0,CHEMBL3137667,0,BAO_0000019,10.1016/s0399-8320(04)95062-2,[Drug-induced liver injury; fourteenth updated edition of the bibliographic database of liver injuries and related drugs].,2004,Gastroenterol Clin Biol,https://www.ebi.ac.uk/chembl/api/data/activity/13997065.json
13997066,CHEMBL63323,NIFLUMIC ACID,CHEMBL612545,Unchecked,,CHEMBL3137733,T,"Steatosis, proven histopathologically. Value is number of references indexed. [column 'STEAT' in source]",Hepatotoxicity (steatosis),=,0.0,,,0,,0,CHEMBL3137667,0,BAO_0000019,10.1016/s0399-8320(04)95062-2,[Drug-induced liver injury; fourteenth updated edition of the bibliographic database of liver injuries and related drugs].,2004,Gastroenterol Clin Biol,https://www.ebi.ac.uk/chembl/api/data/activity/13997066.json
13997067,CHEMBL63323,NIFLUMIC ACID,CHEMBL612545,Unchecked,,CHEMBL3137734,T,"Malignant tumor, proven histopathologically. Value is number of references indexed. [column 'T.MAL' in source]",Hepatotoxicity (malignant tumour),=,0.0,,,0,,0,CHEMBL3137667,0,BAO_0000019,10.1016/s0399-8320(04)95062-2,[Drug-induced liver injury; fourteenth updated edition of the bibliographic database of liver injuries and related drugs].,2004,Gastroenterol Clin Biol,https://www.ebi.ac.uk/chembl/api/data/activity/13997067.json
13997068,CHEMBL63323,NIFLUMIC ACID,CHEMBL3879801,NON-PROTEIN TARGET,,CHEMBL3137735,T,"Benign tumor, proven histopathologically. Value is number of references indexed. [column 'T.BEN' in source]",Hepatotoxicity (benign tumour),=,0.0,,,0,,0,CHEMBL3137667,1,BAO_0000019,10.1016/s0399-8320(04)95062-2,[Drug-induced liver injury; fourteenth updated edition of the bibliographic database of liver injuries and related drugs].,2004,Gastroenterol Clin Biol,https://www.ebi.ac.uk/chembl/api/data/activity/13997068.json
13997069,CHEMBL63323,NIFLUMIC ACID,CHEMBL3879801,NON-PROTEIN TARGET,,CHEMBL3137736,T,Animal toxicity known. [column 'TOXIC' in source],Hepatotoxicity (animal toxicity known),,,,,0,,0,CHEMBL3137667,1,BAO_0000019,10.1016/s0399-8320(04)95062-2,[Drug-induced liver injury; fourteenth updated edition of the bibliographic database of liver injuries and related drugs].,2004,Gastroenterol Clin Biol,https://www.ebi.ac.uk/chembl/api/data/activity/13997069.json
13997070,CHEMBL63323,NIFLUMIC ACID,CHEMBL612545,Unchecked,,CHEMBL3137737,T,Presence of at least one case with successful reintroduction. [column 'REINT' in source],Hepatotoxicity (successful reintroduction),,,,,0,,0,CHEMBL3137667,0,BAO_0000019,10.1016/s0399-8320(04)95062-2,[Drug-induced liver injury; fourteenth updated edition of the bibliographic database of liver injuries and related drugs].,2004,Gastroenterol Clin Biol,https://www.ebi.ac.uk/chembl/api/data/activity/13997070.json
13997071,CHEMBL63323,NIFLUMIC ACID,CHEMBL612545,Unchecked,,CHEMBL3137738,T,Comments (NB not yet translated). [column 'COMMENTAIRES' in source],Hepatotoxicity (comment),,,,,0,,0,CHEMBL3137667,0,BAO_0000019,10.1016/s0399-8320(04)95062-2,[Drug-induced liver injury; fourteenth updated edition of the bibliographic database of liver injuries and related drugs].,2004,Gastroenterol Clin Biol,https://www.ebi.ac.uk/chembl/api/data/activity/13997071.json
13997072,CHEMBL63323,NIFLUMIC ACID,CHEMBL3879801,NON-PROTEIN TARGET,,CHEMBL3137739,T,"Times to onset, minimal and maximal, observed in the indexed observations. [column 'DELAI' in source]",Hepatotoxicity (time to onset),,,,,0,,0,CHEMBL3137667,1,BAO_0000019,10.1016/s0399-8320(04)95062-2,[Drug-induced liver injury; fourteenth updated edition of the bibliographic database of liver injuries and related drugs].,2004,Gastroenterol Clin Biol,https://www.ebi.ac.uk/chembl/api/data/activity/13997072.json
13997073,CHEMBL63323,NIFLUMIC ACID,CHEMBL3879801,NON-PROTEIN TARGET,,CHEMBL3137740,T,Proposed mechanism(s) of liver damage. [column 'MEC' in source],Hepatotoxicity (mechanism),,,,,0,,0,CHEMBL3137667,1,BAO_0000221,10.1016/s0399-8320(04)95062-2,[Drug-induced liver injury; fourteenth updated edition of the bibliographic database of liver injuries and related drugs].,2004,Gastroenterol Clin Biol,https://www.ebi.ac.uk/chembl/api/data/activity/13997073.json
14083837,CHEMBL63323,NIFLUMIC ACID,CHEMBL3879801,NON-PROTEIN TARGET,,CHEMBL3215001,F,PubChem BioAssay. qHTS profiling of the MIPE4 collection as inhibitors of Plasmodium falciparum (DD2) proliferation.   (Class of assay: confirmatory) ,Potency,,1.5,nM,,1,,0,CHEMBL1201862,1,BAO_0000019,,PubChem BioAssay data set,,,https://www.ebi.ac.uk/chembl/api/data/activity/14083837.json
14313360,CHEMBL63323,NIFLUMIC ACID,CHEMBL612545,Unchecked,,CHEMBL3215270,F,PubChem BioAssay. qHTS for Stage-Specific Inhibitors of Vaccinia Orthopoxvirus: Venus Reporter Primary qHTS.   (Class of assay: confirmatory) ,Potency,,446.7,nM,,1,,0,CHEMBL1201862,0,BAO_0000019,,PubChem BioAssay data set,,,https://www.ebi.ac.uk/chembl/api/data/activity/14313360.json
14317040,CHEMBL63323,NIFLUMIC ACID,CHEMBL612545,Unchecked,,CHEMBL3215270,F,PubChem BioAssay. qHTS for Stage-Specific Inhibitors of Vaccinia Orthopoxvirus: Venus Reporter Primary qHTS.   (Class of assay: confirmatory) ,Potency,,5011.9,nM,,1,,0,CHEMBL1201862,0,BAO_0000019,,PubChem BioAssay data set,,,https://www.ebi.ac.uk/chembl/api/data/activity/14317040.json
14331018,CHEMBL63323,NIFLUMIC ACID,CHEMBL3879801,NON-PROTEIN TARGET,,CHEMBL3214813,F,PubChem BioAssay. qHTS profiling of the MIPE4 collection as inhibitors of Plasmodium falciparum (DD2) proliferation (Rep 2).   (Class of assay: confirmatory) ,Potency,,1.2,nM,,1,,0,CHEMBL1201862,1,BAO_0000019,,PubChem BioAssay data set,,,https://www.ebi.ac.uk/chembl/api/data/activity/14331018.json
14367173,CHEMBL63323,NIFLUMIC ACID,CHEMBL5619,DNA repair nuclease/redox regulator APEX1,Homo sapiens,CHEMBL1614211,F,PubChem BioAssay. qHTS Assay for Inhibitors of the Human Apurinic/apyrimidinic Endonuclease 1 (APE1).   (Class of assay: confirmatory) ,Potency,,1122.0,nM,,1,,0,CHEMBL1201862,8,BAO_0000019,,PubChem BioAssay data set,,,https://www.ebi.ac.uk/chembl/api/data/activity/14367173.json
14441379,CHEMBL63323,NIFLUMIC ACID,CHEMBL612545,Unchecked,,CHEMBL3214913,B,PubChem BioAssay. qHTS for Inhibitors of binding or entry into cells for Marburg Virus.   (Class of assay: confirmatory) ,Potency,,562.3,nM,,1,,0,CHEMBL1201862,0,BAO_0000019,,PubChem BioAssay data set,,,https://www.ebi.ac.uk/chembl/api/data/activity/14441379.json
14768397,CHEMBL63323,NIFLUMIC ACID,CHEMBL2362975,No relevant target,,CHEMBL3301363,P,"ASTRAZENECA: Octan-1-ol/water (pH7.4) distribution coefficent measured  by a shake flask method described in J. Biomol. Screen. 2011, 16, 348-355. Experimental range -1.5 to 4.5",LogD7.4,,1.0,,,1,,0,CHEMBL3301361,0,BAO_0000100,10.6019/CHEMBL3301361,Experimental in vitro DMPK and physicochemical data on a set of publicly disclosed compounds,,,https://www.ebi.ac.uk/chembl/api/data/activity/14768397.json
15452347,CHEMBL63323,NIFLUMIC ACID,CHEMBL614818,HEK293,Homo sapiens,CHEMBL3536497,A,Cytotoxicity against HEK293 cells expressing UGT1A3 assessed as decrease in cell viability at 1 mM measured at 24 hrs by MTT assay,Activity,,,,,0,,0,CHEMBL3526116,1,BAO_0000219,10.1124/dmd.110.035600,Toxicological evaluation of acyl glucuronides of nonsteroidal anti-inflammatory drugs using human embryonic kidney 293 cells stably expressing human UDP-glucuronosyltransferase and human hepatocytes.,2011,Drug Metab Dispos,https://www.ebi.ac.uk/chembl/api/data/activity/15452347.json
15454210,CHEMBL63323,NIFLUMIC ACID,CHEMBL1287617,UDP-glucuronosyltransferase 1A1,Homo sapiens,CHEMBL3531466,A,Inhibition of human recombinant UGT1A1 expressed in HEK293 cells assessed as reduction in estradiol 3-glucuronidation by LC-MS/MS method,IC50,=,13000.0,nM,4.89,1,,0,CHEMBL3526014,9,BAO_0000219,10.1124/dmd.110.035030,Correlation between bilirubin glucuronidation and estradiol-3-gluronidation in the presence of model UDP-glucuronosyltransferase 1A1 substrates/inhibitors.,2011,Drug Metab Dispos,https://www.ebi.ac.uk/chembl/api/data/activity/15454210.json
15454226,CHEMBL63323,NIFLUMIC ACID,CHEMBL1287617,UDP-glucuronosyltransferase 1A1,Homo sapiens,CHEMBL3531465,A,Inhibition of human recombinant UGT1A1 expressed in HEK293 cells assessed as reduction in bilirubin glucuronidation by LC-MS/MS method,IC50,=,53000.0,nM,4.28,1,,0,CHEMBL3526014,9,BAO_0000219,10.1124/dmd.110.035030,Correlation between bilirubin glucuronidation and estradiol-3-gluronidation in the presence of model UDP-glucuronosyltransferase 1A1 substrates/inhibitors.,2011,Drug Metab Dispos,https://www.ebi.ac.uk/chembl/api/data/activity/15454226.json
15498413,CHEMBL63323,NIFLUMIC ACID,CHEMBL612545,Unchecked,,CHEMBL3562119,F,"PubChem BioAssay. qHTS Assay for Identifying Compounds that block Entry of Ebola Virus, Screen 2 green channel.   (Class of assay: confirmatory) ",AC50,,44668.4,nM,,1,,0,CHEMBL1201862,0,BAO_0000019,,PubChem BioAssay data set,,,https://www.ebi.ac.uk/chembl/api/data/activity/15498413.json
15556891,CHEMBL63323,NIFLUMIC ACID,CHEMBL612545,Unchecked,,CHEMBL3561990,F,"PubChem BioAssay. qHTS Assay for Identifying Compounds that block Entry of Ebola Virus: Screen 2, green channel.   (Class of assay: confirmatory) ",AC50,,44668.36,nM,,1,,0,CHEMBL1201862,0,BAO_0000019,,PubChem BioAssay data set,,,https://www.ebi.ac.uk/chembl/api/data/activity/15556891.json
15587532,CHEMBL63323,NIFLUMIC ACID,CHEMBL612545,Unchecked,,CHEMBL3562064,F,"PubChem BioAssay. qHTS Assay for Identifying Compounds that block Entry of Ebola Virus: Screen 2, blue channel.   (Class of assay: confirmatory) ",AC50,,11220.18,nM,,1,,0,CHEMBL1201862,0,BAO_0000019,,PubChem BioAssay data set,,,https://www.ebi.ac.uk/chembl/api/data/activity/15587532.json
15593798,CHEMBL63323,NIFLUMIC ACID,CHEMBL612545,Unchecked,,CHEMBL3562152,F,"PubChem BioAssay. qHTS Assay for Identifying Compounds that block Entry of Ebola Virus: Screen2, ratio channel.   (Class of assay: confirmatory) ",AC50,,39810.72,nM,,1,,0,CHEMBL1201862,0,BAO_0000019,,PubChem BioAssay data set,,,https://www.ebi.ac.uk/chembl/api/data/activity/15593798.json
15597004,CHEMBL63323,NIFLUMIC ACID,CHEMBL612545,Unchecked,,CHEMBL3562136,F,"PubChem BioAssay. qHTS Assay for Identifying Compounds that block Entry of Ebola Virus, Screen 2 blue channel.   (Class of assay: confirmatory) ",AC50,,11220.2,nM,,1,,0,CHEMBL1201862,0,BAO_0000019,,PubChem BioAssay data set,,,https://www.ebi.ac.uk/chembl/api/data/activity/15597004.json
15597773,CHEMBL63323,NIFLUMIC ACID,CHEMBL612545,Unchecked,,CHEMBL3562146,F,"PubChem BioAssay. qHTS Assay for Identifying Compounds that block Entry of Ebola Virus, Screen 2 ratio channel.   (Class of assay: confirmatory) ",AC50,,39810.7,nM,,1,,0,CHEMBL1201862,0,BAO_0000019,,PubChem BioAssay data set,,,https://www.ebi.ac.uk/chembl/api/data/activity/15597773.json
15670979,CHEMBL63323,NIFLUMIC ACID,CHEMBL3194,Transthyretin,Homo sapiens,CHEMBL3602659,B,Binding affinity to TTR in human plasma assessed as protein stabilization preincubated for 1 hr followed by urea-mediated denaturation by Western blot analysis,IC50,=,130000.0,nM,,1,Outside typical range,0,CHEMBL3600283,9,BAO_0000357,10.1021/acs.jmedchem.5b00544,Enthalpic Forces Correlate with the Selectivity of Transthyretin-Stabilizing Ligands in Human Plasma.,2015,J Med Chem,https://www.ebi.ac.uk/chembl/api/data/activity/15670979.json
15670988,CHEMBL63323,NIFLUMIC ACID,CHEMBL3194,Transthyretin,Homo sapiens,CHEMBL3602658,B,Binding affinity to TTR (unknown origin) by isothermal titration calorimetric analysis,Kd,=,260.0,nM,6.58,1,,0,CHEMBL3600283,9,BAO_0000357,10.1021/acs.jmedchem.5b00544,Enthalpic Forces Correlate with the Selectivity of Transthyretin-Stabilizing Ligands in Human Plasma.,2015,J Med Chem,https://www.ebi.ac.uk/chembl/api/data/activity/15670988.json
16619960,CHEMBL63323,NIFLUMIC ACID,CHEMBL2321615,Potassium channel subfamily K member 2,Homo sapiens,CHEMBL3819809,B,Activation of TREK1 (unknown origin) expressed in HEK293 cells assessed as increase in current density at 100 uM relative to control,FC,=,2.8,,,0,,0,CHEMBL3817738,9,BAO_0000219,10.1021/acs.jmedchem.5b00671,Perspectives on the Two-Pore Domain Potassium Channel TREK-1 (TWIK-Related K(+) Channel 1). A Novel Therapeutic Target?,2016,J Med Chem,https://www.ebi.ac.uk/chembl/api/data/activity/16619960.json
16619972,CHEMBL63323,NIFLUMIC ACID,CHEMBL2321615,Potassium channel subfamily K member 2,Homo sapiens,CHEMBL3819809,B,Activation of TREK1 (unknown origin) expressed in HEK293 cells assessed as increase in current density at 100 uM relative to control,Activity,=,150.0,%,,0,,0,CHEMBL3817738,9,BAO_0000219,10.1021/acs.jmedchem.5b00671,Perspectives on the Two-Pore Domain Potassium Channel TREK-1 (TWIK-Related K(+) Channel 1). A Novel Therapeutic Target?,2016,J Med Chem,https://www.ebi.ac.uk/chembl/api/data/activity/16619972.json
16781284,CHEMBL63323,NIFLUMIC ACID,CHEMBL612546,Molecular identity unknown,,CHEMBL3865513,F,Induction of bone marrow cell differentiation isolated from ER-HOXA9 fusion protein expressed mouse harboring GFP-lysozyme assessed as upregulation of CD11b/MAC1 after 4 days by flow cytometry,EC50,>,20000.0,nM,,1,,0,CHEMBL3864183,3,BAO_0000219,10.1021/acsmedchemlett.6b00316,Development of ML390: A Human DHODH Inhibitor That Induces Differentiation in Acute Myeloid Leukemia.,2016,ACS Med Chem Lett,https://www.ebi.ac.uk/chembl/api/data/activity/16781284.json
16781304,CHEMBL63323,NIFLUMIC ACID,CHEMBL612794,U-937,Homo sapiens,CHEMBL3865514,F,Induction of human U937 cell differentiation after 4 days by flow cytometry,EC50,>,20000.0,nM,,1,,0,CHEMBL3864183,1,BAO_0000219,10.1021/acsmedchemlett.6b00316,Development of ML390: A Human DHODH Inhibitor That Induces Differentiation in Acute Myeloid Leukemia.,2016,ACS Med Chem Lett,https://www.ebi.ac.uk/chembl/api/data/activity/16781304.json
16781324,CHEMBL63323,NIFLUMIC ACID,CHEMBL614245,THP-1,Homo sapiens,CHEMBL3865515,F,Induction of human THP1 cell differentiation after 4 days by flow cytometry,EC50,>,20000.0,nM,,1,,0,CHEMBL3864183,1,BAO_0000219,10.1021/acsmedchemlett.6b00316,Development of ML390: A Human DHODH Inhibitor That Induces Differentiation in Acute Myeloid Leukemia.,2016,ACS Med Chem Lett,https://www.ebi.ac.uk/chembl/api/data/activity/16781324.json
16781349,CHEMBL63323,NIFLUMIC ACID,CHEMBL1966,"Dihydroorotate dehydrogenase (quinone), mitochondrial",Homo sapiens,CHEMBL3865521,B,Inhibition of human recombinant DHODH,IC50,=,17000.0,nM,4.77,1,,0,CHEMBL3864183,9,BAO_0000357,10.1021/acsmedchemlett.6b00316,Development of ML390: A Human DHODH Inhibitor That Induces Differentiation in Acute Myeloid Leukemia.,2016,ACS Med Chem Lett,https://www.ebi.ac.uk/chembl/api/data/activity/16781349.json
17654612,CHEMBL63323,NIFLUMIC ACID,CHEMBL3194,Transthyretin,Homo sapiens,CHEMBL3705442,B,"FP Assay: The FP assay was then adapted for HTS and used to screen ~120,000 small molecule library for compounds that displaced probe 5 from the T4 binding of TTR. The FP assay was performed in 384-well plate using very low concentration of probe 5 (1.5 nM) and TTR (50 nM) in a 10 μL assay volume. A detergent (0.01% Triton-X100) was added to the assay buffer to avoid any false positive hits from promiscuous, aggregate-based inhibitors. The assay demonstrated robust performance, with a very good dynamic range (−70-230 mP) and a Z′ factor in the range of 0.57-0.78 (FIGS. 4A and 4B). ""Hits"" were defined as compounds that resulted in at least 50% decrease in fluorescence polarization and demonstrated relative fluorescence between 70 and 130%. Many fluorescence quenchers and enhancers having less than 70% and greater than 130% total fluorescence relative to a control, respectively, were excluded from the hit list. 200 compounds were designated as positive hits (0.167% hit rate).",IC50,=,289.0,nM,6.54,1,,0,CHEMBL3639369,8,BAO_0000357,,Identification of stabilizers of multimeric proteins,2014,,https://www.ebi.ac.uk/chembl/api/data/activity/17654612.json
18283311,CHEMBL63323,NIFLUMIC ACID,CHEMBL4295828,Transcriptional enhancer factor TEF-3,Homo sapiens,CHEMBL4120896,B,Binding affinity to human His-tagged TEAD4 YBD (217 to 434 residues) expressed in Escherichia coli BL21(DE3) after 30 mins by ITC assay,Kd,=,28000.0,nM,4.55,1,,0,CHEMBL4118099,9,BAO_0000019,10.1021/acs.jmedchem.7b00879,Targeting Transcriptional Enhanced Associate Domains (TEADs).,2018,J Med Chem,https://www.ebi.ac.uk/chembl/api/data/activity/18283311.json
18827746,CHEMBL63323,NIFLUMIC ACID,CHEMBL4303835,SARS-CoV-2,Severe acute respiratory syndrome coronavirus 2,CHEMBL4303819,F,Inhibition of cell viability relative to arbidol control (inhibition index > 1 indicates higher activity) measured by fluorescence (OD590nm) in Vero E6 cells infected with SARS-CoV-2 (strain BavPat1) at MOI 0.002 after 72hrs,Inhibition index,=,0.07479,,,0,,0,CHEMBL4303097,1,BAO_0000218,10.1101/2020.04.03.023846,In vitro screening of a FDA approved chemical library reveals potential inhibitors of SARS-CoV-2 replication,2020,,https://www.ebi.ac.uk/chembl/api/data/activity/18827746.json
18830076,CHEMBL63323,NIFLUMIC ACID,CHEMBL4303835,SARS-CoV-2,Severe acute respiratory syndrome coronavirus 2,CHEMBL4303805,F,Antiviral activity determined as inhibition of SARS-CoV-2 induced cytotoxicity of Caco-2 cells at 10 uM after 48 hours by high content imaging,Inhibition,=,7.93,%,,1,,0,CHEMBL4303101,1,BAO_0000218,10.21203/rs.3.rs-23951/v1,Identification of inhibitors of SARS-CoV-2 in-vitro cellular toxicity in human (Caco-2) cells using a large scale drug repurposing collection,2020,,https://www.ebi.ac.uk/chembl/api/data/activity/18830076.json
19323123,CHEMBL63323,NIFLUMIC ACID,CHEMBL4523138,Pendrin,Homo sapiens,CHEMBL4418131,B,Inhibition of human pendrin expressed in FRT cells co-expressing EYFP-HIF assessed as reduction in pendrin-mediated anion exchange at 100 uM incubated for 10 mins by pH-sensitive fluorescent probe BCECF-AM based fluorescence assay relative to control,Inhibition,<,40.0,%,,1,,0,CHEMBL4417636,9,BAO_0000219,,Small molecule inhibitors of pendrin ion exchange and pharmaceutical compositions,2017,,https://www.ebi.ac.uk/chembl/api/data/activity/19323123.json
19355933,CHEMBL63323,NIFLUMIC ACID,CHEMBL4523228,Transcription factor SOX-18,Mus musculus,CHEMBL4421213,B,"Competitive binding affinity to full-length mouse SOX18 expressed in Sf9 cells assessed as reduction in SOX1 8- DNA binding using FAM-labelled Prox1 -DNA element incubated for 5 mins in dark at room temperature, 10 mins at 37 degC and 30 mins at room temperature by fluorescence polarization assay",IC50,=,375000.0,nM,,1,Outside typical range,0,CHEMBL4420080,9,BAO_0000219,,Inhibitors of sox18 protein activity for treating angiogenesis- and/or lymphangiogenesis-related diseases,2018,,https://www.ebi.ac.uk/chembl/api/data/activity/19355933.json
19355937,CHEMBL63323,NIFLUMIC ACID,CHEMBL4523228,Transcription factor SOX-18,Mus musculus,CHEMBL4421210,B,"Competitive binding affinity to full-length mouse SOX18 expressed in Sf9 cells assessed as reduction in SOX1 8- DNA binding using FAM-labelled Prox1 -DNA element at 1 to 1000 uM incubated for 5 mins in dark at room temperature, 10 mins at 37 degC and 30 mins at room temperature by fluorescence polarization assay",Activity,,,,,0,,0,CHEMBL4420080,9,BAO_0000219,,Inhibitors of sox18 protein activity for treating angiogenesis- and/or lymphangiogenesis-related diseases,2018,,https://www.ebi.ac.uk/chembl/api/data/activity/19355937.json
19355958,CHEMBL63323,NIFLUMIC ACID,CHEMBL4523228,Transcription factor SOX-18,Mus musculus,CHEMBL4421215,B,Inhibition of mouse SOX18 expressed in African green monkey COS7 cells assessed as reduction in SOX18 transcriptional activity by luciferase reporter gene assay,IC50,=,50500.0,nM,4.30,1,,0,CHEMBL4420080,9,BAO_0000219,,Inhibitors of sox18 protein activity for treating angiogenesis- and/or lymphangiogenesis-related diseases,2018,,https://www.ebi.ac.uk/chembl/api/data/activity/19355958.json
19355967,CHEMBL63323,NIFLUMIC ACID,CHEMBL614564,COS-7,Chlorocebus aethiops,CHEMBL4421216,A,Cytotoxicity in African green monkey COS7 cells assessed as reduction in cell viability incubated for 24 hrs by Alamar blue dye based assay,CC50,>,200000.0,nM,,1,,0,CHEMBL4420080,1,BAO_0000219,,Inhibitors of sox18 protein activity for treating angiogenesis- and/or lymphangiogenesis-related diseases,2018,,https://www.ebi.ac.uk/chembl/api/data/activity/19355967.json
19956695,CHEMBL63323,NIFLUMIC ACID,CHEMBL4523582,Replicase polyprotein 1ab,Severe acute respiratory syndrome coronavirus 2,CHEMBL4495582,F,SARS-CoV-2 3CL-Pro protease inhibition percentage at 20µM  by FRET kind of response from peptide substrate,Inhibition,=,2.65,%,,1,,0,CHEMBL4495564,9,BAO_0000019,10.6019/CHEMBL4495564,Identification of inhibitors of SARS-Cov2 M-Pro enzymatic activity using a small molecule repurposing screen,2020,,https://www.ebi.ac.uk/chembl/api/data/activity/19956695.json
19964112,CHEMBL63323,NIFLUMIC ACID,CHEMBL4523582,Replicase polyprotein 1ab,Severe acute respiratory syndrome coronavirus 2,CHEMBL4495582,F,SARS-CoV-2 3CL-Pro protease inhibition percentage at 20µM  by FRET kind of response from peptide substrate,Inhibition,=,10.55,%,,1,,0,CHEMBL4495564,9,BAO_0000019,10.6019/CHEMBL4495564,Identification of inhibitors of SARS-Cov2 M-Pro enzymatic activity using a small molecule repurposing screen,2020,,https://www.ebi.ac.uk/chembl/api/data/activity/19964112.json
20145965,CHEMBL63323,NIFLUMIC ACID,CHEMBL4303835,SARS-CoV-2,Severe acute respiratory syndrome coronavirus 2,CHEMBL4513082,F,Antiviral activity determined as inhibition of SARS-CoV-2 induced cytotoxicity of VERO-6 cells at 10 uM after 48 hours exposure to 0.01 MOI SARS CoV-2 virus by high content imaging,Inhibition,=,-0.01,%,,1,,0,CHEMBL4495565,1,BAO_0000218,10.6019/CHEMBL4495565,Cytopathic SARS-Cov2 screening on VERO-E6 cells in a large repurposing effort,2020,,https://www.ebi.ac.uk/chembl/api/data/activity/20145965.json
20151282,CHEMBL63323,NIFLUMIC ACID,CHEMBL4303835,SARS-CoV-2,Severe acute respiratory syndrome coronavirus 2,CHEMBL4513082,F,Antiviral activity determined as inhibition of SARS-CoV-2 induced cytotoxicity of VERO-6 cells at 10 uM after 48 hours exposure to 0.01 MOI SARS CoV-2 virus by high content imaging,Inhibition,=,0.0,%,,1,,0,CHEMBL4495565,1,BAO_0000218,10.6019/CHEMBL4495565,Cytopathic SARS-Cov2 screening on VERO-E6 cells in a large repurposing effort,2020,,https://www.ebi.ac.uk/chembl/api/data/activity/20151282.json
22072475,CHEMBL63323,NIFLUMIC ACID,CHEMBL4303835,SARS-CoV-2,Severe acute respiratory syndrome coronavirus 2,CHEMBL4513082,F,Antiviral activity determined as inhibition of SARS-CoV-2 induced cytotoxicity of VERO-6 cells at 10 uM after 48 hours exposure to 0.01 MOI SARS CoV-2 virus by high content imaging,Inhibition,=,-0.01,%,,1,,0,CHEMBL4495565,1,BAO_0000218,10.6019/CHEMBL4495565,Cytopathic SARS-Cov2 screening on VERO-E6 cells in a large repurposing effort,2020,,https://www.ebi.ac.uk/chembl/api/data/activity/22072475.json
22079892,CHEMBL63323,NIFLUMIC ACID,CHEMBL4303835,SARS-CoV-2,Severe acute respiratory syndrome coronavirus 2,CHEMBL4513082,F,Antiviral activity determined as inhibition of SARS-CoV-2 induced cytotoxicity of VERO-6 cells at 10 uM after 48 hours exposure to 0.01 MOI SARS CoV-2 virus by high content imaging,Inhibition,=,0.0,%,,1,,0,CHEMBL4495565,1,BAO_0000218,10.6019/CHEMBL4495565,Cytopathic SARS-Cov2 screening on VERO-E6 cells in a large repurposing effort,2020,,https://www.ebi.ac.uk/chembl/api/data/activity/22079892.json
22082340,CHEMBL63323,NIFLUMIC ACID,CHEMBL4303835,SARS-CoV-2,Severe acute respiratory syndrome coronavirus 2,CHEMBL4651403,F,Antiviral activity determined as inhibition of SARS-CoV-2 induced cytotoxicity of VERO-6 cells at 10 uM after 48 hours exposure to 0.01 MOI SARS CoV-2 virus by high content imaging,IC50,>,20000.0,nM,,1,,0,CHEMBL4651402,1,BAO_0000218,10.6019/CHEMBL4651402,Screening of ~5500 FDA-approved drugs and clinical candidates for anti-SARS-CoV-2 activity,2021,,https://www.ebi.ac.uk/chembl/api/data/activity/22082340.json
22082341,CHEMBL63323,NIFLUMIC ACID,CHEMBL4303835,SARS-CoV-2,Severe acute respiratory syndrome coronavirus 2,CHEMBL4651403,F,Antiviral activity determined as inhibition of SARS-CoV-2 induced cytotoxicity of VERO-6 cells at 10 uM after 48 hours exposure to 0.01 MOI SARS CoV-2 virus by high content imaging,IC50,>,19952.62,nM,,1,,0,CHEMBL4651402,1,BAO_0000218,10.6019/CHEMBL4651402,Screening of ~5500 FDA-approved drugs and clinical candidates for anti-SARS-CoV-2 activity,2021,,https://www.ebi.ac.uk/chembl/api/data/activity/22082341.json
22407604,CHEMBL63323,NIFLUMIC ACID,CHEMBL4295828,Transcriptional enhancer factor TEF-3,Homo sapiens,CHEMBL4670812,B,Binding affinity to N-terminal His6-tagged human TEAD4 YAP binding domain (217 to 434 residues) expressed in Escherichia coli C43 (DE3) cells by ITC method,Kd,=,28000.0,nM,4.55,1,,1,CHEMBL4665803,9,BAO_0000219,10.1021/acs.jmedchem.0c01275,Discovery of Covalent Inhibitors Targeting the Transcriptional Enhanced Associate Domain Central Pocket.,2020,J Med Chem,https://www.ebi.ac.uk/chembl/api/data/activity/22407604.json
22407608,CHEMBL63323,NIFLUMIC ACID,CHEMBL4295828,Transcriptional enhancer factor TEF-3,Homo sapiens,CHEMBL4670813,B,Inhibition of CPM binding to N-terminal His6-tagged human TEAD4 (217 to 434 residues) expressed in Escherichia coli BL21-CodonPlus (DE3)-RIPL cells preincubated for 10 mins followed by CPM addition and measured after 1 hr by fluorescence assay,IC50,=,41900.0,nM,4.38,1,,0,CHEMBL4665803,9,BAO_0000219,10.1021/acs.jmedchem.0c01275,Discovery of Covalent Inhibitors Targeting the Transcriptional Enhanced Associate Domain Central Pocket.,2020,J Med Chem,https://www.ebi.ac.uk/chembl/api/data/activity/22407608.json
22407621,CHEMBL63323,NIFLUMIC ACID,CHEMBL4295828,Transcriptional enhancer factor TEF-3,Homo sapiens,CHEMBL4670813,B,Inhibition of CPM binding to N-terminal His6-tagged human TEAD4 (217 to 434 residues) expressed in Escherichia coli BL21-CodonPlus (DE3)-RIPL cells preincubated for 10 mins followed by CPM addition and measured after 1 hr by fluorescence assay,Inhibition,,,%,,0,,0,CHEMBL4665803,9,BAO_0000219,10.1021/acs.jmedchem.0c01275,Discovery of Covalent Inhibitors Targeting the Transcriptional Enhanced Associate Domain Central Pocket.,2020,J Med Chem,https://www.ebi.ac.uk/chembl/api/data/activity/22407621.json
22407683,CHEMBL63323,NIFLUMIC ACID,CHEMBL4295828,Transcriptional enhancer factor TEF-3,Homo sapiens,CHEMBL4670815,B,Inhibition of FITC-labeled palmitate tracer binding to N-terminal His6-tagged human TEAD4 (217 to 434 residues) expressed in Escherichia coli BL21-CodonPlus (DE3)-RIPL cells preincubated for 10 mins followed by FITC-labeled palmitate tracer addition and measured after 1 hr by fluorescence assay,IC50,=,5900.0,nM,5.23,1,,0,CHEMBL4665803,9,BAO_0000219,10.1021/acs.jmedchem.0c01275,Discovery of Covalent Inhibitors Targeting the Transcriptional Enhanced Associate Domain Central Pocket.,2020,J Med Chem,https://www.ebi.ac.uk/chembl/api/data/activity/22407683.json
23134821,CHEMBL63323,NIFLUMIC ACID,CHEMBL1865,Protein deacetylase HDAC6,Homo sapiens,CHEMBL4808149,B,Enzymatic assay of human HDAC6 with commercial peptide substrate,Inhibition,=,74.77,%,,1,,0,CHEMBL4808148,9,BAO_0000357,10.6019/CHEMBL4808148,HDAC6 screening dataset using tau-based substrate in an enzymatic assay yields selective inhibitors and activators,2021,,https://www.ebi.ac.uk/chembl/api/data/activity/23134821.json
23138495,CHEMBL63323,NIFLUMIC ACID,CHEMBL1865,Protein deacetylase HDAC6,Homo sapiens,CHEMBL4808150,B,Enzymatic assay of human HDAC6 with custom peptide substrate,Inhibition,=,0.95,%,,1,,0,CHEMBL4808148,9,BAO_0000357,10.6019/CHEMBL4808148,HDAC6 screening dataset using tau-based substrate in an enzymatic assay yields selective inhibitors and activators,2021,,https://www.ebi.ac.uk/chembl/api/data/activity/23138495.json
23140714,CHEMBL63323,NIFLUMIC ACID,CHEMBL1865,Protein deacetylase HDAC6,Homo sapiens,CHEMBL4808151,B,Hit confirmation of the active molecules of the enzymatic assay of human HDAC6 with custom peptide substrate,Inhibition,=,-34.38,%,,1,Outside typical range,0,CHEMBL4808148,9,BAO_0000357,10.6019/CHEMBL4808148,HDAC6 screening dataset using tau-based substrate in an enzymatic assay yields selective inhibitors and activators,2021,,https://www.ebi.ac.uk/chembl/api/data/activity/23140714.json
24356895,CHEMBL63323,NIFLUMIC ACID,CHEMBL4295828,Transcriptional enhancer factor TEF-3,Homo sapiens,CHEMBL5033528,B,Binding affinity to His-tagged TEAD4 YPD domain (217 to 434 residues) (unknown origin) expressed in Escherichia coli BL21 (DE3) by isothermal titration calorimetry,Kd,=,28000.0,nM,4.55,1,,1,CHEMBL5032518,9,BAO_0000019,10.1016/j.ejmech.2021.113835,Discovery of a cryptic site at the interface 2 of TEAD - Towards a new family of YAP/TAZ-TEAD inhibitors.,2021,Eur J Med Chem,https://www.ebi.ac.uk/chembl/api/data/activity/24356895.json
24356904,CHEMBL63323,NIFLUMIC ACID,CHEMBL4523301,Transcriptional enhancer factor TEF-4,Homo sapiens,CHEMBL5033532,B,Binding affinity to external surface of N-terminal His6-tagged human TEAD2 (217 to 447 residues) expressed in Escherichia coli BL21(DE3) assessed as melting temperature by Nano Differential scanning fluorometry,Tm,=,50.3,degrees C,,0,,0,CHEMBL5032518,9,BAO_0000019,10.1016/j.ejmech.2021.113835,Discovery of a cryptic site at the interface 2 of TEAD - Towards a new family of YAP/TAZ-TEAD inhibitors.,2021,Eur J Med Chem,https://www.ebi.ac.uk/chembl/api/data/activity/24356904.json
24930848,CHEMBL63323,NIFLUMIC ACID,CHEMBL4523359,Solute carrier family 26 member 9,Homo sapiens,CHEMBL5209598,F,Chloride uptake by the Anion Transporter/Exchanger Protein 9 (SLC26A9) as assessed by a Cl- sensitive FRET (Fluorescence Resonance Energy Transfer) sensor (SuperClomeleon) in HEK-293 cells stably transfected with SLC26A9 (PubChem AID: 1794832),Inhibition (500 µM),>,30.0,%,,0,,0,CHEMBL5209566,9,BAO_0000219,10.5281/zenodo.7389993,Superclomeleon biosensor-based assay for SLC26A9 using HEK293 SLC26A9 JumpIn OE cells,2022,,https://www.ebi.ac.uk/chembl/api/data/activity/24930848.json
24996401,CHEMBL63323,NIFLUMIC ACID,CHEMBL612545,Unchecked,,CHEMBL5231874,F,Anti-inflammatory activity in rat FRT cells assessed as inhibition of IL-4 stimulation of Cl-/SCN- exchange at 100 uM,Inhibition,<,40.0,%,,1,,0,CHEMBL5230131,0,BAO_0000219,10.1016/j.ejmech.2020.112855,Modern trends in diuretics development.,2020,Eur J Med Chem,https://www.ebi.ac.uk/chembl/api/data/activity/24996401.json
24996402,CHEMBL63323,NIFLUMIC ACID,CHEMBL612545,Unchecked,,CHEMBL5231875,F,Anti-inflammatory activity in Normal human bronchial epithelial cell assessed as inhibition of IL-4 stimulation of Cl-/SCN- exchange at 100 uM,Inhibition,<,40.0,%,,1,,0,CHEMBL5230131,0,BAO_0000219,10.1016/j.ejmech.2020.112855,Modern trends in diuretics development.,2020,Eur J Med Chem,https://www.ebi.ac.uk/chembl/api/data/activity/24996402.json
25031888,CHEMBL63323,NIFLUMIC ACID,CHEMBL2176858,C-type lectin domain family 4 member M,Homo sapiens,CHEMBL5242012,B,Inhibition of human DC-SIGN overexpressed in human Raji cells incubated for 30 mins by flow cytometry,IC50,=,610000.0,nM,,1,Outside typical range,0,CHEMBL5241084,9,BAO_0000219,10.1016/j.ejmech.2021.113561,Non-carbohydrate strategies to inhibit lectin proteins with special emphasis on galectins.,2021,Eur J Med Chem,https://www.ebi.ac.uk/chembl/api/data/activity/25031888.json
25031907,CHEMBL63323,NIFLUMIC ACID,CHEMBL2176853,C-type lectin domain family 4 member K,Homo sapiens,CHEMBL5242013,B,Inhibition of human Langerin overexpressed in human Raji cells incubated for 30 mins by flow cytometry,IC50,=,590000.0,nM,,1,Outside typical range,0,CHEMBL5241084,9,BAO_0000219,10.1016/j.ejmech.2021.113561,Non-carbohydrate strategies to inhibit lectin proteins with special emphasis on galectins.,2021,Eur J Med Chem,https://www.ebi.ac.uk/chembl/api/data/activity/25031907.json
25116879,CHEMBL63323,NIFLUMIC ACID,CHEMBL4607,Type-2 angiotensin II receptor,Homo sapiens,CHEMBL5291745,F,"Compound was evaluated for inhibition of human AGTR2 in an in vitro assay with cellular components measured by membrane filtration, radioactivity method",AC50,>,100000.0,nM,,1,,0,CHEMBL5291721,8,BAO_0000019,10.1038/s41467-023-40064-9,A preclinical secondary pharmacology resource illuminates target-adverse drug reaction associations of marketed drugs.,2023,Nat Commun,https://www.ebi.ac.uk/chembl/api/data/activity/25116879.json
25117598,CHEMBL63323,NIFLUMIC ACID,CHEMBL240,Voltage-gated inwardly rectifying potassium channel KCNH2,Homo sapiens,CHEMBL5291828,F,"Compound was evaluated for inhibition of human KCNH2 in an in vitro assay with cellular components measured by membrane filtration, radioactivity method",AC50,>,30000.0,nM,,1,,0,CHEMBL5291721,8,BAO_0000019,10.1038/s41467-023-40064-9,A preclinical secondary pharmacology resource illuminates target-adverse drug reaction associations of marketed drugs.,2023,Nat Commun,https://www.ebi.ac.uk/chembl/api/data/activity/25117598.json
25119446,CHEMBL63323,NIFLUMIC ACID,CHEMBL3762,Voltage-dependent L-type calcium channel subunit alpha-1C,Rattus norvegicus,CHEMBL5291755,F,Compound was evaluated for inhibition of rat Cacna1c in an in vitro assay with cellular components measured by membrane filtration,AC50,>,10000.0,nM,,1,,0,CHEMBL5291721,8,BAO_0000019,10.1038/s41467-023-40064-9,A preclinical secondary pharmacology resource illuminates target-adverse drug reaction associations of marketed drugs.,2023,Nat Commun,https://www.ebi.ac.uk/chembl/api/data/activity/25119446.json
25120441,CHEMBL63323,NIFLUMIC ACID,CHEMBL330,"Glutamate receptor ionotropic, NMDA 1",Rattus norvegicus,CHEMBL5291805,B,Binding affinity towards rat Grin1 in an in vitro assay with cellular components measured by membrane filtration,AC50,>,10000.0,nM,,1,,0,CHEMBL5291721,8,BAO_0000019,10.1038/s41467-023-40064-9,A preclinical secondary pharmacology resource illuminates target-adverse drug reaction associations of marketed drugs.,2023,Nat Commun,https://www.ebi.ac.uk/chembl/api/data/activity/25120441.json
25121594,CHEMBL63323,NIFLUMIC ACID,CHEMBL213,Beta-1 adrenergic receptor,Homo sapiens,CHEMBL5291740,F,Compound was evaluated for inhibition of human ADRB1 in an in vitro assay measured by radioactivity method,AC50,>,10000.0,nM,,1,,0,CHEMBL5291721,8,BAO_0000019,10.1038/s41467-023-40064-9,A preclinical secondary pharmacology resource illuminates target-adverse drug reaction associations of marketed drugs.,2023,Nat Commun,https://www.ebi.ac.uk/chembl/api/data/activity/25121594.json
25122728,CHEMBL63323,NIFLUMIC ACID,CHEMBL210,Beta-2 adrenergic receptor,Homo sapiens,CHEMBL5291742,B,Binding affinity towards human ADRB2 in an in vitro assay with cellular components measured by radioactivity method,AC50,>,10000.0,nM,,1,,0,CHEMBL5291721,8,BAO_0000357,10.1038/s41467-023-40064-9,A preclinical secondary pharmacology resource illuminates target-adverse drug reaction associations of marketed drugs.,2023,Nat Commun,https://www.ebi.ac.uk/chembl/api/data/activity/25122728.json
25123765,CHEMBL63323,NIFLUMIC ACID,CHEMBL238,Sodium-dependent dopamine transporter,Homo sapiens,CHEMBL5291890,B,Binding affinity towards human SLC6A3 in an in vitro assay with cellular components measured by scintillation counting,AC50,>,10000.0,nM,,1,,0,CHEMBL5291721,8,BAO_0000357,10.1038/s41467-023-40064-9,A preclinical secondary pharmacology resource illuminates target-adverse drug reaction associations of marketed drugs.,2023,Nat Commun,https://www.ebi.ac.uk/chembl/api/data/activity/25123765.json
25125917,CHEMBL63323,NIFLUMIC ACID,CHEMBL1882,Neuronal acetylcholine receptor subunit alpha-4,Homo sapiens,CHEMBL5291770,B,Binding affinity towards human CHRNA4 in an in vitro assay with cellular components measured by scintillation proximity assay,AC50,>,10000.0,nM,,1,,0,CHEMBL5291721,8,BAO_0000357,10.1038/s41467-023-40064-9,A preclinical secondary pharmacology resource illuminates target-adverse drug reaction associations of marketed drugs.,2023,Nat Commun,https://www.ebi.ac.uk/chembl/api/data/activity/25125917.json
25127874,CHEMBL63323,NIFLUMIC ACID,CHEMBL343,Gamma-aminobutyric acid receptor subunit alpha-1,Rattus norvegicus,CHEMBL5291798,B,Binding affinity towards rat Gabra1 in an in vitro assay with cellular components measured by membrane filtration,AC50,>,10000.0,nM,,1,,0,CHEMBL5291721,8,BAO_0000019,10.1038/s41467-023-40064-9,A preclinical secondary pharmacology resource illuminates target-adverse drug reaction associations of marketed drugs.,2023,Nat Commun,https://www.ebi.ac.uk/chembl/api/data/activity/25127874.json
25129257,CHEMBL63323,NIFLUMIC ACID,CHEMBL237,Kappa-type opioid receptor,Homo sapiens,CHEMBL5291853,B,"Binding affinity towards human OPRK1 in an in vitro assay with cellular components measured by membrane filtration, scintillation proximity assay",AC50,>,10000.0,nM,,1,,0,CHEMBL5291721,8,BAO_0000019,10.1038/s41467-023-40064-9,A preclinical secondary pharmacology resource illuminates target-adverse drug reaction associations of marketed drugs.,2023,Nat Commun,https://www.ebi.ac.uk/chembl/api/data/activity/25129257.json
25130413,CHEMBL63323,NIFLUMIC ACID,CHEMBL343,Gamma-aminobutyric acid receptor subunit alpha-1,Rattus norvegicus,CHEMBL5291801,F,Compound was evaluated for inhibition of rat Gabra1 in an in vitro assay with cellular components measured by membrane filtration,AC50,>,10000.0,nM,,1,,0,CHEMBL5291721,8,BAO_0000019,10.1038/s41467-023-40064-9,A preclinical secondary pharmacology resource illuminates target-adverse drug reaction associations of marketed drugs.,2023,Nat Commun,https://www.ebi.ac.uk/chembl/api/data/activity/25130413.json
25131623,CHEMBL63323,NIFLUMIC ACID,CHEMBL225,5-hydroxytryptamine receptor 2C,Homo sapiens,CHEMBL5291823,B,Binding affinity towards human HTR2C in an in vitro assay with cellular components measured by radioactivity method,AC50,>,30000.0,nM,,1,,0,CHEMBL5291721,8,BAO_0000357,10.1038/s41467-023-40064-9,A preclinical secondary pharmacology resource illuminates target-adverse drug reaction associations of marketed drugs.,2023,Nat Commun,https://www.ebi.ac.uk/chembl/api/data/activity/25131623.json
25132824,CHEMBL63323,NIFLUMIC ACID,CHEMBL226,Adenosine receptor A1,Homo sapiens,CHEMBL5291724,B,Binding affinity towards human ADORA1 in an in vitro assay with cellular components measured by scintillation proximity assay,AC50,>,10000.0,nM,,1,,0,CHEMBL5291721,8,BAO_0000357,10.1038/s41467-023-40064-9,A preclinical secondary pharmacology resource illuminates target-adverse drug reaction associations of marketed drugs.,2023,Nat Commun,https://www.ebi.ac.uk/chembl/api/data/activity/25132824.json
25134024,CHEMBL63323,NIFLUMIC ACID,CHEMBL256,Adenosine receptor A3,Homo sapiens,CHEMBL5291727,B,Binding affinity towards human ADORA3 in an in vitro assay with cellular components measured by scintillation proximity assay,AC50,>,10000.0,nM,,1,,0,CHEMBL5291721,8,BAO_0000357,10.1038/s41467-023-40064-9,A preclinical secondary pharmacology resource illuminates target-adverse drug reaction associations of marketed drugs.,2023,Nat Commun,https://www.ebi.ac.uk/chembl/api/data/activity/25134024.json
25135262,CHEMBL63323,NIFLUMIC ACID,CHEMBL216,Muscarinic acetylcholine receptor M1,Homo sapiens,CHEMBL5291763,F,Compound was evaluated for inhibition of human CHRM1 in an in vitro assay with cellular components measured by scintillation proximity assay,AC50,>,10000.0,nM,,1,,0,CHEMBL5291721,8,BAO_0000019,10.1038/s41467-023-40064-9,A preclinical secondary pharmacology resource illuminates target-adverse drug reaction associations of marketed drugs.,2023,Nat Commun,https://www.ebi.ac.uk/chembl/api/data/activity/25135262.json
25136510,CHEMBL63323,NIFLUMIC ACID,CHEMBL245,Muscarinic acetylcholine receptor M3,Homo sapiens,CHEMBL5291767,B,Binding affinity towards human CHRM3 in an in vitro assay with cellular components measured by scintillation proximity assay,AC50,>,30000.0,nM,,1,,0,CHEMBL5291721,8,BAO_0000357,10.1038/s41467-023-40064-9,A preclinical secondary pharmacology resource illuminates target-adverse drug reaction associations of marketed drugs.,2023,Nat Commun,https://www.ebi.ac.uk/chembl/api/data/activity/25136510.json
25137821,CHEMBL63323,NIFLUMIC ACID,CHEMBL229,Alpha-1A adrenergic receptor,Homo sapiens,CHEMBL5291732,B,Binding affinity towards human ADRA1A in an in vitro assay with cellular components (NIBR assay) measured by scintillation proximity assay,AC50,>,10000.0,nM,,1,,0,CHEMBL5291721,8,BAO_0000357,10.1038/s41467-023-40064-9,A preclinical secondary pharmacology resource illuminates target-adverse drug reaction associations of marketed drugs.,2023,Nat Commun,https://www.ebi.ac.uk/chembl/api/data/activity/25137821.json
25140142,CHEMBL63323,NIFLUMIC ACID,CHEMBL217,D(2) dopamine receptor,Homo sapiens,CHEMBL5291781,B,"Binding affinity towards human DRD2 in an in vitro assay with cellular components measured by membrane filtration, scintillation proximity assay",AC50,>,10000.0,nM,,1,,0,CHEMBL5291721,8,BAO_0000019,10.1038/s41467-023-40064-9,A preclinical secondary pharmacology resource illuminates target-adverse drug reaction associations of marketed drugs.,2023,Nat Commun,https://www.ebi.ac.uk/chembl/api/data/activity/25140142.json
25141361,CHEMBL63323,NIFLUMIC ACID,CHEMBL1997,Equilibrative nucleoside transporter 1,Homo sapiens,CHEMBL5291880,B,Binding affinity towards human SLC29A1 in an in vitro assay with cellular components measured by scintillation proximity assay,AC50,>,10000.0,nM,,1,,0,CHEMBL5291721,8,BAO_0000357,10.1038/s41467-023-40064-9,A preclinical secondary pharmacology resource illuminates target-adverse drug reaction associations of marketed drugs.,2023,Nat Commun,https://www.ebi.ac.uk/chembl/api/data/activity/25141361.json
25143516,CHEMBL63323,NIFLUMIC ACID,CHEMBL1942,Alpha-2B adrenergic receptor,Homo sapiens,CHEMBL5291737,B,Binding affinity towards human ADRA2B in an in vitro assay with cellular components measured by scintillation proximity assay,AC50,>,10000.0,nM,,1,,0,CHEMBL5291721,8,BAO_0000357,10.1038/s41467-023-40064-9,A preclinical secondary pharmacology resource illuminates target-adverse drug reaction associations of marketed drugs.,2023,Nat Commun,https://www.ebi.ac.uk/chembl/api/data/activity/25143516.json
25144815,CHEMBL63323,NIFLUMIC ACID,CHEMBL222,Sodium-dependent noradrenaline transporter,Homo sapiens,CHEMBL5291891,B,Binding affinity towards human SLC6A2 in an in vitro assay with cellular components measured by scintillation counting,AC50,>,10000.0,nM,,1,,0,CHEMBL5291721,8,BAO_0000357,10.1038/s41467-023-40064-9,A preclinical secondary pharmacology resource illuminates target-adverse drug reaction associations of marketed drugs.,2023,Nat Commun,https://www.ebi.ac.uk/chembl/api/data/activity/25144815.json
25146816,CHEMBL63323,NIFLUMIC ACID,CHEMBL233,Mu-type opioid receptor,Homo sapiens,CHEMBL5291854,F,Agonist activity at human OPRM1 in an in vitro assay with cellular components measured by scintillation proximity assay,AC50,>,30000.0,nM,,1,,0,CHEMBL5291721,8,BAO_0000019,10.1038/s41467-023-40064-9,A preclinical secondary pharmacology resource illuminates target-adverse drug reaction associations of marketed drugs.,2023,Nat Commun,https://www.ebi.ac.uk/chembl/api/data/activity/25146816.json
25147686,CHEMBL63323,NIFLUMIC ACID,CHEMBL1916,Alpha-2C adrenergic receptor,Homo sapiens,CHEMBL5291738,F,Compound was evaluated for inhibition of human ADRA2C in an in vitro assay with cellular components measured by membrane filtration,AC50,>,10000.0,nM,,1,,0,CHEMBL5291721,8,BAO_0000019,10.1038/s41467-023-40064-9,A preclinical secondary pharmacology resource illuminates target-adverse drug reaction associations of marketed drugs.,2023,Nat Commun,https://www.ebi.ac.uk/chembl/api/data/activity/25147686.json
25148938,CHEMBL63323,NIFLUMIC ACID,CHEMBL1899,5-hydroxytryptamine receptor 3A,Homo sapiens,CHEMBL5291824,F,"Compound was evaluated for inhibition of human HTR3A in an in vitro assay with cellular components measured by membrane filtration, radioactivity method",AC50,>,30000.0,nM,,1,,0,CHEMBL5291721,8,BAO_0000019,10.1038/s41467-023-40064-9,A preclinical secondary pharmacology resource illuminates target-adverse drug reaction associations of marketed drugs.,2023,Nat Commun,https://www.ebi.ac.uk/chembl/api/data/activity/25148938.json
25150151,CHEMBL63323,NIFLUMIC ACID,CHEMBL228,Sodium-dependent serotonin transporter,Homo sapiens,CHEMBL5291892,B,Binding affinity towards human SLC6A4 in an in vitro assay with cellular components measured by scintillation counting,AC50,>,10000.0,nM,,1,,0,CHEMBL5291721,8,BAO_0000357,10.1038/s41467-023-40064-9,A preclinical secondary pharmacology resource illuminates target-adverse drug reaction associations of marketed drugs.,2023,Nat Commun,https://www.ebi.ac.uk/chembl/api/data/activity/25150151.json
25152295,CHEMBL63323,NIFLUMIC ACID,CHEMBL251,Adenosine receptor A2a,Homo sapiens,CHEMBL5291726,B,Binding affinity towards human ADORA2A in an in vitro assay with cellular components measured by scintillation proximity assay,AC50,>,10000.0,nM,,1,,0,CHEMBL5291721,8,BAO_0000357,10.1038/s41467-023-40064-9,A preclinical secondary pharmacology resource illuminates target-adverse drug reaction associations of marketed drugs.,2023,Nat Commun,https://www.ebi.ac.uk/chembl/api/data/activity/25152295.json
25153881,CHEMBL63323,NIFLUMIC ACID,CHEMBL236,Delta-type opioid receptor,Homo sapiens,CHEMBL5291852,B,Binding affinity towards human OPRD1 in an in vitro assay with cellular components measured by scintillation proximity assay,AC50,>,30000.0,nM,,1,,0,CHEMBL5291721,8,BAO_0000357,10.1038/s41467-023-40064-9,A preclinical secondary pharmacology resource illuminates target-adverse drug reaction associations of marketed drugs.,2023,Nat Commun,https://www.ebi.ac.uk/chembl/api/data/activity/25153881.json
25155052,CHEMBL63323,NIFLUMIC ACID,CHEMBL2069,Thromboxane A2 receptor,Homo sapiens,CHEMBL5291889,B,Binding affinity towards human TBXA2R in an in vitro assay with cellular components measured by scintillation proximity assay,AC50,>,10000.0,nM,,1,,0,CHEMBL5291721,8,BAO_0000357,10.1038/s41467-023-40064-9,A preclinical secondary pharmacology resource illuminates target-adverse drug reaction associations of marketed drugs.,2023,Nat Commun,https://www.ebi.ac.uk/chembl/api/data/activity/25155052.json
25157320,CHEMBL63323,NIFLUMIC ACID,CHEMBL233,Mu-type opioid receptor,Homo sapiens,CHEMBL5291894,B,Binding affinity towards human OPRM1 in an in vitro assay with cellular components measured by scintillation counting,AC50,>,30000.0,nM,,1,,0,CHEMBL5291721,8,BAO_0000357,10.1038/s41467-023-40064-9,A preclinical secondary pharmacology resource illuminates target-adverse drug reaction associations of marketed drugs.,2023,Nat Commun,https://www.ebi.ac.uk/chembl/api/data/activity/25157320.json
25159492,CHEMBL63323,NIFLUMIC ACID,CHEMBL1951,Amine oxidase [flavin-containing] A,Homo sapiens,CHEMBL5291895,F,Compound was evaluated for inhibition of human MAOA in an in vitro cell free assay measured by fluorescence spectroscopy,AC50,>,10000.0,nM,,1,,0,CHEMBL5291721,8,BAO_0000019,10.1038/s41467-023-40064-9,A preclinical secondary pharmacology resource illuminates target-adverse drug reaction associations of marketed drugs.,2023,Nat Commun,https://www.ebi.ac.uk/chembl/api/data/activity/25159492.json
25161937,CHEMBL63323,NIFLUMIC ACID,CHEMBL1889,Vasopressin V1a receptor,Homo sapiens,CHEMBL5291750,B,Binding affinity towards human AVPR1A in an in vitro assay with cellular components measured by scintillation proximity assay,AC50,>,10000.0,nM,,1,,0,CHEMBL5291721,8,BAO_0000357,10.1038/s41467-023-40064-9,A preclinical secondary pharmacology resource illuminates target-adverse drug reaction associations of marketed drugs.,2023,Nat Commun,https://www.ebi.ac.uk/chembl/api/data/activity/25161937.json
25163099,CHEMBL63323,NIFLUMIC ACID,CHEMBL1790,Vasopressin V2 receptor,Homo sapiens,CHEMBL5291751,B,Binding affinity towards human AVPR2 in an in vitro assay with cellular components measured by scintillation proximity assay,AC50,>,10000.0,nM,,1,,0,CHEMBL5291721,8,BAO_0000357,10.1038/s41467-023-40064-9,A preclinical secondary pharmacology resource illuminates target-adverse drug reaction associations of marketed drugs.,2023,Nat Commun,https://www.ebi.ac.uk/chembl/api/data/activity/25163099.json
25166009,CHEMBL63323,NIFLUMIC ACID,CHEMBL230,Prostaglandin G/H synthase 2,Homo sapiens,CHEMBL5291870,F,Compound was evaluated for inhibition of human PTGS2 in an in vitro cell free assay measured by fluorescence spectroscopy,AC50,=,9400.0,nM,5.03,1,,0,CHEMBL5291721,8,BAO_0000019,10.1038/s41467-023-40064-9,A preclinical secondary pharmacology resource illuminates target-adverse drug reaction associations of marketed drugs.,2023,Nat Commun,https://www.ebi.ac.uk/chembl/api/data/activity/25166009.json
25167157,CHEMBL63323,NIFLUMIC ACID,CHEMBL206,Estrogen receptor,Homo sapiens,CHEMBL5291791,B,Binding affinity towards human ESR1 in an in vitro cell free assay (NIBR assay) measured by fluorescence polarization method,AC50,>,10000.0,nM,,1,,0,CHEMBL5291721,8,BAO_0000357,10.1038/s41467-023-40064-9,A preclinical secondary pharmacology resource illuminates target-adverse drug reaction associations of marketed drugs.,2023,Nat Commun,https://www.ebi.ac.uk/chembl/api/data/activity/25167157.json
25169173,CHEMBL63323,NIFLUMIC ACID,CHEMBL1941,Histamine H2 receptor,Homo sapiens,CHEMBL5291810,F,Agonist activity at human HRH2 in an in vitro cell-based assay measured by time-resolved fluorescence resonance energy transfer method,AC50,>,10000.0,nM,,1,,0,CHEMBL5291721,8,BAO_0000219,10.1038/s41467-023-40064-9,A preclinical secondary pharmacology resource illuminates target-adverse drug reaction associations of marketed drugs.,2023,Nat Commun,https://www.ebi.ac.uk/chembl/api/data/activity/25169173.json
25170290,CHEMBL63323,NIFLUMIC ACID,CHEMBL3157,B2 bradykinin receptor,Homo sapiens,CHEMBL5291753,B,Binding affinity towards human BDKRB2 in an in vitro assay with cellular components measured by scintillation proximity assay,AC50,>,10000.0,nM,,1,,0,CHEMBL5291721,8,BAO_0000357,10.1038/s41467-023-40064-9,A preclinical secondary pharmacology resource illuminates target-adverse drug reaction associations of marketed drugs.,2023,Nat Commun,https://www.ebi.ac.uk/chembl/api/data/activity/25170290.json
25172572,CHEMBL63323,NIFLUMIC ACID,CHEMBL4616,Growth hormone secretagogue receptor type 1,Homo sapiens,CHEMBL5291803,B,Binding affinity towards human GHSR in an in vitro assay with cellular components measured by scintillation proximity assay,AC50,>,10000.0,nM,,1,,0,CHEMBL5291721,8,BAO_0000357,10.1038/s41467-023-40064-9,A preclinical secondary pharmacology resource illuminates target-adverse drug reaction associations of marketed drugs.,2023,Nat Commun,https://www.ebi.ac.uk/chembl/api/data/activity/25172572.json
25174213,CHEMBL63323,NIFLUMIC ACID,CHEMBL4042,Prostaglandin G/H synthase 1,Rattus norvegicus,CHEMBL5291868,F,Compound was evaluated for inhibition of rat Ptgs1 in an in vitro cell free assay measured by fluorescence spectroscopy,AC50,=,29999.9,nM,4.52,1,,0,CHEMBL5291721,8,BAO_0000019,10.1038/s41467-023-40064-9,A preclinical secondary pharmacology resource illuminates target-adverse drug reaction associations of marketed drugs.,2023,Nat Commun,https://www.ebi.ac.uk/chembl/api/data/activity/25174213.json
25175682,CHEMBL63323,NIFLUMIC ACID,CHEMBL2034,Glucocorticoid receptor,Homo sapiens,CHEMBL5291850,B,"Binding affinity towards human NR3C1 in an in vitro cell free assay measured by filtration, radioactivity method",AC50,>,10000.0,nM,,1,,0,CHEMBL5291721,8,BAO_0000357,10.1038/s41467-023-40064-9,A preclinical secondary pharmacology resource illuminates target-adverse drug reaction associations of marketed drugs.,2023,Nat Commun,https://www.ebi.ac.uk/chembl/api/data/activity/25175682.json
25176808,CHEMBL63323,NIFLUMIC ACID,CHEMBL227,Type-1 angiotensin II receptor,Homo sapiens,CHEMBL5291744,B,Binding affinity towards human AGTR1 in an in vitro assay with cellular components measured by scintillation proximity assay,AC50,>,10000.0,nM,,1,,0,CHEMBL5291721,8,BAO_0000357,10.1038/s41467-023-40064-9,A preclinical secondary pharmacology resource illuminates target-adverse drug reaction associations of marketed drugs.,2023,Nat Commun,https://www.ebi.ac.uk/chembl/api/data/activity/25176808.json
25178026,CHEMBL63323,NIFLUMIC ACID,CHEMBL1901,Cholecystokinin receptor type A,Homo sapiens,CHEMBL5291757,B,Binding affinity towards human CCKAR in an in vitro assay with cellular components measured by scintillation proximity assay,AC50,>,10000.0,nM,,1,,0,CHEMBL5291721,8,BAO_0000357,10.1038/s41467-023-40064-9,A preclinical secondary pharmacology resource illuminates target-adverse drug reaction associations of marketed drugs.,2023,Nat Commun,https://www.ebi.ac.uk/chembl/api/data/activity/25178026.json
25180337,CHEMBL63323,NIFLUMIC ACID,CHEMBL2056,D(1A) dopamine receptor,Homo sapiens,CHEMBL5291777,F,Agonist activity at human DRD1 in an in vitro cell-based assay measured by time-resolved fluorescence resonance energy transfer method,AC50,>,10000.0,nM,,1,,0,CHEMBL5291721,8,BAO_0000219,10.1038/s41467-023-40064-9,A preclinical secondary pharmacology resource illuminates target-adverse drug reaction associations of marketed drugs.,2023,Nat Commun,https://www.ebi.ac.uk/chembl/api/data/activity/25180337.json
25181518,CHEMBL63323,NIFLUMIC ACID,CHEMBL218,Cannabinoid receptor 1,Homo sapiens,CHEMBL5291773,B,Binding affinity towards human CNR1 in an in vitro assay with cellular components measured by membrane filtration,AC50,>,10000.0,nM,,1,,0,CHEMBL5291721,8,BAO_0000019,10.1038/s41467-023-40064-9,A preclinical secondary pharmacology resource illuminates target-adverse drug reaction associations of marketed drugs.,2023,Nat Commun,https://www.ebi.ac.uk/chembl/api/data/activity/25181518.json
25183212,CHEMBL63323,NIFLUMIC ACID,CHEMBL4644,Melanocortin receptor 3,Homo sapiens,CHEMBL5291831,B,Binding affinity towards human MC3R in an in vitro assay with cellular components measured by scintillation proximity assay,AC50,>,10000.0,nM,,1,,0,CHEMBL5291721,8,BAO_0000357,10.1038/s41467-023-40064-9,A preclinical secondary pharmacology resource illuminates target-adverse drug reaction associations of marketed drugs.,2023,Nat Commun,https://www.ebi.ac.uk/chembl/api/data/activity/25183212.json
25184301,CHEMBL63323,NIFLUMIC ACID,CHEMBL259,Melanocortin receptor 4,Homo sapiens,CHEMBL5291832,B,Binding affinity towards human MC4R in an in vitro assay with cellular components measured by scintillation proximity assay in vitro assay with cellular components,AC50,>,10000.0,nM,,1,,0,CHEMBL5291721,8,BAO_0000357,10.1038/s41467-023-40064-9,A preclinical secondary pharmacology resource illuminates target-adverse drug reaction associations of marketed drugs.,2023,Nat Commun,https://www.ebi.ac.uk/chembl/api/data/activity/25184301.json
25185135,CHEMBL63323,NIFLUMIC ACID,CHEMBL288,"3',5'-cyclic-AMP phosphodiesterase 4D",Homo sapiens,CHEMBL5291858,F,Compound was evaluated for inhibition of human PDE4D in an in vitro cell free assay measured by scintillation proximity assay,AC50,>,30000.0,nM,,1,,0,CHEMBL5291721,8,BAO_0000019,10.1038/s41467-023-40064-9,A preclinical secondary pharmacology resource illuminates target-adverse drug reaction associations of marketed drugs.,2023,Nat Commun,https://www.ebi.ac.uk/chembl/api/data/activity/25185135.json
25186355,CHEMBL63323,NIFLUMIC ACID,CHEMBL4777,Neuropeptide Y receptor type 1,Homo sapiens,CHEMBL5291834,B,Binding affinity towards human NPY1R in an in vitro assay with cellular components measured by scintillation proximity assay,AC50,>,10000.0,nM,,1,,0,CHEMBL5291721,8,BAO_0000357,10.1038/s41467-023-40064-9,A preclinical secondary pharmacology resource illuminates target-adverse drug reaction associations of marketed drugs.,2023,Nat Commun,https://www.ebi.ac.uk/chembl/api/data/activity/25186355.json
25187346,CHEMBL63323,NIFLUMIC ACID,CHEMBL3072,Androgen receptor,Rattus norvegicus,CHEMBL5291748,B,Binding affinity towards rat Ar in an in vitro cell free assay measured by fluorescence polarization method,AC50,>,10000.0,nM,,1,,0,CHEMBL5291721,8,BAO_0000357,10.1038/s41467-023-40064-9,A preclinical secondary pharmacology resource illuminates target-adverse drug reaction associations of marketed drugs.,2023,Nat Commun,https://www.ebi.ac.uk/chembl/api/data/activity/25187346.json
25188051,CHEMBL63323,NIFLUMIC ACID,CHEMBL3401,Nuclear receptor subfamily 1 group I member 2,Homo sapiens,CHEMBL5291846,B,Binding affinity towards human NR1I2 in an in vitro cell free assay measured by time-resolved fluorescence resonance energy transfer method,AC50,>,10000.0,nM,,1,,0,CHEMBL5291721,8,BAO_0000357,10.1038/s41467-023-40064-9,A preclinical secondary pharmacology resource illuminates target-adverse drug reaction associations of marketed drugs.,2023,Nat Commun,https://www.ebi.ac.uk/chembl/api/data/activity/25188051.json
25189005,CHEMBL63323,NIFLUMIC ACID,CHEMBL2203,Motilin receptor,Homo sapiens,CHEMBL5291833,B,Binding affinity towards human MLNR in an in vitro assay with cellular components measured by scintillation proximity assay,AC50,>,10000.0,nM,,1,,0,CHEMBL5291721,8,BAO_0000357,10.1038/s41467-023-40064-9,A preclinical secondary pharmacology resource illuminates target-adverse drug reaction associations of marketed drugs.,2023,Nat Commun,https://www.ebi.ac.uk/chembl/api/data/activity/25189005.json
25190500,CHEMBL63323,NIFLUMIC ACID,CHEMBL241,"cGMP-inhibited 3',5'-cyclic phosphodiesterase 3A",Homo sapiens,CHEMBL5291898,F,Compound was evaluated for inhibition of human PDE3A in an in vitro cell free assay measured by time-resolved fluorescence resonance energy transfer method,AC50,>,30000.0,nM,,1,,0,CHEMBL5291721,8,BAO_0000019,10.1038/s41467-023-40064-9,A preclinical secondary pharmacology resource illuminates target-adverse drug reaction associations of marketed drugs.,2023,Nat Commun,https://www.ebi.ac.uk/chembl/api/data/activity/25190500.json
25193341,CHEMBL63323,NIFLUMIC ACID,CHEMBL234,D(3) dopamine receptor,Homo sapiens,CHEMBL5291899,B,Binding affinity towards human DRD3 in an in vitro assay with cellular components measured by scintillation counting,AC50,>,30000.0,nM,,1,,0,CHEMBL5291721,8,BAO_0000357,10.1038/s41467-023-40064-9,A preclinical secondary pharmacology resource illuminates target-adverse drug reaction associations of marketed drugs.,2023,Nat Commun,https://www.ebi.ac.uk/chembl/api/data/activity/25193341.json
25212320,CHEMBL63323,NIFLUMIC ACID,CHEMBL231,Histamine H1 receptor,Homo sapiens,CHEMBL5291809,B,Binding affinity towards human HRH1 in an in vitro assay measured by filtration,AC50,>,10000.0,nM,,1,,0,CHEMBL5291721,8,BAO_0000357,10.1038/s41467-023-40064-9,A preclinical secondary pharmacology resource illuminates target-adverse drug reaction associations of marketed drugs.,2023,Nat Commun,https://www.ebi.ac.uk/chembl/api/data/activity/25212320.json
25213562,CHEMBL63323,NIFLUMIC ACID,CHEMBL211,Muscarinic acetylcholine receptor M2,Homo sapiens,CHEMBL5291765,F,Antagonist activity at human CHRM2 in an in vitro cell-based assay measured by fluorescent imaging plate reader,AC50,>,10000.0,nM,,1,,0,CHEMBL5291721,8,BAO_0000219,10.1038/s41467-023-40064-9,A preclinical secondary pharmacology resource illuminates target-adverse drug reaction associations of marketed drugs.,2023,Nat Commun,https://www.ebi.ac.uk/chembl/api/data/activity/25213562.json
25214759,CHEMBL63323,NIFLUMIC ACID,CHEMBL211,Muscarinic acetylcholine receptor M2,Homo sapiens,CHEMBL5291764,F,Agonist activity at human CHRM2 in an in vitro cell-based assay measured by fluorescent imaging plate reader,AC50,>,10000.0,nM,,1,,0,CHEMBL5291721,8,BAO_0000219,10.1038/s41467-023-40064-9,A preclinical secondary pharmacology resource illuminates target-adverse drug reaction associations of marketed drugs.,2023,Nat Commun,https://www.ebi.ac.uk/chembl/api/data/activity/25214759.json
25215884,CHEMBL63323,NIFLUMIC ACID,CHEMBL214,5-hydroxytryptamine receptor 1A,Homo sapiens,CHEMBL5291814,F,Antagonist activity at human HTR1A in an in vitro cell-based assay measured by fluorescent imaging plate reader,AC50,>,10000.0,nM,,1,,0,CHEMBL5291721,8,BAO_0000219,10.1038/s41467-023-40064-9,A preclinical secondary pharmacology resource illuminates target-adverse drug reaction associations of marketed drugs.,2023,Nat Commun,https://www.ebi.ac.uk/chembl/api/data/activity/25215884.json
25216839,CHEMBL63323,NIFLUMIC ACID,CHEMBL214,5-hydroxytryptamine receptor 1A,Homo sapiens,CHEMBL5291813,F,Agonist activity at human HTR1A in an in vitro cell-based assay measured by fluorescent imaging plate reader,AC50,>,10000.0,nM,,1,,0,CHEMBL5291721,8,BAO_0000219,10.1038/s41467-023-40064-9,A preclinical secondary pharmacology resource illuminates target-adverse drug reaction associations of marketed drugs.,2023,Nat Commun,https://www.ebi.ac.uk/chembl/api/data/activity/25216839.json
25219719,CHEMBL63323,NIFLUMIC ACID,CHEMBL1867,Alpha-2A adrenergic receptor,Homo sapiens,CHEMBL5291735,F,Antagonist activity at human ADRA2A in an in vitro cell-based assay measured by fluorescent imaging plate reader,AC50,>,10000.0,nM,,1,,0,CHEMBL5291721,8,BAO_0000219,10.1038/s41467-023-40064-9,A preclinical secondary pharmacology resource illuminates target-adverse drug reaction associations of marketed drugs.,2023,Nat Commun,https://www.ebi.ac.uk/chembl/api/data/activity/25219719.json
25220906,CHEMBL63323,NIFLUMIC ACID,CHEMBL1867,Alpha-2A adrenergic receptor,Homo sapiens,CHEMBL5291734,F,Agonist activity at human ADRA2A in an in vitro cell-based assay measured by fluorescent imaging plate reader,AC50,>,10000.0,nM,,1,,0,CHEMBL5291721,8,BAO_0000219,10.1038/s41467-023-40064-9,A preclinical secondary pharmacology resource illuminates target-adverse drug reaction associations of marketed drugs.,2023,Nat Commun,https://www.ebi.ac.uk/chembl/api/data/activity/25220906.json
25222010,CHEMBL63323,NIFLUMIC ACID,CHEMBL208,Progesterone receptor,Homo sapiens,CHEMBL5291861,F,Antagonist activity at human PGR in an in vitro cell free assay measured by time-resolved fluorescence resonance energy transfer method,AC50,>,10000.0,nM,,1,,0,CHEMBL5291721,8,BAO_0000019,10.1038/s41467-023-40064-9,A preclinical secondary pharmacology resource illuminates target-adverse drug reaction associations of marketed drugs.,2023,Nat Commun,https://www.ebi.ac.uk/chembl/api/data/activity/25222010.json
25222896,CHEMBL63323,NIFLUMIC ACID,CHEMBL208,Progesterone receptor,Homo sapiens,CHEMBL5291860,F,Agonist activity at human PGR in an in vitro cell free assay measured by time-resolved fluorescence resonance energy transfer method,AC50,>,10000.0,nM,,1,,0,CHEMBL5291721,8,BAO_0000019,10.1038/s41467-023-40064-9,A preclinical secondary pharmacology resource illuminates target-adverse drug reaction associations of marketed drugs.,2023,Nat Commun,https://www.ebi.ac.uk/chembl/api/data/activity/25222896.json
25225002,CHEMBL63323,NIFLUMIC ACID,CHEMBL224,5-hydroxytryptamine receptor 2A,Homo sapiens,CHEMBL5291817,F,Antagonist activity at human HTR2A in an in vitro cell-based assay measured by fluorescent imaging plate reader,AC50,>,10000.0,nM,,1,,0,CHEMBL5291721,8,BAO_0000219,10.1038/s41467-023-40064-9,A preclinical secondary pharmacology resource illuminates target-adverse drug reaction associations of marketed drugs.,2023,Nat Commun,https://www.ebi.ac.uk/chembl/api/data/activity/25225002.json
25226160,CHEMBL63323,NIFLUMIC ACID,CHEMBL224,5-hydroxytryptamine receptor 2A,Homo sapiens,CHEMBL5291816,F,Agonist activity at human HTR2A in an in vitro cell-based assay measured by fluorescent imaging plate reader,AC50,>,10000.0,nM,,1,,0,CHEMBL5291721,8,BAO_0000219,10.1038/s41467-023-40064-9,A preclinical secondary pharmacology resource illuminates target-adverse drug reaction associations of marketed drugs.,2023,Nat Commun,https://www.ebi.ac.uk/chembl/api/data/activity/25226160.json
25227351,CHEMBL63323,NIFLUMIC ACID,CHEMBL1833,5-hydroxytryptamine receptor 2B,Homo sapiens,CHEMBL5291821,F,Antagonist activity at human HTR2B in an in vitro cell-based assay measured by fluorescent imaging plate reader,AC50,>,10000.0,nM,,1,,0,CHEMBL5291721,8,BAO_0000219,10.1038/s41467-023-40064-9,A preclinical secondary pharmacology resource illuminates target-adverse drug reaction associations of marketed drugs.,2023,Nat Commun,https://www.ebi.ac.uk/chembl/api/data/activity/25227351.json
25228533,CHEMBL63323,NIFLUMIC ACID,CHEMBL1833,5-hydroxytryptamine receptor 2B,Homo sapiens,CHEMBL5291819,F,Agonist activity at human HTR2B in an in vitro cell-based assay (NIBR assay) measured by fluorescent imaging plate reader,AC50,>,10000.0,nM,,1,,0,CHEMBL5291721,8,BAO_0000219,10.1038/s41467-023-40064-9,A preclinical secondary pharmacology resource illuminates target-adverse drug reaction associations of marketed drugs.,2023,Nat Commun,https://www.ebi.ac.uk/chembl/api/data/activity/25228533.json
25610867,CHEMBL63323,NIFLUMIC ACID,CHEMBL4295828,Transcriptional enhancer factor TEF-3,Homo sapiens,CHEMBL5360819,B,Binding affinity to His-tagged TEAD4 YAP-binding domain (217 to 434 residues) (unknown origin) expressed in Escherichia coli BL21 (DE3) cells by isothermal titration calorimetry,Kd,=,28000.0,nM,4.55,1,,1,CHEMBL5360521,9,BAO_0000219,10.1016/j.ejmech.2022.114684,"A chemical perspective on the modulation of TEAD transcriptional activities: Recent progress, challenges, and opportunities.",2022,Eur J Med Chem,https://www.ebi.ac.uk/chembl/api/data/activity/25610867.json
25648507,CHEMBL63323,NIFLUMIC ACID,CHEMBL4295828,Transcriptional enhancer factor TEF-3,Homo sapiens,CHEMBL5370154,B,Inhibition of TEAD4 in human MDA-MB-231 cells assessed as decrease in TEAD-dependent NF2 gene expression at 10 uM incubated for 24 hrs by RT-qPCR analysis,Inhibition,,,%,,0,,0,CHEMBL5365537,9,BAO_0000219,10.1016/j.bmcl.2023.129488,"Development of LM-41 and AF-2112, two flufenamic acid-derived TEAD inhibitors obtained through the replacement of the trifluoromethyl group by aryl rings.",2023,Bioorg Med Chem Lett,https://www.ebi.ac.uk/chembl/api/data/activity/25648507.json
25648515,CHEMBL63323,NIFLUMIC ACID,CHEMBL4295828,Transcriptional enhancer factor TEF-3,Homo sapiens,CHEMBL5370155,B,Inhibition of TEAD4 in human MDA-MB-231 cells assessed as decrease in TEAD-dependent CTGF gene expression at 10 uM incubated for 24 hrs by RT-qPCR analysis,Inhibition,,,%,,0,,0,CHEMBL5365537,9,BAO_0000219,10.1016/j.bmcl.2023.129488,"Development of LM-41 and AF-2112, two flufenamic acid-derived TEAD inhibitors obtained through the replacement of the trifluoromethyl group by aryl rings.",2023,Bioorg Med Chem Lett,https://www.ebi.ac.uk/chembl/api/data/activity/25648515.json
25648523,CHEMBL63323,NIFLUMIC ACID,CHEMBL4295828,Transcriptional enhancer factor TEF-3,Homo sapiens,CHEMBL5370156,B,Inhibition of TEAD4 in human MDA-MB-231 cells assessed as decrease in TEAD-dependent Cyr61 gene expression at 10 uM incubated for 24 hrs by RT-qPCR analysis,Inhibition,,,%,,0,,0,CHEMBL5365537,9,BAO_0000219,10.1016/j.bmcl.2023.129488,"Development of LM-41 and AF-2112, two flufenamic acid-derived TEAD inhibitors obtained through the replacement of the trifluoromethyl group by aryl rings.",2023,Bioorg Med Chem Lett,https://www.ebi.ac.uk/chembl/api/data/activity/25648523.json
25648531,CHEMBL63323,NIFLUMIC ACID,CHEMBL4295828,Transcriptional enhancer factor TEF-3,Homo sapiens,CHEMBL5370157,B,Inhibition of TEAD4 in human MDA-MB-231 cells assessed as decrease in TEAD-dependent Axl gene expression at 10 uM incubated for 24 hrs by RT-qPCR analysis,Inhibition,,,%,,0,,0,CHEMBL5365537,9,BAO_0000219,10.1016/j.bmcl.2023.129488,"Development of LM-41 and AF-2112, two flufenamic acid-derived TEAD inhibitors obtained through the replacement of the trifluoromethyl group by aryl rings.",2023,Bioorg Med Chem Lett,https://www.ebi.ac.uk/chembl/api/data/activity/25648531.json
25693186,CHEMBL63323,NIFLUMIC ACID,CHEMBL4883,Urokinase plasminogen activator surface receptor,Homo sapiens,CHEMBL5382778,B,Binding affinity to uPAR H47C/N259C (unknown origin) mutant assessed as response unit at 100 uM by surface plasmon resonance (SPR) analysis relative to control,RU,=,7.0,,,0,,0,CHEMBL5380812,9,BAO_0000357,10.1021/acs.jmedchem.2c01663,Structural Dynamics-Driven Discovery of Anticancer and Antimetastatic Effects of Diltiazem and Glibenclamide Targeting Urokinase Receptor.,2023,J Med Chem,https://www.ebi.ac.uk/chembl/api/data/activity/25693186.json
25811536,CHEMBL63323,NIFLUMIC ACID,CHEMBL4523507,Deoxynucleoside triphosphate triphosphohydrolase SAMHD1,Homo sapiens,CHEMBL5483194,F,Compound was evaluated for the inhibition of human recombinant SAMHD1 at 5uM in a enzyme-coupled malachite green assay,Inhibition,=,-4.987,%,,1,,0,CHEMBL5483193,9,BAO_0000019,10.1016/j.isci.2024.108907,Identification and evaluation of small-molecule inhibitors against the dNTPase SAMHD1 via a comprehensive screening funnel,2024,iScience,https://www.ebi.ac.uk/chembl/api/data/activity/25811536.json
27570977,CHEMBL63323,NIFLUMIC ACID,CHEMBL612545,Unchecked,,CHEMBL5733630,B,"The FP assay: The FP assay was then adapted for HTS and used to screen a 120,000 member small molecule library for compounds that displaced the FP probe from the T4 binding of TTR. Hits were defined as compounds that induced at least 50% decrease in fluorescence polarization and demonstrated relative fluorescence between 70 and 130%. 200 compounds were designated as positive hits (0.167% hit rate). The 200 hits were then evaluated in a dose-response manner and their IC50 (compound concentration that resulted in 50% decrease in the FP signal) values were determined. The top 100 hits were then purchased and their IC50 was confirmed again in >10-point duplicate dose response FP assay.",IC50,=,289.0,nM,6.54,1,,0,CHEMBL5726888,0,BAO_0000019,,Identification of stabilizers of multimeric proteins,2019,,https://www.ebi.ac.uk/chembl/api/data/activity/27570977.json
27570978,CHEMBL63323,NIFLUMIC ACID,CHEMBL612545,Unchecked,,CHEMBL5733630,B,"The FP assay: The FP assay was then adapted for HTS and used to screen a 120,000 member small molecule library for compounds that displaced the FP probe from the T4 binding of TTR. Hits were defined as compounds that induced at least 50% decrease in fluorescence polarization and demonstrated relative fluorescence between 70 and 130%. 200 compounds were designated as positive hits (0.167% hit rate). The 200 hits were then evaluated in a dose-response manner and their IC50 (compound concentration that resulted in 50% decrease in the FP signal) values were determined. The top 100 hits were then purchased and their IC50 was confirmed again in >10-point duplicate dose response FP assay.",kon,=,,,,0,,0,CHEMBL5726888,0,BAO_0000019,,Identification of stabilizers of multimeric proteins,2019,,https://www.ebi.ac.uk/chembl/api/data/activity/27570978.json
27570979,CHEMBL63323,NIFLUMIC ACID,CHEMBL612545,Unchecked,,CHEMBL5733630,B,"The FP assay: The FP assay was then adapted for HTS and used to screen a 120,000 member small molecule library for compounds that displaced the FP probe from the T4 binding of TTR. Hits were defined as compounds that induced at least 50% decrease in fluorescence polarization and demonstrated relative fluorescence between 70 and 130%. 200 compounds were designated as positive hits (0.167% hit rate). The 200 hits were then evaluated in a dose-response manner and their IC50 (compound concentration that resulted in 50% decrease in the FP signal) values were determined. The top 100 hits were then purchased and their IC50 was confirmed again in >10-point duplicate dose response FP assay.",k_off,=,,s-1,,0,,0,CHEMBL5726888,0,BAO_0000019,,Identification of stabilizers of multimeric proteins,2019,,https://www.ebi.ac.uk/chembl/api/data/activity/27570979.json
27571091,CHEMBL63323,NIFLUMIC ACID,CHEMBL3194,Transthyretin,Homo sapiens,CHEMBL5733631,B,"Determination of Binding Constants of HITS to TTR: Dissociation Constants (Kd) associated with the binding of ligands to TTR are expressed in nM. Thermodynamic Binding Parameters associated with ligand binding to TTR; Binding free energies (ΔG), enthalpies (ΔH), and binding entropies (TΔS) values are reported in units of kcal mol−1.",Kd,=,592.0,nM,6.23,1,,0,CHEMBL5726888,8,BAO_0000019,,Identification of stabilizers of multimeric proteins,2019,,https://www.ebi.ac.uk/chembl/api/data/activity/27571091.json
27571092,CHEMBL63323,NIFLUMIC ACID,CHEMBL3194,Transthyretin,Homo sapiens,CHEMBL5733631,B,"Determination of Binding Constants of HITS to TTR: Dissociation Constants (Kd) associated with the binding of ligands to TTR are expressed in nM. Thermodynamic Binding Parameters associated with ligand binding to TTR; Binding free energies (ΔG), enthalpies (ΔH), and binding entropies (TΔS) values are reported in units of kcal mol−1.",kon,=,,,,0,,0,CHEMBL5726888,8,BAO_0000019,,Identification of stabilizers of multimeric proteins,2019,,https://www.ebi.ac.uk/chembl/api/data/activity/27571092.json
27571093,CHEMBL63323,NIFLUMIC ACID,CHEMBL3194,Transthyretin,Homo sapiens,CHEMBL5733631,B,"Determination of Binding Constants of HITS to TTR: Dissociation Constants (Kd) associated with the binding of ligands to TTR are expressed in nM. Thermodynamic Binding Parameters associated with ligand binding to TTR; Binding free energies (ΔG), enthalpies (ΔH), and binding entropies (TΔS) values are reported in units of kcal mol−1.",k_off,=,,s-1,,0,,0,CHEMBL5726888,8,BAO_0000019,,Identification of stabilizers of multimeric proteins,2019,,https://www.ebi.ac.uk/chembl/api/data/activity/27571093.json
28697894,CHEMBL63323,NIFLUMIC ACID,CHEMBL3194,Transthyretin,Homo sapiens,CHEMBL5738092,B,"Fluorescence Polarization Binding Assay: Table 3: The FP assay was then adapted for HTS and used to screen 120,000 small molecule library for compounds that displaced probe 5 from the T4 binding of TTR. The FP assay was performed in 384-well plate using very low concentration of probe 5 (1.5 nM) and TTR (50 nM) in a 10 μL assay volume. A detergent (0.01% Triton-X100) was added to the assay buffer to avoid any false positive hits from promiscuous, aggregate-based inhibitors. The assay demonstrated robust performance, with a very good dynamic range (70-230 mP) and a Z′ factor in the range of 0.57-0.78 (FIGS. 4A and 4B). Hits were defined as compounds that resulted in at least 50% decrease in fluorescence polarization and demonstrated relative fluorescence between 70 and 130%. Many fluorescence quenchers and enhancers having less than 70% and greater than 130% total fluorescence relative to a control, respectively, were excluded from the hit list. 200 compounds were designated as positive hits (0.167% hit rate). The 200 hits were then evaluated in a dose-response manner and their IC50 (compound concentration that resulted in 50% decrease in the FP signal) values were determined. Among the 200 compounds screened, 33 compounds showed a dose-response effect on the FP and displayed IC50≤10 μM.",IC50,=,289.0,nM,6.54,1,,1,CHEMBL5729112,8,BAO_0000357,,Identification of stabilizers of multimeric proteins,2022,,https://www.ebi.ac.uk/chembl/api/data/activity/28697894.json
28697895,CHEMBL63323,NIFLUMIC ACID,CHEMBL3194,Transthyretin,Homo sapiens,CHEMBL5738092,B,"Fluorescence Polarization Binding Assay: Table 3: The FP assay was then adapted for HTS and used to screen 120,000 small molecule library for compounds that displaced probe 5 from the T4 binding of TTR. The FP assay was performed in 384-well plate using very low concentration of probe 5 (1.5 nM) and TTR (50 nM) in a 10 μL assay volume. A detergent (0.01% Triton-X100) was added to the assay buffer to avoid any false positive hits from promiscuous, aggregate-based inhibitors. The assay demonstrated robust performance, with a very good dynamic range (70-230 mP) and a Z′ factor in the range of 0.57-0.78 (FIGS. 4A and 4B). Hits were defined as compounds that resulted in at least 50% decrease in fluorescence polarization and demonstrated relative fluorescence between 70 and 130%. Many fluorescence quenchers and enhancers having less than 70% and greater than 130% total fluorescence relative to a control, respectively, were excluded from the hit list. 200 compounds were designated as positive hits (0.167% hit rate). The 200 hits were then evaluated in a dose-response manner and their IC50 (compound concentration that resulted in 50% decrease in the FP signal) values were determined. Among the 200 compounds screened, 33 compounds showed a dose-response effect on the FP and displayed IC50≤10 μM.",kon,=,,,,0,,0,CHEMBL5729112,8,BAO_0000357,,Identification of stabilizers of multimeric proteins,2022,,https://www.ebi.ac.uk/chembl/api/data/activity/28697895.json
28697896,CHEMBL63323,NIFLUMIC ACID,CHEMBL3194,Transthyretin,Homo sapiens,CHEMBL5738092,B,"Fluorescence Polarization Binding Assay: Table 3: The FP assay was then adapted for HTS and used to screen 120,000 small molecule library for compounds that displaced probe 5 from the T4 binding of TTR. The FP assay was performed in 384-well plate using very low concentration of probe 5 (1.5 nM) and TTR (50 nM) in a 10 μL assay volume. A detergent (0.01% Triton-X100) was added to the assay buffer to avoid any false positive hits from promiscuous, aggregate-based inhibitors. The assay demonstrated robust performance, with a very good dynamic range (70-230 mP) and a Z′ factor in the range of 0.57-0.78 (FIGS. 4A and 4B). Hits were defined as compounds that resulted in at least 50% decrease in fluorescence polarization and demonstrated relative fluorescence between 70 and 130%. Many fluorescence quenchers and enhancers having less than 70% and greater than 130% total fluorescence relative to a control, respectively, were excluded from the hit list. 200 compounds were designated as positive hits (0.167% hit rate). The 200 hits were then evaluated in a dose-response manner and their IC50 (compound concentration that resulted in 50% decrease in the FP signal) values were determined. Among the 200 compounds screened, 33 compounds showed a dose-response effect on the FP and displayed IC50≤10 μM.",k_off,=,,s-1,,0,,0,CHEMBL5729112,8,BAO_0000357,,Identification of stabilizers of multimeric proteins,2022,,https://www.ebi.ac.uk/chembl/api/data/activity/28697896.json
