compound_id,source_dataset,source_id,source_ids,source_url,raw_smiles,standardized_isomeric_smiles,standardized_parent_smiles,inchi_key,parent_key,processing_status,mw,clogp,tpsa,hbd,hba,rotatable_bonds,heavy_atoms,rings,qed,formal_charge,source_record_count,stereo_form_count,historical_label_overlap,prediction_status,docking_eligibility,source_stereo_unspecified,source_unspecified_potential_stereo,rule_variant_count,rule_smiles,rule_inchikey,rule_stereo_unspecified,rule_unspecified_potential_stereo,rule_exchangeable_N_indices,rule_stable_stereo_unspecified,exchangeable_N_geometry_approximation,murcko_scaffold,descriptor_pred_kcal_mol,ai_pred_kcal_mol,ai_tree_sd_kcal_mol,max_train_tanimoto,ood_flag_max_tanimoto_below_0p3,selected_arms,preparation_started_utc,input_isomeric_smiles,input_inchikey,state_inchikey,rule_unspecified_stereocenters,exchangeable_protonated_N_indices,chemical_identity_rule_version,conformers_generated,conformers_converged,selected_mmff_energy_kcal_mol,selected_conformer,sdf_graph_isomeric_smiles,sdf_graph_identity_equal,sdf_graph_identity_stable_equal,sdf_3d_isomeric_smiles,sdf_3d_stereo_equal,sdf_3d_stable_identity_equal,preparation_status,sdf_file,sdf_sha256,ligand_pdbqt,ligand_sha256,preparation_elapsed_seconds
LIB_RNNSZIOJHWINFW,ChEMBL,CHEMBL1079912,CHEMBL1079912,https://www.ebi.ac.uk/chembl/compound_report_card/CHEMBL1079912/,CS(=O)(=O)[O-].Cc1ncc([N+](=O)[O-])n1CC[n+]1ccccc1,Cc1ncc([N+](=O)[O-])n1CC[n+]1ccccc1,Cc1ncc([N+](=O)[O-])n1CC[n+]1ccccc1,RNNSZIOJHWINFW-UHFFFAOYSA-N,RNNSZIOJHWINFW,eligible,233.251,1.087,64.84,0,3,4,17,2,0.4508,1,1,1,False,predicted,eligible,False,[],1,Cc1ncc([N+](=O)[O-])n1CC[n+]1ccccc1,RNNSZIOJHWINFW-UHFFFAOYSA-N,False,[],[],False,False,c1cc[n+](CCn2ccnc2)cc1,-5.853709697723389,-5.4886698722839355,0.8192248344421387,0.6097560975609756,False,random,2026-09-28T18:20:58.875156+00:00,Cc1ncc([N+](=O)[O-])n1CC[n+]1ccccc1,RNNSZIOJHWINFW-UHFFFAOYSA-N,RNNSZIOJHWINFW-UHFFFAOYSA-N,[],[],exchangeable_tertiary_ring_NH_and_full_potential_stereo_v3_20260929,3,3,46.89546372710206,0,Cc1ncc([N+](=O)[O-])n1CC[n+]1ccccc1,True,True,Cc1ncc([N+](=O)[O-])n1CC[n+]1ccccc1,True,True,prepared,<PACKAGE_ROOT>\Documents\Codex\TMC1_R2_Scratch_20260929\03_compute\formal_forward_v2_initial278\ligands\LIB_RNNSZIOJHWINFW.sdf,e25b6663e46d02d7005ee4d2fd8a1228a53b4a25cbcf24c8e39faecea889efbc,<PACKAGE_ROOT>\Documents\Codex\TMC1_R2_Scratch_20260929\03_compute\formal_forward_v2_initial278\ligands\LIB_RNNSZIOJHWINFW.pdbqt,b0c851e23cc535c1a54c22c7aac6261bb524b7f7da94d7c2b49b64363dbccd22,0.159
LIB_YBNGDFSHNFUPMT,ChEMBL,CHEMBL1081943,CHEMBL1081943,https://www.ebi.ac.uk/chembl/compound_report_card/CHEMBL1081943/,O=C(Nc1ccc(Cl)c(Cl)c1)c1cc(N2CCC(N3CCCC3)CC2)cc(C(F)(F)F)c1,O=C(Nc1ccc(Cl)c(Cl)c1)c1cc(N2CCC(N3CCCC3)CC2)cc(C(F)(F)F)c1,O=C(Nc1ccc(Cl)c(Cl)c1)c1cc(N2CCC(N3CCCC3)CC2)cc(C(F)(F)F)c1,YBNGDFSHNFUPMT-UHFFFAOYSA-N,YBNGDFSHNFUPMT,eligible,486.365,6.329,35.58,1,3,4,32,4,0.5489,0,1,1,False,predicted,eligible,False,[],1,O=C(Nc1ccc(Cl)c(Cl)c1)c1cc(N2CCC([NH+]3CCCC3)CC2)cc(C(F)(F)F)c1,YBNGDFSHNFUPMT-UHFFFAOYSA-O,False,[],[18],False,False,O=C(Nc1ccccc1)c1cccc(N2CCC([NH+]3CCCC3)CC2)c1,-7.7060546875,-8.207430839538574,0.5420653820037842,0.3230769230769231,False,random,2026-09-28T18:20:59.036426+00:00,O=C(Nc1ccc(Cl)c(Cl)c1)c1cc(N2CCC(N3CCCC3)CC2)cc(C(F)(F)F)c1,YBNGDFSHNFUPMT-UHFFFAOYSA-N,YBNGDFSHNFUPMT-UHFFFAOYSA-O,[],[18],exchangeable_tertiary_ring_NH_and_full_potential_stereo_v3_20260929,8,8,61.13049278819068,3,O=C(Nc1ccc(Cl)c(Cl)c1)c1cc(N2CCC([NH+]3CCCC3)CC2)cc(C(F)(F)F)c1,True,True,O=C(Nc1ccc(Cl)c(Cl)c1)c1cc(N2CCC([NH+]3CCCC3)CC2)cc(C(F)(F)F)c1,True,True,prepared,<PACKAGE_ROOT>\Documents\Codex\TMC1_R2_Scratch_20260929\03_compute\formal_forward_v2_initial278\ligands\LIB_YBNGDFSHNFUPMT.sdf,4af5220239c186e29b1f859da97109dbdb05fa622ee8731c9ab2ebb005b9e5f4,<PACKAGE_ROOT>\Documents\Codex\TMC1_R2_Scratch_20260929\03_compute\formal_forward_v2_initial278\ligands\LIB_YBNGDFSHNFUPMT.pdbqt,c1fff83a63836474ce3ad9bb440964f7a0cd021f8798bc00dc4b5e1fff9dd169,0.938
LIB_CXRYSQNWQCVBQV,ChEMBL,CHEMBL1079751,CHEMBL1079751,https://www.ebi.ac.uk/chembl/compound_report_card/CHEMBL1079751/,Cc1ccc(NC(=O)Nc2cccc(-c3cn4ccnc4c(NCc4ccncc4)n3)c2)cc1C(F)(F)F,Cc1ccc(NC(=O)Nc2cccc(-c3cn4ccnc4c(NCc4ccncc4)n3)c2)cc1C(F)(F)F,Cc1ccc(NC(=O)Nc2cccc(-c3cn4ccnc4c(NCc4ccncc4)n3)c2)cc1C(F)(F)F,CXRYSQNWQCVBQV-UHFFFAOYSA-N,CXRYSQNWQCVBQV,eligible,517.515,6.375,96.24,3,5,6,38,5,0.2431,0,1,1,False,predicted,eligible,False,[],1,Cc1ccc(NC(=O)Nc2cccc(-c3cn4ccnc4c(NCc4ccncc4)n3)c2)cc1C(F)(F)F,CXRYSQNWQCVBQV-UHFFFAOYSA-N,False,[],[],False,False,O=C(Nc1ccccc1)Nc1cccc(-c2cn3ccnc3c(NCc3ccncc3)n2)c1,-8.429607391357422,-8.177019119262695,0.5078310370445251,0.2988505747126437,True,random;descriptor_ridge,2026-09-28T18:20:59.975490+00:00,Cc1ccc(NC(=O)Nc2cccc(-c3cn4ccnc4c(NCc4ccncc4)n3)c2)cc1C(F)(F)F,CXRYSQNWQCVBQV-UHFFFAOYSA-N,CXRYSQNWQCVBQV-UHFFFAOYSA-N,[],[],exchangeable_tertiary_ring_NH_and_full_potential_stereo_v3_20260929,9,9,-5.17642733521609,3,Cc1ccc(NC(=O)Nc2cccc(-c3cn4ccnc4c(NCc4ccncc4)n3)c2)cc1C(F)(F)F,True,True,Cc1ccc(NC(=O)Nc2cccc(-c3cn4ccnc4c(NCc4ccncc4)n3)c2)cc1C(F)(F)F,True,True,prepared,<PACKAGE_ROOT>\Documents\Codex\TMC1_R2_Scratch_20260929\03_compute\formal_forward_v2_initial278\ligands\LIB_CXRYSQNWQCVBQV.sdf,630f9601d895068796b12981a057192ef3d6c562e00e9048a19fe3c1341c6cca,<PACKAGE_ROOT>\Documents\Codex\TMC1_R2_Scratch_20260929\03_compute\formal_forward_v2_initial278\ligands\LIB_CXRYSQNWQCVBQV.pdbqt,53b80c330133f206d12952a2745c619c836737cfefcf44b208fd102f59847f2c,1.244
LIB_HAGKOYTUAINBNR,ChEMBL,CHEMBL1077130,CHEMBL1077130,https://www.ebi.ac.uk/chembl/compound_report_card/CHEMBL1077130/,CC(=O)CC/C=C1\C[C@@H](C=C(C)C)OC1=O,CC(=O)CC/C=C1\C[C@@H](C=C(C)C)OC1=O,CC(=O)CCC=C1CC(C=C(C)C)OC1=O,HAGKOYTUAINBNR-IGEMTJHASA-N,HAGKOYTUAINBNR,eligible,222.284,2.564,43.37,0,3,4,16,1,0.4169,0,1,1,False,predicted,eligible,False,[],1,CC(=O)CC/C=C1\C[C@@H](C=C(C)C)OC1=O,HAGKOYTUAINBNR-IGEMTJHASA-N,False,[],[],False,False,C=C1CCOC1=O,-5.952928066253662,-5.609682083129883,0.4866756796836853,0.2318840579710145,True,random,2026-09-28T18:21:01.221360+00:00,CC(=O)CC/C=C1\C[C@@H](C=C(C)C)OC1=O,HAGKOYTUAINBNR-IGEMTJHASA-N,HAGKOYTUAINBNR-IGEMTJHASA-N,[],[],exchangeable_tertiary_ring_NH_and_full_potential_stereo_v3_20260929,9,9,17.690021842804583,8,CC(=O)CC/C=C1\C[C@@H](C=C(C)C)OC1=O,True,True,CC(=O)CC/C=C1\C[C@@H](C=C(C)C)OC1=O,True,True,prepared,<PACKAGE_ROOT>\Documents\Codex\TMC1_R2_Scratch_20260929\03_compute\formal_forward_v2_initial278\ligands\LIB_HAGKOYTUAINBNR.sdf,fc60ca763693a025d9201d39455203bce247d6878403e3b253f694b6486a5989,<PACKAGE_ROOT>\Documents\Codex\TMC1_R2_Scratch_20260929\03_compute\formal_forward_v2_initial278\ligands\LIB_HAGKOYTUAINBNR.pdbqt,d2096f83ed33ccb8510df47df85cb1cb80a1555efae713c47400f359ce5056b6,0.255
LIB_CVVGRHFARKYNNE,ChEMBL,CHEMBL1082854,CHEMBL1082854,https://www.ebi.ac.uk/chembl/compound_report_card/CHEMBL1082854/,CC(C)CCn1c(=O)c(C2=NS(=O)(=O)c3cc(CCN)ccc3N2)c(O)c2ccccc21,CC(C)CCn1c(=O)c(C2=NS(=O)(=O)c3cc(CCN)ccc3N2)c(O)c2ccccc21,CC(C)CCn1c(=O)c(C2=NS(=O)(=O)c3cc(CCN)ccc3N2)c(O)c2ccccc21,CVVGRHFARKYNNE-UHFFFAOYSA-N,CVVGRHFARKYNNE,eligible,454.552,2.815,126.78,3,6,6,32,4,0.5256,0,1,1,False,predicted,eligible,False,[],1,CC(C)CCn1c(=O)c(C2=[NH+]S(=O)(=O)c3cc(CC[NH3+])ccc3N2)c([O-])c2ccccc21,CVVGRHFARKYNNE-UHFFFAOYSA-O,False,[],[],False,False,O=c1[nH]c2ccccc2cc1C1=[NH+]S(=O)(=O)c2ccccc2N1,-7.250397682189941,-7.710394859313965,0.6988911032676697,0.24615384615384617,True,random,2026-09-28T18:21:01.478346+00:00,CC(C)CCn1c(=O)c(C2=NS(=O)(=O)c3cc(CCN)ccc3N2)c(O)c2ccccc21,CVVGRHFARKYNNE-UHFFFAOYSA-N,CVVGRHFARKYNNE-UHFFFAOYSA-O,[],[],exchangeable_tertiary_ring_NH_and_full_potential_stereo_v3_20260929,9,9,-184.33361704328922,7,CC(C)CCn1c(=O)c(C2=[NH+]S(=O)(=O)c3cc(CC[NH3+])ccc3N2)c([O-])c2ccccc21,True,True,CC(C)CCn1c(=O)c(C2=[NH+]S(=O)(=O)c3cc(CC[NH3+])ccc3N2)c([O-])c2ccccc21,True,True,prepared,<PACKAGE_ROOT>\Documents\Codex\TMC1_R2_Scratch_20260929\03_compute\formal_forward_v2_initial278\ligands\LIB_CVVGRHFARKYNNE.sdf,8faf5b621383f6dacaae96484bc5f9e724da2aa9dc7c4a9e73d0106de04d251a,<PACKAGE_ROOT>\Documents\Codex\TMC1_R2_Scratch_20260929\03_compute\formal_forward_v2_initial278\ligands\LIB_CVVGRHFARKYNNE.pdbqt,b5c5836962874783188f0eeaf3a7ef10537682999891168506b0a6fc11273509,0.98
LIB_IQYRBWJVVBVMOS,ChEMBL,CHEMBL104593,CHEMBL104593,https://www.ebi.ac.uk/chembl/compound_report_card/CHEMBL104593/,COc1ccccc1N1CCN(CCNC(=O)c2ccncc2)CC1,COc1ccccc1N1CCN(CCNC(=O)c2ccncc2)CC1,COc1ccccc1N1CCN(CCNC(=O)c2ccncc2)CC1,IQYRBWJVVBVMOS-UHFFFAOYSA-N,IQYRBWJVVBVMOS,eligible,340.427,1.642,57.7,1,5,6,25,3,0.8664,0,1,1,False,predicted,eligible,False,[],1,COc1ccccc1N1CC[NH+](CCNC(=O)c2ccncc2)CC1,IQYRBWJVVBVMOS-UHFFFAOYSA-O,False,[],[11],False,False,O=C(NCC[NH+]1CCN(c2ccccc2)CC1)c1ccncc1,-6.4246602058410645,-6.712485313415527,0.6069289445877075,0.38333333333333336,False,random,2026-09-28T18:21:02.460251+00:00,COc1ccccc1N1CCN(CCNC(=O)c2ccncc2)CC1,IQYRBWJVVBVMOS-UHFFFAOYSA-N,IQYRBWJVVBVMOS-UHFFFAOYSA-O,[],[11],exchangeable_tertiary_ring_NH_and_full_potential_stereo_v3_20260929,10,10,130.41054868089554,8,COc1ccccc1N1CC[NH+](CCNC(=O)c2ccncc2)CC1,True,True,COc1ccccc1N1CC[NH+](CCNC(=O)c2ccncc2)CC1,True,True,prepared,<PACKAGE_ROOT>\Documents\Codex\TMC1_R2_Scratch_20260929\03_compute\formal_forward_v2_initial278\ligands\LIB_IQYRBWJVVBVMOS.sdf,6bf3a4f0213fc56a019e27a9272122a1a841bfbf0a67f02e6e82ffff6d6396d7,<PACKAGE_ROOT>\Documents\Codex\TMC1_R2_Scratch_20260929\03_compute\formal_forward_v2_initial278\ligands\LIB_IQYRBWJVVBVMOS.pdbqt,289c09762922ae3aa3160ae991452d964ba923e4767bd5c162418d6f09b81b05,0.822
LIB_KGSCYSGAMAZIIM,ChEMBL,CHEMBL1078146,CHEMBL1078146,https://www.ebi.ac.uk/chembl/compound_report_card/CHEMBL1078146/,O=S(=O)(c1ccc(Br)cc1)c1ccc(-c2nnc(S)[nH]2)cc1,O=S(=O)(c1ccc(Br)cc1)c1ccc(-c2n[nH]c(=S)[nH]2)cc1,O=S(=O)(c1ccc(Br)cc1)c1ccc(-c2n[nH]c(=S)[nH]2)cc1,KGSCYSGAMAZIIM-UHFFFAOYSA-N,KGSCYSGAMAZIIM,eligible,396.291,3.73,78.61,2,4,3,22,3,0.6617,0,1,1,False,predicted,eligible,False,[],1,O=S(=O)(c1ccc(Br)cc1)c1ccc(-c2n[n-]c(=S)[n-]2)cc1,WQCVLFRYDMODKT-UHFFFAOYSA-M,False,[],[],False,False,O=S(=O)(c1ccccc1)c1ccc(-c2n[n-]c(=S)[n-]2)cc1,-6.95781946182251,-6.701307773590088,0.7860328555107117,0.2972972972972973,True,random,2026-09-28T18:21:03.284108+00:00,O=S(=O)(c1ccc(Br)cc1)c1ccc(-c2n[nH]c(=S)[nH]2)cc1,KGSCYSGAMAZIIM-UHFFFAOYSA-N,WQCVLFRYDMODKT-UHFFFAOYSA-M,[],[],exchangeable_tertiary_ring_NH_and_full_potential_stereo_v3_20260929,4,4,101.66500622251654,2,O=S(=O)(c1ccc(Br)cc1)c1ccc(-c2n[n-]c(=S)[n-]2)cc1,True,True,O=S(=O)(c1ccc(Br)cc1)c1ccc(-c2n[n-]c(=S)[n-]2)cc1,True,True,prepared,<PACKAGE_ROOT>\Documents\Codex\TMC1_R2_Scratch_20260929\03_compute\formal_forward_v2_initial278\ligands\LIB_KGSCYSGAMAZIIM.sdf,4a211216193eec883d00bd5f0e3c06eb334fcf764f16282ba21496ee226fee13,<PACKAGE_ROOT>\Documents\Codex\TMC1_R2_Scratch_20260929\03_compute\formal_forward_v2_initial278\ligands\LIB_KGSCYSGAMAZIIM.pdbqt,c8f041601d210211e99a8f79c24ab9cc33873398051f7dfab948d8576d5daf30,0.165
LIB_UHGSEJDZVOPSFT,ChEMBL,CHEMBL1086521,CHEMBL1086521,https://www.ebi.ac.uk/chembl/compound_report_card/CHEMBL1086521/,C[C@@H]1CCCN1CCc1ccc2nc(-c3nccs3)ccc2c1,C[C@@H]1CCCN1CCc1ccc2nc(-c3nccs3)ccc2c1,CC1CCCN1CCc1ccc2nc(-c3nccs3)ccc2c1,UHGSEJDZVOPSFT-CQSZACIVSA-N,UHGSEJDZVOPSFT,eligible,323.465,4.385,29.02,0,4,4,23,4,0.7131,0,1,1,False,predicted,eligible,False,[],1,C[C@@H]1CCC[NH+]1CCc1ccc2nc(-c3nccs3)ccc2c1,UHGSEJDZVOPSFT-CQSZACIVSA-O,True,"[[""Atom_Tetrahedral"", 5]]",[5],False,True,c1csc(-c2ccc3cc(CC[NH+]4CCCC4)ccc3n2)n1,-6.570361614227295,-6.538821220397949,0.6422755718231201,0.2,True,random,2026-09-28T18:21:03.450288+00:00,C[C@@H]1CCCN1CCc1ccc2nc(-c3nccs3)ccc2c1,UHGSEJDZVOPSFT-CQSZACIVSA-N,UHGSEJDZVOPSFT-CQSZACIVSA-O,"[[""Atom_Tetrahedral"", 5]]",[5],exchangeable_tertiary_ring_NH_and_full_potential_stereo_v3_20260929,9,9,94.0019693707851,7,C[C@@H]1CCC[N@H+]1CCc1ccc2nc(-c3nccs3)ccc2c1,False,True,C[C@@H]1CCC[N@H+]1CCc1ccc2nc(-c3nccs3)ccc2c1,False,True,prepared,<PACKAGE_ROOT>\Documents\Codex\TMC1_R2_Scratch_20260929\03_compute\formal_forward_v2_initial278\ligands\LIB_UHGSEJDZVOPSFT.sdf,5c50cf797f6ff9f42794aeeedbd41700c9ea285456b16727ee5237d470707e6c,<PACKAGE_ROOT>\Documents\Codex\TMC1_R2_Scratch_20260929\03_compute\formal_forward_v2_initial278\ligands\LIB_UHGSEJDZVOPSFT.pdbqt,762e8fafb6bf076adb8aee2d0bc995d0ff04f60716af9f32f8fe78c79bc0340a,0.693
LIB_VQWUSUUKOYJUGV,ChEMBL,CHEMBL1079871,CHEMBL1079871,https://www.ebi.ac.uk/chembl/compound_report_card/CHEMBL1079871/,C#CCNC(=O)c1ncn2c1Cn1ncnc1-c1cc(F)ccc1-2,C#CCNC(=O)c1ncn2c1Cn1ncnc1-c1cc(F)ccc1-2,C#CCNC(=O)c1ncn2c1Cn1ncnc1-c1cc(F)ccc1-2,VQWUSUUKOYJUGV-UHFFFAOYSA-N,VQWUSUUKOYJUGV,eligible,322.303,0.995,77.63,1,4,2,24,4,0.5585,0,1,1,False,predicted,eligible,False,[],1,C#CCNC(=O)c1ncn2c1Cn1ncnc1-c1cc(F)ccc1-2,VQWUSUUKOYJUGV-UHFFFAOYSA-N,False,[],[],False,False,c1ccc2c(c1)-c1ncnn1Cc1cncn1-2,-6.8980841636657715,-6.639847755432129,0.5825615525245667,0.24444444444444444,True,random,2026-09-28T18:21:04.146173+00:00,C#CCNC(=O)c1ncn2c1Cn1ncnc1-c1cc(F)ccc1-2,VQWUSUUKOYJUGV-UHFFFAOYSA-N,VQWUSUUKOYJUGV-UHFFFAOYSA-N,[],[],exchangeable_tertiary_ring_NH_and_full_potential_stereo_v3_20260929,7,7,35.69350281320184,6,C#CCNC(=O)c1ncn2c1Cn1ncnc1-c1cc(F)ccc1-2,True,True,C#CCNC(=O)c1ncn2c1Cn1ncnc1-c1cc(F)ccc1-2,True,True,prepared,<PACKAGE_ROOT>\Documents\Codex\TMC1_R2_Scratch_20260929\03_compute\formal_forward_v2_initial278\ligands\LIB_VQWUSUUKOYJUGV.sdf,f9709c37c93183f1f0aaeee93bc0e8ab38a69086f4762966f516afdd4427a0d9,<PACKAGE_ROOT>\Documents\Codex\TMC1_R2_Scratch_20260929\03_compute\formal_forward_v2_initial278\ligands\LIB_VQWUSUUKOYJUGV.pdbqt,a8e924cdb91d4fe2e99691d985c1e70cd636167866d588e7d53230640e91d1ab,0.352
LIB_TUQMHRDZPSHMHB,ChEMBL,CHEMBL1081643,CHEMBL1081643,https://www.ebi.ac.uk/chembl/compound_report_card/CHEMBL1081643/,CC(=O)c1ccccc1N1CCN(c2nc3c(S(=O)(=O)c4ccccc4)nnn3c3ccc(Cl)cc23)CC1,CC(=O)c1ccccc1N1CCN(c2nc3c(S(=O)(=O)c4ccccc4)nnn3c3ccc(Cl)cc23)CC1,CC(=O)c1ccccc1N1CCN(c2nc3c(S(=O)(=O)c4ccccc4)nnn3c3ccc(Cl)cc23)CC1,TUQMHRDZPSHMHB-UHFFFAOYSA-N,TUQMHRDZPSHMHB,eligible,547.04,4.293,100.77,0,8,5,38,6,0.3009,0,1,1,False,predicted,eligible,False,[],1,CC(=O)c1ccccc1N1CCN(c2nc3c(S(=O)(=O)c4ccccc4)nnn3c3ccc(Cl)cc23)CC1,TUQMHRDZPSHMHB-UHFFFAOYSA-N,False,[],[],False,False,O=S(=O)(c1ccccc1)c1nnn2c1nc(N1CCN(c3ccccc3)CC1)c1ccccc12,-8.073491096496582,-8.008017539978027,0.7099422216415405,0.2716049382716049,True,random,2026-09-28T18:21:04.499280+00:00,CC(=O)c1ccccc1N1CCN(c2nc3c(S(=O)(=O)c4ccccc4)nnn3c3ccc(Cl)cc23)CC1,TUQMHRDZPSHMHB-UHFFFAOYSA-N,TUQMHRDZPSHMHB-UHFFFAOYSA-N,[],[],exchangeable_tertiary_ring_NH_and_full_potential_stereo_v3_20260929,9,9,271.40170346640105,7,CC(=O)c1ccccc1N1CCN(c2nc3c(S(=O)(=O)c4ccccc4)nnn3c3ccc(Cl)cc23)CC1,True,True,CC(=O)c1ccccc1N1CCN(c2nc3c(S(=O)(=O)c4ccccc4)nnn3c3ccc(Cl)cc23)CC1,True,True,prepared,<PACKAGE_ROOT>\Documents\Codex\TMC1_R2_Scratch_20260929\03_compute\formal_forward_v2_initial278\ligands\LIB_TUQMHRDZPSHMHB.sdf,f41ece1a0ab7a215dae97ecda4f32e0b347a66f76bb7945d66b9afb26fa57f89,<PACKAGE_ROOT>\Documents\Codex\TMC1_R2_Scratch_20260929\03_compute\formal_forward_v2_initial278\ligands\LIB_TUQMHRDZPSHMHB.pdbqt,ffa25f8da0bc53ddd7ba4a7b44bc869950e8647cd3924a893fd29b2d8bf183ce,1.541
LIB_FKQCJYCSHIYYNP,ChEMBL,CHEMBL104969,CHEMBL104969,https://www.ebi.ac.uk/chembl/compound_report_card/CHEMBL104969/,Nc1ncnc2c1ncn2CCCOCC(=O)O,Nc1ncnc2c1ncn2CCCOCC(=O)O,Nc1ncnc2c1ncn2CCCOCC(=O)O,FKQCJYCSHIYYNP-UHFFFAOYSA-N,FKQCJYCSHIYYNP,eligible,251.246,-0.1,116.15,2,6,6,18,2,0.6883,0,1,1,False,predicted,eligible,False,[],1,Nc1ncnc2c1ncn2CCCOCC(=O)[O-],FKQCJYCSHIYYNP-UHFFFAOYSA-M,False,[],[],False,False,c1ncc2nc[nH]c2n1,-5.851395130157471,-6.047247886657715,0.4160195291042328,0.4918032786885246,False,random,2026-09-28T18:21:06.042706+00:00,Nc1ncnc2c1ncn2CCCOCC(=O)O,FKQCJYCSHIYYNP-UHFFFAOYSA-N,FKQCJYCSHIYYNP-UHFFFAOYSA-M,[],[],exchangeable_tertiary_ring_NH_and_full_potential_stereo_v3_20260929,9,9,49.97576629317644,3,Nc1ncnc2c1ncn2CCCOCC(=O)[O-],True,True,Nc1ncnc2c1ncn2CCCOCC(=O)[O-],True,True,prepared,<PACKAGE_ROOT>\Documents\Codex\TMC1_R2_Scratch_20260929\03_compute\formal_forward_v2_initial278\ligands\LIB_FKQCJYCSHIYYNP.sdf,ab6311d4f2ab25ebe30a81cd742c82bf3ba2a8353af47620b76b3606b152f19c,<PACKAGE_ROOT>\Documents\Codex\TMC1_R2_Scratch_20260929\03_compute\formal_forward_v2_initial278\ligands\LIB_FKQCJYCSHIYYNP.pdbqt,45930e6736008918219b156973f0f1a0899be7bd95c95389a44b1e6ae3f973ee,0.261
LIB_CBCCXWBWQDCXLH,ChEMBL,CHEMBL104442,CHEMBL104442,https://www.ebi.ac.uk/chembl/compound_report_card/CHEMBL104442/,CC(=O)OCCS(=O)(=O)c1ccc(S(N)(=O)=O)s1,CC(=O)OCCS(=O)(=O)c1ccc(S(N)(=O)=O)s1,CC(=O)OCCS(=O)(=O)c1ccc(S(N)(=O)=O)s1,CBCCXWBWQDCXLH-UHFFFAOYSA-N,CBCCXWBWQDCXLH,eligible,313.378,-0.268,120.6,1,7,5,18,1,0.7471,0,1,1,False,predicted,eligible,False,[],1,CC(=O)OCCS(=O)(=O)c1ccc(S(N)(=O)=O)s1,CBCCXWBWQDCXLH-UHFFFAOYSA-N,False,[],[],False,False,c1ccsc1,-5.9614667892456055,-5.847389221191406,0.45148003101348877,0.30434782608695654,False,random,2026-09-28T18:21:06.304475+00:00,CC(=O)OCCS(=O)(=O)c1ccc(S(N)(=O)=O)s1,CBCCXWBWQDCXLH-UHFFFAOYSA-N,CBCCXWBWQDCXLH-UHFFFAOYSA-N,[],[],exchangeable_tertiary_ring_NH_and_full_potential_stereo_v3_20260929,9,9,-68.8184275322742,3,CC(=O)OCCS(=O)(=O)c1ccc(S(N)(=O)=O)s1,True,True,CC(=O)OCCS(=O)(=O)c1ccc(S(N)(=O)=O)s1,True,True,prepared,<PACKAGE_ROOT>\Documents\Codex\TMC1_R2_Scratch_20260929\03_compute\formal_forward_v2_initial278\ligands\LIB_CBCCXWBWQDCXLH.sdf,a3bb27fda5dea18ce0ed14d515685336e3fdb2b53f5e1569f891f238ad3f697e,<PACKAGE_ROOT>\Documents\Codex\TMC1_R2_Scratch_20260929\03_compute\formal_forward_v2_initial278\ligands\LIB_CBCCXWBWQDCXLH.pdbqt,ea1524e3d7a26b6c027c9afc666b3dfd41696df58180277838a8e799967914ab,0.191
LIB_RPTCJTNYKDJGHU,ChEMBL,CHEMBL108705,CHEMBL108705,https://www.ebi.ac.uk/chembl/compound_report_card/CHEMBL108705/,CCCOC(=O)c1c(-c2cccc(Cl)c2)nc(CC)c(C(=O)SCCC)c1CC,CCCOC(=O)c1c(-c2cccc(Cl)c2)nc(CC)c(C(=O)SCCC)c1CC,CCCOC(=O)c1c(-c2cccc(Cl)c2)nc(CC)c(C(=O)SCCC)c1CC,RPTCJTNYKDJGHU-UHFFFAOYSA-N,RPTCJTNYKDJGHU,eligible,434.001,6.377,56.26,0,5,9,29,2,0.4293,0,1,1,False,predicted,eligible,False,[],1,CCCOC(=O)c1c(-c2cccc(Cl)c2)nc(CC)c(C(=O)SCCC)c1CC,RPTCJTNYKDJGHU-UHFFFAOYSA-N,False,[],[],False,False,c1ccc(-c2ccccn2)cc1,-6.972808361053467,-6.750755310058594,0.7146088480949402,0.2602739726027397,True,random,2026-09-28T18:21:06.496952+00:00,CCCOC(=O)c1c(-c2cccc(Cl)c2)nc(CC)c(C(=O)SCCC)c1CC,RPTCJTNYKDJGHU-UHFFFAOYSA-N,RPTCJTNYKDJGHU-UHFFFAOYSA-N,[],[],exchangeable_tertiary_ring_NH_and_full_potential_stereo_v3_20260929,10,10,57.8471191645569,6,CCCOC(=O)c1c(-c2cccc(Cl)c2)nc(CC)c(C(=O)SCCC)c1CC,True,True,CCCOC(=O)c1c(-c2cccc(Cl)c2)nc(CC)c(C(=O)SCCC)c1CC,True,True,prepared,<PACKAGE_ROOT>\Documents\Codex\TMC1_R2_Scratch_20260929\03_compute\formal_forward_v2_initial278\ligands\LIB_RPTCJTNYKDJGHU.sdf,b7ba9887f0c729d5cda0faa628b14b86b3b48adc15c3280d8fcbb929e56a1738,<PACKAGE_ROOT>\Documents\Codex\TMC1_R2_Scratch_20260929\03_compute\formal_forward_v2_initial278\ligands\LIB_RPTCJTNYKDJGHU.pdbqt,8cd377bce8f03117b884a2da3e7116b21b2ef1fc819f578d91c654cf7553c79c,0.871
LIB_VWPZVQSMQVKQCI,ChEMBL,CHEMBL101979,CHEMBL101979,https://www.ebi.ac.uk/chembl/compound_report_card/CHEMBL101979/,CCN1c2ncc(COc3cccc(C(N)=O)c3)cc2C(=O)N(C)c2ccc(Cl)nc21,CCN1c2ncc(COc3cccc(C(N)=O)c3)cc2C(=O)N(C)c2ccc(Cl)nc21,CCN1c2ncc(COc3cccc(C(N)=O)c3)cc2C(=O)N(C)c2ccc(Cl)nc21,VWPZVQSMQVKQCI-UHFFFAOYSA-N,VWPZVQSMQVKQCI,eligible,437.887,3.556,101.65,1,6,5,31,4,0.6122,0,1,1,False,predicted,eligible,False,[],1,CCN1c2ncc(COc3cccc(C(N)=O)c3)cc2C(=O)N(C)c2ccc(Cl)nc21,VWPZVQSMQVKQCI-UHFFFAOYSA-N,False,[],[],False,False,O=C1Nc2cccnc2Nc2ncc(COc3ccccc3)cc21,-7.477801322937012,-7.140528202056885,0.8759017586708069,0.25609756097560976,True,random,2026-09-28T18:21:07.369738+00:00,CCN1c2ncc(COc3cccc(C(N)=O)c3)cc2C(=O)N(C)c2ccc(Cl)nc21,VWPZVQSMQVKQCI-UHFFFAOYSA-N,VWPZVQSMQVKQCI-UHFFFAOYSA-N,[],[],exchangeable_tertiary_ring_NH_and_full_potential_stereo_v3_20260929,10,10,50.41984322462252,5,CCN1c2ncc(COc3cccc(C(N)=O)c3)cc2C(=O)N(C)c2ccc(Cl)nc21,True,True,CCN1c2ncc(COc3cccc(C(N)=O)c3)cc2C(=O)N(C)c2ccc(Cl)nc21,True,True,prepared,<PACKAGE_ROOT>\Documents\Codex\TMC1_R2_Scratch_20260929\03_compute\formal_forward_v2_initial278\ligands\LIB_VWPZVQSMQVKQCI.sdf,18c25e8ff44d4f3d3dd97e32773571f0f793bd23b788d18f62e107a0390ccee2,<PACKAGE_ROOT>\Documents\Codex\TMC1_R2_Scratch_20260929\03_compute\formal_forward_v2_initial278\ligands\LIB_VWPZVQSMQVKQCI.pdbqt,69a03d3c3abee8dfde7b76c04c96f8a0033710d06a4d4e853b42c69330ac0a9b,0.787
LIB_RUMZIRSAOXCPII,ChEMBL,CHEMBL100925,CHEMBL100925,https://www.ebi.ac.uk/chembl/compound_report_card/CHEMBL100925/,Nc1ccc(NC(=O)c2ccc(CNC(=O)OCc3cccnc3)cc2)cc1,Nc1ccc(NC(=O)c2ccc(CNC(=O)OCc3cccnc3)cc2)cc1,Nc1ccc(NC(=O)c2ccc(CNC(=O)OCc3cccnc3)cc2)cc1,RUMZIRSAOXCPII-UHFFFAOYSA-N,RUMZIRSAOXCPII,eligible,376.416,3.343,106.34,3,5,6,28,3,0.5722,0,1,1,False,predicted,eligible,False,[],1,Nc1ccc(NC(=O)c2ccc(CNC(=O)OCc3cccnc3)cc2)cc1,RUMZIRSAOXCPII-UHFFFAOYSA-N,False,[],[],False,False,O=C(NCc1ccc(C(=O)Nc2ccccc2)cc1)OCc1cccnc1,-7.2530012130737305,-7.141619682312012,0.6467183232307434,0.4126984126984127,False,random,2026-09-28T18:21:08.157575+00:00,Nc1ccc(NC(=O)c2ccc(CNC(=O)OCc3cccnc3)cc2)cc1,RUMZIRSAOXCPII-UHFFFAOYSA-N,RUMZIRSAOXCPII-UHFFFAOYSA-N,[],[],exchangeable_tertiary_ring_NH_and_full_potential_stereo_v3_20260929,8,8,-32.62341896098856,0,Nc1ccc(NC(=O)c2ccc(CNC(=O)OCc3cccnc3)cc2)cc1,True,True,Nc1ccc(NC(=O)c2ccc(CNC(=O)OCc3cccnc3)cc2)cc1,True,True,prepared,<PACKAGE_ROOT>\Documents\Codex\TMC1_R2_Scratch_20260929\03_compute\formal_forward_v2_initial278\ligands\LIB_RUMZIRSAOXCPII.sdf,6040ca7eec87cbc21711754d365e47eeac844f515400415873f9d8d216570e33,<PACKAGE_ROOT>\Documents\Codex\TMC1_R2_Scratch_20260929\03_compute\formal_forward_v2_initial278\ligands\LIB_RUMZIRSAOXCPII.pdbqt,903617af04dfbf659eff3ec35032398ffae515005d33898839034035136edec3,0.6
LIB_WKMQGQZPDSFACZ,ChEMBL,CHEMBL1083821,CHEMBL1083821,https://www.ebi.ac.uk/chembl/compound_report_card/CHEMBL1083821/,O=C(/C=C/c1cccc(O)c1)c1ccc(O)cc1O,O=C(/C=C/c1cccc(O)c1)c1ccc(O)cc1O,O=C(C=Cc1cccc(O)c1)c1ccc(O)cc1O,WKMQGQZPDSFACZ-QPJJXVBHSA-N,WKMQGQZPDSFACZ,eligible,256.257,2.7,77.76,3,4,3,19,2,0.5825,0,1,1,False,predicted,eligible,False,[],1,O=C(/C=C/c1cccc([O-])c1)c1ccc([O-])cc1[O-],WKMQGQZPDSFACZ-QPJJXVBHSA-K,False,[],[],False,False,O=C(C=Cc1ccccc1)c1ccccc1,-6.603204727172852,-6.682190895080566,0.7547813057899475,0.30952380952380953,False,random,2026-09-28T18:21:08.758791+00:00,O=C(/C=C/c1cccc(O)c1)c1ccc(O)cc1O,WKMQGQZPDSFACZ-QPJJXVBHSA-N,WKMQGQZPDSFACZ-QPJJXVBHSA-K,[],[],exchangeable_tertiary_ring_NH_and_full_potential_stereo_v3_20260929,3,3,165.84786293900953,1,O=C(/C=C/c1cccc([O-])c1)c1ccc([O-])cc1[O-],True,True,O=C(/C=C/c1cccc([O-])c1)c1ccc([O-])cc1[O-],True,True,prepared,<PACKAGE_ROOT>\Documents\Codex\TMC1_R2_Scratch_20260929\03_compute\formal_forward_v2_initial278\ligands\LIB_WKMQGQZPDSFACZ.sdf,42ed546fe829c303cb91dc684ce8ee6d1880c57296db6ad0cc7606c661614676,<PACKAGE_ROOT>\Documents\Codex\TMC1_R2_Scratch_20260929\03_compute\formal_forward_v2_initial278\ligands\LIB_WKMQGQZPDSFACZ.pdbqt,a1a1c6ac4cc88f5f2a5d770b07b318c912d05519d347b0c287928ff40ef07dd9,0.158
LIB_KFIUIAQYOYNCIK,ChEMBL,CHEMBL105156,CHEMBL105156,https://www.ebi.ac.uk/chembl/compound_report_card/CHEMBL105156/,CCCN1CCN(c2nc3c(cc2F)c(=O)c(C(=O)O)cn3CC)CC1,CCCN1CCN(c2nc3c(cc2F)c(=O)c(C(=O)O)cn3CC)CC1,CCCN1CCN(c2nc3c(cc2F)c(=O)c(C(=O)O)cn3CC)CC1,KFIUIAQYOYNCIK-UHFFFAOYSA-N,KFIUIAQYOYNCIK,eligible,362.405,1.786,78.67,1,5,5,26,3,0.8736,0,1,1,False,predicted,eligible,False,[],1,CCC[NH+]1CCN(c2nc3c(cc2F)c(=O)c(C(=O)[O-])cn3CC)CC1,KFIUIAQYOYNCIK-UHFFFAOYSA-N,False,[],[3],False,False,O=c1cc[nH]c2nc(N3CC[NH2+]CC3)ccc12,-6.593140602111816,-6.773508548736572,0.4929443299770355,0.7543859649122807,False,random,2026-09-28T18:21:08.919161+00:00,CCCN1CCN(c2nc3c(cc2F)c(=O)c(C(=O)O)cn3CC)CC1,KFIUIAQYOYNCIK-UHFFFAOYSA-N,KFIUIAQYOYNCIK-UHFFFAOYSA-N,[],[3],exchangeable_tertiary_ring_NH_and_full_potential_stereo_v3_20260929,8,8,66.85926907644179,6,CCC[NH+]1CCN(c2nc3c(cc2F)c(=O)c(C(=O)[O-])cn3CC)CC1,True,True,CCC[NH+]1CCN(c2nc3c(cc2F)c(=O)c(C(=O)[O-])cn3CC)CC1,True,True,prepared,<PACKAGE_ROOT>\Documents\Codex\TMC1_R2_Scratch_20260929\03_compute\formal_forward_v2_initial278\ligands\LIB_KFIUIAQYOYNCIK.sdf,188ca02f43118a8e2c2dbe8cb6a9f28275b68be4b9d092dfbaf1bd178fe83a84,<PACKAGE_ROOT>\Documents\Codex\TMC1_R2_Scratch_20260929\03_compute\formal_forward_v2_initial278\ligands\LIB_KFIUIAQYOYNCIK.pdbqt,c9ee9dba3a03acf0693ef35dce5a8f5a6ff1fc04422d4816b80f269fe2685b62,0.697
LIB_HHPJXWDHFALHCL,ChEMBL,CHEMBL100404,CHEMBL100404,https://www.ebi.ac.uk/chembl/compound_report_card/CHEMBL100404/,C=CCOc1c(F)cc(/C=C(\C)C(=O)N[C@@H]2[C@H](O)[C@@H](O)[C@H]3OCO[C@H]3[C@@H]2O)c(F)c1O,C=CCOc1c(F)cc(/C=C(\C)C(=O)N[C@@H]2[C@H](O)[C@@H](O)[C@H]3OCO[C@H]3[C@@H]2O)c(F)c1O,C=CCOc1c(F)cc(C=C(C)C(=O)NC2C(O)C(O)C3OCOC3C2O)c(F)c1O,HHPJXWDHFALHCL-XHYSUTJLSA-N,HHPJXWDHFALHCL,eligible,443.399,-0.039,137.71,5,8,6,31,3,0.3052,0,1,1,False,predicted,eligible,False,[],1,C=CCOc1c(F)cc(/C=C(\C)C(=O)N[C@@H]2[C@H](O)[C@@H](O)[C@H]3OCO[C@H]3[C@@H]2O)c(F)c1[O-],HHPJXWDHFALHCL-XHYSUTJLSA-M,False,[],[],False,False,O=C(C=Cc1ccccc1)NC1CCC2OCOC2C1,-7.3820037841796875,-7.362905979156494,0.8426132798194885,0.25,True,random,2026-09-28T18:21:09.618210+00:00,C=CCOc1c(F)cc(/C=C(\C)C(=O)N[C@@H]2[C@H](O)[C@@H](O)[C@H]3OCO[C@H]3[C@@H]2O)c(F)c1O,HHPJXWDHFALHCL-XHYSUTJLSA-N,HHPJXWDHFALHCL-XHYSUTJLSA-M,[],[],exchangeable_tertiary_ring_NH_and_full_potential_stereo_v3_20260929,10,10,138.70296193781587,5,C=CCOc1c(F)cc(/C=C(\C)C(=O)N[C@@H]2[C@H](O)[C@@H](O)[C@H]3OCO[C@H]3[C@@H]2O)c(F)c1[O-],True,True,C=CCOc1c(F)cc(/C=C(\C)C(=O)N[C@@H]2[C@H](O)[C@@H](O)[C@H]3OCO[C@H]3[C@@H]2O)c(F)c1[O-],True,True,prepared,<PACKAGE_ROOT>\Documents\Codex\TMC1_R2_Scratch_20260929\03_compute\formal_forward_v2_initial278\ligands\LIB_HHPJXWDHFALHCL.sdf,c025efcaf9486ee1c29833c9cc0fa47514cc7a103d9d05ec45d9621c8b3b1f70,<PACKAGE_ROOT>\Documents\Codex\TMC1_R2_Scratch_20260929\03_compute\formal_forward_v2_initial278\ligands\LIB_HHPJXWDHFALHCL.pdbqt,b47d02ad4341b5055551641600358534f3c326ec7d7a37c5f6168c133b43aec4,1.021
LIB_VXPLXMJHHKHSOA,ChEMBL,CHEMBL1080996,CHEMBL1080996,https://www.ebi.ac.uk/chembl/compound_report_card/CHEMBL1080996/,CC(C)OC(=O)Nc1ccccc1,CC(C)OC(=O)Nc1ccccc1,CC(C)OC(=O)Nc1ccccc1,VXPLXMJHHKHSOA-UHFFFAOYSA-N,VXPLXMJHHKHSOA,eligible,179.219,2.644,38.33,1,2,2,13,1,0.7574,0,1,1,False,predicted,eligible,False,[],1,CC(C)OC(=O)Nc1ccccc1,VXPLXMJHHKHSOA-UHFFFAOYSA-N,False,[],[],False,False,c1ccccc1,-5.972105979919434,-6.301970481872559,0.4558877944946289,0.3684210526315789,False,random,2026-09-28T18:21:10.639710+00:00,CC(C)OC(=O)Nc1ccccc1,VXPLXMJHHKHSOA-UHFFFAOYSA-N,VXPLXMJHHKHSOA-UHFFFAOYSA-N,[],[],exchangeable_tertiary_ring_NH_and_full_potential_stereo_v3_20260929,2,2,-33.67880588476213,1,CC(C)OC(=O)Nc1ccccc1,True,True,CC(C)OC(=O)Nc1ccccc1,True,True,prepared,<PACKAGE_ROOT>\Documents\Codex\TMC1_R2_Scratch_20260929\03_compute\formal_forward_v2_initial278\ligands\LIB_VXPLXMJHHKHSOA.sdf,15d1fdc57475ae376fd215d0983385eb1262c1731f1efe24b943c6c384651148,<PACKAGE_ROOT>\Documents\Codex\TMC1_R2_Scratch_20260929\03_compute\formal_forward_v2_initial278\ligands\LIB_VXPLXMJHHKHSOA.pdbqt,a9f1e115f5295daf7c7bbb007595302b3df8be1edd0cbe34af5dc185736982e7,0.096
LIB_IJCNVHLDCLZYKG,ChEMBL,CHEMBL102100,CHEMBL102100,https://www.ebi.ac.uk/chembl/compound_report_card/CHEMBL102100/,CCCCCOc1nc(N)nc2ncc(C#Cc3ccccc3)nc12,CCCCCOc1nc(N)nc2ncc(C#Cc3ccccc3)nc12,CCCCCOc1nc(N)nc2ncc(C#Cc3ccccc3)nc12,IJCNVHLDCLZYKG-UHFFFAOYSA-N,IJCNVHLDCLZYKG,eligible,333.395,2.971,86.81,1,6,5,25,3,0.5704,0,1,1,False,predicted,eligible,False,[],1,CCCCCOc1nc(N)nc2ncc(C#Cc3ccccc3)nc12,IJCNVHLDCLZYKG-UHFFFAOYSA-N,False,[],[],False,False,C(#Cc1cnc2ncncc2n1)c1ccccc1,-6.824239730834961,-6.393739700317383,0.6017991900444031,0.2631578947368421,True,random,2026-09-28T18:21:10.738345+00:00,CCCCCOc1nc(N)nc2ncc(C#Cc3ccccc3)nc12,IJCNVHLDCLZYKG-UHFFFAOYSA-N,IJCNVHLDCLZYKG-UHFFFAOYSA-N,[],[],exchangeable_tertiary_ring_NH_and_full_potential_stereo_v3_20260929,8,8,-7.396130419799688,0,CCCCCOc1nc(N)nc2ncc(C#Cc3ccccc3)nc12,True,True,CCCCCOc1nc(N)nc2ncc(C#Cc3ccccc3)nc12,True,True,prepared,<PACKAGE_ROOT>\Documents\Codex\TMC1_R2_Scratch_20260929\03_compute\formal_forward_v2_initial278\ligands\LIB_IJCNVHLDCLZYKG.sdf,ace860a1ccb082a360fa59e3adaf6e8cd21887aaa91fe277aa0464ebc0e4266d,<PACKAGE_ROOT>\Documents\Codex\TMC1_R2_Scratch_20260929\03_compute\formal_forward_v2_initial278\ligands\LIB_IJCNVHLDCLZYKG.pdbqt,20a9331fab706ac89d83bc6b7e01cb010fc8ecdec00a2601e647720e6c65e77b,0.525
LIB_IWDJIZYURLLLMQ,ChEMBL,CHEMBL10642,CHEMBL10642,https://www.ebi.ac.uk/chembl/compound_report_card/CHEMBL10642/,CCOc1cc2c(cc1C/C=C/c1ccc(OC)cc1)OCO2,CCOc1cc2c(cc1C/C=C/c1ccc(OC)cc1)OCO2,CCOc1cc2c(cc1CC=Cc1ccc(OC)cc1)OCO2,IWDJIZYURLLLMQ-SNAWJCMRSA-N,IWDJIZYURLLLMQ,eligible,312.365,4.079,36.92,0,4,6,23,3,0.8052,0,1,1,False,predicted,eligible,False,[],1,CCOc1cc2c(cc1C/C=C/c1ccc(OC)cc1)OCO2,IWDJIZYURLLLMQ-SNAWJCMRSA-N,False,[],[],False,False,C(=Cc1ccccc1)Cc1ccc2c(c1)OCO2,-6.490231037139893,-6.596283912658691,0.5884211659431458,0.328125,False,random,2026-09-28T18:21:11.264649+00:00,CCOc1cc2c(cc1C/C=C/c1ccc(OC)cc1)OCO2,IWDJIZYURLLLMQ-SNAWJCMRSA-N,IWDJIZYURLLLMQ-SNAWJCMRSA-N,[],[],exchangeable_tertiary_ring_NH_and_full_potential_stereo_v3_20260929,6,6,48.200599562532105,0,CCOc1cc2c(cc1C/C=C/c1ccc(OC)cc1)OCO2,True,True,CCOc1cc2c(cc1C/C=C/c1ccc(OC)cc1)OCO2,True,True,prepared,<PACKAGE_ROOT>\Documents\Codex\TMC1_R2_Scratch_20260929\03_compute\formal_forward_v2_initial278\ligands\LIB_IWDJIZYURLLLMQ.sdf,0339709ec01eb16ec198f50b302891d3356c679d2ebe155832fb12a2e042ead8,<PACKAGE_ROOT>\Documents\Codex\TMC1_R2_Scratch_20260929\03_compute\formal_forward_v2_initial278\ligands\LIB_IWDJIZYURLLLMQ.pdbqt,db4ecee3716c8ed77f6dd96a6b70c013a00fc137cf80b44793ac02eb2896ec42,0.374
LIB_DXIAHMIZSNQSST,ChEMBL,CHEMBL1081439,CHEMBL1081439,https://www.ebi.ac.uk/chembl/compound_report_card/CHEMBL1081439/,N[C@H](CNc1nnc(-c2ccc3[nH]ncc3c2)s1)Cc1ccc(F)cc1,N[C@H](CNc1nnc(-c2ccc3[nH]ncc3c2)s1)Cc1ccc(F)cc1,NC(CNc1nnc(-c2ccc3[nH]ncc3c2)s1)Cc1ccc(F)cc1,DXIAHMIZSNQSST-HNNXBMFYSA-N,DXIAHMIZSNQSST,eligible,368.441,3.202,92.51,3,6,6,26,4,0.486,0,1,1,False,predicted,eligible,False,[],1,[NH3+][C@H](CNc1nnc(-c2ccc3[n-]ncc3c2)s1)Cc1ccc(F)cc1,QQVKMUJAHLWSBA-HNNXBMFYSA-O,False,[],[],False,False,c1ccc(CCCNc2nnc(-c3ccc4[n-]ncc4c3)s2)cc1,-6.857007026672363,-6.8984551429748535,0.7115760445594788,0.25555555555555554,True,random,2026-09-28T18:21:11.638955+00:00,N[C@H](CNc1nnc(-c2ccc3[nH]ncc3c2)s1)Cc1ccc(F)cc1,DXIAHMIZSNQSST-HNNXBMFYSA-N,QQVKMUJAHLWSBA-HNNXBMFYSA-O,[],[],exchangeable_tertiary_ring_NH_and_full_potential_stereo_v3_20260929,9,9,-21.193818028102157,5,[NH3+][C@H](CNc1nnc(-c2ccc3[n-]ncc3c2)s1)Cc1ccc(F)cc1,True,True,[NH3+][C@H](CNc1nnc(-c2ccc3[n-]ncc3c2)s1)Cc1ccc(F)cc1,True,True,prepared,<PACKAGE_ROOT>\Documents\Codex\TMC1_R2_Scratch_20260929\03_compute\formal_forward_v2_initial278\ligands\LIB_DXIAHMIZSNQSST.sdf,e4d2ac4f1dfa26bf1b0397dcb201079a4a936e396a59f0b59f8873c6030bee99,<PACKAGE_ROOT>\Documents\Codex\TMC1_R2_Scratch_20260929\03_compute\formal_forward_v2_initial278\ligands\LIB_DXIAHMIZSNQSST.pdbqt,aa38048c879e0281ffc94bf88676e43bdb1d8abb9a0941eb0e1c936fcd341983,0.578
LIB_QZHQGKPLHXJZRJ,ChEMBL,CHEMBL1085985,CHEMBL1085985,https://www.ebi.ac.uk/chembl/compound_report_card/CHEMBL1085985/,O=C(NCC1(F)CCNCC1)c1c(F)cccc1-c1cccc(Cl)c1,O=C(NCC1(F)CCNCC1)c1c(F)cccc1-c1cccc(Cl)c1,O=C(NCC1(F)CCNCC1)c1c(F)cccc1-c1cccc(Cl)c1,QZHQGKPLHXJZRJ-UHFFFAOYSA-N,QZHQGKPLHXJZRJ,eligible,364.823,3.968,41.13,2,2,4,25,3,0.8616,0,1,1,False,predicted,eligible,False,[],1,O=C(NCC1(F)CC[NH2+]CC1)c1c(F)cccc1-c1cccc(Cl)c1,QZHQGKPLHXJZRJ-UHFFFAOYSA-O,False,[],[],False,False,O=C(NCC1CC[NH2+]CC1)c1ccccc1-c1ccccc1,-6.920332431793213,-7.287088871002197,0.7389326691627502,0.3181818181818182,False,random,2026-09-28T18:21:12.218361+00:00,O=C(NCC1(F)CCNCC1)c1c(F)cccc1-c1cccc(Cl)c1,QZHQGKPLHXJZRJ-UHFFFAOYSA-N,QZHQGKPLHXJZRJ-UHFFFAOYSA-O,[],[],exchangeable_tertiary_ring_NH_and_full_potential_stereo_v3_20260929,8,8,14.710662504389706,2,O=C(NCC1(F)CC[NH2+]CC1)c1c(F)cccc1-c1cccc(Cl)c1,True,True,O=C(NCC1(F)CC[NH2+]CC1)c1c(F)cccc1-c1cccc(Cl)c1,True,True,prepared,<PACKAGE_ROOT>\Documents\Codex\TMC1_R2_Scratch_20260929\03_compute\formal_forward_v2_initial278\ligands\LIB_QZHQGKPLHXJZRJ.sdf,b5fc91840a497380dce465d4ea283f660e0670562d10a1d068782dec6b3e1fed,<PACKAGE_ROOT>\Documents\Codex\TMC1_R2_Scratch_20260929\03_compute\formal_forward_v2_initial278\ligands\LIB_QZHQGKPLHXJZRJ.pdbqt,a57d34bb9a1dfa8e9f700f59c4a5ded21ca5321fa4b06f9f673c025c513cdebd,0.514
LIB_NJLNJHCKQVRQDL,ChEMBL,CHEMBL1079141,CHEMBL1079141,https://www.ebi.ac.uk/chembl/compound_report_card/CHEMBL1079141/,O=C(c1ccccc1)c1nc(NCc2cccnc2)nc2ccsc12,O=C(c1ccccc1)c1nc(NCc2cccnc2)nc2ccsc12,O=C(c1ccccc1)c1nc(NCc2cccnc2)nc2ccsc12,NJLNJHCKQVRQDL-UHFFFAOYSA-N,NJLNJHCKQVRQDL,eligible,346.415,3.929,67.77,1,6,5,25,4,0.5546,0,1,1,False,predicted,eligible,False,[],1,O=C(c1ccccc1)c1nc(NCc2cccnc2)nc2ccsc12,NJLNJHCKQVRQDL-UHFFFAOYSA-N,False,[],[],False,False,O=C(c1ccccc1)c1nc(NCc2cccnc2)nc2ccsc12,-6.8651909828186035,-6.927474021911621,0.6873967051506042,0.3333333333333333,False,random,2026-09-28T18:21:12.734033+00:00,O=C(c1ccccc1)c1nc(NCc2cccnc2)nc2ccsc12,NJLNJHCKQVRQDL-UHFFFAOYSA-N,NJLNJHCKQVRQDL-UHFFFAOYSA-N,[],[],exchangeable_tertiary_ring_NH_and_full_potential_stereo_v3_20260929,9,9,-11.856118305172657,5,O=C(c1ccccc1)c1nc(NCc2cccnc2)nc2ccsc12,True,True,O=C(c1ccccc1)c1nc(NCc2cccnc2)nc2ccsc12,True,True,prepared,<PACKAGE_ROOT>\Documents\Codex\TMC1_R2_Scratch_20260929\03_compute\formal_forward_v2_initial278\ligands\LIB_NJLNJHCKQVRQDL.sdf,70267a67665014f23a31f7f020fc44368b5ef9ddb9fd318eb47541ed760b8145,<PACKAGE_ROOT>\Documents\Codex\TMC1_R2_Scratch_20260929\03_compute\formal_forward_v2_initial278\ligands\LIB_NJLNJHCKQVRQDL.pdbqt,b5e26db7e7b4189431137b4c0a5a185770992776ec2deeed32bf9a3cc1e79af2,0.423
LIB_CDOPZZJFMUYVKP,ChEMBL,CHEMBL1084293,CHEMBL1084293,https://www.ebi.ac.uk/chembl/compound_report_card/CHEMBL1084293/,CC(C)(C)COc1nc(C(F)(F)F)ccc1CNC(=O)Nc1cccc2[nH]ncc12,CC(C)(C)COc1nc(C(F)(F)F)ccc1CNC(=O)Nc1cccc2[nH]ncc12,CC(C)(C)COc1nc(C(F)(F)F)ccc1CNC(=O)Nc1cccc2[nH]ncc12,CDOPZZJFMUYVKP-UHFFFAOYSA-N,CDOPZZJFMUYVKP,eligible,421.423,4.723,91.93,3,4,5,30,3,0.5557,0,1,1,False,predicted,eligible,False,[],1,CC(C)(C)COc1nc(C(F)(F)F)ccc1CNC(=O)Nc1cccc2[n-]ncc12,ZZFAQDSESFPGDB-UHFFFAOYSA-M,False,[],[],False,False,O=C(NCc1cccnc1)Nc1cccc2[n-]ncc12,-7.664681434631348,-7.77816915512085,0.5139341354370117,0.25,True,random,2026-09-28T18:21:13.158045+00:00,CC(C)(C)COc1nc(C(F)(F)F)ccc1CNC(=O)Nc1cccc2[nH]ncc12,CDOPZZJFMUYVKP-UHFFFAOYSA-N,ZZFAQDSESFPGDB-UHFFFAOYSA-M,[],[],exchangeable_tertiary_ring_NH_and_full_potential_stereo_v3_20260929,10,10,-8.27178693918415,1,CC(C)(C)COc1nc(C(F)(F)F)ccc1CNC(=O)Nc1cccc2[n-]ncc12,True,True,CC(C)(C)COc1nc(C(F)(F)F)ccc1CNC(=O)Nc1cccc2[n-]ncc12,True,True,prepared,<PACKAGE_ROOT>\Documents\Codex\TMC1_R2_Scratch_20260929\03_compute\formal_forward_v2_initial278\ligands\LIB_CDOPZZJFMUYVKP.sdf,1f55a01adcb04f2860106be5750b6794b8ab7f10aae5a9cd36b04d5098b66ebd,<PACKAGE_ROOT>\Documents\Codex\TMC1_R2_Scratch_20260929\03_compute\formal_forward_v2_initial278\ligands\LIB_CDOPZZJFMUYVKP.pdbqt,4fb2eb8690a1c2a4cf13548040263fb6e13a14a975829d5216fe030afc8b196d,1.024
LIB_SOTRSERIYXCWEZ,ChEMBL,CHEMBL106966,CHEMBL106966,https://www.ebi.ac.uk/chembl/compound_report_card/CHEMBL106966/,COc1cc2ncnc(N3CCN(C(=O)Nc4ccc(C#N)cc4)CC3)c2cc1OC,COc1cc2ncnc(N3CCN(C(=O)Nc4ccc(C#N)cc4)CC3)c2cc1OC,COc1cc2ncnc(N3CCN(C(=O)Nc4ccc(C#N)cc4)CC3)c2cc1OC,SOTRSERIYXCWEZ-UHFFFAOYSA-N,SOTRSERIYXCWEZ,eligible,418.457,2.873,103.61,1,7,4,31,4,0.6947,0,1,1,False,predicted,eligible,False,[],1,COc1cc2ncnc(N3CC[NH+](C(=O)Nc4ccc(C#N)cc4)CC3)c2cc1OC,SOTRSERIYXCWEZ-UHFFFAOYSA-O,False,[],[12],False,False,O=C(Nc1ccccc1)[NH+]1CCN(c2ncnc3ccccc23)CC1,-7.332785606384277,-7.613428592681885,0.6163817644119263,0.3684210526315789,False,random,2026-09-28T18:21:14.182924+00:00,COc1cc2ncnc(N3CCN(C(=O)Nc4ccc(C#N)cc4)CC3)c2cc1OC,SOTRSERIYXCWEZ-UHFFFAOYSA-N,SOTRSERIYXCWEZ-UHFFFAOYSA-O,[],[12],exchangeable_tertiary_ring_NH_and_full_potential_stereo_v3_20260929,9,9,-10.700071258668743,4,COc1cc2ncnc(N3CC[NH+](C(=O)Nc4ccc(C#N)cc4)CC3)c2cc1OC,True,True,COc1cc2ncnc(N3CC[NH+](C(=O)Nc4ccc(C#N)cc4)CC3)c2cc1OC,True,True,prepared,<PACKAGE_ROOT>\Documents\Codex\TMC1_R2_Scratch_20260929\03_compute\formal_forward_v2_initial278\ligands\LIB_SOTRSERIYXCWEZ.sdf,a20dfcff5ea23a4f6d8aa1a53a1a2e75cc397379b396cd2b3c24a351a24fd9b8,<PACKAGE_ROOT>\Documents\Codex\TMC1_R2_Scratch_20260929\03_compute\formal_forward_v2_initial278\ligands\LIB_SOTRSERIYXCWEZ.pdbqt,f024bd8038e42c5bfb1dbaeaa26c61531f0bb0238fa8b81d058120a672ca74ac,1.079
LIB_HPSPAJJKGOGMIN,ChEMBL,CHEMBL107790,CHEMBL107790,https://www.ebi.ac.uk/chembl/compound_report_card/CHEMBL107790/,NCCCS(=O)(=O)Nc1ccc(Nc2c3ccccc3nc3ccccc23)cc1,NCCCS(=O)(=O)Nc1ccc(Nc2c3ccccc3nc3ccccc23)cc1,NCCCS(=O)(=O)Nc1ccc(Nc2c3ccccc3nc3ccccc23)cc1,HPSPAJJKGOGMIN-UHFFFAOYSA-N,HPSPAJJKGOGMIN,eligible,406.511,4.222,97.11,3,5,7,29,4,0.3993,0,1,1,False,predicted,eligible,False,[],1,[NH3+]CCCS(=O)(=O)Nc1ccc(Nc2c3ccccc3nc3ccccc23)cc1,HPSPAJJKGOGMIN-UHFFFAOYSA-O,False,[],[],False,False,c1ccc(Nc2c3ccccc3nc3ccccc23)cc1,-7.154067039489746,-7.2255754470825195,0.8270120620727539,0.2459016393442623,True,random,2026-09-28T18:21:15.262944+00:00,NCCCS(=O)(=O)Nc1ccc(Nc2c3ccccc3nc3ccccc23)cc1,HPSPAJJKGOGMIN-UHFFFAOYSA-N,HPSPAJJKGOGMIN-UHFFFAOYSA-O,[],[],exchangeable_tertiary_ring_NH_and_full_potential_stereo_v3_20260929,8,8,-4.8696854358596084,4,[NH3+]CCCS(=O)(=O)Nc1ccc(Nc2c3ccccc3nc3ccccc23)cc1,True,True,[NH3+]CCCS(=O)(=O)Nc1ccc(Nc2c3ccccc3nc3ccccc23)cc1,True,True,prepared,<PACKAGE_ROOT>\Documents\Codex\TMC1_R2_Scratch_20260929\03_compute\formal_forward_v2_initial278\ligands\LIB_HPSPAJJKGOGMIN.sdf,336c2d2cfa44d75fff1b8cfccfbcf0b0e573747e406a2e4eec467c62f17f439f,<PACKAGE_ROOT>\Documents\Codex\TMC1_R2_Scratch_20260929\03_compute\formal_forward_v2_initial278\ligands\LIB_HPSPAJJKGOGMIN.pdbqt,d5b883b44679e08edaeda1d075cd2df86f09937a8cee11a6a757dd2d1bd3eae7,0.745
LIB_TVZNWOVBAQXKHS,ChEMBL,CHEMBL108753,CHEMBL108753,https://www.ebi.ac.uk/chembl/compound_report_card/CHEMBL108753/,CCOC(=O)c1c(C)nc(-c2ccccc2)c(C(=O)OCC)c1/C=C/c1ccccc1,CCOC(=O)c1c(C)nc(-c2ccccc2)c(C(=O)OCC)c1/C=C/c1ccccc1,CCOC(=O)c1c(C)nc(-c2ccccc2)c(C(=O)OCC)c1C=Cc1ccccc1,TVZNWOVBAQXKHS-WUKNDPDISA-N,TVZNWOVBAQXKHS,eligible,415.489,5.581,65.49,0,5,7,31,3,0.4714,0,1,1,False,predicted,eligible,False,[],1,CCOC(=O)c1c(C)nc(-c2ccccc2)c(C(=O)OCC)c1/C=C/c1ccccc1,TVZNWOVBAQXKHS-WUKNDPDISA-N,False,[],[],False,False,C(=Cc1ccnc(-c2ccccc2)c1)c1ccccc1,-7.307925701141357,-6.878037452697754,0.8775845170021057,0.31666666666666665,False,random,2026-09-28T18:21:16.010705+00:00,CCOC(=O)c1c(C)nc(-c2ccccc2)c(C(=O)OCC)c1/C=C/c1ccccc1,TVZNWOVBAQXKHS-WUKNDPDISA-N,TVZNWOVBAQXKHS-WUKNDPDISA-N,[],[],exchangeable_tertiary_ring_NH_and_full_potential_stereo_v3_20260929,10,10,76.78560553889956,7,CCOC(=O)c1c(C)nc(-c2ccccc2)c(C(=O)OCC)c1/C=C/c1ccccc1,True,True,CCOC(=O)c1c(C)nc(-c2ccccc2)c(C(=O)OCC)c1/C=C/c1ccccc1,True,True,prepared,<PACKAGE_ROOT>\Documents\Codex\TMC1_R2_Scratch_20260929\03_compute\formal_forward_v2_initial278\ligands\LIB_TVZNWOVBAQXKHS.sdf,847852868e3aa23e2e2ec597a5ea7a2adbacc561920a9dd4a02dcf95396a4a8a,<PACKAGE_ROOT>\Documents\Codex\TMC1_R2_Scratch_20260929\03_compute\formal_forward_v2_initial278\ligands\LIB_TVZNWOVBAQXKHS.pdbqt,8c4339381dfbb33ce7a25e10d686a6ea52b4fc9da22ab9bf493bf02fcba71f3e,0.949
LIB_WBNHNWSPTHTRMQ,ChEMBL,CHEMBL1084473,CHEMBL1084473,https://www.ebi.ac.uk/chembl/compound_report_card/CHEMBL1084473/,CC(C)(C)NC(=O)O[C@H]1C[C@H]2C[C@@H](NCC(=O)N3CCC[C@H]3C#N)C[C@H]2C1.Cl,CC(C)(C)NC(=O)O[C@H]1C[C@H]2C[C@@H](NCC(=O)N3CCC[C@H]3C#N)C[C@H]2C1,CC(C)(C)NC(=O)OC1CC2CC(NCC(=O)N3CCCC3C#N)CC2C1,WBNHNWSPTHTRMQ-BQJWPVKWSA-N,WBNHNWSPTHTRMQ,eligible,376.501,2.172,94.46,2,5,4,27,3,0.7841,0,1,1,False,predicted,eligible,False,[],1,CC(C)(C)NC(=O)O[C@H]1C[C@H]2C[C@@H]([NH2+]CC(=O)[NH+]3CCC[C@H]3C#N)C[C@H]2C1,WBNHNWSPTHTRMQ-BQJWPVKWSA-P,True,"[[""Atom_Tetrahedral"", 17]]",[17],False,True,O=C(C[NH2+]C1CC2CCCC2C1)[NH+]1CCCC1,-6.835423946380615,-6.4425368309021,0.8378844261169434,0.23880597014925373,True,random,2026-09-28T18:21:16.961495+00:00,CC(C)(C)NC(=O)O[C@H]1C[C@H]2C[C@@H](NCC(=O)N3CCC[C@H]3C#N)C[C@H]2C1,WBNHNWSPTHTRMQ-BQJWPVKWSA-N,WBNHNWSPTHTRMQ-BQJWPVKWSA-P,"[[""Atom_Tetrahedral"", 17]]",[17],exchangeable_tertiary_ring_NH_and_full_potential_stereo_v3_20260929,9,9,37.64812108030911,6,CC(C)(C)NC(=O)O[C@H]1C[C@H]2C[C@@H]([NH2+]CC(=O)[N@H+]3CCC[C@H]3C#N)C[C@H]2C1,False,True,CC(C)(C)NC(=O)O[C@H]1C[C@H]2C[C@@H]([NH2+]CC(=O)[N@H+]3CCC[C@H]3C#N)C[C@H]2C1,False,True,prepared,<PACKAGE_ROOT>\Documents\Codex\TMC1_R2_Scratch_20260929\03_compute\formal_forward_v2_initial278\ligands\LIB_WBNHNWSPTHTRMQ.sdf,33b455cd5c5e513b0ee20e6d134ca5230e499f5206052e6b724ebfcdfcd780cf,<PACKAGE_ROOT>\Documents\Codex\TMC1_R2_Scratch_20260929\03_compute\formal_forward_v2_initial278\ligands\LIB_WBNHNWSPTHTRMQ.pdbqt,7760f43ec83de6c538ddedfb600abbf77f87e38392e88f79143b96c0f94a28e0,1.748
LIB_VOUOASQOVFWLIE,ChEMBL,CHEMBL102050,CHEMBL102050,https://www.ebi.ac.uk/chembl/compound_report_card/CHEMBL102050/,CCCC1(CCC)CCC2(CCN(CCCN(C)C)CC2)CC1,CCCC1(CCC)CCC2(CCN(CCCN(C)C)CC2)CC1,CCCC1(CCC)CCC2(CCN(CCCN(C)C)CC2)CC1,VOUOASQOVFWLIE-UHFFFAOYSA-N,VOUOASQOVFWLIE,eligible,322.581,5.181,6.48,0,2,8,23,2,0.6072,0,1,1,False,predicted,eligible,False,[],1,CCCC1(CCC)CCC2(CC[NH+](CCC[NH+](C)C)CC2)CC1,VOUOASQOVFWLIE-UHFFFAOYSA-P,False,[],[12],False,False,C1CCC2(CC1)CC[NH2+]CC2,-6.0860595703125,-6.213448524475098,0.9394585490226746,0.24,True,random,2026-09-28T18:21:18.710819+00:00,CCCC1(CCC)CCC2(CCN(CCCN(C)C)CC2)CC1,VOUOASQOVFWLIE-UHFFFAOYSA-N,VOUOASQOVFWLIE-UHFFFAOYSA-P,[],[12],exchangeable_tertiary_ring_NH_and_full_potential_stereo_v3_20260929,10,10,114.72744428404948,0,CCCC1(CCC)CCC2(CC[NH+](CCC[NH+](C)C)CC2)CC1,True,True,CCCC1(CCC)CCC2(CC[NH+](CCC[NH+](C)C)CC2)CC1,True,True,prepared,<PACKAGE_ROOT>\Documents\Codex\TMC1_R2_Scratch_20260929\03_compute\formal_forward_v2_initial278\ligands\LIB_VOUOASQOVFWLIE.sdf,abd9fa2a49703e1171ac9122bc233edfee6db1c1b651aecef3752106aa5981bd,<PACKAGE_ROOT>\Documents\Codex\TMC1_R2_Scratch_20260929\03_compute\formal_forward_v2_initial278\ligands\LIB_VOUOASQOVFWLIE.pdbqt,038d01e412a4cf383ec7e1803861faaf1e7541fe051843cf7e80a2f04ce83f36,1.371
LIB_MARIUIDCPUZLKZ,ChEMBL,CHEMBL1077204,CHEMBL1077204,https://www.ebi.ac.uk/chembl/compound_report_card/CHEMBL1077204/,CN(C)CCNC(=O)NC[C@H]1CC[C@@H]2[C@H](O1)c1cc(C(F)(F)F)ccc1N[C@H]2c1ccccc1,CN(C)CCNC(=O)NC[C@H]1CC[C@@H]2[C@H](O1)c1cc(C(F)(F)F)ccc1N[C@H]2c1ccccc1,CN(C)CCNC(=O)NCC1CCC2C(c3ccccc3)Nc3ccc(C(F)(F)F)cc3C2O1,MARIUIDCPUZLKZ-FUKQBSRTSA-N,MARIUIDCPUZLKZ,eligible,476.543,4.569,65.63,3,4,6,34,4,0.5717,0,1,1,False,predicted,eligible,False,[],1,C[NH+](C)CCNC(=O)NC[C@H]1CC[C@@H]2[C@H](O1)c1cc(C(F)(F)F)ccc1[NH2+][C@H]2c1ccccc1,MARIUIDCPUZLKZ-FUKQBSRTSA-P,False,[],[],False,False,c1ccc(C2[NH2+]c3ccccc3C3OCCCC23)cc1,-7.531579971313477,-7.641981601715088,0.9424281716346741,0.25301204819277107,True,random,2026-09-28T18:21:20.083701+00:00,CN(C)CCNC(=O)NC[C@H]1CC[C@@H]2[C@H](O1)c1cc(C(F)(F)F)ccc1N[C@H]2c1ccccc1,MARIUIDCPUZLKZ-FUKQBSRTSA-N,MARIUIDCPUZLKZ-FUKQBSRTSA-P,[],[],exchangeable_tertiary_ring_NH_and_full_potential_stereo_v3_20260929,10,10,14.411856385785546,4,C[NH+](C)CCNC(=O)NC[C@H]1CC[C@@H]2[C@H](O1)c1cc(C(F)(F)F)ccc1[NH2+][C@H]2c1ccccc1,True,True,C[NH+](C)CCNC(=O)NC[C@H]1CC[C@@H]2[C@H](O1)c1cc(C(F)(F)F)ccc1[NH2+][C@H]2c1ccccc1,True,True,prepared,<PACKAGE_ROOT>\Documents\Codex\TMC1_R2_Scratch_20260929\03_compute\formal_forward_v2_initial278\ligands\LIB_MARIUIDCPUZLKZ.sdf,15f99354b0796b99a15c931a484f4152a7a7453fbbe9666b6efe3786e82968ee,<PACKAGE_ROOT>\Documents\Codex\TMC1_R2_Scratch_20260929\03_compute\formal_forward_v2_initial278\ligands\LIB_MARIUIDCPUZLKZ.pdbqt,d3d93c2dad3f2b68900298b80ff65170f54fc9bac749266d6d3069155813a76d,1.917
LIB_KCKKRVQCMJXYOT,ChEMBL,CHEMBL106845,CHEMBL106845,https://www.ebi.ac.uk/chembl/compound_report_card/CHEMBL106845/,CC(=O)N(c1ccc(Nc2c3ccc([N+](=O)[O-])cc3nc3c(C)cccc23)cc1)S(C)(=O)=O,CC(=O)N(c1ccc(Nc2c3ccc([N+](=O)[O-])cc3nc3c(C)cccc23)cc1)S(C)(=O)=O,CC(=O)N(c1ccc(Nc2c3ccc([N+](=O)[O-])cc3nc3c(C)cccc23)cc1)S(C)(=O)=O,KCKKRVQCMJXYOT-UHFFFAOYSA-N,KCKKRVQCMJXYOT,eligible,464.503,4.661,122.51,1,7,5,33,4,0.2588,0,1,1,False,predicted,eligible,False,[],1,CC(=O)N(c1ccc(Nc2c3ccc([N+](=O)[O-])cc3nc3c(C)cccc23)cc1)S(C)(=O)=O,KCKKRVQCMJXYOT-UHFFFAOYSA-N,False,[],[],False,False,c1ccc(Nc2c3ccccc3nc3ccccc23)cc1,-7.785915374755859,-7.759161949157715,0.7659938335418701,0.2702702702702703,True,random,2026-09-28T18:21:22.002211+00:00,CC(=O)N(c1ccc(Nc2c3ccc([N+](=O)[O-])cc3nc3c(C)cccc23)cc1)S(C)(=O)=O,KCKKRVQCMJXYOT-UHFFFAOYSA-N,KCKKRVQCMJXYOT-UHFFFAOYSA-N,[],[],exchangeable_tertiary_ring_NH_and_full_potential_stereo_v3_20260929,9,9,36.83024995434752,4,CC(=O)N(c1ccc(Nc2c3ccc([N+](=O)[O-])cc3nc3c(C)cccc23)cc1)S(C)(=O)=O,True,True,CC(=O)N(c1ccc(Nc2c3ccc([N+](=O)[O-])cc3nc3c(C)cccc23)cc1)S(C)(=O)=O,True,True,prepared,<PACKAGE_ROOT>\Documents\Codex\TMC1_R2_Scratch_20260929\03_compute\formal_forward_v2_initial278\ligands\LIB_KCKKRVQCMJXYOT.sdf,b4225a4c4f25ecae9a7be27020e1790d8a4838ce336434fd4ab4b68063de669c,<PACKAGE_ROOT>\Documents\Codex\TMC1_R2_Scratch_20260929\03_compute\formal_forward_v2_initial278\ligands\LIB_KCKKRVQCMJXYOT.pdbqt,d89b76b6c6205fad7bbbb534c31acfaf448d8afe315a6c89cae10d2ced7de51a,0.949
LIB_ZQZFLTKUUCYGRL,ChEMBL,CHEMBL1086902,CHEMBL1086902,https://www.ebi.ac.uk/chembl/compound_report_card/CHEMBL1086902/,Cc1ccc(S(=O)(=O)Nc2ccc(C(=O)c3cc4cc(Br)ccc4oc3=O)cc2)cc1,Cc1ccc(S(=O)(=O)Nc2ccc(C(=O)c3cc4cc(Br)ccc4oc3=O)cc2)cc1,Cc1ccc(S(=O)(=O)Nc2ccc(C(=O)c3cc4cc(Br)ccc4oc3=O)cc2)cc1,ZQZFLTKUUCYGRL-UHFFFAOYSA-N,ZQZFLTKUUCYGRL,eligible,498.354,4.896,93.45,1,5,5,31,4,0.3124,0,1,1,False,predicted,eligible,False,[],1,Cc1ccc(S(=O)(=O)Nc2ccc(C(=O)c3cc4cc(Br)ccc4oc3=O)cc2)cc1,ZQZFLTKUUCYGRL-UHFFFAOYSA-N,False,[],[],False,False,O=C(c1ccc(NS(=O)(=O)c2ccccc2)cc1)c1cc2ccccc2oc1=O,-7.615840911865234,-7.588507175445557,0.7648537755012512,0.29508196721311475,True,random,2026-09-28T18:21:22.954035+00:00,Cc1ccc(S(=O)(=O)Nc2ccc(C(=O)c3cc4cc(Br)ccc4oc3=O)cc2)cc1,ZQZFLTKUUCYGRL-UHFFFAOYSA-N,ZQZFLTKUUCYGRL-UHFFFAOYSA-N,[],[],exchangeable_tertiary_ring_NH_and_full_potential_stereo_v3_20260929,10,10,46.923143204497684,8,Cc1ccc(S(=O)(=O)Nc2ccc(C(=O)c3cc4cc(Br)ccc4oc3=O)cc2)cc1,True,True,Cc1ccc(S(=O)(=O)Nc2ccc(C(=O)c3cc4cc(Br)ccc4oc3=O)cc2)cc1,True,True,prepared,<PACKAGE_ROOT>\Documents\Codex\TMC1_R2_Scratch_20260929\03_compute\formal_forward_v2_initial278\ligands\LIB_ZQZFLTKUUCYGRL.sdf,73a391ce1b7cfb429d3991be77230d880ee90ddfed9a2089b3d6338fdde2fb3a,<PACKAGE_ROOT>\Documents\Codex\TMC1_R2_Scratch_20260929\03_compute\formal_forward_v2_initial278\ligands\LIB_ZQZFLTKUUCYGRL.pdbqt,8a4526c2e879c90b9c1fb675685f953178a494b08ce0971e1fc0cc75be05b56f,0.668
LIB_CXSPGFPSWYWLGD,ChEMBL,CHEMBL1078676,CHEMBL1078676,https://www.ebi.ac.uk/chembl/compound_report_card/CHEMBL1078676/,CC1(C)CC[C@@]2(CC[C@H]3[C@@H]4CCc5cc(OP(=O)(O)O)ccc5[C@H]4CC[C@@]32C)OC1=O,CC1(C)CC[C@@]2(CC[C@H]3[C@@H]4CCc5cc(OP(=O)(O)O)ccc5[C@H]4CC[C@@]32C)OC1=O,CC1(C)CCC2(CCC3C4CCc5cc(OP(=O)(O)O)ccc5C4CCC32C)OC1=O,CXSPGFPSWYWLGD-PJPYIVHJSA-N,CXSPGFPSWYWLGD,eligible,448.496,5.116,93.06,2,4,2,31,5,0.4821,0,1,1,False,predicted,eligible,False,[],1,CC1(C)CC[C@@]2(CC[C@H]3[C@@H]4CCc5cc(OP(=O)([O-])[O-])ccc5[C@H]4CC[C@@]32C)OC1=O,CXSPGFPSWYWLGD-PJPYIVHJSA-L,False,[],[],False,False,O=C1CCCC2(CCC3C4CCc5ccccc5C4CCC32)O1,-7.965939521789551,-7.8340559005737305,0.6569375395774841,0.4782608695652174,False,random,2026-09-28T18:21:23.622347+00:00,CC1(C)CC[C@@]2(CC[C@H]3[C@@H]4CCc5cc(OP(=O)(O)O)ccc5[C@H]4CC[C@@]32C)OC1=O,CXSPGFPSWYWLGD-PJPYIVHJSA-N,CXSPGFPSWYWLGD-PJPYIVHJSA-L,[],[],exchangeable_tertiary_ring_NH_and_full_potential_stereo_v3_20260929,8,8,90.76326725659115,4,CC1(C)CC[C@@]2(CC[C@H]3[C@@H]4CCc5cc(OP(=O)([O-])[O-])ccc5[C@H]4CC[C@@]32C)OC1=O,True,True,CC1(C)CC[C@@]2(CC[C@H]3[C@@H]4CCc5cc(OP(=O)([O-])[O-])ccc5[C@H]4CC[C@@]32C)OC1=O,True,True,prepared,<PACKAGE_ROOT>\Documents\Codex\TMC1_R2_Scratch_20260929\03_compute\formal_forward_v2_initial278\ligands\LIB_CXSPGFPSWYWLGD.sdf,93424886ee4ede09b309caec7f9911156ce29b60fa3f768f4840e4445627819b,<PACKAGE_ROOT>\Documents\Codex\TMC1_R2_Scratch_20260929\03_compute\formal_forward_v2_initial278\ligands\LIB_CXSPGFPSWYWLGD.pdbqt,625a7436d3a0ab0b0d5e33507a637d266dda7e709ef6fcdfe206093d857b503b,1.569
LIB_UXACRXVBPVXVBZ,ChEMBL,CHEMBL108297,CHEMBL108297,https://www.ebi.ac.uk/chembl/compound_report_card/CHEMBL108297/,NS(=O)(=O)c1ccc(CSc2nc3ccccc3n2Cc2ccc(Cl)cc2)cc1,NS(=O)(=O)c1ccc(CSc2nc3ccccc3n2Cc2ccc(Cl)cc2)cc1,NS(=O)(=O)c1ccc(CSc2nc3ccccc3n2Cc2ccc(Cl)cc2)cc1,UXACRXVBPVXVBZ-UHFFFAOYSA-N,UXACRXVBPVXVBZ,eligible,443.981,4.678,77.98,1,4,6,29,4,0.4388,0,1,1,False,predicted,eligible,False,[],1,NS(=O)(=O)c1ccc(CSc2nc3ccccc3n2Cc2ccc(Cl)cc2)cc1,UXACRXVBPVXVBZ-UHFFFAOYSA-N,False,[],[],False,False,c1ccc(CSc2nc3ccccc3n2Cc2ccccc2)cc1,-7.2880401611328125,-7.347580909729004,0.6453882455825806,0.32,False,random,2026-09-28T18:21:25.195002+00:00,NS(=O)(=O)c1ccc(CSc2nc3ccccc3n2Cc2ccc(Cl)cc2)cc1,UXACRXVBPVXVBZ-UHFFFAOYSA-N,UXACRXVBPVXVBZ-UHFFFAOYSA-N,[],[],exchangeable_tertiary_ring_NH_and_full_potential_stereo_v3_20260929,8,8,-26.007790531144323,0,NS(=O)(=O)c1ccc(CSc2nc3ccccc3n2Cc2ccc(Cl)cc2)cc1,True,True,NS(=O)(=O)c1ccc(CSc2nc3ccccc3n2Cc2ccc(Cl)cc2)cc1,True,True,prepared,<PACKAGE_ROOT>\Documents\Codex\TMC1_R2_Scratch_20260929\03_compute\formal_forward_v2_initial278\ligands\LIB_UXACRXVBPVXVBZ.sdf,984e2dbec7649a9b15ed1a304bfc50c947f4c9671d93125ced426ef4576c66bf,<PACKAGE_ROOT>\Documents\Codex\TMC1_R2_Scratch_20260929\03_compute\formal_forward_v2_initial278\ligands\LIB_UXACRXVBPVXVBZ.pdbqt,edd4ce6d43e1e8d36aa501727c0a6e7a9b089396750d1ed1b0443da0639fb344,0.695
LIB_WGFSFQGWINXFDC,ChEMBL,CHEMBL100195,CHEMBL100195,https://www.ebi.ac.uk/chembl/compound_report_card/CHEMBL100195/,CC(C)(C)OC(=O)NCCCC(=O)Nc1nc2ccc(Cl)cc2c2nc(-c3ccco3)nn12,CC(C)(C)OC(=O)NCCCC(=O)Nc1nc2ccc(Cl)cc2c2nc(-c3ccco3)nn12,CC(C)(C)OC(=O)NCCCC(=O)Nc1nc2ccc(Cl)cc2c2nc(-c3ccco3)nn12,WGFSFQGWINXFDC-UHFFFAOYSA-N,WGFSFQGWINXFDC,eligible,470.917,4.434,123.65,2,7,6,33,4,0.3991,0,1,1,False,predicted,eligible,False,[],1,CC(C)(C)OC(=O)NCCCC(=O)Nc1nc2ccc(Cl)cc2c2nc(-c3ccco3)nn12,WGFSFQGWINXFDC-UHFFFAOYSA-N,False,[],[],False,False,c1coc(-c2nc3c4ccccc4ncn3n2)c1,-7.739910125732422,-7.681563377380371,0.7081330418586731,0.23,True,random,2026-09-28T18:21:25.892410+00:00,CC(C)(C)OC(=O)NCCCC(=O)Nc1nc2ccc(Cl)cc2c2nc(-c3ccco3)nn12,WGFSFQGWINXFDC-UHFFFAOYSA-N,WGFSFQGWINXFDC-UHFFFAOYSA-N,[],[],exchangeable_tertiary_ring_NH_and_full_potential_stereo_v3_20260929,10,10,-17.881218023171275,7,CC(C)(C)OC(=O)NCCCC(=O)Nc1nc2ccc(Cl)cc2c2nc(-c3ccco3)nn12,True,True,CC(C)(C)OC(=O)NCCCC(=O)Nc1nc2ccc(Cl)cc2c2nc(-c3ccco3)nn12,True,True,prepared,<PACKAGE_ROOT>\Documents\Codex\TMC1_R2_Scratch_20260929\03_compute\formal_forward_v2_initial278\ligands\LIB_WGFSFQGWINXFDC.sdf,2741d9fcd71422ed1a8e7a88dbf900be18a68b70fe82e61c2e2915eae2e92e08,<PACKAGE_ROOT>\Documents\Codex\TMC1_R2_Scratch_20260929\03_compute\formal_forward_v2_initial278\ligands\LIB_WGFSFQGWINXFDC.pdbqt,2f43f23aba131ba0522febfbd98eb6a4fcf4631a19d65e8ace97abd804e5fa1a,1.054
LIB_INKAJKATDMQGKQ,ChEMBL,CHEMBL1077348,CHEMBL1077348,https://www.ebi.ac.uk/chembl/compound_report_card/CHEMBL1077348/,Cc1ccc(N2CCN(CCN3CCCCCC3)C2=O)cc1,Cc1ccc(N2CCN(CCN3CCCCCC3)C2=O)cc1,Cc1ccc(N2CCN(CCN3CCCCCC3)C2=O)cc1,INKAJKATDMQGKQ-UHFFFAOYSA-N,INKAJKATDMQGKQ,eligible,301.434,3.113,26.79,0,2,4,22,3,0.8541,0,1,1,False,predicted,eligible,False,[],1,Cc1ccc(N2CC[NH+](CC[NH+]3CCCCCC3)C2=O)cc1,INKAJKATDMQGKQ-UHFFFAOYSA-P,True,"[[""Atom_Tetrahedral"", 8]]","[8, 11]",False,True,O=C1N(c2ccccc2)CC[NH+]1CC[NH+]1CCCCCC1,-6.2468719482421875,-6.450899600982666,0.8554894328117371,0.2807017543859649,True,random,2026-09-28T18:21:26.947899+00:00,Cc1ccc(N2CCN(CCN3CCCCCC3)C2=O)cc1,INKAJKATDMQGKQ-UHFFFAOYSA-N,INKAJKATDMQGKQ-UHFFFAOYSA-P,"[[""Atom_Tetrahedral"", 8]]","[8, 11]",exchangeable_tertiary_ring_NH_and_full_potential_stereo_v3_20260929,10,10,43.55273776741812,7,Cc1ccc(N2CC[N@@H+](CC[NH+]3CCCCCC3)C2=O)cc1,False,True,Cc1ccc(N2CC[N@@H+](CC[NH+]3CCCCCC3)C2=O)cc1,False,True,prepared,<PACKAGE_ROOT>\Documents\Codex\TMC1_R2_Scratch_20260929\03_compute\formal_forward_v2_initial278\ligands\LIB_INKAJKATDMQGKQ.sdf,dc34d411311e8942aa629753f1f5044f8a049f0ba1c71c081d0731d5c348702b,<PACKAGE_ROOT>\Documents\Codex\TMC1_R2_Scratch_20260929\03_compute\formal_forward_v2_initial278\ligands\LIB_INKAJKATDMQGKQ.pdbqt,e8c46a2bf7ac8c27dffe0c113131b8dffec75e97b62c4cf6688a114f6f17d296,0.703
LIB_GFIVTABKMGOGIV,ChEMBL,CHEMBL107349,CHEMBL107349,https://www.ebi.ac.uk/chembl/compound_report_card/CHEMBL107349/,CCn1c(=O)c2c(nc(NC3CCCCC3)n2Cc2ccc(OC)c(F)c2)n(CC)c1=O,CCn1c(=O)c2c(nc(NC3CCCCC3)n2Cc2ccc(OC)c(F)c2)n(CC)c1=O,CCn1c(=O)c2c(nc(NC3CCCCC3)n2Cc2ccc(OC)c(F)c2)n(CC)c1=O,GFIVTABKMGOGIV-UHFFFAOYSA-N,GFIVTABKMGOGIV,eligible,443.523,3.34,83.08,1,5,7,32,4,0.6056,0,1,1,False,predicted,eligible,False,[],1,CCn1c(=O)c2c(nc([NH2+]C3CCCCC3)n2Cc2ccc(OC)c(F)c2)n(CC)c1=O,GFIVTABKMGOGIV-UHFFFAOYSA-O,False,[],[],False,False,O=c1[nH]c(=O)c2c(nc([NH2+]C3CCCCC3)n2Cc2ccccc2)[nH]1,-7.140236854553223,-7.34255313873291,0.7471574544906616,0.4246575342465753,False,random,2026-09-28T18:21:27.652222+00:00,CCn1c(=O)c2c(nc(NC3CCCCC3)n2Cc2ccc(OC)c(F)c2)n(CC)c1=O,GFIVTABKMGOGIV-UHFFFAOYSA-N,GFIVTABKMGOGIV-UHFFFAOYSA-O,[],[],exchangeable_tertiary_ring_NH_and_full_potential_stereo_v3_20260929,8,8,-121.39990867379777,6,CCn1c(=O)c2c(nc([NH2+]C3CCCCC3)n2Cc2ccc(OC)c(F)c2)n(CC)c1=O,True,True,CCn1c(=O)c2c(nc([NH2+]C3CCCCC3)n2Cc2ccc(OC)c(F)c2)n(CC)c1=O,True,True,prepared,<PACKAGE_ROOT>\Documents\Codex\TMC1_R2_Scratch_20260929\03_compute\formal_forward_v2_initial278\ligands\LIB_GFIVTABKMGOGIV.sdf,5c2e06a6d02cb3c40ce6efbf29d1c74ae3ee9a11fdcaf4a583c8f7ac296f007d,<PACKAGE_ROOT>\Documents\Codex\TMC1_R2_Scratch_20260929\03_compute\formal_forward_v2_initial278\ligands\LIB_GFIVTABKMGOGIV.pdbqt,59eeb81e831767c9fe8354d0e19f364d84b4c72c4aa12fbdbb561b4fa12311ba,1.09
LIB_XYIWCLMRECCCLF,ChEMBL,CHEMBL1080387,CHEMBL1080387,https://www.ebi.ac.uk/chembl/compound_report_card/CHEMBL1080387/,CN1c2ccc(OC(=O)Nc3ccc(C(C)(C)C)cc3)cc2[C@]2(C)CCN(CCc3ccccc3)[C@H]12,CN1c2ccc(OC(=O)Nc3ccc(C(C)(C)C)cc3)cc2[C@]2(C)CCN(CCc3ccccc3)[C@H]12,CN1c2ccc(OC(=O)Nc3ccc(C(C)(C)C)cc3)cc2C2(C)CCN(CCc3ccccc3)C12,XYIWCLMRECCCLF-IZEXYCQBSA-N,XYIWCLMRECCCLF,eligible,483.656,6.577,44.81,1,4,5,36,5,0.4454,0,1,1,False,predicted,eligible,False,[],1,C[NH+]1c2ccc(OC(=O)Nc3ccc(C(C)(C)C)cc3)cc2[C@]2(C)CC[NH+](CCc3ccccc3)[C@H]12,XYIWCLMRECCCLF-IZEXYCQBSA-P,True,"[[""Atom_Tetrahedral"", 1], [""Atom_Tetrahedral"", 26]]","[1, 26]",False,True,O=C(Nc1ccccc1)Oc1ccc2c(c1)C1CC[NH+](CCc3ccccc3)C1[NH2+]2,-7.85467529296875,-7.815057277679443,0.8728461265563965,0.2676056338028169,True,random,2026-09-28T18:21:28.744534+00:00,CN1c2ccc(OC(=O)Nc3ccc(C(C)(C)C)cc3)cc2[C@]2(C)CCN(CCc3ccccc3)[C@H]12,XYIWCLMRECCCLF-IZEXYCQBSA-N,XYIWCLMRECCCLF-IZEXYCQBSA-P,"[[""Atom_Tetrahedral"", 1], [""Atom_Tetrahedral"", 26]]","[1, 26]",exchangeable_tertiary_ring_NH_and_full_potential_stereo_v3_20260929,10,10,70.704887199303,2,C[N@H+]1c2ccc(OC(=O)Nc3ccc(C(C)(C)C)cc3)cc2[C@]2(C)CC[N@H+](CCc3ccccc3)[C@H]12,False,True,C[N@H+]1c2ccc(OC(=O)Nc3ccc(C(C)(C)C)cc3)cc2[C@]2(C)CC[N@H+](CCc3ccccc3)[C@H]12,False,True,prepared,<PACKAGE_ROOT>\Documents\Codex\TMC1_R2_Scratch_20260929\03_compute\formal_forward_v2_initial278\ligands\LIB_XYIWCLMRECCCLF.sdf,55c32e5d631caf158ded3c49c22207e43d2fbade36b158fda0b0f2a02c68bb03,<PACKAGE_ROOT>\Documents\Codex\TMC1_R2_Scratch_20260929\03_compute\formal_forward_v2_initial278\ligands\LIB_XYIWCLMRECCCLF.pdbqt,e77353e6f17e17acc8ee7b80e04bd5eb21d8f64f64ca8d5e321ddc895c3f2229,2.458
LIB_DPJUXYQWXGNKHO,ChEMBL,CHEMBL1086054,CHEMBL1086054,https://www.ebi.ac.uk/chembl/compound_report_card/CHEMBL1086054/,Clc1ccccc1-c1nnc2sc(-c3cccnc3)nn12,Clc1ccccc1-c1nnc2sc(-c3cccnc3)nn12,Clc1ccccc1-c1nnc2sc(-c3cccnc3)nn12,DPJUXYQWXGNKHO-UHFFFAOYSA-N,DPJUXYQWXGNKHO,eligible,313.773,3.568,55.97,0,5,2,21,4,0.5675,0,1,1,False,predicted,eligible,False,[],1,Clc1ccccc1-c1nnc2sc(-c3cccnc3)nn12,DPJUXYQWXGNKHO-UHFFFAOYSA-N,False,[],[],False,False,c1ccc(-c2nnc3sc(-c4cccnc4)nn23)cc1,-6.699662685394287,-6.842583656311035,0.8278627395629883,0.2923076923076923,True,random,2026-09-28T18:21:31.202287+00:00,Clc1ccccc1-c1nnc2sc(-c3cccnc3)nn12,DPJUXYQWXGNKHO-UHFFFAOYSA-N,DPJUXYQWXGNKHO-UHFFFAOYSA-N,[],[],exchangeable_tertiary_ring_NH_and_full_potential_stereo_v3_20260929,3,3,88.95416051775669,2,Clc1ccccc1-c1nnc2sc(-c3cccnc3)nn12,True,True,Clc1ccccc1-c1nnc2sc(-c3cccnc3)nn12,True,True,prepared,<PACKAGE_ROOT>\Documents\Codex\TMC1_R2_Scratch_20260929\03_compute\formal_forward_v2_initial278\ligands\LIB_DPJUXYQWXGNKHO.sdf,8944d08b3f111ad988dfe111808c7f8c264950f4c01331fc9bdf692adb88a84d,<PACKAGE_ROOT>\Documents\Codex\TMC1_R2_Scratch_20260929\03_compute\formal_forward_v2_initial278\ligands\LIB_DPJUXYQWXGNKHO.pdbqt,ac9623dc66b7d365e21bbf5692a6c92d9857e65ca48c7394be1f59ae3a7443c9,0.147
LIB_AYTBHOFELXSNHQ,ChEMBL,CHEMBL1081464,CHEMBL1081464,https://www.ebi.ac.uk/chembl/compound_report_card/CHEMBL1081464/,CN1CC[C@@]2(C)c3cc(OC(=O)Nc4cccc(C#N)c4)ccc3N(C)[C@@H]12,CN1CC[C@@]2(C)c3cc(OC(=O)Nc4cccc(C#N)c4)ccc3N(C)[C@@H]12,CN1CCC2(C)c3cc(OC(=O)Nc4cccc(C#N)c4)ccc3N(C)C12,AYTBHOFELXSNHQ-CTNGQTDRSA-N,AYTBHOFELXSNHQ,eligible,362.433,3.538,68.6,1,5,2,27,4,0.8849,0,1,1,False,predicted,eligible,False,[],1,C[NH+]1CC[C@@]2(C)c3cc(OC(=O)Nc4cccc(C#N)c4)ccc3[NH+](C)[C@@H]12,AYTBHOFELXSNHQ-CTNGQTDRSA-P,True,"[[""Atom_Tetrahedral"", 1], [""Atom_Tetrahedral"", 24]]","[1, 24]",False,True,O=C(Nc1ccccc1)Oc1ccc2c(c1)C1CC[NH2+]C1[NH2+]2,-7.090051174163818,-7.641345977783203,0.716401994228363,0.2465753424657534,True,random,2026-09-28T18:21:31.350818+00:00,CN1CC[C@@]2(C)c3cc(OC(=O)Nc4cccc(C#N)c4)ccc3N(C)[C@@H]12,AYTBHOFELXSNHQ-CTNGQTDRSA-N,AYTBHOFELXSNHQ-CTNGQTDRSA-P,"[[""Atom_Tetrahedral"", 1], [""Atom_Tetrahedral"", 24]]","[1, 24]",exchangeable_tertiary_ring_NH_and_full_potential_stereo_v3_20260929,8,8,35.07821136637977,3,C[N@@H+]1CC[C@@]2(C)c3cc(OC(=O)Nc4cccc(C#N)c4)ccc3[N@H+](C)[C@@H]12,False,True,C[N@@H+]1CC[C@@]2(C)c3cc(OC(=O)Nc4cccc(C#N)c4)ccc3[N@H+](C)[C@@H]12,False,True,prepared,<PACKAGE_ROOT>\Documents\Codex\TMC1_R2_Scratch_20260929\03_compute\formal_forward_v2_initial278\ligands\LIB_AYTBHOFELXSNHQ.sdf,3756396f9dec1129b1733c4652022e5c4f538a256ba83d2acdf8436f061467b0,<PACKAGE_ROOT>\Documents\Codex\TMC1_R2_Scratch_20260929\03_compute\formal_forward_v2_initial278\ligands\LIB_AYTBHOFELXSNHQ.pdbqt,f06414185506703b55e5834853053403860a08952142dc0ac9d3285ddf6cc808,0.793
LIB_RERPSPPBSSELBR,ChEMBL,CHEMBL1077219,CHEMBL1077219,https://www.ebi.ac.uk/chembl/compound_report_card/CHEMBL1077219/,NS(=O)(=O)N1CCc2ccccc2C1,NS(=O)(=O)N1CCc2ccccc2C1,NS(=O)(=O)N1CCc2ccccc2C1,RERPSPPBSSELBR-UHFFFAOYSA-N,RERPSPPBSSELBR,eligible,212.274,0.248,63.4,1,2,1,14,2,0.7249,0,1,1,False,predicted,eligible,False,[],1,NS(=O)(=O)[NH+]1CCc2ccccc2C1,RERPSPPBSSELBR-UHFFFAOYSA-O,True,"[[""Atom_Tetrahedral"", 4]]",[4],False,True,c1ccc2c(c1)CC[NH2+]C2,-5.862199306488037,-5.8051042556762695,0.5219965577125549,0.24444444444444444,True,random,2026-09-28T18:21:32.146553+00:00,NS(=O)(=O)N1CCc2ccccc2C1,RERPSPPBSSELBR-UHFFFAOYSA-N,RERPSPPBSSELBR-UHFFFAOYSA-O,"[[""Atom_Tetrahedral"", 4]]",[4],exchangeable_tertiary_ring_NH_and_full_potential_stereo_v3_20260929,8,8,-279.7156793715268,3,NS(=O)(=O)[N@H+]1CCc2ccccc2C1,False,True,NS(=O)(=O)[N@H+]1CCc2ccccc2C1,False,True,prepared,<PACKAGE_ROOT>\Documents\Codex\TMC1_R2_Scratch_20260929\03_compute\formal_forward_v2_initial278\ligands\LIB_RERPSPPBSSELBR.sdf,63517890f466a9b8fe8a609148e69815fb0e89b1ef9c61dcb8a71f1cac5a8d1e,<PACKAGE_ROOT>\Documents\Codex\TMC1_R2_Scratch_20260929\03_compute\formal_forward_v2_initial278\ligands\LIB_RERPSPPBSSELBR.pdbqt,8cafc021f0ae7267d1f68ebc773adb7197e7a609d0a18002dec2c91b69cdfa83,0.144
LIB_XUBGGMQPGQRZMO,ChEMBL,CHEMBL100750,CHEMBL100750,https://www.ebi.ac.uk/chembl/compound_report_card/CHEMBL100750/,C=CCOc1ccc(/C=C(\C)C(=O)N[C@@H]2[C@H](O)[C@@H](O)[C@H]3OCO[C@H]3[C@@H]2O)cc1,C=CCOc1ccc(/C=C(\C)C(=O)N[C@@H]2[C@H](O)[C@@H](O)[C@H]3OCO[C@H]3[C@@H]2O)cc1,C=CCOc1ccc(C=C(C)C(=O)NC2C(O)C(O)C3OCOC3C2O)cc1,XUBGGMQPGQRZMO-FLUYPTESSA-N,XUBGGMQPGQRZMO,eligible,391.42,-0.023,117.48,4,7,6,28,3,0.3976,0,1,1,False,predicted,eligible,False,[],1,C=CCOc1ccc(/C=C(\C)C(=O)N[C@@H]2[C@H](O)[C@@H](O)[C@H]3OCO[C@H]3[C@@H]2O)cc1,XUBGGMQPGQRZMO-FLUYPTESSA-N,False,[],[],False,False,O=C(C=Cc1ccccc1)NC1CCC2OCOC2C1,-7.01076602935791,-6.988638401031494,0.6091561317443848,0.27586206896551724,True,random,2026-09-28T18:21:32.290477+00:00,C=CCOc1ccc(/C=C(\C)C(=O)N[C@@H]2[C@H](O)[C@@H](O)[C@H]3OCO[C@H]3[C@@H]2O)cc1,XUBGGMQPGQRZMO-FLUYPTESSA-N,XUBGGMQPGQRZMO-FLUYPTESSA-N,[],[],exchangeable_tertiary_ring_NH_and_full_potential_stereo_v3_20260929,9,9,97.10285022599625,4,C=CCOc1ccc(/C=C(\C)C(=O)N[C@@H]2[C@H](O)[C@@H](O)[C@H]3OCO[C@H]3[C@@H]2O)cc1,True,True,C=CCOc1ccc(/C=C(\C)C(=O)N[C@@H]2[C@H](O)[C@@H](O)[C@H]3OCO[C@H]3[C@@H]2O)cc1,True,True,prepared,<PACKAGE_ROOT>\Documents\Codex\TMC1_R2_Scratch_20260929\03_compute\formal_forward_v2_initial278\ligands\LIB_XUBGGMQPGQRZMO.sdf,e99a90c5f3e64f41bfb84cf91cd15b61b840594c2d9049e75b78fc82d1a9614b,<PACKAGE_ROOT>\Documents\Codex\TMC1_R2_Scratch_20260929\03_compute\formal_forward_v2_initial278\ligands\LIB_XUBGGMQPGQRZMO.pdbqt,ae7d9b7a09c98c6f295415664b6e6b29d9aa004126dbbcb68bfd402ddee3e3d0,0.961
LIB_CAFYZCZCHHPSHG,ChEMBL,CHEMBL1084865,CHEMBL1084865,https://www.ebi.ac.uk/chembl/compound_report_card/CHEMBL1084865/,Cn1ncc(Cl)c1-c1cc(NC(=O)c2cccc(C(F)(F)F)c2)ccc1OCCN1CCNC(=O)C1,Cn1ncc(Cl)c1-c1cc(NC(=O)c2cccc(C(F)(F)F)c2)ccc1OCCN1CCNC(=O)C1,Cn1ncc(Cl)c1-c1cc(NC(=O)c2cccc(C(F)(F)F)c2)ccc1OCCN1CCNC(=O)C1,CAFYZCZCHHPSHG-UHFFFAOYSA-N,CAFYZCZCHHPSHG,eligible,521.927,3.822,88.49,2,5,7,36,4,0.4933,0,1,1,False,predicted,eligible,False,[],1,Cn1ncc(Cl)c1-c1cc(NC(=O)c2cccc(C(F)(F)F)c2)ccc1OCC[NH+]1CCNC(=O)C1,CAFYZCZCHHPSHG-UHFFFAOYSA-O,True,"[[""Atom_Tetrahedral"", 29]]",[29],False,True,O=C1C[NH+](CCOc2ccc(NC(=O)c3ccccc3)cc2-c2ccn[nH]2)CCN1,-7.695289134979248,-7.958104133605957,0.6015742421150208,0.2872340425531915,True,random,2026-09-28T18:21:33.253661+00:00,Cn1ncc(Cl)c1-c1cc(NC(=O)c2cccc(C(F)(F)F)c2)ccc1OCCN1CCNC(=O)C1,CAFYZCZCHHPSHG-UHFFFAOYSA-N,CAFYZCZCHHPSHG-UHFFFAOYSA-O,"[[""Atom_Tetrahedral"", 29]]",[29],exchangeable_tertiary_ring_NH_and_full_potential_stereo_v3_20260929,10,10,166.12258330645548,9,Cn1ncc(Cl)c1-c1cc(NC(=O)c2cccc(C(F)(F)F)c2)ccc1OCC[N@H+]1CCNC(=O)C1,False,True,Cn1ncc(Cl)c1-c1cc(NC(=O)c2cccc(C(F)(F)F)c2)ccc1OCC[N@H+]1CCNC(=O)C1,False,True,prepared,<PACKAGE_ROOT>\Documents\Codex\TMC1_R2_Scratch_20260929\03_compute\formal_forward_v2_initial278\ligands\LIB_CAFYZCZCHHPSHG.sdf,47aa6d92cc26230b9fe1bb27a78428655199768ba17e12165bac24bfc8998e4e,<PACKAGE_ROOT>\Documents\Codex\TMC1_R2_Scratch_20260929\03_compute\formal_forward_v2_initial278\ligands\LIB_CAFYZCZCHHPSHG.pdbqt,62c0f05a3e9dc014a2ea621787737042e6cbb9c91d8bfcd4f79c31a01d441b44,1.451
LIB_IYTMFGZUURLRKD,ChEMBL,CHEMBL1082876,CHEMBL1082876,https://www.ebi.ac.uk/chembl/compound_report_card/CHEMBL1082876/,C[C@H](O)CNc1nccc(-n2ccnc2-c2cccc(NC(=O)c3ccc(Cl)c(C(F)(F)F)c3)c2)n1,C[C@H](O)CNc1nccc(-n2ccnc2-c2cccc(NC(=O)c3ccc(Cl)c(C(F)(F)F)c3)c2)n1,CC(O)CNc1nccc(-n2ccnc2-c2cccc(NC(=O)c3ccc(Cl)c(C(F)(F)F)c3)c2)n1,IYTMFGZUURLRKD-AWEZNQCLSA-N,IYTMFGZUURLRKD,eligible,516.911,5.047,104.96,3,6,7,36,4,0.3175,0,1,1,False,predicted,eligible,False,[],1,C[C@H](O)CNc1nccc(-n2ccnc2-c2cccc(NC(=O)c3ccc(Cl)c(C(F)(F)F)c3)c2)n1,IYTMFGZUURLRKD-AWEZNQCLSA-N,False,[],[],False,False,O=C(Nc1cccc(-c2nccn2-c2ccncn2)c1)c1ccccc1,-8.025096893310547,-8.122271537780762,0.5209358930587769,0.32222222222222224,False,random,2026-09-28T18:21:34.705514+00:00,C[C@H](O)CNc1nccc(-n2ccnc2-c2cccc(NC(=O)c3ccc(Cl)c(C(F)(F)F)c3)c2)n1,IYTMFGZUURLRKD-AWEZNQCLSA-N,IYTMFGZUURLRKD-AWEZNQCLSA-N,[],[],exchangeable_tertiary_ring_NH_and_full_potential_stereo_v3_20260929,10,10,-1.406085969707462,0,C[C@H](O)CNc1nccc(-n2ccnc2-c2cccc(NC(=O)c3ccc(Cl)c(C(F)(F)F)c3)c2)n1,True,True,C[C@H](O)CNc1nccc(-n2ccnc2-c2cccc(NC(=O)c3ccc(Cl)c(C(F)(F)F)c3)c2)n1,True,True,prepared,<PACKAGE_ROOT>\Documents\Codex\TMC1_R2_Scratch_20260929\03_compute\formal_forward_v2_initial278\ligands\LIB_IYTMFGZUURLRKD.sdf,9a144176cfc2d83fa94a8d272aa3211eaf2fdbf5635006fb9aea498c915a0877,<PACKAGE_ROOT>\Documents\Codex\TMC1_R2_Scratch_20260929\03_compute\formal_forward_v2_initial278\ligands\LIB_IYTMFGZUURLRKD.pdbqt,f1a4d1604f65bf41e1b9e84c6e61bd1c9d32ca4be51d6536a68406d857f5303b,1.072
LIB_PEYZUNUITLDLNI,ChEMBL,CHEMBL1085749,CHEMBL1085749,https://www.ebi.ac.uk/chembl/compound_report_card/CHEMBL1085749/,O=C(O)c1ccc2c(c1)[C@@H]1C=CC[C@@H]1[C@@H](c1ncc(Cl)cc1Cl)N2,O=C(O)c1ccc2c(c1)[C@@H]1C=CC[C@@H]1[C@@H](c1ncc(Cl)cc1Cl)N2,O=C(O)c1ccc2c(c1)C1C=CCC1C(c1ncc(Cl)cc1Cl)N2,PEYZUNUITLDLNI-WQGACYEGSA-N,PEYZUNUITLDLNI,eligible,361.228,4.913,62.22,2,3,2,24,4,0.7462,0,1,1,False,predicted,eligible,False,[],1,O=C([O-])c1ccc2c(c1)[C@@H]1C=CC[C@@H]1[C@@H](c1ncc(Cl)cc1Cl)[NH2+]2,PEYZUNUITLDLNI-WQGACYEGSA-N,False,[],[],False,False,C1=CC2c3ccccc3[NH2+]C(c3ccccn3)C2C1,-7.033628940582275,-6.6166558265686035,0.6436192393302917,0.2647058823529412,True,random,2026-09-28T18:21:35.779261+00:00,O=C(O)c1ccc2c(c1)[C@@H]1C=CC[C@@H]1[C@@H](c1ncc(Cl)cc1Cl)N2,PEYZUNUITLDLNI-WQGACYEGSA-N,PEYZUNUITLDLNI-WQGACYEGSA-N,[],[],exchangeable_tertiary_ring_NH_and_full_potential_stereo_v3_20260929,5,5,14.508089894350473,4,O=C([O-])c1ccc2c(c1)[C@@H]1C=CC[C@@H]1[C@@H](c1ncc(Cl)cc1Cl)[NH2+]2,True,True,O=C([O-])c1ccc2c(c1)[C@@H]1C=CC[C@@H]1[C@@H](c1ncc(Cl)cc1Cl)[NH2+]2,True,True,prepared,<PACKAGE_ROOT>\Documents\Codex\TMC1_R2_Scratch_20260929\03_compute\formal_forward_v2_initial278\ligands\LIB_PEYZUNUITLDLNI.sdf,34399782fa977b7cd1b37c1f5009ee4594be32d37f140a86a07f8fe1bb8c8a3a,<PACKAGE_ROOT>\Documents\Codex\TMC1_R2_Scratch_20260929\03_compute\formal_forward_v2_initial278\ligands\LIB_PEYZUNUITLDLNI.pdbqt,f367f7fee22c73fc9a9e233cae52f37834c1bd7b73e94d75d671b225dd39c7fe,0.306
LIB_YZVIHKKOGKRSKO,ChEMBL,CHEMBL1081527,CHEMBL1081527,https://www.ebi.ac.uk/chembl/compound_report_card/CHEMBL1081527/,O=C1CCC(c2ccc(OCC(=O)N3CCCC3)cc2)=NN1,O=C1CCC(c2ccc(OCC(=O)N3CCCC3)cc2)=NN1,O=C1CCC(c2ccc(OCC(=O)N3CCCC3)cc2)=NN1,YZVIHKKOGKRSKO-UHFFFAOYSA-N,YZVIHKKOGKRSKO,eligible,301.346,1.302,71.0,1,4,4,22,3,0.911,0,1,1,False,predicted,eligible,False,[],1,O=C1CCC(c2ccc(OCC(=O)[NH+]3CCCC3)cc2)=N[N-]1,YZVIHKKOGKRSKO-UHFFFAOYSA-N,False,[],[13],False,False,O=C1CCC(c2ccc(OCC(=O)[NH+]3CCCC3)cc2)=N[N-]1,-6.469308853149414,-6.431675910949707,0.6603958606719971,0.46296296296296297,False,random,2026-09-28T18:21:36.087292+00:00,O=C1CCC(c2ccc(OCC(=O)N3CCCC3)cc2)=NN1,YZVIHKKOGKRSKO-UHFFFAOYSA-N,YZVIHKKOGKRSKO-UHFFFAOYSA-N,[],[13],exchangeable_tertiary_ring_NH_and_full_potential_stereo_v3_20260929,6,6,-30.298188615369597,2,O=C1CCC(c2ccc(OCC(=O)[NH+]3CCCC3)cc2)=N[N-]1,True,True,O=C1CCC(c2ccc(OCC(=O)[NH+]3CCCC3)cc2)=N[N-]1,True,True,prepared,<PACKAGE_ROOT>\Documents\Codex\TMC1_R2_Scratch_20260929\03_compute\formal_forward_v2_initial278\ligands\LIB_YZVIHKKOGKRSKO.sdf,c91549edae10731a3d28ae66a624eac40fe48ceae31e5ff2509b869f621aa6bb,<PACKAGE_ROOT>\Documents\Codex\TMC1_R2_Scratch_20260929\03_compute\formal_forward_v2_initial278\ligands\LIB_YZVIHKKOGKRSKO.pdbqt,0a8ca28b12f51b80e0b0672a293a8ced63cd7a904306e6eea9a82e2cb2b9a521,0.506
LIB_NHELMIDNJBAZJD,ChEMBL,CHEMBL1083079,CHEMBL1083079,https://www.ebi.ac.uk/chembl/compound_report_card/CHEMBL1083079/,CCc1ccc(Cc2cc([C@@H]3O[C@H](CO)[C@@H](O)[C@H](O)[C@H]3O)ccc2Cl)nn1,CCc1ccc(Cc2cc([C@@H]3O[C@H](CO)[C@@H](O)[C@H](O)[C@H]3O)ccc2Cl)nn1,CCc1ccc(Cc2cc(C3OC(CO)C(O)C(O)C3O)ccc2Cl)nn1,NHELMIDNJBAZJD-FQBWVUSXSA-N,NHELMIDNJBAZJD,eligible,394.855,0.798,115.93,4,7,5,27,3,0.5923,0,1,1,False,predicted,eligible,False,[],1,CCc1ccc(Cc2cc([C@@H]3O[C@H](CO)[C@@H](O)[C@H](O)[C@H]3O)ccc2Cl)nn1,NHELMIDNJBAZJD-FQBWVUSXSA-N,False,[],[],False,False,c1cc(Cc2cccnn2)cc(C2CCCCO2)c1,-7.092916488647461,-7.021579742431641,0.5575558543205261,0.6140350877192983,False,random,2026-09-28T18:21:36.594382+00:00,CCc1ccc(Cc2cc([C@@H]3O[C@H](CO)[C@@H](O)[C@H](O)[C@H]3O)ccc2Cl)nn1,NHELMIDNJBAZJD-FQBWVUSXSA-N,NHELMIDNJBAZJD-FQBWVUSXSA-N,[],[],exchangeable_tertiary_ring_NH_and_full_potential_stereo_v3_20260929,10,10,154.69511883969324,6,CCc1ccc(Cc2cc([C@@H]3O[C@H](CO)[C@@H](O)[C@H](O)[C@H]3O)ccc2Cl)nn1,True,True,CCc1ccc(Cc2cc([C@@H]3O[C@H](CO)[C@@H](O)[C@H](O)[C@H]3O)ccc2Cl)nn1,True,True,prepared,<PACKAGE_ROOT>\Documents\Codex\TMC1_R2_Scratch_20260929\03_compute\formal_forward_v2_initial278\ligands\LIB_NHELMIDNJBAZJD.sdf,543dbbf81724a71e44aecb74602292f9da7cd50c213d79e6fe990bd56d875415,<PACKAGE_ROOT>\Documents\Codex\TMC1_R2_Scratch_20260929\03_compute\formal_forward_v2_initial278\ligands\LIB_NHELMIDNJBAZJD.pdbqt,296cf78f9e3c782f0ecd6949beee101b43f351c2c548960846a118a73c2797d6,0.822
LIB_YJNUPBNOZDKQMS,ChEMBL,CHEMBL1079293,CHEMBL1079293,https://www.ebi.ac.uk/chembl/compound_report_card/CHEMBL1079293/,Nc1nonc1-c1nc2ccccc2n1C1CC1,Nc1nonc1-c1nc2ccccc2n1C1CC1,Nc1nonc1-c1nc2ccccc2n1C1CC1,YJNUPBNOZDKQMS-UHFFFAOYSA-N,YJNUPBNOZDKQMS,eligible,241.254,2.003,82.76,1,5,2,18,4,0.7415,0,1,1,False,predicted,eligible,False,[],1,Nc1nonc1-c1nc2ccccc2n1C1CC1,YJNUPBNOZDKQMS-UHFFFAOYSA-N,False,[],[],False,False,c1ccc2c(c1)nc(-c1cnon1)n2C1CC1,-6.412258148193359,-6.619978904724121,0.5919742584228516,0.22641509433962265,True,random,2026-09-28T18:21:37.418386+00:00,Nc1nonc1-c1nc2ccccc2n1C1CC1,YJNUPBNOZDKQMS-UHFFFAOYSA-N,YJNUPBNOZDKQMS-UHFFFAOYSA-N,[],[],exchangeable_tertiary_ring_NH_and_full_potential_stereo_v3_20260929,2,2,40.76847978901569,0,Nc1nonc1-c1nc2ccccc2n1C1CC1,True,True,Nc1nonc1-c1nc2ccccc2n1C1CC1,True,True,prepared,<PACKAGE_ROOT>\Documents\Codex\TMC1_R2_Scratch_20260929\03_compute\formal_forward_v2_initial278\ligands\LIB_YJNUPBNOZDKQMS.sdf,19bdc61c2c246788f2c08c41bf99dce38955d04bbd966eccc9939523fade3db1,<PACKAGE_ROOT>\Documents\Codex\TMC1_R2_Scratch_20260929\03_compute\formal_forward_v2_initial278\ligands\LIB_YJNUPBNOZDKQMS.pdbqt,2d1a217a1f8d85f23afebb474e490cdc46bdda237a796cb09210f28e904f4c78,0.117
LIB_UWNNVZFYCYTDAH,ChEMBL,CHEMBL100386,CHEMBL100386,https://www.ebi.ac.uk/chembl/compound_report_card/CHEMBL100386/,CCCn1ncc2c(=N)n(C)c(=O)[nH]c21,CCCn1ncc2c(N)n(C)c(=O)nc21,CCCn1ncc2c(N)n(C)c(=O)nc21,UWNNVZFYCYTDAH-UHFFFAOYSA-N,UWNNVZFYCYTDAH,eligible,207.237,0.122,78.73,1,4,2,15,2,0.7583,0,1,1,False,predicted,eligible,False,[],1,CCCn1ncc2c(N)n(C)c(=O)nc21,UWNNVZFYCYTDAH-UHFFFAOYSA-N,False,[],[],False,False,O=c1nc2[nH]ncc2c[nH]1,-5.985067844390869,-5.473820686340332,0.576605498790741,0.2545454545454545,True,random,2026-09-28T18:21:37.536214+00:00,CCCn1ncc2c(N)n(C)c(=O)nc21,UWNNVZFYCYTDAH-UHFFFAOYSA-N,UWNNVZFYCYTDAH-UHFFFAOYSA-N,[],[],exchangeable_tertiary_ring_NH_and_full_potential_stereo_v3_20260929,4,4,-24.623093111742484,1,CCCn1ncc2c(N)n(C)c(=O)nc21,True,True,CCCn1ncc2c(N)n(C)c(=O)nc21,True,True,prepared,<PACKAGE_ROOT>\Documents\Codex\TMC1_R2_Scratch_20260929\03_compute\formal_forward_v2_initial278\ligands\LIB_UWNNVZFYCYTDAH.sdf,2423d67111d372a1829c5832934a4e55a7e3ccbbcb96d6102c604738b17240e0,<PACKAGE_ROOT>\Documents\Codex\TMC1_R2_Scratch_20260929\03_compute\formal_forward_v2_initial278\ligands\LIB_UWNNVZFYCYTDAH.pdbqt,993ce90ac67ae3fe7a1104f72e667dc86acb4308efb1703765083706c696e8fb,0.128
LIB_LMAFSLWCXOQARP,ChEMBL,CHEMBL10560,CHEMBL10560,https://www.ebi.ac.uk/chembl/compound_report_card/CHEMBL10560/,CC#C[C@@]1(O)CC[C@@]2(CC)c3ccc(O)cc3CC[C@@H]2C1,CC#C[C@@]1(O)CC[C@@]2(CC)c3ccc(O)cc3CC[C@@H]2C1,CC#CC1(O)CCC2(CC)c3ccc(O)cc3CCC2C1,LMAFSLWCXOQARP-ATZDWAIDSA-N,LMAFSLWCXOQARP,eligible,284.399,3.541,40.46,2,2,1,21,3,0.7744,0,1,1,False,predicted,eligible,False,[],1,CC#C[C@@]1(O)CC[C@@]2(CC)c3ccc([O-])cc3CC[C@@H]2C1,LMAFSLWCXOQARP-ATZDWAIDSA-M,False,[],[],False,False,c1ccc2c(c1)CCC1CCCCC21,-6.972222328186035,-7.0700836181640625,0.78859543800354,0.3235294117647059,False,random,2026-09-28T18:21:37.665487+00:00,CC#C[C@@]1(O)CC[C@@]2(CC)c3ccc(O)cc3CC[C@@H]2C1,LMAFSLWCXOQARP-ATZDWAIDSA-N,LMAFSLWCXOQARP-ATZDWAIDSA-M,[],[],exchangeable_tertiary_ring_NH_and_full_potential_stereo_v3_20260929,4,4,33.03754779743855,1,CC#C[C@@]1(O)CC[C@@]2(CC)c3ccc([O-])cc3CC[C@@H]2C1,True,True,CC#C[C@@]1(O)CC[C@@]2(CC)c3ccc([O-])cc3CC[C@@H]2C1,True,True,prepared,<PACKAGE_ROOT>\Documents\Codex\TMC1_R2_Scratch_20260929\03_compute\formal_forward_v2_initial278\ligands\LIB_LMAFSLWCXOQARP.sdf,ff5b894402bb54977431a74a507b5e6ec8b703c8bc9a29144d62e5ee2001f973,<PACKAGE_ROOT>\Documents\Codex\TMC1_R2_Scratch_20260929\03_compute\formal_forward_v2_initial278\ligands\LIB_LMAFSLWCXOQARP.pdbqt,a666662b2a6cdda23295b4a2b0f771799c08a890c40e395f7247b5656417e35d,0.52
LIB_HDOVLPFABNJQJO,ChEMBL,CHEMBL1177,CHEMBL1177,https://www.ebi.ac.uk/chembl/compound_report_card/CHEMBL1177/,NC1=NC(=O)C(c2ccccc2)O1,Nc1nc(O)c(-c2ccccc2)o1,Nc1nc(O)c(-c2ccccc2)o1,HDOVLPFABNJQJO-UHFFFAOYSA-N,HDOVLPFABNJQJO,eligible,176.175,1.629,72.28,2,4,1,13,2,0.6922,0,1,1,False,predicted,eligible,False,[],1,Nc1nc([O-])c(-c2ccccc2)o1,HDOVLPFABNJQJO-UHFFFAOYSA-M,False,[],[],False,False,c1ccc(-c2cnco2)cc1,-6.082998275756836,-6.455800533294678,0.5366365909576416,0.3488372093023256,False,random,2026-09-28T18:21:38.187707+00:00,Nc1nc(O)c(-c2ccccc2)o1,HDOVLPFABNJQJO-UHFFFAOYSA-N,HDOVLPFABNJQJO-UHFFFAOYSA-M,[],[],exchangeable_tertiary_ring_NH_and_full_potential_stereo_v3_20260929,1,1,-38.29733009934398,0,Nc1nc([O-])c(-c2ccccc2)o1,True,True,Nc1nc([O-])c(-c2ccccc2)o1,True,True,prepared,<PACKAGE_ROOT>\Documents\Codex\TMC1_R2_Scratch_20260929\03_compute\formal_forward_v2_initial278\ligands\LIB_HDOVLPFABNJQJO.sdf,2156d2555d79a683770450934ed10f9e503da0471b3188692f6e4ac94c8c83c5,<PACKAGE_ROOT>\Documents\Codex\TMC1_R2_Scratch_20260929\03_compute\formal_forward_v2_initial278\ligands\LIB_HDOVLPFABNJQJO.pdbqt,7fdc44b62115c37e668a1e5c21f316b4db475935e1ab34f2c7bd1ad0275fb19d,0.08
LIB_PIBQWNKYAGXQHF,ChEMBL,CHEMBL100863,CHEMBL100863,https://www.ebi.ac.uk/chembl/compound_report_card/CHEMBL100863/,CN1CC=C(c2ccccc2C(F)(F)F)CC1,CN1CC=C(c2ccccc2C(F)(F)F)CC1,CN1CC=C(c2ccccc2C(F)(F)F)CC1,PIBQWNKYAGXQHF-UHFFFAOYSA-N,PIBQWNKYAGXQHF,eligible,241.256,3.424,3.24,0,1,1,17,2,0.7278,0,1,1,False,predicted,eligible,False,[],1,C[NH+]1CC=C(c2ccccc2C(F)(F)F)CC1,PIBQWNKYAGXQHF-UHFFFAOYSA-O,True,"[[""Atom_Tetrahedral"", 1]]",[1],False,True,C1=C(c2ccccc2)CC[NH2+]C1,-6.250449180603027,-6.497017860412598,0.782859206199646,0.20967741935483872,True,random,2026-09-28T18:21:38.268771+00:00,CN1CC=C(c2ccccc2C(F)(F)F)CC1,PIBQWNKYAGXQHF-UHFFFAOYSA-N,PIBQWNKYAGXQHF-UHFFFAOYSA-O,"[[""Atom_Tetrahedral"", 1]]",[1],exchangeable_tertiary_ring_NH_and_full_potential_stereo_v3_20260929,6,6,40.73776102975627,3,C[N@H+]1CC=C(c2ccccc2C(F)(F)F)CC1,False,True,C[N@H+]1CC=C(c2ccccc2C(F)(F)F)CC1,False,True,prepared,<PACKAGE_ROOT>\Documents\Codex\TMC1_R2_Scratch_20260929\03_compute\formal_forward_v2_initial278\ligands\LIB_PIBQWNKYAGXQHF.sdf,2822b8ede7b67b51cc6191136f6bec2a32274295c37cc76955130d64f7a49528,<PACKAGE_ROOT>\Documents\Codex\TMC1_R2_Scratch_20260929\03_compute\formal_forward_v2_initial278\ligands\LIB_PIBQWNKYAGXQHF.pdbqt,3176b0c39c91b438a3089dfef99962a3bbce1d718a4c9683d92b99d965ccfaf6,0.209
LIB_PULBQTCEWMDDKC,ChEMBL,CHEMBL1078575,CHEMBL1078575,https://www.ebi.ac.uk/chembl/compound_report_card/CHEMBL1078575/,O=C(Nc1ccc(CCNC[C@H](O)c2cccnc2)cc1)c1ccccc1-c1nc2ccccc2[nH]1,O=C(Nc1ccc(CCNC[C@H](O)c2cccnc2)cc1)c1ccccc1-c1nc2ccccc2[nH]1,O=C(Nc1ccc(CCNCC(O)c2cccnc2)cc1)c1ccccc1-c1nc2ccccc2[nH]1,PULBQTCEWMDDKC-MHZLTWQESA-N,PULBQTCEWMDDKC,eligible,477.568,4.743,102.93,4,5,9,36,5,0.2297,0,1,1,False,predicted,eligible,False,[],1,O=C(Nc1ccc(CC[NH2+]C[C@H](O)c2cccnc2)cc1)c1ccccc1-c1nc2ccccc2[n-]1,DCDDUIZHGWKIMY-MHZLTWQESA-N,False,[],[],False,False,O=C(Nc1ccc(CC[NH2+]CCc2cccnc2)cc1)c1ccccc1-c1nc2ccccc2[n-]1,-7.713490009307861,-7.600735664367676,0.653488039970398,0.43209876543209874,False,random,2026-09-28T18:21:38.478405+00:00,O=C(Nc1ccc(CCNC[C@H](O)c2cccnc2)cc1)c1ccccc1-c1nc2ccccc2[nH]1,PULBQTCEWMDDKC-MHZLTWQESA-N,DCDDUIZHGWKIMY-MHZLTWQESA-N,[],[],exchangeable_tertiary_ring_NH_and_full_potential_stereo_v3_20260929,10,10,12.003013939385859,4,O=C(Nc1ccc(CC[NH2+]C[C@H](O)c2cccnc2)cc1)c1ccccc1-c1nc2ccccc2[n-]1,True,True,O=C(Nc1ccc(CC[NH2+]C[C@H](O)c2cccnc2)cc1)c1ccccc1-c1nc2ccccc2[n-]1,True,True,prepared,<PACKAGE_ROOT>\Documents\Codex\TMC1_R2_Scratch_20260929\03_compute\formal_forward_v2_initial278\ligands\LIB_PULBQTCEWMDDKC.sdf,bfb7db0f61b54c802014f549221d56a39dbd60788b7af2648f7429e7eafdfdd1,<PACKAGE_ROOT>\Documents\Codex\TMC1_R2_Scratch_20260929\03_compute\formal_forward_v2_initial278\ligands\LIB_PULBQTCEWMDDKC.pdbqt,f1843cf56638e1e42b3f3e09c57a9b7f2edf344b0842db0746fe9768be654e90,1.888
LIB_ORLJIXKKPRVJKG,ChEMBL,CHEMBL1086039,CHEMBL1086039,https://www.ebi.ac.uk/chembl/compound_report_card/CHEMBL1086039/,CC(C)(CC(=O)N1CCC[C@H]1CO)NCC(=O)N1C[C@@H](F)C[C@H]1C#N,CC(C)(CC(=O)N1CCC[C@H]1CO)NCC(=O)N1C[C@@H](F)C[C@H]1C#N,CC(C)(CC(=O)N1CCCC1CO)NCC(=O)N1CC(F)CC1C#N,ORLJIXKKPRVJKG-IHRRRGAJSA-N,ORLJIXKKPRVJKG,eligible,354.426,0.191,96.67,2,5,6,25,2,0.7098,0,1,1,False,predicted,eligible,False,[],1,CC(C)(CC(=O)[NH+]1CCC[C@H]1CO)[NH2+]CC(=O)[NH+]1C[C@@H](F)C[C@H]1C#N,ORLJIXKKPRVJKG-IHRRRGAJSA-Q,True,"[[""Atom_Tetrahedral"", 6], [""Atom_Tetrahedral"", 17]]","[6, 17]",False,True,O=C(CC[NH2+]CC(=O)[NH+]1CCCC1)[NH+]1CCCC1,-6.112208366394043,-6.441506385803223,0.8090596795082092,0.16853932584269662,True,random,2026-09-28T18:21:40.368258+00:00,CC(C)(CC(=O)N1CCC[C@H]1CO)NCC(=O)N1C[C@@H](F)C[C@H]1C#N,ORLJIXKKPRVJKG-IHRRRGAJSA-N,ORLJIXKKPRVJKG-IHRRRGAJSA-Q,"[[""Atom_Tetrahedral"", 6], [""Atom_Tetrahedral"", 17]]","[6, 17]",exchangeable_tertiary_ring_NH_and_full_potential_stereo_v3_20260929,10,10,117.81363663756468,5,CC(C)(CC(=O)[N@@H+]1CCC[C@H]1CO)[NH2+]CC(=O)[N@H+]1C[C@@H](F)C[C@H]1C#N,False,True,CC(C)(CC(=O)[N@@H+]1CCC[C@H]1CO)[NH2+]CC(=O)[N@H+]1C[C@@H](F)C[C@H]1C#N,False,True,prepared,<PACKAGE_ROOT>\Documents\Codex\TMC1_R2_Scratch_20260929\03_compute\formal_forward_v2_initial278\ligands\LIB_ORLJIXKKPRVJKG.sdf,997893878ddc5adc54dd844b0ffbcc2b87a945bf34b1a8b8a9f571841197949b,<PACKAGE_ROOT>\Documents\Codex\TMC1_R2_Scratch_20260929\03_compute\formal_forward_v2_initial278\ligands\LIB_ORLJIXKKPRVJKG.pdbqt,fe1d979b71a09edd085b2ead7d62b41baa904f18f8834469bce5d1241fc0e58d,1.485
LIB_CXKIPYCVARNYCW,ChEMBL,CHEMBL1081131,CHEMBL1081131,https://www.ebi.ac.uk/chembl/compound_report_card/CHEMBL1081131/,COc1ccc(Cc2cnc(CCc3ccc(-c4ccccc4C(=O)O)cc3)[nH]2)cc1,COc1ccc(Cc2c[nH]c(CCc3ccc(-c4ccccc4C(=O)O)cc3)n2)cc1,COc1ccc(Cc2c[nH]c(CCc3ccc(-c4ccccc4C(=O)O)cc3)n2)cc1,CXKIPYCVARNYCW-UHFFFAOYSA-N,CXKIPYCVARNYCW,eligible,412.489,5.16,75.21,2,3,8,31,4,0.4192,0,1,1,False,predicted,eligible,False,[],1,COc1ccc(Cc2c[n-]c(CCc3ccc(-c4ccccc4C(=O)[O-])cc3)n2)cc1,DGQGNWKIRYXMSZ-UHFFFAOYSA-L,False,[],[],False,False,c1ccc(Cc2c[n-]c(CCc3ccc(-c4ccccc4)cc3)n2)cc1,-7.299250602722168,-7.36233377456665,0.7027168273925781,0.3333333333333333,False,random,2026-09-28T18:21:41.855443+00:00,COc1ccc(Cc2c[nH]c(CCc3ccc(-c4ccccc4C(=O)O)cc3)n2)cc1,CXKIPYCVARNYCW-UHFFFAOYSA-N,DGQGNWKIRYXMSZ-UHFFFAOYSA-L,[],[],exchangeable_tertiary_ring_NH_and_full_potential_stereo_v3_20260929,8,8,138.0332082591189,0,COc1ccc(Cc2c[n-]c(CCc3ccc(-c4ccccc4C(=O)[O-])cc3)n2)cc1,True,True,COc1ccc(Cc2c[n-]c(CCc3ccc(-c4ccccc4C(=O)[O-])cc3)n2)cc1,True,True,prepared,<PACKAGE_ROOT>\Documents\Codex\TMC1_R2_Scratch_20260929\03_compute\formal_forward_v2_initial278\ligands\LIB_CXKIPYCVARNYCW.sdf,db6bbd3f7cb230d917728e0bad6c4916b918d08be5d7375352c96a6449bab186,<PACKAGE_ROOT>\Documents\Codex\TMC1_R2_Scratch_20260929\03_compute\formal_forward_v2_initial278\ligands\LIB_CXKIPYCVARNYCW.pdbqt,d7a6d9b9895e2e64298dda9416363aae83a6c4c1a2c24be0a6586ebf92dca409,1.146
LIB_CYSDHZJPDQKSJB,ChEMBL,CHEMBL106986,CHEMBL106986,https://www.ebi.ac.uk/chembl/compound_report_card/CHEMBL106986/,c1ccc(CCNc2nc3ccccc3c3cn(-c4ccccc4)nc23)cc1,c1ccc(CCNc2nc3ccccc3c3cn(-c4ccccc4)nc23)cc1,c1ccc(CCNc2nc3ccccc3c3cn(-c4ccccc4)nc23)cc1,CYSDHZJPDQKSJB-UHFFFAOYSA-N,CYSDHZJPDQKSJB,eligible,364.452,5.228,42.74,1,3,5,28,5,0.4644,0,1,1,False,predicted,eligible,False,[],1,c1ccc(CCNc2nc3ccccc3c3cn(-c4ccccc4)nc23)cc1,CYSDHZJPDQKSJB-UHFFFAOYSA-N,False,[],[],False,False,c1ccc(CCNc2nc3ccccc3c3cn(-c4ccccc4)nc23)cc1,-7.270228385925293,-7.198962211608887,0.7594623565673828,0.2833333333333333,True,random,2026-09-28T18:21:43.002746+00:00,c1ccc(CCNc2nc3ccccc3c3cn(-c4ccccc4)nc23)cc1,CYSDHZJPDQKSJB-UHFFFAOYSA-N,CYSDHZJPDQKSJB-UHFFFAOYSA-N,[],[],exchangeable_tertiary_ring_NH_and_full_potential_stereo_v3_20260929,5,5,107.66398410938885,2,c1ccc(CCNc2nc3ccccc3c3cn(-c4ccccc4)nc23)cc1,True,True,c1ccc(CCNc2nc3ccccc3c3cn(-c4ccccc4)nc23)cc1,True,True,prepared,<PACKAGE_ROOT>\Documents\Codex\TMC1_R2_Scratch_20260929\03_compute\formal_forward_v2_initial278\ligands\LIB_CYSDHZJPDQKSJB.sdf,b409f74f476d48b9c8654db1f9d20b8950bde11d471d82a6af66d7c9a5249c5e,<PACKAGE_ROOT>\Documents\Codex\TMC1_R2_Scratch_20260929\03_compute\formal_forward_v2_initial278\ligands\LIB_CYSDHZJPDQKSJB.pdbqt,2954e257179f550abcfa28872b6448d188b993bd073d384ecc95ccddc4cff69a,0.434
LIB_BSMKGOSXJLCJOB,ChEMBL,CHEMBL106953,CHEMBL106953,https://www.ebi.ac.uk/chembl/compound_report_card/CHEMBL106953/,Cn1c(=O)c(-c2c(Cl)cccc2Cl)cc2cnc(NCCCn3ccnc3)cc21,Cn1c(=O)c(-c2c(Cl)cccc2Cl)cc2cnc(NCCCn3ccnc3)cc21,Cn1c(=O)c(-c2c(Cl)cccc2Cl)cc2cnc(NCCCn3ccnc3)cc21,BSMKGOSXJLCJOB-UHFFFAOYSA-N,BSMKGOSXJLCJOB,eligible,428.323,4.606,64.74,1,4,6,29,4,0.456,0,1,1,False,predicted,eligible,False,[],1,Cn1c(=O)c(-c2c(Cl)cccc2Cl)cc2cnc(NCCCn3ccnc3)cc21,BSMKGOSXJLCJOB-UHFFFAOYSA-N,False,[],[],False,False,O=c1[nH]c2cc(NCCCn3ccnc3)ncc2cc1-c1ccccc1,-7.245844841003418,-7.686591148376465,0.6214380264282227,0.26373626373626374,True,random,2026-09-28T18:21:43.437032+00:00,Cn1c(=O)c(-c2c(Cl)cccc2Cl)cc2cnc(NCCCn3ccnc3)cc21,BSMKGOSXJLCJOB-UHFFFAOYSA-N,BSMKGOSXJLCJOB-UHFFFAOYSA-N,[],[],exchangeable_tertiary_ring_NH_and_full_potential_stereo_v3_20260929,9,9,2.3330823187472056,1,Cn1c(=O)c(-c2c(Cl)cccc2Cl)cc2cnc(NCCCn3ccnc3)cc21,True,True,Cn1c(=O)c(-c2c(Cl)cccc2Cl)cc2cnc(NCCCn3ccnc3)cc21,True,True,prepared,<PACKAGE_ROOT>\Documents\Codex\TMC1_R2_Scratch_20260929\03_compute\formal_forward_v2_initial278\ligands\LIB_BSMKGOSXJLCJOB.sdf,e8b6407e32f8a97c92f4b3dc5a3997434333bb9cfd8cfbb216785f2dd064aa5a,<PACKAGE_ROOT>\Documents\Codex\TMC1_R2_Scratch_20260929\03_compute\formal_forward_v2_initial278\ligands\LIB_BSMKGOSXJLCJOB.pdbqt,413b817ac7459c1f3de81ecef70e6788fe02f91710e34985016d440e1fbfa18d,0.545
LIB_FLHLHIWGNRUPHK,ChEMBL,CHEMBL1087117,CHEMBL1087117,https://www.ebi.ac.uk/chembl/compound_report_card/CHEMBL1087117/,Cc1nc(-c2cc(-c3ccc(Cl)cc3)n(-c3ccc(F)cc3)n2)sc1C(=O)NNC(=S)NC(=O)c1ccccc1,Cc1nc(-c2cc(-c3ccc(Cl)cc3)n(-c3ccc(F)cc3)n2)sc1C(=O)NNC(=S)NC(=O)c1ccccc1,Cc1nc(-c2cc(-c3ccc(Cl)cc3)n(-c3ccc(F)cc3)n2)sc1C(=O)NNC(=S)NC(=O)c1ccccc1,FLHLHIWGNRUPHK-UHFFFAOYSA-N,FLHLHIWGNRUPHK,eligible,591.093,5.713,100.94,3,6,5,40,5,0.179,0,1,1,False,predicted,eligible,False,[],1,Cc1nc(-c2cc(-c3ccc(Cl)cc3)n(-c3ccc(F)cc3)n2)sc1C(=O)[N-]NC(=S)NC(=O)c1ccccc1,KZAFHZIQYQJBPH-UHFFFAOYSA-M,False,[],[],False,False,O=C(NC(=S)N[N-]C(=O)c1cnc(-c2cc(-c3ccccc3)n(-c3ccccc3)n2)s1)c1ccccc1,-8.774609565734863,-8.229573249816895,0.5543872714042664,0.26373626373626374,True,random;descriptor_ridge;AI_initial,2026-09-28T18:21:43.983327+00:00,Cc1nc(-c2cc(-c3ccc(Cl)cc3)n(-c3ccc(F)cc3)n2)sc1C(=O)NNC(=S)NC(=O)c1ccccc1,FLHLHIWGNRUPHK-UHFFFAOYSA-N,KZAFHZIQYQJBPH-UHFFFAOYSA-M,[],[],exchangeable_tertiary_ring_NH_and_full_potential_stereo_v3_20260929,10,10,108.97165217360164,4,Cc1nc(-c2cc(-c3ccc(Cl)cc3)n(-c3ccc(F)cc3)n2)sc1C(=O)[N-]NC(=S)NC(=O)c1ccccc1,True,True,Cc1nc(-c2cc(-c3ccc(Cl)cc3)n(-c3ccc(F)cc3)n2)sc1C(=O)[N-]NC(=S)NC(=O)c1ccccc1,True,True,prepared,<PACKAGE_ROOT>\Documents\Codex\TMC1_R2_Scratch_20260929\03_compute\formal_forward_v2_initial278\ligands\LIB_FLHLHIWGNRUPHK.sdf,5b6a458b20f5c9427b61d465b9716a9a0db2463ffd56feefefc8b4171f4ff5d1,<PACKAGE_ROOT>\Documents\Codex\TMC1_R2_Scratch_20260929\03_compute\formal_forward_v2_initial278\ligands\LIB_FLHLHIWGNRUPHK.pdbqt,25b48faec2258d6c08b98682dfe2fcd9d92b908f69ab4c615a0b945b3154d82e,1.228
LIB_GPYCQVDLOJBZMI,ChEMBL,CHEMBL108745,CHEMBL108745,https://www.ebi.ac.uk/chembl/compound_report_card/CHEMBL108745/,CCCCc1nc(-c2ccccc2)c(C(=O)OCC)c(CC)c1C(=O)SCC,CCCCc1nc(-c2ccccc2)c(C(=O)OCC)c(CC)c1C(=O)SCC,CCCCc1nc(-c2ccccc2)c(C(=O)OCC)c(CC)c1C(=O)SCC,GPYCQVDLOJBZMI-UHFFFAOYSA-N,GPYCQVDLOJBZMI,eligible,399.556,5.724,56.26,0,5,9,28,2,0.5045,0,1,1,False,predicted,eligible,False,[],1,CCCCc1nc(-c2ccccc2)c(C(=O)OCC)c(CC)c1C(=O)SCC,GPYCQVDLOJBZMI-UHFFFAOYSA-N,False,[],[],False,False,c1ccc(-c2ccccn2)cc1,-6.817047595977783,-6.6824822425842285,0.6297017335891724,0.29850746268656714,True,random,2026-09-28T18:21:45.213593+00:00,CCCCc1nc(-c2ccccc2)c(C(=O)OCC)c(CC)c1C(=O)SCC,GPYCQVDLOJBZMI-UHFFFAOYSA-N,GPYCQVDLOJBZMI-UHFFFAOYSA-N,[],[],exchangeable_tertiary_ring_NH_and_full_potential_stereo_v3_20260929,10,10,64.96138219710863,1,CCCCc1nc(-c2ccccc2)c(C(=O)OCC)c(CC)c1C(=O)SCC,True,True,CCCCc1nc(-c2ccccc2)c(C(=O)OCC)c(CC)c1C(=O)SCC,True,True,prepared,<PACKAGE_ROOT>\Documents\Codex\TMC1_R2_Scratch_20260929\03_compute\formal_forward_v2_initial278\ligands\LIB_GPYCQVDLOJBZMI.sdf,59cbbafdc648772f8e2b780a3f45cfccab08357fd922de0e0b2c2ca1898e6167,<PACKAGE_ROOT>\Documents\Codex\TMC1_R2_Scratch_20260929\03_compute\formal_forward_v2_initial278\ligands\LIB_GPYCQVDLOJBZMI.pdbqt,daba2a3df501c7d79048a416ccd5d8d61df6100c680da7bc2a24bef90f68e01b,0.864
LIB_SRPZEFNNDSQZCP,ChEMBL,CHEMBL1080935,CHEMBL1080935,https://www.ebi.ac.uk/chembl/compound_report_card/CHEMBL1080935/,CC(C)(C)OC(=O)N1C[C@@H]2C[C@H]1CN2S(=O)(=O)c1ccc(C(C)(C)C)cc1,CC(C)(C)OC(=O)N1C[C@@H]2C[C@H]1CN2S(=O)(=O)c1ccc(C(C)(C)C)cc1,CC(C)(C)OC(=O)N1CC2CC1CN2S(=O)(=O)c1ccc(C(C)(C)C)cc1,SRPZEFNNDSQZCP-HOTGVXAUSA-N,SRPZEFNNDSQZCP,eligible,394.537,3.366,66.92,0,4,2,27,3,0.7713,0,1,1,False,predicted,eligible,False,[],1,CC(C)(C)OC(=O)[NH+]1C[C@@H]2C[C@H]1C[NH+]2S(=O)(=O)c1ccc(C(C)(C)C)cc1,SRPZEFNNDSQZCP-HOTGVXAUSA-P,True,"[[""Atom_Tetrahedral"", 7], [""Atom_Tetrahedral"", 13]]","[7, 13]",False,True,O=S(=O)(c1ccccc1)[NH+]1CC2CC1C[NH2+]2,-6.969206809997559,-6.841402530670166,0.7195348739624023,0.2830188679245283,True,random,2026-09-28T18:21:46.078611+00:00,CC(C)(C)OC(=O)N1C[C@@H]2C[C@H]1CN2S(=O)(=O)c1ccc(C(C)(C)C)cc1,SRPZEFNNDSQZCP-HOTGVXAUSA-N,SRPZEFNNDSQZCP-HOTGVXAUSA-P,"[[""Atom_Tetrahedral"", 7], [""Atom_Tetrahedral"", 13]]","[7, 13]",exchangeable_tertiary_ring_NH_and_full_potential_stereo_v3_20260929,9,9,-67.33743685639507,1,CC(C)(C)OC(=O)[N@@H+]1C[C@@H]2C[C@H]1C[N@@H+]2S(=O)(=O)c1ccc(C(C)(C)C)cc1,False,True,CC(C)(C)OC(=O)[N@@H+]1C[C@@H]2C[C@H]1C[N@@H+]2S(=O)(=O)c1ccc(C(C)(C)C)cc1,False,True,prepared,<PACKAGE_ROOT>\Documents\Codex\TMC1_R2_Scratch_20260929\03_compute\formal_forward_v2_initial278\ligands\LIB_SRPZEFNNDSQZCP.sdf,30ecd742401aa7e6cf1a30f26cdfa9014dee3706bf27fb27219682669501d981,<PACKAGE_ROOT>\Documents\Codex\TMC1_R2_Scratch_20260929\03_compute\formal_forward_v2_initial278\ligands\LIB_SRPZEFNNDSQZCP.pdbqt,5ee8853aaffcb34d596b6eea05d0cb9b4606cf31140eb135d0265e234ee870e5,1.285
LIB_FPVAONXMTAGWGU,ChEMBL,CHEMBL108410,CHEMBL108410,https://www.ebi.ac.uk/chembl/compound_report_card/CHEMBL108410/,CCCCCCCCCCC1(C(=O)Nc2c(C)ccc3c2OCCC3=O)CCCC1,CCCCCCCCCCC1(C(=O)Nc2c(C)ccc3c2OCCC3=O)CCCC1,CCCCCCCCCCC1(C(=O)Nc2c(C)ccc3c2OCCC3=O)CCCC1,FPVAONXMTAGWGU-UHFFFAOYSA-N,FPVAONXMTAGWGU,eligible,413.602,6.99,55.4,1,3,11,30,3,0.3977,0,1,1,False,predicted,eligible,False,[],1,CCCCCCCCCCC1(C(=O)Nc2c(C)ccc3c2OCCC3=O)CCCC1,FPVAONXMTAGWGU-UHFFFAOYSA-N,False,[],[],False,False,O=C1CCOc2c(NC(=O)C3CCCC3)cccc21,-7.026940822601318,-7.169188499450684,0.9401364326477051,0.25333333333333335,True,random,2026-09-28T18:21:47.365462+00:00,CCCCCCCCCCC1(C(=O)Nc2c(C)ccc3c2OCCC3=O)CCCC1,FPVAONXMTAGWGU-UHFFFAOYSA-N,FPVAONXMTAGWGU-UHFFFAOYSA-N,[],[],exchangeable_tertiary_ring_NH_and_full_potential_stereo_v3_20260929,10,10,42.59620312651404,2,CCCCCCCCCCC1(C(=O)Nc2c(C)ccc3c2OCCC3=O)CCCC1,True,True,CCCCCCCCCCC1(C(=O)Nc2c(C)ccc3c2OCCC3=O)CCCC1,True,True,prepared,<PACKAGE_ROOT>\Documents\Codex\TMC1_R2_Scratch_20260929\03_compute\formal_forward_v2_initial278\ligands\LIB_FPVAONXMTAGWGU.sdf,4ad3b1dd61a777e60b41d373930160012196bfe2b5a3d908b54c66190473ff06,<PACKAGE_ROOT>\Documents\Codex\TMC1_R2_Scratch_20260929\03_compute\formal_forward_v2_initial278\ligands\LIB_FPVAONXMTAGWGU.pdbqt,1ec53de9d90e045f93cf39671ff0acb48605768cc9e263fd34249a877dcd5512,1.593
LIB_DHOBJWJXJBHSOA,ChEMBL,CHEMBL102500,CHEMBL102500,https://www.ebi.ac.uk/chembl/compound_report_card/CHEMBL102500/,O=C(Cn1c(Cl)cnc(NCC(F)(F)c2cccc[n+]2[O-])c1=O)NCc1ccccc1-n1cnnn1,O=C(Cn1c(Cl)cnc(NCC(F)(F)c2cccc[n+]2[O-])c1=O)NCc1ccccc1-n1cnnn1,O=C(Cn1c(Cl)cnc(NCC(F)(F)c2cccc[n+]2[O-])c1=O)NCc1ccccc1-n1cnnn1,DHOBJWJXJBHSOA-UHFFFAOYSA-N,DHOBJWJXJBHSOA,eligible,517.884,1.026,146.56,2,8,9,36,4,0.247,0,1,1,False,predicted,eligible,False,[],1,O=C(Cn1c(Cl)cnc(NCC(F)(F)c2cccc[n+]2[O-])c1=O)NCc1ccccc1-n1cnnn1,DHOBJWJXJBHSOA-UHFFFAOYSA-N,False,[],[],False,False,O=C(Cn1ccnc(NCCc2cccc[nH+]2)c1=O)NCc1ccccc1-n1cnnn1,-7.443392753601074,-7.905404090881348,0.7008687853813171,0.23333333333333334,True,random,2026-09-28T18:21:48.960521+00:00,O=C(Cn1c(Cl)cnc(NCC(F)(F)c2cccc[n+]2[O-])c1=O)NCc1ccccc1-n1cnnn1,DHOBJWJXJBHSOA-UHFFFAOYSA-N,DHOBJWJXJBHSOA-UHFFFAOYSA-N,[],[],exchangeable_tertiary_ring_NH_and_full_potential_stereo_v3_20260929,10,10,105.39885380497282,7,O=C(Cn1c(Cl)cnc(NCC(F)(F)c2cccc[n+]2[O-])c1=O)NCc1ccccc1-n1cnnn1,True,True,O=C(Cn1c(Cl)cnc(NCC(F)(F)c2cccc[n+]2[O-])c1=O)NCc1ccccc1-n1cnnn1,True,True,prepared,<PACKAGE_ROOT>\Documents\Codex\TMC1_R2_Scratch_20260929\03_compute\formal_forward_v2_initial278\ligands\LIB_DHOBJWJXJBHSOA.sdf,23a03c68b2027d769b2f7260092e9bac99fca0d2e7f1e44d987d39c85437a5e9,<PACKAGE_ROOT>\Documents\Codex\TMC1_R2_Scratch_20260929\03_compute\formal_forward_v2_initial278\ligands\LIB_DHOBJWJXJBHSOA.pdbqt,b0ddae36eb1c45d2ec4051bafea8594e292f05a93ac4ac77707c97a1dd1b7733,1.026
LIB_NRUFFLBVZNYLIC,ChEMBL,CHEMBL1083780,CHEMBL1083780,https://www.ebi.ac.uk/chembl/compound_report_card/CHEMBL1083780/,CC(C)(O)C(=O)NC[C@@H]1CCCc2cc(S(=O)(=O)c3cccc(F)c3)ccc21,CC(C)(O)C(=O)NC[C@@H]1CCCc2cc(S(=O)(=O)c3cccc(F)c3)ccc21,CC(C)(O)C(=O)NCC1CCCc2cc(S(=O)(=O)c3cccc(F)c3)ccc21,NRUFFLBVZNYLIC-HNNXBMFYSA-N,NRUFFLBVZNYLIC,eligible,405.491,2.966,83.47,2,4,5,28,3,0.8012,0,1,1,False,predicted,eligible,False,[],1,CC(C)(O)C(=O)NC[C@@H]1CCCc2cc(S(=O)(=O)c3cccc(F)c3)ccc21,NRUFFLBVZNYLIC-HNNXBMFYSA-N,False,[],[],False,False,O=S(=O)(c1ccccc1)c1ccc2c(c1)CCCC2,-7.228211402893066,-7.2484002113342285,0.7220162749290466,0.25675675675675674,True,random,2026-09-28T18:21:49.988134+00:00,CC(C)(O)C(=O)NC[C@@H]1CCCc2cc(S(=O)(=O)c3cccc(F)c3)ccc21,NRUFFLBVZNYLIC-HNNXBMFYSA-N,NRUFFLBVZNYLIC-HNNXBMFYSA-N,[],[],exchangeable_tertiary_ring_NH_and_full_potential_stereo_v3_20260929,8,8,105.32447356108797,6,CC(C)(O)C(=O)NC[C@@H]1CCCc2cc(S(=O)(=O)c3cccc(F)c3)ccc21,True,True,CC(C)(O)C(=O)NC[C@@H]1CCCc2cc(S(=O)(=O)c3cccc(F)c3)ccc21,True,True,prepared,<PACKAGE_ROOT>\Documents\Codex\TMC1_R2_Scratch_20260929\03_compute\formal_forward_v2_initial278\ligands\LIB_NRUFFLBVZNYLIC.sdf,5907ec6535f6d71ea03a7a1010faae855beeb711c930527569cf8f31488509e5,<PACKAGE_ROOT>\Documents\Codex\TMC1_R2_Scratch_20260929\03_compute\formal_forward_v2_initial278\ligands\LIB_NRUFFLBVZNYLIC.pdbqt,b044d477e5c27e85276762f6978f120cc31a19abecd1ece1bdbb60eab658bae1,0.906
LIB_LVALRWDAOTYBNW,ChEMBL,CHEMBL104346,CHEMBL104346,https://www.ebi.ac.uk/chembl/compound_report_card/CHEMBL104346/,C[n+]1c(COc2ccc(/C=N/NC(=N)N)cc2)cn2cc(C(F)(F)F)ccc21.Cc1ccc(S(=O)(=O)O)cc1.Cc1ccc(S(=O)(=O)[O-])cc1,C[n+]1c(COc2ccc(/C=N/N=C(N)N)cc2)cn2cc(C(F)(F)F)ccc21,C[n+]1c(COc2ccc(C=NN=C(N)N)cc2)cn2cc(C(F)(F)F)ccc21,LVALRWDAOTYBNW-KTZMUZOWSA-N,LVALRWDAOTYBNW,eligible,391.377,1.969,94.28,2,3,5,28,3,0.3013,1,1,1,False,predicted,eligible,False,[],1,C[n+]1c(COc2ccc(/C=N/[NH+]=C(N)N)cc2)cn2cc(C(F)(F)F)ccc21,LVALRWDAOTYBNW-KTZMUZOWSA-O,False,[],[],False,False,c1ccc(OCc2cn3ccccc3[nH+]2)cc1,-6.894576072692871,-7.095802307128906,0.6732802391052246,0.21839080459770116,True,random,2026-09-28T18:21:50.895357+00:00,C[n+]1c(COc2ccc(/C=N/N=C(N)N)cc2)cn2cc(C(F)(F)F)ccc21,LVALRWDAOTYBNW-KTZMUZOWSA-N,LVALRWDAOTYBNW-KTZMUZOWSA-O,[],[],exchangeable_tertiary_ring_NH_and_full_potential_stereo_v3_20260929,8,8,-4.344350795475695,2,C[n+]1c(COc2ccc(/C=N/[NH+]=C(N)N)cc2)cn2cc(C(F)(F)F)ccc21,True,True,C[n+]1c(COc2ccc(/C=N/[NH+]=C(N)N)cc2)cn2cc(C(F)(F)F)ccc21,True,True,prepared,<PACKAGE_ROOT>\Documents\Codex\TMC1_R2_Scratch_20260929\03_compute\formal_forward_v2_initial278\ligands\LIB_LVALRWDAOTYBNW.sdf,6384924485c85a9eade7b7bb41790271536c67cdf4b2ae08c23a17ef191ebd2e,<PACKAGE_ROOT>\Documents\Codex\TMC1_R2_Scratch_20260929\03_compute\formal_forward_v2_initial278\ligands\LIB_LVALRWDAOTYBNW.pdbqt,b6948c84c0cb85b2725ee681b2914f85f781e1b226af228e79bcbe63e8239f4d,0.61
LIB_BUROQFHRHNMPDU,ChEMBL,CHEMBL1080890,CHEMBL1080890,https://www.ebi.ac.uk/chembl/compound_report_card/CHEMBL1080890/,Nc1ccc(Nc2nc(-c3ccc(Cl)cc3)cs2)cc1,Nc1ccc(Nc2nc(-c3ccc(Cl)cc3)cs2)cc1,Nc1ccc(Nc2nc(-c3ccc(Cl)cc3)cs2)cc1,BUROQFHRHNMPDU-UHFFFAOYSA-N,BUROQFHRHNMPDU,eligible,301.802,4.789,50.94,2,4,3,20,3,0.6839,0,1,1,False,predicted,eligible,False,[],1,Nc1ccc(Nc2nc(-c3ccc(Cl)cc3)cs2)cc1,BUROQFHRHNMPDU-UHFFFAOYSA-N,False,[],[],False,False,c1ccc(Nc2nc(-c3ccccc3)cs2)cc1,-6.7692179679870605,-6.696534633636475,0.648518979549408,0.28846153846153844,True,random,2026-09-28T18:21:51.506956+00:00,Nc1ccc(Nc2nc(-c3ccc(Cl)cc3)cs2)cc1,BUROQFHRHNMPDU-UHFFFAOYSA-N,BUROQFHRHNMPDU-UHFFFAOYSA-N,[],[],exchangeable_tertiary_ring_NH_and_full_potential_stereo_v3_20260929,3,3,11.324225309085264,2,Nc1ccc(Nc2nc(-c3ccc(Cl)cc3)cs2)cc1,True,True,Nc1ccc(Nc2nc(-c3ccc(Cl)cc3)cs2)cc1,True,True,prepared,<PACKAGE_ROOT>\Documents\Codex\TMC1_R2_Scratch_20260929\03_compute\formal_forward_v2_initial278\ligands\LIB_BUROQFHRHNMPDU.sdf,b9240de9036746f52d26ba01c12a77d50e9b3799ba274b96690dc1e5dcb3cafb,<PACKAGE_ROOT>\Documents\Codex\TMC1_R2_Scratch_20260929\03_compute\formal_forward_v2_initial278\ligands\LIB_BUROQFHRHNMPDU.pdbqt,ceae0d964308ea24235315eff0a1c5e8dd93fc9f17a2e32ef627dc16cd19ae79,0.15
LIB_WNRYFPGBHSMMSQ,ChEMBL,CHEMBL1085130,CHEMBL1085130,https://www.ebi.ac.uk/chembl/compound_report_card/CHEMBL1085130/,CCCCCCCCn1cc(CCCN[C@H]2[C@H](O)[C@@H](O)[C@H](O)[C@@H](O)[C@@H]2O)nn1,CCCCCCCCn1cc(CCCN[C@H]2[C@H](O)[C@@H](O)[C@H](O)[C@@H](O)[C@@H]2O)nn1,CCCCCCCCn1cc(CCCNC2C(O)C(O)C(O)C(O)C2O)nn1,WNRYFPGBHSMMSQ-OXHPVDPFSA-N,WNRYFPGBHSMMSQ,eligible,400.52,-0.652,143.89,6,8,12,28,2,0.254,0,1,1,False,predicted,eligible,False,[],1,CCCCCCCCn1cc(CCC[NH2+][C@H]2[C@H](O)[C@@H](O)[C@H](O)[C@@H](O)[C@@H]2O)nn1,WNRYFPGBHSMMSQ-OXHPVDPFSA-O,False,[],[],False,False,c1[nH]nnc1CCC[NH2+]C1CCCCC1,-6.353898525238037,-6.407671928405762,0.5447211861610413,0.25675675675675674,True,random,2026-09-28T18:21:51.658117+00:00,CCCCCCCCn1cc(CCCN[C@H]2[C@H](O)[C@@H](O)[C@H](O)[C@@H](O)[C@@H]2O)nn1,WNRYFPGBHSMMSQ-OXHPVDPFSA-N,WNRYFPGBHSMMSQ-OXHPVDPFSA-O,[],[],exchangeable_tertiary_ring_NH_and_full_potential_stereo_v3_20260929,10,10,98.83982075251248,1,CCCCCCCCn1cc(CCC[NH2+][C@H]2[C@H](O)[C@@H](O)[C@H](O)[C@@H](O)[C@@H]2O)nn1,True,True,CCCCCCCCn1cc(CCC[NH2+][C@H]2[C@H](O)[C@@H](O)[C@H](O)[C@@H](O)[C@@H]2O)nn1,True,True,prepared,<PACKAGE_ROOT>\Documents\Codex\TMC1_R2_Scratch_20260929\03_compute\formal_forward_v2_initial278\ligands\LIB_WNRYFPGBHSMMSQ.sdf,df60d392447299076ebc50ec1297e981820f341b5c8d0813da4eb98ce7d37c7c,<PACKAGE_ROOT>\Documents\Codex\TMC1_R2_Scratch_20260929\03_compute\formal_forward_v2_initial278\ligands\LIB_WNRYFPGBHSMMSQ.pdbqt,5489e8995711c63057903fd7da3216ddc380e14a5a685448a99a9e3d6c331ebf,1.898
LIB_KYJMGBRNBMEYEY,ChEMBL,CHEMBL1083831,CHEMBL1083831,https://www.ebi.ac.uk/chembl/compound_report_card/CHEMBL1083831/,O=C(Nc1ccc(CCNC[C@H](O)c2cccnc2)cc1)c1ccccc1-c1nc2ccccc2s1,O=C(Nc1ccc(CCNC[C@H](O)c2cccnc2)cc1)c1ccccc1-c1nc2ccccc2s1,O=C(Nc1ccc(CCNCC(O)c2cccnc2)cc1)c1ccccc1-c1nc2ccccc2s1,KYJMGBRNBMEYEY-SANMLTNESA-N,KYJMGBRNBMEYEY,eligible,494.62,5.476,87.14,3,6,9,36,5,0.2364,0,1,1,False,predicted,eligible,False,[],1,O=C(Nc1ccc(CC[NH2+]C[C@H](O)c2cccnc2)cc1)c1ccccc1-c1nc2ccccc2s1,KYJMGBRNBMEYEY-SANMLTNESA-O,False,[],[],False,False,O=C(Nc1ccc(CC[NH2+]CCc2cccnc2)cc1)c1ccccc1-c1nc2ccccc2s1,-7.639691352844238,-7.7724103927612305,0.6947925686836243,0.4375,False,random,2026-09-28T18:21:53.557413+00:00,O=C(Nc1ccc(CCNC[C@H](O)c2cccnc2)cc1)c1ccccc1-c1nc2ccccc2s1,KYJMGBRNBMEYEY-SANMLTNESA-N,KYJMGBRNBMEYEY-SANMLTNESA-O,[],[],exchangeable_tertiary_ring_NH_and_full_potential_stereo_v3_20260929,10,10,109.54085657598566,2,O=C(Nc1ccc(CC[NH2+]C[C@H](O)c2cccnc2)cc1)c1ccccc1-c1nc2ccccc2s1,True,True,O=C(Nc1ccc(CC[NH2+]C[C@H](O)c2cccnc2)cc1)c1ccccc1-c1nc2ccccc2s1,True,True,prepared,<PACKAGE_ROOT>\Documents\Codex\TMC1_R2_Scratch_20260929\03_compute\formal_forward_v2_initial278\ligands\LIB_KYJMGBRNBMEYEY.sdf,1cd806ae887d0bf4f358316536fcb120c19d13be3f2ea069d80132d9a1851a44,<PACKAGE_ROOT>\Documents\Codex\TMC1_R2_Scratch_20260929\03_compute\formal_forward_v2_initial278\ligands\LIB_KYJMGBRNBMEYEY.pdbqt,847360610146aa19c1685991445802899f7448b689fb11dd64ce1349e617cf8a,1.524
LIB_AXHWESODWDIJCC,ChEMBL,CHEMBL103045,CHEMBL103045,https://www.ebi.ac.uk/chembl/compound_report_card/CHEMBL103045/,CCN1CCN(CCCOc2cc3ncc(C#N)c(Nc4ccc(Sc5nccn5C)c(Cl)c4)c3cc2OC)CC1,CCN1CCN(CCCOc2cc3ncc(C#N)c(Nc4ccc(Sc5nccn5C)c(Cl)c4)c3cc2OC)CC1,CCN1CCN(CCCOc2cc3ncc(C#N)c(Nc4ccc(Sc5nccn5C)c(Cl)c4)c3cc2OC)CC1,AXHWESODWDIJCC-UHFFFAOYSA-N,AXHWESODWDIJCC,eligible,592.169,5.803,91.47,1,9,11,41,5,0.2171,0,1,1,False,predicted,eligible,False,[],1,CC[NH+]1CC[NH+](CCCOc2cc3ncc(C#N)c(Nc4ccc(Sc5nccn5C)c(Cl)c4)c3cc2OC)CC1,AXHWESODWDIJCC-UHFFFAOYSA-P,True,"[[""Atom_Tetrahedral"", 2], [""Atom_Tetrahedral"", 5]]","[2, 5]",False,True,c1c[nH]c(Sc2ccc(Nc3ccnc4cc(OCCC[NH+]5CC[NH2+]CC5)ccc34)cc2)n1,-7.617084980010986,-7.555825233459473,0.857240617275238,0.43157894736842106,False,random,2026-09-28T18:21:55.082001+00:00,CCN1CCN(CCCOc2cc3ncc(C#N)c(Nc4ccc(Sc5nccn5C)c(Cl)c4)c3cc2OC)CC1,AXHWESODWDIJCC-UHFFFAOYSA-N,AXHWESODWDIJCC-UHFFFAOYSA-P,"[[""Atom_Tetrahedral"", 2], [""Atom_Tetrahedral"", 5]]","[2, 5]",exchangeable_tertiary_ring_NH_and_full_potential_stereo_v3_20260929,10,10,242.71459505592543,1,CC[N@H+]1CC[N@H+](CCCOc2cc3ncc(C#N)c(Nc4ccc(Sc5nccn5C)c(Cl)c4)c3cc2OC)CC1,False,True,CC[N@H+]1CC[N@H+](CCCOc2cc3ncc(C#N)c(Nc4ccc(Sc5nccn5C)c(Cl)c4)c3cc2OC)CC1,False,True,prepared,<PACKAGE_ROOT>\Documents\Codex\TMC1_R2_Scratch_20260929\03_compute\formal_forward_v2_initial278\ligands\LIB_AXHWESODWDIJCC.sdf,5f68b8fd48a87d742b5c8ac9da13187d63fa44b06c42686a314b0c683ce29b57,<PACKAGE_ROOT>\Documents\Codex\TMC1_R2_Scratch_20260929\03_compute\formal_forward_v2_initial278\ligands\LIB_AXHWESODWDIJCC.pdbqt,f3858f5d7db4b99cfff1513dab285ea9eb0fa20d537c2c77853a027c31f39de7,2.528
LIB_KYBJEPGFZBUXMW,ChEMBL,CHEMBL1083508,CHEMBL1083508,https://www.ebi.ac.uk/chembl/compound_report_card/CHEMBL1083508/,CC(C)(O)c1cc2nc(-c3cccc4[nH]ncc34)nc(N3CCOCC3)c2s1,CC(C)(O)c1cc2nc(-c3cccc4[nH]ncc34)nc(N3CCOCC3)c2s1,CC(C)(O)c1cc2nc(-c3cccc4[nH]ncc34)nc(N3CCOCC3)c2s1,KYBJEPGFZBUXMW-UHFFFAOYSA-N,KYBJEPGFZBUXMW,eligible,395.488,3.299,87.16,2,7,3,28,5,0.5535,0,1,1,False,predicted,eligible,False,[],1,CC(C)(O)c1cc2nc(-c3cccc4[n-]ncc34)nc(N3CCOCC3)c2s1,VLHFVEXPCFQTQI-UHFFFAOYSA-N,False,[],[],False,False,c1cc(-c2nc(N3CCOCC3)c3sccc3n2)c2cn[n-]c2c1,-7.398604393005371,-7.171875953674316,0.7838222980499268,0.2692307692307692,True,random,2026-09-28T18:21:57.613225+00:00,CC(C)(O)c1cc2nc(-c3cccc4[nH]ncc34)nc(N3CCOCC3)c2s1,KYBJEPGFZBUXMW-UHFFFAOYSA-N,VLHFVEXPCFQTQI-UHFFFAOYSA-N,[],[],exchangeable_tertiary_ring_NH_and_full_potential_stereo_v3_20260929,9,9,65.47800892306958,2,CC(C)(O)c1cc2nc(-c3cccc4[n-]ncc34)nc(N3CCOCC3)c2s1,True,True,CC(C)(O)c1cc2nc(-c3cccc4[n-]ncc34)nc(N3CCOCC3)c2s1,True,True,prepared,<PACKAGE_ROOT>\Documents\Codex\TMC1_R2_Scratch_20260929\03_compute\formal_forward_v2_initial278\ligands\LIB_KYBJEPGFZBUXMW.sdf,699afc65a8732014137c84d5881a45f24bc1e8d95dfef219384a0b72b7b534e6,<PACKAGE_ROOT>\Documents\Codex\TMC1_R2_Scratch_20260929\03_compute\formal_forward_v2_initial278\ligands\LIB_KYBJEPGFZBUXMW.pdbqt,1e54750c7101d670ecb5038be65714bf024556993b49d975a04ba8be21a786ec,0.609
LIB_CMAHGGUCLITKBY,ChEMBL,CHEMBL105481,CHEMBL105481,https://www.ebi.ac.uk/chembl/compound_report_card/CHEMBL105481/,CC1(C)Oc2ccc(C#N)cc2[C@@H](Oc2ccccn2)[C@]1(C)O,CC1(C)Oc2ccc(C#N)cc2[C@@H](Oc2ccccn2)[C@]1(C)O,CC1(C)Oc2ccc(C#N)cc2C(Oc2ccccn2)C1(C)O,CMAHGGUCLITKBY-AEFFLSMTSA-N,CMAHGGUCLITKBY,eligible,310.353,2.995,75.37,1,5,2,23,3,0.9226,0,1,1,False,predicted,eligible,False,[],1,CC1(C)Oc2ccc(C#N)cc2[C@@H](Oc2ccccn2)[C@]1(C)O,CMAHGGUCLITKBY-AEFFLSMTSA-N,False,[],[],False,False,c1ccc(OC2CCOc3ccccc32)nc1,-6.9487175941467285,-7.232369422912598,0.8998029828071594,0.25301204819277107,True,random,2026-09-28T18:21:58.223245+00:00,CC1(C)Oc2ccc(C#N)cc2[C@@H](Oc2ccccn2)[C@]1(C)O,CMAHGGUCLITKBY-AEFFLSMTSA-N,CMAHGGUCLITKBY-AEFFLSMTSA-N,[],[],exchangeable_tertiary_ring_NH_and_full_potential_stereo_v3_20260929,7,7,81.74651831368439,0,CC1(C)Oc2ccc(C#N)cc2[C@@H](Oc2ccccn2)[C@]1(C)O,True,True,CC1(C)Oc2ccc(C#N)cc2[C@@H](Oc2ccccn2)[C@]1(C)O,True,True,prepared,<PACKAGE_ROOT>\Documents\Codex\TMC1_R2_Scratch_20260929\03_compute\formal_forward_v2_initial278\ligands\LIB_CMAHGGUCLITKBY.sdf,ab2ab95a638e8247737d7d83a05244c56f0a4a3cd80b0e2cc992f45302ea9c5b,<PACKAGE_ROOT>\Documents\Codex\TMC1_R2_Scratch_20260929\03_compute\formal_forward_v2_initial278\ligands\LIB_CMAHGGUCLITKBY.pdbqt,9470a9f89404cc30dca0c9e6d57171ca5699735995282850aaf97160a4aee98e,0.483
LIB_LTQZYVDQJCHOBT,ChEMBL,CHEMBL104185,CHEMBL104185;CHEMBL106689;CHEMBL108067,https://www.ebi.ac.uk/chembl/compound_report_card/CHEMBL104185/,Nc1ncnc2c1ncn2[C@@H]1CC[C@@H](OCC(=O)O)C1,Nc1ncnc2c1ncn2[C@@H]1CC[C@@H](OCC(=O)O)C1,Nc1ncnc2c1ncn2C1CCC(OCC(=O)O)C1,LTQZYVDQJCHOBT-HTQZYQBOSA-N,LTQZYVDQJCHOBT,eligible,277.284,0.603,116.15,2,6,4,20,3,0.8401,0,3,3,False,predicted,eligible,False,[],1,Nc1ncnc2c1ncn2[C@@H]1CC[C@@H](OCC(=O)[O-])C1,LTQZYVDQJCHOBT-HTQZYQBOSA-M,False,[],[],False,False,c1ncc2ncn(C3CCCC3)c2n1,-6.306327819824219,-6.33957576751709,0.5008028745651245,0.4090909090909091,False,random,2026-09-28T18:21:58.708172+00:00,Nc1ncnc2c1ncn2[C@@H]1CC[C@@H](OCC(=O)O)C1,LTQZYVDQJCHOBT-HTQZYQBOSA-N,LTQZYVDQJCHOBT-HTQZYQBOSA-M,[],[],exchangeable_tertiary_ring_NH_and_full_potential_stereo_v3_20260929,7,7,62.1607173918066,5,Nc1ncnc2c1ncn2[C@@H]1CC[C@@H](OCC(=O)[O-])C1,True,True,Nc1ncnc2c1ncn2[C@@H]1CC[C@@H](OCC(=O)[O-])C1,True,True,prepared,<PACKAGE_ROOT>\Documents\Codex\TMC1_R2_Scratch_20260929\03_compute\formal_forward_v2_initial278\ligands\LIB_LTQZYVDQJCHOBT.sdf,719d31c698207e818c34c1bdfee9f85e12ec2bc2ca96575151cec59989744299,<PACKAGE_ROOT>\Documents\Codex\TMC1_R2_Scratch_20260929\03_compute\formal_forward_v2_initial278\ligands\LIB_LTQZYVDQJCHOBT.pdbqt,b44fcbffd9e4b482f538281dc7f9ced1f67a6c8d66bdb4e928c15949a6ff70a0,0.322
LIB_CGYVWNFDAWEANQ,ChEMBL,CHEMBL1085138,CHEMBL1085138,https://www.ebi.ac.uk/chembl/compound_report_card/CHEMBL1085138/,O=C(Nc1cc2cc[nH]c(=O)c2cc1Cl)c1ccccc1,O=C(Nc1cc2cc[nH]c(=O)c2cc1Cl)c1ccccc1,O=C(Nc1cc2cc[nH]c(=O)c2cc1Cl)c1ccccc1,CGYVWNFDAWEANQ-UHFFFAOYSA-N,CGYVWNFDAWEANQ,eligible,298.729,3.434,61.96,2,2,2,21,3,0.7611,0,1,1,False,predicted,eligible,False,[],1,O=C(Nc1cc2cc[n-]c(=O)c2cc1Cl)c1ccccc1,IXYCYJROMHNUOH-UHFFFAOYSA-M,False,[],[],False,False,O=C(Nc1ccc2c(=O)[n-]ccc2c1)c1ccccc1,-6.926966190338135,-6.832004547119141,0.5926312804222107,0.2727272727272727,True,random,2026-09-28T18:21:59.032234+00:00,O=C(Nc1cc2cc[nH]c(=O)c2cc1Cl)c1ccccc1,CGYVWNFDAWEANQ-UHFFFAOYSA-N,IXYCYJROMHNUOH-UHFFFAOYSA-M,[],[],exchangeable_tertiary_ring_NH_and_full_potential_stereo_v3_20260929,2,2,64.19433616395763,0,O=C(Nc1cc2cc[n-]c(=O)c2cc1Cl)c1ccccc1,True,True,O=C(Nc1cc2cc[n-]c(=O)c2cc1Cl)c1ccccc1,True,True,prepared,<PACKAGE_ROOT>\Documents\Codex\TMC1_R2_Scratch_20260929\03_compute\formal_forward_v2_initial278\ligands\LIB_CGYVWNFDAWEANQ.sdf,d8f4236f0dad553572c0f08ef29a595dd41567b58223867e16ccb39aad6aa880,<PACKAGE_ROOT>\Documents\Codex\TMC1_R2_Scratch_20260929\03_compute\formal_forward_v2_initial278\ligands\LIB_CGYVWNFDAWEANQ.pdbqt,a0eddc9b0f557745091dca5fd3a09b0795d712067b98ce7ad43bd8143ec18d39,0.14
LIB_SGCDVZSPNVYMKM,ChEMBL,CHEMBL10563,CHEMBL10563,https://www.ebi.ac.uk/chembl/compound_report_card/CHEMBL10563/,c1ccc(-c2cncc(O[C@@H]3CCNC3)c2)cc1,c1ccc(-c2cncc(O[C@@H]3CCNC3)c2)cc1,c1ccc(-c2cncc(OC3CCNC3)c2)cc1,SGCDVZSPNVYMKM-CQSZACIVSA-N,SGCDVZSPNVYMKM,eligible,240.306,2.489,34.15,1,3,3,18,3,0.8947,0,1,1,False,predicted,eligible,False,[],1,c1ccc(-c2cncc(O[C@@H]3CC[NH2+]C3)c2)cc1,SGCDVZSPNVYMKM-CQSZACIVSA-O,False,[],[],False,False,c1ccc(-c2cncc(OC3CC[NH2+]C3)c2)cc1,-6.117435932159424,-6.574556827545166,0.911350667476654,0.24242424242424243,True,random,2026-09-28T18:21:59.174418+00:00,c1ccc(-c2cncc(O[C@@H]3CCNC3)c2)cc1,SGCDVZSPNVYMKM-CQSZACIVSA-N,SGCDVZSPNVYMKM-CQSZACIVSA-O,[],[],exchangeable_tertiary_ring_NH_and_full_potential_stereo_v3_20260929,4,4,78.64838337915458,1,c1ccc(-c2cncc(O[C@@H]3CC[NH2+]C3)c2)cc1,True,True,c1ccc(-c2cncc(O[C@@H]3CC[NH2+]C3)c2)cc1,True,True,prepared,<PACKAGE_ROOT>\Documents\Codex\TMC1_R2_Scratch_20260929\03_compute\formal_forward_v2_initial278\ligands\LIB_SGCDVZSPNVYMKM.sdf,ad14ea4b0ed56439a1add7d754e626bf0f77870c0de1271fe326f1cd9284a1af,<PACKAGE_ROOT>\Documents\Codex\TMC1_R2_Scratch_20260929\03_compute\formal_forward_v2_initial278\ligands\LIB_SGCDVZSPNVYMKM.pdbqt,31fd41523daff3d9987bbafb37cbf04489db37b95d9743063a75916400ebf9af,0.235
LIB_WVOIILLAZREIKO,ChEMBL,CHEMBL107117,CHEMBL107117,https://www.ebi.ac.uk/chembl/compound_report_card/CHEMBL107117/,O=S(=O)(Cc1ccc(C(F)(F)F)cc1)NCCCCc1c[nH]cn1,O=S(=O)(Cc1ccc(C(F)(F)F)cc1)NCCCCc1c[nH]cn1,O=S(=O)(Cc1ccc(C(F)(F)F)cc1)NCCCCc1c[nH]cn1,WVOIILLAZREIKO-UHFFFAOYSA-N,WVOIILLAZREIKO,eligible,361.389,2.871,74.85,2,3,8,24,2,0.7102,0,1,1,False,predicted,eligible,False,[],1,O=S(=O)(Cc1ccc(C(F)(F)F)cc1)NCCCCc1c[n-]cn1,AOMPBOKWCIDFMZ-UHFFFAOYSA-N,False,[],[],False,False,O=S(=O)(Cc1ccccc1)NCCCCc1c[n-]cn1,-6.54867696762085,-6.634967803955078,0.7316593527793884,0.23529411764705882,True,random,2026-09-28T18:21:59.410239+00:00,O=S(=O)(Cc1ccc(C(F)(F)F)cc1)NCCCCc1c[nH]cn1,WVOIILLAZREIKO-UHFFFAOYSA-N,AOMPBOKWCIDFMZ-UHFFFAOYSA-N,[],[],exchangeable_tertiary_ring_NH_and_full_potential_stereo_v3_20260929,10,10,-20.901089768482766,6,O=S(=O)(Cc1ccc(C(F)(F)F)cc1)NCCCCc1c[n-]cn1,True,True,O=S(=O)(Cc1ccc(C(F)(F)F)cc1)NCCCCc1c[n-]cn1,True,True,prepared,<PACKAGE_ROOT>\Documents\Codex\TMC1_R2_Scratch_20260929\03_compute\formal_forward_v2_initial278\ligands\LIB_WVOIILLAZREIKO.sdf,894435cf2760f2961328214c5d4ae25c31fc28ec90f74d0df20104ca9a68677c,<PACKAGE_ROOT>\Documents\Codex\TMC1_R2_Scratch_20260929\03_compute\formal_forward_v2_initial278\ligands\LIB_WVOIILLAZREIKO.pdbqt,e74671ebdcd5787c2e904c10430b2a90a18cf34f4d8edab1a2dad56bc7fe9865,0.564
LIB_TXFGQQCHKBHRQF,ChEMBL,CHEMBL1076606,CHEMBL1076606,https://www.ebi.ac.uk/chembl/compound_report_card/CHEMBL1076606/,CC(=O)O[C@H]1[C@H](OC(=O)c2ccccc2)[C@@]2(C)[C@@H](OC(=O)/C=C/c3ccccc3)C[C@@H]3[C@@H](OC(C)=O)[C@]2(OC3(C)C)[C@@](C)(O)[C@H]1O,CC(=O)O[C@H]1[C@H](OC(=O)c2ccccc2)[C@@]2(C)[C@@H](OC(=O)/C=C/c3ccccc3)C[C@@H]3[C@@H](OC(C)=O)[C@]2(OC3(C)C)[C@@](C)(O)[C@H]1O,CC(=O)OC1C(O)C(C)(O)C23OC(C)(C)C(CC(OC(=O)C=Cc4ccccc4)C2(C)C1OC(=O)c1ccccc1)C3OC(C)=O,TXFGQQCHKBHRQF-UJWWHINYSA-N,TXFGQQCHKBHRQF,eligible,636.694,3.4,154.89,2,11,7,46,5,0.2611,0,1,1,False,predicted,eligible,False,[],1,CC(=O)O[C@H]1[C@H](OC(=O)c2ccccc2)[C@@]2(C)[C@@H](OC(=O)/C=C/c3ccccc3)C[C@@H]3[C@@H](OC(C)=O)[C@]2(OC3(C)C)[C@@](C)(O)[C@H]1O,TXFGQQCHKBHRQF-UJWWHINYSA-N,False,[],[],False,False,O=C(C=Cc1ccccc1)OC1CC2COC3(CCCC(OC(=O)c4ccccc4)C13)C2,-8.731011390686035,-7.943547248840332,0.7878248691558838,0.24074074074074073,True,random;descriptor_ridge,2026-09-28T18:21:59.976145+00:00,CC(=O)O[C@H]1[C@H](OC(=O)c2ccccc2)[C@@]2(C)[C@@H](OC(=O)/C=C/c3ccccc3)C[C@@H]3[C@@H](OC(C)=O)[C@]2(OC3(C)C)[C@@](C)(O)[C@H]1O,TXFGQQCHKBHRQF-UJWWHINYSA-N,TXFGQQCHKBHRQF-UJWWHINYSA-N,[],[],exchangeable_tertiary_ring_NH_and_full_potential_stereo_v3_20260929,9,9,159.64439396166398,0,CC(=O)O[C@H]1[C@H](OC(=O)c2ccccc2)[C@@]2(C)[C@@H](OC(=O)/C=C/c3ccccc3)C[C@@H]3[C@@H](OC(C)=O)[C@]2(OC3(C)C)[C@@](C)(O)[C@H]1O,True,True,CC(=O)O[C@H]1[C@H](OC(=O)c2ccccc2)[C@@]2(C)[C@@H](OC(=O)/C=C/c3ccccc3)C[C@@H]3[C@@H](OC(C)=O)[C@]2(OC3(C)C)[C@@](C)(O)[C@H]1O,True,True,prepared,<PACKAGE_ROOT>\Documents\Codex\TMC1_R2_Scratch_20260929\03_compute\formal_forward_v2_initial278\ligands\LIB_TXFGQQCHKBHRQF.sdf,3d6a4506a6ccf0f9c5135bb81d2aa6984f917603de66abc85ea22e2dc06f7936,<PACKAGE_ROOT>\Documents\Codex\TMC1_R2_Scratch_20260929\03_compute\formal_forward_v2_initial278\ligands\LIB_TXFGQQCHKBHRQF.pdbqt,1f05a8581d78e1a43498b92130fa2ed0e96739ce4dff59988d883e5e66e14951,3.506
LIB_KSWHJMMTIWWPIR,ChEMBL,CHEMBL1081077,CHEMBL1081077,https://www.ebi.ac.uk/chembl/compound_report_card/CHEMBL1081077/,N#Cc1ccccc1/C=C/c1c(N2CCN(CC3CCCCC3)CC2)c(=O)c1=O,N#Cc1ccccc1/C=C/c1c(N2CCN(CC3CCCCC3)CC2)c(=O)c1=O,N#Cc1ccccc1C=Cc1c(N2CCN(CC3CCCCC3)CC2)c(=O)c1=O,KSWHJMMTIWWPIR-ZHACJKMWSA-N,KSWHJMMTIWWPIR,eligible,389.499,3.027,64.41,0,5,5,29,4,0.7357,0,1,1,False,predicted,eligible,False,[],1,N#Cc1ccccc1/C=C/c1c(N2CC[NH+](CC3CCCCC3)CC2)c(=O)c1=O,KSWHJMMTIWWPIR-ZHACJKMWSA-O,False,[],[15],False,False,O=c1c(C=Cc2ccccc2)c(N2CC[NH+](CC3CCCCC3)CC2)c1=O,-6.965086936950684,-7.264700889587402,0.6234369874000549,0.32894736842105265,False,random,2026-09-28T18:22:03.484113+00:00,N#Cc1ccccc1/C=C/c1c(N2CCN(CC3CCCCC3)CC2)c(=O)c1=O,KSWHJMMTIWWPIR-ZHACJKMWSA-N,KSWHJMMTIWWPIR-ZHACJKMWSA-O,[],[15],exchangeable_tertiary_ring_NH_and_full_potential_stereo_v3_20260929,10,10,239.4169829825329,1,N#Cc1ccccc1/C=C/c1c(N2CC[NH+](CC3CCCCC3)CC2)c(=O)c1=O,True,True,N#Cc1ccccc1/C=C/c1c(N2CC[NH+](CC3CCCCC3)CC2)c(=O)c1=O,True,True,prepared,<PACKAGE_ROOT>\Documents\Codex\TMC1_R2_Scratch_20260929\03_compute\formal_forward_v2_initial278\ligands\LIB_KSWHJMMTIWWPIR.sdf,8d991a1ae61a5476334a87ffd621cd247bc736ff40622801097f1f5c03916bb2,<PACKAGE_ROOT>\Documents\Codex\TMC1_R2_Scratch_20260929\03_compute\formal_forward_v2_initial278\ligands\LIB_KSWHJMMTIWWPIR.pdbqt,eee4f76ba5998e422bdd25df7005a78f93e6ba38358c89f885720e02ec1eee9f,1.239
LIB_CKMROKZCLFVFRW,ChEMBL,CHEMBL105362,CHEMBL105362,https://www.ebi.ac.uk/chembl/compound_report_card/CHEMBL105362/,COc1ccc2nc3c(C(=O)NCCN(C)C)ccc(NCCN(C)C)c3c(O)c2c1,COc1ccc2[nH]c3c(C(=O)NCCN(C)C)ccc(NCCN(C)C)c3c(=O)c2c1,COc1ccc2[nH]c3c(C(=O)NCCN(C)C)ccc(NCCN(C)C)c3c(=O)c2c1,CKMROKZCLFVFRW-UHFFFAOYSA-N,CKMROKZCLFVFRW,eligible,425.533,1.955,89.7,3,6,9,31,3,0.4543,0,1,1,False,predicted,eligible,False,[],1,COc1ccc2[n-]c3c(C(=O)NCC[NH+](C)C)ccc(NCC[NH+](C)C)c3c(=O)c2c1,SXEZZRBWJCEYRI-UHFFFAOYSA-O,False,[],[],False,False,O=c1c2ccccc2[n-]c2ccccc12,-6.769114017486572,-7.10748291015625,0.618982195854187,0.3287671232876712,False,random,2026-09-28T18:22:04.724396+00:00,COc1ccc2[nH]c3c(C(=O)NCCN(C)C)ccc(NCCN(C)C)c3c(=O)c2c1,CKMROKZCLFVFRW-UHFFFAOYSA-N,SXEZZRBWJCEYRI-UHFFFAOYSA-O,[],[],exchangeable_tertiary_ring_NH_and_full_potential_stereo_v3_20260929,10,10,42.725093187483644,8,COc1ccc2[n-]c3c(C(=O)NCC[NH+](C)C)ccc(NCC[NH+](C)C)c3c(=O)c2c1,True,True,COc1ccc2[n-]c3c(C(=O)NCC[NH+](C)C)ccc(NCC[NH+](C)C)c3c(=O)c2c1,True,True,prepared,<PACKAGE_ROOT>\Documents\Codex\TMC1_R2_Scratch_20260929\03_compute\formal_forward_v2_initial278\ligands\LIB_CKMROKZCLFVFRW.sdf,41d66a8a1e62bd9d9d20b17a6d55bbb4670ed38045477eb569bfb6bb496ffbf5,<PACKAGE_ROOT>\Documents\Codex\TMC1_R2_Scratch_20260929\03_compute\formal_forward_v2_initial278\ligands\LIB_CKMROKZCLFVFRW.pdbqt,7be060a0794c208eef3603b41f62c241cdf4e1465319efe5eae36e7da4611c99,1.262
LIB_XCGHYXHBCOQVTC,ChEMBL,CHEMBL1087269,CHEMBL1087269,https://www.ebi.ac.uk/chembl/compound_report_card/CHEMBL1087269/,Cc1cnc(Nc2cc(N3CCOCC3)nc(N[C@@H](C)c3ccc(F)cn3)n2)s1,Cc1cnc(Nc2cc(N3CCOCC3)nc(N[C@@H](C)c3ccc(F)cn3)n2)s1,Cc1cnc(Nc2cc(N3CCOCC3)nc(NC(C)c3ccc(F)cn3)n2)s1,XCGHYXHBCOQVTC-ZDUSSCGKSA-N,XCGHYXHBCOQVTC,eligible,415.498,3.529,88.09,2,9,6,29,4,0.6322,0,1,1,False,predicted,eligible,False,[],1,Cc1cnc(Nc2cc(N3CCOCC3)nc([NH2+][C@@H](C)c3ccc(F)cn3)n2)s1,XCGHYXHBCOQVTC-ZDUSSCGKSA-O,False,[],[],False,False,c1ccc(C[NH2+]c2nc(Nc3nccs3)cc(N3CCOCC3)n2)nc1,-6.964791774749756,-7.349149227142334,0.7081466317176819,0.3157894736842105,False,random,2026-09-28T18:22:05.987984+00:00,Cc1cnc(Nc2cc(N3CCOCC3)nc(N[C@@H](C)c3ccc(F)cn3)n2)s1,XCGHYXHBCOQVTC-ZDUSSCGKSA-N,XCGHYXHBCOQVTC-ZDUSSCGKSA-O,[],[],exchangeable_tertiary_ring_NH_and_full_potential_stereo_v3_20260929,10,10,-122.82629231215373,0,Cc1cnc(Nc2cc(N3CCOCC3)nc([NH2+][C@@H](C)c3ccc(F)cn3)n2)s1,True,True,Cc1cnc(Nc2cc(N3CCOCC3)nc([NH2+][C@@H](C)c3ccc(F)cn3)n2)s1,True,True,prepared,<PACKAGE_ROOT>\Documents\Codex\TMC1_R2_Scratch_20260929\03_compute\formal_forward_v2_initial278\ligands\LIB_XCGHYXHBCOQVTC.sdf,f5b6897e3a8b06e2e299d423d0774a207c3ef77ac09956b89a7a554d70a0fb9b,<PACKAGE_ROOT>\Documents\Codex\TMC1_R2_Scratch_20260929\03_compute\formal_forward_v2_initial278\ligands\LIB_XCGHYXHBCOQVTC.pdbqt,f8cb812cb399e72f753ada66325d05fb724518913333f03aff4f69dda01a6c5c,1.107
LIB_SPJBPKGFJMQWSO,ChEMBL,CHEMBL102992,CHEMBL102992,https://www.ebi.ac.uk/chembl/compound_report_card/CHEMBL102992/,Cn1c(COc2ccc(CC3SC(=O)NC3=O)cc2)nc2ccc(Cl)nc21,Cn1c(COc2ccc(Cc3sc(=O)[nH]c3O)cc2)nc2ccc(Cl)nc21,Cn1c(COc2ccc(Cc3sc(=O)[nH]c3O)cc2)nc2ccc(Cl)nc21,SPJBPKGFJMQWSO-UHFFFAOYSA-N,SPJBPKGFJMQWSO,eligible,402.863,3.247,93.03,2,6,5,27,4,0.4997,0,1,1,False,predicted,eligible,False,[],1,Cn1c(COc2ccc(Cc3sc(=O)[n-]c3[O-])cc2)nc2ccc(Cl)nc21,ZPYYDXLTQJZORN-UHFFFAOYSA-L,False,[],[],False,False,O=c1[n-]cc(Cc2ccc(OCc3nc4cccnc4[nH]3)cc2)s1,-7.1324543952941895,-7.067971706390381,0.7342669367790222,0.273972602739726,True,random,2026-09-28T18:22:07.097109+00:00,Cn1c(COc2ccc(Cc3sc(=O)[nH]c3O)cc2)nc2ccc(Cl)nc21,SPJBPKGFJMQWSO-UHFFFAOYSA-N,ZPYYDXLTQJZORN-UHFFFAOYSA-L,[],[],exchangeable_tertiary_ring_NH_and_full_potential_stereo_v3_20260929,7,7,89.20110247727274,5,Cn1c(COc2ccc(Cc3sc(=O)[n-]c3[O-])cc2)nc2ccc(Cl)nc21,True,True,Cn1c(COc2ccc(Cc3sc(=O)[n-]c3[O-])cc2)nc2ccc(Cl)nc21,True,True,prepared,<PACKAGE_ROOT>\Documents\Codex\TMC1_R2_Scratch_20260929\03_compute\formal_forward_v2_initial278\ligands\LIB_SPJBPKGFJMQWSO.sdf,2f21a859b4d7a3bd9c9fe346e82e5c9716b00fb2a72d213f3340ac9f606721cb,<PACKAGE_ROOT>\Documents\Codex\TMC1_R2_Scratch_20260929\03_compute\formal_forward_v2_initial278\ligands\LIB_SPJBPKGFJMQWSO.pdbqt,739e9c15fc6f15b3acb039fb756e8fcc3675d51d2662cd43e5fb8d302eed07a5,0.393
LIB_OFMFURWBSVOBBK,ChEMBL,CHEMBL100094,CHEMBL100094,https://www.ebi.ac.uk/chembl/compound_report_card/CHEMBL100094/,O=[N+]([O-])c1cc(-[n+]2cc([O-])on2)ccc1Cl,O=C1CN(c2ccc(Cl)c([N+](=O)[O-])c2)NO1,O=C1CN(c2ccc(Cl)c([N+](=O)[O-])c2)NO1,OFMFURWBSVOBBK-UHFFFAOYSA-N,OFMFURWBSVOBBK,eligible,243.606,1.031,84.71,1,6,2,16,2,0.6169,0,1,1,False,predicted,eligible,False,[],1,O=C1C[NH+](c2ccc(Cl)c([N+](=O)[O-])c2)NO1,OFMFURWBSVOBBK-UHFFFAOYSA-O,True,"[[""Atom_Tetrahedral"", 3]]",[3],False,True,O=C1C[NH+](c2ccccc2)NO1,-6.000614166259766,-6.073184013366699,0.48103997111320496,0.25396825396825395,True,random,2026-09-28T18:22:07.491564+00:00,O=C1CN(c2ccc(Cl)c([N+](=O)[O-])c2)NO1,OFMFURWBSVOBBK-UHFFFAOYSA-N,OFMFURWBSVOBBK-UHFFFAOYSA-O,"[[""Atom_Tetrahedral"", 3]]",[3],exchangeable_tertiary_ring_NH_and_full_potential_stereo_v3_20260929,7,7,117.8045499771651,5,O=C1C[N@H+](c2ccc(Cl)c([N+](=O)[O-])c2)NO1,False,True,O=C1C[N@H+](c2ccc(Cl)c([N+](=O)[O-])c2)NO1,False,True,prepared,<PACKAGE_ROOT>\Documents\Codex\TMC1_R2_Scratch_20260929\03_compute\formal_forward_v2_initial278\ligands\LIB_OFMFURWBSVOBBK.sdf,668e1006d63dbbbed78e58412a189eeace7644ad04bf4528f31d09ea0d7c7aae,<PACKAGE_ROOT>\Documents\Codex\TMC1_R2_Scratch_20260929\03_compute\formal_forward_v2_initial278\ligands\LIB_OFMFURWBSVOBBK.pdbqt,b6259f140f4c5838b6d68c130c9e9aeef7843c1868d2e56b12a3de807df030e8,0.109
LIB_YZZJLDVCVPYUMF,ChEMBL,CHEMBL1079648,CHEMBL1079648,https://www.ebi.ac.uk/chembl/compound_report_card/CHEMBL1079648/,COc1ccc(C(F)(F)F)cc1NC(=O)CNc1cccc(-c2cn3ccnc3c(NCc3ccncc3)n2)c1,COc1ccc(C(F)(F)F)cc1NC(=O)CNc1cccc(-c2cn3ccnc3c(NCc3ccncc3)n2)c1,COc1ccc(C(F)(F)F)cc1NC(=O)CNc1cccc(-c2cn3ccnc3c(NCc3ccncc3)n2)c1,YZZJLDVCVPYUMF-UHFFFAOYSA-N,YZZJLDVCVPYUMF,eligible,547.541,5.481,105.47,3,7,9,40,5,0.2244,0,1,1,False,predicted,eligible,False,[],1,COc1ccc(C(F)(F)F)cc1NC(=O)CNc1cccc(-c2cn3ccnc3c(NCc3ccncc3)n2)c1,YZZJLDVCVPYUMF-UHFFFAOYSA-N,False,[],[],False,False,O=C(CNc1cccc(-c2cn3ccnc3c(NCc3ccncc3)n2)c1)Nc1ccccc1,-8.19980239868164,-8.099386215209961,0.5223435759544373,0.24324324324324326,True,random,2026-09-28T18:22:07.601800+00:00,COc1ccc(C(F)(F)F)cc1NC(=O)CNc1cccc(-c2cn3ccnc3c(NCc3ccncc3)n2)c1,YZZJLDVCVPYUMF-UHFFFAOYSA-N,YZZJLDVCVPYUMF-UHFFFAOYSA-N,[],[],exchangeable_tertiary_ring_NH_and_full_potential_stereo_v3_20260929,10,10,87.0437794754511,4,COc1ccc(C(F)(F)F)cc1NC(=O)CNc1cccc(-c2cn3ccnc3c(NCc3ccncc3)n2)c1,True,True,COc1ccc(C(F)(F)F)cc1NC(=O)CNc1cccc(-c2cn3ccnc3c(NCc3ccncc3)n2)c1,True,True,prepared,<PACKAGE_ROOT>\Documents\Codex\TMC1_R2_Scratch_20260929\03_compute\formal_forward_v2_initial278\ligands\LIB_YZZJLDVCVPYUMF.sdf,e6f4cf837b8673a5afcfa727d94a8bbfa8e1a59bb0ef3095e389735178a3d180,<PACKAGE_ROOT>\Documents\Codex\TMC1_R2_Scratch_20260929\03_compute\formal_forward_v2_initial278\ligands\LIB_YZZJLDVCVPYUMF.pdbqt,10d2731d44fb31c4be83232aa49bca387e703d5fc12b28934b79350ad83e695f,1.563
LIB_FXICKEZXEBWTBW,ChEMBL,CHEMBL1082107,CHEMBL1082107,https://www.ebi.ac.uk/chembl/compound_report_card/CHEMBL1082107/,O=C(Nc1cccc(-c2cn3ccnc3c(NCc3ccncc3)n2)c1)Nc1ccccc1Cl,O=C(Nc1cccc(-c2cn3ccnc3c(NCc3ccncc3)n2)c1)Nc1ccccc1Cl,O=C(Nc1cccc(-c2cn3ccnc3c(NCc3ccncc3)n2)c1)Nc1ccccc1Cl,FXICKEZXEBWTBW-UHFFFAOYSA-N,FXICKEZXEBWTBW,eligible,469.936,5.701,96.24,3,5,6,34,5,0.2962,0,1,1,False,predicted,eligible,False,[],1,O=C(Nc1cccc(-c2cn3ccnc3c(NCc3ccncc3)n2)c1)Nc1ccccc1Cl,FXICKEZXEBWTBW-UHFFFAOYSA-N,False,[],[],False,False,O=C(Nc1ccccc1)Nc1cccc(-c2cn3ccnc3c(NCc3ccncc3)n2)c1,-7.998508930206299,-8.024980545043945,0.6759375929832458,0.2714285714285714,True,random,2026-09-28T18:22:09.166423+00:00,O=C(Nc1cccc(-c2cn3ccnc3c(NCc3ccncc3)n2)c1)Nc1ccccc1Cl,FXICKEZXEBWTBW-UHFFFAOYSA-N,FXICKEZXEBWTBW-UHFFFAOYSA-N,[],[],exchangeable_tertiary_ring_NH_and_full_potential_stereo_v3_20260929,10,10,-19.223990410359118,7,O=C(Nc1cccc(-c2cn3ccnc3c(NCc3ccncc3)n2)c1)Nc1ccccc1Cl,True,True,O=C(Nc1cccc(-c2cn3ccnc3c(NCc3ccncc3)n2)c1)Nc1ccccc1Cl,True,True,prepared,<PACKAGE_ROOT>\Documents\Codex\TMC1_R2_Scratch_20260929\03_compute\formal_forward_v2_initial278\ligands\LIB_FXICKEZXEBWTBW.sdf,ec2a296110259244eff5c7f0eed1398aaa506ce06457e163bcae72e2cddf29e8,<PACKAGE_ROOT>\Documents\Codex\TMC1_R2_Scratch_20260929\03_compute\formal_forward_v2_initial278\ligands\LIB_FXICKEZXEBWTBW.pdbqt,f3e0b62028a67918804dac7fe0942e01f67df057ae97e6aa8141c719ffc2be07,1.073
LIB_HNFAIDZLGLIFJG,ChEMBL,CHEMBL104727,CHEMBL104727,https://www.ebi.ac.uk/chembl/compound_report_card/CHEMBL104727/,O=c1[nH]c2cc(Cl)ccc2c(O)c(-c2ccccn2)c1=O,O=c1[nH]c2cc(Cl)ccc2c(=O)c(-c2ccccn2)c1O,O=c1[nH]c2cc(Cl)ccc2c(=O)c(-c2ccccn2)c1O,HNFAIDZLGLIFJG-UHFFFAOYSA-N,HNFAIDZLGLIFJG,eligible,300.701,2.309,83.05,2,4,1,21,3,0.7222,0,1,1,False,predicted,eligible,False,[],1,O=c1[n-]c2cc(Cl)ccc2c(=O)c(-c2ccccn2)c1[O-],DYWNQINNHTYUCA-UHFFFAOYSA-L,False,[],[],False,False,O=c1cc(-c2ccccn2)c(=O)c2ccccc2[n-]1,-6.925492763519287,-6.840492248535156,0.6378049850463867,0.30612244897959184,False,random,2026-09-28T18:22:10.240273+00:00,O=c1[nH]c2cc(Cl)ccc2c(=O)c(-c2ccccn2)c1O,HNFAIDZLGLIFJG-UHFFFAOYSA-N,DYWNQINNHTYUCA-UHFFFAOYSA-L,[],[],exchangeable_tertiary_ring_NH_and_full_potential_stereo_v3_20260929,4,4,214.1739831224172,1,O=c1[n-]c2cc(Cl)ccc2c(=O)c(-c2ccccn2)c1[O-],True,True,O=c1[n-]c2cc(Cl)ccc2c(=O)c(-c2ccccn2)c1[O-],True,True,prepared,<PACKAGE_ROOT>\Documents\Codex\TMC1_R2_Scratch_20260929\03_compute\formal_forward_v2_initial278\ligands\LIB_HNFAIDZLGLIFJG.sdf,35076e90e40c6c9e9eedcea9e9ba3e4713c4b6c41d6a37f926282b88efceced0,<PACKAGE_ROOT>\Documents\Codex\TMC1_R2_Scratch_20260929\03_compute\formal_forward_v2_initial278\ligands\LIB_HNFAIDZLGLIFJG.pdbqt,9746d31f5189363733c8f898684a44cfcc8f10474ea56397b59a7723ccf2823b,0.128
LIB_ZCMRTFYSMQNOKC,ChEMBL,CHEMBL100352,CHEMBL100352,https://www.ebi.ac.uk/chembl/compound_report_card/CHEMBL100352/,CCN1c2ncc(CO)cc2C(=O)N(C)c2cccnc21,CCN1c2ncc(CO)cc2C(=O)N(C)c2cccnc21,CCN1c2ncc(CO)cc2C(=O)N(C)c2cccnc21,ZCMRTFYSMQNOKC-UHFFFAOYSA-N,ZCMRTFYSMQNOKC,eligible,284.319,1.717,69.56,1,5,2,21,3,0.9089,0,1,1,False,predicted,eligible,False,[],1,CCN1c2ncc(CO)cc2C(=O)N(C)c2cccnc21,ZCMRTFYSMQNOKC-UHFFFAOYSA-N,False,[],[],False,False,O=C1Nc2cccnc2Nc2ncccc21,-6.636228561401367,-6.148524284362793,0.7348450422286987,0.2857142857142857,True,random,2026-09-28T18:22:10.370103+00:00,CCN1c2ncc(CO)cc2C(=O)N(C)c2cccnc21,ZCMRTFYSMQNOKC-UHFFFAOYSA-N,ZCMRTFYSMQNOKC-UHFFFAOYSA-N,[],[],exchangeable_tertiary_ring_NH_and_full_potential_stereo_v3_20260929,4,4,50.662105399397134,2,CCN1c2ncc(CO)cc2C(=O)N(C)c2cccnc21,True,True,CCN1c2ncc(CO)cc2C(=O)N(C)c2cccnc21,True,True,prepared,<PACKAGE_ROOT>\Documents\Codex\TMC1_R2_Scratch_20260929\03_compute\formal_forward_v2_initial278\ligands\LIB_ZCMRTFYSMQNOKC.sdf,2741994f817a530a520803e596e22b7cd67116f88ffbeb33f433ff6507385516,<PACKAGE_ROOT>\Documents\Codex\TMC1_R2_Scratch_20260929\03_compute\formal_forward_v2_initial278\ligands\LIB_ZCMRTFYSMQNOKC.pdbqt,1eb3676bad7353b1c26060e0b667de46d340040c5f6e6b038ab1a0722e109eb2,0.225
LIB_CLZJJBZJUIWHJT,ChEMBL,CHEMBL1081018,CHEMBL1081018,https://www.ebi.ac.uk/chembl/compound_report_card/CHEMBL1081018/,c1ccc(C(CCN2CCN(C(c3ccccc3)c3ccccc3)CC2)c2ccccc2)cc1,c1ccc(C(CCN2CCN(C(c3ccccc3)c3ccccc3)CC2)c2ccccc2)cc1,c1ccc(C(CCN2CCN(C(c3ccccc3)c3ccccc3)CC2)c2ccccc2)cc1,CLZJJBZJUIWHJT-UHFFFAOYSA-N,CLZJJBZJUIWHJT,eligible,446.638,6.616,6.48,0,2,8,34,5,0.3002,0,1,1,False,predicted,eligible,False,[],1,c1ccc(C(CC[NH+]2CC[NH+](C(c3ccccc3)c3ccccc3)CC2)c2ccccc2)cc1,CLZJJBZJUIWHJT-UHFFFAOYSA-P,True,"[[""Atom_Tetrahedral"", 7], [""Atom_Tetrahedral"", 10]]","[7, 10]",False,True,c1ccc(C(CC[NH+]2CC[NH+](C(c3ccccc3)c3ccccc3)CC2)c2ccccc2)cc1,-7.233344078063965,-7.337586402893066,0.6392136812210083,0.28888888888888886,True,random,2026-09-28T18:22:10.596561+00:00,c1ccc(C(CCN2CCN(C(c3ccccc3)c3ccccc3)CC2)c2ccccc2)cc1,CLZJJBZJUIWHJT-UHFFFAOYSA-N,CLZJJBZJUIWHJT-UHFFFAOYSA-P,"[[""Atom_Tetrahedral"", 7], [""Atom_Tetrahedral"", 10]]","[7, 10]",exchangeable_tertiary_ring_NH_and_full_potential_stereo_v3_20260929,10,10,257.8852497490984,4,c1ccc(C(CC[N@H+]2CC[N@H+](C(c3ccccc3)c3ccccc3)CC2)c2ccccc2)cc1,False,True,c1ccc(C(CC[N@H+]2CC[N@H+](C(c3ccccc3)c3ccccc3)CC2)c2ccccc2)cc1,False,True,prepared,<PACKAGE_ROOT>\Documents\Codex\TMC1_R2_Scratch_20260929\03_compute\formal_forward_v2_initial278\ligands\LIB_CLZJJBZJUIWHJT.sdf,bd4bd1b648941fc74afe8674ee03dc2fd33da515e6036aedf2bcb85eadd40cc8,<PACKAGE_ROOT>\Documents\Codex\TMC1_R2_Scratch_20260929\03_compute\formal_forward_v2_initial278\ligands\LIB_CLZJJBZJUIWHJT.pdbqt,27ec8f0cf800305d1c05e75dbe4268a910c1cabcb8b84101961867fbe8606efd,1.608
LIB_OKWGMOAQRFSSET,ChEMBL,CHEMBL107192,CHEMBL107192,https://www.ebi.ac.uk/chembl/compound_report_card/CHEMBL107192/,CCCC(=O)N(c1ccc(Nc2c3ccccc3nc3cc([N+](=O)[O-])ccc23)cc1)S(C)(=O)=O,CCCC(=O)N(c1ccc(Nc2c3ccccc3nc3cc([N+](=O)[O-])ccc23)cc1)S(C)(=O)=O,CCCC(=O)N(c1ccc(Nc2c3ccccc3nc3cc([N+](=O)[O-])ccc23)cc1)S(C)(=O)=O,OKWGMOAQRFSSET-UHFFFAOYSA-N,OKWGMOAQRFSSET,eligible,478.53,5.133,122.51,1,7,7,34,4,0.2218,0,1,1,False,predicted,eligible,False,[],1,CCCC(=O)N(c1ccc(Nc2c3ccccc3nc3cc([N+](=O)[O-])ccc23)cc1)S(C)(=O)=O,OKWGMOAQRFSSET-UHFFFAOYSA-N,False,[],[],False,False,c1ccc(Nc2c3ccccc3nc3ccccc23)cc1,-7.713962554931641,-7.622962951660156,0.8739494681358337,0.30985915492957744,False,random,2026-09-28T18:22:12.206168+00:00,CCCC(=O)N(c1ccc(Nc2c3ccccc3nc3cc([N+](=O)[O-])ccc23)cc1)S(C)(=O)=O,OKWGMOAQRFSSET-UHFFFAOYSA-N,OKWGMOAQRFSSET-UHFFFAOYSA-N,[],[],exchangeable_tertiary_ring_NH_and_full_potential_stereo_v3_20260929,9,9,31.3154717799766,2,CCCC(=O)N(c1ccc(Nc2c3ccccc3nc3cc([N+](=O)[O-])ccc23)cc1)S(C)(=O)=O,True,True,CCCC(=O)N(c1ccc(Nc2c3ccccc3nc3cc([N+](=O)[O-])ccc23)cc1)S(C)(=O)=O,True,True,prepared,<PACKAGE_ROOT>\Documents\Codex\TMC1_R2_Scratch_20260929\03_compute\formal_forward_v2_initial278\ligands\LIB_OKWGMOAQRFSSET.sdf,0e8d077d8dbb277b39449951e7cf28ad5a6cb9fa54c17698eb43b855d9b99865,<PACKAGE_ROOT>\Documents\Codex\TMC1_R2_Scratch_20260929\03_compute\formal_forward_v2_initial278\ligands\LIB_OKWGMOAQRFSSET.pdbqt,1eb7753c960114b200da343d461365fe34dfc12232fadbeea3d09d8125a8faf8,0.803
LIB_CKDNHQVHGHKQIG,ChEMBL,CHEMBL101871,CHEMBL101871,https://www.ebi.ac.uk/chembl/compound_report_card/CHEMBL101871/,C[C@]1([C@H]2Cc3ccc4c(c3O2)-n2cc(C(=O)O)c(=O)c3cc(F)c(N5CC[C@H](N)C5)c(c32)O4)CO1,C[C@]1([C@H]2Cc3ccc4c(c3O2)-n2cc(C(=O)O)c(=O)c3cc(F)c(N5CC[C@H](N)C5)c(c32)O4)CO1,CC1(C2Cc3ccc4c(c3O2)-n2cc(C(=O)O)c(=O)c3cc(F)c(N5CCC(N)C5)c(c32)O4)CO1,CKDNHQVHGHKQIG-KHCFPHODSA-N,CKDNHQVHGHKQIG,eligible,479.464,2.564,119.55,2,7,3,35,7,0.4305,0,1,1,False,predicted,eligible,False,[],1,C[C@]1([C@H]2Cc3ccc4c(c3O2)-n2cc(C(=O)[O-])c(=O)c3cc(F)c(N5CC[C@H]([NH3+])C5)c(c32)O4)CO1,CKDNHQVHGHKQIG-KHCFPHODSA-N,False,[],[],False,False,O=c1ccn2c3c(c(N4CCCC4)ccc13)Oc1ccc3c(c1-2)OC(C1CO1)C3,-7.81748104095459,-7.73424768447876,0.7981442213058472,0.4367816091954023,False,random,2026-09-28T18:22:13.010248+00:00,C[C@]1([C@H]2Cc3ccc4c(c3O2)-n2cc(C(=O)O)c(=O)c3cc(F)c(N5CC[C@H](N)C5)c(c32)O4)CO1,CKDNHQVHGHKQIG-KHCFPHODSA-N,CKDNHQVHGHKQIG-KHCFPHODSA-N,[],[],exchangeable_tertiary_ring_NH_and_full_potential_stereo_v3_20260929,7,7,123.29222719572793,0,C[C@]1([C@H]2Cc3ccc4c(c3O2)-n2cc(C(=O)[O-])c(=O)c3cc(F)c(N5CC[C@H]([NH3+])C5)c(c32)O4)CO1,True,True,C[C@]1([C@H]2Cc3ccc4c(c3O2)-n2cc(C(=O)[O-])c(=O)c3cc(F)c(N5CC[C@H]([NH3+])C5)c(c32)O4)CO1,True,True,prepared,<PACKAGE_ROOT>\Documents\Codex\TMC1_R2_Scratch_20260929\03_compute\formal_forward_v2_initial278\ligands\LIB_CKDNHQVHGHKQIG.sdf,5f173e70cef12dab61340433074bdeb5c7de5382215059c7747e74fecb233374,<PACKAGE_ROOT>\Documents\Codex\TMC1_R2_Scratch_20260929\03_compute\formal_forward_v2_initial278\ligands\LIB_CKDNHQVHGHKQIG.pdbqt,66bae2e98a44fdc633380330f90e78af30b70a1d5e82a2002abb6c0cdf9d535a,1.001
LIB_APHXKHUFVKITGC,ChEMBL,CHEMBL1076586,CHEMBL1076586,https://www.ebi.ac.uk/chembl/compound_report_card/CHEMBL1076586/,O=C(c1ccc(-c2ccccc2)cc1)N1CCN(C(=O)c2ccc3cc[nH]c3c2)CC1,O=C(c1ccc(-c2ccccc2)cc1)N1CCN(C(=O)c2ccc3cc[nH]c3c2)CC1,O=C(c1ccc(-c2ccccc2)cc1)N1CCN(C(=O)c2ccc3cc[nH]c3c2)CC1,APHXKHUFVKITGC-UHFFFAOYSA-N,APHXKHUFVKITGC,eligible,409.489,4.433,56.41,1,2,3,31,5,0.5441,0,1,1,False,predicted,eligible,False,[],1,O=C(c1ccc(-c2ccccc2)cc1)[NH+]1CC[NH+](C(=O)c2ccc3cc[nH]c3c2)CC1,APHXKHUFVKITGC-UHFFFAOYSA-P,True,"[[""Atom_Tetrahedral"", 14], [""Atom_Tetrahedral"", 17]]","[14, 17]",False,True,O=C(c1ccc(-c2ccccc2)cc1)[NH+]1CC[NH+](C(=O)c2ccc3cc[nH]c3c2)CC1,-7.42210054397583,-7.847348213195801,0.8229237198829651,0.29545454545454547,True,random,2026-09-28T18:22:14.012620+00:00,O=C(c1ccc(-c2ccccc2)cc1)N1CCN(C(=O)c2ccc3cc[nH]c3c2)CC1,APHXKHUFVKITGC-UHFFFAOYSA-N,APHXKHUFVKITGC-UHFFFAOYSA-P,"[[""Atom_Tetrahedral"", 14], [""Atom_Tetrahedral"", 17]]","[14, 17]",exchangeable_tertiary_ring_NH_and_full_potential_stereo_v3_20260929,10,10,120.63754318633079,1,O=C(c1ccc(-c2ccccc2)cc1)[N@H+]1CC[N@H+](C(=O)c2ccc3cc[nH]c3c2)CC1,False,True,O=C(c1ccc(-c2ccccc2)cc1)[N@H+]1CC[N@H+](C(=O)c2ccc3cc[nH]c3c2)CC1,False,True,prepared,<PACKAGE_ROOT>\Documents\Codex\TMC1_R2_Scratch_20260929\03_compute\formal_forward_v2_initial278\ligands\LIB_APHXKHUFVKITGC.sdf,fdddeeea60e2f9ef1b03b21ca941d48f9052a0e91d0196d79835861a18a93948,<PACKAGE_ROOT>\Documents\Codex\TMC1_R2_Scratch_20260929\03_compute\formal_forward_v2_initial278\ligands\LIB_APHXKHUFVKITGC.pdbqt,97a7098bdc5a6c40a6bccfd4976115cdcfb7984830d59da356783bf53868c8ff,1.092
LIB_VNBPNFZLNMXVOP,ChEMBL,CHEMBL10243,CHEMBL10243,https://www.ebi.ac.uk/chembl/compound_report_card/CHEMBL10243/,CCCCC1=C(c2ccc(C(C)(C)C)cc2)N2CCCN=C2c2ccccc21,CCCCC1=C(c2ccc(C(C)(C)C)cc2)N2CCCN=C2c2ccccc21,CCCCC1=C(c2ccc(C(C)(C)C)cc2)N2CCCN=C2c2ccccc21,VNBPNFZLNMXVOP-UHFFFAOYSA-N,VNBPNFZLNMXVOP,eligible,372.556,6.509,15.6,0,2,4,28,4,0.5972,0,1,1,False,predicted,eligible,False,[],1,CCCCC1=C(c2ccc(C(C)(C)C)cc2)N2CCC[NH+]=C2c2ccccc21,VNBPNFZLNMXVOP-UHFFFAOYSA-O,False,[],[],False,False,C1=C(c2ccccc2)N2CCC[NH+]=C2c2ccccc21,-7.1947922706604,-6.942601203918457,0.7081366777420044,0.2631578947368421,True,random,2026-09-28T18:22:15.106158+00:00,CCCCC1=C(c2ccc(C(C)(C)C)cc2)N2CCCN=C2c2ccccc21,VNBPNFZLNMXVOP-UHFFFAOYSA-N,VNBPNFZLNMXVOP-UHFFFAOYSA-O,[],[],exchangeable_tertiary_ring_NH_and_full_potential_stereo_v3_20260929,5,5,22.67449575064612,4,CCCCC1=C(c2ccc(C(C)(C)C)cc2)N2CCC[NH+]=C2c2ccccc21,True,True,CCCCC1=C(c2ccc(C(C)(C)C)cc2)N2CCC[NH+]=C2c2ccccc21,True,True,prepared,<PACKAGE_ROOT>\Documents\Codex\TMC1_R2_Scratch_20260929\03_compute\formal_forward_v2_initial278\ligands\LIB_VNBPNFZLNMXVOP.sdf,f3294aa5006ed1e2a559412e72794ef6fc469d4ad0fc8ca54cd3ee5103e97b4f,<PACKAGE_ROOT>\Documents\Codex\TMC1_R2_Scratch_20260929\03_compute\formal_forward_v2_initial278\ligands\LIB_VNBPNFZLNMXVOP.pdbqt,9fe03a94d54df150fbc47337367c0a1586e81eddec3f428c46de94fd0d457bc7,0.848
LIB_WTTXOCIXCSNVQR,ChEMBL,CHEMBL1080424,CHEMBL1080424,https://www.ebi.ac.uk/chembl/compound_report_card/CHEMBL1080424/,C=C1[C@@H]2C[C@@H](O)[C@@H]3[C@](C2)(C(=O)O[C@H]2C[C@H](O)C(C)(C)[C@H]4[C@H](O)OC(=O)[C@@]243)[C@@H]1O,C=C1[C@@H]2C[C@@H](O)[C@@H]3[C@](C2)(C(=O)O[C@H]2C[C@H](O)C(C)(C)[C@H]4[C@H](O)OC(=O)[C@@]243)[C@@H]1O,C=C1C2CC(O)C3C(C2)(C(=O)OC2CC(O)C(C)(C)C4C(O)OC(=O)C243)C1O,WTTXOCIXCSNVQR-QLNTUUFASA-N,WTTXOCIXCSNVQR,eligible,394.42,-0.515,133.52,4,8,0,28,5,0.3187,0,1,1,False,predicted,eligible,False,[],1,C=C1[C@@H]2C[C@@H](O)[C@@H]3[C@](C2)(C(=O)O[C@H]2C[C@H](O)C(C)(C)[C@H]4[C@H](O)OC(=O)[C@@]243)[C@@H]1O,WTTXOCIXCSNVQR-QLNTUUFASA-N,False,[],[],False,False,C=C1CC23CC1CCC2C12C(=O)OCC1CCCC2OC3=O,-7.601818561553955,-7.35306453704834,0.6461393237113953,0.2,True,random,2026-09-28T18:22:15.956269+00:00,C=C1[C@@H]2C[C@@H](O)[C@@H]3[C@](C2)(C(=O)O[C@H]2C[C@H](O)C(C)(C)[C@H]4[C@H](O)OC(=O)[C@@]243)[C@@H]1O,WTTXOCIXCSNVQR-QLNTUUFASA-N,WTTXOCIXCSNVQR-QLNTUUFASA-N,[],[],exchangeable_tertiary_ring_NH_and_full_potential_stereo_v3_20260929,6,6,20.995603157187205,5,C=C1[C@@H]2C[C@@H](O)[C@@H]3[C@](C2)(C(=O)O[C@H]2C[C@H](O)C(C)(C)[C@H]4[C@H](O)OC(=O)[C@@]243)[C@@H]1O,True,True,C=C1[C@@H]2C[C@@H](O)[C@@H]3[C@](C2)(C(=O)O[C@H]2C[C@H](O)C(C)(C)[C@H]4[C@H](O)OC(=O)[C@@]243)[C@@H]1O,True,True,prepared,<PACKAGE_ROOT>\Documents\Codex\TMC1_R2_Scratch_20260929\03_compute\formal_forward_v2_initial278\ligands\LIB_WTTXOCIXCSNVQR.sdf,e093f0d16c7dfe75cb4ef80d1f0a7eee519486d58972d59d66571561cced2e76,<PACKAGE_ROOT>\Documents\Codex\TMC1_R2_Scratch_20260929\03_compute\formal_forward_v2_initial278\ligands\LIB_WTTXOCIXCSNVQR.pdbqt,b5cd1f62d1439e282adfdd16578bdbc583a46ceaff6931fd01c0fd06f3c0dadd,1.033
LIB_YSOORCJLQNLHPL,ChEMBL,CHEMBL103360,CHEMBL103360,https://www.ebi.ac.uk/chembl/compound_report_card/CHEMBL103360/,CCN1c2ncc(OCc3ccccc3)cc2C(=O)N(C)c2ccc(Cl)nc21,CCN1c2ncc(OCc3ccccc3)cc2C(=O)N(C)c2ccc(Cl)nc21,CCN1c2ncc(OCc3ccccc3)cc2C(=O)N(C)c2ccc(Cl)nc21,YSOORCJLQNLHPL-UHFFFAOYSA-N,YSOORCJLQNLHPL,eligible,394.862,4.457,58.56,0,5,4,28,4,0.6114,0,1,1,False,predicted,eligible,False,[],1,CCN1c2ncc(OCc3ccccc3)cc2C(=O)N(C)c2ccc(Cl)nc21,YSOORCJLQNLHPL-UHFFFAOYSA-N,False,[],[],False,False,O=C1Nc2cccnc2Nc2ncc(OCc3ccccc3)cc21,-7.227651119232178,-6.789421081542969,0.7798501253128052,0.2982456140350877,True,random,2026-09-28T18:22:16.991316+00:00,CCN1c2ncc(OCc3ccccc3)cc2C(=O)N(C)c2ccc(Cl)nc21,YSOORCJLQNLHPL-UHFFFAOYSA-N,YSOORCJLQNLHPL-UHFFFAOYSA-N,[],[],exchangeable_tertiary_ring_NH_and_full_potential_stereo_v3_20260929,6,6,77.7593405659274,2,CCN1c2ncc(OCc3ccccc3)cc2C(=O)N(C)c2ccc(Cl)nc21,True,True,CCN1c2ncc(OCc3ccccc3)cc2C(=O)N(C)c2ccc(Cl)nc21,True,True,prepared,<PACKAGE_ROOT>\Documents\Codex\TMC1_R2_Scratch_20260929\03_compute\formal_forward_v2_initial278\ligands\LIB_YSOORCJLQNLHPL.sdf,7880cb3773c45affa3200499c39096805bc924255f2809556e94735bde224a90,<PACKAGE_ROOT>\Documents\Codex\TMC1_R2_Scratch_20260929\03_compute\formal_forward_v2_initial278\ligands\LIB_YSOORCJLQNLHPL.pdbqt,443f98b8ed9bb19989ec1684d881ac5b0785a5649d77be6190684fa694b52b4e,0.492
LIB_JDAANLOCFREMRX,ChEMBL,CHEMBL104177,CHEMBL104177,https://www.ebi.ac.uk/chembl/compound_report_card/CHEMBL104177/,Fc1cccc(-n2cc3c(n2)c(NC2CCCCC2)nc2ccccc23)c1,Fc1cccc(-n2cc3c(n2)c(NC2CCCCC2)nc2ccccc23)c1,Fc1cccc(-n2cc3c(n2)c(NC2CCCCC2)nc2ccccc23)c1,JDAANLOCFREMRX-UHFFFAOYSA-N,JDAANLOCFREMRX,eligible,360.436,5.457,42.74,1,3,3,27,5,0.5276,0,1,1,False,predicted,eligible,False,[],1,Fc1cccc(-n2cc3c(n2)c([NH2+]C2CCCCC2)nc2ccccc23)c1,JDAANLOCFREMRX-UHFFFAOYSA-O,False,[],[],False,False,c1ccc(-n2cc3c(n2)c([NH2+]C2CCCCC2)nc2ccccc23)cc1,-7.221705913543701,-7.136847019195557,0.7193721532821655,0.25675675675675674,True,random,2026-09-28T18:22:17.484846+00:00,Fc1cccc(-n2cc3c(n2)c(NC2CCCCC2)nc2ccccc23)c1,JDAANLOCFREMRX-UHFFFAOYSA-N,JDAANLOCFREMRX-UHFFFAOYSA-O,[],[],exchangeable_tertiary_ring_NH_and_full_potential_stereo_v3_20260929,10,10,45.644472606228675,3,Fc1cccc(-n2cc3c(n2)c([NH2+]C2CCCCC2)nc2ccccc23)c1,True,True,Fc1cccc(-n2cc3c(n2)c([NH2+]C2CCCCC2)nc2ccccc23)c1,True,True,prepared,<PACKAGE_ROOT>\Documents\Codex\TMC1_R2_Scratch_20260929\03_compute\formal_forward_v2_initial278\ligands\LIB_JDAANLOCFREMRX.sdf,d9f7344e94d203b81cca5c3ac8bd9bea3281f761d81d15836ee82ed5c567672e,<PACKAGE_ROOT>\Documents\Codex\TMC1_R2_Scratch_20260929\03_compute\formal_forward_v2_initial278\ligands\LIB_JDAANLOCFREMRX.pdbqt,d9344c57309fe06b88c14eea34474273eaf339bb339093dcae4542dae2433ff7,0.551
LIB_IUZLUPKKYDAWNH,ChEMBL,CHEMBL107931,CHEMBL107931,https://www.ebi.ac.uk/chembl/compound_report_card/CHEMBL107931/,CCOC(=O)c1c(C)nc2cccc(F)c2c1N,CCOC(=O)c1c(C)nc2cccc(F)c2c1N,CCOC(=O)c1c(C)nc2cccc(F)c2c1N,IUZLUPKKYDAWNH-UHFFFAOYSA-N,IUZLUPKKYDAWNH,eligible,248.257,2.441,65.21,1,4,2,18,2,0.8289,0,1,1,False,predicted,eligible,False,[],1,CCOC(=O)c1c(C)nc2cccc(F)c2c1N,IUZLUPKKYDAWNH-UHFFFAOYSA-N,False,[],[],False,False,c1ccc2ncccc2c1,-6.4355573654174805,-6.520727634429932,0.5890981554985046,0.2962962962962963,True,random,2026-09-28T18:22:18.036750+00:00,CCOC(=O)c1c(C)nc2cccc(F)c2c1N,IUZLUPKKYDAWNH-UHFFFAOYSA-N,IUZLUPKKYDAWNH-UHFFFAOYSA-N,[],[],exchangeable_tertiary_ring_NH_and_full_potential_stereo_v3_20260929,5,5,65.23555457358722,1,CCOC(=O)c1c(C)nc2cccc(F)c2c1N,True,True,CCOC(=O)c1c(C)nc2cccc(F)c2c1N,True,True,prepared,<PACKAGE_ROOT>\Documents\Codex\TMC1_R2_Scratch_20260929\03_compute\formal_forward_v2_initial278\ligands\LIB_IUZLUPKKYDAWNH.sdf,dc1c9842796b23a36bcf3697ad3067c39af9fab6e41765f87589bd5c5bb84f57,<PACKAGE_ROOT>\Documents\Codex\TMC1_R2_Scratch_20260929\03_compute\formal_forward_v2_initial278\ligands\LIB_IUZLUPKKYDAWNH.pdbqt,e76fca2294174af581357d501770bbafd9ce5e30ba7faea775e8fe04d41f2699,0.14
LIB_QMOYFHWYOPGKGI,ChEMBL,CHEMBL1085813,CHEMBL1085813,https://www.ebi.ac.uk/chembl/compound_report_card/CHEMBL1085813/,Cn1cnc2c(NCCCO)nc(-c3cccc(-c4ccccc4)c3)nc21,Cn1cnc2c(NCCCO)nc(-c3cccc(-c4ccccc4)c3)nc21,Cn1cnc2c(NCCCO)nc(-c3cccc(-c4ccccc4)c3)nc21,QMOYFHWYOPGKGI-UHFFFAOYSA-N,QMOYFHWYOPGKGI,eligible,359.433,3.492,75.86,2,5,6,27,4,0.5155,0,1,1,False,predicted,eligible,False,[],1,Cn1cnc2c(NCCCO)nc(-c3cccc(-c4ccccc4)c3)nc21,QMOYFHWYOPGKGI-UHFFFAOYSA-N,False,[],[],False,False,c1ccc(-c2cccc(-c3ncc4nc[nH]c4n3)c2)cc1,-7.025125503540039,-6.9742608070373535,0.6931025981903076,0.2535211267605634,True,random,2026-09-28T18:22:18.178181+00:00,Cn1cnc2c(NCCCO)nc(-c3cccc(-c4ccccc4)c3)nc21,QMOYFHWYOPGKGI-UHFFFAOYSA-N,QMOYFHWYOPGKGI-UHFFFAOYSA-N,[],[],exchangeable_tertiary_ring_NH_and_full_potential_stereo_v3_20260929,9,9,52.00989772520022,5,Cn1cnc2c(NCCCO)nc(-c3cccc(-c4ccccc4)c3)nc21,True,True,Cn1cnc2c(NCCCO)nc(-c3cccc(-c4ccccc4)c3)nc21,True,True,prepared,<PACKAGE_ROOT>\Documents\Codex\TMC1_R2_Scratch_20260929\03_compute\formal_forward_v2_initial278\ligands\LIB_QMOYFHWYOPGKGI.sdf,6eb38b09a7ed4251be6191f6ba37705dce51a9e87021e7dadb482ea463a04970,<PACKAGE_ROOT>\Documents\Codex\TMC1_R2_Scratch_20260929\03_compute\formal_forward_v2_initial278\ligands\LIB_QMOYFHWYOPGKGI.pdbqt,49a0df2fd234759bcbb9ad3b006cac22988c29f99d5d06c9332bebfd98a6596d,0.605
LIB_HAKUBDUVAGUCGC,ChEMBL,CHEMBL1080865,CHEMBL1080865,https://www.ebi.ac.uk/chembl/compound_report_card/CHEMBL1080865/,CCCN(CC1CC1)c1cc(C(=O)Nc2ccc3[nH]ncc3c2)ncn1,CCCN(CC1CC1)c1cc(C(=O)Nc2ccc3[nH]ncc3c2)ncn1,CCCN(CC1CC1)c1cc(C(=O)Nc2ccc3[nH]ncc3c2)ncn1,HAKUBDUVAGUCGC-UHFFFAOYSA-N,HAKUBDUVAGUCGC,eligible,350.426,3.232,86.8,2,5,7,26,4,0.683,0,1,1,False,predicted,eligible,False,[],1,CCCN(CC1CC1)c1cc(C(=O)Nc2ccc3[n-]ncc3c2)ncn1,LEKNOJYCXUUVDR-UHFFFAOYSA-M,False,[],[],False,False,O=C(Nc1ccc2[n-]ncc2c1)c1cc(NCC2CC2)ncn1,-6.83848762512207,-6.733944892883301,0.7372654676437378,0.29347826086956524,True,random,2026-09-28T18:22:18.784809+00:00,CCCN(CC1CC1)c1cc(C(=O)Nc2ccc3[nH]ncc3c2)ncn1,HAKUBDUVAGUCGC-UHFFFAOYSA-N,LEKNOJYCXUUVDR-UHFFFAOYSA-M,[],[],exchangeable_tertiary_ring_NH_and_full_potential_stereo_v3_20260929,9,9,-28.485175016405478,3,CCCN(CC1CC1)c1cc(C(=O)Nc2ccc3[n-]ncc3c2)ncn1,True,True,CCCN(CC1CC1)c1cc(C(=O)Nc2ccc3[n-]ncc3c2)ncn1,True,True,prepared,<PACKAGE_ROOT>\Documents\Codex\TMC1_R2_Scratch_20260929\03_compute\formal_forward_v2_initial278\ligands\LIB_HAKUBDUVAGUCGC.sdf,8cbdd2391fe2cb05f7de8f2abd482ca5db9e1f6269fc83447c25a3574aa8f3a9,<PACKAGE_ROOT>\Documents\Codex\TMC1_R2_Scratch_20260929\03_compute\formal_forward_v2_initial278\ligands\LIB_HAKUBDUVAGUCGC.pdbqt,9e68ca3b1169ec297c2a54ea551159e857fe9cab184aeaf778b08fccb16e8d55,0.552
LIB_BZBZUGSXRITWQR,ChEMBL,CHEMBL1076184,CHEMBL1076184,https://www.ebi.ac.uk/chembl/compound_report_card/CHEMBL1076184/,COc1ccc(/C=C/C(=O)OCC(=O)Cc2ccc(O)c(O)c2)cc1O,COc1ccc(/C=C/C(=O)OCC(=O)Cc2ccc(O)c(O)c2)cc1O,COc1ccc(C=CC(=O)OCC(=O)Cc2ccc(O)c(O)c2)cc1O,BZBZUGSXRITWQR-QPJJXVBHSA-N,BZBZUGSXRITWQR,eligible,358.346,2.18,113.29,3,7,7,26,2,0.3948,0,1,1,False,predicted,eligible,False,[],1,COc1ccc(/C=C/C(=O)OCC(=O)Cc2ccc([O-])c([O-])c2)cc1[O-],BZBZUGSXRITWQR-QPJJXVBHSA-K,False,[],[],False,False,O=C(COC(=O)C=Cc1ccccc1)Cc1ccccc1,-6.8089494705200195,-6.756426811218262,0.45167940855026245,0.3559322033898305,False,random,2026-09-28T18:22:19.337462+00:00,COc1ccc(/C=C/C(=O)OCC(=O)Cc2ccc(O)c(O)c2)cc1O,BZBZUGSXRITWQR-QPJJXVBHSA-N,BZBZUGSXRITWQR-QPJJXVBHSA-K,[],[],exchangeable_tertiary_ring_NH_and_full_potential_stereo_v3_20260929,10,10,126.50090449812838,9,COc1ccc(/C=C/C(=O)OCC(=O)Cc2ccc([O-])c([O-])c2)cc1[O-],True,True,COc1ccc(/C=C/C(=O)OCC(=O)Cc2ccc([O-])c([O-])c2)cc1[O-],True,True,prepared,<PACKAGE_ROOT>\Documents\Codex\TMC1_R2_Scratch_20260929\03_compute\formal_forward_v2_initial278\ligands\LIB_BZBZUGSXRITWQR.sdf,fc5e0c2d3399ea2ec7ff1326a5497f1fbbc484bca5e15ee164a79c0b9afc85b8,<PACKAGE_ROOT>\Documents\Codex\TMC1_R2_Scratch_20260929\03_compute\formal_forward_v2_initial278\ligands\LIB_BZBZUGSXRITWQR.pdbqt,9843dea96346779b608b604907881cadc2ac058770c2fdb92f1dac6fe6f0c0e5,0.552
LIB_GAWMJJRVBHQXMS,ChEMBL,CHEMBL1082560,CHEMBL1082560,https://www.ebi.ac.uk/chembl/compound_report_card/CHEMBL1082560/,O=C(Nc1cccc(Cl)c1)Nc1c(-c2ccc(F)cc2)nc2ccccc2c1O,O=C(Nc1cccc(Cl)c1)Nc1c(-c2ccc(F)cc2)[nH]c2ccccc2c1=O,O=C(Nc1cccc(Cl)c1)Nc1c(-c2ccc(F)cc2)[nH]c2ccccc2c1=O,GAWMJJRVBHQXMS-UHFFFAOYSA-N,GAWMJJRVBHQXMS,eligible,407.832,5.632,73.99,3,2,3,29,4,0.4113,0,1,1,False,predicted,eligible,False,[],1,O=C(Nc1cccc(Cl)c1)Nc1c(-c2ccc(F)cc2)[n-]c2ccccc2c1=O,IWAAGOZPQLMIAX-UHFFFAOYSA-M,False,[],[],False,False,O=C(Nc1ccccc1)Nc1c(-c2ccccc2)[n-]c2ccccc2c1=O,-7.865507125854492,-7.599717617034912,0.6261453032493591,0.25675675675675674,True,random,2026-09-28T18:22:19.891476+00:00,O=C(Nc1cccc(Cl)c1)Nc1c(-c2ccc(F)cc2)[nH]c2ccccc2c1=O,GAWMJJRVBHQXMS-UHFFFAOYSA-N,IWAAGOZPQLMIAX-UHFFFAOYSA-M,[],[],exchangeable_tertiary_ring_NH_and_full_potential_stereo_v3_20260929,7,7,36.36399024321551,6,O=C(Nc1cccc(Cl)c1)Nc1c(-c2ccc(F)cc2)[n-]c2ccccc2c1=O,True,True,O=C(Nc1cccc(Cl)c1)Nc1c(-c2ccc(F)cc2)[n-]c2ccccc2c1=O,True,True,prepared,<PACKAGE_ROOT>\Documents\Codex\TMC1_R2_Scratch_20260929\03_compute\formal_forward_v2_initial278\ligands\LIB_GAWMJJRVBHQXMS.sdf,c7a505798f0efc3f2ea5c848238c531de32c07dc00ec2ca7147729839c89be48,<PACKAGE_ROOT>\Documents\Codex\TMC1_R2_Scratch_20260929\03_compute\formal_forward_v2_initial278\ligands\LIB_GAWMJJRVBHQXMS.pdbqt,fe4b657ca931beab87c35ea92a44d050846f79d46965d4357eea34ab302e852c,0.417
LIB_YLSOYKKCZWGOAL,ChEMBL,CHEMBL106731,CHEMBL106731,https://www.ebi.ac.uk/chembl/compound_report_card/CHEMBL106731/,COC(=O)CCCC=C(c1cc(Cl)c(OC)c(C(=O)SC)c1)c1cc(Cl)c(OC)c(C(=O)SC)c1,COC(=O)CCCC=C(c1cc(Cl)c(OC)c(C(=O)SC)c1)c1cc(Cl)c(OC)c(C(=O)SC)c1,COC(=O)CCCC=C(c1cc(Cl)c(OC)c(C(=O)SC)c1)c1cc(Cl)c(OC)c(C(=O)SC)c1,YLSOYKKCZWGOAL-UHFFFAOYSA-N,YLSOYKKCZWGOAL,eligible,557.517,6.792,78.9,0,8,10,35,2,0.2334,0,1,1,False,predicted,eligible,False,[],1,COC(=O)CCCC=C(c1cc(Cl)c(OC)c(C(=O)SC)c1)c1cc(Cl)c(OC)c(C(=O)SC)c1,YLSOYKKCZWGOAL-UHFFFAOYSA-N,False,[],[],False,False,C=C(c1ccccc1)c1ccccc1,-7.454412460327148,-7.161972999572754,0.6985082626342773,0.2535211267605634,True,random,2026-09-28T18:22:20.310005+00:00,COC(=O)CCCC=C(c1cc(Cl)c(OC)c(C(=O)SC)c1)c1cc(Cl)c(OC)c(C(=O)SC)c1,YLSOYKKCZWGOAL-UHFFFAOYSA-N,YLSOYKKCZWGOAL-UHFFFAOYSA-N,[],[],exchangeable_tertiary_ring_NH_and_full_potential_stereo_v3_20260929,10,10,80.60442573582966,2,COC(=O)CCCC=C(c1cc(Cl)c(OC)c(C(=O)SC)c1)c1cc(Cl)c(OC)c(C(=O)SC)c1,True,True,COC(=O)CCCC=C(c1cc(Cl)c(OC)c(C(=O)SC)c1)c1cc(Cl)c(OC)c(C(=O)SC)c1,True,True,prepared,<PACKAGE_ROOT>\Documents\Codex\TMC1_R2_Scratch_20260929\03_compute\formal_forward_v2_initial278\ligands\LIB_YLSOYKKCZWGOAL.sdf,731a3233f620cfa7b3cf0d4e4a40ec2fffa2259f12ad2fcd7475ffab5ee4b859,<PACKAGE_ROOT>\Documents\Codex\TMC1_R2_Scratch_20260929\03_compute\formal_forward_v2_initial278\ligands\LIB_YLSOYKKCZWGOAL.pdbqt,de6d9d5b446cef4f8b1c000a4e454dccf4d1a04995102af706bafa0e2b31570f,1.282
LIB_ZHCKPBKNEQACID,ChEMBL,CHEMBL1082212,CHEMBL1082212,https://www.ebi.ac.uk/chembl/compound_report_card/CHEMBL1082212/,COc1ccc(-c2n[nH]c(-c3ccnc(C)c3)n2)cc1[N+](=O)[O-],COc1ccc(-c2n[nH]c(-c3ccnc(C)c3)n2)cc1[N+](=O)[O-],COc1ccc(-c2n[nH]c(-c3ccnc(C)c3)n2)cc1[N+](=O)[O-],ZHCKPBKNEQACID-UHFFFAOYSA-N,ZHCKPBKNEQACID,eligible,311.301,2.759,106.83,1,6,4,23,3,0.5862,0,1,1,False,predicted,eligible,False,[],1,COc1ccc(-c2n[n-]c(-c3ccnc(C)c3)n2)cc1[N+](=O)[O-],DVNGMFLJYWOKHZ-UHFFFAOYSA-N,False,[],[],False,False,c1ccc(-c2n[n-]c(-c3ccncc3)n2)cc1,-6.777219772338867,-6.8274383544921875,0.6200771331787109,0.3,False,random,2026-09-28T18:22:21.593880+00:00,COc1ccc(-c2n[nH]c(-c3ccnc(C)c3)n2)cc1[N+](=O)[O-],ZHCKPBKNEQACID-UHFFFAOYSA-N,DVNGMFLJYWOKHZ-UHFFFAOYSA-N,[],[],exchangeable_tertiary_ring_NH_and_full_potential_stereo_v3_20260929,9,9,65.7486146173874,1,COc1ccc(-c2n[n-]c(-c3ccnc(C)c3)n2)cc1[N+](=O)[O-],True,True,COc1ccc(-c2n[n-]c(-c3ccnc(C)c3)n2)cc1[N+](=O)[O-],True,True,prepared,<PACKAGE_ROOT>\Documents\Codex\TMC1_R2_Scratch_20260929\03_compute\formal_forward_v2_initial278\ligands\LIB_ZHCKPBKNEQACID.sdf,5fcf3050e6e0da464a9c9c8dcecc9a2702c1f82b83ee3e6694790518fc9c3ada,<PACKAGE_ROOT>\Documents\Codex\TMC1_R2_Scratch_20260929\03_compute\formal_forward_v2_initial278\ligands\LIB_ZHCKPBKNEQACID.pdbqt,d2779089cc698b4b66fcb8d3980cada90684038ce0e2094fea423e97c77689d9,0.259
LIB_GEIOOMRKGSMHML,ChEMBL,CHEMBL1082867,CHEMBL1082867,https://www.ebi.ac.uk/chembl/compound_report_card/CHEMBL1082867/,COc1cc2c(cc1Cl)CCN=C2c1ccc(F)cc1,COc1cc2c(cc1Cl)CCN=C2c1ccc(F)cc1,COc1cc2c(cc1Cl)CCN=C2c1ccc(F)cc1,GEIOOMRKGSMHML-UHFFFAOYSA-N,GEIOOMRKGSMHML,eligible,289.737,3.881,21.59,0,2,2,20,3,0.822,0,1,1,False,predicted,eligible,False,[],1,COc1cc2c(cc1Cl)CCN=C2c1ccc(F)cc1,GEIOOMRKGSMHML-UHFFFAOYSA-N,False,[],[],False,False,c1ccc(C2=NCCc3ccccc32)cc1,-6.625050067901611,-6.532354831695557,0.8368521332740784,0.29310344827586204,True,random,2026-09-28T18:22:21.853964+00:00,COc1cc2c(cc1Cl)CCN=C2c1ccc(F)cc1,GEIOOMRKGSMHML-UHFFFAOYSA-N,GEIOOMRKGSMHML-UHFFFAOYSA-N,[],[],exchangeable_tertiary_ring_NH_and_full_potential_stereo_v3_20260929,1,1,96.53797366122093,0,COc1cc2c(cc1Cl)CCN=C2c1ccc(F)cc1,True,True,COc1cc2c(cc1Cl)CCN=C2c1ccc(F)cc1,True,True,prepared,<PACKAGE_ROOT>\Documents\Codex\TMC1_R2_Scratch_20260929\03_compute\formal_forward_v2_initial278\ligands\LIB_GEIOOMRKGSMHML.sdf,964861d0412d1c21afd1b0d346dc85bc738544b40f24106a2341b18ad92a0a8a,<PACKAGE_ROOT>\Documents\Codex\TMC1_R2_Scratch_20260929\03_compute\formal_forward_v2_initial278\ligands\LIB_GEIOOMRKGSMHML.pdbqt,fa743f3bdf4a540ba31b34836512f10d26ae64fa52bf76e0e2e0bd6ba8e7df70,0.128
LIB_YJKUGONIJWVAHM,ChEMBL,CHEMBL1082075,CHEMBL1082075,https://www.ebi.ac.uk/chembl/compound_report_card/CHEMBL1082075/,CC(C)(C)c1cc(NC(=O)Nc2ccc(NC(=O)c3ccncc3)cc2)no1,CC(C)(C)c1cc(NC(=O)Nc2ccc(NC(=O)c3ccncc3)cc2)no1,CC(C)(C)c1cc(NC(=O)Nc2ccc(NC(=O)c3ccncc3)cc2)no1,YJKUGONIJWVAHM-UHFFFAOYSA-N,YJKUGONIJWVAHM,eligible,379.42,4.263,109.15,3,5,4,28,3,0.6273,0,1,1,False,predicted,eligible,False,[],1,CC(C)(C)c1cc(NC(=O)Nc2ccc(NC(=O)c3ccncc3)cc2)no1,YJKUGONIJWVAHM-UHFFFAOYSA-N,False,[],[],False,False,O=C(Nc1ccc(NC(=O)c2ccncc2)cc1)Nc1ccon1,-7.547836780548096,-7.471869468688965,0.7099200487136841,0.36904761904761907,False,random,2026-09-28T18:22:21.983280+00:00,CC(C)(C)c1cc(NC(=O)Nc2ccc(NC(=O)c3ccncc3)cc2)no1,YJKUGONIJWVAHM-UHFFFAOYSA-N,YJKUGONIJWVAHM-UHFFFAOYSA-N,[],[],exchangeable_tertiary_ring_NH_and_full_potential_stereo_v3_20260929,8,8,-62.265578214220625,5,CC(C)(C)c1cc(NC(=O)Nc2ccc(NC(=O)c3ccncc3)cc2)no1,True,True,CC(C)(C)c1cc(NC(=O)Nc2ccc(NC(=O)c3ccncc3)cc2)no1,True,True,prepared,<PACKAGE_ROOT>\Documents\Codex\TMC1_R2_Scratch_20260929\03_compute\formal_forward_v2_initial278\ligands\LIB_YJKUGONIJWVAHM.sdf,6301fd4dbb8cc1662216c6b3c800b1459848b581688e0d9943b41241b7936214,<PACKAGE_ROOT>\Documents\Codex\TMC1_R2_Scratch_20260929\03_compute\formal_forward_v2_initial278\ligands\LIB_YJKUGONIJWVAHM.pdbqt,ddf4feb77ace0ee5457403174ce352542cdc1405d0897cff9e0f970107231e39,0.598
LIB_YFXUIKYIQHGCCE,ChEMBL,CHEMBL1082358,CHEMBL1082358;CHEMBL1083325;CHEMBL1083591,https://www.ebi.ac.uk/chembl/compound_report_card/CHEMBL1082358/,COC[C@@H](C1CC1)n1nc(C)nc(Nc2ccc(OC)nc2C(F)(F)F)c1=O,COC[C@@H](C1CC1)n1nc(C)nc(Nc2ccc(OC)nc2C(F)(F)F)c1=O,COCC(C1CC1)n1nc(C)nc(Nc2ccc(OC)nc2C(F)(F)F)c1=O,YFXUIKYIQHGCCE-LBPRGKRZSA-N,YFXUIKYIQHGCCE,eligible,399.373,2.71,91.16,1,7,7,28,3,0.7654,0,3,3,False,predicted,eligible,False,[],1,COC[C@@H](C1CC1)n1nc(C)nc(Nc2ccc(OC)nc2C(F)(F)F)c1=O,YFXUIKYIQHGCCE-LBPRGKRZSA-N,False,[],[],False,False,O=c1c(Nc2cccnc2)ncnn1CC1CC1,-6.866093158721924,-7.26003885269165,0.7729725241661072,0.2222222222222222,True,random,2026-09-28T18:22:22.581528+00:00,COC[C@@H](C1CC1)n1nc(C)nc(Nc2ccc(OC)nc2C(F)(F)F)c1=O,YFXUIKYIQHGCCE-LBPRGKRZSA-N,YFXUIKYIQHGCCE-LBPRGKRZSA-N,[],[],exchangeable_tertiary_ring_NH_and_full_potential_stereo_v3_20260929,10,10,182.86926055760247,0,COC[C@@H](C1CC1)n1nc(C)nc(Nc2ccc(OC)nc2C(F)(F)F)c1=O,True,True,COC[C@@H](C1CC1)n1nc(C)nc(Nc2ccc(OC)nc2C(F)(F)F)c1=O,True,True,prepared,<PACKAGE_ROOT>\Documents\Codex\TMC1_R2_Scratch_20260929\03_compute\formal_forward_v2_initial278\ligands\LIB_YFXUIKYIQHGCCE.sdf,c887bc07982cb7eeb0c815e7aaaa01d72c2e94016ea3e2269c9b55bcd9acc4ee,<PACKAGE_ROOT>\Documents\Codex\TMC1_R2_Scratch_20260929\03_compute\formal_forward_v2_initial278\ligands\LIB_YFXUIKYIQHGCCE.pdbqt,f16b11d632578d3fe528881f0ac2c8cbccf5467fac9e2ed7949dd1bfa2682e98,0.722
LIB_PRFCJLMTRMJJIY,ChEMBL,CHEMBL1082959,CHEMBL1082959,https://www.ebi.ac.uk/chembl/compound_report_card/CHEMBL1082959/,CC(C)COC(=O)Nc1ccc(-c2cnc3c(-c4cccc(N5CCOCC5)c4)cnn3c2N)cc1,CC(C)COC(=O)Nc1ccc(-c2cnc3c(-c4cccc(N5CCOCC5)c4)cnn3c2N)cc1,CC(C)COC(=O)Nc1ccc(-c2cnc3c(-c4cccc(N5CCOCC5)c4)cnn3c2N)cc1,PRFCJLMTRMJJIY-UHFFFAOYSA-N,PRFCJLMTRMJJIY,eligible,486.576,4.687,107.01,2,7,6,36,5,0.4072,0,1,1,False,predicted,eligible,False,[],1,CC(C)COC(=O)Nc1ccc(-c2cnc3c(-c4cccc(N5CCOCC5)c4)cnn3c2N)cc1,PRFCJLMTRMJJIY-UHFFFAOYSA-N,False,[],[],False,False,c1ccc(-c2cnc3c(-c4cccc(N5CCOCC5)c4)cnn3c2)cc1,-7.995870590209961,-8.078561782836914,0.6161066293716431,0.2978723404255319,True,random,2026-09-28T18:22:23.305921+00:00,CC(C)COC(=O)Nc1ccc(-c2cnc3c(-c4cccc(N5CCOCC5)c4)cnn3c2N)cc1,PRFCJLMTRMJJIY-UHFFFAOYSA-N,PRFCJLMTRMJJIY-UHFFFAOYSA-N,[],[],exchangeable_tertiary_ring_NH_and_full_potential_stereo_v3_20260929,10,10,157.76522515208913,5,CC(C)COC(=O)Nc1ccc(-c2cnc3c(-c4cccc(N5CCOCC5)c4)cnn3c2N)cc1,True,True,CC(C)COC(=O)Nc1ccc(-c2cnc3c(-c4cccc(N5CCOCC5)c4)cnn3c2N)cc1,True,True,prepared,<PACKAGE_ROOT>\Documents\Codex\TMC1_R2_Scratch_20260929\03_compute\formal_forward_v2_initial278\ligands\LIB_PRFCJLMTRMJJIY.sdf,56a9d36396247142ebf8d7aea4a1df2b5792c201e22d2bbc7517e79936a5d804,<PACKAGE_ROOT>\Documents\Codex\TMC1_R2_Scratch_20260929\03_compute\formal_forward_v2_initial278\ligands\LIB_PRFCJLMTRMJJIY.pdbqt,1cc7c7384fb1cce067f7366ff2cf79ec679b8c2940289aab7ccde87d9cfaf98b,1.565
LIB_OJUNZBGNMUTVGC,ChEMBL,CHEMBL106749,CHEMBL106749,https://www.ebi.ac.uk/chembl/compound_report_card/CHEMBL106749/,Cc1nc(-c2ccc(-c3ccccc3S(=O)(=O)Nc3onc(C)c3C)cc2)oc1C,Cc1nc(-c2ccc(-c3ccccc3S(=O)(=O)Nc3onc(C)c3C)cc2)oc1C,Cc1nc(-c2ccc(-c3ccccc3S(=O)(=O)Nc3onc(C)c3C)cc2)oc1C,OJUNZBGNMUTVGC-UHFFFAOYSA-N,OJUNZBGNMUTVGC,eligible,423.494,5.031,98.23,1,6,5,30,4,0.4833,0,1,1,False,predicted,eligible,False,[],1,Cc1nc(-c2ccc(-c3ccccc3S(=O)(=O)Nc3onc(C)c3C)cc2)oc1C,OJUNZBGNMUTVGC-UHFFFAOYSA-N,False,[],[],False,False,O=S(=O)(Nc1ccno1)c1ccccc1-c1ccc(-c2ncco2)cc1,-7.5048322677612305,-7.725706577301025,0.545831024646759,0.43636363636363634,False,random,2026-09-28T18:22:24.873948+00:00,Cc1nc(-c2ccc(-c3ccccc3S(=O)(=O)Nc3onc(C)c3C)cc2)oc1C,OJUNZBGNMUTVGC-UHFFFAOYSA-N,OJUNZBGNMUTVGC-UHFFFAOYSA-N,[],[],exchangeable_tertiary_ring_NH_and_full_potential_stereo_v3_20260929,9,9,0.4939786978988572,8,Cc1nc(-c2ccc(-c3ccccc3S(=O)(=O)Nc3onc(C)c3C)cc2)oc1C,True,True,Cc1nc(-c2ccc(-c3ccccc3S(=O)(=O)Nc3onc(C)c3C)cc2)oc1C,True,True,prepared,<PACKAGE_ROOT>\Documents\Codex\TMC1_R2_Scratch_20260929\03_compute\formal_forward_v2_initial278\ligands\LIB_OJUNZBGNMUTVGC.sdf,4f741717740a01a2100b616257311e4855498dfa29beed2a6884e77f4b216ef1,<PACKAGE_ROOT>\Documents\Codex\TMC1_R2_Scratch_20260929\03_compute\formal_forward_v2_initial278\ligands\LIB_OJUNZBGNMUTVGC.pdbqt,558206b33b06b5bbb72392af7c7b2798097a24b3fe3c5fd3820cbec73d41875c,0.896
LIB_OOBVFAPEUYZCPP,ChEMBL,CHEMBL1084632,CHEMBL1084632,https://www.ebi.ac.uk/chembl/compound_report_card/CHEMBL1084632/,CCCS(=O)(=O)Nc1ccc(-c2ccc3c(cnn3-c3ccc(F)cc3)c2)c(C(F)(F)F)c1,CCCS(=O)(=O)Nc1ccc(-c2ccc3c(cnn3-c3ccc(F)cc3)c2)c(C(F)(F)F)c1,CCCS(=O)(=O)Nc1ccc(-c2ccc3c(cnn3-c3ccc(F)cc3)c2)c(C(F)(F)F)c1,OOBVFAPEUYZCPP-UHFFFAOYSA-N,OOBVFAPEUYZCPP,eligible,477.483,6.002,63.99,1,3,6,33,4,0.3465,0,1,1,False,predicted,eligible,False,[],1,CCCS(=O)(=O)Nc1ccc(-c2ccc3c(cnn3-c3ccc(F)cc3)c2)c(C(F)(F)F)c1,OOBVFAPEUYZCPP-UHFFFAOYSA-N,False,[],[],False,False,c1ccc(-c2ccc3c(cnn3-c3ccccc3)c2)cc1,-7.764432430267334,-7.7335615158081055,0.8688449263572693,0.2696629213483146,True,random,2026-09-28T18:22:25.771129+00:00,CCCS(=O)(=O)Nc1ccc(-c2ccc3c(cnn3-c3ccc(F)cc3)c2)c(C(F)(F)F)c1,OOBVFAPEUYZCPP-UHFFFAOYSA-N,OOBVFAPEUYZCPP-UHFFFAOYSA-N,[],[],exchangeable_tertiary_ring_NH_and_full_potential_stereo_v3_20260929,10,10,44.798251808927716,6,CCCS(=O)(=O)Nc1ccc(-c2ccc3c(cnn3-c3ccc(F)cc3)c2)c(C(F)(F)F)c1,True,True,CCCS(=O)(=O)Nc1ccc(-c2ccc3c(cnn3-c3ccc(F)cc3)c2)c(C(F)(F)F)c1,True,True,prepared,<PACKAGE_ROOT>\Documents\Codex\TMC1_R2_Scratch_20260929\03_compute\formal_forward_v2_initial278\ligands\LIB_OOBVFAPEUYZCPP.sdf,a181a93234b1c6efd72520de48a4fc777831a13d809b2ce852a42a2e670ffdc0,<PACKAGE_ROOT>\Documents\Codex\TMC1_R2_Scratch_20260929\03_compute\formal_forward_v2_initial278\ligands\LIB_OOBVFAPEUYZCPP.pdbqt,9f87f09b2e5b694b57797d36d489f48d7115eebf932b39ffbb325aad1b365bb7,0.803
LIB_FTFOAFZZXPZIAN,ChEMBL,CHEMBL100385,CHEMBL100385,https://www.ebi.ac.uk/chembl/compound_report_card/CHEMBL100385/,CN(C)c1ncnc2c1ncn2CCCCCO,CN(C)c1ncnc2c1ncn2CCCCCO,CN(C)c1ncnc2c1ncn2CCCCCO,FTFOAFZZXPZIAN-UHFFFAOYSA-N,FTFOAFZZXPZIAN,eligible,249.318,1.055,67.07,1,5,6,18,2,0.7752,0,1,1,False,predicted,eligible,False,[],1,CN(C)c1ncnc2c1ncn2CCCCCO,FTFOAFZZXPZIAN-UHFFFAOYSA-N,False,[],[],False,False,c1ncc2nc[nH]c2n1,-5.8798017501831055,-5.639130592346191,0.5496834516525269,0.3230769230769231,False,random,2026-09-28T18:22:26.575572+00:00,CN(C)c1ncnc2c1ncn2CCCCCO,FTFOAFZZXPZIAN-UHFFFAOYSA-N,FTFOAFZZXPZIAN-UHFFFAOYSA-N,[],[],exchangeable_tertiary_ring_NH_and_full_potential_stereo_v3_20260929,10,10,17.42796039887708,4,CN(C)c1ncnc2c1ncn2CCCCCO,True,True,CN(C)c1ncnc2c1ncn2CCCCCO,True,True,prepared,<PACKAGE_ROOT>\Documents\Codex\TMC1_R2_Scratch_20260929\03_compute\formal_forward_v2_initial278\ligands\LIB_FTFOAFZZXPZIAN.sdf,c92e1e7015edbd4ffc69d35c57df8195f0ae3fcfe1a418e3659a4548918b473e,<PACKAGE_ROOT>\Documents\Codex\TMC1_R2_Scratch_20260929\03_compute\formal_forward_v2_initial278\ligands\LIB_FTFOAFZZXPZIAN.pdbqt,81a00ec94227eb69b9c94f4d71d3498c49fac596b9ccea7973f3fda941f751a2,0.291
LIB_UYSJVSDAZQUFEH,ChEMBL,CHEMBL1085089,CHEMBL1085089,https://www.ebi.ac.uk/chembl/compound_report_card/CHEMBL1085089/,CN1C[C@@H]2C[C@H]1CN2c1ccc(-c2ccc3occc3c2)cn1,CN1C[C@@H]2C[C@H]1CN2c1ccc(-c2ccc3occc3c2)cn1,CN1CC2CC1CN2c1ccc(-c2ccc3occc3c2)cn1,UYSJVSDAZQUFEH-IRXDYDNUSA-N,UYSJVSDAZQUFEH,eligible,305.381,3.388,32.51,0,4,2,23,5,0.7263,0,1,1,False,predicted,eligible,False,[],1,C[NH+]1C[C@@H]2C[C@H]1C[NH+]2c1ccc(-c2ccc3occc3c2)cn1,UYSJVSDAZQUFEH-IRXDYDNUSA-P,True,"[[""Atom_Tetrahedral"", 1], [""Atom_Tetrahedral"", 7]]","[1, 7]",False,True,c1cc2cc(-c3ccc([NH+]4CC5CC4C[NH2+]5)nc3)ccc2o1,-6.567915439605713,-6.914886474609375,0.6302133202552795,0.21212121212121213,True,random,2026-09-28T18:22:26.867815+00:00,CN1C[C@@H]2C[C@H]1CN2c1ccc(-c2ccc3occc3c2)cn1,UYSJVSDAZQUFEH-IRXDYDNUSA-N,UYSJVSDAZQUFEH-IRXDYDNUSA-P,"[[""Atom_Tetrahedral"", 1], [""Atom_Tetrahedral"", 7]]","[1, 7]",exchangeable_tertiary_ring_NH_and_full_potential_stereo_v3_20260929,7,7,147.05711039414413,3,C[N@H+]1C[C@@H]2C[C@H]1C[N@@H+]2c1ccc(-c2ccc3occc3c2)cn1,False,True,C[N@H+]1C[C@@H]2C[C@H]1C[N@@H+]2c1ccc(-c2ccc3occc3c2)cn1,False,True,prepared,<PACKAGE_ROOT>\Documents\Codex\TMC1_R2_Scratch_20260929\03_compute\formal_forward_v2_initial278\ligands\LIB_UYSJVSDAZQUFEH.sdf,73312232534b0f199adfdb1d0250a40426a986fcf5e9c2c941ba925cbfe2bbfb,<PACKAGE_ROOT>\Documents\Codex\TMC1_R2_Scratch_20260929\03_compute\formal_forward_v2_initial278\ligands\LIB_UYSJVSDAZQUFEH.pdbqt,e484f112e6b1f0d967924c1ac7504485f55c060fb19766ea283624760ddbbaae,0.475
LIB_MCMVYADVIOSDHY,ChEMBL,CHEMBL1082988,CHEMBL1082988,https://www.ebi.ac.uk/chembl/compound_report_card/CHEMBL1082988/,COC(=O)c1nc(Sc2ccc(OC)cc2)n(COCCOC(C)=O)n1,COC(=O)c1nc(Sc2ccc(OC)cc2)n(COCCOC(C)=O)n1,COC(=O)c1nc(Sc2ccc(OC)cc2)n(COCCOC(C)=O)n1,MCMVYADVIOSDHY-UHFFFAOYSA-N,MCMVYADVIOSDHY,eligible,381.41,1.762,101.77,0,9,9,26,2,0.4747,0,1,1,False,predicted,eligible,False,[],1,COC(=O)c1nc(Sc2ccc(OC)cc2)n(COCCOC(C)=O)n1,MCMVYADVIOSDHY-UHFFFAOYSA-N,False,[],[],False,False,c1ccc(Sc2ncn[nH]2)cc1,-6.293063163757324,-6.537175178527832,0.6312295198440552,0.2786885245901639,True,random,2026-09-28T18:22:27.343806+00:00,COC(=O)c1nc(Sc2ccc(OC)cc2)n(COCCOC(C)=O)n1,MCMVYADVIOSDHY-UHFFFAOYSA-N,MCMVYADVIOSDHY-UHFFFAOYSA-N,[],[],exchangeable_tertiary_ring_NH_and_full_potential_stereo_v3_20260929,10,10,119.37674549081147,7,COC(=O)c1nc(Sc2ccc(OC)cc2)n(COCCOC(C)=O)n1,True,True,COC(=O)c1nc(Sc2ccc(OC)cc2)n(COCCOC(C)=O)n1,True,True,prepared,<PACKAGE_ROOT>\Documents\Codex\TMC1_R2_Scratch_20260929\03_compute\formal_forward_v2_initial278\ligands\LIB_MCMVYADVIOSDHY.sdf,877fa97db5a0fec52b4b9d564d511e89b8873a8b069bccb24212039c88c957fe,<PACKAGE_ROOT>\Documents\Codex\TMC1_R2_Scratch_20260929\03_compute\formal_forward_v2_initial278\ligands\LIB_MCMVYADVIOSDHY.pdbqt,036128d50a58e7bc1ca8ed1926ea9372b292a198bccc8e4ab463a065b1d0cff0,0.548
LIB_QUVFHVHLCFFINS,ChEMBL,CHEMBL108320,CHEMBL108320,https://www.ebi.ac.uk/chembl/compound_report_card/CHEMBL108320/,Nc1cccc(-c2ccc(C(=O)O)cc2)c1,Nc1cccc(-c2ccc(C(=O)O)cc2)c1,Nc1cccc(-c2ccc(C(=O)O)cc2)c1,QUVFHVHLCFFINS-UHFFFAOYSA-N,QUVFHVHLCFFINS,eligible,213.236,2.634,63.32,2,2,2,16,2,0.7536,0,1,1,False,predicted,eligible,False,[],1,Nc1cccc(-c2ccc(C(=O)[O-])cc2)c1,QUVFHVHLCFFINS-UHFFFAOYSA-M,False,[],[],False,False,c1ccc(-c2ccccc2)cc1,-6.289563179016113,-6.453965663909912,0.6535971164703369,0.4,False,random,2026-09-28T18:22:27.892768+00:00,Nc1cccc(-c2ccc(C(=O)O)cc2)c1,QUVFHVHLCFFINS-UHFFFAOYSA-N,QUVFHVHLCFFINS-UHFFFAOYSA-M,[],[],exchangeable_tertiary_ring_NH_and_full_potential_stereo_v3_20260929,2,2,51.19898237263026,1,Nc1cccc(-c2ccc(C(=O)[O-])cc2)c1,True,True,Nc1cccc(-c2ccc(C(=O)[O-])cc2)c1,True,True,prepared,<PACKAGE_ROOT>\Documents\Codex\TMC1_R2_Scratch_20260929\03_compute\formal_forward_v2_initial278\ligands\LIB_QUVFHVHLCFFINS.sdf,f42c70d21d3fee835065219d6f8602147c497c8c61aec29ce6e174bf47d6a4a5,<PACKAGE_ROOT>\Documents\Codex\TMC1_R2_Scratch_20260929\03_compute\formal_forward_v2_initial278\ligands\LIB_QUVFHVHLCFFINS.pdbqt,35024b79906227f7af40eadf413f1954a64f6728e2a2fd71b973772c24ad4573,0.089
LIB_PONILUFZRIPFJP,ChEMBL,CHEMBL1080695,CHEMBL1080695,https://www.ebi.ac.uk/chembl/compound_report_card/CHEMBL1080695/,O=C(O)Cc1sc(N(c2ccccc2)c2ccccc2)nc1-c1ccc(F)cc1,O=C(O)Cc1sc(N(c2ccccc2)c2ccccc2)nc1-c1ccc(F)cc1,O=C(O)Cc1sc(N(c2ccccc2)c2ccccc2)nc1-c1ccc(F)cc1,PONILUFZRIPFJP-UHFFFAOYSA-N,PONILUFZRIPFJP,eligible,404.466,6.046,53.43,1,4,6,29,4,0.4252,0,1,1,False,predicted,eligible,False,[],1,O=C([O-])Cc1sc(N(c2ccccc2)c2ccccc2)nc1-c1ccc(F)cc1,PONILUFZRIPFJP-UHFFFAOYSA-M,False,[],[],False,False,c1ccc(-c2csc(N(c3ccccc3)c3ccccc3)n2)cc1,-7.244710922241211,-7.000308036804199,0.6993137001991272,0.3617021276595745,False,random,2026-09-28T18:22:27.984079+00:00,O=C(O)Cc1sc(N(c2ccccc2)c2ccccc2)nc1-c1ccc(F)cc1,PONILUFZRIPFJP-UHFFFAOYSA-N,PONILUFZRIPFJP-UHFFFAOYSA-M,[],[],exchangeable_tertiary_ring_NH_and_full_potential_stereo_v3_20260929,9,9,99.78122234324164,0,O=C([O-])Cc1sc(N(c2ccccc2)c2ccccc2)nc1-c1ccc(F)cc1,True,True,O=C([O-])Cc1sc(N(c2ccccc2)c2ccccc2)nc1-c1ccc(F)cc1,True,True,prepared,<PACKAGE_ROOT>\Documents\Codex\TMC1_R2_Scratch_20260929\03_compute\formal_forward_v2_initial278\ligands\LIB_PONILUFZRIPFJP.sdf,6b7a707ec87071bd86233a1fffd49ffd32d94369f581ed449ee56229fab34590,<PACKAGE_ROOT>\Documents\Codex\TMC1_R2_Scratch_20260929\03_compute\formal_forward_v2_initial278\ligands\LIB_PONILUFZRIPFJP.pdbqt,c442da2df7a59504884030b0ed1b6b350a6c84effc8d3f123963a8872add29fe,0.511
LIB_HKBHNZWWRRRSCH,ChEMBL,CHEMBL1087408,CHEMBL1087408,https://www.ebi.ac.uk/chembl/compound_report_card/CHEMBL1087408/,NC(=O)c1ccc2c(c1)nc(NCc1ccccc1Cl)n2CCc1c[nH]c2ccccc12,NC(=O)c1ccc2c(c1)nc(NCc1ccccc1Cl)n2CCc1c[nH]c2ccccc12,NC(=O)c1ccc2c(c1)nc(NCc1ccccc1Cl)n2CCc1c[nH]c2ccccc12,HKBHNZWWRRRSCH-UHFFFAOYSA-N,HKBHNZWWRRRSCH,eligible,443.938,5.125,88.73,3,3,7,32,5,0.3257,0,1,1,False,predicted,eligible,False,[],1,NC(=O)c1ccc2c(c1)nc(NCc1ccccc1Cl)n2CCc1c[nH]c2ccccc12,HKBHNZWWRRRSCH-UHFFFAOYSA-N,False,[],[],False,False,c1ccc(CNc2nc3ccccc3n2CCc2c[nH]c3ccccc23)cc1,-7.691462993621826,-7.977968692779541,0.794394850730896,0.29411764705882354,True,random,2026-09-28T18:22:28.496775+00:00,NC(=O)c1ccc2c(c1)nc(NCc1ccccc1Cl)n2CCc1c[nH]c2ccccc12,HKBHNZWWRRRSCH-UHFFFAOYSA-N,HKBHNZWWRRRSCH-UHFFFAOYSA-N,[],[],exchangeable_tertiary_ring_NH_and_full_potential_stereo_v3_20260929,10,10,-9.943329876953532,1,NC(=O)c1ccc2c(c1)nc(NCc1ccccc1Cl)n2CCc1c[nH]c2ccccc12,True,True,NC(=O)c1ccc2c(c1)nc(NCc1ccccc1Cl)n2CCc1c[nH]c2ccccc12,True,True,prepared,<PACKAGE_ROOT>\Documents\Codex\TMC1_R2_Scratch_20260929\03_compute\formal_forward_v2_initial278\ligands\LIB_HKBHNZWWRRRSCH.sdf,442d51cafd27c8ea9c512e8837977779ab4f191d755053a55ab92ea74a289ead,<PACKAGE_ROOT>\Documents\Codex\TMC1_R2_Scratch_20260929\03_compute\formal_forward_v2_initial278\ligands\LIB_HKBHNZWWRRRSCH.pdbqt,7d90353cae67e06e7ffe4fa013cc5041ab7a3e21d379a5256582b273a069f744,0.803
LIB_UVJAYAHHKNFNAG,ChEMBL,CHEMBL101880,CHEMBL101880,https://www.ebi.ac.uk/chembl/compound_report_card/CHEMBL101880/,COc1ccc([C@@H]2[C@@H](CCc3ccccc3)CC(=O)N2c2ccc(OC)cc2)cc1,COc1ccc([C@@H]2[C@@H](CCc3ccccc3)CC(=O)N2c2ccc(OC)cc2)cc1,COc1ccc(C2C(CCc3ccccc3)CC(=O)N2c2ccc(OC)cc2)cc1,UVJAYAHHKNFNAG-HFZDXXHNSA-N,UVJAYAHHKNFNAG,eligible,401.506,5.431,38.77,0,3,7,30,4,0.5298,0,1,1,False,predicted,eligible,False,[],1,COc1ccc([C@@H]2[C@@H](CCc3ccccc3)CC(=O)[NH+]2c2ccc(OC)cc2)cc1,UVJAYAHHKNFNAG-HFZDXXHNSA-O,True,"[[""Atom_Tetrahedral"", 19]]",[19],False,True,O=C1CC(CCc2ccccc2)C(c2ccccc2)[NH+]1c1ccccc1,-7.036367416381836,-7.495969295501709,0.7486753463745117,0.35294117647058826,False,random,2026-09-28T18:22:29.299700+00:00,COc1ccc([C@@H]2[C@@H](CCc3ccccc3)CC(=O)N2c2ccc(OC)cc2)cc1,UVJAYAHHKNFNAG-HFZDXXHNSA-N,UVJAYAHHKNFNAG-HFZDXXHNSA-O,"[[""Atom_Tetrahedral"", 19]]",[19],exchangeable_tertiary_ring_NH_and_full_potential_stereo_v3_20260929,10,10,6.910316579536847,6,COc1ccc([C@@H]2[C@@H](CCc3ccccc3)CC(=O)[N@H+]2c2ccc(OC)cc2)cc1,False,True,COc1ccc([C@@H]2[C@@H](CCc3ccccc3)CC(=O)[N@H+]2c2ccc(OC)cc2)cc1,False,True,prepared,<PACKAGE_ROOT>\Documents\Codex\TMC1_R2_Scratch_20260929\03_compute\formal_forward_v2_initial278\ligands\LIB_UVJAYAHHKNFNAG.sdf,770a2d4e422eb1dc5bd302782ee92ba02f47aa4078fc608e6a51dcbad83db9b4,<PACKAGE_ROOT>\Documents\Codex\TMC1_R2_Scratch_20260929\03_compute\formal_forward_v2_initial278\ligands\LIB_UVJAYAHHKNFNAG.pdbqt,441a50be7dc9078157e59f951024e0cd1780b90d43a47013574d8cd697f98d96,1.267
LIB_IFIQVSCCFRXSJV,ChEMBL,CHEMBL1078651,CHEMBL1078651;CHEMBL1078652,https://www.ebi.ac.uk/chembl/compound_report_card/CHEMBL1078651/,CC1(C)CC[C@]2(C(=O)O)CC[C@]3(C)C(=CC[C@@H]4[C@@]5(C)C[C@@H](O)[C@H](O)[C@](C)(CO)[C@@H]5CC[C@]43C)[C@@H]2[C@@H]1O,CC1(C)CC[C@]2(C(=O)O)CC[C@]3(C)C(=CC[C@@H]4[C@@]5(C)C[C@@H](O)[C@H](O)[C@](C)(CO)[C@@H]5CC[C@]43C)[C@@H]2[C@@H]1O,CC1(C)CCC2(C(=O)O)CCC3(C)C(=CCC4C5(C)CC(O)C(O)C(C)(CO)C5CCC43C)C2C1O,IFIQVSCCFRXSJV-GOVAGAJPSA-N,IFIQVSCCFRXSJV,eligible,504.708,4.148,118.22,5,5,2,36,5,0.3607,0,2,2,False,predicted,eligible,False,[],1,CC1(C)CC[C@]2(C(=O)[O-])CC[C@]3(C)C(=CC[C@@H]4[C@@]5(C)C[C@@H](O)[C@H](O)[C@](C)(CO)[C@@H]5CC[C@]43C)[C@@H]2[C@@H]1O,IFIQVSCCFRXSJV-GOVAGAJPSA-M,False,[],[],False,False,C1=C2C3CCCCC3CCC2C2CCC3CCCCC3C2C1,-8.570183753967285,-7.576839447021484,0.7269396185874939,0.2289156626506024,True,random;descriptor_ridge,2026-09-28T18:22:30.568584+00:00,CC1(C)CC[C@]2(C(=O)O)CC[C@]3(C)C(=CC[C@@H]4[C@@]5(C)C[C@@H](O)[C@H](O)[C@](C)(CO)[C@@H]5CC[C@]43C)[C@@H]2[C@@H]1O,IFIQVSCCFRXSJV-GOVAGAJPSA-N,IFIQVSCCFRXSJV-GOVAGAJPSA-M,[],[],exchangeable_tertiary_ring_NH_and_full_potential_stereo_v3_20260929,9,9,183.73769862372376,4,CC1(C)CC[C@]2(C(=O)[O-])CC[C@]3(C)C(=CC[C@@H]4[C@@]5(C)C[C@@H](O)[C@H](O)[C@](C)(CO)[C@@H]5CC[C@]43C)[C@@H]2[C@@H]1O,True,True,CC1(C)CC[C@]2(C(=O)[O-])CC[C@]3(C)C(=CC[C@@H]4[C@@]5(C)C[C@@H](O)[C@H](O)[C@](C)(CO)[C@@H]5CC[C@]43C)[C@@H]2[C@@H]1O,True,True,prepared,<PACKAGE_ROOT>\Documents\Codex\TMC1_R2_Scratch_20260929\03_compute\formal_forward_v2_initial278\ligands\LIB_IFIQVSCCFRXSJV.sdf,78a7b4bc672149cdd63f2418155a44f4f971209de1ce207fd334e60d76454a6b,<PACKAGE_ROOT>\Documents\Codex\TMC1_R2_Scratch_20260929\03_compute\formal_forward_v2_initial278\ligands\LIB_IFIQVSCCFRXSJV.pdbqt,96623df3a0ef082bc71acddc138ed46a96705cd421a09d9c50e31013fb94f26c,3.859
LIB_OHXCLBVZKIOYOG,ChEMBL,CHEMBL1084981,CHEMBL1084981,https://www.ebi.ac.uk/chembl/compound_report_card/CHEMBL1084981/,O=S1(=O)CCCN1C[C@@H]1CCC[C@@]2(S(=O)(=O)c3ccc(C(F)(F)F)cc3)c3c(F)ccc(F)c3OC[C@@H]12,O=S1(=O)CCCN1C[C@@H]1CCC[C@@]2(S(=O)(=O)c3ccc(C(F)(F)F)cc3)c3c(F)ccc(F)c3OC[C@@H]12,O=S1(=O)CCCN1CC1CCCC2(S(=O)(=O)c3ccc(C(F)(F)F)cc3)c3c(F)ccc(F)c3OCC12,OHXCLBVZKIOYOG-WIRVKHDMSA-N,OHXCLBVZKIOYOG,eligible,565.582,4.497,80.75,0,5,4,37,5,0.5106,0,1,1,False,predicted,eligible,False,[],1,O=S1(=O)CCC[NH+]1C[C@@H]1CCC[C@@]2(S(=O)(=O)c3ccc(C(F)(F)F)cc3)c3c(F)ccc(F)c3OC[C@@H]12,OHXCLBVZKIOYOG-WIRVKHDMSA-O,True,"[[""Atom_Tetrahedral"", 6]]",[6],False,True,O=S1(=O)CCC[NH+]1CC1CCCC2(S(=O)(=O)c3ccccc3)c3ccccc3OCC12,-7.9752092361450195,-8.058545112609863,0.5225843191146851,0.2,True,random,2026-09-28T18:22:34.428260+00:00,O=S1(=O)CCCN1C[C@@H]1CCC[C@@]2(S(=O)(=O)c3ccc(C(F)(F)F)cc3)c3c(F)ccc(F)c3OC[C@@H]12,OHXCLBVZKIOYOG-WIRVKHDMSA-N,OHXCLBVZKIOYOG-WIRVKHDMSA-O,"[[""Atom_Tetrahedral"", 6]]",[6],exchangeable_tertiary_ring_NH_and_full_potential_stereo_v3_20260929,9,9,-15.04090387448364,7,O=S1(=O)CCC[N@@H+]1C[C@@H]1CCC[C@@]2(S(=O)(=O)c3ccc(C(F)(F)F)cc3)c3c(F)ccc(F)c3OC[C@@H]12,False,True,O=S1(=O)CCC[N@@H+]1C[C@@H]1CCC[C@@]2(S(=O)(=O)c3ccc(C(F)(F)F)cc3)c3c(F)ccc(F)c3OC[C@@H]12,False,True,prepared,<PACKAGE_ROOT>\Documents\Codex\TMC1_R2_Scratch_20260929\03_compute\formal_forward_v2_initial278\ligands\LIB_OHXCLBVZKIOYOG.sdf,8d4d04b52073e038ed8f870dd5422277e1d10ddf86521ee2aa0a36c4dc5eed38,<PACKAGE_ROOT>\Documents\Codex\TMC1_R2_Scratch_20260929\03_compute\formal_forward_v2_initial278\ligands\LIB_OHXCLBVZKIOYOG.pdbqt,8062831c9bd8736c62a404ae7b8866e2e1b44d43849f04a49ccee4eb4a114c6e,1.444
LIB_KRGWFTJXWQZJML,ChEMBL,CHEMBL1086917,CHEMBL1086917,https://www.ebi.ac.uk/chembl/compound_report_card/CHEMBL1086917/,CC(C)(Oc1ccc2c(c1)S(=O)(=O)N=C(c1c(O)c3cc(F)ccc3n(CCC3CC3)c1=O)N2)C(=O)O,CC(C)(Oc1ccc2c(c1)S(=O)(=O)N=C(c1c(O)c3cc(F)ccc3n(CCC3CC3)c1=O)N2)C(=O)O,CC(C)(Oc1ccc2c(c1)S(=O)(=O)N=C(c1c(O)c3cc(F)ccc3n(CCC3CC3)c1=O)N2)C(=O)O,KRGWFTJXWQZJML-UHFFFAOYSA-N,KRGWFTJXWQZJML,eligible,529.546,3.449,147.29,3,7,7,37,5,0.4217,0,1,1,False,predicted,eligible,False,[],1,CC(C)(Oc1ccc2c(c1)S(=O)(=O)[NH+]=C(c1c([O-])c3cc(F)ccc3n(CCC3CC3)c1=O)N2)C(=O)[O-],KRGWFTJXWQZJML-UHFFFAOYSA-M,False,[],[],False,False,O=c1c(C2=[NH+]S(=O)(=O)c3ccccc3N2)cc2ccccc2n1CCC1CC1,-7.749300479888916,-7.8350067138671875,0.6203697323799133,0.26582278481012656,True,random,2026-09-28T18:22:35.875331+00:00,CC(C)(Oc1ccc2c(c1)S(=O)(=O)N=C(c1c(O)c3cc(F)ccc3n(CCC3CC3)c1=O)N2)C(=O)O,KRGWFTJXWQZJML-UHFFFAOYSA-N,KRGWFTJXWQZJML-UHFFFAOYSA-M,[],[],exchangeable_tertiary_ring_NH_and_full_potential_stereo_v3_20260929,10,10,-151.43783248289142,1,CC(C)(Oc1ccc2c(c1)S(=O)(=O)[NH+]=C(c1c([O-])c3cc(F)ccc3n(CCC3CC3)c1=O)N2)C(=O)[O-],True,True,CC(C)(Oc1ccc2c(c1)S(=O)(=O)[NH+]=C(c1c([O-])c3cc(F)ccc3n(CCC3CC3)c1=O)N2)C(=O)[O-],True,True,prepared,<PACKAGE_ROOT>\Documents\Codex\TMC1_R2_Scratch_20260929\03_compute\formal_forward_v2_initial278\ligands\LIB_KRGWFTJXWQZJML.sdf,73845b4c546e27cf96d5285cb1316f75ecadc45048320ab78fa693fdc9e0c497,<PACKAGE_ROOT>\Documents\Codex\TMC1_R2_Scratch_20260929\03_compute\formal_forward_v2_initial278\ligands\LIB_KRGWFTJXWQZJML.pdbqt,52135cf3d1b210d348728e5691649f3ae240feb731d54c865579f03f0e87fe15,1.371
LIB_KRKNYBCHXYNGOX,ChEMBL,CHEMBL1200458,CHEMBL1200458;CHEMBL1201170;CHEMBL1261;CHEMBL1355;CHEMBL2103738;CHEMBL3989480;CHEMBL3989678;CHEMBL3989822;CHEMBL3990694,https://www.ebi.ac.uk/chembl/compound_report_card/CHEMBL1200458/,O=C([O-])CC(O)(CC(=O)[O-])C(=O)[O-].[K+].[K+].[K+],O=C(O)CC(O)(CC(=O)O)C(=O)O,O=C(O)CC(O)(CC(=O)O)C(=O)O,KRKNYBCHXYNGOX-UHFFFAOYSA-N,KRKNYBCHXYNGOX,eligible,192.123,-1.248,132.13,4,4,5,13,0,0.4274,0,9,1,False,predicted,eligible,False,[],1,O=C([O-])CC(O)(CC(=O)[O-])C(=O)[O-],KRKNYBCHXYNGOX-UHFFFAOYSA-K,False,[],[],False,False,ACYCLIC:O=C([O-])CC(O)(CC(=O)[O-])C(=O)[O-],-5.437596321105957,-5.097532749176025,0.5522974133491516,0.3181818181818182,False,random,2026-09-28T18:22:37.247255+00:00,O=C(O)CC(O)(CC(=O)O)C(=O)O,KRKNYBCHXYNGOX-UHFFFAOYSA-N,KRKNYBCHXYNGOX-UHFFFAOYSA-K,[],[],exchangeable_tertiary_ring_NH_and_full_potential_stereo_v3_20260929,10,10,234.11412625401024,0,O=C([O-])CC(O)(CC(=O)[O-])C(=O)[O-],True,True,O=C([O-])CC(O)(CC(=O)[O-])C(=O)[O-],True,True,prepared,<PACKAGE_ROOT>\Documents\Codex\TMC1_R2_Scratch_20260929\03_compute\formal_forward_v2_initial278\ligands\LIB_KRKNYBCHXYNGOX.sdf,25946e38f01e7bce6164f196eeb90fda6a47aa48724fe662495df060b84ab08a,<PACKAGE_ROOT>\Documents\Codex\TMC1_R2_Scratch_20260929\03_compute\formal_forward_v2_initial278\ligands\LIB_KRKNYBCHXYNGOX.pdbqt,e4826e80e7549a3517d3d3ae3ff17411cf11157e789f6be0475d43898ff58bee,0.099
LIB_KWWHIDCVULQSFZ,ChEMBL,CHEMBL106612,CHEMBL106612;CHEMBL106913;CHEMBL106931,https://www.ebi.ac.uk/chembl/compound_report_card/CHEMBL106612/,NC[C@H]1CC[C@H](c2c[nH]cn2)O1,NC[C@H]1CC[C@H](c2c[nH]cn2)O1,NCC1CCC(c2c[nH]cn2)O1,KWWHIDCVULQSFZ-HTRCEHHLSA-N,KWWHIDCVULQSFZ,eligible,167.212,0.588,63.93,2,3,2,12,2,0.6771,0,3,3,False,predicted,eligible,False,[],1,[NH3+]C[C@H]1CC[C@H](c2c[n-]cn2)O1,OHTDSCLPPZHZAY-HTRCEHHLSA-O,False,[],[],False,False,c1nc(C2CCCO2)c[n-]1,-5.666059494018555,-5.880991458892822,0.5629118084907532,0.26785714285714285,True,random,2026-09-28T18:22:37.348119+00:00,NC[C@H]1CC[C@H](c2c[nH]cn2)O1,KWWHIDCVULQSFZ-HTRCEHHLSA-N,OHTDSCLPPZHZAY-HTRCEHHLSA-O,[],[],exchangeable_tertiary_ring_NH_and_full_potential_stereo_v3_20260929,8,8,-34.3437199852838,0,[NH3+]C[C@H]1CC[C@H](c2c[n-]cn2)O1,True,True,[NH3+]C[C@H]1CC[C@H](c2c[n-]cn2)O1,True,True,prepared,<PACKAGE_ROOT>\Documents\Codex\TMC1_R2_Scratch_20260929\03_compute\formal_forward_v2_initial278\ligands\LIB_KWWHIDCVULQSFZ.sdf,97a0455ba748bd1f447ed5eb0fbb1ab555417499272b01eae57aee0a0348350d,<PACKAGE_ROOT>\Documents\Codex\TMC1_R2_Scratch_20260929\03_compute\formal_forward_v2_initial278\ligands\LIB_KWWHIDCVULQSFZ.pdbqt,a1a72a817cd195ba43a2ab590dadb30e635f509933528c28f000791d377429ec,0.19
LIB_CHFMAFLBJKNXLK,ChEMBL,CHEMBL1076270,CHEMBL1076270,https://www.ebi.ac.uk/chembl/compound_report_card/CHEMBL1076270/,Cc1cc(=O)oc2c3c(ccc12)OCC(CN1CCN(c2ccccc2)CC1)(CN1CCN(c2ccccc2)CC1)C3=O,Cc1cc(=O)oc2c3c(ccc12)OCC(CN1CCN(c2ccccc2)CC1)(CN1CCN(c2ccccc2)CC1)C3=O,Cc1cc(=O)oc2c3c(ccc12)OCC(CN1CCN(c2ccccc2)CC1)(CN1CCN(c2ccccc2)CC1)C3=O,CHFMAFLBJKNXLK-UHFFFAOYSA-N,CHFMAFLBJKNXLK,eligible,578.713,4.307,69.47,0,8,6,43,7,0.3139,0,1,1,False,predicted,eligible,False,[],1,Cc1cc(=O)oc2c3c(ccc12)OCC(C[NH+]1CCN(c2ccccc2)CC1)(C[NH+]1CCN(c2ccccc2)CC1)C3=O,CHFMAFLBJKNXLK-UHFFFAOYSA-P,False,[],"[16, 29]",False,False,O=C1c2c(ccc3ccc(=O)oc23)OCC1(C[NH+]1CCN(c2ccccc2)CC1)C[NH+]1CCN(c2ccccc2)CC1,-8.079789161682129,-8.174094200134277,0.7301439046859741,0.3076923076923077,False,random,2026-09-28T18:22:37.540105+00:00,Cc1cc(=O)oc2c3c(ccc12)OCC(CN1CCN(c2ccccc2)CC1)(CN1CCN(c2ccccc2)CC1)C3=O,CHFMAFLBJKNXLK-UHFFFAOYSA-N,CHFMAFLBJKNXLK-UHFFFAOYSA-P,[],"[16, 29]",exchangeable_tertiary_ring_NH_and_full_potential_stereo_v3_20260929,10,10,335.9406907567561,0,Cc1cc(=O)oc2c3c(ccc12)OCC(C[NH+]1CCN(c2ccccc2)CC1)(C[NH+]1CCN(c2ccccc2)CC1)C3=O,True,True,Cc1cc(=O)oc2c3c(ccc12)OCC(C[NH+]1CCN(c2ccccc2)CC1)(C[NH+]1CCN(c2ccccc2)CC1)C3=O,True,True,prepared,<PACKAGE_ROOT>\Documents\Codex\TMC1_R2_Scratch_20260929\03_compute\formal_forward_v2_initial278\ligands\LIB_CHFMAFLBJKNXLK.sdf,38f229731b42e1d3f9f5c27f03f0965294944a1752996e4f7f3d937c996581a4,<PACKAGE_ROOT>\Documents\Codex\TMC1_R2_Scratch_20260929\03_compute\formal_forward_v2_initial278\ligands\LIB_CHFMAFLBJKNXLK.pdbqt,29581a9c64dd82bba0946ae46201031aeb76af730e5c035ed3f45e6741a6a5ea,2.937
LIB_LVSWEGNPHRUXSW,ChEMBL,CHEMBL1084234,CHEMBL1084234,https://www.ebi.ac.uk/chembl/compound_report_card/CHEMBL1084234/,CN1CCN(c2ccc(-c3cnn4c(N)c(-c5ccc(NC(=O)NCC6CCCCC6)cc5)cnc34)cc2)CC1,CN1CCN(c2ccc(-c3cnn4c(N)c(-c5ccc(NC(=O)NCC6CCCCC6)cc5)cnc34)cc2)CC1,CN1CCN(c2ccc(-c3cnn4c(N)c(-c5ccc(NC(=O)NCC6CCCCC6)cc5)cnc34)cc2)CC1,LVSWEGNPHRUXSW-UHFFFAOYSA-N,LVSWEGNPHRUXSW,eligible,538.7,5.099,103.82,3,6,6,40,6,0.3157,0,1,1,False,predicted,eligible,False,[],1,C[NH+]1CCN(c2ccc(-c3cnn4c(N)c(-c5ccc(NC(=O)NCC6CCCCC6)cc5)cnc34)cc2)CC1,LVSWEGNPHRUXSW-UHFFFAOYSA-O,False,[],[1],False,False,O=C(NCC1CCCCC1)Nc1ccc(-c2cnc3c(-c4ccc(N5CC[NH2+]CC5)cc4)cnn3c2)cc1,-8.359039306640625,-8.371973037719727,0.5455135703086853,0.31313131313131315,False,random;AI_initial,2026-09-28T18:22:40.479141+00:00,CN1CCN(c2ccc(-c3cnn4c(N)c(-c5ccc(NC(=O)NCC6CCCCC6)cc5)cnc34)cc2)CC1,LVSWEGNPHRUXSW-UHFFFAOYSA-N,LVSWEGNPHRUXSW-UHFFFAOYSA-O,[],[1],exchangeable_tertiary_ring_NH_and_full_potential_stereo_v3_20260929,10,10,163.52272454063313,7,C[NH+]1CCN(c2ccc(-c3cnn4c(N)c(-c5ccc(NC(=O)NCC6CCCCC6)cc5)cnc34)cc2)CC1,True,True,C[NH+]1CCN(c2ccc(-c3cnn4c(N)c(-c5ccc(NC(=O)NCC6CCCCC6)cc5)cnc34)cc2)CC1,True,True,prepared,<PACKAGE_ROOT>\Documents\Codex\TMC1_R2_Scratch_20260929\03_compute\formal_forward_v2_initial278\ligands\LIB_LVSWEGNPHRUXSW.sdf,571502353fdfb99188f9780a24b24913fbc491d80fd52208fbc18d49e765acac,<PACKAGE_ROOT>\Documents\Codex\TMC1_R2_Scratch_20260929\03_compute\formal_forward_v2_initial278\ligands\LIB_LVSWEGNPHRUXSW.pdbqt,6401d67b40dd180cefe3ad32c405fd8889c73e1b2133956caabdd34186cd7d3e,2.696
LIB_OFWIRPXDLBDEFC,ChEMBL,CHEMBL1077613,CHEMBL1077613;CHEMBL1077631,https://www.ebi.ac.uk/chembl/compound_report_card/CHEMBL1077613/,CC1=C2C3=CC[C@@H]4[C@@]5(C)C[C@@H](O)[C@H](O)C(C)(C)[C@@H]5CC[C@@]4(C)[C@]3(C)CC[C@@]2(C(=O)O[C@@H]2O[C@H](CO)[C@@H](O)[C@H](O)[C@H]2O)CC[C@H]1C,CC1=C2C3=CC[C@@H]4[C@@]5(C)C[C@@H](O)[C@H](O)C(C)(C)[C@@H]5CC[C@@]4(C)[C@]3(C)CC[C@@]2(C(=O)O[C@@H]2O[C@H](CO)[C@@H](O)[C@H](O)[C@H]2O)CC[C@H]1C,CC1=C2C3=CCC4C5(C)CC(O)C(O)C(C)(C)C5CCC4(C)C3(C)CCC2(C(=O)OC2OC(CO)C(O)C(O)C2O)CCC1C,OFWIRPXDLBDEFC-NRAYHWQBSA-N,OFWIRPXDLBDEFC,eligible,632.835,3.383,156.91,6,9,3,45,6,0.2568,0,2,2,False,predicted,eligible,False,[],1,CC1=C2C3=CC[C@@H]4[C@@]5(C)C[C@@H](O)[C@H](O)C(C)(C)[C@@H]5CC[C@@]4(C)[C@]3(C)CC[C@@]2(C(=O)O[C@@H]2O[C@H](CO)[C@@H](O)[C@H](O)[C@H]2O)CC[C@H]1C,OFWIRPXDLBDEFC-NRAYHWQBSA-N,False,[],[],False,False,O=C(OC1CCCCO1)C12CCCC=C1C1=CCC3C4CCCCC4CCC3C1CC2,-9.399764060974121,-7.909722328186035,0.9364053606987,0.2222222222222222,True,descriptor_ridge,2026-09-28T18:22:43.177639+00:00,CC1=C2C3=CC[C@@H]4[C@@]5(C)C[C@@H](O)[C@H](O)C(C)(C)[C@@H]5CC[C@@]4(C)[C@]3(C)CC[C@@]2(C(=O)O[C@@H]2O[C@H](CO)[C@@H](O)[C@H](O)[C@H]2O)CC[C@H]1C,OFWIRPXDLBDEFC-NRAYHWQBSA-N,OFWIRPXDLBDEFC-NRAYHWQBSA-N,[],[],exchangeable_tertiary_ring_NH_and_full_potential_stereo_v3_20260929,10,10,241.60902754635723,0,CC1=C2C3=CC[C@@H]4[C@@]5(C)C[C@@H](O)[C@H](O)C(C)(C)[C@@H]5CC[C@@]4(C)[C@]3(C)CC[C@@]2(C(=O)O[C@@H]2O[C@H](CO)[C@@H](O)[C@H](O)[C@H]2O)CC[C@H]1C,True,True,CC1=C2C3=CC[C@@H]4[C@@]5(C)C[C@@H](O)[C@H](O)C(C)(C)[C@@H]5CC[C@@]4(C)[C@]3(C)CC[C@@]2(C(=O)O[C@@H]2O[C@H](CO)[C@@H](O)[C@H](O)[C@H]2O)CC[C@H]1C,True,True,prepared,<PACKAGE_ROOT>\Documents\Codex\TMC1_R2_Scratch_20260929\03_compute\formal_forward_v2_initial278\ligands\LIB_OFWIRPXDLBDEFC.sdf,931d078bfedccae0a3110910accaea82000804162522e2b183918ecd4bca826b,<PACKAGE_ROOT>\Documents\Codex\TMC1_R2_Scratch_20260929\03_compute\formal_forward_v2_initial278\ligands\LIB_OFWIRPXDLBDEFC.pdbqt,9489469548b707cbda0a63098cd28528faaeaf2041b410dfd9d92d83e1f3d737,6.184
LIB_ONKDPBFYYUGYFL,ChEMBL,CHEMBL1077632,CHEMBL1077632;CHEMBL1077633,https://www.ebi.ac.uk/chembl/compound_report_card/CHEMBL1077632/,C=C1[C@H]2C3=CC[C@@H]4[C@@]5(C)C[C@@H](O)[C@H](O)C(C)(C)[C@@H]5CC[C@@]4(C)[C@]3(C)CC[C@@]2(C(=O)O[C@@H]2O[C@H](CO)[C@@H](O)[C@H](O)[C@H]2O)CC[C@H]1C,C=C1[C@H]2C3=CC[C@@H]4[C@@]5(C)C[C@@H](O)[C@H](O)C(C)(C)[C@@H]5CC[C@@]4(C)[C@]3(C)CC[C@@]2(C(=O)O[C@@H]2O[C@H](CO)[C@@H](O)[C@H](O)[C@H]2O)CC[C@H]1C,C=C1C(C)CCC2(C(=O)OC3OC(CO)C(O)C(O)C3O)CCC3(C)C(=CCC4C5(C)CC(O)C(O)C(C)(C)C5CCC43C)C12,ONKDPBFYYUGYFL-JTWKOTESSA-N,ONKDPBFYYUGYFL,eligible,632.835,3.239,156.91,6,9,3,45,6,0.2031,0,2,2,False,predicted,eligible,False,[],1,C=C1[C@H]2C3=CC[C@@H]4[C@@]5(C)C[C@@H](O)[C@H](O)C(C)(C)[C@@H]5CC[C@@]4(C)[C@]3(C)CC[C@@]2(C(=O)O[C@@H]2O[C@H](CO)[C@@H](O)[C@H](O)[C@H]2O)CC[C@H]1C,ONKDPBFYYUGYFL-JTWKOTESSA-N,False,[],[],False,False,C=C1CCCC2(C(=O)OC3CCCCO3)CCC3C(=CCC4C5CCCCC5CCC34)C12,-9.387165069580078,-7.597751617431641,1.133526086807251,0.2169811320754717,True,descriptor_ridge,2026-09-28T18:22:49.363638+00:00,C=C1[C@H]2C3=CC[C@@H]4[C@@]5(C)C[C@@H](O)[C@H](O)C(C)(C)[C@@H]5CC[C@@]4(C)[C@]3(C)CC[C@@]2(C(=O)O[C@@H]2O[C@H](CO)[C@@H](O)[C@H](O)[C@H]2O)CC[C@H]1C,ONKDPBFYYUGYFL-JTWKOTESSA-N,ONKDPBFYYUGYFL-JTWKOTESSA-N,[],[],exchangeable_tertiary_ring_NH_and_full_potential_stereo_v3_20260929,10,10,241.84170819846977,0,C=C1[C@H]2C3=CC[C@@H]4[C@@]5(C)C[C@@H](O)[C@H](O)C(C)(C)[C@@H]5CC[C@@]4(C)[C@]3(C)CC[C@@]2(C(=O)O[C@@H]2O[C@H](CO)[C@@H](O)[C@H](O)[C@H]2O)CC[C@H]1C,True,True,C=C1[C@H]2C3=CC[C@@H]4[C@@]5(C)C[C@@H](O)[C@H](O)C(C)(C)[C@@H]5CC[C@@]4(C)[C@]3(C)CC[C@@]2(C(=O)O[C@@H]2O[C@H](CO)[C@@H](O)[C@H](O)[C@H]2O)CC[C@H]1C,True,True,prepared,<PACKAGE_ROOT>\Documents\Codex\TMC1_R2_Scratch_20260929\03_compute\formal_forward_v2_initial278\ligands\LIB_ONKDPBFYYUGYFL.sdf,249b91e0f8035e15d0e19b80d4b02c178a01d6e9af865832e42cf3e40e63ccd7,<PACKAGE_ROOT>\Documents\Codex\TMC1_R2_Scratch_20260929\03_compute\formal_forward_v2_initial278\ligands\LIB_ONKDPBFYYUGYFL.pdbqt,18a73c5ffc5497515711435b9d0f596369a7b2798d6b045b1019ada9e14822ae,5.139
LIB_VOJUDERLBZKDIW,ChEMBL,CHEMBL1077634,CHEMBL1077634,https://www.ebi.ac.uk/chembl/compound_report_card/CHEMBL1077634/,C=C1[C@H]2C3=CC[C@@H]4[C@@]5(C)C[C@@H](O)[C@H](O)[C@@](C)(CO)[C@@H]5CC[C@@]4(C)[C@]3(C)CC[C@@]2(C(=O)O[C@@H]2O[C@H](CO)[C@@H](O)[C@H](O)[C@H]2O)CC[C@H]1C,C=C1[C@H]2C3=CC[C@@H]4[C@@]5(C)C[C@@H](O)[C@H](O)[C@@](C)(CO)[C@@H]5CC[C@@]4(C)[C@]3(C)CC[C@@]2(C(=O)O[C@@H]2O[C@H](CO)[C@@H](O)[C@H](O)[C@H]2O)CC[C@H]1C,C=C1C(C)CCC2(C(=O)OC3OC(CO)C(O)C(O)C3O)CCC3(C)C(=CCC4C5(C)CC(O)C(O)C(C)(CO)C5CCC43C)C12,VOJUDERLBZKDIW-BVJLKSDVSA-N,VOJUDERLBZKDIW,eligible,648.834,2.211,177.14,7,10,4,46,6,0.1767,0,1,1,False,predicted,eligible,False,[],1,C=C1[C@H]2C3=CC[C@@H]4[C@@]5(C)C[C@@H](O)[C@H](O)[C@@](C)(CO)[C@@H]5CC[C@@]4(C)[C@]3(C)CC[C@@]2(C(=O)O[C@@H]2O[C@H](CO)[C@@H](O)[C@H](O)[C@H]2O)CC[C@H]1C,VOJUDERLBZKDIW-BVJLKSDVSA-N,False,[],[],False,False,C=C1CCCC2(C(=O)OC3CCCCO3)CCC3C(=CCC4C5CCCCC5CCC34)C12,-9.384029388427734,-7.630117893218994,1.1481879949569702,0.21296296296296297,True,descriptor_ridge,2026-09-28T18:22:54.504063+00:00,C=C1[C@H]2C3=CC[C@@H]4[C@@]5(C)C[C@@H](O)[C@H](O)[C@@](C)(CO)[C@@H]5CC[C@@]4(C)[C@]3(C)CC[C@@]2(C(=O)O[C@@H]2O[C@H](CO)[C@@H](O)[C@H](O)[C@H]2O)CC[C@H]1C,VOJUDERLBZKDIW-BVJLKSDVSA-N,VOJUDERLBZKDIW-BVJLKSDVSA-N,[],[],exchangeable_tertiary_ring_NH_and_full_potential_stereo_v3_20260929,10,10,253.89555784163784,9,C=C1[C@H]2C3=CC[C@@H]4[C@@]5(C)C[C@@H](O)[C@H](O)[C@@](C)(CO)[C@@H]5CC[C@@]4(C)[C@]3(C)CC[C@@]2(C(=O)O[C@@H]2O[C@H](CO)[C@@H](O)[C@H](O)[C@H]2O)CC[C@H]1C,True,True,C=C1[C@H]2C3=CC[C@@H]4[C@@]5(C)C[C@@H](O)[C@H](O)[C@@](C)(CO)[C@@H]5CC[C@@]4(C)[C@]3(C)CC[C@@]2(C(=O)O[C@@H]2O[C@H](CO)[C@@H](O)[C@H](O)[C@H]2O)CC[C@H]1C,True,True,prepared,<PACKAGE_ROOT>\Documents\Codex\TMC1_R2_Scratch_20260929\03_compute\formal_forward_v2_initial278\ligands\LIB_VOJUDERLBZKDIW.sdf,d355ee68d0c3c016a68e65bf3acb28b6b4f354d14fcd188ba09e7f002904afb6,<PACKAGE_ROOT>\Documents\Codex\TMC1_R2_Scratch_20260929\03_compute\formal_forward_v2_initial278\ligands\LIB_VOJUDERLBZKDIW.pdbqt,d77ee35d715be755034e3d0279b9b67d57babc10879ff26941d53ac96adc9685,6.305
LIB_NEBOKDKFXPUVNX,ChEMBL,CHEMBL1076815,CHEMBL1076815,https://www.ebi.ac.uk/chembl/compound_report_card/CHEMBL1076815/,Cc1nc(-c2cc(-c3ccc(Cl)cc3)n(-c3ccc(F)cc3)n2)sc1C(=O)NNC(=O)NC(=O)c1ccc(C(F)(F)F)cc1,Cc1nc(-c2cc(-c3ccc(Cl)cc3)n(-c3ccc(F)cc3)n2)sc1C(=O)NNC(=O)NC(=O)c1ccc(C(F)(F)F)cc1,Cc1nc(-c2cc(-c3ccc(Cl)cc3)n(-c3ccc(F)cc3)n2)sc1C(=O)NNC(=O)NC(=O)c1ccc(C(F)(F)F)cc1,NEBOKDKFXPUVNX-UHFFFAOYSA-N,NEBOKDKFXPUVNX,eligible,643.022,6.567,118.01,3,6,5,44,5,0.1481,0,1,1,False,predicted,eligible,False,[],1,Cc1nc(-c2cc(-c3ccc(Cl)cc3)n(-c3ccc(F)cc3)n2)sc1C(=O)[N-]NC(=O)NC(=O)c1ccc(C(F)(F)F)cc1,OTELQRDDMQHQNZ-UHFFFAOYSA-M,False,[],[],False,False,O=C(N[N-]C(=O)c1cnc(-c2cc(-c3ccccc3)n(-c3ccccc3)n2)s1)NC(=O)c1ccccc1,-9.263847351074219,-8.231568336486816,0.5071454048156738,0.2962962962962963,True,descriptor_ridge;AI_initial,2026-09-28T18:23:00.811073+00:00,Cc1nc(-c2cc(-c3ccc(Cl)cc3)n(-c3ccc(F)cc3)n2)sc1C(=O)NNC(=O)NC(=O)c1ccc(C(F)(F)F)cc1,NEBOKDKFXPUVNX-UHFFFAOYSA-N,OTELQRDDMQHQNZ-UHFFFAOYSA-M,[],[],exchangeable_tertiary_ring_NH_and_full_potential_stereo_v3_20260929,10,10,116.55056510555568,3,Cc1nc(-c2cc(-c3ccc(Cl)cc3)n(-c3ccc(F)cc3)n2)sc1C(=O)[N-]NC(=O)NC(=O)c1ccc(C(F)(F)F)cc1,True,True,Cc1nc(-c2cc(-c3ccc(Cl)cc3)n(-c3ccc(F)cc3)n2)sc1C(=O)[N-]NC(=O)NC(=O)c1ccc(C(F)(F)F)cc1,True,True,prepared,<PACKAGE_ROOT>\Documents\Codex\TMC1_R2_Scratch_20260929\03_compute\formal_forward_v2_initial278\ligands\LIB_NEBOKDKFXPUVNX.sdf,385f48831c3a023e09841697b430344ed02df35a8cec4cb39b8ca9757b0991ab,<PACKAGE_ROOT>\Documents\Codex\TMC1_R2_Scratch_20260929\03_compute\formal_forward_v2_initial278\ligands\LIB_NEBOKDKFXPUVNX.pdbqt,7a94f87564cb036a8b7ab5b04ae882ff69929b0682dbb0cda26f5beb97c8b263,1.398
LIB_YMNLMXSYVMONGN,ChEMBL,CHEMBL1077051,CHEMBL1077051,https://www.ebi.ac.uk/chembl/compound_report_card/CHEMBL1077051/,C[C@@H]1C[C@H]2O[C@@]3(C[C@@H]2C(C)(C)O)[C@H](O)[C@@]2(C)[C@@H]4CC[C@H]5C(C)(C)[C@@H](O[C@@H]6OC[C@H](O)[C@H](O)[C@H]6O)CC[C@@]56C[C@@]46CC[C@]2(C)[C@@H]13,C[C@@H]1C[C@H]2O[C@@]3(C[C@@H]2C(C)(C)O)[C@H](O)[C@@]2(C)[C@@H]4CC[C@H]5C(C)(C)[C@@H](O[C@@H]6OC[C@H](O)[C@H](O)[C@H]6O)CC[C@@]56C[C@@]46CC[C@]2(C)[C@@H]13,CC1CC2OC3(CC2C(C)(C)O)C1C1(C)CCC24CC25CCC(OC2OCC(O)C(O)C2O)C(C)(C)C5CCC4C1(C)C3O,YMNLMXSYVMONGN-GOVYPKPESA-N,YMNLMXSYVMONGN,eligible,618.852,3.785,128.84,5,8,3,44,8,0.3025,0,1,1,False,predicted,eligible,False,[],1,C[C@@H]1C[C@H]2O[C@@]3(C[C@@H]2C(C)(C)O)[C@H](O)[C@@]2(C)[C@@H]4CC[C@H]5C(C)(C)[C@@H](O[C@@H]6OC[C@H](O)[C@H](O)[C@H]6O)CC[C@@]56C[C@@]46CC[C@]2(C)[C@@H]13,YMNLMXSYVMONGN-GOVYPKPESA-N,False,[],[],False,False,C1CCC(OC2CCC34CC35CCC3C(CC67CCC(CCC36)O7)C5CCC4C2)OC1,-9.226339340209961,-7.716275691986084,0.8820661306381226,0.1836734693877551,True,descriptor_ridge,2026-09-28T18:23:02.209598+00:00,C[C@@H]1C[C@H]2O[C@@]3(C[C@@H]2C(C)(C)O)[C@H](O)[C@@]2(C)[C@@H]4CC[C@H]5C(C)(C)[C@@H](O[C@@H]6OC[C@H](O)[C@H](O)[C@H]6O)CC[C@@]56C[C@@]46CC[C@]2(C)[C@@H]13,YMNLMXSYVMONGN-GOVYPKPESA-N,YMNLMXSYVMONGN-GOVYPKPESA-N,[],[],exchangeable_tertiary_ring_NH_and_full_potential_stereo_v3_20260929,10,10,267.8781773454963,7,C[C@@H]1C[C@H]2O[C@@]3(C[C@@H]2C(C)(C)O)[C@H](O)[C@@]2(C)[C@@H]4CC[C@H]5C(C)(C)[C@@H](O[C@@H]6OC[C@H](O)[C@H](O)[C@H]6O)CC[C@@]56C[C@@]46CC[C@]2(C)[C@@H]13,True,True,C[C@@H]1C[C@H]2O[C@@]3(C[C@@H]2C(C)(C)O)[C@H](O)[C@@]2(C)[C@@H]4CC[C@H]5C(C)(C)[C@@H](O[C@@H]6OC[C@H](O)[C@H](O)[C@H]6O)CC[C@@]56C[C@@]46CC[C@]2(C)[C@@H]13,True,True,prepared,<PACKAGE_ROOT>\Documents\Codex\TMC1_R2_Scratch_20260929\03_compute\formal_forward_v2_initial278\ligands\LIB_YMNLMXSYVMONGN.sdf,49d354349877c815d8fa0d23567cf380820fbc6cc5de665d652c66ba6d959f72,<PACKAGE_ROOT>\Documents\Codex\TMC1_R2_Scratch_20260929\03_compute\formal_forward_v2_initial278\ligands\LIB_YMNLMXSYVMONGN.pdbqt,450e7806ca947797329c36112142848bf430383703c335fd1f8cdbe2a00ea737,5.367
LIB_JRPKYTRZLLKZAQ,ChEMBL,CHEMBL1078768,CHEMBL1078768,https://www.ebi.ac.uk/chembl/compound_report_card/CHEMBL1078768/,Cc1cc(O)c2c(=O)c3c(O)cc(O)c4c5c(O)cc(O)c6c(=O)c7c(O)cc(C)cc7c(c65)c(c2c1)c34,Cc1cc(=O)c2c(O)c3c(O)cc(O)c4c5c(O)cc(=O)c6c(O)c7c(O)cc(C)cc7c(c65)c(c2c1)c34,Cc1cc(=O)c2c(O)c3c(O)cc(O)c4c5c(O)cc(=O)c6c(O)c7c(O)cc(C)cc7c(c65)c(c2c1)c34,JRPKYTRZLLKZAQ-UHFFFAOYSA-N,JRPKYTRZLLKZAQ,eligible,506.466,5.052,155.52,6,8,0,38,7,0.1233,0,1,1,False,predicted,eligible,False,[],1,Cc1cc(=O)c2c([O-])c3c([O-])cc([O-])c4c5c([O-])cc(=O)c6c([O-])c7c([O-])cc(C)cc7c(c65)c(c2c1)c34,JRPKYTRZLLKZAQ-UHFFFAOYSA-H,False,[],[],False,False,O=c1cccc2c1cc1cccc3c4ccc(=O)c5cc6ccccc6c(c54)c2c13,-9.176935195922852,-7.754584312438965,0.8157028555870056,0.23529411764705882,True,descriptor_ridge,2026-09-28T18:23:07.579249+00:00,Cc1cc(=O)c2c(O)c3c(O)cc(O)c4c5c(O)cc(=O)c6c(O)c7c(O)cc(C)cc7c(c65)c(c2c1)c34,JRPKYTRZLLKZAQ-UHFFFAOYSA-N,JRPKYTRZLLKZAQ-UHFFFAOYSA-H,[],[],exchangeable_tertiary_ring_NH_and_full_potential_stereo_v3_20260929,2,2,1063.398978178572,0,Cc1cc(=O)c2c([O-])c3c([O-])cc([O-])c4c5c([O-])cc(=O)c6c([O-])c7c([O-])cc(C)cc7c(c65)c(c2c1)c34,True,True,Cc1cc(=O)c2c([O-])c3c([O-])cc([O-])c4c5c([O-])cc(=O)c6c([O-])c7c([O-])cc(C)cc7c(c65)c(c2c1)c34,True,True,prepared,<PACKAGE_ROOT>\Documents\Codex\TMC1_R2_Scratch_20260929\03_compute\formal_forward_v2_initial278\ligands\LIB_JRPKYTRZLLKZAQ.sdf,e17bf92291a3c77cf1ac2de02fa06984b18f70ebe47089c44984c3c77121cd93,<PACKAGE_ROOT>\Documents\Codex\TMC1_R2_Scratch_20260929\03_compute\formal_forward_v2_initial278\ligands\LIB_JRPKYTRZLLKZAQ.pdbqt,25f06dba10623268121fec707f9d91811a636a82899a0b102eaad0af08463b2d,0.374
LIB_JFJZZMVDLULRGK,ChEMBL,CHEMBL339427,CHEMBL339427;CHEMBL3989821,https://www.ebi.ac.uk/chembl/compound_report_card/CHEMBL339427/,COc1cc2c3cc1Oc1cc(ccc1O)C[C@@H]1c4c(cc(OC)c(O)c4Oc4ccc(cc4)C[C@@H]3N(C)CC2)CC[N+]1(C)C,COc1cc2c3cc1Oc1cc(ccc1O)C[C@@H]1c4c(cc(OC)c(O)c4Oc4ccc(cc4)C[C@@H]3N(C)CC2)CC[N+]1(C)C,COc1cc2c3cc1Oc1cc(ccc1O)CC1c4c(cc(OC)c(O)c4Oc4ccc(cc4)CC3N(C)CC2)CC[N+]1(C)C,JFJZZMVDLULRGK-URLMMPGGSA-O,JFJZZMVDLULRGK,eligible,609.743,6.701,80.62,2,7,2,45,8,0.2449,1,2,1,False,predicted,eligible,False,[],1,COc1cc2c3cc1Oc1cc(ccc1[O-])C[C@@H]1c4c(cc(OC)c([O-])c4Oc4ccc(cc4)C[C@@H]3[NH+](C)CC2)CC[N+]1(C)C,JFJZZMVDLULRGK-URLMMPGGSA-N,True,"[[""Atom_Tetrahedral"", 36]]",[36],False,True,c1cc2cc(c1)Oc1ccc3c(c1)C(Cc1ccc(cc1)Oc1cccc4c1C(C2)[NH2+]CC4)[NH2+]CC3,-9.097957611083984,-7.933947563171387,0.892207682132721,0.18,True,descriptor_ridge,2026-09-28T18:23:07.954287+00:00,COc1cc2c3cc1Oc1cc(ccc1O)C[C@@H]1c4c(cc(OC)c(O)c4Oc4ccc(cc4)C[C@@H]3N(C)CC2)CC[N+]1(C)C,JFJZZMVDLULRGK-URLMMPGGSA-O,JFJZZMVDLULRGK-URLMMPGGSA-N,"[[""Atom_Tetrahedral"", 36]]",[36],exchangeable_tertiary_ring_NH_and_full_potential_stereo_v3_20260929,9,9,108.79928102814485,0,COc1cc2c3cc1Oc1cc(ccc1[O-])C[C@@H]1c4c(cc(OC)c([O-])c4Oc4ccc(cc4)C[C@@H]3[N@@H+](C)CC2)CC[N+]1(C)C,False,True,COc1cc2c3cc1Oc1cc(ccc1[O-])C[C@@H]1c4c(cc(OC)c([O-])c4Oc4ccc(cc4)C[C@@H]3[N@@H+](C)CC2)CC[N+]1(C)C,False,True,prepared,<PACKAGE_ROOT>\Documents\Codex\TMC1_R2_Scratch_20260929\03_compute\formal_forward_v2_initial278\ligands\LIB_JFJZZMVDLULRGK.sdf,0ffea73b4ac22fe066a3e9576eb06ea2f86c7c5f964e88704c8c52937b62becd,<PACKAGE_ROOT>\Documents\Codex\TMC1_R2_Scratch_20260929\03_compute\formal_forward_v2_initial278\ligands\LIB_JFJZZMVDLULRGK.pdbqt,08ee90a98763c00e62c12a8791ace117a37e6713aa60af9a4c7e3eba848aaac2,3.012
LIB_HBSKTOHGBYHMLP,ChEMBL,CHEMBL1086963,CHEMBL1086963,https://www.ebi.ac.uk/chembl/compound_report_card/CHEMBL1086963/,O=C1NCc2cccc(c2)CNC(=O)c2coc(n2)-c2csc(n2)-c2cccc(n2)-c2nc(cs2)-c2nc1co2,O=C1NCc2cccc(c2)CNC(=O)c2coc(n2)-c2csc(n2)-c2cccc(n2)-c2nc(cs2)-c2nc1co2,O=C1NCc2cccc(c2)CNC(=O)c2coc(n2)-c2csc(n2)-c2cccc(n2)-c2nc(cs2)-c2nc1co2,HBSKTOHGBYHMLP-UHFFFAOYSA-N,HBSKTOHGBYHMLP,eligible,567.612,4.812,148.93,2,11,0,40,7,0.2636,0,1,1,False,predicted,eligible,False,[],1,O=C1NCc2cccc(c2)CNC(=O)c2coc(n2)-c2csc(n2)-c2cccc(n2)-c2nc(cs2)-c2nc1co2,HBSKTOHGBYHMLP-UHFFFAOYSA-N,False,[],[],False,False,O=C1NCc2cccc(c2)CNC(=O)c2coc(n2)-c2csc(n2)-c2cccc(n2)-c2nc(cs2)-c2nc1co2,-9.006046295166016,-7.874009609222412,0.876121461391449,0.2,True,descriptor_ridge,2026-09-28T18:23:10.967887+00:00,O=C1NCc2cccc(c2)CNC(=O)c2coc(n2)-c2csc(n2)-c2cccc(n2)-c2nc(cs2)-c2nc1co2,HBSKTOHGBYHMLP-UHFFFAOYSA-N,HBSKTOHGBYHMLP-UHFFFAOYSA-N,[],[],exchangeable_tertiary_ring_NH_and_full_potential_stereo_v3_20260929,10,10,123.64402964082308,5,O=C1NCc2cccc(c2)CNC(=O)c2coc(n2)-c2csc(n2)-c2cccc(n2)-c2nc(cs2)-c2nc1co2,True,True,O=C1NCc2cccc(c2)CNC(=O)c2coc(n2)-c2csc(n2)-c2cccc(n2)-c2nc(cs2)-c2nc1co2,True,True,prepared,<PACKAGE_ROOT>\Documents\Codex\TMC1_R2_Scratch_20260929\03_compute\formal_forward_v2_initial278\ligands\LIB_HBSKTOHGBYHMLP.sdf,80e5ff78721ff0b302d649497f85ecbd2a0bad42304f3d2096da4479284f9a14,<PACKAGE_ROOT>\Documents\Codex\TMC1_R2_Scratch_20260929\03_compute\formal_forward_v2_initial278\ligands\LIB_HBSKTOHGBYHMLP.pdbqt,5dfb502b9d90ba7afc7b2e8ba87852ba3472a3c88af00e8024aab1324e0fbf9a,1.133
LIB_NHVGQRASKRTWLZ,ChEMBL,CHEMBL1076193,CHEMBL1076193,https://www.ebi.ac.uk/chembl/compound_report_card/CHEMBL1076193/,Cc1cn(-c2cc(NC(=O)c3ccc(C)c(Nc4nc5ccccc5n4-c4cc(N)ncn4)c3)cc(C(F)(F)F)c2)cn1,Cc1cn(-c2cc(NC(=O)c3ccc(C)c(Nc4nc5ccccc5n4-c4cc(N)ncn4)c3)cc(C(F)(F)F)c2)cn1,Cc1cn(-c2cc(NC(=O)c3ccc(C)c(Nc4nc5ccccc5n4-c4cc(N)ncn4)c3)cc(C(F)(F)F)c2)cn1,NHVGQRASKRTWLZ-UHFFFAOYSA-N,NHVGQRASKRTWLZ,eligible,583.578,6.215,128.57,3,7,6,43,6,0.2125,0,1,1,False,predicted,eligible,False,[],1,Cc1cn(-c2cc(NC(=O)c3ccc(C)c(Nc4nc5ccccc5n4-c4cc(N)ncn4)c3)cc(C(F)(F)F)c2)cn1,NHVGQRASKRTWLZ-UHFFFAOYSA-N,False,[],[],False,False,O=C(Nc1cccc(-n2ccnc2)c1)c1cccc(Nc2nc3ccccc3n2-c2ccncn2)c1,-8.909236907958984,-8.187615394592285,0.6261652112007141,0.2222222222222222,True,descriptor_ridge,2026-09-28T18:23:12.102162+00:00,Cc1cn(-c2cc(NC(=O)c3ccc(C)c(Nc4nc5ccccc5n4-c4cc(N)ncn4)c3)cc(C(F)(F)F)c2)cn1,NHVGQRASKRTWLZ-UHFFFAOYSA-N,NHVGQRASKRTWLZ-UHFFFAOYSA-N,[],[],exchangeable_tertiary_ring_NH_and_full_potential_stereo_v3_20260929,10,10,39.79353838559166,5,Cc1cn(-c2cc(NC(=O)c3ccc(C)c(Nc4nc5ccccc5n4-c4cc(N)ncn4)c3)cc(C(F)(F)F)c2)cn1,True,True,Cc1cn(-c2cc(NC(=O)c3ccc(C)c(Nc4nc5ccccc5n4-c4cc(N)ncn4)c3)cc(C(F)(F)F)c2)cn1,True,True,prepared,<PACKAGE_ROOT>\Documents\Codex\TMC1_R2_Scratch_20260929\03_compute\formal_forward_v2_initial278\ligands\LIB_NHVGQRASKRTWLZ.sdf,aa603790997a90c7bdad7cdf5fc8b9e1e5587ed46cc77a8bfa9e0326fc6b28e8,<PACKAGE_ROOT>\Documents\Codex\TMC1_R2_Scratch_20260929\03_compute\formal_forward_v2_initial278\ligands\LIB_NHVGQRASKRTWLZ.pdbqt,decbbdc408b46d7b8f3c7efc0559731b17e9139b21d8d5392554cb5625a3b28c,1.731
LIB_JDMGNUZGYHBPDP,ChEMBL,CHEMBL1086223,CHEMBL1086223,https://www.ebi.ac.uk/chembl/compound_report_card/CHEMBL1086223/,COc1ccc(Cn2ncc3[nH]c(-c4ccc(NC(=O)Nc5cc(N6CCOCC6)cc(C(F)(F)F)c5)cc4C)nc32)cc1,COc1ccc(Cn2ncc3[nH]c(-c4ccc(NC(=O)Nc5cc(N6CCOCC6)cc(C(F)(F)F)c5)cc4C)nc32)cc1,COc1ccc(Cn2ncc3[nH]c(-c4ccc(NC(=O)Nc5cc(N6CCOCC6)cc(C(F)(F)F)c5)cc4C)nc32)cc1,JDMGNUZGYHBPDP-UHFFFAOYSA-N,JDMGNUZGYHBPDP,eligible,605.621,6.291,109.33,3,6,7,44,6,0.2013,0,1,1,False,predicted,eligible,False,[],1,COc1ccc(Cn2ncc3[n-]c(-c4ccc(NC(=O)Nc5cc(N6CCOCC6)cc(C(F)(F)F)c5)cc4C)nc32)cc1,DUUMMRJDVNBUJE-UHFFFAOYSA-M,False,[],[],False,False,O=C(Nc1ccc(-c2nc3c(cnn3Cc3ccccc3)[n-]2)cc1)Nc1cccc(N2CCOCC2)c1,-8.892599105834961,-8.311419486999512,0.46995067596435547,0.24793388429752067,True,descriptor_ridge;AI_initial,2026-09-28T18:23:13.834334+00:00,COc1ccc(Cn2ncc3[nH]c(-c4ccc(NC(=O)Nc5cc(N6CCOCC6)cc(C(F)(F)F)c5)cc4C)nc32)cc1,JDMGNUZGYHBPDP-UHFFFAOYSA-N,DUUMMRJDVNBUJE-UHFFFAOYSA-M,[],[],exchangeable_tertiary_ring_NH_and_full_potential_stereo_v3_20260929,10,10,162.0128204467664,7,COc1ccc(Cn2ncc3[n-]c(-c4ccc(NC(=O)Nc5cc(N6CCOCC6)cc(C(F)(F)F)c5)cc4C)nc32)cc1,True,True,COc1ccc(Cn2ncc3[n-]c(-c4ccc(NC(=O)Nc5cc(N6CCOCC6)cc(C(F)(F)F)c5)cc4C)nc32)cc1,True,True,prepared,<PACKAGE_ROOT>\Documents\Codex\TMC1_R2_Scratch_20260929\03_compute\formal_forward_v2_initial278\ligands\LIB_JDMGNUZGYHBPDP.sdf,58ba0ac4082a8771c8c71730a4430c0eac75bcaa3ddf995b1d1f4410c8198a50,<PACKAGE_ROOT>\Documents\Codex\TMC1_R2_Scratch_20260929\03_compute\formal_forward_v2_initial278\ligands\LIB_JDMGNUZGYHBPDP.pdbqt,970432c039884df74632fdc2630dabbe2c911d7e7f908a867260961bd9f1fdd9,2.369
LIB_WSTGIXIJIWZIHP,ChEMBL,CHEMBL100201,CHEMBL100201,https://www.ebi.ac.uk/chembl/compound_report_card/CHEMBL100201/,O=C(c1ccn2c1CS[C@@H]2c1cccnc1)c1cn(C(=O)c2ccccc2S(=O)(=O)[O-])c2cc(-c3ccc(F)cc3)ccc12.[K+],O=C(c1ccn2c1CS[C@@H]2c1cccnc1)c1cn(C(=O)c2ccccc2S(=O)(=O)O)c2cc(-c3ccc(F)cc3)ccc12,O=C(c1ccn2c1CSC2c1cccnc1)c1cn(C(=O)c2ccccc2S(=O)(=O)O)c2cc(-c3ccc(F)cc3)ccc12,WSTGIXIJIWZIHP-MGBGTMOVSA-N,WSTGIXIJIWZIHP,eligible,623.687,6.604,111.26,1,6,6,44,7,0.1643,0,1,1,False,predicted,eligible,False,[],1,O=C(c1ccn2c1CS[C@@H]2c1cccnc1)c1cn(C(=O)c2ccccc2S(=O)(=O)[O-])c2cc(-c3ccc(F)cc3)ccc12,WSTGIXIJIWZIHP-MGBGTMOVSA-M,False,[],[],False,False,O=C(c1ccn2c1CSC2c1cccnc1)c1cn(C(=O)c2ccccc2)c2cc(-c3ccccc3)ccc12,-8.87446403503418,-8.001039505004883,0.6668015718460083,0.21904761904761905,True,descriptor_ridge,2026-09-28T18:23:16.205060+00:00,O=C(c1ccn2c1CS[C@@H]2c1cccnc1)c1cn(C(=O)c2ccccc2S(=O)(=O)O)c2cc(-c3ccc(F)cc3)ccc12,WSTGIXIJIWZIHP-MGBGTMOVSA-N,WSTGIXIJIWZIHP-MGBGTMOVSA-M,[],[],exchangeable_tertiary_ring_NH_and_full_potential_stereo_v3_20260929,9,9,174.44062788834665,0,O=C(c1ccn2c1CS[C@@H]2c1cccnc1)c1cn(C(=O)c2ccccc2S(=O)(=O)[O-])c2cc(-c3ccc(F)cc3)ccc12,True,True,O=C(c1ccn2c1CS[C@@H]2c1cccnc1)c1cn(C(=O)c2ccccc2S(=O)(=O)[O-])c2cc(-c3ccc(F)cc3)ccc12,True,True,prepared,<PACKAGE_ROOT>\Documents\Codex\TMC1_R2_Scratch_20260929\03_compute\formal_forward_v2_initial278\ligands\LIB_WSTGIXIJIWZIHP.sdf,e36087e0df468b8a8c94a3e399677e282e1f56f656ec427631e379803fb379e2,<PACKAGE_ROOT>\Documents\Codex\TMC1_R2_Scratch_20260929\03_compute\formal_forward_v2_initial278\ligands\LIB_WSTGIXIJIWZIHP.pdbqt,74a2ea5b98453a220f0694fbd8f8f6f699139e3d70e55f6397b8d6d55ccb7fcd,1.543
LIB_BPLOGUVUEKYGFE,ChEMBL,CHEMBL1077062,CHEMBL1077062,https://www.ebi.ac.uk/chembl/compound_report_card/CHEMBL1077062/,CC(=O)c1nn(-c2ccccc2)cc1C(=O)c1nn(-c2ccccc2)cc1C(=O)c1nn(-c2ccc(C)cc2)cc1C(=O)c1ccccc1,CC(=O)c1nn(-c2ccccc2)cc1C(=O)c1nn(-c2ccccc2)cc1C(=O)c1nn(-c2ccc(C)cc2)cc1C(=O)c1ccccc1,CC(=O)c1nn(-c2ccccc2)cc1C(=O)c1nn(-c2ccccc2)cc1C(=O)c1nn(-c2ccc(C)cc2)cc1C(=O)c1ccccc1,BPLOGUVUEKYGFE-UHFFFAOYSA-N,BPLOGUVUEKYGFE,eligible,644.691,6.448,121.74,0,7,10,49,7,0.157,0,1,1,False,predicted,eligible,False,[],1,CC(=O)c1nn(-c2ccccc2)cc1C(=O)c1nn(-c2ccccc2)cc1C(=O)c1nn(-c2ccc(C)cc2)cc1C(=O)c1ccccc1,BPLOGUVUEKYGFE-UHFFFAOYSA-N,False,[],[],False,False,O=C(c1ccccc1)c1cn(-c2ccccc2)nc1C(=O)c1cn(-c2ccccc2)nc1C(=O)c1cnn(-c2ccccc2)c1,-8.836756706237793,-8.063369750976562,0.6831657290458679,0.33962264150943394,False,descriptor_ridge,2026-09-28T18:23:17.750434+00:00,CC(=O)c1nn(-c2ccccc2)cc1C(=O)c1nn(-c2ccccc2)cc1C(=O)c1nn(-c2ccc(C)cc2)cc1C(=O)c1ccccc1,BPLOGUVUEKYGFE-UHFFFAOYSA-N,BPLOGUVUEKYGFE-UHFFFAOYSA-N,[],[],exchangeable_tertiary_ring_NH_and_full_potential_stereo_v3_20260929,10,10,264.65162254327515,4,CC(=O)c1nn(-c2ccccc2)cc1C(=O)c1nn(-c2ccccc2)cc1C(=O)c1nn(-c2ccc(C)cc2)cc1C(=O)c1ccccc1,True,True,CC(=O)c1nn(-c2ccccc2)cc1C(=O)c1nn(-c2ccccc2)cc1C(=O)c1nn(-c2ccc(C)cc2)cc1C(=O)c1ccccc1,True,True,prepared,<PACKAGE_ROOT>\Documents\Codex\TMC1_R2_Scratch_20260929\03_compute\formal_forward_v2_initial278\ligands\LIB_BPLOGUVUEKYGFE.sdf,e4225fcb323d4899ac7e6a8499e276f6809359d3d96c8aa52c702ab2ef7478aa,<PACKAGE_ROOT>\Documents\Codex\TMC1_R2_Scratch_20260929\03_compute\formal_forward_v2_initial278\ligands\LIB_BPLOGUVUEKYGFE.pdbqt,e60aac4e8d56f7d26452390f2a57a974dc74e41c286df1059233151ae7a188fc,2.412
LIB_UAJLGPWMTHKWBD,ChEMBL,CHEMBL101427,CHEMBL101427,https://www.ebi.ac.uk/chembl/compound_report_card/CHEMBL101427/,C[C@@H]1CCC[C@H](C)N1NC(=O)c1ccc(Cl)c(S(=O)(=O)NC(=O)c2ccc3cc(C(F)(F)P(=O)(O)O)ccc3c2)c1,C[C@@H]1CCC[C@H](C)N1NC(=O)c1ccc(Cl)c(S(=O)(=O)NC(=O)c2ccc3cc(C(F)(F)P(=O)(O)O)ccc3c2)c1,CC1CCCC(C)N1NC(=O)c1ccc(Cl)c(S(=O)(=O)NC(=O)c2ccc3cc(C(F)(F)P(=O)(O)O)ccc3c2)c1,UAJLGPWMTHKWBD-IYBDPMFKSA-N,UAJLGPWMTHKWBD,eligible,630.006,4.747,153.11,4,6,7,41,4,0.2734,0,1,1,False,predicted,eligible,False,[],1,C[C@@H]1CCC[C@H](C)N1[N-]C(=O)c1ccc(Cl)c(S(=O)(=O)[N-]C(=O)c2ccc3cc(C(F)(F)P(=O)([O-])[O-])ccc3c2)c1,ZEUBEFYKLKYGTE-IYBDPMFKSA-J,False,[],[],False,False,O=C([N-]N1CCCCC1)c1cccc(S(=O)(=O)[N-]C(=O)c2ccc3ccccc3c2)c1,-8.832964897155762,-8.068021774291992,0.564887523651123,0.27184466019417475,True,descriptor_ridge,2026-09-28T18:23:20.164011+00:00,C[C@@H]1CCC[C@H](C)N1NC(=O)c1ccc(Cl)c(S(=O)(=O)NC(=O)c2ccc3cc(C(F)(F)P(=O)(O)O)ccc3c2)c1,UAJLGPWMTHKWBD-IYBDPMFKSA-N,ZEUBEFYKLKYGTE-IYBDPMFKSA-J,[],[],exchangeable_tertiary_ring_NH_and_full_potential_stereo_v3_20260929,10,10,485.1420934311413,4,C[C@@H]1CCC[C@H](C)N1[N-]C(=O)c1ccc(Cl)c(S(=O)(=O)[N-]C(=O)c2ccc3cc(C(F)(F)P(=O)([O-])[O-])ccc3c2)c1,True,True,C[C@@H]1CCC[C@H](C)N1[N-]C(=O)c1ccc(Cl)c(S(=O)(=O)[N-]C(=O)c2ccc3cc(C(F)(F)P(=O)([O-])[O-])ccc3c2)c1,True,True,prepared,<PACKAGE_ROOT>\Documents\Codex\TMC1_R2_Scratch_20260929\03_compute\formal_forward_v2_initial278\ligands\LIB_UAJLGPWMTHKWBD.sdf,d735a5dc0f9f431028361381c1b1ff6faeb68fd380be2123c86b2adca47bdaf5,<PACKAGE_ROOT>\Documents\Codex\TMC1_R2_Scratch_20260929\03_compute\formal_forward_v2_initial278\ligands\LIB_UAJLGPWMTHKWBD.pdbqt,f6a2d0bbbe858166a91adae53fef04a24b2316113957488545f81f0b87491574,1.675
LIB_XWAXDNIZFDHSSU,ChEMBL,CHEMBL1077324,CHEMBL1077324,https://www.ebi.ac.uk/chembl/compound_report_card/CHEMBL1077324/,Cc1cc(N2CCC(NC(=O)OC(C)(C)C)CC2)cc2[nH]c(-c3c(NC[C@@H](O)c4cccc(Cl)c4)cc[nH]c3=O)nc12,Cc1cc(N2CCC(NC(=O)OC(C)(C)C)CC2)cc2[nH]c(-c3c(NC[C@@H](O)c4cccc(Cl)c4)cc[nH]c3=O)nc12,Cc1cc(N2CCC(NC(=O)OC(C)(C)C)CC2)cc2[nH]c(-c3c(NCC(O)c4cccc(Cl)c4)cc[nH]c3=O)nc12,XWAXDNIZFDHSSU-RUZDIDTESA-N,XWAXDNIZFDHSSU,eligible,593.128,5.519,135.37,5,7,7,42,5,0.1906,0,1,1,False,predicted,eligible,False,[],1,Cc1cc(N2CCC(NC(=O)OC(C)(C)C)CC2)cc2[n-]c(-c3c(NC[C@@H](O)c4cccc(Cl)c4)cc[n-]c3=O)nc12,UKVKGPMTPZDEHC-RUZDIDTESA-L,False,[],[],False,False,O=c1[n-]ccc(NCCc2ccccc2)c1-c1nc2ccc(N3CCCCC3)cc2[n-]1,-8.830057144165039,-7.949005126953125,0.7115108966827393,0.24761904761904763,True,descriptor_ridge,2026-09-28T18:23:21.840155+00:00,Cc1cc(N2CCC(NC(=O)OC(C)(C)C)CC2)cc2[nH]c(-c3c(NC[C@@H](O)c4cccc(Cl)c4)cc[nH]c3=O)nc12,XWAXDNIZFDHSSU-RUZDIDTESA-N,UKVKGPMTPZDEHC-RUZDIDTESA-L,[],[],exchangeable_tertiary_ring_NH_and_full_potential_stereo_v3_20260929,10,10,132.9814292043455,6,Cc1cc(N2CCC(NC(=O)OC(C)(C)C)CC2)cc2[n-]c(-c3c(NC[C@@H](O)c4cccc(Cl)c4)cc[n-]c3=O)nc12,True,True,Cc1cc(N2CCC(NC(=O)OC(C)(C)C)CC2)cc2[n-]c(-c3c(NC[C@@H](O)c4cccc(Cl)c4)cc[n-]c3=O)nc12,True,True,prepared,<PACKAGE_ROOT>\Documents\Codex\TMC1_R2_Scratch_20260929\03_compute\formal_forward_v2_initial278\ligands\LIB_XWAXDNIZFDHSSU.sdf,daa0cf69c3608eb13932c88c4ec5487cd77e164975e3ecf421d7734d877184cc,<PACKAGE_ROOT>\Documents\Codex\TMC1_R2_Scratch_20260929\03_compute\formal_forward_v2_initial278\ligands\LIB_XWAXDNIZFDHSSU.pdbqt,65e512075f0f3b2b1d3c821189b43477b629bebe762030b6105c9ed9572d4359,2.566
LIB_QDQTUGOWMGACMO,ChEMBL,CHEMBL1077050,CHEMBL1077050,https://www.ebi.ac.uk/chembl/compound_report_card/CHEMBL1077050/,C[C@@H]1C[C@H]2O[C@@]3(C[C@@H]2C(C)(C)O)[C@H](O)[C@@]2(C)[C@@H]4CC[C@H]5C(C)(C)[C@@H](O)CC[C@@]56C[C@@]46C[C@@H](OC(=O)O)[C@]2(C)[C@@H]13,C[C@@H]1C[C@H]2O[C@@]3(C[C@@H]2C(C)(C)O)[C@H](O)[C@@]2(C)[C@@H]4CC[C@H]5C(C)(C)[C@@H](O)CC[C@@]56C[C@@]46C[C@@H](OC(=O)O)[C@]2(C)[C@@H]13,CC1CC2OC3(CC2C(C)(C)O)C(O)C2(C)C4CCC5C(C)(C)C(O)CCC56CC46CC(OC(=O)O)C2(C)C13,QDQTUGOWMGACMO-LKNVOPGRSA-N,QDQTUGOWMGACMO,eligible,546.745,4.995,116.45,4,6,2,39,7,0.3605,0,1,1,False,predicted,eligible,False,[],1,C[C@@H]1C[C@H]2O[C@@]3(C[C@@H]2C(C)(C)O)[C@H](O)[C@@]2(C)[C@@H]4CC[C@H]5C(C)(C)[C@@H](O)CC[C@@]56C[C@@]46C[C@@H](OC(=O)[O-])[C@]2(C)[C@@H]13,QDQTUGOWMGACMO-LKNVOPGRSA-M,False,[],[],False,False,C1CCC23CC24CCC2C(CC56CCC(CCC25)O6)C4CCC3C1,-8.822090148925781,-7.553656578063965,0.712350070476532,0.21052631578947367,True,descriptor_ridge,2026-09-28T18:23:24.407956+00:00,C[C@@H]1C[C@H]2O[C@@]3(C[C@@H]2C(C)(C)O)[C@H](O)[C@@]2(C)[C@@H]4CC[C@H]5C(C)(C)[C@@H](O)CC[C@@]56C[C@@]46C[C@@H](OC(=O)O)[C@]2(C)[C@@H]13,QDQTUGOWMGACMO-LKNVOPGRSA-N,QDQTUGOWMGACMO-LKNVOPGRSA-M,[],[],exchangeable_tertiary_ring_NH_and_full_potential_stereo_v3_20260929,8,8,162.7382410349814,5,C[C@@H]1C[C@H]2O[C@@]3(C[C@@H]2C(C)(C)O)[C@H](O)[C@@]2(C)[C@@H]4CC[C@H]5C(C)(C)[C@@H](O)CC[C@@]56C[C@@]46C[C@@H](OC(=O)[O-])[C@]2(C)[C@@H]13,True,True,C[C@@H]1C[C@H]2O[C@@]3(C[C@@H]2C(C)(C)O)[C@H](O)[C@@]2(C)[C@@H]4CC[C@H]5C(C)(C)[C@@H](O)CC[C@@]56C[C@@]46C[C@@H](OC(=O)[O-])[C@]2(C)[C@@H]13,True,True,prepared,<PACKAGE_ROOT>\Documents\Codex\TMC1_R2_Scratch_20260929\03_compute\formal_forward_v2_initial278\ligands\LIB_QDQTUGOWMGACMO.sdf,dccdf031d9386489214774d4b884a6ece03f875aef105a0a8e4dc166c3d79d2b,<PACKAGE_ROOT>\Documents\Codex\TMC1_R2_Scratch_20260929\03_compute\formal_forward_v2_initial278\ligands\LIB_QDQTUGOWMGACMO.pdbqt,53d4f2d60545223d59675cb5c28902c7924ae5f35b997dbac80e6e26e5421be1,3.049
LIB_BXMPHYNIUWLBLW,ChEMBL,CHEMBL1086221,CHEMBL1086221,https://www.ebi.ac.uk/chembl/compound_report_card/CHEMBL1086221/,Cc1ccc(NC(=O)Nc2cc(N3CCOCC3)cc(C(F)(F)F)c2)cc1-c1nc2c(cnn2Cc2ccccc2)[nH]1,Cc1ccc(NC(=O)Nc2cc(N3CCOCC3)cc(C(F)(F)F)c2)cc1-c1nc2c(cnn2Cc2ccccc2)[nH]1,Cc1ccc(NC(=O)Nc2cc(N3CCOCC3)cc(C(F)(F)F)c2)cc1-c1nc2c(cnn2Cc2ccccc2)[nH]1,BXMPHYNIUWLBLW-UHFFFAOYSA-N,BXMPHYNIUWLBLW,eligible,575.595,6.283,100.1,3,5,6,42,6,0.2213,0,1,1,False,predicted,eligible,False,[],1,Cc1ccc(NC(=O)Nc2cc(N3CCOCC3)cc(C(F)(F)F)c2)cc1-c1nc2c(cnn2Cc2ccccc2)[n-]1,OFQPSGLYEBPTDP-UHFFFAOYSA-M,False,[],[],False,False,O=C(Nc1cccc(-c2nc3c(cnn3Cc3ccccc3)[n-]2)c1)Nc1cccc(N2CCOCC2)c1,-8.811019897460938,-8.256574630737305,0.5041953921318054,0.25,True,descriptor_ridge;AI_initial,2026-09-28T18:23:27.458284+00:00,Cc1ccc(NC(=O)Nc2cc(N3CCOCC3)cc(C(F)(F)F)c2)cc1-c1nc2c(cnn2Cc2ccccc2)[nH]1,BXMPHYNIUWLBLW-UHFFFAOYSA-N,OFQPSGLYEBPTDP-UHFFFAOYSA-M,[],[],exchangeable_tertiary_ring_NH_and_full_potential_stereo_v3_20260929,9,9,150.16226229682013,1,Cc1ccc(NC(=O)Nc2cc(N3CCOCC3)cc(C(F)(F)F)c2)cc1-c1nc2c(cnn2Cc2ccccc2)[n-]1,True,True,Cc1ccc(NC(=O)Nc2cc(N3CCOCC3)cc(C(F)(F)F)c2)cc1-c1nc2c(cnn2Cc2ccccc2)[n-]1,True,True,prepared,<PACKAGE_ROOT>\Documents\Codex\TMC1_R2_Scratch_20260929\03_compute\formal_forward_v2_initial278\ligands\LIB_BXMPHYNIUWLBLW.sdf,6180fba210d6ef2351e37fbafd53f131009361cf9a00bc6311eda4c9b40efa55,<PACKAGE_ROOT>\Documents\Codex\TMC1_R2_Scratch_20260929\03_compute\formal_forward_v2_initial278\ligands\LIB_BXMPHYNIUWLBLW.pdbqt,7b43a9c9fc5e5872acd7857aded1d5df5fa72e0a5f706aac58c886fe08dca194,1.568
LIB_TZZWHMBWMXOBCM,ChEMBL,CHEMBL1077047,CHEMBL1077047,https://www.ebi.ac.uk/chembl/compound_report_card/CHEMBL1077047/,CC(=O)O[C@@H]1C[C@@]23C[C@@]24CC[C@H](O)C(C)(C)[C@@H]4CC[C@H]3[C@]2(C)C[C@@H]3O[C@]4(C[C@@H](C)[C@@H]3[C@@]12C)C[C@H](O)[C@@]1(C)O[C@@H]41,CC(=O)O[C@@H]1C[C@@]23C[C@@]24CC[C@H](O)C(C)(C)[C@@H]4CC[C@H]3[C@]2(C)C[C@@H]3O[C@]4(C[C@@H](C)[C@@H]3[C@@]12C)C[C@H](O)[C@@]1(C)O[C@@H]41,CC(=O)OC1CC23CC24CCC(O)C(C)(C)C4CCC3C2(C)CC3OC4(CC(C)C3C12C)CC(O)C1(C)OC41,TZZWHMBWMXOBCM-BHZOFJPNSA-N,TZZWHMBWMXOBCM,eligible,542.757,5.024,88.52,2,6,1,39,8,0.3572,0,1,1,False,predicted,eligible,False,[],1,CC(=O)O[C@@H]1C[C@@]23C[C@@]24CC[C@H](O)C(C)(C)[C@@H]4CC[C@H]3[C@]2(C)C[C@@H]3O[C@]4(C[C@@H](C)[C@@H]3[C@@]12C)C[C@H](O)[C@@]1(C)O[C@@H]41,TZZWHMBWMXOBCM-BHZOFJPNSA-N,False,[],[],False,False,C1CCC23CC24CCC2C5CCC6(CCC7OC76)OC5CC2C4CCC3C1,-8.80751895904541,-7.508262634277344,0.7327470183372498,0.21505376344086022,True,descriptor_ridge,2026-09-28T18:23:29.028586+00:00,CC(=O)O[C@@H]1C[C@@]23C[C@@]24CC[C@H](O)C(C)(C)[C@@H]4CC[C@H]3[C@]2(C)C[C@@H]3O[C@]4(C[C@@H](C)[C@@H]3[C@@]12C)C[C@H](O)[C@@]1(C)O[C@@H]41,TZZWHMBWMXOBCM-BHZOFJPNSA-N,TZZWHMBWMXOBCM-BHZOFJPNSA-N,[],[],exchangeable_tertiary_ring_NH_and_full_potential_stereo_v3_20260929,8,8,158.62354256774455,3,CC(=O)O[C@@H]1C[C@@]23C[C@@]24CC[C@H](O)C(C)(C)[C@@H]4CC[C@H]3[C@]2(C)C[C@@H]3O[C@]4(C[C@@H](C)[C@@H]3[C@@]12C)C[C@H](O)[C@@]1(C)O[C@@H]41,True,True,CC(=O)O[C@@H]1C[C@@]23C[C@@]24CC[C@H](O)C(C)(C)[C@@H]4CC[C@H]3[C@]2(C)C[C@@H]3O[C@]4(C[C@@H](C)[C@@H]3[C@@]12C)C[C@H](O)[C@@]1(C)O[C@@H]41,True,True,prepared,<PACKAGE_ROOT>\Documents\Codex\TMC1_R2_Scratch_20260929\03_compute\formal_forward_v2_initial278\ligands\LIB_TZZWHMBWMXOBCM.sdf,31d80b3fb5a787eac03b647bc3aeb6056d8f446f9a27a5127a44605f5d179123,<PACKAGE_ROOT>\Documents\Codex\TMC1_R2_Scratch_20260929\03_compute\formal_forward_v2_initial278\ligands\LIB_TZZWHMBWMXOBCM.pdbqt,977e602aa1921e4fe6c7c8753b5266c9e4bc9ab1b9b581b0dc775d428384dc2f,3.48
LIB_FDCXXPBBHPICRU,ChEMBL,CHEMBL1084450,CHEMBL1084450,https://www.ebi.ac.uk/chembl/compound_report_card/CHEMBL1084450/,O=C(Nc1cccc(-n2ccc3c(NC(=O)c4ccccc4)nccc32)c1)c1ccc(N2CCOCC2)c(C(F)(F)F)c1,O=C(Nc1cccc(-n2ccc3c(NC(=O)c4ccccc4)nccc32)c1)c1ccc(N2CCOCC2)c(C(F)(F)F)c1,O=C(Nc1cccc(-n2ccc3c(NC(=O)c4ccccc4)nccc32)c1)c1ccc(N2CCOCC2)c(C(F)(F)F)c1,FDCXXPBBHPICRU-UHFFFAOYSA-N,FDCXXPBBHPICRU,eligible,585.586,6.386,88.49,2,5,6,43,6,0.2414,0,1,1,False,predicted,eligible,False,[],1,O=C(Nc1cccc(-n2ccc3c(NC(=O)c4ccccc4)nccc32)c1)c1ccc(N2CCOCC2)c(C(F)(F)F)c1,FDCXXPBBHPICRU-UHFFFAOYSA-N,False,[],[],False,False,O=C(Nc1cccc(-n2ccc3c(NC(=O)c4ccccc4)nccc32)c1)c1ccc(N2CCOCC2)cc1,-8.806333541870117,-8.295110702514648,0.528491199016571,0.28421052631578947,True,descriptor_ridge;AI_initial,2026-09-28T18:23:32.509790+00:00,O=C(Nc1cccc(-n2ccc3c(NC(=O)c4ccccc4)nccc32)c1)c1ccc(N2CCOCC2)c(C(F)(F)F)c1,FDCXXPBBHPICRU-UHFFFAOYSA-N,FDCXXPBBHPICRU-UHFFFAOYSA-N,[],[],exchangeable_tertiary_ring_NH_and_full_potential_stereo_v3_20260929,10,10,167.99890588398017,1,O=C(Nc1cccc(-n2ccc3c(NC(=O)c4ccccc4)nccc32)c1)c1ccc(N2CCOCC2)c(C(F)(F)F)c1,True,True,O=C(Nc1cccc(-n2ccc3c(NC(=O)c4ccccc4)nccc32)c1)c1ccc(N2CCOCC2)c(C(F)(F)F)c1,True,True,prepared,<PACKAGE_ROOT>\Documents\Codex\TMC1_R2_Scratch_20260929\03_compute\formal_forward_v2_initial278\ligands\LIB_FDCXXPBBHPICRU.sdf,dbdc91a0f5d52a6f5d3bf64e11fa7889c693d533ec60f3961d35bc89a13259e2,<PACKAGE_ROOT>\Documents\Codex\TMC1_R2_Scratch_20260929\03_compute\formal_forward_v2_initial278\ligands\LIB_FDCXXPBBHPICRU.pdbqt,9b827ef5c78920299b6b21f4723832202f0d8a4b5fe3759c8b4871ae3afe199d,1.602
LIB_GMFZNQYZGJZENC,ChEMBL,CHEMBL1086222,CHEMBL1086222,https://www.ebi.ac.uk/chembl/compound_report_card/CHEMBL1086222/,Cc1ccc(NC(=O)Nc2cc(N3CCOCC3)cc(C(F)(F)F)c2)cc1-c1nc2c(cnn2Cc2ccccc2)n1C,Cc1ccc(NC(=O)Nc2cc(N3CCOCC3)cc(C(F)(F)F)c2)cc1-c1nc2c(cnn2Cc2ccccc2)n1C,Cc1ccc(NC(=O)Nc2cc(N3CCOCC3)cc(C(F)(F)F)c2)cc1-c1nc2c(cnn2Cc2ccccc2)n1C,GMFZNQYZGJZENC-UHFFFAOYSA-N,GMFZNQYZGJZENC,eligible,589.622,6.293,89.24,2,5,6,43,6,0.243,0,1,1,False,predicted,eligible,False,[],1,Cc1ccc(NC(=O)Nc2cc(N3CCOCC3)cc(C(F)(F)F)c2)cc1-c1nc2c(cnn2Cc2ccccc2)n1C,GMFZNQYZGJZENC-UHFFFAOYSA-N,False,[],[],False,False,O=C(Nc1cccc(-c2nc3c(cnn3Cc3ccccc3)[nH]2)c1)Nc1cccc(N2CCOCC2)c1,-8.801055908203125,-8.285636901855469,0.5516355037689209,0.2558139534883721,True,descriptor_ridge;AI_initial,2026-09-28T18:23:34.112856+00:00,Cc1ccc(NC(=O)Nc2cc(N3CCOCC3)cc(C(F)(F)F)c2)cc1-c1nc2c(cnn2Cc2ccccc2)n1C,GMFZNQYZGJZENC-UHFFFAOYSA-N,GMFZNQYZGJZENC-UHFFFAOYSA-N,[],[],exchangeable_tertiary_ring_NH_and_full_potential_stereo_v3_20260929,8,8,129.96600314163464,5,Cc1ccc(NC(=O)Nc2cc(N3CCOCC3)cc(C(F)(F)F)c2)cc1-c1nc2c(cnn2Cc2ccccc2)n1C,True,True,Cc1ccc(NC(=O)Nc2cc(N3CCOCC3)cc(C(F)(F)F)c2)cc1-c1nc2c(cnn2Cc2ccccc2)n1C,True,True,prepared,<PACKAGE_ROOT>\Documents\Codex\TMC1_R2_Scratch_20260929\03_compute\formal_forward_v2_initial278\ligands\LIB_GMFZNQYZGJZENC.sdf,ff135603e23fad6dcbf6632ba6c457a845ad4e5ebde6801c4cd4d27fee36e7f4,<PACKAGE_ROOT>\Documents\Codex\TMC1_R2_Scratch_20260929\03_compute\formal_forward_v2_initial278\ligands\LIB_GMFZNQYZGJZENC.pdbqt,eddb4d21f7f0456768354a47363dddd67825488d62abc9ca6937be0f949d0c1f,1.774
LIB_YDJYRDOKNBKUDY,ChEMBL,CHEMBL1078216,CHEMBL1078216,https://www.ebi.ac.uk/chembl/compound_report_card/CHEMBL1078216/,C[C@@H]1CC[C@]2(C(=O)O)CC[C@]3(C)C(=CC[C@@H]4[C@@]5(C)C[C@@H](O)[C@H](O)[C@@](C)(COS(=O)(=O)O)[C@@H]5CC[C@]43C)[C@@H]2[C@]1(C)O,C[C@@H]1CC[C@]2(C(=O)O)CC[C@]3(C)C(=CC[C@@H]4[C@@]5(C)C[C@@H](O)[C@H](O)[C@@](C)(COS(=O)(=O)O)[C@@H]5CC[C@]43C)[C@@H]2[C@]1(C)O,CC1CCC2(C(=O)O)CCC3(C)C(=CCC4C5(C)CC(O)C(O)C(C)(COS(=O)(=O)O)C5CCC43C)C2C1(C)O,YDJYRDOKNBKUDY-NIZSJLHKSA-N,YDJYRDOKNBKUDY,eligible,584.772,3.975,161.59,5,7,4,40,5,0.2431,0,1,1,False,predicted,eligible,False,[],1,C[C@@H]1CC[C@]2(C(=O)[O-])CC[C@]3(C)C(=CC[C@@H]4[C@@]5(C)C[C@@H](O)[C@H](O)[C@@](C)(COS(=O)(=O)[O-])[C@@H]5CC[C@]43C)[C@@H]2[C@]1(C)O,YDJYRDOKNBKUDY-NIZSJLHKSA-L,False,[],[],False,False,C1=C2C3CCCCC3CCC2C2CCC3CCCCC3C2C1,-8.774958610534668,-7.392504692077637,0.9331623315811157,0.25510204081632654,True,descriptor_ridge,2026-09-28T18:23:35.888432+00:00,C[C@@H]1CC[C@]2(C(=O)O)CC[C@]3(C)C(=CC[C@@H]4[C@@]5(C)C[C@@H](O)[C@H](O)[C@@](C)(COS(=O)(=O)O)[C@@H]5CC[C@]43C)[C@@H]2[C@]1(C)O,YDJYRDOKNBKUDY-NIZSJLHKSA-N,YDJYRDOKNBKUDY-NIZSJLHKSA-L,[],[],exchangeable_tertiary_ring_NH_and_full_potential_stereo_v3_20260929,10,10,161.51029405582312,0,C[C@@H]1CC[C@]2(C(=O)[O-])CC[C@]3(C)C(=CC[C@@H]4[C@@]5(C)C[C@@H](O)[C@H](O)[C@@](C)(COS(=O)(=O)[O-])[C@@H]5CC[C@]43C)[C@@H]2[C@]1(C)O,True,True,C[C@@H]1CC[C@]2(C(=O)[O-])CC[C@]3(C)C(=CC[C@@H]4[C@@]5(C)C[C@@H](O)[C@H](O)[C@@](C)(COS(=O)(=O)[O-])[C@@H]5CC[C@]43C)[C@@H]2[C@]1(C)O,True,True,prepared,<PACKAGE_ROOT>\Documents\Codex\TMC1_R2_Scratch_20260929\03_compute\formal_forward_v2_initial278\ligands\LIB_YDJYRDOKNBKUDY.sdf,2ed4ff39c928c887e93ad3e07126c5b9c14a462fc32f5a3580d50333778c7107,<PACKAGE_ROOT>\Documents\Codex\TMC1_R2_Scratch_20260929\03_compute\formal_forward_v2_initial278\ligands\LIB_YDJYRDOKNBKUDY.pdbqt,0b70072763fe27a448b6e71bab35bc8332689d2857ce6dab4c66d64c22b6cfd7,3.653
LIB_HTEUQPWFMDGLKN,ChEMBL,CHEMBL1076437,CHEMBL1076437,https://www.ebi.ac.uk/chembl/compound_report_card/CHEMBL1076437/,CCN1CCN(c2cc(C(=O)Nc3ccc(C)c(Nc4nc5ccccc5n4-c4cc(N)ncn4)c3)cc(C(F)(F)F)c2)CC1,CCN1CCN(c2cc(C(=O)Nc3ccc(C)c(Nc4nc5ccccc5n4-c4cc(N)ncn4)c3)cc(C(F)(F)F)c2)CC1,CCN1CCN(c2cc(C(=O)Nc3ccc(C)c(Nc4nc5ccccc5n4-c4cc(N)ncn4)c3)cc(C(F)(F)F)c2)CC1,HTEUQPWFMDGLKN-UHFFFAOYSA-N,HTEUQPWFMDGLKN,eligible,615.664,5.863,117.23,3,8,7,45,6,0.2085,0,1,1,False,predicted,eligible,False,[],1,CC[NH+]1CCN(c2cc(C(=O)Nc3ccc(C)c(Nc4nc5ccccc5n4-c4cc(N)ncn4)c3)cc(C(F)(F)F)c2)CC1,HTEUQPWFMDGLKN-UHFFFAOYSA-O,False,[],[2],False,False,O=C(Nc1cccc(Nc2nc3ccccc3n2-c2ccncn2)c1)c1cccc(N2CC[NH2+]CC2)c1,-8.772912979125977,-8.059727668762207,0.6978635191917419,0.2828282828282828,True,descriptor_ridge,2026-09-28T18:23:39.544238+00:00,CCN1CCN(c2cc(C(=O)Nc3ccc(C)c(Nc4nc5ccccc5n4-c4cc(N)ncn4)c3)cc(C(F)(F)F)c2)CC1,HTEUQPWFMDGLKN-UHFFFAOYSA-N,HTEUQPWFMDGLKN-UHFFFAOYSA-O,[],[2],exchangeable_tertiary_ring_NH_and_full_potential_stereo_v3_20260929,10,10,120.25471839866405,0,CC[NH+]1CCN(c2cc(C(=O)Nc3ccc(C)c(Nc4nc5ccccc5n4-c4cc(N)ncn4)c3)cc(C(F)(F)F)c2)CC1,True,True,CC[NH+]1CCN(c2cc(C(=O)Nc3ccc(C)c(Nc4nc5ccccc5n4-c4cc(N)ncn4)c3)cc(C(F)(F)F)c2)CC1,True,True,prepared,<PACKAGE_ROOT>\Documents\Codex\TMC1_R2_Scratch_20260929\03_compute\formal_forward_v2_initial278\ligands\LIB_HTEUQPWFMDGLKN.sdf,e4c09c604ae1ed96e1fa6b9b4df983c965bc20f49a527f0571aafa9f964466c8,<PACKAGE_ROOT>\Documents\Codex\TMC1_R2_Scratch_20260929\03_compute\formal_forward_v2_initial278\ligands\LIB_HTEUQPWFMDGLKN.pdbqt,85b381721bcde07280c016bab769e94ea2727b11bba470521c35250442609f48,2.177
LIB_ZQOONWLSKQGNJP,ChEMBL,CHEMBL1076670,CHEMBL1076670,https://www.ebi.ac.uk/chembl/compound_report_card/CHEMBL1076670/,CC1(C)O[C@@H]2CC(=O)O[C@@]23C[C@]24CC[C@]5(C)C(=O)[C@](C)(O)[C@]6(O)[C@H]7OC(=O)[C@](C)(O)[C@H]7O[C@@](O2)(C(=O)C4=CC[C@@H]13)[C@@H]65,CC1(C)O[C@@H]2CC(=O)O[C@@]23C[C@]24CC[C@]5(C)C(=O)[C@](C)(O)[C@]6(O)[C@H]7OC(=O)[C@](C)(O)[C@H]7O[C@@](O2)(C(=O)C4=CC[C@@H]13)[C@@H]65,CC1(C)OC2CC(=O)OC23CC24CCC5(C)C(=O)C(C)(O)C6(O)C7OC(=O)C(C)(O)C7OC(O2)(C(=O)C4=CCC13)C56,ZQOONWLSKQGNJP-UUULOBSYSA-N,ZQOONWLSKQGNJP,eligible,574.579,-0.223,175.12,3,12,0,41,8,0.3249,0,1,1,False,predicted,eligible,False,[],1,CC1(C)O[C@@H]2CC(=O)O[C@@]23C[C@]24CC[C@]5(C)C(=O)[C@](C)(O)[C@]6(O)[C@H]7OC(=O)[C@](C)(O)[C@H]7O[C@@](O2)(C(=O)C4=CC[C@@H]13)[C@@H]65,ZQOONWLSKQGNJP-UUULOBSYSA-N,False,[],[],False,False,O=C1CC2OC34OC5(CCC6C(=O)CC(C2O1)C63)CC12OC(=O)CC1OCC2CC=C5C4=O,-8.768084526062012,-7.618618965148926,0.737810492515564,0.21176470588235294,True,descriptor_ridge,2026-09-28T18:23:41.722444+00:00,CC1(C)O[C@@H]2CC(=O)O[C@@]23C[C@]24CC[C@]5(C)C(=O)[C@](C)(O)[C@]6(O)[C@H]7OC(=O)[C@](C)(O)[C@H]7O[C@@](O2)(C(=O)C4=CC[C@@H]13)[C@@H]65,ZQOONWLSKQGNJP-UUULOBSYSA-N,ZQOONWLSKQGNJP-UUULOBSYSA-N,[],[],exchangeable_tertiary_ring_NH_and_full_potential_stereo_v3_20260929,8,8,232.04344157073302,2,CC1(C)O[C@@H]2CC(=O)O[C@@]23C[C@]24CC[C@]5(C)C(=O)[C@](C)(O)[C@]6(O)[C@H]7OC(=O)[C@](C)(O)[C@H]7O[C@@](O2)(C(=O)C4=CC[C@@H]13)[C@@H]65,True,True,CC1(C)O[C@@H]2CC(=O)O[C@@]23C[C@]24CC[C@]5(C)C(=O)[C@](C)(O)[C@]6(O)[C@H]7OC(=O)[C@](C)(O)[C@H]7O[C@@](O2)(C(=O)C4=CC[C@@H]13)[C@@H]65,True,True,prepared,<PACKAGE_ROOT>\Documents\Codex\TMC1_R2_Scratch_20260929\03_compute\formal_forward_v2_initial278\ligands\LIB_ZQOONWLSKQGNJP.sdf,8e6b9a4efa6ae056f12f44db5283bb8b562d6fb302d0accb2006afdb823de7e3,<PACKAGE_ROOT>\Documents\Codex\TMC1_R2_Scratch_20260929\03_compute\formal_forward_v2_initial278\ligands\LIB_ZQOONWLSKQGNJP.pdbqt,3203666daf628af0d44c36a1fa8f5fc2d28b88e5493cc38bc1a215cffa52fcce,1.964
LIB_HRXLCWSIQGZEGT,ChEMBL,CHEMBL107817,CHEMBL107817,https://www.ebi.ac.uk/chembl/compound_report_card/CHEMBL107817/,Nc1cccc(CN2C(=O)N(Cc3ccc4[nH]nc(-c5cc[nH]n5)c4c3)[C@H](Cc3ccccc3)[C@H](O)[C@@H](O)[C@H]2Cc2ccccc2)c1,Nc1cccc(CN2C(=O)N(Cc3ccc4[nH]nc(-c5cc[nH]n5)c4c3)[C@H](Cc3ccccc3)[C@H](O)[C@@H](O)[C@H]2Cc2ccccc2)c1,Nc1cccc(CN2C(=O)N(Cc3ccc4[nH]nc(-c5cc[nH]n5)c4c3)C(Cc3ccccc3)C(O)C(O)C2Cc2ccccc2)c1,HRXLCWSIQGZEGT-IHIHPJAWSA-N,HRXLCWSIQGZEGT,eligible,627.749,4.917,147.39,5,6,9,47,7,0.1439,0,1,1,False,predicted,eligible,False,[],1,Nc1cccc(C[NH+]2C(=O)[NH+](Cc3ccc4[n-]nc(-c5cc[n-]n5)c4c3)[C@H](Cc3ccccc3)[C@H](O)[C@@H](O)[C@H]2Cc2ccccc2)c1,WKLVCISNOZZEPQ-IHIHPJAWSA-P,True,"[[""Atom_Tetrahedral"", 7], [""Atom_Tetrahedral"", 10]]","[7, 10]",False,True,O=C1[NH+](Cc2ccccc2)C(Cc2ccccc2)CCC(Cc2ccccc2)[NH+]1Cc1ccc2[n-]nc(-c3cc[n-]n3)c2c1,-8.758926391601562,-7.986927032470703,0.7165536284446716,0.2222222222222222,True,descriptor_ridge,2026-09-28T18:23:43.688145+00:00,Nc1cccc(CN2C(=O)N(Cc3ccc4[nH]nc(-c5cc[nH]n5)c4c3)[C@H](Cc3ccccc3)[C@H](O)[C@@H](O)[C@H]2Cc2ccccc2)c1,HRXLCWSIQGZEGT-IHIHPJAWSA-N,WKLVCISNOZZEPQ-IHIHPJAWSA-P,"[[""Atom_Tetrahedral"", 7], [""Atom_Tetrahedral"", 10]]","[7, 10]",exchangeable_tertiary_ring_NH_and_full_potential_stereo_v3_20260929,10,10,-284.9249839100273,2,Nc1cccc(C[N@H+]2C(=O)[N@@H+](Cc3ccc4[n-]nc(-c5cc[n-]n5)c4c3)[C@H](Cc3ccccc3)[C@H](O)[C@@H](O)[C@H]2Cc2ccccc2)c1,False,True,Nc1cccc(C[N@H+]2C(=O)[N@@H+](Cc3ccc4[n-]nc(-c5cc[n-]n5)c4c3)[C@H](Cc3ccccc3)[C@H](O)[C@@H](O)[C@H]2Cc2ccccc2)c1,False,True,prepared,<PACKAGE_ROOT>\Documents\Codex\TMC1_R2_Scratch_20260929\03_compute\formal_forward_v2_initial278\ligands\LIB_HRXLCWSIQGZEGT.sdf,c093c5d083019abf86d9694693b0bdd65a000e0d9c26a84fe01373b8ae51f9f9,<PACKAGE_ROOT>\Documents\Codex\TMC1_R2_Scratch_20260929\03_compute\formal_forward_v2_initial278\ligands\LIB_HRXLCWSIQGZEGT.pdbqt,ec38728bcd82dd2eea9c6b3e2f2381bc68de85c3a736ecd2b764a362a4e3c078,3.101
LIB_YQPHBBQBBMIYLO,ChEMBL,CHEMBL1076436,CHEMBL1076436,https://www.ebi.ac.uk/chembl/compound_report_card/CHEMBL1076436/,Cc1ccc(NC(=O)c2cc(N3CCN(C)CC3)cc(C(F)(F)F)c2)cc1Nc1nc2ccccc2n1-c1cc(N)ncn1,Cc1ccc(NC(=O)c2cc(N3CCN(C)CC3)cc(C(F)(F)F)c2)cc1Nc1nc2ccccc2n1-c1cc(N)ncn1,Cc1ccc(NC(=O)c2cc(N3CCN(C)CC3)cc(C(F)(F)F)c2)cc1Nc1nc2ccccc2n1-c1cc(N)ncn1,YQPHBBQBBMIYLO-UHFFFAOYSA-N,YQPHBBQBBMIYLO,eligible,601.637,5.473,117.23,3,8,6,44,6,0.2346,0,1,1,False,predicted,eligible,False,[],1,Cc1ccc(NC(=O)c2cc(N3CC[NH+](C)CC3)cc(C(F)(F)F)c2)cc1Nc1nc2ccccc2n1-c1cc(N)ncn1,YQPHBBQBBMIYLO-UHFFFAOYSA-O,False,[],[14],False,False,O=C(Nc1cccc(Nc2nc3ccccc3n2-c2ccncn2)c1)c1cccc(N2CC[NH2+]CC2)c1,-8.748619079589844,-8.271180152893066,0.6239652633666992,0.29357798165137616,True,descriptor_ridge;AI_initial,2026-09-28T18:23:46.790280+00:00,Cc1ccc(NC(=O)c2cc(N3CCN(C)CC3)cc(C(F)(F)F)c2)cc1Nc1nc2ccccc2n1-c1cc(N)ncn1,YQPHBBQBBMIYLO-UHFFFAOYSA-N,YQPHBBQBBMIYLO-UHFFFAOYSA-O,[],[14],exchangeable_tertiary_ring_NH_and_full_potential_stereo_v3_20260929,10,10,121.45803197843662,5,Cc1ccc(NC(=O)c2cc(N3CC[NH+](C)CC3)cc(C(F)(F)F)c2)cc1Nc1nc2ccccc2n1-c1cc(N)ncn1,True,True,Cc1ccc(NC(=O)c2cc(N3CC[NH+](C)CC3)cc(C(F)(F)F)c2)cc1Nc1nc2ccccc2n1-c1cc(N)ncn1,True,True,prepared,<PACKAGE_ROOT>\Documents\Codex\TMC1_R2_Scratch_20260929\03_compute\formal_forward_v2_initial278\ligands\LIB_YQPHBBQBBMIYLO.sdf,895f823722ca3c163972847e5e10f4121572d4f5cba45ab8defbd9371a8692e7,<PACKAGE_ROOT>\Documents\Codex\TMC1_R2_Scratch_20260929\03_compute\formal_forward_v2_initial278\ligands\LIB_YQPHBBQBBMIYLO.pdbqt,d2c1c7b100fffc32f5a4401e43a0926ad1d86c21a635d8905aaf3accff35a0fa,2.05
LIB_RSCVHKUJNYXHPQ,ChEMBL,CHEMBL1077059,CHEMBL1077059,https://www.ebi.ac.uk/chembl/compound_report_card/CHEMBL1077059/,C/C=C(\C)C(=O)O[C@@H]1[C@@H]2OC[C@]3(C)[C@H](OC(C)=O)C[C@H](OC(C)=O)[C@@](C)([C@@H]23)[C@H]2CCO[C@H]3C[C@@H](C4=CCOC4=O)C(C)=C3[C@]12C,C/C=C(\C)C(=O)O[C@@H]1[C@@H]2OC[C@]3(C)[C@H](OC(C)=O)C[C@H](OC(C)=O)[C@@](C)([C@@H]23)[C@H]2CCO[C@H]3C[C@@H](C4=CCOC4=O)C(C)=C3[C@]12C,CC=C(C)C(=O)OC1C2OCC3(C)C(OC(C)=O)CC(OC(C)=O)C(C)(C23)C2CCOC3CC(C4=CCOC4=O)C(C)=C3C12C,RSCVHKUJNYXHPQ-BAYFQJDRSA-N,RSCVHKUJNYXHPQ,eligible,626.743,4.404,123.66,0,10,5,45,6,0.1877,0,1,1,False,predicted,eligible,False,[],1,C/C=C(\C)C(=O)O[C@@H]1[C@@H]2OC[C@]3(C)[C@H](OC(C)=O)C[C@H](OC(C)=O)[C@@](C)([C@@H]23)[C@H]2CCO[C@H]3C[C@@H](C4=CCOC4=O)C(C)=C3[C@]12C,RSCVHKUJNYXHPQ-BAYFQJDRSA-N,False,[],[],False,False,O=C1OCC=C1C1C=C2C(C1)OCCC1C2CC2OCC3CCCC1C32,-8.73749828338623,-7.545779228210449,1.0411813259124756,0.2336448598130841,True,descriptor_ridge,2026-09-28T18:23:48.841832+00:00,C/C=C(\C)C(=O)O[C@@H]1[C@@H]2OC[C@]3(C)[C@H](OC(C)=O)C[C@H](OC(C)=O)[C@@](C)([C@@H]23)[C@H]2CCO[C@H]3C[C@@H](C4=CCOC4=O)C(C)=C3[C@]12C,RSCVHKUJNYXHPQ-BAYFQJDRSA-N,RSCVHKUJNYXHPQ-BAYFQJDRSA-N,[],[],exchangeable_tertiary_ring_NH_and_full_potential_stereo_v3_20260929,9,9,109.2525983520803,0,C/C=C(\C)C(=O)O[C@@H]1[C@@H]2OC[C@]3(C)[C@H](OC(C)=O)C[C@H](OC(C)=O)[C@@](C)([C@@H]23)[C@H]2CCO[C@H]3C[C@@H](C4=CCOC4=O)C(C)=C3[C@]12C,True,True,C/C=C(\C)C(=O)O[C@@H]1[C@@H]2OC[C@]3(C)[C@H](OC(C)=O)C[C@H](OC(C)=O)[C@@](C)([C@@H]23)[C@H]2CCO[C@H]3C[C@@H](C4=CCOC4=O)C(C)=C3[C@]12C,True,True,prepared,<PACKAGE_ROOT>\Documents\Codex\TMC1_R2_Scratch_20260929\03_compute\formal_forward_v2_initial278\ligands\LIB_RSCVHKUJNYXHPQ.sdf,f6e947a0f5bfdbe7d4bad732d5b00bcbfd2b571a50d4dfece327992c21e05568,<PACKAGE_ROOT>\Documents\Codex\TMC1_R2_Scratch_20260929\03_compute\formal_forward_v2_initial278\ligands\LIB_RSCVHKUJNYXHPQ.pdbqt,e7a78b07d6baab4c2ef40f1489f061470166abf0a6522b1fe653e49e5dfe961e,4.127
LIB_FYPXVPUOPMHLDN,ChEMBL,CHEMBL108498,CHEMBL108498,https://www.ebi.ac.uk/chembl/compound_report_card/CHEMBL108498/,Nc1cccc(CN2C(=O)N(Cc3ccc4[nH]nc(-c5cccs5)c4c3)[C@H](Cc3ccccc3)[C@H](O)[C@@H](O)[C@H]2Cc2ccccc2)c1,Nc1cccc(CN2C(=O)N(Cc3ccc4[nH]nc(-c5cccs5)c4c3)[C@H](Cc3ccccc3)[C@H](O)[C@@H](O)[C@H]2Cc2ccccc2)c1,Nc1cccc(CN2C(=O)N(Cc3ccc4[nH]nc(-c5cccs5)c4c3)C(Cc3ccccc3)C(O)C(O)C2Cc2ccccc2)c1,FYPXVPUOPMHLDN-OMNWBGIJSA-N,FYPXVPUOPMHLDN,eligible,643.813,6.256,118.71,4,6,9,47,7,0.1389,0,1,1,False,predicted,eligible,False,[],1,Nc1cccc(C[NH+]2C(=O)[NH+](Cc3ccc4[n-]nc(-c5cccs5)c4c3)[C@H](Cc3ccccc3)[C@H](O)[C@@H](O)[C@H]2Cc2ccccc2)c1,BIBFNIDQCUVWAP-OMNWBGIJSA-P,True,"[[""Atom_Tetrahedral"", 7], [""Atom_Tetrahedral"", 10]]","[7, 10]",False,True,O=C1[NH+](Cc2ccccc2)C(Cc2ccccc2)CCC(Cc2ccccc2)[NH+]1Cc1ccc2[n-]nc(-c3cccs3)c2c1,-8.732342720031738,-7.896483421325684,0.7521300315856934,0.22018348623853212,True,descriptor_ridge,2026-09-28T18:23:52.971587+00:00,Nc1cccc(CN2C(=O)N(Cc3ccc4[nH]nc(-c5cccs5)c4c3)[C@H](Cc3ccccc3)[C@H](O)[C@@H](O)[C@H]2Cc2ccccc2)c1,FYPXVPUOPMHLDN-OMNWBGIJSA-N,BIBFNIDQCUVWAP-OMNWBGIJSA-P,"[[""Atom_Tetrahedral"", 7], [""Atom_Tetrahedral"", 10]]","[7, 10]",exchangeable_tertiary_ring_NH_and_full_potential_stereo_v3_20260929,10,10,-171.46613541317106,5,Nc1cccc(C[N@@H+]2C(=O)[N@H+](Cc3ccc4[n-]nc(-c5cccs5)c4c3)[C@H](Cc3ccccc3)[C@H](O)[C@@H](O)[C@H]2Cc2ccccc2)c1,False,True,Nc1cccc(C[N@@H+]2C(=O)[N@H+](Cc3ccc4[n-]nc(-c5cccs5)c4c3)[C@H](Cc3ccccc3)[C@H](O)[C@@H](O)[C@H]2Cc2ccccc2)c1,False,True,prepared,<PACKAGE_ROOT>\Documents\Codex\TMC1_R2_Scratch_20260929\03_compute\formal_forward_v2_initial278\ligands\LIB_FYPXVPUOPMHLDN.sdf,e53d1a79877dff35acae64937e30fdd0af0f4fed050451dcfe75eaa195b812b0,<PACKAGE_ROOT>\Documents\Codex\TMC1_R2_Scratch_20260929\03_compute\formal_forward_v2_initial278\ligands\LIB_FYPXVPUOPMHLDN.pdbqt,506b36f58f274ec99fe809d2e16e46ed8ffaf314c6c002683f6378332f1b0e12,4.204
LIB_NNIHOVDDAZGURH,ChEMBL,CHEMBL1076607,CHEMBL1076607,https://www.ebi.ac.uk/chembl/compound_report_card/CHEMBL1076607/,CC(=O)O[C@H]1[C@H](OC(=O)c2ccccc2)[C@@]2(C)[C@@H](OC(=O)/C=C/c3ccccc3)C[C@@H]3[C@@H](O)[C@]2(OC3(C)C)[C@@](C)(O)[C@H]1OC(C)=O,CC(=O)O[C@H]1[C@H](OC(=O)c2ccccc2)[C@@]2(C)[C@@H](OC(=O)/C=C/c3ccccc3)C[C@@H]3[C@@H](O)[C@]2(OC3(C)C)[C@@](C)(O)[C@H]1OC(C)=O,CC(=O)OC1C(OC(C)=O)C(C)(O)C23OC(C)(C)C(CC(OC(=O)C=Cc4ccccc4)C2(C)C1OC(=O)c1ccccc1)C3O,NNIHOVDDAZGURH-ZAKGOMEISA-N,NNIHOVDDAZGURH,eligible,636.694,3.4,154.89,2,11,7,46,5,0.2611,0,1,1,False,predicted,eligible,False,[],1,CC(=O)O[C@H]1[C@H](OC(=O)c2ccccc2)[C@@]2(C)[C@@H](OC(=O)/C=C/c3ccccc3)C[C@@H]3[C@@H](O)[C@]2(OC3(C)C)[C@@](C)(O)[C@H]1OC(C)=O,NNIHOVDDAZGURH-ZAKGOMEISA-N,False,[],[],False,False,O=C(C=Cc1ccccc1)OC1CC2COC3(CCCC(OC(=O)c4ccccc4)C13)C2,-8.731011390686035,-8.005178451538086,0.7797645926475525,0.24242424242424243,True,descriptor_ridge,2026-09-28T18:23:57.176954+00:00,CC(=O)O[C@H]1[C@H](OC(=O)c2ccccc2)[C@@]2(C)[C@@H](OC(=O)/C=C/c3ccccc3)C[C@@H]3[C@@H](O)[C@]2(OC3(C)C)[C@@](C)(O)[C@H]1OC(C)=O,NNIHOVDDAZGURH-ZAKGOMEISA-N,NNIHOVDDAZGURH-ZAKGOMEISA-N,[],[],exchangeable_tertiary_ring_NH_and_full_potential_stereo_v3_20260929,9,9,158.9874722741235,5,CC(=O)O[C@H]1[C@H](OC(=O)c2ccccc2)[C@@]2(C)[C@@H](OC(=O)/C=C/c3ccccc3)C[C@@H]3[C@@H](O)[C@]2(OC3(C)C)[C@@](C)(O)[C@H]1OC(C)=O,True,True,CC(=O)O[C@H]1[C@H](OC(=O)c2ccccc2)[C@@]2(C)[C@@H](OC(=O)/C=C/c3ccccc3)C[C@@H]3[C@@H](O)[C@]2(OC3(C)C)[C@@](C)(O)[C@H]1OC(C)=O,True,True,prepared,<PACKAGE_ROOT>\Documents\Codex\TMC1_R2_Scratch_20260929\03_compute\formal_forward_v2_initial278\ligands\LIB_NNIHOVDDAZGURH.sdf,1bd81daa0928af272b46633d92574933b4791aa1dfef32da8144fbfd25cbb0de,<PACKAGE_ROOT>\Documents\Codex\TMC1_R2_Scratch_20260929\03_compute\formal_forward_v2_initial278\ligands\LIB_NNIHOVDDAZGURH.pdbqt,4db4bea3bb9ddd81123dca5ce798f02cc9b070e418b8d36c34ffc99a7a1dda75,3.811
LIB_QLNUKHGTFPPKSK,ChEMBL,CHEMBL1075770,CHEMBL1075770,https://www.ebi.ac.uk/chembl/compound_report_card/CHEMBL1075770/,COC(=O)C[C@H]1C(C)(C)[C@H](OC(=O)c2ccccc2)[C@]2(O)CC3=C4CC(=O)O[C@@H](c5ccoc5)[C@]4(C)CC[C@@H]3[C@@]1(C)C2=O,COC(=O)C[C@H]1C(C)(C)[C@H](OC(=O)c2ccccc2)[C@]2(O)CC3=C4CC(=O)O[C@@H](c5ccoc5)[C@]4(C)CC[C@@H]3[C@@]1(C)C2=O,COC(=O)CC1C(C)(C)C(OC(=O)c2ccccc2)C2(O)CC3=C4CC(=O)OC(c5ccoc5)C4(C)CCC3C1(C)C2=O,QLNUKHGTFPPKSK-DNQRGZSMSA-N,QLNUKHGTFPPKSK,eligible,590.669,5.135,129.34,1,9,5,43,6,0.286,0,1,1,False,predicted,eligible,False,[],1,COC(=O)C[C@H]1C(C)(C)[C@H](OC(=O)c2ccccc2)[C@]2(O)CC3=C4CC(=O)O[C@@H](c5ccoc5)[C@]4(C)CC[C@@H]3[C@@]1(C)C2=O,QLNUKHGTFPPKSK-DNQRGZSMSA-N,False,[],[],False,False,O=C1CC2=C3CC4C(=O)C(CCC4OC(=O)c4ccccc4)C3CCC2C(c2ccoc2)O1,-8.724675178527832,-8.01662826538086,0.6636853218078613,0.25742574257425743,True,descriptor_ridge,2026-09-28T18:24:00.989524+00:00,COC(=O)C[C@H]1C(C)(C)[C@H](OC(=O)c2ccccc2)[C@]2(O)CC3=C4CC(=O)O[C@@H](c5ccoc5)[C@]4(C)CC[C@@H]3[C@@]1(C)C2=O,QLNUKHGTFPPKSK-DNQRGZSMSA-N,QLNUKHGTFPPKSK-DNQRGZSMSA-N,[],[],exchangeable_tertiary_ring_NH_and_full_potential_stereo_v3_20260929,10,10,191.32113972952158,1,COC(=O)C[C@H]1C(C)(C)[C@H](OC(=O)c2ccccc2)[C@]2(O)CC3=C4CC(=O)O[C@@H](c5ccoc5)[C@]4(C)CC[C@@H]3[C@@]1(C)C2=O,True,True,COC(=O)C[C@H]1C(C)(C)[C@H](OC(=O)c2ccccc2)[C@]2(O)CC3=C4CC(=O)O[C@@H](c5ccoc5)[C@]4(C)CC[C@@H]3[C@@]1(C)C2=O,True,True,prepared,<PACKAGE_ROOT>\Documents\Codex\TMC1_R2_Scratch_20260929\03_compute\formal_forward_v2_initial278\ligands\LIB_QLNUKHGTFPPKSK.sdf,ae066aa0bacfe8c49a9bb1a9c355ed59a2907c249e9f47fe78197dc8d97976a8,<PACKAGE_ROOT>\Documents\Codex\TMC1_R2_Scratch_20260929\03_compute\formal_forward_v2_initial278\ligands\LIB_QLNUKHGTFPPKSK.pdbqt,53ae25eed47486c833cb23aba22ade2d822d1f66fbffbad20d2dea4c95f52de0,4.861
LIB_OVOJZOGJIHRBMM,ChEMBL,CHEMBL1077084,CHEMBL1077084,https://www.ebi.ac.uk/chembl/compound_report_card/CHEMBL1077084/,C/C=C(\C)C(=O)O[C@@H]1[C@@H]2OC[C@]3(C)[C@H](OC(C)=O)C[C@H](O)[C@@](C)([C@@H]23)[C@H]2C[C@H](O)O[C@H]3C[C@@H](C4=CCOC4=O)C(C)=C3[C@]12C,C/C=C(\C)C(=O)O[C@@H]1[C@@H]2OC[C@]3(C)[C@H](OC(C)=O)C[C@H](O)[C@@](C)([C@@H]23)[C@H]2C[C@H](O)O[C@H]3C[C@@H](C4=CCOC4=O)C(C)=C3[C@]12C,CC=C(C)C(=O)OC1C2OCC3(C)C(OC(C)=O)CC(O)C(C)(C23)C2CC(O)OC3CC(C4=CCOC4=O)C(C)=C3C12C,OVOJZOGJIHRBMM-GKMUKERHSA-N,OVOJZOGJIHRBMM,eligible,600.705,3.151,137.82,2,10,4,43,6,0.2142,0,1,1,False,predicted,eligible,False,[],1,C/C=C(\C)C(=O)O[C@@H]1[C@@H]2OC[C@]3(C)[C@H](OC(C)=O)C[C@H](O)[C@@](C)([C@@H]23)[C@H]2C[C@H](O)O[C@H]3C[C@@H](C4=CCOC4=O)C(C)=C3[C@]12C,OVOJZOGJIHRBMM-GKMUKERHSA-N,False,[],[],False,False,O=C1OCC=C1C1C=C2C(C1)OCCC1C2CC2OCC3CCCC1C32,-8.724671363830566,-7.577861785888672,1.036984920501709,0.24528301886792453,True,descriptor_ridge,2026-09-28T18:24:05.852179+00:00,C/C=C(\C)C(=O)O[C@@H]1[C@@H]2OC[C@]3(C)[C@H](OC(C)=O)C[C@H](O)[C@@](C)([C@@H]23)[C@H]2C[C@H](O)O[C@H]3C[C@@H](C4=CCOC4=O)C(C)=C3[C@]12C,OVOJZOGJIHRBMM-GKMUKERHSA-N,OVOJZOGJIHRBMM-GKMUKERHSA-N,[],[],exchangeable_tertiary_ring_NH_and_full_potential_stereo_v3_20260929,10,10,91.81400479310689,3,C/C=C(\C)C(=O)O[C@@H]1[C@@H]2OC[C@]3(C)[C@H](OC(C)=O)C[C@H](O)[C@@](C)([C@@H]23)[C@H]2C[C@H](O)O[C@H]3C[C@@H](C4=CCOC4=O)C(C)=C3[C@]12C,True,True,C/C=C(\C)C(=O)O[C@@H]1[C@@H]2OC[C@]3(C)[C@H](OC(C)=O)C[C@H](O)[C@@](C)([C@@H]23)[C@H]2C[C@H](O)O[C@H]3C[C@@H](C4=CCOC4=O)C(C)=C3[C@]12C,True,True,prepared,<PACKAGE_ROOT>\Documents\Codex\TMC1_R2_Scratch_20260929\03_compute\formal_forward_v2_initial278\ligands\LIB_OVOJZOGJIHRBMM.sdf,32c843afc0d0975b1cbe84f9e5901272cee123c7c24e234137a6a11e9e9d0200,<PACKAGE_ROOT>\Documents\Codex\TMC1_R2_Scratch_20260929\03_compute\formal_forward_v2_initial278\ligands\LIB_OVOJZOGJIHRBMM.pdbqt,5f2389f0b8ccb019f9d431a756418c5c9051070ebcd4c3edf94aee6b63678032,4.07
LIB_OKBVEGJXRLVXHT,ChEMBL,CHEMBL1078132,CHEMBL1078132,https://www.ebi.ac.uk/chembl/compound_report_card/CHEMBL1078132/,COC(=O)c1cc(OC)cc(O)c1C(=O)c1c(O)cc(C)c(C2=CC(C)(C)Oc3c(CC=C(C)C)cc(O)cc32)c1O,COC(=O)c1cc(OC)cc(O)c1C(=O)c1c(O)cc(C)c(C2=CC(C)(C)Oc3c(CC=C(C)C)cc(O)cc32)c1O,COC(=O)c1cc(OC)cc(O)c1C(=O)c1c(O)cc(C)c(C2=CC(C)(C)Oc3c(CC=C(C)C)cc(O)cc32)c1O,OKBVEGJXRLVXHT-UHFFFAOYSA-N,OKBVEGJXRLVXHT,eligible,574.626,5.955,142.75,4,9,7,42,4,0.1528,0,1,1,False,predicted,eligible,False,[],1,COC(=O)c1cc(OC)cc([O-])c1C(=O)c1c([O-])cc(C)c(C2=CC(C)(C)Oc3c(CC=C(C)C)cc([O-])cc32)c1[O-],OKBVEGJXRLVXHT-UHFFFAOYSA-J,False,[],[],False,False,O=C(c1ccccc1)c1cccc(C2=CCOc3ccccc32)c1,-8.720213890075684,-7.776483058929443,0.8241147994995117,0.2631578947368421,True,descriptor_ridge,2026-09-28T18:24:09.924763+00:00,COC(=O)c1cc(OC)cc(O)c1C(=O)c1c(O)cc(C)c(C2=CC(C)(C)Oc3c(CC=C(C)C)cc(O)cc32)c1O,OKBVEGJXRLVXHT-UHFFFAOYSA-N,OKBVEGJXRLVXHT-UHFFFAOYSA-J,[],[],exchangeable_tertiary_ring_NH_and_full_potential_stereo_v3_20260929,10,10,498.093033774422,9,COC(=O)c1cc(OC)cc([O-])c1C(=O)c1c([O-])cc(C)c(C2=CC(C)(C)Oc3c(CC=C(C)C)cc([O-])cc32)c1[O-],True,True,COC(=O)c1cc(OC)cc([O-])c1C(=O)c1c([O-])cc(C)c(C2=CC(C)(C)Oc3c(CC=C(C)C)cc([O-])cc32)c1[O-],True,True,prepared,<PACKAGE_ROOT>\Documents\Codex\TMC1_R2_Scratch_20260929\03_compute\formal_forward_v2_initial278\ligands\LIB_OKBVEGJXRLVXHT.sdf,24e3e227afb937939fc5a7d55178191eae1c2ba4aa34fbfd25e76a3fd4d65084,<PACKAGE_ROOT>\Documents\Codex\TMC1_R2_Scratch_20260929\03_compute\formal_forward_v2_initial278\ligands\LIB_OKBVEGJXRLVXHT.pdbqt,4f85821bbcbe22b018467f01fef60f2757a5ac83f08861f59ed765717de07fb6,2.185
LIB_JFADHIAXFVRSJF,ChEMBL,CHEMBL1077061,CHEMBL1077061,https://www.ebi.ac.uk/chembl/compound_report_card/CHEMBL1077061/,CC(=O)c1nn(-c2ccccc2)cc1C(=O)c1nn(-c2ccccc2)cc1C(=O)c1nn(-c2ccccc2)cc1C(=O)c1ccccc1,CC(=O)c1nn(-c2ccccc2)cc1C(=O)c1nn(-c2ccccc2)cc1C(=O)c1nn(-c2ccccc2)cc1C(=O)c1ccccc1,CC(=O)c1nn(-c2ccccc2)cc1C(=O)c1nn(-c2ccccc2)cc1C(=O)c1nn(-c2ccccc2)cc1C(=O)c1ccccc1,JFADHIAXFVRSJF-UHFFFAOYSA-N,JFADHIAXFVRSJF,eligible,630.664,6.139,121.74,0,7,10,48,7,0.1665,0,1,1,False,predicted,eligible,False,[],1,CC(=O)c1nn(-c2ccccc2)cc1C(=O)c1nn(-c2ccccc2)cc1C(=O)c1nn(-c2ccccc2)cc1C(=O)c1ccccc1,JFADHIAXFVRSJF-UHFFFAOYSA-N,False,[],[],False,False,O=C(c1ccccc1)c1cn(-c2ccccc2)nc1C(=O)c1cn(-c2ccccc2)nc1C(=O)c1cnn(-c2ccccc2)c1,-8.716217041015625,-8.016122817993164,0.6705527305603027,0.375,False,descriptor_ridge,2026-09-28T18:24:12.111366+00:00,CC(=O)c1nn(-c2ccccc2)cc1C(=O)c1nn(-c2ccccc2)cc1C(=O)c1nn(-c2ccccc2)cc1C(=O)c1ccccc1,JFADHIAXFVRSJF-UHFFFAOYSA-N,JFADHIAXFVRSJF-UHFFFAOYSA-N,[],[],exchangeable_tertiary_ring_NH_and_full_potential_stereo_v3_20260929,10,10,269.527662823606,2,CC(=O)c1nn(-c2ccccc2)cc1C(=O)c1nn(-c2ccccc2)cc1C(=O)c1nn(-c2ccccc2)cc1C(=O)c1ccccc1,True,True,CC(=O)c1nn(-c2ccccc2)cc1C(=O)c1nn(-c2ccccc2)cc1C(=O)c1nn(-c2ccccc2)cc1C(=O)c1ccccc1,True,True,prepared,<PACKAGE_ROOT>\Documents\Codex\TMC1_R2_Scratch_20260929\03_compute\formal_forward_v2_initial278\ligands\LIB_JFADHIAXFVRSJF.sdf,1334c3a7e899711e51f1b23c6b904dd27b25ce17b05f9cb33bf3be99f2666bda,<PACKAGE_ROOT>\Documents\Codex\TMC1_R2_Scratch_20260929\03_compute\formal_forward_v2_initial278\ligands\LIB_JFADHIAXFVRSJF.pdbqt,6a42719dc7b2d6436a4df225e5e766b0445c3861753373fe868de17451c0d6e3,2.298
LIB_IJNPXERHOGNDDN,ChEMBL,CHEMBL1077048,CHEMBL1077048,https://www.ebi.ac.uk/chembl/compound_report_card/CHEMBL1077048/,CC(=O)O[C@@H]1C[C@@]23C[C@@]24CC[C@H](O)C(C)(C)[C@@H]4CC[C@H]3[C@]2(C)C[C@@H]3O[C@@]4(CC[C@@]5(C)O[C@@H]45)C[C@@H](C)[C@@H]3[C@@]12C,CC(=O)O[C@@H]1C[C@@]23C[C@@]24CC[C@H](O)C(C)(C)[C@@H]4CC[C@H]3[C@]2(C)C[C@@H]3O[C@@]4(CC[C@@]5(C)O[C@@H]45)C[C@@H](C)[C@@H]3[C@@]12C,CC(=O)OC1CC23CC24CCC(O)C(C)(C)C4CCC3C2(C)CC3OC4(CCC5(C)OC54)CC(C)C3C12C,IJNPXERHOGNDDN-WZYLBMLSSA-N,IJNPXERHOGNDDN,eligible,526.758,6.053,68.29,1,5,1,38,8,0.3326,0,1,1,False,predicted,eligible,False,[],1,CC(=O)O[C@@H]1C[C@@]23C[C@@]24CC[C@H](O)C(C)(C)[C@@H]4CC[C@H]3[C@]2(C)C[C@@H]3O[C@@]4(CC[C@@]5(C)O[C@@H]45)C[C@@H](C)[C@@H]3[C@@]12C,IJNPXERHOGNDDN-WZYLBMLSSA-N,False,[],[],False,False,C1CCC23CC24CCC2C5CCC6(CCC7OC76)OC5CC2C4CCC3C1,-8.707406997680664,-7.466231346130371,0.7821633219718933,0.21348314606741572,True,descriptor_ridge,2026-09-28T18:24:14.410427+00:00,CC(=O)O[C@@H]1C[C@@]23C[C@@]24CC[C@H](O)C(C)(C)[C@@H]4CC[C@H]3[C@]2(C)C[C@@H]3O[C@@]4(CC[C@@]5(C)O[C@@H]45)C[C@@H](C)[C@@H]3[C@@]12C,IJNPXERHOGNDDN-WZYLBMLSSA-N,IJNPXERHOGNDDN-WZYLBMLSSA-N,[],[],exchangeable_tertiary_ring_NH_and_full_potential_stereo_v3_20260929,9,9,166.03893194101875,0,CC(=O)O[C@@H]1C[C@@]23C[C@@]24CC[C@H](O)C(C)(C)[C@@H]4CC[C@H]3[C@]2(C)C[C@@H]3O[C@@]4(CC[C@@]5(C)O[C@@H]45)C[C@@H](C)[C@@H]3[C@@]12C,True,True,CC(=O)O[C@@H]1C[C@@]23C[C@@]24CC[C@H](O)C(C)(C)[C@@H]4CC[C@H]3[C@]2(C)C[C@@H]3O[C@@]4(CC[C@@]5(C)O[C@@H]45)C[C@@H](C)[C@@H]3[C@@]12C,True,True,prepared,<PACKAGE_ROOT>\Documents\Codex\TMC1_R2_Scratch_20260929\03_compute\formal_forward_v2_initial278\ligands\LIB_IJNPXERHOGNDDN.sdf,d8e4ab3ca53c89d931efe57352ed9a721a6dc4fffb7aabb90b9168334daeea2e,<PACKAGE_ROOT>\Documents\Codex\TMC1_R2_Scratch_20260929\03_compute\formal_forward_v2_initial278\ligands\LIB_IJNPXERHOGNDDN.pdbqt,e0b513e5c6f68971b9e009bc0bbc538e7a88692faafc3016a1e5290dfc374b56,3.872
LIB_LWTKJTIPCMXHIH,ChEMBL,CHEMBL1077325,CHEMBL1077325,https://www.ebi.ac.uk/chembl/compound_report_card/CHEMBL1077325/,Cc1cc(N2CC[C@H](NC(=O)OC(C)(C)C)C2)cc2[nH]c(-c3c(NC[C@@H](O)c4cccc(Cl)c4)cc[nH]c3=O)nc12,Cc1cc(N2CC[C@H](NC(=O)OC(C)(C)C)C2)cc2[nH]c(-c3c(NC[C@@H](O)c4cccc(Cl)c4)cc[nH]c3=O)nc12,Cc1cc(N2CCC(NC(=O)OC(C)(C)C)C2)cc2[nH]c(-c3c(NCC(O)c4cccc(Cl)c4)cc[nH]c3=O)nc12,LWTKJTIPCMXHIH-GBXCKJPGSA-N,LWTKJTIPCMXHIH,eligible,579.101,5.129,135.37,5,7,7,41,5,0.2051,0,1,1,False,predicted,eligible,False,[],1,Cc1cc(N2CC[C@H](NC(=O)OC(C)(C)C)C2)cc2[n-]c(-c3c(NC[C@@H](O)c4cccc(Cl)c4)cc[n-]c3=O)nc12,HPFCKPHTOJNJHX-GBXCKJPGSA-L,False,[],[],False,False,O=c1[n-]ccc(NCCc2ccccc2)c1-c1nc2ccc(N3CCCC3)cc2[n-]1,-8.702376365661621,-7.924475193023682,0.7121988534927368,0.23148148148148148,True,descriptor_ridge,2026-09-28T18:24:18.284788+00:00,Cc1cc(N2CC[C@H](NC(=O)OC(C)(C)C)C2)cc2[nH]c(-c3c(NC[C@@H](O)c4cccc(Cl)c4)cc[nH]c3=O)nc12,LWTKJTIPCMXHIH-GBXCKJPGSA-N,HPFCKPHTOJNJHX-GBXCKJPGSA-L,[],[],exchangeable_tertiary_ring_NH_and_full_potential_stereo_v3_20260929,10,10,157.28012990811897,5,Cc1cc(N2CC[C@H](NC(=O)OC(C)(C)C)C2)cc2[n-]c(-c3c(NC[C@@H](O)c4cccc(Cl)c4)cc[n-]c3=O)nc12,True,True,Cc1cc(N2CC[C@H](NC(=O)OC(C)(C)C)C2)cc2[n-]c(-c3c(NC[C@@H](O)c4cccc(Cl)c4)cc[n-]c3=O)nc12,True,True,prepared,<PACKAGE_ROOT>\Documents\Codex\TMC1_R2_Scratch_20260929\03_compute\formal_forward_v2_initial278\ligands\LIB_LWTKJTIPCMXHIH.sdf,44594d5eab5be775812c2609a6e19f1431779d5511ca64c2d4d5a847d0bfa274,<PACKAGE_ROOT>\Documents\Codex\TMC1_R2_Scratch_20260929\03_compute\formal_forward_v2_initial278\ligands\LIB_LWTKJTIPCMXHIH.pdbqt,4a684260cbcfff5cf57f301cd56e8f8ad4446d55e9d63a8292c175129b79c9c9,2.582
LIB_XKOPCBHBBCCNEY,ChEMBL,CHEMBL1077057,CHEMBL1077057,https://www.ebi.ac.uk/chembl/compound_report_card/CHEMBL1077057/,C/C=C(\C)C(=O)O[C@@H]1[C@@H]2OC[C@]3(C)[C@H](OC(C)=O)C[C@H](O)[C@@](C)([C@@H]23)[C@H]2C[C@H](OCC)O[C@H]3C[C@@H](C4=CCOC4=O)C(C)=C3[C@]12C,C/C=C(\C)C(=O)O[C@@H]1[C@@H]2OC[C@]3(C)[C@H](OC(C)=O)C[C@H](O)[C@@](C)([C@@H]23)[C@H]2C[C@H](OCC)O[C@H]3C[C@@H](C4=CCOC4=O)C(C)=C3[C@]12C,CC=C(C)C(=O)OC1C2OCC3(C)C(OC(C)=O)CC(O)C(C)(C23)C2CC(OCC)OC3CC(C4=CCOC4=O)C(C)=C3C12C,XKOPCBHBBCCNEY-OOQJZCITSA-N,XKOPCBHBBCCNEY,eligible,628.759,4.196,126.82,1,10,6,45,6,0.198,0,1,1,False,predicted,eligible,False,[],1,C/C=C(\C)C(=O)O[C@@H]1[C@@H]2OC[C@]3(C)[C@H](OC(C)=O)C[C@H](O)[C@@](C)([C@@H]23)[C@H]2C[C@H](OCC)O[C@H]3C[C@@H](C4=CCOC4=O)C(C)=C3[C@]12C,XKOPCBHBBCCNEY-OOQJZCITSA-N,False,[],[],False,False,O=C1OCC=C1C1C=C2C(C1)OCCC1C2CC2OCC3CCCC1C32,-8.696885108947754,-7.479254722595215,0.8590385913848877,0.24545454545454545,True,descriptor_ridge,2026-09-28T18:24:20.868072+00:00,C/C=C(\C)C(=O)O[C@@H]1[C@@H]2OC[C@]3(C)[C@H](OC(C)=O)C[C@H](O)[C@@](C)([C@@H]23)[C@H]2C[C@H](OCC)O[C@H]3C[C@@H](C4=CCOC4=O)C(C)=C3[C@]12C,XKOPCBHBBCCNEY-OOQJZCITSA-N,XKOPCBHBBCCNEY-OOQJZCITSA-N,[],[],exchangeable_tertiary_ring_NH_and_full_potential_stereo_v3_20260929,10,10,103.71188417196481,2,C/C=C(\C)C(=O)O[C@@H]1[C@@H]2OC[C@]3(C)[C@H](OC(C)=O)C[C@H](O)[C@@](C)([C@@H]23)[C@H]2C[C@H](OCC)O[C@H]3C[C@@H](C4=CCOC4=O)C(C)=C3[C@]12C,True,True,C/C=C(\C)C(=O)O[C@@H]1[C@@H]2OC[C@]3(C)[C@H](OC(C)=O)C[C@H](O)[C@@](C)([C@@H]23)[C@H]2C[C@H](OCC)O[C@H]3C[C@@H](C4=CCOC4=O)C(C)=C3[C@]12C,True,True,prepared,<PACKAGE_ROOT>\Documents\Codex\TMC1_R2_Scratch_20260929\03_compute\formal_forward_v2_initial278\ligands\LIB_XKOPCBHBBCCNEY.sdf,95a14ef10d4886b3e1ad4aa03667f8615c1f215b034ec729324280a0f09b6e95,<PACKAGE_ROOT>\Documents\Codex\TMC1_R2_Scratch_20260929\03_compute\formal_forward_v2_initial278\ligands\LIB_XKOPCBHBBCCNEY.pdbqt,7329138b42a93cb49f825c75a3a390ca50790a4e7bf5017c341aa1096b9736d3,4.177
LIB_RWVZCSBFQAARFN,ChEMBL,CHEMBL1077049,CHEMBL1077049,https://www.ebi.ac.uk/chembl/compound_report_card/CHEMBL1077049/,CC(=O)OC(C)(C)[C@H]1C[C@@]23O[C@@H]1C[C@@H](C)[C@@H]2[C@@]1(C)CC[C@@]24C[C@@]25CC[C@H](O)C(C)(C)[C@@H]5CC[C@H]4[C@]1(C)[C@H]3O,CC(=O)OC(C)(C)[C@H]1C[C@@]23O[C@@H]1C[C@@H](C)[C@@H]2[C@@]1(C)CC[C@@]24C[C@@]25CC[C@H](O)C(C)(C)[C@@H]5CC[C@H]4[C@]1(C)[C@H]3O,CC(=O)OC(C)(C)C1CC23OC1CC(C)C2C1(C)CCC24CC25CCC(O)C(C)(C)C5CCC4C1(C)C3O,RWVZCSBFQAARFN-ZHHILIIBSA-N,RWVZCSBFQAARFN,eligible,528.774,5.893,75.99,2,5,2,38,7,0.4371,0,1,1,False,predicted,eligible,False,[],1,CC(=O)OC(C)(C)[C@H]1C[C@@]23O[C@@H]1C[C@@H](C)[C@@H]2[C@@]1(C)CC[C@@]24C[C@@]25CC[C@H](O)C(C)(C)[C@@H]5CC[C@H]4[C@]1(C)[C@H]3O,RWVZCSBFQAARFN-ZHHILIIBSA-N,False,[],[],False,False,C1CCC23CC24CCC2C(CC56CCC(CCC25)O6)C4CCC3C1,-8.681953430175781,-7.5952911376953125,0.6802695989608765,0.25,True,descriptor_ridge,2026-09-28T18:24:25.046731+00:00,CC(=O)OC(C)(C)[C@H]1C[C@@]23O[C@@H]1C[C@@H](C)[C@@H]2[C@@]1(C)CC[C@@]24C[C@@]25CC[C@H](O)C(C)(C)[C@@H]5CC[C@H]4[C@]1(C)[C@H]3O,RWVZCSBFQAARFN-ZHHILIIBSA-N,RWVZCSBFQAARFN-ZHHILIIBSA-N,[],[],exchangeable_tertiary_ring_NH_and_full_potential_stereo_v3_20260929,10,10,182.37196587733118,7,CC(=O)OC(C)(C)[C@H]1C[C@@]23O[C@@H]1C[C@@H](C)[C@@H]2[C@@]1(C)CC[C@@]24C[C@@]25CC[C@H](O)C(C)(C)[C@@H]5CC[C@H]4[C@]1(C)[C@H]3O,True,True,CC(=O)OC(C)(C)[C@H]1C[C@@]23O[C@@H]1C[C@@H](C)[C@@H]2[C@@]1(C)CC[C@@]24C[C@@]25CC[C@H](O)C(C)(C)[C@@H]5CC[C@H]4[C@]1(C)[C@H]3O,True,True,prepared,<PACKAGE_ROOT>\Documents\Codex\TMC1_R2_Scratch_20260929\03_compute\formal_forward_v2_initial278\ligands\LIB_RWVZCSBFQAARFN.sdf,a0eb3292632cb1f5241f890744ec625b65ce8b6ab98264eca032ad427a8e836e,<PACKAGE_ROOT>\Documents\Codex\TMC1_R2_Scratch_20260929\03_compute\formal_forward_v2_initial278\ligands\LIB_RWVZCSBFQAARFN.pdbqt,5ef8cfc3fa9a095588222e420d8ae91dc208d8122addb5f91cbee266f1723188,3.633
LIB_REZFVUNAFUHYBW,ChEMBL,CHEMBL1076473,CHEMBL1076473,https://www.ebi.ac.uk/chembl/compound_report_card/CHEMBL1076473/,Cc1ccc(NC(=O)c2cccc(C(F)(F)F)c2)cc1Nc1nc2ccccc2n1-c1cc(N[C@H]2CC[C@H](N)CC2)ncn1,Cc1ccc(NC(=O)c2cccc(C(F)(F)F)c2)cc1Nc1nc2ccccc2n1-c1cc(N[C@H]2CC[C@H](N)CC2)ncn1,Cc1ccc(NC(=O)c2cccc(C(F)(F)F)c2)cc1Nc1nc2ccccc2n1-c1cc(NC2CCC(N)CC2)ncn1,REZFVUNAFUHYBW-YHBQERECSA-N,REZFVUNAFUHYBW,eligible,600.649,6.82,122.78,4,7,7,44,6,0.1617,0,1,1,False,predicted,eligible,False,[],1,Cc1ccc(NC(=O)c2cccc(C(F)(F)F)c2)cc1Nc1nc2ccccc2n1-c1cc([NH2+][C@H]2CC[C@H]([NH3+])CC2)ncn1,REZFVUNAFUHYBW-YHBQERECSA-P,False,[],[],False,False,O=C(Nc1cccc(Nc2nc3ccccc3n2-c2cc([NH2+]C3CCCCC3)ncn2)c1)c1ccccc1,-8.680031776428223,-8.217684745788574,0.5997022390365601,0.2523364485981308,True,descriptor_ridge,2026-09-28T18:24:28.681080+00:00,Cc1ccc(NC(=O)c2cccc(C(F)(F)F)c2)cc1Nc1nc2ccccc2n1-c1cc(N[C@H]2CC[C@H](N)CC2)ncn1,REZFVUNAFUHYBW-YHBQERECSA-N,REZFVUNAFUHYBW-YHBQERECSA-P,[],[],exchangeable_tertiary_ring_NH_and_full_potential_stereo_v3_20260929,10,10,61.95544935975644,4,Cc1ccc(NC(=O)c2cccc(C(F)(F)F)c2)cc1Nc1nc2ccccc2n1-c1cc([NH2+][C@H]2CC[C@H]([NH3+])CC2)ncn1,True,True,Cc1ccc(NC(=O)c2cccc(C(F)(F)F)c2)cc1Nc1nc2ccccc2n1-c1cc([NH2+][C@H]2CC[C@H]([NH3+])CC2)ncn1,True,True,prepared,<PACKAGE_ROOT>\Documents\Codex\TMC1_R2_Scratch_20260929\03_compute\formal_forward_v2_initial278\ligands\LIB_REZFVUNAFUHYBW.sdf,cc7f3e3a709f0b3a84b08a774c90d315925bf706341d69c7ebc1cd1599c008cd,<PACKAGE_ROOT>\Documents\Codex\TMC1_R2_Scratch_20260929\03_compute\formal_forward_v2_initial278\ligands\LIB_REZFVUNAFUHYBW.pdbqt,209de8570bbd8addff2b5c2423d1f3c369bf85f30a3df35da13031634db5a419,2.548
LIB_VULLSLYDWNGNKZ,ChEMBL,CHEMBL1078562,CHEMBL1078562,https://www.ebi.ac.uk/chembl/compound_report_card/CHEMBL1078562/,C[C@@H]1CC[C@]2(C(=O)O)CC[C@]3(C)C(=CC[C@@H]4[C@@]5(C)[C@@H](O)[C@@H](O)[C@H](O)C(C)(C)[C@@H]5CC[C@]43C)[C@@H]2[C@]1(C)O,C[C@@H]1CC[C@]2(C(=O)O)CC[C@]3(C)C(=CC[C@@H]4[C@@]5(C)[C@@H](O)[C@@H](O)[C@H](O)C(C)(C)[C@@H]5CC[C@]43C)[C@@H]2[C@]1(C)O,CC1CCC2(C(=O)O)CCC3(C)C(=CCC4C5(C)C(O)C(O)C(O)C(C)(C)C5CCC43C)C2C1(C)O,VULLSLYDWNGNKZ-CFEZKMSKSA-N,VULLSLYDWNGNKZ,eligible,504.708,4.146,118.22,5,5,1,36,5,0.3426,0,1,1,False,predicted,eligible,False,[],1,C[C@@H]1CC[C@]2(C(=O)[O-])CC[C@]3(C)C(=CC[C@@H]4[C@@]5(C)[C@@H](O)[C@@H](O)[C@H](O)C(C)(C)[C@@H]5CC[C@]43C)[C@@H]2[C@]1(C)O,VULLSLYDWNGNKZ-CFEZKMSKSA-M,False,[],[],False,False,C1=C2C3CCCCC3CCC2C2CCC3CCCCC3C2C1,-8.673431396484375,-7.243452548980713,0.9495480060577393,0.23655913978494625,True,descriptor_ridge,2026-09-28T18:24:31.229930+00:00,C[C@@H]1CC[C@]2(C(=O)O)CC[C@]3(C)C(=CC[C@@H]4[C@@]5(C)[C@@H](O)[C@@H](O)[C@H](O)C(C)(C)[C@@H]5CC[C@]43C)[C@@H]2[C@]1(C)O,VULLSLYDWNGNKZ-CFEZKMSKSA-N,VULLSLYDWNGNKZ-CFEZKMSKSA-M,[],[],exchangeable_tertiary_ring_NH_and_full_potential_stereo_v3_20260929,10,10,210.43318715120134,7,C[C@@H]1CC[C@]2(C(=O)[O-])CC[C@]3(C)C(=CC[C@@H]4[C@@]5(C)[C@@H](O)[C@@H](O)[C@H](O)C(C)(C)[C@@H]5CC[C@]43C)[C@@H]2[C@]1(C)O,True,True,C[C@@H]1CC[C@]2(C(=O)[O-])CC[C@]3(C)C(=CC[C@@H]4[C@@]5(C)[C@@H](O)[C@@H](O)[C@H](O)C(C)(C)[C@@H]5CC[C@]43C)[C@@H]2[C@]1(C)O,True,True,prepared,<PACKAGE_ROOT>\Documents\Codex\TMC1_R2_Scratch_20260929\03_compute\formal_forward_v2_initial278\ligands\LIB_VULLSLYDWNGNKZ.sdf,93eab6368476cbfd438bec36f68cdfc3d818aa3e6dbf61cefca43e9a93f5639b,<PACKAGE_ROOT>\Documents\Codex\TMC1_R2_Scratch_20260929\03_compute\formal_forward_v2_initial278\ligands\LIB_VULLSLYDWNGNKZ.pdbqt,fb0fc967471ea0ea3f13d8318ab9c4f05a6e43f833565e11571c6ba9cf3fa259,3.358
LIB_IELVEPMRFQCOKL,ChEMBL,CHEMBL1077082,CHEMBL1077082,https://www.ebi.ac.uk/chembl/compound_report_card/CHEMBL1077082/,C/C=C(\C)C(=O)O[C@@H]1[C@@H]2OC[C@]3(C)[C@H](OC(C)=O)C[C@H](O)[C@@](C)([C@@H]23)[C@H]2C[C@H](OC)O[C@H]3C[C@@H](C4=CCOC4=O)C(C)=C3[C@]12C,C/C=C(\C)C(=O)O[C@@H]1[C@@H]2OC[C@]3(C)[C@H](OC(C)=O)C[C@H](O)[C@@](C)([C@@H]23)[C@H]2C[C@H](OC)O[C@H]3C[C@@H](C4=CCOC4=O)C(C)=C3[C@]12C,CC=C(C)C(=O)OC1C2OCC3(C)C(OC(C)=O)CC(O)C(C)(C23)C2CC(OC)OC3CC(C4=CCOC4=O)C(C)=C3C12C,IELVEPMRFQCOKL-DBGUIWQXSA-N,IELVEPMRFQCOKL,eligible,614.732,3.805,126.82,1,10,5,44,6,0.2115,0,1,1,False,predicted,eligible,False,[],1,C/C=C(\C)C(=O)O[C@@H]1[C@@H]2OC[C@]3(C)[C@H](OC(C)=O)C[C@H](O)[C@@](C)([C@@H]23)[C@H]2C[C@H](OC)O[C@H]3C[C@@H](C4=CCOC4=O)C(C)=C3[C@]12C,IELVEPMRFQCOKL-DBGUIWQXSA-N,False,[],[],False,False,O=C1OCC=C1C1C=C2C(C1)OCCC1C2CC2OCC3CCCC1C32,-8.672592163085938,-7.588649749755859,1.0415312051773071,0.23853211009174313,True,descriptor_ridge,2026-09-28T18:24:34.590983+00:00,C/C=C(\C)C(=O)O[C@@H]1[C@@H]2OC[C@]3(C)[C@H](OC(C)=O)C[C@H](O)[C@@](C)([C@@H]23)[C@H]2C[C@H](OC)O[C@H]3C[C@@H](C4=CCOC4=O)C(C)=C3[C@]12C,IELVEPMRFQCOKL-DBGUIWQXSA-N,IELVEPMRFQCOKL-DBGUIWQXSA-N,[],[],exchangeable_tertiary_ring_NH_and_full_potential_stereo_v3_20260929,8,8,107.80968493263954,7,C/C=C(\C)C(=O)O[C@@H]1[C@@H]2OC[C@]3(C)[C@H](OC(C)=O)C[C@H](O)[C@@](C)([C@@H]23)[C@H]2C[C@H](OC)O[C@H]3C[C@@H](C4=CCOC4=O)C(C)=C3[C@]12C,True,True,C/C=C(\C)C(=O)O[C@@H]1[C@@H]2OC[C@]3(C)[C@H](OC(C)=O)C[C@H](O)[C@@](C)([C@@H]23)[C@H]2C[C@H](OC)O[C@H]3C[C@@H](C4=CCOC4=O)C(C)=C3[C@]12C,True,True,prepared,<PACKAGE_ROOT>\Documents\Codex\TMC1_R2_Scratch_20260929\03_compute\formal_forward_v2_initial278\ligands\LIB_IELVEPMRFQCOKL.sdf,e6e94ed7c81fc6ece935392b3cfad613c760ea125e61ed5e85742959a130257f,<PACKAGE_ROOT>\Documents\Codex\TMC1_R2_Scratch_20260929\03_compute\formal_forward_v2_initial278\ligands\LIB_IELVEPMRFQCOKL.pdbqt,dc0050479d43be0ebf6182cc4dac237154cd0b39b87212cb245295cb105b51a1,4.057
LIB_GMJDBOQFBWJYSY,ChEMBL,CHEMBL1077094,CHEMBL1077094,https://www.ebi.ac.uk/chembl/compound_report_card/CHEMBL1077094/,C=C1[C@@H]2C[C@]3(O)[C@H]4O[C@]45C=CC(=O)OC(C)(C)[C@@H]5[C@H](OC(C)=O)C[C@H]3[C@]2(C)CC[C@@]1(O)[C@@H](C)[C@H]1CC=C(C)C(=O)O1,C=C1[C@@H]2C[C@]3(O)[C@H]4O[C@]45C=CC(=O)OC(C)(C)[C@@H]5[C@H](OC(C)=O)C[C@H]3[C@]2(C)CC[C@@]1(O)[C@@H](C)[C@H]1CC=C(C)C(=O)O1,C=C1C2CC3(O)C(CC(OC(C)=O)C4C(C)(C)OC(=O)C=CC45OC35)C2(C)CCC1(O)C(C)C1CC=C(C)C(=O)O1,GMJDBOQFBWJYSY-GBXIHFCFSA-N,GMJDBOQFBWJYSY,eligible,570.679,3.32,131.89,2,9,3,41,6,0.227,0,1,1,False,predicted,eligible,False,[],1,C=C1[C@@H]2C[C@]3(O)[C@H]4O[C@]45C=CC(=O)OC(C)(C)[C@@H]5[C@H](OC(C)=O)C[C@H]3[C@]2(C)CC[C@@]1(O)[C@@H](C)[C@H]1CC=C(C)C(=O)O1,GMJDBOQFBWJYSY-GBXIHFCFSA-N,False,[],[],False,False,C=C1C(CC2CC=CC(=O)O2)CCC2C1CC1C2CCC2COC(=O)C=CC23OC13,-8.66655445098877,-7.68609094619751,0.5726962089538574,0.21495327102803738,True,descriptor_ridge,2026-09-28T18:24:38.649771+00:00,C=C1[C@@H]2C[C@]3(O)[C@H]4O[C@]45C=CC(=O)OC(C)(C)[C@@H]5[C@H](OC(C)=O)C[C@H]3[C@]2(C)CC[C@@]1(O)[C@@H](C)[C@H]1CC=C(C)C(=O)O1,GMJDBOQFBWJYSY-GBXIHFCFSA-N,GMJDBOQFBWJYSY-GBXIHFCFSA-N,[],[],exchangeable_tertiary_ring_NH_and_full_potential_stereo_v3_20260929,10,10,116.8048134425054,2,C=C1[C@@H]2C[C@]3(O)[C@H]4O[C@]45C=CC(=O)OC(C)(C)[C@@H]5[C@H](OC(C)=O)C[C@H]3[C@]2(C)CC[C@@]1(O)[C@@H](C)[C@H]1CC=C(C)C(=O)O1,True,True,C=C1[C@@H]2C[C@]3(O)[C@H]4O[C@]45C=CC(=O)OC(C)(C)[C@@H]5[C@H](OC(C)=O)C[C@H]3[C@]2(C)CC[C@@]1(O)[C@@H](C)[C@H]1CC=C(C)C(=O)O1,True,True,prepared,<PACKAGE_ROOT>\Documents\Codex\TMC1_R2_Scratch_20260929\03_compute\formal_forward_v2_initial278\ligands\LIB_GMJDBOQFBWJYSY.sdf,79443cd9a235dbdd0f3aa01698503d1ff446320ff1d759b853698361530ed289,<PACKAGE_ROOT>\Documents\Codex\TMC1_R2_Scratch_20260929\03_compute\formal_forward_v2_initial278\ligands\LIB_GMJDBOQFBWJYSY.pdbqt,44c46960d6744164c23d8d0c4df309bbd048178de2e6277b5123eeff1e3b97be,3.679
LIB_IUVCFHHAEHNCFT,ChEMBL,CHEMBL3948730,CHEMBL3948730;CHEMBL3989869,https://www.ebi.ac.uk/chembl/compound_report_card/CHEMBL3948730/,CC(C)Oc1ccc(-c2nn([C@@H](C)c3oc4ccc(F)cc4c(=O)c3-c3cccc(F)c3)c3ncnc(N)c23)cc1F,CC(C)Oc1ccc(-c2nn([C@@H](C)c3oc4ccc(F)cc4c(=O)c3-c3cccc(F)c3)c3ncnc(N)c23)cc1F,CC(C)Oc1ccc(-c2nn(C(C)c3oc4ccc(F)cc4c(=O)c3-c3cccc(F)c3)c3ncnc(N)c23)cc1F,IUVCFHHAEHNCFT-INIZCTEOSA-N,IUVCFHHAEHNCFT,eligible,571.559,6.663,109.06,1,7,6,42,6,0.238,0,2,1,False,predicted,eligible,False,[],1,CC(C)Oc1ccc(-c2nn([C@@H](C)c3oc4ccc(F)cc4c(=O)c3-c3cccc(F)c3)c3ncnc(N)c23)cc1F,IUVCFHHAEHNCFT-INIZCTEOSA-N,False,[],[],False,False,O=c1c(-c2ccccc2)c(Cn2nc(-c3ccccc3)c3cncnc32)oc2ccccc12,-8.662425994873047,-8.00306510925293,0.7474082708358765,0.26436781609195403,True,descriptor_ridge,2026-09-28T18:24:42.329743+00:00,CC(C)Oc1ccc(-c2nn([C@@H](C)c3oc4ccc(F)cc4c(=O)c3-c3cccc(F)c3)c3ncnc(N)c23)cc1F,IUVCFHHAEHNCFT-INIZCTEOSA-N,IUVCFHHAEHNCFT-INIZCTEOSA-N,[],[],exchangeable_tertiary_ring_NH_and_full_potential_stereo_v3_20260929,10,10,76.85040923176942,8,CC(C)Oc1ccc(-c2nn([C@@H](C)c3oc4ccc(F)cc4c(=O)c3-c3cccc(F)c3)c3ncnc(N)c23)cc1F,True,True,CC(C)Oc1ccc(-c2nn([C@@H](C)c3oc4ccc(F)cc4c(=O)c3-c3cccc(F)c3)c3ncnc(N)c23)cc1F,True,True,prepared,<PACKAGE_ROOT>\Documents\Codex\TMC1_R2_Scratch_20260929\03_compute\formal_forward_v2_initial278\ligands\LIB_IUVCFHHAEHNCFT.sdf,8269f427c8d2d46c1b52768e4da1561d02c4b160f9ce6fd8e712c5d0da39038f,<PACKAGE_ROOT>\Documents\Codex\TMC1_R2_Scratch_20260929\03_compute\formal_forward_v2_initial278\ligands\LIB_IUVCFHHAEHNCFT.pdbqt,997f67988d1fec1b2be6374c4e8544be31004ab151578cb459cca3c492914e9b,1.807
LIB_ZRXGKCCYQOMSJI,ChEMBL,CHEMBL1077319,CHEMBL1077319,https://www.ebi.ac.uk/chembl/compound_report_card/CHEMBL1077319/,Cn1cccc1-c1nc2cc(C(=O)N[C@@H](Cc3c[nH]c4ccc(O)cc34)c3cscn3)ccc2n1C1CCCCC1,Cn1cccc1-c1nc2cc(C(=O)N[C@@H](Cc3c[nH]c4ccc(O)cc34)c3cscn3)ccc2n1C1CCCCC1,Cn1cccc1-c1nc2cc(C(=O)NC(Cc3c[nH]c4ccc(O)cc34)c3cscn3)ccc2n1C1CCCCC1,ZRXGKCCYQOMSJI-SANMLTNESA-N,ZRXGKCCYQOMSJI,eligible,564.715,6.904,100.76,3,5,7,41,7,0.1962,0,1,1,False,predicted,eligible,False,[],1,Cn1cccc1-c1nc2cc(C(=O)N[C@@H](Cc3c[nH]c4ccc([O-])cc34)c3cscn3)ccc2n1C1CCCCC1,ZRXGKCCYQOMSJI-SANMLTNESA-M,False,[],[],False,False,O=C(NC(Cc1c[nH]c2ccccc12)c1cscn1)c1ccc2c(c1)nc(-c1ccc[nH]1)n2C1CCCCC1,-8.658900260925293,-8.050461769104004,0.8540955185890198,0.25806451612903225,True,descriptor_ridge,2026-09-28T18:24:44.140039+00:00,Cn1cccc1-c1nc2cc(C(=O)N[C@@H](Cc3c[nH]c4ccc(O)cc34)c3cscn3)ccc2n1C1CCCCC1,ZRXGKCCYQOMSJI-SANMLTNESA-N,ZRXGKCCYQOMSJI-SANMLTNESA-M,[],[],exchangeable_tertiary_ring_NH_and_full_potential_stereo_v3_20260929,10,10,18.768702105062932,4,Cn1cccc1-c1nc2cc(C(=O)N[C@@H](Cc3c[nH]c4ccc([O-])cc34)c3cscn3)ccc2n1C1CCCCC1,True,True,Cn1cccc1-c1nc2cc(C(=O)N[C@@H](Cc3c[nH]c4ccc([O-])cc34)c3cscn3)ccc2n1C1CCCCC1,True,True,prepared,<PACKAGE_ROOT>\Documents\Codex\TMC1_R2_Scratch_20260929\03_compute\formal_forward_v2_initial278\ligands\LIB_ZRXGKCCYQOMSJI.sdf,eb53320d0a4d69a1b5002d476773a11cc374f119b6171d0a35beeedcf29c7f1f,<PACKAGE_ROOT>\Documents\Codex\TMC1_R2_Scratch_20260929\03_compute\formal_forward_v2_initial278\ligands\LIB_ZRXGKCCYQOMSJI.pdbqt,442d36c678b0ab64dc13be79815beaedf383a64242fe27c9f6d385c3a1686a0b,2.186
LIB_CTJUVPHBVVMJHR,ChEMBL,CHEMBL1077321,CHEMBL1077321,https://www.ebi.ac.uk/chembl/compound_report_card/CHEMBL1077321/,O=C(N[C@@H](Cc1c[nH]c2ccc(O)cc12)c1cscn1)c1ccc2c(c1)nc(-c1ccccn1)n2C1CCCCC1,O=C(N[C@@H](Cc1c[nH]c2ccc(O)cc12)c1cscn1)c1ccc2c(c1)nc(-c1ccccn1)n2C1CCCCC1,O=C(NC(Cc1c[nH]c2ccc(O)cc12)c1cscn1)c1ccc2c(c1)nc(-c1ccccn1)n2C1CCCCC1,CTJUVPHBVVMJHR-MHZLTWQESA-N,CTJUVPHBVVMJHR,eligible,562.699,6.961,108.72,3,6,7,41,7,0.1949,0,1,1,False,predicted,eligible,False,[],1,O=C(N[C@@H](Cc1c[nH]c2ccc([O-])cc12)c1cscn1)c1ccc2c(c1)nc(-c1ccccn1)n2C1CCCCC1,CTJUVPHBVVMJHR-MHZLTWQESA-M,False,[],[],False,False,O=C(NC(Cc1c[nH]c2ccccc12)c1cscn1)c1ccc2c(c1)nc(-c1ccccn1)n2C1CCCCC1,-8.656843185424805,-7.93630313873291,0.901500940322876,0.25,True,descriptor_ridge,2026-09-28T18:24:46.327177+00:00,O=C(N[C@@H](Cc1c[nH]c2ccc(O)cc12)c1cscn1)c1ccc2c(c1)nc(-c1ccccn1)n2C1CCCCC1,CTJUVPHBVVMJHR-MHZLTWQESA-N,CTJUVPHBVVMJHR-MHZLTWQESA-M,[],[],exchangeable_tertiary_ring_NH_and_full_potential_stereo_v3_20260929,10,10,50.596470344595076,8,O=C(N[C@@H](Cc1c[nH]c2ccc([O-])cc12)c1cscn1)c1ccc2c(c1)nc(-c1ccccn1)n2C1CCCCC1,True,True,O=C(N[C@@H](Cc1c[nH]c2ccc([O-])cc12)c1cscn1)c1ccc2c(c1)nc(-c1ccccn1)n2C1CCCCC1,True,True,prepared,<PACKAGE_ROOT>\Documents\Codex\TMC1_R2_Scratch_20260929\03_compute\formal_forward_v2_initial278\ligands\LIB_CTJUVPHBVVMJHR.sdf,e80628976bf5e30f5a3502cde8690a0074564967bb920f30bfb896caac122401,<PACKAGE_ROOT>\Documents\Codex\TMC1_R2_Scratch_20260929\03_compute\formal_forward_v2_initial278\ligands\LIB_CTJUVPHBVVMJHR.pdbqt,32597af7bb7f927bbe2f1a1b5dc2212482260daf12a1ab942c1517d594ab78b0,1.726
LIB_PWPRVHILSMCPLW,ChEMBL,CHEMBL108190,CHEMBL108190,https://www.ebi.ac.uk/chembl/compound_report_card/CHEMBL108190/,Cn1nnnc1-c1ccccc1-c1ccc(Cn2cnc3ccc(N(CC(=O)c4ccco4)C(=O)c4ccccc4)cc3c2=O)cc1,Cn1nnnc1-c1ccccc1-c1ccc(Cn2cnc3ccc(N(CC(=O)c4ccco4)C(=O)c4ccccc4)cc3c2=O)cc1,Cn1nnnc1-c1ccccc1-c1ccc(Cn2cnc3ccc(N(CC(=O)c4ccco4)C(=O)c4ccccc4)cc3c2=O)cc1,PWPRVHILSMCPLW-UHFFFAOYSA-N,PWPRVHILSMCPLW,eligible,621.657,5.425,129.01,0,8,9,47,7,0.1954,0,1,1,False,predicted,eligible,False,[],1,Cn1nnnc1-c1ccccc1-c1ccc(Cn2cnc3ccc(N(CC(=O)c4ccco4)C(=O)c4ccccc4)cc3c2=O)cc1,PWPRVHILSMCPLW-UHFFFAOYSA-N,False,[],[],False,False,O=C(CN(C(=O)c1ccccc1)c1ccc2ncn(Cc3ccc(-c4ccccc4-c4nnn[nH]4)cc3)c(=O)c2c1)c1ccco1,-8.656654357910156,-7.801761627197266,0.6928759813308716,0.2543859649122807,True,descriptor_ridge,2026-09-28T18:24:48.054011+00:00,Cn1nnnc1-c1ccccc1-c1ccc(Cn2cnc3ccc(N(CC(=O)c4ccco4)C(=O)c4ccccc4)cc3c2=O)cc1,PWPRVHILSMCPLW-UHFFFAOYSA-N,PWPRVHILSMCPLW-UHFFFAOYSA-N,[],[],exchangeable_tertiary_ring_NH_and_full_potential_stereo_v3_20260929,10,10,105.73827998571676,6,Cn1nnnc1-c1ccccc1-c1ccc(Cn2cnc3ccc(N(CC(=O)c4ccco4)C(=O)c4ccccc4)cc3c2=O)cc1,True,True,Cn1nnnc1-c1ccccc1-c1ccc(Cn2cnc3ccc(N(CC(=O)c4ccco4)C(=O)c4ccccc4)cc3c2=O)cc1,True,True,prepared,<PACKAGE_ROOT>\Documents\Codex\TMC1_R2_Scratch_20260929\03_compute\formal_forward_v2_initial278\ligands\LIB_PWPRVHILSMCPLW.sdf,7a2438bc24d9fc1a196405c8e15d832517f4946f0c591237480b07645dcd1acb,<PACKAGE_ROOT>\Documents\Codex\TMC1_R2_Scratch_20260929\03_compute\formal_forward_v2_initial278\ligands\LIB_PWPRVHILSMCPLW.pdbqt,afe51bf90f040c1f9ac78f958357b3b0ba21165ec55a717f574ae0db4bed76e7,1.656
LIB_GMMYKYNDSYLONO,ChEMBL,CHEMBL1077450,CHEMBL1077450,https://www.ebi.ac.uk/chembl/compound_report_card/CHEMBL1077450/,C=C1CCC[C@H]2[C@@]1(C)[C@@H](OC(=O)c1ccccc1)[C@H](O)[C@]1(C)O[C@@]3(COC(=O)C3)C[C@H](OC(=O)c3cccnc3)[C@]21C,C=C1CCC[C@H]2[C@@]1(C)[C@@H](OC(=O)c1ccccc1)[C@H](O)[C@]1(C)O[C@@]3(COC(=O)C3)C[C@H](OC(=O)c3cccnc3)[C@]21C,C=C1CCCC2C1(C)C(OC(=O)c1ccccc1)C(O)C1(C)OC3(COC(=O)C3)CC(OC(=O)c3cccnc3)C21C,GMMYKYNDSYLONO-GRTFKUIQSA-N,GMMYKYNDSYLONO,eligible,575.658,4.441,121.25,1,9,4,42,6,0.3204,0,1,1,False,predicted,eligible,False,[],1,C=C1CCC[C@H]2[C@@]1(C)[C@@H](OC(=O)c1ccccc1)[C@H](O)[C@]1(C)O[C@@]3(COC(=O)C3)C[C@H](OC(=O)c3cccnc3)[C@]21C,GMMYKYNDSYLONO-GRTFKUIQSA-N,False,[],[],False,False,C=C1CCCC2C1C(OC(=O)c1ccccc1)CC1OC3(COC(=O)C3)CC(OC(=O)c3cccnc3)C12,-8.653924942016602,-8.088529586791992,0.7230857610702515,0.24770642201834864,True,descriptor_ridge,2026-09-28T18:24:49.711203+00:00,C=C1CCC[C@H]2[C@@]1(C)[C@@H](OC(=O)c1ccccc1)[C@H](O)[C@]1(C)O[C@@]3(COC(=O)C3)C[C@H](OC(=O)c3cccnc3)[C@]21C,GMMYKYNDSYLONO-GRTFKUIQSA-N,GMMYKYNDSYLONO-GRTFKUIQSA-N,[],[],exchangeable_tertiary_ring_NH_and_full_potential_stereo_v3_20260929,10,10,178.78095044570833,9,C=C1CCC[C@H]2[C@@]1(C)[C@@H](OC(=O)c1ccccc1)[C@H](O)[C@]1(C)O[C@@]3(COC(=O)C3)C[C@H](OC(=O)c3cccnc3)[C@]21C,True,True,C=C1CCC[C@H]2[C@@]1(C)[C@@H](OC(=O)c1ccccc1)[C@H](O)[C@]1(C)O[C@@]3(COC(=O)C3)C[C@H](OC(=O)c3cccnc3)[C@]21C,True,True,prepared,<PACKAGE_ROOT>\Documents\Codex\TMC1_R2_Scratch_20260929\03_compute\formal_forward_v2_initial278\ligands\LIB_GMMYKYNDSYLONO.sdf,7b5b0c97e62d024a17c3011968924a7e7d89424e91688886059a91bbf63ede65,<PACKAGE_ROOT>\Documents\Codex\TMC1_R2_Scratch_20260929\03_compute\formal_forward_v2_initial278\ligands\LIB_GMMYKYNDSYLONO.pdbqt,472cb977fe43d7779a163492898ae00fc73c84396123df47e526800e005e72f8,2.539
LIB_WFFUGMCEOIJHMN,ChEMBL,CHEMBL1077449,CHEMBL1077449,https://www.ebi.ac.uk/chembl/compound_report_card/CHEMBL1077449/,CC1=CCC[C@H]2[C@@]1(C)[C@@H](OC(=O)c1ccccc1)[C@H](O)[C@]1(C)O[C@@]3(COC(=O)C3)C[C@H](OC(=O)c3cccnc3)[C@]21C,CC1=CCC[C@H]2[C@@]1(C)[C@@H](OC(=O)c1ccccc1)[C@H](O)[C@]1(C)O[C@@]3(COC(=O)C3)C[C@H](OC(=O)c3cccnc3)[C@]21C,CC1=CCCC2C1(C)C(OC(=O)c1ccccc1)C(O)C1(C)OC3(COC(=O)C3)CC(OC(=O)c3cccnc3)C21C,WFFUGMCEOIJHMN-GRTFKUIQSA-N,WFFUGMCEOIJHMN,eligible,575.658,4.441,121.25,1,9,4,42,6,0.3204,0,1,1,False,predicted,eligible,False,[],1,CC1=CCC[C@H]2[C@@]1(C)[C@@H](OC(=O)c1ccccc1)[C@H](O)[C@]1(C)O[C@@]3(COC(=O)C3)C[C@H](OC(=O)c3cccnc3)[C@]21C,WFFUGMCEOIJHMN-GRTFKUIQSA-N,False,[],[],False,False,O=C1CC2(CO1)CC(OC(=O)c1cccnc1)C1C(CC(OC(=O)c3ccccc3)C3C=CCCC31)O2,-8.653924942016602,-8.06253433227539,0.7995697259902954,0.23636363636363636,True,descriptor_ridge,2026-09-28T18:24:52.251892+00:00,CC1=CCC[C@H]2[C@@]1(C)[C@@H](OC(=O)c1ccccc1)[C@H](O)[C@]1(C)O[C@@]3(COC(=O)C3)C[C@H](OC(=O)c3cccnc3)[C@]21C,WFFUGMCEOIJHMN-GRTFKUIQSA-N,WFFUGMCEOIJHMN-GRTFKUIQSA-N,[],[],exchangeable_tertiary_ring_NH_and_full_potential_stereo_v3_20260929,9,9,176.3599900542457,7,CC1=CCC[C@H]2[C@@]1(C)[C@@H](OC(=O)c1ccccc1)[C@H](O)[C@]1(C)O[C@@]3(COC(=O)C3)C[C@H](OC(=O)c3cccnc3)[C@]21C,True,True,CC1=CCC[C@H]2[C@@]1(C)[C@@H](OC(=O)c1ccccc1)[C@H](O)[C@]1(C)O[C@@]3(COC(=O)C3)C[C@H](OC(=O)c3cccnc3)[C@]21C,True,True,prepared,<PACKAGE_ROOT>\Documents\Codex\TMC1_R2_Scratch_20260929\03_compute\formal_forward_v2_initial278\ligands\LIB_WFFUGMCEOIJHMN.sdf,fbb82d77e8a990cd6083fbd3a9a0fd9434d6d6e06e109ab144cbfab00ae7662a,<PACKAGE_ROOT>\Documents\Codex\TMC1_R2_Scratch_20260929\03_compute\formal_forward_v2_initial278\ligands\LIB_WFFUGMCEOIJHMN.pdbqt,fb129e2a63c3382d242c761ca10c96560bbb6cacb0fa6cc4080b783011846fda,2.377
LIB_XSSPOOYIFPEICN,ChEMBL,CHEMBL1077064,CHEMBL1077064,https://www.ebi.ac.uk/chembl/compound_report_card/CHEMBL1077064/,C=C1[C@H]([C@@H](C)[C@H]2CC=C(C)C(=O)O2)CC[C@@]2(C)[C@@H]3C[C@@H](OC(C)=O)[C@H]4C(C)(C)OC(=O)C[C@H]5OO[C@]3(C[C@@H]12)C[C@]54O,C=C1[C@H]([C@@H](C)[C@H]2CC=C(C)C(=O)O2)CC[C@@]2(C)[C@@H]3C[C@@H](OC(C)=O)[C@H]4C(C)(C)OC(=O)C[C@H]5OO[C@]3(C[C@@H]12)C[C@]54O,C=C1C(C(C)C2CC=C(C)C(=O)O2)CCC2(C)C1CC13CC4(O)C(CC(=O)OC(C)(C)C4C(OC(C)=O)CC12)OO3,XSSPOOYIFPEICN-UBPUADAZSA-N,XSSPOOYIFPEICN,eligible,572.695,4.36,117.59,1,9,3,41,6,0.2278,0,1,1,False,predicted,eligible,False,[],1,C=C1[C@H]([C@@H](C)[C@H]2CC=C(C)C(=O)O2)CC[C@@]2(C)[C@@H]3C[C@@H](OC(C)=O)[C@H]4C(C)(C)OC(=O)C[C@H]5OO[C@]3(C[C@@H]12)C[C@]54O,XSSPOOYIFPEICN-UBPUADAZSA-N,False,[],[],False,False,C=C1C(CC2CC=CC(=O)O2)CCC2C1CC13CC4C(CCC21)COC(=O)CC4OO3,-8.65060043334961,-7.4929375648498535,0.9272185564041138,0.21428571428571427,True,descriptor_ridge,2026-09-28T18:24:54.629412+00:00,C=C1[C@H]([C@@H](C)[C@H]2CC=C(C)C(=O)O2)CC[C@@]2(C)[C@@H]3C[C@@H](OC(C)=O)[C@H]4C(C)(C)OC(=O)C[C@H]5OO[C@]3(C[C@@H]12)C[C@]54O,XSSPOOYIFPEICN-UBPUADAZSA-N,XSSPOOYIFPEICN-UBPUADAZSA-N,[],[],exchangeable_tertiary_ring_NH_and_full_potential_stereo_v3_20260929,10,10,143.46048744666916,4,C=C1[C@H]([C@@H](C)[C@H]2CC=C(C)C(=O)O2)CC[C@@]2(C)[C@@H]3C[C@@H](OC(C)=O)[C@H]4C(C)(C)OC(=O)C[C@H]5OO[C@]3(C[C@@H]12)C[C@]54O,True,True,C=C1[C@H]([C@@H](C)[C@H]2CC=C(C)C(=O)O2)CC[C@@]2(C)[C@@H]3C[C@@H](OC(C)=O)[C@H]4C(C)(C)OC(=O)C[C@H]5OO[C@]3(C[C@@H]12)C[C@]54O,True,True,prepared,<PACKAGE_ROOT>\Documents\Codex\TMC1_R2_Scratch_20260929\03_compute\formal_forward_v2_initial278\ligands\LIB_XSSPOOYIFPEICN.sdf,eea20c5558d89542e8bb97d6223480744bf2b9a306cc3d18f6146260de8696f4,<PACKAGE_ROOT>\Documents\Codex\TMC1_R2_Scratch_20260929\03_compute\formal_forward_v2_initial278\ligands\LIB_XSSPOOYIFPEICN.pdbqt,70afc342dfdc5e8bdd62f56d192eb68f6843c55f22411d0a22f3b7cd9b12cb89,3.485
LIB_GGEALBVZDVXUND,ChEMBL,CHEMBL1076476,CHEMBL1076476,https://www.ebi.ac.uk/chembl/compound_report_card/CHEMBL1076476/,Cc1ccc(NC(=O)c2cccc(C(F)(F)F)c2)cc1Nc1nc2ccccc2n1-c1cc(N2CCOCC2)ncn1,Cc1ccc(NC(=O)c2cccc(C(F)(F)F)c2)cc1Nc1nc2ccccc2n1-c1cc(N2CCOCC2)ncn1,Cc1ccc(NC(=O)c2cccc(C(F)(F)F)c2)cc1Nc1nc2ccccc2n1-c1cc(N2CCOCC2)ncn1,GGEALBVZDVXUND-UHFFFAOYSA-N,GGEALBVZDVXUND,eligible,573.579,5.975,97.2,2,7,6,42,6,0.2582,0,1,1,False,predicted,eligible,False,[],1,Cc1ccc(NC(=O)c2cccc(C(F)(F)F)c2)cc1Nc1nc2ccccc2n1-c1cc(N2CCOCC2)ncn1,GGEALBVZDVXUND-UHFFFAOYSA-N,False,[],[],False,False,O=C(Nc1cccc(Nc2nc3ccccc3n2-c2cc(N3CCOCC3)ncn2)c1)c1ccccc1,-8.646943092346191,-8.346980094909668,0.5382909774780273,0.2782608695652174,True,descriptor_ridge;AI_initial,2026-09-28T18:24:58.116563+00:00,Cc1ccc(NC(=O)c2cccc(C(F)(F)F)c2)cc1Nc1nc2ccccc2n1-c1cc(N2CCOCC2)ncn1,GGEALBVZDVXUND-UHFFFAOYSA-N,GGEALBVZDVXUND-UHFFFAOYSA-N,[],[],exchangeable_tertiary_ring_NH_and_full_potential_stereo_v3_20260929,9,9,107.62354361494741,5,Cc1ccc(NC(=O)c2cccc(C(F)(F)F)c2)cc1Nc1nc2ccccc2n1-c1cc(N2CCOCC2)ncn1,True,True,Cc1ccc(NC(=O)c2cccc(C(F)(F)F)c2)cc1Nc1nc2ccccc2n1-c1cc(N2CCOCC2)ncn1,True,True,prepared,<PACKAGE_ROOT>\Documents\Codex\TMC1_R2_Scratch_20260929\03_compute\formal_forward_v2_initial278\ligands\LIB_GGEALBVZDVXUND.sdf,967c4627cfd3e716faecd53e342d3dd2f5eb1d73063b9a5efe6a9cea9fbd888e,<PACKAGE_ROOT>\Documents\Codex\TMC1_R2_Scratch_20260929\03_compute\formal_forward_v2_initial278\ligands\LIB_GGEALBVZDVXUND.pdbqt,bbd255aff01b04f1241b0ebfe616ce58c99512bc80fe10e670326f371021e1ea,1.307
LIB_WUMNNWDKNWWLGB,ChEMBL,CHEMBL1077066,CHEMBL1077066,https://www.ebi.ac.uk/chembl/compound_report_card/CHEMBL1077066/,C=C1[C@@H]2C[C@]3(O)C=C4C=CC(=O)OC(C)(C)[C@@H]4[C@H](OC(C)=O)C[C@H]3[C@]2(C)CC[C@@]1(O)[C@@H](C)[C@H]1CC=C(C)C(=O)O1,C=C1[C@@H]2C[C@]3(O)C=C4C=CC(=O)OC(C)(C)[C@@H]4[C@H](OC(C)=O)C[C@H]3[C@]2(C)CC[C@@]1(O)[C@@H](C)[C@H]1CC=C(C)C(=O)O1,C=C1C2CC3(O)C=C4C=CC(=O)OC(C)(C)C4C(OC(C)=O)CC3C2(C)CCC1(O)C(C)C1CC=C(C)C(=O)O1,WUMNNWDKNWWLGB-FZIMZWKVSA-N,WUMNNWDKNWWLGB,eligible,554.68,4.109,119.36,2,8,3,40,5,0.304,0,1,1,False,predicted,eligible,False,[],1,C=C1[C@@H]2C[C@]3(O)C=C4C=CC(=O)OC(C)(C)[C@@H]4[C@H](OC(C)=O)C[C@H]3[C@]2(C)CC[C@@]1(O)[C@@H](C)[C@H]1CC=C(C)C(=O)O1,WUMNNWDKNWWLGB-FZIMZWKVSA-N,False,[],[],False,False,C=C1C(CC2CC=CC(=O)O2)CCC2C1CC1C=C3C=CC(=O)OCC3CCC12,-8.63689136505127,-7.601685523986816,0.7139723896980286,0.20952380952380953,True,descriptor_ridge,2026-09-28T18:24:59.425040+00:00,C=C1[C@@H]2C[C@]3(O)C=C4C=CC(=O)OC(C)(C)[C@@H]4[C@H](OC(C)=O)C[C@H]3[C@]2(C)CC[C@@]1(O)[C@@H](C)[C@H]1CC=C(C)C(=O)O1,WUMNNWDKNWWLGB-FZIMZWKVSA-N,WUMNNWDKNWWLGB-FZIMZWKVSA-N,[],[],exchangeable_tertiary_ring_NH_and_full_potential_stereo_v3_20260929,10,10,119.9544908571491,5,C=C1[C@@H]2C[C@]3(O)C=C4C=CC(=O)OC(C)(C)[C@@H]4[C@H](OC(C)=O)C[C@H]3[C@]2(C)CC[C@@]1(O)[C@@H](C)[C@H]1CC=C(C)C(=O)O1,True,True,C=C1[C@@H]2C[C@]3(O)C=C4C=CC(=O)OC(C)(C)[C@@H]4[C@H](OC(C)=O)C[C@H]3[C@]2(C)CC[C@@]1(O)[C@@H](C)[C@H]1CC=C(C)C(=O)O1,True,True,prepared,<PACKAGE_ROOT>\Documents\Codex\TMC1_R2_Scratch_20260929\03_compute\formal_forward_v2_initial278\ligands\LIB_WUMNNWDKNWWLGB.sdf,365e7d639f952bf6d036ea5b4163066899da252f4155e94d4dc286f0f40f758a,<PACKAGE_ROOT>\Documents\Codex\TMC1_R2_Scratch_20260929\03_compute\formal_forward_v2_initial278\ligands\LIB_WUMNNWDKNWWLGB.pdbqt,8e4e2004b2f17fa6580384c9281cd958b5dbceb0becfbd572ecbe740802e8d1c,2.821
LIB_QDISWXTVLYHRCQ,ChEMBL,CHEMBL1076616,CHEMBL1076616,https://www.ebi.ac.uk/chembl/compound_report_card/CHEMBL1076616/,CC(=O)O[C@H]1[C@H](OC(=O)c2ccccc2)[C@@]2(C)[C@@H](OC(=O)/C=C/c3ccccc3)C[C@@H]3C[C@]2(OC3(C)C)[C@@](C)(O)[C@H]1OC(C)=O,CC(=O)O[C@H]1[C@H](OC(=O)c2ccccc2)[C@@]2(C)[C@@H](OC(=O)/C=C/c3ccccc3)C[C@@H]3C[C@]2(OC3(C)C)[C@@](C)(O)[C@H]1OC(C)=O,CC(=O)OC1C(OC(C)=O)C(C)(O)C23CC(CC(OC(=O)C=Cc4ccccc4)C2(C)C1OC(=O)c1ccccc1)C(C)(C)O3,QDISWXTVLYHRCQ-PYVDIHNFSA-N,QDISWXTVLYHRCQ,eligible,620.695,4.429,134.66,1,10,7,45,5,0.2692,0,1,1,False,predicted,eligible,False,[],1,CC(=O)O[C@H]1[C@H](OC(=O)c2ccccc2)[C@@]2(C)[C@@H](OC(=O)/C=C/c3ccccc3)C[C@@H]3C[C@]2(OC3(C)C)[C@@](C)(O)[C@H]1OC(C)=O,QDISWXTVLYHRCQ-PYVDIHNFSA-N,False,[],[],False,False,O=C(C=Cc1ccccc1)OC1CC2COC3(CCCC(OC(=O)c4ccccc4)C13)C2,-8.630899429321289,-7.990197658538818,0.7866184711456299,0.23300970873786409,True,descriptor_ridge,2026-09-28T18:25:02.247521+00:00,CC(=O)O[C@H]1[C@H](OC(=O)c2ccccc2)[C@@]2(C)[C@@H](OC(=O)/C=C/c3ccccc3)C[C@@H]3C[C@]2(OC3(C)C)[C@@](C)(O)[C@H]1OC(C)=O,QDISWXTVLYHRCQ-PYVDIHNFSA-N,QDISWXTVLYHRCQ-PYVDIHNFSA-N,[],[],exchangeable_tertiary_ring_NH_and_full_potential_stereo_v3_20260929,9,9,136.03212376970453,8,CC(=O)O[C@H]1[C@H](OC(=O)c2ccccc2)[C@@]2(C)[C@@H](OC(=O)/C=C/c3ccccc3)C[C@@H]3C[C@]2(OC3(C)C)[C@@](C)(O)[C@H]1OC(C)=O,True,True,CC(=O)O[C@H]1[C@H](OC(=O)c2ccccc2)[C@@]2(C)[C@@H](OC(=O)/C=C/c3ccccc3)C[C@@H]3C[C@]2(OC3(C)C)[C@@](C)(O)[C@H]1OC(C)=O,True,True,prepared,<PACKAGE_ROOT>\Documents\Codex\TMC1_R2_Scratch_20260929\03_compute\formal_forward_v2_initial278\ligands\LIB_QDISWXTVLYHRCQ.sdf,8b3abcc8476d94a7d50182f3948fbf3d81f4a2190a632d065fd2b980ffe4da6c,<PACKAGE_ROOT>\Documents\Codex\TMC1_R2_Scratch_20260929\03_compute\formal_forward_v2_initial278\ligands\LIB_QDISWXTVLYHRCQ.pdbqt,efc2c1d347c9040cfd37318fac54d87199b548bba2a32bf866dc0209668c38e8,3.243
LIB_FYGSMJAMPMZYFS,ChEMBL,CHEMBL1079285,CHEMBL1079285,https://www.ebi.ac.uk/chembl/compound_report_card/CHEMBL1079285/,C[C@@H]1CC[C@]2(C(=O)O)CC[C@]3(C)C(=CC[C@@H]4[C@@]5(C)C[C@@H](O)[C@H](O)[C@@](C)(C(=O)O)[C@@H]5CC[C@]43C)[C@@H]2[C@]1(C)O,C[C@@H]1CC[C@]2(C(=O)O)CC[C@]3(C)C(=CC[C@@H]4[C@@]5(C)C[C@@H](O)[C@H](O)[C@@](C)(C(=O)O)[C@@H]5CC[C@]43C)[C@@H]2[C@]1(C)O,CC1CCC2(C(=O)O)CCC3(C)C(=CCC4C5(C)CC(O)C(O)C(C)(C(=O)O)C5CCC43C)C2C1(C)O,FYGSMJAMPMZYFS-LQXQUUHISA-N,FYGSMJAMPMZYFS,eligible,518.691,4.24,135.29,5,5,2,37,5,0.3451,0,1,1,False,predicted,eligible,False,[],1,C[C@@H]1CC[C@]2(C(=O)[O-])CC[C@]3(C)C(=CC[C@@H]4[C@@]5(C)C[C@@H](O)[C@H](O)[C@@](C)(C(=O)[O-])[C@@H]5CC[C@]43C)[C@@H]2[C@]1(C)O,FYGSMJAMPMZYFS-LQXQUUHISA-L,False,[],[],False,False,C1=C2C3CCCCC3CCC2C2CCC3CCCCC3C2C1,-8.619379043579102,-7.439927577972412,1.02225661277771,0.23809523809523808,True,descriptor_ridge,2026-09-28T18:25:05.491872+00:00,C[C@@H]1CC[C@]2(C(=O)O)CC[C@]3(C)C(=CC[C@@H]4[C@@]5(C)C[C@@H](O)[C@H](O)[C@@](C)(C(=O)O)[C@@H]5CC[C@]43C)[C@@H]2[C@]1(C)O,FYGSMJAMPMZYFS-LQXQUUHISA-N,FYGSMJAMPMZYFS-LQXQUUHISA-L,[],[],exchangeable_tertiary_ring_NH_and_full_potential_stereo_v3_20260929,9,9,199.0141029397472,2,C[C@@H]1CC[C@]2(C(=O)[O-])CC[C@]3(C)C(=CC[C@@H]4[C@@]5(C)C[C@@H](O)[C@H](O)[C@@](C)(C(=O)[O-])[C@@H]5CC[C@]43C)[C@@H]2[C@]1(C)O,True,True,C[C@@H]1CC[C@]2(C(=O)[O-])CC[C@]3(C)C(=CC[C@@H]4[C@@]5(C)C[C@@H](O)[C@H](O)[C@@](C)(C(=O)[O-])[C@@H]5CC[C@]43C)[C@@H]2[C@]1(C)O,True,True,prepared,<PACKAGE_ROOT>\Documents\Codex\TMC1_R2_Scratch_20260929\03_compute\formal_forward_v2_initial278\ligands\LIB_FYGSMJAMPMZYFS.sdf,2c8706c21986d8e243e8407fd79156929ed42414972ebce55c62e77d3f7e9a76,<PACKAGE_ROOT>\Documents\Codex\TMC1_R2_Scratch_20260929\03_compute\formal_forward_v2_initial278\ligands\LIB_FYGSMJAMPMZYFS.pdbqt,047911b4ce0ed9a698efcad3473860fabb6d284b72367996583c4feacb1f34c2,3.084
LIB_VUXZIMAQBPJZQB,ChEMBL,CHEMBL1076610,CHEMBL1076610,https://www.ebi.ac.uk/chembl/compound_report_card/CHEMBL1076610/,CC(=O)O[C@H]1[C@H](OC(=O)c2ccccc2)[C@@]2(C)[C@@H](OC(=O)c3ccccc3)C[C@@H]3[C@@H](OC(C)=O)[C@]2(OC3(C)C)[C@@](C)(O)[C@H]1O,CC(=O)O[C@H]1[C@H](OC(=O)c2ccccc2)[C@@]2(C)[C@@H](OC(=O)c3ccccc3)C[C@@H]3[C@@H](OC(C)=O)[C@]2(OC3(C)C)[C@@](C)(O)[C@H]1O,CC(=O)OC1C(O)C(C)(O)C23OC(C)(C)C(CC(OC(=O)c4ccccc4)C2(C)C1OC(=O)c1ccccc1)C3OC(C)=O,VUXZIMAQBPJZQB-YIBJYTJTSA-N,VUXZIMAQBPJZQB,eligible,610.656,3.0,154.89,2,11,6,44,5,0.3664,0,1,1,False,predicted,eligible,False,[],1,CC(=O)O[C@H]1[C@H](OC(=O)c2ccccc2)[C@@]2(C)[C@@H](OC(=O)c3ccccc3)C[C@@H]3[C@@H](OC(C)=O)[C@]2(OC3(C)C)[C@@](C)(O)[C@H]1O,VUXZIMAQBPJZQB-YIBJYTJTSA-N,False,[],[],False,False,O=C(OC1CCCC23CC(CO2)CC(OC(=O)c2ccccc2)C13)c1ccccc1,-8.612812042236328,-7.965533256530762,0.7371352314949036,0.25806451612903225,True,descriptor_ridge,2026-09-28T18:25:08.577004+00:00,CC(=O)O[C@H]1[C@H](OC(=O)c2ccccc2)[C@@]2(C)[C@@H](OC(=O)c3ccccc3)C[C@@H]3[C@@H](OC(C)=O)[C@]2(OC3(C)C)[C@@](C)(O)[C@H]1O,VUXZIMAQBPJZQB-YIBJYTJTSA-N,VUXZIMAQBPJZQB-YIBJYTJTSA-N,[],[],exchangeable_tertiary_ring_NH_and_full_potential_stereo_v3_20260929,8,8,178.8089387497484,2,CC(=O)O[C@H]1[C@H](OC(=O)c2ccccc2)[C@@]2(C)[C@@H](OC(=O)c3ccccc3)C[C@@H]3[C@@H](OC(C)=O)[C@]2(OC3(C)C)[C@@](C)(O)[C@H]1O,True,True,CC(=O)O[C@H]1[C@H](OC(=O)c2ccccc2)[C@@]2(C)[C@@H](OC(=O)c3ccccc3)C[C@@H]3[C@@H](OC(C)=O)[C@]2(OC3(C)C)[C@@](C)(O)[C@H]1O,True,True,prepared,<PACKAGE_ROOT>\Documents\Codex\TMC1_R2_Scratch_20260929\03_compute\formal_forward_v2_initial278\ligands\LIB_VUXZIMAQBPJZQB.sdf,7b192bbecad197ca989a6eedab1f30755052161948cf9642b15269ee4f48148a,<PACKAGE_ROOT>\Documents\Codex\TMC1_R2_Scratch_20260929\03_compute\formal_forward_v2_initial278\ligands\LIB_VUXZIMAQBPJZQB.pdbqt,887a8144ad5bf6291b7610006ae5a17a5111d4a77c82dbedf2804b678ee0aea2,2.431
LIB_QTVNFRLKAGKBPS,ChEMBL,CHEMBL103421,CHEMBL103421,https://www.ebi.ac.uk/chembl/compound_report_card/CHEMBL103421/,CCN1CCOCCN(CC)CCn2cc(c3ccccc32)C2=C(C(=O)NC2=O)c2cn(c3ccccc23)CCOCC1,CCN1CCOCCN(CC)CCn2cc(c3ccccc32)C2=C(C(=O)NC2=O)c2cn(c3ccccc23)CCOCC1,CCN1CCOCCN(CC)CCn2cc(c3ccccc32)C2=C(C(=O)NC2=O)c2cn(c3ccccc23)CCOCC1,QTVNFRLKAGKBPS-UHFFFAOYSA-N,QTVNFRLKAGKBPS,eligible,583.733,3.854,80.97,1,6,2,43,6,0.3614,0,1,1,False,predicted,eligible,False,[],1,CC[NH+]1CCOCCn2cc(c3ccccc32)C2=C(C(=O)NC2=O)c2cn(c3ccccc23)CC[NH+](CC)CCOCC1,QTVNFRLKAGKBPS-UHFFFAOYSA-P,True,"[[""Atom_Tetrahedral"", 2], [""Atom_Tetrahedral"", 35]]","[2, 35]",False,True,O=C1NC(=O)C2=C1c1cn(c3ccccc13)CC[NH2+]CCOCC[NH2+]CCOCCn1cc2c2ccccc21,-8.607124328613281,-7.953588008880615,0.7505888342857361,0.26666666666666666,True,descriptor_ridge,2026-09-28T18:25:11.009090+00:00,CCN1CCOCCN(CC)CCn2cc(c3ccccc32)C2=C(C(=O)NC2=O)c2cn(c3ccccc23)CCOCC1,QTVNFRLKAGKBPS-UHFFFAOYSA-N,QTVNFRLKAGKBPS-UHFFFAOYSA-P,"[[""Atom_Tetrahedral"", 2], [""Atom_Tetrahedral"", 35]]","[2, 35]",exchangeable_tertiary_ring_NH_and_full_potential_stereo_v3_20260929,10,10,234.684109870007,0,CC[N@@H+]1CCOCCn2cc(c3ccccc32)C2=C(C(=O)NC2=O)c2cn(c3ccccc23)CC[N@H+](CC)CCOCC1,False,True,CC[N@@H+]1CCOCCn2cc(c3ccccc32)C2=C(C(=O)NC2=O)c2cn(c3ccccc23)CC[N@H+](CC)CCOCC1,False,True,prepared,<PACKAGE_ROOT>\Documents\Codex\TMC1_R2_Scratch_20260929\03_compute\formal_forward_v2_initial278\ligands\LIB_QTVNFRLKAGKBPS.sdf,42770944f4b1786f558f7bc8e9b924f834f5c4a565042a62600de13fb040ddae,<PACKAGE_ROOT>\Documents\Codex\TMC1_R2_Scratch_20260929\03_compute\formal_forward_v2_initial278\ligands\LIB_QTVNFRLKAGKBPS.pdbqt,81a66bc888a8b2bc4006307fa8f8c1175ca6a416b4f45822c46bdd84fa8c521a,2.539
LIB_FIENVLBRUWEWDS,ChEMBL,CHEMBL1085733,CHEMBL1085733,https://www.ebi.ac.uk/chembl/compound_report_card/CHEMBL1085733/,CN1CCN(c2ccc(-c3cnn4c(N)c(-c5ccc(NC(=O)c6ccc(C(F)(F)F)cc6)cc5)cnc34)cc2)CC1,CN1CCN(c2ccc(-c3cnn4c(N)c(-c5ccc(NC(=O)c6ccc(C(F)(F)F)cc6)cc5)cnc34)cc2)CC1,CN1CCN(c2ccc(-c3cnn4c(N)c(-c5ccc(NC(=O)c6ccc(C(F)(F)F)cc6)cc5)cnc34)cc2)CC1,FIENVLBRUWEWDS-UHFFFAOYSA-N,FIENVLBRUWEWDS,eligible,571.607,5.668,91.79,2,6,5,42,6,0.2827,0,1,1,False,predicted,eligible,False,[],1,C[NH+]1CCN(c2ccc(-c3cnn4c(N)c(-c5ccc(NC(=O)c6ccc(C(F)(F)F)cc6)cc5)cnc34)cc2)CC1,FIENVLBRUWEWDS-UHFFFAOYSA-O,False,[],[1],False,False,O=C(Nc1ccc(-c2cnc3c(-c4ccc(N5CC[NH2+]CC5)cc4)cnn3c2)cc1)c1ccccc1,-8.59860610961914,-8.371708869934082,0.5050395131111145,0.3287671232876712,False,descriptor_ridge;AI_initial,2026-09-28T18:25:13.549675+00:00,CN1CCN(c2ccc(-c3cnn4c(N)c(-c5ccc(NC(=O)c6ccc(C(F)(F)F)cc6)cc5)cnc34)cc2)CC1,FIENVLBRUWEWDS-UHFFFAOYSA-N,FIENVLBRUWEWDS-UHFFFAOYSA-O,[],[1],exchangeable_tertiary_ring_NH_and_full_potential_stereo_v3_20260929,10,10,282.22699394542394,3,C[NH+]1CCN(c2ccc(-c3cnn4c(N)c(-c5ccc(NC(=O)c6ccc(C(F)(F)F)cc6)cc5)cnc34)cc2)CC1,True,True,C[NH+]1CCN(c2ccc(-c3cnn4c(N)c(-c5ccc(NC(=O)c6ccc(C(F)(F)F)cc6)cc5)cnc34)cc2)CC1,True,True,prepared,<PACKAGE_ROOT>\Documents\Codex\TMC1_R2_Scratch_20260929\03_compute\formal_forward_v2_initial278\ligands\LIB_FIENVLBRUWEWDS.sdf,57b4e53173d49bd5441480b9ba625191a748ee6295112c23c1b08fc537884d32,<PACKAGE_ROOT>\Documents\Codex\TMC1_R2_Scratch_20260929\03_compute\formal_forward_v2_initial278\ligands\LIB_FIENVLBRUWEWDS.pdbqt,de54f28b2b12ba287704b7378bede182e4ba4653471de45839dac8dd9b1d6496,1.498
LIB_PHVRYQBXECZHNT,ChEMBL,CHEMBL1085240,CHEMBL1085240,https://www.ebi.ac.uk/chembl/compound_report_card/CHEMBL1085240/,CN1CCN(c2cccc(-c3cnn4c(N)c(-c5ccc(NC(=O)c6ccc(C(F)(F)F)cc6)cc5)cnc34)c2)CC1,CN1CCN(c2cccc(-c3cnn4c(N)c(-c5ccc(NC(=O)c6ccc(C(F)(F)F)cc6)cc5)cnc34)c2)CC1,CN1CCN(c2cccc(-c3cnn4c(N)c(-c5ccc(NC(=O)c6ccc(C(F)(F)F)cc6)cc5)cnc34)c2)CC1,PHVRYQBXECZHNT-UHFFFAOYSA-N,PHVRYQBXECZHNT,eligible,571.607,5.668,91.79,2,6,5,42,6,0.2827,0,1,1,False,predicted,eligible,False,[],1,C[NH+]1CCN(c2cccc(-c3cnn4c(N)c(-c5ccc(NC(=O)c6ccc(C(F)(F)F)cc6)cc5)cnc34)c2)CC1,PHVRYQBXECZHNT-UHFFFAOYSA-O,False,[],[1],False,False,O=C(Nc1ccc(-c2cnc3c(-c4cccc(N5CC[NH2+]CC5)c4)cnn3c2)cc1)c1ccccc1,-8.59860610961914,-8.310544967651367,0.5388492941856384,0.30392156862745096,False,descriptor_ridge;AI_initial,2026-09-28T18:25:15.049132+00:00,CN1CCN(c2cccc(-c3cnn4c(N)c(-c5ccc(NC(=O)c6ccc(C(F)(F)F)cc6)cc5)cnc34)c2)CC1,PHVRYQBXECZHNT-UHFFFAOYSA-N,PHVRYQBXECZHNT-UHFFFAOYSA-O,[],[1],exchangeable_tertiary_ring_NH_and_full_potential_stereo_v3_20260929,9,9,284.2261819179958,2,C[NH+]1CCN(c2cccc(-c3cnn4c(N)c(-c5ccc(NC(=O)c6ccc(C(F)(F)F)cc6)cc5)cnc34)c2)CC1,True,True,C[NH+]1CCN(c2cccc(-c3cnn4c(N)c(-c5ccc(NC(=O)c6ccc(C(F)(F)F)cc6)cc5)cnc34)c2)CC1,True,True,prepared,<PACKAGE_ROOT>\Documents\Codex\TMC1_R2_Scratch_20260929\03_compute\formal_forward_v2_initial278\ligands\LIB_PHVRYQBXECZHNT.sdf,764fe4dbfe787da697f130dee91d85f91528def8011103bfc0a3c944fbbd953a,<PACKAGE_ROOT>\Documents\Codex\TMC1_R2_Scratch_20260929\03_compute\formal_forward_v2_initial278\ligands\LIB_PHVRYQBXECZHNT.pdbqt,7c980b848c22bada11b5ddb87b2dbf0e9f654e291912fb61f0179801e6e1d4f2,1.441
LIB_POBWGJYVMWYKSK,ChEMBL,CHEMBL1077058,CHEMBL1077058,https://www.ebi.ac.uk/chembl/compound_report_card/CHEMBL1077058/,C/C=C(\C)C(=O)O[C@@H]1[C@@H]2OC[C@]3(C)[C@H](OC(C)=O)C[C@H](O)[C@@](C)([C@@H]23)[C@H]2CCO[C@H]3C[C@@H](C4=CCOC4=O)C(C)=C3[C@]12C,C/C=C(\C)C(=O)O[C@@H]1[C@@H]2OC[C@]3(C)[C@H](OC(C)=O)C[C@H](O)[C@@](C)([C@@H]23)[C@H]2CCO[C@H]3C[C@@H](C4=CCOC4=O)C(C)=C3[C@]12C,CC=C(C)C(=O)OC1C2OCC3(C)C(OC(C)=O)CC(O)C(C)(C23)C2CCOC3CC(C4=CCOC4=O)C(C)=C3C12C,POBWGJYVMWYKSK-YPDGQOBJSA-N,POBWGJYVMWYKSK,eligible,584.706,3.833,117.59,1,9,4,42,6,0.2277,0,1,1,False,predicted,eligible,False,[],1,C/C=C(\C)C(=O)O[C@@H]1[C@@H]2OC[C@]3(C)[C@H](OC(C)=O)C[C@H](O)[C@@](C)([C@@H]23)[C@H]2CCO[C@H]3C[C@@H](C4=CCOC4=O)C(C)=C3[C@]12C,POBWGJYVMWYKSK-YPDGQOBJSA-N,False,[],[],False,False,O=C1OCC=C1C1C=C2C(C1)OCCC1C2CC2OCC3CCCC1C32,-8.594168663024902,-7.560408592224121,1.035129427909851,0.24299065420560748,True,descriptor_ridge,2026-09-28T18:25:16.492805+00:00,C/C=C(\C)C(=O)O[C@@H]1[C@@H]2OC[C@]3(C)[C@H](OC(C)=O)C[C@H](O)[C@@](C)([C@@H]23)[C@H]2CCO[C@H]3C[C@@H](C4=CCOC4=O)C(C)=C3[C@]12C,POBWGJYVMWYKSK-YPDGQOBJSA-N,POBWGJYVMWYKSK-YPDGQOBJSA-N,[],[],exchangeable_tertiary_ring_NH_and_full_potential_stereo_v3_20260929,10,10,120.58890391759171,8,C/C=C(\C)C(=O)O[C@@H]1[C@@H]2OC[C@]3(C)[C@H](OC(C)=O)C[C@H](O)[C@@](C)([C@@H]23)[C@H]2CCO[C@H]3C[C@@H](C4=CCOC4=O)C(C)=C3[C@]12C,True,True,C/C=C(\C)C(=O)O[C@@H]1[C@@H]2OC[C@]3(C)[C@H](OC(C)=O)C[C@H](O)[C@@](C)([C@@H]23)[C@H]2CCO[C@H]3C[C@@H](C4=CCOC4=O)C(C)=C3[C@]12C,True,True,prepared,<PACKAGE_ROOT>\Documents\Codex\TMC1_R2_Scratch_20260929\03_compute\formal_forward_v2_initial278\ligands\LIB_POBWGJYVMWYKSK.sdf,0a3e187a3828b76dc13534a0a94d8da38872af2846fd094d1c7f520d372846f3,<PACKAGE_ROOT>\Documents\Codex\TMC1_R2_Scratch_20260929\03_compute\formal_forward_v2_initial278\ligands\LIB_POBWGJYVMWYKSK.pdbqt,4d913ad048914115f2bb7a3aa725f917484f9a9131b39b44f9c5f4ffb926615c,3.131
LIB_PYYBXMVTBWYBDY,ChEMBL,CHEMBL1079019,CHEMBL1079019;CHEMBL1079020,https://www.ebi.ac.uk/chembl/compound_report_card/CHEMBL1079019/,CC1=C[C@H]2O[C@@H]3C[C@H]4OC(=O)/C=C\C=C\[C@H]([C@@H](C)O)OC[C@H](O)[C@@H](C)CC(=O)OC[C@@]2(C[C@H]1O)[C@]4(C)[C@]31CO1,CC1=C[C@H]2O[C@@H]3C[C@H]4OC(=O)/C=C\C=C\[C@H]([C@@H](C)O)OC[C@H](O)[C@@H](C)CC(=O)OC[C@@]2(C[C@H]1O)[C@]4(C)[C@]31CO1,CC1=CC2OC3CC4OC(=O)C=CC=CC(C(C)O)OCC(O)C(C)CC(=O)OCC2(CC1O)C4(C)C31CO1,PYYBXMVTBWYBDY-WDDWFXKOSA-N,PYYBXMVTBWYBDY,eligible,548.629,1.364,144.28,3,10,1,39,5,0.2496,0,2,2,False,predicted,eligible,False,[],1,CC1=C[C@H]2O[C@@H]3C[C@H]4OC(=O)/C=C\C=C\[C@H]([C@@H](C)O)OC[C@H](O)[C@@H](C)CC(=O)OC[C@@]2(C[C@H]1O)[C@]4(C)[C@]31CO1,PYYBXMVTBWYBDY-WDDWFXKOSA-N,False,[],[],False,False,O=C1C=CC=CCOCCCCC(=O)OCC23CCC=CC2OC2CC(O1)C3C21CO1,-8.59375286102295,-7.657639503479004,0.982180655002594,0.25203252032520324,True,descriptor_ridge,2026-09-28T18:25:19.625169+00:00,CC1=C[C@H]2O[C@@H]3C[C@H]4OC(=O)/C=C\C=C\[C@H]([C@@H](C)O)OC[C@H](O)[C@@H](C)CC(=O)OC[C@@]2(C[C@H]1O)[C@]4(C)[C@]31CO1,PYYBXMVTBWYBDY-WDDWFXKOSA-N,PYYBXMVTBWYBDY-WDDWFXKOSA-N,[],[],exchangeable_tertiary_ring_NH_and_full_potential_stereo_v3_20260929,10,10,96.57472566462874,6,CC1=C[C@H]2O[C@@H]3C[C@H]4OC(=O)/C=C\C=C\[C@H]([C@@H](C)O)OC[C@H](O)[C@@H](C)CC(=O)OC[C@@]2(C[C@H]1O)[C@]4(C)[C@]31CO1,True,True,CC1=C[C@H]2O[C@@H]3C[C@H]4OC(=O)/C=C\C=C\[C@H]([C@@H](C)O)OC[C@H](O)[C@@H](C)CC(=O)OC[C@@]2(C[C@H]1O)[C@]4(C)[C@]31CO1,True,True,prepared,<PACKAGE_ROOT>\Documents\Codex\TMC1_R2_Scratch_20260929\03_compute\formal_forward_v2_initial278\ligands\LIB_PYYBXMVTBWYBDY.sdf,deaa882da3f799323967e4575d2f0bc7eaf78f74a849f7213bde8a6d42ba61d1,<PACKAGE_ROOT>\Documents\Codex\TMC1_R2_Scratch_20260929\03_compute\formal_forward_v2_initial278\ligands\LIB_PYYBXMVTBWYBDY.pdbqt,fa4d2d527fd306ce7499fcf6fdd29f641170a43ffd8481f1d63205503aae4e6e,3.315
LIB_FVTRWXQLJLCVKD,ChEMBL,CHEMBL1076608,CHEMBL1076608,https://www.ebi.ac.uk/chembl/compound_report_card/CHEMBL1076608/,CC(=O)O[C@H]1[C@H](OC(=O)c2ccccc2)[C@@]2(C)[C@@H](OC(=O)/C=C/c3ccccc3)C[C@@H]3[C@@H](O)[C@]2(OC3(C)C)[C@@](C)(O)[C@H]1O,CC(=O)O[C@H]1[C@H](OC(=O)c2ccccc2)[C@@]2(C)[C@@H](OC(=O)/C=C/c3ccccc3)C[C@@H]3[C@@H](O)[C@]2(OC3(C)C)[C@@](C)(O)[C@H]1O,CC(=O)OC1C(O)C(C)(O)C23OC(C)(C)C(CC(OC(=O)C=Cc4ccccc4)C2(C)C1OC(=O)c1ccccc1)C3O,FVTRWXQLJLCVKD-SYVWDLHCSA-N,FVTRWXQLJLCVKD,eligible,594.657,2.829,148.82,3,10,6,43,5,0.259,0,1,1,False,predicted,eligible,False,[],1,CC(=O)O[C@H]1[C@H](OC(=O)c2ccccc2)[C@@]2(C)[C@@H](OC(=O)/C=C/c3ccccc3)C[C@@H]3[C@@H](O)[C@]2(OC3(C)C)[C@@](C)(O)[C@H]1O,FVTRWXQLJLCVKD-SYVWDLHCSA-N,False,[],[],False,False,O=C(C=Cc1ccccc1)OC1CC2COC3(CCCC(OC(=O)c4ccccc4)C13)C2,-8.587681770324707,-8.038410186767578,0.7061002850532532,0.24528301886792453,True,descriptor_ridge,2026-09-28T18:25:22.942226+00:00,CC(=O)O[C@H]1[C@H](OC(=O)c2ccccc2)[C@@]2(C)[C@@H](OC(=O)/C=C/c3ccccc3)C[C@@H]3[C@@H](O)[C@]2(OC3(C)C)[C@@](C)(O)[C@H]1O,FVTRWXQLJLCVKD-SYVWDLHCSA-N,FVTRWXQLJLCVKD-SYVWDLHCSA-N,[],[],exchangeable_tertiary_ring_NH_and_full_potential_stereo_v3_20260929,8,8,174.12159495027242,3,CC(=O)O[C@H]1[C@H](OC(=O)c2ccccc2)[C@@]2(C)[C@@H](OC(=O)/C=C/c3ccccc3)C[C@@H]3[C@@H](O)[C@]2(OC3(C)C)[C@@](C)(O)[C@H]1O,True,True,CC(=O)O[C@H]1[C@H](OC(=O)c2ccccc2)[C@@]2(C)[C@@H](OC(=O)/C=C/c3ccccc3)C[C@@H]3[C@@H](O)[C@]2(OC3(C)C)[C@@](C)(O)[C@H]1O,True,True,prepared,<PACKAGE_ROOT>\Documents\Codex\TMC1_R2_Scratch_20260929\03_compute\formal_forward_v2_initial278\ligands\LIB_FVTRWXQLJLCVKD.sdf,a0c6f6a74ee9d28166835694f3fdb2bcf287480c3237c8afb0d08d952be0101e,<PACKAGE_ROOT>\Documents\Codex\TMC1_R2_Scratch_20260929\03_compute\formal_forward_v2_initial278\ligands\LIB_FVTRWXQLJLCVKD.pdbqt,6ee0c2d3fc4b981c3ae157064bab364bc427bd49d5c7a459cfa953409dceabc5,2.285
LIB_OOAWTVSOWWSCRB,ChEMBL,CHEMBL1077135,CHEMBL1077135,https://www.ebi.ac.uk/chembl/compound_report_card/CHEMBL1077135/,CC(=O)O[C@H]1CC[C@H]2[C@@H]3CC[C@H]4Cc5c(C#N)c(N)n(-c6ccccc6)c(=S)c5C[C@]4(C)[C@H]3CC[C@]12C,CC(=O)O[C@H]1CC[C@H]2[C@@H]3CC[C@H]4Cc5c(C#N)c(N)n(-c6ccccc6)c(=S)c5C[C@]4(C)[C@H]3CC[C@]12C,CC(=O)OC1CCC2C3CCC4Cc5c(C#N)c(N)n(-c6ccccc6)c(=S)c5CC4(C)C3CCC12C,OOAWTVSOWWSCRB-SHXYUCRSSA-N,OOAWTVSOWWSCRB,eligible,515.723,6.55,81.04,1,5,2,37,6,0.3623,0,1,1,False,predicted,eligible,False,[],1,CC(=O)O[C@H]1CC[C@H]2[C@@H]3CC[C@H]4Cc5c(C#N)c(N)n(-c6ccccc6)c(=S)c5C[C@]4(C)[C@H]3CC[C@]12C,OOAWTVSOWWSCRB-SHXYUCRSSA-N,False,[],[],False,False,S=c1c2c(ccn1-c1ccccc1)CC1CCC3C4CCCC4CCC3C1C2,-8.585478782653809,-8.210309982299805,0.5110599398612976,0.37349397590361444,False,descriptor_ridge,2026-09-28T18:25:25.229266+00:00,CC(=O)O[C@H]1CC[C@H]2[C@@H]3CC[C@H]4Cc5c(C#N)c(N)n(-c6ccccc6)c(=S)c5C[C@]4(C)[C@H]3CC[C@]12C,OOAWTVSOWWSCRB-SHXYUCRSSA-N,OOAWTVSOWWSCRB-SHXYUCRSSA-N,[],[],exchangeable_tertiary_ring_NH_and_full_potential_stereo_v3_20260929,6,6,135.03930937175002,1,CC(=O)O[C@H]1CC[C@H]2[C@@H]3CC[C@H]4Cc5c(C#N)c(N)n(-c6ccccc6)c(=S)c5C[C@]4(C)[C@H]3CC[C@]12C,True,True,CC(=O)O[C@H]1CC[C@H]2[C@@H]3CC[C@H]4Cc5c(C#N)c(N)n(-c6ccccc6)c(=S)c5C[C@]4(C)[C@H]3CC[C@]12C,True,True,prepared,<PACKAGE_ROOT>\Documents\Codex\TMC1_R2_Scratch_20260929\03_compute\formal_forward_v2_initial278\ligands\LIB_OOAWTVSOWWSCRB.sdf,c52bb9e72f9b744277fcc543ff8cd9832caa36d96b03407642dc1e8ce0f7b75a,<PACKAGE_ROOT>\Documents\Codex\TMC1_R2_Scratch_20260929\03_compute\formal_forward_v2_initial278\ligands\LIB_OOAWTVSOWWSCRB.pdbqt,a3d3bc83d3ff3695e26608cb4ba1681a3a380813e2cf318db5fee4f2676231c4,1.649
LIB_IKENVDNFQMCRTR,ChEMBL,CHEMBL1201108,CHEMBL1201108;CHEMBL1755,https://www.ebi.ac.uk/chembl/compound_report_card/CHEMBL1201108/,Cc1nc2c([nH]1)-c1ccccc1N(C(=O)c1ccc(NC(=O)c3ccccc3-c3ccccc3)cc1)CC2.Cl,Cc1nc2c([nH]1)-c1ccccc1N(C(=O)c1ccc(NC(=O)c3ccccc3-c3ccccc3)cc1)CC2,Cc1nc2c([nH]1)-c1ccccc1N(C(=O)c1ccc(NC(=O)c3ccccc3-c3ccccc3)cc1)CC2,IKENVDNFQMCRTR-UHFFFAOYSA-N,IKENVDNFQMCRTR,eligible,498.586,6.507,78.09,2,3,4,38,6,0.2966,0,2,1,False,predicted,eligible,False,[],1,Cc1nc2c([n-]1)-c1ccccc1N(C(=O)c1ccc(NC(=O)c3ccccc3-c3ccccc3)cc1)CC2,SXMSLNDWBIHGAX-UHFFFAOYSA-M,False,[],[],False,False,O=C(Nc1ccc(C(=O)N2CCc3nc[n-]c3-c3ccccc32)cc1)c1ccccc1-c1ccccc1,-8.583395004272461,-8.042207717895508,0.6531041860580444,0.27472527472527475,True,descriptor_ridge,2026-09-28T18:25:26.878767+00:00,Cc1nc2c([nH]1)-c1ccccc1N(C(=O)c1ccc(NC(=O)c3ccccc3-c3ccccc3)cc1)CC2,IKENVDNFQMCRTR-UHFFFAOYSA-N,SXMSLNDWBIHGAX-UHFFFAOYSA-M,[],[],exchangeable_tertiary_ring_NH_and_full_potential_stereo_v3_20260929,10,10,117.65840657057853,5,Cc1nc2c([n-]1)-c1ccccc1N(C(=O)c1ccc(NC(=O)c3ccccc3-c3ccccc3)cc1)CC2,True,True,Cc1nc2c([n-]1)-c1ccccc1N(C(=O)c1ccc(NC(=O)c3ccccc3-c3ccccc3)cc1)CC2,True,True,prepared,<PACKAGE_ROOT>\Documents\Codex\TMC1_R2_Scratch_20260929\03_compute\formal_forward_v2_initial278\ligands\LIB_IKENVDNFQMCRTR.sdf,2f3c57bdaa670cfa2b83963c4099aa0b65b141760448160259d641381efa8bdb,<PACKAGE_ROOT>\Documents\Codex\TMC1_R2_Scratch_20260929\03_compute\formal_forward_v2_initial278\ligands\LIB_IKENVDNFQMCRTR.pdbqt,7de7b56b701918bae9b86dd1141ee0ab1f4ca7d408b9ef0b74e6f66ea8d03553,1.083
LIB_CYDMWSSMUBQXRD,ChEMBL,CHEMBL1084522,CHEMBL1084522;CHEMBL1084771,https://www.ebi.ac.uk/chembl/compound_report_card/CHEMBL1084522/,CN(C(=O)C(C)(C)c1cc(C(F)(F)F)cc(C(F)(F)F)c1)c1cnc(N2CC[C@H](O)C2)cc1-c1ccccc1Cl,CN(C(=O)C(C)(C)c1cc(C(F)(F)F)cc(C(F)(F)F)c1)c1cnc(N2CC[C@H](O)C2)cc1-c1ccccc1Cl,CN(C(=O)C(C)(C)c1cc(C(F)(F)F)cc(C(F)(F)F)c1)c1cnc(N2CCC(O)C2)cc1-c1ccccc1Cl,CYDMWSSMUBQXRD-IBGZPJMESA-N,CYDMWSSMUBQXRD,eligible,585.976,6.951,56.67,1,4,5,40,4,0.3293,0,2,2,False,predicted,eligible,False,[],1,CN(C(=O)C(C)(C)c1cc(C(F)(F)F)cc(C(F)(F)F)c1)c1cnc(N2CC[C@H](O)C2)cc1-c1ccccc1Cl,CYDMWSSMUBQXRD-IBGZPJMESA-N,False,[],[],False,False,O=C(Cc1ccccc1)Nc1cnc(N2CCCC2)cc1-c1ccccc1,-8.564895629882812,-8.15138053894043,0.6757149696350098,0.30851063829787234,False,descriptor_ridge,2026-09-28T18:25:27.963911+00:00,CN(C(=O)C(C)(C)c1cc(C(F)(F)F)cc(C(F)(F)F)c1)c1cnc(N2CC[C@H](O)C2)cc1-c1ccccc1Cl,CYDMWSSMUBQXRD-IBGZPJMESA-N,CYDMWSSMUBQXRD-IBGZPJMESA-N,[],[],exchangeable_tertiary_ring_NH_and_full_potential_stereo_v3_20260929,10,10,164.767922071104,9,CN(C(=O)C(C)(C)c1cc(C(F)(F)F)cc(C(F)(F)F)c1)c1cnc(N2CC[C@H](O)C2)cc1-c1ccccc1Cl,True,True,CN(C(=O)C(C)(C)c1cc(C(F)(F)F)cc(C(F)(F)F)c1)c1cnc(N2CC[C@H](O)C2)cc1-c1ccccc1Cl,True,True,prepared,<PACKAGE_ROOT>\Documents\Codex\TMC1_R2_Scratch_20260929\03_compute\formal_forward_v2_initial278\ligands\LIB_CYDMWSSMUBQXRD.sdf,270c0e399e02c1657284cdbe7b4d16b41232784186329446d894ec70ea9f204e,<PACKAGE_ROOT>\Documents\Codex\TMC1_R2_Scratch_20260929\03_compute\formal_forward_v2_initial278\ligands\LIB_CYDMWSSMUBQXRD.pdbqt,5ed8d74a004e5031aa5abd9220a9041f57392cd10559b5bbe7bccc914c8c04ea,1.454
LIB_CJTUMEIDUUCTSL,ChEMBL,CHEMBL1084436,CHEMBL1084436;CHEMBL1084437,https://www.ebi.ac.uk/chembl/compound_report_card/CHEMBL1084436/,CN(C(=O)C(C)(C)c1cc(C(F)(F)F)cc(C(F)(F)F)c1)c1cnc(N2C[C@@H](O)C[C@H]2CO)cc1-c1ccccc1Cl,CN(C(=O)C(C)(C)c1cc(C(F)(F)F)cc(C(F)(F)F)c1)c1cnc(N2C[C@@H](O)C[C@H]2CO)cc1-c1ccccc1Cl,CN(C(=O)C(C)(C)c1cc(C(F)(F)F)cc(C(F)(F)F)c1)c1cnc(N2CC(O)CC2CO)cc1-c1ccccc1Cl,CJTUMEIDUUCTSL-PMACEKPBSA-N,CJTUMEIDUUCTSL,eligible,616.002,6.312,76.9,2,5,6,42,4,0.3179,0,2,2,False,predicted,eligible,False,[],1,CN(C(=O)C(C)(C)c1cc(C(F)(F)F)cc(C(F)(F)F)c1)c1cnc([NH+]2C[C@@H](O)C[C@H]2CO)cc1-c1ccccc1Cl,CJTUMEIDUUCTSL-PMACEKPBSA-O,True,"[[""Atom_Tetrahedral"", 25]]",[25],False,True,O=C(Cc1ccccc1)Nc1cnc([NH+]2CCCC2)cc1-c1ccccc1,-8.563333511352539,-8.063297271728516,0.6703241467475891,0.2391304347826087,True,descriptor_ridge,2026-09-28T18:25:29.418926+00:00,CN(C(=O)C(C)(C)c1cc(C(F)(F)F)cc(C(F)(F)F)c1)c1cnc(N2C[C@@H](O)C[C@H]2CO)cc1-c1ccccc1Cl,CJTUMEIDUUCTSL-PMACEKPBSA-N,CJTUMEIDUUCTSL-PMACEKPBSA-O,"[[""Atom_Tetrahedral"", 25]]",[25],exchangeable_tertiary_ring_NH_and_full_potential_stereo_v3_20260929,10,10,152.53039066532682,5,CN(C(=O)C(C)(C)c1cc(C(F)(F)F)cc(C(F)(F)F)c1)c1cnc([N@@H+]2C[C@@H](O)C[C@H]2CO)cc1-c1ccccc1Cl,False,True,CN(C(=O)C(C)(C)c1cc(C(F)(F)F)cc(C(F)(F)F)c1)c1cnc([N@@H+]2C[C@@H](O)C[C@H]2CO)cc1-c1ccccc1Cl,False,True,prepared,<PACKAGE_ROOT>\Documents\Codex\TMC1_R2_Scratch_20260929\03_compute\formal_forward_v2_initial278\ligands\LIB_CJTUMEIDUUCTSL.sdf,5fc85b89e8d2945c458a3bbc05fab92dc7a8bfe327f46b52951e409e2e00b49f,<PACKAGE_ROOT>\Documents\Codex\TMC1_R2_Scratch_20260929\03_compute\formal_forward_v2_initial278\ligands\LIB_CJTUMEIDUUCTSL.pdbqt,12dd48d23517d8df8a811af9c029ba9606caaa6cf3edde1f7753b9525531c0ea,1.712
LIB_HATNRBQJMSRMEP,ChEMBL,CHEMBL1084439,CHEMBL1084439,https://www.ebi.ac.uk/chembl/compound_report_card/CHEMBL1084439/,CN(C(=O)C(C)(C)c1cc(C(F)(F)F)cc(C(F)(F)F)c1)c1cnc(N2CC[C@H](O)[C@H]2CO)cc1-c1ccccc1Cl,CN(C(=O)C(C)(C)c1cc(C(F)(F)F)cc(C(F)(F)F)c1)c1cnc(N2CC[C@H](O)[C@H]2CO)cc1-c1ccccc1Cl,CN(C(=O)C(C)(C)c1cc(C(F)(F)F)cc(C(F)(F)F)c1)c1cnc(N2CCC(O)C2CO)cc1-c1ccccc1Cl,HATNRBQJMSRMEP-RPWUZVMVSA-N,HATNRBQJMSRMEP,eligible,616.002,6.312,76.9,2,5,6,42,4,0.3179,0,1,1,False,predicted,eligible,False,[],1,CN(C(=O)C(C)(C)c1cc(C(F)(F)F)cc(C(F)(F)F)c1)c1cnc([NH+]2CC[C@H](O)[C@H]2CO)cc1-c1ccccc1Cl,HATNRBQJMSRMEP-RPWUZVMVSA-O,True,"[[""Atom_Tetrahedral"", 25]]",[25],False,True,O=C(Cc1ccccc1)Nc1cnc([NH+]2CCCC2)cc1-c1ccccc1,-8.563333511352539,-8.051069259643555,0.7337595224380493,0.23529411764705882,True,descriptor_ridge,2026-09-28T18:25:31.132159+00:00,CN(C(=O)C(C)(C)c1cc(C(F)(F)F)cc(C(F)(F)F)c1)c1cnc(N2CC[C@H](O)[C@H]2CO)cc1-c1ccccc1Cl,HATNRBQJMSRMEP-RPWUZVMVSA-N,HATNRBQJMSRMEP-RPWUZVMVSA-O,"[[""Atom_Tetrahedral"", 25]]",[25],exchangeable_tertiary_ring_NH_and_full_potential_stereo_v3_20260929,10,10,150.1189634862963,5,CN(C(=O)C(C)(C)c1cc(C(F)(F)F)cc(C(F)(F)F)c1)c1cnc([N@@H+]2CC[C@H](O)[C@H]2CO)cc1-c1ccccc1Cl,False,True,CN(C(=O)C(C)(C)c1cc(C(F)(F)F)cc(C(F)(F)F)c1)c1cnc([N@@H+]2CC[C@H](O)[C@H]2CO)cc1-c1ccccc1Cl,False,True,prepared,<PACKAGE_ROOT>\Documents\Codex\TMC1_R2_Scratch_20260929\03_compute\formal_forward_v2_initial278\ligands\LIB_HATNRBQJMSRMEP.sdf,20a2c531fe054a3826154a6b4b15b6e5acd530733ca7d3d49055f6c86f48e3b9,<PACKAGE_ROOT>\Documents\Codex\TMC1_R2_Scratch_20260929\03_compute\formal_forward_v2_initial278\ligands\LIB_HATNRBQJMSRMEP.pdbqt,287014418b68905ebcf0c52b07abc306e8777a82ed8a322df6778694f26e6966,1.672
LIB_DFNMEZDDQABOQT,ChEMBL,CHEMBL1079029,CHEMBL1079029,https://www.ebi.ac.uk/chembl/compound_report_card/CHEMBL1079029/,CC(=O)O[C@@H]1CC[C@@]2(C)[C@@H](CC[C@]3(C)[C@@H]2CC=C2[C@@H]4CC(C)(C)CC[C@]4(C)CC[C@]23C(=O)O)[C@]1(C)C(=O)O,CC(=O)O[C@@H]1CC[C@@]2(C)[C@@H](CC[C@]3(C)[C@@H]2CC=C2[C@@H]4CC(C)(C)CC[C@]4(C)CC[C@]23C(=O)O)[C@]1(C)C(=O)O,CC(=O)OC1CCC2(C)C(CCC3(C)C2CC=C2C4CC(C)(C)CCC4(C)CCC23C(=O)O)C1(C)C(=O)O,DFNMEZDDQABOQT-DBKYOHCFSA-N,DFNMEZDDQABOQT,eligible,528.73,6.869,100.9,2,4,3,38,5,0.3062,0,1,1,False,predicted,eligible,False,[],1,CC(=O)O[C@@H]1CC[C@@]2(C)[C@@H](CC[C@]3(C)[C@@H]2CC=C2[C@@H]4CC(C)(C)CC[C@]4(C)CC[C@]23C(=O)[O-])[C@]1(C)C(=O)[O-],DFNMEZDDQABOQT-DBKYOHCFSA-L,False,[],[],False,False,C1=C2C3CCCCC3CCC2C2CCC3CCCCC3C2C1,-8.562484741210938,-7.4656572341918945,0.772402822971344,0.2808988764044944,True,descriptor_ridge,2026-09-28T18:25:32.805793+00:00,CC(=O)O[C@@H]1CC[C@@]2(C)[C@@H](CC[C@]3(C)[C@@H]2CC=C2[C@@H]4CC(C)(C)CC[C@]4(C)CC[C@]23C(=O)O)[C@]1(C)C(=O)O,DFNMEZDDQABOQT-DBKYOHCFSA-N,DFNMEZDDQABOQT-DBKYOHCFSA-L,[],[],exchangeable_tertiary_ring_NH_and_full_potential_stereo_v3_20260929,9,9,224.7036916084404,0,CC(=O)O[C@@H]1CC[C@@]2(C)[C@@H](CC[C@]3(C)[C@@H]2CC=C2[C@@H]4CC(C)(C)CC[C@]4(C)CC[C@]23C(=O)[O-])[C@]1(C)C(=O)[O-],True,True,CC(=O)O[C@@H]1CC[C@@]2(C)[C@@H](CC[C@]3(C)[C@@H]2CC=C2[C@@H]4CC(C)(C)CC[C@]4(C)CC[C@]23C(=O)[O-])[C@]1(C)C(=O)[O-],True,True,prepared,<PACKAGE_ROOT>\Documents\Codex\TMC1_R2_Scratch_20260929\03_compute\formal_forward_v2_initial278\ligands\LIB_DFNMEZDDQABOQT.sdf,97e967cfa92ec3a33a92e60b87c87665ccc0fbc3399fe95018a45cb26af781b6,<PACKAGE_ROOT>\Documents\Codex\TMC1_R2_Scratch_20260929\03_compute\formal_forward_v2_initial278\ligands\LIB_DFNMEZDDQABOQT.pdbqt,d4f01eb566f206e17bdca69244dbf1e5b3f4dbf9aa6f579d1164e00bdfd9eeb1,3.037
LIB_UFBADNGLONOAHT,ChEMBL,CHEMBL1079031,CHEMBL1079031,https://www.ebi.ac.uk/chembl/compound_report_card/CHEMBL1079031/,CC(=O)O[C@@H]1CC[C@@]2(C)[C@@H](CC[C@]3(C)[C@@H]2CC=C2[C@@H]4C[C@](C)(C(=O)O)CC[C@]4(C)CC[C@]23C)[C@]1(C)C(=O)O,CC(=O)O[C@@H]1CC[C@@]2(C)[C@@H](CC[C@]3(C)[C@@H]2CC=C2[C@@H]4C[C@](C)(C(=O)O)CC[C@]4(C)CC[C@]23C)[C@]1(C)C(=O)O,CC(=O)OC1CCC2(C)C(CCC3(C)C2CC=C2C4CC(C)(C(=O)O)CCC4(C)CCC23C)C1(C)C(=O)O,UFBADNGLONOAHT-GEHWIPNRSA-N,UFBADNGLONOAHT,eligible,528.73,6.869,100.9,2,4,3,38,5,0.3062,0,1,1,False,predicted,eligible,False,[],1,CC(=O)O[C@@H]1CC[C@@]2(C)[C@@H](CC[C@]3(C)[C@@H]2CC=C2[C@@H]4C[C@](C)(C(=O)[O-])CC[C@]4(C)CC[C@]23C)[C@]1(C)C(=O)[O-],UFBADNGLONOAHT-GEHWIPNRSA-L,False,[],[],False,False,C1=C2C3CCCCC3CCC2C2CCC3CCCCC3C2C1,-8.562484741210938,-7.476291656494141,0.759981095790863,0.2777777777777778,True,descriptor_ridge,2026-09-28T18:25:35.843916+00:00,CC(=O)O[C@@H]1CC[C@@]2(C)[C@@H](CC[C@]3(C)[C@@H]2CC=C2[C@@H]4C[C@](C)(C(=O)O)CC[C@]4(C)CC[C@]23C)[C@]1(C)C(=O)O,UFBADNGLONOAHT-GEHWIPNRSA-N,UFBADNGLONOAHT-GEHWIPNRSA-L,[],[],exchangeable_tertiary_ring_NH_and_full_potential_stereo_v3_20260929,9,9,173.5069157027778,5,CC(=O)O[C@@H]1CC[C@@]2(C)[C@@H](CC[C@]3(C)[C@@H]2CC=C2[C@@H]4C[C@](C)(C(=O)[O-])CC[C@]4(C)CC[C@]23C)[C@]1(C)C(=O)[O-],True,True,CC(=O)O[C@@H]1CC[C@@]2(C)[C@@H](CC[C@]3(C)[C@@H]2CC=C2[C@@H]4C[C@](C)(C(=O)[O-])CC[C@]4(C)CC[C@]23C)[C@]1(C)C(=O)[O-],True,True,prepared,<PACKAGE_ROOT>\Documents\Codex\TMC1_R2_Scratch_20260929\03_compute\formal_forward_v2_initial278\ligands\LIB_UFBADNGLONOAHT.sdf,6940f8232af95564c26602ead0470f16010c13663d3e1a3bbf114eb91803d123,<PACKAGE_ROOT>\Documents\Codex\TMC1_R2_Scratch_20260929\03_compute\formal_forward_v2_initial278\ligands\LIB_UFBADNGLONOAHT.pdbqt,58812578552b66ff52f8b35baa9b65cfce3f13146d3fe01ce405bd181efb32e9,2.795
LIB_NFCXCBLWABDYMW,ChEMBL,CHEMBL1077451,CHEMBL1077451,https://www.ebi.ac.uk/chembl/compound_report_card/CHEMBL1077451/,CC1=CCC[C@H]2[C@@]1(C)[C@@H](OC(=O)c1cccnc1)[C@H](OC(=O)c1ccccc1)[C@](C)(O)[C@]2(C)[C@H]1CC2=C(O1)C(=O)OC2,CC1=CCC[C@H]2[C@@]1(C)[C@@H](OC(=O)c1cccnc1)[C@H](OC(=O)c1ccccc1)[C@](C)(O)[C@]2(C)[C@H]1CC2=C(O1)C(=O)OC2,CC1=CCCC2C1(C)C(OC(=O)c1cccnc1)C(OC(=O)c1ccccc1)C(C)(O)C2(C)C1CC2=C(O1)C(=O)OC2,NFCXCBLWABDYMW-FWQSJGQVSA-N,NFCXCBLWABDYMW,eligible,573.642,4.566,121.25,1,9,5,42,6,0.3116,0,1,1,False,predicted,eligible,False,[],1,CC1=CCC[C@H]2[C@@]1(C)[C@@H](OC(=O)c1cccnc1)[C@H](OC(=O)c1ccccc1)[C@](C)(O)[C@]2(C)[C@H]1CC2=C(O1)C(=O)OC2,NFCXCBLWABDYMW-FWQSJGQVSA-N,False,[],[],False,False,O=C1OCC2=C1OC(C1CC(OC(=O)c3ccccc3)C(OC(=O)c3cccnc3)C3C=CCCC31)C2,-8.560983657836914,-8.140107154846191,0.6732749938964844,0.24742268041237114,True,descriptor_ridge,2026-09-28T18:25:38.640763+00:00,CC1=CCC[C@H]2[C@@]1(C)[C@@H](OC(=O)c1cccnc1)[C@H](OC(=O)c1ccccc1)[C@](C)(O)[C@]2(C)[C@H]1CC2=C(O1)C(=O)OC2,NFCXCBLWABDYMW-FWQSJGQVSA-N,NFCXCBLWABDYMW-FWQSJGQVSA-N,[],[],exchangeable_tertiary_ring_NH_and_full_potential_stereo_v3_20260929,9,9,186.00689855256158,4,CC1=CCC[C@H]2[C@@]1(C)[C@@H](OC(=O)c1cccnc1)[C@H](OC(=O)c1ccccc1)[C@](C)(O)[C@]2(C)[C@H]1CC2=C(O1)C(=O)OC2,True,True,CC1=CCC[C@H]2[C@@]1(C)[C@@H](OC(=O)c1cccnc1)[C@H](OC(=O)c1ccccc1)[C@](C)(O)[C@]2(C)[C@H]1CC2=C(O1)C(=O)OC2,True,True,prepared,<PACKAGE_ROOT>\Documents\Codex\TMC1_R2_Scratch_20260929\03_compute\formal_forward_v2_initial278\ligands\LIB_NFCXCBLWABDYMW.sdf,85ef8346273036639d009daf075d28c018632e4940997ffe6469a3e2f6801baf,<PACKAGE_ROOT>\Documents\Codex\TMC1_R2_Scratch_20260929\03_compute\formal_forward_v2_initial278\ligands\LIB_NFCXCBLWABDYMW.pdbqt,102bdc3397d550a3471652f925a4b31b15815422a35547b24fc6532e6be99b7d,1.912
LIB_BEYBHILIDYTJTL,ChEMBL,CHEMBL105620,CHEMBL105620,https://www.ebi.ac.uk/chembl/compound_report_card/CHEMBL105620/,CN1CCOCCOCCN(C)CCn2cc(c3ccccc32)C2=C(C(=O)NC2=O)c2cn(c3ccccc23)CC1,CN1CCOCCOCCN(C)CCn2cc(c3ccccc32)C2=C(C(=O)NC2=O)c2cn(c3ccccc23)CC1,CN1CCOCCOCCN(C)CCn2cc(c3ccccc32)C2=C(C(=O)NC2=O)c2cn(c3ccccc23)CC1,BEYBHILIDYTJTL-UHFFFAOYSA-N,BEYBHILIDYTJTL,eligible,555.679,3.074,80.97,1,6,0,41,6,0.3362,0,1,1,False,predicted,eligible,False,[],1,C[NH+]1CCOCCOCC[NH+](C)CCn2cc(c3ccccc32)C2=C(C(=O)NC2=O)c2cn(c3ccccc23)CC1,BEYBHILIDYTJTL-UHFFFAOYSA-P,True,"[[""Atom_Tetrahedral"", 1], [""Atom_Tetrahedral"", 10]]","[1, 10]",False,True,O=C1NC(=O)C2=C1c1cn(c3ccccc13)CC[NH2+]CCOCCOCC[NH2+]CCn1cc2c2ccccc21,-8.558537483215332,-8.205257415771484,0.5956407189369202,0.2647058823529412,True,descriptor_ridge,2026-09-28T18:25:40.554042+00:00,CN1CCOCCOCCN(C)CCn2cc(c3ccccc32)C2=C(C(=O)NC2=O)c2cn(c3ccccc23)CC1,BEYBHILIDYTJTL-UHFFFAOYSA-N,BEYBHILIDYTJTL-UHFFFAOYSA-P,"[[""Atom_Tetrahedral"", 1], [""Atom_Tetrahedral"", 10]]","[1, 10]",exchangeable_tertiary_ring_NH_and_full_potential_stereo_v3_20260929,10,10,229.11290751581862,9,C[N@@H+]1CCOCCOCC[N@H+](C)CCn2cc(c3ccccc32)C2=C(C(=O)NC2=O)c2cn(c3ccccc23)CC1,False,True,C[N@@H+]1CCOCCOCC[N@H+](C)CCn2cc(c3ccccc32)C2=C(C(=O)NC2=O)c2cn(c3ccccc23)CC1,False,True,prepared,<PACKAGE_ROOT>\Documents\Codex\TMC1_R2_Scratch_20260929\03_compute\formal_forward_v2_initial278\ligands\LIB_BEYBHILIDYTJTL.sdf,97c810cc5d0f47683e206ca08b39d46f72657e1c8d63556f433d7a0b626fa283,<PACKAGE_ROOT>\Documents\Codex\TMC1_R2_Scratch_20260929\03_compute\formal_forward_v2_initial278\ligands\LIB_BEYBHILIDYTJTL.pdbqt,d96dc369a7592eb4c8391eef8caa456792574de076809a49f0b106d2f4100de4,1.962
LIB_LQLWPOGAHZKADH,ChEMBL,CHEMBL1075768,CHEMBL1075768,https://www.ebi.ac.uk/chembl/compound_report_card/CHEMBL1075768/,COC(=O)C[C@H]1C(C)(C)[C@H](OC(C)=O)[C@]2(C(C)=O)C=C3[C@H]([C@H](OC(C)=O)C[C@]4(C)[C@H]3CC(=O)O[C@H]4c3ccoc3)[C@@]1(C)C2=O,COC(=O)C[C@H]1C(C)(C)[C@H](OC(C)=O)[C@]2(C(C)=O)C=C3[C@H]([C@H](OC(C)=O)C[C@]4(C)[C@H]3CC(=O)O[C@H]4c3ccoc3)[C@@]1(C)C2=O,COC(=O)CC1C(C)(C)C(OC(C)=O)C2(C(C)=O)C=C3C4CC(=O)OC(c5ccoc5)C4(C)CC(OC(C)=O)C3C1(C)C2=O,LQLWPOGAHZKADH-OHDFGLQGSA-N,LQLWPOGAHZKADH,eligible,612.672,4.083,152.48,0,11,6,44,5,0.1976,0,1,1,False,predicted,eligible,False,[],1,COC(=O)C[C@H]1C(C)(C)[C@H](OC(C)=O)[C@]2(C(C)=O)C=C3[C@H]([C@H](OC(C)=O)C[C@]4(C)[C@H]3CC(=O)O[C@H]4c3ccoc3)[C@@]1(C)C2=O,LQLWPOGAHZKADH-OHDFGLQGSA-N,False,[],[],False,False,O=C1CC2C3=CC4CCCC(C4=O)C3CCC2C(c2ccoc2)O1,-8.55650520324707,-7.977388858795166,0.6283182501792908,0.21359223300970873,True,descriptor_ridge,2026-09-28T18:25:42.516370+00:00,COC(=O)C[C@H]1C(C)(C)[C@H](OC(C)=O)[C@]2(C(C)=O)C=C3[C@H]([C@H](OC(C)=O)C[C@]4(C)[C@H]3CC(=O)O[C@H]4c3ccoc3)[C@@]1(C)C2=O,LQLWPOGAHZKADH-OHDFGLQGSA-N,LQLWPOGAHZKADH-OHDFGLQGSA-N,[],[],exchangeable_tertiary_ring_NH_and_full_potential_stereo_v3_20260929,10,10,87.84876880351447,0,COC(=O)C[C@H]1C(C)(C)[C@H](OC(C)=O)[C@]2(C(C)=O)C=C3[C@H]([C@H](OC(C)=O)C[C@]4(C)[C@H]3CC(=O)O[C@H]4c3ccoc3)[C@@]1(C)C2=O,True,True,COC(=O)C[C@H]1C(C)(C)[C@H](OC(C)=O)[C@]2(C(C)=O)C=C3[C@H]([C@H](OC(C)=O)C[C@]4(C)[C@H]3CC(=O)O[C@H]4c3ccoc3)[C@@]1(C)C2=O,True,True,prepared,<PACKAGE_ROOT>\Documents\Codex\TMC1_R2_Scratch_20260929\03_compute\formal_forward_v2_initial278\ligands\LIB_LQLWPOGAHZKADH.sdf,accfb76d5765469cb7e5eea5d9a4c077343a9d136f3114deadad2de182702396,<PACKAGE_ROOT>\Documents\Codex\TMC1_R2_Scratch_20260929\03_compute\formal_forward_v2_initial278\ligands\LIB_LQLWPOGAHZKADH.pdbqt,fd215d941f4c9e4fa31e9b4415cfd63fe6fa1855e7b2efddc7490356a7a230b2,2.929
LIB_LYONNGHGTZAEOI,ChEMBL,CHEMBL1081958,CHEMBL1081958,https://www.ebi.ac.uk/chembl/compound_report_card/CHEMBL1081958/,COc1ccc2nc3cc(Cl)ccc3c(Nc3ccc(Nc4nc(NN)nc(Nc5ccccc5)n4)cc3)c2c1,COc1ccc2nc3cc(Cl)ccc3c(Nc3ccc(Nc4nc(NN)nc(Nc5ccccc5)n4)cc3)c2c1,COc1ccc2nc3cc(Cl)ccc3c(Nc3ccc(Nc4nc(NN)nc(Nc5ccccc5)n4)cc3)c2c1,LYONNGHGTZAEOI-UHFFFAOYSA-N,LYONNGHGTZAEOI,eligible,550.026,6.751,134.93,5,10,8,40,6,0.0787,0,1,1,False,predicted,eligible,False,[],1,COc1ccc2nc3cc(Cl)ccc3c(Nc3ccc(Nc4nc(NN)nc(Nc5ccccc5)n4)cc3)c2c1,LYONNGHGTZAEOI-UHFFFAOYSA-N,False,[],[],False,False,c1ccc(Nc2ncnc(Nc3ccc(Nc4c5ccccc5nc5ccccc45)cc3)n2)cc1,-8.55451488494873,-8.144238471984863,0.5432502031326294,0.265625,True,descriptor_ridge,2026-09-28T18:25:45.446496+00:00,COc1ccc2nc3cc(Cl)ccc3c(Nc3ccc(Nc4nc(NN)nc(Nc5ccccc5)n4)cc3)c2c1,LYONNGHGTZAEOI-UHFFFAOYSA-N,LYONNGHGTZAEOI-UHFFFAOYSA-N,[],[],exchangeable_tertiary_ring_NH_and_full_potential_stereo_v3_20260929,10,10,-88.2152585262872,0,COc1ccc2nc3cc(Cl)ccc3c(Nc3ccc(Nc4nc(NN)nc(Nc5ccccc5)n4)cc3)c2c1,True,True,COc1ccc2nc3cc(Cl)ccc3c(Nc3ccc(Nc4nc(NN)nc(Nc5ccccc5)n4)cc3)c2c1,True,True,prepared,<PACKAGE_ROOT>\Documents\Codex\TMC1_R2_Scratch_20260929\03_compute\formal_forward_v2_initial278\ligands\LIB_LYONNGHGTZAEOI.sdf,b28733e7bf9d4f8ec7b220417dd8c8d42f80e470ec1985571993720184b170c0,<PACKAGE_ROOT>\Documents\Codex\TMC1_R2_Scratch_20260929\03_compute\formal_forward_v2_initial278\ligands\LIB_LYONNGHGTZAEOI.pdbqt,4dab828eb90333eec3dbaff08aa3a2c5bd6e46616a04b145e9cca83b1c21434a,1.184
LIB_KOMBODFBKQOZRA,ChEMBL,CHEMBL1081062,CHEMBL1081062,https://www.ebi.ac.uk/chembl/compound_report_card/CHEMBL1081062/,O=C(Nc1cccc(-c2cn3ccnc3c(NCc3ccc(C(=O)O)cc3)n2)c1)Nc1cccc(C(F)(F)F)c1,O=C(Nc1cccc(-c2cn3ccnc3c(NCc3ccc(C(=O)O)cc3)n2)c1)Nc1cccc(C(F)(F)F)c1,O=C(Nc1cccc(-c2cn3ccnc3c(NCc3ccc(C(=O)O)cc3)n2)c1)Nc1cccc(C(F)(F)F)c1,KOMBODFBKQOZRA-UHFFFAOYSA-N,KOMBODFBKQOZRA,eligible,546.509,6.369,120.65,4,5,7,40,5,0.1883,0,1,1,False,predicted,eligible,False,[],1,O=C(Nc1cccc(-c2cn3ccnc3c(NCc3ccc(C(=O)[O-])cc3)n2)c1)Nc1cccc(C(F)(F)F)c1,KOMBODFBKQOZRA-UHFFFAOYSA-M,False,[],[],False,False,O=C(Nc1ccccc1)Nc1cccc(-c2cn3ccnc3c(NCc3ccccc3)n2)c1,-8.55130386352539,-8.108118057250977,0.5614185929298401,0.2708333333333333,True,descriptor_ridge,2026-09-28T18:25:46.631604+00:00,O=C(Nc1cccc(-c2cn3ccnc3c(NCc3ccc(C(=O)O)cc3)n2)c1)Nc1cccc(C(F)(F)F)c1,KOMBODFBKQOZRA-UHFFFAOYSA-N,KOMBODFBKQOZRA-UHFFFAOYSA-M,[],[],exchangeable_tertiary_ring_NH_and_full_potential_stereo_v3_20260929,10,10,16.056058259357297,0,O=C(Nc1cccc(-c2cn3ccnc3c(NCc3ccc(C(=O)[O-])cc3)n2)c1)Nc1cccc(C(F)(F)F)c1,True,True,O=C(Nc1cccc(-c2cn3ccnc3c(NCc3ccc(C(=O)[O-])cc3)n2)c1)Nc1cccc(C(F)(F)F)c1,True,True,prepared,<PACKAGE_ROOT>\Documents\Codex\TMC1_R2_Scratch_20260929\03_compute\formal_forward_v2_initial278\ligands\LIB_KOMBODFBKQOZRA.sdf,9c57f1c77a761085fab71c58439dec3f54b9f1a7eb3a147244b1fd5caf1854c3,<PACKAGE_ROOT>\Documents\Codex\TMC1_R2_Scratch_20260929\03_compute\formal_forward_v2_initial278\ligands\LIB_KOMBODFBKQOZRA.pdbqt,2dbd876ad2a9a868c85905ecfceebcf5525a6c55e10e27b22f4924f99de2827b,1.016
LIB_NUGUABFSSDNCNU,ChEMBL,CHEMBL1077067,CHEMBL1077067,https://www.ebi.ac.uk/chembl/compound_report_card/CHEMBL1077067/,C=C1C([C@@H](C)[C@H]2CC=C(C)C(=O)O2)=CC[C@]2(C)[C@H]1C[C@]1(O)[C@H]3O[C@]34C=CC(=O)OC(C)(C)[C@@H]4[C@H](OC(C)=O)C[C@@H]21,C=C1C([C@@H](C)[C@H]2CC=C(C)C(=O)O2)=CC[C@]2(C)[C@H]1C[C@]1(O)[C@H]3O[C@]34C=CC(=O)OC(C)(C)[C@@H]4[C@H](OC(C)=O)C[C@@H]21,C=C1C(C(C)C2CC=C(C)C(=O)O2)=CCC2(C)C1CC1(O)C2CC(OC(C)=O)C2C(C)(C)OC(=O)C=CC23OC13,NUGUABFSSDNCNU-NDARPQDRSA-N,NUGUABFSSDNCNU,eligible,552.664,4.125,111.66,1,8,3,40,6,0.3162,0,1,1,False,predicted,eligible,False,[],1,C=C1C([C@@H](C)[C@H]2CC=C(C)C(=O)O2)=CC[C@]2(C)[C@H]1C[C@]1(O)[C@H]3O[C@]34C=CC(=O)OC(C)(C)[C@@H]4[C@H](OC(C)=O)C[C@@H]21,NUGUABFSSDNCNU-NDARPQDRSA-N,False,[],[],False,False,C=C1C(CC2CC=CC(=O)O2)=CCC2C1CC1C2CCC2COC(=O)C=CC23OC13,-8.546358108520508,-7.642430782318115,0.6762300729751587,0.2037037037037037,True,descriptor_ridge,2026-09-28T18:25:47.648254+00:00,C=C1C([C@@H](C)[C@H]2CC=C(C)C(=O)O2)=CC[C@]2(C)[C@H]1C[C@]1(O)[C@H]3O[C@]34C=CC(=O)OC(C)(C)[C@@H]4[C@H](OC(C)=O)C[C@@H]21,NUGUABFSSDNCNU-NDARPQDRSA-N,NUGUABFSSDNCNU-NDARPQDRSA-N,[],[],exchangeable_tertiary_ring_NH_and_full_potential_stereo_v3_20260929,10,10,108.65475614611205,6,C=C1C([C@@H](C)[C@H]2CC=C(C)C(=O)O2)=CC[C@]2(C)[C@H]1C[C@]1(O)[C@H]3O[C@]34C=CC(=O)OC(C)(C)[C@@H]4[C@H](OC(C)=O)C[C@@H]21,True,True,C=C1C([C@@H](C)[C@H]2CC=C(C)C(=O)O2)=CC[C@]2(C)[C@H]1C[C@]1(O)[C@H]3O[C@]34C=CC(=O)OC(C)(C)[C@@H]4[C@H](OC(C)=O)C[C@@H]21,True,True,prepared,<PACKAGE_ROOT>\Documents\Codex\TMC1_R2_Scratch_20260929\03_compute\formal_forward_v2_initial278\ligands\LIB_NUGUABFSSDNCNU.sdf,cf8e94e8979ce8a86703856604dbfc2dbcd837a0a4392c1b286a896c4e36eb10,<PACKAGE_ROOT>\Documents\Codex\TMC1_R2_Scratch_20260929\03_compute\formal_forward_v2_initial278\ligands\LIB_NUGUABFSSDNCNU.pdbqt,564516e40b8c4584a6b93ee68be77fc4d317cca6ea730ebd195b2316a5f98486,3.113
LIB_XIRVGXCPGRAYMH,ChEMBL,CHEMBL1080303,CHEMBL1080303,https://www.ebi.ac.uk/chembl/compound_report_card/CHEMBL1080303/,Cn1cnc(-c2cccc(NC(=O)Nc3cc(C(F)(F)F)ccc3F)c2)c1-c1cc2c(N)ncnc2s1,Cn1cnc(-c2cccc(NC(=O)Nc3cc(C(F)(F)F)ccc3F)c2)c1-c1cc2c(N)ncnc2s1,Cn1cnc(-c2cccc(NC(=O)Nc3cc(C(F)(F)F)ccc3F)c2)c1-c1cc2c(N)ncnc2s1,XIRVGXCPGRAYMH-UHFFFAOYSA-N,XIRVGXCPGRAYMH,eligible,527.507,6.143,110.75,3,6,4,37,5,0.2432,0,1,1,False,predicted,eligible,False,[],1,Cn1cnc(-c2cccc(NC(=O)Nc3cc(C(F)(F)F)ccc3F)c2)c1-c1cc2c(N)ncnc2s1,XIRVGXCPGRAYMH-UHFFFAOYSA-N,False,[],[],False,False,O=C(Nc1ccccc1)Nc1cccc(-c2nc[nH]c2-c2cc3cncnc3s2)c1,-8.537857055664062,-8.272184371948242,0.5252887606620789,0.26732673267326734,True,descriptor_ridge;AI_initial,2026-09-28T18:25:50.763350+00:00,Cn1cnc(-c2cccc(NC(=O)Nc3cc(C(F)(F)F)ccc3F)c2)c1-c1cc2c(N)ncnc2s1,XIRVGXCPGRAYMH-UHFFFAOYSA-N,XIRVGXCPGRAYMH-UHFFFAOYSA-N,[],[],exchangeable_tertiary_ring_NH_and_full_potential_stereo_v3_20260929,10,10,-27.307846230941813,3,Cn1cnc(-c2cccc(NC(=O)Nc3cc(C(F)(F)F)ccc3F)c2)c1-c1cc2c(N)ncnc2s1,True,True,Cn1cnc(-c2cccc(NC(=O)Nc3cc(C(F)(F)F)ccc3F)c2)c1-c1cc2c(N)ncnc2s1,True,True,prepared,<PACKAGE_ROOT>\Documents\Codex\TMC1_R2_Scratch_20260929\03_compute\formal_forward_v2_initial278\ligands\LIB_XIRVGXCPGRAYMH.sdf,2db1747ca271e49479c3b06668b04bf1001ed64414c1c376aa9e1bab3e4a3626,<PACKAGE_ROOT>\Documents\Codex\TMC1_R2_Scratch_20260929\03_compute\formal_forward_v2_initial278\ligands\LIB_XIRVGXCPGRAYMH.pdbqt,ccd90fe6aa7d1813f82ea47ec13d1180c01ec7d8c51c1b9f0a462363540ff5aa,0.82
LIB_TZXMBOAOKBVBBT,ChEMBL,CHEMBL1076012,CHEMBL1076012,https://www.ebi.ac.uk/chembl/compound_report_card/CHEMBL1076012/,COc1ccc2nc3cc(Cl)ccc3c(Nc3ccc(Nc4nc(NCCO)nc(Nc5ccccc5)n4)cc3)c2c1,COc1ccc2nc3cc(Cl)ccc3c(Nc3ccc(Nc4nc(NCCO)nc(Nc5ccccc5)n4)cc3)c2c1,COc1ccc2nc3cc(Cl)ccc3c(Nc3ccc(Nc4nc(NCCO)nc(Nc5ccccc5)n4)cc3)c2c1,TZXMBOAOKBVBBT-UHFFFAOYSA-N,TZXMBOAOKBVBBT,eligible,579.064,6.87,129.14,5,10,10,42,6,0.1098,0,1,1,False,predicted,eligible,False,[],1,COc1ccc2nc3cc(Cl)ccc3c(Nc3ccc(Nc4nc(NCCO)nc(Nc5ccccc5)n4)cc3)c2c1,TZXMBOAOKBVBBT-UHFFFAOYSA-N,False,[],[],False,False,c1ccc(Nc2ncnc(Nc3ccc(Nc4c5ccccc5nc5ccccc45)cc3)n2)cc1,-8.531488418579102,-7.928028106689453,0.5651146769523621,0.2777777777777778,True,descriptor_ridge,2026-09-28T18:25:51.584350+00:00,COc1ccc2nc3cc(Cl)ccc3c(Nc3ccc(Nc4nc(NCCO)nc(Nc5ccccc5)n4)cc3)c2c1,TZXMBOAOKBVBBT-UHFFFAOYSA-N,TZXMBOAOKBVBBT-UHFFFAOYSA-N,[],[],exchangeable_tertiary_ring_NH_and_full_potential_stereo_v3_20260929,10,10,-150.06403349192226,4,COc1ccc2nc3cc(Cl)ccc3c(Nc3ccc(Nc4nc(NCCO)nc(Nc5ccccc5)n4)cc3)c2c1,True,True,COc1ccc2nc3cc(Cl)ccc3c(Nc3ccc(Nc4nc(NCCO)nc(Nc5ccccc5)n4)cc3)c2c1,True,True,prepared,<PACKAGE_ROOT>\Documents\Codex\TMC1_R2_Scratch_20260929\03_compute\formal_forward_v2_initial278\ligands\LIB_TZXMBOAOKBVBBT.sdf,17c3b8e8c773ab5a55e025725bb756174a088eb0e8e2f8f25f0965c01c121287,<PACKAGE_ROOT>\Documents\Codex\TMC1_R2_Scratch_20260929\03_compute\formal_forward_v2_initial278\ligands\LIB_TZXMBOAOKBVBBT.pdbqt,2b38523c745723a2454ca4807c263207cf5a3d3c65ff1bbb58d7686e27472d8a,1.29
LIB_BVSAMPPWSKMOPZ,ChEMBL,CHEMBL1077065,CHEMBL1077065,https://www.ebi.ac.uk/chembl/compound_report_card/CHEMBL1077065/,C=C1[C@H]([C@@H](C)[C@H]2CC=C(C)C(=O)O2)CC[C@]2(C)[C@H]1C[C@]1(O)C=C3C=CC(=O)OC(C)(C)[C@@H]3[C@H](OC(C)=O)C[C@@H]21,C=C1[C@H]([C@@H](C)[C@H]2CC=C(C)C(=O)O2)CC[C@]2(C)[C@H]1C[C@]1(O)C=C3C=CC(=O)OC(C)(C)[C@@H]3[C@H](OC(C)=O)C[C@@H]21,C=C1C(C(C)C2CC=C(C)C(=O)O2)CCC2(C)C1CC1(O)C=C3C=CC(=O)OC(C)(C)C3C(OC(C)=O)CC12,BVSAMPPWSKMOPZ-DIKWVSQDSA-N,BVSAMPPWSKMOPZ,eligible,538.681,4.994,99.13,1,7,3,39,5,0.3069,0,1,1,False,predicted,eligible,False,[],1,C=C1[C@H]([C@@H](C)[C@H]2CC=C(C)C(=O)O2)CC[C@]2(C)[C@H]1C[C@]1(O)C=C3C=CC(=O)OC(C)(C)[C@@H]3[C@H](OC(C)=O)C[C@@H]21,BVSAMPPWSKMOPZ-DIKWVSQDSA-N,False,[],[],False,False,C=C1C(CC2CC=CC(=O)O2)CCC2C1CC1C=C3C=CC(=O)OCC3CCC12,-8.52418041229248,-7.589593410491943,0.7162615656852722,0.22115384615384615,True,descriptor_ridge,2026-09-28T18:25:52.875908+00:00,C=C1[C@H]([C@@H](C)[C@H]2CC=C(C)C(=O)O2)CC[C@]2(C)[C@H]1C[C@]1(O)C=C3C=CC(=O)OC(C)(C)[C@@H]3[C@H](OC(C)=O)C[C@@H]21,BVSAMPPWSKMOPZ-DIKWVSQDSA-N,BVSAMPPWSKMOPZ-DIKWVSQDSA-N,[],[],exchangeable_tertiary_ring_NH_and_full_potential_stereo_v3_20260929,10,10,125.12872282850857,6,C=C1[C@H]([C@@H](C)[C@H]2CC=C(C)C(=O)O2)CC[C@]2(C)[C@H]1C[C@]1(O)C=C3C=CC(=O)OC(C)(C)[C@@H]3[C@H](OC(C)=O)C[C@@H]21,True,True,C=C1[C@H]([C@@H](C)[C@H]2CC=C(C)C(=O)O2)CC[C@]2(C)[C@H]1C[C@]1(O)C=C3C=CC(=O)OC(C)(C)[C@@H]3[C@H](OC(C)=O)C[C@@H]21,True,True,prepared,<PACKAGE_ROOT>\Documents\Codex\TMC1_R2_Scratch_20260929\03_compute\formal_forward_v2_initial278\ligands\LIB_BVSAMPPWSKMOPZ.sdf,f02e0a08cdaa5a2bce57b94e9d59fa1658f159d745a1fea21e08c85f3b2bc95f,<PACKAGE_ROOT>\Documents\Codex\TMC1_R2_Scratch_20260929\03_compute\formal_forward_v2_initial278\ligands\LIB_BVSAMPPWSKMOPZ.pdbqt,288fec7bf3a41d08d5dd31b26f680bb105ae5b97eaf93b4fb2a3fef34cbe45d6,2.616
LIB_UXMLFMZVVWDUFA,ChEMBL,CHEMBL1077103,CHEMBL1077103,https://www.ebi.ac.uk/chembl/compound_report_card/CHEMBL1077103/,C=C1[C@@H]2C[C@]3(O)[C@H]4O[C@]45C=CC(=O)OC(C)(C)[C@@H]5[C@H](O)C[C@H]3[C@]2(C)CC[C@@]1(O)[C@@H](C)[C@H]1CC=C(C)C(=O)O1,C=C1[C@@H]2C[C@]3(O)[C@H]4O[C@]45C=CC(=O)OC(C)(C)[C@@H]5[C@H](O)C[C@H]3[C@]2(C)CC[C@@]1(O)[C@@H](C)[C@H]1CC=C(C)C(=O)O1,C=C1C2CC3(O)C(CC(O)C4C(C)(C)OC(=O)C=CC45OC35)C2(C)CCC1(O)C(C)C1CC=C(C)C(=O)O1,UXMLFMZVVWDUFA-XPVDLBESSA-N,UXMLFMZVVWDUFA,eligible,528.642,2.749,125.82,3,8,2,38,6,0.2839,0,1,1,False,predicted,eligible,False,[],1,C=C1[C@@H]2C[C@]3(O)[C@H]4O[C@]45C=CC(=O)OC(C)(C)[C@@H]5[C@H](O)C[C@H]3[C@]2(C)CC[C@@]1(O)[C@@H](C)[C@H]1CC=C(C)C(=O)O1,UXMLFMZVVWDUFA-XPVDLBESSA-N,False,[],[],False,False,C=C1C(CC2CC=CC(=O)O2)CCC2C1CC1C2CCC2COC(=O)C=CC23OC13,-8.523223876953125,-7.618255615234375,0.6458267569541931,0.1953125,True,descriptor_ridge,2026-09-28T18:25:55.493979+00:00,C=C1[C@@H]2C[C@]3(O)[C@H]4O[C@]45C=CC(=O)OC(C)(C)[C@@H]5[C@H](O)C[C@H]3[C@]2(C)CC[C@@]1(O)[C@@H](C)[C@H]1CC=C(C)C(=O)O1,UXMLFMZVVWDUFA-XPVDLBESSA-N,UXMLFMZVVWDUFA-XPVDLBESSA-N,[],[],exchangeable_tertiary_ring_NH_and_full_potential_stereo_v3_20260929,10,10,128.29039339428954,5,C=C1[C@@H]2C[C@]3(O)[C@H]4O[C@]45C=CC(=O)OC(C)(C)[C@@H]5[C@H](O)C[C@H]3[C@]2(C)CC[C@@]1(O)[C@@H](C)[C@H]1CC=C(C)C(=O)O1,True,True,C=C1[C@@H]2C[C@]3(O)[C@H]4O[C@]45C=CC(=O)OC(C)(C)[C@@H]5[C@H](O)C[C@H]3[C@]2(C)CC[C@@]1(O)[C@@H](C)[C@H]1CC=C(C)C(=O)O1,True,True,prepared,<PACKAGE_ROOT>\Documents\Codex\TMC1_R2_Scratch_20260929\03_compute\formal_forward_v2_initial278\ligands\LIB_UXMLFMZVVWDUFA.sdf,ded8087c2f226500ee889c53f8e677ffa94e2b2b924010ea705e4fab038d499f,<PACKAGE_ROOT>\Documents\Codex\TMC1_R2_Scratch_20260929\03_compute\formal_forward_v2_initial278\ligands\LIB_UXMLFMZVVWDUFA.pdbqt,f3efd1597e638263e732ad90fe7267a65003bb3a3f29b938eaf38f3eab0810ee,2.128
LIB_ASWUBISYJRGUGG,ChEMBL,CHEMBL1077229,CHEMBL1077229,https://www.ebi.ac.uk/chembl/compound_report_card/CHEMBL1077229/,C[C@H](O)CNc1nccc(-n2ccnc2-c2cccc(NC(=O)Nc3ccc(N4CCOCC4)c(C(F)(F)F)c3)c2)n1,C[C@H](O)CNc1nccc(-n2ccnc2-c2cccc(NC(=O)Nc3ccc(N4CCOCC4)c(C(F)(F)F)c3)c2)n1,CC(O)CNc1nccc(-n2ccnc2-c2cccc(NC(=O)Nc3ccc(N4CCOCC4)c(C(F)(F)F)c3)c2)n1,ASWUBISYJRGUGG-SFHVURJKSA-N,ASWUBISYJRGUGG,eligible,582.587,4.621,129.46,4,8,8,42,5,0.237,0,1,1,False,predicted,eligible,False,[],1,C[C@H](O)CNc1nccc(-n2ccnc2-c2cccc(NC(=O)Nc3ccc(N4CCOCC4)c(C(F)(F)F)c3)c2)n1,ASWUBISYJRGUGG-SFHVURJKSA-N,False,[],[],False,False,O=C(Nc1ccc(N2CCOCC2)cc1)Nc1cccc(-c2nccn2-c2ccncn2)c1,-8.522014617919922,-8.264978408813477,0.5361037254333496,0.3669724770642202,False,descriptor_ridge;AI_initial,2026-09-28T18:25:57.623278+00:00,C[C@H](O)CNc1nccc(-n2ccnc2-c2cccc(NC(=O)Nc3ccc(N4CCOCC4)c(C(F)(F)F)c3)c2)n1,ASWUBISYJRGUGG-SFHVURJKSA-N,ASWUBISYJRGUGG-SFHVURJKSA-N,[],[],exchangeable_tertiary_ring_NH_and_full_potential_stereo_v3_20260929,10,10,25.607631335209128,8,C[C@H](O)CNc1nccc(-n2ccnc2-c2cccc(NC(=O)Nc3ccc(N4CCOCC4)c(C(F)(F)F)c3)c2)n1,True,True,C[C@H](O)CNc1nccc(-n2ccnc2-c2cccc(NC(=O)Nc3ccc(N4CCOCC4)c(C(F)(F)F)c3)c2)n1,True,True,prepared,<PACKAGE_ROOT>\Documents\Codex\TMC1_R2_Scratch_20260929\03_compute\formal_forward_v2_initial278\ligands\LIB_ASWUBISYJRGUGG.sdf,c8775e062bef57b897fa70dd2f297ff97217f3b9a928ea82a79d588afc08a249,<PACKAGE_ROOT>\Documents\Codex\TMC1_R2_Scratch_20260929\03_compute\formal_forward_v2_initial278\ligands\LIB_ASWUBISYJRGUGG.pdbqt,9d3a98fc68cee5cb83f30e0776dcffd32ed652f2760d9c03107646c6bb1ce71e,2.026
LIB_BDNDOZRIKYDPKJ,ChEMBL,CHEMBL1075667,CHEMBL1075667,https://www.ebi.ac.uk/chembl/compound_report_card/CHEMBL1075667/,CCOc1cc(OCC)c(C(F)(F)F)cc1NC(=O)Nc1cccc(-c2cn3ccnc3c(NCc3ccncc3)n2)c1,CCOc1cc(OCC)c(C(F)(F)F)cc1NC(=O)Nc1cccc(-c2cn3ccnc3c(NCc3ccncc3)n2)c1,CCOc1cc(OCC)c(C(F)(F)F)cc1NC(=O)Nc1cccc(-c2cn3ccnc3c(NCc3ccncc3)n2)c1,BDNDOZRIKYDPKJ-UHFFFAOYSA-N,BDNDOZRIKYDPKJ,eligible,591.594,6.864,114.7,3,7,10,43,5,0.1625,0,1,1,False,predicted,eligible,False,[],1,CCOc1cc(OCC)c(C(F)(F)F)cc1NC(=O)Nc1cccc(-c2cn3ccnc3c(NCc3ccncc3)n2)c1,BDNDOZRIKYDPKJ-UHFFFAOYSA-N,False,[],[],False,False,O=C(Nc1ccccc1)Nc1cccc(-c2cn3ccnc3c(NCc3ccncc3)n2)c1,-8.520813941955566,-8.0399751663208,0.5907712578773499,0.27,True,descriptor_ridge,2026-09-28T18:25:59.650446+00:00,CCOc1cc(OCC)c(C(F)(F)F)cc1NC(=O)Nc1cccc(-c2cn3ccnc3c(NCc3ccncc3)n2)c1,BDNDOZRIKYDPKJ-UHFFFAOYSA-N,BDNDOZRIKYDPKJ-UHFFFAOYSA-N,[],[],exchangeable_tertiary_ring_NH_and_full_potential_stereo_v3_20260929,10,10,-4.816849892148319,5,CCOc1cc(OCC)c(C(F)(F)F)cc1NC(=O)Nc1cccc(-c2cn3ccnc3c(NCc3ccncc3)n2)c1,True,True,CCOc1cc(OCC)c(C(F)(F)F)cc1NC(=O)Nc1cccc(-c2cn3ccnc3c(NCc3ccncc3)n2)c1,True,True,prepared,<PACKAGE_ROOT>\Documents\Codex\TMC1_R2_Scratch_20260929\03_compute\formal_forward_v2_initial278\ligands\LIB_BDNDOZRIKYDPKJ.sdf,e471eb7764b33ec626b443c837aed9042b0dea42dacbf5e975abf113a2f00d90,<PACKAGE_ROOT>\Documents\Codex\TMC1_R2_Scratch_20260929\03_compute\formal_forward_v2_initial278\ligands\LIB_BDNDOZRIKYDPKJ.pdbqt,9b0c4af71c8b8d0bd754e6606161adf97aed9269a426968b1bc8e64b64dd62ae,1.958
LIB_FRBJLBMEOUWTOH,ChEMBL,CHEMBL1085061,CHEMBL1085061,https://www.ebi.ac.uk/chembl/compound_report_card/CHEMBL1085061/,CN1CCN(c2cccc(-c3cnn4c(N)c(-c5ccc(NC(=O)Nc6ccccc6Cl)cc5)cnc34)c2)CC1,CN1CCN(c2cccc(-c3cnn4c(N)c(-c5ccc(NC(=O)Nc6ccccc6Cl)cc5)cnc34)c2)CC1,CN1CCN(c2cccc(-c3cnn4c(N)c(-c5ccc(NC(=O)Nc6ccccc6Cl)cc5)cnc34)c2)CC1,FRBJLBMEOUWTOH-UHFFFAOYSA-N,FRBJLBMEOUWTOH,eligible,553.07,5.695,103.82,3,6,5,40,6,0.2585,0,1,1,False,predicted,eligible,False,[],1,C[NH+]1CCN(c2cccc(-c3cnn4c(N)c(-c5ccc(NC(=O)Nc6ccccc6Cl)cc5)cnc34)c2)CC1,FRBJLBMEOUWTOH-UHFFFAOYSA-O,False,[],[1],False,False,O=C(Nc1ccccc1)Nc1ccc(-c2cnc3c(-c4cccc(N5CC[NH2+]CC5)c4)cnn3c2)cc1,-8.518061637878418,-8.291219711303711,0.5144037008285522,0.3069306930693069,False,descriptor_ridge;AI_initial,2026-09-28T18:26:01.610266+00:00,CN1CCN(c2cccc(-c3cnn4c(N)c(-c5ccc(NC(=O)Nc6ccccc6Cl)cc5)cnc34)c2)CC1,FRBJLBMEOUWTOH-UHFFFAOYSA-N,FRBJLBMEOUWTOH-UHFFFAOYSA-O,[],[1],exchangeable_tertiary_ring_NH_and_full_potential_stereo_v3_20260929,9,9,203.65635980568825,4,C[NH+]1CCN(c2cccc(-c3cnn4c(N)c(-c5ccc(NC(=O)Nc6ccccc6Cl)cc5)cnc34)c2)CC1,True,True,C[NH+]1CCN(c2cccc(-c3cnn4c(N)c(-c5ccc(NC(=O)Nc6ccccc6Cl)cc5)cnc34)c2)CC1,True,True,prepared,<PACKAGE_ROOT>\Documents\Codex\TMC1_R2_Scratch_20260929\03_compute\formal_forward_v2_initial278\ligands\LIB_FRBJLBMEOUWTOH.sdf,2006b4dd0540899c5ec28f23cd0db61382ddecd8e4a75c66df9e2df561ca8157,<PACKAGE_ROOT>\Documents\Codex\TMC1_R2_Scratch_20260929\03_compute\formal_forward_v2_initial278\ligands\LIB_FRBJLBMEOUWTOH.pdbqt,a11e75f4f8a51a4b1fa719df97d39a626819b5b16da691fe9ccc2b271fe57662,1.592
LIB_MXPLPMSWGMUSSK,ChEMBL,CHEMBL1084233,CHEMBL1084233,https://www.ebi.ac.uk/chembl/compound_report_card/CHEMBL1084233/,CN1CCN(c2ccc(-c3cnn4c(N)c(-c5ccc(NC(=O)Nc6ccccc6Cl)cc5)cnc34)cc2)CC1,CN1CCN(c2ccc(-c3cnn4c(N)c(-c5ccc(NC(=O)Nc6ccccc6Cl)cc5)cnc34)cc2)CC1,CN1CCN(c2ccc(-c3cnn4c(N)c(-c5ccc(NC(=O)Nc6ccccc6Cl)cc5)cnc34)cc2)CC1,MXPLPMSWGMUSSK-UHFFFAOYSA-N,MXPLPMSWGMUSSK,eligible,553.07,5.695,103.82,3,6,5,40,6,0.2585,0,1,1,False,predicted,eligible,False,[],1,C[NH+]1CCN(c2ccc(-c3cnn4c(N)c(-c5ccc(NC(=O)Nc6ccccc6Cl)cc5)cnc34)cc2)CC1,MXPLPMSWGMUSSK-UHFFFAOYSA-O,False,[],[1],False,False,O=C(Nc1ccccc1)Nc1ccc(-c2cnc3c(-c4ccc(N5CC[NH2+]CC5)cc4)cnn3c2)cc1,-8.518061637878418,-8.359940528869629,0.45716506242752075,0.3229166666666667,False,descriptor_ridge;AI_initial,2026-09-28T18:26:03.203360+00:00,CN1CCN(c2ccc(-c3cnn4c(N)c(-c5ccc(NC(=O)Nc6ccccc6Cl)cc5)cnc34)cc2)CC1,MXPLPMSWGMUSSK-UHFFFAOYSA-N,MXPLPMSWGMUSSK-UHFFFAOYSA-O,[],[1],exchangeable_tertiary_ring_NH_and_full_potential_stereo_v3_20260929,10,10,202.82646079175828,2,C[NH+]1CCN(c2ccc(-c3cnn4c(N)c(-c5ccc(NC(=O)Nc6ccccc6Cl)cc5)cnc34)cc2)CC1,True,True,C[NH+]1CCN(c2ccc(-c3cnn4c(N)c(-c5ccc(NC(=O)Nc6ccccc6Cl)cc5)cnc34)cc2)CC1,True,True,prepared,<PACKAGE_ROOT>\Documents\Codex\TMC1_R2_Scratch_20260929\03_compute\formal_forward_v2_initial278\ligands\LIB_MXPLPMSWGMUSSK.sdf,290100454b802aa53ee39558867128a1fc8e6a9ef41aa4eb0366aa53590b4d48,<PACKAGE_ROOT>\Documents\Codex\TMC1_R2_Scratch_20260929\03_compute\formal_forward_v2_initial278\ligands\LIB_MXPLPMSWGMUSSK.pdbqt,7e9443c8322047a1a4544a666e872d794d6a2037c6cd2761a9169f81e188921e,1.696
LIB_YXYHBHJWEGGSMU,ChEMBL,CHEMBL1076202,CHEMBL1076202,https://www.ebi.ac.uk/chembl/compound_report_card/CHEMBL1076202/,Cc1ccc(C(=O)Nc2cccc(C(F)(F)F)c2)cc1Nc1nc2ccccc2n1-c1cc(NCCC#N)ncn1,Cc1ccc(C(=O)Nc2cccc(C(F)(F)F)c2)cc1Nc1nc2ccccc2n1-c1cc(NCCC#N)ncn1,Cc1ccc(C(=O)Nc2cccc(C(F)(F)F)c2)cc1Nc1nc2ccccc2n1-c1cc(NCCC#N)ncn1,YXYHBHJWEGGSMU-UHFFFAOYSA-N,YXYHBHJWEGGSMU,eligible,556.552,6.464,120.55,3,7,8,41,5,0.1875,0,1,1,False,predicted,eligible,False,[],1,Cc1ccc(C(=O)Nc2cccc(C(F)(F)F)c2)cc1Nc1nc2ccccc2n1-c1cc(NCCC#N)ncn1,YXYHBHJWEGGSMU-UHFFFAOYSA-N,False,[],[],False,False,O=C(Nc1ccccc1)c1cccc(Nc2nc3ccccc3n2-c2ccncn2)c1,-8.517948150634766,-8.02877140045166,0.5661577582359314,0.22988505747126436,True,descriptor_ridge,2026-09-28T18:26:04.900634+00:00,Cc1ccc(C(=O)Nc2cccc(C(F)(F)F)c2)cc1Nc1nc2ccccc2n1-c1cc(NCCC#N)ncn1,YXYHBHJWEGGSMU-UHFFFAOYSA-N,YXYHBHJWEGGSMU-UHFFFAOYSA-N,[],[],exchangeable_tertiary_ring_NH_and_full_potential_stereo_v3_20260929,10,10,36.167102223059246,0,Cc1ccc(C(=O)Nc2cccc(C(F)(F)F)c2)cc1Nc1nc2ccccc2n1-c1cc(NCCC#N)ncn1,True,True,Cc1ccc(C(=O)Nc2cccc(C(F)(F)F)c2)cc1Nc1nc2ccccc2n1-c1cc(NCCC#N)ncn1,True,True,prepared,<PACKAGE_ROOT>\Documents\Codex\TMC1_R2_Scratch_20260929\03_compute\formal_forward_v2_initial278\ligands\LIB_YXYHBHJWEGGSMU.sdf,85a2cb8c90caa75505765cbe04c41c3993c34cddc36a9ccb71228d9502d08dea,<PACKAGE_ROOT>\Documents\Codex\TMC1_R2_Scratch_20260929\03_compute\formal_forward_v2_initial278\ligands\LIB_YXYHBHJWEGGSMU.pdbqt,4366bb30a40702b94bd04cabac0655035fb702f73de9f38ec713f6f365f2226d,1.452
LIB_FJVVJMGKCIJNGX,ChEMBL,CHEMBL1048,CHEMBL1048,https://www.ebi.ac.uk/chembl/compound_report_card/CHEMBL1048/,COc1cc(C(=O)NS(=O)(=O)c2ccccc2C)ccc1Cc1c[nH]c2ccc(NC(=O)OC3CCCC3)cc12,COc1cc(C(=O)NS(=O)(=O)c2ccccc2C)ccc1Cc1c[nH]c2ccc(NC(=O)OC3CCCC3)cc12,COc1cc(C(=O)NS(=O)(=O)c2ccccc2C)ccc1Cc1c[nH]c2ccc(NC(=O)OC3CCCC3)cc12,FJVVJMGKCIJNGX-UHFFFAOYSA-N,FJVVJMGKCIJNGX,eligible,561.66,5.686,126.59,3,6,8,40,5,0.2539,0,1,1,False,predicted,eligible,False,[],1,COc1cc(C(=O)[N-]S(=O)(=O)c2ccccc2C)ccc1Cc1c[nH]c2ccc(NC(=O)OC3CCCC3)cc12,HADXSFJOTMKXSB-UHFFFAOYSA-M,False,[],[],False,False,O=C(Nc1ccc2[nH]cc(Cc3ccc(C(=O)[N-]S(=O)(=O)c4ccccc4)cc3)c2c1)OC1CCCC1,-8.516833305358887,-7.692965507507324,0.5268600583076477,0.7654320987654321,False,descriptor_ridge,2026-09-28T18:26:06.354362+00:00,COc1cc(C(=O)NS(=O)(=O)c2ccccc2C)ccc1Cc1c[nH]c2ccc(NC(=O)OC3CCCC3)cc12,FJVVJMGKCIJNGX-UHFFFAOYSA-N,HADXSFJOTMKXSB-UHFFFAOYSA-M,[],[],exchangeable_tertiary_ring_NH_and_full_potential_stereo_v3_20260929,10,10,60.62829778811138,6,COc1cc(C(=O)[N-]S(=O)(=O)c2ccccc2C)ccc1Cc1c[nH]c2ccc(NC(=O)OC3CCCC3)cc12,True,True,COc1cc(C(=O)[N-]S(=O)(=O)c2ccccc2C)ccc1Cc1c[nH]c2ccc(NC(=O)OC3CCCC3)cc12,True,True,prepared,<PACKAGE_ROOT>\Documents\Codex\TMC1_R2_Scratch_20260929\03_compute\formal_forward_v2_initial278\ligands\LIB_FJVVJMGKCIJNGX.sdf,b7388777dda8d55479c7f47ec3373aa514214f6eeb9b53a9d5d60d2fa767a99d,<PACKAGE_ROOT>\Documents\Codex\TMC1_R2_Scratch_20260929\03_compute\formal_forward_v2_initial278\ligands\LIB_FJVVJMGKCIJNGX.pdbqt,7ac10dfaaabcfc29edcce784ce8a8c48ec95ac943a7a641aaef61177393593c1,1.626
LIB_VPYOIPWGVNGDBV,ChEMBL,CHEMBL1077104,CHEMBL1077104,https://www.ebi.ac.uk/chembl/compound_report_card/CHEMBL1077104/,C=C1C([C@@H](C)[C@H]2CC=C(C)C(=O)O2)=CC[C@]2(C)[C@H]1C[C@]1(O)C=C3C=CC(=O)OC(C)(C)[C@@H]3[C@H](OC(C)=O)C[C@@H]21,C=C1C([C@@H](C)[C@H]2CC=C(C)C(=O)O2)=CC[C@]2(C)[C@H]1C[C@]1(O)C=C3C=CC(=O)OC(C)(C)[C@@H]3[C@H](OC(C)=O)C[C@@H]21,C=C1C(C(C)C2CC=C(C)C(=O)O2)=CCC2(C)C1CC1(O)C=C3C=CC(=O)OC(C)(C)C3C(OC(C)=O)CC12,VPYOIPWGVNGDBV-XVLJLTBWSA-N,VPYOIPWGVNGDBV,eligible,536.665,4.914,99.13,1,7,3,39,5,0.404,0,1,1,False,predicted,eligible,False,[],1,C=C1C([C@@H](C)[C@H]2CC=C(C)C(=O)O2)=CC[C@]2(C)[C@H]1C[C@]1(O)C=C3C=CC(=O)OC(C)(C)[C@@H]3[C@H](OC(C)=O)C[C@@H]21,VPYOIPWGVNGDBV-XVLJLTBWSA-N,False,[],[],False,False,C=C1C(CC2CC=CC(=O)O2)=CCC2C1CC1C=C3C=CC(=O)OCC3CCC12,-8.516695022583008,-7.562141418457031,0.8025932312011719,0.2,True,descriptor_ridge,2026-09-28T18:26:07.981450+00:00,C=C1C([C@@H](C)[C@H]2CC=C(C)C(=O)O2)=CC[C@]2(C)[C@H]1C[C@]1(O)C=C3C=CC(=O)OC(C)(C)[C@@H]3[C@H](OC(C)=O)C[C@@H]21,VPYOIPWGVNGDBV-XVLJLTBWSA-N,VPYOIPWGVNGDBV-XVLJLTBWSA-N,[],[],exchangeable_tertiary_ring_NH_and_full_potential_stereo_v3_20260929,10,10,112.83408958699675,5,C=C1C([C@@H](C)[C@H]2CC=C(C)C(=O)O2)=CC[C@]2(C)[C@H]1C[C@]1(O)C=C3C=CC(=O)OC(C)(C)[C@@H]3[C@H](OC(C)=O)C[C@@H]21,True,True,C=C1C([C@@H](C)[C@H]2CC=C(C)C(=O)O2)=CC[C@]2(C)[C@H]1C[C@]1(O)C=C3C=CC(=O)OC(C)(C)[C@@H]3[C@H](OC(C)=O)C[C@@H]21,True,True,prepared,<PACKAGE_ROOT>\Documents\Codex\TMC1_R2_Scratch_20260929\03_compute\formal_forward_v2_initial278\ligands\LIB_VPYOIPWGVNGDBV.sdf,8424162793efc6652c985e7a23f2b9b160fea5a345dcad32941cebf074ffc21a,<PACKAGE_ROOT>\Documents\Codex\TMC1_R2_Scratch_20260929\03_compute\formal_forward_v2_initial278\ligands\LIB_VPYOIPWGVNGDBV.pdbqt,b5a86da8c6b53f86ffa6bff114250a525804ec6764cc49fb04d310836cb5f0ba,2.533
LIB_QQWZHMYUROBWLF,ChEMBL,CHEMBL1080294,CHEMBL1080294,https://www.ebi.ac.uk/chembl/compound_report_card/CHEMBL1080294/,Cc1ccc(C(=O)Nc2cccc(C(F)(F)F)c2)cc1Nc1nc2ccccc2n1-c1ncnc(N)c1C,Cc1ccc(C(=O)Nc2cccc(C(F)(F)F)c2)cc1Nc1nc2ccccc2n1-c1ncnc(N)c1C,Cc1ccc(C(=O)Nc2cccc(C(F)(F)F)c2)cc1Nc1nc2ccccc2n1-c1ncnc(N)c1C,QQWZHMYUROBWLF-UHFFFAOYSA-N,QQWZHMYUROBWLF,eligible,517.515,6.029,110.75,3,6,5,38,5,0.2626,0,1,1,False,predicted,eligible,False,[],1,Cc1ccc(C(=O)Nc2cccc(C(F)(F)F)c2)cc1Nc1nc2ccccc2n1-c1ncnc(N)c1C,QQWZHMYUROBWLF-UHFFFAOYSA-N,False,[],[],False,False,O=C(Nc1ccccc1)c1cccc(Nc2nc3ccccc3n2-c2ccncn2)c1,-8.512155532836914,-8.231115341186523,0.5732182860374451,0.24096385542168675,True,descriptor_ridge;AI_initial,2026-09-28T18:26:10.515734+00:00,Cc1ccc(C(=O)Nc2cccc(C(F)(F)F)c2)cc1Nc1nc2ccccc2n1-c1ncnc(N)c1C,QQWZHMYUROBWLF-UHFFFAOYSA-N,QQWZHMYUROBWLF-UHFFFAOYSA-N,[],[],exchangeable_tertiary_ring_NH_and_full_potential_stereo_v3_20260929,10,10,35.63017599540854,9,Cc1ccc(C(=O)Nc2cccc(C(F)(F)F)c2)cc1Nc1nc2ccccc2n1-c1ncnc(N)c1C,True,True,Cc1ccc(C(=O)Nc2cccc(C(F)(F)F)c2)cc1Nc1nc2ccccc2n1-c1ncnc(N)c1C,True,True,prepared,<PACKAGE_ROOT>\Documents\Codex\TMC1_R2_Scratch_20260929\03_compute\formal_forward_v2_initial278\ligands\LIB_QQWZHMYUROBWLF.sdf,842a3a274347c458c328c278b3c9665926f6dbbdceeafaf553d6c605d3375f1f,<PACKAGE_ROOT>\Documents\Codex\TMC1_R2_Scratch_20260929\03_compute\formal_forward_v2_initial278\ligands\LIB_QQWZHMYUROBWLF.pdbqt,c69a15fe703fda2e4bc3570b3f153b5b648947c9d15d4b774ad582a1603957f6,0.971
LIB_FILQIUCXPQZUON,ChEMBL,CHEMBL1076478,CHEMBL1076478,https://www.ebi.ac.uk/chembl/compound_report_card/CHEMBL1076478/,Cc1ccc(NC(=O)c2cccc(C(F)(F)F)c2)cc1Nc1nc2ccccc2n1-c1cc(NCCCN2CCN(C)CC2)ncn1,Cc1ccc(NC(=O)c2cccc(C(F)(F)F)c2)cc1Nc1nc2ccccc2n1-c1cc(NCCCN2CCN(C)CC2)ncn1,Cc1ccc(NC(=O)c2cccc(C(F)(F)F)c2)cc1Nc1nc2ccccc2n1-c1cc(NCCCN2CCN(C)CC2)ncn1,FILQIUCXPQZUON-UHFFFAOYSA-N,FILQIUCXPQZUON,eligible,643.718,6.188,103.24,3,8,10,47,6,0.155,0,1,1,False,predicted,eligible,False,[],1,Cc1ccc(NC(=O)c2cccc(C(F)(F)F)c2)cc1Nc1nc2ccccc2n1-c1cc(NCCC[NH+]2CC[NH+](C)CC2)ncn1,FILQIUCXPQZUON-UHFFFAOYSA-P,True,"[[""Atom_Tetrahedral"", 37], [""Atom_Tetrahedral"", 40]]","[37, 40]",False,True,O=C(Nc1cccc(Nc2nc3ccccc3n2-c2cc(NCCC[NH+]3CC[NH2+]CC3)ncn2)c1)c1ccccc1,-8.50739860534668,-8.026354789733887,0.6227530837059021,0.26956521739130435,True,descriptor_ridge,2026-09-28T18:26:11.488150+00:00,Cc1ccc(NC(=O)c2cccc(C(F)(F)F)c2)cc1Nc1nc2ccccc2n1-c1cc(NCCCN2CCN(C)CC2)ncn1,FILQIUCXPQZUON-UHFFFAOYSA-N,FILQIUCXPQZUON-UHFFFAOYSA-P,"[[""Atom_Tetrahedral"", 37], [""Atom_Tetrahedral"", 40]]","[37, 40]",exchangeable_tertiary_ring_NH_and_full_potential_stereo_v3_20260929,10,10,195.44746275652273,9,Cc1ccc(NC(=O)c2cccc(C(F)(F)F)c2)cc1Nc1nc2ccccc2n1-c1cc(NCCC[N@H+]2CC[N@@H+](C)CC2)ncn1,False,True,Cc1ccc(NC(=O)c2cccc(C(F)(F)F)c2)cc1Nc1nc2ccccc2n1-c1cc(NCCC[N@H+]2CC[N@@H+](C)CC2)ncn1,False,True,prepared,<PACKAGE_ROOT>\Documents\Codex\TMC1_R2_Scratch_20260929\03_compute\formal_forward_v2_initial278\ligands\LIB_FILQIUCXPQZUON.sdf,8d1ea9ef81dfa7d63bcac565a2efd6cac904457965d4ace8bac11bf6ac59268b,<PACKAGE_ROOT>\Documents\Codex\TMC1_R2_Scratch_20260929\03_compute\formal_forward_v2_initial278\ligands\LIB_FILQIUCXPQZUON.pdbqt,6aa5e9559caef6574e6293d09985d10f095bec2804929f6721e6e515a203043f,2.729
LIB_YGTYIGUWQYTZMS,ChEMBL,CHEMBL1076201,CHEMBL1076201,https://www.ebi.ac.uk/chembl/compound_report_card/CHEMBL1076201/,Cc1ccc(C(=O)Nc2cccc(C(F)(F)F)c2)cc1Nc1nc2ccccc2n1-c1cc(NCCCN2CCN(C)CC2)ncn1,Cc1ccc(C(=O)Nc2cccc(C(F)(F)F)c2)cc1Nc1nc2ccccc2n1-c1cc(NCCCN2CCN(C)CC2)ncn1,Cc1ccc(C(=O)Nc2cccc(C(F)(F)F)c2)cc1Nc1nc2ccccc2n1-c1cc(NCCCN2CCN(C)CC2)ncn1,YGTYIGUWQYTZMS-UHFFFAOYSA-N,YGTYIGUWQYTZMS,eligible,643.718,6.188,103.24,3,8,10,47,6,0.155,0,1,1,False,predicted,eligible,False,[],1,Cc1ccc(C(=O)Nc2cccc(C(F)(F)F)c2)cc1Nc1nc2ccccc2n1-c1cc(NCCC[NH+]2CC[NH+](C)CC2)ncn1,YGTYIGUWQYTZMS-UHFFFAOYSA-P,True,"[[""Atom_Tetrahedral"", 37], [""Atom_Tetrahedral"", 40]]","[37, 40]",False,True,O=C(Nc1ccccc1)c1cccc(Nc2nc3ccccc3n2-c2cc(NCCC[NH+]3CC[NH2+]CC3)ncn2)c1,-8.50739860534668,-8.00680923461914,0.6468208432197571,0.2647058823529412,True,descriptor_ridge,2026-09-28T18:26:14.218825+00:00,Cc1ccc(C(=O)Nc2cccc(C(F)(F)F)c2)cc1Nc1nc2ccccc2n1-c1cc(NCCCN2CCN(C)CC2)ncn1,YGTYIGUWQYTZMS-UHFFFAOYSA-N,YGTYIGUWQYTZMS-UHFFFAOYSA-P,"[[""Atom_Tetrahedral"", 37], [""Atom_Tetrahedral"", 40]]","[37, 40]",exchangeable_tertiary_ring_NH_and_full_potential_stereo_v3_20260929,10,10,183.38440008150178,6,Cc1ccc(C(=O)Nc2cccc(C(F)(F)F)c2)cc1Nc1nc2ccccc2n1-c1cc(NCCC[N@H+]2CC[N@@H+](C)CC2)ncn1,False,True,Cc1ccc(C(=O)Nc2cccc(C(F)(F)F)c2)cc1Nc1nc2ccccc2n1-c1cc(NCCC[N@H+]2CC[N@@H+](C)CC2)ncn1,False,True,prepared,<PACKAGE_ROOT>\Documents\Codex\TMC1_R2_Scratch_20260929\03_compute\formal_forward_v2_initial278\ligands\LIB_YGTYIGUWQYTZMS.sdf,280d07e0bc3d9dd552865665619d06d97c9a63a232c7674d7972fe6a453e521f,<PACKAGE_ROOT>\Documents\Codex\TMC1_R2_Scratch_20260929\03_compute\formal_forward_v2_initial278\ligands\LIB_YGTYIGUWQYTZMS.pdbqt,9791b9c6749ff9518c96a4dc8d7639372b7f7ac2586184ada1c889dd8988a41c,2.57
LIB_FZTHERNGBACIMX,ChEMBL,CHEMBL1077228,CHEMBL1077228,https://www.ebi.ac.uk/chembl/compound_report_card/CHEMBL1077228/,C[C@H](O)CNc1nccc(-n2ccnc2-c2ccc(NC(=O)c3coc(-c4cc(C(F)(F)F)ccc4Cl)c3)cc2)n1,C[C@H](O)CNc1nccc(-n2ccnc2-c2ccc(NC(=O)c3coc(-c4cc(C(F)(F)F)ccc4Cl)c3)cc2)n1,CC(O)CNc1nccc(-n2ccnc2-c2ccc(NC(=O)c3coc(-c4cc(C(F)(F)F)ccc4Cl)c3)cc2)n1,FZTHERNGBACIMX-INIZCTEOSA-N,FZTHERNGBACIMX,eligible,582.97,6.307,118.1,3,7,8,41,5,0.1962,0,1,1,False,predicted,eligible,False,[],1,C[C@H](O)CNc1nccc(-n2ccnc2-c2ccc(NC(=O)c3coc(-c4cc(C(F)(F)F)ccc4Cl)c3)cc2)n1,FZTHERNGBACIMX-INIZCTEOSA-N,False,[],[],False,False,O=C(Nc1ccc(-c2nccn2-c2ccncn2)cc1)c1coc(-c2ccccc2)c1,-8.504776000976562,-8.172834396362305,0.5028228163719177,0.2823529411764706,True,descriptor_ridge,2026-09-28T18:26:16.789805+00:00,C[C@H](O)CNc1nccc(-n2ccnc2-c2ccc(NC(=O)c3coc(-c4cc(C(F)(F)F)ccc4Cl)c3)cc2)n1,FZTHERNGBACIMX-INIZCTEOSA-N,FZTHERNGBACIMX-INIZCTEOSA-N,[],[],exchangeable_tertiary_ring_NH_and_full_potential_stereo_v3_20260929,10,10,17.966820192054033,1,C[C@H](O)CNc1nccc(-n2ccnc2-c2ccc(NC(=O)c3coc(-c4cc(C(F)(F)F)ccc4Cl)c3)cc2)n1,True,True,C[C@H](O)CNc1nccc(-n2ccnc2-c2ccc(NC(=O)c3coc(-c4cc(C(F)(F)F)ccc4Cl)c3)cc2)n1,True,True,prepared,<PACKAGE_ROOT>\Documents\Codex\TMC1_R2_Scratch_20260929\03_compute\formal_forward_v2_initial278\ligands\LIB_FZTHERNGBACIMX.sdf,526ba6ca98f417afc153cf4cd6b12702b9130e3a6f741f4c5bcb71f2a25907cb,<PACKAGE_ROOT>\Documents\Codex\TMC1_R2_Scratch_20260929\03_compute\formal_forward_v2_initial278\ligands\LIB_FZTHERNGBACIMX.pdbqt,4a98f8c89637fb08dcb7cc3e729d3a55693b830a660f1615158a1ae85b375f84,1.29
LIB_UCYYOFPZYBGIEY,ChEMBL,CHEMBL1077201,CHEMBL1077201,https://www.ebi.ac.uk/chembl/compound_report_card/CHEMBL1077201/,C[C@H](O)CNc1nccc(-n2ccnc2-c2cccc(NC(=O)c3coc(-c4cc(C(F)(F)F)ccc4Cl)c3)c2)n1,C[C@H](O)CNc1nccc(-n2ccnc2-c2cccc(NC(=O)c3coc(-c4cc(C(F)(F)F)ccc4Cl)c3)c2)n1,CC(O)CNc1nccc(-n2ccnc2-c2cccc(NC(=O)c3coc(-c4cc(C(F)(F)F)ccc4Cl)c3)c2)n1,UCYYOFPZYBGIEY-INIZCTEOSA-N,UCYYOFPZYBGIEY,eligible,582.97,6.307,118.1,3,7,8,41,5,0.1962,0,1,1,False,predicted,eligible,False,[],1,C[C@H](O)CNc1nccc(-n2ccnc2-c2cccc(NC(=O)c3coc(-c4cc(C(F)(F)F)ccc4Cl)c3)c2)n1,UCYYOFPZYBGIEY-INIZCTEOSA-N,False,[],[],False,False,O=C(Nc1cccc(-c2nccn2-c2ccncn2)c1)c1coc(-c2ccccc2)c1,-8.504776000976562,-8.14197826385498,0.5036937594413757,0.25252525252525254,True,descriptor_ridge,2026-09-28T18:26:18.081308+00:00,C[C@H](O)CNc1nccc(-n2ccnc2-c2cccc(NC(=O)c3coc(-c4cc(C(F)(F)F)ccc4Cl)c3)c2)n1,UCYYOFPZYBGIEY-INIZCTEOSA-N,UCYYOFPZYBGIEY-INIZCTEOSA-N,[],[],exchangeable_tertiary_ring_NH_and_full_potential_stereo_v3_20260929,10,10,14.659696210425945,5,C[C@H](O)CNc1nccc(-n2ccnc2-c2cccc(NC(=O)c3coc(-c4cc(C(F)(F)F)ccc4Cl)c3)c2)n1,True,True,C[C@H](O)CNc1nccc(-n2ccnc2-c2cccc(NC(=O)c3coc(-c4cc(C(F)(F)F)ccc4Cl)c3)c2)n1,True,True,prepared,<PACKAGE_ROOT>\Documents\Codex\TMC1_R2_Scratch_20260929\03_compute\formal_forward_v2_initial278\ligands\LIB_UCYYOFPZYBGIEY.sdf,9987455a3321d246c63c4660bd8899d133ae4fa0722be64d58c203e9a332096a,<PACKAGE_ROOT>\Documents\Codex\TMC1_R2_Scratch_20260929\03_compute\formal_forward_v2_initial278\ligands\LIB_UCYYOFPZYBGIEY.pdbqt,8e22185472673fdd166ee09c3b568e2fef7ed1110e09d7e99036e4781c8f6cd6,1.312
LIB_CBXHPCHIRCAADU,ChEMBL,CHEMBL1087332,CHEMBL1087332,https://www.ebi.ac.uk/chembl/compound_report_card/CHEMBL1087332/,Cc1ccc(C)n1-c1n[nH]c(Nc2ccccc2)c1C(=O)Nc1ccc2c(c1)C(=O)c1ccccc1C2=O,Cc1ccc(C)n1-c1[nH]nc(Nc2ccccc2)c1C(=O)Nc1ccc2c(c1)C(=O)c1ccccc1C2=O,Cc1ccc(C)n1-c1[nH]nc(Nc2ccccc2)c1C(=O)Nc1ccc2c(c1)C(=O)c1ccccc1C2=O,CBXHPCHIRCAADU-UHFFFAOYSA-N,CBXHPCHIRCAADU,eligible,501.546,5.589,108.88,3,5,5,38,6,0.2854,0,1,1,False,predicted,eligible,False,[],1,Cc1ccc(C)n1-c1[n-]nc(Nc2ccccc2)c1C(=O)Nc1ccc2c(c1)C(=O)c1ccccc1C2=O,LCUWISWJGPUFEV-UHFFFAOYSA-M,False,[],[],False,False,O=C1c2ccccc2C(=O)c2cc(NC(=O)c3c(Nc4ccccc4)n[n-]c3-n3cccc3)ccc21,-8.496238708496094,-8.136260032653809,0.5239611864089966,0.2727272727272727,True,descriptor_ridge,2026-09-28T18:26:19.393901+00:00,Cc1ccc(C)n1-c1[nH]nc(Nc2ccccc2)c1C(=O)Nc1ccc2c(c1)C(=O)c1ccccc1C2=O,CBXHPCHIRCAADU-UHFFFAOYSA-N,LCUWISWJGPUFEV-UHFFFAOYSA-M,[],[],exchangeable_tertiary_ring_NH_and_full_potential_stereo_v3_20260929,6,6,48.33034399629005,1,Cc1ccc(C)n1-c1[n-]nc(Nc2ccccc2)c1C(=O)Nc1ccc2c(c1)C(=O)c1ccccc1C2=O,True,True,Cc1ccc(C)n1-c1[n-]nc(Nc2ccccc2)c1C(=O)Nc1ccc2c(c1)C(=O)c1ccccc1C2=O,True,True,prepared,<PACKAGE_ROOT>\Documents\Codex\TMC1_R2_Scratch_20260929\03_compute\formal_forward_v2_initial278\ligands\LIB_CBXHPCHIRCAADU.sdf,60124d5f1edd7ee55914611c487838d3589a62f20cdc835caaf2eadbb6c49ea2,<PACKAGE_ROOT>\Documents\Codex\TMC1_R2_Scratch_20260929\03_compute\formal_forward_v2_initial278\ligands\LIB_CBXHPCHIRCAADU.pdbqt,68831b3f43608635e53dd7b381284651118bde615f7576082cf843901cdbe986,0.716
LIB_PIGVLAUTQMIRBH,ChEMBL,CHEMBL1076204,CHEMBL1076204,https://www.ebi.ac.uk/chembl/compound_report_card/CHEMBL1076204/,CN1CCN(c2ccc(-c3cnn4c(-c5cc(NC(=O)c6cccc(C(F)(F)F)c6)ccc5F)ccnc34)cn2)CC1,CN1CCN(c2ccc(-c3cnn4c(-c5cc(NC(=O)c6cccc(C(F)(F)F)c6)ccc5F)ccnc34)cn2)CC1,CN1CCN(c2ccc(-c3cnn4c(-c5cc(NC(=O)c6cccc(C(F)(F)F)c6)ccc5F)ccnc34)cn2)CC1,PIGVLAUTQMIRBH-UHFFFAOYSA-N,PIGVLAUTQMIRBH,eligible,575.57,5.62,78.66,1,6,5,42,6,0.2743,0,1,1,False,predicted,eligible,False,[],1,C[NH+]1CCN(c2ccc(-c3cnn4c(-c5cc(NC(=O)c6cccc(C(F)(F)F)c6)ccc5F)ccnc34)cn2)CC1,PIGVLAUTQMIRBH-UHFFFAOYSA-O,False,[],[1],False,False,O=C(Nc1cccc(-c2ccnc3c(-c4ccc(N5CC[NH2+]CC5)nc4)cnn23)c1)c1ccccc1,-8.49077320098877,-8.357958793640137,0.5251060724258423,0.30097087378640774,False,descriptor_ridge;AI_initial,2026-09-28T18:26:20.112364+00:00,CN1CCN(c2ccc(-c3cnn4c(-c5cc(NC(=O)c6cccc(C(F)(F)F)c6)ccc5F)ccnc34)cn2)CC1,PIGVLAUTQMIRBH-UHFFFAOYSA-N,PIGVLAUTQMIRBH-UHFFFAOYSA-O,[],[1],exchangeable_tertiary_ring_NH_and_full_potential_stereo_v3_20260929,9,9,188.30690013484042,8,C[NH+]1CCN(c2ccc(-c3cnn4c(-c5cc(NC(=O)c6cccc(C(F)(F)F)c6)ccc5F)ccnc34)cn2)CC1,True,True,C[NH+]1CCN(c2ccc(-c3cnn4c(-c5cc(NC(=O)c6cccc(C(F)(F)F)c6)ccc5F)ccnc34)cn2)CC1,True,True,prepared,<PACKAGE_ROOT>\Documents\Codex\TMC1_R2_Scratch_20260929\03_compute\formal_forward_v2_initial278\ligands\LIB_PIGVLAUTQMIRBH.sdf,3175c564c5b65399fc42e6232b54f852324da5394f94addb36cd03ec37bb7eeb,<PACKAGE_ROOT>\Documents\Codex\TMC1_R2_Scratch_20260929\03_compute\formal_forward_v2_initial278\ligands\LIB_PIGVLAUTQMIRBH.pdbqt,b1f882aabaebd77c4552aeace2b3cbc8b6556d730b9e31ef83c00c01a72fd3c3,1.321
LIB_SRTLWTGAXHUNEM,ChEMBL,CHEMBL1075776,CHEMBL1075776,https://www.ebi.ac.uk/chembl/compound_report_card/CHEMBL1075776/,C/C=C(\C)C(=O)O[C@H]1C(C)(C)[C@H](CC(=O)OC)[C@]2(C)C(=O)[C@@]1(O)C=C1C3=CC(=O)O[C@@H](c4ccoc4)[C@]3(C)CC[C@@H]12,C/C=C(\C)C(=O)O[C@H]1C(C)(C)[C@H](CC(=O)OC)[C@]2(C)C(=O)[C@@]1(O)C=C1C3=CC(=O)O[C@@H](c4ccoc4)[C@]3(C)CC[C@@H]12,CC=C(C)C(=O)OC1C2(O)C=C3C4=CC(=O)OC(c5ccoc5)C4(C)CCC3C(C)(C2=O)C(CC(=O)OC)C1(C)C,SRTLWTGAXHUNEM-YEEVHOMBSA-N,SRTLWTGAXHUNEM,eligible,566.647,4.564,129.34,1,9,5,41,5,0.3096,0,1,1,False,predicted,eligible,False,[],1,C/C=C(\C)C(=O)O[C@H]1C(C)(C)[C@H](CC(=O)OC)[C@]2(C)C(=O)[C@@]1(O)C=C1C3=CC(=O)O[C@@H](c4ccoc4)[C@]3(C)CC[C@@H]12,SRTLWTGAXHUNEM-YEEVHOMBSA-N,False,[],[],False,False,O=C1C=C2C3=CC4CCCC(C4=O)C3CCC2C(c2ccoc2)O1,-8.48854923248291,-7.983152866363525,0.802469789981842,0.27184466019417475,True,descriptor_ridge,2026-09-28T18:26:21.434832+00:00,C/C=C(\C)C(=O)O[C@H]1C(C)(C)[C@H](CC(=O)OC)[C@]2(C)C(=O)[C@@]1(O)C=C1C3=CC(=O)O[C@@H](c4ccoc4)[C@]3(C)CC[C@@H]12,SRTLWTGAXHUNEM-YEEVHOMBSA-N,SRTLWTGAXHUNEM-YEEVHOMBSA-N,[],[],exchangeable_tertiary_ring_NH_and_full_potential_stereo_v3_20260929,10,10,129.75553804519944,7,C/C=C(\C)C(=O)O[C@H]1C(C)(C)[C@H](CC(=O)OC)[C@]2(C)C(=O)[C@@]1(O)C=C1C3=CC(=O)O[C@@H](c4ccoc4)[C@]3(C)CC[C@@H]12,True,True,C/C=C(\C)C(=O)O[C@H]1C(C)(C)[C@H](CC(=O)OC)[C@]2(C)C(=O)[C@@]1(O)C=C1C3=CC(=O)O[C@@H](c4ccoc4)[C@]3(C)CC[C@@H]12,True,True,prepared,<PACKAGE_ROOT>\Documents\Codex\TMC1_R2_Scratch_20260929\03_compute\formal_forward_v2_initial278\ligands\LIB_SRTLWTGAXHUNEM.sdf,dbc5878655bd6243f55690c9e1d5af0831924a9d69af131f07a6ac949da8b390,<PACKAGE_ROOT>\Documents\Codex\TMC1_R2_Scratch_20260929\03_compute\formal_forward_v2_initial278\ligands\LIB_SRTLWTGAXHUNEM.pdbqt,261b0e8299b663f227e2974bed8c706ede089bb1224810cd8ee9bcb0fd49b78c,2.493
LIB_RPIUOWOTQONAKE,ChEMBL,CHEMBL1076617,CHEMBL1076617,https://www.ebi.ac.uk/chembl/compound_report_card/CHEMBL1076617/,CC(=O)O[C@H]1[C@@H](O)[C@H](OC(=O)c2ccccc2)[C@@]2(C)[C@@H](OC(=O)/C=C/c3ccccc3)C[C@@H]3C[C@]2(OC3(C)C)[C@@]1(C)O,CC(=O)O[C@H]1[C@@H](O)[C@H](OC(=O)c2ccccc2)[C@@]2(C)[C@@H](OC(=O)/C=C/c3ccccc3)C[C@@H]3C[C@]2(OC3(C)C)[C@@]1(C)O,CC(=O)OC1C(O)C(OC(=O)c2ccccc2)C2(C)C(OC(=O)C=Cc3ccccc3)CC3CC2(OC3(C)C)C1(C)O,RPIUOWOTQONAKE-GVZSNRDBSA-N,RPIUOWOTQONAKE,eligible,578.658,3.858,128.59,2,9,6,42,5,0.2983,0,1,1,False,predicted,eligible,False,[],1,CC(=O)O[C@H]1[C@@H](O)[C@H](OC(=O)c2ccccc2)[C@@]2(C)[C@@H](OC(=O)/C=C/c3ccccc3)C[C@@H]3C[C@]2(OC3(C)C)[C@@]1(C)O,RPIUOWOTQONAKE-GVZSNRDBSA-N,False,[],[],False,False,O=C(C=Cc1ccccc1)OC1CC2COC3(CCCC(OC(=O)c4ccccc4)C13)C2,-8.487569808959961,-7.978296756744385,0.7851439118385315,0.24271844660194175,True,descriptor_ridge,2026-09-28T18:26:23.929851+00:00,CC(=O)O[C@H]1[C@@H](O)[C@H](OC(=O)c2ccccc2)[C@@]2(C)[C@@H](OC(=O)/C=C/c3ccccc3)C[C@@H]3C[C@]2(OC3(C)C)[C@@]1(C)O,RPIUOWOTQONAKE-GVZSNRDBSA-N,RPIUOWOTQONAKE-GVZSNRDBSA-N,[],[],exchangeable_tertiary_ring_NH_and_full_potential_stereo_v3_20260929,10,10,158.5893993312539,3,CC(=O)O[C@H]1[C@@H](O)[C@H](OC(=O)c2ccccc2)[C@@]2(C)[C@@H](OC(=O)/C=C/c3ccccc3)C[C@@H]3C[C@]2(OC3(C)C)[C@@]1(C)O,True,True,CC(=O)O[C@H]1[C@@H](O)[C@H](OC(=O)c2ccccc2)[C@@]2(C)[C@@H](OC(=O)/C=C/c3ccccc3)C[C@@H]3C[C@]2(OC3(C)C)[C@@]1(C)O,True,True,prepared,<PACKAGE_ROOT>\Documents\Codex\TMC1_R2_Scratch_20260929\03_compute\formal_forward_v2_initial278\ligands\LIB_RPIUOWOTQONAKE.sdf,8fafa42113fce211ecb42cc13910320f7b6011b7c2d4d62766689d75f4fc9c9a,<PACKAGE_ROOT>\Documents\Codex\TMC1_R2_Scratch_20260929\03_compute\formal_forward_v2_initial278\ligands\LIB_RPIUOWOTQONAKE.pdbqt,7b93651dbca26ca5feba04b68eabc430ac8aeaa8713a5c4a78dbdc554b208428,2.31
LIB_DUSWCXDALWVDSK,ChEMBL,CHEMBL1076477,CHEMBL1076477,https://www.ebi.ac.uk/chembl/compound_report_card/CHEMBL1076477/,Cc1ccc(NC(=O)c2cccc(C(F)(F)F)c2)cc1Nc1nc2ccccc2n1-c1cc(NCCN2CCN(C)CC2)ncn1,Cc1ccc(NC(=O)c2cccc(C(F)(F)F)c2)cc1Nc1nc2ccccc2n1-c1cc(NCCN2CCN(C)CC2)ncn1,Cc1ccc(NC(=O)c2cccc(C(F)(F)F)c2)cc1Nc1nc2ccccc2n1-c1cc(NCCN2CCN(C)CC2)ncn1,DUSWCXDALWVDSK-UHFFFAOYSA-N,DUSWCXDALWVDSK,eligible,629.691,5.798,103.24,3,8,9,46,6,0.1882,0,1,1,False,predicted,eligible,False,[],1,Cc1ccc(NC(=O)c2cccc(C(F)(F)F)c2)cc1Nc1nc2ccccc2n1-c1cc(NCC[NH+]2CC[NH+](C)CC2)ncn1,DUSWCXDALWVDSK-UHFFFAOYSA-P,True,"[[""Atom_Tetrahedral"", 36], [""Atom_Tetrahedral"", 39]]","[36, 39]",False,True,O=C(Nc1cccc(Nc2nc3ccccc3n2-c2cc(NCC[NH+]3CC[NH2+]CC3)ncn2)c1)c1ccccc1,-8.483104705810547,-8.05346393585205,0.6078007817268372,0.2743362831858407,True,descriptor_ridge,2026-09-28T18:26:26.240918+00:00,Cc1ccc(NC(=O)c2cccc(C(F)(F)F)c2)cc1Nc1nc2ccccc2n1-c1cc(NCCN2CCN(C)CC2)ncn1,DUSWCXDALWVDSK-UHFFFAOYSA-N,DUSWCXDALWVDSK-UHFFFAOYSA-P,"[[""Atom_Tetrahedral"", 36], [""Atom_Tetrahedral"", 39]]","[36, 39]",exchangeable_tertiary_ring_NH_and_full_potential_stereo_v3_20260929,10,10,232.94879982120275,0,Cc1ccc(NC(=O)c2cccc(C(F)(F)F)c2)cc1Nc1nc2ccccc2n1-c1cc(NCC[N@H+]2CC[N@H+](C)CC2)ncn1,False,True,Cc1ccc(NC(=O)c2cccc(C(F)(F)F)c2)cc1Nc1nc2ccccc2n1-c1cc(NCC[N@H+]2CC[N@H+](C)CC2)ncn1,False,True,prepared,<PACKAGE_ROOT>\Documents\Codex\TMC1_R2_Scratch_20260929\03_compute\formal_forward_v2_initial278\ligands\LIB_DUSWCXDALWVDSK.sdf,2342c6f686654dce19fd0d2a634788067cb9014568031695d8a7cd7084b060fc,<PACKAGE_ROOT>\Documents\Codex\TMC1_R2_Scratch_20260929\03_compute\formal_forward_v2_initial278\ligands\LIB_DUSWCXDALWVDSK.pdbqt,4b1f7809f57d9415de7abb7d829173be825652ae6c27a56182bce2a026cb6d30,2.309
LIB_VKGKEHUDLZDBMP,ChEMBL,CHEMBL1076200,CHEMBL1076200,https://www.ebi.ac.uk/chembl/compound_report_card/CHEMBL1076200/,Cc1ccc(C(=O)Nc2cccc(C(F)(F)F)c2)cc1Nc1nc2ccccc2n1-c1cc(NCCN2CCN(C)CC2)ncn1,Cc1ccc(C(=O)Nc2cccc(C(F)(F)F)c2)cc1Nc1nc2ccccc2n1-c1cc(NCCN2CCN(C)CC2)ncn1,Cc1ccc(C(=O)Nc2cccc(C(F)(F)F)c2)cc1Nc1nc2ccccc2n1-c1cc(NCCN2CCN(C)CC2)ncn1,VKGKEHUDLZDBMP-UHFFFAOYSA-N,VKGKEHUDLZDBMP,eligible,629.691,5.798,103.24,3,8,9,46,6,0.1882,0,1,1,False,predicted,eligible,False,[],1,Cc1ccc(C(=O)Nc2cccc(C(F)(F)F)c2)cc1Nc1nc2ccccc2n1-c1cc(NCC[NH+]2CC[NH+](C)CC2)ncn1,VKGKEHUDLZDBMP-UHFFFAOYSA-P,True,"[[""Atom_Tetrahedral"", 36], [""Atom_Tetrahedral"", 39]]","[36, 39]",False,True,O=C(Nc1ccccc1)c1cccc(Nc2nc3ccccc3n2-c2cc(NCC[NH+]3CC[NH2+]CC3)ncn2)c1,-8.483104705810547,-8.033916473388672,0.6332755088806152,0.2631578947368421,True,descriptor_ridge,2026-09-28T18:26:28.552156+00:00,Cc1ccc(C(=O)Nc2cccc(C(F)(F)F)c2)cc1Nc1nc2ccccc2n1-c1cc(NCCN2CCN(C)CC2)ncn1,VKGKEHUDLZDBMP-UHFFFAOYSA-N,VKGKEHUDLZDBMP-UHFFFAOYSA-P,"[[""Atom_Tetrahedral"", 36], [""Atom_Tetrahedral"", 39]]","[36, 39]",exchangeable_tertiary_ring_NH_and_full_potential_stereo_v3_20260929,10,10,205.8606922575341,9,Cc1ccc(C(=O)Nc2cccc(C(F)(F)F)c2)cc1Nc1nc2ccccc2n1-c1cc(NCC[N@H+]2CC[N@@H+](C)CC2)ncn1,False,True,Cc1ccc(C(=O)Nc2cccc(C(F)(F)F)c2)cc1Nc1nc2ccccc2n1-c1cc(NCC[N@H+]2CC[N@@H+](C)CC2)ncn1,False,True,prepared,<PACKAGE_ROOT>\Documents\Codex\TMC1_R2_Scratch_20260929\03_compute\formal_forward_v2_initial278\ligands\LIB_VKGKEHUDLZDBMP.sdf,fc730b7a0e512c9ad54190ef21d36cb305da48d13c27ce3119d3158ae539f6d4,<PACKAGE_ROOT>\Documents\Codex\TMC1_R2_Scratch_20260929\03_compute\formal_forward_v2_initial278\ligands\LIB_VKGKEHUDLZDBMP.pdbqt,8bce040e12e76332983223883a7b83683ef3b3f78a3dac66ce917c8d2d5e4d83,2.285
LIB_UVFOPYBSQPAXJS,ChEMBL,CHEMBL104281,CHEMBL104281,https://www.ebi.ac.uk/chembl/compound_report_card/CHEMBL104281/,CCc1nc(C2CC2)c(C(N)=O)n1Cc1ccc2oc(-c3ccccc3NS(=O)(=O)C(F)(F)F)c(C(F)(F)F)c2c1,CCc1nc(C2CC2)c(C(N)=O)n1Cc1ccc2oc(-c3ccccc3NS(=O)(=O)C(F)(F)F)c(C(F)(F)F)c2c1,CCc1nc(C2CC2)c(C(N)=O)n1Cc1ccc2oc(-c3ccccc3NS(=O)(=O)C(F)(F)F)c(C(F)(F)F)c2c1,UVFOPYBSQPAXJS-UHFFFAOYSA-N,UVFOPYBSQPAXJS,eligible,600.541,6.164,120.22,2,5,8,41,5,0.2348,0,1,1,False,predicted,eligible,False,[],1,CCc1nc(C2CC2)c(C(N)=O)n1Cc1ccc2oc(-c3ccccc3NS(=O)(=O)C(F)(F)F)c(C(F)(F)F)c2c1,UVFOPYBSQPAXJS-UHFFFAOYSA-N,False,[],[],False,False,c1ccc(-c2cc3cc(Cn4cnc(C5CC5)c4)ccc3o2)cc1,-8.48046588897705,-7.953381538391113,0.587171196937561,0.28440366972477066,True,descriptor_ridge,2026-09-28T18:26:30.838641+00:00,CCc1nc(C2CC2)c(C(N)=O)n1Cc1ccc2oc(-c3ccccc3NS(=O)(=O)C(F)(F)F)c(C(F)(F)F)c2c1,UVFOPYBSQPAXJS-UHFFFAOYSA-N,UVFOPYBSQPAXJS-UHFFFAOYSA-N,[],[],exchangeable_tertiary_ring_NH_and_full_potential_stereo_v3_20260929,10,10,102.10187476786824,2,CCc1nc(C2CC2)c(C(N)=O)n1Cc1ccc2oc(-c3ccccc3NS(=O)(=O)C(F)(F)F)c(C(F)(F)F)c2c1,True,True,CCc1nc(C2CC2)c(C(N)=O)n1Cc1ccc2oc(-c3ccccc3NS(=O)(=O)C(F)(F)F)c(C(F)(F)F)c2c1,True,True,prepared,<PACKAGE_ROOT>\Documents\Codex\TMC1_R2_Scratch_20260929\03_compute\formal_forward_v2_initial278\ligands\LIB_UVFOPYBSQPAXJS.sdf,210c918e0cbafdc99a4ab4209fa327b6a5752c37d4fe81a197ebd111dcfbfb34,<PACKAGE_ROOT>\Documents\Codex\TMC1_R2_Scratch_20260929\03_compute\formal_forward_v2_initial278\ligands\LIB_UVFOPYBSQPAXJS.pdbqt,26bbaf7c94962820394e9de09e84edade5a4c98080e00cc5f440a17b98bbb054,1.088
LIB_USMBHFKKSFYTRW,ChEMBL,CHEMBL1076320,CHEMBL1076320,https://www.ebi.ac.uk/chembl/compound_report_card/CHEMBL1076320/,NC(=O)c1cc(S(=O)(=O)NCc2ccc(Cl)cc2)c2c(c1)nc(NCc1ccccc1Cl)n2C[C@H]1CCCCC[C@H]1O,NC(=O)c1cc(S(=O)(=O)NCc2ccc(Cl)cc2)c2c(c1)nc(NCc1ccccc1Cl)n2C[C@H]1CCCCC[C@H]1O,NC(=O)c1cc(S(=O)(=O)NCc2ccc(Cl)cc2)c2c(c1)nc(NCc1ccccc1Cl)n2CC1CCCCCC1O,USMBHFKKSFYTRW-QFQXNSOFSA-N,USMBHFKKSFYTRW,eligible,630.598,5.474,139.34,4,6,10,42,5,0.1714,0,1,1,False,predicted,eligible,False,[],1,NC(=O)c1cc(S(=O)(=O)NCc2ccc(Cl)cc2)c2c(c1)nc(NCc1ccccc1Cl)n2C[C@H]1CCCCC[C@H]1O,USMBHFKKSFYTRW-QFQXNSOFSA-N,False,[],[],False,False,O=S(=O)(NCc1ccccc1)c1cccc2nc(NCc3ccccc3)n(CC3CCCCCC3)c12,-8.477102279663086,-7.901865482330322,0.6216816902160645,0.26262626262626265,True,descriptor_ridge,2026-09-28T18:26:31.928489+00:00,NC(=O)c1cc(S(=O)(=O)NCc2ccc(Cl)cc2)c2c(c1)nc(NCc1ccccc1Cl)n2C[C@H]1CCCCC[C@H]1O,USMBHFKKSFYTRW-QFQXNSOFSA-N,USMBHFKKSFYTRW-QFQXNSOFSA-N,[],[],exchangeable_tertiary_ring_NH_and_full_potential_stereo_v3_20260929,10,10,-77.66622146862474,9,NC(=O)c1cc(S(=O)(=O)NCc2ccc(Cl)cc2)c2c(c1)nc(NCc1ccccc1Cl)n2C[C@H]1CCCCC[C@H]1O,True,True,NC(=O)c1cc(S(=O)(=O)NCc2ccc(Cl)cc2)c2c(c1)nc(NCc1ccccc1Cl)n2C[C@H]1CCCCC[C@H]1O,True,True,prepared,<PACKAGE_ROOT>\Documents\Codex\TMC1_R2_Scratch_20260929\03_compute\formal_forward_v2_initial278\ligands\LIB_USMBHFKKSFYTRW.sdf,87f24fd5d0aecb9a629180693a7d2c1ac85f5b0d04ef713aa0e411f8c3e50891,<PACKAGE_ROOT>\Documents\Codex\TMC1_R2_Scratch_20260929\03_compute\formal_forward_v2_initial278\ligands\LIB_USMBHFKKSFYTRW.pdbqt,88626f5965088c54cea6d6a867438f82059fa8769b94b7a245da5a66e3e1da5d,2.101
LIB_AKYFJTRMYYHEJM,ChEMBL,CHEMBL1085901,CHEMBL1085901,https://www.ebi.ac.uk/chembl/compound_report_card/CHEMBL1085901/,Cc1c(C(=O)NN/C=C(\NNC(=O)c2oc3ccccc3c2C)c2ccc(Cl)cc2)oc2ccccc12,Cc1c(C(=O)NN/C=C(\NNC(=O)c2oc3ccccc3c2C)c2ccc(Cl)cc2)oc2ccccc12,Cc1c(C(=O)NNC=C(NNC(=O)c2oc3ccccc3c2C)c2ccc(Cl)cc2)oc2ccccc12,AKYFJTRMYYHEJM-JCMHNJIXSA-N,AKYFJTRMYYHEJM,eligible,514.969,5.617,108.54,4,6,7,37,5,0.21,0,1,1,False,predicted,eligible,False,[],1,Cc1c(C(=O)[N-]N/C=C(\N[N-]C(=O)c2oc3ccccc3c2C)c2ccc(Cl)cc2)oc2ccccc12,ZZSHCBCQZKHTNT-JCMHNJIXSA-L,False,[],[],False,False,O=C([N-]NC=C(N[N-]C(=O)c1cc2ccccc2o1)c1ccccc1)c1cc2ccccc2o1,-8.47690486907959,-7.623200416564941,0.7618852257728577,0.3064516129032258,False,descriptor_ridge,2026-09-28T18:26:34.030420+00:00,Cc1c(C(=O)NN/C=C(\NNC(=O)c2oc3ccccc3c2C)c2ccc(Cl)cc2)oc2ccccc12,AKYFJTRMYYHEJM-JCMHNJIXSA-N,ZZSHCBCQZKHTNT-JCMHNJIXSA-L,[],[],exchangeable_tertiary_ring_NH_and_full_potential_stereo_v3_20260929,10,10,238.7135284638915,0,Cc1c(C(=O)[N-]N/C=C(\N[N-]C(=O)c2oc3ccccc3c2C)c2ccc(Cl)cc2)oc2ccccc12,True,True,Cc1c(C(=O)[N-]N/C=C(\N[N-]C(=O)c2oc3ccccc3c2C)c2ccc(Cl)cc2)oc2ccccc12,True,True,prepared,<PACKAGE_ROOT>\Documents\Codex\TMC1_R2_Scratch_20260929\03_compute\formal_forward_v2_initial278\ligands\LIB_AKYFJTRMYYHEJM.sdf,24083842470d9f861ac747fa35cab0575959ae45b58f5b9c07524d93bbf0e885,<PACKAGE_ROOT>\Documents\Codex\TMC1_R2_Scratch_20260929\03_compute\formal_forward_v2_initial278\ligands\LIB_AKYFJTRMYYHEJM.pdbqt,a6e910dda650cb53e6a6efc0a04e64df4087699f9c777af3d875ad56fd3f3ea7,0.899
LIB_NXDBMKBCSMHZLE,ChEMBL,CHEMBL1087438,CHEMBL1087438,https://www.ebi.ac.uk/chembl/compound_report_card/CHEMBL1087438/,C[C@@H]1C[C@H]2O[C@@]3(C[C@@H]2C(C)(C)O)[C@H](O)[C@@]2(C)[C@@H]4CC[C@H]5C(C)(C)C(=O)CC[C@@]56C[C@@]46CC[C@]2(C)[C@@H]13,C[C@@H]1C[C@H]2O[C@@]3(C[C@@H]2C(C)(C)O)[C@H](O)[C@@]2(C)[C@@H]4CC[C@H]5C(C)(C)C(=O)CC[C@@]56C[C@@]46CC[C@]2(C)[C@@H]13,CC1CC2OC3(CC2C(C)(C)O)C1C1(C)CCC24CC25CCC(=O)C(C)(C)C5CCC4C1(C)C3O,NXDBMKBCSMHZLE-PCZUTQTQSA-N,NXDBMKBCSMHZLE,eligible,484.721,5.53,66.76,2,4,1,35,7,0.5135,0,1,1,False,predicted,eligible,False,[],1,C[C@@H]1C[C@H]2O[C@@]3(C[C@@H]2C(C)(C)O)[C@H](O)[C@@]2(C)[C@@H]4CC[C@H]5C(C)(C)C(=O)CC[C@@]56C[C@@]46CC[C@]2(C)[C@@H]13,NXDBMKBCSMHZLE-PCZUTQTQSA-N,False,[],[],False,False,O=C1CCC23CC24CCC2C(CC56CCC(CCC25)O6)C4CCC3C1,-8.475848197937012,-7.5434088706970215,0.722884476184845,0.24489795918367346,True,descriptor_ridge,2026-09-28T18:26:34.930454+00:00,C[C@@H]1C[C@H]2O[C@@]3(C[C@@H]2C(C)(C)O)[C@H](O)[C@@]2(C)[C@@H]4CC[C@H]5C(C)(C)C(=O)CC[C@@]56C[C@@]46CC[C@]2(C)[C@@H]13,NXDBMKBCSMHZLE-PCZUTQTQSA-N,NXDBMKBCSMHZLE-PCZUTQTQSA-N,[],[],exchangeable_tertiary_ring_NH_and_full_potential_stereo_v3_20260929,9,9,184.4981643384619,2,C[C@@H]1C[C@H]2O[C@@]3(C[C@@H]2C(C)(C)O)[C@H](O)[C@@]2(C)[C@@H]4CC[C@H]5C(C)(C)C(=O)CC[C@@]56C[C@@]46CC[C@]2(C)[C@@H]13,True,True,C[C@@H]1C[C@H]2O[C@@]3(C[C@@H]2C(C)(C)O)[C@H](O)[C@@]2(C)[C@@H]4CC[C@H]5C(C)(C)C(=O)CC[C@@]56C[C@@]46CC[C@]2(C)[C@@H]13,True,True,prepared,<PACKAGE_ROOT>\Documents\Codex\TMC1_R2_Scratch_20260929\03_compute\formal_forward_v2_initial278\ligands\LIB_NXDBMKBCSMHZLE.sdf,752613dd9b19e2e0a1e9108ead3bcb0b2bfbb4766b3848c1f8ab1b1434b599a2,<PACKAGE_ROOT>\Documents\Codex\TMC1_R2_Scratch_20260929\03_compute\formal_forward_v2_initial278\ligands\LIB_NXDBMKBCSMHZLE.pdbqt,86d2d796edddcb8e04f55c564107f0b8b276e1984d4794136435c6aa499979db,2.295
LIB_YAYODJGNSKFEGH,ChEMBL,CHEMBL1075666,CHEMBL1075666,https://www.ebi.ac.uk/chembl/compound_report_card/CHEMBL1075666/,COc1cc(OC)c(C(F)(F)F)cc1NC(=O)Nc1cccc(-c2cn3ccnc3c(NCc3ccncc3)n2)c1,COc1cc(OC)c(C(F)(F)F)cc1NC(=O)Nc1cccc(-c2cn3ccnc3c(NCc3ccncc3)n2)c1,COc1cc(OC)c(C(F)(F)F)cc1NC(=O)Nc1cccc(-c2cn3ccnc3c(NCc3ccncc3)n2)c1,YAYODJGNSKFEGH-UHFFFAOYSA-N,YAYODJGNSKFEGH,eligible,563.54,6.083,114.7,3,7,8,41,5,0.2095,0,1,1,False,predicted,eligible,False,[],1,COc1cc(OC)c(C(F)(F)F)cc1NC(=O)Nc1cccc(-c2cn3ccnc3c(NCc3ccncc3)n2)c1,YAYODJGNSKFEGH-UHFFFAOYSA-N,False,[],[],False,False,O=C(Nc1ccccc1)Nc1cccc(-c2cn3ccnc3c(NCc3ccncc3)n2)c1,-8.4722261428833,-8.181705474853516,0.4820452928543091,0.2857142857142857,True,descriptor_ridge,2026-09-28T18:26:37.228265+00:00,COc1cc(OC)c(C(F)(F)F)cc1NC(=O)Nc1cccc(-c2cn3ccnc3c(NCc3ccncc3)n2)c1,YAYODJGNSKFEGH-UHFFFAOYSA-N,YAYODJGNSKFEGH-UHFFFAOYSA-N,[],[],exchangeable_tertiary_ring_NH_and_full_potential_stereo_v3_20260929,8,8,-0.1579979732012191,5,COc1cc(OC)c(C(F)(F)F)cc1NC(=O)Nc1cccc(-c2cn3ccnc3c(NCc3ccncc3)n2)c1,True,True,COc1cc(OC)c(C(F)(F)F)cc1NC(=O)Nc1cccc(-c2cn3ccnc3c(NCc3ccncc3)n2)c1,True,True,prepared,<PACKAGE_ROOT>\Documents\Codex\TMC1_R2_Scratch_20260929\03_compute\formal_forward_v2_initial278\ligands\LIB_YAYODJGNSKFEGH.sdf,268b2ed4eaf21a484312a15a073b3a0c1f75899aed20e90126cafee7c2be7b5d,<PACKAGE_ROOT>\Documents\Codex\TMC1_R2_Scratch_20260929\03_compute\formal_forward_v2_initial278\ligands\LIB_YAYODJGNSKFEGH.pdbqt,d825e3c47e810eb1fe6e02abd4f7db037eedbee922c1f0388e047ac67eb7ed44,1.108
LIB_OCOHRESDZFYIIC,ChEMBL,CHEMBL1079448,CHEMBL1079448,https://www.ebi.ac.uk/chembl/compound_report_card/CHEMBL1079448/,O=C(Nc1cccc(-c2cn3ccnc3c(NCc3ccncc3)n2)c1)Nc1cc(C(F)(F)F)ccc1O,O=C(Nc1cccc(-c2cn3ccnc3c(NCc3ccncc3)n2)c1)Nc1cc(C(F)(F)F)ccc1O,O=C(Nc1cccc(-c2cn3ccnc3c(NCc3ccncc3)n2)c1)Nc1cc(C(F)(F)F)ccc1O,OCOHRESDZFYIIC-UHFFFAOYSA-N,OCOHRESDZFYIIC,eligible,519.487,5.772,116.47,4,6,6,38,5,0.2117,0,1,1,False,predicted,eligible,False,[],1,O=C(Nc1cccc(-c2cn3ccnc3c(NCc3ccncc3)n2)c1)Nc1cc(C(F)(F)F)ccc1[O-],OCOHRESDZFYIIC-UHFFFAOYSA-M,False,[],[],False,False,O=C(Nc1ccccc1)Nc1cccc(-c2cn3ccnc3c(NCc3ccncc3)n2)c1,-8.46686840057373,-8.109460830688477,0.5721946358680725,0.24,True,descriptor_ridge,2026-09-28T18:26:38.337262+00:00,O=C(Nc1cccc(-c2cn3ccnc3c(NCc3ccncc3)n2)c1)Nc1cc(C(F)(F)F)ccc1O,OCOHRESDZFYIIC-UHFFFAOYSA-N,OCOHRESDZFYIIC-UHFFFAOYSA-M,[],[],exchangeable_tertiary_ring_NH_and_full_potential_stereo_v3_20260929,9,9,-36.28045066144029,1,O=C(Nc1cccc(-c2cn3ccnc3c(NCc3ccncc3)n2)c1)Nc1cc(C(F)(F)F)ccc1[O-],True,True,O=C(Nc1cccc(-c2cn3ccnc3c(NCc3ccncc3)n2)c1)Nc1cc(C(F)(F)F)ccc1[O-],True,True,prepared,<PACKAGE_ROOT>\Documents\Codex\TMC1_R2_Scratch_20260929\03_compute\formal_forward_v2_initial278\ligands\LIB_OCOHRESDZFYIIC.sdf,c9ca3cc0cbd22fabe8bfcc653fc0b30b06fc4d8cffb42ba4e67458273ff6d382,<PACKAGE_ROOT>\Documents\Codex\TMC1_R2_Scratch_20260929\03_compute\formal_forward_v2_initial278\ligands\LIB_OCOHRESDZFYIIC.pdbqt,a14041a00dfc2b6ff9dff7fbe9104923acc4a95b0e373c64e64a18a60bebf692,0.955
LIB_DWDRUDUATUOJND,ChEMBL,CHEMBL1080190,CHEMBL1080190,https://www.ebi.ac.uk/chembl/compound_report_card/CHEMBL1080190/,O=C(Nc1cccc(-c2cn3ccnc3c(NCc3ccncc3)n2)c1)Nc1cc(C(F)(F)F)ccc1Cl,O=C(Nc1cccc(-c2cn3ccnc3c(NCc3ccncc3)n2)c1)Nc1cc(C(F)(F)F)ccc1Cl,O=C(Nc1cccc(-c2cn3ccnc3c(NCc3ccncc3)n2)c1)Nc1cc(C(F)(F)F)ccc1Cl,DWDRUDUATUOJND-UHFFFAOYSA-N,DWDRUDUATUOJND,eligible,537.933,6.72,96.24,3,5,6,38,5,0.2234,0,1,1,False,predicted,eligible,False,[],1,O=C(Nc1cccc(-c2cn3ccnc3c(NCc3ccncc3)n2)c1)Nc1cc(C(F)(F)F)ccc1Cl,DWDRUDUATUOJND-UHFFFAOYSA-N,False,[],[],False,False,O=C(Nc1ccccc1)Nc1cccc(-c2cn3ccnc3c(NCc3ccncc3)n2)c1,-8.464828491210938,-8.127049446105957,0.5456911325454712,0.28125,True,descriptor_ridge,2026-09-28T18:26:39.292863+00:00,O=C(Nc1cccc(-c2cn3ccnc3c(NCc3ccncc3)n2)c1)Nc1cc(C(F)(F)F)ccc1Cl,DWDRUDUATUOJND-UHFFFAOYSA-N,DWDRUDUATUOJND-UHFFFAOYSA-N,[],[],exchangeable_tertiary_ring_NH_and_full_potential_stereo_v3_20260929,10,10,3.303883892455673,2,O=C(Nc1cccc(-c2cn3ccnc3c(NCc3ccncc3)n2)c1)Nc1cc(C(F)(F)F)ccc1Cl,True,True,O=C(Nc1cccc(-c2cn3ccnc3c(NCc3ccncc3)n2)c1)Nc1cc(C(F)(F)F)ccc1Cl,True,True,prepared,<PACKAGE_ROOT>\Documents\Codex\TMC1_R2_Scratch_20260929\03_compute\formal_forward_v2_initial278\ligands\LIB_DWDRUDUATUOJND.sdf,d16ea4277db369203312fbb95925f645db312a0e2558b2dfa485a1c63e95cfe3,<PACKAGE_ROOT>\Documents\Codex\TMC1_R2_Scratch_20260929\03_compute\formal_forward_v2_initial278\ligands\LIB_DWDRUDUATUOJND.pdbqt,2c3d94549ec432fd9aa31c9b95b27dfeb2a180e1191ebf591fb8d51b3711480c,1.007
LIB_YVCVALMTTAHIAN,ChEMBL,CHEMBL1081916,CHEMBL1081916,https://www.ebi.ac.uk/chembl/compound_report_card/CHEMBL1081916/,O=C(Nc1cccc(-c2cn3ccnc3c(NCc3ccncc3)n2)c1)Nc1ccc(Cl)c(C(F)(F)F)c1,O=C(Nc1cccc(-c2cn3ccnc3c(NCc3ccncc3)n2)c1)Nc1ccc(Cl)c(C(F)(F)F)c1,O=C(Nc1cccc(-c2cn3ccnc3c(NCc3ccncc3)n2)c1)Nc1ccc(Cl)c(C(F)(F)F)c1,YVCVALMTTAHIAN-UHFFFAOYSA-N,YVCVALMTTAHIAN,eligible,537.933,6.72,96.24,3,5,6,38,5,0.2234,0,1,1,False,predicted,eligible,False,[],1,O=C(Nc1cccc(-c2cn3ccnc3c(NCc3ccncc3)n2)c1)Nc1ccc(Cl)c(C(F)(F)F)c1,YVCVALMTTAHIAN-UHFFFAOYSA-N,False,[],[],False,False,O=C(Nc1ccccc1)Nc1cccc(-c2cn3ccnc3c(NCc3ccncc3)n2)c1,-8.464828491210938,-8.178839683532715,0.5268111824989319,0.37349397590361444,False,descriptor_ridge,2026-09-28T18:26:40.300690+00:00,O=C(Nc1cccc(-c2cn3ccnc3c(NCc3ccncc3)n2)c1)Nc1ccc(Cl)c(C(F)(F)F)c1,YVCVALMTTAHIAN-UHFFFAOYSA-N,YVCVALMTTAHIAN-UHFFFAOYSA-N,[],[],exchangeable_tertiary_ring_NH_and_full_potential_stereo_v3_20260929,10,10,-28.805571930878116,7,O=C(Nc1cccc(-c2cn3ccnc3c(NCc3ccncc3)n2)c1)Nc1ccc(Cl)c(C(F)(F)F)c1,True,True,O=C(Nc1cccc(-c2cn3ccnc3c(NCc3ccncc3)n2)c1)Nc1ccc(Cl)c(C(F)(F)F)c1,True,True,prepared,<PACKAGE_ROOT>\Documents\Codex\TMC1_R2_Scratch_20260929\03_compute\formal_forward_v2_initial278\ligands\LIB_YVCVALMTTAHIAN.sdf,ffce51cfd831a6b8efa9a77c12b011c4000ed619860b2c9121f05862a9b3f9bf,<PACKAGE_ROOT>\Documents\Codex\TMC1_R2_Scratch_20260929\03_compute\formal_forward_v2_initial278\ligands\LIB_YVCVALMTTAHIAN.pdbqt,a7b5e64552ecb341b75375e9120e105460bc3ab73a185f71b92f8ebe0507cf3b,0.929
LIB_BCNXUFFSRWFFQA,ChEMBL,CHEMBL1076203,CHEMBL1076203,https://www.ebi.ac.uk/chembl/compound_report_card/CHEMBL1076203/,Cc1ccc(C(=O)Nc2cccc(C(F)(F)F)c2)cc1Nc1nc2ccccc2n1-c1ncnc(NCCCN2CCN(C)CC2)n1,Cc1ccc(C(=O)Nc2cccc(C(F)(F)F)c2)cc1Nc1nc2ccccc2n1-c1ncnc(NCCCN2CCN(C)CC2)n1,Cc1ccc(C(=O)Nc2cccc(C(F)(F)F)c2)cc1Nc1nc2ccccc2n1-c1ncnc(NCCCN2CCN(C)CC2)n1,BCNXUFFSRWFFQA-UHFFFAOYSA-N,BCNXUFFSRWFFQA,eligible,644.706,5.583,116.13,3,9,10,47,6,0.1676,0,1,1,False,predicted,eligible,False,[],1,Cc1ccc(C(=O)Nc2cccc(C(F)(F)F)c2)cc1Nc1nc2ccccc2n1-c1ncnc(NCCC[NH+]2CC[NH+](C)CC2)n1,BCNXUFFSRWFFQA-UHFFFAOYSA-P,True,"[[""Atom_Tetrahedral"", 39], [""Atom_Tetrahedral"", 42]]","[39, 42]",False,True,O=C(Nc1ccccc1)c1cccc(Nc2nc3ccccc3n2-c2ncnc(NCCC[NH+]3CC[NH2+]CC3)n2)c1,-8.460184097290039,-8.009489059448242,0.6424480676651001,0.28,True,descriptor_ridge,2026-09-28T18:26:41.232146+00:00,Cc1ccc(C(=O)Nc2cccc(C(F)(F)F)c2)cc1Nc1nc2ccccc2n1-c1ncnc(NCCCN2CCN(C)CC2)n1,BCNXUFFSRWFFQA-UHFFFAOYSA-N,BCNXUFFSRWFFQA-UHFFFAOYSA-P,"[[""Atom_Tetrahedral"", 39], [""Atom_Tetrahedral"", 42]]","[39, 42]",exchangeable_tertiary_ring_NH_and_full_potential_stereo_v3_20260929,10,10,99.91396325670536,6,Cc1ccc(C(=O)Nc2cccc(C(F)(F)F)c2)cc1Nc1nc2ccccc2n1-c1ncnc(NCCC[N@H+]2CC[N@@H+](C)CC2)n1,False,True,Cc1ccc(C(=O)Nc2cccc(C(F)(F)F)c2)cc1Nc1nc2ccccc2n1-c1ncnc(NCCC[N@H+]2CC[N@@H+](C)CC2)n1,False,True,prepared,<PACKAGE_ROOT>\Documents\Codex\TMC1_R2_Scratch_20260929\03_compute\formal_forward_v2_initial278\ligands\LIB_BCNXUFFSRWFFQA.sdf,3dc52a24b5c58f8ccb819a2efdc3d7543c22929bf649c2cd371b7f02bf1cedf3,<PACKAGE_ROOT>\Documents\Codex\TMC1_R2_Scratch_20260929\03_compute\formal_forward_v2_initial278\ligands\LIB_BCNXUFFSRWFFQA.pdbqt,4d19b663aba55b61621912bf33134da166498f4cccf05e2f49d85d75ff4b2e79,2.84
LIB_BOCXRPAGFDSAFB,ChEMBL,CHEMBL103013,CHEMBL103013,https://www.ebi.ac.uk/chembl/compound_report_card/CHEMBL103013/,CC(C)(O)c1ccc(CN2C(=O)N(Cc3ccc(C(C)(C)O)cc3)[C@H](Cc3ccccc3)[C@H](O)[C@@H](O)[C@H]2Cc2ccccc2)cc1,CC(C)(O)c1ccc(CN2C(=O)N(Cc3ccc(C(C)(C)O)cc3)[C@H](Cc3ccccc3)[C@H](O)[C@@H](O)[C@H]2Cc2ccccc2)cc1,CC(C)(O)c1ccc(CN2C(=O)N(Cc3ccc(C(C)(C)O)cc3)C(Cc3ccccc3)C(O)C(O)C2Cc2ccccc2)cc1,BOCXRPAGFDSAFB-NWJWHWDBSA-N,BOCXRPAGFDSAFB,eligible,622.806,5.524,104.47,4,5,10,46,5,0.1865,0,1,1,False,predicted,eligible,False,[],1,CC(C)(O)c1ccc(C[NH+]2C(=O)[NH+](Cc3ccc(C(C)(C)O)cc3)[C@H](Cc3ccccc3)[C@H](O)[C@@H](O)[C@H]2Cc2ccccc2)cc1,BOCXRPAGFDSAFB-NWJWHWDBSA-P,True,"[[""Atom_Tetrahedral"", 9], [""Atom_Tetrahedral"", 12]]","[9, 12]",False,True,O=C1[NH+](Cc2ccccc2)C(Cc2ccccc2)CCC(Cc2ccccc2)[NH+]1Cc1ccccc1,-8.455597877502441,-7.906270503997803,0.7332573533058167,0.2765957446808511,True,descriptor_ridge,2026-09-28T18:26:44.072949+00:00,CC(C)(O)c1ccc(CN2C(=O)N(Cc3ccc(C(C)(C)O)cc3)[C@H](Cc3ccccc3)[C@H](O)[C@@H](O)[C@H]2Cc2ccccc2)cc1,BOCXRPAGFDSAFB-NWJWHWDBSA-N,BOCXRPAGFDSAFB-NWJWHWDBSA-P,"[[""Atom_Tetrahedral"", 9], [""Atom_Tetrahedral"", 12]]","[9, 12]",exchangeable_tertiary_ring_NH_and_full_potential_stereo_v3_20260929,10,10,-13.953070024887836,6,CC(C)(O)c1ccc(C[N@@H+]2C(=O)[N@@H+](Cc3ccc(C(C)(C)O)cc3)[C@H](Cc3ccccc3)[C@H](O)[C@@H](O)[C@H]2Cc2ccccc2)cc1,False,True,CC(C)(O)c1ccc(C[N@@H+]2C(=O)[N@@H+](Cc3ccc(C(C)(C)O)cc3)[C@H](Cc3ccccc3)[C@H](O)[C@@H](O)[C@H]2Cc2ccccc2)cc1,False,True,prepared,<PACKAGE_ROOT>\Documents\Codex\TMC1_R2_Scratch_20260929\03_compute\formal_forward_v2_initial278\ligands\LIB_BOCXRPAGFDSAFB.sdf,b199e4445e4e20d63aa00e158be65235ce15cec7f9771e1b945bb2c0a181cdc7,<PACKAGE_ROOT>\Documents\Codex\TMC1_R2_Scratch_20260929\03_compute\formal_forward_v2_initial278\ligands\LIB_BOCXRPAGFDSAFB.pdbqt,7a8225d101b16038733b54f933ef4c095474124073d5bee7a63774f267864ea3,3.476
LIB_ZIYCBQPVLHOKPQ,ChEMBL,CHEMBL1079236,CHEMBL1079236,https://www.ebi.ac.uk/chembl/compound_report_card/CHEMBL1079236/,C/C1=C\C(=O)OC[C@]23CC[C@]4(C)O[C@H]4[C@H]2O[C@@H]2C[C@@H](OC(=O)/C=C\C=C\[C@H]4O[C@H](C1)O[C@@H]4C)[C@@]3(C)[C@]21CO1,C/C1=C\C(=O)OC[C@]23CC[C@]4(C)O[C@H]4[C@H]2O[C@@H]2C[C@@H](OC(=O)/C=C\C=C\[C@H]4O[C@H](C1)O[C@@H]4C)[C@@]3(C)[C@]21CO1,CC1=CC(=O)OCC23CCC4(C)OC4C2OC2CC(OC(=O)C=CC=CC4OC(C1)OC4C)C3(C)C21CO1,ZIYCBQPVLHOKPQ-KUBNVJFPSA-N,ZIYCBQPVLHOKPQ,eligible,528.598,2.918,105.35,0,9,0,38,7,0.3466,0,1,1,False,predicted,eligible,False,[],1,C/C1=C\C(=O)OC[C@]23CC[C@]4(C)O[C@H]4[C@H]2O[C@@H]2C[C@@H](OC(=O)/C=C\C=C\[C@H]4O[C@H](C1)O[C@@H]4C)[C@@]3(C)[C@]21CO1,ZIYCBQPVLHOKPQ-KUBNVJFPSA-N,False,[],[],False,False,O=C1C=CCC2OCC(C=CC=CC(=O)OC3CC4OC5C6OC6CCC5(CO1)C3C41CO1)O2,-8.450965881347656,-7.601003170013428,0.8561968803405762,0.23076923076923078,True,descriptor_ridge,2026-09-28T18:26:47.550659+00:00,C/C1=C\C(=O)OC[C@]23CC[C@]4(C)O[C@H]4[C@H]2O[C@@H]2C[C@@H](OC(=O)/C=C\C=C\[C@H]4O[C@H](C1)O[C@@H]4C)[C@@]3(C)[C@]21CO1,ZIYCBQPVLHOKPQ-KUBNVJFPSA-N,ZIYCBQPVLHOKPQ-KUBNVJFPSA-N,[],[],exchangeable_tertiary_ring_NH_and_full_potential_stereo_v3_20260929,7,7,162.505759352544,0,C/C1=C\C(=O)OC[C@]23CC[C@]4(C)O[C@H]4[C@H]2O[C@@H]2C[C@@H](OC(=O)/C=C\C=C\[C@H]4O[C@H](C1)O[C@@H]4C)[C@@]3(C)[C@]21CO1,True,True,C/C1=C\C(=O)OC[C@]23CC[C@]4(C)O[C@H]4[C@H]2O[C@@H]2C[C@@H](OC(=O)/C=C\C=C\[C@H]4O[C@H](C1)O[C@@H]4C)[C@@]3(C)[C@]21CO1,True,True,prepared,<PACKAGE_ROOT>\Documents\Codex\TMC1_R2_Scratch_20260929\03_compute\formal_forward_v2_initial278\ligands\LIB_ZIYCBQPVLHOKPQ.sdf,0f4199d936b657087dc68238e960acb9f7ca949ce1dbdf5a3e8e8fd13978c86e,<PACKAGE_ROOT>\Documents\Codex\TMC1_R2_Scratch_20260929\03_compute\formal_forward_v2_initial278\ligands\LIB_ZIYCBQPVLHOKPQ.pdbqt,0975145256b91dd37e3e71ccf6b435a108d6d86e130e82c22235382e8fd082a6,13.315
LIB_BIEGVTQMNNLUOU,ChEMBL,CHEMBL102332,CHEMBL102332,https://www.ebi.ac.uk/chembl/compound_report_card/CHEMBL102332/,COc1ccc(C(=O)N2CC3C(=O)N(Cc4cc(C(F)(F)F)cc(C(F)(F)F)c4)C(=O)C3C23CCNCC3)cc1OC,COc1ccc(C(=O)N2Cc3c(c(O)n(Cc4cc(C(F)(F)F)cc(C(F)(F)F)c4)c3O)C23CCNCC3)cc1OC,COc1ccc(C(=O)N2Cc3c(c(O)n(Cc4cc(C(F)(F)F)cc(C(F)(F)F)c4)c3O)C23CCNCC3)cc1OC,BIEGVTQMNNLUOU-UHFFFAOYSA-N,BIEGVTQMNNLUOU,eligible,599.528,5.237,96.19,3,6,5,42,5,0.3477,0,1,1,False,predicted,eligible,False,[],1,COc1ccc(C(=O)[NH+]2Cc3c(c([O-])n(Cc4cc(C(F)(F)F)cc(C(F)(F)F)c4)c3[O-])C23CC[NH2+]CC3)cc1OC,BIEGVTQMNNLUOU-UHFFFAOYSA-N,True,"[[""Atom_Tetrahedral"", 8]]",[8],False,True,O=C(c1ccccc1)[NH+]1Cc2cn(Cc3ccccc3)cc2C12CC[NH2+]CC2,-8.44487190246582,-7.887186527252197,0.6169669032096863,0.26732673267326734,True,descriptor_ridge,2026-09-28T18:27:00.867150+00:00,COc1ccc(C(=O)N2Cc3c(c(O)n(Cc4cc(C(F)(F)F)cc(C(F)(F)F)c4)c3O)C23CCNCC3)cc1OC,BIEGVTQMNNLUOU-UHFFFAOYSA-N,BIEGVTQMNNLUOU-UHFFFAOYSA-N,"[[""Atom_Tetrahedral"", 8]]",[8],exchangeable_tertiary_ring_NH_and_full_potential_stereo_v3_20260929,7,7,-115.54721326827342,6,COc1ccc(C(=O)[N@@H+]2Cc3c(c([O-])n(Cc4cc(C(F)(F)F)cc(C(F)(F)F)c4)c3[O-])C23CC[NH2+]CC3)cc1OC,False,True,COc1ccc(C(=O)[N@@H+]2Cc3c(c([O-])n(Cc4cc(C(F)(F)F)cc(C(F)(F)F)c4)c3[O-])C23CC[NH2+]CC3)cc1OC,False,True,prepared,<PACKAGE_ROOT>\Documents\Codex\TMC1_R2_Scratch_20260929\03_compute\formal_forward_v2_initial278\ligands\LIB_BIEGVTQMNNLUOU.sdf,bb6b02c1c50bf716e8f2b0f03d96ba400ba06beaf006829b66382bc7f710ad6c,<PACKAGE_ROOT>\Documents\Codex\TMC1_R2_Scratch_20260929\03_compute\formal_forward_v2_initial278\ligands\LIB_BIEGVTQMNNLUOU.pdbqt,a1d4b36e38cd18f248aa1c4f82f5b7986a7f1cd777c42eceb5d73d9a9e59e6c0,1.236
LIB_DDHCKQIECJLNRO,ChEMBL,CHEMBL1086498,CHEMBL1086498,https://www.ebi.ac.uk/chembl/compound_report_card/CHEMBL1086498/,COc1ccc(Cn2ncc3[nH]c(-c4cc(NC(=O)Nc5c(F)cc(F)c(C)c5F)ccc4C)nc32)cc1,COc1ccc(Cn2ncc3[nH]c(-c4cc(NC(=O)Nc5c(F)cc(F)c(C)c5F)ccc4C)nc32)cc1,COc1ccc(Cn2ncc3[nH]c(-c4cc(NC(=O)Nc5c(F)cc(F)c(C)c5F)ccc4C)nc32)cc1,DDHCKQIECJLNRO-UHFFFAOYSA-N,DDHCKQIECJLNRO,eligible,520.515,6.161,96.86,3,4,6,38,5,0.2498,0,1,1,False,predicted,eligible,False,[],1,COc1ccc(Cn2ncc3[n-]c(-c4cc(NC(=O)Nc5c(F)cc(F)c(C)c5F)ccc4C)nc32)cc1,DNQOIOAZDFXFFJ-UHFFFAOYSA-M,False,[],[],False,False,O=C(Nc1ccccc1)Nc1cccc(-c2nc3c(cnn3Cc3ccccc3)[n-]2)c1,-8.444310188293457,-7.999757289886475,0.4849422574043274,0.25252525252525254,True,descriptor_ridge,2026-09-28T18:27:02.104000+00:00,COc1ccc(Cn2ncc3[nH]c(-c4cc(NC(=O)Nc5c(F)cc(F)c(C)c5F)ccc4C)nc32)cc1,DDHCKQIECJLNRO-UHFFFAOYSA-N,DNQOIOAZDFXFFJ-UHFFFAOYSA-M,[],[],exchangeable_tertiary_ring_NH_and_full_potential_stereo_v3_20260929,10,10,71.74966380086016,6,COc1ccc(Cn2ncc3[n-]c(-c4cc(NC(=O)Nc5c(F)cc(F)c(C)c5F)ccc4C)nc32)cc1,True,True,COc1ccc(Cn2ncc3[n-]c(-c4cc(NC(=O)Nc5c(F)cc(F)c(C)c5F)ccc4C)nc32)cc1,True,True,prepared,<PACKAGE_ROOT>\Documents\Codex\TMC1_R2_Scratch_20260929\03_compute\formal_forward_v2_initial278\ligands\LIB_DDHCKQIECJLNRO.sdf,c7a3a30c7e578b9e664eb4b1672cfcdbeda3a535a08d21d5e63502efabc79318,<PACKAGE_ROOT>\Documents\Codex\TMC1_R2_Scratch_20260929\03_compute\formal_forward_v2_initial278\ligands\LIB_DDHCKQIECJLNRO.pdbqt,847a5e5a05017fa08f4d0608739380dd696f163b6b1e0e98f219d771d2a1791e,1.034
LIB_FCRHJSNRFAAYQD,ChEMBL,CHEMBL1080669,CHEMBL1080669,https://www.ebi.ac.uk/chembl/compound_report_card/CHEMBL1080669/,O=C(Nc1cccc(Oc2ccccc2)c1)Nc1cccc(-c2cn3ccnc3c(NCc3ccncc3)n2)c1,O=C(Nc1cccc(Oc2ccccc2)c1)Nc1cccc(-c2cn3ccnc3c(NCc3ccncc3)n2)c1,O=C(Nc1cccc(Oc2ccccc2)c1)Nc1cccc(-c2cn3ccnc3c(NCc3ccncc3)n2)c1,FCRHJSNRFAAYQD-UHFFFAOYSA-N,FCRHJSNRFAAYQD,eligible,527.588,6.84,105.47,3,6,8,40,6,0.2001,0,1,1,False,predicted,eligible,False,[],1,O=C(Nc1cccc(Oc2ccccc2)c1)Nc1cccc(-c2cn3ccnc3c(NCc3ccncc3)n2)c1,FCRHJSNRFAAYQD-UHFFFAOYSA-N,False,[],[],False,False,O=C(Nc1cccc(Oc2ccccc2)c1)Nc1cccc(-c2cn3ccnc3c(NCc3ccncc3)n2)c1,-8.442765235900879,-8.132245063781738,0.6366820335388184,0.26506024096385544,True,descriptor_ridge,2026-09-28T18:27:03.138931+00:00,O=C(Nc1cccc(Oc2ccccc2)c1)Nc1cccc(-c2cn3ccnc3c(NCc3ccncc3)n2)c1,FCRHJSNRFAAYQD-UHFFFAOYSA-N,FCRHJSNRFAAYQD-UHFFFAOYSA-N,[],[],exchangeable_tertiary_ring_NH_and_full_potential_stereo_v3_20260929,10,10,-5.674219940209845,5,O=C(Nc1cccc(Oc2ccccc2)c1)Nc1cccc(-c2cn3ccnc3c(NCc3ccncc3)n2)c1,True,True,O=C(Nc1cccc(Oc2ccccc2)c1)Nc1cccc(-c2cn3ccnc3c(NCc3ccncc3)n2)c1,True,True,prepared,<PACKAGE_ROOT>\Documents\Codex\TMC1_R2_Scratch_20260929\03_compute\formal_forward_v2_initial278\ligands\LIB_FCRHJSNRFAAYQD.sdf,7824282b3596d52c56a87a6aa0777c4d612e12b4eb8b6b04bcd58e8e04063fe3,<PACKAGE_ROOT>\Documents\Codex\TMC1_R2_Scratch_20260929\03_compute\formal_forward_v2_initial278\ligands\LIB_FCRHJSNRFAAYQD.pdbqt,32323dbb9feed742a641b83bdb73ae8801b78e2d45bf1c32526e664cbdbe4960,1.284
LIB_FUQDVEKSFKFAGI,ChEMBL,CHEMBL1080182,CHEMBL1080182,https://www.ebi.ac.uk/chembl/compound_report_card/CHEMBL1080182/,O=C(Nc1cccc(-c2cn3ccnc3c(NCc3ccncc3)n2)c1)Nc1ccccc1Oc1ccccc1,O=C(Nc1cccc(-c2cn3ccnc3c(NCc3ccncc3)n2)c1)Nc1ccccc1Oc1ccccc1,O=C(Nc1cccc(-c2cn3ccnc3c(NCc3ccncc3)n2)c1)Nc1ccccc1Oc1ccccc1,FUQDVEKSFKFAGI-UHFFFAOYSA-N,FUQDVEKSFKFAGI,eligible,527.588,6.84,105.47,3,6,8,40,6,0.2001,0,1,1,False,predicted,eligible,False,[],1,O=C(Nc1cccc(-c2cn3ccnc3c(NCc3ccncc3)n2)c1)Nc1ccccc1Oc1ccccc1,FUQDVEKSFKFAGI-UHFFFAOYSA-N,False,[],[],False,False,O=C(Nc1cccc(-c2cn3ccnc3c(NCc3ccncc3)n2)c1)Nc1ccccc1Oc1ccccc1,-8.442765235900879,-8.126073837280273,0.6292582750320435,0.25773195876288657,True,descriptor_ridge,2026-09-28T18:27:04.423720+00:00,O=C(Nc1cccc(-c2cn3ccnc3c(NCc3ccncc3)n2)c1)Nc1ccccc1Oc1ccccc1,FUQDVEKSFKFAGI-UHFFFAOYSA-N,FUQDVEKSFKFAGI-UHFFFAOYSA-N,[],[],exchangeable_tertiary_ring_NH_and_full_potential_stereo_v3_20260929,9,9,3.624505359948607,7,O=C(Nc1cccc(-c2cn3ccnc3c(NCc3ccncc3)n2)c1)Nc1ccccc1Oc1ccccc1,True,True,O=C(Nc1cccc(-c2cn3ccnc3c(NCc3ccncc3)n2)c1)Nc1ccccc1Oc1ccccc1,True,True,prepared,<PACKAGE_ROOT>\Documents\Codex\TMC1_R2_Scratch_20260929\03_compute\formal_forward_v2_initial278\ligands\LIB_FUQDVEKSFKFAGI.sdf,a632a460b86d9a8b6447352b873a2a9ce0ed077a8bae9c95c5c8e9bae5d80d41,<PACKAGE_ROOT>\Documents\Codex\TMC1_R2_Scratch_20260929\03_compute\formal_forward_v2_initial278\ligands\LIB_FUQDVEKSFKFAGI.pdbqt,fe14ea1846ca0d3e88ce9588b0cfaaa686e345599f892049dd947489522e9231,1.364
LIB_YHHSKXWUHAVBMR,ChEMBL,CHEMBL1086295,CHEMBL1086295,https://www.ebi.ac.uk/chembl/compound_report_card/CHEMBL1086295/,COc1ccc(Cn2ncc3[nH]c(-c4ccc(NC(=O)Nc5nc6ccc(C)cc6s5)cc4C)nc32)cc1,COc1ccc(Cn2ncc3[nH]c(-c4ccc(NC(=O)Nc5nc6ccc(C)cc6s5)cc4C)nc32)cc1,COc1ccc(Cn2ncc3[nH]c(-c4ccc(NC(=O)Nc5nc6ccc(C)cc6s5)cc4C)nc32)cc1,YHHSKXWUHAVBMR-UHFFFAOYSA-N,YHHSKXWUHAVBMR,eligible,523.622,6.354,109.75,3,6,6,38,6,0.2355,0,1,1,False,predicted,eligible,False,[],1,COc1ccc(Cn2ncc3[n-]c(-c4ccc(NC(=O)Nc5nc6ccc(C)cc6s5)cc4C)nc32)cc1,HKXKMLIYPDVBEB-UHFFFAOYSA-M,False,[],[],False,False,O=C(Nc1ccc(-c2nc3c(cnn3Cc3ccccc3)[n-]2)cc1)Nc1nc2ccccc2s1,-8.441574096679688,-7.99491024017334,0.5596398711204529,0.26506024096385544,True,descriptor_ridge,2026-09-28T18:27:05.789292+00:00,COc1ccc(Cn2ncc3[nH]c(-c4ccc(NC(=O)Nc5nc6ccc(C)cc6s5)cc4C)nc32)cc1,YHHSKXWUHAVBMR-UHFFFAOYSA-N,HKXKMLIYPDVBEB-UHFFFAOYSA-M,[],[],exchangeable_tertiary_ring_NH_and_full_potential_stereo_v3_20260929,10,10,60.88083950791345,5,COc1ccc(Cn2ncc3[n-]c(-c4ccc(NC(=O)Nc5nc6ccc(C)cc6s5)cc4C)nc32)cc1,True,True,COc1ccc(Cn2ncc3[n-]c(-c4ccc(NC(=O)Nc5nc6ccc(C)cc6s5)cc4C)nc32)cc1,True,True,prepared,<PACKAGE_ROOT>\Documents\Codex\TMC1_R2_Scratch_20260929\03_compute\formal_forward_v2_initial278\ligands\LIB_YHHSKXWUHAVBMR.sdf,c29907c7185cd78c312e0e4013bb2702b4efba75fedf859f1091470eef4ace8d,<PACKAGE_ROOT>\Documents\Codex\TMC1_R2_Scratch_20260929\03_compute\formal_forward_v2_initial278\ligands\LIB_YHHSKXWUHAVBMR.pdbqt,ee1a332eeb09935bf2842bf6bd36fb3d43d75eb51c83feccafee2dd876abaefb,1.248
LIB_DIMKSBQDWMXKAH,ChEMBL,CHEMBL1084036,CHEMBL1084036,https://www.ebi.ac.uk/chembl/compound_report_card/CHEMBL1084036/,Cc1cn(-c2cc(NC(=O)Nc3ccc(-c4nc5[nH]ncc5[nH]4)c(C)c3)cc(C(F)(F)F)c2)cn1,Cc1cn(-c2cc(NC(=O)Nc3ccc(-c4nc5[nH]ncc5[nH]4)c(C)c3)cc(C(F)(F)F)c2)cn1,Cc1cn(-c2cc(NC(=O)Nc3ccc(-c4nc5[nH]ncc5[nH]4)c(C)c3)cc(C(F)(F)F)c2)cn1,DIMKSBQDWMXKAH-UHFFFAOYSA-N,DIMKSBQDWMXKAH,eligible,480.454,5.418,116.31,4,4,4,35,5,0.2749,0,1,1,False,predicted,eligible,False,[],1,Cc1cn(-c2cc(NC(=O)Nc3ccc(-c4nc5[n-]ncc5[n-]4)c(C)c3)cc(C(F)(F)F)c2)cn1,VAGFINQJDFEJTR-UHFFFAOYSA-M,False,[],[],False,False,O=C(Nc1ccc(-c2nc3[n-]ncc3[n-]2)cc1)Nc1cccc(-n2ccnc2)c1,-8.431132316589355,-8.221810340881348,0.5274730920791626,0.24731182795698925,True,descriptor_ridge,2026-09-28T18:27:07.038924+00:00,Cc1cn(-c2cc(NC(=O)Nc3ccc(-c4nc5[nH]ncc5[nH]4)c(C)c3)cc(C(F)(F)F)c2)cn1,DIMKSBQDWMXKAH-UHFFFAOYSA-N,VAGFINQJDFEJTR-UHFFFAOYSA-M,[],[],exchangeable_tertiary_ring_NH_and_full_potential_stereo_v3_20260929,9,9,147.0586120412805,6,Cc1cn(-c2cc(NC(=O)Nc3ccc(-c4nc5[n-]ncc5[n-]4)c(C)c3)cc(C(F)(F)F)c2)cn1,True,True,Cc1cn(-c2cc(NC(=O)Nc3ccc(-c4nc5[n-]ncc5[n-]4)c(C)c3)cc(C(F)(F)F)c2)cn1,True,True,prepared,<PACKAGE_ROOT>\Documents\Codex\TMC1_R2_Scratch_20260929\03_compute\formal_forward_v2_initial278\ligands\LIB_DIMKSBQDWMXKAH.sdf,76d209dd879ed2c7d32f1866c63287ee7ebfa39c02ed7f894c97b9111f77e938,<PACKAGE_ROOT>\Documents\Codex\TMC1_R2_Scratch_20260929\03_compute\formal_forward_v2_initial278\ligands\LIB_DIMKSBQDWMXKAH.pdbqt,5f1d3617e3b37d2639aa4d247460ab2253fe61ad6566cf5712eee9a7d1d8749f,0.73
LIB_PPCDZYRDXIKRDW,ChEMBL,CHEMBL1075628,CHEMBL1075628,https://www.ebi.ac.uk/chembl/compound_report_card/CHEMBL1075628/,Cc1ccc(NC(=O)c2cc(CN3CCN(C)CC3)n(C(C)(C)C)n2)cc1Nc1nc2ccccc2n1-c1cc(N)ncn1,Cc1ccc(NC(=O)c2cc(CN3CCN(C)CC3)n(C(C)(C)C)n2)cc1Nc1nc2ccccc2n1-c1cc(N)ncn1,Cc1ccc(NC(=O)c2cc(CN3CCN(C)CC3)n(C(C)(C)C)n2)cc1Nc1nc2ccccc2n1-c1cc(N)ncn1,PPCDZYRDXIKRDW-UHFFFAOYSA-N,PPCDZYRDXIKRDW,eligible,593.74,4.401,135.05,3,9,7,44,6,0.2509,0,1,1,False,predicted,eligible,False,[],1,Cc1ccc(NC(=O)c2cc(C[NH+]3CC[NH+](C)CC3)n(C(C)(C)C)n2)cc1Nc1nc2ccccc2n1-c1cc(N)ncn1,PPCDZYRDXIKRDW-UHFFFAOYSA-P,True,"[[""Atom_Tetrahedral"", 12], [""Atom_Tetrahedral"", 15]]","[12, 15]",False,True,O=C(Nc1cccc(Nc2nc3ccccc3n2-c2ccncn2)c1)c1cc(C[NH+]2CC[NH2+]CC2)[nH]n1,-8.429863929748535,-7.994481086730957,0.7290109992027283,0.24778761061946902,True,descriptor_ridge,2026-09-28T18:27:07.770137+00:00,Cc1ccc(NC(=O)c2cc(CN3CCN(C)CC3)n(C(C)(C)C)n2)cc1Nc1nc2ccccc2n1-c1cc(N)ncn1,PPCDZYRDXIKRDW-UHFFFAOYSA-N,PPCDZYRDXIKRDW-UHFFFAOYSA-P,"[[""Atom_Tetrahedral"", 12], [""Atom_Tetrahedral"", 15]]","[12, 15]",exchangeable_tertiary_ring_NH_and_full_potential_stereo_v3_20260929,10,10,189.69419981306595,3,Cc1ccc(NC(=O)c2cc(C[N@H+]3CC[N@H+](C)CC3)n(C(C)(C)C)n2)cc1Nc1nc2ccccc2n1-c1cc(N)ncn1,False,True,Cc1ccc(NC(=O)c2cc(C[N@H+]3CC[N@H+](C)CC3)n(C(C)(C)C)n2)cc1Nc1nc2ccccc2n1-c1cc(N)ncn1,False,True,prepared,<PACKAGE_ROOT>\Documents\Codex\TMC1_R2_Scratch_20260929\03_compute\formal_forward_v2_initial278\ligands\LIB_PPCDZYRDXIKRDW.sdf,2b9d1feaac9e51e16e360980af0ffbb59cf8a491f1e346dac951bc906ae78830,<PACKAGE_ROOT>\Documents\Codex\TMC1_R2_Scratch_20260929\03_compute\formal_forward_v2_initial278\ligands\LIB_PPCDZYRDXIKRDW.pdbqt,77e1e6ef9f18bb9e1210bad2cac73c1990b7b17925167a3c5c8e33a5c54c727b,2.612
LIB_QGZCRYRTSBNQGS,ChEMBL,CHEMBL1086869,CHEMBL1086869,https://www.ebi.ac.uk/chembl/compound_report_card/CHEMBL1086869/,CO[C@H]1[C@H](O)[C@@H](O)[C@H](Oc2ccc3c4c([nH]c3c2)[C@@]2(C)[C@@H](CC[C@H]3C(C)(C)C(=O)C=C[C@@]32C)C4)O[C@@H]1CO,CO[C@H]1[C@H](O)[C@@H](O)[C@H](Oc2ccc3c4c([nH]c3c2)[C@@]2(C)[C@@H](CC[C@H]3C(C)(C)C(=O)C=C[C@@]32C)C4)O[C@@H]1CO,COC1C(CO)OC(Oc2ccc3c4c([nH]c3c2)C2(C)C(CCC3C(C)(C)C(=O)C=CC32C)C4)C(O)C1O,QGZCRYRTSBNQGS-MQWGIPAISA-N,QGZCRYRTSBNQGS,eligible,525.642,3.012,121.24,4,7,4,38,6,0.4843,0,1,1,False,predicted,eligible,False,[],1,CO[C@H]1[C@H](O)[C@@H](O)[C@H](Oc2ccc3c4c([nH]c3c2)[C@@]2(C)[C@@H](CC[C@H]3C(C)(C)C(=O)C=C[C@@]32C)C4)O[C@@H]1CO,QGZCRYRTSBNQGS-MQWGIPAISA-N,False,[],[],False,False,O=C1C=CC2C(CCC3Cc4c([nH]c5cc(OC6CCCCO6)ccc45)C32)C1,-8.426224708557129,-8.220412254333496,0.804715096950531,0.25555555555555554,True,descriptor_ridge,2026-09-28T18:27:10.384150+00:00,CO[C@H]1[C@H](O)[C@@H](O)[C@H](Oc2ccc3c4c([nH]c3c2)[C@@]2(C)[C@@H](CC[C@H]3C(C)(C)C(=O)C=C[C@@]32C)C4)O[C@@H]1CO,QGZCRYRTSBNQGS-MQWGIPAISA-N,QGZCRYRTSBNQGS-MQWGIPAISA-N,[],[],exchangeable_tertiary_ring_NH_and_full_potential_stereo_v3_20260929,5,5,226.929338298663,3,CO[C@H]1[C@H](O)[C@@H](O)[C@H](Oc2ccc3c4c([nH]c3c2)[C@@]2(C)[C@@H](CC[C@H]3C(C)(C)C(=O)C=C[C@@]32C)C4)O[C@@H]1CO,True,True,CO[C@H]1[C@H](O)[C@@H](O)[C@H](Oc2ccc3c4c([nH]c3c2)[C@@]2(C)[C@@H](CC[C@H]3C(C)(C)C(=O)C=C[C@@]32C)C4)O[C@@H]1CO,True,True,prepared,<PACKAGE_ROOT>\Documents\Codex\TMC1_R2_Scratch_20260929\03_compute\formal_forward_v2_initial278\ligands\LIB_QGZCRYRTSBNQGS.sdf,5cea4c22515d7de8fb4ab16893bec37ed57533b4a3c95517e146a10458f1cfe3,<PACKAGE_ROOT>\Documents\Codex\TMC1_R2_Scratch_20260929\03_compute\formal_forward_v2_initial278\ligands\LIB_QGZCRYRTSBNQGS.pdbqt,589929fbaa102c15330cf5ef59cebe94e05a89282f3653906b4e2f07f664e2be,1.816
LIB_HHZIURLSWUIHRB,ChEMBL,CHEMBL1201740,CHEMBL1201740;CHEMBL255863,https://www.ebi.ac.uk/chembl/compound_report_card/CHEMBL1201740/,Cc1cn(-c2cc(NC(=O)c3ccc(C)c(Nc4nccc(-c5cccnc5)n4)c3)cc(C(F)(F)F)c2)cn1.Cl.O,Cc1cn(-c2cc(NC(=O)c3ccc(C)c(Nc4nccc(-c5cccnc5)n4)c3)cc(C(F)(F)F)c2)cn1,Cc1cn(-c2cc(NC(=O)c3ccc(C)c(Nc4nccc(-c5cccnc5)n4)c3)cc(C(F)(F)F)c2)cn1,HHZIURLSWUIHRB-UHFFFAOYSA-N,HHZIURLSWUIHRB,eligible,529.526,6.356,97.62,2,6,6,39,5,0.2659,0,2,1,False,predicted,eligible,False,[],1,Cc1cn(-c2cc(NC(=O)c3ccc(C)c(Nc4nccc(-c5cccnc5)n4)c3)cc(C(F)(F)F)c2)cn1,HHZIURLSWUIHRB-UHFFFAOYSA-N,False,[],[],False,False,O=C(Nc1cccc(-n2ccnc2)c1)c1cccc(Nc2nccc(-c3cccnc3)n2)c1,-8.425787925720215,-8.314099311828613,0.4803008437156677,0.30526315789473685,False,descriptor_ridge;AI_initial,2026-09-28T18:27:12.201533+00:00,Cc1cn(-c2cc(NC(=O)c3ccc(C)c(Nc4nccc(-c5cccnc5)n4)c3)cc(C(F)(F)F)c2)cn1,HHZIURLSWUIHRB-UHFFFAOYSA-N,HHZIURLSWUIHRB-UHFFFAOYSA-N,[],[],exchangeable_tertiary_ring_NH_and_full_potential_stereo_v3_20260929,9,9,29.385670982608456,4,Cc1cn(-c2cc(NC(=O)c3ccc(C)c(Nc4nccc(-c5cccnc5)n4)c3)cc(C(F)(F)F)c2)cn1,True,True,Cc1cn(-c2cc(NC(=O)c3ccc(C)c(Nc4nccc(-c5cccnc5)n4)c3)cc(C(F)(F)F)c2)cn1,True,True,prepared,<PACKAGE_ROOT>\Documents\Codex\TMC1_R2_Scratch_20260929\03_compute\formal_forward_v2_initial278\ligands\LIB_HHZIURLSWUIHRB.sdf,c2b28de3b96840f6d791298f107ac242cf618461bad40a447f9e947dc709dbc5,<PACKAGE_ROOT>\Documents\Codex\TMC1_R2_Scratch_20260929\03_compute\formal_forward_v2_initial278\ligands\LIB_HHZIURLSWUIHRB.pdbqt,4e76b8358e237209900bb60606fd73f7e48ef8fb7d97374982b9072a500d2b83,1.13
LIB_SVAFJSOEFDZBGK,ChEMBL,CHEMBL1086486,CHEMBL1086486,https://www.ebi.ac.uk/chembl/compound_report_card/CHEMBL1086486/,O=C(Nc1ccc(-c2nc3c(cnn3Cc3ccccc3)[nH]2)cc1)Nc1cc(Cl)cc(C(F)(F)F)c1,O=C(Nc1ccc(-c2nc3c(cnn3Cc3ccccc3)[nH]2)cc1)Nc1cc(Cl)cc(C(F)(F)F)c1,O=C(Nc1ccc(-c2nc3c(cnn3Cc3ccccc3)[nH]2)cc1)Nc1cc(Cl)cc(C(F)(F)F)c1,SVAFJSOEFDZBGK-UHFFFAOYSA-N,SVAFJSOEFDZBGK,eligible,510.907,6.791,87.63,3,3,5,36,5,0.2431,0,1,1,False,predicted,eligible,False,[],1,O=C(Nc1ccc(-c2nc3c(cnn3Cc3ccccc3)[n-]2)cc1)Nc1cc(Cl)cc(C(F)(F)F)c1,WOEZHRLNHCAWPG-UHFFFAOYSA-M,False,[],[],False,False,O=C(Nc1ccccc1)Nc1ccc(-c2nc3c(cnn3Cc3ccccc3)[n-]2)cc1,-8.423575401306152,-8.026742935180664,0.6565908193588257,0.2631578947368421,True,descriptor_ridge,2026-09-28T18:27:13.333499+00:00,O=C(Nc1ccc(-c2nc3c(cnn3Cc3ccccc3)[nH]2)cc1)Nc1cc(Cl)cc(C(F)(F)F)c1,SVAFJSOEFDZBGK-UHFFFAOYSA-N,WOEZHRLNHCAWPG-UHFFFAOYSA-M,[],[],exchangeable_tertiary_ring_NH_and_full_potential_stereo_v3_20260929,10,10,79.1889044485529,7,O=C(Nc1ccc(-c2nc3c(cnn3Cc3ccccc3)[n-]2)cc1)Nc1cc(Cl)cc(C(F)(F)F)c1,True,True,O=C(Nc1ccc(-c2nc3c(cnn3Cc3ccccc3)[n-]2)cc1)Nc1cc(Cl)cc(C(F)(F)F)c1,True,True,prepared,<PACKAGE_ROOT>\Documents\Codex\TMC1_R2_Scratch_20260929\03_compute\formal_forward_v2_initial278\ligands\LIB_SVAFJSOEFDZBGK.sdf,cb349bca6476c8496a5c86dde04b0aacf5f0661e5b691bdc1252093dfa6f3f17,<PACKAGE_ROOT>\Documents\Codex\TMC1_R2_Scratch_20260929\03_compute\formal_forward_v2_initial278\ligands\LIB_SVAFJSOEFDZBGK.pdbqt,33da110fd59b56d7980d1b56658e2906aa03f77700bd79b605c33312c7f96e2b,0.715
LIB_IWFOIUWPNYEUAI,ChEMBL,CHEMBL1079018,CHEMBL1079018,https://www.ebi.ac.uk/chembl/compound_report_card/CHEMBL1079018/,CC1=C[C@H]2O[C@@H]3C[C@H]4OC(=O)/C=C\C=C\[C@H]5O[C@H](C/C(C)=C/C(=O)OC[C@@]2(CC1)[C@]4(C)[C@]31CO1)O[C@@H]5C,CC1=C[C@H]2O[C@@H]3C[C@H]4OC(=O)/C=C\C=C\[C@H]5O[C@H](C/C(C)=C/C(=O)OC[C@@]2(CC1)[C@]4(C)[C@]31CO1)O[C@@H]5C,CC1=CC2OC3CC4OC(=O)C=CC=CC5OC(CC(C)=CC(=O)OCC2(CC1)C4(C)C31CO1)OC5C,IWFOIUWPNYEUAI-WUCVSPPTSA-N,IWFOIUWPNYEUAI,eligible,512.599,3.707,92.82,0,8,0,37,6,0.2756,0,1,1,False,predicted,eligible,False,[],1,CC1=C[C@H]2O[C@@H]3C[C@H]4OC(=O)/C=C\C=C\[C@H]5O[C@H](C/C(C)=C/C(=O)OC[C@@]2(CC1)[C@]4(C)[C@]31CO1)O[C@@H]5C,IWFOIUWPNYEUAI-WUCVSPPTSA-N,False,[],[],False,False,O=C1C=CCC2OCC(C=CC=CC(=O)OC3CC4OC5C=CCCC5(CO1)C3C41CO1)O2,-8.421302795410156,-7.852911472320557,0.8457402586936951,0.24752475247524752,True,descriptor_ridge,2026-09-28T18:27:14.049952+00:00,CC1=C[C@H]2O[C@@H]3C[C@H]4OC(=O)/C=C\C=C\[C@H]5O[C@H](C/C(C)=C/C(=O)OC[C@@]2(CC1)[C@]4(C)[C@]31CO1)O[C@@H]5C,IWFOIUWPNYEUAI-WUCVSPPTSA-N,IWFOIUWPNYEUAI-WUCVSPPTSA-N,[],[],exchangeable_tertiary_ring_NH_and_full_potential_stereo_v3_20260929,9,9,98.87755179143986,3,CC1=C[C@H]2O[C@@H]3C[C@H]4OC(=O)/C=C\C=C\[C@H]5O[C@H](C/C(C)=C/C(=O)OC[C@@]2(CC1)[C@]4(C)[C@]31CO1)O[C@@H]5C,True,True,CC1=C[C@H]2O[C@@H]3C[C@H]4OC(=O)/C=C\C=C\[C@H]5O[C@H](C/C(C)=C/C(=O)OC[C@@]2(CC1)[C@]4(C)[C@]31CO1)O[C@@H]5C,True,True,prepared,<PACKAGE_ROOT>\Documents\Codex\TMC1_R2_Scratch_20260929\03_compute\formal_forward_v2_initial278\ligands\LIB_IWFOIUWPNYEUAI.sdf,150bb70ea3d09afefcc792b6326af424203f040bd59fd9ce70a97e5c45488d5b,<PACKAGE_ROOT>\Documents\Codex\TMC1_R2_Scratch_20260929\03_compute\formal_forward_v2_initial278\ligands\LIB_IWFOIUWPNYEUAI.pdbqt,93c736ff9b777c739c4a381cc05a1f1bd1ea21d2d5653d0d318f713d648c239a,3.267
LIB_ZZWXYBPRSDQAJH,ChEMBL,CHEMBL1078928,CHEMBL1078928;CHEMBL1079153,https://www.ebi.ac.uk/chembl/compound_report_card/CHEMBL1078928/,C[C@@]1(C(=O)O)CC[C@]2(C)CC[C@]3(C)C(=CC[C@@H]4[C@@]5(C)CC[C@@H](O)[C@@](C)(C(=O)O)[C@@H]5CC[C@]43C)[C@@H]2C1,C[C@@]1(C(=O)O)CC[C@]2(C)CC[C@]3(C)C(=CC[C@@H]4[C@@]5(C)CC[C@@H](O)[C@@](C)(C(=O)O)[C@@H]5CC[C@]43C)[C@@H]2C1,CC1(C(=O)O)CCC2(C)CCC3(C)C(=CCC4C5(C)CCC(O)C(C)(C(=O)O)C5CCC43C)C2C1,ZZWXYBPRSDQAJH-PPASWHMCSA-N,ZZWXYBPRSDQAJH,eligible,486.693,6.298,94.83,3,3,2,35,5,0.3983,0,2,2,False,predicted,eligible,False,[],1,C[C@@]1(C(=O)[O-])CC[C@]2(C)CC[C@]3(C)C(=CC[C@@H]4[C@@]5(C)CC[C@@H](O)[C@@](C)(C(=O)[O-])[C@@H]5CC[C@]43C)[C@@H]2C1,ZZWXYBPRSDQAJH-PPASWHMCSA-L,False,[],[],False,False,C1=C2C3CCCCC3CCC2C2CCC3CCCCC3C2C1,-8.41915512084961,-7.455289363861084,0.7274488210678101,0.23595505617977527,True,descriptor_ridge,2026-09-28T18:27:17.318856+00:00,C[C@@]1(C(=O)O)CC[C@]2(C)CC[C@]3(C)C(=CC[C@@H]4[C@@]5(C)CC[C@@H](O)[C@@](C)(C(=O)O)[C@@H]5CC[C@]43C)[C@@H]2C1,ZZWXYBPRSDQAJH-PPASWHMCSA-N,ZZWXYBPRSDQAJH-PPASWHMCSA-L,[],[],exchangeable_tertiary_ring_NH_and_full_potential_stereo_v3_20260929,10,10,177.35370852892038,0,C[C@@]1(C(=O)[O-])CC[C@]2(C)CC[C@]3(C)C(=CC[C@@H]4[C@@]5(C)CC[C@@H](O)[C@@](C)(C(=O)[O-])[C@@H]5CC[C@]43C)[C@@H]2C1,True,True,C[C@@]1(C(=O)[O-])CC[C@]2(C)CC[C@]3(C)C(=CC[C@@H]4[C@@]5(C)CC[C@@H](O)[C@@](C)(C(=O)[O-])[C@@H]5CC[C@]43C)[C@@H]2C1,True,True,prepared,<PACKAGE_ROOT>\Documents\Codex\TMC1_R2_Scratch_20260929\03_compute\formal_forward_v2_initial278\ligands\LIB_ZZWXYBPRSDQAJH.sdf,4d73b8f87fd76763af73719f99f95229bd985bbb7bafc9f91dbee91096538ba1,<PACKAGE_ROOT>\Documents\Codex\TMC1_R2_Scratch_20260929\03_compute\formal_forward_v2_initial278\ligands\LIB_ZZWXYBPRSDQAJH.pdbqt,87128f93f12a89a27c764008b54a22cff3d77711285aeb13748c9ff148333aa9,2.284
LIB_GHPCAIWYHJZRGR,ChEMBL,CHEMBL1079850,CHEMBL1079850,https://www.ebi.ac.uk/chembl/compound_report_card/CHEMBL1079850/,O=C(Nc1cccc(-c2cn3ccnc3c(NCc3ccncc3)n2)c1)Nc1cc(C(F)(F)F)ccc1F,O=C(Nc1cccc(-c2cn3ccnc3c(NCc3ccncc3)n2)c1)Nc1cc(C(F)(F)F)ccc1F,O=C(Nc1cccc(-c2cn3ccnc3c(NCc3ccncc3)n2)c1)Nc1cc(C(F)(F)F)ccc1F,GHPCAIWYHJZRGR-UHFFFAOYSA-N,GHPCAIWYHJZRGR,eligible,521.478,6.205,96.24,3,5,6,38,5,0.2312,0,1,1,False,predicted,eligible,False,[],1,O=C(Nc1cccc(-c2cn3ccnc3c(NCc3ccncc3)n2)c1)Nc1cc(C(F)(F)F)ccc1F,GHPCAIWYHJZRGR-UHFFFAOYSA-N,False,[],[],False,False,O=C(Nc1ccccc1)Nc1cccc(-c2cn3ccnc3c(NCc3ccncc3)n2)c1,-8.415785789489746,-8.1171293258667,0.5826961398124695,0.26804123711340205,True,descriptor_ridge,2026-09-28T18:27:19.604870+00:00,O=C(Nc1cccc(-c2cn3ccnc3c(NCc3ccncc3)n2)c1)Nc1cc(C(F)(F)F)ccc1F,GHPCAIWYHJZRGR-UHFFFAOYSA-N,GHPCAIWYHJZRGR-UHFFFAOYSA-N,[],[],exchangeable_tertiary_ring_NH_and_full_potential_stereo_v3_20260929,10,10,1.859349741103376,7,O=C(Nc1cccc(-c2cn3ccnc3c(NCc3ccncc3)n2)c1)Nc1cc(C(F)(F)F)ccc1F,True,True,O=C(Nc1cccc(-c2cn3ccnc3c(NCc3ccncc3)n2)c1)Nc1cc(C(F)(F)F)ccc1F,True,True,prepared,<PACKAGE_ROOT>\Documents\Codex\TMC1_R2_Scratch_20260929\03_compute\formal_forward_v2_initial278\ligands\LIB_GHPCAIWYHJZRGR.sdf,fa0ea1b52d2ddf4b9967238b1d083bcd507e9c092367a8a399bdcd64e596395b,<PACKAGE_ROOT>\Documents\Codex\TMC1_R2_Scratch_20260929\03_compute\formal_forward_v2_initial278\ligands\LIB_GHPCAIWYHJZRGR.pdbqt,26996b016d292fd8894d98aff1d35a27322d42e596cb6c90d6e8838e6bf7e080,0.881
LIB_HFNYDUGXJCRIRE,ChEMBL,CHEMBL1078363,CHEMBL1078363,https://www.ebi.ac.uk/chembl/compound_report_card/CHEMBL1078363/,Cc1cc(-c2ccnc(Nc3ccc(N4CCOCC4)cc3)n2)ccc1C(=O)NCC#N,Cc1cc(-c2ccnc(Nc3ccc(N4CCOCC4)cc3)n2)ccc1C(=O)NCC#N,Cc1cc(-c2ccnc(Nc3ccc(N4CCOCC4)cc3)n2)ccc1C(=O)NCC#N,HFNYDUGXJCRIRE-UHFFFAOYSA-N,HFNYDUGXJCRIRE,eligible,428.496,3.286,103.17,2,7,6,32,4,0.5808,0,1,1,False,predicted,eligible,False,[],1,Cc1cc(-c2ccnc(Nc3ccc(N4CCOCC4)cc3)n2)ccc1C(=O)NCC#N,HFNYDUGXJCRIRE-UHFFFAOYSA-N,False,[],[],False,False,c1ccc(-c2ccnc(Nc3ccc(N4CCOCC4)cc3)n2)cc1,-7.489298343658447,-8.512862205505371,0.534368634223938,0.796875,False,AI_initial,2026-09-28T18:27:20.486881+00:00,Cc1cc(-c2ccnc(Nc3ccc(N4CCOCC4)cc3)n2)ccc1C(=O)NCC#N,HFNYDUGXJCRIRE-UHFFFAOYSA-N,HFNYDUGXJCRIRE-UHFFFAOYSA-N,[],[],exchangeable_tertiary_ring_NH_and_full_potential_stereo_v3_20260929,10,10,44.419368457177875,5,Cc1cc(-c2ccnc(Nc3ccc(N4CCOCC4)cc3)n2)ccc1C(=O)NCC#N,True,True,Cc1cc(-c2ccnc(Nc3ccc(N4CCOCC4)cc3)n2)ccc1C(=O)NCC#N,True,True,prepared,<PACKAGE_ROOT>\Documents\Codex\TMC1_R2_Scratch_20260929\03_compute\formal_forward_v2_initial278\ligands\LIB_HFNYDUGXJCRIRE.sdf,bda5cf63a9e23f9e0852295039da794069cebb29c7a865ce2869956062fd000e,<PACKAGE_ROOT>\Documents\Codex\TMC1_R2_Scratch_20260929\03_compute\formal_forward_v2_initial278\ligands\LIB_HFNYDUGXJCRIRE.pdbqt,c65e809c3bb38ae42a445905a241462a39504b491726d0a6c358b89660e392c4,0.67
LIB_OGYJYBMWSHOXRO,ChEMBL,CHEMBL1078364,CHEMBL1078364,https://www.ebi.ac.uk/chembl/compound_report_card/CHEMBL1078364/,COc1cc(-c2ccnc(Nc3ccc(N4CCOCC4)cc3)n2)ccc1C(=O)NCC#N,COc1cc(-c2ccnc(Nc3ccc(N4CCOCC4)cc3)n2)ccc1C(=O)NCC#N,COc1cc(-c2ccnc(Nc3ccc(N4CCOCC4)cc3)n2)ccc1C(=O)NCC#N,OGYJYBMWSHOXRO-UHFFFAOYSA-N,OGYJYBMWSHOXRO,eligible,444.495,2.986,112.4,2,8,7,33,4,0.5351,0,1,1,False,predicted,eligible,False,[],1,COc1cc(-c2ccnc(Nc3ccc(N4CCOCC4)cc3)n2)ccc1C(=O)NCC#N,OGYJYBMWSHOXRO-UHFFFAOYSA-N,False,[],[],False,False,c1ccc(-c2ccnc(Nc3ccc(N4CCOCC4)cc3)n2)cc1,-7.450337886810303,-8.498434066772461,0.5649440884590149,0.746268656716418,False,AI_initial,2026-09-28T18:27:21.157609+00:00,COc1cc(-c2ccnc(Nc3ccc(N4CCOCC4)cc3)n2)ccc1C(=O)NCC#N,OGYJYBMWSHOXRO-UHFFFAOYSA-N,OGYJYBMWSHOXRO-UHFFFAOYSA-N,[],[],exchangeable_tertiary_ring_NH_and_full_potential_stereo_v3_20260929,7,7,46.855830503505565,0,COc1cc(-c2ccnc(Nc3ccc(N4CCOCC4)cc3)n2)ccc1C(=O)NCC#N,True,True,COc1cc(-c2ccnc(Nc3ccc(N4CCOCC4)cc3)n2)ccc1C(=O)NCC#N,True,True,prepared,<PACKAGE_ROOT>\Documents\Codex\TMC1_R2_Scratch_20260929\03_compute\formal_forward_v2_initial278\ligands\LIB_OGYJYBMWSHOXRO.sdf,57b439f7528eade67b87776a46586a0acfa2f0ca2d5ea82c273217d76c5e0ccd,<PACKAGE_ROOT>\Documents\Codex\TMC1_R2_Scratch_20260929\03_compute\formal_forward_v2_initial278\ligands\LIB_OGYJYBMWSHOXRO.pdbqt,9c647832eb64fed2146953a1af9870ae283646ab4f9550a03cde115a0a9424a4,0.713
LIB_DKSMHPPLVBSAQL,ChEMBL,CHEMBL1078159,CHEMBL1078159,https://www.ebi.ac.uk/chembl/compound_report_card/CHEMBL1078159/,N#CCNC(=O)c1cccc(-c2ccnc(Nc3ccc(N4CCOCC4)cc3)n2)c1,N#CCNC(=O)c1cccc(-c2ccnc(Nc3ccc(N4CCOCC4)cc3)n2)c1,N#CCNC(=O)c1cccc(-c2ccnc(Nc3ccc(N4CCOCC4)cc3)n2)c1,DKSMHPPLVBSAQL-UHFFFAOYSA-N,DKSMHPPLVBSAQL,eligible,414.469,2.977,103.17,2,7,6,31,4,0.5978,0,1,1,False,predicted,eligible,False,[],1,N#CCNC(=O)c1cccc(-c2ccnc(Nc3ccc(N4CCOCC4)cc3)n2)c1,DKSMHPPLVBSAQL-UHFFFAOYSA-N,False,[],[],False,False,c1ccc(-c2ccnc(Nc3ccc(N4CCOCC4)cc3)n2)cc1,-7.368758201599121,-8.451631546020508,0.5810067057609558,0.8225806451612904,False,AI_initial,2026-09-28T18:27:21.872417+00:00,N#CCNC(=O)c1cccc(-c2ccnc(Nc3ccc(N4CCOCC4)cc3)n2)c1,DKSMHPPLVBSAQL-UHFFFAOYSA-N,DKSMHPPLVBSAQL-UHFFFAOYSA-N,[],[],exchangeable_tertiary_ring_NH_and_full_potential_stereo_v3_20260929,9,9,34.150527086799535,3,N#CCNC(=O)c1cccc(-c2ccnc(Nc3ccc(N4CCOCC4)cc3)n2)c1,True,True,N#CCNC(=O)c1cccc(-c2ccnc(Nc3ccc(N4CCOCC4)cc3)n2)c1,True,True,prepared,<PACKAGE_ROOT>\Documents\Codex\TMC1_R2_Scratch_20260929\03_compute\formal_forward_v2_initial278\ligands\LIB_DKSMHPPLVBSAQL.sdf,96d912d17a9e504edb8d0e958862a955d31e2a586fe04e45270a1c106622d452,<PACKAGE_ROOT>\Documents\Codex\TMC1_R2_Scratch_20260929\03_compute\formal_forward_v2_initial278\ligands\LIB_DKSMHPPLVBSAQL.pdbqt,249555d598d8d8432ff8f75388b91f511487d78ea3a078f0578d7ae00e64aeb3,0.631
LIB_QPSCCNWGOLMGKW,ChEMBL,CHEMBL1085512,CHEMBL1085512,https://www.ebi.ac.uk/chembl/compound_report_card/CHEMBL1085512/,CN1CCN(c2ccc(-c3cnn4c(N)c(-c5ccc(NC(=O)Oc6ccccc6)cc5)cnc34)cc2)CC1,CN1CCN(c2ccc(-c3cnn4c(N)c(-c5ccc(NC(=O)Oc6ccccc6)cc5)cnc34)cc2)CC1,CN1CCN(c2ccc(-c3cnn4c(N)c(-c5ccc(NC(=O)Oc6ccccc6)cc5)cnc34)cc2)CC1,QPSCCNWGOLMGKW-UHFFFAOYSA-N,QPSCCNWGOLMGKW,eligible,519.609,5.008,101.02,2,7,5,39,6,0.3367,0,1,1,False,predicted,eligible,False,[],1,C[NH+]1CCN(c2ccc(-c3cnn4c(N)c(-c5ccc(NC(=O)Oc6ccccc6)cc5)cnc34)cc2)CC1,QPSCCNWGOLMGKW-UHFFFAOYSA-O,False,[],[1],False,False,O=C(Nc1ccc(-c2cnc3c(-c4ccc(N5CC[NH2+]CC5)cc4)cnn3c2)cc1)Oc1ccccc1,-8.254280090332031,-8.403593063354492,0.40785089135169983,0.37362637362637363,False,AI_initial,2026-09-28T18:27:22.504412+00:00,CN1CCN(c2ccc(-c3cnn4c(N)c(-c5ccc(NC(=O)Oc6ccccc6)cc5)cnc34)cc2)CC1,QPSCCNWGOLMGKW-UHFFFAOYSA-N,QPSCCNWGOLMGKW-UHFFFAOYSA-O,[],[1],exchangeable_tertiary_ring_NH_and_full_potential_stereo_v3_20260929,10,10,231.69269979525703,2,C[NH+]1CCN(c2ccc(-c3cnn4c(N)c(-c5ccc(NC(=O)Oc6ccccc6)cc5)cnc34)cc2)CC1,True,True,C[NH+]1CCN(c2ccc(-c3cnn4c(N)c(-c5ccc(NC(=O)Oc6ccccc6)cc5)cnc34)cc2)CC1,True,True,prepared,<PACKAGE_ROOT>\Documents\Codex\TMC1_R2_Scratch_20260929\03_compute\formal_forward_v2_initial278\ligands\LIB_QPSCCNWGOLMGKW.sdf,d82b24e29c1e04aa7108897b689aeeae9923edecf63c4d2550590e6be133bd7a,<PACKAGE_ROOT>\Documents\Codex\TMC1_R2_Scratch_20260929\03_compute\formal_forward_v2_initial278\ligands\LIB_QPSCCNWGOLMGKW.pdbqt,2bbd16875c540a597d29396dcdfc24c1d782b7ef4d0ded8285a2a64534f500c1,1.333
LIB_DNDVGFIEWOHGAH,ChEMBL,CHEMBL1076497,CHEMBL1076497,https://www.ebi.ac.uk/chembl/compound_report_card/CHEMBL1076497/,CN1CCN(c2ccc(-c3cnn4c(-c5cccc(NC(=O)c6cccc(C(F)(F)F)c6)c5)ccnc34)cn2)CC1,CN1CCN(c2ccc(-c3cnn4c(-c5cccc(NC(=O)c6cccc(C(F)(F)F)c6)c5)ccnc34)cn2)CC1,CN1CCN(c2ccc(-c3cnn4c(-c5cccc(NC(=O)c6cccc(C(F)(F)F)c6)c5)ccnc34)cn2)CC1,DNDVGFIEWOHGAH-UHFFFAOYSA-N,DNDVGFIEWOHGAH,eligible,557.58,5.481,78.66,1,6,5,41,6,0.3084,0,1,1,False,predicted,eligible,False,[],1,C[NH+]1CCN(c2ccc(-c3cnn4c(-c5cccc(NC(=O)c6cccc(C(F)(F)F)c6)c5)ccnc34)cn2)CC1,DNDVGFIEWOHGAH-UHFFFAOYSA-O,False,[],[1],False,False,O=C(Nc1cccc(-c2ccnc3c(-c4ccc(N5CC[NH2+]CC5)nc4)cnn23)c1)c1ccccc1,-8.384055137634277,-8.374531745910645,0.4907935857772827,0.3333333333333333,False,AI_initial,2026-09-28T18:27:23.839138+00:00,CN1CCN(c2ccc(-c3cnn4c(-c5cccc(NC(=O)c6cccc(C(F)(F)F)c6)c5)ccnc34)cn2)CC1,DNDVGFIEWOHGAH-UHFFFAOYSA-N,DNDVGFIEWOHGAH-UHFFFAOYSA-O,[],[1],exchangeable_tertiary_ring_NH_and_full_potential_stereo_v3_20260929,10,10,191.14447451247014,4,C[NH+]1CCN(c2ccc(-c3cnn4c(-c5cccc(NC(=O)c6cccc(C(F)(F)F)c6)c5)ccnc34)cn2)CC1,True,True,C[NH+]1CCN(c2ccc(-c3cnn4c(-c5cccc(NC(=O)c6cccc(C(F)(F)F)c6)c5)ccnc34)cn2)CC1,True,True,prepared,<PACKAGE_ROOT>\Documents\Codex\TMC1_R2_Scratch_20260929\03_compute\formal_forward_v2_initial278\ligands\LIB_DNDVGFIEWOHGAH.sdf,68c36d04d335f4bc901849087008cb6b65fc98f3fdb7f44b56d5e6004cc72abb,<PACKAGE_ROOT>\Documents\Codex\TMC1_R2_Scratch_20260929\03_compute\formal_forward_v2_initial278\ligands\LIB_DNDVGFIEWOHGAH.pdbqt,cc3446717e231aacec53a5063e676b2803f43e83544cd381c09325d4082ab795,1.38
LIB_XRZVCGWERZVRNT,ChEMBL,CHEMBL1078453,CHEMBL1078453,https://www.ebi.ac.uk/chembl/compound_report_card/CHEMBL1078453/,CC(C)(C#N)NC(=O)c1ccc(-c2ccnc(Nc3ccc(N4CCOCC4)cc3)n2)cc1,CC(C)(C#N)NC(=O)c1ccc(-c2ccnc(Nc3ccc(N4CCOCC4)cc3)n2)cc1,CC(C)(C#N)NC(=O)c1ccc(-c2ccnc(Nc3ccc(N4CCOCC4)cc3)n2)cc1,XRZVCGWERZVRNT-UHFFFAOYSA-N,XRZVCGWERZVRNT,eligible,442.523,3.756,103.17,2,7,6,33,4,0.5991,0,1,1,False,predicted,eligible,False,[],1,CC(C)(C#N)NC(=O)c1ccc(-c2ccnc(Nc3ccc(N4CCOCC4)cc3)n2)cc1,XRZVCGWERZVRNT-UHFFFAOYSA-N,False,[],[],False,False,c1ccc(-c2ccnc(Nc3ccc(N4CCOCC4)cc3)n2)cc1,-7.62398099899292,-8.371551513671875,0.33737897872924805,0.75,False,AI_initial,2026-09-28T18:27:25.220839+00:00,CC(C)(C#N)NC(=O)c1ccc(-c2ccnc(Nc3ccc(N4CCOCC4)cc3)n2)cc1,XRZVCGWERZVRNT-UHFFFAOYSA-N,XRZVCGWERZVRNT-UHFFFAOYSA-N,[],[],exchangeable_tertiary_ring_NH_and_full_potential_stereo_v3_20260929,7,7,50.271249605165686,1,CC(C)(C#N)NC(=O)c1ccc(-c2ccnc(Nc3ccc(N4CCOCC4)cc3)n2)cc1,True,True,CC(C)(C#N)NC(=O)c1ccc(-c2ccnc(Nc3ccc(N4CCOCC4)cc3)n2)cc1,True,True,prepared,<PACKAGE_ROOT>\Documents\Codex\TMC1_R2_Scratch_20260929\03_compute\formal_forward_v2_initial278\ligands\LIB_XRZVCGWERZVRNT.sdf,5c788b8696b0d9ebbb7ba9b4802a126b038a9462d73698641f6b9e32309e81b8,<PACKAGE_ROOT>\Documents\Codex\TMC1_R2_Scratch_20260929\03_compute\formal_forward_v2_initial278\ligands\LIB_XRZVCGWERZVRNT.pdbqt,2458a7ea2c6fb55379cb683475388848fd245b7b3d18ee79e38e543c2183abb8,0.702
LIB_FGDRZTODQLVQGL,ChEMBL,CHEMBL1077575,CHEMBL1077575,https://www.ebi.ac.uk/chembl/compound_report_card/CHEMBL1077575/,N#CCC(=O)Nc1cccc(-c2ccnc(Nc3ccc(N4CCOCC4)cc3)n2)c1,N#CCC(=O)Nc1cccc(-c2ccnc(Nc3ccc(N4CCOCC4)cc3)n2)c1,N#CCC(=O)Nc1cccc(-c2ccnc(Nc3ccc(N4CCOCC4)cc3)n2)c1,FGDRZTODQLVQGL-UHFFFAOYSA-N,FGDRZTODQLVQGL,eligible,414.469,3.576,103.17,2,7,6,31,4,0.6354,0,1,1,False,predicted,eligible,False,[],1,N#CCC(=O)Nc1cccc(-c2ccnc(Nc3ccc(N4CCOCC4)cc3)n2)c1,FGDRZTODQLVQGL-UHFFFAOYSA-N,False,[],[],False,False,c1ccc(-c2ccnc(Nc3ccc(N4CCOCC4)cc3)n2)cc1,-7.421111106872559,-8.351289749145508,0.7573017477989197,0.6470588235294118,False,AI_initial,2026-09-28T18:27:25.922967+00:00,N#CCC(=O)Nc1cccc(-c2ccnc(Nc3ccc(N4CCOCC4)cc3)n2)c1,FGDRZTODQLVQGL-UHFFFAOYSA-N,FGDRZTODQLVQGL-UHFFFAOYSA-N,[],[],exchangeable_tertiary_ring_NH_and_full_potential_stereo_v3_20260929,6,6,20.75227064848127,5,N#CCC(=O)Nc1cccc(-c2ccnc(Nc3ccc(N4CCOCC4)cc3)n2)c1,True,True,N#CCC(=O)Nc1cccc(-c2ccnc(Nc3ccc(N4CCOCC4)cc3)n2)c1,True,True,prepared,<PACKAGE_ROOT>\Documents\Codex\TMC1_R2_Scratch_20260929\03_compute\formal_forward_v2_initial278\ligands\LIB_FGDRZTODQLVQGL.sdf,2c3c5e811e4e646c61dfd7a24f0fb8fc86b46e7426544badcd12e794f33f632c,<PACKAGE_ROOT>\Documents\Codex\TMC1_R2_Scratch_20260929\03_compute\formal_forward_v2_initial278\ligands\LIB_FGDRZTODQLVQGL.pdbqt,2404182375cdec54b90bc659c0637336071db624b05798848792bb808c3d261b,0.646
LIB_AIHATKMPAGBKRW,ChEMBL,CHEMBL1087341,CHEMBL1087341,https://www.ebi.ac.uk/chembl/compound_report_card/CHEMBL1087341/,CO[C@H]1O[C@H](COc2ccc(-c3ccccc3)cc2)[C@@H](O)[C@H](O)[C@H]1Oc1ccc2c(c1)-c1ccccc1S2(=O)=O,CO[C@H]1O[C@H](COc2ccc(-c3ccccc3)cc2)[C@@H](O)[C@H](O)[C@H]1Oc1ccc2c(c1)-c1ccccc1S2(=O)=O,COC1OC(COc2ccc(-c3ccccc3)cc2)C(O)C(O)C1Oc1ccc2c(c1)-c1ccccc1S2(=O)=O,AIHATKMPAGBKRW-GQZMCTKHSA-N,AIHATKMPAGBKRW,eligible,560.624,4.086,111.52,2,8,7,40,6,0.3064,0,1,1,False,predicted,eligible,False,[],1,CO[C@H]1O[C@H](COc2ccc(-c3ccccc3)cc2)[C@@H](O)[C@H](O)[C@H]1Oc1ccc2c(c1)-c1ccccc1S2(=O)=O,AIHATKMPAGBKRW-GQZMCTKHSA-N,False,[],[],False,False,O=S1(=O)c2ccccc2-c2cc(OC3CCC(COc4ccc(-c5ccccc5)cc4)OC3)ccc21,-8.203895568847656,-8.349912643432617,0.6091007590293884,0.2903225806451613,True,AI_initial,2026-09-28T18:27:26.571107+00:00,CO[C@H]1O[C@H](COc2ccc(-c3ccccc3)cc2)[C@@H](O)[C@H](O)[C@H]1Oc1ccc2c(c1)-c1ccccc1S2(=O)=O,AIHATKMPAGBKRW-GQZMCTKHSA-N,AIHATKMPAGBKRW-GQZMCTKHSA-N,[],[],exchangeable_tertiary_ring_NH_and_full_potential_stereo_v3_20260929,9,9,198.41047885869077,3,CO[C@H]1O[C@H](COc2ccc(-c3ccccc3)cc2)[C@@H](O)[C@H](O)[C@H]1Oc1ccc2c(c1)-c1ccccc1S2(=O)=O,True,True,CO[C@H]1O[C@H](COc2ccc(-c3ccccc3)cc2)[C@@H](O)[C@H](O)[C@H]1Oc1ccc2c(c1)-c1ccccc1S2(=O)=O,True,True,prepared,<PACKAGE_ROOT>\Documents\Codex\TMC1_R2_Scratch_20260929\03_compute\formal_forward_v2_initial278\ligands\LIB_AIHATKMPAGBKRW.sdf,3b0320b15b63fac5afe484cfa77bf62c5550ebddd6466c578ee976509e95f565,<PACKAGE_ROOT>\Documents\Codex\TMC1_R2_Scratch_20260929\03_compute\formal_forward_v2_initial278\ligands\LIB_AIHATKMPAGBKRW.pdbqt,49771891ff063422da835e2718b7d7e260ebce8083e4f81a54ce2d3f099d2936,1.577
LIB_LZHONOBXZLUENO,ChEMBL,CHEMBL1081918,CHEMBL1081918,https://www.ebi.ac.uk/chembl/compound_report_card/CHEMBL1081918/,O=C(Nc1cccc(C(F)(F)F)c1)c1cc(N2CCC(N3CCCCC3=O)CC2)cc(C(F)(F)F)c1,O=C(Nc1cccc(C(F)(F)F)c1)c1cc(N2CCC(N3CCCCC3=O)CC2)cc(C(F)(F)F)c1,O=C(Nc1cccc(C(F)(F)F)c1)c1cc(N2CCC(N3CCCCC3=O)CC2)cc(C(F)(F)F)c1,LZHONOBXZLUENO-UHFFFAOYSA-N,LZHONOBXZLUENO,eligible,513.482,5.958,52.65,1,3,4,36,4,0.5139,0,1,1,False,predicted,eligible,False,[],1,O=C(Nc1cccc(C(F)(F)F)c1)c1cc(N2CCC([NH+]3CCCCC3=O)CC2)cc(C(F)(F)F)c1,LZHONOBXZLUENO-UHFFFAOYSA-O,True,"[[""Atom_Tetrahedral"", 20]]",[20],False,True,O=C(Nc1ccccc1)c1cccc(N2CCC([NH+]3CCCCC3=O)CC2)c1,-8.05626106262207,-8.344459533691406,0.4869014620780945,0.32098765432098764,False,AI_initial,2026-09-28T18:27:28.148815+00:00,O=C(Nc1cccc(C(F)(F)F)c1)c1cc(N2CCC(N3CCCCC3=O)CC2)cc(C(F)(F)F)c1,LZHONOBXZLUENO-UHFFFAOYSA-N,LZHONOBXZLUENO-UHFFFAOYSA-O,"[[""Atom_Tetrahedral"", 20]]",[20],exchangeable_tertiary_ring_NH_and_full_potential_stereo_v3_20260929,10,10,8.832569220830703,6,O=C(Nc1cccc(C(F)(F)F)c1)c1cc(N2CCC([N@@H+]3CCCCC3=O)CC2)cc(C(F)(F)F)c1,False,True,O=C(Nc1cccc(C(F)(F)F)c1)c1cc(N2CCC([N@@H+]3CCCCC3=O)CC2)cc(C(F)(F)F)c1,False,True,prepared,<PACKAGE_ROOT>\Documents\Codex\TMC1_R2_Scratch_20260929\03_compute\formal_forward_v2_initial278\ligands\LIB_LZHONOBXZLUENO.sdf,03f29158936253a36bc28ff2576644f414101fa0379f42b56268be8c1f4631ea,<PACKAGE_ROOT>\Documents\Codex\TMC1_R2_Scratch_20260929\03_compute\formal_forward_v2_initial278\ligands\LIB_LZHONOBXZLUENO.pdbqt,6da398b2a8c77cf4a991c8f16cd3523858e1b259952c22af65a263f69c15a2d0,1.079
LIB_RNRCLARSVNONBS,ChEMBL,CHEMBL1085564,CHEMBL1085564,https://www.ebi.ac.uk/chembl/compound_report_card/CHEMBL1085564/,CN1CCN(c2cccc(-c3cnn4c(N)c(-c5ccc(NC(=O)Oc6ccccc6)cc5)cnc34)c2)CC1,CN1CCN(c2cccc(-c3cnn4c(N)c(-c5ccc(NC(=O)Oc6ccccc6)cc5)cnc34)c2)CC1,CN1CCN(c2cccc(-c3cnn4c(N)c(-c5ccc(NC(=O)Oc6ccccc6)cc5)cnc34)c2)CC1,RNRCLARSVNONBS-UHFFFAOYSA-N,RNRCLARSVNONBS,eligible,519.609,5.008,101.02,2,7,5,39,6,0.3367,0,1,1,False,predicted,eligible,False,[],1,C[NH+]1CCN(c2cccc(-c3cnn4c(N)c(-c5ccc(NC(=O)Oc6ccccc6)cc5)cnc34)c2)CC1,RNRCLARSVNONBS-UHFFFAOYSA-O,False,[],[1],False,False,O=C(Nc1ccc(-c2cnc3c(-c4cccc(N5CC[NH2+]CC5)c4)cnn3c2)cc1)Oc1ccccc1,-8.254280090332031,-8.331006050109863,0.4603610634803772,0.3541666666666667,False,AI_initial,2026-09-28T18:27:29.230327+00:00,CN1CCN(c2cccc(-c3cnn4c(N)c(-c5ccc(NC(=O)Oc6ccccc6)cc5)cnc34)c2)CC1,RNRCLARSVNONBS-UHFFFAOYSA-N,RNRCLARSVNONBS-UHFFFAOYSA-O,[],[1],exchangeable_tertiary_ring_NH_and_full_potential_stereo_v3_20260929,9,9,231.3688968876715,0,C[NH+]1CCN(c2cccc(-c3cnn4c(N)c(-c5ccc(NC(=O)Oc6ccccc6)cc5)cnc34)c2)CC1,True,True,C[NH+]1CCN(c2cccc(-c3cnn4c(N)c(-c5ccc(NC(=O)Oc6ccccc6)cc5)cnc34)c2)CC1,True,True,prepared,<PACKAGE_ROOT>\Documents\Codex\TMC1_R2_Scratch_20260929\03_compute\formal_forward_v2_initial278\ligands\LIB_RNRCLARSVNONBS.sdf,f47bd49c550a43d79a35806a6919686976e383d93e49f9e4b70e3bceb968e088,<PACKAGE_ROOT>\Documents\Codex\TMC1_R2_Scratch_20260929\03_compute\formal_forward_v2_initial278\ligands\LIB_RNRCLARSVNONBS.pdbqt,1cd507c1c5b312d1e99acd9fb480fe68e4c2ee1453bc587d29783f912e81f9b3,1.347
LIB_CSYGIPIOQSVIRG,ChEMBL,CHEMBL1086870,CHEMBL1086870,https://www.ebi.ac.uk/chembl/compound_report_card/CHEMBL1086870/,NC(=O)c1cccc(-c2cnn3c(-c4cccc(NC(=O)c5cccc(C(F)(F)F)c5)c4)ccnc23)c1,NC(=O)c1cccc(-c2cnn3c(-c4cccc(NC(=O)c5cccc(C(F)(F)F)c5)c4)ccnc23)c1,NC(=O)c1cccc(-c2cnn3c(-c4cccc(NC(=O)c5cccc(C(F)(F)F)c5)c4)ccnc23)c1,CSYGIPIOQSVIRG-UHFFFAOYSA-N,CSYGIPIOQSVIRG,eligible,501.468,5.433,102.38,2,4,5,37,5,0.3351,0,1,1,False,predicted,eligible,False,[],1,NC(=O)c1cccc(-c2cnn3c(-c4cccc(NC(=O)c5cccc(C(F)(F)F)c5)c4)ccnc23)c1,CSYGIPIOQSVIRG-UHFFFAOYSA-N,False,[],[],False,False,O=C(Nc1cccc(-c2ccnc3c(-c4ccccc4)cnn23)c1)c1ccccc1,-8.324416160583496,-8.330052375793457,0.5228801369667053,0.35,False,AI_initial,2026-09-28T18:27:30.578982+00:00,NC(=O)c1cccc(-c2cnn3c(-c4cccc(NC(=O)c5cccc(C(F)(F)F)c5)c4)ccnc23)c1,CSYGIPIOQSVIRG-UHFFFAOYSA-N,CSYGIPIOQSVIRG-UHFFFAOYSA-N,[],[],exchangeable_tertiary_ring_NH_and_full_potential_stereo_v3_20260929,9,9,116.652505959541,5,NC(=O)c1cccc(-c2cnn3c(-c4cccc(NC(=O)c5cccc(C(F)(F)F)c5)c4)ccnc23)c1,True,True,NC(=O)c1cccc(-c2cnn3c(-c4cccc(NC(=O)c5cccc(C(F)(F)F)c5)c4)ccnc23)c1,True,True,prepared,<PACKAGE_ROOT>\Documents\Codex\TMC1_R2_Scratch_20260929\03_compute\formal_forward_v2_initial278\ligands\LIB_CSYGIPIOQSVIRG.sdf,64d6d8e78ecfa10b420440b9766ffaab70a86bf9e5f61e7eb31e3c9db2a23e9e,<PACKAGE_ROOT>\Documents\Codex\TMC1_R2_Scratch_20260929\03_compute\formal_forward_v2_initial278\ligands\LIB_CSYGIPIOQSVIRG.pdbqt,05c1f880a4f68a46ddaa9a7d55d537f2f62e41e3440d935c7ce00ca5409f6381,0.723
LIB_SNCROWOTWGUING,ChEMBL,CHEMBL1079078,CHEMBL1079078,https://www.ebi.ac.uk/chembl/compound_report_card/CHEMBL1079078/,CS(=O)(=O)Nc1ccc(-c2ccnc(Nc3ccc(N4CCC(O)CC4)cc3)n2)cc1,CS(=O)(=O)Nc1ccc(-c2ccnc(Nc3ccc(N4CCC(O)CC4)cc3)n2)cc1,CS(=O)(=O)Nc1ccc(-c2ccnc(Nc3ccc(N4CCC(O)CC4)cc3)n2)cc1,SNCROWOTWGUING-UHFFFAOYSA-N,SNCROWOTWGUING,eligible,439.541,3.22,107.45,3,7,6,31,4,0.5412,0,1,1,False,predicted,eligible,False,[],1,CS(=O)(=O)Nc1ccc(-c2ccnc(Nc3ccc(N4CCC(O)CC4)cc3)n2)cc1,SNCROWOTWGUING-UHFFFAOYSA-N,False,[],[],False,False,c1ccc(-c2ccnc(Nc3ccc(N4CCCCC4)cc3)n2)cc1,-7.479372024536133,-8.326055526733398,0.6205909252166748,0.5072463768115942,False,AI_initial,2026-09-28T18:27:31.303015+00:00,CS(=O)(=O)Nc1ccc(-c2ccnc(Nc3ccc(N4CCC(O)CC4)cc3)n2)cc1,SNCROWOTWGUING-UHFFFAOYSA-N,SNCROWOTWGUING-UHFFFAOYSA-N,[],[],exchangeable_tertiary_ring_NH_and_full_potential_stereo_v3_20260929,9,9,-81.63358312996938,1,CS(=O)(=O)Nc1ccc(-c2ccnc(Nc3ccc(N4CCC(O)CC4)cc3)n2)cc1,True,True,CS(=O)(=O)Nc1ccc(-c2ccnc(Nc3ccc(N4CCC(O)CC4)cc3)n2)cc1,True,True,prepared,<PACKAGE_ROOT>\Documents\Codex\TMC1_R2_Scratch_20260929\03_compute\formal_forward_v2_initial278\ligands\LIB_SNCROWOTWGUING.sdf,c4d3c2bf61de8af530e6cc905f1b4ac79c1dc96a1c6640d04f2203ce74d96e86,<PACKAGE_ROOT>\Documents\Codex\TMC1_R2_Scratch_20260929\03_compute\formal_forward_v2_initial278\ligands\LIB_SNCROWOTWGUING.pdbqt,93c47e4b8e4e10641f23da886260a880000d98de5fa5ae875d7688a1c2a1f102,0.716
LIB_LFIZDKRIFIBADR,ChEMBL,CHEMBL1082023,CHEMBL1082023,https://www.ebi.ac.uk/chembl/compound_report_card/CHEMBL1082023/,Cc1cc(-c2cccc3nc(Nc4ccc(N5CCN(C)CC5)cc4)oc23)ccc1C(=O)N1CCOCC1,Cc1cc(-c2cccc3nc(Nc4ccc(N5CCN(C)CC5)cc4)oc23)ccc1C(=O)N1CCOCC1,Cc1cc(-c2cccc3nc(Nc4ccc(N5CCN(C)CC5)cc4)oc23)ccc1C(=O)N1CCOCC1,LFIZDKRIFIBADR-UHFFFAOYSA-N,LFIZDKRIFIBADR,eligible,511.626,4.771,74.08,1,7,5,38,6,0.4137,0,1,1,False,predicted,eligible,False,[],1,Cc1cc(-c2cccc3nc(Nc4ccc(N5CC[NH+](C)CC5)cc4)oc23)ccc1C(=O)[NH+]1CCOCC1,LFIZDKRIFIBADR-UHFFFAOYSA-P,False,[],"[19, 32]",False,False,O=C(c1ccc(-c2cccc3nc(Nc4ccc(N5CC[NH2+]CC5)cc4)oc23)cc1)[NH+]1CCOCC1,-7.840586185455322,-8.306716918945312,0.5571945309638977,0.35051546391752575,False,AI_initial,2026-09-28T18:27:32.019745+00:00,Cc1cc(-c2cccc3nc(Nc4ccc(N5CCN(C)CC5)cc4)oc23)ccc1C(=O)N1CCOCC1,LFIZDKRIFIBADR-UHFFFAOYSA-N,LFIZDKRIFIBADR-UHFFFAOYSA-P,[],"[19, 32]",exchangeable_tertiary_ring_NH_and_full_potential_stereo_v3_20260929,10,10,178.15805016221148,1,Cc1cc(-c2cccc3nc(Nc4ccc(N5CC[NH+](C)CC5)cc4)oc23)ccc1C(=O)[NH+]1CCOCC1,True,True,Cc1cc(-c2cccc3nc(Nc4ccc(N5CC[NH+](C)CC5)cc4)oc23)ccc1C(=O)[NH+]1CCOCC1,True,True,prepared,<PACKAGE_ROOT>\Documents\Codex\TMC1_R2_Scratch_20260929\03_compute\formal_forward_v2_initial278\ligands\LIB_LFIZDKRIFIBADR.sdf,c5e747737caa758ba68074dda6cff388fe39a5c12365a36c8ed2fa74a24825de,<PACKAGE_ROOT>\Documents\Codex\TMC1_R2_Scratch_20260929\03_compute\formal_forward_v2_initial278\ligands\LIB_LFIZDKRIFIBADR.pdbqt,9da6dbac31b4a706961732ddb8fac85252171a8ec2faebac284068d686b52047,1.55
LIB_JWNVJLOTJWLIAA,ChEMBL,CHEMBL1078934,CHEMBL1078934,https://www.ebi.ac.uk/chembl/compound_report_card/CHEMBL1078934/,CN1CCN(c2ccc(Nc3nccc(-c4ccc(C(=O)NCC#N)cc4)n3)cc2)CC1,CN1CCN(c2ccc(Nc3nccc(-c4ccc(C(=O)NCC#N)cc4)n3)cc2)CC1,CN1CCN(c2ccc(Nc3nccc(-c4ccc(C(=O)NCC#N)cc4)n3)cc2)CC1,JWNVJLOTJWLIAA-UHFFFAOYSA-N,JWNVJLOTJWLIAA,eligible,427.512,2.892,97.18,2,7,6,32,4,0.584,0,1,1,False,predicted,eligible,False,[],1,C[NH+]1CCN(c2ccc(Nc3nccc(-c4ccc(C(=O)NCC#N)cc4)n3)cc2)CC1,JWNVJLOTJWLIAA-UHFFFAOYSA-O,False,[],[1],False,False,c1ccc(-c2ccnc(Nc3ccc(N4CC[NH2+]CC4)cc3)n2)cc1,-7.303096771240234,-8.298506736755371,0.394569456577301,0.8064516129032258,False,AI_initial,2026-09-28T18:27:33.571317+00:00,CN1CCN(c2ccc(Nc3nccc(-c4ccc(C(=O)NCC#N)cc4)n3)cc2)CC1,JWNVJLOTJWLIAA-UHFFFAOYSA-N,JWNVJLOTJWLIAA-UHFFFAOYSA-O,[],[1],exchangeable_tertiary_ring_NH_and_full_potential_stereo_v3_20260929,9,9,71.78202428262428,8,C[NH+]1CCN(c2ccc(Nc3nccc(-c4ccc(C(=O)NCC#N)cc4)n3)cc2)CC1,True,True,C[NH+]1CCN(c2ccc(Nc3nccc(-c4ccc(C(=O)NCC#N)cc4)n3)cc2)CC1,True,True,prepared,<PACKAGE_ROOT>\Documents\Codex\TMC1_R2_Scratch_20260929\03_compute\formal_forward_v2_initial278\ligands\LIB_JWNVJLOTJWLIAA.sdf,6778d68a0b231a0dbaf9ef75d0c1ad50f2cd1ad6fccddc0089cf1cbaf56b28c6,<PACKAGE_ROOT>\Documents\Codex\TMC1_R2_Scratch_20260929\03_compute\formal_forward_v2_initial278\ligands\LIB_JWNVJLOTJWLIAA.pdbqt,3207a25f669f08652777b00525cfc5e6834683e5cb5ed9ad4257cbb0f09dbf67,0.77
LIB_PLFCIUGPHZFBAC,ChEMBL,CHEMBL1086497,CHEMBL1086497,https://www.ebi.ac.uk/chembl/compound_report_card/CHEMBL1086497/,Cc1cc(NC(=O)Nc2cc(N3CCOCC3)cc(C(F)(F)F)c2)ccc1-c1nc2[nH]ncc2[nH]1,Cc1cc(NC(=O)Nc2cc(N3CCOCC3)cc(C(F)(F)F)c2)ccc1-c1nc2[nH]ncc2[nH]1,Cc1cc(NC(=O)Nc2cc(N3CCOCC3)cc(C(F)(F)F)c2)ccc1-c1nc2[nH]ncc2[nH]1,PLFCIUGPHZFBAC-UHFFFAOYSA-N,PLFCIUGPHZFBAC,eligible,485.47,4.761,110.96,4,5,4,35,5,0.3332,0,1,1,False,predicted,eligible,False,[],1,Cc1cc(NC(=O)Nc2cc(N3CCOCC3)cc(C(F)(F)F)c2)ccc1-c1nc2[n-]ncc2[n-]1,RYRXPXPKDUABJL-UHFFFAOYSA-M,False,[],[],False,False,O=C(Nc1ccc(-c2nc3[n-]ncc3[n-]2)cc1)Nc1cccc(N2CCOCC2)c1,-8.336174964904785,-8.294754028320312,0.49694404006004333,0.2625,True,AI_initial,2026-09-28T18:27:34.342257+00:00,Cc1cc(NC(=O)Nc2cc(N3CCOCC3)cc(C(F)(F)F)c2)ccc1-c1nc2[nH]ncc2[nH]1,PLFCIUGPHZFBAC-UHFFFAOYSA-N,RYRXPXPKDUABJL-UHFFFAOYSA-M,[],[],exchangeable_tertiary_ring_NH_and_full_potential_stereo_v3_20260929,9,9,192.23745990614754,2,Cc1cc(NC(=O)Nc2cc(N3CCOCC3)cc(C(F)(F)F)c2)ccc1-c1nc2[n-]ncc2[n-]1,True,True,Cc1cc(NC(=O)Nc2cc(N3CCOCC3)cc(C(F)(F)F)c2)ccc1-c1nc2[n-]ncc2[n-]1,True,True,prepared,<PACKAGE_ROOT>\Documents\Codex\TMC1_R2_Scratch_20260929\03_compute\formal_forward_v2_initial278\ligands\LIB_PLFCIUGPHZFBAC.sdf,768557ea2668f4441eb9bfb0fa4fd89b7cf4d2663d50b80e891c0214dcbeae59,<PACKAGE_ROOT>\Documents\Codex\TMC1_R2_Scratch_20260929\03_compute\formal_forward_v2_initial278\ligands\LIB_PLFCIUGPHZFBAC.pdbqt,ee8d5d4aed70c3b641bad1c19fae77d85c8712630be355b462cb89606bc72e1b,0.794
LIB_DKFAHLYMYSORAF,ChEMBL,CHEMBL1077205,CHEMBL1077205,https://www.ebi.ac.uk/chembl/compound_report_card/CHEMBL1077205/,C[C@H](O)CNc1nccc(-n2ccnc2-c2cccc(NC(=O)c3cc(N4CCN(C)CC4)cc(C(F)(F)F)c3)c2)n1,C[C@H](O)CNc1nccc(-n2ccnc2-c2cccc(NC(=O)c3cc(N4CCN(C)CC4)cc(C(F)(F)F)c3)c2)n1,CC(O)CNc1nccc(-n2ccnc2-c2cccc(NC(=O)c3cc(N4CCN(C)CC4)cc(C(F)(F)F)c3)c2)n1,DKFAHLYMYSORAF-IBGZPJMESA-N,DKFAHLYMYSORAF,eligible,580.615,4.145,111.44,3,8,8,42,5,0.2853,0,1,1,False,predicted,eligible,False,[],1,C[C@H](O)CNc1nccc(-n2ccnc2-c2cccc(NC(=O)c3cc(N4CC[NH+](C)CC4)cc(C(F)(F)F)c3)c2)n1,DKFAHLYMYSORAF-IBGZPJMESA-O,False,[],[29],False,False,O=C(Nc1cccc(-c2nccn2-c2ccncn2)c1)c1cccc(N2CC[NH2+]CC2)c1,-8.226339340209961,-8.291253089904785,0.47767019271850586,0.2882882882882883,True,AI_initial,2026-09-28T18:27:35.138499+00:00,C[C@H](O)CNc1nccc(-n2ccnc2-c2cccc(NC(=O)c3cc(N4CCN(C)CC4)cc(C(F)(F)F)c3)c2)n1,DKFAHLYMYSORAF-IBGZPJMESA-N,DKFAHLYMYSORAF-IBGZPJMESA-O,[],[29],exchangeable_tertiary_ring_NH_and_full_potential_stereo_v3_20260929,10,10,113.12330692606491,4,C[C@H](O)CNc1nccc(-n2ccnc2-c2cccc(NC(=O)c3cc(N4CC[NH+](C)CC4)cc(C(F)(F)F)c3)c2)n1,True,True,C[C@H](O)CNc1nccc(-n2ccnc2-c2cccc(NC(=O)c3cc(N4CC[NH+](C)CC4)cc(C(F)(F)F)c3)c2)n1,True,True,prepared,<PACKAGE_ROOT>\Documents\Codex\TMC1_R2_Scratch_20260929\03_compute\formal_forward_v2_initial278\ligands\LIB_DKFAHLYMYSORAF.sdf,452240dde242a39071ebc7374d2fec95c646c071bfae9127a03346e6dc9ec1e5,<PACKAGE_ROOT>\Documents\Codex\TMC1_R2_Scratch_20260929\03_compute\formal_forward_v2_initial278\ligands\LIB_DKFAHLYMYSORAF.pdbqt,9ee153bc5908c241b13a341dfa36cab0d36f656b90611dbbe2edda1f5fd1ca38,1.897
LIB_PUSXXXWMEJEPSR,ChEMBL,CHEMBL1079924,CHEMBL1079924,https://www.ebi.ac.uk/chembl/compound_report_card/CHEMBL1079924/,O=C(Nc1cccc(C(F)(F)F)c1)c1cc(N2CCC(N3CCCCC3)CC2)cc(C(F)(F)F)c1,O=C(Nc1cccc(C(F)(F)F)c1)c1cc(N2CCC(N3CCCCC3)CC2)cc(C(F)(F)F)c1,O=C(Nc1cccc(C(F)(F)F)c1)c1cc(N2CCC(N3CCCCC3)CC2)cc(C(F)(F)F)c1,PUSXXXWMEJEPSR-UHFFFAOYSA-N,PUSXXXWMEJEPSR,eligible,499.499,6.431,35.58,1,3,4,35,4,0.4927,0,1,1,False,predicted,eligible,False,[],1,O=C(Nc1cccc(C(F)(F)F)c1)c1cc(N2CCC([NH+]3CCCCC3)CC2)cc(C(F)(F)F)c1,PUSXXXWMEJEPSR-UHFFFAOYSA-O,False,[],[20],False,False,O=C(Nc1ccccc1)c1cccc(N2CCC([NH+]3CCCCC3)CC2)c1,-7.988533020019531,-8.283008575439453,0.5459949970245361,0.3246753246753247,False,AI_initial,2026-09-28T18:27:37.036837+00:00,O=C(Nc1cccc(C(F)(F)F)c1)c1cc(N2CCC(N3CCCCC3)CC2)cc(C(F)(F)F)c1,PUSXXXWMEJEPSR-UHFFFAOYSA-N,PUSXXXWMEJEPSR-UHFFFAOYSA-O,[],[20],exchangeable_tertiary_ring_NH_and_full_potential_stereo_v3_20260929,10,10,73.71767645474787,1,O=C(Nc1cccc(C(F)(F)F)c1)c1cc(N2CCC([NH+]3CCCCC3)CC2)cc(C(F)(F)F)c1,True,True,O=C(Nc1cccc(C(F)(F)F)c1)c1cc(N2CCC([NH+]3CCCCC3)CC2)cc(C(F)(F)F)c1,True,True,prepared,<PACKAGE_ROOT>\Documents\Codex\TMC1_R2_Scratch_20260929\03_compute\formal_forward_v2_initial278\ligands\LIB_PUSXXXWMEJEPSR.sdf,45149e80ce9d44a66efdf4aa1145d7b9981d230f2130218c95e7184861d7248f,<PACKAGE_ROOT>\Documents\Codex\TMC1_R2_Scratch_20260929\03_compute\formal_forward_v2_initial278\ligands\LIB_PUSXXXWMEJEPSR.pdbqt,07ed8b67dd05b9a39c944b3538b436ba7806531025ebe4522ea09364dfbbe58d,1.115
LIB_SICRXINMTYWPHY,ChEMBL,CHEMBL1082125,CHEMBL1082125,https://www.ebi.ac.uk/chembl/compound_report_card/CHEMBL1082125/,O=C(Nc1cc(N2CCC(N3CCCC3)CC2)cc(C(F)(F)F)c1)c1cccc(C(F)(F)F)c1,O=C(Nc1cc(N2CCC(N3CCCC3)CC2)cc(C(F)(F)F)c1)c1cccc(C(F)(F)F)c1,O=C(Nc1cc(N2CCC(N3CCCC3)CC2)cc(C(F)(F)F)c1)c1cccc(C(F)(F)F)c1,SICRXINMTYWPHY-UHFFFAOYSA-N,SICRXINMTYWPHY,eligible,485.472,6.041,35.58,1,3,4,34,4,0.5366,0,1,1,False,predicted,eligible,False,[],1,O=C(Nc1cc(N2CCC([NH+]3CCCC3)CC2)cc(C(F)(F)F)c1)c1cccc(C(F)(F)F)c1,SICRXINMTYWPHY-UHFFFAOYSA-O,False,[],[10],False,False,O=C(Nc1cccc(N2CCC([NH+]3CCCC3)CC2)c1)c1ccccc1,-7.860851764678955,-8.282219886779785,0.5673302412033081,0.3116883116883117,False,AI_initial,2026-09-28T18:27:38.152813+00:00,O=C(Nc1cc(N2CCC(N3CCCC3)CC2)cc(C(F)(F)F)c1)c1cccc(C(F)(F)F)c1,SICRXINMTYWPHY-UHFFFAOYSA-N,SICRXINMTYWPHY-UHFFFAOYSA-O,[],[10],exchangeable_tertiary_ring_NH_and_full_potential_stereo_v3_20260929,10,10,79.05538563588613,0,O=C(Nc1cc(N2CCC([NH+]3CCCC3)CC2)cc(C(F)(F)F)c1)c1cccc(C(F)(F)F)c1,True,True,O=C(Nc1cc(N2CCC([NH+]3CCCC3)CC2)cc(C(F)(F)F)c1)c1cccc(C(F)(F)F)c1,True,True,prepared,<PACKAGE_ROOT>\Documents\Codex\TMC1_R2_Scratch_20260929\03_compute\formal_forward_v2_initial278\ligands\LIB_SICRXINMTYWPHY.sdf,cf0322c82945b1ecd68a2e0573434a74c7a6383540243c37a021e32b77690bf3,<PACKAGE_ROOT>\Documents\Codex\TMC1_R2_Scratch_20260929\03_compute\formal_forward_v2_initial278\ligands\LIB_SICRXINMTYWPHY.pdbqt,72ade74cb31669bd7445bd858ce2c9490f7043c788c2ffaa826c4396ebaef195,1.109
LIB_FRZNJFWQVYAVCE,ChEMBL,CHEMBL101035,CHEMBL101035,https://www.ebi.ac.uk/chembl/compound_report_card/CHEMBL101035/,Cc1ccc(-n2nc(C(C)(C)C)cc2NC(=O)Nc2ccc(OCCN3CCOCC3)cc2)cc1,Cc1ccc(-n2nc(C(C)(C)C)cc2NC(=O)Nc2ccc(OCCN3CCOCC3)cc2)cc1,Cc1ccc(-n2nc(C(C)(C)C)cc2NC(=O)Nc2ccc(OCCN3CCOCC3)cc2)cc1,FRZNJFWQVYAVCE-UHFFFAOYSA-N,FRZNJFWQVYAVCE,eligible,477.609,4.833,80.65,2,5,7,35,4,0.5093,0,1,1,False,predicted,eligible,False,[],1,Cc1ccc(-n2nc(C(C)(C)C)cc2NC(=O)Nc2ccc(OCC[NH+]3CCOCC3)cc2)cc1,FRZNJFWQVYAVCE-UHFFFAOYSA-O,False,[],[25],False,False,O=C(Nc1ccc(OCC[NH+]2CCOCC2)cc1)Nc1ccnn1-c1ccccc1,-7.663625717163086,-8.281527519226074,0.49297794699668884,0.4725274725274725,False,AI_initial,2026-09-28T18:27:39.264083+00:00,Cc1ccc(-n2nc(C(C)(C)C)cc2NC(=O)Nc2ccc(OCCN3CCOCC3)cc2)cc1,FRZNJFWQVYAVCE-UHFFFAOYSA-N,FRZNJFWQVYAVCE-UHFFFAOYSA-O,[],[25],exchangeable_tertiary_ring_NH_and_full_potential_stereo_v3_20260929,10,10,149.75140045640353,9,Cc1ccc(-n2nc(C(C)(C)C)cc2NC(=O)Nc2ccc(OCC[NH+]3CCOCC3)cc2)cc1,True,True,Cc1ccc(-n2nc(C(C)(C)C)cc2NC(=O)Nc2ccc(OCC[NH+]3CCOCC3)cc2)cc1,True,True,prepared,<PACKAGE_ROOT>\Documents\Codex\TMC1_R2_Scratch_20260929\03_compute\formal_forward_v2_initial278\ligands\LIB_FRZNJFWQVYAVCE.sdf,6ea51b98e66af17b3b509067d27c2357d9eda0cdb4d1883f92a4e6dc6a2409a7,<PACKAGE_ROOT>\Documents\Codex\TMC1_R2_Scratch_20260929\03_compute\formal_forward_v2_initial278\ligands\LIB_FRZNJFWQVYAVCE.pdbqt,5337aa6cdf88009b9620fb291b235542c75b6d59885d55ffa8c2996c9326a380,1.413
LIB_NPSXOCPQKKCBFX,ChEMBL,CHEMBL1083001,CHEMBL1083001,https://www.ebi.ac.uk/chembl/compound_report_card/CHEMBL1083001/,CN1CCN(c2ccc(-c3cnn4c(N)c(-c5ccc(NC(=O)CCC6CCCC6)cc5)cnc34)cc2)CC1,CN1CCN(c2ccc(-c3cnn4c(N)c(-c5ccc(NC(=O)CCC6CCCC6)cc5)cnc34)cc2)CC1,CN1CCN(c2ccc(-c3cnn4c(N)c(-c5ccc(NC(=O)CCC6CCCC6)cc5)cnc34)cc2)CC1,NPSXOCPQKKCBFX-UHFFFAOYSA-N,NPSXOCPQKKCBFX,eligible,523.685,5.306,91.79,2,6,7,39,6,0.3413,0,1,1,False,predicted,eligible,False,[],1,C[NH+]1CCN(c2ccc(-c3cnn4c(N)c(-c5ccc(NC(=O)CCC6CCCC6)cc5)cnc34)cc2)CC1,NPSXOCPQKKCBFX-UHFFFAOYSA-O,False,[],[1],False,False,O=C(CCC1CCCC1)Nc1ccc(-c2cnc3c(-c4ccc(N5CC[NH2+]CC5)cc4)cnn3c2)cc1,-8.077991485595703,-8.28135871887207,0.6186600923538208,0.30303030303030304,False,AI_initial,2026-09-28T18:27:40.677733+00:00,CN1CCN(c2ccc(-c3cnn4c(N)c(-c5ccc(NC(=O)CCC6CCCC6)cc5)cnc34)cc2)CC1,NPSXOCPQKKCBFX-UHFFFAOYSA-N,NPSXOCPQKKCBFX-UHFFFAOYSA-O,[],[1],exchangeable_tertiary_ring_NH_and_full_potential_stereo_v3_20260929,9,9,231.76998335768582,7,C[NH+]1CCN(c2ccc(-c3cnn4c(N)c(-c5ccc(NC(=O)CCC6CCCC6)cc5)cnc34)cc2)CC1,True,True,C[NH+]1CCN(c2ccc(-c3cnn4c(N)c(-c5ccc(NC(=O)CCC6CCCC6)cc5)cnc34)cc2)CC1,True,True,prepared,<PACKAGE_ROOT>\Documents\Codex\TMC1_R2_Scratch_20260929\03_compute\formal_forward_v2_initial278\ligands\LIB_NPSXOCPQKKCBFX.sdf,8aecd06ba4eb29f61532d62bb810c309acb7ac14435c486b04b7578ff4b1e7c5,<PACKAGE_ROOT>\Documents\Codex\TMC1_R2_Scratch_20260929\03_compute\formal_forward_v2_initial278\ligands\LIB_NPSXOCPQKKCBFX.pdbqt,79ff18c22ecd0cba9b1ae3b16ee86d5de760099e9bef99abf4f5353acb37e9ee,1.708
LIB_XCQOHJYGSBLSOW,ChEMBL,CHEMBL1077211,CHEMBL1077211,https://www.ebi.ac.uk/chembl/compound_report_card/CHEMBL1077211/,C[C@H](O)CNc1nccc(-n2ccnc2-c2ccc(NC(=O)c3cc(N4CCOCC4)cc(C(F)(F)F)c3)cc2)n1,C[C@H](O)CNc1nccc(-n2ccnc2-c2ccc(NC(=O)c3cc(N4CCOCC4)cc(C(F)(F)F)c3)cc2)n1,CC(O)CNc1nccc(-n2ccnc2-c2ccc(NC(=O)c3cc(N4CCOCC4)cc(C(F)(F)F)c3)cc2)n1,XCQOHJYGSBLSOW-SFHVURJKSA-N,XCQOHJYGSBLSOW,eligible,567.572,4.23,117.43,3,8,8,41,5,0.2898,0,1,1,False,predicted,eligible,False,[],1,C[C@H](O)CNc1nccc(-n2ccnc2-c2ccc(NC(=O)c3cc(N4CCOCC4)cc(C(F)(F)F)c3)cc2)n1,XCQOHJYGSBLSOW-SFHVURJKSA-N,False,[],[],False,False,O=C(Nc1ccc(-c2nccn2-c2ccncn2)cc1)c1cccc(N2CCOCC2)c1,-8.292000770568848,-8.278867721557617,0.49020466208457947,0.3655913978494624,False,AI_initial,2026-09-28T18:27:42.387651+00:00,C[C@H](O)CNc1nccc(-n2ccnc2-c2ccc(NC(=O)c3cc(N4CCOCC4)cc(C(F)(F)F)c3)cc2)n1,XCQOHJYGSBLSOW-SFHVURJKSA-N,XCQOHJYGSBLSOW-SFHVURJKSA-N,[],[],exchangeable_tertiary_ring_NH_and_full_potential_stereo_v3_20260929,10,10,78.89828569366475,8,C[C@H](O)CNc1nccc(-n2ccnc2-c2ccc(NC(=O)c3cc(N4CCOCC4)cc(C(F)(F)F)c3)cc2)n1,True,True,C[C@H](O)CNc1nccc(-n2ccnc2-c2ccc(NC(=O)c3cc(N4CCOCC4)cc(C(F)(F)F)c3)cc2)n1,True,True,prepared,<PACKAGE_ROOT>\Documents\Codex\TMC1_R2_Scratch_20260929\03_compute\formal_forward_v2_initial278\ligands\LIB_XCQOHJYGSBLSOW.sdf,1c66f150913c1b365866b31ad219060a20996944c5024dfcf0ddacb153900d98,<PACKAGE_ROOT>\Documents\Codex\TMC1_R2_Scratch_20260929\03_compute\formal_forward_v2_initial278\ligands\LIB_XCQOHJYGSBLSOW.pdbqt,00bb57cec76fb92668b80232d57854246619b5353f3a8a2c109a673330b4df46,1.463
LIB_WYYDKVUNYRLXHX,ChEMBL,CHEMBL1084028,CHEMBL1084028,https://www.ebi.ac.uk/chembl/compound_report_card/CHEMBL1084028/,CN1CCN(c2cccc(-c3cnn4c(N)c(-c5ccc(NC(=O)NCC6CCCCC6)cc5)cnc34)c2)CC1,CN1CCN(c2cccc(-c3cnn4c(N)c(-c5ccc(NC(=O)NCC6CCCCC6)cc5)cnc34)c2)CC1,CN1CCN(c2cccc(-c3cnn4c(N)c(-c5ccc(NC(=O)NCC6CCCCC6)cc5)cnc34)c2)CC1,WYYDKVUNYRLXHX-UHFFFAOYSA-N,WYYDKVUNYRLXHX,eligible,538.7,5.099,103.82,3,6,6,40,6,0.3157,0,1,1,False,predicted,eligible,False,[],1,C[NH+]1CCN(c2cccc(-c3cnn4c(N)c(-c5ccc(NC(=O)NCC6CCCCC6)cc5)cnc34)c2)CC1,WYYDKVUNYRLXHX-UHFFFAOYSA-O,False,[],[1],False,False,O=C(NCC1CCCCC1)Nc1ccc(-c2cnc3c(-c4cccc(N5CC[NH2+]CC5)c4)cnn3c2)cc1,-8.359039306640625,-8.27865219116211,0.5654021501541138,0.3076923076923077,False,AI_initial,2026-09-28T18:27:43.851850+00:00,CN1CCN(c2cccc(-c3cnn4c(N)c(-c5ccc(NC(=O)NCC6CCCCC6)cc5)cnc34)c2)CC1,WYYDKVUNYRLXHX-UHFFFAOYSA-N,WYYDKVUNYRLXHX-UHFFFAOYSA-O,[],[1],exchangeable_tertiary_ring_NH_and_full_potential_stereo_v3_20260929,10,10,165.65231385838354,3,C[NH+]1CCN(c2cccc(-c3cnn4c(N)c(-c5ccc(NC(=O)NCC6CCCCC6)cc5)cnc34)c2)CC1,True,True,C[NH+]1CCN(c2cccc(-c3cnn4c(N)c(-c5ccc(NC(=O)NCC6CCCCC6)cc5)cnc34)c2)CC1,True,True,prepared,<PACKAGE_ROOT>\Documents\Codex\TMC1_R2_Scratch_20260929\03_compute\formal_forward_v2_initial278\ligands\LIB_WYYDKVUNYRLXHX.sdf,f75b2f5ce6fbd42cc82f7d2cb131e0b64e18d1ed578e845769d5d26d4481f922,<PACKAGE_ROOT>\Documents\Codex\TMC1_R2_Scratch_20260929\03_compute\formal_forward_v2_initial278\ligands\LIB_WYYDKVUNYRLXHX.pdbqt,2be7ce436d64977f34eaeb5997fc428f69635babc36c9fa587bc272dd5283782,1.822
LIB_IVCDTDIZAJTORZ,ChEMBL,CHEMBL1081204,CHEMBL1081204,https://www.ebi.ac.uk/chembl/compound_report_card/CHEMBL1081204/,O=C(Nc1cccc(C(F)(F)F)c1)Nc1cc(N2CCC(N3CCCC3)CC2)cc(C(F)(F)F)c1,O=C(Nc1cccc(C(F)(F)F)c1)Nc1cc(N2CCC(N3CCCC3)CC2)cc(C(F)(F)F)c1,O=C(Nc1cccc(C(F)(F)F)c1)Nc1cc(N2CCC(N3CCCC3)CC2)cc(C(F)(F)F)c1,IVCDTDIZAJTORZ-UHFFFAOYSA-N,IVCDTDIZAJTORZ,eligible,500.487,6.433,47.61,2,3,4,35,4,0.4758,0,1,1,False,predicted,eligible,False,[],1,O=C(Nc1cccc(C(F)(F)F)c1)Nc1cc(N2CCC([NH+]3CCCC3)CC2)cc(C(F)(F)F)c1,IVCDTDIZAJTORZ-UHFFFAOYSA-O,False,[],[21],False,False,O=C(Nc1ccccc1)Nc1cccc(N2CCC([NH+]3CCCC3)CC2)c1,-8.090865135192871,-8.278017044067383,0.5549790859222412,0.32,False,AI_initial,2026-09-28T18:27:45.675382+00:00,O=C(Nc1cccc(C(F)(F)F)c1)Nc1cc(N2CCC(N3CCCC3)CC2)cc(C(F)(F)F)c1,IVCDTDIZAJTORZ-UHFFFAOYSA-N,IVCDTDIZAJTORZ-UHFFFAOYSA-O,[],[21],exchangeable_tertiary_ring_NH_and_full_potential_stereo_v3_20260929,10,10,14.014287839731924,9,O=C(Nc1cccc(C(F)(F)F)c1)Nc1cc(N2CCC([NH+]3CCCC3)CC2)cc(C(F)(F)F)c1,True,True,O=C(Nc1cccc(C(F)(F)F)c1)Nc1cc(N2CCC([NH+]3CCCC3)CC2)cc(C(F)(F)F)c1,True,True,prepared,<PACKAGE_ROOT>\Documents\Codex\TMC1_R2_Scratch_20260929\03_compute\formal_forward_v2_initial278\ligands\LIB_IVCDTDIZAJTORZ.sdf,a3c309943c6ab197994580075b469129ebf44bab4b97fa05d3f30c26f4f374cc,<PACKAGE_ROOT>\Documents\Codex\TMC1_R2_Scratch_20260929\03_compute\formal_forward_v2_initial278\ligands\LIB_IVCDTDIZAJTORZ.pdbqt,74e4438a2c379630667553486729fa9c544716810c65530fffdd518b9d548429,1.107
LIB_BARDROPHSZEBKC,ChEMBL,CHEMBL1199324,CHEMBL1199324;CHEMBL1201782,https://www.ebi.ac.uk/chembl/compound_report_card/CHEMBL1199324/,C[C@@H](O[C@H]1OCCN(Cc2nn(P(=O)(O)O)c(=O)[nH]2)[C@H]1c1ccc(F)cc1)c1cc(C(F)(F)F)cc(C(F)(F)F)c1,C[C@@H](O[C@H]1OCCN(Cc2nc(=O)n(P(=O)(O)O)[nH]2)[C@H]1c1ccc(F)cc1)c1cc(C(F)(F)F)cc(C(F)(F)F)c1,CC(OC1OCCN(Cc2nc(=O)n(P(=O)(O)O)[nH]2)C1c1ccc(F)cc1)c1cc(C(F)(F)F)cc(C(F)(F)F)c1,BARDROPHSZEBKC-OITMNORJSA-N,BARDROPHSZEBKC,eligible,614.411,4.366,129.91,3,6,7,41,4,0.2646,0,2,1,False,predicted,eligible,False,[],1,C[C@@H](O[C@H]1OCC[NH+](Cc2nc(=O)n(P(=O)([O-])[O-])[n-]2)[C@H]1c1ccc(F)cc1)c1cc(C(F)(F)F)cc(C(F)(F)F)c1,OUNJBEMOLRDPGP-OITMNORJSA-L,True,"[[""Atom_Tetrahedral"", 7]]",[7],False,True,O=c1nc(C[NH+]2CCOC(OCc3ccccc3)C2c2ccccc2)[n-][nH]1,-8.304289817810059,-8.275656700134277,0.7107915878295898,0.2916666666666667,True,AI_initial,2026-09-28T18:27:46.784641+00:00,C[C@@H](O[C@H]1OCCN(Cc2nc(=O)n(P(=O)(O)O)[nH]2)[C@H]1c1ccc(F)cc1)c1cc(C(F)(F)F)cc(C(F)(F)F)c1,BARDROPHSZEBKC-OITMNORJSA-N,OUNJBEMOLRDPGP-OITMNORJSA-L,"[[""Atom_Tetrahedral"", 7]]",[7],exchangeable_tertiary_ring_NH_and_full_potential_stereo_v3_20260929,10,10,-32.7350372533118,5,C[C@@H](O[C@H]1OCC[N@@H+](Cc2nc(=O)n(P(=O)([O-])[O-])[n-]2)[C@H]1c1ccc(F)cc1)c1cc(C(F)(F)F)cc(C(F)(F)F)c1,False,True,C[C@@H](O[C@H]1OCC[N@@H+](Cc2nc(=O)n(P(=O)([O-])[O-])[n-]2)[C@H]1c1ccc(F)cc1)c1cc(C(F)(F)F)cc(C(F)(F)F)c1,False,True,prepared,<PACKAGE_ROOT>\Documents\Codex\TMC1_R2_Scratch_20260929\03_compute\formal_forward_v2_initial278\ligands\LIB_BARDROPHSZEBKC.sdf,d8341aca499550e7fd4ac9f2e76429855504567b49c9d326d53efae7bd8b2a41,<PACKAGE_ROOT>\Documents\Codex\TMC1_R2_Scratch_20260929\03_compute\formal_forward_v2_initial278\ligands\LIB_BARDROPHSZEBKC.pdbqt,a017c24d6cd1282c296d153375d5e5dcd206faf87bfa609b9babc411b1f23fe7,1.391
LIB_KXCARQILTFDOLE,ChEMBL,CHEMBL1079963,CHEMBL1079963,https://www.ebi.ac.uk/chembl/compound_report_card/CHEMBL1079963/,O=C(Nc1cccc(-c2cn3ccnc3c(Nc3cccnc3)n2)c1)Nc1cccc(C(F)(F)F)c1,O=C(Nc1cccc(-c2cn3ccnc3c(Nc3cccnc3)n2)c1)Nc1cccc(C(F)(F)F)c1,O=C(Nc1cccc(-c2cn3ccnc3c(Nc3cccnc3)n2)c1)Nc1cccc(C(F)(F)F)c1,KXCARQILTFDOLE-UHFFFAOYSA-N,KXCARQILTFDOLE,eligible,489.461,6.198,96.24,3,5,5,36,5,0.2733,0,1,1,False,predicted,eligible,False,[],1,O=C(Nc1cccc(-c2cn3ccnc3c(Nc3cccnc3)n2)c1)Nc1cccc(C(F)(F)F)c1,KXCARQILTFDOLE-UHFFFAOYSA-N,False,[],[],False,False,O=C(Nc1ccccc1)Nc1cccc(-c2cn3ccnc3c(Nc3cccnc3)n2)c1,-8.330377578735352,-8.268004417419434,0.615182101726532,0.27058823529411763,True,AI_initial,2026-09-28T18:27:48.176573+00:00,O=C(Nc1cccc(-c2cn3ccnc3c(Nc3cccnc3)n2)c1)Nc1cccc(C(F)(F)F)c1,KXCARQILTFDOLE-UHFFFAOYSA-N,KXCARQILTFDOLE-UHFFFAOYSA-N,[],[],exchangeable_tertiary_ring_NH_and_full_potential_stereo_v3_20260929,8,8,23.838273960829298,2,O=C(Nc1cccc(-c2cn3ccnc3c(Nc3cccnc3)n2)c1)Nc1cccc(C(F)(F)F)c1,True,True,O=C(Nc1cccc(-c2cn3ccnc3c(Nc3cccnc3)n2)c1)Nc1cccc(C(F)(F)F)c1,True,True,prepared,<PACKAGE_ROOT>\Documents\Codex\TMC1_R2_Scratch_20260929\03_compute\formal_forward_v2_initial278\ligands\LIB_KXCARQILTFDOLE.sdf,15668767fa58004f338a7f4cb901da194dc7ac80537a244fc856c9bd9c449291,<PACKAGE_ROOT>\Documents\Codex\TMC1_R2_Scratch_20260929\03_compute\formal_forward_v2_initial278\ligands\LIB_KXCARQILTFDOLE.pdbqt,4175120008f8a4211462b2fa45a026d19f407c2447051992bee2b5e19d5d74b5,0.69
LIB_YWDIXVZCRMMQQY,ChEMBL,CHEMBL1079964,CHEMBL1079964,https://www.ebi.ac.uk/chembl/compound_report_card/CHEMBL1079964/,O=C(Nc1cccc(-c2cn3ccnc3c(Nc3ccccc3)n2)c1)Nc1cccc(C(F)(F)F)c1,O=C(Nc1cccc(-c2cn3ccnc3c(Nc3ccccc3)n2)c1)Nc1cccc(C(F)(F)F)c1,O=C(Nc1cccc(-c2cn3ccnc3c(Nc3ccccc3)n2)c1)Nc1cccc(C(F)(F)F)c1,YWDIXVZCRMMQQY-UHFFFAOYSA-N,YWDIXVZCRMMQQY,eligible,488.473,6.803,83.35,3,4,5,36,5,0.254,0,1,1,False,predicted,eligible,False,[],1,O=C(Nc1cccc(-c2cn3ccnc3c(Nc3ccccc3)n2)c1)Nc1cccc(C(F)(F)F)c1,YWDIXVZCRMMQQY-UHFFFAOYSA-N,False,[],[],False,False,O=C(Nc1ccccc1)Nc1cccc(-c2cn3ccnc3c(Nc3ccccc3)n2)c1,-8.377592086791992,-8.26765251159668,0.6142598390579224,0.25274725274725274,True,AI_initial,2026-09-28T18:27:48.867558+00:00,O=C(Nc1cccc(-c2cn3ccnc3c(Nc3ccccc3)n2)c1)Nc1cccc(C(F)(F)F)c1,YWDIXVZCRMMQQY-UHFFFAOYSA-N,YWDIXVZCRMMQQY-UHFFFAOYSA-N,[],[],exchangeable_tertiary_ring_NH_and_full_potential_stereo_v3_20260929,10,10,12.949177459859921,7,O=C(Nc1cccc(-c2cn3ccnc3c(Nc3ccccc3)n2)c1)Nc1cccc(C(F)(F)F)c1,True,True,O=C(Nc1cccc(-c2cn3ccnc3c(Nc3ccccc3)n2)c1)Nc1cccc(C(F)(F)F)c1,True,True,prepared,<PACKAGE_ROOT>\Documents\Codex\TMC1_R2_Scratch_20260929\03_compute\formal_forward_v2_initial278\ligands\LIB_YWDIXVZCRMMQQY.sdf,9066eb72bdcdf2dd829c84594e2f1b4573e4b8615eeb5d1cdaa980e7eee07145,<PACKAGE_ROOT>\Documents\Codex\TMC1_R2_Scratch_20260929\03_compute\formal_forward_v2_initial278\ligands\LIB_YWDIXVZCRMMQQY.pdbqt,e8688b37612138bb41cab65d4696d4a0d6bb841154c94cf18b69a56c2745c3eb,0.799
LIB_RBGUOHBCKRTPMX,ChEMBL,CHEMBL1080445,CHEMBL1080445,https://www.ebi.ac.uk/chembl/compound_report_card/CHEMBL1080445/,CN(C)S(=O)(=O)c1ccc(-c2cnn3c(-c4cccc(NC(=O)c5cccc(C(F)(F)F)c5)c4)ccnc23)cc1,CN(C)S(=O)(=O)c1ccc(-c2cnn3c(-c4cccc(NC(=O)c5cccc(C(F)(F)F)c5)c4)ccnc23)cc1,CN(C)S(=O)(=O)c1ccc(-c2cnn3c(-c4cccc(NC(=O)c5cccc(C(F)(F)F)c5)c4)ccnc23)cc1,RBGUOHBCKRTPMX-UHFFFAOYSA-N,RBGUOHBCKRTPMX,eligible,565.577,5.585,96.67,1,5,6,40,5,0.2899,0,1,1,False,predicted,eligible,False,[],1,C[NH+](C)S(=O)(=O)c1ccc(-c2cnn3c(-c4cccc(NC(=O)c5cccc(C(F)(F)F)c5)c4)ccnc23)cc1,RBGUOHBCKRTPMX-UHFFFAOYSA-O,False,[],[],False,False,O=C(Nc1cccc(-c2ccnc3c(-c4ccccc4)cnn23)c1)c1ccccc1,-8.245190620422363,-8.267532348632812,0.5049414038658142,0.3411764705882353,False,AI_initial,2026-09-28T18:27:49.667452+00:00,CN(C)S(=O)(=O)c1ccc(-c2cnn3c(-c4cccc(NC(=O)c5cccc(C(F)(F)F)c5)c4)ccnc23)cc1,RBGUOHBCKRTPMX-UHFFFAOYSA-N,RBGUOHBCKRTPMX-UHFFFAOYSA-O,[],[],exchangeable_tertiary_ring_NH_and_full_potential_stereo_v3_20260929,10,10,18.780340185879645,2,C[NH+](C)S(=O)(=O)c1ccc(-c2cnn3c(-c4cccc(NC(=O)c5cccc(C(F)(F)F)c5)c4)ccnc23)cc1,True,True,C[NH+](C)S(=O)(=O)c1ccc(-c2cnn3c(-c4cccc(NC(=O)c5cccc(C(F)(F)F)c5)c4)ccnc23)cc1,True,True,prepared,<PACKAGE_ROOT>\Documents\Codex\TMC1_R2_Scratch_20260929\03_compute\formal_forward_v2_initial278\ligands\LIB_RBGUOHBCKRTPMX.sdf,73b4ed4566a2c7edc875965afa225773c5ddad6f913b0150701bd8e45d74ec6b,<PACKAGE_ROOT>\Documents\Codex\TMC1_R2_Scratch_20260929\03_compute\formal_forward_v2_initial278\ligands\LIB_RBGUOHBCKRTPMX.pdbqt,9d870d585b411cf3ae3720dc2a7b0186b6d00aedb3b6848a6b696d6c27608c5d,1.229
LIB_XJOBUWSKCGTPQM,ChEMBL,CHEMBL1081599,CHEMBL1081599,https://www.ebi.ac.uk/chembl/compound_report_card/CHEMBL1081599/,O=C(Nc1cccc(C(F)(F)F)c1)c1cc(N2CCC(N3CCCC3)CC2)cc(C(F)(F)F)c1,O=C(Nc1cccc(C(F)(F)F)c1)c1cc(N2CCC(N3CCCC3)CC2)cc(C(F)(F)F)c1,O=C(Nc1cccc(C(F)(F)F)c1)c1cc(N2CCC(N3CCCC3)CC2)cc(C(F)(F)F)c1,XJOBUWSKCGTPQM-UHFFFAOYSA-N,XJOBUWSKCGTPQM,eligible,485.472,6.041,35.58,1,3,4,34,4,0.5366,0,1,1,False,predicted,eligible,False,[],1,O=C(Nc1cccc(C(F)(F)F)c1)c1cc(N2CCC([NH+]3CCCC3)CC2)cc(C(F)(F)F)c1,XJOBUWSKCGTPQM-UHFFFAOYSA-O,False,[],[20],False,False,O=C(Nc1ccccc1)c1cccc(N2CCC([NH+]3CCCC3)CC2)c1,-7.860851764678955,-8.267245292663574,0.5511661171913147,0.32894736842105265,False,AI_initial,2026-09-28T18:27:50.897937+00:00,O=C(Nc1cccc(C(F)(F)F)c1)c1cc(N2CCC(N3CCCC3)CC2)cc(C(F)(F)F)c1,XJOBUWSKCGTPQM-UHFFFAOYSA-N,XJOBUWSKCGTPQM-UHFFFAOYSA-O,[],[20],exchangeable_tertiary_ring_NH_and_full_potential_stereo_v3_20260929,10,10,73.33788391485692,0,O=C(Nc1cccc(C(F)(F)F)c1)c1cc(N2CCC([NH+]3CCCC3)CC2)cc(C(F)(F)F)c1,True,True,O=C(Nc1cccc(C(F)(F)F)c1)c1cc(N2CCC([NH+]3CCCC3)CC2)cc(C(F)(F)F)c1,True,True,prepared,<PACKAGE_ROOT>\Documents\Codex\TMC1_R2_Scratch_20260929\03_compute\formal_forward_v2_initial278\ligands\LIB_XJOBUWSKCGTPQM.sdf,dc3ef403e78e694f0ccd39d3b5645567e8a004a1a976ca9e1ef54fbb8b20c3f9,<PACKAGE_ROOT>\Documents\Codex\TMC1_R2_Scratch_20260929\03_compute\formal_forward_v2_initial278\ligands\LIB_XJOBUWSKCGTPQM.pdbqt,b963a52b3a0cfc8ee706afa657d8d4591210d16d8c4dcd596f316407eb764793,1.02
LIB_JRMCNSWAKAFNPS,ChEMBL,CHEMBL1079796,CHEMBL1079796,https://www.ebi.ac.uk/chembl/compound_report_card/CHEMBL1079796/,O=C(Nc1cccc(-c2cn3ccnc3c(Nc3ccncc3)n2)c1)Nc1cccc(C(F)(F)F)c1,O=C(Nc1cccc(-c2cn3ccnc3c(Nc3ccncc3)n2)c1)Nc1cccc(C(F)(F)F)c1,O=C(Nc1cccc(-c2cn3ccnc3c(Nc3ccncc3)n2)c1)Nc1cccc(C(F)(F)F)c1,JRMCNSWAKAFNPS-UHFFFAOYSA-N,JRMCNSWAKAFNPS,eligible,489.461,6.198,96.24,3,5,5,36,5,0.2733,0,1,1,False,predicted,eligible,False,[],1,O=C(Nc1cccc(-c2cn3ccnc3c(Nc3ccncc3)n2)c1)Nc1cccc(C(F)(F)F)c1,JRMCNSWAKAFNPS-UHFFFAOYSA-N,False,[],[],False,False,O=C(Nc1ccccc1)Nc1cccc(-c2cn3ccnc3c(Nc3ccncc3)n2)c1,-8.330377578735352,-8.25699234008789,0.6315926909446716,0.25301204819277107,True,AI_initial,2026-09-28T18:27:51.918386+00:00,O=C(Nc1cccc(-c2cn3ccnc3c(Nc3ccncc3)n2)c1)Nc1cccc(C(F)(F)F)c1,JRMCNSWAKAFNPS-UHFFFAOYSA-N,JRMCNSWAKAFNPS-UHFFFAOYSA-N,[],[],exchangeable_tertiary_ring_NH_and_full_potential_stereo_v3_20260929,9,9,4.949888837750663,7,O=C(Nc1cccc(-c2cn3ccnc3c(Nc3ccncc3)n2)c1)Nc1cccc(C(F)(F)F)c1,True,True,O=C(Nc1cccc(-c2cn3ccnc3c(Nc3ccncc3)n2)c1)Nc1cccc(C(F)(F)F)c1,True,True,prepared,<PACKAGE_ROOT>\Documents\Codex\TMC1_R2_Scratch_20260929\03_compute\formal_forward_v2_initial278\ligands\LIB_JRMCNSWAKAFNPS.sdf,19ad09a0ba3477ae2e2eeac43a1c8388c581e5ffc46f99a88c7c90e395b9f4a5,<PACKAGE_ROOT>\Documents\Codex\TMC1_R2_Scratch_20260929\03_compute\formal_forward_v2_initial278\ligands\LIB_JRMCNSWAKAFNPS.pdbqt,390cb1edd98fe58057ed8b6631e922857e9ca9990724b1c9402b66731b92a807,0.719
LIB_PKEOFNLYKBPOQT,ChEMBL,CHEMBL1078005,CHEMBL1078005,https://www.ebi.ac.uk/chembl/compound_report_card/CHEMBL1078005/,Cc1cnc(Nc2ccc(N3CCOCC3)cc2)nc1-c1ccc(C(=O)NCC#N)cc1,Cc1cnc(Nc2ccc(N3CCOCC3)cc2)nc1-c1ccc(C(=O)NCC#N)cc1,Cc1cnc(Nc2ccc(N3CCOCC3)cc2)nc1-c1ccc(C(=O)NCC#N)cc1,PKEOFNLYKBPOQT-UHFFFAOYSA-N,PKEOFNLYKBPOQT,eligible,428.496,3.286,103.17,2,7,6,32,4,0.5808,0,1,1,False,predicted,eligible,False,[],1,Cc1cnc(Nc2ccc(N3CCOCC3)cc2)nc1-c1ccc(C(=O)NCC#N)cc1,PKEOFNLYKBPOQT-UHFFFAOYSA-N,False,[],[],False,False,c1ccc(-c2ccnc(Nc3ccc(N4CCOCC4)cc3)n2)cc1,-7.489298343658447,-8.25532054901123,0.3813962936401367,0.7230769230769231,False,AI_initial,2026-09-28T18:27:52.639919+00:00,Cc1cnc(Nc2ccc(N3CCOCC3)cc2)nc1-c1ccc(C(=O)NCC#N)cc1,PKEOFNLYKBPOQT-UHFFFAOYSA-N,PKEOFNLYKBPOQT-UHFFFAOYSA-N,[],[],exchangeable_tertiary_ring_NH_and_full_potential_stereo_v3_20260929,8,8,45.99352765365214,7,Cc1cnc(Nc2ccc(N3CCOCC3)cc2)nc1-c1ccc(C(=O)NCC#N)cc1,True,True,Cc1cnc(Nc2ccc(N3CCOCC3)cc2)nc1-c1ccc(C(=O)NCC#N)cc1,True,True,prepared,<PACKAGE_ROOT>\Documents\Codex\TMC1_R2_Scratch_20260929\03_compute\formal_forward_v2_initial278\ligands\LIB_PKEOFNLYKBPOQT.sdf,e39a132ca79990d87b85207e0a7cc787757858eab388e247c258a6578658a1f0,<PACKAGE_ROOT>\Documents\Codex\TMC1_R2_Scratch_20260929\03_compute\formal_forward_v2_initial278\ligands\LIB_PKEOFNLYKBPOQT.pdbqt,342d1145f6b37764185c1d7e170b427c9c6f6e29af6d44fc9970715e01d49c9e,0.665
LIB_TVRADXVJUWRKGV,ChEMBL,CHEMBL103776,CHEMBL103776,https://www.ebi.ac.uk/chembl/compound_report_card/CHEMBL103776/,COc1cc2nc(N3CCOCC3)nc(N3CCN(C(=O)Nc4ccc(Oc5ccccc5)cc4)CC3)c2cc1OC,COc1cc2nc(N3CCOCC3)nc(N3CCN(C(=O)Nc4ccc(Oc5ccccc5)cc4)CC3)c2cc1OC,COc1cc2nc(N3CCOCC3)nc(N3CCN(C(=O)Nc4ccc(Oc5ccccc5)cc4)CC3)c2cc1OC,TVRADXVJUWRKGV-UHFFFAOYSA-N,TVRADXVJUWRKGV,eligible,570.65,4.63,101.52,1,9,7,42,6,0.3408,0,1,1,False,predicted,eligible,False,[],1,COc1cc2nc(N3CCOCC3)nc(N3CC[NH+](C(=O)Nc4ccc(Oc5ccccc5)cc4)CC3)c2cc1OC,TVRADXVJUWRKGV-UHFFFAOYSA-O,False,[],[18],False,False,O=C(Nc1ccc(Oc2ccccc2)cc1)[NH+]1CCN(c2nc(N3CCOCC3)nc3ccccc23)CC1,-8.148472785949707,-8.252462387084961,0.5316042304039001,0.46153846153846156,False,AI_initial,2026-09-28T18:27:53.306289+00:00,COc1cc2nc(N3CCOCC3)nc(N3CCN(C(=O)Nc4ccc(Oc5ccccc5)cc4)CC3)c2cc1OC,TVRADXVJUWRKGV-UHFFFAOYSA-N,TVRADXVJUWRKGV-UHFFFAOYSA-O,[],[18],exchangeable_tertiary_ring_NH_and_full_potential_stereo_v3_20260929,10,10,-8.375422911965387,2,COc1cc2nc(N3CCOCC3)nc(N3CC[NH+](C(=O)Nc4ccc(Oc5ccccc5)cc4)CC3)c2cc1OC,True,True,COc1cc2nc(N3CCOCC3)nc(N3CC[NH+](C(=O)Nc4ccc(Oc5ccccc5)cc4)CC3)c2cc1OC,True,True,prepared,<PACKAGE_ROOT>\Documents\Codex\TMC1_R2_Scratch_20260929\03_compute\formal_forward_v2_initial278\ligands\LIB_TVRADXVJUWRKGV.sdf,2585162cd3c93d434bffff34064c1363213e08324a0fdb55f6cacf24ae838cef,<PACKAGE_ROOT>\Documents\Codex\TMC1_R2_Scratch_20260929\03_compute\formal_forward_v2_initial278\ligands\LIB_TVRADXVJUWRKGV.pdbqt,c1b772ab110cf17a6d38e3213532c633c456ba12e258c0a8a68c567d86c6a46b,2.167
LIB_PHXJVRSECIGDHY,ChEMBL,CHEMBL1171837,CHEMBL1171837;CHEMBL2105708,https://www.ebi.ac.uk/chembl/compound_report_card/CHEMBL1171837/,Cc1ccc(C(=O)Nc2ccc(CN3CCN(C)CC3)c(C(F)(F)F)c2)cc1C#Cc1cnc2cccnn12,Cc1ccc(C(=O)Nc2ccc(CN3CCN(C)CC3)c(C(F)(F)F)c2)cc1C#Cc1cnc2cccnn12,Cc1ccc(C(=O)Nc2ccc(CN3CCN(C)CC3)c(C(F)(F)F)c2)cc1C#Cc1cnc2cccnn12,PHXJVRSECIGDHY-UHFFFAOYSA-N,PHXJVRSECIGDHY,eligible,532.57,4.456,65.77,1,5,4,39,5,0.3936,0,2,1,False,predicted,eligible,False,[],1,Cc1ccc(C(=O)Nc2ccc(C[NH+]3CC[NH+](C)CC3)c(C(F)(F)F)c2)cc1C#Cc1cnc2cccnn12,PHXJVRSECIGDHY-UHFFFAOYSA-P,True,"[[""Atom_Tetrahedral"", 13], [""Atom_Tetrahedral"", 16]]","[13, 16]",False,True,O=C(Nc1ccc(C[NH+]2CC[NH2+]CC2)cc1)c1cccc(C#Cc2cnc3cccnn23)c1,-8.068900108337402,-8.25235652923584,0.551487386226654,0.27358490566037735,True,AI_initial,2026-09-28T18:27:55.473744+00:00,Cc1ccc(C(=O)Nc2ccc(CN3CCN(C)CC3)c(C(F)(F)F)c2)cc1C#Cc1cnc2cccnn12,PHXJVRSECIGDHY-UHFFFAOYSA-N,PHXJVRSECIGDHY-UHFFFAOYSA-P,"[[""Atom_Tetrahedral"", 13], [""Atom_Tetrahedral"", 16]]","[13, 16]",exchangeable_tertiary_ring_NH_and_full_potential_stereo_v3_20260929,10,10,240.60659912405885,6,Cc1ccc(C(=O)Nc2ccc(C[N@H+]3CC[N@H+](C)CC3)c(C(F)(F)F)c2)cc1C#Cc1cnc2cccnn12,False,True,Cc1ccc(C(=O)Nc2ccc(C[N@H+]3CC[N@H+](C)CC3)c(C(F)(F)F)c2)cc1C#Cc1cnc2cccnn12,False,True,prepared,<PACKAGE_ROOT>\Documents\Codex\TMC1_R2_Scratch_20260929\03_compute\formal_forward_v2_initial278\ligands\LIB_PHXJVRSECIGDHY.sdf,a90fbff869a9f27ae3c9448387a2d62461335aa96eb071f5a79dad1c7a90e837,<PACKAGE_ROOT>\Documents\Codex\TMC1_R2_Scratch_20260929\03_compute\formal_forward_v2_initial278\ligands\LIB_PHXJVRSECIGDHY.pdbqt,613407f15ebf0c7ac44381ddb09b873a0a2faa9ab3f105dacd29a816e54b5923,1.397
LIB_PQAPIAXNANSJSC,ChEMBL,CHEMBL1079120,CHEMBL1079120,https://www.ebi.ac.uk/chembl/compound_report_card/CHEMBL1079120/,COc1cnc(Nc2ccc(N3CCOCC3)cc2)nc1-c1ccc(C(=O)NCC#N)cc1,COc1cnc(Nc2ccc(N3CCOCC3)cc2)nc1-c1ccc(C(=O)NCC#N)cc1,COc1cnc(Nc2ccc(N3CCOCC3)cc2)nc1-c1ccc(C(=O)NCC#N)cc1,PQAPIAXNANSJSC-UHFFFAOYSA-N,PQAPIAXNANSJSC,eligible,444.495,2.986,112.4,2,8,7,33,4,0.5351,0,1,1,False,predicted,eligible,False,[],1,COc1cnc(Nc2ccc(N3CCOCC3)cc2)nc1-c1ccc(C(=O)NCC#N)cc1,PQAPIAXNANSJSC-UHFFFAOYSA-N,False,[],[],False,False,c1ccc(-c2ccnc(Nc3ccc(N4CCOCC4)cc3)n2)cc1,-7.450337886810303,-8.251779556274414,0.39620861411094666,0.7121212121212122,False,AI_initial,2026-09-28T18:27:56.871935+00:00,COc1cnc(Nc2ccc(N3CCOCC3)cc2)nc1-c1ccc(C(=O)NCC#N)cc1,PQAPIAXNANSJSC-UHFFFAOYSA-N,PQAPIAXNANSJSC-UHFFFAOYSA-N,[],[],exchangeable_tertiary_ring_NH_and_full_potential_stereo_v3_20260929,8,8,79.62055538912364,6,COc1cnc(Nc2ccc(N3CCOCC3)cc2)nc1-c1ccc(C(=O)NCC#N)cc1,True,True,COc1cnc(Nc2ccc(N3CCOCC3)cc2)nc1-c1ccc(C(=O)NCC#N)cc1,True,True,prepared,<PACKAGE_ROOT>\Documents\Codex\TMC1_R2_Scratch_20260929\03_compute\formal_forward_v2_initial278\ligands\LIB_PQAPIAXNANSJSC.sdf,460e241e12766e1056735b7b7da901a33aa3ecca06dfb931631f1d1a990c27fe,<PACKAGE_ROOT>\Documents\Codex\TMC1_R2_Scratch_20260929\03_compute\formal_forward_v2_initial278\ligands\LIB_PQAPIAXNANSJSC.pdbqt,780f7903e9e05a03391216a9a335f7f9e05a7138796f09f28a63dcfe6fa963fb,0.711
LIB_VEXPKIRCYBYITI,ChEMBL,CHEMBL1087513,CHEMBL1087513,https://www.ebi.ac.uk/chembl/compound_report_card/CHEMBL1087513/,COc1cc(-n2c(Nc3cc(NC(=O)c4cccc(C(F)(F)F)c4)ccc3C)nc3ccccc32)ncn1,COc1cc(-n2c(Nc3cc(NC(=O)c4cccc(C(F)(F)F)c4)ccc3C)nc3ccccc32)ncn1,COc1cc(-n2c(Nc3cc(NC(=O)c4cccc(C(F)(F)F)c4)ccc3C)nc3ccccc32)ncn1,VEXPKIRCYBYITI-UHFFFAOYSA-N,VEXPKIRCYBYITI,eligible,518.499,6.147,93.96,2,6,6,38,5,0.2802,0,1,1,False,predicted,eligible,False,[],1,COc1cc(-n2c(Nc3cc(NC(=O)c4cccc(C(F)(F)F)c4)ccc3C)nc3ccccc32)ncn1,VEXPKIRCYBYITI-UHFFFAOYSA-N,False,[],[],False,False,O=C(Nc1cccc(Nc2nc3ccccc3n2-c2ccncn2)c1)c1ccccc1,-8.30585765838623,-8.251198768615723,0.5435466170310974,0.2625,True,AI_initial,2026-09-28T18:27:57.584550+00:00,COc1cc(-n2c(Nc3cc(NC(=O)c4cccc(C(F)(F)F)c4)ccc3C)nc3ccccc32)ncn1,VEXPKIRCYBYITI-UHFFFAOYSA-N,VEXPKIRCYBYITI-UHFFFAOYSA-N,[],[],exchangeable_tertiary_ring_NH_and_full_potential_stereo_v3_20260929,9,9,57.5299826586629,6,COc1cc(-n2c(Nc3cc(NC(=O)c4cccc(C(F)(F)F)c4)ccc3C)nc3ccccc32)ncn1,True,True,COc1cc(-n2c(Nc3cc(NC(=O)c4cccc(C(F)(F)F)c4)ccc3C)nc3ccccc32)ncn1,True,True,prepared,<PACKAGE_ROOT>\Documents\Codex\TMC1_R2_Scratch_20260929\03_compute\formal_forward_v2_initial278\ligands\LIB_VEXPKIRCYBYITI.sdf,b7b703326b66997849bc04430727c03852634374f75c2e25988171ca77bf6da1,<PACKAGE_ROOT>\Documents\Codex\TMC1_R2_Scratch_20260929\03_compute\formal_forward_v2_initial278\ligands\LIB_VEXPKIRCYBYITI.pdbqt,12121b1f7aa29734df3d997f2e009d43c42a8deaa6b7ced6a4103ac12d3b5ba2,0.822
LIB_FMNUBSBKJCVJPF,ChEMBL,CHEMBL1086021,CHEMBL1086021,https://www.ebi.ac.uk/chembl/compound_report_card/CHEMBL1086021/,Cc1ccc2c(c1)C(C)(C)[C@H]1COc3ccc4c(=O)c(-c5ccccc5)c(C)oc4c3[C@H]1N2,Cc1ccc2c(c1)C(C)(C)[C@H]1COc3ccc4c(=O)c(-c5ccccc5)c(C)oc4c3[C@H]1N2,Cc1ccc2c(c1)C(C)(C)C1COc3ccc4c(=O)c(-c5ccccc5)c(C)oc4c3C1N2,FMNUBSBKJCVJPF-LVXARBLLSA-N,FMNUBSBKJCVJPF,eligible,437.539,6.53,51.47,1,4,1,33,6,0.3678,0,1,1,False,predicted,eligible,False,[],1,Cc1ccc2c(c1)C(C)(C)[C@H]1COc3ccc4c(=O)c(-c5ccccc5)c(C)oc4c3[C@H]1[NH2+]2,FMNUBSBKJCVJPF-LVXARBLLSA-O,False,[],[],False,False,O=c1c(-c2ccccc2)coc2c3c(ccc12)OCC1Cc2ccccc2[NH2+]C31,-8.077311515808105,-8.247695922851562,0.6858907341957092,0.25287356321839083,True,AI_initial,2026-09-28T18:27:58.408602+00:00,Cc1ccc2c(c1)C(C)(C)[C@H]1COc3ccc4c(=O)c(-c5ccccc5)c(C)oc4c3[C@H]1N2,FMNUBSBKJCVJPF-LVXARBLLSA-N,FMNUBSBKJCVJPF-LVXARBLLSA-O,[],[],exchangeable_tertiary_ring_NH_and_full_potential_stereo_v3_20260929,6,6,73.06430134983961,4,Cc1ccc2c(c1)C(C)(C)[C@H]1COc3ccc4c(=O)c(-c5ccccc5)c(C)oc4c3[C@H]1[NH2+]2,True,True,Cc1ccc2c(c1)C(C)(C)[C@H]1COc3ccc4c(=O)c(-c5ccccc5)c(C)oc4c3[C@H]1[NH2+]2,True,True,prepared,<PACKAGE_ROOT>\Documents\Codex\TMC1_R2_Scratch_20260929\03_compute\formal_forward_v2_initial278\ligands\LIB_FMNUBSBKJCVJPF.sdf,aeeb87112cce88dd443fc546da16e9b81a489ae39834fbd3e0bf57572aec461d,<PACKAGE_ROOT>\Documents\Codex\TMC1_R2_Scratch_20260929\03_compute\formal_forward_v2_initial278\ligands\LIB_FMNUBSBKJCVJPF.pdbqt,2ad8c2a3d9ba4ac5ffe464c416631f67a1610a5d1e0e0c1fb98f887c437a5f88,0.858
LIB_LBORYVQDGDVAMG,ChEMBL,CHEMBL1080269,CHEMBL1080269,https://www.ebi.ac.uk/chembl/compound_report_card/CHEMBL1080269/,CN(C)c1ccc(-c2cnn3c(-c4cccc(NC(=O)c5cccc(C(F)(F)F)c5)c4)ccnc23)cc1,CN(C)c1ccc(-c2cnn3c(-c4cccc(NC(=O)c5cccc(C(F)(F)F)c5)c4)ccnc23)cc1,CN(C)c1ccc(-c2cnn3c(-c4cccc(NC(=O)c5cccc(C(F)(F)F)c5)c4)ccnc23)cc1,LBORYVQDGDVAMG-UHFFFAOYSA-N,LBORYVQDGDVAMG,eligible,501.512,6.4,62.53,1,4,5,37,5,0.3028,0,1,1,False,predicted,eligible,False,[],1,CN(C)c1ccc(-c2cnn3c(-c4cccc(NC(=O)c5cccc(C(F)(F)F)c5)c4)ccnc23)cc1,LBORYVQDGDVAMG-UHFFFAOYSA-N,False,[],[],False,False,O=C(Nc1cccc(-c2ccnc3c(-c4ccccc4)cnn23)c1)c1ccccc1,-8.239696502685547,-8.241558074951172,0.568367600440979,0.38271604938271603,False,AI_initial,2026-09-28T18:27:59.267408+00:00,CN(C)c1ccc(-c2cnn3c(-c4cccc(NC(=O)c5cccc(C(F)(F)F)c5)c4)ccnc23)cc1,LBORYVQDGDVAMG-UHFFFAOYSA-N,LBORYVQDGDVAMG-UHFFFAOYSA-N,[],[],exchangeable_tertiary_ring_NH_and_full_potential_stereo_v3_20260929,7,7,137.72260727556224,3,CN(C)c1ccc(-c2cnn3c(-c4cccc(NC(=O)c5cccc(C(F)(F)F)c5)c4)ccnc23)cc1,True,True,CN(C)c1ccc(-c2cnn3c(-c4cccc(NC(=O)c5cccc(C(F)(F)F)c5)c4)ccnc23)cc1,True,True,prepared,<PACKAGE_ROOT>\Documents\Codex\TMC1_R2_Scratch_20260929\03_compute\formal_forward_v2_initial278\ligands\LIB_LBORYVQDGDVAMG.sdf,8b0e0e139914500796e6129717fdcdb5cca2ff3b7fc614733ba44783db5ad11e,<PACKAGE_ROOT>\Documents\Codex\TMC1_R2_Scratch_20260929\03_compute\formal_forward_v2_initial278\ligands\LIB_LBORYVQDGDVAMG.pdbqt,5cf9989924c6274abb11acba20d39f7447c79f4fb18497fbcac86cc26349b431,0.789
LIB_PULGHSXSJBTNHW,ChEMBL,CHEMBL1077841,CHEMBL1077841,https://www.ebi.ac.uk/chembl/compound_report_card/CHEMBL1077841/,N#CCNC(=O)c1ccc(-c2ccnc(Nc3ccc(N4CCSCC4)cc3)n2)cc1,N#CCNC(=O)c1ccc(-c2ccnc(Nc3ccc(N4CCSCC4)cc3)n2)cc1,N#CCNC(=O)c1ccc(-c2ccnc(Nc3ccc(N4CCSCC4)cc3)n2)cc1,PULGHSXSJBTNHW-UHFFFAOYSA-N,PULGHSXSJBTNHW,eligible,430.537,3.694,93.94,2,7,6,31,4,0.5761,0,1,1,False,predicted,eligible,False,[],1,N#CCNC(=O)c1ccc(-c2ccnc(Nc3ccc(N4CCSCC4)cc3)n2)cc1,PULGHSXSJBTNHW-UHFFFAOYSA-N,False,[],[],False,False,c1ccc(-c2ccnc(Nc3ccc(N4CCSCC4)cc3)n2)cc1,-7.413051605224609,-8.238943099975586,0.44783204793930054,0.819672131147541,False,AI_initial,2026-09-28T18:28:00.058492+00:00,N#CCNC(=O)c1ccc(-c2ccnc(Nc3ccc(N4CCSCC4)cc3)n2)cc1,PULGHSXSJBTNHW-UHFFFAOYSA-N,PULGHSXSJBTNHW-UHFFFAOYSA-N,[],[],exchangeable_tertiary_ring_NH_and_full_potential_stereo_v3_20260929,8,8,23.589485243906044,4,N#CCNC(=O)c1ccc(-c2ccnc(Nc3ccc(N4CCSCC4)cc3)n2)cc1,True,True,N#CCNC(=O)c1ccc(-c2ccnc(Nc3ccc(N4CCSCC4)cc3)n2)cc1,True,True,prepared,<PACKAGE_ROOT>\Documents\Codex\TMC1_R2_Scratch_20260929\03_compute\formal_forward_v2_initial278\ligands\LIB_PULGHSXSJBTNHW.sdf,86d943366356a3f95bcc01ef355ffba13b4ae5b3f809cbd8e673afa903ac5fcb,<PACKAGE_ROOT>\Documents\Codex\TMC1_R2_Scratch_20260929\03_compute\formal_forward_v2_initial278\ligands\LIB_PULGHSXSJBTNHW.pdbqt,dc6ac9a34cec622618f36565baabc82d0b082108292f81227c4ece4f90701527,0.661
LIB_RQGLQNLOJSOQJU,ChEMBL,CHEMBL1080439,CHEMBL1080439,https://www.ebi.ac.uk/chembl/compound_report_card/CHEMBL1080439/,O=C(Nc1ccc(Cl)c(-c2ccnc3c(-c4cn[nH]c4)cnn23)c1)c1cccc(C(F)(F)F)c1,O=C(Nc1ccc(Cl)c(-c2ccnc3c(-c4cn[nH]c4)cnn23)c1)c1cccc(C(F)(F)F)c1,O=C(Nc1ccc(Cl)c(-c2ccnc3c(-c4cn[nH]c4)cnn23)c1)c1cccc(C(F)(F)F)c1,RQGLQNLOJSOQJU-UHFFFAOYSA-N,RQGLQNLOJSOQJU,eligible,482.853,5.711,87.97,2,4,4,34,5,0.3432,0,1,1,False,predicted,eligible,False,[],1,O=C(Nc1ccc(Cl)c(-c2ccnc3c(-c4cn[n-]c4)cnn23)c1)c1cccc(C(F)(F)F)c1,MNTGHZRINUNOAF-UHFFFAOYSA-M,False,[],[],False,False,O=C(Nc1cccc(-c2ccnc3c(-c4cn[n-]c4)cnn23)c1)c1ccccc1,-8.147619247436523,-8.238554954528809,0.5201680660247803,0.313953488372093,False,AI_initial,2026-09-28T18:28:00.719572+00:00,O=C(Nc1ccc(Cl)c(-c2ccnc3c(-c4cn[nH]c4)cnn23)c1)c1cccc(C(F)(F)F)c1,RQGLQNLOJSOQJU-UHFFFAOYSA-N,MNTGHZRINUNOAF-UHFFFAOYSA-M,[],[],exchangeable_tertiary_ring_NH_and_full_potential_stereo_v3_20260929,8,8,107.70563627038038,4,O=C(Nc1ccc(Cl)c(-c2ccnc3c(-c4cn[n-]c4)cnn23)c1)c1cccc(C(F)(F)F)c1,True,True,O=C(Nc1ccc(Cl)c(-c2ccnc3c(-c4cn[n-]c4)cnn23)c1)c1cccc(C(F)(F)F)c1,True,True,prepared,<PACKAGE_ROOT>\Documents\Codex\TMC1_R2_Scratch_20260929\03_compute\formal_forward_v2_initial278\ligands\LIB_RQGLQNLOJSOQJU.sdf,2adf00c3bf52164fef0dec26049dfb4f5fe969392d101aa8f2ae816d83c096b0,<PACKAGE_ROOT>\Documents\Codex\TMC1_R2_Scratch_20260929\03_compute\formal_forward_v2_initial278\ligands\LIB_RQGLQNLOJSOQJU.pdbqt,c4f0f78c61f253398babe164d65f1542e7afa813e836ca74bd0806688d4ac48c,0.471
LIB_DEXHSEHQQJCLML,ChEMBL,CHEMBL1079757,CHEMBL1079757,https://www.ebi.ac.uk/chembl/compound_report_card/CHEMBL1079757/,CC(=O)NC[C@H]1CN(c2ccc(N3CCN(C(=O)C(=O)/C=C/c4ccc(C(F)(F)F)cc4)CC3)c(F)c2)C(=O)O1,CC(=O)NC[C@H]1CN(c2ccc(N3CCN(C(=O)C(=O)/C=C/c4ccc(C(F)(F)F)cc4)CC3)c(F)c2)C(=O)O1,CC(=O)NCC1CN(c2ccc(N3CCN(C(=O)C(=O)C=Cc4ccc(C(F)(F)F)cc4)CC3)c(F)c2)C(=O)O1,DEXHSEHQQJCLML-ZSIUJALASA-N,DEXHSEHQQJCLML,eligible,562.52,3.237,99.26,1,6,7,40,4,0.3162,0,1,1,False,predicted,eligible,False,[],1,CC(=O)NC[C@H]1CN(c2ccc(N3CC[NH+](C(=O)C(=O)/C=C/c4ccc(C(F)(F)F)cc4)CC3)c(F)c2)C(=O)O1,DEXHSEHQQJCLML-ZSIUJALASA-O,False,[],[15],False,False,O=C(C=Cc1ccccc1)C(=O)[NH+]1CCN(c2ccc(N3CCOC3=O)cc2)CC1,-7.916282653808594,-8.237573623657227,0.6836932301521301,0.6,False,AI_initial,2026-09-28T18:28:01.192793+00:00,CC(=O)NC[C@H]1CN(c2ccc(N3CCN(C(=O)C(=O)/C=C/c4ccc(C(F)(F)F)cc4)CC3)c(F)c2)C(=O)O1,DEXHSEHQQJCLML-ZSIUJALASA-N,DEXHSEHQQJCLML-ZSIUJALASA-O,[],[15],exchangeable_tertiary_ring_NH_and_full_potential_stereo_v3_20260929,10,10,122.42320176987701,1,CC(=O)NC[C@H]1CN(c2ccc(N3CC[NH+](C(=O)C(=O)/C=C/c4ccc(C(F)(F)F)cc4)CC3)c(F)c2)C(=O)O1,True,True,CC(=O)NC[C@H]1CN(c2ccc(N3CC[NH+](C(=O)C(=O)/C=C/c4ccc(C(F)(F)F)cc4)CC3)c(F)c2)C(=O)O1,True,True,prepared,<PACKAGE_ROOT>\Documents\Codex\TMC1_R2_Scratch_20260929\03_compute\formal_forward_v2_initial278\ligands\LIB_DEXHSEHQQJCLML.sdf,f1f5e38b7e2dafca24e50c40b8b0b493f6b8c403b576703a34897a4b13ff1f30,<PACKAGE_ROOT>\Documents\Codex\TMC1_R2_Scratch_20260929\03_compute\formal_forward_v2_initial278\ligands\LIB_DEXHSEHQQJCLML.pdbqt,06655bd2419dbb0a11e34aabb71c4849169d8630b5037a8e007740014c6086f7,1.759
LIB_NPPRRBNKXJEVHF,ChEMBL,CHEMBL106832,CHEMBL106832,https://www.ebi.ac.uk/chembl/compound_report_card/CHEMBL106832/,CC(=O)NC[C@H]1CN(c2ccc(N3CCN(C(=O)/C=C/c4ccc(-c5ccccc5)cc4)CC3)c(F)c2)C(=O)O1,CC(=O)NC[C@H]1CN(c2ccc(N3CCN(C(=O)/C=C/c4ccc(-c5ccccc5)cc4)CC3)c(F)c2)C(=O)O1,CC(=O)NCC1CN(c2ccc(N3CCN(C(=O)C=Cc4ccc(-c5ccccc5)cc4)CC3)c(F)c2)C(=O)O1,NPPRRBNKXJEVHF-SPNSGGJLSA-N,NPPRRBNKXJEVHF,eligible,542.611,4.316,82.19,1,5,7,40,5,0.4501,0,1,1,False,predicted,eligible,False,[],1,CC(=O)NC[C@H]1CN(c2ccc(N3CC[NH+](C(=O)/C=C/c4ccc(-c5ccccc5)cc4)CC3)c(F)c2)C(=O)O1,NPPRRBNKXJEVHF-SPNSGGJLSA-O,False,[],[15],False,False,O=C1OCCN1c1ccc(N2CC[NH+](C(=O)C=Cc3ccc(-c4ccccc4)cc3)CC2)cc1,-7.990141868591309,-8.23157787322998,0.6910675168037415,0.6164383561643836,False,AI_initial,2026-09-28T18:28:02.952502+00:00,CC(=O)NC[C@H]1CN(c2ccc(N3CCN(C(=O)/C=C/c4ccc(-c5ccccc5)cc4)CC3)c(F)c2)C(=O)O1,NPPRRBNKXJEVHF-SPNSGGJLSA-N,NPPRRBNKXJEVHF-SPNSGGJLSA-O,[],[15],exchangeable_tertiary_ring_NH_and_full_potential_stereo_v3_20260929,10,10,56.96089211234555,3,CC(=O)NC[C@H]1CN(c2ccc(N3CC[NH+](C(=O)/C=C/c4ccc(-c5ccccc5)cc4)CC3)c(F)c2)C(=O)O1,True,True,CC(=O)NC[C@H]1CN(c2ccc(N3CC[NH+](C(=O)/C=C/c4ccc(-c5ccccc5)cc4)CC3)c(F)c2)C(=O)O1,True,True,prepared,<PACKAGE_ROOT>\Documents\Codex\TMC1_R2_Scratch_20260929\03_compute\formal_forward_v2_initial278\ligands\LIB_NPPRRBNKXJEVHF.sdf,3d938c5d58c9c5b6d9b631378e7bd911030c899c35ee9735bac959dcf28e1edd,<PACKAGE_ROOT>\Documents\Codex\TMC1_R2_Scratch_20260929\03_compute\formal_forward_v2_initial278\ligands\LIB_NPPRRBNKXJEVHF.pdbqt,d4e59cd9ec53806afdd3759d1ce376165243fa857681c75599ebfeb662a00eb0,2.02
LIB_TZQNHHGKGQGOOH,ChEMBL,CHEMBL1082126,CHEMBL1082126,https://www.ebi.ac.uk/chembl/compound_report_card/CHEMBL1082126/,N#Cc1cccc(C(=O)Nc2cc(N3CCC(N4CCCC4)CC3)cc(C(F)(F)F)c2)c1,N#Cc1cccc(C(=O)Nc2cc(N3CCC(N4CCCC4)CC3)cc(C(F)(F)F)c2)c1,N#Cc1cccc(C(=O)Nc2cc(N3CCC(N4CCCC4)CC3)cc(C(F)(F)F)c2)c1,TZQNHHGKGQGOOH-UHFFFAOYSA-N,TZQNHHGKGQGOOH,eligible,442.485,4.894,59.37,1,4,4,32,4,0.7323,0,1,1,False,predicted,eligible,False,[],1,N#Cc1cccc(C(=O)Nc2cc(N3CCC([NH+]4CCCC4)CC3)cc(C(F)(F)F)c2)c1,TZQNHHGKGQGOOH-UHFFFAOYSA-O,False,[],[17],False,False,O=C(Nc1cccc(N2CCC([NH+]3CCCC3)CC2)c1)c1ccccc1,-7.601527214050293,-8.225591659545898,0.5893256664276123,0.29411764705882354,True,AI_initial,2026-09-28T18:28:04.973356+00:00,N#Cc1cccc(C(=O)Nc2cc(N3CCC(N4CCCC4)CC3)cc(C(F)(F)F)c2)c1,TZQNHHGKGQGOOH-UHFFFAOYSA-N,TZQNHHGKGQGOOH-UHFFFAOYSA-O,[],[17],exchangeable_tertiary_ring_NH_and_full_potential_stereo_v3_20260929,10,10,58.394169293050055,2,N#Cc1cccc(C(=O)Nc2cc(N3CCC([NH+]4CCCC4)CC3)cc(C(F)(F)F)c2)c1,True,True,N#Cc1cccc(C(=O)Nc2cc(N3CCC([NH+]4CCCC4)CC3)cc(C(F)(F)F)c2)c1,True,True,prepared,<PACKAGE_ROOT>\Documents\Codex\TMC1_R2_Scratch_20260929\03_compute\formal_forward_v2_initial278\ligands\LIB_TZQNHHGKGQGOOH.sdf,c049298bbf2fb91f46cee08b03b8d65e7caebba1fb3e821d25e2766b6e77c36c,<PACKAGE_ROOT>\Documents\Codex\TMC1_R2_Scratch_20260929\03_compute\formal_forward_v2_initial278\ligands\LIB_TZQNHHGKGQGOOH.pdbqt,ee71b9df1241cbde2ed64ed5390f750c847757c6169bef22e52bc24007bb66b1,0.849
LIB_RFPTXMLFYMYJSO,ChEMBL,CHEMBL1078166,CHEMBL1078166,https://www.ebi.ac.uk/chembl/compound_report_card/CHEMBL1078166/,N#CCC(=O)Nc1ccc(-c2ccnc(Nc3ccc(N4CCOCC4)cc3)n2)cc1,N#CCC(=O)Nc1ccc(-c2ccnc(Nc3ccc(N4CCOCC4)cc3)n2)cc1,N#CCC(=O)Nc1ccc(-c2ccnc(Nc3ccc(N4CCOCC4)cc3)n2)cc1,RFPTXMLFYMYJSO-UHFFFAOYSA-N,RFPTXMLFYMYJSO,eligible,414.469,3.576,103.17,2,7,6,31,4,0.6354,0,1,1,False,predicted,eligible,False,[],1,N#CCC(=O)Nc1ccc(-c2ccnc(Nc3ccc(N4CCOCC4)cc3)n2)cc1,RFPTXMLFYMYJSO-UHFFFAOYSA-N,False,[],[],False,False,c1ccc(-c2ccnc(Nc3ccc(N4CCOCC4)cc3)n2)cc1,-7.421111106872559,-8.223367691040039,0.3657621145248413,0.7540983606557377,False,AI_initial,2026-09-28T18:28:05.824840+00:00,N#CCC(=O)Nc1ccc(-c2ccnc(Nc3ccc(N4CCOCC4)cc3)n2)cc1,RFPTXMLFYMYJSO-UHFFFAOYSA-N,RFPTXMLFYMYJSO-UHFFFAOYSA-N,[],[],exchangeable_tertiary_ring_NH_and_full_potential_stereo_v3_20260929,6,6,25.884325835507397,5,N#CCC(=O)Nc1ccc(-c2ccnc(Nc3ccc(N4CCOCC4)cc3)n2)cc1,True,True,N#CCC(=O)Nc1ccc(-c2ccnc(Nc3ccc(N4CCOCC4)cc3)n2)cc1,True,True,prepared,<PACKAGE_ROOT>\Documents\Codex\TMC1_R2_Scratch_20260929\03_compute\formal_forward_v2_initial278\ligands\LIB_RFPTXMLFYMYJSO.sdf,1fffb1d2a46b19db730fb440526991dcaee659c9bc9615a77493e9a7d28fbb80,<PACKAGE_ROOT>\Documents\Codex\TMC1_R2_Scratch_20260929\03_compute\formal_forward_v2_initial278\ligands\LIB_RFPTXMLFYMYJSO.pdbqt,15b244ac66c2fb7147902c3e19e3a136151a748307e4d632522ba24e3eff05bd,0.592
