family,rule_id,description,smarts,min_count,max_count,source_url
PAINS_A,ene_six_het_A(483),ene_six_het_A(483),[#6]-1(-[#6](~[!#6&!#1]~[#6]-[!#6&!#1]-[#6]-1=[!#6&!#1])~[!#6&!#1])=[#6;!R]-[#1],1,4294967295,https://raw.githubusercontent.com/rdkit/rdkit/0ece02e9254ef2d5eeade2bd40eb13546522dbd3/Code/GraphMol/FilterCatalog/pains_a.in#L2
PAINS_A,hzone_phenol_A(479),hzone_phenol_A(479),c:1:c:c(:c(:c:c:1)-[#6]=[#7]-[#7])-[#8]-[#1],1,4294967295,https://raw.githubusercontent.com/rdkit/rdkit/0ece02e9254ef2d5eeade2bd40eb13546522dbd3/Code/GraphMol/FilterCatalog/pains_a.in#L3
PAINS_A,anil_di_alk_A(478),anil_di_alk_A(478),"[#6](-[#1])(-[#1])-[#7](-[#6](-[#1])-[#1])-c:1:c:c(:c(:[c;!H0,$(c-[#6](-[#1])-[#1]),$(c-[#8]-[#6](-[#1])(-[#1])-[#6](-[#1])-[#1])](:c:1))-[#7])-[#1]",1,4294967295,https://raw.githubusercontent.com/rdkit/rdkit/0ece02e9254ef2d5eeade2bd40eb13546522dbd3/Code/GraphMol/FilterCatalog/pains_a.in#L4
PAINS_A,indol_3yl_alk(461),indol_3yl_alk(461),"[n;!H0,$(n-[#6;!H0;!H1])]:1(c(c(c:2:c:1:c:c:c:c:2-[#1])-[#6;X4]-[#1])-[$([#6](-[#1])-[#1]),$([#6]=,:[!#6&!#1]),$([#6](-[#1])-[#7]),$([#6](-[#1])(-[#6](-[#1])-[#1])-[#6](-[#1])(-[#1])-[#7](-[#1])-[#6](-[#1])-[#1])])",1,4294967295,https://raw.githubusercontent.com/rdkit/rdkit/0ece02e9254ef2d5eeade2bd40eb13546522dbd3/Code/GraphMol/FilterCatalog/pains_a.in#L5
PAINS_A,quinone_A(370),quinone_A(370),"[!#6&!#1]=[#6]1[#6]=,:[#6][#6](=[!#6&!#1])[#6]=,:[#6]1",1,4294967295,https://raw.githubusercontent.com/rdkit/rdkit/0ece02e9254ef2d5eeade2bd40eb13546522dbd3/Code/GraphMol/FilterCatalog/pains_a.in#L6
PAINS_A,azo_A(324),azo_A(324),[#7;!R]=[#7],1,4294967295,https://raw.githubusercontent.com/rdkit/rdkit/0ece02e9254ef2d5eeade2bd40eb13546522dbd3/Code/GraphMol/FilterCatalog/pains_a.in#L7
PAINS_A,imine_one_A(321),imine_one_A(321),"[#6]-[#6](=[!#6&!#1;!R])-[#6](=[!#6&!#1;!R])-[$([#6]),$([#16](=[#8])=[#8])]",1,4294967295,https://raw.githubusercontent.com/rdkit/rdkit/0ece02e9254ef2d5eeade2bd40eb13546522dbd3/Code/GraphMol/FilterCatalog/pains_a.in#L8
PAINS_A,mannich_A(296),mannich_A(296),[#7]-[#6;X4]-c:1:c:c:c:c:c:1-[#8]-[#1],1,4294967295,https://raw.githubusercontent.com/rdkit/rdkit/0ece02e9254ef2d5eeade2bd40eb13546522dbd3/Code/GraphMol/FilterCatalog/pains_a.in#L9
PAINS_A,anil_di_alk_B(251),anil_di_alk_B(251),c:1:c:c(:c:c:c:1-[#7](-[#6;X4])-[#6;X4])-[#6]=[#6],1,4294967295,https://raw.githubusercontent.com/rdkit/rdkit/0ece02e9254ef2d5eeade2bd40eb13546522dbd3/Code/GraphMol/FilterCatalog/pains_a.in#L10
PAINS_A,anil_di_alk_C(246),anil_di_alk_C(246),"c:1:c:c(:c:c:c:1-[#8]-[#6;X4])-[#7;$([#7!H0]-[#6;X4]),$([#7](-[#6;X4])-[#6;X4])]",1,4294967295,https://raw.githubusercontent.com/rdkit/rdkit/0ece02e9254ef2d5eeade2bd40eb13546522dbd3/Code/GraphMol/FilterCatalog/pains_a.in#L11
PAINS_A,ene_rhod_A(235),ene_rhod_A(235),[#7]-1-[#6](=[#16])-[#16]-[#6](=[#6])-[#6]-1=[#8],1,4294967295,https://raw.githubusercontent.com/rdkit/rdkit/0ece02e9254ef2d5eeade2bd40eb13546522dbd3/Code/GraphMol/FilterCatalog/pains_a.in#L12
PAINS_A,hzone_phenol_B(215),hzone_phenol_B(215),c:1(:c:c:c(:c:c:1)-[#6]=[#7]-[#7])-[#8]-[#1],1,4294967295,https://raw.githubusercontent.com/rdkit/rdkit/0ece02e9254ef2d5eeade2bd40eb13546522dbd3/Code/GraphMol/FilterCatalog/pains_a.in#L13
PAINS_A,ene_five_het_A(201),ene_five_het_A(201),[#6]-1(=[#6])-[#6]=[#7]-[!#6&!#1]-[#6]-1=[#8],1,4294967295,https://raw.githubusercontent.com/rdkit/rdkit/0ece02e9254ef2d5eeade2bd40eb13546522dbd3/Code/GraphMol/FilterCatalog/pains_a.in#L14
PAINS_A,anil_di_alk_D(198),anil_di_alk_D(198),"c:1:c:c(:c:c:c:1-[#7](-[#6;X4])-[#6;X4])-[#6;X4]-[$([#8]-[#1]),$([#6]=[#6]-[#1]),$([#7](-[#6X4])-[#6;X4])]",1,4294967295,https://raw.githubusercontent.com/rdkit/rdkit/0ece02e9254ef2d5eeade2bd40eb13546522dbd3/Code/GraphMol/FilterCatalog/pains_a.in#L15
PAINS_A,imine_one_isatin(189),imine_one_isatin(189),[#8]=[#6]-2-[#6](=!@[#7]-[#7])-c:1:c:c:c:c:c:1-[#7]-2,1,4294967295,https://raw.githubusercontent.com/rdkit/rdkit/0ece02e9254ef2d5eeade2bd40eb13546522dbd3/Code/GraphMol/FilterCatalog/pains_a.in#L16
PAINS_A,anil_di_alk_E(186),anil_di_alk_E(186),"[#6](-[#1])-[#7](-[#6](-[#1])-[#1])-c:1:c(:c(:c(:[c;!H0,$(c-[#6](-[#1])-[#1])](:c:1-[#1]))-[#6&!H0;!H1,$([#6]-[#6;!H0])])-[#1])-[#1]",1,4294967295,https://raw.githubusercontent.com/rdkit/rdkit/0ece02e9254ef2d5eeade2bd40eb13546522dbd3/Code/GraphMol/FilterCatalog/pains_a.in#L17
PAINS_B,thiaz_ene_A(128),thiaz_ene_A(128),"[#6]-,:1(=,:[#6;!H0,$([#6]-[#6;!H0;!H1]),$([#6]-[#6]=[#8])]-,:[#16]-,:[#6](-,:[#7;!H0,$([#7]-[#6;!H0]),$([#7]-[#6]:[#6])]-,:1)=[#7;!R])-[$([#6](-[#1])-[#1]),$([#6]:[#6])]",1,4294967295,https://raw.githubusercontent.com/rdkit/rdkit/0ece02e9254ef2d5eeade2bd40eb13546522dbd3/Code/GraphMol/FilterCatalog/pains_b.in#L2
PAINS_B,pyrrole_A(118),pyrrole_A(118),n2(-[#6]:1:[!#1]:[#6]:[#6]:[#6]:[#6]:1)c(cc(c2-[#6;X4])-[#1])-[#6;X4],1,4294967295,https://raw.githubusercontent.com/rdkit/rdkit/0ece02e9254ef2d5eeade2bd40eb13546522dbd3/Code/GraphMol/FilterCatalog/pains_b.in#L3
PAINS_B,catechol_A(92),catechol_A(92),c:1:c:c(:c(:c:c:1)-[#8]-[#1])-[#8]-[#1],1,4294967295,https://raw.githubusercontent.com/rdkit/rdkit/0ece02e9254ef2d5eeade2bd40eb13546522dbd3/Code/GraphMol/FilterCatalog/pains_b.in#L4
PAINS_B,ene_five_het_B(90),ene_five_het_B(90),[#6]-1(=[#6])-[#6](-[#7]=[#6]-[#16]-1)=[#8],1,4294967295,https://raw.githubusercontent.com/rdkit/rdkit/0ece02e9254ef2d5eeade2bd40eb13546522dbd3/Code/GraphMol/FilterCatalog/pains_b.in#L5
PAINS_B,imine_one_fives(89),imine_one_fives(89),[#6]-1=[!#1]-[!#6&!#1]-[#6](-[#6]-1=[!#6&!#1;!R])=[#8],1,4294967295,https://raw.githubusercontent.com/rdkit/rdkit/0ece02e9254ef2d5eeade2bd40eb13546522dbd3/Code/GraphMol/FilterCatalog/pains_b.in#L6
PAINS_B,ene_five_het_C(85),ene_five_het_C(85),[#6]-1(-[#6](-[#6]=[#6]-[!#6&!#1]-1)=[#6])=[!#6&!#1],1,4294967295,https://raw.githubusercontent.com/rdkit/rdkit/0ece02e9254ef2d5eeade2bd40eb13546522dbd3/Code/GraphMol/FilterCatalog/pains_b.in#L7
PAINS_B,hzone_pipzn(79),hzone_pipzn(79),[#6]-[#7]-1-[#6](-[#1])(-[#1])-[#6](-[#1])(-[#1])-[#7](-[#6](-[#1])(-[#1])-[#6]-1(-[#1])-[#1])-[#7]=[#6](-[#1])-[#6]:[!#1],1,4294967295,https://raw.githubusercontent.com/rdkit/rdkit/0ece02e9254ef2d5eeade2bd40eb13546522dbd3/Code/GraphMol/FilterCatalog/pains_b.in#L8
PAINS_B,keto_keto_beta_A(68),keto_keto_beta_A(68),c:1-2:c(:c:c:c:c:1)-[#6](=[#8])-[#6;X4]-[#6]-2=[#8],1,4294967295,https://raw.githubusercontent.com/rdkit/rdkit/0ece02e9254ef2d5eeade2bd40eb13546522dbd3/Code/GraphMol/FilterCatalog/pains_b.in#L9
PAINS_B,hzone_pyrrol(64),hzone_pyrrol(64),n1(-[#6])c(c(-[#1])c(c1-[#6]=[#7]-[#7])-[#1])-[#1],1,4294967295,https://raw.githubusercontent.com/rdkit/rdkit/0ece02e9254ef2d5eeade2bd40eb13546522dbd3/Code/GraphMol/FilterCatalog/pains_b.in#L10
PAINS_B,ene_one_ene_A(57),ene_one_ene_A(57),[#6]=!@[#6](-[!#1])-@[#6](=!@[!#6&!#1])-@[#6](=!@[#6])-[!#1],1,4294967295,https://raw.githubusercontent.com/rdkit/rdkit/0ece02e9254ef2d5eeade2bd40eb13546522dbd3/Code/GraphMol/FilterCatalog/pains_b.in#L11
PAINS_B,cyano_ene_amine_A(56),cyano_ene_amine_A(56),[#6](-[#6]#[#7])(-[#6]#[#7])-[#6](-[#7](-[#1])-[#1])=[#6]-[#6]#[#7],1,4294967295,https://raw.githubusercontent.com/rdkit/rdkit/0ece02e9254ef2d5eeade2bd40eb13546522dbd3/Code/GraphMol/FilterCatalog/pains_b.in#L12
PAINS_B,ene_five_one_A(55),ene_five_one_A(55),c:1-2:c(:c:c:c:c:1)-[#6](=[#8])-[#6](=[#6])-[#6]-2=[#8],1,4294967295,https://raw.githubusercontent.com/rdkit/rdkit/0ece02e9254ef2d5eeade2bd40eb13546522dbd3/Code/GraphMol/FilterCatalog/pains_b.in#L13
PAINS_B,cyano_pyridone_A(54),cyano_pyridone_A(54),"[#6]-,:1(=,:[!#1]-,:[!#1]=,:[!#1]-,:[#7](-,:[#6]-,:1=[#16])-[#1])-[#6]#[#7]",1,4294967295,https://raw.githubusercontent.com/rdkit/rdkit/0ece02e9254ef2d5eeade2bd40eb13546522dbd3/Code/GraphMol/FilterCatalog/pains_b.in#L14
PAINS_B,anil_alk_ene(51),anil_alk_ene(51),c:1:c:c-2:c(:c:c:1)-[#6]-3-[#6](-[#6]-[#7]-2)-[#6]-[#6]=[#6]-3,1,4294967295,https://raw.githubusercontent.com/rdkit/rdkit/0ece02e9254ef2d5eeade2bd40eb13546522dbd3/Code/GraphMol/FilterCatalog/pains_b.in#L15
PAINS_B,amino_acridine_A(46),amino_acridine_A(46),c:1:c:2:c(:c:c:c:1):n:c:3:c(:c:2-[#7]):c:c:c:c:3,1,4294967295,https://raw.githubusercontent.com/rdkit/rdkit/0ece02e9254ef2d5eeade2bd40eb13546522dbd3/Code/GraphMol/FilterCatalog/pains_b.in#L16
PAINS_B,ene_five_het_D(46),ene_five_het_D(46),[#6]-1(=[#6])-[#6](=[#8])-[#7]-[#7]-[#6]-1=[#8],1,4294967295,https://raw.githubusercontent.com/rdkit/rdkit/0ece02e9254ef2d5eeade2bd40eb13546522dbd3/Code/GraphMol/FilterCatalog/pains_b.in#L17
PAINS_B,thiophene_amino_Aa(45),thiophene_amino_Aa(45),[#7](-[#1])(-[#1])-c:1:c(:c(:c(:s:1)-[!#1])-[!#1])-[#6]=[#8],1,4294967295,https://raw.githubusercontent.com/rdkit/rdkit/0ece02e9254ef2d5eeade2bd40eb13546522dbd3/Code/GraphMol/FilterCatalog/pains_b.in#L18
PAINS_B,ene_five_het_E(44),ene_five_het_E(44),[#7]-[#6]=!@[#6]-2-[#6](=[#8])-c:1:c:c:c:c:c:1-[!#6&!#1]-2,1,4294967295,https://raw.githubusercontent.com/rdkit/rdkit/0ece02e9254ef2d5eeade2bd40eb13546522dbd3/Code/GraphMol/FilterCatalog/pains_b.in#L19
PAINS_B,sulfonamide_A(43),sulfonamide_A(43),"c:1(:c(:c(:c(:c(:c:1-[#8]-[#1])-[F,Cl,Br,I])-[#1])-[F,Cl,Br,I])-[#1])-[#16](=[#8])(=[#8])-[#7]",1,4294967295,https://raw.githubusercontent.com/rdkit/rdkit/0ece02e9254ef2d5eeade2bd40eb13546522dbd3/Code/GraphMol/FilterCatalog/pains_b.in#L20
PAINS_B,thio_ketone(43),thio_ketone(43),[#6]-[#6](=[#16])-[#6],1,4294967295,https://raw.githubusercontent.com/rdkit/rdkit/0ece02e9254ef2d5eeade2bd40eb13546522dbd3/Code/GraphMol/FilterCatalog/pains_b.in#L21
PAINS_B,sulfonamide_B(41),sulfonamide_B(41),c:1:c:c(:c:c:c:1-[#8]-[#1])-[#7](-[#1])-[#16](=[#8])=[#8],1,4294967295,https://raw.githubusercontent.com/rdkit/rdkit/0ece02e9254ef2d5eeade2bd40eb13546522dbd3/Code/GraphMol/FilterCatalog/pains_b.in#L22
PAINS_B,anil_no_alk(40),anil_no_alk(40),"c:1(:c(:c(:c(:c(:c:1-[#1])-[#1])-[$([#8]),$([#7]),$([#6](-[#1])-[#1])])-[#1])-[#1])-[#7](-[#1])-[#1]",1,4294967295,https://raw.githubusercontent.com/rdkit/rdkit/0ece02e9254ef2d5eeade2bd40eb13546522dbd3/Code/GraphMol/FilterCatalog/pains_b.in#L23
PAINS_B,thiophene_amino_Ab(40),thiophene_amino_Ab(40),"[c;!H0,$(c-[#6](-[#1])-[#1]),$(c-[#6]:[#6])]:1:c(:c(:c(:s:1)-[#7](-[#1])-[#6](=[#8])-[#6])-[#6](=[#8])-[#8])-[$([#6]:1:[#6]:[#6]:[#6]:[#6]:[#6]:1),$([#6]:1:[#16]:[#6]:[#6]:[#6]:1)]",1,4294967295,https://raw.githubusercontent.com/rdkit/rdkit/0ece02e9254ef2d5eeade2bd40eb13546522dbd3/Code/GraphMol/FilterCatalog/pains_b.in#L24
PAINS_B,het_pyridiniums_A(39),het_pyridiniums_A(39),"[#7+]:1(:[#6]:[#6]:[!#1]:c:2:c:1:c(:[c;!H0,$(c-[#7])]:c:c:2)-[#1])-[$([#6](-[#1])(-[#1])-[#1]),$([#8;X1]),$([#6](-[#1])(-[#1])-[#6](-[#1])=[#6](-[#1])-[#1]),$([#6](-[#1])(-[#1])-[#6](-[#1])(-[#1])-[#8]-[#1]),$([#6](-[#1])(-[#1])-[#6](=[#8])-[#6]),$([#6](-[#1])(-[#1])-[#6](=[#8])-[#7](-[#1])-[#6]:[#6]),$([#6](-[#1])(-[#1])-[#6](-[#1])(-[#1])-[#1])]",1,4294967295,https://raw.githubusercontent.com/rdkit/rdkit/0ece02e9254ef2d5eeade2bd40eb13546522dbd3/Code/GraphMol/FilterCatalog/pains_b.in#L25
PAINS_B,anthranil_one_A(38),anthranil_one_A(38),"c:1:c:c:c:c(:c:1-[#7&!H0;!H1,!$([#7]-[#6]=[#8])])-[#6](-[#6]:[#6])=[#8]",1,4294967295,https://raw.githubusercontent.com/rdkit/rdkit/0ece02e9254ef2d5eeade2bd40eb13546522dbd3/Code/GraphMol/FilterCatalog/pains_b.in#L26
PAINS_B,cyano_imine_A(37),cyano_imine_A(37),[#7](-[#1])-[#7]=[#6](-[#6]#[#7])-[#6]=[!#6&!#1;!R],1,4294967295,https://raw.githubusercontent.com/rdkit/rdkit/0ece02e9254ef2d5eeade2bd40eb13546522dbd3/Code/GraphMol/FilterCatalog/pains_b.in#L27
PAINS_B,diazox_sulfon_A(36),diazox_sulfon_A(36),"[#7](-c:1:c:c:c:c:c:1)-[#16](=[#8])(=[#8])-[#6]:2:[#6]:[#6]:[#6]:[#6]:3:[#7]:[$([#8]),$([#16])]:[#7]:[#6]:2:3",1,4294967295,https://raw.githubusercontent.com/rdkit/rdkit/0ece02e9254ef2d5eeade2bd40eb13546522dbd3/Code/GraphMol/FilterCatalog/pains_b.in#L28
PAINS_B,hzone_anil_di_alk(35),hzone_anil_di_alk(35),"[#6](-[#1])(-[#1])-[#7](-[#6](-[#1])-[#1])-c:1:c(:c(:c(:c(:c:1-[#1])-[#1])-[#6](-[#1])=[#7]-[#7]-[$([#6](=[#8])-[#6](-[#1])(-[#1])-[#16]-[#6]:[#7]),$([#6](=[#8])-[#6](-[#1])(-[#1])-[!#1]:[!#1]:[#7]),$([#6](=[#8])-[#6]:[#6]-[#8]-[#1]),$([#6]:[#7]),$([#6](-[#1])(-[#1])-[#6](-[#1])-[#8]-[#1])])-[#1])-[#1]",1,4294967295,https://raw.githubusercontent.com/rdkit/rdkit/0ece02e9254ef2d5eeade2bd40eb13546522dbd3/Code/GraphMol/FilterCatalog/pains_b.in#L29
PAINS_B,rhod_sat_A(33),rhod_sat_A(33),[#7]-1-[#6](=[#16])-[#16]-[#6;X4]-[#6]-1=[#8],1,4294967295,https://raw.githubusercontent.com/rdkit/rdkit/0ece02e9254ef2d5eeade2bd40eb13546522dbd3/Code/GraphMol/FilterCatalog/pains_b.in#L30
PAINS_B,hzone_enamin(30),hzone_enamin(30),"[#7](-[#1])-[#7]=[#6]-[#6;!H0,$(*(-[#6])-[#6])]=[#6](-[#6])-!@[$([#7]),$([#8]-[#1])]",1,4294967295,https://raw.githubusercontent.com/rdkit/rdkit/0ece02e9254ef2d5eeade2bd40eb13546522dbd3/Code/GraphMol/FilterCatalog/pains_b.in#L31
PAINS_B,pyrrole_B(29),pyrrole_B(29),n2(-[#6]:1:[!#1]:[#6]:[#6]:[#6]:[#6]:1)c(cc(c2-[#6]:[#6])-[#1])-[#6;X4],1,4294967295,https://raw.githubusercontent.com/rdkit/rdkit/0ece02e9254ef2d5eeade2bd40eb13546522dbd3/Code/GraphMol/FilterCatalog/pains_b.in#L32
PAINS_B,thiophene_hydroxy(28),thiophene_hydroxy(28),s1ccc(c1)-[#8]-[#1],1,4294967295,https://raw.githubusercontent.com/rdkit/rdkit/0ece02e9254ef2d5eeade2bd40eb13546522dbd3/Code/GraphMol/FilterCatalog/pains_b.in#L33
PAINS_B,cyano_pyridone_B(27),cyano_pyridone_B(27),"[#6]-,:1(=,:[#6](-,:[#6](=[#8])-,:[#7]-,:[#6](=,:[#7]-,:1)-,:[!#6&!#1])-[#6]#[#7])-[#6]",1,4294967295,https://raw.githubusercontent.com/rdkit/rdkit/0ece02e9254ef2d5eeade2bd40eb13546522dbd3/Code/GraphMol/FilterCatalog/pains_b.in#L34
PAINS_B,imine_one_sixes(27),imine_one_sixes(27),[#6]-1(-[#6](=[#8])-[#7]-[#6](=[#8])-[#7]-[#6]-1=[#8])=[#7],1,4294967295,https://raw.githubusercontent.com/rdkit/rdkit/0ece02e9254ef2d5eeade2bd40eb13546522dbd3/Code/GraphMol/FilterCatalog/pains_b.in#L35
PAINS_B,dyes5A(27),dyes5A(27),"[#6](-[#1])(-[#1])-[#7]([#6]:[#6])~[#6][#6]=,:[#6]-[#6]~[#6][#7]",1,4294967295,https://raw.githubusercontent.com/rdkit/rdkit/0ece02e9254ef2d5eeade2bd40eb13546522dbd3/Code/GraphMol/FilterCatalog/pains_b.in#L36
PAINS_B,naphth_amino_A(25),naphth_amino_A(25),"c:2:c:1:c:c:c:c-,:3:c:1:c(:c:c:2)-,:[#7]-,:[#6]=,:[#7]-,:3",1,4294967295,https://raw.githubusercontent.com/rdkit/rdkit/0ece02e9254ef2d5eeade2bd40eb13546522dbd3/Code/GraphMol/FilterCatalog/pains_b.in#L37
PAINS_B,naphth_amino_B(25),naphth_amino_B(25),c:2:c:1:c:c:c:c-3:c:1:c(:c:c:2)-[#7](-[#6;X4]-[#7]-3-[#1])-[#1],1,4294967295,https://raw.githubusercontent.com/rdkit/rdkit/0ece02e9254ef2d5eeade2bd40eb13546522dbd3/Code/GraphMol/FilterCatalog/pains_b.in#L38
PAINS_B,ene_one_ester(24),ene_one_ester(24),[#6]-[#6](=[#8])-[#6](-[#1])=[#6](-[#7](-[#1])-[#6])-[#6](=[#8])-[#8]-[#6],1,4294967295,https://raw.githubusercontent.com/rdkit/rdkit/0ece02e9254ef2d5eeade2bd40eb13546522dbd3/Code/GraphMol/FilterCatalog/pains_b.in#L39
PAINS_B,thio_dibenzo(23),thio_dibenzo(23),"[#16]=[#6]-1-[#6]=,:[#6]-[!#6&!#1]-[#6]=,:[#6]-1",1,4294967295,https://raw.githubusercontent.com/rdkit/rdkit/0ece02e9254ef2d5eeade2bd40eb13546522dbd3/Code/GraphMol/FilterCatalog/pains_b.in#L40
PAINS_B,cyano_cyano_A(23),cyano_cyano_A(23),"[#6](-[#6]#[#7])(-[#6]#[#7])-[#6](-[$([#6]#[#7]),$([#6]=[#7])])-[#6]#[#7]",1,4294967295,https://raw.githubusercontent.com/rdkit/rdkit/0ece02e9254ef2d5eeade2bd40eb13546522dbd3/Code/GraphMol/FilterCatalog/pains_b.in#L41
PAINS_B,hzone_acyl_naphthol(22),hzone_acyl_naphthol(22),c:1:2:c(:c(:c(:c(:c:1:c(:c(:c(:c:2-[#1])-[#8]-[#1])-[#6](=[#8])-[#7](-[#1])-[#7]=[#6])-[#1])-[#1])-[#1])-[#1])-[#1],1,4294967295,https://raw.githubusercontent.com/rdkit/rdkit/0ece02e9254ef2d5eeade2bd40eb13546522dbd3/Code/GraphMol/FilterCatalog/pains_b.in#L42
PAINS_B,het_65_A(21),het_65_A(21),[#8]=[#6]-c2c1nc(-[#6](-[#1])-[#1])cc(-[#8]-[#1])n1nc2,1,4294967295,https://raw.githubusercontent.com/rdkit/rdkit/0ece02e9254ef2d5eeade2bd40eb13546522dbd3/Code/GraphMol/FilterCatalog/pains_b.in#L43
PAINS_B,imidazole_A(19),imidazole_A(19),n:1:c(:n(:c(:c:1-c:2:c:c:c:c:c:2)-c:3:c:c:c:c:c:3)-[#1])-[#6]:[!#1],1,4294967295,https://raw.githubusercontent.com/rdkit/rdkit/0ece02e9254ef2d5eeade2bd40eb13546522dbd3/Code/GraphMol/FilterCatalog/pains_b.in#L44
PAINS_B,ene_cyano_A(19),ene_cyano_A(19),[#6](-[#6]#[#7])(-[#6]#[#7])=[#6]-c:1:c:c:c:c:c:1,1,4294967295,https://raw.githubusercontent.com/rdkit/rdkit/0ece02e9254ef2d5eeade2bd40eb13546522dbd3/Code/GraphMol/FilterCatalog/pains_b.in#L45
PAINS_B,anthranil_acid_A(19),anthranil_acid_A(19),c:1(:c:c:c:c:c:1-[#7](-[#1])-[#7]=[#6])-[#6](=[#8])-[#8]-[#1],1,4294967295,https://raw.githubusercontent.com/rdkit/rdkit/0ece02e9254ef2d5eeade2bd40eb13546522dbd3/Code/GraphMol/FilterCatalog/pains_b.in#L46
PAINS_B,dyes3A(19),dyes3A(19),"[#7+]([#6]:[#6])=,:[#6]-[#6](-[#1])=[#6]-[#7](-[#6;X4])-[#6]",1,4294967295,https://raw.githubusercontent.com/rdkit/rdkit/0ece02e9254ef2d5eeade2bd40eb13546522dbd3/Code/GraphMol/FilterCatalog/pains_b.in#L47
PAINS_B,dhp_bis_amino_CN(19),dhp_bis_amino_CN(19),[#7](-[#1])(-[#1])-[#6]-1=[#6](-[#6]#[#7])-[#6](-[#1])(-[#6]:[#6])-[#6](=[#6](-[#7](-[#1])-[#1])-[#16]-1)-[#6]#[#7],1,4294967295,https://raw.githubusercontent.com/rdkit/rdkit/0ece02e9254ef2d5eeade2bd40eb13546522dbd3/Code/GraphMol/FilterCatalog/pains_b.in#L48
PAINS_B,het_6_tetrazine(18),het_6_tetrazine(18),"[#7]~[#6]:1:[#7]:[#7]:[#6](:[$([#7]),$([#6]-[#1]),$([#6]-[#7]-[#1])]:[$([#7]),$([#6]-[#7])]:1)-[$([#7]-[#1]),$([#8]-[#6](-[#1])-[#1])]",1,4294967295,https://raw.githubusercontent.com/rdkit/rdkit/0ece02e9254ef2d5eeade2bd40eb13546522dbd3/Code/GraphMol/FilterCatalog/pains_b.in#L49
PAINS_B,ene_one_hal(17),ene_one_hal(17),"[#6]-[#6]=[#6](-[F,Cl,Br,I])-[#6](=[#8])-[#6]",1,4294967295,https://raw.githubusercontent.com/rdkit/rdkit/0ece02e9254ef2d5eeade2bd40eb13546522dbd3/Code/GraphMol/FilterCatalog/pains_b.in#L50
PAINS_B,cyano_imine_B(17),cyano_imine_B(17),[#6](-[#6]#[#7])(-[#6]#[#7])=[#7]-[#7](-[#1])-c:1:c:c:c:c:c:1,1,4294967295,https://raw.githubusercontent.com/rdkit/rdkit/0ece02e9254ef2d5eeade2bd40eb13546522dbd3/Code/GraphMol/FilterCatalog/pains_b.in#L51
PAINS_B,thiaz_ene_B(17),thiaz_ene_B(17),"[#6]-,:1(=,:[#6](-!@[#6](=[#8])-[#7]-[#6](-[#1])-[#1])-,:[#16]-,:[#6](-,:[#7]-,:1-,:[$([#6](-[#1])(-[#1])-[#6](-[#1])=[#6](-[#1])-[#1]),$([#6]:[#6])])=[#16])-,:[$([#7]-[#6](=[#8])-[#6]:[#6]),$([#7](-[#1])-[#1])]",1,4294967295,https://raw.githubusercontent.com/rdkit/rdkit/0ece02e9254ef2d5eeade2bd40eb13546522dbd3/Code/GraphMol/FilterCatalog/pains_b.in#L52
PAINS_B,ene_rhod_B(16),ene_rhod_B(16),"[#16]-1-[#6](=[#8])-[#7]-[#6](=[#8])-[#6]-1=[#6](-[#1])-[$([#6]-[#35]),$([#6]:[#6](-[#1]):[#6](-[F,Cl,Br,I]):[#6]:[#6]-[F,Cl,Br,I]),$([#6]:[#6](-[#1]):[#6](-[#1]):[#6]-[#16]-[#6](-[#1])-[#1]),$([#6]:[#6]:[#6]:[#6]:[#6]:[#6]:[#6]:[#6]:[#6]:[#6]-[#8]-[#6](-[#1])-[#1]),$([#6]:1:[#6](-[#6](-[#1])-[#1]):[#7](-[#6](-[#1])-[#1]):[#6](-[#6](-[#1])-[#1]):[#6]:1)]",1,4294967295,https://raw.githubusercontent.com/rdkit/rdkit/0ece02e9254ef2d5eeade2bd40eb13546522dbd3/Code/GraphMol/FilterCatalog/pains_b.in#L53
PAINS_B,thio_carbonate_A(15),thio_carbonate_A(15),"[#8]-,:1-,:[#6](-,:[#16]-,:c:2:c-,:1:c:c:c(:c:2)-,:[$([#7]),$([#8])])=[$([#8]),$([#16])]",1,4294967295,https://raw.githubusercontent.com/rdkit/rdkit/0ece02e9254ef2d5eeade2bd40eb13546522dbd3/Code/GraphMol/FilterCatalog/pains_b.in#L54
PAINS_B,anil_di_alk_furan_A(15),anil_di_alk_furan_A(15),[#7](-[#6](-[#1])-[#1])(-[#6](-[#1])-[#1])-c:1:c(:c(:c(:o:1)-[#6]=[#7]-[#7](-[#1])-[#6]=[!#6&!#1])-[#1])-[#1],1,4294967295,https://raw.githubusercontent.com/rdkit/rdkit/0ece02e9254ef2d5eeade2bd40eb13546522dbd3/Code/GraphMol/FilterCatalog/pains_b.in#L55
PAINS_B,ene_five_het_F(15),ene_five_het_F(15),c:1(:c:c:c:c:c:1)-[#6](-[#1])=!@[#6]-3-[#6](=[#8])-c:2:c:c:c:c:c:2-[#16]-3,1,4294967295,https://raw.githubusercontent.com/rdkit/rdkit/0ece02e9254ef2d5eeade2bd40eb13546522dbd3/Code/GraphMol/FilterCatalog/pains_b.in#L56
PAINS_C,anil_di_alk_F(14),anil_di_alk_F(14),"c:1:c:c(:c:c:c:1-[#6;X4]-c:2:c:c:c(:c:c:2)-[#7&H2,$([#7;!H0]-[#6;X4]),$([#7](-[#6X4])-[#6X4])])-[#7&H2,$([#7;!H0]-[#6;X4]),$([#7](-[#6X4])-[#6X4])]",1,4294967295,https://raw.githubusercontent.com/rdkit/rdkit/0ece02e9254ef2d5eeade2bd40eb13546522dbd3/Code/GraphMol/FilterCatalog/pains_c.in#L2
PAINS_C,hzone_anil(14),hzone_anil(14),c:1(:c(:c(:c(:c(:c:1-[#1])-[#1])-[#7](-[#1])-[#1])-[#1])-[#1])-[#6]=[#7]-[#7]-[#1],1,4294967295,https://raw.githubusercontent.com/rdkit/rdkit/0ece02e9254ef2d5eeade2bd40eb13546522dbd3/Code/GraphMol/FilterCatalog/pains_c.in#L3
PAINS_C,het_5_pyrazole_OH(14),het_5_pyrazole_OH(14),"c1(nn(c([c;!H0,$(c-[#6;!H0])]1)-[#8]-[#1])-c:2:c(:c(:c(:c(:c:2-[#1])-[#1])-[#1])-[#1])-[#1])-[#6;X4]",1,4294967295,https://raw.githubusercontent.com/rdkit/rdkit/0ece02e9254ef2d5eeade2bd40eb13546522dbd3/Code/GraphMol/FilterCatalog/pains_c.in#L4
PAINS_C,het_thio_666_A(13),het_thio_666_A(13),"c:2(:c:1-[#16]-c:3:c(-[#7;!H0,$([#7]-[CH3]),$([#7]-[#6;!H0;!H1]-[#6;!H0])](-c:1:c(:c(:c:2-[#1])-[#1])-[#1])):[c;!H0,$(c~[#7](-[#1])-[#6;X4]),$(c(cc)(cc)~[#6]:[#6])](:[c;!H0,$(c(cc)(cc)~[#6]:[#6])]:[c;!H0,$(c-[#7](-[#1])-[#1]),$(c-[#8]-[#6;X4])]:c:3-[#1]))-[#1]",1,4294967295,https://raw.githubusercontent.com/rdkit/rdkit/0ece02e9254ef2d5eeade2bd40eb13546522dbd3/Code/GraphMol/FilterCatalog/pains_c.in#L5
PAINS_C,styrene_A(13),styrene_A(13),[#6]-2-[#6]-c:1:c(:c:c:c:c:1)-[#6](-c:3:c:c:c:c:c-2:3)=[#6]-[#6],1,4294967295,https://raw.githubusercontent.com/rdkit/rdkit/0ece02e9254ef2d5eeade2bd40eb13546522dbd3/Code/GraphMol/FilterCatalog/pains_c.in#L6
PAINS_C,ene_rhod_C(13),ene_rhod_C(13),"[#16]-1-[#6](=[#7]-[#6]:[#6])-[#7;!H0,$([#7]-[#6](-[#1])(-[#1])-[#6](-[#1])(-[#1])-[#8]),$([#7]-[#6]:[#6])]-[#6](=[#8])-[#6]-1=[#6](-[#1])-[$([#6]:[#6]:[#6]-[#17]),$([#6]:[!#6&!#1])]",1,4294967295,https://raw.githubusercontent.com/rdkit/rdkit/0ece02e9254ef2d5eeade2bd40eb13546522dbd3/Code/GraphMol/FilterCatalog/pains_c.in#L7
PAINS_C,dhp_amino_CN_A(13),dhp_amino_CN_A(13),[#7](-[#1])(-[#1])-[#6]-1=[#6](-[#6]#[#7])-[#6](-[#1])(-[#6]:[#6])-[#6](=[#6](-[#6]=[#6])-[#8]-1)-[#6](-[#1])-[#1],1,4294967295,https://raw.githubusercontent.com/rdkit/rdkit/0ece02e9254ef2d5eeade2bd40eb13546522dbd3/Code/GraphMol/FilterCatalog/pains_c.in#L8
PAINS_C,cyano_imine_C(12),cyano_imine_C(12),[#8]=[#16](=[#8])-[#6](-[#6]#[#7])=[#7]-[#7]-[#1],1,4294967295,https://raw.githubusercontent.com/rdkit/rdkit/0ece02e9254ef2d5eeade2bd40eb13546522dbd3/Code/GraphMol/FilterCatalog/pains_c.in#L9
PAINS_C,thio_urea_A(12),thio_urea_A(12),c:1:c:c:c:c:c:1-[#7](-[#1])-[#6](=[#16])-[#7](-[#1])-[#6](-[#1])(-[#1])-[#6](-[#1])(-[#1])-[#6](-[#1])(-[#1])-[#7](-[#6](-[#1])-[#1])-c:2:c:c:c:c:c:2,1,4294967295,https://raw.githubusercontent.com/rdkit/rdkit/0ece02e9254ef2d5eeade2bd40eb13546522dbd3/Code/GraphMol/FilterCatalog/pains_c.in#L10
PAINS_C,thiophene_amino_B(12),thiophene_amino_B(12),"c:1:c(:c:c:c:c:1)-[#7](-[#1])-c:2:c(:c(:c(:s:2)-[$([#6]=[#8]),$([#6]#[#7]),$([#6](-[#8]-[#1])=[#6])])-[#7])-[$([#6]#[#7]),$([#6](:[#7]):[#7])]",1,4294967295,https://raw.githubusercontent.com/rdkit/rdkit/0ece02e9254ef2d5eeade2bd40eb13546522dbd3/Code/GraphMol/FilterCatalog/pains_c.in#L11
PAINS_C,keto_keto_beta_B(12),keto_keto_beta_B(12),[#6;X4]-1-[#6](=[#8])-[#7]-[#7]-[#6]-1=[#8],1,4294967295,https://raw.githubusercontent.com/rdkit/rdkit/0ece02e9254ef2d5eeade2bd40eb13546522dbd3/Code/GraphMol/FilterCatalog/pains_c.in#L12
PAINS_C,keto_phenone_A(11),keto_phenone_A(11),c:1:c-3:c(:c:c:c:1)-[#6]:2:[#7]:[!#1]:[#6]:[#6]:[#6]:2-[#6]-3=[#8],1,4294967295,https://raw.githubusercontent.com/rdkit/rdkit/0ece02e9254ef2d5eeade2bd40eb13546522dbd3/Code/GraphMol/FilterCatalog/pains_c.in#L13
PAINS_C,cyano_pyridone_C(11),cyano_pyridone_C(11),[#6]-1(-[#6](=[#6](-[#6]#[#7])-[#6](~[#8])~[#7]~[#6]-1~[#8])-[#6](-[#1])-[#1])=[#6](-[#1])-[#6]:[#6],1,4294967295,https://raw.githubusercontent.com/rdkit/rdkit/0ece02e9254ef2d5eeade2bd40eb13546522dbd3/Code/GraphMol/FilterCatalog/pains_c.in#L14
PAINS_C,thiaz_ene_C(11),thiaz_ene_C(11),"[#6]-,:1(=,:[#6](-!@[#6]=[#7])-,:[#16]-,:[#6](-,:[#7]-,:1)=[#8])-[$([F,Cl,Br,I]),$([#7+](:[#6]):[#6])]",1,4294967295,https://raw.githubusercontent.com/rdkit/rdkit/0ece02e9254ef2d5eeade2bd40eb13546522dbd3/Code/GraphMol/FilterCatalog/pains_c.in#L15
PAINS_C,hzone_thiophene_A(11),hzone_thiophene_A(11),"c:1:2:c(:c(:c(:c(:c:1-[#1])-[#1])-[#1])-[#1]):[!#6&!#1]:[#6;!H0,$([#6]-[OH]),$([#6]-[#6;H2,H3])](:[#6]:2-[#6](-[#1])=[#7]-[#7](-[#1])-[$([#6]:1:[#7]:[#6]:[#6](-[#1]):[#16]:1),$([#6]:[#6](-[#1]):[#6]-[#1]),$([#6]:[#7]:[#6]:[#7]:[#6]:[#7]),$([#6]:[#7]:[#7]:[#7]:[#7])])",1,4294967295,https://raw.githubusercontent.com/rdkit/rdkit/0ece02e9254ef2d5eeade2bd40eb13546522dbd3/Code/GraphMol/FilterCatalog/pains_c.in#L16
PAINS_C,ene_quin_methide(10),ene_quin_methide(10),"[!#1]:[!#1]-[#6;!H0,$([#6]-[#6]#[#7])]=[#6]-1-[#6]=,:[#6]-[#6](=[$([#8]),$([#7;!R])])-[#6]=,:[#6]-1",1,4294967295,https://raw.githubusercontent.com/rdkit/rdkit/0ece02e9254ef2d5eeade2bd40eb13546522dbd3/Code/GraphMol/FilterCatalog/pains_c.in#L17
PAINS_C,het_thio_676_A(10),het_thio_676_A(10),"c:1:c:c-2:c(:c:c:1)-[#6]-[#6](-c:3:c(-[#16]-2):c(:c(-[#1]):[c;!H0,$(c-[#8]),$(c-[#16;X2]),$(c-[#6;X4]),$(c-[#7;H2,H3,$([#7!H0]-[#6;X4]),$([#7](-[#6;X4])-[#6;X4])])](:c:3-[#1]))-[#1])-[#7;H2,H3,$([#7;!H0](-[#6])-[#6;X4]),$([#7](-[#6])(-[#6;X4])-[#6;X4])]",1,4294967295,https://raw.githubusercontent.com/rdkit/rdkit/0ece02e9254ef2d5eeade2bd40eb13546522dbd3/Code/GraphMol/FilterCatalog/pains_c.in#L18
PAINS_C,ene_five_het_G(10),ene_five_het_G(10),"[#6]-1(=[#8])-[#6](=[#6](-[#1])-[$([#6]:1:[#6]:[#6]:[#6]:[#6]:[#6]:1),$([#6]:1:[#6]:[#6]:[#6]:[!#6&!#1]:1)])-[#7]=[#6](-[!#1]:[!#1]:[!#1])-[$([#16]),$([#7]-[!#1]:[!#1])]-1",1,4294967295,https://raw.githubusercontent.com/rdkit/rdkit/0ece02e9254ef2d5eeade2bd40eb13546522dbd3/Code/GraphMol/FilterCatalog/pains_c.in#L19
PAINS_C,acyl_het_A(9),acyl_het_A(9),[#7+](:[!#1]:[!#1]:[!#1])-[!#1]=[#8],1,4294967295,https://raw.githubusercontent.com/rdkit/rdkit/0ece02e9254ef2d5eeade2bd40eb13546522dbd3/Code/GraphMol/FilterCatalog/pains_c.in#L20
PAINS_C,anil_di_alk_G(9),anil_di_alk_G(9),"[#6;X4]-[#7](-[#6;X4])-c:1:c(:c(:c(:c(:c:1-[#1])-[#1])-[#6]2=,:[#7][#6]:[#6]:[!#1]2)-[#1])-[#1]",1,4294967295,https://raw.githubusercontent.com/rdkit/rdkit/0ece02e9254ef2d5eeade2bd40eb13546522dbd3/Code/GraphMol/FilterCatalog/pains_c.in#L21
PAINS_C,dhp_keto_A(9),dhp_keto_A(9),"[#7;!H0,$([#7]-[#6;X4])]-1-[#6]=,:[#6](-[#6](=[#8])-[#6]:[#6]:[#6])-[#6](-[#6])-[#6](=[#6]-1-[#6](-[#1])(-[#1])-[#1])-[$([#6]=[#8]),$([#6]#[#7])]",1,4294967295,https://raw.githubusercontent.com/rdkit/rdkit/0ece02e9254ef2d5eeade2bd40eb13546522dbd3/Code/GraphMol/FilterCatalog/pains_c.in#L22
PAINS_C,thio_urea_B(9),thio_urea_B(9),c:1:c:c:c:c:c:1-[#7](-[#1])-[#6](=[#16])-[#7](-[#1])-[#6](-[#1])(-[#1])-[#6](-[#1])(-[#1])-[#7](-[#6](-[#1])-[#1])-c:2:c:c:c:c:c:2,1,4294967295,https://raw.githubusercontent.com/rdkit/rdkit/0ece02e9254ef2d5eeade2bd40eb13546522dbd3/Code/GraphMol/FilterCatalog/pains_c.in#L23
PAINS_C,anil_alk_bim(9),anil_alk_bim(9),c:1:3:c(:c(:c(:c(:c:1-[#1])-[#1])-[#7](-[#1])-[#6](-[#1])(-[#1])-c:2:c:c:c:c:c:2)-[#1]):n:c(-[#1]):n:3-[#6],1,4294967295,https://raw.githubusercontent.com/rdkit/rdkit/0ece02e9254ef2d5eeade2bd40eb13546522dbd3/Code/GraphMol/FilterCatalog/pains_c.in#L24
PAINS_C,imine_imine_A(9),imine_imine_A(9),c:1:c:c-2:c(:c:c:1)-[#7]=[#6]-[#6]-2=[#7;!R],1,4294967295,https://raw.githubusercontent.com/rdkit/rdkit/0ece02e9254ef2d5eeade2bd40eb13546522dbd3/Code/GraphMol/FilterCatalog/pains_c.in#L25
PAINS_C,thio_urea_C(9),thio_urea_C(9),"c:1(:c:c:c:c:c:1)-[#7](-[#1])-[#6](=[#16])-[#7]-[#7](-[#1])-[#6](=[#8])-[#6]-,:2:[!#1]:[!#6&!#1]:[#6]:[#6]-,:2",1,4294967295,https://raw.githubusercontent.com/rdkit/rdkit/0ece02e9254ef2d5eeade2bd40eb13546522dbd3/Code/GraphMol/FilterCatalog/pains_c.in#L26
PAINS_C,imine_one_fives_B(9),imine_one_fives_B(9),[#7;!R]=[#6]-2-[#6](=[#8])-c:1:c:c:c:c:c:1-[#16]-2,1,4294967295,https://raw.githubusercontent.com/rdkit/rdkit/0ece02e9254ef2d5eeade2bd40eb13546522dbd3/Code/GraphMol/FilterCatalog/pains_c.in#L27
PAINS_C,dhp_amino_CN_B(9),dhp_amino_CN_B(9),"[$([#7](-[#1])-[#1]),$([#8]-[#1])]-[#6]-2=[#6](-[#6]#[#7])-[#6](-[#1])(-[#6]:[#6])-c:1:c(:n(-[#6]):n:c:1)-[#8]-2",1,4294967295,https://raw.githubusercontent.com/rdkit/rdkit/0ece02e9254ef2d5eeade2bd40eb13546522dbd3/Code/GraphMol/FilterCatalog/pains_c.in#L28
PAINS_C,anil_OC_no_alk_A(8),anil_OC_no_alk_A(8),[#7](-[#1])(-[#1])-c:1:c(:c(:c(:n:c:1-[#1])-[#8]-c:2:c:c:c:c:c:2)-[#1])-[#1],1,4294967295,https://raw.githubusercontent.com/rdkit/rdkit/0ece02e9254ef2d5eeade2bd40eb13546522dbd3/Code/GraphMol/FilterCatalog/pains_c.in#L29
PAINS_C,het_thio_66_one(8),het_thio_66_one(8),[#6](=[#8])-[#6]-1=[#6]-[#7]-c:2:c(-[#16]-1):c:c:c:c:2,1,4294967295,https://raw.githubusercontent.com/rdkit/rdkit/0ece02e9254ef2d5eeade2bd40eb13546522dbd3/Code/GraphMol/FilterCatalog/pains_c.in#L30
PAINS_C,styrene_B(8),styrene_B(8),"c:1:c:c-2:c(:c:c:1)-[#6](-c:3:c(-[$([#16;X2]),$([#6;X4])]-2):c:c:[c;!H0,$(c-[#17]),$(c-[#6;X4])](:c:3))=[#6]-[#6]",1,4294967295,https://raw.githubusercontent.com/rdkit/rdkit/0ece02e9254ef2d5eeade2bd40eb13546522dbd3/Code/GraphMol/FilterCatalog/pains_c.in#L31
PAINS_C,het_thio_5_A(8),het_thio_5_A(8),[#6](-[#1])(-[#1])-[#16;X2]-c:1:n:c(:c(:n:1-!@[#6](-[#1])-[#1])-c:2:c:c:c:c:c:2)-[#1],1,4294967295,https://raw.githubusercontent.com/rdkit/rdkit/0ece02e9254ef2d5eeade2bd40eb13546522dbd3/Code/GraphMol/FilterCatalog/pains_c.in#L32
PAINS_C,anil_di_alk_ene_A(8),anil_di_alk_ene_A(8),[#6](-[#1])(-[#1])-[#7](-[#6](-[#1])-[#1])-[#6]-2=[#6](-[#1])-c:1:c(:c:c:c:c:1)-[#16;X2]-c:3:c-2:c:c:c:c:3,1,4294967295,https://raw.githubusercontent.com/rdkit/rdkit/0ece02e9254ef2d5eeade2bd40eb13546522dbd3/Code/GraphMol/FilterCatalog/pains_c.in#L33
PAINS_C,ene_rhod_D(8),ene_rhod_D(8),"[#16]-1-[#6](=!@[#7;!H0,$([#7]-[#7](-[#1])-[#6]:[#6])])-[#7;!H0,$([#7]-[#6]:[#7]:[#6]:[#6]:[#16])]-[#6](=[#8])-[#6]-1=[#6](-[#1])-[#6]:[#6]-[$([#17]),$([#8]-[#6]-[#1])]",1,4294967295,https://raw.githubusercontent.com/rdkit/rdkit/0ece02e9254ef2d5eeade2bd40eb13546522dbd3/Code/GraphMol/FilterCatalog/pains_c.in#L34
PAINS_C,ene_rhod_E(8),ene_rhod_E(8),[#16]-1-[#6](=[#8])-[#7]-[#6](=[#16])-[#6]-1=[#6](-[#1])-[#6]:[#6],1,4294967295,https://raw.githubusercontent.com/rdkit/rdkit/0ece02e9254ef2d5eeade2bd40eb13546522dbd3/Code/GraphMol/FilterCatalog/pains_c.in#L35
PAINS_C,anil_OH_alk_A(8),anil_OH_alk_A(8),c:1:c(:c:c:c:c:1)-[#6](-[#1])(-[#1])-[#7](-[#1])-c:2:c(:c(:c(:c(:c:2-[#1])-[#1])-[#8]-[#1])-[#1])-[#1],1,4294967295,https://raw.githubusercontent.com/rdkit/rdkit/0ece02e9254ef2d5eeade2bd40eb13546522dbd3/Code/GraphMol/FilterCatalog/pains_c.in#L36
PAINS_C,pyrrole_C(8),pyrrole_C(8),n1(-[#6;X4])c(c(-[#1])c(c1-[#6]:[#6])-[#1])-[#6](-[#1])-[#1],1,4294967295,https://raw.githubusercontent.com/rdkit/rdkit/0ece02e9254ef2d5eeade2bd40eb13546522dbd3/Code/GraphMol/FilterCatalog/pains_c.in#L37
PAINS_C,thio_urea_D(8),thio_urea_D(8),c:1(:c:c:c:c:c:1)-[#7](-[#1])-[#6](=[#16])-[#7]-[#7](-[#1])-c:2:c:c:c:c:c:2,1,4294967295,https://raw.githubusercontent.com/rdkit/rdkit/0ece02e9254ef2d5eeade2bd40eb13546522dbd3/Code/GraphMol/FilterCatalog/pains_c.in#L38
PAINS_C,thiaz_ene_D(8),thiaz_ene_D(8),[#7](-c:1:c:c:c:c:c:1)-c2[n+]c(cs2)-c:3:c:c:c:c:c:3,1,4294967295,https://raw.githubusercontent.com/rdkit/rdkit/0ece02e9254ef2d5eeade2bd40eb13546522dbd3/Code/GraphMol/FilterCatalog/pains_c.in#L39
PAINS_C,ene_rhod_F(8),ene_rhod_F(8),n:1:c:c:c(:c:1-[#6](-[#1])-[#1])-[#6](-[#1])=[#6]-2-[#6](=[#8])-[#7]-[#6](=[!#6&!#1])-[#7]-2,1,4294967295,https://raw.githubusercontent.com/rdkit/rdkit/0ece02e9254ef2d5eeade2bd40eb13546522dbd3/Code/GraphMol/FilterCatalog/pains_c.in#L40
PAINS_C,thiaz_ene_E(8),thiaz_ene_E(8),"[#6]-,:1(=,:[#6](-[#6](-[#1])(-[#6])-[#6])-,:[#16]-,:[#6](-,:[#7;!H0,$([#7]-[#6;!H0;!H1])]-,:1)=[#8])-[#16]-[#6;R]",1,4294967295,https://raw.githubusercontent.com/rdkit/rdkit/0ece02e9254ef2d5eeade2bd40eb13546522dbd3/Code/GraphMol/FilterCatalog/pains_c.in#L41
PAINS_C,het_65_B(7),het_65_B(7),"[!#1]:,-1:[!#1]-,:2:[!#1](:[!#1]:[!#1]:[!#1]:,-1)-,:[#7](-[#1])-,:[#7](-,:[#6]-,:2=[#8])-[#6]",1,4294967295,https://raw.githubusercontent.com/rdkit/rdkit/0ece02e9254ef2d5eeade2bd40eb13546522dbd3/Code/GraphMol/FilterCatalog/pains_c.in#L42
PAINS_C,keto_keto_beta_C(7),keto_keto_beta_C(7),c:1:c:c-2:c(:c:c:1)-[#6](=[#6](-[#6]-2=[#8])-[#6])-[#8]-[#1],1,4294967295,https://raw.githubusercontent.com/rdkit/rdkit/0ece02e9254ef2d5eeade2bd40eb13546522dbd3/Code/GraphMol/FilterCatalog/pains_c.in#L43
PAINS_C,het_66_A(7),het_66_A(7),c:2:c:c:1:n:n:c(:n:c:1:c:c:2)-[#6](-[#1])(-[#1])-[#6]=[#8],1,4294967295,https://raw.githubusercontent.com/rdkit/rdkit/0ece02e9254ef2d5eeade2bd40eb13546522dbd3/Code/GraphMol/FilterCatalog/pains_c.in#L44
PAINS_C,thio_urea_E(7),thio_urea_E(7),c:1:c:c:c:c:c:1-[#7](-[#1])-[#6](=[#16])-[#7](-[#1])-[#6](-[#1])(-[#1])-c:2:n:c:c:c:c:2,1,4294967295,https://raw.githubusercontent.com/rdkit/rdkit/0ece02e9254ef2d5eeade2bd40eb13546522dbd3/Code/GraphMol/FilterCatalog/pains_c.in#L45
PAINS_C,thiophene_amino_C(7),thiophene_amino_C(7),"[#6](-[#1])-[#6](-[#1])(-[#1])-c:1:c(:c(:c(:s:1)-[#7](-[#1])-[#6](=[#8])-[#6]-[#6]-[#6]=[#8])-[$([#6](=[#8])-[#8]),$([#6]#[#7])])-[#6](-[#1])-[#1]",1,4294967295,https://raw.githubusercontent.com/rdkit/rdkit/0ece02e9254ef2d5eeade2bd40eb13546522dbd3/Code/GraphMol/FilterCatalog/pains_c.in#L46
PAINS_C,hzone_phenone(7),hzone_phenone(7),"[#6](-c:1:c(:c(:[c;!H0,$(c-[#6;X4])]:c:c:1-[#1])-[#1])-[#1])(-c:2:c(:c(:[c;!H0,$(c-[#17])](:c(:c:2-[#1])-[#1]))-[#1])-[#1])=[$([#7]-[#8]-[#6](-[#1])(-[#1])-[#6](-[#1])(-[#1])-[#6](-[#1])(-[#1])-[#7](-[#6](-[#1])-[#1])-[#6](-[#1])-[#1]),$([#7]-[#8]-[#6](-[#1])(-[#1])-[#6](-[#1])(-[#1])-[#7](-[#6](-[#1])-[#1])-[#6](-[#1])-[#1]),$([#7]-[#7](-[#1])-[#6](=[#7]-[#1])-[#7](-[#1])-[#1]),$([#6](-[#1])-[#7])]",1,4294967295,https://raw.githubusercontent.com/rdkit/rdkit/0ece02e9254ef2d5eeade2bd40eb13546522dbd3/Code/GraphMol/FilterCatalog/pains_c.in#L47
PAINS_C,ene_rhod_G(7),ene_rhod_G(7),[#8](-[#1])-[#6](=[#8])-c:1:c:c(:c:c:c:1)-[#6]:[!#1]:[#6]-[#6](-[#1])=[#6]-2-[#6](=[!#6&!#1])-[#7]-[#6](=[!#6&!#1])-[!#6&!#1]-2,1,4294967295,https://raw.githubusercontent.com/rdkit/rdkit/0ece02e9254ef2d5eeade2bd40eb13546522dbd3/Code/GraphMol/FilterCatalog/pains_c.in#L48
PAINS_C,ene_cyano_B(7),ene_cyano_B(7),[#6]-1(=[#6]-[#6](-c:2:c:c(:c(:n:c-1:2)-[#7](-[#1])-[#1])-[#6]#[#7])=[#6])-[#6]#[#7],1,4294967295,https://raw.githubusercontent.com/rdkit/rdkit/0ece02e9254ef2d5eeade2bd40eb13546522dbd3/Code/GraphMol/FilterCatalog/pains_c.in#L49
PAINS_C,dhp_amino_CN_C(7),dhp_amino_CN_C(7),[#7](-[#1])(-[#1])-[#6]-1=[#6](-[#6]#[#7])-[#6](-[#1])(-[#6]:[#6])-[#6](=[#6](-[#6]:[#6])-[#8]-1)-[#6]#[#7],1,4294967295,https://raw.githubusercontent.com/rdkit/rdkit/0ece02e9254ef2d5eeade2bd40eb13546522dbd3/Code/GraphMol/FilterCatalog/pains_c.in#L50
PAINS_C,het_5_A(7),het_5_A(7),[#7]-2(-c:1:c:c:c:c:c:1)-[#7]=[#6](-[#6]=[#8])-[#6;X4]-[#6]-2=[#8],1,4294967295,https://raw.githubusercontent.com/rdkit/rdkit/0ece02e9254ef2d5eeade2bd40eb13546522dbd3/Code/GraphMol/FilterCatalog/pains_c.in#L51
PAINS_C,ene_five_het_H(6),ene_five_het_H(6),[#7]-1=[#6]-[#6](-[#6](-[#7]-1)=[#16])=[#6],1,4294967295,https://raw.githubusercontent.com/rdkit/rdkit/0ece02e9254ef2d5eeade2bd40eb13546522dbd3/Code/GraphMol/FilterCatalog/pains_c.in#L52
PAINS_C,thio_amide_A(6),thio_amide_A(6),c1(coc(c1-[#1])-[#6](=[#16])-[#7]-2-[#6](-[#1])(-[#1])-[#6](-[#1])(-[#1])-[!#1]-[#6](-[#1])(-[#1])-[#6]-2(-[#1])-[#1])-[#1],1,4294967295,https://raw.githubusercontent.com/rdkit/rdkit/0ece02e9254ef2d5eeade2bd40eb13546522dbd3/Code/GraphMol/FilterCatalog/pains_c.in#L53
PAINS_C,ene_cyano_C(6),ene_cyano_C(6),[#6]=[#6](-[#6]#[#7])-[#6](=[#7]-[#1])-[#7]-[#7],1,4294967295,https://raw.githubusercontent.com/rdkit/rdkit/0ece02e9254ef2d5eeade2bd40eb13546522dbd3/Code/GraphMol/FilterCatalog/pains_c.in#L54
PAINS_C,hzone_furan_A(6),hzone_furan_A(6),"c:1(:c(:c(:[c;!H0,$(c-[#6;!H0;!H1])](:o:1))-[#1])-[#1])-[#6;!H0,$([#6]-[#6;!H0;!H1])]=[#7]-[#7](-[#1])-c:2:n:c:c:s:2",1,4294967295,https://raw.githubusercontent.com/rdkit/rdkit/0ece02e9254ef2d5eeade2bd40eb13546522dbd3/Code/GraphMol/FilterCatalog/pains_c.in#L55
PAINS_C,anil_di_alk_H(6),anil_di_alk_H(6),c:1(:c(:c(:c(:c(:c:1-[#7](-[#1])-[#16](=[#8])(=[#8])-[#6]:2:[#6]:[!#1]:[#6]:[#6]:[#6]:2)-[#1])-[#7](-[#6](-[#1])-[#1])-[#6](-[#1])-[#1])-[#1])-[#1])-[#1],1,4294967295,https://raw.githubusercontent.com/rdkit/rdkit/0ece02e9254ef2d5eeade2bd40eb13546522dbd3/Code/GraphMol/FilterCatalog/pains_c.in#L56
PAINS_C,het_65_C(6),het_65_C(6),"n2c1ccccn1c(c2-[$([#6](-[!#1])=[#6](-[#1])-[#6]:[#6]),$([#6]:[#8]:[#6])])-[#7]-[#6]:[#6]",1,4294967295,https://raw.githubusercontent.com/rdkit/rdkit/0ece02e9254ef2d5eeade2bd40eb13546522dbd3/Code/GraphMol/FilterCatalog/pains_c.in#L57
PAINS_C,thio_urea_F(6),thio_urea_F(6),[#6]-1-[#7](-[#1])-[#7](-[#1])-[#6](=[#16])-[#7]-[#7]-1-[#1],1,4294967295,https://raw.githubusercontent.com/rdkit/rdkit/0ece02e9254ef2d5eeade2bd40eb13546522dbd3/Code/GraphMol/FilterCatalog/pains_c.in#L58
PAINS_C,ene_five_het_I(6),ene_five_het_I(6),c:1(:c:c:c:o:1)-[#6](-[#1])=!@[#6]-3-[#6](=[#8])-c:2:c:c:c:c:c:2-[!#6&!#1]-3,1,4294967295,https://raw.githubusercontent.com/rdkit/rdkit/0ece02e9254ef2d5eeade2bd40eb13546522dbd3/Code/GraphMol/FilterCatalog/pains_c.in#L59
PAINS_C,keto_keto_gamma(5),keto_keto_gamma(5),[#8]=[#6]-1-[#6;X4]-[#6]-[#6](=[#8])-c:2:c:c:c:c:c-1:2,1,4294967295,https://raw.githubusercontent.com/rdkit/rdkit/0ece02e9254ef2d5eeade2bd40eb13546522dbd3/Code/GraphMol/FilterCatalog/pains_c.in#L60
PAINS_C,quinone_B(5),quinone_B(5),c:1:c:c-2:c(:c:c:1)-[#6](-c3cccc4noc-2c34)=[#8],1,4294967295,https://raw.githubusercontent.com/rdkit/rdkit/0ece02e9254ef2d5eeade2bd40eb13546522dbd3/Code/GraphMol/FilterCatalog/pains_c.in#L61
PAINS_C,het_6_pyridone_OH(5),het_6_pyridone_OH(5),[#8](-[#1])-c:1:n:c(:c:c:c:1)-[#8]-[#1],1,4294967295,https://raw.githubusercontent.com/rdkit/rdkit/0ece02e9254ef2d5eeade2bd40eb13546522dbd3/Code/GraphMol/FilterCatalog/pains_c.in#L62
PAINS_C,hzone_naphth_A(5),hzone_naphth_A(5),"c:1:2:c(:c(:c(:c(:c:1:c(:c(:c(:c:2-[#1])-[#1])-[#6]=[#7]-[#7](-[#1])-[$([#6]:[#6]),$([#6]=[#16])])-[#1])-[#1])-[#1])-[#1])-[#1]",1,4294967295,https://raw.githubusercontent.com/rdkit/rdkit/0ece02e9254ef2d5eeade2bd40eb13546522dbd3/Code/GraphMol/FilterCatalog/pains_c.in#L63
PAINS_C,thio_ester_A(5),thio_ester_A(5),"[#6]-,:1=,:[#6](-,:[#16]-,:[#6](-,:[#6]=,:[#6]-,:1)=[#16])-,:[#7]",1,4294967295,https://raw.githubusercontent.com/rdkit/rdkit/0ece02e9254ef2d5eeade2bd40eb13546522dbd3/Code/GraphMol/FilterCatalog/pains_c.in#L64
PAINS_C,ene_misc_A(5),ene_misc_A(5),[#6]-1=[#6]-[#6](-[#8]-[#6]-1-[#8])(-[#8])-[#6],1,4294967295,https://raw.githubusercontent.com/rdkit/rdkit/0ece02e9254ef2d5eeade2bd40eb13546522dbd3/Code/GraphMol/FilterCatalog/pains_c.in#L65
PAINS_C,cyano_pyridone_D(5),cyano_pyridone_D(5),"[#8]=[#6]-,:1-,:[#6](=,:[#6]-,:[#6](=,:[#7]-,:[#7]-,:1)-,:[#6]=[#8])-[#6]#[#7]",1,4294967295,https://raw.githubusercontent.com/rdkit/rdkit/0ece02e9254ef2d5eeade2bd40eb13546522dbd3/Code/GraphMol/FilterCatalog/pains_c.in#L66
PAINS_C,het_65_Db(5),het_65_Db(5),c3cn1c(nc(c1-[#7]-[#6])-c:2:c:c:c:c:n:2)cc3,1,4294967295,https://raw.githubusercontent.com/rdkit/rdkit/0ece02e9254ef2d5eeade2bd40eb13546522dbd3/Code/GraphMol/FilterCatalog/pains_c.in#L67
PAINS_C,het_666_A(5),het_666_A(5),[#7]-2-c:1:c:c:c:c:c:1-[#6](=[#7])-c:3:c-2:c:c:c:c:3,1,4294967295,https://raw.githubusercontent.com/rdkit/rdkit/0ece02e9254ef2d5eeade2bd40eb13546522dbd3/Code/GraphMol/FilterCatalog/pains_c.in#L68
PAINS_C,diazox_sulfon_B(5),diazox_sulfon_B(5),c:1:c(:c:c:c:c:1)-[#7]-2-[#6](-[#1])-[#6](-[#1])-[#7](-[#6](-[#1])-[#6]-2-[#1])-[#16](=[#8])(=[#8])-c:3:c:c:c:c:4:n:s:n:c:3:4,1,4294967295,https://raw.githubusercontent.com/rdkit/rdkit/0ece02e9254ef2d5eeade2bd40eb13546522dbd3/Code/GraphMol/FilterCatalog/pains_c.in#L69
PAINS_C,anil_NH_alk_A(5),anil_NH_alk_A(5),"c:1(:c(:c-,:2:c(:c(:c:1-[#1])-[#1])-,:[#7](-,:[#6](-,:[#7]-,:2-[#1])=[#8])-[#1])-[#1])-[#7](-[#1])-[#6](-[#1])-[#1]",1,4294967295,https://raw.githubusercontent.com/rdkit/rdkit/0ece02e9254ef2d5eeade2bd40eb13546522dbd3/Code/GraphMol/FilterCatalog/pains_c.in#L70
PAINS_C,sulfonamide_C(5),sulfonamide_C(5),c:1(:c(:c-3:c(:c(:c:1-[#7](-[#1])-[#16](=[#8])(=[#8])-c:2:c:c:c(:c:c:2)-[!#6&!#1])-[#1])-[#8]-[#6](-[#8]-3)(-[#1])-[#1])-[#1])-[#1],1,4294967295,https://raw.githubusercontent.com/rdkit/rdkit/0ece02e9254ef2d5eeade2bd40eb13546522dbd3/Code/GraphMol/FilterCatalog/pains_c.in#L71
PAINS_C,het_thio_N_55(5),het_thio_N_55(5),[#6](-[#1])-[#6]:2:[#7]:[#7](-c:1:c:c:c:c:c:1):[#16]:3:[!#6&!#1]:[!#1]:[#6]:[#6]:2:3,1,4294967295,https://raw.githubusercontent.com/rdkit/rdkit/0ece02e9254ef2d5eeade2bd40eb13546522dbd3/Code/GraphMol/FilterCatalog/pains_c.in#L72
PAINS_C,keto_keto_beta_D(5),keto_keto_beta_D(5),[#8]=[#6]-[#6]=[#6](-[#1])-[#8]-[#1],1,4294967295,https://raw.githubusercontent.com/rdkit/rdkit/0ece02e9254ef2d5eeade2bd40eb13546522dbd3/Code/GraphMol/FilterCatalog/pains_c.in#L73
PAINS_C,ene_rhod_H(5),ene_rhod_H(5),"[#7]-,:1-,:2-,:[#6](=,:[#7]-,:[#6](=[#8])-,:[#6](=,:[#7]-,:1)-[#6](-[#1])-[#1])-,:[#16]-,:[#6](=[#6](-[#1])-[#6]:[#6])-,:[#6]-,:2=[#8]",1,4294967295,https://raw.githubusercontent.com/rdkit/rdkit/0ece02e9254ef2d5eeade2bd40eb13546522dbd3/Code/GraphMol/FilterCatalog/pains_c.in#L74
PAINS_C,imine_ene_A(5),imine_ene_A(5),[#6]:[#6]-[#6](-[#1])=[#6](-[#1])-[#6](-[#1])=[#7]-[#7](-[#6;X4])-[#6;X4],1,4294967295,https://raw.githubusercontent.com/rdkit/rdkit/0ece02e9254ef2d5eeade2bd40eb13546522dbd3/Code/GraphMol/FilterCatalog/pains_c.in#L75
PAINS_C,het_thio_656a(5),het_thio_656a(5),c:1:3:c(:c:c:c:c:1):c:2:n:n:c(-[#16]-[#6](-[#1])(-[#1])-[#6]=[#8]):n:c:2:n:3-[#6](-[#1])(-[#1])-[#6](-[#1])=[#6](-[#1])-[#1],1,4294967295,https://raw.githubusercontent.com/rdkit/rdkit/0ece02e9254ef2d5eeade2bd40eb13546522dbd3/Code/GraphMol/FilterCatalog/pains_c.in#L76
PAINS_C,pyrrole_D(5),pyrrole_D(5),n1(-[#6])c(c(-[#1])c(c1-[#6](-[#1])(-[#1])-[#7](-[#1])-[#6](=[#16])-[#7]-[#1])-[#1])-[#1],1,4294967295,https://raw.githubusercontent.com/rdkit/rdkit/0ece02e9254ef2d5eeade2bd40eb13546522dbd3/Code/GraphMol/FilterCatalog/pains_c.in#L77
PAINS_C,pyrrole_E(5),pyrrole_E(5),n2(-[#6]:1:[!#1]:[!#6&!#1]:[!#1]:[#6]:1-[#1])c(c(-[#1])c(c2-[#6;X4])-[#1])-[#6;X4],1,4294967295,https://raw.githubusercontent.com/rdkit/rdkit/0ece02e9254ef2d5eeade2bd40eb13546522dbd3/Code/GraphMol/FilterCatalog/pains_c.in#L78
PAINS_C,thio_urea_G(5),thio_urea_G(5),c:1(:c:c:c:c:c:1)-[#7](-[#1])-[#6](=[#16])-[#7]-[#7](-[#1])-[#6]([#7;R])[#7;R],1,4294967295,https://raw.githubusercontent.com/rdkit/rdkit/0ece02e9254ef2d5eeade2bd40eb13546522dbd3/Code/GraphMol/FilterCatalog/pains_c.in#L79
PAINS_C,anisol_A(5),anisol_A(5),"c:1(:c(:c(:c(:c(:[c;!H0,$(c-[#6](-[#1])-[#1])]:1)-[#1])-[#8]-[#6](-[#1])-[#1])-[#6](-[#1])(-[#1])-[$([#7](-[#1])-[#6](=[#8])-[#6](-[#1])(-[#1])-[#6](-[#1])(-[#1])-[#6](-[#1])-[#1]),$([#6](-[#1])(-[#6](-[#1])-[#1])-[#7](-[#1])-[#6](=[#16])-[#7]-[#1])])-[#1])-[#8]-[#6](-[#1])-[#1]",1,4294967295,https://raw.githubusercontent.com/rdkit/rdkit/0ece02e9254ef2d5eeade2bd40eb13546522dbd3/Code/GraphMol/FilterCatalog/pains_c.in#L80
PAINS_C,pyrrole_F(5),pyrrole_F(5),n2(-[#6]:1:[#6](-[#6]#[#7]):[#6]:[#6]:[!#6&!#1]:1)c(c(-[#1])c(c2)-[#1])-[#1],1,4294967295,https://raw.githubusercontent.com/rdkit/rdkit/0ece02e9254ef2d5eeade2bd40eb13546522dbd3/Code/GraphMol/FilterCatalog/pains_c.in#L81
PAINS_C,dhp_amino_CN_D(5),dhp_amino_CN_D(5),[#7](-[#1])(-[#1])-[#6]-2=[#6](-[#6]#[#7])-[#6](-[#1])(-[#6]:[#6])-c:1:c(:c:c:s:1)-[#8]-2,1,4294967295,https://raw.githubusercontent.com/rdkit/rdkit/0ece02e9254ef2d5eeade2bd40eb13546522dbd3/Code/GraphMol/FilterCatalog/pains_c.in#L82
PAINS_C,thiazole_amine_A(4),thiazole_amine_A(4),[#7](-[#1])-c:1:n:c(:c:s:1)-c:2:c:n:c(-[#7](-[#1])-[#1]):s:2,1,4294967295,https://raw.githubusercontent.com/rdkit/rdkit/0ece02e9254ef2d5eeade2bd40eb13546522dbd3/Code/GraphMol/FilterCatalog/pains_c.in#L83
PAINS_C,het_6_imidate_A(4),het_6_imidate_A(4),"[#7]=[#6]-,:1-,:[#7](-[#1])-,:[#6](=,:[#6](-[#7]-[#1])-,:[#7]=,:[#7]-,:1)-[#7]-[#1]",1,4294967295,https://raw.githubusercontent.com/rdkit/rdkit/0ece02e9254ef2d5eeade2bd40eb13546522dbd3/Code/GraphMol/FilterCatalog/pains_c.in#L84
PAINS_C,anil_OC_no_alk_B(4),anil_OC_no_alk_B(4),c:1:c(:c:2:c(:c:c:1):c:c:c:c:2)-[#8]-c:3:c(:c(:c(:c(:c:3-[#1])-[#1])-[#7]-[#1])-[#1])-[#1],1,4294967295,https://raw.githubusercontent.com/rdkit/rdkit/0ece02e9254ef2d5eeade2bd40eb13546522dbd3/Code/GraphMol/FilterCatalog/pains_c.in#L85
PAINS_C,styrene_C(4),styrene_C(4),c:1:c:c-2:c(:c:c:1)-[#6]-[#16]-c3c(-[#6]-2=[#6])ccs3,1,4294967295,https://raw.githubusercontent.com/rdkit/rdkit/0ece02e9254ef2d5eeade2bd40eb13546522dbd3/Code/GraphMol/FilterCatalog/pains_c.in#L86
PAINS_C,azulene(4),azulene(4),c:2:c:c:c:1:c(:c:c:c:1):c:c:2,1,4294967295,https://raw.githubusercontent.com/rdkit/rdkit/0ece02e9254ef2d5eeade2bd40eb13546522dbd3/Code/GraphMol/FilterCatalog/pains_c.in#L87
PAINS_C,furan_acid_A(4),furan_acid_A(4),c:1(:c(:c(:c(:o:1)-[#6](-[#1])-[#1])-[#6](-[#1])(-[#1])-[#8]-[#6]:[#6])-[#1])-[#6](=[#8])-[#8]-[#1],1,4294967295,https://raw.githubusercontent.com/rdkit/rdkit/0ece02e9254ef2d5eeade2bd40eb13546522dbd3/Code/GraphMol/FilterCatalog/pains_c.in#L88
PAINS_C,cyano_pyridone_E(4),cyano_pyridone_E(4),"[!#1]:[#6]-[#6]-,:1=,:[#6](-[#1])-,:[#6](=,:[#6](-[#6]#[#7])-,:[#6](=[#8])-,:[#7]-,:1-[#1])-[#6]:[#8]",1,4294967295,https://raw.githubusercontent.com/rdkit/rdkit/0ece02e9254ef2d5eeade2bd40eb13546522dbd3/Code/GraphMol/FilterCatalog/pains_c.in#L89
PAINS_C,anil_alk_thio(4),anil_alk_thio(4),[#6]-1-3=[#6](-[#6](-[#7]-c:2:c:c:c:c:c-1:2)(-[#6])-[#6])-[#16]-[#16]-[#6]-3=[!#1],1,4294967295,https://raw.githubusercontent.com/rdkit/rdkit/0ece02e9254ef2d5eeade2bd40eb13546522dbd3/Code/GraphMol/FilterCatalog/pains_c.in#L90
PAINS_C,anil_di_alk_I(4),anil_di_alk_I(4),c:1(:c(:c(:c(:c(:c:1-[#7](-[#1])-[#6](=[#8])-c:2:c:c:c:c:c:2)-[#1])-[#7](-[#6](-[#1])-[#1])-[#6](-[#1])-[#1])-[#1])-[#1])-[#1],1,4294967295,https://raw.githubusercontent.com/rdkit/rdkit/0ece02e9254ef2d5eeade2bd40eb13546522dbd3/Code/GraphMol/FilterCatalog/pains_c.in#L91
PAINS_C,het_thio_6_furan(4),het_thio_6_furan(4),[#6](-[#1])(-[#1])-[#16;X2]-c:1:n:n:c(:c(:n:1)-c:2:c(:c(:c(:o:2)-[#1])-[#1])-[#1])-c:3:c(:c(:c(:o:3)-[#1])-[#1])-[#1],1,4294967295,https://raw.githubusercontent.com/rdkit/rdkit/0ece02e9254ef2d5eeade2bd40eb13546522dbd3/Code/GraphMol/FilterCatalog/pains_c.in#L92
PAINS_C,anil_di_alk_ene_B(4),anil_di_alk_ene_B(4),[#6](-[#1])(-[#1])-[#7](-[#6](-[#1])-[#1])-[#6]-2=[#6]-c:1:c(:c:c:c:c:1)-[#6]-2(-[#1])-[#1],1,4294967295,https://raw.githubusercontent.com/rdkit/rdkit/0ece02e9254ef2d5eeade2bd40eb13546522dbd3/Code/GraphMol/FilterCatalog/pains_c.in#L93
PAINS_C,imine_one_B(4),imine_one_B(4),"[#7](-[#1])(-c:1:c:c:c:c:c:1)-[#7]=[#6](-[#6](=[#8])-[#6](-[#1])-[#1])-[#7](-[#1])-[$([#7]-[#1]),$([#6]:[#6])]",1,4294967295,https://raw.githubusercontent.com/rdkit/rdkit/0ece02e9254ef2d5eeade2bd40eb13546522dbd3/Code/GraphMol/FilterCatalog/pains_c.in#L94
PAINS_C,anil_OC_alk_A(4),anil_OC_alk_A(4),c:1:2:c(:c(:c(:c(:c:1-[#1])-[#1])-[#1])-[#1]):o:c:3:c(-[#1]):c(:c(-[#8]-[#6](-[#1])-[#1]):c(:c:2:3)-[#1])-[#7](-[#1])-[#6](-[#1])-[#1],1,4294967295,https://raw.githubusercontent.com/rdkit/rdkit/0ece02e9254ef2d5eeade2bd40eb13546522dbd3/Code/GraphMol/FilterCatalog/pains_c.in#L95
PAINS_C,ene_five_het_J(4),ene_five_het_J(4),"[#16]=[#6]-,:1-,:[#7](-[#1])-,:[#6]=,:[#6]-,:[#6]-2=,:[#6]-,:1-[#6](=[#8])-[#8]-[#6]-2=[#6]-[#1]",1,4294967295,https://raw.githubusercontent.com/rdkit/rdkit/0ece02e9254ef2d5eeade2bd40eb13546522dbd3/Code/GraphMol/FilterCatalog/pains_c.in#L96
PAINS_C,pyrrole_G(4),pyrrole_G(4),"n2(-c:1:c(:c:c(:c(:c:1)-[#1])-[$([#7](-[#1])-[#1]),$([#6]:[#7])])-[#1])c(c(-[#1])c(c2-[#1])-[#1])-[#1]",1,4294967295,https://raw.githubusercontent.com/rdkit/rdkit/0ece02e9254ef2d5eeade2bd40eb13546522dbd3/Code/GraphMol/FilterCatalog/pains_c.in#L97
PAINS_C,ene_five_het_K(4),ene_five_het_K(4),"n1(-[#6])c(c(-[#1])c(c1-[#6](-[#1])=[#6]-2-[#6](=[#8])-[!#6&!#1]-[#6]=,:[!#1]-2)-[#1])-[#1]",1,4294967295,https://raw.githubusercontent.com/rdkit/rdkit/0ece02e9254ef2d5eeade2bd40eb13546522dbd3/Code/GraphMol/FilterCatalog/pains_c.in#L98
PAINS_C,cyano_ene_amine_B(4),cyano_ene_amine_B(4),[#6]=[#6]-[#6](-[#6]#[#7])(-[#6]#[#7])-[#6](-[#6]#[#7])=[#6]-[#7](-[#1])-[#1],1,4294967295,https://raw.githubusercontent.com/rdkit/rdkit/0ece02e9254ef2d5eeade2bd40eb13546522dbd3/Code/GraphMol/FilterCatalog/pains_c.in#L99
PAINS_C,thio_ester_B(4),thio_ester_B(4),"[#6]:[#6]-[#6](=[#16;X1])-[#16;X2]-[#6](-[#1])-[$([#6](-[#1])-[#1]),$([#6]:[#6])]",1,4294967295,https://raw.githubusercontent.com/rdkit/rdkit/0ece02e9254ef2d5eeade2bd40eb13546522dbd3/Code/GraphMol/FilterCatalog/pains_c.in#L100
PAINS_C,ene_five_het_L(4),ene_five_het_L(4),[#8]=[#6]-3-[#6](=!@[#6](-[#1])-c:1:c:n:c:c:1)-c:2:c:c:c:c:c:2-[#7]-3,1,4294967295,https://raw.githubusercontent.com/rdkit/rdkit/0ece02e9254ef2d5eeade2bd40eb13546522dbd3/Code/GraphMol/FilterCatalog/pains_c.in#L101
PAINS_C,hzone_thiophene_B(4),hzone_thiophene_B(4),"c:1(:[c;!H0,$(c-[#6;!H0;!H1])](:c(:c(:s:1)-[#1])-[#1]))-[#6](-[#1])=[#7]-[#7](-[#1])-c:2:c:c:c:c:c:2",1,4294967295,https://raw.githubusercontent.com/rdkit/rdkit/0ece02e9254ef2d5eeade2bd40eb13546522dbd3/Code/GraphMol/FilterCatalog/pains_c.in#L102
PAINS_C,dhp_amino_CN_E(4),dhp_amino_CN_E(4),[#6](-[#1])(-[#1])-[#16;X2]-[#6]-1=[#6](-[#6]#[#7])-[#6](-[#1])(-[#6]:[#6])-[#6](-[#6]#[#7])-[#6](=[#8])-[#7]-1,1,4294967295,https://raw.githubusercontent.com/rdkit/rdkit/0ece02e9254ef2d5eeade2bd40eb13546522dbd3/Code/GraphMol/FilterCatalog/pains_c.in#L103
PAINS_C,het_5_B(4),het_5_B(4),[#7]-2(-c:1:c:c:c:c:c:1)-[#7]=[#6](-[#7](-[#1])-[#6]=[#8])-[#6](-[#1])(-[#1])-[#6]-2=[#8],1,4294967295,https://raw.githubusercontent.com/rdkit/rdkit/0ece02e9254ef2d5eeade2bd40eb13546522dbd3/Code/GraphMol/FilterCatalog/pains_c.in#L104
PAINS_C,imine_imine_B(3),imine_imine_B(3),[#6]:[#6]-[#6](-[#1])=[#6](-[#1])-[#6](-[#1])=[#7]-[#7]=[#6],1,4294967295,https://raw.githubusercontent.com/rdkit/rdkit/0ece02e9254ef2d5eeade2bd40eb13546522dbd3/Code/GraphMol/FilterCatalog/pains_c.in#L105
PAINS_C,thiazole_amine_B(3),thiazole_amine_B(3),c:1(:c:c:c(:c:c:1)-[#6](-[#1])-[#1])-c:2:c(:s:c(:n:2)-[#7](-[#1])-[#1])-[#6](-[#1])(-[#1])-[#1],1,4294967295,https://raw.githubusercontent.com/rdkit/rdkit/0ece02e9254ef2d5eeade2bd40eb13546522dbd3/Code/GraphMol/FilterCatalog/pains_c.in#L106
PAINS_C,imine_ene_one_A(3),imine_ene_one_A(3),[#6]-2(-[#6]=[#7]-c:1:c:c:c:c:c:1-[#7]-2)=[#6](-[#1])-[#6]=[#8],1,4294967295,https://raw.githubusercontent.com/rdkit/rdkit/0ece02e9254ef2d5eeade2bd40eb13546522dbd3/Code/GraphMol/FilterCatalog/pains_c.in#L107
PAINS_C,diazox_A(3),diazox_A(3),[#8](-c:1:c:c:c:c:c:1)-c:3:c:c:2:n:o:n:c:2:c:c:3,1,4294967295,https://raw.githubusercontent.com/rdkit/rdkit/0ece02e9254ef2d5eeade2bd40eb13546522dbd3/Code/GraphMol/FilterCatalog/pains_c.in#L108
PAINS_C,ene_one_A(3),ene_one_A(3),[!#1]:1:[!#1]:[!#1]:[!#1](:[!#1]:[!#1]:1)-[#6](-[#1])=[#6](-[#1])-[#6](-[#7]-c:2:c:c:c:3:c(:c:2):c:c:c(:n:3)-[#7](-[#6])-[#6])=[#8],1,4294967295,https://raw.githubusercontent.com/rdkit/rdkit/0ece02e9254ef2d5eeade2bd40eb13546522dbd3/Code/GraphMol/FilterCatalog/pains_c.in#L109
PAINS_C,anil_OC_no_alk_C(3),anil_OC_no_alk_C(3),[#7](-[#1])(-[#1])-c:1:c(:c:c:c:n:1)-[#8]-[#6](-[#1])(-[#1])-[#6]:[#6],1,4294967295,https://raw.githubusercontent.com/rdkit/rdkit/0ece02e9254ef2d5eeade2bd40eb13546522dbd3/Code/GraphMol/FilterCatalog/pains_c.in#L110
PAINS_C,thiazol_SC_A(3),thiazol_SC_A(3),[#6]-[#16;X2]-c:1:n:c(:c:s:1)-[#1],1,4294967295,https://raw.githubusercontent.com/rdkit/rdkit/0ece02e9254ef2d5eeade2bd40eb13546522dbd3/Code/GraphMol/FilterCatalog/pains_c.in#L111
PAINS_C,het_666_B(3),het_666_B(3),c:1:c-3:c(:c:c:c:1)-[#7](-c:2:c:c:c:c:c:2-[#8]-3)-[#6](-[#1])(-[#1])-[#6](-[#1])-[#1],1,4294967295,https://raw.githubusercontent.com/rdkit/rdkit/0ece02e9254ef2d5eeade2bd40eb13546522dbd3/Code/GraphMol/FilterCatalog/pains_c.in#L112
PAINS_C,furan_A(3),furan_A(3),c:1(:c(:c(:c(:o:1)-[#6](-[#1])-[#1])-[#1])-[#1])-[#6](-[#1])(-[#8]-[#1])-[#6]#[#6]-[#6;X4],1,4294967295,https://raw.githubusercontent.com/rdkit/rdkit/0ece02e9254ef2d5eeade2bd40eb13546522dbd3/Code/GraphMol/FilterCatalog/pains_c.in#L113
PAINS_C,colchicine_A(3),colchicine_A(3),[#6]-1(-[#6](=[#6]-[#6]=[#6]-[#6]=[#6]-1)-[#7]-[#1])=[#7]-[#6],1,4294967295,https://raw.githubusercontent.com/rdkit/rdkit/0ece02e9254ef2d5eeade2bd40eb13546522dbd3/Code/GraphMol/FilterCatalog/pains_c.in#L114
PAINS_C,thiophene_C(3),thiophene_C(3),"[#6](-[#1])(-[#1])-[#7](-[#6](-[#1])-[#1])-[#6](-[#1])=[#6]-[#6](=[#8])-c:1:c(-[#16;X2]):s:c(:c:1)-[$([#6]#[#7]),$([#6]=[#8])]",1,4294967295,https://raw.githubusercontent.com/rdkit/rdkit/0ece02e9254ef2d5eeade2bd40eb13546522dbd3/Code/GraphMol/FilterCatalog/pains_c.in#L115
PAINS_C,anil_OC_alk_B(3),anil_OC_alk_B(3),"c:1:c(:c:c:c:c:1)-[#7]-2-[#6](=[#8])-[#6](=[#6](-[F,Cl,Br,I])-[#6]-2=[#8])-[#7](-[#1])-[#6]:3:[#6]:[#6]:[#6](-[#8]-[#6](-[#1])-[#1]):[#6]:[#6]:3",1,4294967295,https://raw.githubusercontent.com/rdkit/rdkit/0ece02e9254ef2d5eeade2bd40eb13546522dbd3/Code/GraphMol/FilterCatalog/pains_c.in#L116
PAINS_C,het_thio_66_A(3),het_thio_66_A(3),c:1-2:c(:c:c:c:c:1)-[#6](-[#1])(-[#1])-[#6](-[#1])(-[#1])-[#7]=[#6]-2-[#16;X2]-[#6](-[#1])(-[#1])-[#6](=[#8])-c:3:c:c:c:c:c:3,1,4294967295,https://raw.githubusercontent.com/rdkit/rdkit/0ece02e9254ef2d5eeade2bd40eb13546522dbd3/Code/GraphMol/FilterCatalog/pains_c.in#L117
PAINS_C,rhod_sat_B(3),rhod_sat_B(3),[#7]-2(-c:1:c:c:c:c:c:1-[#6](-[#1])-[#1])-[#6](=[#16])-[#7](-[#6](-[#1])(-[#1])-[!#1]:[!#1]:[!#1]:[!#1]:[!#1])-[#6](-[#1])(-[#1])-[#6]-2=[#8],1,4294967295,https://raw.githubusercontent.com/rdkit/rdkit/0ece02e9254ef2d5eeade2bd40eb13546522dbd3/Code/GraphMol/FilterCatalog/pains_c.in#L118
PAINS_C,ene_rhod_I(3),ene_rhod_I(3),[#7]-2(-[#6](-[#1])-[#1])-[#6](=[#16])-[#7](-[#1])-[#6](=[#6](-[#1])-c:1:c:c:c:c(:c:1)-[Br])-[#6]-2=[#8],1,4294967295,https://raw.githubusercontent.com/rdkit/rdkit/0ece02e9254ef2d5eeade2bd40eb13546522dbd3/Code/GraphMol/FilterCatalog/pains_c.in#L119
PAINS_C,keto_thiophene(3),keto_thiophene(3),c:1(:c(:c:2:c(:s:1):c:c:c:c:2)-[#6](-[#1])-[#1])-[#6](=[#8])-[#6](-[#1])(-[#1])-[#6](-[#1])-[#1],1,4294967295,https://raw.githubusercontent.com/rdkit/rdkit/0ece02e9254ef2d5eeade2bd40eb13546522dbd3/Code/GraphMol/FilterCatalog/pains_c.in#L120
PAINS_C,imine_imine_C(3),imine_imine_C(3),[#7](-[#6](-[#1])-[#1])(-[#6](-[#1])-[#1])-[#6](-[#1])=[#7]-[#6](-[#6](-[#1])-[#1])=[#7]-[#7](-[#6](-[#1])-[#1])-[#6]:[#6],1,4294967295,https://raw.githubusercontent.com/rdkit/rdkit/0ece02e9254ef2d5eeade2bd40eb13546522dbd3/Code/GraphMol/FilterCatalog/pains_c.in#L121
PAINS_C,het_65_pyridone_A(3),het_65_pyridone_A(3),"[#6]:2(:[#6](-[#6](-[#1])-[#1]):[#6]-,:1:[#6](-,:[#7]=,:[#6;!H0,$([#6]-[#16]-[#6](-[#1])-[#1])](-,:[#7](-,:[#6]-,:1=[!#6&!#1;X1])-[#6](-[#1])-[$([#6](=[#8])-[#8]),$([#6]:[#6])])):[!#6&!#1;X2]:2)-[#6](-[#1])(-[#1])-[#6](-[#1])-[#1]",1,4294967295,https://raw.githubusercontent.com/rdkit/rdkit/0ece02e9254ef2d5eeade2bd40eb13546522dbd3/Code/GraphMol/FilterCatalog/pains_c.in#L122
PAINS_C,thiazole_amine_C(3),thiazole_amine_C(3),"c:1(:n:c(:c(-[#1]):s:1)-[!#1]:[!#1]:[!#1](-[$([#8]-[#6](-[#1])-[#1]),$([#6](-[#1])-[#1])]):[!#1]:[!#1])-[#7](-[#1])-[#6](-[#1])(-[#1])-c:2:c(-[#1]):c(:c(-[#1]):o:2)-[#1]",1,4294967295,https://raw.githubusercontent.com/rdkit/rdkit/0ece02e9254ef2d5eeade2bd40eb13546522dbd3/Code/GraphMol/FilterCatalog/pains_c.in#L123
PAINS_C,het_thio_pyr_A(3),het_thio_pyr_A(3),n:1:c(:c(:c(:c(:c:1-[#16]-[#6]-[#1])-[#6]#[#7])-c:2:c:c:c(:c:c:2)-[#8]-[#6](-[#1])-[#1])-[#1])-[#6]:[#6],1,4294967295,https://raw.githubusercontent.com/rdkit/rdkit/0ece02e9254ef2d5eeade2bd40eb13546522dbd3/Code/GraphMol/FilterCatalog/pains_c.in#L124
PAINS_C,melamine_A(3),melamine_A(3),"c:1:4:c(:n:c(:n:c:1-[#7](-[#1])-[#6](-[#1])(-[#1])-c:2:c(:c(:c(:o:2)-[#1])-[#1])-[#1])-[#7](-[#1])-c:3:c:[c;!H0,$(c-[#6](-[#1])-[#1]),$(c-[#16;X2]),$(c-[#8]-[#6]-[#1]),$(c-[#7;X3])](:[c;!H0,$(c-[#6](-[#1])-[#1]),$(c-[#16;X2]),$(c-[#8]-[#6]-[#1]),$(c-[#7;X3])](:c:[c;!H0,$(c-[#6](-[#1])-[#1]),$(c-[#16;X2]),$(c-[#8]-[#6]-[#1]),$(c-[#7;X3])]:3))):c:c:c:c:4",1,4294967295,https://raw.githubusercontent.com/rdkit/rdkit/0ece02e9254ef2d5eeade2bd40eb13546522dbd3/Code/GraphMol/FilterCatalog/pains_c.in#L125
PAINS_C,anil_NH_alk_B(3),anil_NH_alk_B(3),[#7](-[#1])(-[#6]:1:[#6]:[#6]:[!#1]:[#6]:[#6]:1)-c:2:c:c:c(:c:c:2)-[#7](-[#1])-[#6]-[#1],1,4294967295,https://raw.githubusercontent.com/rdkit/rdkit/0ece02e9254ef2d5eeade2bd40eb13546522dbd3/Code/GraphMol/FilterCatalog/pains_c.in#L126
PAINS_C,rhod_sat_C(3),rhod_sat_C(3),[#7]-2(-c:1:c:c:c:c:c:1)-[#6](=[#7]-[#6]=[#8])-[#16]-[#6](-[#1])(-[#1])-[#6]-2=[#8],1,4294967295,https://raw.githubusercontent.com/rdkit/rdkit/0ece02e9254ef2d5eeade2bd40eb13546522dbd3/Code/GraphMol/FilterCatalog/pains_c.in#L127
PAINS_C,thiophene_amino_D(3),thiophene_amino_D(3),[#6]=[#6]-[#6](=[#8])-[#7]-c:1:c(:c(:c(:s:1)-[#6](=[#8])-[#8])-[#6]-[#1])-[#6]#[#7],1,4294967295,https://raw.githubusercontent.com/rdkit/rdkit/0ece02e9254ef2d5eeade2bd40eb13546522dbd3/Code/GraphMol/FilterCatalog/pains_c.in#L128
PAINS_C,anil_OC_alk_C(3),anil_OC_alk_C(3),"[#8;!H0,$([#8]-[#6](-[#1])-[#1])]-c:1:c(:c(:c(:c(:c:1-[#1])-[#1])-[#1])-[#1])-[#7](-[#1])-[#6](-[#1])(-[#1])-c:2:n:c:c:n:2",1,4294967295,https://raw.githubusercontent.com/rdkit/rdkit/0ece02e9254ef2d5eeade2bd40eb13546522dbd3/Code/GraphMol/FilterCatalog/pains_c.in#L129
PAINS_C,het_thio_65_A(3),het_thio_65_A(3),[#6](-[#1])(-[#1])-[#16;X2]-c3nc1c(n(nc1-[#6](-[#1])-[#1])-c:2:c:c:c:c:c:2)nn3,1,4294967295,https://raw.githubusercontent.com/rdkit/rdkit/0ece02e9254ef2d5eeade2bd40eb13546522dbd3/Code/GraphMol/FilterCatalog/pains_c.in#L130
PAINS_C,het_thio_656b(3),het_thio_656b(3),[#6]-[#6](=[#8])-[#6](-[#1])(-[#1])-[#16;X2]-c:3:n:n:c:2:c:1:c(:c(:c(:c(:c:1:n(:c:2:n:3)-[#1])-[#1])-[#1])-[#1])-[#1],1,4294967295,https://raw.githubusercontent.com/rdkit/rdkit/0ece02e9254ef2d5eeade2bd40eb13546522dbd3/Code/GraphMol/FilterCatalog/pains_c.in#L131
PAINS_C,thiazole_amine_D(3),thiazole_amine_D(3),"s:1:c(:[n+](-[#6](-[#1])-[#1]):c(:c:1-[#1])-[#6])-[#7](-[#1])-c:2:c:c:c:c:c:2[$([#6](-[#1])-[#1]),$([#6]:[#6])]",1,4294967295,https://raw.githubusercontent.com/rdkit/rdkit/0ece02e9254ef2d5eeade2bd40eb13546522dbd3/Code/GraphMol/FilterCatalog/pains_c.in#L132
PAINS_C,thio_urea_H(3),thio_urea_H(3),"[#6]-,:2(=[#16])-,:[#7](-[#6](-[#1])(-[#1])-c:1:c:c:c:o:1)-,:[#6](=,:[#7]-,:[#7]-,:2-[#1])-[#6]:[#6]",1,4294967295,https://raw.githubusercontent.com/rdkit/rdkit/0ece02e9254ef2d5eeade2bd40eb13546522dbd3/Code/GraphMol/FilterCatalog/pains_c.in#L133
PAINS_C,cyano_pyridone_F(3),cyano_pyridone_F(3),"[#7]-,:2(-c:1:c:c:c:c:c:1)-,:[#6](=[#8])-,:[#6](=,:[#6]-,:[#6](=,:[#7]-,:2)-[#6]#[#7])-[#6]#[#7]",1,4294967295,https://raw.githubusercontent.com/rdkit/rdkit/0ece02e9254ef2d5eeade2bd40eb13546522dbd3/Code/GraphMol/FilterCatalog/pains_c.in#L134
PAINS_C,rhod_sat_D(3),rhod_sat_D(3),[#7]-2(-c:1:c:c:c:c:c:1)-[#6](=[#8])-[#16]-[#6](-[#1])(-[#6](-[#1])(-[#1])-[#6](=[#8])-[#7](-[#1])-[#6]:[#6])-[#6]-2=[#8],1,4294967295,https://raw.githubusercontent.com/rdkit/rdkit/0ece02e9254ef2d5eeade2bd40eb13546522dbd3/Code/GraphMol/FilterCatalog/pains_c.in#L135
PAINS_C,ene_rhod_J(3),ene_rhod_J(3),"[#6](-[#1])(-[#1])-[#7]-2-[#6](=[$([#16]),$([#7])])-[!#6&!#1]-[#6](=[#6]-1-[#6](=[#6](-[#1])-[#6]:[#6]-[#7]-1-[#6](-[#1])-[#1])-[#1])-[#6]-2=[#8]",1,4294967295,https://raw.githubusercontent.com/rdkit/rdkit/0ece02e9254ef2d5eeade2bd40eb13546522dbd3/Code/GraphMol/FilterCatalog/pains_c.in#L136
PAINS_C,imine_phenol_A(3),imine_phenol_A(3),[#6]=[#7;!R]-c:1:c:c:c:c:c:1-[#8]-[#1],1,4294967295,https://raw.githubusercontent.com/rdkit/rdkit/0ece02e9254ef2d5eeade2bd40eb13546522dbd3/Code/GraphMol/FilterCatalog/pains_c.in#L137
PAINS_C,thio_carbonate_B(3),thio_carbonate_B(3),"[#8]=[#6]-,:2-,:[#16]-,:c:1:c(:c(:c:c:c:1)-[#8]-[#6](-[#1])-[#1])-,:[#8]-,:2",1,4294967295,https://raw.githubusercontent.com/rdkit/rdkit/0ece02e9254ef2d5eeade2bd40eb13546522dbd3/Code/GraphMol/FilterCatalog/pains_c.in#L138
PAINS_C,het_thio_N_5A(3),het_thio_N_5A(3),"[#7]=,:[#6]-,:1-,:[#7]=,:[#6]-,:[#7]-,:[#16]-,:1",1,4294967295,https://raw.githubusercontent.com/rdkit/rdkit/0ece02e9254ef2d5eeade2bd40eb13546522dbd3/Code/GraphMol/FilterCatalog/pains_c.in#L139
PAINS_C,het_thio_N_65A(3),het_thio_N_65A(3),"[#7]-,:2-,:[#16]-,:[#6]-1=,:[#6](-[#6]:[#6]-[#7]-[#6]-1)-,:[#6]-,:2=[#16]",1,4294967295,https://raw.githubusercontent.com/rdkit/rdkit/0ece02e9254ef2d5eeade2bd40eb13546522dbd3/Code/GraphMol/FilterCatalog/pains_c.in#L140
PAINS_C,anil_di_alk_J(3),anil_di_alk_J(3),[#6](-[#1])(-[#1])-[#7](-[#6](-[#1])-[#1])-c:1:c(:c(:c(:c(:c:1-[#1])-[#1])-[#6](-[#1])=[#7]-[#7]=[#6](-[#6])-[#6]:[#6])-[#1])-[#1],1,4294967295,https://raw.githubusercontent.com/rdkit/rdkit/0ece02e9254ef2d5eeade2bd40eb13546522dbd3/Code/GraphMol/FilterCatalog/pains_c.in#L141
PAINS_C,pyrrole_H(3),pyrrole_H(3),n1-2cccc1-[#6]=[#7](-[#6])-[#6]-[#6]-2,1,4294967295,https://raw.githubusercontent.com/rdkit/rdkit/0ece02e9254ef2d5eeade2bd40eb13546522dbd3/Code/GraphMol/FilterCatalog/pains_c.in#L142
PAINS_C,ene_cyano_D(3),ene_cyano_D(3),[#6](-[#6]#[#7])(-[#6]#[#7])=[#6](-[#16])-[#16],1,4294967295,https://raw.githubusercontent.com/rdkit/rdkit/0ece02e9254ef2d5eeade2bd40eb13546522dbd3/Code/GraphMol/FilterCatalog/pains_c.in#L143
PAINS_C,cyano_cyano_B(3),cyano_cyano_B(3),[#6]-1(-[#6]#[#7])(-[#6]#[#7])-[#6](-[#1])(-[#6](=[#8])-[#6])-[#6]-1-[#1],1,4294967295,https://raw.githubusercontent.com/rdkit/rdkit/0ece02e9254ef2d5eeade2bd40eb13546522dbd3/Code/GraphMol/FilterCatalog/pains_c.in#L144
PAINS_C,ene_five_het_M(3),ene_five_het_M(3),"[#6]-1=,:[#6]-[#6](-[#6](-[$([#8]),$([#16])]-1)=[#6]-[#6]=[#8])=[#8]",1,4294967295,https://raw.githubusercontent.com/rdkit/rdkit/0ece02e9254ef2d5eeade2bd40eb13546522dbd3/Code/GraphMol/FilterCatalog/pains_c.in#L145
PAINS_C,cyano_ene_amine_C(3),cyano_ene_amine_C(3),[#6]:[#6]-[#6](=[#8])-[#7](-[#1])-[#6](=[#8])-[#6](-[#6]#[#7])=[#6](-[#1])-[#7](-[#1])-[#6]:[#6],1,4294967295,https://raw.githubusercontent.com/rdkit/rdkit/0ece02e9254ef2d5eeade2bd40eb13546522dbd3/Code/GraphMol/FilterCatalog/pains_c.in#L146
PAINS_C,thio_urea_I(3),thio_urea_I(3),c:1(:c:c:c:c:c:1)-[#7](-[#1])-[#6](=[#16])-[#7](-[#1])-[#7]=[#6]-c:2:c:n:c:c:2,1,4294967295,https://raw.githubusercontent.com/rdkit/rdkit/0ece02e9254ef2d5eeade2bd40eb13546522dbd3/Code/GraphMol/FilterCatalog/pains_c.in#L147
PAINS_C,dhp_amino_CN_F(3),dhp_amino_CN_F(3),[#7](-[#1])(-[#1])-[#6]-2=[#6](-[#6]#[#7])-[#6](-[#1])(-c:1:c:c:c:s:1)-[#6](=[#6](-[#6](-[#1])-[#1])-[#8]-2)-[#6](=[#8])-[#8]-[#6],1,4294967295,https://raw.githubusercontent.com/rdkit/rdkit/0ece02e9254ef2d5eeade2bd40eb13546522dbd3/Code/GraphMol/FilterCatalog/pains_c.in#L148
PAINS_C,anthranil_acid_B(3),anthranil_acid_B(3),c:1:c-3:c(:c:c(:c:1)-[#6](=[#8])-[#7](-[#1])-c:2:c(:c:c:c:c:2)-[#6](=[#8])-[#8]-[#1])-[#6](-[#7](-[#6]-3=[#8])-[#6](-[#1])-[#1])=[#8],1,4294967295,https://raw.githubusercontent.com/rdkit/rdkit/0ece02e9254ef2d5eeade2bd40eb13546522dbd3/Code/GraphMol/FilterCatalog/pains_c.in#L149
PAINS_C,diazox_B(3),diazox_B(3),[Cl]-c:2:c:c:1:n:o:n:c:1:c:c:2,1,4294967295,https://raw.githubusercontent.com/rdkit/rdkit/0ece02e9254ef2d5eeade2bd40eb13546522dbd3/Code/GraphMol/FilterCatalog/pains_c.in#L150
PAINS_C,thio_aldehyd_A(3),thio_aldehyd_A(3),[#6]-[#6](=[#16])-[#1],1,4294967295,https://raw.githubusercontent.com/rdkit/rdkit/0ece02e9254ef2d5eeade2bd40eb13546522dbd3/Code/GraphMol/FilterCatalog/pains_c.in#L151
PAINS_C,thio_amide_B(2),thio_amide_B(2),[#6;X4]-[#7](-[#1])-[#6](-[#6]:[#6])=[#6](-[#1])-[#6](=[#16])-[#7](-[#1])-c:1:c:c:c:c:c:1,1,4294967295,https://raw.githubusercontent.com/rdkit/rdkit/0ece02e9254ef2d5eeade2bd40eb13546522dbd3/Code/GraphMol/FilterCatalog/pains_c.in#L152
PAINS_C,imidazole_B(2),imidazole_B(2),[#6](-[#1])(-[#1])-[#6](-[#1])(-[#1])-[#16]-[#6](-[#1])(-[#1])-c1cn(cn1)-[#1],1,4294967295,https://raw.githubusercontent.com/rdkit/rdkit/0ece02e9254ef2d5eeade2bd40eb13546522dbd3/Code/GraphMol/FilterCatalog/pains_c.in#L153
PAINS_C,thiazole_amine_E(2),thiazole_amine_E(2),[#8]=[#6]-[#7](-[#1])-c:1:c(-[#6]:[#6]):n:c(-[#6](-[#1])(-[#1])-[#6]#[#7]):s:1,1,4294967295,https://raw.githubusercontent.com/rdkit/rdkit/0ece02e9254ef2d5eeade2bd40eb13546522dbd3/Code/GraphMol/FilterCatalog/pains_c.in#L154
PAINS_C,thiazole_amine_F(2),thiazole_amine_F(2),[#6](-[#1])-[#7](-[#1])-c:1:n:c(:c:s:1)-c2cnc3n2ccs3,1,4294967295,https://raw.githubusercontent.com/rdkit/rdkit/0ece02e9254ef2d5eeade2bd40eb13546522dbd3/Code/GraphMol/FilterCatalog/pains_c.in#L155
PAINS_C,thio_ester_C(2),thio_ester_C(2),"[#7]-,:1-,:[#6](=[#8])-,:[#6](=,:[#6](-[#6])-,:[#16]-,:[#6]-,:1=[#16])-[#1]",1,4294967295,https://raw.githubusercontent.com/rdkit/rdkit/0ece02e9254ef2d5eeade2bd40eb13546522dbd3/Code/GraphMol/FilterCatalog/pains_c.in#L156
PAINS_C,ene_one_B(2),ene_one_B(2),[#6](-[#16])(-[#7])=[#6](-[#1])-[#6]=[#6](-[#1])-[#6]=[#8],1,4294967295,https://raw.githubusercontent.com/rdkit/rdkit/0ece02e9254ef2d5eeade2bd40eb13546522dbd3/Code/GraphMol/FilterCatalog/pains_c.in#L157
PAINS_C,quinone_C(2),quinone_C(2),"[#8]=[#6]-3-c:1:c(:c:c:c:c:1)-[#6]-,:2=,:[#6](-[#8]-[#1])-,:[#6](=[#8])-,:[#7]-,:c:4:c-,:2:c-3:c:c:c:4",1,4294967295,https://raw.githubusercontent.com/rdkit/rdkit/0ece02e9254ef2d5eeade2bd40eb13546522dbd3/Code/GraphMol/FilterCatalog/pains_c.in#L158
PAINS_C,keto_naphthol_A(2),keto_naphthol_A(2),"c:1:2:c:c:c:c(:c:1:c(:c:c:c:2)-[$([#8]-[#1]),$([#7](-[#1])-[#1])])-[#6](-[#6])=[#8]",1,4294967295,https://raw.githubusercontent.com/rdkit/rdkit/0ece02e9254ef2d5eeade2bd40eb13546522dbd3/Code/GraphMol/FilterCatalog/pains_c.in#L159
PAINS_C,thio_amide_C(2),thio_amide_C(2),[#6](-[#1])(-c:1:c:c:c:c:c:1)(-c:2:c:c:c:c:c:2)-[#6](=[#16])-[#7]-[#1],1,4294967295,https://raw.githubusercontent.com/rdkit/rdkit/0ece02e9254ef2d5eeade2bd40eb13546522dbd3/Code/GraphMol/FilterCatalog/pains_c.in#L160
PAINS_C,phthalimide_misc(2),phthalimide_misc(2),[#7]-2(-[#6](=[#8])-c:1:c(:c(:c(:c(:c:1-[#1])-[#6](=[#8])-[#8]-[#1])-[#1])-[#1])-[#6]-2=[#8])-c:3:c(:c:c(:c(:c:3)-[#1])-[#8])-[#1],1,4294967295,https://raw.githubusercontent.com/rdkit/rdkit/0ece02e9254ef2d5eeade2bd40eb13546522dbd3/Code/GraphMol/FilterCatalog/pains_c.in#L161
PAINS_C,sulfonamide_D(2),sulfonamide_D(2),c:1:c:c(:c:c:c:1-[#7](-[#1])-[#16](=[#8])=[#8])-[#7](-[#1])-[#16](=[#8])=[#8],1,4294967295,https://raw.githubusercontent.com/rdkit/rdkit/0ece02e9254ef2d5eeade2bd40eb13546522dbd3/Code/GraphMol/FilterCatalog/pains_c.in#L162
PAINS_C,anil_NH_alk_C(2),anil_NH_alk_C(2),[#6](-[#1])-[#7](-[#1])-c:1:c(:c(:c(:c(:c:1-[#1])-[#1])-[#1])-[#1])-[#7](-[#1])-[#6]-[#1],1,4294967295,https://raw.githubusercontent.com/rdkit/rdkit/0ece02e9254ef2d5eeade2bd40eb13546522dbd3/Code/GraphMol/FilterCatalog/pains_c.in#L163
PAINS_C,het_65_E(2),het_65_E(2),"s1c(c(c-,:2c1-,:[#7](-[#1])-,:[#6](-,:[#6](=,:[#6]-,:2-[#1])-[#6](=[#8])-[#8]-[#1])=[#8])-[#7](-[#1])-[#1])-[#6](=[#8])-[#7]-[#1]",1,4294967295,https://raw.githubusercontent.com/rdkit/rdkit/0ece02e9254ef2d5eeade2bd40eb13546522dbd3/Code/GraphMol/FilterCatalog/pains_c.in#L164
PAINS_C,hzide_naphth(2),hzide_naphth(2),c:2(:c:1:c(:c(:c(:c(:c:1:c(:c(:c:2-[#1])-[#1])-[#1])-[#1])-[#7](-[#1])-[#7](-[#1])-[#6]=[#8])-[#1])-[#1])-[#1],1,4294967295,https://raw.githubusercontent.com/rdkit/rdkit/0ece02e9254ef2d5eeade2bd40eb13546522dbd3/Code/GraphMol/FilterCatalog/pains_c.in#L165
PAINS_C,anisol_B(2),anisol_B(2),[#6](-[#1])(-[#1])-c:1:c(:c(:c(:c(:c:1-[#8]-[#6](-[#1])-[#1])-[#1])-[#1])-[#6](-[#1])(-[#1])-[#7](-[#1])-[#6;X4])-[#1],1,4294967295,https://raw.githubusercontent.com/rdkit/rdkit/0ece02e9254ef2d5eeade2bd40eb13546522dbd3/Code/GraphMol/FilterCatalog/pains_c.in#L166
PAINS_C,thio_carbam_ene(2),thio_carbam_ene(2),[#6]-1=[#6]-[#7]-[#6](-[#16]-[#6;X4]-1)=[#16],1,4294967295,https://raw.githubusercontent.com/rdkit/rdkit/0ece02e9254ef2d5eeade2bd40eb13546522dbd3/Code/GraphMol/FilterCatalog/pains_c.in#L167
PAINS_C,thio_amide_D(2),thio_amide_D(2),[#6](-[#7](-[#6]-[#1])-[#6]-[#1]):[#6]-[#7](-[#1])-[#6](=[#16])-[#6]-[#1],1,4294967295,https://raw.githubusercontent.com/rdkit/rdkit/0ece02e9254ef2d5eeade2bd40eb13546522dbd3/Code/GraphMol/FilterCatalog/pains_c.in#L168
PAINS_C,het_65_Da(2),het_65_Da(2),n2nc(c1cccc1c2-[#6])-[#6],1,4294967295,https://raw.githubusercontent.com/rdkit/rdkit/0ece02e9254ef2d5eeade2bd40eb13546522dbd3/Code/GraphMol/FilterCatalog/pains_c.in#L169
PAINS_C,thiophene_D(2),thiophene_D(2),s:1:c(:c(-[#1]):c(:c:1-[#6](=[#8])-[#7](-[#1])-[#7]-[#1])-[#8]-[#6](-[#1])-[#1])-[#1],1,4294967295,https://raw.githubusercontent.com/rdkit/rdkit/0ece02e9254ef2d5eeade2bd40eb13546522dbd3/Code/GraphMol/FilterCatalog/pains_c.in#L170
PAINS_C,het_thio_6_ene(2),het_thio_6_ene(2),[#6]-1:[#6]-[#7]=[#6]-[#6](=[#6]-[#7]-[#6])-[#16]-1,1,4294967295,https://raw.githubusercontent.com/rdkit/rdkit/0ece02e9254ef2d5eeade2bd40eb13546522dbd3/Code/GraphMol/FilterCatalog/pains_c.in#L171
PAINS_C,cyano_keto_A(2),cyano_keto_A(2),[#6](-[#1])(-[#1])-[#6](-[#1])(-[#6]#[#7])-[#6](=[#8])-[#6],1,4294967295,https://raw.githubusercontent.com/rdkit/rdkit/0ece02e9254ef2d5eeade2bd40eb13546522dbd3/Code/GraphMol/FilterCatalog/pains_c.in#L172
PAINS_C,anthranil_acid_C(2),anthranil_acid_C(2),"c2(c(-[#7](-[#1])-[#1])n(-c:1:c:c:c:c:c:1-[#6](=[#8])-[#8]-[#1])nc2-[#6]=[#8])-[$([#6]#[#7]),$([#6]=[#16])]",1,4294967295,https://raw.githubusercontent.com/rdkit/rdkit/0ece02e9254ef2d5eeade2bd40eb13546522dbd3/Code/GraphMol/FilterCatalog/pains_c.in#L173
PAINS_C,naphth_amino_C(2),naphth_amino_C(2),"c:2:c:1:c:c:c:c-,:3:c:1:c(:c:c:2)-,:[#7](-,:[#7]=,:[#6]-,:3)-[#1]",1,4294967295,https://raw.githubusercontent.com/rdkit/rdkit/0ece02e9254ef2d5eeade2bd40eb13546522dbd3/Code/GraphMol/FilterCatalog/pains_c.in#L174
PAINS_C,naphth_amino_D(2),naphth_amino_D(2),"c:2:c:1:c:c:c:c-,:3:c:1:c(:c:c:2)-,:[#7]-,:[#7]=,:[#7]-,:3",1,4294967295,https://raw.githubusercontent.com/rdkit/rdkit/0ece02e9254ef2d5eeade2bd40eb13546522dbd3/Code/GraphMol/FilterCatalog/pains_c.in#L175
PAINS_C,thiazole_amine_G(2),thiazole_amine_G(2),c1csc(n1)-[#7]-[#7]-[#16](=[#8])=[#8],1,4294967295,https://raw.githubusercontent.com/rdkit/rdkit/0ece02e9254ef2d5eeade2bd40eb13546522dbd3/Code/GraphMol/FilterCatalog/pains_c.in#L176
PAINS_C,het_66_B(2),het_66_B(2),c:1:c:c:c:2:c(:c:1):n:c(:n:c:2)-[#7](-[#1])-[#6]-3=[#7]-[#6](-[#6]=[#6]-[#7]-3-[#1])(-[#6](-[#1])-[#1])-[#6](-[#1])-[#1],1,4294967295,https://raw.githubusercontent.com/rdkit/rdkit/0ece02e9254ef2d5eeade2bd40eb13546522dbd3/Code/GraphMol/FilterCatalog/pains_c.in#L177
PAINS_C,coumarin_A(2),coumarin_A(2),"c:1-,:3:c(:c(:c(:c(:c:1)-[#8]-[#6]-[#1])-[#1])-[#1])-,:c:2:c(:c(:c(:c(:c:2-[#1])-[#1])-[#8]-[#6](-[#1])-[#1])-[#1])-,:[#6](=[#8])-,:[#8]-,:3",1,4294967295,https://raw.githubusercontent.com/rdkit/rdkit/0ece02e9254ef2d5eeade2bd40eb13546522dbd3/Code/GraphMol/FilterCatalog/pains_c.in#L178
PAINS_C,anthranil_acid_D(2),anthranil_acid_D(2),c:12:c(:c:c:c:n:1)c(c(-[#6](=[#8])~[#8;X1])s2)-[#7](-[#1])-[#1],1,4294967295,https://raw.githubusercontent.com/rdkit/rdkit/0ece02e9254ef2d5eeade2bd40eb13546522dbd3/Code/GraphMol/FilterCatalog/pains_c.in#L179
PAINS_C,het_66_C(2),het_66_C(2),c:1:2:n:c(:c(:n:c:1:[#6]:[#6]:[#6]:[!#1]:2)-[#6](-[#1])=[#6](-[#8]-[#1])-[#6])-[#6](-[#1])=[#6](-[#8]-[#1])-[#6],1,4294967295,https://raw.githubusercontent.com/rdkit/rdkit/0ece02e9254ef2d5eeade2bd40eb13546522dbd3/Code/GraphMol/FilterCatalog/pains_c.in#L180
PAINS_C,thiophene_amino_E(2),thiophene_amino_E(2),c1csc(c1-[#7](-[#1])-[#1])-[#6](-[#1])=[#6](-[#1])-c2cccs2,1,4294967295,https://raw.githubusercontent.com/rdkit/rdkit/0ece02e9254ef2d5eeade2bd40eb13546522dbd3/Code/GraphMol/FilterCatalog/pains_c.in#L181
PAINS_C,het_6666_A(2),het_6666_A(2),c:2:c:c:1:n:c:3:c(:n:c:1:c:c:2):c:c:c:4:c:3:c:c:c:c:4,1,4294967295,https://raw.githubusercontent.com/rdkit/rdkit/0ece02e9254ef2d5eeade2bd40eb13546522dbd3/Code/GraphMol/FilterCatalog/pains_c.in#L182
PAINS_C,sulfonamide_E(2),sulfonamide_E(2),[#6]:[#6]-[#7](-[#1])-[#16](=[#8])(=[#8])-[#7](-[#1])-[#6]:[#6],1,4294967295,https://raw.githubusercontent.com/rdkit/rdkit/0ece02e9254ef2d5eeade2bd40eb13546522dbd3/Code/GraphMol/FilterCatalog/pains_c.in#L183
PAINS_C,anil_di_alk_K(2),anil_di_alk_K(2),c:1:c:c(:c:c:c:1-[#7](-[#1])-[#1])-[#7](-[#6;X3])-[#6;X3],1,4294967295,https://raw.githubusercontent.com/rdkit/rdkit/0ece02e9254ef2d5eeade2bd40eb13546522dbd3/Code/GraphMol/FilterCatalog/pains_c.in#L184
PAINS_C,het_5_C(2),het_5_C(2),"[#7]-2=[#6](-c:1:c:c:c:c:c:1)-[#6](-[#1])(-[#1])-[#6](-[#8]-[#1])(-[#6](-[#9])(-[#9])-[#9])-[#7]-2-[$([#6]:[#6]:[#6]:[#6]:[#6]:[#6]),$([#6](=[#16])-[#6]:[#6]:[#6]:[#6]:[#6]:[#6])]",1,4294967295,https://raw.githubusercontent.com/rdkit/rdkit/0ece02e9254ef2d5eeade2bd40eb13546522dbd3/Code/GraphMol/FilterCatalog/pains_c.in#L185
PAINS_C,ene_six_het_B(2),ene_six_het_B(2),"c:1:c(:c:c:c:c:1)-[#6](=[#8])-[#6](-[#1])=[#6]-,:3-,:[#6](=[#8])-,:[#7](-[#1])-,:[#6](=[#8])-,:[#6](=[#6](-[#1])-c:2:c:c:c:c:c:2)-,:[#7]-,:3-[#1]",1,4294967295,https://raw.githubusercontent.com/rdkit/rdkit/0ece02e9254ef2d5eeade2bd40eb13546522dbd3/Code/GraphMol/FilterCatalog/pains_c.in#L186
PAINS_C,steroid_A(2),steroid_A(2),[#8]=[#6]-4-[#6]-[#6]-[#6]-3-[#6]-2-[#6](=[#8])-[#6]-[#6]-1-[#6]-[#6]-[#6]-[#6]-1-[#6]-2-[#6]-[#6]-[#6]-3=[#6]-4,1,4294967295,https://raw.githubusercontent.com/rdkit/rdkit/0ece02e9254ef2d5eeade2bd40eb13546522dbd3/Code/GraphMol/FilterCatalog/pains_c.in#L187
PAINS_C,het_565_A(2),het_565_A(2),c:1:2:c:3:c(:c(-[#8]-[#1]):c(:c:1:c(:c:n:2-[#6])-[#6]=[#8])-[#1]):n:c:n:3,1,4294967295,https://raw.githubusercontent.com/rdkit/rdkit/0ece02e9254ef2d5eeade2bd40eb13546522dbd3/Code/GraphMol/FilterCatalog/pains_c.in#L188
PAINS_C,thio_imine_ium(2),thio_imine_ium(2),[#6;X4]-[#7+](-[#6;X4]-[#8]-[#1])=[#6]-[#16]-[#6]-[#1],1,4294967295,https://raw.githubusercontent.com/rdkit/rdkit/0ece02e9254ef2d5eeade2bd40eb13546522dbd3/Code/GraphMol/FilterCatalog/pains_c.in#L189
PAINS_C,anthranil_acid_E(2),anthranil_acid_E(2),[#6]-3(=[#8])-[#6](=[#6](-[#1])-[#7](-[#1])-c:1:c:c:c:c:c:1-[#6](=[#8])-[#8]-[#1])-[#7]=[#6](-c:2:c:c:c:c:c:2)-[#8]-3,1,4294967295,https://raw.githubusercontent.com/rdkit/rdkit/0ece02e9254ef2d5eeade2bd40eb13546522dbd3/Code/GraphMol/FilterCatalog/pains_c.in#L190
PAINS_C,hzone_furan_B(2),hzone_furan_B(2),"c:1(:c(:c(:[c;!H0,$(c-[#6;!H0;!H1])](:o:1))-[#1])-[#1])-[#6;!H0,$([#6]-[#6;!H0;!H1])]=[#7]-[#7](-[#1])-c:2:c:c:n:c:c:2",1,4294967295,https://raw.githubusercontent.com/rdkit/rdkit/0ece02e9254ef2d5eeade2bd40eb13546522dbd3/Code/GraphMol/FilterCatalog/pains_c.in#L191
PAINS_C,thiophene_E(2),thiophene_E(2),"c:1(:c(:c(:[c;!H0,$(c-[#6;!H0;!H1])](:s:1))-[#1])-[#1])-[#6;!H0,$([#6]-[#6;!H0;!H1])]-[#6](=[#8])-[#7](-[#1])-c:2:n:c:c:s:2",1,4294967295,https://raw.githubusercontent.com/rdkit/rdkit/0ece02e9254ef2d5eeade2bd40eb13546522dbd3/Code/GraphMol/FilterCatalog/pains_c.in#L192
PAINS_C,ene_misc_B(2),ene_misc_B(2),[#6]:[#6]-[#6](-[#1])(-[#1])-[#6](-[#1])(-[#6]=[#8])-[#7]-2-[#6](=[#8])-[#6]-1(-[#1])-[#6](-[#1])(-[#1])-[#6]=[#6]-[#6](-[#1])(-[#1])-[#6]-1(-[#1])-[#6]-2=[#8],1,4294967295,https://raw.githubusercontent.com/rdkit/rdkit/0ece02e9254ef2d5eeade2bd40eb13546522dbd3/Code/GraphMol/FilterCatalog/pains_c.in#L193
PAINS_C,het_thio_5_B(2),het_thio_5_B(2),[#6]-1(-[#6]=[#8])(-[#6]:[#6])-[#16;X2]-[#6]=[#7]-[#7]-1-[#1],1,4294967295,https://raw.githubusercontent.com/rdkit/rdkit/0ece02e9254ef2d5eeade2bd40eb13546522dbd3/Code/GraphMol/FilterCatalog/pains_c.in#L194
PAINS_C,thiophene_amino_F(2),thiophene_amino_F(2),[#7](-[#1])(-[#1])-c:1:c(:c(:c(:s:1)-[#7](-[#1])-[#6](=[#8])-c:2:c:c:c:c:c:2)-[#6]#[#7])-[#6]:3:[!#1]:[!#1]:[!#1]:[!#1]:[!#1]:3,1,4294967295,https://raw.githubusercontent.com/rdkit/rdkit/0ece02e9254ef2d5eeade2bd40eb13546522dbd3/Code/GraphMol/FilterCatalog/pains_c.in#L195
PAINS_C,anil_OC_alk_D(2),anil_OC_alk_D(2),"[#6](-[#1])(-[#1])-[#8]-c:1:c(:c(:c(:c(:c:1-[#1])-[#1])-[#6](-[#1])-[#1])-[#1])-[#7](-[#1])-[#6](-[#1])(-[#1])-c:2:c:c:c:c:c:2-[$([#6](-[#1])-[#1]),$([#8]-[#6](-[#1])-[#1])]",1,4294967295,https://raw.githubusercontent.com/rdkit/rdkit/0ece02e9254ef2d5eeade2bd40eb13546522dbd3/Code/GraphMol/FilterCatalog/pains_c.in#L196
PAINS_C,tert_butyl_A(2),tert_butyl_A(2),[#6](-[#1])(-[#1])(-[#1])-[#6](-[#6](-[#1])(-[#1])-[#1])(-[#6](-[#1])(-[#1])-[#1])-c:1:c(:c:c(:c(:c:1-[#1])-[#6](-[#6](-[#1])(-[#1])-[#1])(-[#6](-[#1])(-[#1])-[#1])-[#6](-[#1])(-[#1])-[#1])-[#8]-[#6](-[#1])-[#7])-[#1],1,4294967295,https://raw.githubusercontent.com/rdkit/rdkit/0ece02e9254ef2d5eeade2bd40eb13546522dbd3/Code/GraphMol/FilterCatalog/pains_c.in#L197
PAINS_C,thio_urea_J(2),thio_urea_J(2),c:1(:c(:o:c:c:1)-[#6]-[#1])-[#6]=[#7]-[#7](-[#1])-[#6](=[#16])-[#7]-[#1],1,4294967295,https://raw.githubusercontent.com/rdkit/rdkit/0ece02e9254ef2d5eeade2bd40eb13546522dbd3/Code/GraphMol/FilterCatalog/pains_c.in#L198
PAINS_C,het_thio_65_B(2),het_thio_65_B(2),[#7](-[#1])-c1nc(nc2nnc(n12)-[#16]-[#6])-[#7](-[#1])-[#6],1,4294967295,https://raw.githubusercontent.com/rdkit/rdkit/0ece02e9254ef2d5eeade2bd40eb13546522dbd3/Code/GraphMol/FilterCatalog/pains_c.in#L199
PAINS_C,coumarin_B(2),coumarin_B(2),"c:1-,:2:c(:c:c:c:c:1-[#6](-[#1])(-[#1])-[#6](-[#1])=[#6](-[#1])-[#1])-,:[#6](=,:[#6](-[#6](=[#8])-[#7](-[#1])-[#6]:[#6])-,:[#6](=[#8])-,:[#8]-,:2)-[#1]",1,4294967295,https://raw.githubusercontent.com/rdkit/rdkit/0ece02e9254ef2d5eeade2bd40eb13546522dbd3/Code/GraphMol/FilterCatalog/pains_c.in#L200
PAINS_C,thio_urea_K(2),thio_urea_K(2),"[#6]-,:2(=[#16])-,:[#7]-,:1-,:[#6]=,:[#6]-,:[#7]=,:[#7]-,:[#6]-,:1=,:[#7]-,:[#7]-,:2-[#1]",1,4294967295,https://raw.githubusercontent.com/rdkit/rdkit/0ece02e9254ef2d5eeade2bd40eb13546522dbd3/Code/GraphMol/FilterCatalog/pains_c.in#L201
PAINS_C,thiophene_amino_G(2),thiophene_amino_G(2),[#6]:[#6]:[#6]:[#6]:[#6]:[#6]-c:1:c:c(:c(:s:1)-[#7](-[#1])-[#6](=[#8])-[#6])-[#6](=[#8])-[#8]-[#1],1,4294967295,https://raw.githubusercontent.com/rdkit/rdkit/0ece02e9254ef2d5eeade2bd40eb13546522dbd3/Code/GraphMol/FilterCatalog/pains_c.in#L202
PAINS_C,anil_NH_alk_D(2),anil_NH_alk_D(2),[#7](-[#1])(-[#1])-c:1:c(:c(:c(:c:c:1-[#7](-[#1])-[#6](-[#1])(-[#6])-[#6](-[#1])-[#6](-[#1])-[#1])-[#1])-[#1])-[#1],1,4294967295,https://raw.githubusercontent.com/rdkit/rdkit/0ece02e9254ef2d5eeade2bd40eb13546522dbd3/Code/GraphMol/FilterCatalog/pains_c.in#L203
PAINS_C,het_thio_5_C(2),het_thio_5_C(2),"[#16]=[#6]-,:2-,:[#7](-[#1])-,:[#7]=,:[#6](-c:1:c(:c(:c(:c(:c:1-[#1])-[#1])-[#8]-[#6](-[#1])-[#1])-[#1])-[#1])-,:[#8]-,:2",1,4294967295,https://raw.githubusercontent.com/rdkit/rdkit/0ece02e9254ef2d5eeade2bd40eb13546522dbd3/Code/GraphMol/FilterCatalog/pains_c.in#L204
PAINS_C,thio_keto_het(2),thio_keto_het(2),[#16]=[#6]-c:1:c:c:c:2:c:c:c:c:n:1:2,1,4294967295,https://raw.githubusercontent.com/rdkit/rdkit/0ece02e9254ef2d5eeade2bd40eb13546522dbd3/Code/GraphMol/FilterCatalog/pains_c.in#L205
PAINS_C,het_thio_N_5B(2),het_thio_N_5B(2),[#6]~1~[#6](~[#7]~[#7]~[#6](~[#6](-[#1])-[#1])~[#6](-[#1])-[#1])~[#7]~[#16]~[#6]~1,1,4294967295,https://raw.githubusercontent.com/rdkit/rdkit/0ece02e9254ef2d5eeade2bd40eb13546522dbd3/Code/GraphMol/FilterCatalog/pains_c.in#L206
PAINS_C,quinone_D(2),quinone_D(2),"[#6]-1(-[#6]=,:[#6]-[#6]=,:[#6]-[#6]-1=[!#6&!#1])=[!#6&!#1]",1,4294967295,https://raw.githubusercontent.com/rdkit/rdkit/0ece02e9254ef2d5eeade2bd40eb13546522dbd3/Code/GraphMol/FilterCatalog/pains_c.in#L207
PAINS_C,anil_di_alk_furan_B(2),anil_di_alk_furan_B(2),[#6](-[#1])(-[#1])-[#7](-[#6](-[#1])-[#1])-c:1:c(-[#1]):c(:c(:o:1)-[#6](-[#1])=[#6]-[#6]#[#7])-[#1],1,4294967295,https://raw.githubusercontent.com/rdkit/rdkit/0ece02e9254ef2d5eeade2bd40eb13546522dbd3/Code/GraphMol/FilterCatalog/pains_c.in#L208
PAINS_C,ene_six_het_C(2),ene_six_het_C(2),[#8]=[#6]-1-[#6]:[#6]-[#6](-[#1])(-[#1])-[#7]-[#6]-1=[#6]-[#1],1,4294967295,https://raw.githubusercontent.com/rdkit/rdkit/0ece02e9254ef2d5eeade2bd40eb13546522dbd3/Code/GraphMol/FilterCatalog/pains_c.in#L209
PAINS_C,het_55_A(2),het_55_A(2),[#6]:[#6]-[#7]:2:[#7]:[#6]:1-[#6](-[#1])(-[#1])-[#16;X2]-[#6](-[#1])(-[#1])-[#6]:1:[#6]:2-[#7](-[#1])-[#6](=[#8])-[#6](-[#1])=[#6]-[#1],1,4294967295,https://raw.githubusercontent.com/rdkit/rdkit/0ece02e9254ef2d5eeade2bd40eb13546522dbd3/Code/GraphMol/FilterCatalog/pains_c.in#L210
PAINS_C,het_thio_65_C(2),het_thio_65_C(2),n:1:c(:n(:c:2:c:1:c:c:c:c:2)-[#6](-[#1])-[#1])-[#16]-[#6](-[#1])(-[#1])-[#6](=[#8])-[#7](-[#1])-[#7]=[#6](-[#1])-[#6](-[#1])=[#6]-[#1],1,4294967295,https://raw.githubusercontent.com/rdkit/rdkit/0ece02e9254ef2d5eeade2bd40eb13546522dbd3/Code/GraphMol/FilterCatalog/pains_c.in#L211
PAINS_C,hydroquin_A(2),hydroquin_A(2),c:1(:c:c(:c(:c:c:1)-[#8]-[#1])-[#6](=!@[#6]-[#7])-[#6]=[#8])-[#8]-[#1],1,4294967295,https://raw.githubusercontent.com/rdkit/rdkit/0ece02e9254ef2d5eeade2bd40eb13546522dbd3/Code/GraphMol/FilterCatalog/pains_c.in#L212
PAINS_C,anthranil_acid_F(2),anthranil_acid_F(2),c:1(:c:c(:c(:c:c:1)-[#7](-[#1])-[#6](=[#8])-[#6]:[#6])-[#6](=[#8])-[#8]-[#1])-[#8]-[#1],1,4294967295,https://raw.githubusercontent.com/rdkit/rdkit/0ece02e9254ef2d5eeade2bd40eb13546522dbd3/Code/GraphMol/FilterCatalog/pains_c.in#L213
PAINS_C,pyrrole_I(2),pyrrole_I(2),n2(-[#6](-[#1])-[#1])c-1c(-[#6]:[#6]-[#6]-1=[#8])cc2-[#6](-[#1])-[#1],1,4294967295,https://raw.githubusercontent.com/rdkit/rdkit/0ece02e9254ef2d5eeade2bd40eb13546522dbd3/Code/GraphMol/FilterCatalog/pains_c.in#L214
PAINS_C,thiophene_amino_H(2),thiophene_amino_H(2),[#6](-[#1])-[#7](-[#1])-c:1:c(:c(:c(:s:1)-[#6]-[#1])-[#6]-[#1])-[#6](=[#8])-[#7](-[#1])-[#6]:[#6],1,4294967295,https://raw.githubusercontent.com/rdkit/rdkit/0ece02e9254ef2d5eeade2bd40eb13546522dbd3/Code/GraphMol/FilterCatalog/pains_c.in#L215
PAINS_C,imine_one_fives_C(2),imine_one_fives_C(2),[#6]:[#6]-[#7;!R]=[#6]-2-[#6](=[!#6&!#1])-c:1:c:c:c:c:c:1-[#7]-2,1,4294967295,https://raw.githubusercontent.com/rdkit/rdkit/0ece02e9254ef2d5eeade2bd40eb13546522dbd3/Code/GraphMol/FilterCatalog/pains_c.in#L216
PAINS_C,keto_phenone_zone_A(2),keto_phenone_zone_A(2),c:1:c:c:c:c:c:1-[#6](=[#8])-[#7](-[#1])-[#7]=[#6]-3-c:2:c:c:c:c:c:2-c:4:c:c:c:c:c-3:4,1,4294967295,https://raw.githubusercontent.com/rdkit/rdkit/0ece02e9254ef2d5eeade2bd40eb13546522dbd3/Code/GraphMol/FilterCatalog/pains_c.in#L217
PAINS_C,dyes7A(2),dyes7A(2),c:1:c(:c:c:c:c:1)-[#7](-[#6](-[#1])-[#1])-[#6](-[#1])=[#6](-[#1])-[#6]=!@[#6](-[#1])-[#6](-[#1])=[#6]-[#6]=@[#7]-c:2:c:c:c:c:c:2,1,4294967295,https://raw.githubusercontent.com/rdkit/rdkit/0ece02e9254ef2d5eeade2bd40eb13546522dbd3/Code/GraphMol/FilterCatalog/pains_c.in#L218
PAINS_C,het_pyridiniums_B(2),het_pyridiniums_B(2),"[#6]:1:2:[!#1]:[#7+](:[!#1]:[#6;!H0,$([#6]-[*])](:[!#1]:1:[#6]:[#6]:[#6]:[#6]:2))~[#6]:[#6]",1,4294967295,https://raw.githubusercontent.com/rdkit/rdkit/0ece02e9254ef2d5eeade2bd40eb13546522dbd3/Code/GraphMol/FilterCatalog/pains_c.in#L219
PAINS_C,het_5_D(2),het_5_D(2),[#7]-2(-c:1:c:c:c:c:c:1)-[#7]=[#6](-[#6](-[#1])-[#1])-[#6](-[#1])(-[#16]-[#6])-[#6]-2=[#8],1,4294967295,https://raw.githubusercontent.com/rdkit/rdkit/0ece02e9254ef2d5eeade2bd40eb13546522dbd3/Code/GraphMol/FilterCatalog/pains_c.in#L220
PAINS_C,thiazole_amine_H(1),thiazole_amine_H(1),c:1:c:c:c(:c:c:1-[#7](-[#1])-c2nc(c(-[#1])s2)-c:3:c:c:c(:c:c:3)-[#6](-[#1])(-[#6]-[#1])-[#6]-[#1])-[#6](=[#8])-[#8]-[#1],1,4294967295,https://raw.githubusercontent.com/rdkit/rdkit/0ece02e9254ef2d5eeade2bd40eb13546522dbd3/Code/GraphMol/FilterCatalog/pains_c.in#L221
PAINS_C,thiazole_amine_I(1),thiazole_amine_I(1),[#6](-[#1])(-[#1])-[#7](-[#1])-[#6]=[#7]-[#7](-[#1])-c1nc(c(-[#1])s1)-[#6]:[#6],1,4294967295,https://raw.githubusercontent.com/rdkit/rdkit/0ece02e9254ef2d5eeade2bd40eb13546522dbd3/Code/GraphMol/FilterCatalog/pains_c.in#L222
PAINS_C,het_thio_N_5C(1),het_thio_N_5C(1),[#6]:[#6]-[#7](-[#1])-[#6](=[#8])-c1c(snn1)-[#7](-[#1])-[#6]:[#6],1,4294967295,https://raw.githubusercontent.com/rdkit/rdkit/0ece02e9254ef2d5eeade2bd40eb13546522dbd3/Code/GraphMol/FilterCatalog/pains_c.in#L223
PAINS_C,sulfonamide_F(1),sulfonamide_F(1),[#8]=[#16](=[#8])(-[#6]:[#6])-[#7](-[#1])-c1nc(cs1)-[#6]:[#6],1,4294967295,https://raw.githubusercontent.com/rdkit/rdkit/0ece02e9254ef2d5eeade2bd40eb13546522dbd3/Code/GraphMol/FilterCatalog/pains_c.in#L224
PAINS_C,thiazole_amine_J(1),thiazole_amine_J(1),[#8]=[#16](=[#8])(-[#6]:[#6])-[#7](-[#1])-[#7](-[#1])-c1nc(cs1)-[#6]:[#6],1,4294967295,https://raw.githubusercontent.com/rdkit/rdkit/0ece02e9254ef2d5eeade2bd40eb13546522dbd3/Code/GraphMol/FilterCatalog/pains_c.in#L225
PAINS_C,het_65_F(1),het_65_F(1),s2c:1:n:c:n:c(:c:1c(c2-[#6](-[#1])-[#1])-[#6](-[#1])-[#1])-[#7]-[#7]=[#6]-c3ccco3,1,4294967295,https://raw.githubusercontent.com/rdkit/rdkit/0ece02e9254ef2d5eeade2bd40eb13546522dbd3/Code/GraphMol/FilterCatalog/pains_c.in#L226
PAINS_C,keto_keto_beta_E(1),keto_keto_beta_E(1),[#6](=[#8])-[#6](-[#1])=[#6](-[#8]-[#1])-[#6](-[#8]-[#1])=[#6](-[#1])-[#6](=[#8])-[#6],1,4294967295,https://raw.githubusercontent.com/rdkit/rdkit/0ece02e9254ef2d5eeade2bd40eb13546522dbd3/Code/GraphMol/FilterCatalog/pains_c.in#L227
PAINS_C,ene_five_one_B(1),ene_five_one_B(1),c:2(:c:1-[#6](-[#6](-[#6](-c:1:c(:c(:c:2-[#1])-[#1])-[#1])(-[#1])-[#1])=[#8])=[#6](-[#6](-[#1])-[#1])-[#6](-[#1])-[#1])-[#1],1,4294967295,https://raw.githubusercontent.com/rdkit/rdkit/0ece02e9254ef2d5eeade2bd40eb13546522dbd3/Code/GraphMol/FilterCatalog/pains_c.in#L228
PAINS_C,keto_keto_beta_zone(1),keto_keto_beta_zone(1),[#6]:[#6]-[#7](-[#1])-[#7]=[#6](-[#6](-[#1])-[#1])-[#6](-[#1])(-[#1])-[#6](-[#6](-[#1])-[#1])=[#7]-[#7](-[#1])-[#6]:[#6],1,4294967295,https://raw.githubusercontent.com/rdkit/rdkit/0ece02e9254ef2d5eeade2bd40eb13546522dbd3/Code/GraphMol/FilterCatalog/pains_c.in#L229
PAINS_C,thio_urea_L(1),thio_urea_L(1),[#6;X4]-[#16;X2]-[#6](=[#7]-[!#1]:[!#1]:[!#1]:[!#1])-[#7](-[#1])-[#7]=[#6],1,4294967295,https://raw.githubusercontent.com/rdkit/rdkit/0ece02e9254ef2d5eeade2bd40eb13546522dbd3/Code/GraphMol/FilterCatalog/pains_c.in#L230
PAINS_C,het_thio_urea_ene(1),het_thio_urea_ene(1),[#6]-1(=[#7]-[#7](-[#6](-[#16]-1)=[#6](-[#1])-[#6]:[#6])-[#6]:[#6])-[#6]=[#8],1,4294967295,https://raw.githubusercontent.com/rdkit/rdkit/0ece02e9254ef2d5eeade2bd40eb13546522dbd3/Code/GraphMol/FilterCatalog/pains_c.in#L231
PAINS_C,cyano_amino_het_A(1),cyano_amino_het_A(1),c:1(:c(:c:2:c(:n:c:1-[#7](-[#1])-[#1]):c:c:c(:c:2-[#7](-[#1])-[#1])-[#6]#[#7])-[#6]#[#7])-[#6]#[#7],1,4294967295,https://raw.githubusercontent.com/rdkit/rdkit/0ece02e9254ef2d5eeade2bd40eb13546522dbd3/Code/GraphMol/FilterCatalog/pains_c.in#L232
PAINS_C,tetrazole_hzide(1),tetrazole_hzide(1),[!#1]:1:[!#1]:[!#1]:[!#1](:[!#1]:[!#1]:1)-[#6](-[#1])=[#6](-[#1])-[#6](-[#7](-[#1])-[#7](-[#1])-c2nnnn2-[#6])=[#8],1,4294967295,https://raw.githubusercontent.com/rdkit/rdkit/0ece02e9254ef2d5eeade2bd40eb13546522dbd3/Code/GraphMol/FilterCatalog/pains_c.in#L233
PAINS_C,imine_naphthol_A(1),imine_naphthol_A(1),c:1:2:c(:c(:c(:c(:c:1:c(:c(:c(:c:2-[#1])-[#1])-[#6](=[#7]-[#6]:[#6])-[#6](-[#1])-[#1])-[#8]-[#1])-[#1])-[#1])-[#1])-[#1],1,4294967295,https://raw.githubusercontent.com/rdkit/rdkit/0ece02e9254ef2d5eeade2bd40eb13546522dbd3/Code/GraphMol/FilterCatalog/pains_c.in#L234
PAINS_C,misc_anisole_A(1),misc_anisole_A(1),c:1(:c(:c:2:c(:c(:c:1-[#8]-[#6](-[#1])-[#1])-[#1]):c(:c(:c(:c:2-[#7](-[#1])-[#6](-[#1])(-[#1])-[#1])-[#1])-c:3:c(:c(:c(:c(:c:3-[#1])-[#1])-[#8]-[#6](-[#1])-[#1])-[#8]-[#6](-[#1])-[#1])-[#1])-[#1])-[#1])-[#8]-[#6](-[#1])-[#1],1,4294967295,https://raw.githubusercontent.com/rdkit/rdkit/0ece02e9254ef2d5eeade2bd40eb13546522dbd3/Code/GraphMol/FilterCatalog/pains_c.in#L235
PAINS_C,het_thio_665(1),het_thio_665(1),c:1:c:c-2:c(:c:c:1)-[#16]-c3c(-[#7]-2)cc(s3)-[#6](-[#1])-[#1],1,4294967295,https://raw.githubusercontent.com/rdkit/rdkit/0ece02e9254ef2d5eeade2bd40eb13546522dbd3/Code/GraphMol/FilterCatalog/pains_c.in#L236
PAINS_C,anil_di_alk_L(1),anil_di_alk_L(1),c:1:c:c:c-2:c(:c:1)-[#6](-[#6](-[#7]-2-[#6](-[#1])(-[#1])-[#6](-[#1])(-[#1])-[#7]-4-[#6](-c:3:c:c:c:c:c:3-[#6]-4=[#8])=[#8])(-[#1])-[#1])(-[#1])-[#1],1,4294967295,https://raw.githubusercontent.com/rdkit/rdkit/0ece02e9254ef2d5eeade2bd40eb13546522dbd3/Code/GraphMol/FilterCatalog/pains_c.in#L237
PAINS_C,colchicine_B(1),colchicine_B(1),"c:1(:c:c:c(:c:c:1)-[#6]-,:3=,:[#6]-,:[#6](-,:c2cocc2-,:[#6](=,:[#6]-,:3)-[#8]-[#1])=[#8])-[#16]-[#6](-[#1])-[#1]",1,4294967295,https://raw.githubusercontent.com/rdkit/rdkit/0ece02e9254ef2d5eeade2bd40eb13546522dbd3/Code/GraphMol/FilterCatalog/pains_c.in#L238
PAINS_C,misc_aminoacid_A(1),misc_aminoacid_A(1),[#6;X4]-c:1:c(:c(:c(:c(:c:1-[#1])-[#1])-[#6](=[#8])-[#7](-[#1])-[#6](-[#1])(-[#6](-[#1])(-[#1])-[#6](-[#1])(-[#1])-[#16]-[#6](-[#1])(-[#1])-[#1])-[#6](=[#8])-[#8]-[#1])-[#1])-[#1],1,4294967295,https://raw.githubusercontent.com/rdkit/rdkit/0ece02e9254ef2d5eeade2bd40eb13546522dbd3/Code/GraphMol/FilterCatalog/pains_c.in#L239
PAINS_C,imidazole_amino_A(1),imidazole_amino_A(1),n:1:c(:n(:c(:c:1-c:2:c:c:c:c:c:2)-c:3:c:c:c:c:c:3)-[#7]=!@[#6])-[#7](-[#1])-[#1],1,4294967295,https://raw.githubusercontent.com/rdkit/rdkit/0ece02e9254ef2d5eeade2bd40eb13546522dbd3/Code/GraphMol/FilterCatalog/pains_c.in#L240
PAINS_C,phenol_sulfite_A(1),phenol_sulfite_A(1),[#6](-c:1:c:c:c(:c:c:1)-[#8]-[#1])(-c:2:c:c:c(:c:c:2)-[#8]-[#1])-[#8]-[#16](=[#8])=[#8],1,4294967295,https://raw.githubusercontent.com/rdkit/rdkit/0ece02e9254ef2d5eeade2bd40eb13546522dbd3/Code/GraphMol/FilterCatalog/pains_c.in#L241
PAINS_C,het_66_D(1),het_66_D(1),c:2:c:c:1:n:c(:c(:n:c:1:c:c:2)-[#6](-[#1])(-[#1])-[#6](=[#8])-[#6]:[#6])-[#6](-[#1])(-[#1])-[#6](=[#8])-[#6]:[#6],1,4294967295,https://raw.githubusercontent.com/rdkit/rdkit/0ece02e9254ef2d5eeade2bd40eb13546522dbd3/Code/GraphMol/FilterCatalog/pains_c.in#L242
PAINS_C,misc_anisole_B(1),misc_anisole_B(1),c:1(:c(:c(:c(:c(:c:1-[#1])-[#8]-[#6](-[#1])-[#1])-[#8]-[#6](-[#1])-[#1])-[#1])-[#1])-[#6](=[#8])-[#6](-[#1])(-[#1])-[#7](-[#6](-[#1])-[#1])-c:2:c:c:c(-[#6](-[#1])-[#1])c:c:2,1,4294967295,https://raw.githubusercontent.com/rdkit/rdkit/0ece02e9254ef2d5eeade2bd40eb13546522dbd3/Code/GraphMol/FilterCatalog/pains_c.in#L243
PAINS_C,tetrazole_A(1),tetrazole_A(1),[#6](-[#1])(-[#1])-c1nnnn1-c:2:c(:c(:c(:c(:c:2-[#1])-[#1])-[#8]-[#6](-[#1])(-[#1])-[#1])-[#1])-[#1],1,4294967295,https://raw.githubusercontent.com/rdkit/rdkit/0ece02e9254ef2d5eeade2bd40eb13546522dbd3/Code/GraphMol/FilterCatalog/pains_c.in#L244
PAINS_C,het_65_G(1),het_65_G(1),[#6]-2(=[#7]-c1c(c(nn1-[#6](-[#6]-2(-[#1])-[#1])=[#8])-[#7](-[#1])-[#1])-[#7](-[#1])-[#1])-[#6],1,4294967295,https://raw.githubusercontent.com/rdkit/rdkit/0ece02e9254ef2d5eeade2bd40eb13546522dbd3/Code/GraphMol/FilterCatalog/pains_c.in#L245
PAINS_C,misc_trityl_A(1),misc_trityl_A(1),[#6](-[#6]:[#6])(-[#6]:[#6])(-[#6]:[#6])-[#16]-[#6]:[#6]-[#6](=[#8])-[#8]-[#1],1,4294967295,https://raw.githubusercontent.com/rdkit/rdkit/0ece02e9254ef2d5eeade2bd40eb13546522dbd3/Code/GraphMol/FilterCatalog/pains_c.in#L246
PAINS_C,misc_pyridine_OC(1),misc_pyridine_OC(1),[#8]=[#6](-c:1:c(:c(:n:c(:c:1-[#1])-[#8]-[#6](-[#1])(-[#1])-[#1])-[#8]-[#6](-[#1])(-[#1])-[#1])-[#1])-[#7](-[#1])-[#6](-[#1])(-[#6](-[#1])-[#1])-[#6](-[#1])-[#1],1,4294967295,https://raw.githubusercontent.com/rdkit/rdkit/0ece02e9254ef2d5eeade2bd40eb13546522dbd3/Code/GraphMol/FilterCatalog/pains_c.in#L247
PAINS_C,het_6_hydropyridone(1),het_6_hydropyridone(1),[#7]-1=[#6](-[#7](-[#6](-[#6](-[#6]-1(-[#1])-[#6]:[#6])(-[#1])-[#1])=[#8])-[#1])-[#7]-[#1],1,4294967295,https://raw.githubusercontent.com/rdkit/rdkit/0ece02e9254ef2d5eeade2bd40eb13546522dbd3/Code/GraphMol/FilterCatalog/pains_c.in#L248
PAINS_C,misc_stilbene(1),misc_stilbene(1),[#6]-1(=[#6](-[#6](-[#6](-[#6](-[#6]-1(-[#1])-[#1])(-[#1])-[#6](=[#8])-[#6])(-[#1])-[#6](=[#8])-[#8]-[#1])(-[#1])-[#1])-[#6]:[#6])-[#6]:[#6],1,4294967295,https://raw.githubusercontent.com/rdkit/rdkit/0ece02e9254ef2d5eeade2bd40eb13546522dbd3/Code/GraphMol/FilterCatalog/pains_c.in#L249
PAINS_C,misc_imidazole(1),misc_imidazole(1),[#6](-[#1])(-c:1:c(:c(:c(:c(:c:1-[#1])-[#1])-[Cl])-[#1])-[#1])(-c:2:c(:c(:c(:c(:c:2-[#1])-[#1])-[Cl])-[#1])-[#1])-[#8]-[#6](-[#1])(-[#1])-[#6](-[#1])(-[#1])-[#6](-[#1])(-[#1])-c3nc(c(n3-[#6](-[#1])(-[#1])-[#1])-[#1])-[#1],1,4294967295,https://raw.githubusercontent.com/rdkit/rdkit/0ece02e9254ef2d5eeade2bd40eb13546522dbd3/Code/GraphMol/FilterCatalog/pains_c.in#L250
PAINS_C,anil_NH_no_alk_A(1),anil_NH_no_alk_A(1),n:1:c(:c(:c(:c(:c:1-[#1])-[#7](-[#1])-[#1])-[#1])-[#1])-[#7](-[#1])-[#6]:[#6],1,4294967295,https://raw.githubusercontent.com/rdkit/rdkit/0ece02e9254ef2d5eeade2bd40eb13546522dbd3/Code/GraphMol/FilterCatalog/pains_c.in#L251
PAINS_C,het_6_imidate_B(1),het_6_imidate_B(1),"[#7](-[#1])(-c:1:c(:c(:c(:c(:c:1-[#1])-[#1])-[#1])-[#1])-[#8]-[#1])-[#6]-,:2=,:[#6](-,:[#8]-,:[#6](-,:[#7]=,:[#7]-,:2)=[#7])-[#7](-[#1])-[#1]",1,4294967295,https://raw.githubusercontent.com/rdkit/rdkit/0ece02e9254ef2d5eeade2bd40eb13546522dbd3/Code/GraphMol/FilterCatalog/pains_c.in#L252
PAINS_C,anil_alk_B(1),anil_alk_B(1),[#7](-[#1])(-c:1:c(:c(:c(:c(:c:1-[#1])-[#1])-[#6](-[#1])-[#1])-[#1])-[#1])-[#6](-[#1])(-[#1])-[#6](-[#1])(-[#1])-c:2:c(:c(:c(:c(:c:2-[#1])-[#1])-[#8]-[#6](-[#1])-[#1])-[#1])-[#1],1,4294967295,https://raw.githubusercontent.com/rdkit/rdkit/0ece02e9254ef2d5eeade2bd40eb13546522dbd3/Code/GraphMol/FilterCatalog/pains_c.in#L253
PAINS_C,styrene_anil_A(1),styrene_anil_A(1),c:1:c:c-3:c(:c:c:1)-c:2:c:c:c(:c:c:2-[#6]-3=[#6](-[#1])-[#6])-[#7](-[#1])-[#1],1,4294967295,https://raw.githubusercontent.com/rdkit/rdkit/0ece02e9254ef2d5eeade2bd40eb13546522dbd3/Code/GraphMol/FilterCatalog/pains_c.in#L254
PAINS_C,misc_aminal_acid(1),misc_aminal_acid(1),c:1:c:c-2:c(:c:c:1)-[#7](-[#6](-[#8]-[#6]-2)(-[#6](=[#8])-[#8]-[#1])-[#6](-[#1])-[#1])-[#6](=[#8])-[#6](-[#1])-[#1],1,4294967295,https://raw.githubusercontent.com/rdkit/rdkit/0ece02e9254ef2d5eeade2bd40eb13546522dbd3/Code/GraphMol/FilterCatalog/pains_c.in#L255
PAINS_C,anil_no_alk_D(1),anil_no_alk_D(1),n:1:c(:c(:c(:c(:c:1-[#7](-[#1])-[#1])-[#6](-[#1])-[#1])-[#1])-[#6](-[#1])-[#1])-[#7](-[#1])-[#1],1,4294967295,https://raw.githubusercontent.com/rdkit/rdkit/0ece02e9254ef2d5eeade2bd40eb13546522dbd3/Code/GraphMol/FilterCatalog/pains_c.in#L256
PAINS_C,anil_alk_C(1),anil_alk_C(1),[#7](-[#1])(-c:1:c:c:c:c:c:1)-[#6](-[#6])(-[#6])-c:2:c(:c(:c(:c(:c:2-[#1])-[#1])-[#8]-[#6](-[#1])-[#1])-[#1])-[#1],1,4294967295,https://raw.githubusercontent.com/rdkit/rdkit/0ece02e9254ef2d5eeade2bd40eb13546522dbd3/Code/GraphMol/FilterCatalog/pains_c.in#L257
PAINS_C,misc_anisole_C(1),misc_anisole_C(1),[#7](-[#1])(-c:1:c(:c(:c(:c(:c:1-[#1])-[#1])-[#8]-[#6](-[#1])(-[#1])-[#1])-[#8]-[#6]-[#1])-[#1])-[#6](=[#8])-[#7](-[#1])-[#6](-[#1])(-[#1])-[#6](-[#1])(-[#1])-[#6](-[#1])(-[#1])-[#7](-[#6](-[#1])(-[#1])-[#1])-[#6]:[#6],1,4294967295,https://raw.githubusercontent.com/rdkit/rdkit/0ece02e9254ef2d5eeade2bd40eb13546522dbd3/Code/GraphMol/FilterCatalog/pains_c.in#L258
PAINS_C,het_465_misc(1),het_465_misc(1),c:1-2:c:c-3:c(:c:c:1-[#8]-[#6]-[#8]-2)-[#6]-[#6]-3,1,4294967295,https://raw.githubusercontent.com/rdkit/rdkit/0ece02e9254ef2d5eeade2bd40eb13546522dbd3/Code/GraphMol/FilterCatalog/pains_c.in#L259
PAINS_C,anthranil_acid_G(1),anthranil_acid_G(1),c:1(:c(:c(:c(:c(:c:1-[#1])-[#1])-[#8]-[#6](-[#1])-[#1])-[#1])-[#6](=[#8])-[#8]-[#1])-[#7](-[#1])-[#6]:[#6],1,4294967295,https://raw.githubusercontent.com/rdkit/rdkit/0ece02e9254ef2d5eeade2bd40eb13546522dbd3/Code/GraphMol/FilterCatalog/pains_c.in#L260
PAINS_C,anil_di_alk_M(1),anil_di_alk_M(1),c:1(:c:4:c(:n:c(:c:1-[#6](-[#1])(-[#1])-[#7]-3-c:2:c(:c(:c(:c(:c:2-[#6](-[#1])(-[#1])-[#6]-3(-[#1])-[#1])-[#1])-[#1])-[#1])-[#1])-[#1]):c(:c(:c(:c:4-[#1])-[#1])-[#1])-[#1])-[#1],1,4294967295,https://raw.githubusercontent.com/rdkit/rdkit/0ece02e9254ef2d5eeade2bd40eb13546522dbd3/Code/GraphMol/FilterCatalog/pains_c.in#L261
PAINS_C,anthranil_acid_H(1),anthranil_acid_H(1),c:1:c(:c2:c(:c:c:1)c(c(n2-[#1])-[#6]:[#6])-[#6]:[#6])-[#6](=[#8])-[#8]-[#1],1,4294967295,https://raw.githubusercontent.com/rdkit/rdkit/0ece02e9254ef2d5eeade2bd40eb13546522dbd3/Code/GraphMol/FilterCatalog/pains_c.in#L262
PAINS_C,thio_urea_M(1),thio_urea_M(1),"[#6]:[#6]-[#7](-[#6](-[#1])-[#1])-[#6](-[#1])(-[#1])-[#6](-[#1])(-[#1])-[#6](-[#1])(-[#1])-[#7](-[#1])-[#6](=[#16])-[#7](-[#1])-c:1:c(:c(:c(:c(:c:1-[F,Cl,Br,I])-[#1])-[#6](-[#1])-[#1])-[#1])-[#1]",1,4294967295,https://raw.githubusercontent.com/rdkit/rdkit/0ece02e9254ef2d5eeade2bd40eb13546522dbd3/Code/GraphMol/FilterCatalog/pains_c.in#L263
PAINS_C,thiazole_amine_K(1),thiazole_amine_K(1),n:1:c3:c(:c:c2:c:1nc(s2)-[#7])sc(n3)-[#7],1,4294967295,https://raw.githubusercontent.com/rdkit/rdkit/0ece02e9254ef2d5eeade2bd40eb13546522dbd3/Code/GraphMol/FilterCatalog/pains_c.in#L264
PAINS_C,het_thio_5_imine_A(1),het_thio_5_imine_A(1),[#7]=[#6]-1-[#16]-[#6](=[#7])-[#7]=[#6]-1,1,4294967295,https://raw.githubusercontent.com/rdkit/rdkit/0ece02e9254ef2d5eeade2bd40eb13546522dbd3/Code/GraphMol/FilterCatalog/pains_c.in#L265
PAINS_C,thio_amide_E(1),thio_amide_E(1),c:1:c(:n:c:c:c:1)-[#6](=[#16])-[#7](-[#1])-c:2:c(:c:c:c:c:2)-[#8]-[#6](-[#1])-[#1],1,4294967295,https://raw.githubusercontent.com/rdkit/rdkit/0ece02e9254ef2d5eeade2bd40eb13546522dbd3/Code/GraphMol/FilterCatalog/pains_c.in#L266
PAINS_C,het_thio_676_B(1),het_thio_676_B(1),c:1-2:c(:c(:c(:c(:c:1-[#6](-c:3:c(-[#16]-[#6]-2(-[#1])-[#1]):c(:c(-[#1]):c(:c:3-[#1])-[#1])-[#1])-[#8]-[#6]:[#6])-[#1])-[#1])-[#1])-[#1],1,4294967295,https://raw.githubusercontent.com/rdkit/rdkit/0ece02e9254ef2d5eeade2bd40eb13546522dbd3/Code/GraphMol/FilterCatalog/pains_c.in#L267
PAINS_C,sulfonamide_G(1),sulfonamide_G(1),[#6](-[#1])(-[#1])(-[#1])-c:1:c(:c(:c(:c(:n:1)-[#7](-[#1])-[#16](-c:2:c(:c(:c(:c(:c:2-[#1])-[#1])-[#8]-[#6](-[#1])(-[#1])-[#6](-[#1])(-[#1])-[#6](-[#1])-[#1])-[#1])-[#1])(=[#8])=[#8])-[#1])-[#1])-[#1],1,4294967295,https://raw.githubusercontent.com/rdkit/rdkit/0ece02e9254ef2d5eeade2bd40eb13546522dbd3/Code/GraphMol/FilterCatalog/pains_c.in#L268
PAINS_C,thio_thiomorph_Z(1),thio_thiomorph_Z(1),[#6](=[#8])(-[#7]-1-[#6]-[#6]-[#16]-[#6]-[#6]-1)-c:2:c(:c(:c(:c(:c:2-[#16]-[#6](-[#1])-[#1])-[#1])-[#1])-[#1])-[#1],1,4294967295,https://raw.githubusercontent.com/rdkit/rdkit/0ece02e9254ef2d5eeade2bd40eb13546522dbd3/Code/GraphMol/FilterCatalog/pains_c.in#L269
PAINS_C,naphth_ene_one_A(1),naphth_ene_one_A(1),c:1:c:c:3:c:2:c(:c:1)-[#6](-[#6]=[#6](-c:2:c:c:c:3)-[#8]-[#6](-[#1])-[#1])=[#8],1,4294967295,https://raw.githubusercontent.com/rdkit/rdkit/0ece02e9254ef2d5eeade2bd40eb13546522dbd3/Code/GraphMol/FilterCatalog/pains_c.in#L270
PAINS_C,naphth_ene_one_B(1),naphth_ene_one_B(1),c:1-3:c:2:c(:c(:c:c:1)-[#7]):c:c:c:c:2-[#6](-[#6]=[#6]-3-[#6](-[F])(-[F])-[F])=[#8],1,4294967295,https://raw.githubusercontent.com/rdkit/rdkit/0ece02e9254ef2d5eeade2bd40eb13546522dbd3/Code/GraphMol/FilterCatalog/pains_c.in#L271
PAINS_C,amino_acridine_A(1),amino_acridine_A(1),c:1:c:c:c:c:2:c:1:c:c:3:c(:n:2):n:c:4:c(:c:3-[#7]):c:c:c:c:4,1,4294967295,https://raw.githubusercontent.com/rdkit/rdkit/0ece02e9254ef2d5eeade2bd40eb13546522dbd3/Code/GraphMol/FilterCatalog/pains_c.in#L272
PAINS_C,keto_phenone_B(1),keto_phenone_B(1),c:1:c-3:c(:c:c:c:1)-[#6]-2=[#7]-[!#1]=[#6]-[#6]-[#6]-2-[#6]-3=[#8],1,4294967295,https://raw.githubusercontent.com/rdkit/rdkit/0ece02e9254ef2d5eeade2bd40eb13546522dbd3/Code/GraphMol/FilterCatalog/pains_c.in#L273
PAINS_C,hzone_acid_A(1),hzone_acid_A(1),c:1-3:c(:c(:c(:c(:c:1-[#1])-[#1])-[#8]-[#6](-[#1])-[#1])-[#1])-[#6](=[#7]-[#7](-[#1])-c:2:c(:c(:c(:c(:c:2-[#1])-[#1])-[#6](=[#8])-[#8]-[#1])-[#1])-[#1])-c:4:c-3:c(:c(:c(:c:4-[#1])-[#8]-[#6](-[#1])-[#1])-[#1])-[#1],1,4294967295,https://raw.githubusercontent.com/rdkit/rdkit/0ece02e9254ef2d5eeade2bd40eb13546522dbd3/Code/GraphMol/FilterCatalog/pains_c.in#L274
PAINS_C,sulfonamide_H(1),sulfonamide_H(1),c:1(:c(:c(:c(:c(:c:1-[#1])-[#1])-[#7](-[#1])-[#1])-[#1])-[#1])-[#16](=[#8])(=[#8])-[#7](-[#1])-c:2:n:n:c(:c(:c:2-[#1])-[#1])-[#1],1,4294967295,https://raw.githubusercontent.com/rdkit/rdkit/0ece02e9254ef2d5eeade2bd40eb13546522dbd3/Code/GraphMol/FilterCatalog/pains_c.in#L275
PAINS_C,het_565_indole(1),het_565_indole(1),c2(c(-[#1])n(-[#6](-[#1])-[#1])c:3:c(:c(:c:1n(c(c(c:1:c2:3)-[#1])-[#1])-[#6](-[#1])-[#1])-[#8]-[#6](-[#1])-[#1])-[#8]-[#6](-[#1])-[#1])-[#1],1,4294967295,https://raw.githubusercontent.com/rdkit/rdkit/0ece02e9254ef2d5eeade2bd40eb13546522dbd3/Code/GraphMol/FilterCatalog/pains_c.in#L276
PAINS_C,pyrrole_J(1),pyrrole_J(1),c1(c-2c(c(n1-[#6](-[#8])=[#8])-[#6](-[#1])-[#1])-[#16]-[#6](-[#1])(-[#1])-[#16]-2)-[#6](-[#1])-[#1],1,4294967295,https://raw.githubusercontent.com/rdkit/rdkit/0ece02e9254ef2d5eeade2bd40eb13546522dbd3/Code/GraphMol/FilterCatalog/pains_c.in#L277
PAINS_C,pyrazole_amino_B(1),pyrazole_amino_B(1),s1ccnc1-c2c(n(nc2-[#1])-[#1])-[#7](-[#1])-[#1],1,4294967295,https://raw.githubusercontent.com/rdkit/rdkit/0ece02e9254ef2d5eeade2bd40eb13546522dbd3/Code/GraphMol/FilterCatalog/pains_c.in#L278
PAINS_C,pyrrole_K(1),pyrrole_K(1),c1(c(c(c(n1-[#1])-c:2:c(:c(:c(:c(:c:2-[#1])-[#1])-[#1])-[#1])-[#1])-[#6](-[#1])-[#1])-[#1])-[#6](=[#8])-[#8]-[#1],1,4294967295,https://raw.githubusercontent.com/rdkit/rdkit/0ece02e9254ef2d5eeade2bd40eb13546522dbd3/Code/GraphMol/FilterCatalog/pains_c.in#L279
PAINS_C,anthranil_acid_I(1),anthranil_acid_I(1),c:1(:c(:c(:c(:o:1)-[#6])-[#1])-[#1])-[#6](=[#8])-[#7](-[#1])-[#6]:2:[#6](-[#1]):[#6](-[#1]):[#6](-[#1]):[#6](-[#1]):[#6]:2-[#6](=[#8])-[#8]-[#1],1,4294967295,https://raw.githubusercontent.com/rdkit/rdkit/0ece02e9254ef2d5eeade2bd40eb13546522dbd3/Code/GraphMol/FilterCatalog/pains_c.in#L280
PAINS_C,thio_amide_F(1),thio_amide_F(1),[!#1]:[#6]-[#6](=[#16])-[#7](-[#1])-[#7](-[#1])-[#6]:[!#1],1,4294967295,https://raw.githubusercontent.com/rdkit/rdkit/0ece02e9254ef2d5eeade2bd40eb13546522dbd3/Code/GraphMol/FilterCatalog/pains_c.in#L281
PAINS_C,ene_one_C(1),ene_one_C(1),[#6]-1(=[#8])-[#6](-[#6](-[#6]#[#7])=[#6](-[#1])-[#7])-[#6](-[#7])-[#6]=[#6]-1,1,4294967295,https://raw.githubusercontent.com/rdkit/rdkit/0ece02e9254ef2d5eeade2bd40eb13546522dbd3/Code/GraphMol/FilterCatalog/pains_c.in#L282
PAINS_C,het_65_H(1),het_65_H(1),"c2(c-,:1n(-,:[#6](-,:[#6]=,:[#6]-,:[#7]-,:1)=[#8])nc2-c3cccn3)-[#6]#[#7]",1,4294967295,https://raw.githubusercontent.com/rdkit/rdkit/0ece02e9254ef2d5eeade2bd40eb13546522dbd3/Code/GraphMol/FilterCatalog/pains_c.in#L283
PAINS_C,cyano_imine_D(1),cyano_imine_D(1),[#8]=[#6]-1-[#6](=[#7]-[#7]-[#6]-[#6]-1)-[#6]#[#7],1,4294967295,https://raw.githubusercontent.com/rdkit/rdkit/0ece02e9254ef2d5eeade2bd40eb13546522dbd3/Code/GraphMol/FilterCatalog/pains_c.in#L284
PAINS_C,cyano_misc_A(1),cyano_misc_A(1),c:2(:c:1:c:c:c:c:c:1:n:n:c:2)-[#6](-[#6]:[#6])-[#6]#[#7],1,4294967295,https://raw.githubusercontent.com/rdkit/rdkit/0ece02e9254ef2d5eeade2bd40eb13546522dbd3/Code/GraphMol/FilterCatalog/pains_c.in#L285
PAINS_C,ene_misc_C(1),ene_misc_C(1),c:1:c:c-2:c(:c:c:1)-[#6]=[#6]-[#6](-[#7]-2-[#6](=[#8])-[#7](-[#1])-c:3:c:c(:c(:c:c:3)-[#8]-[#6](-[#1])-[#1])-[#8]-[#6](-[#1])-[#1])(-[#6](-[#1])-[#1])-[#6](-[#1])-[#1],1,4294967295,https://raw.githubusercontent.com/rdkit/rdkit/0ece02e9254ef2d5eeade2bd40eb13546522dbd3/Code/GraphMol/FilterCatalog/pains_c.in#L286
PAINS_C,het_66_E(1),het_66_E(1),c:2:c:c:1:n:c(:c(:n:c:1:c:c:2)-c:3:c:c:c:c:c:3)-c:4:c:c:c:c:c:4-[#8]-[#1],1,4294967295,https://raw.githubusercontent.com/rdkit/rdkit/0ece02e9254ef2d5eeade2bd40eb13546522dbd3/Code/GraphMol/FilterCatalog/pains_c.in#L287
PAINS_C,keto_keto_beta_F(1),keto_keto_beta_F(1),[#6](-[#1])(-[#1])-[#6](-[#8]-[#1])=[#6](-[#6](=[#8])-[#6](-[#1])-[#1])-[#6](-[#1])-[#6]#[#6],1,4294967295,https://raw.githubusercontent.com/rdkit/rdkit/0ece02e9254ef2d5eeade2bd40eb13546522dbd3/Code/GraphMol/FilterCatalog/pains_c.in#L288
PAINS_C,misc_naphthimidazole(1),misc_naphthimidazole(1),c:1:c:4:c(:c:c2:c:1nc(n2-[#1])-[#6]-[#8]-[#6](=[#8])-c:3:c:c(:c:c(:c:3)-[#7](-[#1])-[#1])-[#7](-[#1])-[#1]):c:c:c:c:4,1,4294967295,https://raw.githubusercontent.com/rdkit/rdkit/0ece02e9254ef2d5eeade2bd40eb13546522dbd3/Code/GraphMol/FilterCatalog/pains_c.in#L289
PAINS_C,naphth_ene_one_C(1),naphth_ene_one_C(1),c:2(:c:1:c:c:c:c-3:c:1:c(:c:c:2)-[#6]=[#6]-[#6]-3=[#7])-[#7],1,4294967295,https://raw.githubusercontent.com/rdkit/rdkit/0ece02e9254ef2d5eeade2bd40eb13546522dbd3/Code/GraphMol/FilterCatalog/pains_c.in#L290
PAINS_C,keto_phenone_C(1),keto_phenone_C(1),c:2(:c:1:c:c:c:c:c:1:c-3:c(:c:2)-[#6](-c:4:c:c:c:c:c-3:4)=[#8])-[#8]-[#1],1,4294967295,https://raw.githubusercontent.com/rdkit/rdkit/0ece02e9254ef2d5eeade2bd40eb13546522dbd3/Code/GraphMol/FilterCatalog/pains_c.in#L291
PAINS_C,coumarin_C(1),coumarin_C(1),"[#6]-,:2(-,:[#6]=,:[#7]-,:c:1:c:c(:c:c:c:1-,:[#8]-,:2)-[Cl])=[#8]",1,4294967295,https://raw.githubusercontent.com/rdkit/rdkit/0ece02e9254ef2d5eeade2bd40eb13546522dbd3/Code/GraphMol/FilterCatalog/pains_c.in#L292
PAINS_C,thio_est_cyano_A(1),thio_est_cyano_A(1),[#6]-1=[#6]-[#7](-[#6](-c:2:c-1:c:c:c:c:2)(-[#6]#[#7])-[#6](=[#16])-[#16])-[#6]=[#8],1,4294967295,https://raw.githubusercontent.com/rdkit/rdkit/0ece02e9254ef2d5eeade2bd40eb13546522dbd3/Code/GraphMol/FilterCatalog/pains_c.in#L293
PAINS_C,het_65_imidazole(1),het_65_imidazole(1),c2(nc:1:c(:c(:c(:c(:c:1-[#1])-[#1])-[#1])-[#1])n2-[#6])-[#7](-[#1])-[#6](-[#7](-[#1])-c:3:c(:c:c:c:c:3-[#1])-[#1])=[#8],1,4294967295,https://raw.githubusercontent.com/rdkit/rdkit/0ece02e9254ef2d5eeade2bd40eb13546522dbd3/Code/GraphMol/FilterCatalog/pains_c.in#L294
PAINS_C,anthranil_acid_J(1),anthranil_acid_J(1),"[#7](-[#1])(-[#6]:[#6])-c:1:c(-[#6](=[#8])-[#8]-[#1]):c:c:c(:n:1)-,:[#6]:[#6]",1,4294967295,https://raw.githubusercontent.com/rdkit/rdkit/0ece02e9254ef2d5eeade2bd40eb13546522dbd3/Code/GraphMol/FilterCatalog/pains_c.in#L295
PAINS_C,colchicine_het(1),colchicine_het(1),"c:1-,:3:c(:c:c:c:c:1)-,:[#16]-,:[#6](=[#7]-[#7]=[#6]-,:2-,:[#6]=,:[#6]-,:[#6]=,:[#6]-,:[#6]=,:[#6]-,:2)-,:[#7]-,:3-[#6](-[#1])-[#1]",1,4294967295,https://raw.githubusercontent.com/rdkit/rdkit/0ece02e9254ef2d5eeade2bd40eb13546522dbd3/Code/GraphMol/FilterCatalog/pains_c.in#L296
PAINS_C,ene_misc_D(1),ene_misc_D(1),c:1-2:c(:c(:c(:c(:c:1-[#1])-[#8]-[#6](-[#1])-[#1])-[#8]-[#6](-[#1])-[#1])-[#1])-[#6](=[#6](-[#6])-[#16]-[#6]-2(-[#1])-[#1])-[#6],1,4294967295,https://raw.githubusercontent.com/rdkit/rdkit/0ece02e9254ef2d5eeade2bd40eb13546522dbd3/Code/GraphMol/FilterCatalog/pains_c.in#L297
PAINS_C,indole_3yl_alk_B(1),indole_3yl_alk_B(1),c:12:c(:c(:c(:c(:c:1-[#1])-[#1])-[#1])-[#1])c(c(-[#6]:[#6])n2-!@[#6]:[#6])-[#6](-[#1])-[#1],1,4294967295,https://raw.githubusercontent.com/rdkit/rdkit/0ece02e9254ef2d5eeade2bd40eb13546522dbd3/Code/GraphMol/FilterCatalog/pains_c.in#L298
PAINS_C,anil_OH_no_alk_A(1),anil_OH_no_alk_A(1),[#7](-[#1])(-[#1])-c:1:c:c:c(:c:c:1-[#8]-[#1])-[#16](=[#8])(=[#8])-[#8]-[#1],1,4294967295,https://raw.githubusercontent.com/rdkit/rdkit/0ece02e9254ef2d5eeade2bd40eb13546522dbd3/Code/GraphMol/FilterCatalog/pains_c.in#L299
PAINS_C,thiazole_amine_L(1),thiazole_amine_L(1),s:1:c:c:c(:c:1-[#1])-c:2:c:s:c(:n:2)-[#7](-[#1])-[#1],1,4294967295,https://raw.githubusercontent.com/rdkit/rdkit/0ece02e9254ef2d5eeade2bd40eb13546522dbd3/Code/GraphMol/FilterCatalog/pains_c.in#L300
PAINS_C,pyrazole_amino_A(1),pyrazole_amino_A(1),c1c(-[#7](-[#1])-[#1])nnc1-c2c(-[#6](-[#1])-[#1])oc(c2-[#1])-[#1],1,4294967295,https://raw.githubusercontent.com/rdkit/rdkit/0ece02e9254ef2d5eeade2bd40eb13546522dbd3/Code/GraphMol/FilterCatalog/pains_c.in#L301
PAINS_C,het_thio_N_5D(1),het_thio_N_5D(1),n1nscc1-c2nc(no2)-[#6]:[#6],1,4294967295,https://raw.githubusercontent.com/rdkit/rdkit/0ece02e9254ef2d5eeade2bd40eb13546522dbd3/Code/GraphMol/FilterCatalog/pains_c.in#L302
PAINS_C,anil_alk_indane(1),anil_alk_indane(1),c:1(:c:c-3:c(:c:c:1)-[#7]-[#6]-4-c:2:c:c:c:c:c:2-[#6]-[#6]-3-4)-[#6;X4],1,4294967295,https://raw.githubusercontent.com/rdkit/rdkit/0ece02e9254ef2d5eeade2bd40eb13546522dbd3/Code/GraphMol/FilterCatalog/pains_c.in#L303
PAINS_C,anil_di_alk_N(1),anil_di_alk_N(1),c:1-2:c(:c(:c(:c(:c:1-[#1])-[#1])-[#1])-[#1])-[#6](=[#6](-[#1])-[#6]-3-[#6](-[#6]#[#7])-[#6](-[#1])(-[#1])-[#6](-[#1])-[#7]-2-3)-[#1],1,4294967295,https://raw.githubusercontent.com/rdkit/rdkit/0ece02e9254ef2d5eeade2bd40eb13546522dbd3/Code/GraphMol/FilterCatalog/pains_c.in#L304
PAINS_C,het_666_C(1),het_666_C(1),"c:2-,:3:c(:c:c:1:c:c:c:c:c:1:c:2)-,:[#7](-[#6](-[#1])-[#1])-,:[#6](=[#8])-,:[#6](=,:[#7]-,:3)-[#6]:[#6]-[#7](-[#1])-[#6](-[#1])-[#1]",1,4294967295,https://raw.githubusercontent.com/rdkit/rdkit/0ece02e9254ef2d5eeade2bd40eb13546522dbd3/Code/GraphMol/FilterCatalog/pains_c.in#L305
PAINS_C,ene_one_D(1),ene_one_D(1),[#6](-[#8]-[#1]):[#6]-[#6](=[#8])-[#6](-[#1])=[#6](-[#6])-[#6],1,4294967295,https://raw.githubusercontent.com/rdkit/rdkit/0ece02e9254ef2d5eeade2bd40eb13546522dbd3/Code/GraphMol/FilterCatalog/pains_c.in#L306
PAINS_C,anil_di_alk_indol(1),anil_di_alk_indol(1),c:1:2:c(:c(:c(:c(:c:1-[#1])-[#1])-[#7](-[#6](-[#1])-[#1])-[#6](-[#1])-[#1])-[#1]):c(:c(-[#1]):n:2-[#1])-[#16](=[#8])=[#8],1,4294967295,https://raw.githubusercontent.com/rdkit/rdkit/0ece02e9254ef2d5eeade2bd40eb13546522dbd3/Code/GraphMol/FilterCatalog/pains_c.in#L307
PAINS_C,anil_no_alk_indol_A(1),anil_no_alk_indol_A(1),c:1:2:c(:c(:c(:c(:c:1-[#1])-[#1])-[#7](-[#1])-[#1])-[#1]):c(:c(-[#1]):n:2-[#6](-[#1])-[#1])-[#1],1,4294967295,https://raw.githubusercontent.com/rdkit/rdkit/0ece02e9254ef2d5eeade2bd40eb13546522dbd3/Code/GraphMol/FilterCatalog/pains_c.in#L308
PAINS_C,dhp_amino_CN_G(1),dhp_amino_CN_G(1),"[#16;X2]-1-[#6]=[#6](-[#6]#[#7])-[#6](-[#6])(-[#6]=[#8])-[#6](=[#6]-1-[#7](-[#1])-[#1])-[$([#6]=[#8]),$([#6]#[#7])]",1,4294967295,https://raw.githubusercontent.com/rdkit/rdkit/0ece02e9254ef2d5eeade2bd40eb13546522dbd3/Code/GraphMol/FilterCatalog/pains_c.in#L309
PAINS_C,anil_di_alk_dhp(1),anil_di_alk_dhp(1),"[#7]-2-[#6]=[#6](-[#6]=[#8])-[#6](-c:1:c:c:c(:c:c:1)-[#7](-[#6](-[#1])-[#1])-[#6](-[#1])-[#1])-[#6]~3=,:[#6]-2~[#7]~[#6](~[#16])~[#7]~[#6]~3~[#7]",1,4294967295,https://raw.githubusercontent.com/rdkit/rdkit/0ece02e9254ef2d5eeade2bd40eb13546522dbd3/Code/GraphMol/FilterCatalog/pains_c.in#L310
PAINS_C,anthranil_amide_A(1),anthranil_amide_A(1),c:1:c(:c:c:c:c:1)-[#6](=[#8])-[#7](-[#1])-c:2:c(:c:c:c:c:2)-[#6](=[#8])-[#7](-[#1])-[#7](-[#1])-c:3:n:c:c:s:3,1,4294967295,https://raw.githubusercontent.com/rdkit/rdkit/0ece02e9254ef2d5eeade2bd40eb13546522dbd3/Code/GraphMol/FilterCatalog/pains_c.in#L311
PAINS_C,hzone_anthran_Z(1),hzone_anthran_Z(1),c:1:c:2:c(:c:c:c:1):c(:c:3:c(:c:2):c:c:c:c:3)-[#6]=[#7]-[#7](-[#1])-c:4:c:c:c:c:c:4,1,4294967295,https://raw.githubusercontent.com/rdkit/rdkit/0ece02e9254ef2d5eeade2bd40eb13546522dbd3/Code/GraphMol/FilterCatalog/pains_c.in#L312
PAINS_C,ene_one_amide_A(1),ene_one_amide_A(1),c:1:c(:c:c:c:c:1)-[#6](-[#1])-[#7]-[#6](=[#8])-[#6](-[#7](-[#1])-[#6](-[#1])-[#1])=[#6](-[#1])-[#6](=[#8])-c:2:c:c:c(:c:c:2)-[#8]-[#6](-[#1])-[#1],1,4294967295,https://raw.githubusercontent.com/rdkit/rdkit/0ece02e9254ef2d5eeade2bd40eb13546522dbd3/Code/GraphMol/FilterCatalog/pains_c.in#L313
PAINS_C,het_76_A(1),het_76_A(1),s:1:c(:c(-[#1]):c(:c:1-[#6]-3=[#7]-c:2:c:c:c:c:c:2-[#6](=[#7]-[#7]-3-[#1])-c:4:c:c:n:c:c:4)-[#1])-[#1],1,4294967295,https://raw.githubusercontent.com/rdkit/rdkit/0ece02e9254ef2d5eeade2bd40eb13546522dbd3/Code/GraphMol/FilterCatalog/pains_c.in#L314
PAINS_C,thio_urea_N(1),thio_urea_N(1),o:1:c(:c(-[#1]):c(:c:1-[#6](-[#1])(-[#1])-[#7](-[#1])-[#6](=[#16])-[#7](-[#6]-[#1])-[#6](-[#1])(-[#1])-c:2:c:c:c:c:c:2)-[#1])-[#1],1,4294967295,https://raw.githubusercontent.com/rdkit/rdkit/0ece02e9254ef2d5eeade2bd40eb13546522dbd3/Code/GraphMol/FilterCatalog/pains_c.in#L315
PAINS_C,anil_di_alk_coum(1),anil_di_alk_coum(1),"c:1:c(:c:c:c:c:1)-[#7](-[#6]-[#1])-[#6](-[#1])-[#6](-[#1])-[#6](-[#1])-[#7](-[#1])-[#6](=[#8])-[#6]-,:2=,:[#6](-,:[#8]-,:[#6](-,:[#6](=,:[#6]-,:2-[#6](-[#1])-[#1])-[#1])=[#8])-[#6](-[#1])-[#1]",1,4294967295,https://raw.githubusercontent.com/rdkit/rdkit/0ece02e9254ef2d5eeade2bd40eb13546522dbd3/Code/GraphMol/FilterCatalog/pains_c.in#L316
PAINS_C,ene_one_amide_B(1),ene_one_amide_B(1),c2-3:c:c:c:1:c:c:c:c:c:1:c2-[#6](-[#1])-[#6;X4]-[#7]-[#6]-3=[#6](-[#1])-[#6](=[#8])-[#7](-[#6](-[#1])-[#1])-[#6](-[#1])-[#1],1,4294967295,https://raw.githubusercontent.com/rdkit/rdkit/0ece02e9254ef2d5eeade2bd40eb13546522dbd3/Code/GraphMol/FilterCatalog/pains_c.in#L317
PAINS_C,het_thio_656c(1),het_thio_656c(1),c:1:c(:c:c:c:c:1)-[#6]-4=[#7]-[#7]:2:[#6](:[#7+]:c:3:c:2:c:c:c:c:3)-[#16]-[#6;X4]-4,1,4294967295,https://raw.githubusercontent.com/rdkit/rdkit/0ece02e9254ef2d5eeade2bd40eb13546522dbd3/Code/GraphMol/FilterCatalog/pains_c.in#L318
PAINS_C,het_5_ene(1),het_5_ene(1),[#6]-2(=[#8])-[#6](=[#6](-[#6](-[#1])-[#1])-[#7](-[#1])-[#6](-[#1])(-[#1])-[#6](-[#1])(-[#1])-[#6](-[#1])-[#1])-[#7]=[#6](-c:1:c:c:c:c:c:1)-[#8]-2,1,4294967295,https://raw.githubusercontent.com/rdkit/rdkit/0ece02e9254ef2d5eeade2bd40eb13546522dbd3/Code/GraphMol/FilterCatalog/pains_c.in#L319
PAINS_C,thio_imide_A(1),thio_imide_A(1),c:1:c(:c:c:c:c:1)-[#7]-2-[#6](=[#8])-[#6](=[#6](-[#1])-[#6]-2=[#8])-[#16]-c:3:c:c:c:c:c:3,1,4294967295,https://raw.githubusercontent.com/rdkit/rdkit/0ece02e9254ef2d5eeade2bd40eb13546522dbd3/Code/GraphMol/FilterCatalog/pains_c.in#L320
PAINS_C,dhp_amidine_A(1),dhp_amidine_A(1),"[#7]-,:1(-[#1])-,:[#7]=,:[#6](-[#7]-[#1])-,:[#16]-,:[#6](=,:[#6]-,:1-,:[#6]:[#6])-,:[#6]:[#6]",1,4294967295,https://raw.githubusercontent.com/rdkit/rdkit/0ece02e9254ef2d5eeade2bd40eb13546522dbd3/Code/GraphMol/FilterCatalog/pains_c.in#L321
PAINS_C,thio_urea_O(1),thio_urea_O(1),c:1(:c(:c-3:c(:c(:c:1-[#7](-[#1])-[#6](=[#16])-[#7](-[#1])-[#6](-[#1])-c:2:c(:c(:c(:o:2)-[#6]-[#1])-[#1])-[#1])-[#1])-[#8]-[#6](-[#8]-3)(-[#1])-[#1])-[#1])-[#1],1,4294967295,https://raw.githubusercontent.com/rdkit/rdkit/0ece02e9254ef2d5eeade2bd40eb13546522dbd3/Code/GraphMol/FilterCatalog/pains_c.in#L322
PAINS_C,anil_di_alk_O(1),anil_di_alk_O(1),c:1(:c(:c(:c(:c(:c:1-[#7](-[#1])-[#6](=[#16])-[#7](-[#1])-c:2:c:c:c:c:c:2)-[#1])-[#7](-[#6](-[#1])-[#1])-[#6](-[#1])-[#1])-[#1])-[#1])-[#1],1,4294967295,https://raw.githubusercontent.com/rdkit/rdkit/0ece02e9254ef2d5eeade2bd40eb13546522dbd3/Code/GraphMol/FilterCatalog/pains_c.in#L323
PAINS_C,thio_urea_P(1),thio_urea_P(1),"[#8]=[#6]-!@n:1:c:c:c-,:2:c:1-,:[#7](-[#1])-,:[#6](=[#16])-,:[#7]-,:2-[#1]",1,4294967295,https://raw.githubusercontent.com/rdkit/rdkit/0ece02e9254ef2d5eeade2bd40eb13546522dbd3/Code/GraphMol/FilterCatalog/pains_c.in#L324
PAINS_C,het_pyraz_misc(1),het_pyraz_misc(1),[#6](-[F])(-[F])-[#6](=[#8])-[#7](-[#1])-c:1:c(-[#1]):n(-[#6](-[#1])(-[#1])-[#6](-[#1])(-[#1])-[#8]-[#6](-[#1])(-[#1])-[#6]:[#6]):n:c:1-[#1],1,4294967295,https://raw.githubusercontent.com/rdkit/rdkit/0ece02e9254ef2d5eeade2bd40eb13546522dbd3/Code/GraphMol/FilterCatalog/pains_c.in#L325
PAINS_C,diazox_C(1),diazox_C(1),[#7]-2=[#7]-[#6]:1:[#7]:[!#6&!#1]:[#7]:[#6]:1-[#7]=[#7]-[#6]:[#6]-2,1,4294967295,https://raw.githubusercontent.com/rdkit/rdkit/0ece02e9254ef2d5eeade2bd40eb13546522dbd3/Code/GraphMol/FilterCatalog/pains_c.in#L326
PAINS_C,diazox_D(1),diazox_D(1),[#6]-2(-[#1])(-[#8]-[#1])-[#6]:1:[#7]:[!#6&!#1]:[#7]:[#6]:1-[#6](-[#1])(-[#8]-[#1])-[#6]=[#6]-2,1,4294967295,https://raw.githubusercontent.com/rdkit/rdkit/0ece02e9254ef2d5eeade2bd40eb13546522dbd3/Code/GraphMol/FilterCatalog/pains_c.in#L327
PAINS_C,misc_cyclopropane(1),misc_cyclopropane(1),[#6]-1(-[#6](-[#1])(-[#1])-[#6]-1(-[#1])-[#1])(-[#6](=[#8])-[#7](-[#1])-c:2:c:c:c(:c:c:2)-[#8]-[#6](-[#1])(-[#1])-[#8])-[#16](=[#8])(=[#8])-[#6]:[#6],1,4294967295,https://raw.githubusercontent.com/rdkit/rdkit/0ece02e9254ef2d5eeade2bd40eb13546522dbd3/Code/GraphMol/FilterCatalog/pains_c.in#L328
PAINS_C,imine_ene_one_B(1),imine_ene_one_B(1),[#6]-1:[#6]-[#6](=[#8])-[#6]=[#6]-1-[#7]=[#6](-[#1])-[#7](-[#6;X4])-[#6;X4],1,4294967295,https://raw.githubusercontent.com/rdkit/rdkit/0ece02e9254ef2d5eeade2bd40eb13546522dbd3/Code/GraphMol/FilterCatalog/pains_c.in#L329
PAINS_C,coumarin_D(1),coumarin_D(1),"c:1:c:c(:c:c-,:2:c:1-,:[#6](=,:[#6](-[#1])-,:[#6](=[#8])-,:[#8]-,:2)-c:3:c:c:c:c:c:3)-[#8]-[#6](-[#1])(-[#1])-[#6]:[#8]:[#6]",1,4294967295,https://raw.githubusercontent.com/rdkit/rdkit/0ece02e9254ef2d5eeade2bd40eb13546522dbd3/Code/GraphMol/FilterCatalog/pains_c.in#L330
PAINS_C,misc_furan_A(1),misc_furan_A(1),c:1:c(:o:c(:c:1-[#6](-[#1])-[#1])-[#6](-[#1])-[#1])-[#6](-[#1])(-[#1])-[#7]-[#6](-[#1])(-[#1])-[#6](-[#1])(-[#8]-[#6](-[#1])-[#1])-[#6](-[#1])(-[#1])-[#8]-c:2:c:c-3:c(:c:c:2)-[#8]-[#6](-[#8]-3)(-[#1])-[#1],1,4294967295,https://raw.githubusercontent.com/rdkit/rdkit/0ece02e9254ef2d5eeade2bd40eb13546522dbd3/Code/GraphMol/FilterCatalog/pains_c.in#L331
PAINS_C,rhod_sat_E(1),rhod_sat_E(1),[#7]-4(-c:1:c:c:c:c:c:1)-[#6](=[#8])-[#16]-[#6](-[#1])(-[#7](-[#1])-c:2:c:c:c:c:3:c:c:c:c:c:2:3)-[#6]-4=[#8],1,4294967295,https://raw.githubusercontent.com/rdkit/rdkit/0ece02e9254ef2d5eeade2bd40eb13546522dbd3/Code/GraphMol/FilterCatalog/pains_c.in#L332
PAINS_C,rhod_sat_imine_A(1),rhod_sat_imine_A(1),[#7]-3(-[#6](=[#8])-c:1:c:c:c:c:c:1)-[#6](=[#7]-c:2:c:c:c:c:c:2)-[#16]-[#6](-[#1])(-[#1])-[#6]-3=[#8],1,4294967295,https://raw.githubusercontent.com/rdkit/rdkit/0ece02e9254ef2d5eeade2bd40eb13546522dbd3/Code/GraphMol/FilterCatalog/pains_c.in#L333
PAINS_C,rhod_sat_F(1),rhod_sat_F(1),[#7]-2(-c:1:c:c:c:c:c:1)-[#6](=[#8])-[#16]-[#6](-[#1])(-[#1])-[#6]-2=[#16],1,4294967295,https://raw.githubusercontent.com/rdkit/rdkit/0ece02e9254ef2d5eeade2bd40eb13546522dbd3/Code/GraphMol/FilterCatalog/pains_c.in#L334
PAINS_C,het_thio_5_imine_B(1),het_thio_5_imine_B(1),[#7]-1(-[#6](-[#1])-[#1])-[#6](=[#16])-[#7](-[#6]:[#6])-[#6](=[#7]-[#6]:[#6])-[#6]-1=[#7]-[#6]:[#6],1,4294967295,https://raw.githubusercontent.com/rdkit/rdkit/0ece02e9254ef2d5eeade2bd40eb13546522dbd3/Code/GraphMol/FilterCatalog/pains_c.in#L335
PAINS_C,het_thio_5_imine_C(1),het_thio_5_imine_C(1),[#16]-1-[#6](=[#7]-[#7]-[#1])-[#16]-[#6](=[#7]-[#6]:[#6])-[#6]-1=[#7]-[#6]:[#6],1,4294967295,https://raw.githubusercontent.com/rdkit/rdkit/0ece02e9254ef2d5eeade2bd40eb13546522dbd3/Code/GraphMol/FilterCatalog/pains_c.in#L336
PAINS_C,ene_five_het_N(1),ene_five_het_N(1),"[#6]-2(=[#8])-[#6](=[#6](-[#1])-c:1:c(:c:c:c(:c:1)-[F,Cl,Br,I])-[#8]-[#6](-[#1])-[#1])-[#7]=[#6](-[#16]-[#6](-[#1])-[#1])-[#16]-2",1,4294967295,https://raw.githubusercontent.com/rdkit/rdkit/0ece02e9254ef2d5eeade2bd40eb13546522dbd3/Code/GraphMol/FilterCatalog/pains_c.in#L337
PAINS_C,thio_carbam_A(1),thio_carbam_A(1),[#6](-[#1])(-[#1])-[#16]-[#6](=[#16])-[#7](-[#1])-[#6](-[#1])(-[#1])-[#6]:[#6],1,4294967295,https://raw.githubusercontent.com/rdkit/rdkit/0ece02e9254ef2d5eeade2bd40eb13546522dbd3/Code/GraphMol/FilterCatalog/pains_c.in#L338
PAINS_C,misc_anilide_A(1),misc_anilide_A(1),c:1(:c(:c(:c(:c(:c:1-[#1])-[#1])-[#6](-[#1])-[#1])-[#7](-[#1])-[#6](=[#8])-[#6](-[#1])(-[#1])-[#6](-[#1])(-[#1])-[#6]:[#6])-[#1])-[#7](-[#1])-[#6](=[#8])-[#6](-[#1])(-[#1])-[#6](-[#1])(-[#1])-[#6]:[#6],1,4294967295,https://raw.githubusercontent.com/rdkit/rdkit/0ece02e9254ef2d5eeade2bd40eb13546522dbd3/Code/GraphMol/FilterCatalog/pains_c.in#L339
PAINS_C,misc_anilide_B(1),misc_anilide_B(1),c:1(:c(:c(:c(:c(:c:1-[#6](-[#1])-[#1])-[#1])-[Br])-[#1])-[#6](-[#1])-[#1])-[#7](-[#1])-[#6](=[#8])-[#7](-[#1])-[#6](-[#1])(-[#1])-[#6](-[#1])(-[#1])-[#6](-[#1])-[#1],1,4294967295,https://raw.githubusercontent.com/rdkit/rdkit/0ece02e9254ef2d5eeade2bd40eb13546522dbd3/Code/GraphMol/FilterCatalog/pains_c.in#L340
PAINS_C,mannich_B(1),mannich_B(1),c:1-2:c(:c:c:c(:c:1-[#8]-[#6](-[#1])(-[#1])-[#7](-[#6]:[#6]-[#8]-[#6](-[#1])-[#1])-[#6]-2(-[#1])-[#1])-[#1])-[#1],1,4294967295,https://raw.githubusercontent.com/rdkit/rdkit/0ece02e9254ef2d5eeade2bd40eb13546522dbd3/Code/GraphMol/FilterCatalog/pains_c.in#L341
PAINS_C,mannich_catechol_A(1),mannich_catechol_A(1),c:1-2:c(:c(:c(:c(:c:1-[#8]-[#6](-[#1])(-[#1])-[#7](-[#6](-[#1])-[#1])-[#6]-2(-[#1])-[#1])-[#1])-[#8])-[#8])-[#1],1,4294967295,https://raw.githubusercontent.com/rdkit/rdkit/0ece02e9254ef2d5eeade2bd40eb13546522dbd3/Code/GraphMol/FilterCatalog/pains_c.in#L342
PAINS_C,anil_alk_D(1),anil_alk_D(1),[#7](-[#1])(-c:1:c(:c(:c(:c(:c:1-[#1])-[#1])-[#6](-[#1])(-[#6](-[#1])-[#1])-[#6](-[#1])-[#1])-[#1])-[#1])-[#6](-[#1])(-[#1])-[#6](-[#1])(-[#1])-[#7](-[#6](-[#1])-[#1])-[#6](-[#1])-[#1],1,4294967295,https://raw.githubusercontent.com/rdkit/rdkit/0ece02e9254ef2d5eeade2bd40eb13546522dbd3/Code/GraphMol/FilterCatalog/pains_c.in#L343
PAINS_C,het_65_I(1),het_65_I(1),n:1:2:c:c:c(:c:c:1:c:c(:c:2-[#6](=[#8])-[#6]:[#6])-[#6]:[#6])-[#6](~[#8])~[#8],1,4294967295,https://raw.githubusercontent.com/rdkit/rdkit/0ece02e9254ef2d5eeade2bd40eb13546522dbd3/Code/GraphMol/FilterCatalog/pains_c.in#L344
PAINS_C,misc_urea_A(1),misc_urea_A(1),c:1(:c(:c(:c(:c(:c:1-[#1])-[#1])-[#1])-[#6](=[#6](-[#1])-[#1])-[#6](-[#1])-[#1])-[#1])-[#6](-[#6;X4])(-[#6;X4])-[#7](-[#1])-[#6](=[#8])-[#7](-[#6](-[#1])(-[#1])-[#6](-[#1])-[#1])-[#6](-[#1])(-[#1])-[#6](-[#1])(-[#1])-[#6](-[#1])-[#6](-[#1])(-[#1])-[#6]:[#6],1,4294967295,https://raw.githubusercontent.com/rdkit/rdkit/0ece02e9254ef2d5eeade2bd40eb13546522dbd3/Code/GraphMol/FilterCatalog/pains_c.in#L345
PAINS_C,imidazole_C(1),imidazole_C(1),[#6]-3(-[#1])(-n:1:c(:n:c(:c:1-[#1])-[#1])-[#1])-c:2:c(:c(:c(:c(:c:2-[#1])-[Br])-[#1])-[#1])-[#6](-[#1])(-[#1])-[#6](-[#1])(-[#1])-c:4:c-3:c(:c(:c(:c:4-[#1])-[#1])-[#1])-[#1],1,4294967295,https://raw.githubusercontent.com/rdkit/rdkit/0ece02e9254ef2d5eeade2bd40eb13546522dbd3/Code/GraphMol/FilterCatalog/pains_c.in#L346
PAINS_C,styrene_imidazole_A(1),styrene_imidazole_A(1),[#6](=[#6](-[#1])-[#6](-[#1])(-[#1])-n:1:c(:n:c(:c:1-[#1])-[#1])-[#1])(-[#6]:[#6])-[#6]:[#6],1,4294967295,https://raw.githubusercontent.com/rdkit/rdkit/0ece02e9254ef2d5eeade2bd40eb13546522dbd3/Code/GraphMol/FilterCatalog/pains_c.in#L347
PAINS_C,thiazole_amine_M(1),thiazole_amine_M(1),c:1(:n:c(:c(-[#1]):s:1)-c:2:c:c:n:c:c:2)-[#7](-[#1])-[#6]:[#6]-[#6](-[#1])-[#1],1,4294967295,https://raw.githubusercontent.com/rdkit/rdkit/0ece02e9254ef2d5eeade2bd40eb13546522dbd3/Code/GraphMol/FilterCatalog/pains_c.in#L348
PAINS_C,misc_pyrrole_thiaz(1),misc_pyrrole_thiaz(1),c:1(:n:c(:c(-[#1]):s:1)-c:2:c:c:c:c:c:2)-[#6](-[#1])(-[#6](-[#1])-[#1])-[#6](-[#1])(-[#1])-[#6](-[#1])(-[#1])-[#7]-[#6](-[#1])(-[#1])-c:3:c:c:c:n:3-[#1],1,4294967295,https://raw.githubusercontent.com/rdkit/rdkit/0ece02e9254ef2d5eeade2bd40eb13546522dbd3/Code/GraphMol/FilterCatalog/pains_c.in#L349
PAINS_C,pyrrole_L(1),pyrrole_L(1),n:1(-[#1]):c(:c(-[#6](-[#1])-[#1]):c(:c:1-[#6](-[#1])(-[#1])-[#6](-[#1])-[#1])-[#6](-[#1])(-[#1])-[#6](-[#1])-[#1])-[#6](=[#8])-[#8]-[#6](-[#1])-[#1],1,4294967295,https://raw.githubusercontent.com/rdkit/rdkit/0ece02e9254ef2d5eeade2bd40eb13546522dbd3/Code/GraphMol/FilterCatalog/pains_c.in#L350
PAINS_C,het_thio_65_D(1),het_thio_65_D(1),"c:2(:n:c:1:c(:c(:c:c(:c:1-[#1])-[F,Cl,Br,I])-[#1]):n:2-[#1])-[#16]-[#6](-[#1])(-[#1])-[#6](=[#8])-[#7](-[#1])-[#6]:[#6]",1,4294967295,https://raw.githubusercontent.com/rdkit/rdkit/0ece02e9254ef2d5eeade2bd40eb13546522dbd3/Code/GraphMol/FilterCatalog/pains_c.in#L351
PAINS_C,ene_misc_E(1),ene_misc_E(1),c:1(:c(:c-2:c(:c(:c:1-[#8]-[#6](-[#1])-[#1])-[#1])-[#6]=[#6]-[#6](-[#1])-[#16]-2)-[#1])-[#8]-[#6](-[#1])-[#1],1,4294967295,https://raw.githubusercontent.com/rdkit/rdkit/0ece02e9254ef2d5eeade2bd40eb13546522dbd3/Code/GraphMol/FilterCatalog/pains_c.in#L352
PAINS_C,thio_cyano_A(1),thio_cyano_A(1),[#7]-1(-[#1])-[#6](=[#16])-[#6](-[#1])(-[#6]#[#7])-[#6](-[#1])(-[#6]:[#6])-[#6](=[#6]-1-[#6]:[#6])-[#1],1,4294967295,https://raw.githubusercontent.com/rdkit/rdkit/0ece02e9254ef2d5eeade2bd40eb13546522dbd3/Code/GraphMol/FilterCatalog/pains_c.in#L353
PAINS_C,cyano_amino_het_B(1),cyano_amino_het_B(1),n:1:c(:c(:c(:c(:c:1-[#16;X2]-c:2:c:c:c:c:c:2-[#7](-[#1])-[#1])-[#6]#[#7])-c:3:c:c:c:c:c:3)-[#6]#[#7])-[#7](-[#1])-[#1],1,4294967295,https://raw.githubusercontent.com/rdkit/rdkit/0ece02e9254ef2d5eeade2bd40eb13546522dbd3/Code/GraphMol/FilterCatalog/pains_c.in#L354
PAINS_C,cyano_pyridone_G(1),cyano_pyridone_G(1),"[#7]-,:2(-c:1:c:c:c(:c:c:1)-[#8]-[#6](-[#1])-[#1])-,:[#6](=[#8])-,:[#6](=,:[#6]-,:[#6](=,:[#7]-,:2)-n:3:c:n:c:c:3)-[#6]#[#7]",1,4294967295,https://raw.githubusercontent.com/rdkit/rdkit/0ece02e9254ef2d5eeade2bd40eb13546522dbd3/Code/GraphMol/FilterCatalog/pains_c.in#L355
PAINS_C,het_65_J(1),het_65_J(1),o:1:c(:c:c:2:c:1:c(:c(:c(:c:2-[#1])-[#8]-[#6](-[#1])-[#1])-[#8]-[#6](-[#1])-[#1])-[#1])-[#6](~[#8])~[#8],1,4294967295,https://raw.githubusercontent.com/rdkit/rdkit/0ece02e9254ef2d5eeade2bd40eb13546522dbd3/Code/GraphMol/FilterCatalog/pains_c.in#L356
PAINS_C,ene_one_yne_A(1),ene_one_yne_A(1),[#6]#[#6]-[#6](=[#8])-[#6]#[#6],1,4294967295,https://raw.githubusercontent.com/rdkit/rdkit/0ece02e9254ef2d5eeade2bd40eb13546522dbd3/Code/GraphMol/FilterCatalog/pains_c.in#L357
PAINS_C,anil_OH_no_alk_B(1),anil_OH_no_alk_B(1),c:2(:c:1:c(:c(:c(:c(:c:1:c(:c(:c:2-[#8]-[#1])-[#6]=[#8])-[#1])-[#1])-[#1])-[#1])-[#1])-[#7](-[#1])-[#1],1,4294967295,https://raw.githubusercontent.com/rdkit/rdkit/0ece02e9254ef2d5eeade2bd40eb13546522dbd3/Code/GraphMol/FilterCatalog/pains_c.in#L358
PAINS_C,hzone_acyl_misc_A(1),hzone_acyl_misc_A(1),"c:1(:c(:c(:[c;!H0,$(c-[#6;!H0;!H1])](:o:1))-[#1])-[#1])-[#6](=[#8])-[#7](-[#1])-[#7]=[#6;!H0,$([#6]-[#6;!H0!H1])]-c:2:c:c:c:c(:c:2)-[*]-[*]-[*]-c:3:c:c:c:o:3",1,4294967295,https://raw.githubusercontent.com/rdkit/rdkit/0ece02e9254ef2d5eeade2bd40eb13546522dbd3/Code/GraphMol/FilterCatalog/pains_c.in#L359
PAINS_C,thiophene_F(1),thiophene_F(1),[#16](=[#8])(=[#8])-[#7](-[#1])-c:1:c(:c(:c(:s:1)-[#6]-[#1])-[#6]-[#1])-[#6](=[#8])-[#7]-[#1],1,4294967295,https://raw.githubusercontent.com/rdkit/rdkit/0ece02e9254ef2d5eeade2bd40eb13546522dbd3/Code/GraphMol/FilterCatalog/pains_c.in#L360
PAINS_C,anil_OC_alk_E(1),anil_OC_alk_E(1),[#6](-[#1])(-[#1])-[#8]-c:1:c(:c(:c(:c(:c:1-[#1])-[#1])-[#1])-[#1])-[#7](-[#1])-[#6](-[#1])(-[#1])-[#6](-[#1])(-[#8]-[#1])-[#6](-[#1])-[#1],1,4294967295,https://raw.githubusercontent.com/rdkit/rdkit/0ece02e9254ef2d5eeade2bd40eb13546522dbd3/Code/GraphMol/FilterCatalog/pains_c.in#L361
PAINS_C,anil_OC_alk_F(1),anil_OC_alk_F(1),[#6](-[#1])(-[#1])-[#8]-c:1:c(:c(:c(:c(:c:1-[#1])-[#1])-[#1])-[#1])-[#7](-[#1])-[#6](-[#1])(-[#6]=[#8])-[#16],1,4294967295,https://raw.githubusercontent.com/rdkit/rdkit/0ece02e9254ef2d5eeade2bd40eb13546522dbd3/Code/GraphMol/FilterCatalog/pains_c.in#L362
PAINS_C,het_65_K(1),het_65_K(1),n1nnnc2cccc12,1,4294967295,https://raw.githubusercontent.com/rdkit/rdkit/0ece02e9254ef2d5eeade2bd40eb13546522dbd3/Code/GraphMol/FilterCatalog/pains_c.in#L363
PAINS_C,het_65_L(1),het_65_L(1),"c:1-,:2:c(-[#1]):s:c(:c:1-,:[#6](=[#8])-,:[#7]-,:[#7]=,:[#6]-,:2-[#7](-[#1])-[#1])-[#6]=[#8]",1,4294967295,https://raw.githubusercontent.com/rdkit/rdkit/0ece02e9254ef2d5eeade2bd40eb13546522dbd3/Code/GraphMol/FilterCatalog/pains_c.in#L364
PAINS_C,coumarin_E(1),coumarin_E(1),"c:1-,:3:c(:c:2:c(:c:c:1-[Br]):o:c:c:2)-,:[#6](=,:[#6]-,:[#6](=[#8])-,:[#8]-,:3)-[#1]",1,4294967295,https://raw.githubusercontent.com/rdkit/rdkit/0ece02e9254ef2d5eeade2bd40eb13546522dbd3/Code/GraphMol/FilterCatalog/pains_c.in#L365
PAINS_C,coumarin_F(1),coumarin_F(1),"c:1-,:3:c(:c:c:c:c:1)-,:[#6](=,:[#6](-[#6](=[#8])-[#7](-[#1])-c:2:n:o:c:c:2-[Br])-,:[#6](=[#8])-,:[#8]-,:3)-[#1]",1,4294967295,https://raw.githubusercontent.com/rdkit/rdkit/0ece02e9254ef2d5eeade2bd40eb13546522dbd3/Code/GraphMol/FilterCatalog/pains_c.in#L366
PAINS_C,coumarin_G(1),coumarin_G(1),"c:1-,:2:c(:c:c(:c:c:1-[F,Cl,Br,I])-[F,Cl,Br,I])-,:[#6](=,:[#6](-[#6](=[#8])-[#7](-[#1])-[#1])-,:[#6](=[#7]-[#1])-,:[#8]-,:2)-[#1]",1,4294967295,https://raw.githubusercontent.com/rdkit/rdkit/0ece02e9254ef2d5eeade2bd40eb13546522dbd3/Code/GraphMol/FilterCatalog/pains_c.in#L367
PAINS_C,coumarin_H(1),coumarin_H(1),"c:1-,:3:c(:c:c:c:c:1)-,:[#6](=,:[#6](-[#6](=[#8])-[#7](-[#1])-c:2:n:c(:c:s:2)-[#6]:[#16]:[#6]-[#1])-,:[#6](=[#8])-,:[#8]-,:3)-[#1]",1,4294967295,https://raw.githubusercontent.com/rdkit/rdkit/0ece02e9254ef2d5eeade2bd40eb13546522dbd3/Code/GraphMol/FilterCatalog/pains_c.in#L368
PAINS_C,het_thio_67_A(1),het_thio_67_A(1),[#6](-[#1])(-[#1])-[#16;X2]-c:2:n:n:c:1-[#6]:[#6]-[#7]=[#6]-[#8]-c:1:n:2,1,4294967295,https://raw.githubusercontent.com/rdkit/rdkit/0ece02e9254ef2d5eeade2bd40eb13546522dbd3/Code/GraphMol/FilterCatalog/pains_c.in#L369
PAINS_C,sulfonamide_I(1),sulfonamide_I(1),[#16](=[#8])(=[#8])(-c:1:c:n(-[#6](-[#1])-[#1]):c:n:1)-[#7](-[#1])-c:2:c:n(:n:c:2)-[#6](-[#1])(-[#1])-[#6]:[#6]-[#8]-[#6](-[#1])-[#1],1,4294967295,https://raw.githubusercontent.com/rdkit/rdkit/0ece02e9254ef2d5eeade2bd40eb13546522dbd3/Code/GraphMol/FilterCatalog/pains_c.in#L370
PAINS_C,het_65_mannich(1),het_65_mannich(1),c:1-2:c(:c(:c(:c(:c:1-[#8]-[#6](-[#1])(-[#1])-[#8]-2)-[#6](-[#1])(-[#1])-[#7]-3-[#6](-[#1])(-[#1])-[#6](-[#1])(-[#1])-[#6]:[#6]-3)-[#1])-[#1])-[#1],1,4294967295,https://raw.githubusercontent.com/rdkit/rdkit/0ece02e9254ef2d5eeade2bd40eb13546522dbd3/Code/GraphMol/FilterCatalog/pains_c.in#L371
PAINS_C,anil_alk_A(1),anil_alk_A(1),[#6](-[#1])(-[#1])-[#8]-[#6]:[#6]-[#6](-[#1])(-[#1])-[#7](-[#1])-c:2:c(:c(:c:1:n(:c(:n:c:1:c:2-[#1])-[#1])-[#6]-[#1])-[#1])-[#1],1,4294967295,https://raw.githubusercontent.com/rdkit/rdkit/0ece02e9254ef2d5eeade2bd40eb13546522dbd3/Code/GraphMol/FilterCatalog/pains_c.in#L372
PAINS_C,het_5_inium(1),het_5_inium(1),"[#7]-,:4(-c:1:c:c:c:c:c:1)-,:[#6](=,:[#7+](-c:2:c:c:c:c:c:2)-,:[#6](=[#7]-c:3:c:c:c:c:c:3)-,:[#7]-,:4)-[#1]",1,4294967295,https://raw.githubusercontent.com/rdkit/rdkit/0ece02e9254ef2d5eeade2bd40eb13546522dbd3/Code/GraphMol/FilterCatalog/pains_c.in#L373
PAINS_C,anil_di_alk_P(1),anil_di_alk_P(1),[#6](-[#1])(-[#1])-[#7](-[#6](-[#1])-[#1])-c:2:c:c:c:1:s:c(:n:c:1:c:2)-[#16]-[#6](-[#1])-[#1],1,4294967295,https://raw.githubusercontent.com/rdkit/rdkit/0ece02e9254ef2d5eeade2bd40eb13546522dbd3/Code/GraphMol/FilterCatalog/pains_c.in#L374
PAINS_C,thio_urea_Q(1),thio_urea_Q(1),c:1:2:c(:c(:c(:c(:c:1:c(:c(-[#1]):c(:c:2-[#1])-[#1])-[#6](-[#6](-[#1])-[#1])=[#7]-[#7](-[#1])-[#6](=[#16])-[#7](-[#1])-[#6]:[#6]:[#6])-[#1])-[#1])-[#1])-[#1],1,4294967295,https://raw.githubusercontent.com/rdkit/rdkit/0ece02e9254ef2d5eeade2bd40eb13546522dbd3/Code/GraphMol/FilterCatalog/pains_c.in#L375
PAINS_C,thio_pyridine_A(1),thio_pyridine_A(1),[#6]:1(:[#7]:[#6](:[#7]:[!#1]:[#7]:1)-c:2:c(:c(:c(:o:2)-[#1])-[#1])-[#1])-[#16]-[#6;X4],1,4294967295,https://raw.githubusercontent.com/rdkit/rdkit/0ece02e9254ef2d5eeade2bd40eb13546522dbd3/Code/GraphMol/FilterCatalog/pains_c.in#L376
PAINS_C,melamine_B(1),melamine_B(1),n:1:c(:n:c(:n:c:1-[#7](-[#6](-[#1])-[#1])-[#6](-[#1])-[#1])-[#7](-[#6](-[#1])-[#1])-[#6](-[#1])-[#1])-[#7](-[#6]-[#1])-[#6]=[#8],1,4294967295,https://raw.githubusercontent.com/rdkit/rdkit/0ece02e9254ef2d5eeade2bd40eb13546522dbd3/Code/GraphMol/FilterCatalog/pains_c.in#L377
PAINS_C,misc_phthal_thio_N(1),misc_phthal_thio_N(1),c:1(:n:s:c(:n:1)-[#7](-[#6](-[#1])-[#1])-[#6](-[#1])(-[#1])-[#6](-[#1])(-[#1])-[#7]-[#6](=[#8])-c:2:c:c:c:c:c:2-[#6](=[#8])-[#8]-[#1])-c:3:c:c:c:c:c:3,1,4294967295,https://raw.githubusercontent.com/rdkit/rdkit/0ece02e9254ef2d5eeade2bd40eb13546522dbd3/Code/GraphMol/FilterCatalog/pains_c.in#L378
PAINS_C,hzone_acyl_misc_B(1),hzone_acyl_misc_B(1),n:1:c(:c(:c(:c(:c:1-[#1])-[#1])-[#1])-[#1])-[#6](=[#8])-[#7](-[#1])-[#7]=[#6](-[#1])-c:2:c:c:c:c:c:2-[#8]-[#6](-[#1])(-[#1])-[#6](=[#8])-[#8]-[#1],1,4294967295,https://raw.githubusercontent.com/rdkit/rdkit/0ece02e9254ef2d5eeade2bd40eb13546522dbd3/Code/GraphMol/FilterCatalog/pains_c.in#L379
PAINS_C,tert_butyl_B(1),tert_butyl_B(1),[#6](-[#1])(-[#1])(-[#1])-[#6](-[#6](-[#1])(-[#1])-[#1])(-[#6](-[#1])(-[#1])-[#1])-c:1:c(:c(:c(:c(:c:1-[#8]-[#1])-[#6](-[#6](-[#1])(-[#1])-[#1])(-[#6](-[#1])(-[#1])-[#1])-[#6](-[#1])(-[#1])-[#1])-[#1])-[#6](-[#1])(-[#1])-c:2:c:c:c(:c(:c:2-[#1])-[#1])-[#8]-[#1])-[#1],1,4294967295,https://raw.githubusercontent.com/rdkit/rdkit/0ece02e9254ef2d5eeade2bd40eb13546522dbd3/Code/GraphMol/FilterCatalog/pains_c.in#L380
PAINS_C,diazox_E(1),diazox_E(1),[#7](-[#1])(-[#1])-c:1:c(-[#7](-[#1])-[#1]):c(:c(-[#1]):c:2:n:o:n:c:1:2)-[#1],1,4294967295,https://raw.githubusercontent.com/rdkit/rdkit/0ece02e9254ef2d5eeade2bd40eb13546522dbd3/Code/GraphMol/FilterCatalog/pains_c.in#L381
PAINS_C,anil_NH_no_alk_B(1),anil_NH_no_alk_B(1),"[#7](-[#1])(-[#1])-c:1:c(:c(:c(:c(:c:1-[#7](-[#1])-[#16](=[#8])=[#8])-[#1])-[#7](-[#1])-[#6](-[#1])-[#1])-[F,Cl,Br,I])-[#1]",1,4294967295,https://raw.githubusercontent.com/rdkit/rdkit/0ece02e9254ef2d5eeade2bd40eb13546522dbd3/Code/GraphMol/FilterCatalog/pains_c.in#L382
PAINS_C,anil_no_alk_A(1),anil_no_alk_A(1),[#7](-[#1])(-[#1])-c:1:c(:c(:c(:c(:c:1-[#7]=[#6]-2-[#6](=[#6]~[#6]~[#6]=[#6]-2)-[#1])-[#1])-[#1])-[#1])-[#1],1,4294967295,https://raw.githubusercontent.com/rdkit/rdkit/0ece02e9254ef2d5eeade2bd40eb13546522dbd3/Code/GraphMol/FilterCatalog/pains_c.in#L383
PAINS_C,anil_no_alk_B(1),anil_no_alk_B(1),[#7](-[#1])(-[#1])-c:1:c(:c(:c(:c(:c:1-n:2:c:c:c:c:2)-[#1])-[#6](-[#1])-[#1])-[#6](-[#1])-[#1])-[#1],1,4294967295,https://raw.githubusercontent.com/rdkit/rdkit/0ece02e9254ef2d5eeade2bd40eb13546522dbd3/Code/GraphMol/FilterCatalog/pains_c.in#L384
PAINS_C,thio_ene_amine_A(1),thio_ene_amine_A(1),[#16]=[#6]-[#6](-[#6](-[#1])-[#1])=[#6](-[#6](-[#1])-[#1])-[#7](-[#6](-[#1])-[#1])-[#6](-[#1])-[#1],1,4294967295,https://raw.githubusercontent.com/rdkit/rdkit/0ece02e9254ef2d5eeade2bd40eb13546522dbd3/Code/GraphMol/FilterCatalog/pains_c.in#L385
PAINS_C,het_55_B(1),het_55_B(1),[#6]-1:[#6]-[#8]-[#6]-2-[#6](-[#1])(-[#1])-[#6](=[#8])-[#8]-[#6]-1-2,1,4294967295,https://raw.githubusercontent.com/rdkit/rdkit/0ece02e9254ef2d5eeade2bd40eb13546522dbd3/Code/GraphMol/FilterCatalog/pains_c.in#L386
PAINS_C,cyanamide_A(1),cyanamide_A(1),[#8]-[#6](=[#8])-[#6](-[#1])(-[#1])-[#16;X2]-[#6](=[#7]-[#6]#[#7])-[#7](-[#1])-c:1:c:c:c:c:c:1,1,4294967295,https://raw.githubusercontent.com/rdkit/rdkit/0ece02e9254ef2d5eeade2bd40eb13546522dbd3/Code/GraphMol/FilterCatalog/pains_c.in#L387
PAINS_C,ene_one_one_A(1),ene_one_one_A(1),[#8]=[#6]-[#6]-1=[#6](-[#16]-[#6](=[#6](-[#1])-[#6])-[#16]-1)-[#6]=[#8],1,4294967295,https://raw.githubusercontent.com/rdkit/rdkit/0ece02e9254ef2d5eeade2bd40eb13546522dbd3/Code/GraphMol/FilterCatalog/pains_c.in#L388
PAINS_C,ene_six_het_D(1),ene_six_het_D(1),[#8]=[#6]-1-[#7]-[#7]-[#6](=[#7]-[#6]-1=[#6]-[#1])-[!#1]:[!#1],1,4294967295,https://raw.githubusercontent.com/rdkit/rdkit/0ece02e9254ef2d5eeade2bd40eb13546522dbd3/Code/GraphMol/FilterCatalog/pains_c.in#L389
PAINS_C,ene_cyano_E(1),ene_cyano_E(1),[#8]=[#6]-[#6](-[#1])=[#6](-[#6]#[#7])-[#6],1,4294967295,https://raw.githubusercontent.com/rdkit/rdkit/0ece02e9254ef2d5eeade2bd40eb13546522dbd3/Code/GraphMol/FilterCatalog/pains_c.in#L390
PAINS_C,ene_cyano_F(1),ene_cyano_F(1),[#8](-[#1])-[#6](=[#8])-c:1:c(:c(:c(:c(:c:1-[#8]-[#1])-[#1])-c:2:c(-[#1]):c(:c(:o:2)-[#6](-[#1])=[#6](-[#6]#[#7])-c:3:n:c:c:n:3)-[#1])-[#1])-[#1],1,4294967295,https://raw.githubusercontent.com/rdkit/rdkit/0ece02e9254ef2d5eeade2bd40eb13546522dbd3/Code/GraphMol/FilterCatalog/pains_c.in#L391
PAINS_C,hzone_furan_C(1),hzone_furan_C(1),c:1:c(:c:c:c:c:1)-[#7](-c:2:c:c:c:c:c:2)-[#7]=[#6](-[#1])-[#6]:3:[#6](:[#6](:[#6](:[!#1]:3)-c:4:c:c:c:c(:c:4)-[#6](=[#8])-[#8]-[#1])-[#1])-[#1],1,4294967295,https://raw.githubusercontent.com/rdkit/rdkit/0ece02e9254ef2d5eeade2bd40eb13546522dbd3/Code/GraphMol/FilterCatalog/pains_c.in#L392
PAINS_C,anil_no_alk_C(1),anil_no_alk_C(1),[#7](-[#1])(-[#1])-c:1:c(:c(:c(:c(:c:1-[#1])-[#1])-c:2:c(-[#1]):c(:c(-[#6](-[#1])-[#1]):o:2)-[#6]=[#8])-[#1])-[#1],1,4294967295,https://raw.githubusercontent.com/rdkit/rdkit/0ece02e9254ef2d5eeade2bd40eb13546522dbd3/Code/GraphMol/FilterCatalog/pains_c.in#L393
PAINS_C,hzone_acid_D(1),hzone_acid_D(1),[#8](-[#1])-[#6](=[#8])-c:1:c:c:c(:c:c:1)-[#7]-[#7]=[#6](-[#1])-[#6]:2:[#6](:[#6](:[#6](:[!#1]:2)-c:3:c:c:c:c:c:3)-[#1])-[#1],1,4294967295,https://raw.githubusercontent.com/rdkit/rdkit/0ece02e9254ef2d5eeade2bd40eb13546522dbd3/Code/GraphMol/FilterCatalog/pains_c.in#L394
PAINS_C,hzone_furan_E(1),hzone_furan_E(1),[#8](-[#1])-[#6](=[#8])-c:1:c:c:c:c(:c:1)-[#6]:[!#1]:[#6]-[#6]=[#7]-[#7](-[#1])-[#6](=[#8])-[#6](-[#1])(-[#1])-[#8],1,4294967295,https://raw.githubusercontent.com/rdkit/rdkit/0ece02e9254ef2d5eeade2bd40eb13546522dbd3/Code/GraphMol/FilterCatalog/pains_c.in#L395
PAINS_C,het_6_pyridone_NH2(1),het_6_pyridone_NH2(1),[#8](-[#1])-[#6]:1:[#6](:[#6]:[!#1]:[#6](:[#7]:1)-[#7](-[#1])-[#1])-[#6](-[#1])(-[#1])-[#6](=[#8])-[#8],1,4294967295,https://raw.githubusercontent.com/rdkit/rdkit/0ece02e9254ef2d5eeade2bd40eb13546522dbd3/Code/GraphMol/FilterCatalog/pains_c.in#L396
PAINS_C,imine_one_fives_D(1),imine_one_fives_D(1),[#6]-1(=[!#6&!#1])-[#6](-[#7]=[#6]-[#16]-1)=[#8],1,4294967295,https://raw.githubusercontent.com/rdkit/rdkit/0ece02e9254ef2d5eeade2bd40eb13546522dbd3/Code/GraphMol/FilterCatalog/pains_c.in#L397
PAINS_C,pyrrole_M(1),pyrrole_M(1),n2(-c:1:c:c:c:c:c:1)c(c(-[#1])c(c2-[#6]=[#7]-[#8]-[#1])-[#1])-[#1],1,4294967295,https://raw.githubusercontent.com/rdkit/rdkit/0ece02e9254ef2d5eeade2bd40eb13546522dbd3/Code/GraphMol/FilterCatalog/pains_c.in#L398
PAINS_C,pyrrole_N(1),pyrrole_N(1),n2(-[#6](-[#1])-c:1:c(:c(:c:c(:c:1-[#1])-[#1])-[#1])-[#1])c(c(-[#1])c(c2-[#6]-[#1])-[#1])-[#6]-[#1],1,4294967295,https://raw.githubusercontent.com/rdkit/rdkit/0ece02e9254ef2d5eeade2bd40eb13546522dbd3/Code/GraphMol/FilterCatalog/pains_c.in#L399
PAINS_C,pyrrole_O(1),pyrrole_O(1),n1(-[#6](-[#1])-[#1])c(c(-[#6](=[#8])-[#6])c(c1-[#6]:[#6])-[#6])-[#6](-[#1])-[#1],1,4294967295,https://raw.githubusercontent.com/rdkit/rdkit/0ece02e9254ef2d5eeade2bd40eb13546522dbd3/Code/GraphMol/FilterCatalog/pains_c.in#L400
PAINS_C,ene_cyano_G(1),ene_cyano_G(1),n1(-[#6])c(c(-[#1])c(c1-[#6](-[#1])=[#6](-[#6]#[#7])-c:2:n:c:c:s:2)-[#1])-[#1],1,4294967295,https://raw.githubusercontent.com/rdkit/rdkit/0ece02e9254ef2d5eeade2bd40eb13546522dbd3/Code/GraphMol/FilterCatalog/pains_c.in#L401
PAINS_C,sulfonamide_J(1),sulfonamide_J(1),n3(-c:1:c:c:c:c:c:1-[#7](-[#1])-[#16](=[#8])(=[#8])-c:2:c:c:c:s:2)c(c(-[#1])c(c3-[#1])-[#1])-[#1],1,4294967295,https://raw.githubusercontent.com/rdkit/rdkit/0ece02e9254ef2d5eeade2bd40eb13546522dbd3/Code/GraphMol/FilterCatalog/pains_c.in#L402
PAINS_C,misc_pyrrole_benz(1),misc_pyrrole_benz(1),n2(-c:1:c(:c(:c(:c(:c:1-[#1])-[#1])-[#1])-[#1])-[#6](=[#8])-[#7](-[#1])-[#6](-[#1])(-[#6](-[#1])-[#1])-[#6](-[#1])(-[#1])-[#8]-[#6]:[#6])c(c(-[#1])c(c2-[#1])-[#1])-[#1],1,4294967295,https://raw.githubusercontent.com/rdkit/rdkit/0ece02e9254ef2d5eeade2bd40eb13546522dbd3/Code/GraphMol/FilterCatalog/pains_c.in#L403
PAINS_C,thio_urea_R(1),thio_urea_R(1),c:1(:c:c:c:c:c:1)-[#7](-[#1])-[#6](=[#16])-[#7]-[#7](-[#1])-[#6](-[#1])=[#6](-[#1])-[#6]=[#8],1,4294967295,https://raw.githubusercontent.com/rdkit/rdkit/0ece02e9254ef2d5eeade2bd40eb13546522dbd3/Code/GraphMol/FilterCatalog/pains_c.in#L404
PAINS_C,ene_one_one_B(1),ene_one_one_B(1),[#6]-1(-[#6](=[#8])-[#6](-[#1])(-[#1])-[#6]-[#6](-[#1])(-[#1])-[#6]-1=[#8])=[#6](-[#7]-[#1])-[#6]=[#8],1,4294967295,https://raw.githubusercontent.com/rdkit/rdkit/0ece02e9254ef2d5eeade2bd40eb13546522dbd3/Code/GraphMol/FilterCatalog/pains_c.in#L405
PAINS_C,dhp_amino_CN_H(1),dhp_amino_CN_H(1),[#7](-[#1])(-[#1])-[#6]-1=[#6](-[#6]#[#7])-[#6](-[#1])(-[#6]:[#6])-[#16]-[#6;X4]-[#16]-1,1,4294967295,https://raw.githubusercontent.com/rdkit/rdkit/0ece02e9254ef2d5eeade2bd40eb13546522dbd3/Code/GraphMol/FilterCatalog/pains_c.in#L406
PAINS_C,het_66_anisole(1),het_66_anisole(1),[#6](-[#1])(-[#1])-[#8]-c:1:c(:c(:c(:c(:c:1-[#1])-[#1])-[#1])-[#1])-[#7](-[#1])-c:2:c:c:n:c:3:c(:c:c:c(:c:2:3)-[#8]-[#6](-[#1])-[#1])-[#8]-[#6](-[#1])-[#1],1,4294967295,https://raw.githubusercontent.com/rdkit/rdkit/0ece02e9254ef2d5eeade2bd40eb13546522dbd3/Code/GraphMol/FilterCatalog/pains_c.in#L407
PAINS_C,thiazole_amine_N(1),thiazole_amine_N(1),[#6](-[#1])(-[#1])-[#8]-c:1:c(:c(:c(:c(:c:1-[#1])-[#1])-[#8]-[#6](-[#1])-[#1])-[#1])-[#7](-[#1])-c:2:n:c(:c:s:2)-c:3:c:c:c(:c:c:3)-[#8]-[#6](-[#1])-[#1],1,4294967295,https://raw.githubusercontent.com/rdkit/rdkit/0ece02e9254ef2d5eeade2bd40eb13546522dbd3/Code/GraphMol/FilterCatalog/pains_c.in#L408
PAINS_C,het_pyridiniums_C(1),het_pyridiniums_C(1),[#6]~1~3~[#7](-[#6]:[#6])~[#6]~[#6]~[#6]~[#6]~1~[#6]~2~[#7]~[#6]~[#6]~[#6]~[#7+]~2~[#7]~3,1,4294967295,https://raw.githubusercontent.com/rdkit/rdkit/0ece02e9254ef2d5eeade2bd40eb13546522dbd3/Code/GraphMol/FilterCatalog/pains_c.in#L409
PAINS_C,het_5_E(1),het_5_E(1),[#7]-3(-c:2:c:1:c:c:c:c:c:1:c:c:c:2)-[#7]=[#6](-[#6](-[#1])-[#1])-[#6](-[#1])(-[#1])-[#6]-3=[#8],1,4294967295,https://raw.githubusercontent.com/rdkit/rdkit/0ece02e9254ef2d5eeade2bd40eb13546522dbd3/Code/GraphMol/FilterCatalog/pains_c.in#L410
BRENK,>_2_ester_groups,>_2_ester_groups,"C(=O)O[C,H1].C(=O)O[C,H1].C(=O)O[C,H1]",1,4294967295,https://raw.githubusercontent.com/rdkit/rdkit/0ece02e9254ef2d5eeade2bd40eb13546522dbd3/Code/GraphMol/FilterCatalog/Filters.cpp#L47
BRENK,2-halo_pyridine,2-halo_pyridine,"n1c([F,Cl,Br,I])cccc1",1,4294967295,https://raw.githubusercontent.com/rdkit/rdkit/0ece02e9254ef2d5eeade2bd40eb13546522dbd3/Code/GraphMol/FilterCatalog/Filters.cpp#L48
BRENK,acid_halide,acid_halide,"C(=O)[Cl,Br,I,F]",1,4294967295,https://raw.githubusercontent.com/rdkit/rdkit/0ece02e9254ef2d5eeade2bd40eb13546522dbd3/Code/GraphMol/FilterCatalog/Filters.cpp#L49
BRENK,acyclic_C=C-O,acyclic_C=C-O,C=[C!r]O,1,4294967295,https://raw.githubusercontent.com/rdkit/rdkit/0ece02e9254ef2d5eeade2bd40eb13546522dbd3/Code/GraphMol/FilterCatalog/Filters.cpp#L50
BRENK,acyl_cyanide,acyl_cyanide,N#CC(=O),1,4294967295,https://raw.githubusercontent.com/rdkit/rdkit/0ece02e9254ef2d5eeade2bd40eb13546522dbd3/Code/GraphMol/FilterCatalog/Filters.cpp#L51
BRENK,acyl_hydrazine,acyl_hydrazine,C(=O)N[NH2],1,4294967295,https://raw.githubusercontent.com/rdkit/rdkit/0ece02e9254ef2d5eeade2bd40eb13546522dbd3/Code/GraphMol/FilterCatalog/Filters.cpp#L52
BRENK,aldehyde,aldehyde,[CH1](=O),1,4294967295,https://raw.githubusercontent.com/rdkit/rdkit/0ece02e9254ef2d5eeade2bd40eb13546522dbd3/Code/GraphMol/FilterCatalog/Filters.cpp#L53
BRENK,Aliphatic_long_chain,Aliphatic_long_chain,[R0;D2][R0;D2][R0;D2][R0;D2],1,4294967295,https://raw.githubusercontent.com/rdkit/rdkit/0ece02e9254ef2d5eeade2bd40eb13546522dbd3/Code/GraphMol/FilterCatalog/Filters.cpp#L54
BRENK,alkyl_halide,alkyl_halide,"[CX4][Cl,Br,I]",1,4294967295,https://raw.githubusercontent.com/rdkit/rdkit/0ece02e9254ef2d5eeade2bd40eb13546522dbd3/Code/GraphMol/FilterCatalog/Filters.cpp#L55
BRENK,amidotetrazole,amidotetrazole,c1nnnn1C=O,1,4294967295,https://raw.githubusercontent.com/rdkit/rdkit/0ece02e9254ef2d5eeade2bd40eb13546522dbd3/Code/GraphMol/FilterCatalog/Filters.cpp#L56
BRENK,aniline,aniline,c1cc([NH2])ccc1,1,4294967295,https://raw.githubusercontent.com/rdkit/rdkit/0ece02e9254ef2d5eeade2bd40eb13546522dbd3/Code/GraphMol/FilterCatalog/Filters.cpp#L57
BRENK,azepane,azepane,[CH2R2]1N[CH2R2][CH2R2][CH2R2][CH2R2][CH2R2]1,1,4294967295,https://raw.githubusercontent.com/rdkit/rdkit/0ece02e9254ef2d5eeade2bd40eb13546522dbd3/Code/GraphMol/FilterCatalog/Filters.cpp#L58
BRENK,Azido_group,Azido_group,N=[N+]=[N-],1,4294967295,https://raw.githubusercontent.com/rdkit/rdkit/0ece02e9254ef2d5eeade2bd40eb13546522dbd3/Code/GraphMol/FilterCatalog/Filters.cpp#L59
BRENK,Azo_group,Azo_group,N#N,1,4294967295,https://raw.githubusercontent.com/rdkit/rdkit/0ece02e9254ef2d5eeade2bd40eb13546522dbd3/Code/GraphMol/FilterCatalog/Filters.cpp#L60
BRENK,azocane,azocane,[CH2R2]1N[CH2R2][CH2R2][CH2R2][CH2R2][CH2R2][CH2R2]1,1,4294967295,https://raw.githubusercontent.com/rdkit/rdkit/0ece02e9254ef2d5eeade2bd40eb13546522dbd3/Code/GraphMol/FilterCatalog/Filters.cpp#L61
BRENK,benzidine,benzidine,"[cR2]1[cR2][cR2]([Nv3X3,Nv4X4])[cR2][cR2][cR2]1[cR2]2[cR2][cR2][cR2]([Nv3X3,Nv4X4])[cR2][cR2]2",1,4294967295,https://raw.githubusercontent.com/rdkit/rdkit/0ece02e9254ef2d5eeade2bd40eb13546522dbd3/Code/GraphMol/FilterCatalog/Filters.cpp#L62
BRENK,beta-keto/anhydride,beta-keto/anhydride,"[C,c](=O)[CX4,CR0X3,O][C,c](=O)",1,4294967295,https://raw.githubusercontent.com/rdkit/rdkit/0ece02e9254ef2d5eeade2bd40eb13546522dbd3/Code/GraphMol/FilterCatalog/Filters.cpp#L66
BRENK,biotin_analogue,biotin_analogue,C12C(NC(N1)=O)CSC2,1,4294967295,https://raw.githubusercontent.com/rdkit/rdkit/0ece02e9254ef2d5eeade2bd40eb13546522dbd3/Code/GraphMol/FilterCatalog/Filters.cpp#L67
BRENK,Carbo_cation/anion,Carbo_cation/anion,"[C+,c+,C-,c-]",1,4294967295,https://raw.githubusercontent.com/rdkit/rdkit/0ece02e9254ef2d5eeade2bd40eb13546522dbd3/Code/GraphMol/FilterCatalog/Filters.cpp#L68
BRENK,catechol,catechol,"c1c([OH])c([OH,NH2,NH])ccc1",1,4294967295,https://raw.githubusercontent.com/rdkit/rdkit/0ece02e9254ef2d5eeade2bd40eb13546522dbd3/Code/GraphMol/FilterCatalog/Filters.cpp#L69
BRENK,charged_oxygen_or_sulfur_atoms,charged_oxygen_or_sulfur_atoms,"[O+,o+,S+,s+]",1,4294967295,https://raw.githubusercontent.com/rdkit/rdkit/0ece02e9254ef2d5eeade2bd40eb13546522dbd3/Code/GraphMol/FilterCatalog/Filters.cpp#L70
BRENK,chinone_1,chinone_1,"C1(=[O,N])C=CC(=[O,N])C=C1",1,4294967295,https://raw.githubusercontent.com/rdkit/rdkit/0ece02e9254ef2d5eeade2bd40eb13546522dbd3/Code/GraphMol/FilterCatalog/Filters.cpp#L71
BRENK,chinone_2,chinone_2,"C1(=[O,N])C(=[O,N])C=CC=C1",1,4294967295,https://raw.githubusercontent.com/rdkit/rdkit/0ece02e9254ef2d5eeade2bd40eb13546522dbd3/Code/GraphMol/FilterCatalog/Filters.cpp#L72
BRENK,conjugated_nitrile_group,conjugated_nitrile_group,C=[C!r]C#N,1,4294967295,https://raw.githubusercontent.com/rdkit/rdkit/0ece02e9254ef2d5eeade2bd40eb13546522dbd3/Code/GraphMol/FilterCatalog/Filters.cpp#L73
BRENK,crown_ether,crown_ether,"[OR2,NR2]@[CR2]@[CR2]@[OR2,NR2]@[CR2]@[CR2]@[OR2,NR2]",1,4294967295,https://raw.githubusercontent.com/rdkit/rdkit/0ece02e9254ef2d5eeade2bd40eb13546522dbd3/Code/GraphMol/FilterCatalog/Filters.cpp#L74
BRENK,cumarine,cumarine,c1ccc2c(c1)ccc(=O)o2,1,4294967295,https://raw.githubusercontent.com/rdkit/rdkit/0ece02e9254ef2d5eeade2bd40eb13546522dbd3/Code/GraphMol/FilterCatalog/Filters.cpp#L76
BRENK,cyanamide,cyanamide,N[CH2]C#N,1,4294967295,https://raw.githubusercontent.com/rdkit/rdkit/0ece02e9254ef2d5eeade2bd40eb13546522dbd3/Code/GraphMol/FilterCatalog/Filters.cpp#L77
BRENK,cyanate_/aminonitrile_/thiocyanate,cyanate_/aminonitrile_/thiocyanate,"[N,O,S]C#N",1,4294967295,https://raw.githubusercontent.com/rdkit/rdkit/0ece02e9254ef2d5eeade2bd40eb13546522dbd3/Code/GraphMol/FilterCatalog/Filters.cpp#L78
BRENK,cyanohydrins,cyanohydrins,N#CC[OH],1,4294967295,https://raw.githubusercontent.com/rdkit/rdkit/0ece02e9254ef2d5eeade2bd40eb13546522dbd3/Code/GraphMol/FilterCatalog/Filters.cpp#L79
BRENK,cycloheptane_1,cycloheptane_1,[CR2]1[CR2][CR2][CR2][CR2][CR2][CR2]1,1,4294967295,https://raw.githubusercontent.com/rdkit/rdkit/0ece02e9254ef2d5eeade2bd40eb13546522dbd3/Code/GraphMol/FilterCatalog/Filters.cpp#L80
BRENK,cycloheptane_2,cycloheptane_2,[CR2]1[CR2][CR2]cc[CR2][CR2]1,1,4294967295,https://raw.githubusercontent.com/rdkit/rdkit/0ece02e9254ef2d5eeade2bd40eb13546522dbd3/Code/GraphMol/FilterCatalog/Filters.cpp#L81
BRENK,cyclooctane_1,cyclooctane_1,[CR2]1[CR2][CR2][CR2][CR2][CR2][CR2][CR2]1,1,4294967295,https://raw.githubusercontent.com/rdkit/rdkit/0ece02e9254ef2d5eeade2bd40eb13546522dbd3/Code/GraphMol/FilterCatalog/Filters.cpp#L82
BRENK,cyclooctane_2,cyclooctane_2,[CR2]1[CR2][CR2]cc[CR2][CR2][CR2]1,1,4294967295,https://raw.githubusercontent.com/rdkit/rdkit/0ece02e9254ef2d5eeade2bd40eb13546522dbd3/Code/GraphMol/FilterCatalog/Filters.cpp#L83
BRENK,diaminobenzene_1,diaminobenzene_1,"[cR2]1[cR2]c([N+0X3R0,nX3R0])c([N+0X3R0,nX3R0])[cR2][cR2]1",1,4294967295,https://raw.githubusercontent.com/rdkit/rdkit/0ece02e9254ef2d5eeade2bd40eb13546522dbd3/Code/GraphMol/FilterCatalog/Filters.cpp#L84
BRENK,diaminobenzene_2,diaminobenzene_2,"[cR2]1[cR2]c([N+0X3R0,nX3R0])[cR2]c([N+0X3R0,nX3R0])[cR2]1",1,4294967295,https://raw.githubusercontent.com/rdkit/rdkit/0ece02e9254ef2d5eeade2bd40eb13546522dbd3/Code/GraphMol/FilterCatalog/Filters.cpp#L86
BRENK,diaminobenzene_3,diaminobenzene_3,"[cR2]1[cR2]c([N+0X3R0,nX3R0])[cR2][cR2]c1([N+0X3R0,nX3R0])",1,4294967295,https://raw.githubusercontent.com/rdkit/rdkit/0ece02e9254ef2d5eeade2bd40eb13546522dbd3/Code/GraphMol/FilterCatalog/Filters.cpp#L88
BRENK,diazo_group,diazo_group,[N!R]=[N!R],1,4294967295,https://raw.githubusercontent.com/rdkit/rdkit/0ece02e9254ef2d5eeade2bd40eb13546522dbd3/Code/GraphMol/FilterCatalog/Filters.cpp#L90
BRENK,diketo_group,diketo_group,"[C,c](=O)[C,c](=O)",1,4294967295,https://raw.githubusercontent.com/rdkit/rdkit/0ece02e9254ef2d5eeade2bd40eb13546522dbd3/Code/GraphMol/FilterCatalog/Filters.cpp#L91
BRENK,disulphide,disulphide,SS,1,4294967295,https://raw.githubusercontent.com/rdkit/rdkit/0ece02e9254ef2d5eeade2bd40eb13546522dbd3/Code/GraphMol/FilterCatalog/Filters.cpp#L92
BRENK,enamine,enamine,[CX2R0][NX3R0],1,4294967295,https://raw.githubusercontent.com/rdkit/rdkit/0ece02e9254ef2d5eeade2bd40eb13546522dbd3/Code/GraphMol/FilterCatalog/Filters.cpp#L93
BRENK,ester_of_HOBT,ester_of_HOBT,C(=O)Onnn,1,4294967295,https://raw.githubusercontent.com/rdkit/rdkit/0ece02e9254ef2d5eeade2bd40eb13546522dbd3/Code/GraphMol/FilterCatalog/Filters.cpp#L94
BRENK,four_member_lactones,four_member_lactones,C1(=O)OCC1,1,4294967295,https://raw.githubusercontent.com/rdkit/rdkit/0ece02e9254ef2d5eeade2bd40eb13546522dbd3/Code/GraphMol/FilterCatalog/Filters.cpp#L95
BRENK,halogenated_ring_1,halogenated_ring_1,"c1cc([Cl,Br,I,F])cc([Cl,Br,I,F])c1[Cl,Br,I,F]",1,4294967295,https://raw.githubusercontent.com/rdkit/rdkit/0ece02e9254ef2d5eeade2bd40eb13546522dbd3/Code/GraphMol/FilterCatalog/Filters.cpp#L96
BRENK,halogenated_ring_2,halogenated_ring_2,"c1ccc([Cl,Br,I,F])c([Cl,Br,I,F])c1[Cl,Br,I,F]",1,4294967295,https://raw.githubusercontent.com/rdkit/rdkit/0ece02e9254ef2d5eeade2bd40eb13546522dbd3/Code/GraphMol/FilterCatalog/Filters.cpp#L98
BRENK,heavy_metal,heavy_metal,"[Hg,Fe,As,Sb,Zn,Se,se,Te,B,Si]",1,4294967295,https://raw.githubusercontent.com/rdkit/rdkit/0ece02e9254ef2d5eeade2bd40eb13546522dbd3/Code/GraphMol/FilterCatalog/Filters.cpp#L100
BRENK,het-C-het_not_in_ring,het-C-het_not_in_ring,"[NX3R0,NX4R0,OR0,SX2R0][CX4][NX3R0,NX4R0,OR0,SX2R0]",1,4294967295,https://raw.githubusercontent.com/rdkit/rdkit/0ece02e9254ef2d5eeade2bd40eb13546522dbd3/Code/GraphMol/FilterCatalog/Filters.cpp#L101
BRENK,hydantoin,hydantoin,C1NC(=O)NC(=O)1,1,4294967295,https://raw.githubusercontent.com/rdkit/rdkit/0ece02e9254ef2d5eeade2bd40eb13546522dbd3/Code/GraphMol/FilterCatalog/Filters.cpp#L103
BRENK,hydrazine,hydrazine,N[NH2],1,4294967295,https://raw.githubusercontent.com/rdkit/rdkit/0ece02e9254ef2d5eeade2bd40eb13546522dbd3/Code/GraphMol/FilterCatalog/Filters.cpp#L104
BRENK,hydroquinone,hydroquinone,"[OH]c1ccc([OH,NH2,NH])cc1",1,4294967295,https://raw.githubusercontent.com/rdkit/rdkit/0ece02e9254ef2d5eeade2bd40eb13546522dbd3/Code/GraphMol/FilterCatalog/Filters.cpp#L105
BRENK,hydroxamic_acid,hydroxamic_acid,C(=O)N[OH],1,4294967295,https://raw.githubusercontent.com/rdkit/rdkit/0ece02e9254ef2d5eeade2bd40eb13546522dbd3/Code/GraphMol/FilterCatalog/Filters.cpp#L106
BRENK,imine_1,imine_1,C=[N!R],1,4294967295,https://raw.githubusercontent.com/rdkit/rdkit/0ece02e9254ef2d5eeade2bd40eb13546522dbd3/Code/GraphMol/FilterCatalog/Filters.cpp#L107
BRENK,imine_2,imine_2,"N=[CR0][N,n,O,S]",1,4294967295,https://raw.githubusercontent.com/rdkit/rdkit/0ece02e9254ef2d5eeade2bd40eb13546522dbd3/Code/GraphMol/FilterCatalog/Filters.cpp#L108
BRENK,iodine,iodine,I,1,4294967295,https://raw.githubusercontent.com/rdkit/rdkit/0ece02e9254ef2d5eeade2bd40eb13546522dbd3/Code/GraphMol/FilterCatalog/Filters.cpp#L109
BRENK,isocyanate,isocyanate,N=C=O,1,4294967295,https://raw.githubusercontent.com/rdkit/rdkit/0ece02e9254ef2d5eeade2bd40eb13546522dbd3/Code/GraphMol/FilterCatalog/Filters.cpp#L110
BRENK,isolated_alkene,isolated_alkene,"[$([CH2]),$([CH][CX4]),$(C([CX4])[CX4])]=[$([CH2]),$([CH][CX4]),$(C([CX4])[CX4])]",1,4294967295,https://raw.githubusercontent.com/rdkit/rdkit/0ece02e9254ef2d5eeade2bd40eb13546522dbd3/Code/GraphMol/FilterCatalog/Filters.cpp#L111
BRENK,ketene,ketene,C=C=O,1,4294967295,https://raw.githubusercontent.com/rdkit/rdkit/0ece02e9254ef2d5eeade2bd40eb13546522dbd3/Code/GraphMol/FilterCatalog/Filters.cpp#L115
BRENK,"methylidene-1,3-dithiole","methylidene-1,3-dithiole",S1C=CSC1=S,1,4294967295,https://raw.githubusercontent.com/rdkit/rdkit/0ece02e9254ef2d5eeade2bd40eb13546522dbd3/Code/GraphMol/FilterCatalog/Filters.cpp#L116
BRENK,Michael_acceptor_1,Michael_acceptor_1,"C=!@CC=[O,S]",1,4294967295,https://raw.githubusercontent.com/rdkit/rdkit/0ece02e9254ef2d5eeade2bd40eb13546522dbd3/Code/GraphMol/FilterCatalog/Filters.cpp#L117
BRENK,Michael_acceptor_2,Michael_acceptor_2,"[$([CH]),$(CC)]#CC(=O)[C,c]",1,4294967295,https://raw.githubusercontent.com/rdkit/rdkit/0ece02e9254ef2d5eeade2bd40eb13546522dbd3/Code/GraphMol/FilterCatalog/Filters.cpp#L118
BRENK,Michael_acceptor_3,Michael_acceptor_3,"[$([CH]),$(CC)]#CS(=O)(=O)[C,c]",1,4294967295,https://raw.githubusercontent.com/rdkit/rdkit/0ece02e9254ef2d5eeade2bd40eb13546522dbd3/Code/GraphMol/FilterCatalog/Filters.cpp#L119
BRENK,Michael_acceptor_4,Michael_acceptor_4,C=C(C=O)C=O,1,4294967295,https://raw.githubusercontent.com/rdkit/rdkit/0ece02e9254ef2d5eeade2bd40eb13546522dbd3/Code/GraphMol/FilterCatalog/Filters.cpp#L120
BRENK,Michael_acceptor_5,Michael_acceptor_5,"[$([CH]),$(CC)]#CC(=O)O[C,c]",1,4294967295,https://raw.githubusercontent.com/rdkit/rdkit/0ece02e9254ef2d5eeade2bd40eb13546522dbd3/Code/GraphMol/FilterCatalog/Filters.cpp#L121
BRENK,N_oxide,N_oxide,"[NX2,nX3][OX1]",1,4294967295,https://raw.githubusercontent.com/rdkit/rdkit/0ece02e9254ef2d5eeade2bd40eb13546522dbd3/Code/GraphMol/FilterCatalog/Filters.cpp#L122
BRENK,"N-acyl-2-amino-5-mercapto-1,3,4-_thiadiazole","N-acyl-2-amino-5-mercapto-1,3,4-_thiadiazole",s1c(S)nnc1NC=O,1,4294967295,https://raw.githubusercontent.com/rdkit/rdkit/0ece02e9254ef2d5eeade2bd40eb13546522dbd3/Code/GraphMol/FilterCatalog/Filters.cpp#L123
BRENK,N-C-halo,N-C-halo,"NC[F,Cl,Br,I]",1,4294967295,https://raw.githubusercontent.com/rdkit/rdkit/0ece02e9254ef2d5eeade2bd40eb13546522dbd3/Code/GraphMol/FilterCatalog/Filters.cpp#L124
BRENK,N-halo,N-halo,"[NX3,NX4][F,Cl,Br,I]",1,4294967295,https://raw.githubusercontent.com/rdkit/rdkit/0ece02e9254ef2d5eeade2bd40eb13546522dbd3/Code/GraphMol/FilterCatalog/Filters.cpp#L125
BRENK,N-hydroxyl_pyridine,N-hydroxyl_pyridine,n[OH],1,4294967295,https://raw.githubusercontent.com/rdkit/rdkit/0ece02e9254ef2d5eeade2bd40eb13546522dbd3/Code/GraphMol/FilterCatalog/Filters.cpp#L126
BRENK,nitro_group,nitro_group,[N+](=O)[O-],1,4294967295,https://raw.githubusercontent.com/rdkit/rdkit/0ece02e9254ef2d5eeade2bd40eb13546522dbd3/Code/GraphMol/FilterCatalog/Filters.cpp#L127
BRENK,N-nitroso,N-nitroso,[#7]-N=O,1,4294967295,https://raw.githubusercontent.com/rdkit/rdkit/0ece02e9254ef2d5eeade2bd40eb13546522dbd3/Code/GraphMol/FilterCatalog/Filters.cpp#L128
BRENK,oxime_1,oxime_1,"[C,c]=N[OH]",1,4294967295,https://raw.githubusercontent.com/rdkit/rdkit/0ece02e9254ef2d5eeade2bd40eb13546522dbd3/Code/GraphMol/FilterCatalog/Filters.cpp#L129
BRENK,oxime_2,oxime_2,"[C,c]=NOC=O",1,4294967295,https://raw.githubusercontent.com/rdkit/rdkit/0ece02e9254ef2d5eeade2bd40eb13546522dbd3/Code/GraphMol/FilterCatalog/Filters.cpp#L130
BRENK,Oxygen-nitrogen_single_bond,Oxygen-nitrogen_single_bond,"[OR0,NR0][OR0,NR0]",1,4294967295,https://raw.githubusercontent.com/rdkit/rdkit/0ece02e9254ef2d5eeade2bd40eb13546522dbd3/Code/GraphMol/FilterCatalog/Filters.cpp#L131
BRENK,Perfluorinated_chain,Perfluorinated_chain,[CX4](F)(F)[CX4](F)F,1,4294967295,https://raw.githubusercontent.com/rdkit/rdkit/0ece02e9254ef2d5eeade2bd40eb13546522dbd3/Code/GraphMol/FilterCatalog/Filters.cpp#L132
BRENK,peroxide,peroxide,OO,1,4294967295,https://raw.githubusercontent.com/rdkit/rdkit/0ece02e9254ef2d5eeade2bd40eb13546522dbd3/Code/GraphMol/FilterCatalog/Filters.cpp#L133
BRENK,phenol_ester,phenol_ester,c1ccccc1OC(=O)[#6],1,4294967295,https://raw.githubusercontent.com/rdkit/rdkit/0ece02e9254ef2d5eeade2bd40eb13546522dbd3/Code/GraphMol/FilterCatalog/Filters.cpp#L134
BRENK,phenyl_carbonate,phenyl_carbonate,c1ccccc1OC(=O)O,1,4294967295,https://raw.githubusercontent.com/rdkit/rdkit/0ece02e9254ef2d5eeade2bd40eb13546522dbd3/Code/GraphMol/FilterCatalog/Filters.cpp#L135
BRENK,phosphor,phosphor,P,1,4294967295,https://raw.githubusercontent.com/rdkit/rdkit/0ece02e9254ef2d5eeade2bd40eb13546522dbd3/Code/GraphMol/FilterCatalog/Filters.cpp#L136
BRENK,phthalimide,phthalimide,"[cR,CR]~C(=O)NC(=O)~[cR,CR]",1,4294967295,https://raw.githubusercontent.com/rdkit/rdkit/0ece02e9254ef2d5eeade2bd40eb13546522dbd3/Code/GraphMol/FilterCatalog/Filters.cpp#L137
BRENK,Polycyclic_aromatic_hydrocarbon_1,Polycyclic_aromatic_hydrocarbon_1,a1aa2a3a(a1)A=AA=A3=AA=A2,1,4294967295,https://raw.githubusercontent.com/rdkit/rdkit/0ece02e9254ef2d5eeade2bd40eb13546522dbd3/Code/GraphMol/FilterCatalog/Filters.cpp#L138
BRENK,Polycyclic_aromatic_hydrocarbon_2,Polycyclic_aromatic_hydrocarbon_2,a21aa3a(aa1aaaa2)aaaa3,1,4294967295,https://raw.githubusercontent.com/rdkit/rdkit/0ece02e9254ef2d5eeade2bd40eb13546522dbd3/Code/GraphMol/FilterCatalog/Filters.cpp#L139
BRENK,Polycyclic_aromatic_hydrocarbon_3,Polycyclic_aromatic_hydrocarbon_3,a31a(a2a(aa1)aaaa2)aaaa3,1,4294967295,https://raw.githubusercontent.com/rdkit/rdkit/0ece02e9254ef2d5eeade2bd40eb13546522dbd3/Code/GraphMol/FilterCatalog/Filters.cpp#L140
BRENK,polyene,polyene,[CR0]=[CR0][CR0]=[CR0],1,4294967295,https://raw.githubusercontent.com/rdkit/rdkit/0ece02e9254ef2d5eeade2bd40eb13546522dbd3/Code/GraphMol/FilterCatalog/Filters.cpp#L141
BRENK,quaternary_nitrogen_1,quaternary_nitrogen_1,"[s,S,c,C,n,N,o,O]~[nX3+,NX3+](~[s,S,c,C,n,N])~[s,S,c,C,n,N]",1,4294967295,https://raw.githubusercontent.com/rdkit/rdkit/0ece02e9254ef2d5eeade2bd40eb13546522dbd3/Code/GraphMol/FilterCatalog/Filters.cpp#L142
BRENK,quaternary_nitrogen_2,quaternary_nitrogen_2,"[s,S,c,C,n,N,o,O]~[n+,N+](~[s,S,c,C,n,N,o,O])(~[s,S,c,C,n,N,o,O])~[s,S,c,C,n,N,o,O]",1,4294967295,https://raw.githubusercontent.com/rdkit/rdkit/0ece02e9254ef2d5eeade2bd40eb13546522dbd3/Code/GraphMol/FilterCatalog/Filters.cpp#L144
BRENK,quaternary_nitrogen_3,quaternary_nitrogen_3,[*]=[N+]=[*],1,4294967295,https://raw.githubusercontent.com/rdkit/rdkit/0ece02e9254ef2d5eeade2bd40eb13546522dbd3/Code/GraphMol/FilterCatalog/Filters.cpp#L148
BRENK,saponine_derivative,saponine_derivative,O1CCCCC1OC2CCC3CCCCC3C2,1,4294967295,https://raw.githubusercontent.com/rdkit/rdkit/0ece02e9254ef2d5eeade2bd40eb13546522dbd3/Code/GraphMol/FilterCatalog/Filters.cpp#L149
BRENK,silicon_halogen,silicon_halogen,"[Si][F,Cl,Br,I]",1,4294967295,https://raw.githubusercontent.com/rdkit/rdkit/0ece02e9254ef2d5eeade2bd40eb13546522dbd3/Code/GraphMol/FilterCatalog/Filters.cpp#L150
BRENK,stilbene,stilbene,c1ccccc1C=Cc2ccccc2,1,4294967295,https://raw.githubusercontent.com/rdkit/rdkit/0ece02e9254ef2d5eeade2bd40eb13546522dbd3/Code/GraphMol/FilterCatalog/Filters.cpp#L151
BRENK,sulfinic_acid,sulfinic_acid,"[SX3](=O)[O-,OH]",1,4294967295,https://raw.githubusercontent.com/rdkit/rdkit/0ece02e9254ef2d5eeade2bd40eb13546522dbd3/Code/GraphMol/FilterCatalog/Filters.cpp#L152
BRENK,Sulfonic_acid_1,Sulfonic_acid_1,"[C,c]S(=O)(=O)O[C,c]",1,4294967295,https://raw.githubusercontent.com/rdkit/rdkit/0ece02e9254ef2d5eeade2bd40eb13546522dbd3/Code/GraphMol/FilterCatalog/Filters.cpp#L153
BRENK,Sulfonic_acid_2,Sulfonic_acid_2,"S(=O)(=O)[O-,OH]",1,4294967295,https://raw.githubusercontent.com/rdkit/rdkit/0ece02e9254ef2d5eeade2bd40eb13546522dbd3/Code/GraphMol/FilterCatalog/Filters.cpp#L154
BRENK,sulfonyl_cyanide,sulfonyl_cyanide,S(=O)(=O)C#N,1,4294967295,https://raw.githubusercontent.com/rdkit/rdkit/0ece02e9254ef2d5eeade2bd40eb13546522dbd3/Code/GraphMol/FilterCatalog/Filters.cpp#L155
BRENK,sulfur_oxygen_single_bond,sulfur_oxygen_single_bond,[SX2]O,1,4294967295,https://raw.githubusercontent.com/rdkit/rdkit/0ece02e9254ef2d5eeade2bd40eb13546522dbd3/Code/GraphMol/FilterCatalog/Filters.cpp#L156
BRENK,sulphate,sulphate,OS(=O)(=O)[O-],1,4294967295,https://raw.githubusercontent.com/rdkit/rdkit/0ece02e9254ef2d5eeade2bd40eb13546522dbd3/Code/GraphMol/FilterCatalog/Filters.cpp#L157
BRENK,sulphur_nitrogen_single_bond,sulphur_nitrogen_single_bond,[SX2H0][N],1,4294967295,https://raw.githubusercontent.com/rdkit/rdkit/0ece02e9254ef2d5eeade2bd40eb13546522dbd3/Code/GraphMol/FilterCatalog/Filters.cpp#L158
BRENK,Thiobenzothiazole_1,Thiobenzothiazole_1,c12ccccc1(SC(S)=N2),1,4294967295,https://raw.githubusercontent.com/rdkit/rdkit/0ece02e9254ef2d5eeade2bd40eb13546522dbd3/Code/GraphMol/FilterCatalog/Filters.cpp#L159
BRENK,thiobenzothiazole_2,thiobenzothiazole_2,c12ccccc1(SC(=S)N2),1,4294967295,https://raw.githubusercontent.com/rdkit/rdkit/0ece02e9254ef2d5eeade2bd40eb13546522dbd3/Code/GraphMol/FilterCatalog/Filters.cpp#L160
BRENK,Thiocarbonyl_group,Thiocarbonyl_group,"[C,c]=S",1,4294967295,https://raw.githubusercontent.com/rdkit/rdkit/0ece02e9254ef2d5eeade2bd40eb13546522dbd3/Code/GraphMol/FilterCatalog/Filters.cpp#L161
BRENK,thioester,thioester,SC=O,1,4294967295,https://raw.githubusercontent.com/rdkit/rdkit/0ece02e9254ef2d5eeade2bd40eb13546522dbd3/Code/GraphMol/FilterCatalog/Filters.cpp#L162
BRENK,thiol_1,thiol_1,[S-],1,4294967295,https://raw.githubusercontent.com/rdkit/rdkit/0ece02e9254ef2d5eeade2bd40eb13546522dbd3/Code/GraphMol/FilterCatalog/Filters.cpp#L163
BRENK,thiol_2,thiol_2,[SH],1,4294967295,https://raw.githubusercontent.com/rdkit/rdkit/0ece02e9254ef2d5eeade2bd40eb13546522dbd3/Code/GraphMol/FilterCatalog/Filters.cpp#L164
BRENK,Three-membered_heterocycle,Three-membered_heterocycle,"*1[O,S,N]*1",1,4294967295,https://raw.githubusercontent.com/rdkit/rdkit/0ece02e9254ef2d5eeade2bd40eb13546522dbd3/Code/GraphMol/FilterCatalog/Filters.cpp#L165
BRENK,triflate,triflate,OS(=O)(=O)C(F)(F)F,1,4294967295,https://raw.githubusercontent.com/rdkit/rdkit/0ece02e9254ef2d5eeade2bd40eb13546522dbd3/Code/GraphMol/FilterCatalog/Filters.cpp#L166
BRENK,triphenyl_methyl-silyl,triphenyl_methyl-silyl,"[SiR0,CR0](c1ccccc1)(c2ccccc2)(c3ccccc3)",1,4294967295,https://raw.githubusercontent.com/rdkit/rdkit/0ece02e9254ef2d5eeade2bd40eb13546522dbd3/Code/GraphMol/FilterCatalog/Filters.cpp#L167
BRENK,triple_bond,triple_bond,C#C,1,4294967295,https://raw.githubusercontent.com/rdkit/rdkit/0ece02e9254ef2d5eeade2bd40eb13546522dbd3/Code/GraphMol/FilterCatalog/Filters.cpp#L169
