design_id,parent_id,design_method,method_version,transformation_reason,raw_smiles,standardized_isomeric_smiles,inchikey,parent_key,property_constraints,similarity_to_parent,nearest_reference_parent_id,public_identity_search_status,public_identity_source,pubchem_cids,design_status,actual_docking_score_kcal_mol,actual_docking_region_class,source_file,source_stage,sa_score,nearest_first_round_ecfp4_tanimoto,max_ring_size,aromatic_ring_sizes,structural_review_flag,confirmation_status,candidate_priority_note,exploratory16_group,exploratory16_historical935_proxy_pred_kcal_mol,exploratory16_status,exploratory16_joint_qc_score_middle_pass
DES_GWCFZXVCHASDMH,LIB_CHEMBL2103870,acid_to_amide_template_v1,run_design.py v1 / RDKit 2025.09.6,probe compact hydrophobic occupancy at acid terminus,Cc1ccc(NC(=O)C2(c3ccc4c(c3)OC(F)(F)O4)CC2)nc1-c1cccc(C(=O)NC1CC1)c1,Cc1ccc(NC(=O)C2(c3ccc4c(c3)OC(F)(F)O4)CC2)nc1C1=CC=CC2=CCCC1NC2=O,GWCFZXVCHASDMH-UHFFFAOYSA-N,UFSKUSARDNFIRC,"{""constraint_status"": ""exclude"", ""constraint_reasons"": ""parent_ecfp4_similarity_outside_0.65_0.99"", ""mw"": ""491.494"", ""clogp"": ""4.54"", ""tpsa_A2"": ""89.55"", ""hbd"": ""2"", ""hba"": ""5"", ""rotatable_bonds"": ""4"", ""sa_score"": ""4.654"", ""qed"": ""0.6557"", ""pains_alerts"": """", ""brenk_alerts"": """"}",0.5679,,not_searched,,,excluded_by_constraints,,,external_source/design_constraints_all.csv,rule_enumeration,4.654,,8,6;6,,,,,,,
DES_AFGHMHSPPSRMJL,LIB_CHEMBL2103870,acid_to_amide_template_v1,run_design.py v1 / RDKit 2025.09.6,recover terminal polarity after acid neutralization,Cc1ccc(NC(=O)C2(c3ccc4c(c3)OC(F)(F)O4)CC2)nc1-c1cccc(C(=O)NCCO)c1,Cc1ccc(NC(=O)C2(c3ccc4c(c3)OC(F)(F)O4)CC2)nc1-c1cccc(C(=O)NCCO)c1,AFGHMHSPPSRMJL-UHFFFAOYSA-N,UFSKUSARDNFIRC,"{""constraint_status"": ""pass"", ""constraint_reasons"": """", ""mw"": ""495.482"", ""clogp"": ""3.771"", ""tpsa_A2"": ""109.78"", ""hbd"": ""3"", ""hba"": ""6"", ""rotatable_bonds"": ""7"", ""sa_score"": ""2.833"", ""qed"": ""0.4605"", ""pains_alerts"": """", ""brenk_alerts"": """"}",0.7826,,exact_inchikey_records_found,https://pubchem.ncbi.nlm.nih.gov/rest/pug/compound/inchikey/AFGHMHSPPSRMJL-UHFFFAOYSA-N/cids/JSON,166555816,actual_docking_independent_qc_pass,-8.916,region_shift_or_no_middle_contact,external_source/design_constraints_all.csv,rule_enumeration,2.833,,6,6;6;6,,,,,,,
DES_JMWNSKZCTCNWSL,LIB_CHEMBL2103870,acid_to_amide_template_v1,run_design.py v1 / RDKit 2025.09.6,probe small neutral amide substituent,Cc1ccc(NC(=O)C2(c3ccc4c(c3)OC(F)(F)O4)CC2)nc1-c1cccc(C(=O)NC)c1,CNC(=O)c1cccc(-c2nc(NC(=O)C3(c4ccc5c(c4)OC(F)(F)O5)CC3)ccc2C)c1,JMWNSKZCTCNWSL-UHFFFAOYSA-N,UFSKUSARDNFIRC,"{""constraint_status"": ""pass"", ""constraint_reasons"": """", ""mw"": ""465.456"", ""clogp"": ""4.408"", ""tpsa_A2"": ""89.55"", ""hbd"": ""2"", ""hba"": ""5"", ""rotatable_bonds"": ""5"", ""sa_score"": ""2.79"", ""qed"": ""0.5828"", ""pains_alerts"": """", ""brenk_alerts"": """"}",0.8438,,exact_inchikey_records_found,https://pubchem.ncbi.nlm.nih.gov/rest/pug/compound/inchikey/JMWNSKZCTCNWSL-UHFFFAOYSA-N/cids/JSON,166106526,actual_docking_independent_qc_pass,-9.654,shared_middle_contact,external_source/design_constraints_all.csv,rule_enumeration,2.79,,6,6;6;6,,four_within_receptor_pairs_lower_Vina_and_Middle;small_static_differences_only,computational comparison reference; no biological affinity or selectivity conclusion,,,,
DES_AXKSVFWIFUIWPK,LIB_CHEMBL2103870,acid_to_amide_template_v1,run_design.py v1 / RDKit 2025.09.6,probe cyclic polar amide at terminus,Cc1ccc(NC(=O)C2(c3ccc4c(c3)OC(F)(F)O4)CC2)nc1-c1cccc(C(=O)N1CCOCC1)c1,Cc1ccc(NC(=O)C2(c3ccc4c(c3)OC(F)(F)O4)CC2)nc1C1=CC=CC2=CCCOCCN1C2=O,AXKSVFWIFUIWPK-UHFFFAOYSA-N,UFSKUSARDNFIRC,"{""constraint_status"": ""exclude"", ""constraint_reasons"": ""parent_ecfp4_similarity_outside_0.65_0.99"", ""mw"": ""521.52"", ""clogp"": ""4.468"", ""tpsa_A2"": ""89.99"", ""hbd"": ""1"", ""hba"": ""6"", ""rotatable_bonds"": ""4"", ""sa_score"": ""4.633"", ""qed"": ""0.6389"", ""pains_alerts"": """", ""brenk_alerts"": """"}",0.5476,,not_searched,,,excluded_by_constraints,,,external_source/design_constraints_all.csv,rule_enumeration,4.633,,9,6;6,,,,,,,
DES_YAZKHWIVYWHKHW,LIB_CHEMBL2103870,acid_to_amide_template_v1,run_design.py v1 / RDKit 2025.09.6,remove carboxylate charge while retaining carbonyl H-bonding,Cc1ccc(NC(=O)C2(c3ccc4c(c3)OC(F)(F)O4)CC2)nc1-c1cccc(C(=O)N)c1,Cc1ccc(NC(=O)C2(c3ccc4c(c3)OC(F)(F)O4)CC2)nc1-c1cccc(C(N)=O)c1,YAZKHWIVYWHKHW-UHFFFAOYSA-N,UFSKUSARDNFIRC,"{""constraint_status"": ""pass"", ""constraint_reasons"": """", ""mw"": ""451.429"", ""clogp"": ""4.148"", ""tpsa_A2"": ""103.54"", ""hbd"": ""2"", ""hba"": ""5"", ""rotatable_bonds"": ""5"", ""sa_score"": ""2.784"", ""qed"": ""0.6067"", ""pains_alerts"": """", ""brenk_alerts"": """"}",0.8571,,exact_inchikey_records_found,https://pubchem.ncbi.nlm.nih.gov/rest/pug/compound/inchikey/YAZKHWIVYWHKHW-UHFFFAOYSA-N/cids/JSON,59166007,actual_docking_independent_qc_pass,-9.512,shared_middle_contact,external_source/design_constraints_all.csv,rule_enumeration,2.784,,6,6;6;6,,,,,,,
DES_FBGMOLGYPGIRPG,LIB_CHEMBL3894860,piperazine_N_substitution_template_v1,run_design.py v1 / RDKit 2025.09.6,neutralize distal piperazine nitrogen and add carbonyl acceptor,CC(=O)N1CCN(c2ccc(Nc3ncc4cc5n(c4n3)C3(CCCCC3)CNC5=O)nc2)CC1,CC(=O)N1CCN(c2ccc(Nc3ncc4cc5n(c4n3)C3(CCCCC3)CNC5=O)nc2)CC1,FBGMOLGYPGIRPG-UHFFFAOYSA-N,PDGKHKMBHVFCMG,"{""constraint_status"": ""pass"", ""constraint_reasons"": """", ""mw"": ""474.569"", ""clogp"": ""2.641"", ""tpsa_A2"": ""108.28"", ""hbd"": ""2"", ""hba"": ""7"", ""rotatable_bonds"": ""3"", ""sa_score"": ""3.54"", ""qed"": ""0.6008"", ""pains_alerts"": """", ""brenk_alerts"": """"}",0.8209,,no_pubchem_record_returned,https://pubchem.ncbi.nlm.nih.gov/rest/pug/compound/inchikey/FBGMOLGYPGIRPG-UHFFFAOYSA-N/cids/JSON,,actual_docking_independent_qc_pass,-9.627,shared_middle_contact,external_source/design_constraints_all.csv,rule_enumeration,3.54,,6,5;6;6,,,,,,,
DES_DHQGMIBIHVXYPA,LIB_CHEMBL3894860,piperazine_N_substitution_template_v1,run_design.py v1 / RDKit 2025.09.6,probe compact lipophilic N-substitution,C1CC1N1CCN(c2ccc(Nc3ncc4cc5n(c4n3)C3(CCCCC3)CNC5=O)nc2)CC1,O=C1NCC2(CCCCC2)n2c1cc1cnc(Nc3ccc(N4CCN(C5CC5)CC4)cn3)nc12,DHQGMIBIHVXYPA-UHFFFAOYSA-N,PDGKHKMBHVFCMG,"{""constraint_status"": ""pass"", ""constraint_reasons"": """", ""mw"": ""472.597"", ""clogp"": ""3.257"", ""tpsa_A2"": ""91.21"", ""hbd"": ""2"", ""hba"": ""7"", ""rotatable_bonds"": ""4"", ""sa_score"": ""3.576"", ""qed"": ""0.6023"", ""pains_alerts"": """", ""brenk_alerts"": """"}",0.806,,not_searched,,,passed_not_selected_for_docking,,,external_source/design_constraints_all.csv,rule_enumeration,3.576,,6,5;6;6,,,,,,,
DES_TWTKMJWAXOPXSX,LIB_CHEMBL3894860,piperazine_N_substitution_template_v1,run_design.py v1 / RDKit 2025.09.6,compare terminal piperazine basicity and size,N1CCN(c2ccc(Nc3ncc4cc5n(c4n3)C3(CCCCC3)CNC5=O)nc2)CC1,O=C1NCC2(CCCCC2)n2c1cc1cnc(Nc3ccc(N4CCNCC4)cn3)nc12,TWTKMJWAXOPXSX-UHFFFAOYSA-N,PDGKHKMBHVFCMG,"{""constraint_status"": ""pass"", ""constraint_reasons"": """", ""mw"": ""432.532"", ""clogp"": ""2.382"", ""tpsa_A2"": ""100.0"", ""hbd"": ""3"", ""hba"": ""7"", ""rotatable_bonds"": ""3"", ""sa_score"": ""3.598"", ""qed"": ""0.5843"", ""pains_alerts"": """", ""brenk_alerts"": """"}",0.8281,,exact_inchikey_records_found,https://pubchem.ncbi.nlm.nih.gov/rest/pug/compound/inchikey/TWTKMJWAXOPXSX-UHFFFAOYSA-N/cids/JSON,89798202,actual_docking_independent_qc_pass,-9.895,region_shift_or_no_middle_contact,external_source/design_constraints_all.csv,rule_enumeration,3.598,,6,5;6;6,,,,,,,
DES_LYIDGSVTVBVLGU,LIB_CHEMBL3894860,piperazine_N_substitution_template_v1,run_design.py v1 / RDKit 2025.09.6,one-carbon homologation of N-methyl substituent,CCN1CCN(c2ccc(Nc3ncc4cc5n(c4n3)C3(CCCCC3)CNC5=O)nc2)CC1,CCN1CCN(c2ccc(Nc3ncc4cc5n(c4n3)C3(CCCCC3)CNC5=O)nc2)CC1,LYIDGSVTVBVLGU-UHFFFAOYSA-N,PDGKHKMBHVFCMG,"{""constraint_status"": ""pass"", ""constraint_reasons"": """", ""mw"": ""460.586"", ""clogp"": ""3.115"", ""tpsa_A2"": ""91.21"", ""hbd"": ""2"", ""hba"": ""7"", ""rotatable_bonds"": ""4"", ""sa_score"": ""3.523"", ""qed"": ""0.6181"", ""pains_alerts"": """", ""brenk_alerts"": """"}",0.8333,,no_pubchem_record_returned,https://pubchem.ncbi.nlm.nih.gov/rest/pug/compound/inchikey/LYIDGSVTVBVLGU-UHFFFAOYSA-N/cids/JSON,,actual_docking_independent_qc_pass,-8.997,shared_middle_contact,external_source/design_constraints_all.csv,rule_enumeration,3.523,,6,5;6;6,,,,,,,
DES_JWEMMDYMRYGOAJ,LIB_CHEMBL3894860,piperazine_N_substitution_template_v1,run_design.py v1 / RDKit 2025.09.6,increase terminal aqueous polarity with small H-bond donor,OCCN1CCN(c2ccc(Nc3ncc4cc5n(c4n3)C3(CCCCC3)CNC5=O)nc2)CC1,O=C1NCC2(CCCCC2)n2c1cc1cnc(Nc3ccc(N4CCN(CCO)CC4)cn3)nc12,JWEMMDYMRYGOAJ-UHFFFAOYSA-N,PDGKHKMBHVFCMG,"{""constraint_status"": ""pass"", ""constraint_reasons"": """", ""mw"": ""476.585"", ""clogp"": ""2.087"", ""tpsa_A2"": ""111.44"", ""hbd"": ""3"", ""hba"": ""8"", ""rotatable_bonds"": ""5"", ""sa_score"": ""3.561"", ""qed"": ""0.5134"", ""pains_alerts"": """", ""brenk_alerts"": """"}",0.8088,,no_pubchem_record_returned,https://pubchem.ncbi.nlm.nih.gov/rest/pug/compound/inchikey/JWEMMDYMRYGOAJ-UHFFFAOYSA-N/cids/JSON,,actual_docking_independent_qc_pass,-8.624,shared_middle_contact,external_source/design_constraints_all.csv,rule_enumeration,3.561,,6,5;6;6,,,,,,,
GEN_PUIYYJHWXFBASF,,locally_trained_SELFIES_GRU_sampling,selfies_gru_base_v1,"unconditional SELFIES GRU sample; selected for broad structural exploration, not parent-derived",C1CN(C)CCCNC(=O)C2=CC=CC=C2C1=O,CN1CCCNC(=O)c2ccccc2C(=O)CC1,PUIYYJHWXFBASF-UHFFFAOYSA-N,,"{""mw"": ""246.31"", ""clogp"": ""1.325"", ""tpsa_A2"": ""49.41"", ""hbd"": ""1"", ""hba"": ""3"", ""rotatable_bonds"": ""0"", ""sa_score"": ""2.612"", ""qed"": ""0.7509"", ""pains_alerts"": """", ""brenk_alerts"": """"}",,LIB_CHEMBL3894860,not_searched,,,pilot_5067_generated_selected_not_docked,,,external_source/pilot_selfies_5067_base_fixed_list.csv,pilot_generation,2.612,0.2267,11,6,,,,,,,
GEN_UUYAQRGGVMPLPB,,locally_trained_SELFIES_GRU_sampling,selfies_gru_base_v1,"unconditional SELFIES GRU sample; selected for broad structural exploration, not parent-derived",CN1C[C@H1](CNC(=O)NCCC2=CC=CC=C2)N1,CN1C[C@H](CNC(=O)NCCc2ccccc2)N1,UUYAQRGGVMPLPB-LBPRGKRZSA-N,,"{""mw"": ""248.33"", ""clogp"": ""0.347"", ""tpsa_A2"": ""56.4"", ""hbd"": ""3"", ""hba"": ""3"", ""rotatable_bonds"": ""5"", ""sa_score"": ""2.785"", ""qed"": ""0.7044"", ""pains_alerts"": """", ""brenk_alerts"": """"}",,LIB_CHEMBL1200412,not_searched,,,pilot_5067_generated_selected_not_docked,,,external_source/pilot_selfies_5067_base_fixed_list.csv,pilot_generation,2.785,0.2208,6,6,,,,,,,
GEN_UMEVLEOQHYPMDT,,locally_trained_SELFIES_GRU_sampling,selfies_gru_base_v1,"unconditional SELFIES GRU sample; selected for broad structural exploration, not parent-derived",CC1(C)[C@@H1](C(=O)O)C2=CC=CC=C2C3=CC=CC=C3CC1,CC1(C)CCc2ccccc2-c2ccccc2[C@@H]1C(=O)O,UMEVLEOQHYPMDT-QGZVFWFLSA-N,,"{""mw"": ""280.367"", ""clogp"": ""4.494"", ""tpsa_A2"": ""37.3"", ""hbd"": ""1"", ""hba"": ""1"", ""rotatable_bonds"": ""1"", ""sa_score"": ""2.668"", ""qed"": ""0.8351"", ""pains_alerts"": """", ""brenk_alerts"": """"}",,LIB_CHEMBL1200412,not_searched,,,pilot_5067_generated_selected_not_docked,,,external_source/pilot_selfies_5067_base_fixed_list.csv,pilot_generation,2.668,0.2162,8,6;6,,,,,,,
GEN_UGCRWWRTTHTMRS,,locally_trained_SELFIES_GRU_sampling,selfies_gru_base_v1,"unconditional SELFIES GRU sample; selected for broad structural exploration, not parent-derived",CNCC(=O)CN(CCC1=CC=CC=C1)C2=CC=CC=C2,CNCC(=O)CN(CCc1ccccc1)c1ccccc1,UGCRWWRTTHTMRS-UHFFFAOYSA-N,,"{""mw"": ""282.387"", ""clogp"": ""2.524"", ""tpsa_A2"": ""32.34"", ""hbd"": ""1"", ""hba"": ""3"", ""rotatable_bonds"": ""8"", ""sa_score"": ""2.096"", ""qed"": ""0.8073"", ""pains_alerts"": """", ""brenk_alerts"": """"}",,LIB_CHEMBL1200412,not_searched,,,pilot_5067_generated_selected_not_docked,,,external_source/pilot_selfies_5067_base_fixed_list.csv,pilot_generation,2.096,0.2162,6,6;6,,,,,,,
GEN_JMPOXWXKHRJTHM,,locally_trained_SELFIES_GRU_sampling,selfies_gru_base_v1,"unconditional SELFIES GRU sample; selected for broad structural exploration, not parent-derived",CCNCC1=CC=CC=C1C(=O)NCCC2=CC=CC=C2,CCNCc1ccccc1C(=O)NCCc1ccccc1,JMPOXWXKHRJTHM-UHFFFAOYSA-N,,"{""mw"": ""282.387"", ""clogp"": ""2.769"", ""tpsa_A2"": ""41.13"", ""hbd"": ""2"", ""hba"": ""2"", ""rotatable_bonds"": ""7"", ""sa_score"": ""1.673"", ""qed"": ""0.8196"", ""pains_alerts"": """", ""brenk_alerts"": """"}",,LIB_CHEMBL1200412,not_searched,,,pilot_5067_generated_selected_not_docked,,,external_source/pilot_selfies_5067_base_fixed_list.csv,pilot_generation,1.673,0.2105,6,6;6,,,,,,,
GEN_BVVVPZWMGDHOML,,locally_trained_SELFIES_GRU_sampling,selfies_gru_base_v1,"unconditional SELFIES GRU sample; selected for broad structural exploration, not parent-derived",O=C(O)N1CCN(C)CC(=O)NC2=CC=CC=C2N1,CN1CCN(C(=O)O)Nc2ccccc2NC(=O)C1,BVVVPZWMGDHOML-UHFFFAOYSA-N,,"{""mw"": ""264.285"", ""clogp"": ""0.877"", ""tpsa_A2"": ""84.91"", ""hbd"": ""3"", ""hba"": ""4"", ""rotatable_bonds"": ""0"", ""sa_score"": ""3.116"", ""qed"": ""0.6474"", ""pains_alerts"": """", ""brenk_alerts"": """"}",,LIB_CHEMBL1200412,not_searched,,,pilot_5067_generated_selected_not_docked,,,external_source/pilot_selfies_5067_base_fixed_list.csv,pilot_generation,3.116,0.2105,10,6,,,,,,,
GEN_GJGMKPHTUVIXBQ,,locally_trained_SELFIES_GRU_sampling,selfies_gru_base_v1,"unconditional SELFIES GRU sample; selected for broad structural exploration, not parent-derived",CC1(C)C(C)(C)CCCC[C@H1](O)CCC(=O)C2=CC=CC=C2C1=O,CC1(C)CCCC[C@H](O)CCC(=O)c2ccccc2C(=O)C1(C)C,GJGMKPHTUVIXBQ-HNNXBMFYSA-N,,"{""mw"": ""330.468"", ""clogp"": ""4.82"", ""tpsa_A2"": ""54.37"", ""hbd"": ""1"", ""hba"": ""3"", ""rotatable_bonds"": ""0"", ""sa_score"": ""3.439"", ""qed"": ""0.7418"", ""pains_alerts"": """", ""brenk_alerts"": """"}",,LIB_CHEMBL1200412,not_searched,,,pilot_5067_generated_selected_not_docked,,,external_source/pilot_selfies_5067_base_fixed_list.csv,pilot_generation,3.439,0.2051,13,6,,,,,,,
GEN_RKBPDZQNZVQWFC,,locally_trained_SELFIES_GRU_sampling,selfies_gru_base_v1,"unconditional SELFIES GRU sample; selected for broad structural exploration, not parent-derived",OC(=O)C[NH1]C(=O)OC1=CC=CC=C1CCC2=CC=CC=C2,O=C(O)CNC(=O)Oc1ccccc1CCc1ccccc1,RKBPDZQNZVQWFC-UHFFFAOYSA-N,,"{""mw"": ""299.326"", ""clogp"": ""2.645"", ""tpsa_A2"": ""75.63"", ""hbd"": ""2"", ""hba"": ""3"", ""rotatable_bonds"": ""6"", ""sa_score"": ""1.849"", ""qed"": ""0.8595"", ""pains_alerts"": """", ""brenk_alerts"": """"}",,LIB_CHEMBL1200412,not_searched,,,pilot_5067_generated_selected_not_docked,,,external_source/pilot_selfies_5067_base_fixed_list.csv,pilot_generation,1.849,0.2,6,6;6,,,,,,,
GEN_JSULENNVRGFMFY,,locally_trained_SELFIES_GRU_sampling,selfies_gru_base_v1,"unconditional SELFIES GRU sample; selected for broad structural exploration, not parent-derived",CC1=NC=CC=C1NC2=NC=C(Cl)C=C2,Cc1ncccc1Nc1ccc(Cl)cn1,JSULENNVRGFMFY-UHFFFAOYSA-N,,"{""mw"": ""219.675"", ""clogp"": ""3.182"", ""tpsa_A2"": ""37.81"", ""hbd"": ""1"", ""hba"": ""3"", ""rotatable_bonds"": ""2"", ""sa_score"": ""2.062"", ""qed"": ""0.8432"", ""pains_alerts"": """", ""brenk_alerts"": """"}",,LIB_CHEMBL3894860,not_searched,,,pilot_5067_generated_selected_not_docked,,,external_source/pilot_selfies_5067_base_fixed_list.csv,pilot_generation,2.062,0.2,6,6;6,,,,,,,
GEN_LXSUVLGZFQWAQV,,locally_trained_SELFIES_GRU_sampling,selfies_gru_base_v1,"unconditional SELFIES GRU sample; selected for broad structural exploration, not parent-derived",C1C[C@H1]1OC(=O)NC(=O)NCC(=O)C2=CC=CC=C2,O=C(NCC(=O)c1ccccc1)NC(=O)OC1CC1,LXSUVLGZFQWAQV-UHFFFAOYSA-N,,"{""mw"": ""262.265"", ""clogp"": ""1.468"", ""tpsa_A2"": ""84.5"", ""hbd"": ""2"", ""hba"": ""4"", ""rotatable_bonds"": ""4"", ""sa_score"": ""2.072"", ""qed"": ""0.8046"", ""pains_alerts"": """", ""brenk_alerts"": """"}",,LIB_CHEMBL1200412,not_searched,,,pilot_5067_generated_selected_not_docked,,,external_source/pilot_selfies_5067_base_fixed_list.csv,pilot_generation,2.072,0.1974,6,6,,,,,,,
GEN_BNHGATHTUKPNOI,,locally_trained_SELFIES_GRU_sampling,selfies_gru_base_v1,"unconditional SELFIES GRU sample; selected for broad structural exploration, not parent-derived",CN1CC2=NC=CC=C2CCCCCCCC1=O,CN1Cc2ncccc2CCCCCCCC1=O,BNHGATHTUKPNOI-UHFFFAOYSA-N,,"{""mw"": ""246.354"", ""clogp"": ""2.937"", ""tpsa_A2"": ""33.2"", ""hbd"": ""0"", ""hba"": ""2"", ""rotatable_bonds"": ""0"", ""sa_score"": ""2.746"", ""qed"": ""0.7049"", ""pains_alerts"": """", ""brenk_alerts"": """"}",,LIB_CHEMBL3894860,not_searched,,,pilot_5067_generated_selected_not_docked,,,external_source/pilot_selfies_5067_base_fixed_list.csv,pilot_generation,2.746,0.1948,12,6,,,,,,,
GEN_KCEACMLUCCJQHM,,locally_trained_SELFIES_GRU_sampling,selfies_gru_base_v1,"unconditional SELFIES GRU sample; selected for broad structural exploration, not parent-derived",CNC(=O)C1=CC=C2C(=C1)OCO2,CNC(=O)c1ccc2c(c1)OCO2,KCEACMLUCCJQHM-UHFFFAOYSA-N,,"{""mw"": ""179.175"", ""clogp"": ""0.775"", ""tpsa_A2"": ""47.56"", ""hbd"": ""1"", ""hba"": ""3"", ""rotatable_bonds"": ""1"", ""sa_score"": ""1.762"", ""qed"": ""0.6924"", ""pains_alerts"": """", ""brenk_alerts"": """"}",,LIB_CHEMBL2103870,not_searched,,,pilot_5067_generated_selected_not_docked,,,external_source/pilot_selfies_5067_base_fixed_list.csv,pilot_generation,1.762,0.1944,6,6,,,,,,,
GEN_WTKHTJIKRMSGKC,,locally_trained_SELFIES_GRU_sampling,selfies_gru_base_v1,"unconditional SELFIES GRU sample; selected for broad structural exploration, not parent-derived",CC1=CC=CN=C1C(=O)NC2=CC3=CC=C2NCCN(C)C(=O)OC3,Cc1cccnc1C(=O)Nc1cc2ccc1NCCN(C)C(=O)OC2,WTKHTJIKRMSGKC-UHFFFAOYSA-N,,"{""mw"": ""340.383"", ""clogp"": ""2.636"", ""tpsa_A2"": ""83.56"", ""hbd"": ""2"", ""hba"": ""5"", ""rotatable_bonds"": ""2"", ""sa_score"": ""4.021"", ""qed"": ""0.878"", ""pains_alerts"": """", ""brenk_alerts"": """"}",,LIB_CHEMBL1983268,not_searched,,,pilot_5067_generated_selected_not_docked,,,external_source/pilot_selfies_5067_base_fixed_list.csv,pilot_generation,4.021,0.1942,11,6;6,,,,,,,
GEN_GNOFKHUWYJOONC,,locally_trained_SELFIES_GRU_sampling,selfies_gru_base_v1,"unconditional SELFIES GRU sample; selected for broad structural exploration, not parent-derived",O=C(O)CC(C)(C)CC1=CC=CC=C1,CC(C)(CC(=O)O)Cc1ccccc1,GNOFKHUWYJOONC-UHFFFAOYSA-N,,"{""mw"": ""192.258"", ""clogp"": ""2.73"", ""tpsa_A2"": ""37.3"", ""hbd"": ""1"", ""hba"": ""1"", ""rotatable_bonds"": ""4"", ""sa_score"": ""1.836"", ""qed"": ""0.796"", ""pains_alerts"": """", ""brenk_alerts"": """"}",,LIB_CHEMBL1200412,not_searched,,,pilot_5067_generated_selected_not_docked,,,external_source/pilot_selfies_5067_base_fixed_list.csv,pilot_generation,1.836,0.194,6,6,,,,,,,
GEN_GRXKTWZUACSBPZ,,locally_trained_SELFIES_GRU_sampling,selfies_gru_base_v1,"unconditional SELFIES GRU sample; selected for broad structural exploration, not parent-derived",O=C(N)NC(=O)C1=CC=C(F)C=C1C2CCCCC2,NC(=O)NC(=O)c1ccc(F)cc1C1CCCCC1,GRXKTWZUACSBPZ-UHFFFAOYSA-N,,"{""mw"": ""264.3"", ""clogp"": ""2.682"", ""tpsa_A2"": ""72.19"", ""hbd"": ""2"", ""hba"": ""2"", ""rotatable_bonds"": ""2"", ""sa_score"": ""2.123"", ""qed"": ""0.8616"", ""pains_alerts"": """", ""brenk_alerts"": """"}",,LIB_CHEMBL1983268,not_searched,,,pilot_5067_generated_selected_not_docked,,,external_source/pilot_selfies_5067_base_fixed_list.csv,pilot_generation,2.123,0.191,6,6,,,,,,,
GEN_VIAYVEPNAFCFGV,,locally_trained_SELFIES_GRU_sampling,selfies_gru_base_v1,"unconditional SELFIES GRU sample; selected for broad structural exploration, not parent-derived",CCC(=O)[NH1]C1=CC=CN=C1CC(=O)C2=CC=CC=C2,CCC(=O)Nc1cccnc1CC(=O)c1ccccc1,VIAYVEPNAFCFGV-UHFFFAOYSA-N,,"{""mw"": ""268.316"", ""clogp"": ""2.856"", ""tpsa_A2"": ""59.06"", ""hbd"": ""1"", ""hba"": ""3"", ""rotatable_bonds"": ""5"", ""sa_score"": ""1.981"", ""qed"": ""0.8482"", ""pains_alerts"": """", ""brenk_alerts"": """"}",,LIB_CHEMBL461101,not_searched,,,pilot_5067_generated_selected_not_docked,,,external_source/pilot_selfies_5067_base_fixed_list.csv,pilot_generation,1.981,0.1899,6,6;6,,,,,,,
GEN_AYQLATFFHJQNJJ,,locally_trained_SELFIES_GRU_sampling,selfies_gru_base_v1,"unconditional SELFIES GRU sample; selected for broad structural exploration, not parent-derived",C1COCCN(C(=O)C2=CC=C(Cl)C=C2OCC)C1,CCOc1cc(Cl)ccc1C(=O)N1CCCOCC1,AYQLATFFHJQNJJ-UHFFFAOYSA-N,,"{""mw"": ""283.755"", ""clogp"": ""2.601"", ""tpsa_A2"": ""38.77"", ""hbd"": ""0"", ""hba"": ""3"", ""rotatable_bonds"": ""3"", ""sa_score"": ""1.915"", ""qed"": ""0.8558"", ""pains_alerts"": """", ""brenk_alerts"": """"}",,LIB_CHEMBL1983268,not_searched,,,pilot_5067_generated_selected_not_docked,,,external_source/pilot_selfies_5067_base_fixed_list.csv,pilot_generation,1.915,0.1895,7,6,,,,,,,
GEN_RVORDDVENPTLJK,,locally_trained_SELFIES_GRU_sampling,selfies_gru_base_v1,"unconditional SELFIES GRU sample; selected for broad structural exploration, not parent-derived",NC(C)(C)C1=CC=CC=C1C(=O)OCC2=CC=CC=C2,CC(C)(N)c1ccccc1C(=O)OCc1ccccc1,RVORDDVENPTLJK-UHFFFAOYSA-N,,"{""mw"": ""269.344"", ""clogp"": ""3.237"", ""tpsa_A2"": ""52.32"", ""hbd"": ""1"", ""hba"": ""3"", ""rotatable_bonds"": ""4"", ""sa_score"": ""1.864"", ""qed"": ""0.8669"", ""pains_alerts"": """", ""brenk_alerts"": """"}",,LIB_CHEMBL1200412,not_searched,,,pilot_5067_generated_selected_not_docked,,,external_source/pilot_selfies_5067_base_fixed_list.csv,pilot_generation,1.864,0.1867,6,6;6,,,,,,,
GEN_WOBUFVSJOSSNLC,,locally_trained_SELFIES_GRU_sampling,selfies_gru_base_v1,"unconditional SELFIES GRU sample; selected for broad structural exploration, not parent-derived",CCOC(=O)O[C@H1]1CCN[C@@H1]1CCCC2=CC=CC=C2O,CCOC(=O)O[C@H]1CCN[C@@H]1CCCc1ccccc1O,WOBUFVSJOSSNLC-HIFRSBDPSA-N,,"{""mw"": ""293.363"", ""clogp"": ""2.619"", ""tpsa_A2"": ""67.79"", ""hbd"": ""2"", ""hba"": ""5"", ""rotatable_bonds"": ""6"", ""sa_score"": ""3.344"", ""qed"": ""0.7892"", ""pains_alerts"": """", ""brenk_alerts"": """"}",,LIB_CHEMBL1200412,not_searched,,,pilot_5067_generated_selected_not_docked,,,external_source/pilot_selfies_5067_base_fixed_list.csv,pilot_generation,3.344,0.186,6,6,,,,,,,
GEN_KHQABCJYZSUILB,,locally_trained_SELFIES_GRU_sampling,selfies_gru_base_v1,"unconditional SELFIES GRU sample; selected for broad structural exploration, not parent-derived",CC[NH1]C(=O)C1=CC2=CC=C1NC2=O,CCNC(=O)c1cc2ccc1[nH]c2=O,KHQABCJYZSUILB-UHFFFAOYSA-N,,"{""mw"": ""190.202"", ""clogp"": ""0.716"", ""tpsa_A2"": ""61.96"", ""hbd"": ""2"", ""hba"": ""2"", ""rotatable_bonds"": ""2"", ""sa_score"": ""3.132"", ""qed"": ""0.7324"", ""pains_alerts"": """", ""brenk_alerts"": """"}",,LIB_CHEMBL1983268,not_searched,,,pilot_5067_generated_selected_not_docked,,,external_source/pilot_selfies_5067_base_fixed_list.csv,pilot_generation,3.132,0.186,6,6;6;6,,,,,,,
GEN_JCZZNJHWTMTZRH,,locally_trained_SELFIES_GRU_sampling,selfies_gru_base_v1,"unconditional SELFIES GRU sample; selected for broad structural exploration, not parent-derived",O=C(O)CC1=CC=CC=C1CCOC2=CC=CC=C2,O=C(O)Cc1ccccc1CCOc1ccccc1,JCZZNJHWTMTZRH-UHFFFAOYSA-N,,"{""mw"": ""256.301"", ""clogp"": ""2.935"", ""tpsa_A2"": ""46.53"", ""hbd"": ""1"", ""hba"": ""2"", ""rotatable_bonds"": ""6"", ""sa_score"": ""1.68"", ""qed"": ""0.864"", ""pains_alerts"": """", ""brenk_alerts"": """"}",,LIB_CHEMBL1200412,not_searched,,,pilot_5067_generated_selected_not_docked,,,external_source/pilot_selfies_5067_base_fixed_list.csv,pilot_generation,1.68,0.1831,6,6;6,,,,,,,
GEN_GSPQOMJGYPAQIU,,locally_trained_SELFIES_GRU_sampling,selfies_gru_base_v1,"unconditional SELFIES GRU sample; selected for broad structural exploration, not parent-derived",C1CCCCCN(C)CC(=O)C2=CC=CC(Cl)=C2NC1,CN1CCCCCCCNc2c(Cl)cccc2C(=O)C1,GSPQOMJGYPAQIU-UHFFFAOYSA-N,,"{""mw"": ""294.826"", ""clogp"": ""3.831"", ""tpsa_A2"": ""32.34"", ""hbd"": ""1"", ""hba"": ""3"", ""rotatable_bonds"": ""0"", ""sa_score"": ""2.867"", ""qed"": ""0.7891"", ""pains_alerts"": """", ""brenk_alerts"": """"}",,LIB_CHEMBL3894860,not_searched,,,pilot_5067_generated_selected_not_docked,,,external_source/pilot_selfies_5067_base_fixed_list.csv,pilot_generation,2.867,0.1829,13,6,,,,,,,
GEN_IQWBTYNUUJBQNF,,locally_trained_SELFIES_GRU_sampling,selfies_gru_base_v1,"unconditional SELFIES GRU sample; selected for broad structural exploration, not parent-derived",CCN1C=CC=C(C(=O)O)C=C1C2=CC=CC=C2,CCN1C=CC=C(C(=O)O)C=C1c1ccccc1,IQWBTYNUUJBQNF-UHFFFAOYSA-N,,"{""mw"": ""241.29"", ""clogp"": ""2.888"", ""tpsa_A2"": ""40.54"", ""hbd"": ""1"", ""hba"": ""2"", ""rotatable_bonds"": ""3"", ""sa_score"": ""2.836"", ""qed"": ""0.8842"", ""pains_alerts"": """", ""brenk_alerts"": """"}",,LIB_CHEMBL461101,not_searched,,,pilot_5067_generated_selected_not_docked,,,external_source/pilot_selfies_5067_base_fixed_list.csv,pilot_generation,2.836,0.1818,7,6,,,,,,,
GEN_TXZOSGJDERDZNS,,locally_trained_SELFIES_GRU_sampling,selfies_gru_base_v1,"unconditional SELFIES GRU sample; selected for broad structural exploration, not parent-derived",CCCC(=O)NC1=CC=CC2=C1OCC2,CCCC(=O)Nc1cccc2c1OCC2,TXZOSGJDERDZNS-UHFFFAOYSA-N,,"{""mw"": ""205.257"", ""clogp"": ""2.36"", ""tpsa_A2"": ""38.33"", ""hbd"": ""1"", ""hba"": ""2"", ""rotatable_bonds"": ""3"", ""sa_score"": ""2.087"", ""qed"": ""0.8222"", ""pains_alerts"": """", ""brenk_alerts"": """"}",,LIB_CHEMBL1983268,not_searched,,,pilot_5067_generated_selected_not_docked,,,external_source/pilot_selfies_5067_base_fixed_list.csv,pilot_generation,2.087,0.1778,6,6,,,,,,,
GEN_SQBHYHMSUGQTSN,,locally_trained_SELFIES_GRU_sampling,selfies_gru_base_v1,"unconditional SELFIES GRU sample; selected for broad structural exploration, not parent-derived",CC1=CC=CC=C1CS(=O)(=O)C2=CC=CC=C2NC(C)=O,CC(=O)Nc1ccccc1S(=O)(=O)Cc1ccccc1C,SQBHYHMSUGQTSN-UHFFFAOYSA-N,,"{""mw"": ""303.383"", ""clogp"": ""2.927"", ""tpsa_A2"": ""63.24"", ""hbd"": ""1"", ""hba"": ""3"", ""rotatable_bonds"": ""4"", ""sa_score"": ""1.89"", ""qed"": ""0.9443"", ""pains_alerts"": """", ""brenk_alerts"": """"}",,LIB_CHEMBL2103870,not_searched,,,pilot_5067_generated_selected_not_docked,,,external_source/pilot_selfies_5067_base_fixed_list.csv,pilot_generation,1.89,0.1772,6,6;6,,,,,,,
GEN_NUFVXMUOHGEXJW,,locally_trained_SELFIES_GRU_sampling,selfies_gru_base_v1,"unconditional SELFIES GRU sample; selected for broad structural exploration, not parent-derived",CC(=O)[C@@]1(O)C[C@@H1](O)CC[C@H1](O)CNC2=CC=CC=C21,CC(=O)[C@@]1(O)C[C@@H](O)CC[C@H](O)CNc2ccccc21,NUFVXMUOHGEXJW-HUBLWGQQSA-N,,"{""mw"": ""279.336"", ""clogp"": ""0.781"", ""tpsa_A2"": ""89.79"", ""hbd"": ""4"", ""hba"": ""5"", ""rotatable_bonds"": ""1"", ""sa_score"": ""4.231"", ""qed"": ""0.6098"", ""pains_alerts"": """", ""brenk_alerts"": """"}",,LIB_CHEMBL1200412,not_searched,,,pilot_5067_generated_selected_not_docked,,,external_source/pilot_selfies_5067_base_fixed_list.csv,pilot_generation,4.231,0.1772,10,6,,,,,,,
GEN_MZVVAYMBSWHWQO,,locally_trained_SELFIES_GRU_sampling,selfies_gru_base_v1,"unconditional SELFIES GRU sample; selected for broad structural exploration, not parent-derived",CCCCC(=O)OCC(=O)NCC(=O)C1=CC=CC=C1,CCCCC(=O)OCC(=O)NCC(=O)c1ccccc1,MZVVAYMBSWHWQO-UHFFFAOYSA-N,,"{""mw"": ""277.32"", ""clogp"": ""1.719"", ""tpsa_A2"": ""72.47"", ""hbd"": ""1"", ""hba"": ""4"", ""rotatable_bonds"": ""8"", ""sa_score"": ""1.779"", ""qed"": ""0.5798"", ""pains_alerts"": """", ""brenk_alerts"": """"}",,LIB_CHEMBL1200412,not_searched,,,pilot_5067_generated_selected_not_docked,,,external_source/pilot_selfies_5067_base_fixed_list.csv,pilot_generation,1.779,0.1772,6,6,,,,,,,
GEN_NLAFMKLXCHDFRG,,locally_trained_SELFIES_GRU_sampling,selfies_gru_base_v1,"unconditional SELFIES GRU sample; selected for broad structural exploration, not parent-derived",NC(=O)CC(C=CC1=CC=CC=C12)=CC=CC=C2,NC(=O)Cc1cccccc2ccccc2cc1,NLAFMKLXCHDFRG-UHFFFAOYSA-N,,"{""mw"": ""237.302"", ""clogp"": ""2.992"", ""tpsa_A2"": ""43.09"", ""hbd"": ""1"", ""hba"": ""1"", ""rotatable_bonds"": ""2"", ""sa_score"": ""1.879"", ""qed"": ""0.8569"", ""pains_alerts"": """", ""brenk_alerts"": """"}",,LIB_CHEMBL1200412,not_searched,,,pilot_5067_generated_selected_not_docked,,,external_source/pilot_selfies_5067_base_fixed_list.csv,pilot_generation,1.879,0.1765,10,6;10,aromatic_ring_size_ge_8_requires_chemistry_review,,,,,,
GEN_DORMVVYZITUZCG,,locally_trained_SELFIES_GRU_sampling,selfies_gru_base_v1,"unconditional SELFIES GRU sample; selected for broad structural exploration, not parent-derived",C1C=C1C(=O)NC2=NC=CC=CC=CC=C2,O=C(Nc1ccccccccn1)C1=CC1,DORMVVYZITUZCG-UHFFFAOYSA-N,,"{""mw"": ""212.252"", ""clogp"": ""2.475"", ""tpsa_A2"": ""41.99"", ""hbd"": ""1"", ""hba"": ""2"", ""rotatable_bonds"": ""2"", ""sa_score"": ""2.371"", ""qed"": ""0.8178"", ""pains_alerts"": """", ""brenk_alerts"": """"}",,LIB_CHEMBL2103870,not_searched,,,pilot_5067_generated_selected_not_docked,,,external_source/pilot_selfies_5067_base_fixed_list.csv,pilot_generation,2.371,0.1757,10,10,aromatic_ring_size_ge_8_requires_chemistry_review,,,,,,
GEN_ZTDGQOZYEXWXCH,,locally_trained_SELFIES_GRU_sampling,selfies_gru_base_v1,"unconditional SELFIES GRU sample; selected for broad structural exploration, not parent-derived",CC(C)CC(=O)NCN(C1)C=CC=C(C2=CC=CC=C2)C1=O,CC(C)CC(=O)NCN1C=CC=C(c2ccccc2)C(=O)C1,ZTDGQOZYEXWXCH-UHFFFAOYSA-N,,"{""mw"": ""298.386"", ""clogp"": ""2.588"", ""tpsa_A2"": ""49.41"", ""hbd"": ""1"", ""hba"": ""3"", ""rotatable_bonds"": ""5"", ""sa_score"": ""2.873"", ""qed"": ""0.9087"", ""pains_alerts"": """", ""brenk_alerts"": """"}",,LIB_CHEMBL461101,not_searched,,,pilot_5067_generated_selected_not_docked,,,external_source/pilot_selfies_5067_base_fixed_list.csv,pilot_generation,2.873,0.1744,7,6,,,,,,,
GEN_MZNKILAWVUGGEZ,,locally_trained_SELFIES_GRU_sampling,selfies_gru_base_v1,"unconditional SELFIES GRU sample; selected for broad structural exploration, not parent-derived",CCC1=NC=CC=C1OC2=CC=CC=C2CNCC(=O)CC3=CC=CC=C3,CCc1ncccc1Oc1ccccc1CNCC(=O)Cc1ccccc1,MZNKILAWVUGGEZ-UHFFFAOYSA-N,,"{""mw"": ""360.457"", ""clogp"": ""4.338"", ""tpsa_A2"": ""51.22"", ""hbd"": ""1"", ""hba"": ""4"", ""rotatable_bonds"": ""9"", ""sa_score"": ""2.251"", ""qed"": ""0.6167"", ""pains_alerts"": """", ""brenk_alerts"": """"}",,LIB_CHEMBL1200412,not_searched,,,pilot_5067_generated_selected_not_docked,,,external_source/pilot_selfies_5067_base_fixed_list.csv,pilot_generation,2.251,0.1744,6,6;6;6,,,,,,,
GEN_KQVKQWTYVWTFJZ,,locally_trained_SELFIES_GRU_sampling,selfies_gru_base_v1,"unconditional SELFIES GRU sample; selected for broad structural exploration, not parent-derived",O=C(C1=CC2=CN=C1)N2CC3=CC=CC=C3,O=C1c2cncc(c2)N1Cc1ccccc1,KQVKQWTYVWTFJZ-UHFFFAOYSA-N,,"{""mw"": ""210.236"", ""clogp"": ""2.242"", ""tpsa_A2"": ""33.2"", ""hbd"": ""0"", ""hba"": ""2"", ""rotatable_bonds"": ""2"", ""sa_score"": ""2.878"", ""qed"": ""0.7612"", ""pains_alerts"": """", ""brenk_alerts"": """"}",,LIB_CHEMBL461101,not_searched,,,pilot_5067_generated_selected_not_docked,,,external_source/pilot_selfies_5067_base_fixed_list.csv,pilot_generation,2.878,0.1733,6,6;6,,,,,,,
GEN_IDVRUYGMZXILPJ,,locally_trained_SELFIES_GRU_sampling,selfies_gru_base_v1,"unconditional SELFIES GRU sample; selected for broad structural exploration, not parent-derived",COC1=CC=NC2=C1OCC[C@H1]2[C@@H1](O)CC(=O)CNC(=O)C3=CC=CC=C3C,COc1ccnc2c1OCC[C@H]2[C@@H](O)CC(=O)CNC(=O)c1ccccc1C,IDVRUYGMZXILPJ-IRXDYDNUSA-N,,"{""mw"": ""384.432"", ""clogp"": ""2.015"", ""tpsa_A2"": ""97.75"", ""hbd"": ""2"", ""hba"": ""6"", ""rotatable_bonds"": ""7"", ""sa_score"": ""3.48"", ""qed"": ""0.7579"", ""pains_alerts"": """", ""brenk_alerts"": """"}",,LIB_CHEMBL1983268,not_searched,,,pilot_5067_generated_selected_not_docked,,,external_source/pilot_selfies_5067_base_fixed_list.csv,pilot_generation,3.48,0.1727,6,6;6,,,,,,,
GEN_LFMIOWDTGNMJER,,locally_trained_SELFIES_GRU_sampling,selfies_gru_base_v1,"unconditional SELFIES GRU sample; selected for broad structural exploration, not parent-derived",C1CCCCCCC2=CC=CN=C2C3=CC=C(F)C=C3ONC1=O,O=C1CCCCCCCc2cccnc2-c2ccc(F)cc2ON1,LFMIOWDTGNMJER-UHFFFAOYSA-N,,"{""mw"": ""328.387"", ""clogp"": ""4.194"", ""tpsa_A2"": ""51.22"", ""hbd"": ""1"", ""hba"": ""3"", ""rotatable_bonds"": ""0"", ""sa_score"": ""3.04"", ""qed"": ""0.7886"", ""pains_alerts"": """", ""brenk_alerts"": """"}",,LIB_CHEMBL3894860,not_searched,,,pilot_5067_generated_selected_not_docked,,,external_source/pilot_selfies_5067_base_fixed_list.csv,pilot_generation,3.04,0.1724,14,6;6,,,,,,,
GEN_NVCAVGKVVGMRGR,,locally_trained_SELFIES_GRU_sampling,selfies_gru_base_v1,"unconditional SELFIES GRU sample; selected for broad structural exploration, not parent-derived",O1C=CC=C1CNC(=O)OCC,CCOC(=O)NCc1ccco1,NVCAVGKVVGMRGR-UHFFFAOYSA-N,,"{""mw"": ""169.18"", ""clogp"": ""1.526"", ""tpsa_A2"": ""51.47"", ""hbd"": ""1"", ""hba"": ""3"", ""rotatable_bonds"": ""3"", ""sa_score"": ""1.88"", ""qed"": ""0.7459"", ""pains_alerts"": """", ""brenk_alerts"": """"}",,LIB_CHEMBL254316,not_searched,,,pilot_5067_generated_selected_not_docked,,,external_source/pilot_selfies_5067_base_fixed_list.csv,pilot_generation,1.88,0.1711,5,5,,,,,,,
GEN_OGNNUYPIDLYPRS,,locally_trained_SELFIES_GRU_sampling,selfies_gru_base_v1,"unconditional SELFIES GRU sample; selected for broad structural exploration, not parent-derived",CNCCC(=O)[NH1]C1=NC=CC=C1,CNCCC(=O)Nc1ccccn1,OGNNUYPIDLYPRS-UHFFFAOYSA-N,,"{""mw"": ""179.223"", ""clogp"": ""0.63"", ""tpsa_A2"": ""54.02"", ""hbd"": ""2"", ""hba"": ""3"", ""rotatable_bonds"": ""4"", ""sa_score"": ""1.853"", ""qed"": ""0.7124"", ""pains_alerts"": """", ""brenk_alerts"": """"}",,LIB_CHEMBL2103870,not_searched,,,pilot_5067_generated_selected_not_docked,,,external_source/pilot_selfies_5067_base_fixed_list.csv,pilot_generation,1.853,0.1711,6,6,,,,,,,
GEN_CFJOJLMOYCLFEO,,locally_trained_SELFIES_GRU_sampling,selfies_gru_base_v1,"unconditional SELFIES GRU sample; selected for broad structural exploration, not parent-derived",C1OC(=O)NC2=NC=CC=C2C1,O=C1Nc2ncccc2CCO1,CFJOJLMOYCLFEO-UHFFFAOYSA-N,,"{""mw"": ""164.164"", ""clogp"": ""1.186"", ""tpsa_A2"": ""51.22"", ""hbd"": ""1"", ""hba"": ""3"", ""rotatable_bonds"": ""0"", ""sa_score"": ""2.539"", ""qed"": ""0.6261"", ""pains_alerts"": """", ""brenk_alerts"": """"}",,LIB_CHEMBL3894860,not_searched,,,pilot_5067_generated_selected_not_docked,,,external_source/pilot_selfies_5067_base_fixed_list.csv,pilot_generation,2.539,0.1711,7,6,,,,,,,
GEN_MMFWTBZWKDTXKJ,,locally_trained_SELFIES_GRU_sampling,selfies_gru_base_v1,"unconditional SELFIES GRU sample; selected for broad structural exploration, not parent-derived",N1C=NC=C2C=C/C(=O)C3=CC(F)=CC=C3C2=CC=C1O,O=c1ccc2cnc[nH]c(O)ccc2c2ccc(F)cc12,MMFWTBZWKDTXKJ-UHFFFAOYSA-N,,"{""mw"": ""282.274"", ""clogp"": ""3.045"", ""tpsa_A2"": ""65.98"", ""hbd"": ""2"", ""hba"": ""3"", ""rotatable_bonds"": ""0"", ""sa_score"": ""3.053"", ""qed"": ""0.6657"", ""pains_alerts"": """", ""brenk_alerts"": """"}",,LIB_CHEMBL254316,not_searched,,,pilot_5067_generated_selected_not_docked,,,external_source/pilot_selfies_5067_base_fixed_list.csv,pilot_generation,3.053,0.1707,9,6;7;9,aromatic_ring_size_ge_8_requires_chemistry_review,,,,,,
GEN_ADFKGPFIHZGHTJ,,locally_trained_SELFIES_GRU_sampling,selfies_gru_base_v1,"unconditional SELFIES GRU sample; selected for broad structural exploration, not parent-derived",C1CCC=C(CCC(=O)N)C2=CC=CC=C21,NC(=O)CCC1=CCCCc2ccccc21,ADFKGPFIHZGHTJ-UHFFFAOYSA-N,,"{""mw"": ""215.296"", ""clogp"": ""2.672"", ""tpsa_A2"": ""43.09"", ""hbd"": ""1"", ""hba"": ""1"", ""rotatable_bonds"": ""3"", ""sa_score"": ""2.283"", ""qed"": ""0.8272"", ""pains_alerts"": """", ""brenk_alerts"": """"}",,LIB_CHEMBL1200412,not_searched,,,pilot_5067_generated_selected_not_docked,,,external_source/pilot_selfies_5067_base_fixed_list.csv,pilot_generation,2.283,0.1688,7,6,,,,,,,
GEN_RXAHPEDEHJIHGP,,locally_trained_SELFIES_GRU_sampling,selfies_gru_base_v1,"unconditional SELFIES GRU sample; selected for broad structural exploration, not parent-derived",CC1=CC=CC(=C1)[C@H1](OC2CCCCC2)C(N)=O,Cc1cccc([C@H](OC2CCCCC2)C(N)=O)c1,RXAHPEDEHJIHGP-AWEZNQCLSA-N,,"{""mw"": ""247.338"", ""clogp"": ""2.871"", ""tpsa_A2"": ""52.32"", ""hbd"": ""1"", ""hba"": ""2"", ""rotatable_bonds"": ""4"", ""sa_score"": ""2.657"", ""qed"": ""0.8891"", ""pains_alerts"": """", ""brenk_alerts"": """"}",,LIB_CHEMBL4582651,not_searched,,,pilot_5067_generated_selected_not_docked,,,external_source/pilot_selfies_5067_base_fixed_list.csv,pilot_generation,2.657,0.1667,6,6,,,,,,,
GEN_OFTCXBKRZUXYIY,,locally_trained_SELFIES_GRU_sampling,selfies_gru_base_v1,"unconditional SELFIES GRU sample; selected for broad structural exploration, not parent-derived",CCCC1=CC=CC=C1OCC(=O)NC2=CC=CC=C2,CCCc1ccccc1OCC(=O)Nc1ccccc1,OFTCXBKRZUXYIY-UHFFFAOYSA-N,,"{""mw"": ""269.344"", ""clogp"": ""3.657"", ""tpsa_A2"": ""38.33"", ""hbd"": ""1"", ""hba"": ""2"", ""rotatable_bonds"": ""6"", ""sa_score"": ""1.513"", ""qed"": ""0.8688"", ""pains_alerts"": """", ""brenk_alerts"": """"}",,LIB_CHEMBL1200412,not_searched,,,pilot_5067_generated_selected_not_docked,,,external_source/pilot_selfies_5067_base_fixed_list.csv,pilot_generation,1.513,0.1667,6,6;6,,,,,,,
GEN_DXIQJUICSROFAR,,locally_trained_SELFIES_GRU_sampling,selfies_gru_base_v1,"unconditional SELFIES GRU sample; selected for broad structural exploration, not parent-derived",CS(=O)(=O)C1=CC2=C(Cl)C=C1NC(=O)C3=CC=C(F)C=C3CC2,CS(=O)(=O)c1cc2c(Cl)cc1NC(=O)c1ccc(F)cc1CC2,DXIQJUICSROFAR-UHFFFAOYSA-N,,"{""mw"": ""353.802"", ""clogp"": ""3.234"", ""tpsa_A2"": ""63.24"", ""hbd"": ""1"", ""hba"": ""3"", ""rotatable_bonds"": ""1"", ""sa_score"": ""3.775"", ""qed"": ""0.8557"", ""pains_alerts"": """", ""brenk_alerts"": """"}",,LIB_CHEMBL4204794,not_searched,,,pilot_5067_generated_selected_not_docked,,,external_source/pilot_selfies_5067_base_fixed_list.csv,pilot_generation,3.775,0.1667,10,6;6,,,,,,,
GEN_JLSCPBUQGCBZRF,,locally_trained_SELFIES_GRU_sampling,selfies_gru_base_v1,"unconditional SELFIES GRU sample; selected for broad structural exploration, not parent-derived",CC(=O)CN1C(C)=CNC(F)=CC=C1,CC(=O)Cn1cccc(F)[nH]cc1C,JLSCPBUQGCBZRF-UHFFFAOYSA-N,,"{""mw"": ""196.225"", ""clogp"": ""1.977"", ""tpsa_A2"": ""37.79"", ""hbd"": ""1"", ""hba"": ""1"", ""rotatable_bonds"": ""2"", ""sa_score"": ""3.226"", ""qed"": ""0.7712"", ""pains_alerts"": """", ""brenk_alerts"": """"}",,LIB_CHEMBL254316,not_searched,,,pilot_5067_generated_selected_not_docked,,,external_source/pilot_selfies_5067_base_fixed_list.csv,pilot_generation,3.226,0.1667,8,8,aromatic_ring_size_ge_8_requires_chemistry_review,,,,,,
GEN_BMYDBOOHOLKUDT,,locally_trained_SELFIES_GRU_sampling,selfies_gru_base_v1,"unconditional SELFIES GRU sample; selected for broad structural exploration, not parent-derived",C1C=CC(Cl)=CN=C1NC(=O)C2=CC=CC3=C2C(=O)OCOC3,O=C(NC1=NC=C(Cl)C=CC1)c1cccc2c1C(=O)OCOC2,BMYDBOOHOLKUDT-UHFFFAOYSA-N,,"{""mw"": ""332.743"", ""clogp"": ""2.5"", ""tpsa_A2"": ""76.99"", ""hbd"": ""1"", ""hba"": ""5"", ""rotatable_bonds"": ""1"", ""sa_score"": ""3.397"", ""qed"": ""0.8015"", ""pains_alerts"": """", ""brenk_alerts"": """"}",,LIB_CHEMBL1983268,not_searched,,,pilot_5067_generated_selected_not_docked,,,external_source/pilot_selfies_5067_base_fixed_list.csv,pilot_generation,3.397,0.165,7,6,,,,,,,
GEN_MHLAZPLYYDLPSN,,locally_trained_SELFIES_GRU_sampling,selfies_gru_base_v1,"unconditional SELFIES GRU sample; selected for broad structural exploration, not parent-derived",CCCC(=O)NC(=O)C1=CC=C2C=C1SC2,CCCC(=O)NC(=O)c1ccc2cc1SC2,MHLAZPLYYDLPSN-UHFFFAOYSA-N,,"{""mw"": ""235.308"", ""clogp"": ""2.349"", ""tpsa_A2"": ""46.17"", ""hbd"": ""1"", ""hba"": ""3"", ""rotatable_bonds"": ""3"", ""sa_score"": ""3.427"", ""qed"": ""0.8744"", ""pains_alerts"": """", ""brenk_alerts"": """"}",,LIB_CHEMBL1983268,not_searched,,,pilot_5067_generated_selected_not_docked,,,external_source/pilot_selfies_5067_base_fixed_list.csv,pilot_generation,3.427,0.1648,6,6,,,,,,,
GEN_GMYMTPMHURNGGC,,locally_trained_SELFIES_GRU_sampling,selfies_gru_base_v1,"unconditional SELFIES GRU sample; selected for broad structural exploration, not parent-derived",CCCCN(C)CC(=O)CC[C@@](C)(O)C1=CC=C(O)C(C2=CC=CC=C2)=C1,CCCCN(C)CC(=O)CC[C@@](C)(O)c1ccc(O)c(-c2ccccc2)c1,GMYMTPMHURNGGC-HSZRJFAPSA-N,,"{""mw"": ""369.505"", ""clogp"": ""4.348"", ""tpsa_A2"": ""60.77"", ""hbd"": ""2"", ""hba"": ""4"", ""rotatable_bonds"": ""10"", ""sa_score"": ""2.914"", ""qed"": ""0.6536"", ""pains_alerts"": """", ""brenk_alerts"": """"}",,LIB_CHEMBL461101,not_searched,,,pilot_5067_generated_selected_not_docked,,,external_source/pilot_selfies_5067_base_fixed_list.csv,pilot_generation,2.914,0.1648,6,6;6,,,,,,,
GEN_IFEDXZGGFGDDAM,,locally_trained_SELFIES_GRU_sampling,selfies_gru_base_v1,"unconditional SELFIES GRU sample; selected for broad structural exploration, not parent-derived",COC1=CC=CNC(=O)N2C=C(CC)C=C(Cl)C=C21,CCc1cc(Cl)cc2c(OC)ccc[nH]c(=O)n-2c1,IFEDXZGGFGDDAM-UHFFFAOYSA-N,,"{""mw"": ""278.739"", ""clogp"": ""2.952"", ""tpsa_A2"": ""47.02"", ""hbd"": ""1"", ""hba"": ""2"", ""rotatable_bonds"": ""2"", ""sa_score"": ""2.469"", ""qed"": ""0.918"", ""pains_alerts"": """", ""brenk_alerts"": """"}",,LIB_CHEMBL254316,not_searched,,,pilot_5067_generated_selected_not_docked,,,external_source/pilot_selfies_5067_base_fixed_list.csv,pilot_generation,2.469,0.1647,8,7;8,aromatic_ring_size_ge_8_requires_chemistry_review,,,,,,
GEN_DSHAXGHOOSCOMD,,locally_trained_SELFIES_GRU_sampling,selfies_gru_base_v1,"unconditional SELFIES GRU sample; selected for broad structural exploration, not parent-derived",O=C(O)NC(=O)CN(C1)C2=CC=CC=C2NC(=O)C3=CC=CC=C31,O=C(O)NC(=O)CN1Cc2ccccc2C(=O)Nc2ccccc21,DSHAXGHOOSCOMD-UHFFFAOYSA-N,,"{""mw"": ""325.324"", ""clogp"": ""2.053"", ""tpsa_A2"": ""98.74"", ""hbd"": ""3"", ""hba"": ""4"", ""rotatable_bonds"": ""2"", ""sa_score"": ""2.343"", ""qed"": ""0.7847"", ""pains_alerts"": """", ""brenk_alerts"": """"}",,LIB_CHEMBL461101,not_searched,,,pilot_5067_generated_selected_not_docked,,,external_source/pilot_selfies_5067_base_fixed_list.csv,pilot_generation,2.343,0.1647,8,6;6,,,,,,,
GEN_OVBSRWGEBTUNQN,,locally_trained_SELFIES_GRU_sampling,selfies_gru_base_v1,"unconditional SELFIES GRU sample; selected for broad structural exploration, not parent-derived",OC1=CC=CC=C1N(C)C(=O)NCC2CCCCC2,CN(C(=O)NCC1CCCCC1)c1ccccc1O,OVBSRWGEBTUNQN-UHFFFAOYSA-N,,"{""mw"": ""262.353"", ""clogp"": ""3.118"", ""tpsa_A2"": ""52.57"", ""hbd"": ""2"", ""hba"": ""2"", ""rotatable_bonds"": ""3"", ""sa_score"": ""2.193"", ""qed"": ""0.879"", ""pains_alerts"": """", ""brenk_alerts"": """"}",,LIB_CHEMBL1200412,not_searched,,,pilot_5067_generated_selected_not_docked,,,external_source/pilot_selfies_5067_base_fixed_list.csv,pilot_generation,2.193,0.1646,6,6,,,,,,,
GEN_ROTDPTXROIEXPH,,locally_trained_SELFIES_GRU_sampling,selfies_gru_base_v1,"unconditional SELFIES GRU sample; selected for broad structural exploration, not parent-derived",CCCN(C)C1=NC=CC=C1C(=O)C2=CC=CC=C2,CCCN(C)c1ncccc1C(=O)c1ccccc1,ROTDPTXROIEXPH-UHFFFAOYSA-N,,"{""mw"": ""254.333"", ""clogp"": ""3.159"", ""tpsa_A2"": ""33.2"", ""hbd"": ""0"", ""hba"": ""3"", ""rotatable_bonds"": ""5"", ""sa_score"": ""1.976"", ""qed"": ""0.7684"", ""pains_alerts"": """", ""brenk_alerts"": """"}",,LIB_CHEMBL1200412,not_searched,,,pilot_5067_generated_selected_not_docked,,,external_source/pilot_selfies_5067_base_fixed_list.csv,pilot_generation,1.976,0.1646,6,6;6,,,,,,,
GEN_BCWQTOJSERFXCS,,locally_trained_SELFIES_GRU_sampling,selfies_gru_base_v1,"unconditional SELFIES GRU sample; selected for broad structural exploration, not parent-derived",C=12N3C=NC=1NN(C4=CC=CC=C4)C(=O)N3O2,O=c1n(-c2ccccc2)[nH]c2ncn3c2on13,BCWQTOJSERFXCS-UHFFFAOYSA-N,,"{""mw"": ""229.199"", ""clogp"": ""0.659"", ""tpsa_A2"": ""72.64"", ""hbd"": ""1"", ""hba"": ""3"", ""rotatable_bonds"": ""1"", ""sa_score"": ""4.428"", ""qed"": ""0.5207"", ""pains_alerts"": """", ""brenk_alerts"": """"}",,LIB_CHEMBL461101,not_searched,,,pilot_5067_generated_selected_not_docked,,,external_source/pilot_selfies_5067_base_fixed_list.csv,pilot_generation,4.428,0.1646,7,4;5;6;7;7,,,,,,,
GEN_HYUFCEYCPOPDLD,,locally_trained_SELFIES_GRU_sampling,selfies_gru_base_v1,"unconditional SELFIES GRU sample; selected for broad structural exploration, not parent-derived",O=C1NC=CC=C1N2CCCCCC2,O=c1[nH]cccc1N1CCCCCC1,HYUFCEYCPOPDLD-UHFFFAOYSA-N,,"{""mw"": ""192.262"", ""clogp"": ""1.755"", ""tpsa_A2"": ""36.1"", ""hbd"": ""1"", ""hba"": ""2"", ""rotatable_bonds"": ""1"", ""sa_score"": ""2.148"", ""qed"": ""0.7356"", ""pains_alerts"": """", ""brenk_alerts"": """"}",,LIB_CHEMBL3894860,not_searched,,,pilot_5067_generated_selected_not_docked,,,external_source/pilot_selfies_5067_base_fixed_list.csv,pilot_generation,2.148,0.1644,7,6,,,,,,,
GEN_BKIKZUJOUGHLEI,,locally_trained_SELFIES_GRU_sampling,selfies_gru_base_v1,"unconditional SELFIES GRU sample; selected for broad structural exploration, not parent-derived",C1CN(C)CC2=CC=C(O)C=C2O1,CN1CCOc2cc(O)ccc2C1,BKIKZUJOUGHLEI-UHFFFAOYSA-N,,"{""mw"": ""179.219"", ""clogp"": ""1.216"", ""tpsa_A2"": ""32.7"", ""hbd"": ""1"", ""hba"": ""3"", ""rotatable_bonds"": ""0"", ""sa_score"": ""2.264"", ""qed"": ""0.6496"", ""pains_alerts"": """", ""brenk_alerts"": """"}",,LIB_CHEMBL1983268,not_searched,,,pilot_5067_generated_selected_not_docked,,,external_source/pilot_selfies_5067_base_fixed_list.csv,pilot_generation,2.264,0.1628,7,6,,,,,,,
GEN_YNQCQYTYBOCMTD,,locally_trained_SELFIES_GRU_sampling,selfies_gru_base_v1,"unconditional SELFIES GRU sample; selected for broad structural exploration, not parent-derived",CC1=CC=CC=C1NCCN2C=C(O)C3=CC=CC=C23,Cc1ccccc1NCCn1cc(O)c2ccccc21,YNQCQYTYBOCMTD-UHFFFAOYSA-N,,"{""mw"": ""266.344"", ""clogp"": ""3.767"", ""tpsa_A2"": ""37.19"", ""hbd"": ""2"", ""hba"": ""2"", ""rotatable_bonds"": ""4"", ""sa_score"": ""2.023"", ""qed"": ""0.754"", ""pains_alerts"": """", ""brenk_alerts"": """"}",,LIB_CHEMBL461101,not_searched,,,pilot_5067_generated_selected_not_docked,,,external_source/pilot_selfies_5067_base_fixed_list.csv,pilot_generation,2.023,0.1625,6,5;6;6,,,,,,,
GEN_XDOGTPGMKGHUKK,,locally_trained_SELFIES_GRU_sampling,selfies_gru_base_v1,"unconditional SELFIES GRU sample; selected for broad structural exploration, not parent-derived",CCN(C)CCC(=O)C1=CC=CC(C(=O)C)=C1C2=CC=CC=C2,CCN(C)CCC(=O)c1cccc(C(C)=O)c1-c1ccccc1,XDOGTPGMKGHUKK-UHFFFAOYSA-N,,"{""mw"": ""309.409"", ""clogp"": ""4.081"", ""tpsa_A2"": ""37.38"", ""hbd"": ""0"", ""hba"": ""3"", ""rotatable_bonds"": ""7"", ""sa_score"": ""2.131"", ""qed"": ""0.7232"", ""pains_alerts"": """", ""brenk_alerts"": """"}",,LIB_CHEMBL1200412,not_searched,,,pilot_5067_generated_selected_not_docked,,,external_source/pilot_selfies_5067_base_fixed_list.csv,pilot_generation,2.131,0.1625,6,6;6,,,,,,,
GEN_JKUPYCXTTHYHSW,,locally_trained_SELFIES_GRU_sampling,selfies_gru_base_v1,"unconditional SELFIES GRU sample; selected for broad structural exploration, not parent-derived",C1CCCCC1(C2=CC=CC=C2NC)O,CNc1ccccc1C1(O)CCCCC1,JKUPYCXTTHYHSW-UHFFFAOYSA-N,,"{""mw"": ""205.301"", ""clogp"": ""2.88"", ""tpsa_A2"": ""32.26"", ""hbd"": ""2"", ""hba"": ""2"", ""rotatable_bonds"": ""2"", ""sa_score"": ""2.321"", ""qed"": ""0.7778"", ""pains_alerts"": """", ""brenk_alerts"": """"}",,LIB_CHEMBL3894860,not_searched,,,pilot_5067_generated_selected_not_docked,,,external_source/pilot_selfies_5067_base_fixed_list.csv,pilot_generation,2.321,0.1622,6,6,,,,,,,
GEN_FNODCSUVIJVNES,,locally_trained_SELFIES_GRU_sampling,selfies_gru_base_v1,"unconditional SELFIES GRU sample; selected for broad structural exploration, not parent-derived",C1N(C)C2=CC=C(O)C=C2N1C(=O)NCC(=O)NC3=CC=CC=C3,CN1CN(C(=O)NCC(=O)Nc2ccccc2)c2cc(O)ccc21,FNODCSUVIJVNES-UHFFFAOYSA-N,,"{""mw"": ""326.356"", ""clogp"": ""1.954"", ""tpsa_A2"": ""84.91"", ""hbd"": ""3"", ""hba"": ""4"", ""rotatable_bonds"": ""3"", ""sa_score"": ""2.376"", ""qed"": ""0.8048"", ""pains_alerts"": """", ""brenk_alerts"": """"}",,LIB_CHEMBL461101,not_searched,,,pilot_5067_generated_selected_not_docked,,,external_source/pilot_selfies_5067_base_fixed_list.csv,pilot_generation,2.376,0.1609,6,6;6,,,,,,,
GEN_ZVNFSSGKBYNPIG,,locally_trained_SELFIES_GRU_sampling,selfies_gru_base_v1,"unconditional SELFIES GRU sample; selected for broad structural exploration, not parent-derived",CN(C)CCC(=O)C1=CC=CC(C)=N1,Cc1cccc(C(=O)CCN(C)C)n1,ZVNFSSGKBYNPIG-UHFFFAOYSA-N,,"{""mw"": ""192.262"", ""clogp"": ""1.524"", ""tpsa_A2"": ""33.2"", ""hbd"": ""0"", ""hba"": ""3"", ""rotatable_bonds"": ""4"", ""sa_score"": ""2.152"", ""qed"": ""0.6781"", ""pains_alerts"": """", ""brenk_alerts"": """"}",,LIB_CHEMBL461101,not_searched,,,pilot_5067_generated_selected_not_docked,,,external_source/pilot_selfies_5067_base_fixed_list.csv,pilot_generation,2.152,0.16,6,6,,,,,,,
GEN_PNCXVKPTMGAGTI,,locally_trained_SELFIES_GRU_sampling,selfies_gru_base_v1,"unconditional SELFIES GRU sample; selected for broad structural exploration, not parent-derived",C1OC(=O)NC2=CN=CC=C21,O=C1Nc2cnccc2CO1,PNCXVKPTMGAGTI-UHFFFAOYSA-N,,"{""mw"": ""150.137"", ""clogp"": ""1.144"", ""tpsa_A2"": ""51.22"", ""hbd"": ""1"", ""hba"": ""3"", ""rotatable_bonds"": ""0"", ""sa_score"": ""2.839"", ""qed"": ""0.603"", ""pains_alerts"": """", ""brenk_alerts"": """"}",,LIB_CHEMBL3894860,not_searched,,,pilot_5067_generated_selected_not_docked,,,external_source/pilot_selfies_5067_base_fixed_list.csv,pilot_generation,2.839,0.16,6,6,,,,,,,
GEN_KBZLWIPBQYFEAJ,,locally_trained_SELFIES_GRU_sampling,selfies_gru_base_v1,"unconditional SELFIES GRU sample; selected for broad structural exploration, not parent-derived",CCNC(=O)C1=CC=CC=C1N2CC3=CC=CC=C3[NH1]2,CCNC(=O)c1ccccc1N1Cc2ccccc2N1,KBZLWIPBQYFEAJ-UHFFFAOYSA-N,,"{""mw"": ""267.332"", ""clogp"": ""2.783"", ""tpsa_A2"": ""44.37"", ""hbd"": ""2"", ""hba"": ""3"", ""rotatable_bonds"": ""3"", ""sa_score"": ""2.363"", ""qed"": ""0.8985"", ""pains_alerts"": """", ""brenk_alerts"": """"}",,LIB_CHEMBL1983268,not_searched,,,pilot_5067_generated_selected_not_docked,,,external_source/pilot_selfies_5067_base_fixed_list.csv,pilot_generation,2.363,0.1596,6,6;6,,,,,,,
GEN_RLZPFJTWQYNTPG,,locally_trained_SELFIES_GRU_sampling,selfies_gru_base_v1,"unconditional SELFIES GRU sample; selected for broad structural exploration, not parent-derived",O=C(CC1=CC=CC=C1)C2=CC=CC=C2NCCN3CCCCC3,O=C(Cc1ccccc1)c1ccccc1NCCN1CCCCC1,RLZPFJTWQYNTPG-UHFFFAOYSA-N,,"{""mw"": ""322.452"", ""clogp"": ""4.01"", ""tpsa_A2"": ""32.34"", ""hbd"": ""1"", ""hba"": ""3"", ""rotatable_bonds"": ""7"", ""sa_score"": ""1.856"", ""qed"": ""0.7818"", ""pains_alerts"": """", ""brenk_alerts"": """"}",,LIB_CHEMBL1983268,not_searched,,,pilot_5067_generated_selected_not_docked,,,external_source/pilot_selfies_5067_base_fixed_list.csv,pilot_generation,1.856,0.1596,6,6;6,,,,,,,
GEN_BTRZIMACRHYYHH,,locally_trained_SELFIES_GRU_sampling,selfies_gru_base_v1,"unconditional SELFIES GRU sample; selected for broad structural exploration, not parent-derived",C1CC(C)(C)C2=CC(Cl)=CC=C2OCN1CCC(N)=O,CC1(C)CCN(CCC(N)=O)COc2ccc(Cl)cc21,BTRZIMACRHYYHH-UHFFFAOYSA-N,,"{""mw"": ""296.798"", ""clogp"": ""2.535"", ""tpsa_A2"": ""55.56"", ""hbd"": ""1"", ""hba"": ""3"", ""rotatable_bonds"": ""3"", ""sa_score"": ""2.515"", ""qed"": ""0.9324"", ""pains_alerts"": """", ""brenk_alerts"": """"}",,LIB_CHEMBL2103870,not_searched,,,pilot_5067_generated_selected_not_docked,,,external_source/pilot_selfies_5067_base_fixed_list.csv,pilot_generation,2.515,0.1591,8,6,,,,,,,
GEN_APVGGLMICXXFFO,,locally_trained_SELFIES_GRU_sampling,selfies_gru_base_v1,"unconditional SELFIES GRU sample; selected for broad structural exploration, not parent-derived",C1CN2C=CC(NC=CC=CNC(=O)NC=NC(OC)=C21)=O,COc1nc[nH]c(=O)[nH]cccc[nH]c(=O)ccn2c1CC2,APVGGLMICXXFFO-UHFFFAOYSA-N,,"{""mw"": ""303.322"", ""clogp"": ""0.526"", ""tpsa_A2"": ""108.56"", ""hbd"": ""3"", ""hba"": ""4"", ""rotatable_bonds"": ""1"", ""sa_score"": ""3.812"", ""qed"": ""0.7026"", ""pains_alerts"": """", ""brenk_alerts"": """"}",,LIB_CHEMBL4582651,not_searched,,,pilot_5067_generated_selected_not_docked,,,external_source/pilot_selfies_5067_base_fixed_list.csv,pilot_generation,3.812,0.1584,16,16,aromatic_ring_size_ge_8_requires_chemistry_review,,,,,,
GEN_OEWXHIGOFZYEPR,,locally_trained_SELFIES_GRU_sampling,selfies_gru_base_v1,"unconditional SELFIES GRU sample; selected for broad structural exploration, not parent-derived",CC1=CC=C(OC)NOC=C1C2=CC=CC=C2,COc1ccc(C)c(-c2ccccc2)co[nH]1,OEWXHIGOFZYEPR-UHFFFAOYSA-N,,"{""mw"": ""229.279"", ""clogp"": ""3.716"", ""tpsa_A2"": ""38.16"", ""hbd"": ""1"", ""hba"": ""2"", ""rotatable_bonds"": ""2"", ""sa_score"": ""2.601"", ""qed"": ""0.8519"", ""pains_alerts"": """", ""brenk_alerts"": """"}",,LIB_CHEMBL461101,not_searched,,,pilot_5067_generated_selected_not_docked,,,external_source/pilot_selfies_5067_base_fixed_list.csv,pilot_generation,2.601,0.1579,8,6;8,aromatic_ring_size_ge_8_requires_chemistry_review,,,,,,
GEN_OGXWUAVHRIPMJQ,,locally_trained_SELFIES_GRU_sampling,selfies_gru_base_v1,"unconditional SELFIES GRU sample; selected for broad structural exploration, not parent-derived",C1C(C)(C)C2=CC=C(O)C=C2NC3=CC=CC=C31,CC1(C)Cc2ccccc2Nc2cc(O)ccc21,OGXWUAVHRIPMJQ-UHFFFAOYSA-N,,"{""mw"": ""239.318"", ""clogp"": ""3.97"", ""tpsa_A2"": ""32.26"", ""hbd"": ""2"", ""hba"": ""2"", ""rotatable_bonds"": ""0"", ""sa_score"": ""2.378"", ""qed"": ""0.7287"", ""pains_alerts"": """", ""brenk_alerts"": """"}",,LIB_CHEMBL1200412,not_searched,,,pilot_5067_generated_selected_not_docked,,,external_source/pilot_selfies_5067_base_fixed_list.csv,pilot_generation,2.378,0.1579,7,6;6,,,,,,,
GEN_QWLNDVKMRYVQIS,,locally_trained_SELFIES_GRU_sampling,selfies_gru_base_v1,"unconditional SELFIES GRU sample; selected for broad structural exploration, not parent-derived",O1C2=CC=CC3=C2C[C@H1](O)CCN(C)CCCCC(C)(C)C[C@@]31C,CN1CCCCC(C)(C)C[C@]2(C)Oc3cccc2c3C[C@H](O)CC1,QWLNDVKMRYVQIS-IERDGZPVSA-N,,"{""mw"": ""331.5"", ""clogp"": ""4.12"", ""tpsa_A2"": ""32.7"", ""hbd"": ""1"", ""hba"": ""3"", ""rotatable_bonds"": ""0"", ""sa_score"": ""4.966"", ""qed"": ""0.7761"", ""pains_alerts"": """", ""brenk_alerts"": """"}",,LIB_CHEMBL1200412,not_searched,,,pilot_5067_generated_selected_not_docked,,,external_source/pilot_selfies_5067_base_fixed_list.csv,pilot_generation,4.966,0.1573,14,6,,,,,,,
GEN_JNPFDSPGHQBUPF,,locally_trained_SELFIES_GRU_sampling,selfies_gru_base_v1,"unconditional SELFIES GRU sample; selected for broad structural exploration, not parent-derived",C1=C(C(=O)O)C2=CC=CC=C2CC1,O=C(O)C1=CCCc2ccccc21,JNPFDSPGHQBUPF-UHFFFAOYSA-N,,"{""mw"": ""174.199"", ""clogp"": ""2.101"", ""tpsa_A2"": ""37.3"", ""hbd"": ""1"", ""hba"": ""1"", ""rotatable_bonds"": ""1"", ""sa_score"": ""2.255"", ""qed"": ""0.7075"", ""pains_alerts"": """", ""brenk_alerts"": """"}",,LIB_CHEMBL1200412,not_searched,,,pilot_5067_generated_selected_not_docked,,,external_source/pilot_selfies_5067_base_fixed_list.csv,pilot_generation,2.255,0.1571,6,6,,,,,,,
GEN_ROJIIPBAAIKCPS,,locally_trained_SELFIES_GRU_sampling,selfies_gru_base_v1,"unconditional SELFIES GRU sample; selected for broad structural exploration, not parent-derived",CCCCC1=CC=CC2=C1CCN2CC(=O)NC3CCCCC3,CCCCc1cccc2c1CCN2CC(=O)NC1CCCCC1,ROJIIPBAAIKCPS-UHFFFAOYSA-N,,"{""mw"": ""314.473"", ""clogp"": ""3.841"", ""tpsa_A2"": ""32.34"", ""hbd"": ""1"", ""hba"": ""2"", ""rotatable_bonds"": ""6"", ""sa_score"": ""2.208"", ""qed"": ""0.865"", ""pains_alerts"": """", ""brenk_alerts"": """"}",,LIB_CHEMBL1983268,not_searched,,,pilot_5067_generated_selected_not_docked,,,external_source/pilot_selfies_5067_base_fixed_list.csv,pilot_generation,2.208,0.1569,6,6,,,,,,,
GEN_IUJVLZBWPCPVGN,,locally_trained_SELFIES_GRU_sampling,selfies_gru_base_v1,"unconditional SELFIES GRU sample; selected for broad structural exploration, not parent-derived",COC1=NC=CC=C1NC(=O)CC(C)(C)C2=CC=CC=C2,COc1ncccc1NC(=O)CC(C)(C)c1ccccc1,IUJVLZBWPCPVGN-UHFFFAOYSA-N,,"{""mw"": ""284.359"", ""clogp"": ""3.397"", ""tpsa_A2"": ""51.22"", ""hbd"": ""1"", ""hba"": ""3"", ""rotatable_bonds"": ""5"", ""sa_score"": ""2.056"", ""qed"": ""0.9152"", ""pains_alerts"": """", ""brenk_alerts"": """"}",,LIB_CHEMBL1200412,not_searched,,,pilot_5067_generated_selected_not_docked,,,external_source/pilot_selfies_5067_base_fixed_list.csv,pilot_generation,2.056,0.1566,6,6;6,,,,,,,
GEN_RMDJGSGXRGGNIK,,locally_trained_SELFIES_GRU_sampling,selfies_gru_base_v1,"unconditional SELFIES GRU sample; selected for broad structural exploration, not parent-derived",C1CCCC(=O)C2=CC=C(Cl)C=C2NC1=O,O=C1CCCCC(=O)c2ccc(Cl)cc2N1,RMDJGSGXRGGNIK-UHFFFAOYSA-N,,"{""mw"": ""237.686"", ""clogp"": ""3.035"", ""tpsa_A2"": ""46.17"", ""hbd"": ""1"", ""hba"": ""2"", ""rotatable_bonds"": ""0"", ""sa_score"": ""2.543"", ""qed"": ""0.754"", ""pains_alerts"": """", ""brenk_alerts"": """"}",,LIB_CHEMBL3894860,not_searched,,,pilot_5067_generated_selected_not_docked,,,external_source/pilot_selfies_5067_base_fixed_list.csv,pilot_generation,2.543,0.1558,9,6,,,,,,,
GEN_MXOVLDDUAGJPCC,,locally_trained_SELFIES_GRU_sampling,selfies_gru_base_v1,"unconditional SELFIES GRU sample; selected for broad structural exploration, not parent-derived",C1CNN=C(O)C=C1C2=CC=CC=C2C,Cc1ccccc1C1=CC(O)=NNCC1,MXOVLDDUAGJPCC-UHFFFAOYSA-N,,"{""mw"": ""202.257"", ""clogp"": ""2.243"", ""tpsa_A2"": ""44.62"", ""hbd"": ""2"", ""hba"": ""2"", ""rotatable_bonds"": ""1"", ""sa_score"": ""2.985"", ""qed"": ""0.7332"", ""pains_alerts"": """", ""brenk_alerts"": """"}",,LIB_CHEMBL461101,not_searched,,,pilot_5067_generated_selected_not_docked,,,external_source/pilot_selfies_5067_base_fixed_list.csv,pilot_generation,2.985,0.1558,7,6,,,,,,,
GEN_SBPVGARAOITEAB,,locally_trained_SELFIES_GRU_sampling,selfies_gru_base_v1,"unconditional SELFIES GRU sample; selected for broad structural exploration, not parent-derived",CN1C=CC=C1NCC(=O)NCC,CCNC(=O)CNc1cccn1C,SBPVGARAOITEAB-UHFFFAOYSA-N,,"{""mw"": ""181.239"", ""clogp"": ""0.573"", ""tpsa_A2"": ""46.06"", ""hbd"": ""2"", ""hba"": ""2"", ""rotatable_bonds"": ""4"", ""sa_score"": ""2.543"", ""qed"": ""0.7131"", ""pains_alerts"": """", ""brenk_alerts"": """"}",,LIB_CHEMBL254316,not_searched,,,pilot_5067_generated_selected_not_docked,,,external_source/pilot_selfies_5067_base_fixed_list.csv,pilot_generation,2.543,0.1558,5,5,,,,,,,
GEN_KFXAAFPTACKNJM,,locally_trained_SELFIES_GRU_sampling,selfies_gru_base_v1,"unconditional SELFIES GRU sample; selected for broad structural exploration, not parent-derived",CC(=O)NC1=C2C=C(S(C)(=O)=O)C=C1C[NH1]CO2,CC(=O)Nc1c2cc(S(C)(=O)=O)cc1OCNC2,KFXAAFPTACKNJM-UHFFFAOYSA-N,,"{""mw"": ""270.31"", ""clogp"": ""0.488"", ""tpsa_A2"": ""84.5"", ""hbd"": ""2"", ""hba"": ""5"", ""rotatable_bonds"": ""2"", ""sa_score"": ""3.658"", ""qed"": ""0.8166"", ""pains_alerts"": """", ""brenk_alerts"": """"}",,LIB_CHEMBL2103870,not_searched,,,pilot_5067_generated_selected_not_docked,,,external_source/pilot_selfies_5067_base_fixed_list.csv,pilot_generation,3.658,0.1548,7,6,,,,,,,
GEN_MGJFZJLJBAVYNH,,locally_trained_SELFIES_GRU_sampling,selfies_gru_base_v1,"unconditional SELFIES GRU sample; selected for broad structural exploration, not parent-derived",N1CCCC2=CC=CC=C2NC(=O)NC3=CC=CN=C3C1,O=C1Nc2ccccc2CCCNCc2ncccc2N1,MGJFZJLJBAVYNH-UHFFFAOYSA-N,,"{""mw"": ""282.347"", ""clogp"": ""2.761"", ""tpsa_A2"": ""66.05"", ""hbd"": ""3"", ""hba"": ""3"", ""rotatable_bonds"": ""0"", ""sa_score"": ""3.006"", ""qed"": ""0.6958"", ""pains_alerts"": """", ""brenk_alerts"": """"}",,LIB_CHEMBL3894860,not_searched,,,pilot_5067_generated_selected_not_docked,,,external_source/pilot_selfies_5067_base_fixed_list.csv,pilot_generation,3.006,0.1548,12,6;6,,,,,,,
GEN_DUIIFJVNZWABQJ,,locally_trained_SELFIES_GRU_sampling,selfies_gru_base_v1,"unconditional SELFIES GRU sample; selected for broad structural exploration, not parent-derived",CCCC1=NC=CC=C1CCCC(=O)CCC(=O)C2=CC=CC=C2,CCCc1ncccc1CCCC(=O)CCC(=O)c1ccccc1,DUIIFJVNZWABQJ-UHFFFAOYSA-N,,"{""mw"": ""323.436"", ""clogp"": ""4.589"", ""tpsa_A2"": ""47.03"", ""hbd"": ""0"", ""hba"": ""3"", ""rotatable_bonds"": ""10"", ""sa_score"": ""2.173"", ""qed"": ""0.6008"", ""pains_alerts"": """", ""brenk_alerts"": """"}",,LIB_CHEMBL1200412,not_searched,,,pilot_5067_generated_selected_not_docked,,,external_source/pilot_selfies_5067_base_fixed_list.csv,pilot_generation,2.173,0.1548,6,6;6,,,,,,,
GEN_WZUQAGKWRMCBDU,,locally_trained_SELFIES_GRU_sampling,selfies_gru_base_v1,"unconditional SELFIES GRU sample; selected for broad structural exploration, not parent-derived",CC1=CC=CC=C1NCCN2C=CN=N2,Cc1ccccc1NCCn1ccnn1,WZUQAGKWRMCBDU-UHFFFAOYSA-N,,"{""mw"": ""202.261"", ""clogp"": ""1.699"", ""tpsa_A2"": ""42.74"", ""hbd"": ""1"", ""hba"": ""3"", ""rotatable_bonds"": ""4"", ""sa_score"": ""2.142"", ""qed"": ""0.8202"", ""pains_alerts"": """", ""brenk_alerts"": """"}",,LIB_CHEMBL461101,not_searched,,,pilot_5067_generated_selected_not_docked,,,external_source/pilot_selfies_5067_base_fixed_list.csv,pilot_generation,2.142,0.1538,6,5;6,,,,,,,
GEN_YHIXEUQMYCIROA,,locally_trained_SELFIES_GRU_sampling,selfies_gru_base_v1,"unconditional SELFIES GRU sample; selected for broad structural exploration, not parent-derived",C1COC(=O)C[NH1]C2=NC=CC=C21,O=C1CNc2ncccc2CCO1,YHIXEUQMYCIROA-UHFFFAOYSA-N,,"{""mw"": ""178.191"", ""clogp"": ""0.593"", ""tpsa_A2"": ""51.22"", ""hbd"": ""1"", ""hba"": ""4"", ""rotatable_bonds"": ""0"", ""sa_score"": ""2.697"", ""qed"": ""0.5907"", ""pains_alerts"": """", ""brenk_alerts"": """"}",,LIB_CHEMBL3894860,not_searched,,,pilot_5067_generated_selected_not_docked,,,external_source/pilot_selfies_5067_base_fixed_list.csv,pilot_generation,2.697,0.1538,8,6,,,,,,,
GEN_NTDYUBVFYNKYMW,,locally_trained_SELFIES_GRU_sampling,selfies_gru_base_v1,"unconditional SELFIES GRU sample; selected for broad structural exploration, not parent-derived",COC1=CC=CC=C1NC2=CC=C3SCC=CC3=N2,COc1ccccc1Nc1ccc2c(n1)C=CCS2,NTDYUBVFYNKYMW-UHFFFAOYSA-N,,"{""mw"": ""270.357"", ""clogp"": ""3.953"", ""tpsa_A2"": ""34.15"", ""hbd"": ""1"", ""hba"": ""4"", ""rotatable_bonds"": ""3"", ""sa_score"": ""2.793"", ""qed"": ""0.9153"", ""pains_alerts"": """", ""brenk_alerts"": """"}",,LIB_CHEMBL3894860,not_searched,,,pilot_5067_generated_selected_not_docked,,,external_source/pilot_selfies_5067_base_fixed_list.csv,pilot_generation,2.793,0.1529,6,6;6,,,,,,,
GEN_LZWNBIBAXRALCB,,locally_trained_SELFIES_GRU_sampling,selfies_gru_base_v1,"unconditional SELFIES GRU sample; selected for broad structural exploration, not parent-derived",CCN1CCCC(=O)NC=2CNC=NC=2O1,CCN1CCCC(=O)NC2=C(N=CNC2)O1,LZWNBIBAXRALCB-UHFFFAOYSA-N,,"{""mw"": ""224.264"", ""clogp"": ""-0.05"", ""tpsa_A2"": ""65.96"", ""hbd"": ""2"", ""hba"": ""5"", ""rotatable_bonds"": ""1"", ""sa_score"": ""4.383"", ""qed"": ""0.6552"", ""pains_alerts"": """", ""brenk_alerts"": """"}",,LIB_CHEMBL3894860,not_searched,,,pilot_5067_generated_selected_not_docked,,,external_source/pilot_selfies_5067_base_fixed_list.csv,pilot_generation,4.383,0.1512,9,,,,,,,,
GEN_SPOAEXJZIGJELB,,locally_trained_SELFIES_GRU_sampling,selfies_gru_base_v1,"unconditional SELFIES GRU sample; selected for broad structural exploration, not parent-derived",CC(C)CC(=O)N1CCCCC1=O,CC(C)CC(=O)N1CCCCC1=O,SPOAEXJZIGJELB-UHFFFAOYSA-N,,"{""mw"": ""183.251"", ""clogp"": ""1.572"", ""tpsa_A2"": ""37.38"", ""hbd"": ""0"", ""hba"": ""2"", ""rotatable_bonds"": ""2"", ""sa_score"": ""2.119"", ""qed"": ""0.6513"", ""pains_alerts"": """", ""brenk_alerts"": """"}",,LIB_CHEMBL2040682,not_searched,,,pilot_5067_generated_selected_not_docked,,,external_source/pilot_selfies_5067_base_fixed_list.csv,pilot_generation,2.119,0.1512,6,,,,,,,,
GEN_ABWSACNPESEQOG,,locally_trained_SELFIES_GRU_sampling,selfies_gru_base_v1,"unconditional SELFIES GRU sample; selected for broad structural exploration, not parent-derived",COC1=C2C=CC=C1NCCC(=O)NC3=CC(F)=CC=C3OCC2,COc1c2cccc1NCCC(=O)Nc1cc(F)ccc1OCC2,ABWSACNPESEQOG-UHFFFAOYSA-N,,"{""mw"": ""330.359"", ""clogp"": ""3.21"", ""tpsa_A2"": ""59.59"", ""hbd"": ""2"", ""hba"": ""4"", ""rotatable_bonds"": ""1"", ""sa_score"": ""3.668"", ""qed"": ""0.8429"", ""pains_alerts"": """", ""brenk_alerts"": """"}",,LIB_CHEMBL2103870,not_searched,,,pilot_5067_generated_selected_not_docked,,,external_source/pilot_selfies_5067_base_fixed_list.csv,pilot_generation,3.668,0.1505,13,6;6,,,,,,,
GEN_TUTVPGWNZJRKCY,,locally_trained_SELFIES_GRU_sampling,selfies_gru_base_v1,"unconditional SELFIES GRU sample; selected for broad structural exploration, not parent-derived",CNC1=CC=CC(=O)NC2=CC=C(O)C=C2O1,CNc1cccc(=O)[nH]c2ccc(O)cc2o1,TUTVPGWNZJRKCY-UHFFFAOYSA-N,,"{""mw"": ""232.239"", ""clogp"": ""1.993"", ""tpsa_A2"": ""78.26"", ""hbd"": ""3"", ""hba"": ""4"", ""rotatable_bonds"": ""1"", ""sa_score"": ""3.023"", ""qed"": ""0.7022"", ""pains_alerts"": """", ""brenk_alerts"": """"}",,LIB_CHEMBL461101,not_searched,,,pilot_5067_generated_selected_not_docked,,,external_source/pilot_selfies_5067_base_fixed_list.csv,pilot_generation,3.023,0.15,9,6;9,aromatic_ring_size_ge_8_requires_chemistry_review,,,,,,
GEN_JNVGIKJYIBEXIZ,,locally_trained_SELFIES_GRU_sampling,selfies_gru_base_v1,"unconditional SELFIES GRU sample; selected for broad structural exploration, not parent-derived",CCCN(CC1)CC(=O)CCN1C(=O)CCC2=CC=CC=C2,CCCN1CCN(C(=O)CCc2ccccc2)CCC(=O)C1,JNVGIKJYIBEXIZ-UHFFFAOYSA-N,,"{""mw"": ""302.418"", ""clogp"": ""2.133"", ""tpsa_A2"": ""40.62"", ""hbd"": ""0"", ""hba"": ""3"", ""rotatable_bonds"": ""5"", ""sa_score"": ""2.012"", ""qed"": ""0.8365"", ""pains_alerts"": """", ""brenk_alerts"": """"}",,LIB_CHEMBL1200412,not_searched,,,selected_40_docked_independent_qc_pass,-5.308,no_middle_contact_4A,external_source/final_selfies_17645_base_fixed_list.csv,final_generation,2.012,0.2564,8,6,,,,,,,
GEN_JTYXEVUCYDQTOM,,locally_trained_SELFIES_GRU_sampling,selfies_gru_base_v1,"unconditional SELFIES GRU sample; selected for broad structural exploration, not parent-derived",CO[C@H1](CC1=CC=CC=C1)C(=O)NC2CCCC2,CO[C@H](Cc1ccccc1)C(=O)NC1CCCC1,JTYXEVUCYDQTOM-CQSZACIVSA-N,,"{""mw"": ""247.338"", ""clogp"": ""2.303"", ""tpsa_A2"": ""38.33"", ""hbd"": ""1"", ""hba"": ""2"", ""rotatable_bonds"": ""5"", ""sa_score"": ""2.323"", ""qed"": ""0.8667"", ""pains_alerts"": """", ""brenk_alerts"": """"}",,LIB_CHEMBL1200412,not_searched,,,fixed_150_not_selected_for_actual_docking,,,external_source/final_selfies_17645_base_fixed_list.csv,final_generation,2.323,0.2432,6,6,,,,,,,
GEN_MMCCQKPUPNCRDA,,locally_trained_SELFIES_GRU_sampling,selfies_gru_base_v1,"unconditional SELFIES GRU sample; selected for broad structural exploration, not parent-derived",CCOC(=O)CCNC(=O)CCCC1=CC=CC=C1,CCOC(=O)CCNC(=O)CCCc1ccccc1,MMCCQKPUPNCRDA-UHFFFAOYSA-N,,"{""mw"": ""263.337"", ""clogp"": ""2.079"", ""tpsa_A2"": ""55.4"", ""hbd"": ""1"", ""hba"": ""3"", ""rotatable_bonds"": ""8"", ""sa_score"": ""1.625"", ""qed"": ""0.7305"", ""pains_alerts"": """", ""brenk_alerts"": """"}",,LIB_CHEMBL1200412,not_searched,,,fixed_150_not_selected_for_actual_docking,,,external_source/final_selfies_17645_base_fixed_list.csv,final_generation,1.625,0.2432,6,6,,,,,,,
GEN_VDVJGIYXDVPQLP,,locally_trained_SELFIES_GRU_sampling,selfies_gru_base_v1,"unconditional SELFIES GRU sample; selected for broad structural exploration, not parent-derived",O=C(O)C1=CC=C2C(=C1)OCO2,O=C(O)c1ccc2c(c1)OCO2,VDVJGIYXDVPQLP-UHFFFAOYSA-N,,"{""mw"": ""166.132"", ""clogp"": ""1.113"", ""tpsa_A2"": ""55.76"", ""hbd"": ""1"", ""hba"": ""3"", ""rotatable_bonds"": ""1"", ""sa_score"": ""1.694"", ""qed"": ""0.6785"", ""pains_alerts"": """", ""brenk_alerts"": """"}",,LIB_CHEMBL2103870,not_searched,,,fixed_150_not_selected_for_actual_docking,,,external_source/final_selfies_17645_base_fixed_list.csv,final_generation,1.694,0.2424,6,6,,,,,,,
GEN_FYVAJEGGEZWKSP,,locally_trained_SELFIES_GRU_sampling,selfies_gru_base_v1,"unconditional SELFIES GRU sample; selected for broad structural exploration, not parent-derived",CC(C)CN(CCC(=O)N)CCC1=CC=CC=C1,CC(C)CN(CCC(N)=O)CCc1ccccc1,FYVAJEGGEZWKSP-UHFFFAOYSA-N,,"{""mw"": ""248.37"", ""clogp"": ""2.062"", ""tpsa_A2"": ""46.33"", ""hbd"": ""1"", ""hba"": ""2"", ""rotatable_bonds"": ""8"", ""sa_score"": ""1.926"", ""qed"": ""0.7652"", ""pains_alerts"": """", ""brenk_alerts"": """"}",,LIB_CHEMBL1200412,not_searched,,,selected_40_preparation_blocked,,,external_source/final_selfies_17645_base_fixed_list.csv,final_generation,1.926,0.2329,6,6,,,,,,,
GEN_MZINFKXFDUJXKN,,locally_trained_SELFIES_GRU_sampling,selfies_gru_base_v1,"unconditional SELFIES GRU sample; selected for broad structural exploration, not parent-derived",O=C(O)C1=NC=C(C(=O)O)C=C1C2=CC=CC=C2,O=C(O)c1cnc(C(=O)O)c(-c2ccccc2)c1,MZINFKXFDUJXKN-UHFFFAOYSA-N,,"{""mw"": ""243.218"", ""clogp"": ""2.145"", ""tpsa_A2"": ""87.49"", ""hbd"": ""2"", ""hba"": ""3"", ""rotatable_bonds"": ""3"", ""sa_score"": ""1.891"", ""qed"": ""0.8618"", ""pains_alerts"": """", ""brenk_alerts"": """"}",,LIB_CHEMBL461101,not_searched,,,fixed_150_not_selected_for_actual_docking,,,external_source/final_selfies_17645_base_fixed_list.csv,final_generation,1.891,0.2319,6,6;6,,,,,,,
GEN_WYHFLCHJZGPPCO,,locally_trained_SELFIES_GRU_sampling,selfies_gru_base_v1,"unconditional SELFIES GRU sample; selected for broad structural exploration, not parent-derived",CNC1=NC=C(SC)C(NC2CC2)=C1CC3=CC=C(C(=O)O)C=C3,CNc1ncc(SC)c(NC2CC2)c1Cc1ccc(C(=O)O)cc1,WYHFLCHJZGPPCO-UHFFFAOYSA-N,,"{""mw"": ""343.452"", ""clogp"": ""3.709"", ""tpsa_A2"": ""74.25"", ""hbd"": ""3"", ""hba"": ""5"", ""rotatable_bonds"": ""7"", ""sa_score"": ""2.628"", ""qed"": ""0.6657"", ""pains_alerts"": """", ""brenk_alerts"": """"}",,LIB_CHEMBL2103870,not_searched,,,exploratory16_actual_docking_independent_qc_pass,-5.994,middle_contact_4A,external_source/final_selfies_17645_base_fixed_list.csv,final_generation,2.628,0.2209,6,6;6,,,,matched_random_control,-6.715107,actual_docking_independent_qc_pass,False
GEN_SPRDLCSVCBQUDH,,locally_trained_SELFIES_GRU_sampling,selfies_gru_base_v1,"unconditional SELFIES GRU sample; selected for broad structural exploration, not parent-derived",CCC(=O)C1=CC2=CC=CC=C2N1C(=O)CCC3=CC=CC=C3,CCC(=O)c1cc2ccccc2n1C(=O)CCc1ccccc1,SPRDLCSVCBQUDH-UHFFFAOYSA-N,,"{""mw"": ""305.377"", ""clogp"": ""4.507"", ""tpsa_A2"": ""39.07"", ""hbd"": ""0"", ""hba"": ""2"", ""rotatable_bonds"": ""5"", ""sa_score"": ""2.159"", ""qed"": ""0.6507"", ""pains_alerts"": """", ""brenk_alerts"": """"}",,LIB_CHEMBL1200412,not_searched,,,fixed_150_not_selected_for_actual_docking,,,external_source/final_selfies_17645_base_fixed_list.csv,final_generation,2.159,0.2208,6,5;6;6,,,,,,,
GEN_ZRDOTZWABYZBQU,,locally_trained_SELFIES_GRU_sampling,selfies_gru_base_v1,"unconditional SELFIES GRU sample; selected for broad structural exploration, not parent-derived",NC(=O)C1=CC=CC=C1C2=CC=CC(=C2)CN3C(=O)CCC3,NC(=O)c1ccccc1-c1cccc(CN2CCCC2=O)c1,ZRDOTZWABYZBQU-UHFFFAOYSA-N,,"{""mw"": ""294.354"", ""clogp"": ""2.575"", ""tpsa_A2"": ""63.4"", ""hbd"": ""1"", ""hba"": ""2"", ""rotatable_bonds"": ""4"", ""sa_score"": ""1.914"", ""qed"": ""0.9416"", ""pains_alerts"": """", ""brenk_alerts"": """"}",,LIB_CHEMBL461101,not_searched,,,selected_40_docked_independent_qc_pass,-7.246,no_middle_contact_4A,external_source/final_selfies_17645_base_fixed_list.csv,final_generation,1.914,0.2195,6,6;6,,,,,,,
GEN_MTPGTXDGLCYVKP,,locally_trained_SELFIES_GRU_sampling,selfies_gru_base_v1,"unconditional SELFIES GRU sample; selected for broad structural exploration, not parent-derived",CC(C)OC1=CC=CC(=C1)CNC(=O)CC2CCNCC2,CC(C)Oc1cccc(CNC(=O)CC2CCNCC2)c1,MTPGTXDGLCYVKP-UHFFFAOYSA-N,,"{""mw"": ""290.407"", ""clogp"": ""2.48"", ""tpsa_A2"": ""50.36"", ""hbd"": ""2"", ""hba"": ""3"", ""rotatable_bonds"": ""6"", ""sa_score"": ""2.087"", ""qed"": ""0.846"", ""pains_alerts"": """", ""brenk_alerts"": """"}",,LIB_CHEMBL1200412,not_searched,,,fixed_150_not_selected_for_actual_docking,,,external_source/final_selfies_17645_base_fixed_list.csv,final_generation,2.087,0.2195,6,6,,,,,,,
GEN_ATYFVIDTIDBZAX,,locally_trained_SELFIES_GRU_sampling,selfies_gru_base_v1,"unconditional SELFIES GRU sample; selected for broad structural exploration, not parent-derived",CCC(=O)C1=CC=CC2=C1C3=CC=CC(=C3)C2=O,CCC(=O)c1cccc2c1-c1cccc(c1)C2=O,ATYFVIDTIDBZAX-UHFFFAOYSA-N,,"{""mw"": ""236.27"", ""clogp"": ""3.491"", ""tpsa_A2"": ""34.14"", ""hbd"": ""0"", ""hba"": ""2"", ""rotatable_bonds"": ""2"", ""sa_score"": ""2.83"", ""qed"": ""0.6381"", ""pains_alerts"": """", ""brenk_alerts"": """"}",,LIB_CHEMBL461101,not_searched,,,fixed_150_not_selected_for_actual_docking,,,external_source/final_selfies_17645_base_fixed_list.csv,final_generation,2.83,0.2192,6,6;6,,,,,,,
GEN_OUJUDPKSJSQXEU,,locally_trained_SELFIES_GRU_sampling,selfies_gru_base_v1,"unconditional SELFIES GRU sample; selected for broad structural exploration, not parent-derived",CC(C)(C)CCNC(=O)CNC1=NC=C(C2=CC=C(F)C=C2)CC1=O,CC(C)(C)CCNC(=O)CNC1=NC=C(c2ccc(F)cc2)CC1=O,OUJUDPKSJSQXEU-UHFFFAOYSA-N,,"{""mw"": ""345.418"", ""clogp"": ""2.68"", ""tpsa_A2"": ""70.56"", ""hbd"": ""2"", ""hba"": ""4"", ""rotatable_bonds"": ""5"", ""sa_score"": ""2.798"", ""qed"": ""0.8619"", ""pains_alerts"": """", ""brenk_alerts"": """"}",,LIB_CHEMBL254316,not_searched,,,selected_40_docked_independent_qc_pass,-7.896,no_middle_contact_4A,external_source/final_selfies_17645_base_fixed_list.csv,final_generation,2.798,0.2184,6,6,,,,,,,
GEN_HZARFVOAMOYAON,,locally_trained_SELFIES_GRU_sampling,selfies_gru_base_v1,"unconditional SELFIES GRU sample; selected for broad structural exploration, not parent-derived",CNC1=NC=C(C2=CC=CC=C2)C=C1C(=O)N3CCOCC3,CNc1ncc(-c2ccccc2)cc1C(=O)N1CCOCC1,HZARFVOAMOYAON-UHFFFAOYSA-N,,"{""mw"": ""297.358"", ""clogp"": ""2.263"", ""tpsa_A2"": ""54.46"", ""hbd"": ""1"", ""hba"": ""4"", ""rotatable_bonds"": ""3"", ""sa_score"": ""2.047"", ""qed"": ""0.944"", ""pains_alerts"": """", ""brenk_alerts"": """"}",,LIB_CHEMBL1983268,not_searched,,,fixed_150_not_selected_for_actual_docking,,,external_source/final_selfies_17645_base_fixed_list.csv,final_generation,2.047,0.2174,6,6;6,,,,,,,
GEN_QSRGNDAUMGYQED,,locally_trained_SELFIES_GRU_sampling,selfies_gru_base_v1,"unconditional SELFIES GRU sample; selected for broad structural exploration, not parent-derived",CCOC(=O)C1=CC=CC=C1C(=O)NCCC2=CC=CC=C2,CCOC(=O)c1ccccc1C(=O)NCCc1ccccc1,QSRGNDAUMGYQED-UHFFFAOYSA-N,,"{""mw"": ""297.354"", ""clogp"": ""2.836"", ""tpsa_A2"": ""55.4"", ""hbd"": ""1"", ""hba"": ""3"", ""rotatable_bonds"": ""6"", ""sa_score"": ""1.566"", ""qed"": ""0.8342"", ""pains_alerts"": """", ""brenk_alerts"": """"}",,LIB_CHEMBL1200412,not_searched,,,fixed_150_not_selected_for_actual_docking,,,external_source/final_selfies_17645_base_fixed_list.csv,final_generation,1.566,0.2133,6,6;6,,,,,,,
GEN_VHDPLYDOMNNXTA,,locally_trained_SELFIES_GRU_sampling,selfies_gru_base_v1,"unconditional SELFIES GRU sample; selected for broad structural exploration, not parent-derived",O=C(NCC1=CC=CC=C1)CCC2=CC=C(O)C(Cl)=C2,O=C(CCc1ccc(O)c(Cl)c1)NCc1ccccc1,VHDPLYDOMNNXTA-UHFFFAOYSA-N,,"{""mw"": ""289.762"", ""clogp"": ""3.295"", ""tpsa_A2"": ""49.33"", ""hbd"": ""2"", ""hba"": ""2"", ""rotatable_bonds"": ""5"", ""sa_score"": ""1.666"", ""qed"": ""0.8872"", ""pains_alerts"": """", ""brenk_alerts"": """"}",,LIB_CHEMBL1200412,not_searched,,,fixed_150_not_selected_for_actual_docking,,,external_source/final_selfies_17645_base_fixed_list.csv,final_generation,1.666,0.2105,6,6;6,,,,,,,
GEN_HVBTZLITHBFZSY,,locally_trained_SELFIES_GRU_sampling,selfies_gru_base_v1,"unconditional SELFIES GRU sample; selected for broad structural exploration, not parent-derived",CNC(=O)C1=CC=CC(C2=CC=CC=C2)=N1,CNC(=O)c1cccc(-c2ccccc2)n1,HVBTZLITHBFZSY-UHFFFAOYSA-N,,"{""mw"": ""212.252"", ""clogp"": ""2.108"", ""tpsa_A2"": ""41.99"", ""hbd"": ""1"", ""hba"": ""2"", ""rotatable_bonds"": ""2"", ""sa_score"": ""1.66"", ""qed"": ""0.8279"", ""pains_alerts"": """", ""brenk_alerts"": """"}",,LIB_CHEMBL2103870,not_searched,,,selected_40_docked_independent_qc_pass,-6.521,middle_contact_4A,external_source/final_selfies_17645_base_fixed_list.csv,final_generation,1.66,0.2083,6,6;6,,,,,,,
GEN_XZOLNSVKEZCDEB,,locally_trained_SELFIES_GRU_sampling,selfies_gru_base_v1,"unconditional SELFIES GRU sample; selected for broad structural exploration, not parent-derived",O=C(NC1=CC=C(S(N)(=O)=O)C=C1C2=CC=CC=C2)C3=CC=CC=C3,NS(=O)(=O)c1ccc(NC(=O)c2ccccc2)c(-c2ccccc2)c1,XZOLNSVKEZCDEB-UHFFFAOYSA-N,,"{""mw"": ""352.415"", ""clogp"": ""3.253"", ""tpsa_A2"": ""89.26"", ""hbd"": ""2"", ""hba"": ""3"", ""rotatable_bonds"": ""4"", ""sa_score"": ""1.717"", ""qed"": ""0.7551"", ""pains_alerts"": """", ""brenk_alerts"": """"}",,LIB_CHEMBL461101,not_searched,,,exploratory16_actual_docking_independent_qc_pass,-7.156,middle_contact_4A,external_source/final_selfies_17645_base_fixed_list.csv,final_generation,1.717,0.2078,6,6;6;6,,,,proxy_top12,-7.02867,actual_docking_independent_qc_pass,False
GEN_DZAWWYSIECDRMJ,,locally_trained_SELFIES_GRU_sampling,selfies_gru_base_v1,"unconditional SELFIES GRU sample; selected for broad structural exploration, not parent-derived",C1OC=C2C=C(/C=C/C(=O)NC3=CC=C(C(=O)O)C=C3CC2)N1,O=C1/C=C/C2=CC(=COCN2)CCc2cc(C(=O)O)ccc2N1,DZAWWYSIECDRMJ-GQCTYLIASA-N,,"{""mw"": ""312.325"", ""clogp"": ""2.171"", ""tpsa_A2"": ""87.66"", ""hbd"": ""3"", ""hba"": ""4"", ""rotatable_bonds"": ""1"", ""sa_score"": ""4.727"", ""qed"": ""0.7395"", ""pains_alerts"": """", ""brenk_alerts"": """"}",,LIB_CHEMBL2103870,not_searched,,,fixed_150_not_selected_for_actual_docking,,,external_source/final_selfies_17645_base_fixed_list.csv,final_generation,4.727,0.2069,11,6,,,,,,,
GEN_NAOSHZTVHQYXHW,,locally_trained_SELFIES_GRU_sampling,selfies_gru_base_v1,"unconditional SELFIES GRU sample; selected for broad structural exploration, not parent-derived",CS(=O)(=O)NC1=CC=CC=C1C2=CC=CC=C2,CS(=O)(=O)Nc1ccccc1-c1ccccc1,NAOSHZTVHQYXHW-UHFFFAOYSA-N,,"{""mw"": ""247.319"", ""clogp"": ""2.725"", ""tpsa_A2"": ""46.17"", ""hbd"": ""1"", ""hba"": ""2"", ""rotatable_bonds"": ""3"", ""sa_score"": ""1.542"", ""qed"": ""0.9061"", ""pains_alerts"": """", ""brenk_alerts"": """"}",,LIB_CHEMBL461101,not_searched,,,fixed_150_not_selected_for_actual_docking,,,external_source/final_selfies_17645_base_fixed_list.csv,final_generation,1.542,0.2059,6,6;6,,,,,,,
GEN_ZUBSJIIGEHMRIE,,locally_trained_SELFIES_GRU_sampling,selfies_gru_base_v1,"unconditional SELFIES GRU sample; selected for broad structural exploration, not parent-derived",O=C1C=CC2=CC(C(=O)O)=CC=C21,O=C(O)c1ccc2c(c1)C=CC2=O,ZUBSJIIGEHMRIE-UHFFFAOYSA-N,,"{""mw"": ""174.155"", ""clogp"": ""1.594"", ""tpsa_A2"": ""54.37"", ""hbd"": ""1"", ""hba"": ""2"", ""rotatable_bonds"": ""1"", ""sa_score"": ""2.234"", ""qed"": ""0.7029"", ""pains_alerts"": """", ""brenk_alerts"": """"}",,LIB_CHEMBL461101,not_searched,,,selected_40_docked_independent_qc_pass,-6.806,no_middle_contact_4A,external_source/final_selfies_17645_base_fixed_list.csv,final_generation,2.234,0.2059,6,6,,,,,,,
GEN_DALBQTQCOCTPIP,,locally_trained_SELFIES_GRU_sampling,selfies_gru_base_v1,"unconditional SELFIES GRU sample; selected for broad structural exploration, not parent-derived",O=C1C=C(C2=CC=C(F)C=C2)N=C1NCC3=CC=CC=C3,O=C1C=C(c2ccc(F)cc2)N=C1NCc1ccccc1,DALBQTQCOCTPIP-UHFFFAOYSA-N,,"{""mw"": ""280.302"", ""clogp"": ""2.938"", ""tpsa_A2"": ""41.46"", ""hbd"": ""1"", ""hba"": ""3"", ""rotatable_bonds"": ""3"", ""sa_score"": ""2.308"", ""qed"": ""0.9388"", ""pains_alerts"": """", ""brenk_alerts"": """"}",,LIB_CHEMBL254316,not_searched,,,fixed_150_not_selected_for_actual_docking,,,external_source/final_selfies_17645_base_fixed_list.csv,final_generation,2.308,0.2051,6,6;6,,,,,,,
GEN_NFHPXWSINRISJS,,locally_trained_SELFIES_GRU_sampling,selfies_gru_base_v1,"unconditional SELFIES GRU sample; selected for broad structural exploration, not parent-derived",CC1=CC=C(C2=CC=CC=C2O1)C3=CN=C(C(=O)O)C=C3Br,CC1=CC=C(c2cnc(C(=O)O)cc2Br)c2ccccc2O1,NFHPXWSINRISJS-UHFFFAOYSA-N,,"{""mw"": ""358.191"", ""clogp"": ""4.27"", ""tpsa_A2"": ""59.42"", ""hbd"": ""1"", ""hba"": ""3"", ""rotatable_bonds"": ""2"", ""sa_score"": ""2.97"", ""qed"": ""0.8711"", ""pains_alerts"": """", ""brenk_alerts"": """"}",,LIB_CHEMBL461101,not_searched,,,exploratory16_actual_docking_independent_qc_pass,-5.934,middle_contact_4A,external_source/final_selfies_17645_base_fixed_list.csv,final_generation,2.97,0.2048,7,6;6,,,,proxy_top12,-7.098102,actual_docking_independent_qc_pass,False
GEN_HKVJNWJNHKICKO,,locally_trained_SELFIES_GRU_sampling,selfies_gru_base_v1,"unconditional SELFIES GRU sample; selected for broad structural exploration, not parent-derived",CCN(CC)CCNC(=O)NC1CCN(C2=CC=CC=C2)CC1,CCN(CC)CCNC(=O)NC1CCN(c2ccccc2)CC1,HKVJNWJNHKICKO-UHFFFAOYSA-N,,"{""mw"": ""318.465"", ""clogp"": ""2.296"", ""tpsa_A2"": ""47.61"", ""hbd"": ""2"", ""hba"": ""3"", ""rotatable_bonds"": ""7"", ""sa_score"": ""1.996"", ""qed"": ""0.8108"", ""pains_alerts"": """", ""brenk_alerts"": """"}",,LIB_CHEMBL1983268,not_searched,,,fixed_150_not_selected_for_actual_docking,,,external_source/final_selfies_17645_base_fixed_list.csv,final_generation,1.996,0.2043,6,6,,,,,,,
GEN_RRDZQWCTWPIRJB,,locally_trained_SELFIES_GRU_sampling,selfies_gru_base_v1,"unconditional SELFIES GRU sample; selected for broad structural exploration, not parent-derived",COC1=CC(F)=CC=C1NC(=O)C2=CC=CC(Cl)=C2OCC(=O)O,COc1cc(F)ccc1NC(=O)c1cccc(Cl)c1OCC(=O)O,RRDZQWCTWPIRJB-UHFFFAOYSA-N,,"{""mw"": ""353.733"", ""clogp"": ""3.203"", ""tpsa_A2"": ""84.86"", ""hbd"": ""2"", ""hba"": ""4"", ""rotatable_bonds"": ""6"", ""sa_score"": ""1.964"", ""qed"": ""0.8326"", ""pains_alerts"": """", ""brenk_alerts"": """"}",,LIB_CHEMBL1983268,not_searched,,,selected_40_docked_independent_qc_pass,-6.574,middle_contact_4A,external_source/final_selfies_17645_base_fixed_list.csv,final_generation,1.964,0.2041,6,6;6,,,,,,,
GEN_QZHJREJHEHULQM,,locally_trained_SELFIES_GRU_sampling,selfies_gru_base_v1,"unconditional SELFIES GRU sample; selected for broad structural exploration, not parent-derived",O=C(NCC1=CC=CC=C1)NC(=O)CC2=CC=CC=C2C,Cc1ccccc1CC(=O)NC(=O)NCc1ccccc1,QZHJREJHEHULQM-UHFFFAOYSA-N,,"{""mw"": ""282.343"", ""clogp"": ""2.564"", ""tpsa_A2"": ""58.2"", ""hbd"": ""2"", ""hba"": ""2"", ""rotatable_bonds"": ""4"", ""sa_score"": ""1.651"", ""qed"": ""0.9051"", ""pains_alerts"": """", ""brenk_alerts"": """"}",,LIB_CHEMBL1200412,not_searched,,,fixed_150_not_selected_for_actual_docking,,,external_source/final_selfies_17645_base_fixed_list.csv,final_generation,1.651,0.2027,6,6;6,,,,,,,
GEN_IZOQOYKXROVVOY,,locally_trained_SELFIES_GRU_sampling,selfies_gru_base_v1,"unconditional SELFIES GRU sample; selected for broad structural exploration, not parent-derived",CC(C)(C1=CC=CC=C1)NC(=O)C2=NC=CC=C2,CC(C)(NC(=O)c1ccccn1)c1ccccc1,IZOQOYKXROVVOY-UHFFFAOYSA-N,,"{""mw"": ""240.306"", ""clogp"": ""2.747"", ""tpsa_A2"": ""41.99"", ""hbd"": ""1"", ""hba"": ""2"", ""rotatable_bonds"": ""3"", ""sa_score"": ""1.897"", ""qed"": ""0.8959"", ""pains_alerts"": """", ""brenk_alerts"": """"}",,LIB_CHEMBL254316,not_searched,,,fixed_150_not_selected_for_actual_docking,,,external_source/final_selfies_17645_base_fixed_list.csv,final_generation,1.897,0.2027,6,6;6,,,,,,,
GEN_PEOCCFXRLGYKBM,,locally_trained_SELFIES_GRU_sampling,selfies_gru_base_v1,"unconditional SELFIES GRU sample; selected for broad structural exploration, not parent-derived",O=C(O)C1=CC=CC=C1C2=CC=C3C(=C2)OCO3,O=C(O)c1ccccc1-c1ccc2c(c1)OCO2,PEOCCFXRLGYKBM-UHFFFAOYSA-N,,"{""mw"": ""242.23"", ""clogp"": ""2.781"", ""tpsa_A2"": ""55.76"", ""hbd"": ""1"", ""hba"": ""3"", ""rotatable_bonds"": ""2"", ""sa_score"": ""1.744"", ""qed"": ""0.8793"", ""pains_alerts"": """", ""brenk_alerts"": """"}",,LIB_CHEMBL461101,not_searched,,,fixed_150_not_selected_for_actual_docking,,,external_source/final_selfies_17645_base_fixed_list.csv,final_generation,1.744,0.2027,6,6;6,,,,,,,
GEN_IDANRNXCMRDCAB,,locally_trained_SELFIES_GRU_sampling,selfies_gru_base_v1,"unconditional SELFIES GRU sample; selected for broad structural exploration, not parent-derived",C1CNCCC1(C(=O)NCCN(CC2=CC=CC=C2)CC)C3=CC=CC=N3,CCN(CCNC(=O)C1(c2ccccn2)CCNCC1)Cc1ccccc1,IDANRNXCMRDCAB-UHFFFAOYSA-N,,"{""mw"": ""366.509"", ""clogp"": ""2.341"", ""tpsa_A2"": ""57.26"", ""hbd"": ""2"", ""hba"": ""4"", ""rotatable_bonds"": ""8"", ""sa_score"": ""2.533"", ""qed"": ""0.7529"", ""pains_alerts"": """", ""brenk_alerts"": """"}",,LIB_CHEMBL1200412,not_searched,,,selected_40_preparation_blocked,,,external_source/final_selfies_17645_base_fixed_list.csv,final_generation,2.533,0.2022,6,6;6,,,,,,,
GEN_RPOZSCMBKQWFDU,,locally_trained_SELFIES_GRU_sampling,selfies_gru_base_v1,"unconditional SELFIES GRU sample; selected for broad structural exploration, not parent-derived",CCCCC(=O)NC1=CC=C(C2=CC=CC=C2)N=C1N,CCCCC(=O)Nc1ccc(-c2ccccc2)nc1N,RPOZSCMBKQWFDU-UHFFFAOYSA-N,,"{""mw"": ""269.348"", ""clogp"": ""3.46"", ""tpsa_A2"": ""68.01"", ""hbd"": ""2"", ""hba"": ""3"", ""rotatable_bonds"": ""5"", ""sa_score"": ""1.845"", ""qed"": ""0.873"", ""pains_alerts"": """", ""brenk_alerts"": """"}",,LIB_CHEMBL2103870,not_searched,,,fixed_150_not_selected_for_actual_docking,,,external_source/final_selfies_17645_base_fixed_list.csv,final_generation,1.845,0.2,6,6;6,,,,,,,
GEN_XICJBSFSOHJEKP,,locally_trained_SELFIES_GRU_sampling,selfies_gru_base_v1,"unconditional SELFIES GRU sample; selected for broad structural exploration, not parent-derived",O=C(NCCC1=CC=CC=C1)NCCN(C2)CCCCC2,O=C(NCCc1ccccc1)NCCN1CCCCCC1,XICJBSFSOHJEKP-UHFFFAOYSA-N,,"{""mw"": ""289.423"", ""clogp"": ""2.404"", ""tpsa_A2"": ""44.37"", ""hbd"": ""2"", ""hba"": ""2"", ""rotatable_bonds"": ""6"", ""sa_score"": ""1.73"", ""qed"": ""0.8444"", ""pains_alerts"": """", ""brenk_alerts"": """"}",,LIB_CHEMBL1200412,not_searched,,,fixed_150_not_selected_for_actual_docking,,,external_source/final_selfies_17645_base_fixed_list.csv,final_generation,1.73,0.2,7,6,,,,,,,
GEN_GMELVXXUXAFBRT,,locally_trained_SELFIES_GRU_sampling,selfies_gru_base_v1,"unconditional SELFIES GRU sample; selected for broad structural exploration, not parent-derived",N1C=CC2=CC(C(=O)O)=CC=C2C3=CC=CC=C31,O=C(O)c1ccc2c(c1)C=CNc1ccccc1-2,GMELVXXUXAFBRT-UHFFFAOYSA-N,,"{""mw"": ""237.258"", ""clogp"": ""3.448"", ""tpsa_A2"": ""49.33"", ""hbd"": ""2"", ""hba"": ""2"", ""rotatable_bonds"": ""1"", ""sa_score"": ""2.39"", ""qed"": ""0.7982"", ""pains_alerts"": """", ""brenk_alerts"": """"}",,LIB_CHEMBL461101,not_searched,,,fixed_150_not_selected_for_actual_docking,,,external_source/final_selfies_17645_base_fixed_list.csv,final_generation,2.39,0.2,7,6;6,,,,,,,
GEN_JALAVYCDAKNGHB,,locally_trained_SELFIES_GRU_sampling,selfies_gru_base_v1,"unconditional SELFIES GRU sample; selected for broad structural exploration, not parent-derived",CC(=O)O[C@@H1]1O[C@H1](NC2=CC=CC=C2)CC1,CC(=O)O[C@H]1CC[C@@H](Nc2ccccc2)O1,JALAVYCDAKNGHB-NWDGAFQWSA-N,,"{""mw"": ""221.256"", ""clogp"": ""2.124"", ""tpsa_A2"": ""47.56"", ""hbd"": ""1"", ""hba"": ""4"", ""rotatable_bonds"": ""3"", ""sa_score"": ""3.228"", ""qed"": ""0.7941"", ""pains_alerts"": """", ""brenk_alerts"": """"}",,LIB_CHEMBL1200412,not_searched,,,selected_40_docked_independent_qc_pass,-6.392,no_middle_contact_4A,external_source/final_selfies_17645_base_fixed_list.csv,final_generation,3.228,0.2,6,6,,,,,,,
GEN_KDBREFDKRAOXOT,,locally_trained_SELFIES_GRU_sampling,selfies_gru_base_v1,"unconditional SELFIES GRU sample; selected for broad structural exploration, not parent-derived",CC(C)(C)CCNC(=O)C1=C2N=C3C=CC=CC3=C12,CC(C)(C)CCNC(=O)c1c2nc3ccccc3c1-2,KDBREFDKRAOXOT-UHFFFAOYSA-N,,"{""mw"": ""254.333"", ""clogp"": ""3.381"", ""tpsa_A2"": ""41.99"", ""hbd"": ""1"", ""hba"": ""2"", ""rotatable_bonds"": ""3"", ""sa_score"": ""2.283"", ""qed"": ""0.7782"", ""pains_alerts"": """", ""brenk_alerts"": """"}",,LIB_CHEMBL254316,not_searched,,,fixed_150_not_selected_for_actual_docking,,,external_source/final_selfies_17645_base_fixed_list.csv,final_generation,2.283,0.2,6,3;5;6,,,,,,,
GEN_JVKONUQCFSGTEX,,locally_trained_SELFIES_GRU_sampling,selfies_gru_base_v1,"unconditional SELFIES GRU sample; selected for broad structural exploration, not parent-derived",O=C(O)COC(=O)CCC1=CC=CC(C)=N1,Cc1cccc(CCC(=O)OCC(=O)O)n1,JVKONUQCFSGTEX-UHFFFAOYSA-N,,"{""mw"": ""223.228"", ""clogp"": ""0.95"", ""tpsa_A2"": ""76.49"", ""hbd"": ""1"", ""hba"": ""4"", ""rotatable_bonds"": ""5"", ""sa_score"": ""2.031"", ""qed"": ""0.7519"", ""pains_alerts"": """", ""brenk_alerts"": """"}",,LIB_CHEMBL1200412,not_searched,,,fixed_150_not_selected_for_actual_docking,,,external_source/final_selfies_17645_base_fixed_list.csv,final_generation,2.031,0.2,6,6,,,,,,,
GEN_SHXIJVIRWXAUQJ,,locally_trained_SELFIES_GRU_sampling,selfies_gru_base_v1,"unconditional SELFIES GRU sample; selected for broad structural exploration, not parent-derived",COC(=O)NC1=CC=C2C(=C1)OCO2,COC(=O)Nc1ccc2c(c1)OCO2,SHXIJVIRWXAUQJ-UHFFFAOYSA-N,,"{""mw"": ""195.174"", ""clogp"": ""1.594"", ""tpsa_A2"": ""56.79"", ""hbd"": ""1"", ""hba"": ""4"", ""rotatable_bonds"": ""1"", ""sa_score"": ""1.816"", ""qed"": ""0.7389"", ""pains_alerts"": """", ""brenk_alerts"": """"}",,LIB_CHEMBL44657,not_searched,,,selected_40_docked_independent_qc_pass,-6.922,no_middle_contact_4A,external_source/final_selfies_17645_base_fixed_list.csv,final_generation,1.816,0.2,6,6,,,,,,,
GEN_UDPUDCYIYCQPFU,,locally_trained_SELFIES_GRU_sampling,selfies_gru_base_v1,"unconditional SELFIES GRU sample; selected for broad structural exploration, not parent-derived",O=C(N1C2=CC=CC=C2)CCN1C(=O)CC3=CC=CC=C3C4=CC=CC=C4,O=C(Cc1ccccc1-c1ccccc1)N1CCC(=O)N1c1ccccc1,UDPUDCYIYCQPFU-UHFFFAOYSA-N,,"{""mw"": ""356.425"", ""clogp"": ""4.077"", ""tpsa_A2"": ""40.62"", ""hbd"": ""0"", ""hba"": ""2"", ""rotatable_bonds"": ""4"", ""sa_score"": ""2.246"", ""qed"": ""0.7068"", ""pains_alerts"": """", ""brenk_alerts"": """"}",,LIB_CHEMBL461101,not_searched,,,exploratory16_actual_docking_independent_qc_pass,-6.713,middle_contact_4A,external_source/final_selfies_17645_base_fixed_list.csv,final_generation,2.246,0.2,6,6;6;6,,,,proxy_top12,-7.027003,actual_docking_independent_qc_pass,False
GEN_NXWYUKPWJGWDBO,,locally_trained_SELFIES_GRU_sampling,selfies_gru_base_v1,"unconditional SELFIES GRU sample; selected for broad structural exploration, not parent-derived",O=C(O)C1=C2C=CC=C1OC3=CC=C(N4CCNCC4)C=C23,O=C(O)c1c2cccc1-c1cc(N3CCNCC3)ccc1O2,NXWYUKPWJGWDBO-UHFFFAOYSA-N,,"{""mw"": ""296.326"", ""clogp"": ""2.567"", ""tpsa_A2"": ""61.8"", ""hbd"": ""2"", ""hba"": ""4"", ""rotatable_bonds"": ""2"", ""sa_score"": ""3.121"", ""qed"": ""0.7608"", ""pains_alerts"": """", ""brenk_alerts"": """"}",,LIB_CHEMBL461101,not_searched,,,fixed_150_not_selected_for_actual_docking,,,external_source/final_selfies_17645_base_fixed_list.csv,final_generation,3.121,0.1975,6,6;6,,,,,,,
GEN_BQMVNRFBDASMNE,,locally_trained_SELFIES_GRU_sampling,selfies_gru_base_v1,"unconditional SELFIES GRU sample; selected for broad structural exploration, not parent-derived",O=C(NC1=CC=CC=C1C)CN(C(=O)NC2=CC=CC=C2)C(=O)NC3=CC=CC=C3,Cc1ccccc1NC(=O)CN(C(=O)Nc1ccccc1)C(=O)Nc1ccccc1,BQMVNRFBDASMNE-UHFFFAOYSA-N,,"{""mw"": ""402.454"", ""clogp"": ""4.7"", ""tpsa_A2"": ""90.54"", ""hbd"": ""3"", ""hba"": ""3"", ""rotatable_bonds"": ""5"", ""sa_score"": ""2.034"", ""qed"": ""0.5777"", ""pains_alerts"": """", ""brenk_alerts"": """"}",,LIB_CHEMBL461101,not_searched,,,exploratory16_actual_docking_independent_qc_pass,-7.871,no_middle_contact_4A,external_source/final_selfies_17645_base_fixed_list.csv,final_generation,2.034,0.1974,6,6;6;6,,,,proxy_top12,-7.453359,actual_docking_independent_qc_pass,False
GEN_BTFPMVQDJPLLCI,,locally_trained_SELFIES_GRU_sampling,selfies_gru_base_v1,"unconditional SELFIES GRU sample; selected for broad structural exploration, not parent-derived",O=C(NCC(=O)C1=CC2=CC=CC=C2N1C)C3=CC=C4C=CC=CC4=C3,Cn1c(C(=O)CNC(=O)c2ccc3ccccc3c2)cc2ccccc21,BTFPMVQDJPLLCI-UHFFFAOYSA-N,,"{""mw"": ""342.398"", ""clogp"": ""3.944"", ""tpsa_A2"": ""51.1"", ""hbd"": ""1"", ""hba"": ""2"", ""rotatable_bonds"": ""4"", ""sa_score"": ""2.07"", ""qed"": ""0.5711"", ""pains_alerts"": """", ""brenk_alerts"": """"}",,LIB_CHEMBL254316,not_searched,,,selected_40_docked_independent_qc_pass,-8.283,no_middle_contact_4A,external_source/final_selfies_17645_base_fixed_list.csv,final_generation,2.07,0.1951,6,5;6;6;6,,,,,,,
GEN_RMQWVIWBYCCGGN,,locally_trained_SELFIES_GRU_sampling,selfies_gru_base_v1,"unconditional SELFIES GRU sample; selected for broad structural exploration, not parent-derived",COC1=CC=CC=C1CC2=CC=CC=C2NCCC(=O)O,COc1ccccc1Cc1ccccc1NCCC(=O)O,RMQWVIWBYCCGGN-UHFFFAOYSA-N,,"{""mw"": ""285.343"", ""clogp"": ""3.173"", ""tpsa_A2"": ""58.56"", ""hbd"": ""2"", ""hba"": ""3"", ""rotatable_bonds"": ""7"", ""sa_score"": ""1.824"", ""qed"": ""0.8201"", ""pains_alerts"": """", ""brenk_alerts"": """"}",,LIB_CHEMBL1200412,not_searched,,,fixed_150_not_selected_for_actual_docking,,,external_source/final_selfies_17645_base_fixed_list.csv,final_generation,1.824,0.1948,6,6;6,,,,,,,
GEN_LFTLKDJOFAYHAG,,locally_trained_SELFIES_GRU_sampling,selfies_gru_base_v1,"unconditional SELFIES GRU sample; selected for broad structural exploration, not parent-derived",O=C1C2=CC=CC=C2OCCN(C(=O)C3=CC=CC=C3)O1,O=C1ON(C(=O)c2ccccc2)CCOc2ccccc21,LFTLKDJOFAYHAG-UHFFFAOYSA-N,,"{""mw"": ""283.283"", ""clogp"": ""2.293"", ""tpsa_A2"": ""55.84"", ""hbd"": ""0"", ""hba"": ""4"", ""rotatable_bonds"": ""1"", ""sa_score"": ""2.357"", ""qed"": ""0.8055"", ""pains_alerts"": """", ""brenk_alerts"": """"}",,LIB_CHEMBL461101,not_searched,,,fixed_150_not_selected_for_actual_docking,,,external_source/final_selfies_17645_base_fixed_list.csv,final_generation,2.357,0.1948,8,6;6,,,,,,,
GEN_MUUJIDJGBHCKEI,,locally_trained_SELFIES_GRU_sampling,selfies_gru_base_v1,"unconditional SELFIES GRU sample; selected for broad structural exploration, not parent-derived",O=S(=O)(NC(=O)OCC1=CC=CC=C1)C2=CC=CC=C2,O=C(NS(=O)(=O)c1ccccc1)OCc1ccccc1,MUUJIDJGBHCKEI-UHFFFAOYSA-N,,"{""mw"": ""291.328"", ""clogp"": ""2.302"", ""tpsa_A2"": ""72.47"", ""hbd"": ""1"", ""hba"": ""4"", ""rotatable_bonds"": ""4"", ""sa_score"": ""1.649"", ""qed"": ""0.9378"", ""pains_alerts"": """", ""brenk_alerts"": """"}",,LIB_CHEMBL1200412,not_searched,,,fixed_150_not_selected_for_actual_docking,,,external_source/final_selfies_17645_base_fixed_list.csv,final_generation,1.649,0.1944,6,6;6,,,,,,,
GEN_KBIFTEWSHHVYNO,,locally_trained_SELFIES_GRU_sampling,selfies_gru_base_v1,"unconditional SELFIES GRU sample; selected for broad structural exploration, not parent-derived",CCCNC(=O)CCC1=CC=CC(=C1)[C@@H1]2OCCCO2,CCCNC(=O)CCc1cccc(C2OCCCO2)c1,KBIFTEWSHHVYNO-UHFFFAOYSA-N,,"{""mw"": ""277.364"", ""clogp"": ""2.581"", ""tpsa_A2"": ""47.56"", ""hbd"": ""1"", ""hba"": ""3"", ""rotatable_bonds"": ""6"", ""sa_score"": ""2.152"", ""qed"": ""0.8691"", ""pains_alerts"": """", ""brenk_alerts"": """"}",,LIB_CHEMBL1200412,not_searched,,,selected_40_docked_independent_qc_pass,-5.563,middle_contact_4A,external_source/final_selfies_17645_base_fixed_list.csv,final_generation,2.152,0.1928,6,6,,,,,,,
GEN_MFCIDPNIZBSAID,,locally_trained_SELFIES_GRU_sampling,selfies_gru_base_v1,"unconditional SELFIES GRU sample; selected for broad structural exploration, not parent-derived",C1NCCN(C(=O)NC2=CC=CC=C2C3=CC=CC=C3)C4=CC=CC=C41,O=C(Nc1ccccc1-c1ccccc1)N1CCNCc2ccccc21,MFCIDPNIZBSAID-UHFFFAOYSA-N,,"{""mw"": ""343.43"", ""clogp"": ""4.495"", ""tpsa_A2"": ""44.37"", ""hbd"": ""2"", ""hba"": ""2"", ""rotatable_bonds"": ""2"", ""sa_score"": ""2.03"", ""qed"": ""0.7197"", ""pains_alerts"": """", ""brenk_alerts"": """"}",,LIB_CHEMBL461101,not_searched,,,fixed_150_not_selected_for_actual_docking,,,external_source/final_selfies_17645_base_fixed_list.csv,final_generation,2.03,0.1928,7,6;6;6,,,,,,,
GEN_DCMAISXLRRJMOY,,locally_trained_SELFIES_GRU_sampling,selfies_gru_base_v1,"unconditional SELFIES GRU sample; selected for broad structural exploration, not parent-derived",CCCNC(C1=C2C=C(N)C=N1)=NC3=CC=C(N4CCOCC4)C=C3S2,CCCNC1=Nc2ccc(N3CCOCC3)cc2Sc2cc(N)cnc21,DCMAISXLRRJMOY-UHFFFAOYSA-N,,"{""mw"": ""369.494"", ""clogp"": ""3.043"", ""tpsa_A2"": ""75.77"", ""hbd"": ""2"", ""hba"": ""7"", ""rotatable_bonds"": ""3"", ""sa_score"": ""3.008"", ""qed"": ""0.8661"", ""pains_alerts"": """", ""brenk_alerts"": """"}",,LIB_CHEMBL1983268,not_searched,,,exploratory16_actual_docking_independent_qc_pass,-7.232,middle_contact_4A,external_source/final_selfies_17645_base_fixed_list.csv,final_generation,3.008,0.1923,7,6;6,,,,matched_random_control,-6.787572,actual_docking_independent_qc_pass,False
GEN_VWLKKJMEROSMAE,,locally_trained_SELFIES_GRU_sampling,selfies_gru_base_v1,"unconditional SELFIES GRU sample; selected for broad structural exploration, not parent-derived",COC1=CC=C(C=C1O)CCOC(=O)C2=CN(C)C=C(C2)OC3CCCC3,COc1ccc(CCOC(=O)C2=CN(C)C=C(OC3CCCC3)C2)cc1O,VWLKKJMEROSMAE-UHFFFAOYSA-N,,"{""mw"": ""373.449"", ""clogp"": ""3.507"", ""tpsa_A2"": ""68.23"", ""hbd"": ""1"", ""hba"": ""6"", ""rotatable_bonds"": ""7"", ""sa_score"": ""2.976"", ""qed"": ""0.738"", ""pains_alerts"": """", ""brenk_alerts"": """"}",,LIB_CHEMBL1983268,not_searched,,,fixed_150_not_selected_for_actual_docking,,,external_source/final_selfies_17645_base_fixed_list.csv,final_generation,2.976,0.1923,6,6,,,,,,,
GEN_MNXZYWFULQKYIV,,locally_trained_SELFIES_GRU_sampling,selfies_gru_base_v1,"unconditional SELFIES GRU sample; selected for broad structural exploration, not parent-derived",O=C(O)C1=CC(CC2=CC=CC=C2)=N1,O=C(O)C1=CC(Cc2ccccc2)=N1,MNXZYWFULQKYIV-UHFFFAOYSA-N,,"{""mw"": ""187.198"", ""clogp"": ""1.652"", ""tpsa_A2"": ""49.66"", ""hbd"": ""1"", ""hba"": ""2"", ""rotatable_bonds"": ""3"", ""sa_score"": ""2.469"", ""qed"": ""0.7817"", ""pains_alerts"": """", ""brenk_alerts"": """"}",,LIB_CHEMBL1200412,not_searched,,,selected_40_docked_independent_qc_pass,-6.471,no_middle_contact_4A,external_source/final_selfies_17645_base_fixed_list.csv,final_generation,2.469,0.1912,6,6,,,,,,,
GEN_GMQGYABWNSWKGK,,locally_trained_SELFIES_GRU_sampling,selfies_gru_base_v1,"unconditional SELFIES GRU sample; selected for broad structural exploration, not parent-derived",CNCCC1=CN=C(NCC2=CC=C(F)C=C2)N=CN1CC3=CC=CC=C3,CNCCC1=CN=C(NCc2ccc(F)cc2)N=CN1Cc1ccccc1,GMQGYABWNSWKGK-UHFFFAOYSA-N,,"{""mw"": ""365.456"", ""clogp"": ""3.266"", ""tpsa_A2"": ""52.02"", ""hbd"": ""2"", ""hba"": ""5"", ""rotatable_bonds"": ""7"", ""sa_score"": ""2.97"", ""qed"": ""0.7918"", ""pains_alerts"": """", ""brenk_alerts"": """"}",,LIB_CHEMBL254316,not_searched,,,fixed_150_not_selected_for_actual_docking,,,external_source/final_selfies_17645_base_fixed_list.csv,final_generation,2.97,0.191,7,6;6,,,,,,,
GEN_FJAATUDLBLEIEO,,locally_trained_SELFIES_GRU_sampling,selfies_gru_base_v1,"unconditional SELFIES GRU sample; selected for broad structural exploration, not parent-derived",CCC=1OC(=O)CC[C@@H1](C23CC2)C=1C4=CC=C(O)C=C43,CCC1=C2c3ccc(O)cc3C3(CC3)[C@@H]2CCC(=O)O1,FJAATUDLBLEIEO-GFCCVEGCSA-N,,"{""mw"": ""270.328"", ""clogp"": ""3.512"", ""tpsa_A2"": ""46.53"", ""hbd"": ""1"", ""hba"": ""3"", ""rotatable_bonds"": ""1"", ""sa_score"": ""4.148"", ""qed"": ""0.7942"", ""pains_alerts"": """", ""brenk_alerts"": """"}",,LIB_CHEMBL1200412,not_searched,,,fixed_150_not_selected_for_actual_docking,,,external_source/final_selfies_17645_base_fixed_list.csv,final_generation,4.148,0.1905,7,6,,,,,,,
GEN_BUCHZKMRZVFZSH,,locally_trained_SELFIES_GRU_sampling,selfies_gru_base_v1,"unconditional SELFIES GRU sample; selected for broad structural exploration, not parent-derived",O=C(NC1=CC=CC=N1)C2=CC=C(F)C=C2,O=C(Nc1ccccn1)c1ccc(F)cc1,BUCHZKMRZVFZSH-UHFFFAOYSA-N,,"{""mw"": ""216.215"", ""clogp"": ""2.473"", ""tpsa_A2"": ""41.99"", ""hbd"": ""1"", ""hba"": ""2"", ""rotatable_bonds"": ""2"", ""sa_score"": ""1.487"", ""qed"": ""0.8374"", ""pains_alerts"": """", ""brenk_alerts"": """"}",,LIB_CHEMBL254316,not_searched,,,fixed_150_not_selected_for_actual_docking,,,external_source/final_selfies_17645_base_fixed_list.csv,final_generation,1.487,0.1892,6,6;6,,,,,,,
GEN_GHVWTUQHLDVEPW,,locally_trained_SELFIES_GRU_sampling,selfies_gru_base_v1,"unconditional SELFIES GRU sample; selected for broad structural exploration, not parent-derived",O=C(NCC1=CC=CC=C1)CNC2=C3C=CC(=C2)CCCN3C4CCCCC4,O=C(CNc1cc2ccc1N(C1CCCCC1)CCC2)NCc1ccccc1,GHVWTUQHLDVEPW-UHFFFAOYSA-N,,"{""mw"": ""377.532"", ""clogp"": ""4.5"", ""tpsa_A2"": ""44.37"", ""hbd"": ""2"", ""hba"": ""3"", ""rotatable_bonds"": ""6"", ""sa_score"": ""3.015"", ""qed"": ""0.779"", ""pains_alerts"": """", ""brenk_alerts"": """"}",,LIB_CHEMBL1200412,not_searched,,,selected_40_preparation_blocked,,,external_source/final_selfies_17645_base_fixed_list.csv,final_generation,3.015,0.1889,8,6;6,,,,,,,
GEN_FQJDRNUHEFLYBG,,locally_trained_SELFIES_GRU_sampling,selfies_gru_base_v1,"unconditional SELFIES GRU sample; selected for broad structural exploration, not parent-derived",O=C1C=CC=C(O)C(C2=CC=CC=C2)=N1,O=c1cccc(O)c(-c2ccccc2)n1,FQJDRNUHEFLYBG-UHFFFAOYSA-N,,"{""mw"": ""199.209"", ""clogp"": ""1.814"", ""tpsa_A2"": ""50.19"", ""hbd"": ""1"", ""hba"": ""3"", ""rotatable_bonds"": ""1"", ""sa_score"": ""2.006"", ""qed"": ""0.7616"", ""pains_alerts"": """", ""brenk_alerts"": """"}",,LIB_CHEMBL461101,not_searched,,,fixed_150_not_selected_for_actual_docking,,,external_source/final_selfies_17645_base_fixed_list.csv,final_generation,2.006,0.1884,7,6;7,,,,,,,
GEN_RHJPMNJSKWBEMI,,locally_trained_SELFIES_GRU_sampling,selfies_gru_base_v1,"unconditional SELFIES GRU sample; selected for broad structural exploration, not parent-derived",COC1=C2C=CC(OC)=C2N(CC3=CC=CC=C3)NC=CSC1=O,COc1ccc2c(OC)c(=O)scc[nH]n(Cc3ccccc3)c1-2,RHJPMNJSKWBEMI-UHFFFAOYSA-N,,"{""mw"": ""342.42"", ""clogp"": ""3.533"", ""tpsa_A2"": ""56.25"", ""hbd"": ""1"", ""hba"": ""4"", ""rotatable_bonds"": ""4"", ""sa_score"": ""3.318"", ""qed"": ""0.789"", ""pains_alerts"": """", ""brenk_alerts"": """"}",,LIB_CHEMBL1200412,not_searched,,,fixed_150_not_selected_for_actual_docking,,,external_source/final_selfies_17645_base_fixed_list.csv,final_generation,3.318,0.1882,9,5;6;9,aromatic_ring_size_ge_8_requires_chemistry_review,,,,,,
GEN_JDFOAIFEKBMYBL,,locally_trained_SELFIES_GRU_sampling,selfies_gru_base_v1,"unconditional SELFIES GRU sample; selected for broad structural exploration, not parent-derived",O=C(NC1=CC(Cl)=CC2=C1OCC3=CC=CC=C3)CC2,O=C1CCc2cc(Cl)cc(c2OCc2ccccc2)N1,JDFOAIFEKBMYBL-UHFFFAOYSA-N,,"{""mw"": ""287.746"", ""clogp"": ""3.804"", ""tpsa_A2"": ""38.33"", ""hbd"": ""1"", ""hba"": ""2"", ""rotatable_bonds"": ""3"", ""sa_score"": ""2.858"", ""qed"": ""0.9322"", ""pains_alerts"": """", ""brenk_alerts"": """"}",,LIB_CHEMBL1200412,not_searched,,,selected_40_preparation_blocked,,,external_source/final_selfies_17645_base_fixed_list.csv,final_generation,2.858,0.1875,7,6;6,,,,,,,
GEN_IMHLYSNSJZSAQK,,locally_trained_SELFIES_GRU_sampling,selfies_gru_base_v1,"unconditional SELFIES GRU sample; selected for broad structural exploration, not parent-derived",COC1=CC=CC=C1NC(=O)C2=CC(Cl)=CC=C2C(=O)O,COc1ccccc1NC(=O)c1cc(Cl)ccc1C(=O)O,IMHLYSNSJZSAQK-UHFFFAOYSA-N,,"{""mw"": ""305.717"", ""clogp"": ""3.299"", ""tpsa_A2"": ""75.63"", ""hbd"": ""2"", ""hba"": ""3"", ""rotatable_bonds"": ""4"", ""sa_score"": ""1.64"", ""qed"": ""0.9085"", ""pains_alerts"": """", ""brenk_alerts"": """"}",,LIB_CHEMBL461101,not_searched,,,fixed_150_not_selected_for_actual_docking,,,external_source/final_selfies_17645_base_fixed_list.csv,final_generation,1.64,0.1875,6,6;6,,,,,,,
GEN_OXJRUYBPUFQUPV,,locally_trained_SELFIES_GRU_sampling,selfies_gru_base_v1,"unconditional SELFIES GRU sample; selected for broad structural exploration, not parent-derived",CNC1=NC=C(S1)CC(=O)OCC2=CC=CC=C2,CNc1ncc(CC(=O)OCc2ccccc2)s1,OXJRUYBPUFQUPV-UHFFFAOYSA-N,,"{""mw"": ""262.334"", ""clogp"": ""2.471"", ""tpsa_A2"": ""51.22"", ""hbd"": ""1"", ""hba"": ""5"", ""rotatable_bonds"": ""5"", ""sa_score"": ""2.13"", ""qed"": ""0.841"", ""pains_alerts"": """", ""brenk_alerts"": """"}",,LIB_CHEMBL1200412,not_searched,,,fixed_150_not_selected_for_actual_docking,,,external_source/final_selfies_17645_base_fixed_list.csv,final_generation,2.13,0.1875,6,5;6,,,,,,,
GEN_MYNCONOPILGIQE,,locally_trained_SELFIES_GRU_sampling,selfies_gru_base_v1,"unconditional SELFIES GRU sample; selected for broad structural exploration, not parent-derived",O=C(NC1=CC=CC=C1)CCNC2CCCCC2,O=C(CCNC1CCCCC1)Nc1ccccc1,MYNCONOPILGIQE-UHFFFAOYSA-N,,"{""mw"": ""246.354"", ""clogp"": ""2.938"", ""tpsa_A2"": ""41.13"", ""hbd"": ""2"", ""hba"": ""2"", ""rotatable_bonds"": ""5"", ""sa_score"": ""1.633"", ""qed"": ""0.8384"", ""pains_alerts"": """", ""brenk_alerts"": """"}",,LIB_CHEMBL1200412,not_searched,,,fixed_150_not_selected_for_actual_docking,,,external_source/final_selfies_17645_base_fixed_list.csv,final_generation,1.633,0.1867,6,6,,,,,,,
GEN_AAMFMNFQTIEUFM,,locally_trained_SELFIES_GRU_sampling,selfies_gru_base_v1,"unconditional SELFIES GRU sample; selected for broad structural exploration, not parent-derived",C1C2=CC=C(NC3=NC(C)=C(C#N)C=N3)C=C2C=C1,Cc1nc(Nc2ccc3c(c2)C=CC3)ncc1C#N,AAMFMNFQTIEUFM-UHFFFAOYSA-N,,"{""mw"": ""248.289"", ""clogp"": ""2.97"", ""tpsa_A2"": ""61.6"", ""hbd"": ""1"", ""hba"": ""4"", ""rotatable_bonds"": ""2"", ""sa_score"": ""2.748"", ""qed"": ""0.8871"", ""pains_alerts"": """", ""brenk_alerts"": """"}",,LIB_CHEMBL3894860,not_searched,,,selected_40_docked_independent_qc_pass,-7.75,no_middle_contact_4A,external_source/final_selfies_17645_base_fixed_list.csv,final_generation,2.748,0.186,6,6;6,,,,,,,
GEN_GGRJAVYVMNMYGO,,locally_trained_SELFIES_GRU_sampling,selfies_gru_base_v1,"unconditional SELFIES GRU sample; selected for broad structural exploration, not parent-derived",O=C(NC1=CN=CC=C1N)CC2=CC=C(C3=CC=CC=C3)C=C2,Nc1ccncc1NC(=O)Cc1ccc(-c2ccccc2)cc1,GGRJAVYVMNMYGO-UHFFFAOYSA-N,,"{""mw"": ""303.365"", ""clogp"": ""3.512"", ""tpsa_A2"": ""68.01"", ""hbd"": ""2"", ""hba"": ""3"", ""rotatable_bonds"": ""4"", ""sa_score"": ""1.831"", ""qed"": ""0.7747"", ""pains_alerts"": """", ""brenk_alerts"": """"}",,LIB_CHEMBL2103870,not_searched,,,fixed_150_not_selected_for_actual_docking,,,external_source/final_selfies_17645_base_fixed_list.csv,final_generation,1.831,0.1852,6,6;6;6,,,,,,,
GEN_KUFLYKMQJKKJSS,,locally_trained_SELFIES_GRU_sampling,selfies_gru_base_v1,"unconditional SELFIES GRU sample; selected for broad structural exploration, not parent-derived",COC1=CC=CC(=C1)CC2CN(C(=O)NC3=CC=C(Cl)C=C3CF)C2,COc1cccc(CC2CN(C(=O)Nc3ccc(Cl)cc3CF)C2)c1,KUFLYKMQJKKJSS-UHFFFAOYSA-N,,"{""mw"": ""362.832"", ""clogp"": ""4.525"", ""tpsa_A2"": ""41.57"", ""hbd"": ""1"", ""hba"": ""2"", ""rotatable_bonds"": ""5"", ""sa_score"": ""2.267"", ""qed"": ""0.8489"", ""pains_alerts"": """", ""brenk_alerts"": """"}",,LIB_CHEMBL1200412,not_searched,,,fixed_150_not_selected_for_actual_docking,,,external_source/final_selfies_17645_base_fixed_list.csv,final_generation,2.267,0.1848,6,6;6,,,,,,,
GEN_NTOFWZKUIXZGIW,,locally_trained_SELFIES_GRU_sampling,selfies_gru_base_v1,"unconditional SELFIES GRU sample; selected for broad structural exploration, not parent-derived",O=C(NC1=CC=C(Cl)C=N1)[NH1]CC2=CC=CC=C2,O=C(NCc1ccccc1)Nc1ccc(Cl)cn1,NTOFWZKUIXZGIW-UHFFFAOYSA-N,,"{""mw"": ""261.712"", ""clogp"": ""3.057"", ""tpsa_A2"": ""54.02"", ""hbd"": ""2"", ""hba"": ""2"", ""rotatable_bonds"": ""3"", ""sa_score"": ""1.671"", ""qed"": ""0.8922"", ""pains_alerts"": """", ""brenk_alerts"": """"}",,LIB_CHEMBL1200412,not_searched,,,fixed_150_not_selected_for_actual_docking,,,external_source/final_selfies_17645_base_fixed_list.csv,final_generation,1.671,0.1842,6,6;6,,,,,,,
GEN_YXYHNKZBUVWMEO,,locally_trained_SELFIES_GRU_sampling,selfies_gru_base_v1,"unconditional SELFIES GRU sample; selected for broad structural exploration, not parent-derived",O=C(O)C1=CC2=CC(C(=O)O)=CC=C1N2C3=CC=CC=C3,O=C(O)C1=CC=c2c(C(=O)O)cc(n2-c2ccccc2)=C1,YXYHNKZBUVWMEO-UHFFFAOYSA-N,,"{""mw"": ""281.267"", ""clogp"": ""0.761"", ""tpsa_A2"": ""79.53"", ""hbd"": ""2"", ""hba"": ""2"", ""rotatable_bonds"": ""3"", ""sa_score"": ""3.776"", ""qed"": ""0.8703"", ""pains_alerts"": """", ""brenk_alerts"": """"}",,LIB_CHEMBL461101,not_searched,,,selected_40_preparation_blocked,,,external_source/final_selfies_17645_base_fixed_list.csv,final_generation,3.776,0.1842,7,5;6,,,,,,,
GEN_IBAJVOHYIPCWML,,locally_trained_SELFIES_GRU_sampling,selfies_gru_base_v1,"unconditional SELFIES GRU sample; selected for broad structural exploration, not parent-derived",CC1=NC=C(C=C1OC)COC2=CC=C(F)C=C2,COc1cc(COc2ccc(F)cc2)cnc1C,IBAJVOHYIPCWML-UHFFFAOYSA-N,,"{""mw"": ""247.269"", ""clogp"": ""3.117"", ""tpsa_A2"": ""31.35"", ""hbd"": ""0"", ""hba"": ""3"", ""rotatable_bonds"": ""4"", ""sa_score"": ""1.836"", ""qed"": ""0.8314"", ""pains_alerts"": """", ""brenk_alerts"": """"}",,LIB_CHEMBL4204794,not_searched,,,fixed_150_not_selected_for_actual_docking,,,external_source/final_selfies_17645_base_fixed_list.csv,final_generation,1.836,0.1842,6,6;6,,,,,,,
GEN_MXEVTEPPWHDMMK,,locally_trained_SELFIES_GRU_sampling,selfies_gru_base_v1,"unconditional SELFIES GRU sample; selected for broad structural exploration, not parent-derived",COC1=CC=C/C=C/C(=O)C2=CC=CC=C2NC3=CC=CC=C3C=C1,COc1cccccc(=O)c2ccccc2[nH]c2ccccc2cc1,MXEVTEPPWHDMMK-UHFFFAOYSA-N,,"{""mw"": ""329.399"", ""clogp"": ""4.939"", ""tpsa_A2"": ""42.09"", ""hbd"": ""1"", ""hba"": ""2"", ""rotatable_bonds"": ""1"", ""sa_score"": ""2.186"", ""qed"": ""0.687"", ""pains_alerts"": """", ""brenk_alerts"": """"}",,LIB_CHEMBL1200412,not_searched,,,fixed_150_not_selected_for_actual_docking,,,external_source/final_selfies_17645_base_fixed_list.csv,final_generation,2.186,0.1842,14,6;6;14,aromatic_ring_size_ge_8_requires_chemistry_review,,,,,,
GEN_BLAPYXZIXWVQLK,,locally_trained_SELFIES_GRU_sampling,selfies_gru_base_v1,"unconditional SELFIES GRU sample; selected for broad structural exploration, not parent-derived",O=C(O)CCC/C1=C/CO/N[C@@](C)=C1CC(=O)NC2=CC=CC=C2,CC1=C(CC(=O)Nc2ccccc2)C(CCCC(=O)O)=CCON1,BLAPYXZIXWVQLK-UHFFFAOYSA-N,,"{""mw"": ""330.384"", ""clogp"": ""3.005"", ""tpsa_A2"": ""87.66"", ""hbd"": ""3"", ""hba"": ""4"", ""rotatable_bonds"": ""7"", ""sa_score"": ""2.808"", ""qed"": ""0.7152"", ""pains_alerts"": """", ""brenk_alerts"": """"}",,LIB_CHEMBL1200412,not_searched,,,fixed_150_not_selected_for_actual_docking,,,external_source/final_selfies_17645_base_fixed_list.csv,final_generation,2.808,0.1839,7,6,,,,,,,
GEN_SVVKERIBQALCSO,,locally_trained_SELFIES_GRU_sampling,selfies_gru_base_v1,"unconditional SELFIES GRU sample; selected for broad structural exploration, not parent-derived",CC1(C)C=CC=C(C(F)(F)F)C=C1NC2=CC=C(C(=O)O)C=C2,CC1(C)C=CC=C(C(F)(F)F)C=C1Nc1ccc(C(=O)O)cc1,SVVKERIBQALCSO-UHFFFAOYSA-N,,"{""mw"": ""323.314"", ""clogp"": ""4.765"", ""tpsa_A2"": ""49.33"", ""hbd"": ""2"", ""hba"": ""2"", ""rotatable_bonds"": ""3"", ""sa_score"": ""3.021"", ""qed"": ""0.8425"", ""pains_alerts"": """", ""brenk_alerts"": """"}",,LIB_CHEMBL461101,not_searched,,,selected_40_docked_independent_qc_pass,-6.121,no_middle_contact_4A,external_source/final_selfies_17645_base_fixed_list.csv,final_generation,3.021,0.1829,7,6,,,,,,,
GEN_VYHJCHUSHOZMJE,,locally_trained_SELFIES_GRU_sampling,selfies_gru_base_v1,"unconditional SELFIES GRU sample; selected for broad structural exploration, not parent-derived",N1C[NH1]C=CC(CC2=CC=CC=C2)=C1C(=O)NCC3=CC=CC=C3,O=C(NCc1ccccc1)C1=C(Cc2ccccc2)C=CNCN1,VYHJCHUSHOZMJE-UHFFFAOYSA-N,,"{""mw"": ""319.408"", ""clogp"": ""2.464"", ""tpsa_A2"": ""53.16"", ""hbd"": ""3"", ""hba"": ""3"", ""rotatable_bonds"": ""5"", ""sa_score"": ""2.665"", ""qed"": ""0.7934"", ""pains_alerts"": """", ""brenk_alerts"": """"}",,LIB_CHEMBL254316,not_searched,,,fixed_150_not_selected_for_actual_docking,,,external_source/final_selfies_17645_base_fixed_list.csv,final_generation,2.665,0.1829,7,6;6,,,,,,,
GEN_UGQNNRFUFSYWSZ,,locally_trained_SELFIES_GRU_sampling,selfies_gru_base_v1,"unconditional SELFIES GRU sample; selected for broad structural exploration, not parent-derived",CCOC(=O)C1=C2C=C(NC3=CC=C(Cl)C=C3)N=C21,CCOC(=O)c1c2cc(Nc3ccc(Cl)cc3)nc1-2,UGQNNRFUFSYWSZ-UHFFFAOYSA-N,,"{""mw"": ""274.707"", ""clogp"": ""3.636"", ""tpsa_A2"": ""51.22"", ""hbd"": ""1"", ""hba"": ""4"", ""rotatable_bonds"": ""4"", ""sa_score"": ""2.196"", ""qed"": ""0.7382"", ""pains_alerts"": """", ""brenk_alerts"": """"}",,LIB_CHEMBL2103870,not_searched,,,fixed_150_not_selected_for_actual_docking,,,external_source/final_selfies_17645_base_fixed_list.csv,final_generation,2.196,0.1829,6,3;5;6,,,,,,,
GEN_XFMUAKMLTWMNRA,,locally_trained_SELFIES_GRU_sampling,selfies_gru_base_v1,"unconditional SELFIES GRU sample; selected for broad structural exploration, not parent-derived",O=C(CC1=CC=C(Cl)C=C1)NC2=NN(C3=CC=CC=C3)CC2,O=C(Cc1ccc(Cl)cc1)NC1=NN(c2ccccc2)CC1,XFMUAKMLTWMNRA-UHFFFAOYSA-N,,"{""mw"": ""313.788"", ""clogp"": ""3.223"", ""tpsa_A2"": ""44.7"", ""hbd"": ""1"", ""hba"": ""3"", ""rotatable_bonds"": ""3"", ""sa_score"": ""2.201"", ""qed"": ""0.9453"", ""pains_alerts"": """", ""brenk_alerts"": """"}",,LIB_CHEMBL1983268,not_searched,,,fixed_150_not_selected_for_actual_docking,,,external_source/final_selfies_17645_base_fixed_list.csv,final_generation,2.201,0.1828,6,6;6,,,,,,,
GEN_GLNZTUQGRFHQGF,,locally_trained_SELFIES_GRU_sampling,selfies_gru_base_v1,"unconditional SELFIES GRU sample; selected for broad structural exploration, not parent-derived",CC1=CC=NC=C1N(CC2=CC=CC=C2)C(=O)NCC3CCCCC3,Cc1ccncc1N(Cc1ccccc1)C(=O)NCC1CCCCC1,GLNZTUQGRFHQGF-UHFFFAOYSA-N,,"{""mw"": ""337.467"", ""clogp"": ""4.687"", ""tpsa_A2"": ""45.23"", ""hbd"": ""1"", ""hba"": ""2"", ""rotatable_bonds"": ""5"", ""sa_score"": ""2.266"", ""qed"": ""0.8603"", ""pains_alerts"": """", ""brenk_alerts"": """"}",,LIB_CHEMBL1200412,not_searched,,,selected_40_preparation_blocked,,,external_source/final_selfies_17645_base_fixed_list.csv,final_generation,2.266,0.1818,6,6;6,,,,,,,
GEN_YRCHUTAPJVFENZ,,locally_trained_SELFIES_GRU_sampling,selfies_gru_base_v1,"unconditional SELFIES GRU sample; selected for broad structural exploration, not parent-derived",O=C(NC1=CC=CN=C1)N2CCOCC2,O=C(Nc1cccnc1)N1CCOCC1,YRCHUTAPJVFENZ-UHFFFAOYSA-N,,"{""mw"": ""207.233"", ""clogp"": ""0.946"", ""tpsa_A2"": ""54.46"", ""hbd"": ""1"", ""hba"": ""3"", ""rotatable_bonds"": ""1"", ""sa_score"": ""1.873"", ""qed"": ""0.7454"", ""pains_alerts"": """", ""brenk_alerts"": """"}",,LIB_CHEMBL1983268,not_searched,,,fixed_150_not_selected_for_actual_docking,,,external_source/final_selfies_17645_base_fixed_list.csv,final_generation,1.873,0.1818,6,6,,,,,,,
GEN_QHTHMOZHDFKGPP,,locally_trained_SELFIES_GRU_sampling,selfies_gru_base_v1,"unconditional SELFIES GRU sample; selected for broad structural exploration, not parent-derived",O=C(NCC1=CC=NC=C1)CCC2=CC=CCC=C2,O=C(CCC1=CC=CCC=C1)NCc1ccncc1,QHTHMOZHDFKGPP-UHFFFAOYSA-N,,"{""mw"": ""254.333"", ""clogp"": ""2.921"", ""tpsa_A2"": ""41.99"", ""hbd"": ""1"", ""hba"": ""2"", ""rotatable_bonds"": ""5"", ""sa_score"": ""2.713"", ""qed"": ""0.8775"", ""pains_alerts"": """", ""brenk_alerts"": """"}",,LIB_CHEMBL254316,not_searched,,,fixed_150_not_selected_for_actual_docking,,,external_source/final_selfies_17645_base_fixed_list.csv,final_generation,2.713,0.1807,7,6,,,,,,,
GEN_FWLSRXHMIRPQHV,,locally_trained_SELFIES_GRU_sampling,selfies_gru_base_v1,"unconditional SELFIES GRU sample; selected for broad structural exploration, not parent-derived",CNC1=NC(=O)C=CC(C2=CC=CC=C2)=C1C3=CC(N)=NC=C3,CNc1nc(=O)ccc(-c2ccccc2)c1-c1ccnc(N)c1,FWLSRXHMIRPQHV-UHFFFAOYSA-N,,"{""mw"": ""304.353"", ""clogp"": ""2.795"", ""tpsa_A2"": ""80.9"", ""hbd"": ""2"", ""hba"": ""5"", ""rotatable_bonds"": ""3"", ""sa_score"": ""2.444"", ""qed"": ""0.7774"", ""pains_alerts"": """", ""brenk_alerts"": """"}",,LIB_CHEMBL461101,not_searched,,,fixed_150_not_selected_for_actual_docking,,,external_source/final_selfies_17645_base_fixed_list.csv,final_generation,2.444,0.1807,7,6;6;7,,,,,,,
GEN_IKYCIKBIXLZPQJ,,locally_trained_SELFIES_GRU_sampling,selfies_gru_base_v1,"unconditional SELFIES GRU sample; selected for broad structural exploration, not parent-derived",C1OC2=CC=CC=C2OCCN(C(=O)NC3=CC=CC=C3CC)N(CC)CC1=O,CCc1ccccc1NC(=O)N1CCOc2ccccc2OCC(=O)CN1CC,IKYCIKBIXLZPQJ-UHFFFAOYSA-N,,"{""mw"": ""397.475"", ""clogp"": ""3.36"", ""tpsa_A2"": ""71.11"", ""hbd"": ""1"", ""hba"": ""5"", ""rotatable_bonds"": ""3"", ""sa_score"": ""3.207"", ""qed"": ""0.86"", ""pains_alerts"": """", ""brenk_alerts"": """"}",,LIB_CHEMBL1983268,not_searched,,,selected_40_docked_independent_qc_pass,-5.877,middle_contact_4A,external_source/final_selfies_17645_base_fixed_list.csv,final_generation,3.207,0.18,11,6;6,,,,,,,
GEN_BBVFQXGKCZUSJJ,,locally_trained_SELFIES_GRU_sampling,selfies_gru_base_v1,"unconditional SELFIES GRU sample; selected for broad structural exploration, not parent-derived",COC1=CC=C(C(=O)NCC2=CC=C(C3=CC=NC=C3)C=C2C)C1,COC1=CC=C(C(=O)NCc2ccc(-c3ccncc3)cc2C)C1,BBVFQXGKCZUSJJ-UHFFFAOYSA-N,,"{""mw"": ""320.392"", ""clogp"": ""3.534"", ""tpsa_A2"": ""51.22"", ""hbd"": ""1"", ""hba"": ""3"", ""rotatable_bonds"": ""5"", ""sa_score"": ""2.6"", ""qed"": ""0.9166"", ""pains_alerts"": """", ""brenk_alerts"": """"}",,LIB_CHEMBL2103870,not_searched,,,fixed_150_not_selected_for_actual_docking,,,external_source/final_selfies_17645_base_fixed_list.csv,final_generation,2.6,0.1798,6,6;6,,,,,,,
GEN_OYNOJWBMIKOIOK,,locally_trained_SELFIES_GRU_sampling,selfies_gru_base_v1,"unconditional SELFIES GRU sample; selected for broad structural exploration, not parent-derived",C1NC(=O)C(C=NC(C2=CC=CC=C2)=NOC=3C4)=CC=CN=C4C=3CC1,O=C1NCCCc2c3ncccc1cnc(-c1ccccc1)noc2C3,OYNOJWBMIKOIOK-UHFFFAOYSA-N,,"{""mw"": ""346.39"", ""clogp"": ""2.961"", ""tpsa_A2"": ""80.91"", ""hbd"": ""1"", ""hba"": ""5"", ""rotatable_bonds"": ""1"", ""sa_score"": ""4.17"", ""qed"": ""0.7325"", ""pains_alerts"": """", ""brenk_alerts"": """"}",,LIB_CHEMBL2103870,not_searched,,,exploratory16_actual_docking_independent_qc_pass,-6.149,middle_contact_4A,external_source/final_selfies_17645_base_fixed_list.csv,final_generation,4.17,0.1798,13,6;13,aromatic_ring_size_ge_8_requires_chemistry_review,,,proxy_top12,-7.097967,actual_docking_independent_qc_pass,False
GEN_UNSFDILJGGLTKA,,locally_trained_SELFIES_GRU_sampling,selfies_gru_base_v1,"unconditional SELFIES GRU sample; selected for broad structural exploration, not parent-derived",CN(C)CCNC(=O)C1=CC=CC=C1N2C=CC3=CC(C(=O)O)=CC=C32,CN(C)CCNC(=O)c1ccccc1-n1ccc2cc(C(=O)O)ccc21,UNSFDILJGGLTKA-UHFFFAOYSA-N,,"{""mw"": ""351.406"", ""clogp"": ""2.62"", ""tpsa_A2"": ""74.57"", ""hbd"": ""2"", ""hba"": ""3"", ""rotatable_bonds"": ""6"", ""sa_score"": ""2.186"", ""qed"": ""0.7159"", ""pains_alerts"": """", ""brenk_alerts"": """"}",,LIB_CHEMBL461101,not_searched,,,selected_40_docked_independent_qc_pass,-6.529,no_middle_contact_4A,external_source/final_selfies_17645_base_fixed_list.csv,final_generation,2.186,0.1798,6,5;6;6,,,,,,,
GEN_URSLQQRHKNZPRT,,locally_trained_SELFIES_GRU_sampling,selfies_gru_base_v1,"unconditional SELFIES GRU sample; selected for broad structural exploration, not parent-derived",O=C(NCCC1=CC=CC=C1C2=CC=CC(O)=C2C)C,CC(=O)NCCc1ccccc1-c1cccc(O)c1C,URSLQQRHKNZPRT-UHFFFAOYSA-N,,"{""mw"": ""269.344"", ""clogp"": ""3.046"", ""tpsa_A2"": ""49.33"", ""hbd"": ""2"", ""hba"": ""2"", ""rotatable_bonds"": ""4"", ""sa_score"": ""1.978"", ""qed"": ""0.8959"", ""pains_alerts"": """", ""brenk_alerts"": """"}",,LIB_CHEMBL461101,not_searched,,,fixed_150_not_selected_for_actual_docking,,,external_source/final_selfies_17645_base_fixed_list.csv,final_generation,1.978,0.1795,6,6;6,,,,,,,
GEN_NLDWLRHCZGHUHG,,locally_trained_SELFIES_GRU_sampling,selfies_gru_base_v1,"unconditional SELFIES GRU sample; selected for broad structural exploration, not parent-derived",CCN(CC)CC(=O)OC1=CC=C(C2=CC=CC=C2)C1=O,CCN(CC)CC(=O)OC1=CC=C(c2ccccc2)C1=O,NLDWLRHCZGHUHG-UHFFFAOYSA-N,,"{""mw"": ""285.343"", ""clogp"": ""2.422"", ""tpsa_A2"": ""46.61"", ""hbd"": ""0"", ""hba"": ""4"", ""rotatable_bonds"": ""6"", ""sa_score"": ""2.589"", ""qed"": ""0.7531"", ""pains_alerts"": """", ""brenk_alerts"": """"}",,LIB_CHEMBL1200412,not_searched,,,fixed_150_not_selected_for_actual_docking,,,external_source/final_selfies_17645_base_fixed_list.csv,final_generation,2.589,0.1795,6,6,,,,,,,
GEN_KPJSELLBFDQNGN,,locally_trained_SELFIES_GRU_sampling,selfies_gru_base_v1,"unconditional SELFIES GRU sample; selected for broad structural exploration, not parent-derived",N1C=CC(C)=C(C(=O)NCC[C@]2(C)CCCCC2)C1=O,Cc1cc[nH]c(=O)c1C(=O)NCCC1(C)CCCCC1,KPJSELLBFDQNGN-UHFFFAOYSA-N,,"{""mw"": ""276.38"", ""clogp"": ""2.774"", ""tpsa_A2"": ""61.96"", ""hbd"": ""2"", ""hba"": ""2"", ""rotatable_bonds"": ""4"", ""sa_score"": ""2.666"", ""qed"": ""0.8879"", ""pains_alerts"": """", ""brenk_alerts"": """"}",,LIB_CHEMBL2103870,not_searched,,,fixed_150_not_selected_for_actual_docking,,,external_source/final_selfies_17645_base_fixed_list.csv,final_generation,2.666,0.1786,6,6,,,,,,,
GEN_COWCZQVSAXVGNY,,locally_trained_SELFIES_GRU_sampling,selfies_gru_base_v1,"unconditional SELFIES GRU sample; selected for broad structural exploration, not parent-derived",C1NCCCC(NC(=O)C2=CC=C3C(=C2)OCO3)=C1,O=C(NC1=CCNCCC1)c1ccc2c(c1)OCO2,COWCZQVSAXVGNY-UHFFFAOYSA-N,,"{""mw"": ""260.293"", ""clogp"": ""1.412"", ""tpsa_A2"": ""59.59"", ""hbd"": ""2"", ""hba"": ""4"", ""rotatable_bonds"": ""2"", ""sa_score"": ""2.579"", ""qed"": ""0.8438"", ""pains_alerts"": """", ""brenk_alerts"": """"}",,LIB_CHEMBL36506,not_searched,,,selected_40_docked_independent_qc_pass,-4.642,no_middle_contact_4A,external_source/final_selfies_17645_base_fixed_list.csv,final_generation,2.579,0.1782,7,6,,,,,,,
GEN_VAPVUZZLAAWZPA,,locally_trained_SELFIES_GRU_sampling,selfies_gru_base_v1,"unconditional SELFIES GRU sample; selected for broad structural exploration, not parent-derived",O=C(O)C1=CC=CC(Cl)=C1C2=CC=NC=C2,O=C(O)c1cccc(Cl)c1-c1ccncc1,VAPVUZZLAAWZPA-UHFFFAOYSA-N,,"{""mw"": ""233.654"", ""clogp"": ""3.1"", ""tpsa_A2"": ""50.19"", ""hbd"": ""1"", ""hba"": ""2"", ""rotatable_bonds"": ""2"", ""sa_score"": ""1.859"", ""qed"": ""0.8672"", ""pains_alerts"": """", ""brenk_alerts"": """"}",,LIB_CHEMBL461101,not_searched,,,fixed_150_not_selected_for_actual_docking,,,external_source/final_selfies_17645_base_fixed_list.csv,final_generation,1.859,0.1781,6,6;6,,,,,,,
GEN_VKHGWFHYWMHWQH,,locally_trained_SELFIES_GRU_sampling,selfies_gru_base_v1,"unconditional SELFIES GRU sample; selected for broad structural exploration, not parent-derived",CC1=CC=CC=C1NC(=O)NC2=CC=CC=C2C(=O)N,Cc1ccccc1NC(=O)Nc1ccccc1C(N)=O,VKHGWFHYWMHWQH-UHFFFAOYSA-N,,"{""mw"": ""269.304"", ""clogp"": ""2.738"", ""tpsa_A2"": ""84.22"", ""hbd"": ""3"", ""hba"": ""2"", ""rotatable_bonds"": ""3"", ""sa_score"": ""1.575"", ""qed"": ""0.8"", ""pains_alerts"": """", ""brenk_alerts"": """"}",,LIB_CHEMBL461101,not_searched,,,fixed_150_not_selected_for_actual_docking,,,external_source/final_selfies_17645_base_fixed_list.csv,final_generation,1.575,0.1781,6,6;6,,,,,,,
GEN_XRVMPVQEHHQEQD,,locally_trained_SELFIES_GRU_sampling,selfies_gru_base_v1,"unconditional SELFIES GRU sample; selected for broad structural exploration, not parent-derived",CCN(CC)CCNC(=O)C1=CC=CC=C1CC2=CC=CC=C2,CCN(CC)CCNC(=O)c1ccccc1Cc1ccccc1,XRVMPVQEHHQEQD-UHFFFAOYSA-N,,"{""mw"": ""310.441"", ""clogp"": ""3.349"", ""tpsa_A2"": ""32.34"", ""hbd"": ""1"", ""hba"": ""2"", ""rotatable_bonds"": ""8"", ""sa_score"": ""1.813"", ""qed"": ""0.8108"", ""pains_alerts"": """", ""brenk_alerts"": """"}",,LIB_CHEMBL1200412,not_searched,,,fixed_150_not_selected_for_actual_docking,,,external_source/final_selfies_17645_base_fixed_list.csv,final_generation,1.813,0.1772,6,6;6,,,,,,,
GEN_RUNCYIHZQJZVMX,,locally_trained_SELFIES_GRU_sampling,selfies_gru_base_v1,"unconditional SELFIES GRU sample; selected for broad structural exploration, not parent-derived",OC1=CC=CC(=C1)CN(CC(=O)NC2=CC=CC=C2)C3CCCCC3,O=C(CN(Cc1cccc(O)c1)C1CCCCC1)Nc1ccccc1,RUNCYIHZQJZVMX-UHFFFAOYSA-N,,"{""mw"": ""338.451"", ""clogp"": ""4.166"", ""tpsa_A2"": ""52.57"", ""hbd"": ""2"", ""hba"": ""3"", ""rotatable_bonds"": ""6"", ""sa_score"": ""1.953"", ""qed"": ""0.8312"", ""pains_alerts"": """", ""brenk_alerts"": """"}",,LIB_CHEMBL1200412,not_searched,,,selected_40_preparation_blocked,,,external_source/final_selfies_17645_base_fixed_list.csv,final_generation,1.953,0.1765,6,6;6,,,,,,,
GEN_JKNUETZBORUBGQ,,locally_trained_SELFIES_GRU_sampling,selfies_gru_base_v1,"unconditional SELFIES GRU sample; selected for broad structural exploration, not parent-derived",C1NC(O)=C(O)C=C1C(=O)OCC2=CC=CC(C(F)(F)F)=C2,O=C(OCc1cccc(C(F)(F)F)c1)C1=CC(O)=C(O)NC1,JKNUETZBORUBGQ-UHFFFAOYSA-N,,"{""mw"": ""315.247"", ""clogp"": ""2.563"", ""tpsa_A2"": ""78.79"", ""hbd"": ""3"", ""hba"": ""5"", ""rotatable_bonds"": ""3"", ""sa_score"": ""2.963"", ""qed"": ""0.7472"", ""pains_alerts"": """", ""brenk_alerts"": """"}",,LIB_CHEMBL1200412,not_searched,,,fixed_150_not_selected_for_actual_docking,,,external_source/final_selfies_17645_base_fixed_list.csv,final_generation,2.963,0.1765,6,6,,,,,,,
GEN_JUXNCUDMLQKRJW,,locally_trained_SELFIES_GRU_sampling,selfies_gru_base_v1,"unconditional SELFIES GRU sample; selected for broad structural exploration, not parent-derived",C1C=C(C(=O)O)C2=CC=CC=C2C1=O,O=C(O)C1=CCC(=O)c2ccccc21,JUXNCUDMLQKRJW-UHFFFAOYSA-N,,"{""mw"": ""188.182"", ""clogp"": ""1.741"", ""tpsa_A2"": ""54.37"", ""hbd"": ""1"", ""hba"": ""2"", ""rotatable_bonds"": ""1"", ""sa_score"": ""2.43"", ""qed"": ""0.7298"", ""pains_alerts"": """", ""brenk_alerts"": """"}",,LIB_CHEMBL1200412,not_searched,,,fixed_150_not_selected_for_actual_docking,,,external_source/final_selfies_17645_base_fixed_list.csv,final_generation,2.43,0.1765,6,6,,,,,,,
GEN_LVCJHKGGMOPVON,,locally_trained_SELFIES_GRU_sampling,selfies_gru_base_v1,"unconditional SELFIES GRU sample; selected for broad structural exploration, not parent-derived",N1C=NC=NC(NC(=O)C2=CC=CN=C2)=C1C3=CC=CC(Cl)=C3,O=C(NC1=C(c2cccc(Cl)c2)NC=NC=N1)c1cccnc1,LVCJHKGGMOPVON-UHFFFAOYSA-N,,"{""mw"": ""325.759"", ""clogp"": ""2.451"", ""tpsa_A2"": ""78.74"", ""hbd"": ""2"", ""hba"": ""5"", ""rotatable_bonds"": ""3"", ""sa_score"": ""2.902"", ""qed"": ""0.9094"", ""pains_alerts"": """", ""brenk_alerts"": """"}",,LIB_CHEMBL2103870,not_searched,,,fixed_150_not_selected_for_actual_docking,,,external_source/final_selfies_17645_base_fixed_list.csv,final_generation,2.902,0.1758,7,6;6,,,,,,,
GEN_VKRGQJQCURIQER,,locally_trained_SELFIES_GRU_sampling,selfies_gru_base_v1,"unconditional SELFIES GRU sample; selected for broad structural exploration, not parent-derived",O=C(C1=CC=C(Cl)C=C1)C2=CC=CC=C2NC(=O)O,O=C(O)Nc1ccccc1C(=O)c1ccc(Cl)cc1,VKRGQJQCURIQER-UHFFFAOYSA-N,,"{""mw"": ""275.691"", ""clogp"": ""3.661"", ""tpsa_A2"": ""66.4"", ""hbd"": ""2"", ""hba"": ""2"", ""rotatable_bonds"": ""3"", ""sa_score"": ""1.652"", ""qed"": ""0.8402"", ""pains_alerts"": """", ""brenk_alerts"": """"}",,LIB_CHEMBL461101,not_searched,,,selected_40_docked_independent_qc_fail,-8.146,no_middle_contact_4A,external_source/final_selfies_17645_base_fixed_list.csv,final_generation,1.652,0.1757,6,6;6,,,,,,,
GEN_NSWXKTBZGLBDRD,,locally_trained_SELFIES_GRU_sampling,selfies_gru_base_v1,"unconditional SELFIES GRU sample; selected for broad structural exploration, not parent-derived",CC1=NC(=O)OC2=CC=C(O)C=C21,Cc1nc(=O)oc2ccc(O)cc12,NSWXKTBZGLBDRD-UHFFFAOYSA-N,,"{""mw"": ""177.159"", ""clogp"": ""1.202"", ""tpsa_A2"": ""63.33"", ""hbd"": ""1"", ""hba"": ""4"", ""rotatable_bonds"": ""0"", ""sa_score"": ""2.497"", ""qed"": ""0.6563"", ""pains_alerts"": """", ""brenk_alerts"": """"}",,LIB_CHEMBL254316,not_searched,,,fixed_150_not_selected_for_actual_docking,,,external_source/final_selfies_17645_base_fixed_list.csv,final_generation,2.497,0.1757,6,6;6,,,,,,,
GEN_MGZPKZPFCNWSEQ,,locally_trained_SELFIES_GRU_sampling,selfies_gru_base_v1,"unconditional SELFIES GRU sample; selected for broad structural exploration, not parent-derived",CC1=CC=CC=C1C(=O)NC2=NC=CN=C2C=C,C=Cc1nccnc1NC(=O)c1ccccc1C,MGZPKZPFCNWSEQ-UHFFFAOYSA-N,,"{""mw"": ""239.278"", ""clogp"": ""2.68"", ""tpsa_A2"": ""54.88"", ""hbd"": ""1"", ""hba"": ""3"", ""rotatable_bonds"": ""3"", ""sa_score"": ""2.273"", ""qed"": ""0.8954"", ""pains_alerts"": """", ""brenk_alerts"": """"}",,LIB_CHEMBL2103870,not_searched,,,fixed_150_not_selected_for_actual_docking,,,external_source/final_selfies_17645_base_fixed_list.csv,final_generation,2.273,0.175,6,6;6,,,,,,,
GEN_NIZIUWZYVNEJLO,,locally_trained_SELFIES_GRU_sampling,selfies_gru_base_v1,"unconditional SELFIES GRU sample; selected for broad structural exploration, not parent-derived",O=C(O)C1=CC=C2C=C1OC=C2C3=C(Cl)C=C(C)C(OC)=C3,COc1cc(C2=COc3cc2ccc3C(=O)O)c(Cl)cc1C,NIZIUWZYVNEJLO-UHFFFAOYSA-N,,"{""mw"": ""316.74"", ""clogp"": ""4.137"", ""tpsa_A2"": ""55.76"", ""hbd"": ""1"", ""hba"": ""3"", ""rotatable_bonds"": ""3"", ""sa_score"": ""3.305"", ""qed"": ""0.9244"", ""pains_alerts"": """", ""brenk_alerts"": """"}",,LIB_CHEMBL2103870,not_searched,,,fixed_150_not_selected_for_actual_docking,,,external_source/final_selfies_17645_base_fixed_list.csv,final_generation,3.305,0.1744,6,6;6,,,,,,,
GEN_NJXUIVCDYDTIRI,,locally_trained_SELFIES_GRU_sampling,selfies_gru_base_v1,"unconditional SELFIES GRU sample; selected for broad structural exploration, not parent-derived",N#CC1=C2N(C=C(C3=CC=C(C(=O)O)C2=C3)CCOC4=CC=CC=C4)C1=O,N#CC1=C2c3cc(ccc3C(=O)O)C(CCOc3ccccc3)=CN2C1=O,NJXUIVCDYDTIRI-UHFFFAOYSA-N,,"{""mw"": ""358.353"", ""clogp"": ""3.285"", ""tpsa_A2"": ""90.63"", ""hbd"": ""1"", ""hba"": ""4"", ""rotatable_bonds"": ""5"", ""sa_score"": ""3.625"", ""qed"": ""0.8856"", ""pains_alerts"": """", ""brenk_alerts"": """"}",,LIB_CHEMBL461101,not_searched,,,selected_40_preparation_blocked,,,external_source/final_selfies_17645_base_fixed_list.csv,final_generation,3.625,0.1739,7,6;6,,,,,,,
GEN_WXURYXYTWWBLHS,,locally_trained_SELFIES_GRU_sampling,selfies_gru_base_v1,"unconditional SELFIES GRU sample; selected for broad structural exploration, not parent-derived",N1S(=O)(=O)C=CC=C1NC(=O)C2=CC=CC=C2CC,CCc1ccccc1C(=O)NC1=CC=CS(=O)(=O)N1,WXURYXYTWWBLHS-UHFFFAOYSA-N,,"{""mw"": ""278.333"", ""clogp"": ""1.267"", ""tpsa_A2"": ""75.27"", ""hbd"": ""2"", ""hba"": ""3"", ""rotatable_bonds"": ""3"", ""sa_score"": ""3.008"", ""qed"": ""0.8739"", ""pains_alerts"": """", ""brenk_alerts"": """"}",,LIB_CHEMBL1983268,not_searched,,,fixed_150_not_selected_for_actual_docking,,,external_source/final_selfies_17645_base_fixed_list.csv,final_generation,3.008,0.1739,6,6,,,,,,,
GEN_RWDRFHGCYHQYSE,,locally_trained_SELFIES_GRU_sampling,selfies_gru_base_v1,"unconditional SELFIES GRU sample; selected for broad structural exploration, not parent-derived",C1CCN(C(=O)O)CC2=CC=CC3=CC=CC=C3N2N1CC4=CC=C(OC)C=C4,COc1ccc(CN2CCCN(C(=O)O)CC3=CC=Cc4ccccc4N32)cc1,RWDRFHGCYHQYSE-UHFFFAOYSA-N,,"{""mw"": ""391.471"", ""clogp"": ""4.213"", ""tpsa_A2"": ""56.25"", ""hbd"": ""1"", ""hba"": ""4"", ""rotatable_bonds"": ""3"", ""sa_score"": ""2.889"", ""qed"": ""0.8493"", ""pains_alerts"": """", ""brenk_alerts"": """"}",,LIB_CHEMBL1200412,not_searched,,,exploratory16_actual_docking_independent_qc_pass,-4.678,middle_contact_4A,external_source/final_selfies_17645_base_fixed_list.csv,final_generation,2.889,0.1739,8,6;6,,,,proxy_top12,-7.241899,actual_docking_independent_qc_pass,False
GEN_IBCOSXNRCGPUKC,,locally_trained_SELFIES_GRU_sampling,selfies_gru_base_v1,"unconditional SELFIES GRU sample; selected for broad structural exploration, not parent-derived",CCNC1=CC=CC=C1N(CC2=CC=CC=C2)C(=O)O,CCNc1ccccc1N(Cc1ccccc1)C(=O)O,IBCOSXNRCGPUKC-UHFFFAOYSA-N,,"{""mw"": ""270.332"", ""clogp"": ""3.803"", ""tpsa_A2"": ""52.57"", ""hbd"": ""2"", ""hba"": ""2"", ""rotatable_bonds"": ""5"", ""sa_score"": ""1.971"", ""qed"": ""0.8684"", ""pains_alerts"": """", ""brenk_alerts"": """"}",,LIB_CHEMBL1200412,not_searched,,,fixed_150_not_selected_for_actual_docking,,,external_source/final_selfies_17645_base_fixed_list.csv,final_generation,1.971,0.1733,6,6;6,,,,,,,
GEN_XRSFCXOJUGPESO,,locally_trained_SELFIES_GRU_sampling,selfies_gru_base_v1,"unconditional SELFIES GRU sample; selected for broad structural exploration, not parent-derived",CC1=CC=C2C(C(=O)O)=C(C3=CC=NC=C3)C=C1C=N2,CC1=CC=C2N=CC1=CC(c1ccncc1)=C2C(=O)O,XRSFCXOJUGPESO-UHFFFAOYSA-N,,"{""mw"": ""264.284"", ""clogp"": ""2.774"", ""tpsa_A2"": ""62.55"", ""hbd"": ""1"", ""hba"": ""3"", ""rotatable_bonds"": ""2"", ""sa_score"": ""4.025"", ""qed"": ""0.8929"", ""pains_alerts"": """", ""brenk_alerts"": """"}",,LIB_CHEMBL2103870,not_searched,,,selected_40_docked_independent_qc_pass,-4.769,no_middle_contact_4A,external_source/final_selfies_17645_base_fixed_list.csv,final_generation,4.025,0.1728,7,6,,,,,,,
GEN_VVZACUSGADPZTD,,locally_trained_SELFIES_GRU_sampling,selfies_gru_base_v1,"unconditional SELFIES GRU sample; selected for broad structural exploration, not parent-derived",CCCOC(=O)CC1=CC=C2C=C1C(=O)N2CC,CCCOC(=O)Cc1ccc2cc1C(=O)N2CC,VVZACUSGADPZTD-UHFFFAOYSA-N,,"{""mw"": ""247.294"", ""clogp"": ""2.162"", ""tpsa_A2"": ""46.61"", ""hbd"": ""0"", ""hba"": ""3"", ""rotatable_bonds"": ""5"", ""sa_score"": ""3.104"", ""qed"": ""0.749"", ""pains_alerts"": """", ""brenk_alerts"": """"}",,LIB_CHEMBL461101,not_searched,,,fixed_150_not_selected_for_actual_docking,,,external_source/final_selfies_17645_base_fixed_list.csv,final_generation,3.104,0.1728,6,6,,,,,,,
GEN_STCLCGKZONRRNM,,locally_trained_SELFIES_GRU_sampling,selfies_gru_base_v1,"unconditional SELFIES GRU sample; selected for broad structural exploration, not parent-derived",CN(CC1=CC=CN=C1)C(=O)NCCC2=CC=CC3=CC=CC=C23,CN(Cc1cccnc1)C(=O)NCCc1cccc2ccccc12,STCLCGKZONRRNM-UHFFFAOYSA-N,,"{""mw"": ""319.408"", ""clogp"": ""3.619"", ""tpsa_A2"": ""45.23"", ""hbd"": ""1"", ""hba"": ""2"", ""rotatable_bonds"": ""5"", ""sa_score"": ""1.967"", ""qed"": ""0.7805"", ""pains_alerts"": """", ""brenk_alerts"": """"}",,LIB_CHEMBL1200412,not_searched,,,fixed_150_not_selected_for_actual_docking,,,external_source/final_selfies_17645_base_fixed_list.csv,final_generation,1.967,0.1724,6,6;6;6,,,,,,,
GEN_ZMAZKPMDMNNJPE,,locally_trained_SELFIES_GRU_sampling,selfies_gru_base_v1,"unconditional SELFIES GRU sample; selected for broad structural exploration, not parent-derived",CN(C)C(=O)CSC(N=1)=NC2=CC=CC=C2C=1CCC3=CC=C(Br)C=C3,CN(C)C(=O)CSc1nc(CCc2ccc(Br)cc2)c2ccccc2n1,ZMAZKPMDMNNJPE-UHFFFAOYSA-N,,"{""mw"": ""430.371"", ""clogp"": ""4.358"", ""tpsa_A2"": ""46.09"", ""hbd"": ""0"", ""hba"": ""4"", ""rotatable_bonds"": ""6"", ""sa_score"": ""2.305"", ""qed"": ""0.4309"", ""pains_alerts"": """", ""brenk_alerts"": """"}",,LIB_CHEMBL1200412,not_searched,,,selected_40_docked_independent_qc_pass,-7.654,middle_contact_4A,external_source/final_selfies_17645_base_fixed_list.csv,final_generation,2.305,0.1724,6,6;6;6,,,,,,,
GEN_HSIRNEFFWFFRNH,,locally_trained_SELFIES_GRU_sampling,selfies_gru_base_v1,"unconditional SELFIES GRU sample; selected for broad structural exploration, not parent-derived",CCOC(=O)CNCC=1N=CNC=1CCCC2=CC=C(CC=C2)C3=CC=CC=C3,CCOC(=O)CNCc1nc[nH]c1CCCC1=CC=C(c2ccccc2)CC=C1,HSIRNEFFWFFRNH-UHFFFAOYSA-N,,"{""mw"": ""391.515"", ""clogp"": ""4.355"", ""tpsa_A2"": ""67.01"", ""hbd"": ""2"", ""hba"": ""4"", ""rotatable_bonds"": ""10"", ""sa_score"": ""3.146"", ""qed"": ""0.5909"", ""pains_alerts"": """", ""brenk_alerts"": """"}",,LIB_CHEMBL461101,not_searched,,,exploratory16_actual_docking_independent_qc_pass,-5.926,middle_contact_4A,external_source/final_selfies_17645_base_fixed_list.csv,final_generation,3.146,0.1717,7,5;6,,,,matched_random_control,-6.555467,actual_docking_independent_qc_pass,False
GEN_FALWINKOWITWAL,,locally_trained_SELFIES_GRU_sampling,selfies_gru_base_v1,"unconditional SELFIES GRU sample; selected for broad structural exploration, not parent-derived",CC(C)(O)C1=CC(C)=CC(NC2=CC=CC=C2)=N1,Cc1cc(Nc2ccccc2)nc(C(C)(C)O)c1,FALWINKOWITWAL-UHFFFAOYSA-N,,"{""mw"": ""242.322"", ""clogp"": ""3.361"", ""tpsa_A2"": ""45.15"", ""hbd"": ""2"", ""hba"": ""3"", ""rotatable_bonds"": ""3"", ""sa_score"": ""2.124"", ""qed"": ""0.8671"", ""pains_alerts"": """", ""brenk_alerts"": """"}",,LIB_CHEMBL461101,not_searched,,,fixed_150_not_selected_for_actual_docking,,,external_source/final_selfies_17645_base_fixed_list.csv,final_generation,2.124,0.1711,6,6;6,,,,,,,
GEN_OJYDXVKHMWVVTO,,locally_trained_SELFIES_GRU_sampling,selfies_gru_base_v1,"unconditional SELFIES GRU sample; selected for broad structural exploration, not parent-derived",O=C(NCCC1CCNCC1)C2=CC=CC=C2,O=C(NCCC1CCNCC1)c1ccccc1,OJYDXVKHMWVVTO-UHFFFAOYSA-N,,"{""mw"": ""232.327"", ""clogp"": ""1.806"", ""tpsa_A2"": ""41.13"", ""hbd"": ""2"", ""hba"": ""2"", ""rotatable_bonds"": ""4"", ""sa_score"": ""1.812"", ""qed"": ""0.8309"", ""pains_alerts"": """", ""brenk_alerts"": """"}",,LIB_CHEMBL1200412,not_searched,,,fixed_150_not_selected_for_actual_docking,,,external_source/final_selfies_17645_base_fixed_list.csv,final_generation,1.812,0.1711,6,6,,,,,,,
GEN_LWGVRSWMUYXXLV,,locally_trained_SELFIES_GRU_sampling,selfies_gru_base_v1,"unconditional SELFIES GRU sample; selected for broad structural exploration, not parent-derived",CCCNC1=NC=C(C(N)=O)C=C1,CCCNc1ccc(C(N)=O)cn1,LWGVRSWMUYXXLV-UHFFFAOYSA-N,,"{""mw"": ""179.223"", ""clogp"": ""1.002"", ""tpsa_A2"": ""68.01"", ""hbd"": ""2"", ""hba"": ""3"", ""rotatable_bonds"": ""4"", ""sa_score"": ""1.938"", ""qed"": ""0.7242"", ""pains_alerts"": """", ""brenk_alerts"": """"}",,LIB_CHEMBL2103870,not_searched,,,selected_40_docked_independent_qc_pass,-5.925,no_middle_contact_4A,external_source/final_selfies_17645_base_fixed_list.csv,final_generation,1.938,0.1711,6,6,,,,,,,
GEN_VIOKPGXBDQVQIV,,locally_trained_SELFIES_GRU_sampling,selfies_gru_base_v1,"unconditional SELFIES GRU sample; selected for broad structural exploration, not parent-derived",CCN(CC)CCOC1=CC=C(C2=CC=C(F)C=C2)N=CC1=O,CCN(CC)CCOc1ccc(-c2ccc(F)cc2)ncc1=O,VIOKPGXBDQVQIV-UHFFFAOYSA-N,,"{""mw"": ""316.376"", ""clogp"": ""2.969"", ""tpsa_A2"": ""42.43"", ""hbd"": ""0"", ""hba"": ""4"", ""rotatable_bonds"": ""7"", ""sa_score"": ""2.252"", ""qed"": ""0.7874"", ""pains_alerts"": """", ""brenk_alerts"": """"}",,LIB_CHEMBL4204794,not_searched,,,fixed_150_not_selected_for_actual_docking,,,external_source/final_selfies_17645_base_fixed_list.csv,final_generation,2.252,0.1707,7,6;7,,,,,,,
GEN_DSFCEQXKOBAZFX,,locally_trained_SELFIES_GRU_sampling,selfies_gru_base_v1,"unconditional SELFIES GRU sample; selected for broad structural exploration, not parent-derived",COC1=CC(NS(C)(=O)=O)=CC=C1N2C=NC=N2,COc1cc(NS(C)(=O)=O)ccc1-n1cncn1,DSFCEQXKOBAZFX-UHFFFAOYSA-N,,"{""mw"": ""268.298"", ""clogp"": ""0.647"", ""tpsa_A2"": ""86.11"", ""hbd"": ""1"", ""hba"": ""5"", ""rotatable_bonds"": ""4"", ""sa_score"": ""2.194"", ""qed"": ""0.8794"", ""pains_alerts"": """", ""brenk_alerts"": """"}",,LIB_CHEMBL3989868,not_searched,,,fixed_150_not_selected_for_actual_docking,,,external_source/final_selfies_17645_base_fixed_list.csv,final_generation,2.194,0.1705,6,5;6,,,,,,,
GEN_JGQLLRPIDSCOSB,,locally_trained_SELFIES_GRU_sampling,selfies_gru_base_v1,"unconditional SELFIES GRU sample; selected for broad structural exploration, not parent-derived",CCOC(=O)CS(=O)(=O)N1CC2=CC=CC=C2N1C(=O)NC3=CC=CC=C3,CCOC(=O)CS(=O)(=O)N1Cc2ccccc2N1C(=O)Nc1ccccc1,JGQLLRPIDSCOSB-UHFFFAOYSA-N,,"{""mw"": ""389.433"", ""clogp"": ""2.349"", ""tpsa_A2"": ""96.02"", ""hbd"": ""1"", ""hba"": ""5"", ""rotatable_bonds"": ""5"", ""sa_score"": ""2.662"", ""qed"": ""0.7922"", ""pains_alerts"": """", ""brenk_alerts"": """"}",,LIB_CHEMBL1200412,not_searched,,,fixed_150_not_selected_for_actual_docking,,,external_source/final_selfies_17645_base_fixed_list.csv,final_generation,2.662,0.1705,6,6;6,,,,,,,
GEN_ZMVSCZTYWRLBNQ,,locally_trained_SELFIES_GRU_sampling,selfies_gru_base_v1,"unconditional SELFIES GRU sample; selected for broad structural exploration, not parent-derived",CC(=O)NCC1=CN(C=C2C=C(CC)N2C1)NC3=CC=C(C)N=C3,CCC1=CC2=CN(Nc3ccc(C)nc3)C=C(CNC(C)=O)CN21,ZMVSCZTYWRLBNQ-UHFFFAOYSA-N,,"{""mw"": ""325.416"", ""clogp"": ""2.503"", ""tpsa_A2"": ""60.5"", ""hbd"": ""2"", ""hba"": ""5"", ""rotatable_bonds"": ""5"", ""sa_score"": ""3.734"", ""qed"": ""0.8709"", ""pains_alerts"": """", ""brenk_alerts"": """"}",,LIB_CHEMBL254316,not_searched,,,selected_40_preparation_blocked,,,external_source/final_selfies_17645_base_fixed_list.csv,final_generation,3.734,0.1702,7,6,,,,,,,
GEN_RODXFWDTEKQELM,,locally_trained_SELFIES_GRU_sampling,selfies_gru_base_v1,"unconditional SELFIES GRU sample; selected for broad structural exploration, not parent-derived",C1NC(=O)C[C@H1]1CN(C)CCOC2=CC=C(F)C(C3=CC=CC=C3)=N2,CN(CCOc1ccc(F)c(-c2ccccc2)n1)C[C@H]1CNC(=O)C1,RODXFWDTEKQELM-CQSZACIVSA-N,,"{""mw"": ""343.402"", ""clogp"": ""2.334"", ""tpsa_A2"": ""54.46"", ""hbd"": ""1"", ""hba"": ""4"", ""rotatable_bonds"": ""7"", ""sa_score"": ""2.981"", ""qed"": ""0.8384"", ""pains_alerts"": """", ""brenk_alerts"": """"}",,LIB_CHEMBL2103870,not_searched,,,fixed_150_not_selected_for_actual_docking,,,external_source/final_selfies_17645_base_fixed_list.csv,final_generation,2.981,0.1702,6,6;6,,,,,,,
GEN_IFFGRCSVPZJHOP,,locally_trained_SELFIES_GRU_sampling,selfies_gru_base_v1,"unconditional SELFIES GRU sample; selected for broad structural exploration, not parent-derived",C1OC(=O)C=CC=C1NC(=O)CC2=CN=CC=C2C(N)=O,NC(=O)c1ccncc1CC(=O)NC1=CC=CC(=O)OC1,IFFGRCSVPZJHOP-UHFFFAOYSA-N,,"{""mw"": ""287.275"", ""clogp"": ""-0.164"", ""tpsa_A2"": ""111.38"", ""hbd"": ""2"", ""hba"": ""5"", ""rotatable_bonds"": ""4"", ""sa_score"": ""2.961"", ""qed"": ""0.7471"", ""pains_alerts"": """", ""brenk_alerts"": """"}",,LIB_CHEMBL36506,not_searched,,,fixed_150_not_selected_for_actual_docking,,,external_source/final_selfies_17645_base_fixed_list.csv,final_generation,2.961,0.1698,7,6,,,,,,,
GEN_WVRDHKUUWHAGSA,,locally_trained_SELFIES_GRU_sampling,selfies_gru_base_v1,"unconditional SELFIES GRU sample; selected for broad structural exploration, not parent-derived",O=C(O)C1=C2C=CC(=C1)C[C@@H1]3C[C@]2(C)O3,C[C@]12C[C@@H](Cc3ccc1c(C(=O)O)c3)O2,WVRDHKUUWHAGSA-PELKAZGASA-N,,"{""mw"": ""204.225"", ""clogp"": ""1.945"", ""tpsa_A2"": ""46.53"", ""hbd"": ""1"", ""hba"": ""2"", ""rotatable_bonds"": ""1"", ""sa_score"": ""4.727"", ""qed"": ""0.76"", ""pains_alerts"": """", ""brenk_alerts"": """"}",,LIB_CHEMBL1200412,not_searched,,,fixed_150_not_selected_for_actual_docking,,,external_source/final_selfies_17645_base_fixed_list.csv,final_generation,4.727,0.1688,8,6,,,,,,,
GEN_YACXEAXZVJMBIG,,locally_trained_SELFIES_GRU_sampling,selfies_gru_base_v1,"unconditional SELFIES GRU sample; selected for broad structural exploration, not parent-derived",COC(=O)CN1C=NC(C(F)(F)F)=C1,COC(=O)Cn1cnc(C(F)(F)F)c1,YACXEAXZVJMBIG-UHFFFAOYSA-N,,"{""mw"": ""208.139"", ""clogp"": ""1.075"", ""tpsa_A2"": ""44.12"", ""hbd"": ""0"", ""hba"": ""3"", ""rotatable_bonds"": ""2"", ""sa_score"": ""2.642"", ""qed"": ""0.6827"", ""pains_alerts"": """", ""brenk_alerts"": """"}",,LIB_CHEMBL254316,not_searched,,,selected_40_docked_independent_qc_pass,-4.742,middle_contact_4A,external_source/final_selfies_17645_base_fixed_list.csv,final_generation,2.642,0.1688,5,5,,,,,,,
GEN_SWUIFGGWWHHFEL,,locally_trained_SELFIES_GRU_sampling,selfies_gru_base_v1,"unconditional SELFIES GRU sample; selected for broad structural exploration, not parent-derived",CC1=CC=CC(=C1)CN2[C@H1](C)C(=O)C3=CC=C(O)C=C32,Cc1cccc(CN2c3cc(O)ccc3C(=O)[C@H]2C)c1,SWUIFGGWWHHFEL-GFCCVEGCSA-N,,"{""mw"": ""267.328"", ""clogp"": ""3.292"", ""tpsa_A2"": ""40.54"", ""hbd"": ""1"", ""hba"": ""3"", ""rotatable_bonds"": ""2"", ""sa_score"": ""2.814"", ""qed"": ""0.9073"", ""pains_alerts"": """", ""brenk_alerts"": """"}",,LIB_CHEMBL461101,not_searched,,,fixed_150_not_selected_for_actual_docking,,,external_source/final_selfies_17645_base_fixed_list.csv,final_generation,2.814,0.1687,6,6;6,,,,,,,
GEN_IXEZEGQAHXJGFO,,locally_trained_SELFIES_GRU_sampling,selfies_gru_base_v1,"unconditional SELFIES GRU sample; selected for broad structural exploration, not parent-derived",CC(C)C1=NC=CN(CC2=CC=CC(O)=C2)C1=O,CC(C)c1nccn(Cc2cccc(O)c2)c1=O,IXEZEGQAHXJGFO-UHFFFAOYSA-N,,"{""mw"": ""244.294"", ""clogp"": ""2.121"", ""tpsa_A2"": ""55.12"", ""hbd"": ""1"", ""hba"": ""3"", ""rotatable_bonds"": ""3"", ""sa_score"": ""2.307"", ""qed"": ""0.8994"", ""pains_alerts"": """", ""brenk_alerts"": """"}",,LIB_CHEMBL254316,not_searched,,,fixed_150_not_selected_for_actual_docking,,,external_source/final_selfies_17645_base_fixed_list.csv,final_generation,2.307,0.1687,6,6;6,,,,,,,
GEN_UPKLBHDIXXLDDY,,locally_trained_SELFIES_GRU_sampling,selfies_gru_base_v1,"unconditional SELFIES GRU sample; selected for broad structural exploration, not parent-derived",N#CC1=CC=C(NC(=O)NC2=CC=C(F)C=C2F)N(C)CC1=C,C=C1CN(C)C(NC(=O)Nc2ccc(F)cc2F)=CC=C1C#N,UPKLBHDIXXLDDY-UHFFFAOYSA-N,,"{""mw"": ""316.311"", ""clogp"": ""2.879"", ""tpsa_A2"": ""68.16"", ""hbd"": ""2"", ""hba"": ""3"", ""rotatable_bonds"": ""2"", ""sa_score"": ""3.238"", ""qed"": ""0.8813"", ""pains_alerts"": """", ""brenk_alerts"": """"}",,LIB_CHEMBL1983268,not_searched,,,fixed_150_not_selected_for_actual_docking,,,external_source/final_selfies_17645_base_fixed_list.csv,final_generation,3.238,0.1683,7,6,,,,,,,
GEN_GRZORPZRXVSXJH,,locally_trained_SELFIES_GRU_sampling,selfies_gru_base_v1,"unconditional SELFIES GRU sample; selected for broad structural exploration, not parent-derived",NC(=O)C1=CC=CC(=C1)COC2=CC=CC=C2O,NC(=O)c1cccc(COc2ccccc2O)c1,GRZORPZRXVSXJH-UHFFFAOYSA-N,,"{""mw"": ""243.262"", ""clogp"": ""2.07"", ""tpsa_A2"": ""72.55"", ""hbd"": ""2"", ""hba"": ""3"", ""rotatable_bonds"": ""4"", ""sa_score"": ""1.679"", ""qed"": ""0.8629"", ""pains_alerts"": """", ""brenk_alerts"": """"}",,LIB_CHEMBL36506,not_searched,,,selected_40_docked_independent_qc_pass,-6.907,middle_contact_4A,external_source/final_selfies_17645_base_fixed_list.csv,final_generation,1.679,0.1667,6,6;6,,,,,,,
GEN_HRPBTHJJYMZDKX,,locally_trained_SELFIES_GRU_sampling,selfies_gru_base_v1,"unconditional SELFIES GRU sample; selected for broad structural exploration, not parent-derived",C1NCCCN(C)C(=O)N1CC2=CC=CC=C2,CN1CCCNCN(Cc2ccccc2)C1=O,HRPBTHJJYMZDKX-UHFFFAOYSA-N,,"{""mw"": ""233.315"", ""clogp"": ""1.491"", ""tpsa_A2"": ""35.58"", ""hbd"": ""1"", ""hba"": ""2"", ""rotatable_bonds"": ""2"", ""sa_score"": ""2.332"", ""qed"": ""0.8398"", ""pains_alerts"": """", ""brenk_alerts"": """"}",,LIB_CHEMBL1200412,not_searched,,,fixed_150_not_selected_for_actual_docking,,,external_source/final_selfies_17645_base_fixed_list.csv,final_generation,2.332,0.1667,8,6,,,,,,,
GEN_CULSGJFZWSLHOA,,locally_trained_SELFIES_GRU_sampling,selfies_gru_base_v1,"unconditional SELFIES GRU sample; selected for broad structural exploration, not parent-derived",C1C2=CC=CC=C2NC(=O)NCCCN(CC)C1=O,CCN1CCCNC(=O)Nc2ccccc2CC1=O,CULSGJFZWSLHOA-UHFFFAOYSA-N,,"{""mw"": ""261.325"", ""clogp"": ""1.603"", ""tpsa_A2"": ""61.44"", ""hbd"": ""2"", ""hba"": ""2"", ""rotatable_bonds"": ""1"", ""sa_score"": ""2.923"", ""qed"": ""0.8064"", ""pains_alerts"": """", ""brenk_alerts"": """"}",,LIB_CHEMBL3894860,not_searched,,,fixed_150_not_selected_for_actual_docking,,,external_source/final_selfies_17645_base_fixed_list.csv,final_generation,2.923,0.1667,11,6,,,,,,,
GEN_VQJOMIVMDAZLIK,,locally_trained_SELFIES_GRU_sampling,selfies_gru_base_v1,"unconditional SELFIES GRU sample; selected for broad structural exploration, not parent-derived",O=C(NC=CN=C1C2=CC=C(F)C=C2)N=CN=C1N,Nc1ncnc(=O)[nH]ccnc1-c1ccc(F)cc1,VQJOMIVMDAZLIK-UHFFFAOYSA-N,,"{""mw"": ""259.244"", ""clogp"": ""1.073"", ""tpsa_A2"": ""97.55"", ""hbd"": ""2"", ""hba"": ""5"", ""rotatable_bonds"": ""1"", ""sa_score"": ""2.85"", ""qed"": ""0.7979"", ""pains_alerts"": """", ""brenk_alerts"": """"}",,LIB_CHEMBL4204794,not_searched,,,selected_40_docked_independent_qc_pass,-4.733,middle_contact_4A,external_source/final_selfies_17645_base_fixed_list.csv,final_generation,2.85,0.1667,10,6;10,aromatic_ring_size_ge_8_requires_chemistry_review,,,,,,
GEN_STEUQRVHQPHGQA,,locally_trained_SELFIES_GRU_sampling,selfies_gru_base_v1,"unconditional SELFIES GRU sample; selected for broad structural exploration, not parent-derived",CC(C)(C)NC(=O)CSC1=CC=CC(=C1)CNC2=CC=CC=C2,CC(C)(C)NC(=O)CSc1cccc(CNc2ccccc2)c1,STEUQRVHQPHGQA-UHFFFAOYSA-N,,"{""mw"": ""328.481"", ""clogp"": ""4.306"", ""tpsa_A2"": ""41.13"", ""hbd"": ""2"", ""hba"": ""3"", ""rotatable_bonds"": ""6"", ""sa_score"": ""1.934"", ""qed"": ""0.7766"", ""pains_alerts"": """", ""brenk_alerts"": """"}",,LIB_CHEMBL461101,not_searched,,,fixed_150_not_selected_for_actual_docking,,,external_source/final_selfies_17645_base_fixed_list.csv,final_generation,1.934,0.1667,6,6;6,,,,,,,
GEN_SWBATIJHHABMLA,,locally_trained_SELFIES_GRU_sampling,selfies_gru_base_v1,"unconditional SELFIES GRU sample; selected for broad structural exploration, not parent-derived",CC1=C2C=CC(=C1)COC(=O)NC3=CN=CC=C32,Cc1cc2ccc1-c1ccncc1NC(=O)OC2,SWBATIJHHABMLA-UHFFFAOYSA-N,,"{""mw"": ""240.262"", ""clogp"": ""3.119"", ""tpsa_A2"": ""51.22"", ""hbd"": ""1"", ""hba"": ""3"", ""rotatable_bonds"": ""0"", ""sa_score"": ""3.85"", ""qed"": ""0.7693"", ""pains_alerts"": """", ""brenk_alerts"": """"}",,LIB_CHEMBL3894860,not_searched,,,fixed_150_not_selected_for_actual_docking,,,external_source/final_selfies_17645_base_fixed_list.csv,final_generation,3.85,0.1667,10,6;6,,,,,,,
GEN_XLURWPWFTDZIRJ,,locally_trained_SELFIES_GRU_sampling,selfies_gru_base_v1,"unconditional SELFIES GRU sample; selected for broad structural exploration, not parent-derived",COC1=CC=CC=C1NC(=O)OCC2=C[NH1]C3=CC=CC=C23,COc1ccccc1NC(=O)OCc1c[nH]c2ccccc12,XLURWPWFTDZIRJ-UHFFFAOYSA-N,,"{""mw"": ""296.326"", ""clogp"": ""3.925"", ""tpsa_A2"": ""63.35"", ""hbd"": ""2"", ""hba"": ""3"", ""rotatable_bonds"": ""4"", ""sa_score"": ""1.871"", ""qed"": ""0.7665"", ""pains_alerts"": """", ""brenk_alerts"": """"}",,LIB_CHEMBL1200412,not_searched,,,fixed_150_not_selected_for_actual_docking,,,external_source/final_selfies_17645_base_fixed_list.csv,final_generation,1.871,0.1667,6,5;6;6,,,,,,,
GEN_QXWLFLFIYPXFRD,,locally_trained_SELFIES_GRU_sampling,selfies_gru_base_v1,"unconditional SELFIES GRU sample; selected for broad structural exploration, not parent-derived",O=C(NCC1=CC=NC=C1)CCC2=C[NH1]C3=CC=CC=C23,O=C(CCc1c[nH]c2ccccc12)NCc1ccncc1,QXWLFLFIYPXFRD-UHFFFAOYSA-N,,"{""mw"": ""279.343"", ""clogp"": ""2.812"", ""tpsa_A2"": ""57.78"", ""hbd"": ""2"", ""hba"": ""2"", ""rotatable_bonds"": ""5"", ""sa_score"": ""1.893"", ""qed"": ""0.7542"", ""pains_alerts"": """", ""brenk_alerts"": """"}",,LIB_CHEMBL254316,not_searched,,,selected_40_docked_independent_qc_pass,-6.5,no_middle_contact_4A,external_source/final_selfies_17645_base_fixed_list.csv,final_generation,1.893,0.1667,6,5;6;6,,,,,,,
GEN_DGKFQUQDCNGICE,,locally_trained_SELFIES_GRU_sampling,selfies_gru_base_v1,"unconditional SELFIES GRU sample; selected for broad structural exploration, not parent-derived",C1C=CC(C2=CC=C(F)C=C2)=NC(N)=N1,NC1=NCC=CC(c2ccc(F)cc2)=N1,DGKFQUQDCNGICE-UHFFFAOYSA-N,,"{""mw"": ""203.22"", ""clogp"": ""1.499"", ""tpsa_A2"": ""50.74"", ""hbd"": ""1"", ""hba"": ""3"", ""rotatable_bonds"": ""1"", ""sa_score"": ""2.927"", ""qed"": ""0.7384"", ""pains_alerts"": """", ""brenk_alerts"": """"}",,LIB_CHEMBL4204794,not_searched,,,fixed_150_not_selected_for_actual_docking,,,external_source/final_selfies_17645_base_fixed_list.csv,final_generation,2.927,0.1667,7,6,,,,,,,
GEN_QGWSNJICUGOZGT,,locally_trained_SELFIES_GRU_sampling,selfies_gru_base_v1,"unconditional SELFIES GRU sample; selected for broad structural exploration, not parent-derived",C1COC(=O)CCN1CCN(CC2=CC=C(C)C=N2)/C=C/C3=CC=C(F)C=N3,Cc1ccc(CN(/C=C/c2ccc(F)cn2)CCN2CCOC(=O)CC2)nc1,QGWSNJICUGOZGT-SOFGYWHQSA-N,,"{""mw"": ""384.455"", ""clogp"": ""2.646"", ""tpsa_A2"": ""58.56"", ""hbd"": ""0"", ""hba"": ""6"", ""rotatable_bonds"": ""7"", ""sa_score"": ""3.058"", ""qed"": ""0.6843"", ""pains_alerts"": """", ""brenk_alerts"": """"}",,LIB_CHEMBL4204794,not_searched,,,fixed_150_not_selected_for_actual_docking,,,external_source/final_selfies_17645_base_fixed_list.csv,final_generation,3.058,0.1649,7,6;6,,,,,,,
GEN_NBTAAIGRSOWXAW,,locally_trained_SELFIES_GRU_sampling,selfies_gru_base_v1,"unconditional SELFIES GRU sample; selected for broad structural exploration, not parent-derived",COC1=CC=CC=C1NC2=CC=CC(Cl)=C2C(=O)N3CCCCC3,COc1ccccc1Nc1cccc(Cl)c1C(=O)N1CCCCC1,NBTAAIGRSOWXAW-UHFFFAOYSA-N,,"{""mw"": ""344.842"", ""clogp"": ""4.718"", ""tpsa_A2"": ""41.57"", ""hbd"": ""1"", ""hba"": ""3"", ""rotatable_bonds"": ""4"", ""sa_score"": ""1.93"", ""qed"": ""0.8722"", ""pains_alerts"": """", ""brenk_alerts"": """"}",,LIB_CHEMBL461101,not_searched,,,fixed_150_not_selected_for_actual_docking,,,external_source/final_selfies_17645_base_fixed_list.csv,final_generation,1.93,0.1647,6,6;6,,,,,,,
GEN_NMBVRKBCMBBAPD,,locally_trained_SELFIES_GRU_sampling,selfies_gru_base_v1,"unconditional SELFIES GRU sample; selected for broad structural exploration, not parent-derived",CS(=O)(=O)C1=C2C=CC(=C1)CCN(C)CC(=O)[NH1]C(=O)N2,CN1CCc2ccc(c(S(C)(=O)=O)c2)NC(=O)NC(=O)C1,NMBVRKBCMBBAPD-UHFFFAOYSA-N,,"{""mw"": ""311.363"", ""clogp"": ""0.226"", ""tpsa_A2"": ""95.58"", ""hbd"": ""2"", ""hba"": ""5"", ""rotatable_bonds"": ""1"", ""sa_score"": ""4.043"", ""qed"": ""0.7737"", ""pains_alerts"": """", ""brenk_alerts"": """"}",,LIB_CHEMBL3894860,not_searched,,,selected_40_preparation_blocked,,,external_source/final_selfies_17645_base_fixed_list.csv,final_generation,4.043,0.1647,12,6,,,,,,,
GEN_OURCUNVIOHQJOL,,locally_trained_SELFIES_GRU_sampling,selfies_gru_base_v1,"unconditional SELFIES GRU sample; selected for broad structural exploration, not parent-derived",O=C(O)C1=CC=C(C2=CC=C(F)C=C2)CC1,O=C(O)C1=CC=C(c2ccc(F)cc2)CC1,OURCUNVIOHQJOL-UHFFFAOYSA-N,,"{""mw"": ""218.227"", ""clogp"": ""3.014"", ""tpsa_A2"": ""37.3"", ""hbd"": ""1"", ""hba"": ""1"", ""rotatable_bonds"": ""2"", ""sa_score"": ""2.376"", ""qed"": ""0.828"", ""pains_alerts"": """", ""brenk_alerts"": """"}",,LIB_CHEMBL2103870,not_searched,,,fixed_150_not_selected_for_actual_docking,,,external_source/final_selfies_17645_base_fixed_list.csv,final_generation,2.376,0.1644,6,6,,,,,,,
GEN_UOQUFRVFRVNBKC,,locally_trained_SELFIES_GRU_sampling,selfies_gru_base_v1,"unconditional SELFIES GRU sample; selected for broad structural exploration, not parent-derived",COC1=CC=C2C=C1OCCNCCN(CC3=CC=CC(F)=C3)N2,COc1ccc2cc1OCCNCCN(Cc1cccc(F)c1)N2,UOQUFRVFRVNBKC-UHFFFAOYSA-N,,"{""mw"": ""331.391"", ""clogp"": ""2.645"", ""tpsa_A2"": ""45.76"", ""hbd"": ""2"", ""hba"": ""5"", ""rotatable_bonds"": ""3"", ""sa_score"": ""3.921"", ""qed"": ""0.9053"", ""pains_alerts"": """", ""brenk_alerts"": """"}",,LIB_CHEMBL1983268,not_searched,,,fixed_150_not_selected_for_actual_docking,,,external_source/final_selfies_17645_base_fixed_list.csv,final_generation,3.921,0.1635,11,6;6,,,,,,,
GEN_SLHKTFBUGNEDKZ,,locally_trained_SELFIES_GRU_sampling,selfies_gru_base_v1,"unconditional SELFIES GRU sample; selected for broad structural exploration, not parent-derived",CCC1=C(C)N=CN1CCC2=CC=C(N3CCOCC3)N2,CCc1c(C)ncn1CCc1ccc(N2CCOCC2)[nH]1,SLHKTFBUGNEDKZ-UHFFFAOYSA-N,,"{""mw"": ""288.395"", ""clogp"": ""2.161"", ""tpsa_A2"": ""46.08"", ""hbd"": ""1"", ""hba"": ""3"", ""rotatable_bonds"": ""5"", ""sa_score"": ""3.028"", ""qed"": ""0.9169"", ""pains_alerts"": """", ""brenk_alerts"": """"}",,LIB_CHEMBL1983268,not_searched,,,fixed_150_not_selected_for_actual_docking,,,external_source/final_selfies_17645_base_fixed_list.csv,final_generation,3.028,0.1633,6,5;5,,,,,,,
GEN_BWKWRDMAIAKBAE,,locally_trained_SELFIES_GRU_sampling,selfies_gru_base_v1,"unconditional SELFIES GRU sample; selected for broad structural exploration, not parent-derived",N1S(=O)(=O)C=CC=C(NC2=CC=CC=C2CC3=CC=C(F)C=C3)C1,O=S1(=O)C=CC=C(Nc2ccccc2Cc2ccc(F)cc2)CN1,BWKWRDMAIAKBAE-UHFFFAOYSA-N,,"{""mw"": ""344.411"", ""clogp"": ""3.159"", ""tpsa_A2"": ""58.2"", ""hbd"": ""2"", ""hba"": ""3"", ""rotatable_bonds"": ""4"", ""sa_score"": ""2.956"", ""qed"": ""0.8957"", ""pains_alerts"": """", ""brenk_alerts"": """"}",,LIB_CHEMBL1983268,not_searched,,,selected_40_docked_independent_qc_pass,-5.674,middle_contact_4A,external_source/final_selfies_17645_base_fixed_list.csv,final_generation,2.956,0.1633,7,6;6,,,,,,,
GEN_ZCDZUDQBSYUWMM,,locally_trained_SELFIES_GRU_sampling,selfies_gru_base_v1,"unconditional SELFIES GRU sample; selected for broad structural exploration, not parent-derived",COC1=CC=C(Cl)C=C1C(=O)NC2CCCCC2,COc1ccc(Cl)cc1C(=O)NC1CCCCC1,ZCDZUDQBSYUWMM-UHFFFAOYSA-N,,"{""mw"": ""267.756"", ""clogp"": ""3.411"", ""tpsa_A2"": ""38.33"", ""hbd"": ""1"", ""hba"": ""2"", ""rotatable_bonds"": ""3"", ""sa_score"": ""1.668"", ""qed"": ""0.9114"", ""pains_alerts"": """", ""brenk_alerts"": """"}",,LIB_CHEMBL1983268,not_searched,,,fixed_150_not_selected_for_actual_docking,,,external_source/final_selfies_17645_base_fixed_list.csv,final_generation,1.668,0.163,6,6,,,,,,,
GEN_GZLWKZOTGVUAPE,,locally_trained_SELFIES_GRU_sampling,selfies_gru_base_v1,"unconditional SELFIES GRU sample; selected for broad structural exploration, not parent-derived",O=C1[NH1]C2=CC=CC=C2N1CCCN3CCOCC3,O=c1[nH]c2ccccc2n1CCCN1CCOCC1,GZLWKZOTGVUAPE-UHFFFAOYSA-N,,"{""mw"": ""261.325"", ""clogp"": ""1.052"", ""tpsa_A2"": ""50.26"", ""hbd"": ""1"", ""hba"": ""3"", ""rotatable_bonds"": ""4"", ""sa_score"": ""2.047"", ""qed"": ""0.8948"", ""pains_alerts"": """", ""brenk_alerts"": """"}",,LIB_CHEMBL1983268,not_searched,,,fixed_150_not_selected_for_actual_docking,,,external_source/final_selfies_17645_base_fixed_list.csv,final_generation,2.047,0.163,6,5;6,,,,,,,
GEN_MVTPNNZMDIWPIN,,locally_trained_SELFIES_GRU_sampling,selfies_gru_base_v1,"unconditional SELFIES GRU sample; selected for broad structural exploration, not parent-derived",CCOC(=O)C1=C(C2)N=CN1CCCCC3=CC=C(Cl)C=C32,CCOC(=O)c1c2ncn1CCCCc1ccc(Cl)cc1C2,MVTPNNZMDIWPIN-UHFFFAOYSA-N,,"{""mw"": ""318.804"", ""clogp"": ""3.64"", ""tpsa_A2"": ""44.12"", ""hbd"": ""0"", ""hba"": ""3"", ""rotatable_bonds"": ""2"", ""sa_score"": ""3.725"", ""qed"": ""0.794"", ""pains_alerts"": """", ""brenk_alerts"": """"}",,LIB_CHEMBL2103870,not_searched,,,fixed_150_not_selected_for_actual_docking,,,external_source/final_selfies_17645_base_fixed_list.csv,final_generation,3.725,0.163,10,5;6,,,,,,,
GEN_BWTBPQRTWRJLBU,,locally_trained_SELFIES_GRU_sampling,selfies_gru_base_v1,"unconditional SELFIES GRU sample; selected for broad structural exploration, not parent-derived",C1NCCN(CC)CC[C@H1]1C(=O)N2CCOCC2,CCN1CCNC[C@H](C(=O)N2CCOCC2)CC1,BWTBPQRTWRJLBU-GFCCVEGCSA-N,,"{""mw"": ""255.362"", ""clogp"": ""-0.223"", ""tpsa_A2"": ""44.81"", ""hbd"": ""1"", ""hba"": ""4"", ""rotatable_bonds"": ""2"", ""sa_score"": ""2.625"", ""qed"": ""0.7406"", ""pains_alerts"": """", ""brenk_alerts"": """"}",,LIB_CHEMBL1983268,not_searched,,,selected_40_docked_independent_qc_pass,-3.863,middle_contact_4A,external_source/final_selfies_17645_base_fixed_list.csv,final_generation,2.625,0.163,8,,,,,,,,
GEN_KVGFIRNMYGXXAB,,locally_trained_SELFIES_GRU_sampling,selfies_gru_base_v1,"unconditional SELFIES GRU sample; selected for broad structural exploration, not parent-derived",CC(=O)CSCN1C(=O)C=C2C=CC(C(F)(F)F)=CC2=N1,CC(=O)CSCn1nc2cc(C(F)(F)F)ccc2cc1=O,KVGFIRNMYGXXAB-UHFFFAOYSA-N,,"{""mw"": ""316.304"", ""clogp"": ""2.695"", ""tpsa_A2"": ""51.96"", ""hbd"": ""0"", ""hba"": ""4"", ""rotatable_bonds"": ""4"", ""sa_score"": ""2.849"", ""qed"": ""0.8701"", ""pains_alerts"": """", ""brenk_alerts"": """"}",,LIB_CHEMBL254316,not_searched,,,fixed_150_not_selected_for_actual_docking,,,external_source/final_selfies_17645_base_fixed_list.csv,final_generation,2.849,0.1628,6,6;6,,,,,,,
GEN_XLHIOHUETQFUSO,,locally_trained_SELFIES_GRU_sampling,selfies_gru_base_v1,"unconditional SELFIES GRU sample; selected for broad structural exploration, not parent-derived",CC1=CC=C(OCC(=O)O)C=C1C(=O)NCCC2=CC=CC=C2C,Cc1ccccc1CCNC(=O)c1cc(OCC(=O)O)ccc1C,XLHIOHUETQFUSO-UHFFFAOYSA-N,,"{""mw"": ""327.38"", ""clogp"": ""2.739"", ""tpsa_A2"": ""75.63"", ""hbd"": ""2"", ""hba"": ""3"", ""rotatable_bonds"": ""7"", ""sa_score"": ""1.848"", ""qed"": ""0.8197"", ""pains_alerts"": """", ""brenk_alerts"": """"}",,LIB_CHEMBL461101,not_searched,,,fixed_150_not_selected_for_actual_docking,,,external_source/final_selfies_17645_base_fixed_list.csv,final_generation,1.848,0.1628,6,6;6,,,,,,,
GEN_BPQRPGJCDSSMRO,,locally_trained_SELFIES_GRU_sampling,selfies_gru_base_v1,"unconditional SELFIES GRU sample; selected for broad structural exploration, not parent-derived",C1NC(=O)C2=CC(C3=CC=CC=C3)=NC(CC)=C21,CCc1nc(-c2ccccc2)cc2c1CNC2=O,BPQRPGJCDSSMRO-UHFFFAOYSA-N,,"{""mw"": ""238.29"", ""clogp"": ""2.554"", ""tpsa_A2"": ""41.99"", ""hbd"": ""1"", ""hba"": ""2"", ""rotatable_bonds"": ""2"", ""sa_score"": ""2.298"", ""qed"": ""0.8732"", ""pains_alerts"": """", ""brenk_alerts"": """"}",,LIB_CHEMBL461101,not_searched,,,fixed_150_not_selected_for_actual_docking,,,external_source/final_selfies_17645_base_fixed_list.csv,final_generation,2.298,0.1625,6,6;6,,,,,,,
GEN_CUZDMVGGVBCNSB,,locally_trained_SELFIES_GRU_sampling,selfies_gru_base_v1,"unconditional SELFIES GRU sample; selected for broad structural exploration, not parent-derived",O=C(NC1=CC=CC=C1)NC(=O)C2=C(Cl)C=CC=C2Cl,O=C(NC(=O)c1c(Cl)cccc1Cl)Nc1ccccc1,CUZDMVGGVBCNSB-UHFFFAOYSA-N,,"{""mw"": ""309.152"", ""clogp"": ""3.955"", ""tpsa_A2"": ""58.2"", ""hbd"": ""2"", ""hba"": ""2"", ""rotatable_bonds"": ""2"", ""sa_score"": ""1.722"", ""qed"": ""0.882"", ""pains_alerts"": """", ""brenk_alerts"": """"}",,LIB_CHEMBL461101,not_searched,,,selected_40_docked_independent_qc_pass,-6.738,middle_contact_4A,external_source/final_selfies_17645_base_fixed_list.csv,final_generation,1.722,0.1622,6,6;6,,,,,,,
GEN_YYCQUUTYXPMBLY,,locally_trained_SELFIES_GRU_sampling,selfies_gru_base_v1,"unconditional SELFIES GRU sample; selected for broad structural exploration, not parent-derived",O1C=CC=C(C2=CC=CC=C2)C1=O,O=c1occcc1-c1ccccc1,YYCQUUTYXPMBLY-UHFFFAOYSA-N,,"{""mw"": ""172.183"", ""clogp"": ""2.307"", ""tpsa_A2"": ""30.21"", ""hbd"": ""0"", ""hba"": ""2"", ""rotatable_bonds"": ""1"", ""sa_score"": ""1.753"", ""qed"": ""0.6603"", ""pains_alerts"": """", ""brenk_alerts"": """"}",,LIB_CHEMBL461101,not_searched,,,fixed_150_not_selected_for_actual_docking,,,external_source/final_selfies_17645_base_fixed_list.csv,final_generation,1.753,0.1618,6,6;6,,,,,,,
GEN_LDAGBLZIWYMUFJ,,locally_trained_SELFIES_GRU_sampling,selfies_gru_base_v1,"unconditional SELFIES GRU sample; selected for broad structural exploration, not parent-derived",N1=C(N)C=CC=CC(C2=CC=NC=N2)=CC=C1C(=O)NC3=CC=CC=C3,Nc1ccccc(-c2ccncn2)ccc(C(=O)Nc2ccccc2)n1,LDAGBLZIWYMUFJ-UHFFFAOYSA-N,,"{""mw"": ""343.39"", ""clogp"": ""3.498"", ""tpsa_A2"": ""93.79"", ""hbd"": ""2"", ""hba"": ""5"", ""rotatable_bonds"": ""3"", ""sa_score"": ""2.434"", ""qed"": ""0.759"", ""pains_alerts"": """", ""brenk_alerts"": """"}",,LIB_CHEMBL2103870,not_searched,,,exploratory16_actual_docking_independent_qc_pass,-8.26,middle_contact_4A,external_source/final_selfies_17645_base_fixed_list.csv,final_generation,2.434,0.1609,10,6;6;10,aromatic_ring_size_ge_8_requires_chemistry_review,Middle_2_of_3_M_PUB_ALL_seeds;M_PUB_CORE_no_Middle;H_AF_Middle,exploratory single joint docking pass; no robust same-site pose; ten-member aromatic ring requires chemistry review,proxy_top12,-7.189435,actual_docking_independent_qc_pass,True
GEN_YVTVBBQRVMJIMM,,locally_trained_SELFIES_GRU_sampling,selfies_gru_base_v1,"unconditional SELFIES GRU sample; selected for broad structural exploration, not parent-derived",O=C(NC(=O)OC1=CC=CC=C1)NCCN(CC2=CC=C(Cl)C=C2)C3=CC=CC=C3,O=C(NCCN(Cc1ccc(Cl)cc1)c1ccccc1)NC(=O)Oc1ccccc1,YVTVBBQRVMJIMM-UHFFFAOYSA-N,,"{""mw"": ""423.9"", ""clogp"": ""4.845"", ""tpsa_A2"": ""70.67"", ""hbd"": ""2"", ""hba"": ""4"", ""rotatable_bonds"": ""7"", ""sa_score"": ""2.125"", ""qed"": ""0.5698"", ""pains_alerts"": """", ""brenk_alerts"": """"}",,LIB_CHEMBL1200412,not_searched,,,selected_40_docked_independent_qc_pass,-7.014,middle_contact_4A,external_source/final_selfies_17645_base_fixed_list.csv,final_generation,2.125,0.1609,6,6;6;6,,,,,,,
GEN_RRKSKBGFLMEUSB,,locally_trained_SELFIES_GRU_sampling,selfies_gru_base_v1,"unconditional SELFIES GRU sample; selected for broad structural exploration, not parent-derived",O=C1[NH1]C=C2C=CC=CC2=C1C(=O)NC3CCCCC3,O=C(NC1CCCCC1)c1c(=O)[nH]cc2ccccc12,RRKSKBGFLMEUSB-UHFFFAOYSA-N,,"{""mw"": ""270.332"", ""clogp"": ""2.591"", ""tpsa_A2"": ""61.96"", ""hbd"": ""2"", ""hba"": ""2"", ""rotatable_bonds"": ""2"", ""sa_score"": ""2.219"", ""qed"": ""0.8807"", ""pains_alerts"": """", ""brenk_alerts"": """"}",,LIB_CHEMBL1200412,not_searched,,,fixed_150_not_selected_for_actual_docking,,,external_source/final_selfies_17645_base_fixed_list.csv,final_generation,2.219,0.1605,6,6;6,,,,,,,
GEN_IYBATZDPQUOACV,,locally_trained_SELFIES_GRU_sampling,selfies_gru_base_v1,"unconditional SELFIES GRU sample; selected for broad structural exploration, not parent-derived",COC1=CC=CC=C1CN2CCCC[C@H1]2C#N,COc1ccccc1CN1CCCC[C@H]1C#N,IYBATZDPQUOACV-ZDUSSCGKSA-N,,"{""mw"": ""230.311"", ""clogp"": ""2.573"", ""tpsa_A2"": ""36.26"", ""hbd"": ""0"", ""hba"": ""3"", ""rotatable_bonds"": ""3"", ""sa_score"": ""2.512"", ""qed"": ""0.8004"", ""pains_alerts"": """", ""brenk_alerts"": """"}",,LIB_CHEMBL1200412,not_searched,,,fixed_150_not_selected_for_actual_docking,,,external_source/final_selfies_17645_base_fixed_list.csv,final_generation,2.512,0.1605,6,6,,,,,,,
GEN_PPKUWSHHVXXBNI,,locally_trained_SELFIES_GRU_sampling,selfies_gru_base_v1,"unconditional SELFIES GRU sample; selected for broad structural exploration, not parent-derived",COC1=CC=CC=C1N2C(O)=NO2,COc1ccccc1-n1onc1O,PPKUWSHHVXXBNI-UHFFFAOYSA-N,,"{""mw"": ""180.163"", ""clogp"": ""1.179"", ""tpsa_A2"": ""60.42"", ""hbd"": ""1"", ""hba"": ""4"", ""rotatable_bonds"": ""2"", ""sa_score"": ""2.865"", ""qed"": ""0.7533"", ""pains_alerts"": """", ""brenk_alerts"": """"}",,LIB_CHEMBL254316,not_searched,,,fixed_150_not_selected_for_actual_docking,,,external_source/final_selfies_17645_base_fixed_list.csv,final_generation,2.865,0.16,6,4;6,,,,,,,
GEN_SJZQGVZACKZABI,,locally_trained_SELFIES_GRU_sampling,selfies_gru_base_v1,"unconditional SELFIES GRU sample; selected for broad structural exploration, not parent-derived",CN1CCC(=O)NC2=CC=CC=C21,CN1CCC(=O)Nc2ccccc21,SJZQGVZACKZABI-UHFFFAOYSA-N,,"{""mw"": ""176.219"", ""clogp"": ""1.465"", ""tpsa_A2"": ""32.34"", ""hbd"": ""1"", ""hba"": ""2"", ""rotatable_bonds"": ""0"", ""sa_score"": ""2.031"", ""qed"": ""0.6488"", ""pains_alerts"": """", ""brenk_alerts"": """"}",,LIB_CHEMBL3894860,not_searched,,,selected_40_docked_independent_qc_pass,-4.592,middle_contact_4A,external_source/final_selfies_17645_base_fixed_list.csv,final_generation,2.031,0.16,7,6,,,,,,,
GEN_CVVSBHSLAJLHSA,,locally_trained_SELFIES_GRU_sampling,selfies_gru_base_v1,"unconditional SELFIES GRU sample; selected for broad structural exploration, not parent-derived",CCCOC(=O)N1CCC(NCCNC(=O)C2=CC=CC=C2C1)=O,CCCOC(=O)N1CCC(=O)NCCNC(=O)c2ccccc2C1,CVVSBHSLAJLHSA-UHFFFAOYSA-N,,"{""mw"": ""333.388"", ""clogp"": ""1.285"", ""tpsa_A2"": ""87.74"", ""hbd"": ""2"", ""hba"": ""4"", ""rotatable_bonds"": ""2"", ""sa_score"": ""2.88"", ""qed"": ""0.8534"", ""pains_alerts"": """", ""brenk_alerts"": """"}",,LIB_CHEMBL1200412,not_searched,,,fixed_150_not_selected_for_actual_docking,,,external_source/final_selfies_17645_base_fixed_list.csv,final_generation,2.88,0.1591,12,6,,,,,,,
GEN_HTJAQLKHWSVJMW,,locally_trained_SELFIES_GRU_sampling,selfies_gru_base_v1,"unconditional SELFIES GRU sample; selected for broad structural exploration, not parent-derived",CCOC(=O)C1=CC=CC=C1S(=O)(=O)NCC2=CC=CN=C2,CCOC(=O)c1ccccc1S(=O)(=O)NCc1cccnc1,HTJAQLKHWSVJMW-UHFFFAOYSA-N,,"{""mw"": ""320.37"", ""clogp"": ""1.737"", ""tpsa_A2"": ""85.36"", ""hbd"": ""1"", ""hba"": ""5"", ""rotatable_bonds"": ""6"", ""sa_score"": ""1.92"", ""qed"": ""0.8194"", ""pains_alerts"": """", ""brenk_alerts"": """"}",,LIB_CHEMBL254316,not_searched,,,fixed_150_not_selected_for_actual_docking,,,external_source/final_selfies_17645_base_fixed_list.csv,final_generation,1.92,0.1591,6,6;6,,,,,,,
GEN_PVWNBZYVRKDABC,,locally_trained_SELFIES_GRU_sampling,selfies_gru_base_v1,"unconditional SELFIES GRU sample; selected for broad structural exploration, not parent-derived",CCC(=O)N1CCC(C2=CC=NC=C2)CC1,CCC(=O)N1CCC(c2ccncc2)CC1,PVWNBZYVRKDABC-UHFFFAOYSA-N,,"{""mw"": ""218.3"", ""clogp"": ""2.198"", ""tpsa_A2"": ""33.2"", ""hbd"": ""0"", ""hba"": ""2"", ""rotatable_bonds"": ""2"", ""sa_score"": ""2.014"", ""qed"": ""0.7621"", ""pains_alerts"": """", ""brenk_alerts"": """"}",,LIB_CHEMBL1983268,not_searched,,,fixed_150_not_selected_for_actual_docking,,,external_source/final_selfies_17645_base_fixed_list.csv,final_generation,2.014,0.1591,6,6,,,,,,,
GEN_JKHCANMZQKCDJF,,locally_trained_SELFIES_GRU_sampling,selfies_gru_base_v1,"unconditional SELFIES GRU sample; selected for broad structural exploration, not parent-derived",COC1=CC=CC2=NC=C(NC(=O)OC)CC=C12,COC(=O)NC1=CN=c2cccc(OC)c2=CC1,JKHCANMZQKCDJF-UHFFFAOYSA-N,,"{""mw"": ""246.266"", ""clogp"": ""0.696"", ""tpsa_A2"": ""59.92"", ""hbd"": ""1"", ""hba"": ""4"", ""rotatable_bonds"": ""2"", ""sa_score"": ""3.225"", ""qed"": ""0.8351"", ""pains_alerts"": """", ""brenk_alerts"": """"}",,LIB_CHEMBL1200412,not_searched,,,selected_40_docked_independent_qc_pass,-5.39,middle_contact_4A,external_source/final_selfies_17645_base_fixed_list.csv,final_generation,3.225,0.1585,7,6,,,,,,,
GEN_PSZRBNRPZWRWIQ,,locally_trained_SELFIES_GRU_sampling,selfies_gru_base_v1,unconditional SELFIES GRU sample; broad structural exploration; selected after generation by historical docking-score proxy or matched control,CN(C)CCOC1=CC=CC(=C1)C2=NN=CNC=CC=CC3=CC=CC=C3NC2=O,CN(C)CCOc1cccc(-c2nnc[nH]ccccc3ccccc3[nH]c2=O)c1,PSZRBNRPZWRWIQ-UHFFFAOYSA-N,,"{""mw"": ""403.486"", ""clogp"": ""3.502"", ""tpsa_A2"": ""86.9"", ""hbd"": ""2"", ""hba"": ""5"", ""rotatable_bonds"": ""5"", ""sa_score"": ""3.07"", ""qed"": ""0.6809"", ""pains_alerts"": """", ""brenk_alerts"": """"}",,LIB_CHEMBL2103870,not_searched,,,exploratory16_actual_docking_independent_qc_pass,-7.354,middle_contact_4A,external_source/final_selfies_17645_base_all_eligible.csv,final_generation_eligible_outside_fixed150,3.07,0.1562,13,6;6;13,aromatic_ring_size_ge_8_requires_chemistry_review,,,proxy_top12,-7.370291,actual_docking_independent_qc_pass,False
GEN_SDBKOTKHSQBSQB,,locally_trained_SELFIES_GRU_sampling,selfies_gru_base_v1,unconditional SELFIES GRU sample; broad structural exploration; selected after generation by historical docking-score proxy or matched control,C1CCOC2=CC=CC=C2NC3=CC=CN=C3N1CC4=CC=CC=C4,c1ccc(CN2CCCOc3ccccc3Nc3cccnc32)cc1,SDBKOTKHSQBSQB-UHFFFAOYSA-N,,"{""mw"": ""331.419"", ""clogp"": ""4.614"", ""tpsa_A2"": ""37.39"", ""hbd"": ""1"", ""hba"": ""4"", ""rotatable_bonds"": ""2"", ""sa_score"": ""2.634"", ""qed"": ""0.7437"", ""pains_alerts"": """", ""brenk_alerts"": """"}",,LIB_CHEMBL1200412,not_searched,,,exploratory16_actual_docking_independent_qc_pass,-5.855,middle_contact_4A,external_source/final_selfies_17645_base_all_eligible.csv,final_generation_eligible_outside_fixed150,2.634,0.1512,10,6;6;6,,,,proxy_top12,-7.266179,actual_docking_independent_qc_pass,False
GEN_OXPWMAXMMNOGDO,,locally_trained_SELFIES_GRU_sampling,selfies_gru_base_v1,unconditional SELFIES GRU sample; broad structural exploration; selected after generation by historical docking-score proxy or matched control,C1SCS(=O)(=O)NC[C@H1](C)C2=CC=CC=C2C(C)(C)CC1,C[C@H]1CNS(=O)(=O)CSCCCC(C)(C)c2ccccc21,OXPWMAXMMNOGDO-ZDUSSCGKSA-N,,"{""mw"": ""327.515"", ""clogp"": ""3.472"", ""tpsa_A2"": ""46.17"", ""hbd"": ""1"", ""hba"": ""3"", ""rotatable_bonds"": ""0"", ""sa_score"": ""4.146"", ""qed"": ""0.7934"", ""pains_alerts"": """", ""brenk_alerts"": """"}",,LIB_CHEMBL1200412,not_searched,,,exploratory16_actual_docking_independent_qc_pass,-4.978,middle_contact_4A,external_source/final_selfies_17645_base_all_eligible.csv,final_generation_eligible_outside_fixed150,4.146,0.1548,12,6,,,,proxy_top12,-7.259965,actual_docking_independent_qc_pass,False
GEN_KSCWJFLDWBJDGF,,locally_trained_SELFIES_GRU_sampling,selfies_gru_base_v1,unconditional SELFIES GRU sample; broad structural exploration; selected after generation by historical docking-score proxy or matched control,CC1=NC(C)=C2C=CN=C3C=CC=CC3=C2C(=O)N(CC4=CC=CC=C4)C=C1,Cc1ccn(Cc2ccccc2)c(=O)c2c3ccccc3nccc-2c(C)n1,KSCWJFLDWBJDGF-UHFFFAOYSA-N,,"{""mw"": ""367.452"", ""clogp"": ""4.686"", ""tpsa_A2"": ""47.78"", ""hbd"": ""0"", ""hba"": ""3"", ""rotatable_bonds"": ""2"", ""sa_score"": ""2.677"", ""qed"": ""0.5165"", ""pains_alerts"": """", ""brenk_alerts"": """"}",,LIB_CHEMBL254316,not_searched,,,exploratory16_actual_docking_independent_qc_pass,-5.514,middle_contact_4A,external_source/final_selfies_17645_base_all_eligible.csv,final_generation_eligible_outside_fixed150,2.677,0.1556,9,6;6;7;9,aromatic_ring_size_ge_8_requires_chemistry_review,,,proxy_top12,-7.239689,actual_docking_independent_qc_pass,False
GEN_JIEGCKSWVHRGNR,,locally_trained_SELFIES_GRU_sampling,selfies_gru_base_v1,unconditional SELFIES GRU sample; broad structural exploration; selected after generation by historical docking-score proxy or matched control,COC1=CC=NC(N2C=CC=C3C(C(=O)O)=CC=C3O2)=CC=CN1CC(C)C,COc1ccnc(N2C=CC=C3C(=CC=C3C(=O)O)O2)cccn1CC(C)C,JIEGCKSWVHRGNR-UHFFFAOYSA-N,,"{""mw"": ""381.432"", ""clogp"": ""3.772"", ""tpsa_A2"": ""76.82"", ""hbd"": ""1"", ""hba"": ""5"", ""rotatable_bonds"": ""5"", ""sa_score"": ""4.085"", ""qed"": ""0.8366"", ""pains_alerts"": """", ""brenk_alerts"": """"}",,LIB_CHEMBL461101,not_searched,,,exploratory16_actual_docking_independent_qc_pass,-5.998,middle_contact_4A,external_source/final_selfies_17645_base_all_eligible.csv,final_generation_eligible_outside_fixed150,4.085,0.1515,9,9,aromatic_ring_size_ge_8_requires_chemistry_review,,,proxy_top12,-7.014401,actual_docking_independent_qc_pass,False
GEN_YUOYQOBVJWRGGY,,locally_trained_SELFIES_GRU_sampling,selfies_gru_base_v1,unconditional SELFIES GRU sample; broad structural exploration; selected after generation by historical docking-score proxy or matched control,O=C(NC1=CC=C(OC)C=C1C)C2=CC=CC=C2CC,CCc1ccccc1C(=O)Nc1ccc(OC)cc1C,YUOYQOBVJWRGGY-UHFFFAOYSA-N,,"{""mw"": ""269.344"", ""clogp"": ""3.818"", ""tpsa_A2"": ""38.33"", ""hbd"": ""1"", ""hba"": ""2"", ""rotatable_bonds"": ""4"", ""sa_score"": ""1.601"", ""qed"": ""0.916"", ""pains_alerts"": """", ""brenk_alerts"": """"}",,LIB_CHEMBL36506,not_searched,,,exploratory16_actual_docking_independent_qc_pass,-6.794,no_middle_contact_4A,external_source/final_selfies_17645_base_all_eligible.csv,final_generation_eligible_outside_fixed150,1.601,0.1717,6,6;6,,,,matched_random_control,-6.488697,actual_docking_independent_qc_pass,False
