structure_id,cutoff_A,eigenvalue_index_0based,eigenvalue_relative_units,zero_by_frozen_tolerance
H_AF_domain,15.0,0,-2.9126836001146913e-15,True
H_AF_domain,15.0,1,9.881279827233523e-16,True
H_AF_domain,15.0,2,3.283626266009322e-15,True
H_AF_domain,15.0,3,4.916605110059836e-15,True
H_AF_domain,15.0,4,6.185408649544425e-15,True
H_AF_domain,15.0,5,6.466850473770772e-15,True
H_AF_domain,15.0,6,0.015286198520390456,False
H_AF_domain,15.0,7,0.04668026396606254,False
H_AF_domain,15.0,8,0.07614190262011039,False
H_AF_domain,15.0,9,0.08727758963525323,False
H_AF_domain,15.0,10,0.10587220240741319,False
H_AF_domain,15.0,11,0.14003851003164922,False
H_AF_domain,15.0,12,0.149480111524139,False
H_AF_domain,15.0,13,0.1578431599415744,False
H_AF_domain,15.0,14,0.18487058997515698,False
H_AF_domain,15.0,15,0.21845556847380956,False
H_AF_domain,15.0,16,0.23468320787236183,False
H_AF_domain,15.0,17,0.27951862569505137,False
H_AF_domain,15.0,18,0.3028777154660094,False
H_AF_domain,15.0,19,0.34305356147946287,False
H_AF_domain,15.0,20,0.35906773364912753,False
H_AF_domain,15.0,21,0.4146436217335894,False
H_AF_domain,15.0,22,0.46963233513559016,False
H_AF_domain,15.0,23,0.4801894749821137,False
H_AF_domain,15.0,24,0.5116393240629498,False
H_AF_domain,15.0,25,0.5273030919363874,False
H_AF_domain,15.0,26,0.5492104359842624,False
H_AF_domain,15.0,27,0.5985748834075749,False
H_AF_domain,15.0,28,0.6122163788673941,False
H_AF_domain,15.0,29,0.6451285113917998,False
H_AF_domain,15.0,30,0.6619260224898526,False
H_AF_domain,15.0,31,0.6802317332723108,False
H_AF_domain,15.0,32,0.7267230125166213,False
H_AF_domain,15.0,33,0.74405203619548,False
H_AF_domain,15.0,34,0.7479713497190364,False
H_AF_domain,15.0,35,0.7634428175384299,False
H_AF_domain,15.0,36,0.8181047280255072,False
H_AF_domain,15.0,37,0.8485269761234208,False
H_AF_domain,15.0,38,0.8745496126305853,False
H_AF_domain,15.0,39,0.8947409061992686,False
H_AF_domain,15.0,40,0.922177316725671,False
H_AF_domain,15.0,41,0.9287426973035646,False
H_AF_domain,15.0,42,0.9659615311679394,False
H_AF_domain,15.0,43,0.9770987787644244,False
H_AF_domain,15.0,44,1.011629775454952,False
H_AF_domain,15.0,45,1.0255733872339345,False
H_AF_domain,15.0,46,1.050349483686179,False
H_AF_domain,15.0,47,1.0949982801962352,False
H_AF_domain,15.0,48,1.1242605333432978,False
H_AF_domain,15.0,49,1.1464106056486172,False
H_AF_domain,15.0,50,1.1629516822735844,False
H_AF_domain,15.0,51,1.1903161176811274,False
H_AF_domain,15.0,52,1.2104462830752907,False
H_AF_domain,15.0,53,1.238998047341513,False
H_AF_domain,15.0,54,1.261210891246914,False
H_AF_domain,15.0,55,1.2914688641819587,False
H_AF_domain,15.0,56,1.3132890637831434,False
H_AF_domain,15.0,57,1.3255334369541563,False
H_AF_domain,15.0,58,1.3678573250722694,False
H_AF_domain,15.0,59,1.3903061698762753,False
H_AF_domain,15.0,60,1.4229013019259755,False
H_AF_domain,15.0,61,1.447148999728645,False
H_AF_domain,15.0,62,1.5163796186165388,False
H_AF_domain,15.0,63,1.5483372268019493,False
H_AF_domain,15.0,64,1.5592155729038815,False
H_AF_domain,15.0,65,1.5897963120544032,False
H_AF_domain,15.0,66,1.5944421801566222,False
H_AF_domain,15.0,67,1.6112105160276533,False
H_AF_domain,15.0,68,1.6242640596622187,False
H_AF_domain,15.0,69,1.6390349572926621,False
H_AF_domain,15.0,70,1.6631762745545964,False
H_AF_domain,15.0,71,1.6698613267366962,False
H_AF_domain,15.0,72,1.7094764565344762,False
H_AF_domain,15.0,73,1.7226966692959804,False
H_AF_domain,15.0,74,1.7628334740737797,False
H_AF_domain,15.0,75,1.7753851134356415,False
H_AF_domain,15.0,76,1.781322217498891,False
H_AF_domain,15.0,77,1.8007981210474748,False
H_AF_domain,15.0,78,1.8179899033829627,False
H_AF_domain,15.0,79,1.8445597662244766,False
H_AF_domain,15.0,80,1.8460758644330602,False
H_AF_domain,15.0,81,1.8687693669300223,False
H_AF_domain,15.0,82,1.900382795079094,False
H_AF_domain,15.0,83,1.9543663627868093,False
H_AF_domain,15.0,84,1.9635645398868544,False
H_AF_domain,15.0,85,1.9776838131754864,False
H_AF_domain,15.0,86,1.9995196914361348,False
H_AF_domain,15.0,87,2.0174954053139182,False
H_AF_domain,15.0,88,2.026336248406012,False
H_AF_domain,15.0,89,2.0668534095046103,False
H_AF_domain,15.0,90,2.0733884418717694,False
H_AF_domain,15.0,91,2.1029998638896967,False
H_AF_domain,15.0,92,2.147954307470201,False
H_AF_domain,15.0,93,2.158302162560113,False
H_AF_domain,15.0,94,2.181925412380649,False
H_AF_domain,15.0,95,2.2045794519334865,False
H_AF_domain,15.0,96,2.2385361804367716,False
H_AF_domain,15.0,97,2.2699767254729895,False
H_AF_domain,15.0,98,2.289932612424793,False
H_AF_domain,15.0,99,2.3108733855389363,False
H_AF_domain,15.0,100,2.3415898074319776,False
H_AF_domain,15.0,101,2.35357796873102,False
H_AF_domain,15.0,102,2.3763722235805598,False
H_AF_domain,15.0,103,2.39893844835038,False
H_AF_domain,15.0,104,2.4066400622471296,False
H_AF_domain,15.0,105,2.4280426730590765,False
H_AF_domain,15.0,106,2.463116673201623,False
H_AF_domain,15.0,107,2.4808296921806776,False
H_AF_domain,15.0,108,2.4874488175904563,False
H_AF_domain,15.0,109,2.5049634375607424,False
H_AF_domain,15.0,110,2.5186548640353275,False
H_AF_domain,15.0,111,2.5327574600733462,False
H_AF_domain,15.0,112,2.5539037702739527,False
H_AF_domain,15.0,113,2.579804779458575,False
H_AF_domain,15.0,114,2.6222426929868057,False
H_AF_domain,15.0,115,2.6473504560485965,False
H_AF_domain,15.0,116,2.702274457235012,False
H_AF_domain,15.0,117,2.7158619002769644,False
H_AF_domain,15.0,118,2.7245209159593142,False
H_AF_domain,15.0,119,2.735579033049957,False
H_AF_domain,15.0,120,2.7699513476067414,False
H_AF_domain,15.0,121,2.801247117156282,False
H_AF_domain,15.0,122,2.83362763353589,False
H_AF_domain,15.0,123,2.8476622973047774,False
H_AF_domain,15.0,124,2.8636549987579003,False
H_AF_domain,15.0,125,2.9067064331540484,False
H_AF_domain,15.0,126,2.929042599912395,False
H_AF_domain,15.0,127,2.942576628827752,False
H_AF_domain,15.0,128,2.951369413715895,False
H_AF_domain,15.0,129,2.974537255719621,False
H_AF_domain,15.0,130,2.9936389634492535,False
H_AF_domain,15.0,131,3.014426830050784,False
H_AF_domain,15.0,132,3.0357103323118193,False
H_AF_domain,15.0,133,3.057128341729978,False
H_AF_domain,15.0,134,3.069576069281562,False
H_AF_domain,15.0,135,3.0922623773221107,False
H_AF_domain,15.0,136,3.1166367020097545,False
H_AF_domain,15.0,137,3.124372072818648,False
H_AF_domain,15.0,138,3.1361624163820756,False
H_AF_domain,15.0,139,3.1564578032721835,False
H_AF_domain,15.0,140,3.1615757440121732,False
H_AF_domain,15.0,141,3.2212470746956274,False
H_AF_domain,15.0,142,3.2505533080915066,False
H_AF_domain,15.0,143,3.260127557564454,False
H_AF_domain,15.0,144,3.297542704212403,False
H_AF_domain,15.0,145,3.313785277000368,False
H_AF_domain,15.0,146,3.3217988543009698,False
H_AF_domain,15.0,147,3.3449704076068074,False
H_AF_domain,15.0,148,3.3639435675784255,False
H_AF_domain,15.0,149,3.393955307986026,False
H_AF_domain,15.0,150,3.4312126183045355,False
H_AF_domain,15.0,151,3.45659164429148,False
H_AF_domain,15.0,152,3.4860949813012696,False
H_AF_domain,15.0,153,3.506487754182401,False
H_AF_domain,15.0,154,3.520041615840651,False
H_AF_domain,15.0,155,3.5454784110279927,False
H_AF_domain,15.0,156,3.5647003507956114,False
H_AF_domain,15.0,157,3.594566035263903,False
H_AF_domain,15.0,158,3.5988169009348168,False
H_AF_domain,15.0,159,3.608240487817932,False
H_AF_domain,15.0,160,3.638743322662129,False
H_AF_domain,15.0,161,3.6423932788861286,False
H_AF_domain,15.0,162,3.6983719236117563,False
H_AF_domain,15.0,163,3.7233843688546266,False
H_AF_domain,15.0,164,3.728992817407621,False
H_AF_domain,15.0,165,3.767683130987414,False
H_AF_domain,15.0,166,3.790784731993368,False
H_AF_domain,15.0,167,3.801416588554895,False
H_AF_domain,15.0,168,3.8374412828343814,False
H_AF_domain,15.0,169,3.8535185930035696,False
H_AF_domain,15.0,170,3.8797440955904925,False
H_AF_domain,15.0,171,3.9017732794417306,False
H_AF_domain,15.0,172,3.9175005017894966,False
H_AF_domain,15.0,173,3.958224408956055,False
H_AF_domain,15.0,174,3.9779484969809453,False
H_AF_domain,15.0,175,3.988900652543635,False
H_AF_domain,15.0,176,3.9972038747535032,False
H_AF_domain,15.0,177,4.02441686146638,False
H_AF_domain,15.0,178,4.029394672250231,False
H_AF_domain,15.0,179,4.045066532126662,False
H_AF_domain,15.0,180,4.058802062565789,False
H_AF_domain,15.0,181,4.105376542295286,False
H_AF_domain,15.0,182,4.111269622996784,False
H_AF_domain,15.0,183,4.139225400943415,False
H_AF_domain,15.0,184,4.155380066948269,False
H_AF_domain,15.0,185,4.175086291349099,False
H_AF_domain,15.0,186,4.194914902687636,False
H_AF_domain,15.0,187,4.213442610218472,False
H_AF_domain,15.0,188,4.2304405853618965,False
H_AF_domain,15.0,189,4.246513236289275,False
H_AF_domain,15.0,190,4.279534083703493,False
H_AF_domain,15.0,191,4.289718834302051,False
H_AF_domain,15.0,192,4.301861728135288,False
H_AF_domain,15.0,193,4.323483457736652,False
H_AF_domain,15.0,194,4.364175646899982,False
H_AF_domain,15.0,195,4.409452523347668,False
H_AF_domain,15.0,196,4.415340408404122,False
H_AF_domain,15.0,197,4.421096737906399,False
H_AF_domain,15.0,198,4.443514655542826,False
H_AF_domain,15.0,199,4.481144595470932,False
H_AF_domain,15.0,200,4.484608325453912,False
H_AF_domain,15.0,201,4.52904637360579,False
H_AF_domain,15.0,202,4.5661124793951195,False
H_AF_domain,15.0,203,4.571682797360053,False
H_AF_domain,15.0,204,4.582053775734374,False
H_AF_domain,15.0,205,4.604392768440311,False
H_AF_domain,15.0,206,4.6275405166336885,False
H_AF_domain,15.0,207,4.672753421728917,False
H_AF_domain,15.0,208,4.693697756922118,False
H_AF_domain,15.0,209,4.719848355049065,False
H_AF_domain,15.0,210,4.748010854939581,False
H_AF_domain,15.0,211,4.779539181309098,False
H_AF_domain,15.0,212,4.852635106663225,False
H_AF_domain,15.0,213,4.868243167240106,False
H_AF_domain,15.0,214,4.88736501936541,False
H_AF_domain,15.0,215,4.903958963670684,False
H_AF_domain,15.0,216,4.921998694131786,False
H_AF_domain,15.0,217,4.99029708176748,False
H_AF_domain,15.0,218,5.001728020688796,False
H_AF_domain,15.0,219,5.014723356500321,False
H_AF_domain,15.0,220,5.0381891442033835,False
H_AF_domain,15.0,221,5.069380436979875,False
H_AF_domain,15.0,222,5.107744114798538,False
H_AF_domain,15.0,223,5.118426337291362,False
H_AF_domain,15.0,224,5.13616359173977,False
H_AF_domain,15.0,225,5.156778579920285,False
H_AF_domain,15.0,226,5.214313890354024,False
H_AF_domain,15.0,227,5.220028512882888,False
H_AF_domain,15.0,228,5.241846099784862,False
H_AF_domain,15.0,229,5.262237048926601,False
H_AF_domain,15.0,230,5.284639675070353,False
H_AF_domain,15.0,231,5.302953665754087,False
H_AF_domain,15.0,232,5.3337965242028105,False
H_AF_domain,15.0,233,5.353736171587105,False
H_AF_domain,15.0,234,5.396252698081434,False
H_AF_domain,15.0,235,5.412868965170184,False
H_AF_domain,15.0,236,5.430878497392403,False
H_AF_domain,15.0,237,5.446635851034611,False
H_AF_domain,15.0,238,5.500746535528612,False
H_AF_domain,15.0,239,5.505389658252569,False
H_AF_domain,15.0,240,5.532329567678526,False
H_AF_domain,15.0,241,5.544886819982127,False
H_AF_domain,15.0,242,5.555703655913701,False
H_AF_domain,15.0,243,5.591543573964337,False
H_AF_domain,15.0,244,5.606803303827447,False
H_AF_domain,15.0,245,5.626370614811718,False
H_AF_domain,15.0,246,5.6416327188236055,False
H_AF_domain,15.0,247,5.664662774558642,False
H_AF_domain,15.0,248,5.69965970402719,False
H_AF_domain,15.0,249,5.711845714380784,False
H_AF_domain,15.0,250,5.748475293654509,False
H_AF_domain,15.0,251,5.77485263108685,False
H_AF_domain,15.0,252,5.798498485250661,False
H_AF_domain,15.0,253,5.820495977368718,False
H_AF_domain,15.0,254,5.8350516812651625,False
H_AF_domain,15.0,255,5.88823777516694,False
H_AF_domain,15.0,256,5.902374367191982,False
H_AF_domain,15.0,257,5.9594612273730005,False
H_AF_domain,15.0,258,5.968209028151378,False
H_AF_domain,15.0,259,5.988176537865159,False
H_AF_domain,15.0,260,6.029429336302685,False
H_AF_domain,15.0,261,6.035584252648046,False
H_AF_domain,15.0,262,6.060755842486873,False
H_AF_domain,15.0,263,6.078758368231832,False
H_AF_domain,15.0,264,6.10434285824075,False
H_AF_domain,15.0,265,6.126839332631699,False
H_AF_domain,15.0,266,6.134603828609791,False
H_AF_domain,15.0,267,6.145479165427189,False
H_AF_domain,15.0,268,6.1679576281853565,False
H_AF_domain,15.0,269,6.19536244989741,False
H_AF_domain,15.0,270,6.235321372226556,False
H_AF_domain,15.0,271,6.26665827107488,False
H_AF_domain,15.0,272,6.297396245039625,False
H_AF_domain,15.0,273,6.30972184399084,False
H_AF_domain,15.0,274,6.3236297003287305,False
H_AF_domain,15.0,275,6.351371375042477,False
H_AF_domain,15.0,276,6.35883372060178,False
H_AF_domain,15.0,277,6.381749633091958,False
H_AF_domain,15.0,278,6.408423618428254,False
H_AF_domain,15.0,279,6.431530746173137,False
H_AF_domain,15.0,280,6.443040430538037,False
H_AF_domain,15.0,281,6.464682182172727,False
H_AF_domain,15.0,282,6.48615951493065,False
H_AF_domain,15.0,283,6.533379543448538,False
H_AF_domain,15.0,284,6.544357820979146,False
H_AF_domain,15.0,285,6.565215763610528,False
H_AF_domain,15.0,286,6.590277616666946,False
H_AF_domain,15.0,287,6.622654143132428,False
H_AF_domain,15.0,288,6.643278817942439,False
H_AF_domain,15.0,289,6.669216652130617,False
H_AF_domain,15.0,290,6.686469198481578,False
H_AF_domain,15.0,291,6.715941570703694,False
H_AF_domain,15.0,292,6.745391600002846,False
H_AF_domain,15.0,293,6.769887642144425,False
H_AF_domain,15.0,294,6.780328492668804,False
H_AF_domain,15.0,295,6.782756895841249,False
H_AF_domain,15.0,296,6.795526210670807,False
H_AF_domain,15.0,297,6.829814135490882,False
H_AF_domain,15.0,298,6.872524506433734,False
H_AF_domain,15.0,299,6.888483536258767,False
H_AF_domain,15.0,300,6.915427254671217,False
H_AF_domain,15.0,301,6.926211988950336,False
H_AF_domain,15.0,302,6.940709339233437,False
H_AF_domain,15.0,303,7.004795988434598,False
H_AF_domain,15.0,304,7.023086561324621,False
H_AF_domain,15.0,305,7.044085741541245,False
H_AF_domain,15.0,306,7.074732128245126,False
H_AF_domain,15.0,307,7.084596590851791,False
H_AF_domain,15.0,308,7.119192224971296,False
H_AF_domain,15.0,309,7.155998033561628,False
H_AF_domain,15.0,310,7.161178651462941,False
H_AF_domain,15.0,311,7.187703038675666,False
H_AF_domain,15.0,312,7.220783702724615,False
H_AF_domain,15.0,313,7.234522235564836,False
H_AF_domain,15.0,314,7.239482978075105,False
H_AF_domain,15.0,315,7.254696845282396,False
H_AF_domain,15.0,316,7.262507252233,False
H_AF_domain,15.0,317,7.290269420048963,False
H_AF_domain,15.0,318,7.314557808028177,False
H_AF_domain,15.0,319,7.3531200712333264,False
H_AF_domain,15.0,320,7.35966051189502,False
H_AF_domain,15.0,321,7.371566566540572,False
H_AF_domain,15.0,322,7.384660010325504,False
H_AF_domain,15.0,323,7.3928073114503325,False
H_AF_domain,15.0,324,7.427234107502772,False
H_AF_domain,15.0,325,7.448306884893253,False
H_AF_domain,15.0,326,7.454778413601392,False
H_AF_domain,15.0,327,7.485146243493399,False
H_AF_domain,15.0,328,7.498197179175302,False
H_AF_domain,15.0,329,7.510930759771394,False
H_AF_domain,15.0,330,7.5208996946468085,False
H_AF_domain,15.0,331,7.530756211473063,False
H_AF_domain,15.0,332,7.563083717929074,False
H_AF_domain,15.0,333,7.591851822698795,False
H_AF_domain,15.0,334,7.616593570861643,False
H_AF_domain,15.0,335,7.6510536812092305,False
H_AF_domain,15.0,336,7.665169345194048,False
H_AF_domain,15.0,337,7.693220305517213,False
H_AF_domain,15.0,338,7.734063768192943,False
H_AF_domain,15.0,339,7.7633306360245395,False
H_AF_domain,15.0,340,7.764378956346364,False
H_AF_domain,15.0,341,7.776818724714062,False
H_AF_domain,15.0,342,7.790320246138473,False
H_AF_domain,15.0,343,7.814784491989998,False
H_AF_domain,15.0,344,7.847751598417338,False
H_AF_domain,15.0,345,7.866934507971022,False
H_AF_domain,15.0,346,7.891758626757786,False
H_AF_domain,15.0,347,7.902450141488325,False
H_AF_domain,15.0,348,7.926921273976937,False
H_AF_domain,15.0,349,7.952676962305062,False
H_AF_domain,15.0,350,7.986837513169388,False
H_AF_domain,15.0,351,8.007379287101438,False
H_AF_domain,15.0,352,8.042956002730975,False
H_AF_domain,15.0,353,8.051395443032387,False
H_AF_domain,15.0,354,8.069568094575635,False
H_AF_domain,15.0,355,8.078504246369999,False
H_AF_domain,15.0,356,8.08925516870908,False
H_AF_domain,15.0,357,8.120075161884783,False
H_AF_domain,15.0,358,8.135569503471062,False
H_AF_domain,15.0,359,8.151213155647337,False
H_AF_domain,15.0,360,8.168850188172538,False
H_AF_domain,15.0,361,8.201151020961706,False
H_AF_domain,15.0,362,8.22646113977721,False
H_AF_domain,15.0,363,8.248722058594,False
H_AF_domain,15.0,364,8.26756320003468,False
H_AF_domain,15.0,365,8.27204631853323,False
H_AF_domain,15.0,366,8.296193687703735,False
H_AF_domain,15.0,367,8.338653829572078,False
H_AF_domain,15.0,368,8.39172437438694,False
H_AF_domain,15.0,369,8.432201099923573,False
H_AF_domain,15.0,370,8.43891325681454,False
H_AF_domain,15.0,371,8.467671167224845,False
H_AF_domain,15.0,372,8.486584651452043,False
H_AF_domain,15.0,373,8.501310358707402,False
H_AF_domain,15.0,374,8.512745722234296,False
H_AF_domain,15.0,375,8.543532893374483,False
H_AF_domain,15.0,376,8.547448024228169,False
H_AF_domain,15.0,377,8.584048232623788,False
H_AF_domain,15.0,378,8.59001676123735,False
H_AF_domain,15.0,379,8.604337711220904,False
H_AF_domain,15.0,380,8.639427724234304,False
H_AF_domain,15.0,381,8.644575862779801,False
H_AF_domain,15.0,382,8.657579429986574,False
H_AF_domain,15.0,383,8.69136621708039,False
H_AF_domain,15.0,384,8.714279920199292,False
H_AF_domain,15.0,385,8.719261627739327,False
H_AF_domain,15.0,386,8.763296612758028,False
H_AF_domain,15.0,387,8.785882253515613,False
H_AF_domain,15.0,388,8.80217759804136,False
H_AF_domain,15.0,389,8.822350948702258,False
H_AF_domain,15.0,390,8.862739855913285,False
H_AF_domain,15.0,391,8.869450844326671,False
H_AF_domain,15.0,392,8.877742795331962,False
H_AF_domain,15.0,393,8.919703839434142,False
H_AF_domain,15.0,394,8.93838173000703,False
H_AF_domain,15.0,395,8.950254644965316,False
H_AF_domain,15.0,396,8.955243491595379,False
H_AF_domain,15.0,397,8.986412927192461,False
H_AF_domain,15.0,398,8.99932210579233,False
H_AF_domain,15.0,399,9.009314809796399,False
H_AF_domain,15.0,400,9.034929125468983,False
H_AF_domain,15.0,401,9.052621836077147,False
H_AF_domain,15.0,402,9.062657920837669,False
H_AF_domain,15.0,403,9.067703457948102,False
H_AF_domain,15.0,404,9.089700930451187,False
H_AF_domain,15.0,405,9.114106647652445,False
H_AF_domain,15.0,406,9.115889908626086,False
H_AF_domain,15.0,407,9.130257519005026,False
H_AF_domain,15.0,408,9.155261387896541,False
H_AF_domain,15.0,409,9.168020632000571,False
H_AF_domain,15.0,410,9.181889083296108,False
H_AF_domain,15.0,411,9.186282978332093,False
H_AF_domain,15.0,412,9.202923883694693,False
H_AF_domain,15.0,413,9.222231463056227,False
H_AF_domain,15.0,414,9.260295502399684,False
H_AF_domain,15.0,415,9.267037786168824,False
H_AF_domain,15.0,416,9.280393112874016,False
H_AF_domain,15.0,417,9.3117705295245,False
H_AF_domain,15.0,418,9.32068774335165,False
H_AF_domain,15.0,419,9.333910925082684,False
H_AF_domain,15.0,420,9.345886264716308,False
H_AF_domain,15.0,421,9.36685400455284,False
H_AF_domain,15.0,422,9.378111650860705,False
H_AF_domain,15.0,423,9.39188559720693,False
H_AF_domain,15.0,424,9.402660550851584,False
H_AF_domain,15.0,425,9.432038147427692,False
H_AF_domain,15.0,426,9.446543579131705,False
H_AF_domain,15.0,427,9.46008817431211,False
H_AF_domain,15.0,428,9.468802536877547,False
H_AF_domain,15.0,429,9.492596803847169,False
H_AF_domain,15.0,430,9.509377530011227,False
H_AF_domain,15.0,431,9.530486463711553,False
H_AF_domain,15.0,432,9.546432886264947,False
H_AF_domain,15.0,433,9.554995201561223,False
H_AF_domain,15.0,434,9.56712766148092,False
H_AF_domain,15.0,435,9.591143324115468,False
H_AF_domain,15.0,436,9.60322256043091,False
H_AF_domain,15.0,437,9.612850163070828,False
H_AF_domain,15.0,438,9.637961772087856,False
H_AF_domain,15.0,439,9.65321695452679,False
H_AF_domain,15.0,440,9.658320699765595,False
H_AF_domain,15.0,441,9.670687464389655,False
H_AF_domain,15.0,442,9.697647866012229,False
H_AF_domain,15.0,443,9.712437524561667,False
H_AF_domain,15.0,444,9.732943705023809,False
H_AF_domain,15.0,445,9.739501056128978,False
H_AF_domain,15.0,446,9.752628787190345,False
H_AF_domain,15.0,447,9.763429783157,False
H_AF_domain,15.0,448,9.783019309603494,False
H_AF_domain,15.0,449,9.793016186600399,False
H_AF_domain,15.0,450,9.814480580161401,False
H_AF_domain,15.0,451,9.823814541501356,False
H_AF_domain,15.0,452,9.837814352736482,False
H_AF_domain,15.0,453,9.843219221851164,False
H_AF_domain,15.0,454,9.86368813922256,False
H_AF_domain,15.0,455,9.871513808189786,False
H_AF_domain,15.0,456,9.879715285425215,False
H_AF_domain,15.0,457,9.894678055422197,False
H_AF_domain,15.0,458,9.911808820331961,False
H_AF_domain,15.0,459,9.924682300300578,False
H_AF_domain,15.0,460,9.928033242319561,False
H_AF_domain,15.0,461,9.944601109768781,False
H_AF_domain,15.0,462,9.95327961715376,False
H_AF_domain,15.0,463,9.96667186566304,False
H_AF_domain,15.0,464,9.97785775480022,False
H_AF_domain,15.0,465,9.989471539385626,False
H_AF_domain,15.0,466,10.010151913314973,False
H_AF_domain,15.0,467,10.025784008657544,False
H_AF_domain,15.0,468,10.045823316398065,False
H_AF_domain,15.0,469,10.052242918190307,False
H_AF_domain,15.0,470,10.085213710288253,False
H_AF_domain,15.0,471,10.094036132974505,False
H_AF_domain,15.0,472,10.118623404863055,False
H_AF_domain,15.0,473,10.129180839053978,False
H_AF_domain,15.0,474,10.137542825773474,False
H_AF_domain,15.0,475,10.160471081593908,False
H_AF_domain,15.0,476,10.176648275241316,False
H_AF_domain,15.0,477,10.204215413262894,False
H_AF_domain,15.0,478,10.21237399786801,False
H_AF_domain,15.0,479,10.216412361962188,False
H_AF_domain,15.0,480,10.232118417317272,False
H_AF_domain,15.0,481,10.24648918404514,False
H_AF_domain,15.0,482,10.263179145735034,False
H_AF_domain,15.0,483,10.268547217693655,False
H_AF_domain,15.0,484,10.29429878146039,False
H_AF_domain,15.0,485,10.311753705450696,False
H_AF_domain,15.0,486,10.320785099043318,False
H_AF_domain,15.0,487,10.336295284938618,False
H_AF_domain,15.0,488,10.33852526591611,False
H_AF_domain,15.0,489,10.360585524079521,False
H_AF_domain,15.0,490,10.365394345306349,False
H_AF_domain,15.0,491,10.378446192392463,False
H_AF_domain,15.0,492,10.395058288644536,False
H_AF_domain,15.0,493,10.396568092193597,False
H_AF_domain,15.0,494,10.408902841275026,False
H_AF_domain,15.0,495,10.433868886233876,False
H_AF_domain,15.0,496,10.440301366209484,False
H_AF_domain,15.0,497,10.450779382550857,False
H_AF_domain,15.0,498,10.46471328610532,False
H_AF_domain,15.0,499,10.482819321836585,False
H_AF_domain,15.0,500,10.490687480713978,False
H_AF_domain,15.0,501,10.506211425414614,False
H_AF_domain,15.0,502,10.517261269629918,False
H_AF_domain,15.0,503,10.525174196423164,False
H_AF_domain,15.0,504,10.537525090278951,False
H_AF_domain,15.0,505,10.561399117190827,False
H_AF_domain,15.0,506,10.582021409220717,False
H_AF_domain,15.0,507,10.596854549135852,False
H_AF_domain,15.0,508,10.613150714303536,False
H_AF_domain,15.0,509,10.624495619875754,False
H_AF_domain,15.0,510,10.63435482214521,False
H_AF_domain,15.0,511,10.647878206791358,False
H_AF_domain,15.0,512,10.663488829403692,False
H_AF_domain,15.0,513,10.670696839620314,False
H_AF_domain,15.0,514,10.681677263403351,False
H_AF_domain,15.0,515,10.693769349135778,False
H_AF_domain,15.0,516,10.69988540490061,False
H_AF_domain,15.0,517,10.727420276360021,False
H_AF_domain,15.0,518,10.742263422404063,False
H_AF_domain,15.0,519,10.7653312367681,False
H_AF_domain,15.0,520,10.77172658571062,False
H_AF_domain,15.0,521,10.776069580538836,False
H_AF_domain,15.0,522,10.805188593325457,False
H_AF_domain,15.0,523,10.820716078966118,False
H_AF_domain,15.0,524,10.823289286977568,False
H_AF_domain,15.0,525,10.83914223075586,False
H_AF_domain,15.0,526,10.853062615673366,False
H_AF_domain,15.0,527,10.866946865611354,False
H_AF_domain,15.0,528,10.874561525470593,False
H_AF_domain,15.0,529,10.892831466959654,False
H_AF_domain,15.0,530,10.901767933225686,False
H_AF_domain,15.0,531,10.91028206945354,False
H_AF_domain,15.0,532,10.919048326798947,False
H_AF_domain,15.0,533,10.937557804243605,False
H_AF_domain,15.0,534,10.954001562689664,False
H_AF_domain,15.0,535,10.957784944788456,False
H_AF_domain,15.0,536,10.975121177604683,False
H_AF_domain,15.0,537,10.992436260643284,False
H_AF_domain,15.0,538,11.0204989144962,False
H_AF_domain,15.0,539,11.026299371711124,False
H_AF_domain,15.0,540,11.03827199997692,False
H_AF_domain,15.0,541,11.052020320831195,False
H_AF_domain,15.0,542,11.077345064787574,False
H_AF_domain,15.0,543,11.102702424938206,False
H_AF_domain,15.0,544,11.115956529047267,False
H_AF_domain,15.0,545,11.135380307769472,False
H_AF_domain,15.0,546,11.145510114316346,False
H_AF_domain,15.0,547,11.167099541955352,False
H_AF_domain,15.0,548,11.180422788701943,False
H_AF_domain,15.0,549,11.202947525293268,False
H_AF_domain,15.0,550,11.205746905030399,False
H_AF_domain,15.0,551,11.213632045512416,False
H_AF_domain,15.0,552,11.224384823943003,False
H_AF_domain,15.0,553,11.23398003263528,False
H_AF_domain,15.0,554,11.252957765618005,False
H_AF_domain,15.0,555,11.255558749098123,False
H_AF_domain,15.0,556,11.267942057120516,False
H_AF_domain,15.0,557,11.280157001386621,False
H_AF_domain,15.0,558,11.28316070843334,False
H_AF_domain,15.0,559,11.295641918136663,False
H_AF_domain,15.0,560,11.299907073213882,False
H_AF_domain,15.0,561,11.307510111964975,False
H_AF_domain,15.0,562,11.3128638056481,False
H_AF_domain,15.0,563,11.330017818837954,False
H_AF_domain,15.0,564,11.335640927053332,False
H_AF_domain,15.0,565,11.365518607973112,False
H_AF_domain,15.0,566,11.371875821661765,False
H_AF_domain,15.0,567,11.37765618688988,False
H_AF_domain,15.0,568,11.399295608643714,False
H_AF_domain,15.0,569,11.404663613761572,False
H_AF_domain,15.0,570,11.41846984584494,False
H_AF_domain,15.0,571,11.432739106631942,False
H_AF_domain,15.0,572,11.451214549504408,False
H_AF_domain,15.0,573,11.465762422398393,False
H_AF_domain,15.0,574,11.487475676540502,False
H_AF_domain,15.0,575,11.497961964649711,False
H_AF_domain,15.0,576,11.503125712351855,False
H_AF_domain,15.0,577,11.535451165040218,False
H_AF_domain,15.0,578,11.547178131429677,False
H_AF_domain,15.0,579,11.563751103326258,False
H_AF_domain,15.0,580,11.573939531642488,False
H_AF_domain,15.0,581,11.584211639002193,False
H_AF_domain,15.0,582,11.599229062661655,False
H_AF_domain,15.0,583,11.602834704422706,False
H_AF_domain,15.0,584,11.617118476169342,False
H_AF_domain,15.0,585,11.63717236766834,False
H_AF_domain,15.0,586,11.643186004690557,False
H_AF_domain,15.0,587,11.65220783953105,False
H_AF_domain,15.0,588,11.67827697924494,False
H_AF_domain,15.0,589,11.690225493387128,False
H_AF_domain,15.0,590,11.708429782572905,False
H_AF_domain,15.0,591,11.717720679635,False
H_AF_domain,15.0,592,11.73360922594576,False
H_AF_domain,15.0,593,11.768013176875913,False
H_AF_domain,15.0,594,11.77455081688271,False
H_AF_domain,15.0,595,11.782087912858445,False
H_AF_domain,15.0,596,11.792953581568126,False
H_AF_domain,15.0,597,11.819859608437636,False
H_AF_domain,15.0,598,11.82574439782182,False
H_AF_domain,15.0,599,11.832723312379994,False
H_AF_domain,15.0,600,11.848132154725048,False
H_AF_domain,15.0,601,11.854281150277668,False
H_AF_domain,15.0,602,11.871520917442936,False
H_AF_domain,15.0,603,11.884684120335953,False
H_AF_domain,15.0,604,11.891985614686046,False
H_AF_domain,15.0,605,11.902446144730535,False
H_AF_domain,15.0,606,11.910901275755245,False
H_AF_domain,15.0,607,11.943551225046498,False
H_AF_domain,15.0,608,11.949598169978554,False
H_AF_domain,15.0,609,11.958481201088748,False
H_AF_domain,15.0,610,11.977485575203644,False
H_AF_domain,15.0,611,12.00751857140186,False
H_AF_domain,15.0,612,12.029693262457815,False
H_AF_domain,15.0,613,12.039523537314604,False
H_AF_domain,15.0,614,12.043428591459735,False
H_AF_domain,15.0,615,12.050501796533165,False
H_AF_domain,15.0,616,12.070164029079125,False
H_AF_domain,15.0,617,12.080084379577746,False
H_AF_domain,15.0,618,12.095835471257155,False
H_AF_domain,15.0,619,12.100613020583179,False
H_AF_domain,15.0,620,12.128712362629935,False
H_AF_domain,15.0,621,12.134521133843041,False
H_AF_domain,15.0,622,12.16891275137053,False
H_AF_domain,15.0,623,12.180609013193804,False
H_AF_domain,15.0,624,12.190658075698538,False
H_AF_domain,15.0,625,12.231370784688682,False
H_AF_domain,15.0,626,12.236863807274682,False
H_AF_domain,15.0,627,12.24474995146672,False
H_AF_domain,15.0,628,12.256237824142694,False
H_AF_domain,15.0,629,12.261804848822743,False
H_AF_domain,15.0,630,12.280172868355578,False
H_AF_domain,15.0,631,12.29267624235088,False
H_AF_domain,15.0,632,12.314580448622623,False
H_AF_domain,15.0,633,12.318877798986412,False
H_AF_domain,15.0,634,12.334620931578003,False
H_AF_domain,15.0,635,12.345468219040141,False
H_AF_domain,15.0,636,12.371160272188929,False
H_AF_domain,15.0,637,12.381476057779562,False
H_AF_domain,15.0,638,12.396608525663439,False
H_AF_domain,15.0,639,12.42401792154968,False
H_AF_domain,15.0,640,12.438533299333997,False
H_AF_domain,15.0,641,12.446688154833033,False
H_AF_domain,15.0,642,12.462847704264423,False
H_AF_domain,15.0,643,12.473398260102504,False
H_AF_domain,15.0,644,12.481294312480646,False
H_AF_domain,15.0,645,12.494496372904681,False
H_AF_domain,15.0,646,12.514796333818275,False
H_AF_domain,15.0,647,12.524403137793724,False
H_AF_domain,15.0,648,12.52583012674358,False
H_AF_domain,15.0,649,12.567179014719027,False
H_AF_domain,15.0,650,12.576459277606004,False
H_AF_domain,15.0,651,12.586441503737108,False
H_AF_domain,15.0,652,12.599485312679931,False
H_AF_domain,15.0,653,12.61461667950618,False
H_AF_domain,15.0,654,12.626166458921245,False
H_AF_domain,15.0,655,12.638647069388362,False
H_AF_domain,15.0,656,12.648925434902944,False
H_AF_domain,15.0,657,12.65173366415621,False
H_AF_domain,15.0,658,12.665924332836433,False
H_AF_domain,15.0,659,12.679096963751066,False
H_AF_domain,15.0,660,12.704462344477188,False
H_AF_domain,15.0,661,12.709325677235027,False
H_AF_domain,15.0,662,12.725827974804123,False
H_AF_domain,15.0,663,12.73826458121712,False
H_AF_domain,15.0,664,12.755358653390202,False
H_AF_domain,15.0,665,12.773165640791893,False
H_AF_domain,15.0,666,12.800291186953345,False
H_AF_domain,15.0,667,12.810665665330346,False
H_AF_domain,15.0,668,12.82112947451372,False
H_AF_domain,15.0,669,12.829254054699545,False
H_AF_domain,15.0,670,12.841129024755638,False
H_AF_domain,15.0,671,12.85704355610276,False
H_AF_domain,15.0,672,12.877523217718455,False
H_AF_domain,15.0,673,12.882273803375941,False
H_AF_domain,15.0,674,12.892021235495465,False
H_AF_domain,15.0,675,12.915485136135834,False
H_AF_domain,15.0,676,12.929447389049292,False
H_AF_domain,15.0,677,12.946625232838116,False
H_AF_domain,15.0,678,12.95612577741511,False
H_AF_domain,15.0,679,12.977566361636631,False
H_AF_domain,15.0,680,12.983514862253802,False
H_AF_domain,15.0,681,13.000706083684403,False
H_AF_domain,15.0,682,13.009917545856926,False
H_AF_domain,15.0,683,13.021337859731137,False
H_AF_domain,15.0,684,13.028591914627837,False
H_AF_domain,15.0,685,13.062091353875994,False
H_AF_domain,15.0,686,13.070769355772798,False
H_AF_domain,15.0,687,13.087689720056124,False
H_AF_domain,15.0,688,13.096221882306756,False
H_AF_domain,15.0,689,13.122531181717592,False
H_AF_domain,15.0,690,13.12890504583169,False
H_AF_domain,15.0,691,13.16257033539167,False
H_AF_domain,15.0,692,13.173859295922485,False
H_AF_domain,15.0,693,13.185943352693895,False
H_AF_domain,15.0,694,13.193616975273162,False
H_AF_domain,15.0,695,13.202177341162148,False
H_AF_domain,15.0,696,13.20890932825582,False
H_AF_domain,15.0,697,13.210627161409581,False
H_AF_domain,15.0,698,13.25333347428494,False
H_AF_domain,15.0,699,13.260192580706988,False
H_AF_domain,15.0,700,13.26909126036903,False
H_AF_domain,15.0,701,13.273886371564986,False
H_AF_domain,15.0,702,13.280192592556924,False
H_AF_domain,15.0,703,13.308759574168025,False
H_AF_domain,15.0,704,13.317050173839387,False
H_AF_domain,15.0,705,13.33879990516379,False
H_AF_domain,15.0,706,13.35334664816157,False
H_AF_domain,15.0,707,13.376365389507548,False
H_AF_domain,15.0,708,13.378678908429492,False
H_AF_domain,15.0,709,13.382217486801904,False
H_AF_domain,15.0,710,13.395149526288895,False
H_AF_domain,15.0,711,13.413732297495898,False
H_AF_domain,15.0,712,13.421141986670186,False
H_AF_domain,15.0,713,13.436632438058092,False
H_AF_domain,15.0,714,13.452219134304578,False
H_AF_domain,15.0,715,13.470098835411038,False
H_AF_domain,15.0,716,13.477234591907145,False
H_AF_domain,15.0,717,13.492918108558843,False
H_AF_domain,15.0,718,13.503840058173777,False
H_AF_domain,15.0,719,13.513468961054299,False
H_AF_domain,15.0,720,13.530316262167455,False
H_AF_domain,15.0,721,13.55051072009587,False
H_AF_domain,15.0,722,13.55918006251653,False
H_AF_domain,15.0,723,13.559807970898078,False
H_AF_domain,15.0,724,13.583302773377264,False
H_AF_domain,15.0,725,13.587850553752341,False
H_AF_domain,15.0,726,13.59335968164154,False
H_AF_domain,15.0,727,13.61537471992984,False
H_AF_domain,15.0,728,13.636606947537636,False
H_AF_domain,15.0,729,13.646223586907588,False
H_AF_domain,15.0,730,13.676284703619794,False
H_AF_domain,15.0,731,13.682033795325081,False
H_AF_domain,15.0,732,13.702363180260203,False
H_AF_domain,15.0,733,13.707618070316897,False
H_AF_domain,15.0,734,13.715732706813112,False
H_AF_domain,15.0,735,13.732967965599304,False
H_AF_domain,15.0,736,13.744306223041455,False
H_AF_domain,15.0,737,13.755725924221196,False
H_AF_domain,15.0,738,13.77288406227033,False
H_AF_domain,15.0,739,13.788488474156514,False
H_AF_domain,15.0,740,13.803457889979807,False
H_AF_domain,15.0,741,13.827580941308682,False
H_AF_domain,15.0,742,13.837472836746848,False
H_AF_domain,15.0,743,13.856245411948327,False
H_AF_domain,15.0,744,13.862495745014204,False
H_AF_domain,15.0,745,13.8788909538168,False
H_AF_domain,15.0,746,13.898623473522429,False
H_AF_domain,15.0,747,13.910840406868923,False
H_AF_domain,15.0,748,13.911117369416347,False
H_AF_domain,15.0,749,13.927303118148096,False
H_AF_domain,15.0,750,13.938955716439068,False
H_AF_domain,15.0,751,13.947899275426478,False
H_AF_domain,15.0,752,13.973471278214374,False
H_AF_domain,15.0,753,13.984526973392242,False
H_AF_domain,15.0,754,13.987401265180804,False
H_AF_domain,15.0,755,14.014088414231692,False
H_AF_domain,15.0,756,14.021799845742576,False
H_AF_domain,15.0,757,14.027951561973508,False
H_AF_domain,15.0,758,14.037384746562104,False
H_AF_domain,15.0,759,14.057684199603171,False
H_AF_domain,15.0,760,14.073964945126209,False
H_AF_domain,15.0,761,14.082807235610758,False
H_AF_domain,15.0,762,14.098172381265265,False
H_AF_domain,15.0,763,14.116710606738193,False
H_AF_domain,15.0,764,14.130338796841944,False
H_AF_domain,15.0,765,14.1609969281199,False
H_AF_domain,15.0,766,14.16548279257702,False
H_AF_domain,15.0,767,14.170220749381487,False
H_AF_domain,15.0,768,14.175723178827482,False
H_AF_domain,15.0,769,14.204223241309268,False
H_AF_domain,15.0,770,14.211958529945925,False
H_AF_domain,15.0,771,14.223871025694498,False
H_AF_domain,15.0,772,14.241346396364495,False
H_AF_domain,15.0,773,14.24681703041521,False
H_AF_domain,15.0,774,14.260632014866612,False
H_AF_domain,15.0,775,14.267856826968474,False
H_AF_domain,15.0,776,14.278278840408328,False
H_AF_domain,15.0,777,14.28738806165641,False
H_AF_domain,15.0,778,14.30705992704069,False
H_AF_domain,15.0,779,14.312471771599071,False
H_AF_domain,15.0,780,14.340250209275249,False
H_AF_domain,15.0,781,14.355645789352229,False
H_AF_domain,15.0,782,14.37622502909587,False
H_AF_domain,15.0,783,14.384474345647073,False
H_AF_domain,15.0,784,14.398429953928304,False
H_AF_domain,15.0,785,14.419314699450466,False
H_AF_domain,15.0,786,14.432622191384887,False
H_AF_domain,15.0,787,14.437774943161541,False
H_AF_domain,15.0,788,14.44745678115285,False
H_AF_domain,15.0,789,14.477396332507835,False
H_AF_domain,15.0,790,14.487959546073432,False
H_AF_domain,15.0,791,14.498212101291088,False
H_AF_domain,15.0,792,14.51281544333171,False
H_AF_domain,15.0,793,14.532019354876917,False
H_AF_domain,15.0,794,14.54623913455386,False
H_AF_domain,15.0,795,14.554980467785175,False
H_AF_domain,15.0,796,14.577036103228357,False
H_AF_domain,15.0,797,14.591030361901803,False
H_AF_domain,15.0,798,14.593847609313826,False
H_AF_domain,15.0,799,14.609731386673532,False
H_AF_domain,15.0,800,14.62001389228645,False
H_AF_domain,15.0,801,14.635197983651874,False
H_AF_domain,15.0,802,14.640104829591673,False
H_AF_domain,15.0,803,14.659399451244278,False
H_AF_domain,15.0,804,14.664116472235753,False
H_AF_domain,15.0,805,14.68449978749825,False
H_AF_domain,15.0,806,14.69996027150408,False
H_AF_domain,15.0,807,14.705187762415207,False
H_AF_domain,15.0,808,14.714979693227543,False
H_AF_domain,15.0,809,14.738807123097107,False
H_AF_domain,15.0,810,14.746676779829375,False
H_AF_domain,15.0,811,14.761164389369865,False
H_AF_domain,15.0,812,14.788401381312159,False
H_AF_domain,15.0,813,14.793360745319506,False
H_AF_domain,15.0,814,14.800767723337263,False
H_AF_domain,15.0,815,14.82016334531502,False
H_AF_domain,15.0,816,14.830039229284507,False
H_AF_domain,15.0,817,14.8492138478181,False
H_AF_domain,15.0,818,14.87285954896458,False
H_AF_domain,15.0,819,14.888357954715202,False
H_AF_domain,15.0,820,14.900260967351052,False
H_AF_domain,15.0,821,14.912895410742223,False
H_AF_domain,15.0,822,14.932184613865441,False
H_AF_domain,15.0,823,14.935842214601816,False
H_AF_domain,15.0,824,14.939620070560567,False
H_AF_domain,15.0,825,14.948459132232212,False
H_AF_domain,15.0,826,14.958218715335214,False
H_AF_domain,15.0,827,14.979191317117351,False
H_AF_domain,15.0,828,14.987372230090777,False
H_AF_domain,15.0,829,14.993349553354333,False
H_AF_domain,15.0,830,14.999661052361937,False
H_AF_domain,15.0,831,15.00741120639358,False
H_AF_domain,15.0,832,15.025410425614254,False
H_AF_domain,15.0,833,15.056258804303061,False
H_AF_domain,15.0,834,15.072587050889458,False
H_AF_domain,15.0,835,15.082086273551178,False
H_AF_domain,15.0,836,15.094191012765217,False
H_AF_domain,15.0,837,15.105932407881383,False
H_AF_domain,15.0,838,15.129853215634927,False
H_AF_domain,15.0,839,15.135722298954915,False
H_AF_domain,15.0,840,15.151412183771557,False
H_AF_domain,15.0,841,15.168205205210526,False
H_AF_domain,15.0,842,15.173943936600894,False
H_AF_domain,15.0,843,15.183937823708149,False
H_AF_domain,15.0,844,15.204828990673935,False
H_AF_domain,15.0,845,15.213739902906298,False
H_AF_domain,15.0,846,15.21879246048409,False
H_AF_domain,15.0,847,15.230404891936931,False
H_AF_domain,15.0,848,15.241453532271894,False
H_AF_domain,15.0,849,15.256156838421695,False
H_AF_domain,15.0,850,15.27227258851275,False
H_AF_domain,15.0,851,15.28425742319392,False
H_AF_domain,15.0,852,15.295021716807272,False
H_AF_domain,15.0,853,15.311866097721953,False
H_AF_domain,15.0,854,15.326876151713982,False
H_AF_domain,15.0,855,15.33577641127973,False
H_AF_domain,15.0,856,15.346066044923822,False
H_AF_domain,15.0,857,15.35228338160793,False
H_AF_domain,15.0,858,15.360071010693098,False
H_AF_domain,15.0,859,15.365117529866678,False
H_AF_domain,15.0,860,15.399542306215073,False
H_AF_domain,15.0,861,15.421324693301068,False
H_AF_domain,15.0,862,15.42900467880988,False
H_AF_domain,15.0,863,15.435753252737054,False
H_AF_domain,15.0,864,15.448676824746531,False
H_AF_domain,15.0,865,15.465183838907604,False
H_AF_domain,15.0,866,15.476419402246021,False
H_AF_domain,15.0,867,15.486489717344616,False
H_AF_domain,15.0,868,15.490382508650388,False
H_AF_domain,15.0,869,15.500522670533995,False
H_AF_domain,15.0,870,15.514303006211923,False
H_AF_domain,15.0,871,15.520763752068694,False
H_AF_domain,15.0,872,15.54582220751546,False
H_AF_domain,15.0,873,15.558917305444732,False
H_AF_domain,15.0,874,15.566542067680643,False
H_AF_domain,15.0,875,15.582352995440347,False
H_AF_domain,15.0,876,15.599456419989629,False
H_AF_domain,15.0,877,15.609234488753934,False
H_AF_domain,15.0,878,15.633500258389319,False
H_AF_domain,15.0,879,15.64213220208241,False
H_AF_domain,15.0,880,15.648223719366925,False
H_AF_domain,15.0,881,15.668987647856428,False
H_AF_domain,15.0,882,15.672741753611723,False
H_AF_domain,15.0,883,15.676100021023755,False
H_AF_domain,15.0,884,15.690383524771814,False
H_AF_domain,15.0,885,15.70127101066421,False
H_AF_domain,15.0,886,15.718309601339778,False
H_AF_domain,15.0,887,15.734035592246054,False
H_AF_domain,15.0,888,15.739565034435,False
H_AF_domain,15.0,889,15.755332930199634,False
H_AF_domain,15.0,890,15.762922356703934,False
H_AF_domain,15.0,891,15.774497454368042,False
H_AF_domain,15.0,892,15.784472516827256,False
H_AF_domain,15.0,893,15.811890936938122,False
H_AF_domain,15.0,894,15.81556794738581,False
H_AF_domain,15.0,895,15.835660305904012,False
H_AF_domain,15.0,896,15.856634634799498,False
H_AF_domain,15.0,897,15.861114765247626,False
H_AF_domain,15.0,898,15.863946610408014,False
H_AF_domain,15.0,899,15.88244072758958,False
H_AF_domain,15.0,900,15.887318485582284,False
H_AF_domain,15.0,901,15.893810837031959,False
H_AF_domain,15.0,902,15.927820068226023,False
H_AF_domain,15.0,903,15.942253314749086,False
H_AF_domain,15.0,904,15.95741278086821,False
H_AF_domain,15.0,905,15.962940102414015,False
H_AF_domain,15.0,906,15.978737734977683,False
H_AF_domain,15.0,907,15.987409295078285,False
H_AF_domain,15.0,908,16.003258577224933,False
H_AF_domain,15.0,909,16.03985745151135,False
H_AF_domain,15.0,910,16.04432418886184,False
H_AF_domain,15.0,911,16.05789770765538,False
H_AF_domain,15.0,912,16.090393779749814,False
H_AF_domain,15.0,913,16.094435364281296,False
H_AF_domain,15.0,914,16.101152445095785,False
H_AF_domain,15.0,915,16.108148552880007,False
H_AF_domain,15.0,916,16.130549108206637,False
H_AF_domain,15.0,917,16.146159952757266,False
H_AF_domain,15.0,918,16.153383404600692,False
H_AF_domain,15.0,919,16.16024429480631,False
H_AF_domain,15.0,920,16.188948212962483,False
H_AF_domain,15.0,921,16.196832173929007,False
H_AF_domain,15.0,922,16.203093682515064,False
H_AF_domain,15.0,923,16.23323612181479,False
H_AF_domain,15.0,924,16.23545974594245,False
H_AF_domain,15.0,925,16.25033072219512,False
H_AF_domain,15.0,926,16.277556350809512,False
H_AF_domain,15.0,927,16.285634848818816,False
H_AF_domain,15.0,928,16.292509235832807,False
H_AF_domain,15.0,929,16.295642928523993,False
H_AF_domain,15.0,930,16.311436267785265,False
H_AF_domain,15.0,931,16.328557309488627,False
H_AF_domain,15.0,932,16.342512219544865,False
H_AF_domain,15.0,933,16.357633240249722,False
H_AF_domain,15.0,934,16.360927849800305,False
H_AF_domain,15.0,935,16.389252692827245,False
H_AF_domain,15.0,936,16.399380346208552,False
H_AF_domain,15.0,937,16.411130938603495,False
H_AF_domain,15.0,938,16.423888283027974,False
H_AF_domain,15.0,939,16.449470995815982,False
H_AF_domain,15.0,940,16.46055392516232,False
H_AF_domain,15.0,941,16.479141442080163,False
H_AF_domain,15.0,942,16.490061415208814,False
H_AF_domain,15.0,943,16.5104564123157,False
H_AF_domain,15.0,944,16.52012147578167,False
H_AF_domain,15.0,945,16.536021925574797,False
H_AF_domain,15.0,946,16.550524864222048,False
H_AF_domain,15.0,947,16.56792873859072,False
H_AF_domain,15.0,948,16.582839726852406,False
H_AF_domain,15.0,949,16.602717540213256,False
H_AF_domain,15.0,950,16.606949919541442,False
H_AF_domain,15.0,951,16.621961785943427,False
H_AF_domain,15.0,952,16.63802382785537,False
H_AF_domain,15.0,953,16.652619294062546,False
H_AF_domain,15.0,954,16.657308883856984,False
H_AF_domain,15.0,955,16.66126116724339,False
H_AF_domain,15.0,956,16.673969662257402,False
H_AF_domain,15.0,957,16.686011580860953,False
H_AF_domain,15.0,958,16.702049348569613,False
H_AF_domain,15.0,959,16.719889610056864,False
H_AF_domain,15.0,960,16.724700226209244,False
H_AF_domain,15.0,961,16.75691027899219,False
H_AF_domain,15.0,962,16.77786963571785,False
H_AF_domain,15.0,963,16.789376137972273,False
H_AF_domain,15.0,964,16.81140431890543,False
H_AF_domain,15.0,965,16.82332952147737,False
H_AF_domain,15.0,966,16.841503539023947,False
H_AF_domain,15.0,967,16.841849173794692,False
H_AF_domain,15.0,968,16.85867948492185,False
H_AF_domain,15.0,969,16.868918437994335,False
H_AF_domain,15.0,970,16.879930925952216,False
H_AF_domain,15.0,971,16.895881194276768,False
H_AF_domain,15.0,972,16.914408168927277,False
H_AF_domain,15.0,973,16.928575817885914,False
H_AF_domain,15.0,974,16.93742933148429,False
H_AF_domain,15.0,975,16.949131666450924,False
H_AF_domain,15.0,976,16.961667826182314,False
H_AF_domain,15.0,977,16.971748787057443,False
H_AF_domain,15.0,978,16.988171222397337,False
H_AF_domain,15.0,979,17.003372240191542,False
H_AF_domain,15.0,980,17.022423135782603,False
H_AF_domain,15.0,981,17.02585307191986,False
H_AF_domain,15.0,982,17.043804467715407,False
H_AF_domain,15.0,983,17.04921482694049,False
H_AF_domain,15.0,984,17.07355914829745,False
H_AF_domain,15.0,985,17.084182594453107,False
H_AF_domain,15.0,986,17.08765898326666,False
H_AF_domain,15.0,987,17.110716111400468,False
H_AF_domain,15.0,988,17.12121605282314,False
H_AF_domain,15.0,989,17.15609786523249,False
H_AF_domain,15.0,990,17.158660324281147,False
H_AF_domain,15.0,991,17.16970619398108,False
H_AF_domain,15.0,992,17.20512588513798,False
H_AF_domain,15.0,993,17.209967954081385,False
H_AF_domain,15.0,994,17.219052793451663,False
H_AF_domain,15.0,995,17.221362416180117,False
H_AF_domain,15.0,996,17.248192239456152,False
H_AF_domain,15.0,997,17.26414503656814,False
H_AF_domain,15.0,998,17.279801603397953,False
H_AF_domain,15.0,999,17.287982315510394,False
H_AF_domain,15.0,1000,17.298642829575304,False
H_AF_domain,15.0,1001,17.314095585904642,False
H_AF_domain,15.0,1002,17.32261931892372,False
H_AF_domain,15.0,1003,17.3303303836532,False
H_AF_domain,15.0,1004,17.349857983778644,False
H_AF_domain,15.0,1005,17.36095264903607,False
H_AF_domain,15.0,1006,17.385805647783666,False
H_AF_domain,15.0,1007,17.390001020815006,False
H_AF_domain,15.0,1008,17.40834320208215,False
H_AF_domain,15.0,1009,17.43940088143775,False
H_AF_domain,15.0,1010,17.45544321705542,False
H_AF_domain,15.0,1011,17.4639361483681,False
H_AF_domain,15.0,1012,17.473142302918163,False
H_AF_domain,15.0,1013,17.492206573765674,False
H_AF_domain,15.0,1014,17.50573610857818,False
H_AF_domain,15.0,1015,17.516332829534704,False
H_AF_domain,15.0,1016,17.52057368843686,False
H_AF_domain,15.0,1017,17.53441204946981,False
H_AF_domain,15.0,1018,17.556714542917472,False
H_AF_domain,15.0,1019,17.562585531377742,False
H_AF_domain,15.0,1020,17.578713760546584,False
H_AF_domain,15.0,1021,17.6035752129723,False
H_AF_domain,15.0,1022,17.623099116050557,False
H_AF_domain,15.0,1023,17.633275495017088,False
H_AF_domain,15.0,1024,17.64047705949849,False
H_AF_domain,15.0,1025,17.664501649991045,False
H_AF_domain,15.0,1026,17.674940867236106,False
H_AF_domain,15.0,1027,17.68878053018974,False
H_AF_domain,15.0,1028,17.702392324202712,False
H_AF_domain,15.0,1029,17.736325614548058,False
H_AF_domain,15.0,1030,17.743619452100194,False
H_AF_domain,15.0,1031,17.76415131191996,False
H_AF_domain,15.0,1032,17.7746770962897,False
H_AF_domain,15.0,1033,17.788391404512286,False
H_AF_domain,15.0,1034,17.809577172265424,False
H_AF_domain,15.0,1035,17.818084489711904,False
H_AF_domain,15.0,1036,17.831869387230682,False
H_AF_domain,15.0,1037,17.83745236791324,False
H_AF_domain,15.0,1038,17.85814004436026,False
H_AF_domain,15.0,1039,17.87072780988543,False
H_AF_domain,15.0,1040,17.881960764785447,False
H_AF_domain,15.0,1041,17.902931362757357,False
H_AF_domain,15.0,1042,17.913391863037283,False
H_AF_domain,15.0,1043,17.91741952391288,False
H_AF_domain,15.0,1044,17.932807147504047,False
H_AF_domain,15.0,1045,17.96335396248712,False
H_AF_domain,15.0,1046,17.98264555852232,False
H_AF_domain,15.0,1047,17.996392618354026,False
H_AF_domain,15.0,1048,18.019900978758255,False
H_AF_domain,15.0,1049,18.029763861721644,False
H_AF_domain,15.0,1050,18.042339388554762,False
H_AF_domain,15.0,1051,18.055281729804836,False
H_AF_domain,15.0,1052,18.06918550477349,False
H_AF_domain,15.0,1053,18.086190816310225,False
H_AF_domain,15.0,1054,18.100470955077537,False
H_AF_domain,15.0,1055,18.120976837126108,False
H_AF_domain,15.0,1056,18.132320967280386,False
H_AF_domain,15.0,1057,18.14951900852906,False
H_AF_domain,15.0,1058,18.160741758970723,False
H_AF_domain,15.0,1059,18.188035562699586,False
H_AF_domain,15.0,1060,18.201500216401048,False
H_AF_domain,15.0,1061,18.209104100960065,False
H_AF_domain,15.0,1062,18.238443538700256,False
H_AF_domain,15.0,1063,18.244780999807713,False
H_AF_domain,15.0,1064,18.257164248838404,False
H_AF_domain,15.0,1065,18.2685092691512,False
H_AF_domain,15.0,1066,18.27734463678844,False
H_AF_domain,15.0,1067,18.29313091323441,False
H_AF_domain,15.0,1068,18.302009916842536,False
H_AF_domain,15.0,1069,18.32011297664002,False
H_AF_domain,15.0,1070,18.342193558061922,False
H_AF_domain,15.0,1071,18.347489541996747,False
H_AF_domain,15.0,1072,18.37104479019453,False
H_AF_domain,15.0,1073,18.393591047475518,False
H_AF_domain,15.0,1074,18.39723270727735,False
H_AF_domain,15.0,1075,18.410049719090917,False
H_AF_domain,15.0,1076,18.431531363496912,False
H_AF_domain,15.0,1077,18.456223759424084,False
H_AF_domain,15.0,1078,18.472784794906907,False
H_AF_domain,15.0,1079,18.494389118933874,False
H_AF_domain,15.0,1080,18.49796541159414,False
H_AF_domain,15.0,1081,18.505626687301685,False
H_AF_domain,15.0,1082,18.51796254295602,False
H_AF_domain,15.0,1083,18.535771044011373,False
H_AF_domain,15.0,1084,18.548123782071816,False
H_AF_domain,15.0,1085,18.556004221459734,False
H_AF_domain,15.0,1086,18.576034349188138,False
H_AF_domain,15.0,1087,18.590894699174118,False
H_AF_domain,15.0,1088,18.598024753785666,False
H_AF_domain,15.0,1089,18.610275348471006,False
H_AF_domain,15.0,1090,18.616782968399548,False
H_AF_domain,15.0,1091,18.637080208491373,False
H_AF_domain,15.0,1092,18.646116589992705,False
H_AF_domain,15.0,1093,18.677519811783778,False
H_AF_domain,15.0,1094,18.685771444096464,False
H_AF_domain,15.0,1095,18.70382259848914,False
H_AF_domain,15.0,1096,18.72331043652232,False
H_AF_domain,15.0,1097,18.748679220092374,False
H_AF_domain,15.0,1098,18.751740143337134,False
H_AF_domain,15.0,1099,18.795697248246103,False
H_AF_domain,15.0,1100,18.798681170775584,False
H_AF_domain,15.0,1101,18.800448893537887,False
H_AF_domain,15.0,1102,18.820881220600658,False
H_AF_domain,15.0,1103,18.85338566318763,False
H_AF_domain,15.0,1104,18.854709011631993,False
H_AF_domain,15.0,1105,18.876772520080507,False
H_AF_domain,15.0,1106,18.87898478421352,False
H_AF_domain,15.0,1107,18.901790041651168,False
H_AF_domain,15.0,1108,18.910234256674283,False
H_AF_domain,15.0,1109,18.936639713890973,False
H_AF_domain,15.0,1110,18.942460579380107,False
H_AF_domain,15.0,1111,18.96063570459018,False
H_AF_domain,15.0,1112,18.976825406154433,False
H_AF_domain,15.0,1113,19.01541067162291,False
H_AF_domain,15.0,1114,19.01809500771905,False
H_AF_domain,15.0,1115,19.024197702156453,False
H_AF_domain,15.0,1116,19.033935182676334,False
H_AF_domain,15.0,1117,19.050321390472668,False
H_AF_domain,15.0,1118,19.071519395360678,False
H_AF_domain,15.0,1119,19.092011357467385,False
H_AF_domain,15.0,1120,19.102602695660693,False
H_AF_domain,15.0,1121,19.116353167041254,False
H_AF_domain,15.0,1122,19.131856405107957,False
H_AF_domain,15.0,1123,19.145835692480578,False
H_AF_domain,15.0,1124,19.17102238444746,False
H_AF_domain,15.0,1125,19.1786038267407,False
H_AF_domain,15.0,1126,19.210432080799144,False
H_AF_domain,15.0,1127,19.22544985842118,False
H_AF_domain,15.0,1128,19.234771318631047,False
H_AF_domain,15.0,1129,19.242636109591764,False
H_AF_domain,15.0,1130,19.260161945781352,False
H_AF_domain,15.0,1131,19.292564373374514,False
H_AF_domain,15.0,1132,19.30635855897903,False
H_AF_domain,15.0,1133,19.31384271809248,False
H_AF_domain,15.0,1134,19.336100275786755,False
H_AF_domain,15.0,1135,19.345670637641994,False
H_AF_domain,15.0,1136,19.350765150661804,False
H_AF_domain,15.0,1137,19.3797397238014,False
H_AF_domain,15.0,1138,19.39714130420761,False
H_AF_domain,15.0,1139,19.42150303950167,False
H_AF_domain,15.0,1140,19.44120024103895,False
H_AF_domain,15.0,1141,19.444401101521244,False
H_AF_domain,15.0,1142,19.45539550541162,False
H_AF_domain,15.0,1143,19.46378671353896,False
H_AF_domain,15.0,1144,19.47341523829854,False
H_AF_domain,15.0,1145,19.49697775179146,False
H_AF_domain,15.0,1146,19.506108860909965,False
H_AF_domain,15.0,1147,19.526681048817746,False
H_AF_domain,15.0,1148,19.55066558039705,False
H_AF_domain,15.0,1149,19.570768176589368,False
H_AF_domain,15.0,1150,19.590320422534212,False
H_AF_domain,15.0,1151,19.604125407007153,False
H_AF_domain,15.0,1152,19.618259711714508,False
H_AF_domain,15.0,1153,19.638435381129554,False
H_AF_domain,15.0,1154,19.643616941217786,False
H_AF_domain,15.0,1155,19.660346477411938,False
H_AF_domain,15.0,1156,19.682500046233805,False
H_AF_domain,15.0,1157,19.724035768095945,False
H_AF_domain,15.0,1158,19.742548587921824,False
H_AF_domain,15.0,1159,19.74818945066642,False
H_AF_domain,15.0,1160,19.756124930471863,False
H_AF_domain,15.0,1161,19.764730720499106,False
H_AF_domain,15.0,1162,19.787561145352036,False
H_AF_domain,15.0,1163,19.800066305752708,False
H_AF_domain,15.0,1164,19.813956949032903,False
H_AF_domain,15.0,1165,19.845265641916995,False
H_AF_domain,15.0,1166,19.851224333922193,False
H_AF_domain,15.0,1167,19.860595795330948,False
H_AF_domain,15.0,1168,19.879144192762045,False
H_AF_domain,15.0,1169,19.891718169948273,False
H_AF_domain,15.0,1170,19.910783475219276,False
H_AF_domain,15.0,1171,19.931431944211077,False
H_AF_domain,15.0,1172,19.94814730106055,False
H_AF_domain,15.0,1173,19.959901189587608,False
H_AF_domain,15.0,1174,19.97743175987985,False
H_AF_domain,15.0,1175,19.996404983390146,False
H_AF_domain,15.0,1176,20.00569897099879,False
H_AF_domain,15.0,1177,20.033010364128536,False
H_AF_domain,15.0,1178,20.056502766945364,False
H_AF_domain,15.0,1179,20.061287338525695,False
H_AF_domain,15.0,1180,20.075404435343355,False
H_AF_domain,15.0,1181,20.098253268820805,False
H_AF_domain,15.0,1182,20.10662305282504,False
H_AF_domain,15.0,1183,20.124912601264754,False
H_AF_domain,15.0,1184,20.14178490961515,False
H_AF_domain,15.0,1185,20.162705246787905,False
H_AF_domain,15.0,1186,20.18646970593061,False
H_AF_domain,15.0,1187,20.201320422598492,False
H_AF_domain,15.0,1188,20.204642000958795,False
H_AF_domain,15.0,1189,20.215852280969603,False
H_AF_domain,15.0,1190,20.24711674688903,False
H_AF_domain,15.0,1191,20.259887289870232,False
H_AF_domain,15.0,1192,20.285028021984115,False
H_AF_domain,15.0,1193,20.295910467667344,False
H_AF_domain,15.0,1194,20.3006232995365,False
H_AF_domain,15.0,1195,20.31722825551059,False
H_AF_domain,15.0,1196,20.345621634712458,False
H_AF_domain,15.0,1197,20.372646811407733,False
H_AF_domain,15.0,1198,20.384048669299187,False
H_AF_domain,15.0,1199,20.39378192631298,False
H_AF_domain,15.0,1200,20.426818427569557,False
H_AF_domain,15.0,1201,20.43862082520458,False
H_AF_domain,15.0,1202,20.453046237030424,False
H_AF_domain,15.0,1203,20.4765687630167,False
H_AF_domain,15.0,1204,20.49025578621661,False
H_AF_domain,15.0,1205,20.51199494239365,False
H_AF_domain,15.0,1206,20.532664066794332,False
H_AF_domain,15.0,1207,20.551770727400008,False
H_AF_domain,15.0,1208,20.57023223132297,False
H_AF_domain,15.0,1209,20.583692482141846,False
H_AF_domain,15.0,1210,20.5966642377231,False
H_AF_domain,15.0,1211,20.620646939292268,False
H_AF_domain,15.0,1212,20.640721343423344,False
H_AF_domain,15.0,1213,20.652355054079965,False
H_AF_domain,15.0,1214,20.67136673331004,False
H_AF_domain,15.0,1215,20.699023171338634,False
H_AF_domain,15.0,1216,20.71033814266175,False
H_AF_domain,15.0,1217,20.711389105630065,False
H_AF_domain,15.0,1218,20.73576940944606,False
H_AF_domain,15.0,1219,20.754405618136825,False
H_AF_domain,15.0,1220,20.765860678443342,False
H_AF_domain,15.0,1221,20.79529251977203,False
H_AF_domain,15.0,1222,20.814490588426636,False
H_AF_domain,15.0,1223,20.85077569490293,False
H_AF_domain,15.0,1224,20.860981794909115,False
H_AF_domain,15.0,1225,20.888300126264976,False
H_AF_domain,15.0,1226,20.90188681633636,False
H_AF_domain,15.0,1227,20.91174019369237,False
H_AF_domain,15.0,1228,20.93041223207983,False
H_AF_domain,15.0,1229,20.941259174663987,False
H_AF_domain,15.0,1230,20.97348869944041,False
H_AF_domain,15.0,1231,20.980150411285347,False
H_AF_domain,15.0,1232,21.012994310011234,False
H_AF_domain,15.0,1233,21.02229591020101,False
H_AF_domain,15.0,1234,21.050336660245975,False
H_AF_domain,15.0,1235,21.07293268385824,False
H_AF_domain,15.0,1236,21.093316034634963,False
H_AF_domain,15.0,1237,21.110394331342924,False
H_AF_domain,15.0,1238,21.137421852859998,False
H_AF_domain,15.0,1239,21.158065981131468,False
H_AF_domain,15.0,1240,21.16837264823651,False
H_AF_domain,15.0,1241,21.180354442848593,False
H_AF_domain,15.0,1242,21.187163578999762,False
H_AF_domain,15.0,1243,21.209636870651266,False
H_AF_domain,15.0,1244,21.23369964202533,False
H_AF_domain,15.0,1245,21.24119746697625,False
H_AF_domain,15.0,1246,21.278244834726976,False
H_AF_domain,15.0,1247,21.28882074081643,False
H_AF_domain,15.0,1248,21.30976285865805,False
H_AF_domain,15.0,1249,21.315968528621713,False
H_AF_domain,15.0,1250,21.335010619346384,False
H_AF_domain,15.0,1251,21.33998178812609,False
H_AF_domain,15.0,1252,21.355680848068744,False
H_AF_domain,15.0,1253,21.36512397985795,False
H_AF_domain,15.0,1254,21.408667938744117,False
H_AF_domain,15.0,1255,21.4288903606593,False
H_AF_domain,15.0,1256,21.449778697857187,False
H_AF_domain,15.0,1257,21.466053745299167,False
H_AF_domain,15.0,1258,21.471490208613478,False
H_AF_domain,15.0,1259,21.493234063384005,False
H_AF_domain,15.0,1260,21.518323378850063,False
H_AF_domain,15.0,1261,21.53535694981226,False
H_AF_domain,15.0,1262,21.54224870339407,False
H_AF_domain,15.0,1263,21.56243189081039,False
H_AF_domain,15.0,1264,21.565596455279287,False
H_AF_domain,15.0,1265,21.59094199168558,False
H_AF_domain,15.0,1266,21.600141931103842,False
H_AF_domain,15.0,1267,21.609061262719145,False
H_AF_domain,15.0,1268,21.638169745261575,False
H_AF_domain,15.0,1269,21.653873563692603,False
H_AF_domain,15.0,1270,21.66166852431765,False
H_AF_domain,15.0,1271,21.69143474115107,False
H_AF_domain,15.0,1272,21.728548839971022,False
H_AF_domain,15.0,1273,21.755025867765507,False
H_AF_domain,15.0,1274,21.76520796191306,False
H_AF_domain,15.0,1275,21.778041619622574,False
H_AF_domain,15.0,1276,21.80994023312602,False
H_AF_domain,15.0,1277,21.82875538553586,False
H_AF_domain,15.0,1278,21.83227418750948,False
H_AF_domain,15.0,1279,21.84262314726881,False
H_AF_domain,15.0,1280,21.887555197154903,False
H_AF_domain,15.0,1281,21.89595371409927,False
H_AF_domain,15.0,1282,21.91770066382784,False
H_AF_domain,15.0,1283,21.94126137998197,False
H_AF_domain,15.0,1284,21.946165002912192,False
H_AF_domain,15.0,1285,21.987493472617885,False
H_AF_domain,15.0,1286,21.99492743587904,False
H_AF_domain,15.0,1287,22.011027418105765,False
H_AF_domain,15.0,1288,22.020275158104212,False
H_AF_domain,15.0,1289,22.051105264095877,False
H_AF_domain,15.0,1290,22.06032844042082,False
H_AF_domain,15.0,1291,22.113511886771413,False
H_AF_domain,15.0,1292,22.125153850468905,False
H_AF_domain,15.0,1293,22.135313963396943,False
H_AF_domain,15.0,1294,22.155421522453196,False
H_AF_domain,15.0,1295,22.164041887943426,False
H_AF_domain,15.0,1296,22.166587179672234,False
H_AF_domain,15.0,1297,22.20497645271548,False
H_AF_domain,15.0,1298,22.214565310176674,False
H_AF_domain,15.0,1299,22.231320117962625,False
H_AF_domain,15.0,1300,22.24654921116374,False
H_AF_domain,15.0,1301,22.258809467689215,False
H_AF_domain,15.0,1302,22.280204263772934,False
H_AF_domain,15.0,1303,22.29342198182067,False
H_AF_domain,15.0,1304,22.312355480361116,False
H_AF_domain,15.0,1305,22.316347394250293,False
H_AF_domain,15.0,1306,22.33388387140478,False
H_AF_domain,15.0,1307,22.372175818854455,False
H_AF_domain,15.0,1308,22.375462035057787,False
H_AF_domain,15.0,1309,22.391547906443964,False
H_AF_domain,15.0,1310,22.396408919068683,False
H_AF_domain,15.0,1311,22.439007029600788,False
H_AF_domain,15.0,1312,22.446554270630987,False
H_AF_domain,15.0,1313,22.470586261055956,False
H_AF_domain,15.0,1314,22.474797638738917,False
H_AF_domain,15.0,1315,22.489984293423,False
H_AF_domain,15.0,1316,22.513690845764625,False
H_AF_domain,15.0,1317,22.554029729521666,False
H_AF_domain,15.0,1318,22.58580329432724,False
H_AF_domain,15.0,1319,22.618839850002583,False
H_AF_domain,15.0,1320,22.630837956555883,False
H_AF_domain,15.0,1321,22.646738834386912,False
H_AF_domain,15.0,1322,22.656533356622422,False
H_AF_domain,15.0,1323,22.671578462447005,False
H_AF_domain,15.0,1324,22.688490676249234,False
H_AF_domain,15.0,1325,22.727320436762025,False
H_AF_domain,15.0,1326,22.73586307579808,False
H_AF_domain,15.0,1327,22.748306960430522,False
H_AF_domain,15.0,1328,22.763985988242407,False
H_AF_domain,15.0,1329,22.794823937126644,False
H_AF_domain,15.0,1330,22.80198052347054,False
H_AF_domain,15.0,1331,22.81755883546372,False
H_AF_domain,15.0,1332,22.848019735224796,False
H_AF_domain,15.0,1333,22.85687403304939,False
H_AF_domain,15.0,1334,22.861822477312394,False
H_AF_domain,15.0,1335,22.909349004400983,False
H_AF_domain,15.0,1336,22.9246693904461,False
H_AF_domain,15.0,1337,22.952521928470315,False
H_AF_domain,15.0,1338,22.981959025079938,False
H_AF_domain,15.0,1339,22.995951653893783,False
H_AF_domain,15.0,1340,23.006737176679604,False
H_AF_domain,15.0,1341,23.022861696825924,False
H_AF_domain,15.0,1342,23.030924263130316,False
H_AF_domain,15.0,1343,23.04926184334921,False
H_AF_domain,15.0,1344,23.067870632886763,False
H_AF_domain,15.0,1345,23.11485484956964,False
H_AF_domain,15.0,1346,23.134607064972794,False
H_AF_domain,15.0,1347,23.139832731479085,False
H_AF_domain,15.0,1348,23.17173801086071,False
H_AF_domain,15.0,1349,23.191465292629903,False
H_AF_domain,15.0,1350,23.209698302540577,False
H_AF_domain,15.0,1351,23.265222462349687,False
H_AF_domain,15.0,1352,23.268656926145873,False
H_AF_domain,15.0,1353,23.292210798213645,False
H_AF_domain,15.0,1354,23.305938277130075,False
H_AF_domain,15.0,1355,23.313665885891886,False
H_AF_domain,15.0,1356,23.32791618535275,False
H_AF_domain,15.0,1357,23.35148513741144,False
H_AF_domain,15.0,1358,23.372547547290473,False
H_AF_domain,15.0,1359,23.394632137173236,False
H_AF_domain,15.0,1360,23.417909069479435,False
H_AF_domain,15.0,1361,23.436280842347873,False
H_AF_domain,15.0,1362,23.448016023528012,False
H_AF_domain,15.0,1363,23.489820530915257,False
H_AF_domain,15.0,1364,23.499516139614705,False
H_AF_domain,15.0,1365,23.528732692439664,False
H_AF_domain,15.0,1366,23.547084253561565,False
H_AF_domain,15.0,1367,23.558038437142844,False
H_AF_domain,15.0,1368,23.58305653362095,False
H_AF_domain,15.0,1369,23.59661639289383,False
H_AF_domain,15.0,1370,23.60307363424501,False
H_AF_domain,15.0,1371,23.628919240664057,False
H_AF_domain,15.0,1372,23.663021749653193,False
H_AF_domain,15.0,1373,23.675246667659543,False
H_AF_domain,15.0,1374,23.710705671412086,False
H_AF_domain,15.0,1375,23.724754228735375,False
H_AF_domain,15.0,1376,23.74504513964918,False
H_AF_domain,15.0,1377,23.776012240645173,False
H_AF_domain,15.0,1378,23.80435037402159,False
H_AF_domain,15.0,1379,23.843790038245903,False
H_AF_domain,15.0,1380,23.84583501285954,False
H_AF_domain,15.0,1381,23.858743545781568,False
H_AF_domain,15.0,1382,23.879764169366382,False
H_AF_domain,15.0,1383,23.891318063421746,False
H_AF_domain,15.0,1384,23.919709116475676,False
H_AF_domain,15.0,1385,23.92862831514822,False
H_AF_domain,15.0,1386,23.95997930208894,False
H_AF_domain,15.0,1387,23.98387304549157,False
H_AF_domain,15.0,1388,24.01332238490182,False
H_AF_domain,15.0,1389,24.03289355090544,False
H_AF_domain,15.0,1390,24.04375951115842,False
H_AF_domain,15.0,1391,24.06394547127012,False
H_AF_domain,15.0,1392,24.074558685765663,False
H_AF_domain,15.0,1393,24.102860749892763,False
H_AF_domain,15.0,1394,24.127888388750343,False
H_AF_domain,15.0,1395,24.165538796419366,False
H_AF_domain,15.0,1396,24.18230031422219,False
H_AF_domain,15.0,1397,24.197960588624927,False
H_AF_domain,15.0,1398,24.205486408984438,False
H_AF_domain,15.0,1399,24.242898357719657,False
H_AF_domain,15.0,1400,24.259869933969117,False
H_AF_domain,15.0,1401,24.276869597739623,False
H_AF_domain,15.0,1402,24.304731834163693,False
H_AF_domain,15.0,1403,24.322698853472424,False
H_AF_domain,15.0,1404,24.33704770781933,False
H_AF_domain,15.0,1405,24.359750683188143,False
H_AF_domain,15.0,1406,24.385183737203914,False
H_AF_domain,15.0,1407,24.38985436690306,False
H_AF_domain,15.0,1408,24.393132286542176,False
H_AF_domain,15.0,1409,24.424437857513965,False
H_AF_domain,15.0,1410,24.429687059148783,False
H_AF_domain,15.0,1411,24.486836845672183,False
H_AF_domain,15.0,1412,24.498225933121784,False
H_AF_domain,15.0,1413,24.506760007549587,False
H_AF_domain,15.0,1414,24.5308701307044,False
H_AF_domain,15.0,1415,24.551160143393048,False
H_AF_domain,15.0,1416,24.571642948220525,False
H_AF_domain,15.0,1417,24.62082696211591,False
H_AF_domain,15.0,1418,24.634787169121523,False
H_AF_domain,15.0,1419,24.659607924153985,False
H_AF_domain,15.0,1420,24.68359274319319,False
H_AF_domain,15.0,1421,24.694651447750935,False
H_AF_domain,15.0,1422,24.734299765707256,False
H_AF_domain,15.0,1423,24.74789545890928,False
H_AF_domain,15.0,1424,24.791720868938384,False
H_AF_domain,15.0,1425,24.800768245840693,False
H_AF_domain,15.0,1426,24.839260860438575,False
H_AF_domain,15.0,1427,24.84041964810523,False
H_AF_domain,15.0,1428,24.865390725231133,False
H_AF_domain,15.0,1429,24.882609015232617,False
H_AF_domain,15.0,1430,24.907651133647768,False
H_AF_domain,15.0,1431,24.938157926188744,False
H_AF_domain,15.0,1432,24.95182812198854,False
H_AF_domain,15.0,1433,24.976392418177255,False
H_AF_domain,15.0,1434,24.98891183768192,False
H_AF_domain,15.0,1435,24.99532365102467,False
H_AF_domain,15.0,1436,25.042941874658876,False
H_AF_domain,15.0,1437,25.059656274344196,False
H_AF_domain,15.0,1438,25.09490993022711,False
H_AF_domain,15.0,1439,25.10124908158999,False
H_AF_domain,15.0,1440,25.119265922714163,False
H_AF_domain,15.0,1441,25.1264440680038,False
H_AF_domain,15.0,1442,25.15992995558639,False
H_AF_domain,15.0,1443,25.196296286024833,False
H_AF_domain,15.0,1444,25.200520683711066,False
H_AF_domain,15.0,1445,25.225586466297443,False
H_AF_domain,15.0,1446,25.24768029483795,False
H_AF_domain,15.0,1447,25.291357618536406,False
H_AF_domain,15.0,1448,25.30933030323685,False
H_AF_domain,15.0,1449,25.32478809017318,False
H_AF_domain,15.0,1450,25.33703542807617,False
H_AF_domain,15.0,1451,25.36573378556328,False
H_AF_domain,15.0,1452,25.37773860470756,False
H_AF_domain,15.0,1453,25.402867263192338,False
H_AF_domain,15.0,1454,25.441425334097396,False
H_AF_domain,15.0,1455,25.454818941787607,False
H_AF_domain,15.0,1456,25.482919600924923,False
H_AF_domain,15.0,1457,25.508048069561532,False
H_AF_domain,15.0,1458,25.52145942041655,False
H_AF_domain,15.0,1459,25.555299662727233,False
H_AF_domain,15.0,1460,25.577606585768617,False
H_AF_domain,15.0,1461,25.607996151891438,False
H_AF_domain,15.0,1462,25.627878500337957,False
H_AF_domain,15.0,1463,25.644525109321926,False
H_AF_domain,15.0,1464,25.673554480913104,False
H_AF_domain,15.0,1465,25.69074089282574,False
H_AF_domain,15.0,1466,25.701748897759526,False
H_AF_domain,15.0,1467,25.72491982422261,False
H_AF_domain,15.0,1468,25.748617419305205,False
H_AF_domain,15.0,1469,25.791563124595132,False
H_AF_domain,15.0,1470,25.80128347292419,False
H_AF_domain,15.0,1471,25.842540455227166,False
H_AF_domain,15.0,1472,25.861642911844907,False
H_AF_domain,15.0,1473,25.86771460754144,False
H_AF_domain,15.0,1474,25.915478792960286,False
H_AF_domain,15.0,1475,25.922535965325814,False
H_AF_domain,15.0,1476,25.948780547312822,False
H_AF_domain,15.0,1477,26.00781448954482,False
H_AF_domain,15.0,1478,26.023270572328816,False
H_AF_domain,15.0,1479,26.051249056313797,False
H_AF_domain,15.0,1480,26.07159369796826,False
H_AF_domain,15.0,1481,26.117293019608322,False
H_AF_domain,15.0,1482,26.135851715783808,False
H_AF_domain,15.0,1483,26.138095574698657,False
H_AF_domain,15.0,1484,26.201032337544408,False
H_AF_domain,15.0,1485,26.211514192022655,False
H_AF_domain,15.0,1486,26.231892048699414,False
H_AF_domain,15.0,1487,26.241865204558398,False
H_AF_domain,15.0,1488,26.27737855138263,False
H_AF_domain,15.0,1489,26.286271722751916,False
H_AF_domain,15.0,1490,26.32766856269471,False
H_AF_domain,15.0,1491,26.37582187006404,False
H_AF_domain,15.0,1492,26.383392025595764,False
H_AF_domain,15.0,1493,26.409101220534044,False
H_AF_domain,15.0,1494,26.454349204061927,False
H_AF_domain,15.0,1495,26.48708818082987,False
H_AF_domain,15.0,1496,26.49097071188844,False
H_AF_domain,15.0,1497,26.53250463802546,False
H_AF_domain,15.0,1498,26.55303252141599,False
H_AF_domain,15.0,1499,26.57895077389122,False
H_AF_domain,15.0,1500,26.606175937788656,False
H_AF_domain,15.0,1501,26.634058528343843,False
H_AF_domain,15.0,1502,26.65218885807693,False
H_AF_domain,15.0,1503,26.670948420201718,False
H_AF_domain,15.0,1504,26.68787515903439,False
H_AF_domain,15.0,1505,26.739850538564102,False
H_AF_domain,15.0,1506,26.76999726942527,False
H_AF_domain,15.0,1507,26.813035026337456,False
H_AF_domain,15.0,1508,26.84657325211199,False
H_AF_domain,15.0,1509,26.857451218769704,False
H_AF_domain,15.0,1510,26.882920596313138,False
H_AF_domain,15.0,1511,26.94697939332641,False
H_AF_domain,15.0,1512,26.9514414470173,False
H_AF_domain,15.0,1513,26.965129030130466,False
H_AF_domain,15.0,1514,27.002583960378768,False
H_AF_domain,15.0,1515,27.06027797452665,False
H_AF_domain,15.0,1516,27.075914576531925,False
H_AF_domain,15.0,1517,27.09281536268868,False
H_AF_domain,15.0,1518,27.18976443947852,False
H_AF_domain,15.0,1519,27.213079755607684,False
H_AF_domain,15.0,1520,27.215377914948938,False
H_AF_domain,15.0,1521,27.272949268620916,False
H_AF_domain,15.0,1522,27.30739482339373,False
H_AF_domain,15.0,1523,27.334457465917463,False
H_AF_domain,15.0,1524,27.387321577536433,False
H_AF_domain,15.0,1525,27.399924342066722,False
H_AF_domain,15.0,1526,27.4408885356527,False
H_AF_domain,15.0,1527,27.47799686817137,False
H_AF_domain,15.0,1528,27.50460545550059,False
H_AF_domain,15.0,1529,27.554491626662635,False
H_AF_domain,15.0,1530,27.590075263111956,False
H_AF_domain,15.0,1531,27.63778941460122,False
H_AF_domain,15.0,1532,27.65329814753024,False
H_AF_domain,15.0,1533,27.70145230447288,False
H_AF_domain,15.0,1534,27.712954259193562,False
H_AF_domain,15.0,1535,27.74160197672011,False
H_AF_domain,15.0,1536,27.81964945780877,False
H_AF_domain,15.0,1537,27.8570394599634,False
H_AF_domain,15.0,1538,27.877271262920242,False
H_AF_domain,15.0,1539,27.92205893377171,False
H_AF_domain,15.0,1540,27.958929817299367,False
H_AF_domain,15.0,1541,28.011755917142203,False
H_AF_domain,15.0,1542,28.030248815639666,False
H_AF_domain,15.0,1543,28.085048555516607,False
H_AF_domain,15.0,1544,28.111565667904493,False
H_AF_domain,15.0,1545,28.123878799281293,False
H_AF_domain,15.0,1546,28.151517633538955,False
H_AF_domain,15.0,1547,28.20171235309806,False
H_AF_domain,15.0,1548,28.23251738197506,False
H_AF_domain,15.0,1549,28.255515167894384,False
H_AF_domain,15.0,1550,28.33120504102165,False
H_AF_domain,15.0,1551,28.337666701983935,False
H_AF_domain,15.0,1552,28.375884817995708,False
H_AF_domain,15.0,1553,28.422833656272854,False
H_AF_domain,15.0,1554,28.47253897951281,False
H_AF_domain,15.0,1555,28.51939402290147,False
H_AF_domain,15.0,1556,28.55146502798248,False
H_AF_domain,15.0,1557,28.57981152777211,False
H_AF_domain,15.0,1558,28.587396606821965,False
H_AF_domain,15.0,1559,28.606520723879377,False
H_AF_domain,15.0,1560,28.621228034449565,False
H_AF_domain,15.0,1561,28.67332565424117,False
H_AF_domain,15.0,1562,28.70647157319467,False
H_AF_domain,15.0,1563,28.74563533447039,False
H_AF_domain,15.0,1564,28.787905733488238,False
H_AF_domain,15.0,1565,28.83641828242293,False
H_AF_domain,15.0,1566,28.861317118867433,False
H_AF_domain,15.0,1567,28.921686971387846,False
H_AF_domain,15.0,1568,28.94320932115208,False
H_AF_domain,15.0,1569,29.022017389516368,False
H_AF_domain,15.0,1570,29.072924777901864,False
H_AF_domain,15.0,1571,29.100500137820255,False
H_AF_domain,15.0,1572,29.14816717163671,False
H_AF_domain,15.0,1573,29.214564017630824,False
H_AF_domain,15.0,1574,29.253117438285337,False
H_AF_domain,15.0,1575,29.281119959816312,False
H_AF_domain,15.0,1576,29.311894958926196,False
H_AF_domain,15.0,1577,29.404885077491702,False
H_AF_domain,15.0,1578,29.430426413829085,False
H_AF_domain,15.0,1579,29.482925987350743,False
H_AF_domain,15.0,1580,29.50319324398609,False
H_AF_domain,15.0,1581,29.533972506725874,False
H_AF_domain,15.0,1582,29.631436388342177,False
H_AF_domain,15.0,1583,29.677072912510408,False
H_AF_domain,15.0,1584,29.71121815480796,False
H_AF_domain,15.0,1585,29.80613260185583,False
H_AF_domain,15.0,1586,29.8289067076315,False
H_AF_domain,15.0,1587,29.887460360269476,False
H_AF_domain,15.0,1588,29.948544936372077,False
H_AF_domain,15.0,1589,30.032836323030725,False
H_AF_domain,15.0,1590,30.05792458974191,False
H_AF_domain,15.0,1591,30.08668490237403,False
H_AF_domain,15.0,1592,30.19126482828622,False
H_AF_domain,15.0,1593,30.229847908569848,False
H_AF_domain,15.0,1594,30.32624045933078,False
H_AF_domain,15.0,1595,30.37042379792272,False
H_AF_domain,15.0,1596,30.459928858316804,False
H_AF_domain,15.0,1597,30.502274030827213,False
H_AF_domain,15.0,1598,30.54820463228366,False
H_AF_domain,15.0,1599,30.601423959400442,False
H_AF_domain,15.0,1600,30.698938318799573,False
H_AF_domain,15.0,1601,30.73609806556484,False
H_AF_domain,15.0,1602,30.833491886966303,False
H_AF_domain,15.0,1603,30.88684574533554,False
H_AF_domain,15.0,1604,30.930823676625657,False
H_AF_domain,15.0,1605,31.016914830141637,False
H_AF_domain,15.0,1606,31.05182684604865,False
H_AF_domain,15.0,1607,31.105444832504027,False
H_AF_domain,15.0,1608,31.204051439776187,False
H_AF_domain,15.0,1609,31.33237411333463,False
H_AF_domain,15.0,1610,31.367166057336394,False
H_AF_domain,15.0,1611,31.418544969985998,False
H_AF_domain,15.0,1612,31.46247001692661,False
H_AF_domain,15.0,1613,31.60614280830143,False
H_AF_domain,15.0,1614,31.690947182273703,False
H_AF_domain,15.0,1615,31.723275606772965,False
H_AF_domain,15.0,1616,31.78101550596885,False
H_AF_domain,15.0,1617,31.904566325308352,False
H_AF_domain,15.0,1618,32.023795791263645,False
H_AF_domain,15.0,1619,32.06382786393131,False
H_AF_domain,15.0,1620,32.127360092330235,False
H_AF_domain,15.0,1621,32.17890382205865,False
H_AF_domain,15.0,1622,32.33937907984531,False
H_AF_domain,15.0,1623,32.38419767191477,False
H_AF_domain,15.0,1624,32.50317218245529,False
H_AF_domain,15.0,1625,32.70292827295254,False
H_AF_domain,15.0,1626,32.77014135501937,False
H_AF_domain,15.0,1627,32.902122240769074,False
H_AF_domain,15.0,1628,33.06106892352936,False
H_AF_domain,15.0,1629,33.14709541131315,False
H_AF_domain,15.0,1630,33.3831686281856,False
H_AF_domain,15.0,1631,33.60940363708929,False
H_AF_domain,15.0,1632,33.67042592889837,False
H_AF_domain,15.0,1633,33.91448084563823,False
H_AF_domain,15.0,1634,34.02516864555923,False
H_AF_domain,15.0,1635,34.184256642037035,False
H_AF_domain,15.0,1636,34.24633662388046,False
H_AF_domain,15.0,1637,34.58090886718779,False
H_AF_domain,15.0,1638,34.84718623622042,False
H_AF_domain,15.0,1639,35.03997970720403,False
H_AF_domain,15.0,1640,35.27217403427754,False
H_AF_domain,15.0,1641,35.605600424107344,False
H_AF_domain,15.0,1642,35.91296977816062,False
H_AF_domain,15.0,1643,36.05193266020975,False
H_AF_domain,15.0,1644,36.26993255957526,False
H_AF_domain,15.0,1645,36.71279720030009,False
H_AF_domain,15.0,1646,36.78942887882948,False
H_AF_domain,15.0,1647,37.61012325597195,False
H_AF_domain,15.0,1648,38.07388954477879,False
H_AF_domain,15.0,1649,38.19216400703491,False
H_AF_domain,15.0,1650,38.844681893926406,False
H_AF_domain,15.0,1651,39.96368457344047,False
H_AF_domain,15.0,1652,40.292315061398945,False
H_AF_domain,15.0,1653,41.232906133956476,False
H_AF_domain,15.0,1654,42.364335588564465,False
H_AF_domain,15.0,1655,42.785328499942615,False
H_AF_domain,13.0,0,-3.4435861564976752e-15,True
H_AF_domain,13.0,1,-2.116373249698682e-15,True
H_AF_domain,13.0,2,-3.9704508886857566e-16,True
H_AF_domain,13.0,3,5.835112726528016e-16,True
H_AF_domain,13.0,4,2.4544017300091053e-15,True
H_AF_domain,13.0,5,5.992122670816879e-15,True
H_AF_domain,13.0,6,0.008914463065812487,False
H_AF_domain,13.0,7,0.021130787424361773,False
H_AF_domain,13.0,8,0.03298281869864732,False
H_AF_domain,13.0,9,0.03712641678612307,False
H_AF_domain,13.0,10,0.04789927473411334,False
H_AF_domain,13.0,11,0.05503684771246504,False
H_AF_domain,13.0,12,0.06955872535449548,False
H_AF_domain,13.0,13,0.07622784556422012,False
H_AF_domain,13.0,14,0.07954652029978224,False
H_AF_domain,13.0,15,0.10083870530530951,False
H_AF_domain,13.0,16,0.11451322964297908,False
H_AF_domain,13.0,17,0.13703065002845682,False
H_AF_domain,13.0,18,0.148170707867749,False
H_AF_domain,13.0,19,0.15931998598138464,False
H_AF_domain,13.0,20,0.18571956733301756,False
H_AF_domain,13.0,21,0.19226194129159532,False
H_AF_domain,13.0,22,0.2154919612953586,False
H_AF_domain,13.0,23,0.24094294030546606,False
H_AF_domain,13.0,24,0.2603671644542172,False
H_AF_domain,13.0,25,0.2757235316347771,False
H_AF_domain,13.0,26,0.284761815610364,False
H_AF_domain,13.0,27,0.28938138715534295,False
H_AF_domain,13.0,28,0.30315209866727977,False
H_AF_domain,13.0,29,0.3438822293372469,False
H_AF_domain,13.0,30,0.357072184402997,False
H_AF_domain,13.0,31,0.3914776785004151,False
H_AF_domain,13.0,32,0.4054967512246794,False
H_AF_domain,13.0,33,0.43050968604526657,False
H_AF_domain,13.0,34,0.4507257439214982,False
H_AF_domain,13.0,35,0.4657960010983645,False
H_AF_domain,13.0,36,0.48099102627017215,False
H_AF_domain,13.0,37,0.4876406745216322,False
H_AF_domain,13.0,38,0.5340250914345788,False
H_AF_domain,13.0,39,0.5392299114197764,False
H_AF_domain,13.0,40,0.5551317560185094,False
H_AF_domain,13.0,41,0.5702995576543202,False
H_AF_domain,13.0,42,0.5825992558514436,False
H_AF_domain,13.0,43,0.6013570359486026,False
H_AF_domain,13.0,44,0.6188892931517581,False
H_AF_domain,13.0,45,0.6444724954336214,False
H_AF_domain,13.0,46,0.6572661121906077,False
H_AF_domain,13.0,47,0.6676563932237363,False
H_AF_domain,13.0,48,0.6795559995065699,False
H_AF_domain,13.0,49,0.6914999967394647,False
H_AF_domain,13.0,50,0.7109152168326807,False
H_AF_domain,13.0,51,0.7217487850528378,False
H_AF_domain,13.0,52,0.7292624622973664,False
H_AF_domain,13.0,53,0.7699341521664802,False
H_AF_domain,13.0,54,0.7831350706992066,False
H_AF_domain,13.0,55,0.8015476748008569,False
H_AF_domain,13.0,56,0.8298911626183479,False
H_AF_domain,13.0,57,0.85204272675961,False
H_AF_domain,13.0,58,0.8619952179233016,False
H_AF_domain,13.0,59,0.8743942907322712,False
H_AF_domain,13.0,60,0.9320198249913544,False
H_AF_domain,13.0,61,0.9475847051169856,False
H_AF_domain,13.0,62,0.9556972333098772,False
H_AF_domain,13.0,63,0.9615552250594098,False
H_AF_domain,13.0,64,0.9734901879500287,False
H_AF_domain,13.0,65,0.9817307737866271,False
H_AF_domain,13.0,66,1.019064725977332,False
H_AF_domain,13.0,67,1.0324597447692152,False
H_AF_domain,13.0,68,1.0466494513387943,False
H_AF_domain,13.0,69,1.0604592470832859,False
H_AF_domain,13.0,70,1.0846960637672798,False
H_AF_domain,13.0,71,1.1077278882345278,False
H_AF_domain,13.0,72,1.1152695679012439,False
H_AF_domain,13.0,73,1.1368173630008722,False
H_AF_domain,13.0,74,1.1506326471657673,False
H_AF_domain,13.0,75,1.1824374166523355,False
H_AF_domain,13.0,76,1.211423584591542,False
H_AF_domain,13.0,77,1.2222635911937865,False
H_AF_domain,13.0,78,1.2463686867447619,False
H_AF_domain,13.0,79,1.2547332403747526,False
H_AF_domain,13.0,80,1.2644390482700736,False
H_AF_domain,13.0,81,1.2989766650484948,False
H_AF_domain,13.0,82,1.3133709491425156,False
H_AF_domain,13.0,83,1.3181623281405244,False
H_AF_domain,13.0,84,1.3365169121574199,False
H_AF_domain,13.0,85,1.3653602688680402,False
H_AF_domain,13.0,86,1.4082507088147338,False
H_AF_domain,13.0,87,1.4260014013965867,False
H_AF_domain,13.0,88,1.454572161933571,False
H_AF_domain,13.0,89,1.4592461218110475,False
H_AF_domain,13.0,90,1.47298905718739,False
H_AF_domain,13.0,91,1.4862935248503089,False
H_AF_domain,13.0,92,1.4905869376314647,False
H_AF_domain,13.0,93,1.5061266091781098,False
H_AF_domain,13.0,94,1.5078544914985745,False
H_AF_domain,13.0,95,1.5167771304901536,False
H_AF_domain,13.0,96,1.526052872263864,False
H_AF_domain,13.0,97,1.5320554222970666,False
H_AF_domain,13.0,98,1.5382023291651152,False
H_AF_domain,13.0,99,1.5509483594296252,False
H_AF_domain,13.0,100,1.5609324940259044,False
H_AF_domain,13.0,101,1.5837102190828691,False
H_AF_domain,13.0,102,1.6042944207217913,False
H_AF_domain,13.0,103,1.6117815566320826,False
H_AF_domain,13.0,104,1.6202481197074503,False
H_AF_domain,13.0,105,1.6291553744856802,False
H_AF_domain,13.0,106,1.6395402769483507,False
H_AF_domain,13.0,107,1.6563489627671022,False
H_AF_domain,13.0,108,1.681333126091177,False
H_AF_domain,13.0,109,1.6874228889233964,False
H_AF_domain,13.0,110,1.6994066237433432,False
H_AF_domain,13.0,111,1.7151143134834061,False
H_AF_domain,13.0,112,1.7230869929179937,False
H_AF_domain,13.0,113,1.7548361720323733,False
H_AF_domain,13.0,114,1.759899112534185,False
H_AF_domain,13.0,115,1.7700570751521925,False
H_AF_domain,13.0,116,1.7886801835452568,False
H_AF_domain,13.0,117,1.7942549084627186,False
H_AF_domain,13.0,118,1.8131492905557778,False
H_AF_domain,13.0,119,1.8166226087676625,False
H_AF_domain,13.0,120,1.8398645139574388,False
H_AF_domain,13.0,121,1.8568649590436297,False
H_AF_domain,13.0,122,1.8705948088254707,False
H_AF_domain,13.0,123,1.8772791014101233,False
H_AF_domain,13.0,124,1.899652974910717,False
H_AF_domain,13.0,125,1.9159878646835127,False
H_AF_domain,13.0,126,1.9251901861246485,False
H_AF_domain,13.0,127,1.9300385861509568,False
H_AF_domain,13.0,128,1.9343394607091446,False
H_AF_domain,13.0,129,1.9510845752889092,False
H_AF_domain,13.0,130,1.9639354589233926,False
H_AF_domain,13.0,131,1.9792888805142517,False
H_AF_domain,13.0,132,1.9890726922855795,False
H_AF_domain,13.0,133,2.0034604466043766,False
H_AF_domain,13.0,134,2.0260214276606017,False
H_AF_domain,13.0,135,2.0480087233832336,False
H_AF_domain,13.0,136,2.0627439483827734,False
H_AF_domain,13.0,137,2.073761666253037,False
H_AF_domain,13.0,138,2.1037837210303403,False
H_AF_domain,13.0,139,2.120160497576326,False
H_AF_domain,13.0,140,2.12990952917345,False
H_AF_domain,13.0,141,2.1493064513349505,False
H_AF_domain,13.0,142,2.1648171820264195,False
H_AF_domain,13.0,143,2.1708596945204635,False
H_AF_domain,13.0,144,2.174751215104327,False
H_AF_domain,13.0,145,2.1980119788440984,False
H_AF_domain,13.0,146,2.20597064042192,False
H_AF_domain,13.0,147,2.2255306952241227,False
H_AF_domain,13.0,148,2.2305699597240913,False
H_AF_domain,13.0,149,2.2621466773658634,False
H_AF_domain,13.0,150,2.265147348716493,False
H_AF_domain,13.0,151,2.2698542397278176,False
H_AF_domain,13.0,152,2.3068372913035913,False
H_AF_domain,13.0,153,2.3148153395856434,False
H_AF_domain,13.0,154,2.3313855931824583,False
H_AF_domain,13.0,155,2.3501190153360123,False
H_AF_domain,13.0,156,2.3606366994928845,False
H_AF_domain,13.0,157,2.392549876962988,False
H_AF_domain,13.0,158,2.4110466142774207,False
H_AF_domain,13.0,159,2.434255812766121,False
H_AF_domain,13.0,160,2.446149391404696,False
H_AF_domain,13.0,161,2.4529490300489636,False
H_AF_domain,13.0,162,2.45401407337916,False
H_AF_domain,13.0,163,2.4919097538386983,False
H_AF_domain,13.0,164,2.505822328705649,False
H_AF_domain,13.0,165,2.509585370431941,False
H_AF_domain,13.0,166,2.5294176433124425,False
H_AF_domain,13.0,167,2.5435325483879723,False
H_AF_domain,13.0,168,2.571524605598402,False
H_AF_domain,13.0,169,2.5802506020200995,False
H_AF_domain,13.0,170,2.5808586167717906,False
H_AF_domain,13.0,171,2.6194448905442127,False
H_AF_domain,13.0,172,2.6315929271811718,False
H_AF_domain,13.0,173,2.6516513875939816,False
H_AF_domain,13.0,174,2.6567579953344453,False
H_AF_domain,13.0,175,2.6695421360211875,False
H_AF_domain,13.0,176,2.6808877589218807,False
H_AF_domain,13.0,177,2.6934426798815183,False
H_AF_domain,13.0,178,2.7090652106707425,False
H_AF_domain,13.0,179,2.720390844015198,False
H_AF_domain,13.0,180,2.720841755407468,False
H_AF_domain,13.0,181,2.7334887781199964,False
H_AF_domain,13.0,182,2.749781896319231,False
H_AF_domain,13.0,183,2.765295126405971,False
H_AF_domain,13.0,184,2.7965487522991626,False
H_AF_domain,13.0,185,2.809108669834618,False
H_AF_domain,13.0,186,2.8240994011062273,False
H_AF_domain,13.0,187,2.862028341874952,False
H_AF_domain,13.0,188,2.870793338701948,False
H_AF_domain,13.0,189,2.8959992829050853,False
H_AF_domain,13.0,190,2.9134140718132366,False
H_AF_domain,13.0,191,2.921057015274731,False
H_AF_domain,13.0,192,2.9389702870270815,False
H_AF_domain,13.0,193,2.967321236930505,False
H_AF_domain,13.0,194,2.9726379773958698,False
H_AF_domain,13.0,195,2.9963789912327563,False
H_AF_domain,13.0,196,3.0095713188208086,False
H_AF_domain,13.0,197,3.0190640096905472,False
H_AF_domain,13.0,198,3.0380160100600313,False
H_AF_domain,13.0,199,3.047083244869943,False
H_AF_domain,13.0,200,3.0574143810567382,False
H_AF_domain,13.0,201,3.067286382018985,False
H_AF_domain,13.0,202,3.0776475287278307,False
H_AF_domain,13.0,203,3.0870873057000012,False
H_AF_domain,13.0,204,3.1010836649050515,False
H_AF_domain,13.0,205,3.109105922917077,False
H_AF_domain,13.0,206,3.134220925589788,False
H_AF_domain,13.0,207,3.1462733027454415,False
H_AF_domain,13.0,208,3.152910007463639,False
H_AF_domain,13.0,209,3.1717964960980485,False
H_AF_domain,13.0,210,3.1768708728840034,False
H_AF_domain,13.0,211,3.193075405926285,False
H_AF_domain,13.0,212,3.207375798838404,False
H_AF_domain,13.0,213,3.217088667090913,False
H_AF_domain,13.0,214,3.2505501154051046,False
H_AF_domain,13.0,215,3.254623271447102,False
H_AF_domain,13.0,216,3.26105412778882,False
H_AF_domain,13.0,217,3.268167851573588,False
H_AF_domain,13.0,218,3.281331564666381,False
H_AF_domain,13.0,219,3.296219894362691,False
H_AF_domain,13.0,220,3.3095476638572143,False
H_AF_domain,13.0,221,3.318805873339537,False
H_AF_domain,13.0,222,3.3394634918733304,False
H_AF_domain,13.0,223,3.358106761523114,False
H_AF_domain,13.0,224,3.360620881660577,False
H_AF_domain,13.0,225,3.3833559174304964,False
H_AF_domain,13.0,226,3.396184790247476,False
H_AF_domain,13.0,227,3.40489017811835,False
H_AF_domain,13.0,228,3.4242680589392545,False
H_AF_domain,13.0,229,3.4447807821826033,False
H_AF_domain,13.0,230,3.4548091426751175,False
H_AF_domain,13.0,231,3.4597146449767844,False
H_AF_domain,13.0,232,3.4823424259451117,False
H_AF_domain,13.0,233,3.495949927521151,False
H_AF_domain,13.0,234,3.5154138184364223,False
H_AF_domain,13.0,235,3.535519408031611,False
H_AF_domain,13.0,236,3.542046237125543,False
H_AF_domain,13.0,237,3.549768452389552,False
H_AF_domain,13.0,238,3.568976015776265,False
H_AF_domain,13.0,239,3.586865769156902,False
H_AF_domain,13.0,240,3.60411270736134,False
H_AF_domain,13.0,241,3.6153307803162607,False
H_AF_domain,13.0,242,3.6281066184768913,False
H_AF_domain,13.0,243,3.6453418034897784,False
H_AF_domain,13.0,244,3.6639632820596444,False
H_AF_domain,13.0,245,3.67234790196342,False
H_AF_domain,13.0,246,3.6823729431950585,False
H_AF_domain,13.0,247,3.6987629219602227,False
H_AF_domain,13.0,248,3.7237915745433905,False
H_AF_domain,13.0,249,3.7518163289617057,False
H_AF_domain,13.0,250,3.7658598703973043,False
H_AF_domain,13.0,251,3.770472891447514,False
H_AF_domain,13.0,252,3.7865821238331816,False
H_AF_domain,13.0,253,3.8147988243629403,False
H_AF_domain,13.0,254,3.82182328572271,False
H_AF_domain,13.0,255,3.831288575808968,False
H_AF_domain,13.0,256,3.8368748178806307,False
H_AF_domain,13.0,257,3.859418872629776,False
H_AF_domain,13.0,258,3.8733833749014517,False
H_AF_domain,13.0,259,3.8783486504367577,False
H_AF_domain,13.0,260,3.896740847354,False
H_AF_domain,13.0,261,3.9013299740838834,False
H_AF_domain,13.0,262,3.9138986666554016,False
H_AF_domain,13.0,263,3.9343168148492715,False
H_AF_domain,13.0,264,3.9499372268309663,False
H_AF_domain,13.0,265,3.9546662640765127,False
H_AF_domain,13.0,266,3.958205943224738,False
H_AF_domain,13.0,267,3.9715781410445383,False
H_AF_domain,13.0,268,4.003907812212849,False
H_AF_domain,13.0,269,4.007880095886447,False
H_AF_domain,13.0,270,4.042509239221822,False
H_AF_domain,13.0,271,4.054857278468606,False
H_AF_domain,13.0,272,4.060139966438846,False
H_AF_domain,13.0,273,4.074789087307681,False
H_AF_domain,13.0,274,4.092271946147149,False
H_AF_domain,13.0,275,4.111434447054594,False
H_AF_domain,13.0,276,4.117499341639744,False
H_AF_domain,13.0,277,4.126836438923102,False
H_AF_domain,13.0,278,4.149489582403371,False
H_AF_domain,13.0,279,4.165209284764841,False
H_AF_domain,13.0,280,4.178372399356782,False
H_AF_domain,13.0,281,4.182311573519584,False
H_AF_domain,13.0,282,4.196805350214913,False
H_AF_domain,13.0,283,4.211776719222419,False
H_AF_domain,13.0,284,4.247964701237942,False
H_AF_domain,13.0,285,4.25171414538378,False
H_AF_domain,13.0,286,4.2586334494308105,False
H_AF_domain,13.0,287,4.278989488516206,False
H_AF_domain,13.0,288,4.297638059720331,False
H_AF_domain,13.0,289,4.30853001604469,False
H_AF_domain,13.0,290,4.319277111243011,False
H_AF_domain,13.0,291,4.336119865236689,False
H_AF_domain,13.0,292,4.360809946102489,False
H_AF_domain,13.0,293,4.362784599896425,False
H_AF_domain,13.0,294,4.382394305759708,False
H_AF_domain,13.0,295,4.400720106520447,False
H_AF_domain,13.0,296,4.404337989242147,False
H_AF_domain,13.0,297,4.415771017733168,False
H_AF_domain,13.0,298,4.437964475376914,False
H_AF_domain,13.0,299,4.465539974996443,False
H_AF_domain,13.0,300,4.479307632099084,False
H_AF_domain,13.0,301,4.492063303351596,False
H_AF_domain,13.0,302,4.5241696514794345,False
H_AF_domain,13.0,303,4.5289966573936,False
H_AF_domain,13.0,304,4.540558910980269,False
H_AF_domain,13.0,305,4.550597607258412,False
H_AF_domain,13.0,306,4.564959815988659,False
H_AF_domain,13.0,307,4.5756610589162525,False
H_AF_domain,13.0,308,4.586320958165154,False
H_AF_domain,13.0,309,4.596067195889434,False
H_AF_domain,13.0,310,4.612022510012249,False
H_AF_domain,13.0,311,4.618365398091445,False
H_AF_domain,13.0,312,4.629161905901641,False
H_AF_domain,13.0,313,4.659494785240265,False
H_AF_domain,13.0,314,4.668214898867817,False
H_AF_domain,13.0,315,4.68702205707544,False
H_AF_domain,13.0,316,4.69844559525285,False
H_AF_domain,13.0,317,4.714799793268235,False
H_AF_domain,13.0,318,4.733139182961413,False
H_AF_domain,13.0,319,4.754453836850119,False
H_AF_domain,13.0,320,4.765550790793316,False
H_AF_domain,13.0,321,4.785627728374127,False
H_AF_domain,13.0,322,4.80512551649833,False
H_AF_domain,13.0,323,4.8104869117606945,False
H_AF_domain,13.0,324,4.82957279602825,False
H_AF_domain,13.0,325,4.862079297566226,False
H_AF_domain,13.0,326,4.87095676405786,False
H_AF_domain,13.0,327,4.901323567419059,False
H_AF_domain,13.0,328,4.913758935901678,False
H_AF_domain,13.0,329,4.920753784682017,False
H_AF_domain,13.0,330,4.938515359099033,False
H_AF_domain,13.0,331,4.954901662429865,False
H_AF_domain,13.0,332,4.96452240071445,False
H_AF_domain,13.0,333,4.973048865975902,False
H_AF_domain,13.0,334,4.985106064782779,False
H_AF_domain,13.0,335,5.003127194085886,False
H_AF_domain,13.0,336,5.013266058349961,False
H_AF_domain,13.0,337,5.034154373467875,False
H_AF_domain,13.0,338,5.044820990066709,False
H_AF_domain,13.0,339,5.057142182220796,False
H_AF_domain,13.0,340,5.062263199341518,False
H_AF_domain,13.0,341,5.087119999776648,False
H_AF_domain,13.0,342,5.1015736688355755,False
H_AF_domain,13.0,343,5.107526147867688,False
H_AF_domain,13.0,344,5.124421679035549,False
H_AF_domain,13.0,345,5.132084525210849,False
H_AF_domain,13.0,346,5.141433043547904,False
H_AF_domain,13.0,347,5.150884941795717,False
H_AF_domain,13.0,348,5.169773164623455,False
H_AF_domain,13.0,349,5.1764223662547355,False
H_AF_domain,13.0,350,5.199691023129351,False
H_AF_domain,13.0,351,5.20605844316569,False
H_AF_domain,13.0,352,5.214271018681259,False
H_AF_domain,13.0,353,5.230176394359798,False
H_AF_domain,13.0,354,5.238617028986398,False
H_AF_domain,13.0,355,5.2487973989850705,False
H_AF_domain,13.0,356,5.254322768720458,False
H_AF_domain,13.0,357,5.260938365320861,False
H_AF_domain,13.0,358,5.2707389303153045,False
H_AF_domain,13.0,359,5.2812151546224975,False
H_AF_domain,13.0,360,5.299398452701642,False
H_AF_domain,13.0,361,5.314203365675375,False
H_AF_domain,13.0,362,5.325686954994679,False
H_AF_domain,13.0,363,5.3349654768561585,False
H_AF_domain,13.0,364,5.338247464197472,False
H_AF_domain,13.0,365,5.351533190506496,False
H_AF_domain,13.0,366,5.367428336436224,False
H_AF_domain,13.0,367,5.379180810426627,False
H_AF_domain,13.0,368,5.387716721741306,False
H_AF_domain,13.0,369,5.404173429132833,False
H_AF_domain,13.0,370,5.418168390347517,False
H_AF_domain,13.0,371,5.423940256001313,False
H_AF_domain,13.0,372,5.443780489942363,False
H_AF_domain,13.0,373,5.45979953286787,False
H_AF_domain,13.0,374,5.464522726378483,False
H_AF_domain,13.0,375,5.482982881397087,False
H_AF_domain,13.0,376,5.490447932152228,False
H_AF_domain,13.0,377,5.50050487596041,False
H_AF_domain,13.0,378,5.518774693400485,False
H_AF_domain,13.0,379,5.531587448851141,False
H_AF_domain,13.0,380,5.539264667817769,False
H_AF_domain,13.0,381,5.5519516568272005,False
H_AF_domain,13.0,382,5.559122706876315,False
H_AF_domain,13.0,383,5.561862884665397,False
H_AF_domain,13.0,384,5.589080820322694,False
H_AF_domain,13.0,385,5.593319566445769,False
H_AF_domain,13.0,386,5.603224748807595,False
H_AF_domain,13.0,387,5.613167277739104,False
H_AF_domain,13.0,388,5.630016339485329,False
H_AF_domain,13.0,389,5.63468502947783,False
H_AF_domain,13.0,390,5.654288480465039,False
H_AF_domain,13.0,391,5.659936729763671,False
H_AF_domain,13.0,392,5.675554045816111,False
H_AF_domain,13.0,393,5.678865246669279,False
H_AF_domain,13.0,394,5.691637957974848,False
H_AF_domain,13.0,395,5.699135117474754,False
H_AF_domain,13.0,396,5.708358332095973,False
H_AF_domain,13.0,397,5.724957609021934,False
H_AF_domain,13.0,398,5.729341381588394,False
H_AF_domain,13.0,399,5.736825764355857,False
H_AF_domain,13.0,400,5.746759320678581,False
H_AF_domain,13.0,401,5.757760859515162,False
H_AF_domain,13.0,402,5.761932031784953,False
H_AF_domain,13.0,403,5.776063289293596,False
H_AF_domain,13.0,404,5.794309463905106,False
H_AF_domain,13.0,405,5.798771223829957,False
H_AF_domain,13.0,406,5.811994304832247,False
H_AF_domain,13.0,407,5.823850088488622,False
H_AF_domain,13.0,408,5.83109353251339,False
H_AF_domain,13.0,409,5.839750606722256,False
H_AF_domain,13.0,410,5.847873445147574,False
H_AF_domain,13.0,411,5.85789893875731,False
H_AF_domain,13.0,412,5.878933499308413,False
H_AF_domain,13.0,413,5.886671108619016,False
H_AF_domain,13.0,414,5.896376530507291,False
H_AF_domain,13.0,415,5.909539398246298,False
H_AF_domain,13.0,416,5.919274444687929,False
H_AF_domain,13.0,417,5.932064341935867,False
H_AF_domain,13.0,418,5.946965618731908,False
H_AF_domain,13.0,419,5.964111216023168,False
H_AF_domain,13.0,420,5.970048676291664,False
H_AF_domain,13.0,421,5.986375956243688,False
H_AF_domain,13.0,422,5.992405413510948,False
H_AF_domain,13.0,423,6.004897938828445,False
H_AF_domain,13.0,424,6.023908304950461,False
H_AF_domain,13.0,425,6.029527291880476,False
H_AF_domain,13.0,426,6.034126583996362,False
H_AF_domain,13.0,427,6.052536418489873,False
H_AF_domain,13.0,428,6.0616437793511775,False
H_AF_domain,13.0,429,6.068029268154167,False
H_AF_domain,13.0,430,6.079296108889783,False
H_AF_domain,13.0,431,6.091895728843056,False
H_AF_domain,13.0,432,6.11247746699946,False
H_AF_domain,13.0,433,6.11914945416669,False
H_AF_domain,13.0,434,6.134194546971226,False
H_AF_domain,13.0,435,6.146938923188724,False
H_AF_domain,13.0,436,6.165059464035258,False
H_AF_domain,13.0,437,6.177398268291097,False
H_AF_domain,13.0,438,6.18427509462798,False
H_AF_domain,13.0,439,6.191706814411983,False
H_AF_domain,13.0,440,6.2100142377702205,False
H_AF_domain,13.0,441,6.215299531131533,False
H_AF_domain,13.0,442,6.222690668680886,False
H_AF_domain,13.0,443,6.23189290192788,False
H_AF_domain,13.0,444,6.253914478441969,False
H_AF_domain,13.0,445,6.266159532274947,False
H_AF_domain,13.0,446,6.2733917663798655,False
H_AF_domain,13.0,447,6.282703193796572,False
H_AF_domain,13.0,448,6.288547495399977,False
H_AF_domain,13.0,449,6.3025381404499345,False
H_AF_domain,13.0,450,6.321857780530469,False
H_AF_domain,13.0,451,6.325523540236794,False
H_AF_domain,13.0,452,6.349196334294163,False
H_AF_domain,13.0,453,6.356668676763019,False
H_AF_domain,13.0,454,6.363326200414123,False
H_AF_domain,13.0,455,6.383697631604579,False
H_AF_domain,13.0,456,6.3961664379577865,False
H_AF_domain,13.0,457,6.4122000787610425,False
H_AF_domain,13.0,458,6.4236361893424325,False
H_AF_domain,13.0,459,6.434480751921217,False
H_AF_domain,13.0,460,6.458827313756681,False
H_AF_domain,13.0,461,6.463546078689407,False
H_AF_domain,13.0,462,6.477633893415985,False
H_AF_domain,13.0,463,6.488447987752002,False
H_AF_domain,13.0,464,6.509358083214244,False
H_AF_domain,13.0,465,6.525386569625204,False
H_AF_domain,13.0,466,6.533290447583046,False
H_AF_domain,13.0,467,6.536752299486458,False
H_AF_domain,13.0,468,6.553477598615023,False
H_AF_domain,13.0,469,6.561760615566411,False
H_AF_domain,13.0,470,6.567634535615338,False
H_AF_domain,13.0,471,6.581962481417176,False
H_AF_domain,13.0,472,6.589281136011906,False
H_AF_domain,13.0,473,6.603979695947271,False
H_AF_domain,13.0,474,6.606944127180227,False
H_AF_domain,13.0,475,6.612108547079461,False
H_AF_domain,13.0,476,6.632772538017148,False
H_AF_domain,13.0,477,6.647409384355756,False
H_AF_domain,13.0,478,6.651546881040302,False
H_AF_domain,13.0,479,6.660060560147174,False
H_AF_domain,13.0,480,6.6756794264441,False
H_AF_domain,13.0,481,6.6778556863955565,False
H_AF_domain,13.0,482,6.6877939257808645,False
H_AF_domain,13.0,483,6.696262687982017,False
H_AF_domain,13.0,484,6.7035902532197,False
H_AF_domain,13.0,485,6.71723329864926,False
H_AF_domain,13.0,486,6.72491248280273,False
H_AF_domain,13.0,487,6.729726136082945,False
H_AF_domain,13.0,488,6.75088832735404,False
H_AF_domain,13.0,489,6.765237147674715,False
H_AF_domain,13.0,490,6.771629873337506,False
H_AF_domain,13.0,491,6.780936773735971,False
H_AF_domain,13.0,492,6.786209863512808,False
H_AF_domain,13.0,493,6.7939233182920455,False
H_AF_domain,13.0,494,6.801497244928656,False
H_AF_domain,13.0,495,6.813725111593903,False
H_AF_domain,13.0,496,6.824552513151136,False
H_AF_domain,13.0,497,6.837526580699763,False
H_AF_domain,13.0,498,6.8486891574254605,False
H_AF_domain,13.0,499,6.855537689164055,False
H_AF_domain,13.0,500,6.868895737885948,False
H_AF_domain,13.0,501,6.880810120229024,False
H_AF_domain,13.0,502,6.897890819832068,False
H_AF_domain,13.0,503,6.907449726477737,False
H_AF_domain,13.0,504,6.9164636831206865,False
H_AF_domain,13.0,505,6.925812002744297,False
H_AF_domain,13.0,506,6.936611868768733,False
H_AF_domain,13.0,507,6.948213931588812,False
H_AF_domain,13.0,508,6.950132529127446,False
H_AF_domain,13.0,509,6.9658326289206425,False
H_AF_domain,13.0,510,6.969166301794664,False
H_AF_domain,13.0,511,6.976382460519813,False
H_AF_domain,13.0,512,6.978973297958859,False
H_AF_domain,13.0,513,6.993109279262141,False
H_AF_domain,13.0,514,7.004026029718078,False
H_AF_domain,13.0,515,7.012864374358262,False
H_AF_domain,13.0,516,7.017998588628448,False
H_AF_domain,13.0,517,7.027561274301333,False
H_AF_domain,13.0,518,7.042161131789521,False
H_AF_domain,13.0,519,7.0483085094492415,False
H_AF_domain,13.0,520,7.062387141840865,False
H_AF_domain,13.0,521,7.083235961010593,False
H_AF_domain,13.0,522,7.091872066743062,False
H_AF_domain,13.0,523,7.097642402333626,False
H_AF_domain,13.0,524,7.105265991616575,False
H_AF_domain,13.0,525,7.117394205606508,False
H_AF_domain,13.0,526,7.1201101721888485,False
H_AF_domain,13.0,527,7.135588341512685,False
H_AF_domain,13.0,528,7.145815190104546,False
H_AF_domain,13.0,529,7.152164749499676,False
H_AF_domain,13.0,530,7.162043418308345,False
H_AF_domain,13.0,531,7.167639407289115,False
H_AF_domain,13.0,532,7.178350507878528,False
H_AF_domain,13.0,533,7.209407866592257,False
H_AF_domain,13.0,534,7.220661011077191,False
H_AF_domain,13.0,535,7.228969397913121,False
H_AF_domain,13.0,536,7.25026022588474,False
H_AF_domain,13.0,537,7.253874869497891,False
H_AF_domain,13.0,538,7.282881037250141,False
H_AF_domain,13.0,539,7.301395719176094,False
H_AF_domain,13.0,540,7.304276891351491,False
H_AF_domain,13.0,541,7.323427114937539,False
H_AF_domain,13.0,542,7.342643236463383,False
H_AF_domain,13.0,543,7.35024434487479,False
H_AF_domain,13.0,544,7.36796306197023,False
H_AF_domain,13.0,545,7.384821434730928,False
H_AF_domain,13.0,546,7.393362803016849,False
H_AF_domain,13.0,547,7.4039746800893305,False
H_AF_domain,13.0,548,7.409560551308643,False
H_AF_domain,13.0,549,7.413835468076007,False
H_AF_domain,13.0,550,7.432072115350345,False
H_AF_domain,13.0,551,7.438373111179646,False
H_AF_domain,13.0,552,7.443880278601124,False
H_AF_domain,13.0,553,7.447380247919767,False
H_AF_domain,13.0,554,7.464214432420565,False
H_AF_domain,13.0,555,7.470669930734718,False
H_AF_domain,13.0,556,7.4811698812783405,False
H_AF_domain,13.0,557,7.494471897709646,False
H_AF_domain,13.0,558,7.514611158319229,False
H_AF_domain,13.0,559,7.518114861459845,False
H_AF_domain,13.0,560,7.5340246720246,False
H_AF_domain,13.0,561,7.553907311449152,False
H_AF_domain,13.0,562,7.557308056582265,False
H_AF_domain,13.0,563,7.562106804675735,False
H_AF_domain,13.0,564,7.580943250593297,False
H_AF_domain,13.0,565,7.587904745199864,False
H_AF_domain,13.0,566,7.5945839943992395,False
H_AF_domain,13.0,567,7.608344378813516,False
H_AF_domain,13.0,568,7.621321404911,False
H_AF_domain,13.0,569,7.629360856510317,False
H_AF_domain,13.0,570,7.6345724415798735,False
H_AF_domain,13.0,571,7.646925434506428,False
H_AF_domain,13.0,572,7.659118018222979,False
H_AF_domain,13.0,573,7.665318320571862,False
H_AF_domain,13.0,574,7.6746901209051615,False
H_AF_domain,13.0,575,7.692752510141319,False
H_AF_domain,13.0,576,7.700532764551998,False
H_AF_domain,13.0,577,7.711034074059825,False
H_AF_domain,13.0,578,7.720184121494223,False
H_AF_domain,13.0,579,7.737762578732312,False
H_AF_domain,13.0,580,7.742185174690872,False
H_AF_domain,13.0,581,7.757246654769306,False
H_AF_domain,13.0,582,7.7628557988481415,False
H_AF_domain,13.0,583,7.772285546340382,False
H_AF_domain,13.0,584,7.779052111301296,False
H_AF_domain,13.0,585,7.790350706897039,False
H_AF_domain,13.0,586,7.797514916518993,False
H_AF_domain,13.0,587,7.811370691313299,False
H_AF_domain,13.0,588,7.816243610548031,False
H_AF_domain,13.0,589,7.8279941128976995,False
H_AF_domain,13.0,590,7.840937760174139,False
H_AF_domain,13.0,591,7.8447463725057105,False
H_AF_domain,13.0,592,7.860404398379881,False
H_AF_domain,13.0,593,7.86941537963693,False
H_AF_domain,13.0,594,7.885802763596578,False
H_AF_domain,13.0,595,7.890626087539278,False
H_AF_domain,13.0,596,7.90470342239085,False
H_AF_domain,13.0,597,7.922983370443859,False
H_AF_domain,13.0,598,7.929044217976842,False
H_AF_domain,13.0,599,7.935259738750604,False
H_AF_domain,13.0,600,7.955311078336874,False
H_AF_domain,13.0,601,7.972265965050717,False
H_AF_domain,13.0,602,7.977190780915588,False
H_AF_domain,13.0,603,7.984689749547431,False
H_AF_domain,13.0,604,7.99228924173004,False
H_AF_domain,13.0,605,8.012731200343037,False
H_AF_domain,13.0,606,8.018857088256059,False
H_AF_domain,13.0,607,8.027858317289965,False
H_AF_domain,13.0,608,8.03667265272149,False
H_AF_domain,13.0,609,8.0483556127159,False
H_AF_domain,13.0,610,8.056197850543235,False
H_AF_domain,13.0,611,8.066979061705277,False
H_AF_domain,13.0,612,8.076451902955629,False
H_AF_domain,13.0,613,8.078669157515098,False
H_AF_domain,13.0,614,8.095561306404406,False
H_AF_domain,13.0,615,8.101082577371237,False
H_AF_domain,13.0,616,8.114250940440305,False
H_AF_domain,13.0,617,8.126677404641507,False
H_AF_domain,13.0,618,8.137285626300827,False
H_AF_domain,13.0,619,8.1479965733355,False
H_AF_domain,13.0,620,8.155737534588413,False
H_AF_domain,13.0,621,8.157043676423614,False
H_AF_domain,13.0,622,8.169819880116188,False
H_AF_domain,13.0,623,8.187811916189215,False
H_AF_domain,13.0,624,8.192315807126537,False
H_AF_domain,13.0,625,8.206619839829504,False
H_AF_domain,13.0,626,8.217526009227154,False
H_AF_domain,13.0,627,8.230483459963926,False
H_AF_domain,13.0,628,8.232919362812055,False
H_AF_domain,13.0,629,8.245411204290885,False
H_AF_domain,13.0,630,8.255688860464938,False
H_AF_domain,13.0,631,8.260502562846233,False
H_AF_domain,13.0,632,8.273979194851973,False
H_AF_domain,13.0,633,8.283242934292225,False
H_AF_domain,13.0,634,8.300490877222485,False
H_AF_domain,13.0,635,8.316143201742026,False
H_AF_domain,13.0,636,8.325344166014434,False
H_AF_domain,13.0,637,8.359457134825156,False
H_AF_domain,13.0,638,8.366202922845288,False
H_AF_domain,13.0,639,8.37657481699907,False
H_AF_domain,13.0,640,8.380351612392943,False
H_AF_domain,13.0,641,8.385883564665185,False
H_AF_domain,13.0,642,8.390393050919633,False
H_AF_domain,13.0,643,8.409201605837215,False
H_AF_domain,13.0,644,8.430290117307553,False
H_AF_domain,13.0,645,8.432323466392939,False
H_AF_domain,13.0,646,8.439677968547436,False
H_AF_domain,13.0,647,8.443375447587306,False
H_AF_domain,13.0,648,8.456411411404734,False
H_AF_domain,13.0,649,8.467204452537807,False
H_AF_domain,13.0,650,8.47549846469041,False
H_AF_domain,13.0,651,8.487439204797155,False
H_AF_domain,13.0,652,8.507305172521335,False
H_AF_domain,13.0,653,8.514181279824413,False
H_AF_domain,13.0,654,8.518612126563347,False
H_AF_domain,13.0,655,8.528731678285771,False
H_AF_domain,13.0,656,8.545661457855159,False
H_AF_domain,13.0,657,8.560036168009546,False
H_AF_domain,13.0,658,8.567548961382132,False
H_AF_domain,13.0,659,8.571523045292114,False
H_AF_domain,13.0,660,8.597068786974642,False
H_AF_domain,13.0,661,8.60236026894178,False
H_AF_domain,13.0,662,8.614187263218943,False
H_AF_domain,13.0,663,8.617725016153186,False
H_AF_domain,13.0,664,8.621894068449555,False
H_AF_domain,13.0,665,8.638552819716464,False
H_AF_domain,13.0,666,8.65063452137093,False
H_AF_domain,13.0,667,8.657776624688543,False
H_AF_domain,13.0,668,8.668642673117395,False
H_AF_domain,13.0,669,8.690331623158865,False
H_AF_domain,13.0,670,8.703652284833796,False
H_AF_domain,13.0,671,8.712804519513814,False
H_AF_domain,13.0,672,8.717950832242726,False
H_AF_domain,13.0,673,8.721526989067312,False
H_AF_domain,13.0,674,8.73787946073241,False
H_AF_domain,13.0,675,8.748320621020655,False
H_AF_domain,13.0,676,8.751215083510816,False
H_AF_domain,13.0,677,8.770760651462593,False
H_AF_domain,13.0,678,8.775355702279057,False
H_AF_domain,13.0,679,8.787388137286046,False
H_AF_domain,13.0,680,8.800074507856468,False
H_AF_domain,13.0,681,8.806385248055069,False
H_AF_domain,13.0,682,8.818982605693526,False
H_AF_domain,13.0,683,8.832700254970486,False
H_AF_domain,13.0,684,8.84075193157625,False
H_AF_domain,13.0,685,8.852734017782074,False
H_AF_domain,13.0,686,8.871643630874303,False
H_AF_domain,13.0,687,8.884122745623833,False
H_AF_domain,13.0,688,8.89123179153844,False
H_AF_domain,13.0,689,8.904532286504761,False
H_AF_domain,13.0,690,8.910207750092447,False
H_AF_domain,13.0,691,8.914150671870894,False
H_AF_domain,13.0,692,8.934054193622368,False
H_AF_domain,13.0,693,8.942910692306633,False
H_AF_domain,13.0,694,8.945849118994916,False
H_AF_domain,13.0,695,8.96014299636786,False
H_AF_domain,13.0,696,8.978959166995711,False
H_AF_domain,13.0,697,8.980392761840118,False
H_AF_domain,13.0,698,8.985746447938379,False
H_AF_domain,13.0,699,9.006973568527032,False
H_AF_domain,13.0,700,9.015854660768056,False
H_AF_domain,13.0,701,9.029681166407357,False
H_AF_domain,13.0,702,9.041268244190194,False
H_AF_domain,13.0,703,9.047268729605877,False
H_AF_domain,13.0,704,9.05785817753779,False
H_AF_domain,13.0,705,9.069902971760849,False
H_AF_domain,13.0,706,9.093100768126586,False
H_AF_domain,13.0,707,9.101073225696073,False
H_AF_domain,13.0,708,9.107447710687163,False
H_AF_domain,13.0,709,9.1184871032728,False
H_AF_domain,13.0,710,9.122055205369069,False
H_AF_domain,13.0,711,9.124126983820384,False
H_AF_domain,13.0,712,9.142116712722961,False
H_AF_domain,13.0,713,9.14307205031134,False
H_AF_domain,13.0,714,9.157661468009401,False
H_AF_domain,13.0,715,9.160863901673897,False
H_AF_domain,13.0,716,9.17437107528285,False
H_AF_domain,13.0,717,9.191849252667609,False
H_AF_domain,13.0,718,9.210401626409615,False
H_AF_domain,13.0,719,9.211732004488592,False
H_AF_domain,13.0,720,9.227071515172002,False
H_AF_domain,13.0,721,9.233328506424929,False
H_AF_domain,13.0,722,9.242135088444597,False
H_AF_domain,13.0,723,9.255490170776774,False
H_AF_domain,13.0,724,9.256940611996084,False
H_AF_domain,13.0,725,9.266462751778025,False
H_AF_domain,13.0,726,9.28001297475744,False
H_AF_domain,13.0,727,9.289257590899672,False
H_AF_domain,13.0,728,9.305742820645722,False
H_AF_domain,13.0,729,9.31004781396851,False
H_AF_domain,13.0,730,9.315006284877986,False
H_AF_domain,13.0,731,9.326220508010032,False
H_AF_domain,13.0,732,9.338974292482298,False
H_AF_domain,13.0,733,9.361773566756735,False
H_AF_domain,13.0,734,9.372175997367423,False
H_AF_domain,13.0,735,9.374895792721157,False
H_AF_domain,13.0,736,9.398366673298503,False
H_AF_domain,13.0,737,9.398525281171096,False
H_AF_domain,13.0,738,9.414584424888217,False
H_AF_domain,13.0,739,9.425290787697977,False
H_AF_domain,13.0,740,9.442393699880705,False
H_AF_domain,13.0,741,9.459871733419389,False
H_AF_domain,13.0,742,9.474265680909225,False
H_AF_domain,13.0,743,9.484737158202035,False
H_AF_domain,13.0,744,9.500585805323032,False
H_AF_domain,13.0,745,9.514421663093586,False
H_AF_domain,13.0,746,9.535908035264693,False
H_AF_domain,13.0,747,9.545297511204065,False
H_AF_domain,13.0,748,9.558522568164694,False
H_AF_domain,13.0,749,9.56660700958396,False
H_AF_domain,13.0,750,9.574931220539202,False
H_AF_domain,13.0,751,9.586127864016992,False
H_AF_domain,13.0,752,9.597129696222096,False
H_AF_domain,13.0,753,9.598939523412724,False
H_AF_domain,13.0,754,9.636643064066227,False
H_AF_domain,13.0,755,9.640688404476558,False
H_AF_domain,13.0,756,9.651740421484053,False
H_AF_domain,13.0,757,9.662377184643924,False
H_AF_domain,13.0,758,9.669113132420419,False
H_AF_domain,13.0,759,9.67502138563314,False
H_AF_domain,13.0,760,9.697138553399432,False
H_AF_domain,13.0,761,9.699996060847502,False
H_AF_domain,13.0,762,9.711315299097922,False
H_AF_domain,13.0,763,9.724460503245094,False
H_AF_domain,13.0,764,9.727737929098014,False
H_AF_domain,13.0,765,9.731873450310857,False
H_AF_domain,13.0,766,9.741683757705669,False
H_AF_domain,13.0,767,9.747847926496066,False
H_AF_domain,13.0,768,9.763112849573234,False
H_AF_domain,13.0,769,9.7693142559477,False
H_AF_domain,13.0,770,9.774581049815565,False
H_AF_domain,13.0,771,9.785520545279878,False
H_AF_domain,13.0,772,9.790362190628493,False
H_AF_domain,13.0,773,9.796787652188113,False
H_AF_domain,13.0,774,9.806027506068222,False
H_AF_domain,13.0,775,9.826210229190394,False
H_AF_domain,13.0,776,9.832242782358303,False
H_AF_domain,13.0,777,9.845151629028038,False
H_AF_domain,13.0,778,9.85836819216534,False
H_AF_domain,13.0,779,9.863549837242758,False
H_AF_domain,13.0,780,9.87003517403478,False
H_AF_domain,13.0,781,9.893417373826724,False
H_AF_domain,13.0,782,9.896020070999661,False
H_AF_domain,13.0,783,9.90266675836846,False
H_AF_domain,13.0,784,9.908274456442143,False
H_AF_domain,13.0,785,9.911891002750426,False
H_AF_domain,13.0,786,9.931970614208206,False
H_AF_domain,13.0,787,9.935657682624885,False
H_AF_domain,13.0,788,9.949125347238565,False
H_AF_domain,13.0,789,9.954849296297871,False
H_AF_domain,13.0,790,9.963013340021327,False
H_AF_domain,13.0,791,9.976522067274951,False
H_AF_domain,13.0,792,9.983638823131114,False
H_AF_domain,13.0,793,9.998885685454328,False
H_AF_domain,13.0,794,10.005041450578664,False
H_AF_domain,13.0,795,10.016003466480495,False
H_AF_domain,13.0,796,10.029445019199633,False
H_AF_domain,13.0,797,10.039366142564628,False
H_AF_domain,13.0,798,10.052940991695255,False
H_AF_domain,13.0,799,10.057778548431621,False
H_AF_domain,13.0,800,10.066465962711003,False
H_AF_domain,13.0,801,10.079565280412208,False
H_AF_domain,13.0,802,10.088252041851169,False
H_AF_domain,13.0,803,10.097931385231739,False
H_AF_domain,13.0,804,10.105758668490939,False
H_AF_domain,13.0,805,10.119294872695871,False
H_AF_domain,13.0,806,10.136195632630855,False
H_AF_domain,13.0,807,10.14072005316703,False
H_AF_domain,13.0,808,10.148180406073763,False
H_AF_domain,13.0,809,10.154182533439576,False
H_AF_domain,13.0,810,10.166416519324223,False
H_AF_domain,13.0,811,10.185600599128074,False
H_AF_domain,13.0,812,10.185966658042556,False
H_AF_domain,13.0,813,10.195644389530194,False
H_AF_domain,13.0,814,10.21764975832488,False
H_AF_domain,13.0,815,10.22890710144288,False
H_AF_domain,13.0,816,10.24325312411365,False
H_AF_domain,13.0,817,10.251567385698909,False
H_AF_domain,13.0,818,10.25766706268169,False
H_AF_domain,13.0,819,10.265171938790616,False
H_AF_domain,13.0,820,10.283553129431136,False
H_AF_domain,13.0,821,10.293593605998621,False
H_AF_domain,13.0,822,10.302639995527938,False
H_AF_domain,13.0,823,10.327227294851543,False
H_AF_domain,13.0,824,10.331980494746272,False
H_AF_domain,13.0,825,10.337584329242546,False
H_AF_domain,13.0,826,10.351700991877621,False
H_AF_domain,13.0,827,10.364108056438486,False
H_AF_domain,13.0,828,10.37283817752357,False
H_AF_domain,13.0,829,10.38890946052321,False
H_AF_domain,13.0,830,10.404626203245009,False
H_AF_domain,13.0,831,10.410763598290636,False
H_AF_domain,13.0,832,10.422627053526941,False
H_AF_domain,13.0,833,10.435528320381556,False
H_AF_domain,13.0,834,10.439121166729942,False
H_AF_domain,13.0,835,10.448652137616495,False
H_AF_domain,13.0,836,10.461610416044797,False
H_AF_domain,13.0,837,10.470270954631994,False
H_AF_domain,13.0,838,10.480815121377036,False
H_AF_domain,13.0,839,10.484864840781754,False
H_AF_domain,13.0,840,10.494027673718826,False
H_AF_domain,13.0,841,10.500559258858898,False
H_AF_domain,13.0,842,10.51861820876913,False
H_AF_domain,13.0,843,10.52707904465243,False
H_AF_domain,13.0,844,10.537591074622263,False
H_AF_domain,13.0,845,10.562807915041875,False
H_AF_domain,13.0,846,10.574513153206103,False
H_AF_domain,13.0,847,10.583151869698513,False
H_AF_domain,13.0,848,10.589243581568226,False
H_AF_domain,13.0,849,10.610931656583151,False
H_AF_domain,13.0,850,10.614883264345828,False
H_AF_domain,13.0,851,10.62267916178309,False
H_AF_domain,13.0,852,10.633303465824882,False
H_AF_domain,13.0,853,10.642005376602302,False
H_AF_domain,13.0,854,10.653815823694675,False
H_AF_domain,13.0,855,10.660282429203336,False
H_AF_domain,13.0,856,10.670309938480598,False
H_AF_domain,13.0,857,10.682677225038091,False
H_AF_domain,13.0,858,10.689748704472736,False
H_AF_domain,13.0,859,10.695491434847927,False
H_AF_domain,13.0,860,10.709703981845962,False
H_AF_domain,13.0,861,10.714103021896802,False
H_AF_domain,13.0,862,10.722518845603751,False
H_AF_domain,13.0,863,10.726720052349709,False
H_AF_domain,13.0,864,10.744165199784758,False
H_AF_domain,13.0,865,10.759037692156653,False
H_AF_domain,13.0,866,10.77443369617927,False
H_AF_domain,13.0,867,10.782979280468714,False
H_AF_domain,13.0,868,10.793155864236285,False
H_AF_domain,13.0,869,10.810241715054184,False
H_AF_domain,13.0,870,10.819035904976666,False
H_AF_domain,13.0,871,10.840658253105882,False
H_AF_domain,13.0,872,10.844326490939299,False
H_AF_domain,13.0,873,10.851895371426671,False
H_AF_domain,13.0,874,10.859754301141848,False
H_AF_domain,13.0,875,10.877277926474129,False
H_AF_domain,13.0,876,10.879287444068453,False
H_AF_domain,13.0,877,10.89355744787188,False
H_AF_domain,13.0,878,10.907501773198677,False
H_AF_domain,13.0,879,10.925770796569942,False
H_AF_domain,13.0,880,10.942192054836108,False
H_AF_domain,13.0,881,10.944956646392855,False
H_AF_domain,13.0,882,10.961565905808317,False
H_AF_domain,13.0,883,10.971826646517691,False
H_AF_domain,13.0,884,10.99350141344309,False
H_AF_domain,13.0,885,10.99937262410266,False
H_AF_domain,13.0,886,11.007579906809218,False
H_AF_domain,13.0,887,11.015395655675762,False
H_AF_domain,13.0,888,11.028545458654804,False
H_AF_domain,13.0,889,11.037591731655649,False
H_AF_domain,13.0,890,11.041317173158996,False
H_AF_domain,13.0,891,11.065320302661945,False
H_AF_domain,13.0,892,11.070540826288232,False
H_AF_domain,13.0,893,11.076234575056516,False
H_AF_domain,13.0,894,11.083155993602542,False
H_AF_domain,13.0,895,11.089270528962533,False
H_AF_domain,13.0,896,11.094912718749944,False
H_AF_domain,13.0,897,11.103145810172183,False
H_AF_domain,13.0,898,11.120443923063167,False
H_AF_domain,13.0,899,11.135552782091155,False
H_AF_domain,13.0,900,11.138123759411886,False
H_AF_domain,13.0,901,11.150723868569196,False
H_AF_domain,13.0,902,11.168243615312162,False
H_AF_domain,13.0,903,11.179497626917657,False
H_AF_domain,13.0,904,11.185595401674568,False
H_AF_domain,13.0,905,11.193940284183201,False
H_AF_domain,13.0,906,11.21102685352957,False
H_AF_domain,13.0,907,11.219335990279925,False
H_AF_domain,13.0,908,11.221429602363507,False
H_AF_domain,13.0,909,11.238159184834657,False
H_AF_domain,13.0,910,11.251816051487292,False
H_AF_domain,13.0,911,11.263665802318952,False
H_AF_domain,13.0,912,11.282590558033414,False
H_AF_domain,13.0,913,11.291234719651724,False
H_AF_domain,13.0,914,11.29396518927318,False
H_AF_domain,13.0,915,11.312892618037177,False
H_AF_domain,13.0,916,11.3164121686075,False
H_AF_domain,13.0,917,11.325915675949307,False
H_AF_domain,13.0,918,11.343354106205515,False
H_AF_domain,13.0,919,11.352957435658718,False
H_AF_domain,13.0,920,11.364725866429236,False
H_AF_domain,13.0,921,11.380811520178177,False
H_AF_domain,13.0,922,11.391193624802037,False
H_AF_domain,13.0,923,11.394093519939894,False
H_AF_domain,13.0,924,11.408584377265473,False
H_AF_domain,13.0,925,11.410878594509137,False
H_AF_domain,13.0,926,11.424456639599333,False
H_AF_domain,13.0,927,11.43353531110991,False
H_AF_domain,13.0,928,11.4563204535694,False
H_AF_domain,13.0,929,11.468497338797812,False
H_AF_domain,13.0,930,11.475053467412845,False
H_AF_domain,13.0,931,11.483224065759176,False
H_AF_domain,13.0,932,11.506857700046977,False
H_AF_domain,13.0,933,11.507273120401111,False
H_AF_domain,13.0,934,11.518711134162098,False
H_AF_domain,13.0,935,11.528677468833632,False
H_AF_domain,13.0,936,11.534897502898744,False
H_AF_domain,13.0,937,11.54852668398003,False
H_AF_domain,13.0,938,11.560720076588542,False
H_AF_domain,13.0,939,11.56312604759446,False
H_AF_domain,13.0,940,11.579820083488059,False
H_AF_domain,13.0,941,11.591241480090302,False
H_AF_domain,13.0,942,11.598380964963471,False
H_AF_domain,13.0,943,11.6121814839519,False
H_AF_domain,13.0,944,11.618026330933139,False
H_AF_domain,13.0,945,11.63492702432687,False
H_AF_domain,13.0,946,11.638338497284668,False
H_AF_domain,13.0,947,11.659962238156597,False
H_AF_domain,13.0,948,11.663575655939873,False
H_AF_domain,13.0,949,11.681974138848272,False
H_AF_domain,13.0,950,11.696279217902525,False
H_AF_domain,13.0,951,11.704494520387861,False
H_AF_domain,13.0,952,11.708318767515328,False
H_AF_domain,13.0,953,11.714969462545616,False
H_AF_domain,13.0,954,11.71999034926903,False
H_AF_domain,13.0,955,11.731431545621945,False
H_AF_domain,13.0,956,11.748087761803552,False
H_AF_domain,13.0,957,11.755383952576222,False
H_AF_domain,13.0,958,11.76964099532448,False
H_AF_domain,13.0,959,11.780212744455742,False
H_AF_domain,13.0,960,11.791827241334785,False
H_AF_domain,13.0,961,11.795837629223794,False
H_AF_domain,13.0,962,11.801887862095654,False
H_AF_domain,13.0,963,11.820243076335814,False
H_AF_domain,13.0,964,11.834555568113382,False
H_AF_domain,13.0,965,11.85173034224317,False
H_AF_domain,13.0,966,11.865336886654715,False
H_AF_domain,13.0,967,11.867221556677402,False
H_AF_domain,13.0,968,11.874138069703703,False
H_AF_domain,13.0,969,11.87691897987386,False
H_AF_domain,13.0,970,11.886706247661536,False
H_AF_domain,13.0,971,11.889826508205578,False
H_AF_domain,13.0,972,11.902889396931101,False
H_AF_domain,13.0,973,11.914786070205903,False
H_AF_domain,13.0,974,11.923562391098358,False
H_AF_domain,13.0,975,11.932484747404366,False
H_AF_domain,13.0,976,11.937888142724043,False
H_AF_domain,13.0,977,11.940826377013323,False
H_AF_domain,13.0,978,11.957600286940622,False
H_AF_domain,13.0,979,11.972601715259586,False
H_AF_domain,13.0,980,11.985419390647271,False
H_AF_domain,13.0,981,11.992981450609507,False
H_AF_domain,13.0,982,11.996319345756241,False
H_AF_domain,13.0,983,12.007167997749319,False
H_AF_domain,13.0,984,12.015459672317332,False
H_AF_domain,13.0,985,12.035770587337117,False
H_AF_domain,13.0,986,12.050186351214755,False
H_AF_domain,13.0,987,12.061446468095527,False
H_AF_domain,13.0,988,12.063996924764616,False
H_AF_domain,13.0,989,12.080496487973377,False
H_AF_domain,13.0,990,12.089447005908596,False
H_AF_domain,13.0,991,12.095978244103433,False
H_AF_domain,13.0,992,12.099113751425355,False
H_AF_domain,13.0,993,12.103992241793136,False
H_AF_domain,13.0,994,12.116833784256627,False
H_AF_domain,13.0,995,12.127294849147761,False
H_AF_domain,13.0,996,12.138750362554036,False
H_AF_domain,13.0,997,12.154331468857158,False
H_AF_domain,13.0,998,12.161898977888724,False
H_AF_domain,13.0,999,12.165411606085064,False
H_AF_domain,13.0,1000,12.179909854533934,False
H_AF_domain,13.0,1001,12.186944577964304,False
H_AF_domain,13.0,1002,12.20449347070556,False
H_AF_domain,13.0,1003,12.207630454098322,False
H_AF_domain,13.0,1004,12.221259560903937,False
H_AF_domain,13.0,1005,12.225039427533511,False
H_AF_domain,13.0,1006,12.235483365018936,False
H_AF_domain,13.0,1007,12.250632387584695,False
H_AF_domain,13.0,1008,12.255010356134619,False
H_AF_domain,13.0,1009,12.27048568122939,False
H_AF_domain,13.0,1010,12.271224419231181,False
H_AF_domain,13.0,1011,12.284483015479381,False
H_AF_domain,13.0,1012,12.295530199682709,False
H_AF_domain,13.0,1013,12.306576759983873,False
H_AF_domain,13.0,1014,12.314099414968275,False
H_AF_domain,13.0,1015,12.325889427150079,False
H_AF_domain,13.0,1016,12.339053441001319,False
H_AF_domain,13.0,1017,12.355039250494698,False
H_AF_domain,13.0,1018,12.358575409331603,False
H_AF_domain,13.0,1019,12.382969394045215,False
H_AF_domain,13.0,1020,12.39360841591586,False
H_AF_domain,13.0,1021,12.397577200107198,False
H_AF_domain,13.0,1022,12.413124477655353,False
H_AF_domain,13.0,1023,12.429416732013042,False
H_AF_domain,13.0,1024,12.438742785169392,False
H_AF_domain,13.0,1025,12.440449313723647,False
H_AF_domain,13.0,1026,12.448291215165694,False
H_AF_domain,13.0,1027,12.46936882299497,False
H_AF_domain,13.0,1028,12.484537975580192,False
H_AF_domain,13.0,1029,12.493358095935742,False
H_AF_domain,13.0,1030,12.499661091100824,False
H_AF_domain,13.0,1031,12.507540388097183,False
H_AF_domain,13.0,1032,12.517466216718239,False
H_AF_domain,13.0,1033,12.532196493688337,False
H_AF_domain,13.0,1034,12.544089253357484,False
H_AF_domain,13.0,1035,12.551580524789129,False
H_AF_domain,13.0,1036,12.564975941748576,False
H_AF_domain,13.0,1037,12.575188681281162,False
H_AF_domain,13.0,1038,12.592559044891864,False
H_AF_domain,13.0,1039,12.604644164178602,False
H_AF_domain,13.0,1040,12.606812970842041,False
H_AF_domain,13.0,1041,12.619944596054294,False
H_AF_domain,13.0,1042,12.633602302469807,False
H_AF_domain,13.0,1043,12.637328568576976,False
H_AF_domain,13.0,1044,12.644247320713852,False
H_AF_domain,13.0,1045,12.661138493566243,False
H_AF_domain,13.0,1046,12.667298818208403,False
H_AF_domain,13.0,1047,12.6778877527777,False
H_AF_domain,13.0,1048,12.689132868373793,False
H_AF_domain,13.0,1049,12.710337643188964,False
H_AF_domain,13.0,1050,12.717508647102415,False
H_AF_domain,13.0,1051,12.73066976246651,False
H_AF_domain,13.0,1052,12.731101295528378,False
H_AF_domain,13.0,1053,12.752962164748983,False
H_AF_domain,13.0,1054,12.758710244328382,False
H_AF_domain,13.0,1055,12.763158971215807,False
H_AF_domain,13.0,1056,12.77751556377404,False
H_AF_domain,13.0,1057,12.789643484312245,False
H_AF_domain,13.0,1058,12.796600256536474,False
H_AF_domain,13.0,1059,12.810655316223041,False
H_AF_domain,13.0,1060,12.81919085316117,False
H_AF_domain,13.0,1061,12.819761871655121,False
H_AF_domain,13.0,1062,12.833108833137137,False
H_AF_domain,13.0,1063,12.848420006658117,False
H_AF_domain,13.0,1064,12.864901231025186,False
H_AF_domain,13.0,1065,12.871851240948255,False
H_AF_domain,13.0,1066,12.88639181154092,False
H_AF_domain,13.0,1067,12.889249549027994,False
H_AF_domain,13.0,1068,12.916586812306923,False
H_AF_domain,13.0,1069,12.920596625238245,False
H_AF_domain,13.0,1070,12.936767386043629,False
H_AF_domain,13.0,1071,12.946912456386766,False
H_AF_domain,13.0,1072,12.952288829975126,False
H_AF_domain,13.0,1073,12.955524089957072,False
H_AF_domain,13.0,1074,12.962917140579448,False
H_AF_domain,13.0,1075,12.977455216313565,False
H_AF_domain,13.0,1076,12.983821185571722,False
H_AF_domain,13.0,1077,13.002498454229247,False
H_AF_domain,13.0,1078,13.007759148724755,False
H_AF_domain,13.0,1079,13.017990648215692,False
H_AF_domain,13.0,1080,13.030549080183167,False
H_AF_domain,13.0,1081,13.039948985964005,False
H_AF_domain,13.0,1082,13.051326973780851,False
H_AF_domain,13.0,1083,13.071493315797385,False
H_AF_domain,13.0,1084,13.077075203020183,False
H_AF_domain,13.0,1085,13.09430077207854,False
H_AF_domain,13.0,1086,13.103475491003918,False
H_AF_domain,13.0,1087,13.117721586465889,False
H_AF_domain,13.0,1088,13.130352859484042,False
H_AF_domain,13.0,1089,13.140016184475078,False
H_AF_domain,13.0,1090,13.147796027539119,False
H_AF_domain,13.0,1091,13.157670584221576,False
H_AF_domain,13.0,1092,13.160855427532452,False
H_AF_domain,13.0,1093,13.166277178729654,False
H_AF_domain,13.0,1094,13.181259229226074,False
H_AF_domain,13.0,1095,13.20177091481906,False
H_AF_domain,13.0,1096,13.210267978491737,False
H_AF_domain,13.0,1097,13.23000688079032,False
H_AF_domain,13.0,1098,13.232634096309496,False
H_AF_domain,13.0,1099,13.245917907638008,False
H_AF_domain,13.0,1100,13.25339735744124,False
H_AF_domain,13.0,1101,13.259944151799345,False
H_AF_domain,13.0,1102,13.263140294036141,False
H_AF_domain,13.0,1103,13.277911056898347,False
H_AF_domain,13.0,1104,13.296393840284024,False
H_AF_domain,13.0,1105,13.303564964585762,False
H_AF_domain,13.0,1106,13.31224070649285,False
H_AF_domain,13.0,1107,13.335238125268745,False
H_AF_domain,13.0,1108,13.337633772748047,False
H_AF_domain,13.0,1109,13.346057651769597,False
H_AF_domain,13.0,1110,13.356730973256477,False
H_AF_domain,13.0,1111,13.362366103205812,False
H_AF_domain,13.0,1112,13.369418005908068,False
H_AF_domain,13.0,1113,13.392323302690817,False
H_AF_domain,13.0,1114,13.403613892847755,False
H_AF_domain,13.0,1115,13.414342000289183,False
H_AF_domain,13.0,1116,13.427512179321056,False
H_AF_domain,13.0,1117,13.4300534562634,False
H_AF_domain,13.0,1118,13.440167187188706,False
H_AF_domain,13.0,1119,13.452468891356437,False
H_AF_domain,13.0,1120,13.459343619296174,False
H_AF_domain,13.0,1121,13.46291497546421,False
H_AF_domain,13.0,1122,13.481671444182108,False
H_AF_domain,13.0,1123,13.48650423184853,False
H_AF_domain,13.0,1124,13.488561264853555,False
H_AF_domain,13.0,1125,13.51299240943689,False
H_AF_domain,13.0,1126,13.520441070996503,False
H_AF_domain,13.0,1127,13.525807444846475,False
H_AF_domain,13.0,1128,13.538669078654728,False
H_AF_domain,13.0,1129,13.548743906172136,False
H_AF_domain,13.0,1130,13.567005250368725,False
H_AF_domain,13.0,1131,13.573284649059412,False
H_AF_domain,13.0,1132,13.583925275497334,False
H_AF_domain,13.0,1133,13.592990222950023,False
H_AF_domain,13.0,1134,13.612866532607109,False
H_AF_domain,13.0,1135,13.629745305851054,False
H_AF_domain,13.0,1136,13.637723579480836,False
H_AF_domain,13.0,1137,13.641810083411695,False
H_AF_domain,13.0,1138,13.66532504998433,False
H_AF_domain,13.0,1139,13.666950195332879,False
H_AF_domain,13.0,1140,13.673996917124892,False
H_AF_domain,13.0,1141,13.689630920755762,False
H_AF_domain,13.0,1142,13.695003723263834,False
H_AF_domain,13.0,1143,13.704850075988963,False
H_AF_domain,13.0,1144,13.709183653797675,False
H_AF_domain,13.0,1145,13.730610971018727,False
H_AF_domain,13.0,1146,13.734626439273098,False
H_AF_domain,13.0,1147,13.739730276461914,False
H_AF_domain,13.0,1148,13.74377765018592,False
H_AF_domain,13.0,1149,13.759591489864112,False
H_AF_domain,13.0,1150,13.790159721925445,False
H_AF_domain,13.0,1151,13.793982122409002,False
H_AF_domain,13.0,1152,13.806382088456226,False
H_AF_domain,13.0,1153,13.809904024681613,False
H_AF_domain,13.0,1154,13.819239235714873,False
H_AF_domain,13.0,1155,13.827476744157622,False
H_AF_domain,13.0,1156,13.837599420905503,False
H_AF_domain,13.0,1157,13.849527654928446,False
H_AF_domain,13.0,1158,13.852430418183761,False
H_AF_domain,13.0,1159,13.869125878539974,False
H_AF_domain,13.0,1160,13.882376941795812,False
H_AF_domain,13.0,1161,13.882989536105935,False
H_AF_domain,13.0,1162,13.90530343428174,False
H_AF_domain,13.0,1163,13.913298964134825,False
H_AF_domain,13.0,1164,13.934682379873895,False
H_AF_domain,13.0,1165,13.946682145977686,False
H_AF_domain,13.0,1166,13.953831644349641,False
H_AF_domain,13.0,1167,13.974023007752367,False
H_AF_domain,13.0,1168,13.980765699141708,False
H_AF_domain,13.0,1169,13.987179329397318,False
H_AF_domain,13.0,1170,14.006972257882172,False
H_AF_domain,13.0,1171,14.013627749694015,False
H_AF_domain,13.0,1172,14.02056003105985,False
H_AF_domain,13.0,1173,14.035079678647758,False
H_AF_domain,13.0,1174,14.059112963372687,False
H_AF_domain,13.0,1175,14.067337601874085,False
H_AF_domain,13.0,1176,14.075884347110499,False
H_AF_domain,13.0,1177,14.081260313425794,False
H_AF_domain,13.0,1178,14.099487041258236,False
H_AF_domain,13.0,1179,14.115563082488098,False
H_AF_domain,13.0,1180,14.124438377595395,False
H_AF_domain,13.0,1181,14.139583103933022,False
H_AF_domain,13.0,1182,14.153402367505521,False
H_AF_domain,13.0,1183,14.160640536223903,False
H_AF_domain,13.0,1184,14.16933019266632,False
H_AF_domain,13.0,1185,14.18467532505026,False
H_AF_domain,13.0,1186,14.191752518925242,False
H_AF_domain,13.0,1187,14.211315751875656,False
H_AF_domain,13.0,1188,14.228708577756484,False
H_AF_domain,13.0,1189,14.238643107022748,False
H_AF_domain,13.0,1190,14.259985425432708,False
H_AF_domain,13.0,1191,14.264352680870804,False
H_AF_domain,13.0,1192,14.271639535918407,False
H_AF_domain,13.0,1193,14.278110379388313,False
H_AF_domain,13.0,1194,14.293479749703568,False
H_AF_domain,13.0,1195,14.306010278332865,False
H_AF_domain,13.0,1196,14.310850734180672,False
H_AF_domain,13.0,1197,14.325466082553895,False
H_AF_domain,13.0,1198,14.337067811257263,False
H_AF_domain,13.0,1199,14.344847496596381,False
H_AF_domain,13.0,1200,14.356045524011343,False
H_AF_domain,13.0,1201,14.366955733853933,False
H_AF_domain,13.0,1202,14.375012430515815,False
H_AF_domain,13.0,1203,14.383928734243804,False
H_AF_domain,13.0,1204,14.399015332156987,False
H_AF_domain,13.0,1205,14.411241930394466,False
H_AF_domain,13.0,1206,14.42311229790701,False
H_AF_domain,13.0,1207,14.435650766562961,False
H_AF_domain,13.0,1208,14.437222245263357,False
H_AF_domain,13.0,1209,14.46390897805441,False
H_AF_domain,13.0,1210,14.469123168522732,False
H_AF_domain,13.0,1211,14.478531637311935,False
H_AF_domain,13.0,1212,14.486010805796855,False
H_AF_domain,13.0,1213,14.498734425237377,False
H_AF_domain,13.0,1214,14.516510469904814,False
H_AF_domain,13.0,1215,14.52135878097499,False
H_AF_domain,13.0,1216,14.52348477134434,False
H_AF_domain,13.0,1217,14.536666911480022,False
H_AF_domain,13.0,1218,14.550689603150298,False
H_AF_domain,13.0,1219,14.56543939019648,False
H_AF_domain,13.0,1220,14.568318413992673,False
H_AF_domain,13.0,1221,14.583536879290143,False
H_AF_domain,13.0,1222,14.60235004672165,False
H_AF_domain,13.0,1223,14.613011863030732,False
H_AF_domain,13.0,1224,14.61539670592474,False
H_AF_domain,13.0,1225,14.63437133894434,False
H_AF_domain,13.0,1226,14.64503045909473,False
H_AF_domain,13.0,1227,14.648572266052337,False
H_AF_domain,13.0,1228,14.657436312308606,False
H_AF_domain,13.0,1229,14.673412456018394,False
H_AF_domain,13.0,1230,14.689469305808567,False
H_AF_domain,13.0,1231,14.710081103823974,False
H_AF_domain,13.0,1232,14.724826380892939,False
H_AF_domain,13.0,1233,14.742683860354223,False
H_AF_domain,13.0,1234,14.74911697011984,False
H_AF_domain,13.0,1235,14.763002609029433,False
H_AF_domain,13.0,1236,14.773202703105078,False
H_AF_domain,13.0,1237,14.784720067379903,False
H_AF_domain,13.0,1238,14.798867187798525,False
H_AF_domain,13.0,1239,14.805416696296069,False
H_AF_domain,13.0,1240,14.811460400647682,False
H_AF_domain,13.0,1241,14.821690025665522,False
H_AF_domain,13.0,1242,14.824937689809452,False
H_AF_domain,13.0,1243,14.841969172683795,False
H_AF_domain,13.0,1244,14.852527608710826,False
H_AF_domain,13.0,1245,14.870085368419208,False
H_AF_domain,13.0,1246,14.87463862964153,False
H_AF_domain,13.0,1247,14.885489931371321,False
H_AF_domain,13.0,1248,14.894139378122127,False
H_AF_domain,13.0,1249,14.91014321344577,False
H_AF_domain,13.0,1250,14.925739982725167,False
H_AF_domain,13.0,1251,14.933730917783027,False
H_AF_domain,13.0,1252,14.94221090188537,False
H_AF_domain,13.0,1253,14.96505167448536,False
H_AF_domain,13.0,1254,14.97920494846198,False
H_AF_domain,13.0,1255,14.993794150760598,False
H_AF_domain,13.0,1256,14.999704447819017,False
H_AF_domain,13.0,1257,15.0065473899839,False
H_AF_domain,13.0,1258,15.018022339858568,False
H_AF_domain,13.0,1259,15.028456634709379,False
H_AF_domain,13.0,1260,15.043542823441554,False
H_AF_domain,13.0,1261,15.062618411302848,False
H_AF_domain,13.0,1262,15.062849074180303,False
H_AF_domain,13.0,1263,15.088358517287318,False
H_AF_domain,13.0,1264,15.095824165961185,False
H_AF_domain,13.0,1265,15.102633189452016,False
H_AF_domain,13.0,1266,15.109801334995204,False
H_AF_domain,13.0,1267,15.134229186033124,False
H_AF_domain,13.0,1268,15.14355342895183,False
H_AF_domain,13.0,1269,15.162680650353243,False
H_AF_domain,13.0,1270,15.17278401851379,False
H_AF_domain,13.0,1271,15.179920094310173,False
H_AF_domain,13.0,1272,15.189352875989098,False
H_AF_domain,13.0,1273,15.212310029885442,False
H_AF_domain,13.0,1274,15.223470555917627,False
H_AF_domain,13.0,1275,15.242318744289573,False
H_AF_domain,13.0,1276,15.249381026853694,False
H_AF_domain,13.0,1277,15.265933097005334,False
H_AF_domain,13.0,1278,15.271069869722375,False
H_AF_domain,13.0,1279,15.291010183647371,False
H_AF_domain,13.0,1280,15.298801916731415,False
H_AF_domain,13.0,1281,15.317031678655994,False
H_AF_domain,13.0,1282,15.331830527488693,False
H_AF_domain,13.0,1283,15.336288584381016,False
H_AF_domain,13.0,1284,15.347608762883185,False
H_AF_domain,13.0,1285,15.36616454596831,False
H_AF_domain,13.0,1286,15.381039140081501,False
H_AF_domain,13.0,1287,15.389104524549813,False
H_AF_domain,13.0,1288,15.398369522210992,False
H_AF_domain,13.0,1289,15.408091179868965,False
H_AF_domain,13.0,1290,15.438160542620532,False
H_AF_domain,13.0,1291,15.438589360571655,False
H_AF_domain,13.0,1292,15.453227606200846,False
H_AF_domain,13.0,1293,15.462182714591885,False
H_AF_domain,13.0,1294,15.472640990850811,False
H_AF_domain,13.0,1295,15.493199896070292,False
H_AF_domain,13.0,1296,15.501344885868669,False
H_AF_domain,13.0,1297,15.506795189023777,False
H_AF_domain,13.0,1298,15.52269227319896,False
H_AF_domain,13.0,1299,15.529616406422058,False
H_AF_domain,13.0,1300,15.54499371304574,False
H_AF_domain,13.0,1301,15.560174060274289,False
H_AF_domain,13.0,1302,15.571395725654163,False
H_AF_domain,13.0,1303,15.581498609699825,False
H_AF_domain,13.0,1304,15.587751279467836,False
H_AF_domain,13.0,1305,15.60993980693753,False
H_AF_domain,13.0,1306,15.62323407580351,False
H_AF_domain,13.0,1307,15.629516012714893,False
H_AF_domain,13.0,1308,15.642214183370333,False
H_AF_domain,13.0,1309,15.65433824756342,False
H_AF_domain,13.0,1310,15.66644758372564,False
H_AF_domain,13.0,1311,15.669742332796877,False
H_AF_domain,13.0,1312,15.683387500920505,False
H_AF_domain,13.0,1313,15.693841553327426,False
H_AF_domain,13.0,1314,15.726675419846597,False
H_AF_domain,13.0,1315,15.737407110724428,False
H_AF_domain,13.0,1316,15.75434901853535,False
H_AF_domain,13.0,1317,15.770413115383693,False
H_AF_domain,13.0,1318,15.780223772154915,False
H_AF_domain,13.0,1319,15.788129521157476,False
H_AF_domain,13.0,1320,15.803375337423939,False
H_AF_domain,13.0,1321,15.814059300133101,False
H_AF_domain,13.0,1322,15.835531905064991,False
H_AF_domain,13.0,1323,15.838483227925677,False
H_AF_domain,13.0,1324,15.856707700254649,False
H_AF_domain,13.0,1325,15.871144595818125,False
H_AF_domain,13.0,1326,15.892006016597835,False
H_AF_domain,13.0,1327,15.90335141441671,False
H_AF_domain,13.0,1328,15.91040576559024,False
H_AF_domain,13.0,1329,15.915129949341464,False
H_AF_domain,13.0,1330,15.934724581392913,False
H_AF_domain,13.0,1331,15.939265480367308,False
H_AF_domain,13.0,1332,15.958626191348507,False
H_AF_domain,13.0,1333,15.976716855508252,False
H_AF_domain,13.0,1334,15.998436298097891,False
H_AF_domain,13.0,1335,16.017374768301675,False
H_AF_domain,13.0,1336,16.028164215430177,False
H_AF_domain,13.0,1337,16.047689987293708,False
H_AF_domain,13.0,1338,16.049748647617175,False
H_AF_domain,13.0,1339,16.06537032895448,False
H_AF_domain,13.0,1340,16.07514592031151,False
H_AF_domain,13.0,1341,16.08351827706971,False
H_AF_domain,13.0,1342,16.11714270678445,False
H_AF_domain,13.0,1343,16.12955786968152,False
H_AF_domain,13.0,1344,16.140797959953886,False
H_AF_domain,13.0,1345,16.149609909340633,False
H_AF_domain,13.0,1346,16.15643928034601,False
H_AF_domain,13.0,1347,16.186253303764257,False
H_AF_domain,13.0,1348,16.207989770507133,False
H_AF_domain,13.0,1349,16.211414450778296,False
H_AF_domain,13.0,1350,16.21416685878617,False
H_AF_domain,13.0,1351,16.226498176708972,False
H_AF_domain,13.0,1352,16.250232489725352,False
H_AF_domain,13.0,1353,16.277598359151057,False
H_AF_domain,13.0,1354,16.29159067696661,False
H_AF_domain,13.0,1355,16.312651725607964,False
H_AF_domain,13.0,1356,16.334141926766126,False
H_AF_domain,13.0,1357,16.3437965603643,False
H_AF_domain,13.0,1358,16.34861669810632,False
H_AF_domain,13.0,1359,16.367480654681053,False
H_AF_domain,13.0,1360,16.3736049856004,False
H_AF_domain,13.0,1361,16.389349314380247,False
H_AF_domain,13.0,1362,16.400727487207195,False
H_AF_domain,13.0,1363,16.419749268779064,False
H_AF_domain,13.0,1364,16.433115846408175,False
H_AF_domain,13.0,1365,16.438790837686454,False
H_AF_domain,13.0,1366,16.449931074928017,False
H_AF_domain,13.0,1367,16.465614153370005,False
H_AF_domain,13.0,1368,16.48066508151391,False
H_AF_domain,13.0,1369,16.495544046070748,False
H_AF_domain,13.0,1370,16.497062132855934,False
H_AF_domain,13.0,1371,16.52757009157548,False
H_AF_domain,13.0,1372,16.5300314938896,False
H_AF_domain,13.0,1373,16.545006322260456,False
H_AF_domain,13.0,1374,16.565105308842558,False
H_AF_domain,13.0,1375,16.579611747764254,False
H_AF_domain,13.0,1376,16.591271953072038,False
H_AF_domain,13.0,1377,16.61293239917384,False
H_AF_domain,13.0,1378,16.623915827081383,False
H_AF_domain,13.0,1379,16.638207794463042,False
H_AF_domain,13.0,1380,16.644474770466864,False
H_AF_domain,13.0,1381,16.65225329660292,False
H_AF_domain,13.0,1382,16.689256505931127,False
H_AF_domain,13.0,1383,16.704000483074058,False
H_AF_domain,13.0,1384,16.715791121186015,False
H_AF_domain,13.0,1385,16.723043217689355,False
H_AF_domain,13.0,1386,16.73793884977371,False
H_AF_domain,13.0,1387,16.745759447665854,False
H_AF_domain,13.0,1388,16.758299861394942,False
H_AF_domain,13.0,1389,16.77274550597883,False
H_AF_domain,13.0,1390,16.803999863721717,False
H_AF_domain,13.0,1391,16.80577135785235,False
H_AF_domain,13.0,1392,16.831601717122872,False
H_AF_domain,13.0,1393,16.84435735223315,False
H_AF_domain,13.0,1394,16.86558289932755,False
H_AF_domain,13.0,1395,16.888142608794215,False
H_AF_domain,13.0,1396,16.898106126870857,False
H_AF_domain,13.0,1397,16.909125580100138,False
H_AF_domain,13.0,1398,16.911699979447953,False
H_AF_domain,13.0,1399,16.93940999417577,False
H_AF_domain,13.0,1400,16.967751327285665,False
H_AF_domain,13.0,1401,16.980409810726638,False
H_AF_domain,13.0,1402,16.984300981842434,False
H_AF_domain,13.0,1403,16.998358444741086,False
H_AF_domain,13.0,1404,17.0151951066639,False
H_AF_domain,13.0,1405,17.033274796945456,False
H_AF_domain,13.0,1406,17.04030544468354,False
H_AF_domain,13.0,1407,17.055680042662903,False
H_AF_domain,13.0,1408,17.068832569536692,False
H_AF_domain,13.0,1409,17.09021081398639,False
H_AF_domain,13.0,1410,17.10235829710416,False
H_AF_domain,13.0,1411,17.115214237809113,False
H_AF_domain,13.0,1412,17.13319673282624,False
H_AF_domain,13.0,1413,17.138885456134922,False
H_AF_domain,13.0,1414,17.16195293095649,False
H_AF_domain,13.0,1415,17.175924530047602,False
H_AF_domain,13.0,1416,17.18933735574654,False
H_AF_domain,13.0,1417,17.21635878559605,False
H_AF_domain,13.0,1418,17.228622854348604,False
H_AF_domain,13.0,1419,17.24332911168359,False
H_AF_domain,13.0,1420,17.25838700603948,False
H_AF_domain,13.0,1421,17.284221401995502,False
H_AF_domain,13.0,1422,17.28652804636483,False
H_AF_domain,13.0,1423,17.2993719655883,False
H_AF_domain,13.0,1424,17.32121081956533,False
H_AF_domain,13.0,1425,17.352675189230148,False
H_AF_domain,13.0,1426,17.36075726835774,False
H_AF_domain,13.0,1427,17.364177100751444,False
H_AF_domain,13.0,1428,17.40308149822774,False
H_AF_domain,13.0,1429,17.425438440636043,False
H_AF_domain,13.0,1430,17.450884391688902,False
H_AF_domain,13.0,1431,17.46352538438042,False
H_AF_domain,13.0,1432,17.477175839137473,False
H_AF_domain,13.0,1433,17.478702526275487,False
H_AF_domain,13.0,1434,17.494134249658398,False
H_AF_domain,13.0,1435,17.528296635821377,False
H_AF_domain,13.0,1436,17.540459705904368,False
H_AF_domain,13.0,1437,17.546384062490883,False
H_AF_domain,13.0,1438,17.564805446191862,False
H_AF_domain,13.0,1439,17.584269879992387,False
H_AF_domain,13.0,1440,17.59089499716218,False
H_AF_domain,13.0,1441,17.613125767361705,False
H_AF_domain,13.0,1442,17.638136605616392,False
H_AF_domain,13.0,1443,17.64472146911017,False
H_AF_domain,13.0,1444,17.652410820505487,False
H_AF_domain,13.0,1445,17.69153502948917,False
H_AF_domain,13.0,1446,17.6970994896125,False
H_AF_domain,13.0,1447,17.701976608746428,False
H_AF_domain,13.0,1448,17.714801608860483,False
H_AF_domain,13.0,1449,17.74152545851577,False
H_AF_domain,13.0,1450,17.77346521706951,False
H_AF_domain,13.0,1451,17.79637773493142,False
H_AF_domain,13.0,1452,17.811589143240216,False
H_AF_domain,13.0,1453,17.82827678387025,False
H_AF_domain,13.0,1454,17.83434323847115,False
H_AF_domain,13.0,1455,17.856550250272978,False
H_AF_domain,13.0,1456,17.88465384172554,False
H_AF_domain,13.0,1457,17.908277407578666,False
H_AF_domain,13.0,1458,17.923964831594883,False
H_AF_domain,13.0,1459,17.938014183719236,False
H_AF_domain,13.0,1460,17.960222108573163,False
H_AF_domain,13.0,1461,17.978400548912617,False
H_AF_domain,13.0,1462,17.998998281024917,False
H_AF_domain,13.0,1463,18.011372478450102,False
H_AF_domain,13.0,1464,18.02906409550744,False
H_AF_domain,13.0,1465,18.049999195659222,False
H_AF_domain,13.0,1466,18.07228864113022,False
H_AF_domain,13.0,1467,18.07703164158114,False
H_AF_domain,13.0,1468,18.098998743244245,False
H_AF_domain,13.0,1469,18.11018635651888,False
H_AF_domain,13.0,1470,18.12438673454902,False
H_AF_domain,13.0,1471,18.15230356066699,False
H_AF_domain,13.0,1472,18.172116957639375,False
H_AF_domain,13.0,1473,18.19947045778073,False
H_AF_domain,13.0,1474,18.209431916509356,False
H_AF_domain,13.0,1475,18.22507446491448,False
H_AF_domain,13.0,1476,18.254667347700412,False
H_AF_domain,13.0,1477,18.27301492182207,False
H_AF_domain,13.0,1478,18.289270886555524,False
H_AF_domain,13.0,1479,18.330942821387787,False
H_AF_domain,13.0,1480,18.33981911061605,False
H_AF_domain,13.0,1481,18.374853985293885,False
H_AF_domain,13.0,1482,18.376779181502712,False
H_AF_domain,13.0,1483,18.389584417819165,False
H_AF_domain,13.0,1484,18.421854863876085,False
H_AF_domain,13.0,1485,18.432727762278468,False
H_AF_domain,13.0,1486,18.448639318852223,False
H_AF_domain,13.0,1487,18.4822079656329,False
H_AF_domain,13.0,1488,18.488962176456845,False
H_AF_domain,13.0,1489,18.525378999914345,False
H_AF_domain,13.0,1490,18.528881275329578,False
H_AF_domain,13.0,1491,18.59344520214559,False
H_AF_domain,13.0,1492,18.595768727852747,False
H_AF_domain,13.0,1493,18.615272366613468,False
H_AF_domain,13.0,1494,18.63204468856528,False
H_AF_domain,13.0,1495,18.670502875206832,False
H_AF_domain,13.0,1496,18.690983951236493,False
H_AF_domain,13.0,1497,18.700621732366837,False
H_AF_domain,13.0,1498,18.720756301378536,False
H_AF_domain,13.0,1499,18.74239154313303,False
H_AF_domain,13.0,1500,18.774416486211273,False
H_AF_domain,13.0,1501,18.775715838666038,False
H_AF_domain,13.0,1502,18.81647483163874,False
H_AF_domain,13.0,1503,18.839184908775263,False
H_AF_domain,13.0,1504,18.850351514780677,False
H_AF_domain,13.0,1505,18.85605745394516,False
H_AF_domain,13.0,1506,18.889939559876506,False
H_AF_domain,13.0,1507,18.91058611506657,False
H_AF_domain,13.0,1508,18.94115512838932,False
H_AF_domain,13.0,1509,18.96296926555769,False
H_AF_domain,13.0,1510,18.986285104867825,False
H_AF_domain,13.0,1511,19.011271161474884,False
H_AF_domain,13.0,1512,19.034453471283985,False
H_AF_domain,13.0,1513,19.05653177761194,False
H_AF_domain,13.0,1514,19.091003059594748,False
H_AF_domain,13.0,1515,19.10471673351177,False
H_AF_domain,13.0,1516,19.1082917340132,False
H_AF_domain,13.0,1517,19.129926012795345,False
H_AF_domain,13.0,1518,19.143794310468977,False
H_AF_domain,13.0,1519,19.20224632858987,False
H_AF_domain,13.0,1520,19.233162059321252,False
H_AF_domain,13.0,1521,19.256210919825953,False
H_AF_domain,13.0,1522,19.28604564857799,False
H_AF_domain,13.0,1523,19.303932273024788,False
H_AF_domain,13.0,1524,19.351330136949798,False
H_AF_domain,13.0,1525,19.359673814392487,False
H_AF_domain,13.0,1526,19.375370353338642,False
H_AF_domain,13.0,1527,19.388911439370748,False
H_AF_domain,13.0,1528,19.430848414941103,False
H_AF_domain,13.0,1529,19.454082377097233,False
H_AF_domain,13.0,1530,19.472047788932567,False
H_AF_domain,13.0,1531,19.499006957144182,False
H_AF_domain,13.0,1532,19.503486792936492,False
H_AF_domain,13.0,1533,19.532627232860424,False
H_AF_domain,13.0,1534,19.563972234335566,False
H_AF_domain,13.0,1535,19.60362840825917,False
H_AF_domain,13.0,1536,19.644044573124326,False
H_AF_domain,13.0,1537,19.680512470258833,False
H_AF_domain,13.0,1538,19.694197861026353,False
H_AF_domain,13.0,1539,19.713883142883905,False
H_AF_domain,13.0,1540,19.726438364567272,False
H_AF_domain,13.0,1541,19.764811224080095,False
H_AF_domain,13.0,1542,19.77883899411054,False
H_AF_domain,13.0,1543,19.821098348272624,False
H_AF_domain,13.0,1544,19.833056761460014,False
H_AF_domain,13.0,1545,19.888274155002993,False
H_AF_domain,13.0,1546,19.909470553043995,False
H_AF_domain,13.0,1547,19.94555374287657,False
H_AF_domain,13.0,1548,19.96549395864761,False
H_AF_domain,13.0,1549,19.97672385967477,False
H_AF_domain,13.0,1550,20.009664575878116,False
H_AF_domain,13.0,1551,20.053154370840925,False
H_AF_domain,13.0,1552,20.1217313320654,False
H_AF_domain,13.0,1553,20.14034935644894,False
H_AF_domain,13.0,1554,20.165601318565617,False
H_AF_domain,13.0,1555,20.185764026850517,False
H_AF_domain,13.0,1556,20.204398952984803,False
H_AF_domain,13.0,1557,20.28576761033047,False
H_AF_domain,13.0,1558,20.295123427296485,False
H_AF_domain,13.0,1559,20.333776802069558,False
H_AF_domain,13.0,1560,20.407999486477788,False
H_AF_domain,13.0,1561,20.455106833227457,False
H_AF_domain,13.0,1562,20.49787748894726,False
H_AF_domain,13.0,1563,20.518790062710302,False
H_AF_domain,13.0,1564,20.563328358154685,False
H_AF_domain,13.0,1565,20.584372811881114,False
H_AF_domain,13.0,1566,20.615681392832162,False
H_AF_domain,13.0,1567,20.637796838724636,False
H_AF_domain,13.0,1568,20.658066540776765,False
H_AF_domain,13.0,1569,20.70393575429623,False
H_AF_domain,13.0,1570,20.762903612715302,False
H_AF_domain,13.0,1571,20.824545319599718,False
H_AF_domain,13.0,1572,20.876436651938807,False
H_AF_domain,13.0,1573,20.916017855129027,False
H_AF_domain,13.0,1574,20.95729005211717,False
H_AF_domain,13.0,1575,20.991949269042404,False
H_AF_domain,13.0,1576,21.014745403184474,False
H_AF_domain,13.0,1577,21.077696001836298,False
H_AF_domain,13.0,1578,21.14683112669235,False
H_AF_domain,13.0,1579,21.23066015458696,False
H_AF_domain,13.0,1580,21.247379704221867,False
H_AF_domain,13.0,1581,21.290238944411943,False
H_AF_domain,13.0,1582,21.328923925543798,False
H_AF_domain,13.0,1583,21.376426566522024,False
H_AF_domain,13.0,1584,21.395711353521918,False
H_AF_domain,13.0,1585,21.425740452219777,False
H_AF_domain,13.0,1586,21.44114943261676,False
H_AF_domain,13.0,1587,21.49462724520665,False
H_AF_domain,13.0,1588,21.56257735000758,False
H_AF_domain,13.0,1589,21.66468938425568,False
H_AF_domain,13.0,1590,21.718643423353196,False
H_AF_domain,13.0,1591,21.732962209251156,False
H_AF_domain,13.0,1592,21.792026589458672,False
H_AF_domain,13.0,1593,21.832407181879912,False
H_AF_domain,13.0,1594,21.85003875241215,False
H_AF_domain,13.0,1595,21.879119798164062,False
H_AF_domain,13.0,1596,21.9196396444376,False
H_AF_domain,13.0,1597,21.99321373883549,False
H_AF_domain,13.0,1598,22.01845209560697,False
H_AF_domain,13.0,1599,22.04236889343024,False
H_AF_domain,13.0,1600,22.11367266728195,False
H_AF_domain,13.0,1601,22.157228964643487,False
H_AF_domain,13.0,1602,22.181679782069047,False
H_AF_domain,13.0,1603,22.242002330809452,False
H_AF_domain,13.0,1604,22.299052607606765,False
H_AF_domain,13.0,1605,22.335516910998674,False
H_AF_domain,13.0,1606,22.41176022306887,False
H_AF_domain,13.0,1607,22.453213937185083,False
H_AF_domain,13.0,1608,22.484339247005067,False
H_AF_domain,13.0,1609,22.52106214894165,False
H_AF_domain,13.0,1610,22.55690152079951,False
H_AF_domain,13.0,1611,22.641011921522917,False
H_AF_domain,13.0,1612,22.757557623973476,False
H_AF_domain,13.0,1613,22.864256126077656,False
H_AF_domain,13.0,1614,22.945778550475268,False
H_AF_domain,13.0,1615,22.958627218034643,False
H_AF_domain,13.0,1616,22.981850983848677,False
H_AF_domain,13.0,1617,23.04042565766589,False
H_AF_domain,13.0,1618,23.17435280391127,False
H_AF_domain,13.0,1619,23.20607421345738,False
H_AF_domain,13.0,1620,23.320744509107207,False
H_AF_domain,13.0,1621,23.39631360849301,False
H_AF_domain,13.0,1622,23.461156448842612,False
H_AF_domain,13.0,1623,23.57093185122697,False
H_AF_domain,13.0,1624,23.585009635041146,False
H_AF_domain,13.0,1625,23.75588168997043,False
H_AF_domain,13.0,1626,23.84842129926466,False
H_AF_domain,13.0,1627,23.909450710973235,False
H_AF_domain,13.0,1628,23.945496859428392,False
H_AF_domain,13.0,1629,24.02639916843238,False
H_AF_domain,13.0,1630,24.080646568376388,False
H_AF_domain,13.0,1631,24.16118964564935,False
H_AF_domain,13.0,1632,24.31838756128338,False
H_AF_domain,13.0,1633,24.47773000025017,False
H_AF_domain,13.0,1634,24.604308723575905,False
H_AF_domain,13.0,1635,24.64916235575249,False
H_AF_domain,13.0,1636,24.847669818323173,False
H_AF_domain,13.0,1637,24.949501827047193,False
H_AF_domain,13.0,1638,24.96678017366014,False
H_AF_domain,13.0,1639,25.027930204440814,False
H_AF_domain,13.0,1640,25.278238214907407,False
H_AF_domain,13.0,1641,25.50099216015144,False
H_AF_domain,13.0,1642,25.787797075727298,False
H_AF_domain,13.0,1643,25.986140162279767,False
H_AF_domain,13.0,1644,26.061961193315316,False
H_AF_domain,13.0,1645,26.408110271965658,False
H_AF_domain,13.0,1646,26.633858871935924,False
H_AF_domain,13.0,1647,26.872414199867265,False
H_AF_domain,13.0,1648,26.965080225049228,False
H_AF_domain,13.0,1649,27.147725385241586,False
H_AF_domain,13.0,1650,27.579261158092848,False
H_AF_domain,13.0,1651,28.088068361038726,False
H_AF_domain,13.0,1652,28.56886288443565,False
H_AF_domain,13.0,1653,29.011046416268115,False
H_AF_domain,13.0,1654,30.559471529481993,False
H_AF_domain,13.0,1655,31.03270265941399,False
H_AF_full_chainA,15.0,0,-3.2494420982625487e-15,True
H_AF_full_chainA,15.0,1,1.0675875591881529e-17,True
H_AF_full_chainA,15.0,2,3.137214599856614e-16,True
H_AF_full_chainA,15.0,3,1.1961265226876318e-15,True
H_AF_full_chainA,15.0,4,1.3563138387969627e-15,True
H_AF_full_chainA,15.0,5,1.6034533634137542e-15,True
H_AF_full_chainA,15.0,6,6.161213964591943e-06,False
H_AF_full_chainA,15.0,7,1.860065117242005e-05,False
H_AF_full_chainA,15.0,8,0.0001368096951841434,False
H_AF_full_chainA,15.0,9,0.00021884791515969215,False
H_AF_full_chainA,15.0,10,0.00042807011468880236,False
H_AF_full_chainA,15.0,11,0.0005547951123776362,False
H_AF_full_chainA,15.0,12,0.0008134907207762241,False
H_AF_full_chainA,15.0,13,0.0011650538404261708,False
H_AF_full_chainA,15.0,14,0.0019000487471807952,False
H_AF_full_chainA,15.0,15,0.002256036636492758,False
H_AF_full_chainA,15.0,16,0.0027713003812961075,False
H_AF_full_chainA,15.0,17,0.002963135970672397,False
H_AF_full_chainA,15.0,18,0.0036407732042003068,False
H_AF_full_chainA,15.0,19,0.004238636530531933,False
H_AF_full_chainA,15.0,20,0.005218580097473617,False
H_AF_full_chainA,15.0,21,0.0077802623523899545,False
H_AF_full_chainA,15.0,22,0.008779242771770942,False
H_AF_full_chainA,15.0,23,0.011407668137525596,False
H_AF_full_chainA,15.0,24,0.015221308818430394,False
H_AF_full_chainA,15.0,25,0.015287265097701985,False
H_AF_full_chainA,15.0,26,0.016610692035245775,False
H_AF_full_chainA,15.0,27,0.019435847433289553,False
H_AF_full_chainA,15.0,28,0.024281521454791677,False
H_AF_full_chainA,15.0,29,0.02688420948770391,False
H_AF_full_chainA,15.0,30,0.028962166735398864,False
H_AF_full_chainA,15.0,31,0.029306569885440385,False
H_AF_full_chainA,15.0,32,0.031160269386184,False
H_AF_full_chainA,15.0,33,0.03882545624815928,False
H_AF_full_chainA,15.0,34,0.04274433193182445,False
H_AF_full_chainA,15.0,35,0.04709758850672301,False
H_AF_full_chainA,15.0,36,0.052717173487825564,False
H_AF_full_chainA,15.0,37,0.055893292121810934,False
H_AF_full_chainA,15.0,38,0.05906003500877833,False
H_AF_full_chainA,15.0,39,0.06909004607823076,False
H_AF_full_chainA,15.0,40,0.07558924236482893,False
H_AF_full_chainA,15.0,41,0.08395985912901242,False
H_AF_full_chainA,15.0,42,0.08976469152789979,False
H_AF_full_chainA,15.0,43,0.09044757175707284,False
H_AF_full_chainA,15.0,44,0.09479322642627779,False
H_AF_full_chainA,15.0,45,0.10112652433642016,False
H_AF_full_chainA,15.0,46,0.10732107276309406,False
H_AF_full_chainA,15.0,47,0.1120877050920863,False
H_AF_full_chainA,15.0,48,0.11468921228633097,False
H_AF_full_chainA,15.0,49,0.11614780225954367,False
H_AF_full_chainA,15.0,50,0.12071006537660511,False
H_AF_full_chainA,15.0,51,0.12504252992823037,False
H_AF_full_chainA,15.0,52,0.13067086289824584,False
H_AF_full_chainA,15.0,53,0.13867058758194015,False
H_AF_full_chainA,15.0,54,0.13991191297143019,False
H_AF_full_chainA,15.0,55,0.14505080328619196,False
H_AF_full_chainA,15.0,56,0.14816355789703153,False
H_AF_full_chainA,15.0,57,0.15357058957141223,False
H_AF_full_chainA,15.0,58,0.16066518314602024,False
H_AF_full_chainA,15.0,59,0.1672470498010668,False
H_AF_full_chainA,15.0,60,0.1744123206868995,False
H_AF_full_chainA,15.0,61,0.18241651749820786,False
H_AF_full_chainA,15.0,62,0.18478879657433353,False
H_AF_full_chainA,15.0,63,0.18919279435091332,False
H_AF_full_chainA,15.0,64,0.1934746214402564,False
H_AF_full_chainA,15.0,65,0.200188365758288,False
H_AF_full_chainA,15.0,66,0.20546132941314507,False
H_AF_full_chainA,15.0,67,0.2086207442583476,False
H_AF_full_chainA,15.0,68,0.21175955369585323,False
H_AF_full_chainA,15.0,69,0.22151249412648794,False
H_AF_full_chainA,15.0,70,0.22877353732655342,False
H_AF_full_chainA,15.0,71,0.22918760064244173,False
H_AF_full_chainA,15.0,72,0.2384485980912279,False
H_AF_full_chainA,15.0,73,0.2552139403045553,False
H_AF_full_chainA,15.0,74,0.25948515193893834,False
H_AF_full_chainA,15.0,75,0.26896370343560516,False
H_AF_full_chainA,15.0,76,0.2730278830148473,False
H_AF_full_chainA,15.0,77,0.27790229708220104,False
H_AF_full_chainA,15.0,78,0.2862182805766311,False
H_AF_full_chainA,15.0,79,0.3029787805899175,False
H_AF_full_chainA,15.0,80,0.31257153371642715,False
H_AF_full_chainA,15.0,81,0.3237578903835713,False
H_AF_full_chainA,15.0,82,0.33303080721346107,False
H_AF_full_chainA,15.0,83,0.3398935917663992,False
H_AF_full_chainA,15.0,84,0.34650021281215393,False
H_AF_full_chainA,15.0,85,0.3517658613019632,False
H_AF_full_chainA,15.0,86,0.3629803565511218,False
H_AF_full_chainA,15.0,87,0.36331600997584984,False
H_AF_full_chainA,15.0,88,0.3710427103251396,False
H_AF_full_chainA,15.0,89,0.37399826862323843,False
H_AF_full_chainA,15.0,90,0.39418774276981666,False
H_AF_full_chainA,15.0,91,0.3991060461904915,False
H_AF_full_chainA,15.0,92,0.4073772763019696,False
H_AF_full_chainA,15.0,93,0.42755104234212266,False
H_AF_full_chainA,15.0,94,0.43003939634369454,False
H_AF_full_chainA,15.0,95,0.4418337312911718,False
H_AF_full_chainA,15.0,96,0.44948871030556126,False
H_AF_full_chainA,15.0,97,0.4541543664455666,False
H_AF_full_chainA,15.0,98,0.46548297323123716,False
H_AF_full_chainA,15.0,99,0.4728195630248705,False
H_AF_full_chainA,15.0,100,0.4795027036899451,False
H_AF_full_chainA,15.0,101,0.4888292382445892,False
H_AF_full_chainA,15.0,102,0.4942989666243458,False
H_AF_full_chainA,15.0,103,0.509221182286823,False
H_AF_full_chainA,15.0,104,0.5240877508268699,False
H_AF_full_chainA,15.0,105,0.5260462425584844,False
H_AF_full_chainA,15.0,106,0.5361134687814628,False
H_AF_full_chainA,15.0,107,0.5399567178901902,False
H_AF_full_chainA,15.0,108,0.5585114309494753,False
H_AF_full_chainA,15.0,109,0.5635152263384221,False
H_AF_full_chainA,15.0,110,0.5734076895122775,False
H_AF_full_chainA,15.0,111,0.5807278422399109,False
H_AF_full_chainA,15.0,112,0.5891710989869043,False
H_AF_full_chainA,15.0,113,0.5955699549463953,False
H_AF_full_chainA,15.0,114,0.6091586753303563,False
H_AF_full_chainA,15.0,115,0.6117373017350766,False
H_AF_full_chainA,15.0,116,0.6182487940005084,False
H_AF_full_chainA,15.0,117,0.6308696219906471,False
H_AF_full_chainA,15.0,118,0.6377235872153859,False
H_AF_full_chainA,15.0,119,0.6485156112053284,False
H_AF_full_chainA,15.0,120,0.6606590251849618,False
H_AF_full_chainA,15.0,121,0.6662102117910466,False
H_AF_full_chainA,15.0,122,0.6672113784869591,False
H_AF_full_chainA,15.0,123,0.6809105455660868,False
H_AF_full_chainA,15.0,124,0.6840140297139431,False
H_AF_full_chainA,15.0,125,0.7042947659125951,False
H_AF_full_chainA,15.0,126,0.7150472779991576,False
H_AF_full_chainA,15.0,127,0.7260215084542028,False
H_AF_full_chainA,15.0,128,0.7341530676710569,False
H_AF_full_chainA,15.0,129,0.7442496181212207,False
H_AF_full_chainA,15.0,130,0.7463146905006396,False
H_AF_full_chainA,15.0,131,0.7488093178092985,False
H_AF_full_chainA,15.0,132,0.7601920446171979,False
H_AF_full_chainA,15.0,133,0.7705941505412375,False
H_AF_full_chainA,15.0,134,0.7841823109837771,False
H_AF_full_chainA,15.0,135,0.7951659087369245,False
H_AF_full_chainA,15.0,136,0.8002592945300728,False
H_AF_full_chainA,15.0,137,0.8049834087636943,False
H_AF_full_chainA,15.0,138,0.8113135800655261,False
H_AF_full_chainA,15.0,139,0.8195945135001338,False
H_AF_full_chainA,15.0,140,0.8262377650695673,False
H_AF_full_chainA,15.0,141,0.8339408803431585,False
H_AF_full_chainA,15.0,142,0.8434738601525865,False
H_AF_full_chainA,15.0,143,0.8495056802844517,False
H_AF_full_chainA,15.0,144,0.8592951085836366,False
H_AF_full_chainA,15.0,145,0.8910319653798677,False
H_AF_full_chainA,15.0,146,0.9033648158252349,False
H_AF_full_chainA,15.0,147,0.9099933812125245,False
H_AF_full_chainA,15.0,148,0.9233185630548998,False
H_AF_full_chainA,15.0,149,0.9299238322555964,False
H_AF_full_chainA,15.0,150,0.9350195025840885,False
H_AF_full_chainA,15.0,151,0.9361459752184026,False
H_AF_full_chainA,15.0,152,0.9570693278696863,False
H_AF_full_chainA,15.0,153,0.9612833135060589,False
H_AF_full_chainA,15.0,154,0.9813968477496177,False
H_AF_full_chainA,15.0,155,0.9859646164125443,False
H_AF_full_chainA,15.0,156,0.998667696657263,False
H_AF_full_chainA,15.0,157,0.9991184558910262,False
H_AF_full_chainA,15.0,158,1.0099384231647333,False
H_AF_full_chainA,15.0,159,1.0117176178990737,False
H_AF_full_chainA,15.0,160,1.0240580182336647,False
H_AF_full_chainA,15.0,161,1.028854205787872,False
H_AF_full_chainA,15.0,162,1.0419206116516557,False
H_AF_full_chainA,15.0,163,1.043316526314563,False
H_AF_full_chainA,15.0,164,1.0544577747530537,False
H_AF_full_chainA,15.0,165,1.0672516107356191,False
H_AF_full_chainA,15.0,166,1.0764922223557556,False
H_AF_full_chainA,15.0,167,1.084328046989411,False
H_AF_full_chainA,15.0,168,1.087945177851626,False
H_AF_full_chainA,15.0,169,1.0999789141048522,False
H_AF_full_chainA,15.0,170,1.111683183233612,False
H_AF_full_chainA,15.0,171,1.1258508532875484,False
H_AF_full_chainA,15.0,172,1.127285748965493,False
H_AF_full_chainA,15.0,173,1.1343866369498496,False
H_AF_full_chainA,15.0,174,1.1405960074439545,False
H_AF_full_chainA,15.0,175,1.1516621437778838,False
H_AF_full_chainA,15.0,176,1.1620390547257469,False
H_AF_full_chainA,15.0,177,1.163608514342196,False
H_AF_full_chainA,15.0,178,1.177609682192779,False
H_AF_full_chainA,15.0,179,1.1919175804857056,False
H_AF_full_chainA,15.0,180,1.1934517822851627,False
H_AF_full_chainA,15.0,181,1.2097722213426485,False
H_AF_full_chainA,15.0,182,1.2176578500088107,False
H_AF_full_chainA,15.0,183,1.2247595494638404,False
H_AF_full_chainA,15.0,184,1.2285415071663819,False
H_AF_full_chainA,15.0,185,1.2406451135372916,False
H_AF_full_chainA,15.0,186,1.2452606145480605,False
H_AF_full_chainA,15.0,187,1.2501001080398626,False
H_AF_full_chainA,15.0,188,1.2620451071090957,False
H_AF_full_chainA,15.0,189,1.262256767270685,False
H_AF_full_chainA,15.0,190,1.2726438350535298,False
H_AF_full_chainA,15.0,191,1.2787540954375396,False
H_AF_full_chainA,15.0,192,1.2927418474112309,False
H_AF_full_chainA,15.0,193,1.298110377262657,False
H_AF_full_chainA,15.0,194,1.299540518847021,False
H_AF_full_chainA,15.0,195,1.310864934080978,False
H_AF_full_chainA,15.0,196,1.3237276730270175,False
H_AF_full_chainA,15.0,197,1.3268332513709096,False
H_AF_full_chainA,15.0,198,1.3302274495173014,False
H_AF_full_chainA,15.0,199,1.3335869679198273,False
H_AF_full_chainA,15.0,200,1.3384339292339915,False
H_AF_full_chainA,15.0,201,1.3657660397515727,False
H_AF_full_chainA,15.0,202,1.373269217534701,False
H_AF_full_chainA,15.0,203,1.3987006929434294,False
H_AF_full_chainA,15.0,204,1.4049150544583442,False
H_AF_full_chainA,15.0,205,1.4071434602888857,False
H_AF_full_chainA,15.0,206,1.4187558373535734,False
H_AF_full_chainA,15.0,207,1.4306074010632783,False
H_AF_full_chainA,15.0,208,1.448465032517004,False
H_AF_full_chainA,15.0,209,1.4516376957761596,False
H_AF_full_chainA,15.0,210,1.4761285157913262,False
H_AF_full_chainA,15.0,211,1.4875340007649995,False
H_AF_full_chainA,15.0,212,1.494128844515601,False
H_AF_full_chainA,15.0,213,1.5036458388529903,False
H_AF_full_chainA,15.0,214,1.519859437984568,False
H_AF_full_chainA,15.0,215,1.535369062563599,False
H_AF_full_chainA,15.0,216,1.5667442144180008,False
H_AF_full_chainA,15.0,217,1.5708282220494652,False
H_AF_full_chainA,15.0,218,1.5805855800370483,False
H_AF_full_chainA,15.0,219,1.5875247011455331,False
H_AF_full_chainA,15.0,220,1.5979385707087483,False
H_AF_full_chainA,15.0,221,1.601619714577305,False
H_AF_full_chainA,15.0,222,1.6120820674286769,False
H_AF_full_chainA,15.0,223,1.6154610504662892,False
H_AF_full_chainA,15.0,224,1.6190523154708631,False
H_AF_full_chainA,15.0,225,1.6235416661455109,False
H_AF_full_chainA,15.0,226,1.6348697858602814,False
H_AF_full_chainA,15.0,227,1.6495446158946037,False
H_AF_full_chainA,15.0,228,1.6668028689004144,False
H_AF_full_chainA,15.0,229,1.6716680878885026,False
H_AF_full_chainA,15.0,230,1.6750695172517827,False
H_AF_full_chainA,15.0,231,1.6850807077945795,False
H_AF_full_chainA,15.0,232,1.6970091336778221,False
H_AF_full_chainA,15.0,233,1.7215455493215586,False
H_AF_full_chainA,15.0,234,1.7228866843675001,False
H_AF_full_chainA,15.0,235,1.7510759554925752,False
H_AF_full_chainA,15.0,236,1.7589647357661777,False
H_AF_full_chainA,15.0,237,1.7626519601478405,False
H_AF_full_chainA,15.0,238,1.7642793952487414,False
H_AF_full_chainA,15.0,239,1.7781351658195623,False
H_AF_full_chainA,15.0,240,1.7848150841977117,False
H_AF_full_chainA,15.0,241,1.799634519999478,False
H_AF_full_chainA,15.0,242,1.8043490022071282,False
H_AF_full_chainA,15.0,243,1.8084005084740116,False
H_AF_full_chainA,15.0,244,1.8245315195961238,False
H_AF_full_chainA,15.0,245,1.846007073369174,False
H_AF_full_chainA,15.0,246,1.847153737226916,False
H_AF_full_chainA,15.0,247,1.851739644607774,False
H_AF_full_chainA,15.0,248,1.8645091335263786,False
H_AF_full_chainA,15.0,249,1.8695724324661673,False
H_AF_full_chainA,15.0,250,1.8922408265680724,False
H_AF_full_chainA,15.0,251,1.9043824290580664,False
H_AF_full_chainA,15.0,252,1.9205001115907927,False
H_AF_full_chainA,15.0,253,1.9334020055518326,False
H_AF_full_chainA,15.0,254,1.9355046354921641,False
H_AF_full_chainA,15.0,255,1.966167313714987,False
H_AF_full_chainA,15.0,256,1.9721992206349368,False
H_AF_full_chainA,15.0,257,1.980039991654694,False
H_AF_full_chainA,15.0,258,1.9826691786511172,False
H_AF_full_chainA,15.0,259,1.9987545566145422,False
H_AF_full_chainA,15.0,260,2.01040771782072,False
H_AF_full_chainA,15.0,261,2.0118039969132244,False
H_AF_full_chainA,15.0,262,2.019015283947302,False
H_AF_full_chainA,15.0,263,2.029890587592806,False
H_AF_full_chainA,15.0,264,2.048389016512458,False
H_AF_full_chainA,15.0,265,2.0666228030810174,False
H_AF_full_chainA,15.0,266,2.0712861276810863,False
H_AF_full_chainA,15.0,267,2.0798907659472303,False
H_AF_full_chainA,15.0,268,2.0910698543530444,False
H_AF_full_chainA,15.0,269,2.0971529829096,False
H_AF_full_chainA,15.0,270,2.108650978388521,False
H_AF_full_chainA,15.0,271,2.1315074386646122,False
H_AF_full_chainA,15.0,272,2.143879952916581,False
H_AF_full_chainA,15.0,273,2.14467915439547,False
H_AF_full_chainA,15.0,274,2.150587618932291,False
H_AF_full_chainA,15.0,275,2.1745807528140904,False
H_AF_full_chainA,15.0,276,2.179995723403422,False
H_AF_full_chainA,15.0,277,2.1859230987620553,False
H_AF_full_chainA,15.0,278,2.1919906065077965,False
H_AF_full_chainA,15.0,279,2.2053967697279706,False
H_AF_full_chainA,15.0,280,2.2165111385357887,False
H_AF_full_chainA,15.0,281,2.229552009781603,False
H_AF_full_chainA,15.0,282,2.236733659805741,False
H_AF_full_chainA,15.0,283,2.239789111415475,False
H_AF_full_chainA,15.0,284,2.244785211179061,False
H_AF_full_chainA,15.0,285,2.26024964914651,False
H_AF_full_chainA,15.0,286,2.269750746659294,False
H_AF_full_chainA,15.0,287,2.2886973986819976,False
H_AF_full_chainA,15.0,288,2.29208322691428,False
H_AF_full_chainA,15.0,289,2.3037327025995995,False
H_AF_full_chainA,15.0,290,2.3111420914901877,False
H_AF_full_chainA,15.0,291,2.3167720667994454,False
H_AF_full_chainA,15.0,292,2.338209435670335,False
H_AF_full_chainA,15.0,293,2.35443615647647,False
H_AF_full_chainA,15.0,294,2.3674131707488466,False
H_AF_full_chainA,15.0,295,2.374784528543524,False
H_AF_full_chainA,15.0,296,2.3776717913440995,False
H_AF_full_chainA,15.0,297,2.38362601167941,False
H_AF_full_chainA,15.0,298,2.3841069999280244,False
H_AF_full_chainA,15.0,299,2.3905017971246325,False
H_AF_full_chainA,15.0,300,2.3995048319226138,False
H_AF_full_chainA,15.0,301,2.4092067646410618,False
H_AF_full_chainA,15.0,302,2.441640437530735,False
H_AF_full_chainA,15.0,303,2.468521219388835,False
H_AF_full_chainA,15.0,304,2.4729869040855927,False
H_AF_full_chainA,15.0,305,2.4738223475973786,False
H_AF_full_chainA,15.0,306,2.483874137302538,False
H_AF_full_chainA,15.0,307,2.497390727583357,False
H_AF_full_chainA,15.0,308,2.5078751059454256,False
H_AF_full_chainA,15.0,309,2.5276488187840846,False
H_AF_full_chainA,15.0,310,2.532327296859693,False
H_AF_full_chainA,15.0,311,2.552380169841348,False
H_AF_full_chainA,15.0,312,2.5568463382802746,False
H_AF_full_chainA,15.0,313,2.5830542955886773,False
H_AF_full_chainA,15.0,314,2.5970839645927244,False
H_AF_full_chainA,15.0,315,2.6236605908101804,False
H_AF_full_chainA,15.0,316,2.6399963938831488,False
H_AF_full_chainA,15.0,317,2.6526254125499427,False
H_AF_full_chainA,15.0,318,2.667511752646545,False
H_AF_full_chainA,15.0,319,2.6903753968850928,False
H_AF_full_chainA,15.0,320,2.7037863103679562,False
H_AF_full_chainA,15.0,321,2.7119431167932726,False
H_AF_full_chainA,15.0,322,2.718253584569853,False
H_AF_full_chainA,15.0,323,2.738272478089346,False
H_AF_full_chainA,15.0,324,2.7447019781602155,False
H_AF_full_chainA,15.0,325,2.7527980533699172,False
H_AF_full_chainA,15.0,326,2.7585075587066874,False
H_AF_full_chainA,15.0,327,2.781346132474451,False
H_AF_full_chainA,15.0,328,2.7895149927995213,False
H_AF_full_chainA,15.0,329,2.7899113719070128,False
H_AF_full_chainA,15.0,330,2.798123038256942,False
H_AF_full_chainA,15.0,331,2.8219811591444106,False
H_AF_full_chainA,15.0,332,2.8315995481174174,False
H_AF_full_chainA,15.0,333,2.838768729772195,False
H_AF_full_chainA,15.0,334,2.846603225270762,False
H_AF_full_chainA,15.0,335,2.861090715833469,False
H_AF_full_chainA,15.0,336,2.873350376523213,False
H_AF_full_chainA,15.0,337,2.9017275035863688,False
H_AF_full_chainA,15.0,338,2.908584880011099,False
H_AF_full_chainA,15.0,339,2.9146699911725387,False
H_AF_full_chainA,15.0,340,2.9235453928826276,False
H_AF_full_chainA,15.0,341,2.9268621250178115,False
H_AF_full_chainA,15.0,342,2.9427740861918164,False
H_AF_full_chainA,15.0,343,2.9572630457093148,False
H_AF_full_chainA,15.0,344,2.9596416592578163,False
H_AF_full_chainA,15.0,345,2.9804291838121664,False
H_AF_full_chainA,15.0,346,2.9826143829357155,False
H_AF_full_chainA,15.0,347,2.9837949400630404,False
H_AF_full_chainA,15.0,348,2.989493003364514,False
H_AF_full_chainA,15.0,349,3.0089521698171593,False
H_AF_full_chainA,15.0,350,3.013067187646061,False
H_AF_full_chainA,15.0,351,3.0200812588401704,False
H_AF_full_chainA,15.0,352,3.029477481068343,False
H_AF_full_chainA,15.0,353,3.044055054611501,False
H_AF_full_chainA,15.0,354,3.0510685038753373,False
H_AF_full_chainA,15.0,355,3.0517549276201485,False
H_AF_full_chainA,15.0,356,3.0583756040418737,False
H_AF_full_chainA,15.0,357,3.0619881008304484,False
H_AF_full_chainA,15.0,358,3.0657582919054165,False
H_AF_full_chainA,15.0,359,3.088593946876389,False
H_AF_full_chainA,15.0,360,3.091906486615483,False
H_AF_full_chainA,15.0,361,3.1023492306901024,False
H_AF_full_chainA,15.0,362,3.1221237546390856,False
H_AF_full_chainA,15.0,363,3.128502097848156,False
H_AF_full_chainA,15.0,364,3.1474859880318213,False
H_AF_full_chainA,15.0,365,3.149157574032477,False
H_AF_full_chainA,15.0,366,3.155538669073294,False
H_AF_full_chainA,15.0,367,3.1645604054675394,False
H_AF_full_chainA,15.0,368,3.1707826352154025,False
H_AF_full_chainA,15.0,369,3.1748111589892574,False
H_AF_full_chainA,15.0,370,3.1984140664858143,False
H_AF_full_chainA,15.0,371,3.200517941323404,False
H_AF_full_chainA,15.0,372,3.2135797607959704,False
H_AF_full_chainA,15.0,373,3.224088087400485,False
H_AF_full_chainA,15.0,374,3.2423221533536384,False
H_AF_full_chainA,15.0,375,3.245658348770608,False
H_AF_full_chainA,15.0,376,3.253861545903006,False
H_AF_full_chainA,15.0,377,3.256356118074469,False
H_AF_full_chainA,15.0,378,3.2649593489571767,False
H_AF_full_chainA,15.0,379,3.2684793419819616,False
H_AF_full_chainA,15.0,380,3.2883558851016486,False
H_AF_full_chainA,15.0,381,3.3073872899505545,False
H_AF_full_chainA,15.0,382,3.3177510643361736,False
H_AF_full_chainA,15.0,383,3.329378171224345,False
H_AF_full_chainA,15.0,384,3.337312099869111,False
H_AF_full_chainA,15.0,385,3.347028460166984,False
H_AF_full_chainA,15.0,386,3.3523798633405595,False
H_AF_full_chainA,15.0,387,3.3560920813555293,False
H_AF_full_chainA,15.0,388,3.379514950287576,False
H_AF_full_chainA,15.0,389,3.3820901249753836,False
H_AF_full_chainA,15.0,390,3.3842296179518856,False
H_AF_full_chainA,15.0,391,3.3915208390002904,False
H_AF_full_chainA,15.0,392,3.3980727336484198,False
H_AF_full_chainA,15.0,393,3.404549782164583,False
H_AF_full_chainA,15.0,394,3.416580212686334,False
H_AF_full_chainA,15.0,395,3.4263165999863117,False
H_AF_full_chainA,15.0,396,3.4327810217394084,False
H_AF_full_chainA,15.0,397,3.444925220841542,False
H_AF_full_chainA,15.0,398,3.481481937326385,False
H_AF_full_chainA,15.0,399,3.484745016141559,False
H_AF_full_chainA,15.0,400,3.49033045251821,False
H_AF_full_chainA,15.0,401,3.5075741777066076,False
H_AF_full_chainA,15.0,402,3.5164512483333104,False
H_AF_full_chainA,15.0,403,3.52166388315096,False
H_AF_full_chainA,15.0,404,3.5249445064712805,False
H_AF_full_chainA,15.0,405,3.5298337764894527,False
H_AF_full_chainA,15.0,406,3.545921984644289,False
H_AF_full_chainA,15.0,407,3.557340517408942,False
H_AF_full_chainA,15.0,408,3.5612628997489812,False
H_AF_full_chainA,15.0,409,3.569582133550147,False
H_AF_full_chainA,15.0,410,3.5878117028077674,False
H_AF_full_chainA,15.0,411,3.59380051765635,False
H_AF_full_chainA,15.0,412,3.6109353350487217,False
H_AF_full_chainA,15.0,413,3.624776052474885,False
H_AF_full_chainA,15.0,414,3.6256324648443052,False
H_AF_full_chainA,15.0,415,3.63155911839353,False
H_AF_full_chainA,15.0,416,3.638653562212766,False
H_AF_full_chainA,15.0,417,3.64584756595823,False
H_AF_full_chainA,15.0,418,3.6634900261804138,False
H_AF_full_chainA,15.0,419,3.6793983121428266,False
H_AF_full_chainA,15.0,420,3.6850784775478864,False
H_AF_full_chainA,15.0,421,3.706038774554664,False
H_AF_full_chainA,15.0,422,3.708678039263275,False
H_AF_full_chainA,15.0,423,3.729137031598502,False
H_AF_full_chainA,15.0,424,3.7301263385149586,False
H_AF_full_chainA,15.0,425,3.734428279536425,False
H_AF_full_chainA,15.0,426,3.7387839917556653,False
H_AF_full_chainA,15.0,427,3.7492207343743726,False
H_AF_full_chainA,15.0,428,3.7656512892781797,False
H_AF_full_chainA,15.0,429,3.7685382185404968,False
H_AF_full_chainA,15.0,430,3.769991850361293,False
H_AF_full_chainA,15.0,431,3.782676825076439,False
H_AF_full_chainA,15.0,432,3.787750954823974,False
H_AF_full_chainA,15.0,433,3.799507967967042,False
H_AF_full_chainA,15.0,434,3.807632226985557,False
H_AF_full_chainA,15.0,435,3.8166091888514986,False
H_AF_full_chainA,15.0,436,3.851246587985857,False
H_AF_full_chainA,15.0,437,3.863124874634064,False
H_AF_full_chainA,15.0,438,3.8955767560684533,False
H_AF_full_chainA,15.0,439,3.902990331841821,False
H_AF_full_chainA,15.0,440,3.9076658627087366,False
H_AF_full_chainA,15.0,441,3.921332671559267,False
H_AF_full_chainA,15.0,442,3.9366821842065787,False
H_AF_full_chainA,15.0,443,3.9470645213141684,False
H_AF_full_chainA,15.0,444,3.9528541514329665,False
H_AF_full_chainA,15.0,445,3.9629644848101417,False
H_AF_full_chainA,15.0,446,3.9697742644020675,False
H_AF_full_chainA,15.0,447,3.979201429766157,False
H_AF_full_chainA,15.0,448,3.9971079615303076,False
H_AF_full_chainA,15.0,449,4.001858916000835,False
H_AF_full_chainA,15.0,450,4.016957284885764,False
H_AF_full_chainA,15.0,451,4.0264688219542695,False
H_AF_full_chainA,15.0,452,4.035080333013096,False
H_AF_full_chainA,15.0,453,4.041786618480481,False
H_AF_full_chainA,15.0,454,4.047875318584406,False
H_AF_full_chainA,15.0,455,4.055673671899981,False
H_AF_full_chainA,15.0,456,4.064227048917208,False
H_AF_full_chainA,15.0,457,4.080851229028755,False
H_AF_full_chainA,15.0,458,4.093276505617631,False
H_AF_full_chainA,15.0,459,4.101873106922172,False
H_AF_full_chainA,15.0,460,4.118082785244929,False
H_AF_full_chainA,15.0,461,4.124143689431439,False
H_AF_full_chainA,15.0,462,4.152965132072081,False
H_AF_full_chainA,15.0,463,4.159817566488143,False
H_AF_full_chainA,15.0,464,4.175766966005792,False
H_AF_full_chainA,15.0,465,4.187489581721058,False
H_AF_full_chainA,15.0,466,4.1977749032464144,False
H_AF_full_chainA,15.0,467,4.211934348649725,False
H_AF_full_chainA,15.0,468,4.218722070676831,False
H_AF_full_chainA,15.0,469,4.23135072793588,False
H_AF_full_chainA,15.0,470,4.236703652781785,False
H_AF_full_chainA,15.0,471,4.258998771622351,False
H_AF_full_chainA,15.0,472,4.27162212943786,False
H_AF_full_chainA,15.0,473,4.272951379047664,False
H_AF_full_chainA,15.0,474,4.275799712828982,False
H_AF_full_chainA,15.0,475,4.296012625242839,False
H_AF_full_chainA,15.0,476,4.306118155072289,False
H_AF_full_chainA,15.0,477,4.313355476876929,False
H_AF_full_chainA,15.0,478,4.330756678547935,False
H_AF_full_chainA,15.0,479,4.340726290067208,False
H_AF_full_chainA,15.0,480,4.3504953459108835,False
H_AF_full_chainA,15.0,481,4.357173900872914,False
H_AF_full_chainA,15.0,482,4.388888847593884,False
H_AF_full_chainA,15.0,483,4.407021175390863,False
H_AF_full_chainA,15.0,484,4.409018476866996,False
H_AF_full_chainA,15.0,485,4.424827430723813,False
H_AF_full_chainA,15.0,486,4.425913198455826,False
H_AF_full_chainA,15.0,487,4.4546689261782735,False
H_AF_full_chainA,15.0,488,4.462444599699283,False
H_AF_full_chainA,15.0,489,4.471076311455159,False
H_AF_full_chainA,15.0,490,4.476464434231447,False
H_AF_full_chainA,15.0,491,4.504970847290118,False
H_AF_full_chainA,15.0,492,4.520764789648207,False
H_AF_full_chainA,15.0,493,4.535376678379433,False
H_AF_full_chainA,15.0,494,4.539762997106807,False
H_AF_full_chainA,15.0,495,4.548993788457305,False
H_AF_full_chainA,15.0,496,4.572218339083531,False
H_AF_full_chainA,15.0,497,4.580483486360422,False
H_AF_full_chainA,15.0,498,4.623688693888575,False
H_AF_full_chainA,15.0,499,4.633379268334636,False
H_AF_full_chainA,15.0,500,4.646257447573074,False
H_AF_full_chainA,15.0,501,4.66001323584926,False
H_AF_full_chainA,15.0,502,4.674950131320679,False
H_AF_full_chainA,15.0,503,4.699454962749366,False
H_AF_full_chainA,15.0,504,4.726155692691494,False
H_AF_full_chainA,15.0,505,4.782771014045108,False
H_AF_full_chainA,15.0,506,4.789956652660431,False
H_AF_full_chainA,15.0,507,4.796441606650631,False
H_AF_full_chainA,15.0,508,4.8389597636788375,False
H_AF_full_chainA,15.0,509,4.861340087763538,False
H_AF_full_chainA,15.0,510,4.87937072486074,False
H_AF_full_chainA,15.0,511,4.88097273400611,False
H_AF_full_chainA,15.0,512,4.889204890619008,False
H_AF_full_chainA,15.0,513,4.913485817022121,False
H_AF_full_chainA,15.0,514,4.9172291824051655,False
H_AF_full_chainA,15.0,515,4.925525211641742,False
H_AF_full_chainA,15.0,516,4.939663509037072,False
H_AF_full_chainA,15.0,517,4.94480924089808,False
H_AF_full_chainA,15.0,518,4.967571921467125,False
H_AF_full_chainA,15.0,519,4.990347664048915,False
H_AF_full_chainA,15.0,520,4.997761807545344,False
H_AF_full_chainA,15.0,521,5.003339057103387,False
H_AF_full_chainA,15.0,522,5.010770748641942,False
H_AF_full_chainA,15.0,523,5.031388276102059,False
H_AF_full_chainA,15.0,524,5.051472038532399,False
H_AF_full_chainA,15.0,525,5.077127941714862,False
H_AF_full_chainA,15.0,526,5.093744315183032,False
H_AF_full_chainA,15.0,527,5.107703936247477,False
H_AF_full_chainA,15.0,528,5.1234919491736735,False
H_AF_full_chainA,15.0,529,5.145662718170109,False
H_AF_full_chainA,15.0,530,5.156070841897566,False
H_AF_full_chainA,15.0,531,5.174267479488327,False
H_AF_full_chainA,15.0,532,5.185658259232337,False
H_AF_full_chainA,15.0,533,5.197823053515224,False
H_AF_full_chainA,15.0,534,5.211088987678229,False
H_AF_full_chainA,15.0,535,5.223233645362428,False
H_AF_full_chainA,15.0,536,5.2317069033521815,False
H_AF_full_chainA,15.0,537,5.262507760542367,False
H_AF_full_chainA,15.0,538,5.27624754146276,False
H_AF_full_chainA,15.0,539,5.280070170180561,False
H_AF_full_chainA,15.0,540,5.306483973692484,False
H_AF_full_chainA,15.0,541,5.311547848032825,False
H_AF_full_chainA,15.0,542,5.319174644555753,False
H_AF_full_chainA,15.0,543,5.324263743507405,False
H_AF_full_chainA,15.0,544,5.3384885328500244,False
H_AF_full_chainA,15.0,545,5.364409966343026,False
H_AF_full_chainA,15.0,546,5.3867517916531735,False
H_AF_full_chainA,15.0,547,5.3908480956522435,False
H_AF_full_chainA,15.0,548,5.405220899422457,False
H_AF_full_chainA,15.0,549,5.424918665968569,False
H_AF_full_chainA,15.0,550,5.4570200384420735,False
H_AF_full_chainA,15.0,551,5.487528823590004,False
H_AF_full_chainA,15.0,552,5.502412957624971,False
H_AF_full_chainA,15.0,553,5.508187351614776,False
H_AF_full_chainA,15.0,554,5.525099510938871,False
H_AF_full_chainA,15.0,555,5.5290457353755365,False
H_AF_full_chainA,15.0,556,5.5531639779865944,False
H_AF_full_chainA,15.0,557,5.57039326312974,False
H_AF_full_chainA,15.0,558,5.576958171015223,False
H_AF_full_chainA,15.0,559,5.577198864080842,False
H_AF_full_chainA,15.0,560,5.610795672695779,False
H_AF_full_chainA,15.0,561,5.62775490111634,False
H_AF_full_chainA,15.0,562,5.638957585391379,False
H_AF_full_chainA,15.0,563,5.644836762037831,False
H_AF_full_chainA,15.0,564,5.647803766822855,False
H_AF_full_chainA,15.0,565,5.673253315664096,False
H_AF_full_chainA,15.0,566,5.680662267798774,False
H_AF_full_chainA,15.0,567,5.702182768407676,False
H_AF_full_chainA,15.0,568,5.714507189542742,False
H_AF_full_chainA,15.0,569,5.72668087747598,False
H_AF_full_chainA,15.0,570,5.754687721765601,False
H_AF_full_chainA,15.0,571,5.787221732277154,False
H_AF_full_chainA,15.0,572,5.796097545651303,False
H_AF_full_chainA,15.0,573,5.811559906774706,False
H_AF_full_chainA,15.0,574,5.833866825571804,False
H_AF_full_chainA,15.0,575,5.837536736414029,False
H_AF_full_chainA,15.0,576,5.8514076282449015,False
H_AF_full_chainA,15.0,577,5.865530002810114,False
H_AF_full_chainA,15.0,578,5.880873413942563,False
H_AF_full_chainA,15.0,579,5.9116704041888335,False
H_AF_full_chainA,15.0,580,5.9469051311365115,False
H_AF_full_chainA,15.0,581,5.978792725180822,False
H_AF_full_chainA,15.0,582,6.005780110158941,False
H_AF_full_chainA,15.0,583,6.022668132935798,False
H_AF_full_chainA,15.0,584,6.0594357620164585,False
H_AF_full_chainA,15.0,585,6.06813017096704,False
H_AF_full_chainA,15.0,586,6.0807101364804526,False
H_AF_full_chainA,15.0,587,6.105993616935881,False
H_AF_full_chainA,15.0,588,6.117869433579247,False
H_AF_full_chainA,15.0,589,6.138889189578676,False
H_AF_full_chainA,15.0,590,6.151718474001488,False
H_AF_full_chainA,15.0,591,6.1569206989764345,False
H_AF_full_chainA,15.0,592,6.158018506937555,False
H_AF_full_chainA,15.0,593,6.17550500579219,False
H_AF_full_chainA,15.0,594,6.202154931870482,False
H_AF_full_chainA,15.0,595,6.219883001615401,False
H_AF_full_chainA,15.0,596,6.235503699038294,False
H_AF_full_chainA,15.0,597,6.261182603086547,False
H_AF_full_chainA,15.0,598,6.270928358424884,False
H_AF_full_chainA,15.0,599,6.28154496003429,False
H_AF_full_chainA,15.0,600,6.309426188344386,False
H_AF_full_chainA,15.0,601,6.332719569133952,False
H_AF_full_chainA,15.0,602,6.347962339633583,False
H_AF_full_chainA,15.0,603,6.356226182235833,False
H_AF_full_chainA,15.0,604,6.358520502315713,False
H_AF_full_chainA,15.0,605,6.379151822320272,False
H_AF_full_chainA,15.0,606,6.405480047695482,False
H_AF_full_chainA,15.0,607,6.41474010139357,False
H_AF_full_chainA,15.0,608,6.427289296879988,False
H_AF_full_chainA,15.0,609,6.465229527526682,False
H_AF_full_chainA,15.0,610,6.483219309103401,False
H_AF_full_chainA,15.0,611,6.492131775633306,False
H_AF_full_chainA,15.0,612,6.493251993972331,False
H_AF_full_chainA,15.0,613,6.514919741898603,False
H_AF_full_chainA,15.0,614,6.5291028956626205,False
H_AF_full_chainA,15.0,615,6.5580945153074595,False
H_AF_full_chainA,15.0,616,6.563569379601785,False
H_AF_full_chainA,15.0,617,6.578898586242822,False
H_AF_full_chainA,15.0,618,6.595904439024301,False
H_AF_full_chainA,15.0,619,6.609662715609423,False
H_AF_full_chainA,15.0,620,6.61913329731833,False
H_AF_full_chainA,15.0,621,6.651522198400874,False
H_AF_full_chainA,15.0,622,6.661872484152483,False
H_AF_full_chainA,15.0,623,6.6792317371637004,False
H_AF_full_chainA,15.0,624,6.702369952856877,False
H_AF_full_chainA,15.0,625,6.740825891331407,False
H_AF_full_chainA,15.0,626,6.747610052709627,False
H_AF_full_chainA,15.0,627,6.768932329898642,False
H_AF_full_chainA,15.0,628,6.7900109154495665,False
H_AF_full_chainA,15.0,629,6.800210797241458,False
H_AF_full_chainA,15.0,630,6.816588705615117,False
H_AF_full_chainA,15.0,631,6.837490072598462,False
H_AF_full_chainA,15.0,632,6.865318785544108,False
H_AF_full_chainA,15.0,633,6.88114571432876,False
H_AF_full_chainA,15.0,634,6.91059062982245,False
H_AF_full_chainA,15.0,635,6.9158276543147865,False
H_AF_full_chainA,15.0,636,6.920521458890427,False
H_AF_full_chainA,15.0,637,6.935137817298741,False
H_AF_full_chainA,15.0,638,6.951442396456332,False
H_AF_full_chainA,15.0,639,6.96600393855969,False
H_AF_full_chainA,15.0,640,6.980068397573404,False
H_AF_full_chainA,15.0,641,6.990206741535849,False
H_AF_full_chainA,15.0,642,7.005049426831636,False
H_AF_full_chainA,15.0,643,7.021921085587207,False
H_AF_full_chainA,15.0,644,7.037356494948733,False
H_AF_full_chainA,15.0,645,7.0454871826320495,False
H_AF_full_chainA,15.0,646,7.053582278210691,False
H_AF_full_chainA,15.0,647,7.067069715158954,False
H_AF_full_chainA,15.0,648,7.112870617696693,False
H_AF_full_chainA,15.0,649,7.134404251522331,False
H_AF_full_chainA,15.0,650,7.144220141908983,False
H_AF_full_chainA,15.0,651,7.152618032873316,False
H_AF_full_chainA,15.0,652,7.1623086802464595,False
H_AF_full_chainA,15.0,653,7.175330784913789,False
H_AF_full_chainA,15.0,654,7.201107663894661,False
H_AF_full_chainA,15.0,655,7.210473236405151,False
H_AF_full_chainA,15.0,656,7.243429718500487,False
H_AF_full_chainA,15.0,657,7.268479231486208,False
H_AF_full_chainA,15.0,658,7.273647483251749,False
H_AF_full_chainA,15.0,659,7.281206431183607,False
H_AF_full_chainA,15.0,660,7.293587779310503,False
H_AF_full_chainA,15.0,661,7.3150819265747,False
H_AF_full_chainA,15.0,662,7.3213469271989045,False
H_AF_full_chainA,15.0,663,7.327328067163941,False
H_AF_full_chainA,15.0,664,7.349377640859751,False
H_AF_full_chainA,15.0,665,7.366304051451882,False
H_AF_full_chainA,15.0,666,7.37046526989076,False
H_AF_full_chainA,15.0,667,7.3780564602377,False
H_AF_full_chainA,15.0,668,7.38992690598907,False
H_AF_full_chainA,15.0,669,7.399833110046727,False
H_AF_full_chainA,15.0,670,7.410596439086385,False
H_AF_full_chainA,15.0,671,7.427016013287008,False
H_AF_full_chainA,15.0,672,7.433936942615831,False
H_AF_full_chainA,15.0,673,7.440881012909093,False
H_AF_full_chainA,15.0,674,7.453508769061504,False
H_AF_full_chainA,15.0,675,7.48544860739721,False
H_AF_full_chainA,15.0,676,7.4880157092178665,False
H_AF_full_chainA,15.0,677,7.515169840971232,False
H_AF_full_chainA,15.0,678,7.517872157685727,False
H_AF_full_chainA,15.0,679,7.536177729925011,False
H_AF_full_chainA,15.0,680,7.54113529708744,False
H_AF_full_chainA,15.0,681,7.581699569513464,False
H_AF_full_chainA,15.0,682,7.582559590504214,False
H_AF_full_chainA,15.0,683,7.592935252655841,False
H_AF_full_chainA,15.0,684,7.603041983161672,False
H_AF_full_chainA,15.0,685,7.6265718858184,False
H_AF_full_chainA,15.0,686,7.628339151220584,False
H_AF_full_chainA,15.0,687,7.660836667082968,False
H_AF_full_chainA,15.0,688,7.666495718430829,False
H_AF_full_chainA,15.0,689,7.674310309518718,False
H_AF_full_chainA,15.0,690,7.695794705610612,False
H_AF_full_chainA,15.0,691,7.698044793163859,False
H_AF_full_chainA,15.0,692,7.7161522897113155,False
H_AF_full_chainA,15.0,693,7.741296828337977,False
H_AF_full_chainA,15.0,694,7.746805687189499,False
H_AF_full_chainA,15.0,695,7.758044284131003,False
H_AF_full_chainA,15.0,696,7.762642059679517,False
H_AF_full_chainA,15.0,697,7.763805513646727,False
H_AF_full_chainA,15.0,698,7.790602710959351,False
H_AF_full_chainA,15.0,699,7.809933068419596,False
H_AF_full_chainA,15.0,700,7.840892257379681,False
H_AF_full_chainA,15.0,701,7.8452188904692095,False
H_AF_full_chainA,15.0,702,7.849108889427093,False
H_AF_full_chainA,15.0,703,7.856397014132106,False
H_AF_full_chainA,15.0,704,7.872931030153795,False
H_AF_full_chainA,15.0,705,7.892136588088685,False
H_AF_full_chainA,15.0,706,7.913026719461174,False
H_AF_full_chainA,15.0,707,7.919440844120715,False
H_AF_full_chainA,15.0,708,7.926238336823213,False
H_AF_full_chainA,15.0,709,7.930370522083602,False
H_AF_full_chainA,15.0,710,7.94350917474744,False
H_AF_full_chainA,15.0,711,7.958940609172212,False
H_AF_full_chainA,15.0,712,7.963458821371158,False
H_AF_full_chainA,15.0,713,7.991882153988454,False
H_AF_full_chainA,15.0,714,7.99820524920719,False
H_AF_full_chainA,15.0,715,8.012835434779547,False
H_AF_full_chainA,15.0,716,8.049310404593285,False
H_AF_full_chainA,15.0,717,8.058815837804666,False
H_AF_full_chainA,15.0,718,8.062176059019876,False
H_AF_full_chainA,15.0,719,8.070850252920465,False
H_AF_full_chainA,15.0,720,8.079378826827691,False
H_AF_full_chainA,15.0,721,8.091223919320774,False
H_AF_full_chainA,15.0,722,8.116616743702632,False
H_AF_full_chainA,15.0,723,8.118536118545656,False
H_AF_full_chainA,15.0,724,8.126372090162427,False
H_AF_full_chainA,15.0,725,8.129161084118191,False
H_AF_full_chainA,15.0,726,8.162814051018369,False
H_AF_full_chainA,15.0,727,8.17966500783213,False
H_AF_full_chainA,15.0,728,8.200597375616411,False
H_AF_full_chainA,15.0,729,8.219434147795141,False
H_AF_full_chainA,15.0,730,8.219847054917693,False
H_AF_full_chainA,15.0,731,8.23278352058059,False
H_AF_full_chainA,15.0,732,8.247822329882533,False
H_AF_full_chainA,15.0,733,8.251954165150595,False
H_AF_full_chainA,15.0,734,8.2892111878503,False
H_AF_full_chainA,15.0,735,8.296339812294026,False
H_AF_full_chainA,15.0,736,8.30225100068787,False
H_AF_full_chainA,15.0,737,8.309351416365336,False
H_AF_full_chainA,15.0,738,8.323495323339456,False
H_AF_full_chainA,15.0,739,8.32825710738689,False
H_AF_full_chainA,15.0,740,8.344050632480847,False
H_AF_full_chainA,15.0,741,8.384911230794506,False
H_AF_full_chainA,15.0,742,8.396390335662968,False
H_AF_full_chainA,15.0,743,8.406668925309521,False
H_AF_full_chainA,15.0,744,8.427471796926408,False
H_AF_full_chainA,15.0,745,8.439233169003767,False
H_AF_full_chainA,15.0,746,8.450844425859104,False
H_AF_full_chainA,15.0,747,8.46756376088982,False
H_AF_full_chainA,15.0,748,8.48148705845077,False
H_AF_full_chainA,15.0,749,8.493327909610928,False
H_AF_full_chainA,15.0,750,8.501422893063296,False
H_AF_full_chainA,15.0,751,8.522487463938335,False
H_AF_full_chainA,15.0,752,8.534846704897978,False
H_AF_full_chainA,15.0,753,8.546510601420442,False
H_AF_full_chainA,15.0,754,8.559245234046278,False
H_AF_full_chainA,15.0,755,8.573160595794745,False
H_AF_full_chainA,15.0,756,8.587064770187354,False
H_AF_full_chainA,15.0,757,8.592369265459528,False
H_AF_full_chainA,15.0,758,8.59930133200243,False
H_AF_full_chainA,15.0,759,8.61892286542521,False
H_AF_full_chainA,15.0,760,8.636178249537336,False
H_AF_full_chainA,15.0,761,8.652183438408446,False
H_AF_full_chainA,15.0,762,8.65672498329739,False
H_AF_full_chainA,15.0,763,8.667104769065887,False
H_AF_full_chainA,15.0,764,8.691920610370655,False
H_AF_full_chainA,15.0,765,8.695023553534263,False
H_AF_full_chainA,15.0,766,8.702967766872694,False
H_AF_full_chainA,15.0,767,8.709265235252515,False
H_AF_full_chainA,15.0,768,8.721024622429798,False
H_AF_full_chainA,15.0,769,8.762029901693534,False
H_AF_full_chainA,15.0,770,8.773191225921853,False
H_AF_full_chainA,15.0,771,8.790331272633958,False
H_AF_full_chainA,15.0,772,8.814048284416641,False
H_AF_full_chainA,15.0,773,8.826009163701404,False
H_AF_full_chainA,15.0,774,8.84884864548768,False
H_AF_full_chainA,15.0,775,8.866115943688758,False
H_AF_full_chainA,15.0,776,8.880953793426354,False
H_AF_full_chainA,15.0,777,8.885883528030508,False
H_AF_full_chainA,15.0,778,8.903520777125905,False
H_AF_full_chainA,15.0,779,8.922712636277074,False
H_AF_full_chainA,15.0,780,8.942273862146195,False
H_AF_full_chainA,15.0,781,8.971849241696592,False
H_AF_full_chainA,15.0,782,8.985599649797798,False
H_AF_full_chainA,15.0,783,8.988019242800261,False
H_AF_full_chainA,15.0,784,9.005187255506872,False
H_AF_full_chainA,15.0,785,9.015523930376064,False
H_AF_full_chainA,15.0,786,9.030475967197356,False
H_AF_full_chainA,15.0,787,9.038991994234772,False
H_AF_full_chainA,15.0,788,9.044848769447636,False
H_AF_full_chainA,15.0,789,9.062468046616873,False
H_AF_full_chainA,15.0,790,9.070847877276378,False
H_AF_full_chainA,15.0,791,9.074557823570467,False
H_AF_full_chainA,15.0,792,9.088984633418939,False
H_AF_full_chainA,15.0,793,9.107285439740622,False
H_AF_full_chainA,15.0,794,9.108589121241463,False
H_AF_full_chainA,15.0,795,9.141318419922397,False
H_AF_full_chainA,15.0,796,9.158911168784128,False
H_AF_full_chainA,15.0,797,9.17069093835307,False
H_AF_full_chainA,15.0,798,9.189228880656962,False
H_AF_full_chainA,15.0,799,9.196228721236807,False
H_AF_full_chainA,15.0,800,9.203462195376686,False
H_AF_full_chainA,15.0,801,9.217342552165581,False
H_AF_full_chainA,15.0,802,9.234879969320247,False
H_AF_full_chainA,15.0,803,9.259070259308361,False
H_AF_full_chainA,15.0,804,9.260403015529553,False
H_AF_full_chainA,15.0,805,9.277812554657077,False
H_AF_full_chainA,15.0,806,9.28277402121313,False
H_AF_full_chainA,15.0,807,9.30924044012771,False
H_AF_full_chainA,15.0,808,9.319742889763187,False
H_AF_full_chainA,15.0,809,9.326543226450502,False
H_AF_full_chainA,15.0,810,9.333991470706131,False
H_AF_full_chainA,15.0,811,9.335207536151037,False
H_AF_full_chainA,15.0,812,9.346112392174465,False
H_AF_full_chainA,15.0,813,9.353388321166387,False
H_AF_full_chainA,15.0,814,9.362183091497084,False
H_AF_full_chainA,15.0,815,9.367315693991838,False
H_AF_full_chainA,15.0,816,9.377557368096008,False
H_AF_full_chainA,15.0,817,9.394167098600727,False
H_AF_full_chainA,15.0,818,9.395367573879788,False
H_AF_full_chainA,15.0,819,9.41393633668913,False
H_AF_full_chainA,15.0,820,9.431495537320039,False
H_AF_full_chainA,15.0,821,9.437614361250105,False
H_AF_full_chainA,15.0,822,9.451949665831116,False
H_AF_full_chainA,15.0,823,9.472998198968828,False
H_AF_full_chainA,15.0,824,9.482785390831678,False
H_AF_full_chainA,15.0,825,9.493079761882841,False
H_AF_full_chainA,15.0,826,9.496156512367348,False
H_AF_full_chainA,15.0,827,9.530850658468731,False
H_AF_full_chainA,15.0,828,9.53545204215774,False
H_AF_full_chainA,15.0,829,9.543471165467002,False
H_AF_full_chainA,15.0,830,9.56585599997097,False
H_AF_full_chainA,15.0,831,9.575519849579177,False
H_AF_full_chainA,15.0,832,9.590372830214099,False
H_AF_full_chainA,15.0,833,9.602381310474232,False
H_AF_full_chainA,15.0,834,9.609347718930312,False
H_AF_full_chainA,15.0,835,9.621133736534107,False
H_AF_full_chainA,15.0,836,9.625270588760145,False
H_AF_full_chainA,15.0,837,9.63211940946468,False
H_AF_full_chainA,15.0,838,9.653047715761133,False
H_AF_full_chainA,15.0,839,9.661254555388997,False
H_AF_full_chainA,15.0,840,9.680118155406966,False
H_AF_full_chainA,15.0,841,9.699058138693744,False
H_AF_full_chainA,15.0,842,9.711372449723655,False
H_AF_full_chainA,15.0,843,9.714317584852711,False
H_AF_full_chainA,15.0,844,9.725430788122353,False
H_AF_full_chainA,15.0,845,9.746384768692483,False
H_AF_full_chainA,15.0,846,9.752085618318903,False
H_AF_full_chainA,15.0,847,9.768813057226087,False
H_AF_full_chainA,15.0,848,9.77149751540181,False
H_AF_full_chainA,15.0,849,9.774718044736977,False
H_AF_full_chainA,15.0,850,9.793539942567783,False
H_AF_full_chainA,15.0,851,9.813228508814191,False
H_AF_full_chainA,15.0,852,9.830138660881884,False
H_AF_full_chainA,15.0,853,9.832134561998943,False
H_AF_full_chainA,15.0,854,9.836936669400526,False
H_AF_full_chainA,15.0,855,9.85357622259578,False
H_AF_full_chainA,15.0,856,9.869533237757,False
H_AF_full_chainA,15.0,857,9.874822528382312,False
H_AF_full_chainA,15.0,858,9.879877300615345,False
H_AF_full_chainA,15.0,859,9.883833328282185,False
H_AF_full_chainA,15.0,860,9.88586068003424,False
H_AF_full_chainA,15.0,861,9.910236256100708,False
H_AF_full_chainA,15.0,862,9.926481482131274,False
H_AF_full_chainA,15.0,863,9.929103922256482,False
H_AF_full_chainA,15.0,864,9.949340893898981,False
H_AF_full_chainA,15.0,865,9.955389688253792,False
H_AF_full_chainA,15.0,866,9.956376995778264,False
H_AF_full_chainA,15.0,867,9.979321214868143,False
H_AF_full_chainA,15.0,868,10.012476844696883,False
H_AF_full_chainA,15.0,869,10.024238461328691,False
H_AF_full_chainA,15.0,870,10.03125342404757,False
H_AF_full_chainA,15.0,871,10.047921922263795,False
H_AF_full_chainA,15.0,872,10.057813143972076,False
H_AF_full_chainA,15.0,873,10.075317546397875,False
H_AF_full_chainA,15.0,874,10.094092710275072,False
H_AF_full_chainA,15.0,875,10.106427161068373,False
H_AF_full_chainA,15.0,876,10.114034632776166,False
H_AF_full_chainA,15.0,877,10.120793274863635,False
H_AF_full_chainA,15.0,878,10.133187138637867,False
H_AF_full_chainA,15.0,879,10.138151258089371,False
H_AF_full_chainA,15.0,880,10.147648311857631,False
H_AF_full_chainA,15.0,881,10.167390499364354,False
H_AF_full_chainA,15.0,882,10.178277768395485,False
H_AF_full_chainA,15.0,883,10.184165189901977,False
H_AF_full_chainA,15.0,884,10.193345532326942,False
H_AF_full_chainA,15.0,885,10.201704442132415,False
H_AF_full_chainA,15.0,886,10.214945037921666,False
H_AF_full_chainA,15.0,887,10.22191547690431,False
H_AF_full_chainA,15.0,888,10.239148211426746,False
H_AF_full_chainA,15.0,889,10.254006913863408,False
H_AF_full_chainA,15.0,890,10.268432634821343,False
H_AF_full_chainA,15.0,891,10.28011258723996,False
H_AF_full_chainA,15.0,892,10.28832033318692,False
H_AF_full_chainA,15.0,893,10.298398478486932,False
H_AF_full_chainA,15.0,894,10.304815868046084,False
H_AF_full_chainA,15.0,895,10.335146223321434,False
H_AF_full_chainA,15.0,896,10.339469964603532,False
H_AF_full_chainA,15.0,897,10.351860064760432,False
H_AF_full_chainA,15.0,898,10.363941721229022,False
H_AF_full_chainA,15.0,899,10.385187846870268,False
H_AF_full_chainA,15.0,900,10.398962611910564,False
H_AF_full_chainA,15.0,901,10.402483829103332,False
H_AF_full_chainA,15.0,902,10.4111909107041,False
H_AF_full_chainA,15.0,903,10.413913315107829,False
H_AF_full_chainA,15.0,904,10.419098566367122,False
H_AF_full_chainA,15.0,905,10.424758259714597,False
H_AF_full_chainA,15.0,906,10.436897159483346,False
H_AF_full_chainA,15.0,907,10.446547318984901,False
H_AF_full_chainA,15.0,908,10.457243258482617,False
H_AF_full_chainA,15.0,909,10.467601244831227,False
H_AF_full_chainA,15.0,910,10.479554872642835,False
H_AF_full_chainA,15.0,911,10.496056502287937,False
H_AF_full_chainA,15.0,912,10.515921892889114,False
H_AF_full_chainA,15.0,913,10.5168305894837,False
H_AF_full_chainA,15.0,914,10.532737219512521,False
H_AF_full_chainA,15.0,915,10.535013356844741,False
H_AF_full_chainA,15.0,916,10.542500492480647,False
H_AF_full_chainA,15.0,917,10.559217395240585,False
H_AF_full_chainA,15.0,918,10.57553813098284,False
H_AF_full_chainA,15.0,919,10.575835441020836,False
H_AF_full_chainA,15.0,920,10.601539056836964,False
H_AF_full_chainA,15.0,921,10.608547329799155,False
H_AF_full_chainA,15.0,922,10.623299041737233,False
H_AF_full_chainA,15.0,923,10.628831699766561,False
H_AF_full_chainA,15.0,924,10.640823017785772,False
H_AF_full_chainA,15.0,925,10.652588537397,False
H_AF_full_chainA,15.0,926,10.659764598827309,False
H_AF_full_chainA,15.0,927,10.66658322721839,False
H_AF_full_chainA,15.0,928,10.669625558320307,False
H_AF_full_chainA,15.0,929,10.676118712470409,False
H_AF_full_chainA,15.0,930,10.684693114786688,False
H_AF_full_chainA,15.0,931,10.695682799371586,False
H_AF_full_chainA,15.0,932,10.71371185247646,False
H_AF_full_chainA,15.0,933,10.725951265529494,False
H_AF_full_chainA,15.0,934,10.740919921094132,False
H_AF_full_chainA,15.0,935,10.752645715430079,False
H_AF_full_chainA,15.0,936,10.764546674496197,False
H_AF_full_chainA,15.0,937,10.779212803216652,False
H_AF_full_chainA,15.0,938,10.78731605786318,False
H_AF_full_chainA,15.0,939,10.79104284762368,False
H_AF_full_chainA,15.0,940,10.796607326213142,False
H_AF_full_chainA,15.0,941,10.803023774116465,False
H_AF_full_chainA,15.0,942,10.810648657277225,False
H_AF_full_chainA,15.0,943,10.81797209802557,False
H_AF_full_chainA,15.0,944,10.833543135457287,False
H_AF_full_chainA,15.0,945,10.852954914067404,False
H_AF_full_chainA,15.0,946,10.864081130098105,False
H_AF_full_chainA,15.0,947,10.87669432948197,False
H_AF_full_chainA,15.0,948,10.885414927870514,False
H_AF_full_chainA,15.0,949,10.899778876007888,False
H_AF_full_chainA,15.0,950,10.905477417922029,False
H_AF_full_chainA,15.0,951,10.924210427429916,False
H_AF_full_chainA,15.0,952,10.935142076462373,False
H_AF_full_chainA,15.0,953,10.947070131781462,False
H_AF_full_chainA,15.0,954,10.95066649362302,False
H_AF_full_chainA,15.0,955,10.976458452645183,False
H_AF_full_chainA,15.0,956,10.986270027393248,False
H_AF_full_chainA,15.0,957,10.991487141151735,False
H_AF_full_chainA,15.0,958,10.996600124464349,False
H_AF_full_chainA,15.0,959,11.009483858889825,False
H_AF_full_chainA,15.0,960,11.016976027151859,False
H_AF_full_chainA,15.0,961,11.022499797379455,False
H_AF_full_chainA,15.0,962,11.032135020977284,False
H_AF_full_chainA,15.0,963,11.057809666445698,False
H_AF_full_chainA,15.0,964,11.076020929194849,False
H_AF_full_chainA,15.0,965,11.105355654321283,False
H_AF_full_chainA,15.0,966,11.111345486968208,False
H_AF_full_chainA,15.0,967,11.119547881378695,False
H_AF_full_chainA,15.0,968,11.121307407007096,False
H_AF_full_chainA,15.0,969,11.127820446089506,False
H_AF_full_chainA,15.0,970,11.13525233927798,False
H_AF_full_chainA,15.0,971,11.149163887693755,False
H_AF_full_chainA,15.0,972,11.173992623717941,False
H_AF_full_chainA,15.0,973,11.180344479065665,False
H_AF_full_chainA,15.0,974,11.18945578334046,False
H_AF_full_chainA,15.0,975,11.190530289471768,False
H_AF_full_chainA,15.0,976,11.212580946612011,False
H_AF_full_chainA,15.0,977,11.228492541671335,False
H_AF_full_chainA,15.0,978,11.236462049336625,False
H_AF_full_chainA,15.0,979,11.24159351684398,False
H_AF_full_chainA,15.0,980,11.250162514338236,False
H_AF_full_chainA,15.0,981,11.256846253686627,False
H_AF_full_chainA,15.0,982,11.261338666892708,False
H_AF_full_chainA,15.0,983,11.271776108630547,False
H_AF_full_chainA,15.0,984,11.296034169154936,False
H_AF_full_chainA,15.0,985,11.29725919043003,False
H_AF_full_chainA,15.0,986,11.301024251949475,False
H_AF_full_chainA,15.0,987,11.30641481458635,False
H_AF_full_chainA,15.0,988,11.316901697974812,False
H_AF_full_chainA,15.0,989,11.326397153139878,False
H_AF_full_chainA,15.0,990,11.333723891604892,False
H_AF_full_chainA,15.0,991,11.334446713398675,False
H_AF_full_chainA,15.0,992,11.355609754050082,False
H_AF_full_chainA,15.0,993,11.361201723821592,False
H_AF_full_chainA,15.0,994,11.36948483236384,False
H_AF_full_chainA,15.0,995,11.374166770686653,False
H_AF_full_chainA,15.0,996,11.38367602782615,False
H_AF_full_chainA,15.0,997,11.389053887893988,False
H_AF_full_chainA,15.0,998,11.398675105949676,False
H_AF_full_chainA,15.0,999,11.414708508072016,False
H_AF_full_chainA,15.0,1000,11.431998418753006,False
H_AF_full_chainA,15.0,1001,11.435777892109032,False
H_AF_full_chainA,15.0,1002,11.453728313502324,False
H_AF_full_chainA,15.0,1003,11.46177850719617,False
H_AF_full_chainA,15.0,1004,11.477098783048262,False
H_AF_full_chainA,15.0,1005,11.482703290933616,False
H_AF_full_chainA,15.0,1006,11.50178475766216,False
H_AF_full_chainA,15.0,1007,11.522110987224485,False
H_AF_full_chainA,15.0,1008,11.528473274736244,False
H_AF_full_chainA,15.0,1009,11.542712067392056,False
H_AF_full_chainA,15.0,1010,11.553777990711342,False
H_AF_full_chainA,15.0,1011,11.555473479301845,False
H_AF_full_chainA,15.0,1012,11.565327555269194,False
H_AF_full_chainA,15.0,1013,11.575751426997805,False
H_AF_full_chainA,15.0,1014,11.581438185152159,False
H_AF_full_chainA,15.0,1015,11.589344538901218,False
H_AF_full_chainA,15.0,1016,11.598361062705509,False
H_AF_full_chainA,15.0,1017,11.604733410821495,False
H_AF_full_chainA,15.0,1018,11.625323827090313,False
H_AF_full_chainA,15.0,1019,11.631734490488059,False
H_AF_full_chainA,15.0,1020,11.646633715992115,False
H_AF_full_chainA,15.0,1021,11.653006368950175,False
H_AF_full_chainA,15.0,1022,11.663021368323953,False
H_AF_full_chainA,15.0,1023,11.671155951742982,False
H_AF_full_chainA,15.0,1024,11.674996577792294,False
H_AF_full_chainA,15.0,1025,11.679115445506639,False
H_AF_full_chainA,15.0,1026,11.694684532333032,False
H_AF_full_chainA,15.0,1027,11.717809508386924,False
H_AF_full_chainA,15.0,1028,11.74411509117828,False
H_AF_full_chainA,15.0,1029,11.752681684346229,False
H_AF_full_chainA,15.0,1030,11.755664793760756,False
H_AF_full_chainA,15.0,1031,11.771959001269078,False
H_AF_full_chainA,15.0,1032,11.778505332165336,False
H_AF_full_chainA,15.0,1033,11.783935214776047,False
H_AF_full_chainA,15.0,1034,11.791040970132888,False
H_AF_full_chainA,15.0,1035,11.810746982398413,False
H_AF_full_chainA,15.0,1036,11.821833975273952,False
H_AF_full_chainA,15.0,1037,11.83366211426661,False
H_AF_full_chainA,15.0,1038,11.836839541238986,False
H_AF_full_chainA,15.0,1039,11.839986007151822,False
H_AF_full_chainA,15.0,1040,11.861262181875935,False
H_AF_full_chainA,15.0,1041,11.867842729823426,False
H_AF_full_chainA,15.0,1042,11.87974143644959,False
H_AF_full_chainA,15.0,1043,11.889380259028023,False
H_AF_full_chainA,15.0,1044,11.895102526381816,False
H_AF_full_chainA,15.0,1045,11.904659540863202,False
H_AF_full_chainA,15.0,1046,11.910909398496988,False
H_AF_full_chainA,15.0,1047,11.937298944177625,False
H_AF_full_chainA,15.0,1048,11.94916658099439,False
H_AF_full_chainA,15.0,1049,11.963652516502792,False
H_AF_full_chainA,15.0,1050,11.969150944949446,False
H_AF_full_chainA,15.0,1051,11.97198563112,False
H_AF_full_chainA,15.0,1052,11.99633204243198,False
H_AF_full_chainA,15.0,1053,12.014241239343422,False
H_AF_full_chainA,15.0,1054,12.02389357694149,False
H_AF_full_chainA,15.0,1055,12.033801786655403,False
H_AF_full_chainA,15.0,1056,12.038624229036643,False
H_AF_full_chainA,15.0,1057,12.04300557569959,False
H_AF_full_chainA,15.0,1058,12.05270524980778,False
H_AF_full_chainA,15.0,1059,12.060201527831959,False
H_AF_full_chainA,15.0,1060,12.082249462430376,False
H_AF_full_chainA,15.0,1061,12.09135950235691,False
H_AF_full_chainA,15.0,1062,12.10082642403381,False
H_AF_full_chainA,15.0,1063,12.109454707362508,False
H_AF_full_chainA,15.0,1064,12.114435130880718,False
H_AF_full_chainA,15.0,1065,12.123180096305637,False
H_AF_full_chainA,15.0,1066,12.127586817181953,False
H_AF_full_chainA,15.0,1067,12.155849851089135,False
H_AF_full_chainA,15.0,1068,12.167922750379935,False
H_AF_full_chainA,15.0,1069,12.185671508385507,False
H_AF_full_chainA,15.0,1070,12.189130284596096,False
H_AF_full_chainA,15.0,1071,12.203638050645022,False
H_AF_full_chainA,15.0,1072,12.209493684031267,False
H_AF_full_chainA,15.0,1073,12.216764593223582,False
H_AF_full_chainA,15.0,1074,12.240455658296227,False
H_AF_full_chainA,15.0,1075,12.25078167882369,False
H_AF_full_chainA,15.0,1076,12.259644738188195,False
H_AF_full_chainA,15.0,1077,12.262545586989523,False
H_AF_full_chainA,15.0,1078,12.28624298021833,False
H_AF_full_chainA,15.0,1079,12.292694980630262,False
H_AF_full_chainA,15.0,1080,12.300120051528936,False
H_AF_full_chainA,15.0,1081,12.30499298673211,False
H_AF_full_chainA,15.0,1082,12.321253879124798,False
H_AF_full_chainA,15.0,1083,12.335426493883105,False
H_AF_full_chainA,15.0,1084,12.345132119982312,False
H_AF_full_chainA,15.0,1085,12.352229996859183,False
H_AF_full_chainA,15.0,1086,12.370451830853602,False
H_AF_full_chainA,15.0,1087,12.378159796055657,False
H_AF_full_chainA,15.0,1088,12.384521312440482,False
H_AF_full_chainA,15.0,1089,12.387416735749216,False
H_AF_full_chainA,15.0,1090,12.424236123054708,False
H_AF_full_chainA,15.0,1091,12.431315631677979,False
H_AF_full_chainA,15.0,1092,12.437763938866564,False
H_AF_full_chainA,15.0,1093,12.44752649917804,False
H_AF_full_chainA,15.0,1094,12.47144333947223,False
H_AF_full_chainA,15.0,1095,12.47713098743847,False
H_AF_full_chainA,15.0,1096,12.49122795435619,False
H_AF_full_chainA,15.0,1097,12.497548343248642,False
H_AF_full_chainA,15.0,1098,12.50776916205858,False
H_AF_full_chainA,15.0,1099,12.513286508001146,False
H_AF_full_chainA,15.0,1100,12.526424841111039,False
H_AF_full_chainA,15.0,1101,12.536598079948002,False
H_AF_full_chainA,15.0,1102,12.552171864244452,False
H_AF_full_chainA,15.0,1103,12.560830254922738,False
H_AF_full_chainA,15.0,1104,12.566291742001733,False
H_AF_full_chainA,15.0,1105,12.580222457228455,False
H_AF_full_chainA,15.0,1106,12.595138855274042,False
H_AF_full_chainA,15.0,1107,12.605199309153164,False
H_AF_full_chainA,15.0,1108,12.618679250038342,False
H_AF_full_chainA,15.0,1109,12.634343287977357,False
H_AF_full_chainA,15.0,1110,12.641797979044279,False
H_AF_full_chainA,15.0,1111,12.65091015303349,False
H_AF_full_chainA,15.0,1112,12.656040457921282,False
H_AF_full_chainA,15.0,1113,12.664114204754382,False
H_AF_full_chainA,15.0,1114,12.68416216797379,False
H_AF_full_chainA,15.0,1115,12.696719300003114,False
H_AF_full_chainA,15.0,1116,12.703793191467776,False
H_AF_full_chainA,15.0,1117,12.720770045824562,False
H_AF_full_chainA,15.0,1118,12.738879903575784,False
H_AF_full_chainA,15.0,1119,12.750846856870707,False
H_AF_full_chainA,15.0,1120,12.774899515798717,False
H_AF_full_chainA,15.0,1121,12.781890772026173,False
H_AF_full_chainA,15.0,1122,12.788059199992258,False
H_AF_full_chainA,15.0,1123,12.792101830502046,False
H_AF_full_chainA,15.0,1124,12.804936846886479,False
H_AF_full_chainA,15.0,1125,12.81668994556774,False
H_AF_full_chainA,15.0,1126,12.816939134675339,False
H_AF_full_chainA,15.0,1127,12.82839140731341,False
H_AF_full_chainA,15.0,1128,12.84044336899214,False
H_AF_full_chainA,15.0,1129,12.858165662588371,False
H_AF_full_chainA,15.0,1130,12.87041395430037,False
H_AF_full_chainA,15.0,1131,12.880037369395787,False
H_AF_full_chainA,15.0,1132,12.888738024373806,False
H_AF_full_chainA,15.0,1133,12.895003012789644,False
H_AF_full_chainA,15.0,1134,12.904267964901507,False
H_AF_full_chainA,15.0,1135,12.918818367108337,False
H_AF_full_chainA,15.0,1136,12.93778363802362,False
H_AF_full_chainA,15.0,1137,12.946009108001551,False
H_AF_full_chainA,15.0,1138,12.956089764849693,False
H_AF_full_chainA,15.0,1139,12.966543953533664,False
H_AF_full_chainA,15.0,1140,12.976908840686997,False
H_AF_full_chainA,15.0,1141,12.980473000083972,False
H_AF_full_chainA,15.0,1142,12.987030286255695,False
H_AF_full_chainA,15.0,1143,12.996885961468347,False
H_AF_full_chainA,15.0,1144,13.00804550722705,False
H_AF_full_chainA,15.0,1145,13.015686528654237,False
H_AF_full_chainA,15.0,1146,13.023603956490733,False
H_AF_full_chainA,15.0,1147,13.0368091058465,False
H_AF_full_chainA,15.0,1148,13.040749525230138,False
H_AF_full_chainA,15.0,1149,13.073826291908786,False
H_AF_full_chainA,15.0,1150,13.084969210653963,False
H_AF_full_chainA,15.0,1151,13.08962644237608,False
H_AF_full_chainA,15.0,1152,13.098477114263567,False
H_AF_full_chainA,15.0,1153,13.100815127083354,False
H_AF_full_chainA,15.0,1154,13.108652550593975,False
H_AF_full_chainA,15.0,1155,13.11372311656031,False
H_AF_full_chainA,15.0,1156,13.127987758417557,False
H_AF_full_chainA,15.0,1157,13.145637962116218,False
H_AF_full_chainA,15.0,1158,13.151460707890495,False
H_AF_full_chainA,15.0,1159,13.155244260274312,False
H_AF_full_chainA,15.0,1160,13.163625243455208,False
H_AF_full_chainA,15.0,1161,13.17216842495015,False
H_AF_full_chainA,15.0,1162,13.192691927697993,False
H_AF_full_chainA,15.0,1163,13.203309772681676,False
H_AF_full_chainA,15.0,1164,13.216288146161776,False
H_AF_full_chainA,15.0,1165,13.223502556579435,False
H_AF_full_chainA,15.0,1166,13.233302873403193,False
H_AF_full_chainA,15.0,1167,13.25205746364557,False
H_AF_full_chainA,15.0,1168,13.269644798070157,False
H_AF_full_chainA,15.0,1169,13.281460683758864,False
H_AF_full_chainA,15.0,1170,13.287563642179963,False
H_AF_full_chainA,15.0,1171,13.306802768266955,False
H_AF_full_chainA,15.0,1172,13.314461080390261,False
H_AF_full_chainA,15.0,1173,13.319416346053302,False
H_AF_full_chainA,15.0,1174,13.334177881190227,False
H_AF_full_chainA,15.0,1175,13.346290284708571,False
H_AF_full_chainA,15.0,1176,13.354970694971732,False
H_AF_full_chainA,15.0,1177,13.368311855547665,False
H_AF_full_chainA,15.0,1178,13.370582393926579,False
H_AF_full_chainA,15.0,1179,13.37936849841171,False
H_AF_full_chainA,15.0,1180,13.384862900358542,False
H_AF_full_chainA,15.0,1181,13.395304115416362,False
H_AF_full_chainA,15.0,1182,13.40047680936051,False
H_AF_full_chainA,15.0,1183,13.41392591710927,False
H_AF_full_chainA,15.0,1184,13.420130696493544,False
H_AF_full_chainA,15.0,1185,13.425704504700954,False
H_AF_full_chainA,15.0,1186,13.432322896721846,False
H_AF_full_chainA,15.0,1187,13.445720551043223,False
H_AF_full_chainA,15.0,1188,13.456270047296753,False
H_AF_full_chainA,15.0,1189,13.460238334047165,False
H_AF_full_chainA,15.0,1190,13.470410750433066,False
H_AF_full_chainA,15.0,1191,13.473703080132292,False
H_AF_full_chainA,15.0,1192,13.485317076195102,False
H_AF_full_chainA,15.0,1193,13.49369247582367,False
H_AF_full_chainA,15.0,1194,13.51025632566875,False
H_AF_full_chainA,15.0,1195,13.523306449913905,False
H_AF_full_chainA,15.0,1196,13.536060691024344,False
H_AF_full_chainA,15.0,1197,13.549909209207637,False
H_AF_full_chainA,15.0,1198,13.558117035272142,False
H_AF_full_chainA,15.0,1199,13.56081800808339,False
H_AF_full_chainA,15.0,1200,13.58194177712093,False
H_AF_full_chainA,15.0,1201,13.585284888483454,False
H_AF_full_chainA,15.0,1202,13.590914594028575,False
H_AF_full_chainA,15.0,1203,13.598506046791163,False
H_AF_full_chainA,15.0,1204,13.615127647568272,False
H_AF_full_chainA,15.0,1205,13.62768490057255,False
H_AF_full_chainA,15.0,1206,13.642599129600134,False
H_AF_full_chainA,15.0,1207,13.652695355959064,False
H_AF_full_chainA,15.0,1208,13.661769910616412,False
H_AF_full_chainA,15.0,1209,13.667465076426174,False
H_AF_full_chainA,15.0,1210,13.675568117175592,False
H_AF_full_chainA,15.0,1211,13.690100123515661,False
H_AF_full_chainA,15.0,1212,13.699764064618943,False
H_AF_full_chainA,15.0,1213,13.717893606870616,False
H_AF_full_chainA,15.0,1214,13.721112422008604,False
H_AF_full_chainA,15.0,1215,13.735331537275881,False
H_AF_full_chainA,15.0,1216,13.741130151169601,False
H_AF_full_chainA,15.0,1217,13.747190257262899,False
H_AF_full_chainA,15.0,1218,13.750613516160406,False
H_AF_full_chainA,15.0,1219,13.763938513521467,False
H_AF_full_chainA,15.0,1220,13.789202585748551,False
H_AF_full_chainA,15.0,1221,13.794092353362792,False
H_AF_full_chainA,15.0,1222,13.800574868631545,False
H_AF_full_chainA,15.0,1223,13.80964853495463,False
H_AF_full_chainA,15.0,1224,13.814443131965211,False
H_AF_full_chainA,15.0,1225,13.820372647264623,False
H_AF_full_chainA,15.0,1226,13.835989166440575,False
H_AF_full_chainA,15.0,1227,13.843020505157718,False
H_AF_full_chainA,15.0,1228,13.851980430374153,False
H_AF_full_chainA,15.0,1229,13.866252798386606,False
H_AF_full_chainA,15.0,1230,13.892486029267173,False
H_AF_full_chainA,15.0,1231,13.894555130444166,False
H_AF_full_chainA,15.0,1232,13.91607672078916,False
H_AF_full_chainA,15.0,1233,13.923287278292207,False
H_AF_full_chainA,15.0,1234,13.92819118078497,False
H_AF_full_chainA,15.0,1235,13.93756099693857,False
H_AF_full_chainA,15.0,1236,13.944056835795102,False
H_AF_full_chainA,15.0,1237,13.949525562361815,False
H_AF_full_chainA,15.0,1238,13.967174192173655,False
H_AF_full_chainA,15.0,1239,13.96889923510087,False
H_AF_full_chainA,15.0,1240,13.975463175915552,False
H_AF_full_chainA,15.0,1241,13.988198017434986,False
H_AF_full_chainA,15.0,1242,13.995363133917834,False
H_AF_full_chainA,15.0,1243,14.013026563792524,False
H_AF_full_chainA,15.0,1244,14.022477755633291,False
H_AF_full_chainA,15.0,1245,14.030993547717669,False
H_AF_full_chainA,15.0,1246,14.038904506681984,False
H_AF_full_chainA,15.0,1247,14.045769998337072,False
H_AF_full_chainA,15.0,1248,14.053272061996411,False
H_AF_full_chainA,15.0,1249,14.059073192920051,False
H_AF_full_chainA,15.0,1250,14.070716401045125,False
H_AF_full_chainA,15.0,1251,14.074891438291502,False
H_AF_full_chainA,15.0,1252,14.08753144058544,False
H_AF_full_chainA,15.0,1253,14.095674531914447,False
H_AF_full_chainA,15.0,1254,14.106649391852255,False
H_AF_full_chainA,15.0,1255,14.108552417236618,False
H_AF_full_chainA,15.0,1256,14.127121880143374,False
H_AF_full_chainA,15.0,1257,14.13194596527613,False
H_AF_full_chainA,15.0,1258,14.15017125313941,False
H_AF_full_chainA,15.0,1259,14.157152608270799,False
H_AF_full_chainA,15.0,1260,14.163746820622139,False
H_AF_full_chainA,15.0,1261,14.176101670182344,False
H_AF_full_chainA,15.0,1262,14.189058450847185,False
H_AF_full_chainA,15.0,1263,14.193697487835733,False
H_AF_full_chainA,15.0,1264,14.199504970116775,False
H_AF_full_chainA,15.0,1265,14.220307431370491,False
H_AF_full_chainA,15.0,1266,14.228295958163566,False
H_AF_full_chainA,15.0,1267,14.246917969231578,False
H_AF_full_chainA,15.0,1268,14.252725606331715,False
H_AF_full_chainA,15.0,1269,14.258655569939432,False
H_AF_full_chainA,15.0,1270,14.276714710827012,False
H_AF_full_chainA,15.0,1271,14.278143112725449,False
H_AF_full_chainA,15.0,1272,14.286937056305485,False
H_AF_full_chainA,15.0,1273,14.306629073973408,False
H_AF_full_chainA,15.0,1274,14.318086446811447,False
H_AF_full_chainA,15.0,1275,14.325788061415762,False
H_AF_full_chainA,15.0,1276,14.334986315920148,False
H_AF_full_chainA,15.0,1277,14.346178923334522,False
H_AF_full_chainA,15.0,1278,14.353706299663948,False
H_AF_full_chainA,15.0,1279,14.363544313159327,False
H_AF_full_chainA,15.0,1280,14.368523050965377,False
H_AF_full_chainA,15.0,1281,14.379609715984255,False
H_AF_full_chainA,15.0,1282,14.388720206518917,False
H_AF_full_chainA,15.0,1283,14.397722375123305,False
H_AF_full_chainA,15.0,1284,14.412491747897999,False
H_AF_full_chainA,15.0,1285,14.418581835177523,False
H_AF_full_chainA,15.0,1286,14.42734375260632,False
H_AF_full_chainA,15.0,1287,14.442480454116582,False
H_AF_full_chainA,15.0,1288,14.453306200309719,False
H_AF_full_chainA,15.0,1289,14.457834193915547,False
H_AF_full_chainA,15.0,1290,14.463140843843767,False
H_AF_full_chainA,15.0,1291,14.476077777118736,False
H_AF_full_chainA,15.0,1292,14.481046140673584,False
H_AF_full_chainA,15.0,1293,14.507055622648615,False
H_AF_full_chainA,15.0,1294,14.517333238625236,False
H_AF_full_chainA,15.0,1295,14.53614580803958,False
H_AF_full_chainA,15.0,1296,14.544669322622932,False
H_AF_full_chainA,15.0,1297,14.55992975465114,False
H_AF_full_chainA,15.0,1298,14.56090837787647,False
H_AF_full_chainA,15.0,1299,14.57025775291507,False
H_AF_full_chainA,15.0,1300,14.595224421545302,False
H_AF_full_chainA,15.0,1301,14.599548777162607,False
H_AF_full_chainA,15.0,1302,14.607663064099059,False
H_AF_full_chainA,15.0,1303,14.611003500432405,False
H_AF_full_chainA,15.0,1304,14.627641543805954,False
H_AF_full_chainA,15.0,1305,14.640651691564447,False
H_AF_full_chainA,15.0,1306,14.64925541556449,False
H_AF_full_chainA,15.0,1307,14.655218042719513,False
H_AF_full_chainA,15.0,1308,14.6620696285718,False
H_AF_full_chainA,15.0,1309,14.679107155337466,False
H_AF_full_chainA,15.0,1310,14.686124200247537,False
H_AF_full_chainA,15.0,1311,14.701977673705914,False
H_AF_full_chainA,15.0,1312,14.727005780874858,False
H_AF_full_chainA,15.0,1313,14.73821439821441,False
H_AF_full_chainA,15.0,1314,14.745224635580776,False
H_AF_full_chainA,15.0,1315,14.756235967167976,False
H_AF_full_chainA,15.0,1316,14.772361032565053,False
H_AF_full_chainA,15.0,1317,14.779047484994198,False
H_AF_full_chainA,15.0,1318,14.805646517443105,False
H_AF_full_chainA,15.0,1319,14.812318399522917,False
H_AF_full_chainA,15.0,1320,14.825981816149243,False
H_AF_full_chainA,15.0,1321,14.835935557042783,False
H_AF_full_chainA,15.0,1322,14.855074559692266,False
H_AF_full_chainA,15.0,1323,14.867131284230584,False
H_AF_full_chainA,15.0,1324,14.881064952452695,False
H_AF_full_chainA,15.0,1325,14.896502343188285,False
H_AF_full_chainA,15.0,1326,14.900641951646193,False
H_AF_full_chainA,15.0,1327,14.90748231437573,False
H_AF_full_chainA,15.0,1328,14.921592483381692,False
H_AF_full_chainA,15.0,1329,14.93330793596293,False
H_AF_full_chainA,15.0,1330,14.954277880544305,False
H_AF_full_chainA,15.0,1331,14.956619745423197,False
H_AF_full_chainA,15.0,1332,14.96761246400816,False
H_AF_full_chainA,15.0,1333,14.971373655249637,False
H_AF_full_chainA,15.0,1334,14.980159854065349,False
H_AF_full_chainA,15.0,1335,14.987269049441307,False
H_AF_full_chainA,15.0,1336,14.99281333462248,False
H_AF_full_chainA,15.0,1337,15.004404779420089,False
H_AF_full_chainA,15.0,1338,15.021332190122417,False
H_AF_full_chainA,15.0,1339,15.028677970117238,False
H_AF_full_chainA,15.0,1340,15.04792814202161,False
H_AF_full_chainA,15.0,1341,15.056919768806784,False
H_AF_full_chainA,15.0,1342,15.07710302912022,False
H_AF_full_chainA,15.0,1343,15.078586138268493,False
H_AF_full_chainA,15.0,1344,15.097596184436126,False
H_AF_full_chainA,15.0,1345,15.100036782971387,False
H_AF_full_chainA,15.0,1346,15.1143372742144,False
H_AF_full_chainA,15.0,1347,15.120902507208347,False
H_AF_full_chainA,15.0,1348,15.133969428575147,False
H_AF_full_chainA,15.0,1349,15.14266309347918,False
H_AF_full_chainA,15.0,1350,15.160138811327403,False
H_AF_full_chainA,15.0,1351,15.170756563776637,False
H_AF_full_chainA,15.0,1352,15.182029939578568,False
H_AF_full_chainA,15.0,1353,15.189498545278699,False
H_AF_full_chainA,15.0,1354,15.199416705295093,False
H_AF_full_chainA,15.0,1355,15.210953568570845,False
H_AF_full_chainA,15.0,1356,15.219345125261098,False
H_AF_full_chainA,15.0,1357,15.226433611056406,False
H_AF_full_chainA,15.0,1358,15.236379644716669,False
H_AF_full_chainA,15.0,1359,15.252597486898662,False
H_AF_full_chainA,15.0,1360,15.268995129004962,False
H_AF_full_chainA,15.0,1361,15.278692683368456,False
H_AF_full_chainA,15.0,1362,15.289712890796961,False
H_AF_full_chainA,15.0,1363,15.305359643559855,False
H_AF_full_chainA,15.0,1364,15.317397715438563,False
H_AF_full_chainA,15.0,1365,15.321791579502419,False
H_AF_full_chainA,15.0,1366,15.331193029603158,False
H_AF_full_chainA,15.0,1367,15.333605679752184,False
H_AF_full_chainA,15.0,1368,15.349093403383351,False
H_AF_full_chainA,15.0,1369,15.357279005966122,False
H_AF_full_chainA,15.0,1370,15.363604068480983,False
H_AF_full_chainA,15.0,1371,15.372795276970754,False
H_AF_full_chainA,15.0,1372,15.383044067636718,False
H_AF_full_chainA,15.0,1373,15.387320104221036,False
H_AF_full_chainA,15.0,1374,15.402187411992552,False
H_AF_full_chainA,15.0,1375,15.428150222998545,False
H_AF_full_chainA,15.0,1376,15.436122783762116,False
H_AF_full_chainA,15.0,1377,15.444559712083587,False
H_AF_full_chainA,15.0,1378,15.453387804803164,False
H_AF_full_chainA,15.0,1379,15.45892818893554,False
H_AF_full_chainA,15.0,1380,15.467823447849671,False
H_AF_full_chainA,15.0,1381,15.46908638245735,False
H_AF_full_chainA,15.0,1382,15.489638282855463,False
H_AF_full_chainA,15.0,1383,15.493855922106713,False
H_AF_full_chainA,15.0,1384,15.505004408262835,False
H_AF_full_chainA,15.0,1385,15.518914832807104,False
H_AF_full_chainA,15.0,1386,15.53262949694621,False
H_AF_full_chainA,15.0,1387,15.54389619398274,False
H_AF_full_chainA,15.0,1388,15.550228083302583,False
H_AF_full_chainA,15.0,1389,15.555312810870037,False
H_AF_full_chainA,15.0,1390,15.56990594093422,False
H_AF_full_chainA,15.0,1391,15.578947317617153,False
H_AF_full_chainA,15.0,1392,15.592690419517092,False
H_AF_full_chainA,15.0,1393,15.611543217451608,False
H_AF_full_chainA,15.0,1394,15.615831218154106,False
H_AF_full_chainA,15.0,1395,15.634498854865303,False
H_AF_full_chainA,15.0,1396,15.646375833410053,False
H_AF_full_chainA,15.0,1397,15.656772896144235,False
H_AF_full_chainA,15.0,1398,15.669202059614777,False
H_AF_full_chainA,15.0,1399,15.678539781100614,False
H_AF_full_chainA,15.0,1400,15.684771310851868,False
H_AF_full_chainA,15.0,1401,15.699999424558712,False
H_AF_full_chainA,15.0,1402,15.713518448106413,False
H_AF_full_chainA,15.0,1403,15.715069938795631,False
H_AF_full_chainA,15.0,1404,15.734154906283893,False
H_AF_full_chainA,15.0,1405,15.75512792959155,False
H_AF_full_chainA,15.0,1406,15.771569364062744,False
H_AF_full_chainA,15.0,1407,15.780017219728379,False
H_AF_full_chainA,15.0,1408,15.787027532368453,False
H_AF_full_chainA,15.0,1409,15.797817957828503,False
H_AF_full_chainA,15.0,1410,15.800642942674184,False
H_AF_full_chainA,15.0,1411,15.812454087446953,False
H_AF_full_chainA,15.0,1412,15.8284332261103,False
H_AF_full_chainA,15.0,1413,15.835189160086598,False
H_AF_full_chainA,15.0,1414,15.838725774872392,False
H_AF_full_chainA,15.0,1415,15.845001693496686,False
H_AF_full_chainA,15.0,1416,15.856149587754023,False
H_AF_full_chainA,15.0,1417,15.87127845301234,False
H_AF_full_chainA,15.0,1418,15.884447827606392,False
H_AF_full_chainA,15.0,1419,15.892482064219106,False
H_AF_full_chainA,15.0,1420,15.898237218053024,False
H_AF_full_chainA,15.0,1421,15.928195784929928,False
H_AF_full_chainA,15.0,1422,15.941787465032602,False
H_AF_full_chainA,15.0,1423,15.960322133681757,False
H_AF_full_chainA,15.0,1424,15.967376791094685,False
H_AF_full_chainA,15.0,1425,15.981143836348513,False
H_AF_full_chainA,15.0,1426,15.993463719992164,False
H_AF_full_chainA,15.0,1427,16.007566979060208,False
H_AF_full_chainA,15.0,1428,16.019953159068574,False
H_AF_full_chainA,15.0,1429,16.02653603319687,False
H_AF_full_chainA,15.0,1430,16.034784541305065,False
H_AF_full_chainA,15.0,1431,16.041196275699303,False
H_AF_full_chainA,15.0,1432,16.064800600711724,False
H_AF_full_chainA,15.0,1433,16.083734735275748,False
H_AF_full_chainA,15.0,1434,16.085919396732095,False
H_AF_full_chainA,15.0,1435,16.09707345078187,False
H_AF_full_chainA,15.0,1436,16.109158077126303,False
H_AF_full_chainA,15.0,1437,16.121707670698814,False
H_AF_full_chainA,15.0,1438,16.13166642299453,False
H_AF_full_chainA,15.0,1439,16.138339207003526,False
H_AF_full_chainA,15.0,1440,16.141734914820734,False
H_AF_full_chainA,15.0,1441,16.150702665344102,False
H_AF_full_chainA,15.0,1442,16.16346771217005,False
H_AF_full_chainA,15.0,1443,16.180338683991856,False
H_AF_full_chainA,15.0,1444,16.19383061240547,False
H_AF_full_chainA,15.0,1445,16.200235250870627,False
H_AF_full_chainA,15.0,1446,16.208855158818455,False
H_AF_full_chainA,15.0,1447,16.218667324778643,False
H_AF_full_chainA,15.0,1448,16.220682352166055,False
H_AF_full_chainA,15.0,1449,16.245033764986044,False
H_AF_full_chainA,15.0,1450,16.260000290434522,False
H_AF_full_chainA,15.0,1451,16.268136824389252,False
H_AF_full_chainA,15.0,1452,16.281712361237165,False
H_AF_full_chainA,15.0,1453,16.293780725715564,False
H_AF_full_chainA,15.0,1454,16.297755279356178,False
H_AF_full_chainA,15.0,1455,16.317973093578832,False
H_AF_full_chainA,15.0,1456,16.326584465053546,False
H_AF_full_chainA,15.0,1457,16.34145742103698,False
H_AF_full_chainA,15.0,1458,16.344021465910693,False
H_AF_full_chainA,15.0,1459,16.35862454774632,False
H_AF_full_chainA,15.0,1460,16.368168333439517,False
H_AF_full_chainA,15.0,1461,16.373861426491864,False
H_AF_full_chainA,15.0,1462,16.38182375285932,False
H_AF_full_chainA,15.0,1463,16.387247931261204,False
H_AF_full_chainA,15.0,1464,16.40632324763539,False
H_AF_full_chainA,15.0,1465,16.418205241829778,False
H_AF_full_chainA,15.0,1466,16.433179350360565,False
H_AF_full_chainA,15.0,1467,16.442989767116433,False
H_AF_full_chainA,15.0,1468,16.448596527505646,False
H_AF_full_chainA,15.0,1469,16.463013036309192,False
H_AF_full_chainA,15.0,1470,16.474031677627213,False
H_AF_full_chainA,15.0,1471,16.485940926620184,False
H_AF_full_chainA,15.0,1472,16.50054521047458,False
H_AF_full_chainA,15.0,1473,16.517875057842417,False
H_AF_full_chainA,15.0,1474,16.534396330356138,False
H_AF_full_chainA,15.0,1475,16.550120916836377,False
H_AF_full_chainA,15.0,1476,16.56209304198428,False
H_AF_full_chainA,15.0,1477,16.57490573189006,False
H_AF_full_chainA,15.0,1478,16.581343443480783,False
H_AF_full_chainA,15.0,1479,16.587899475230127,False
H_AF_full_chainA,15.0,1480,16.594686976266612,False
H_AF_full_chainA,15.0,1481,16.61763918540202,False
H_AF_full_chainA,15.0,1482,16.626053973024845,False
H_AF_full_chainA,15.0,1483,16.636188312691203,False
H_AF_full_chainA,15.0,1484,16.648331899161615,False
H_AF_full_chainA,15.0,1485,16.658947041241788,False
H_AF_full_chainA,15.0,1486,16.6741133829928,False
H_AF_full_chainA,15.0,1487,16.676299383436138,False
H_AF_full_chainA,15.0,1488,16.686362266140424,False
H_AF_full_chainA,15.0,1489,16.694011999041695,False
H_AF_full_chainA,15.0,1490,16.712276844953095,False
H_AF_full_chainA,15.0,1491,16.71613176645481,False
H_AF_full_chainA,15.0,1492,16.73918158306685,False
H_AF_full_chainA,15.0,1493,16.752520034336317,False
H_AF_full_chainA,15.0,1494,16.762813431983812,False
H_AF_full_chainA,15.0,1495,16.7648567123965,False
H_AF_full_chainA,15.0,1496,16.788106526933795,False
H_AF_full_chainA,15.0,1497,16.800847071156266,False
H_AF_full_chainA,15.0,1498,16.80572766828228,False
H_AF_full_chainA,15.0,1499,16.82980497718222,False
H_AF_full_chainA,15.0,1500,16.834218645166185,False
H_AF_full_chainA,15.0,1501,16.846878020796336,False
H_AF_full_chainA,15.0,1502,16.854149195618533,False
H_AF_full_chainA,15.0,1503,16.871722340020767,False
H_AF_full_chainA,15.0,1504,16.881864341456208,False
H_AF_full_chainA,15.0,1505,16.893583335555313,False
H_AF_full_chainA,15.0,1506,16.916322317334245,False
H_AF_full_chainA,15.0,1507,16.928429435254966,False
H_AF_full_chainA,15.0,1508,16.93827486276839,False
H_AF_full_chainA,15.0,1509,16.94880786079383,False
H_AF_full_chainA,15.0,1510,16.958419241194918,False
H_AF_full_chainA,15.0,1511,16.96906817028189,False
H_AF_full_chainA,15.0,1512,16.986120751288972,False
H_AF_full_chainA,15.0,1513,17.00029304156746,False
H_AF_full_chainA,15.0,1514,17.011960345399782,False
H_AF_full_chainA,15.0,1515,17.023286347726803,False
H_AF_full_chainA,15.0,1516,17.03718399250429,False
H_AF_full_chainA,15.0,1517,17.03905335644685,False
H_AF_full_chainA,15.0,1518,17.0424518609551,False
H_AF_full_chainA,15.0,1519,17.061789151862737,False
H_AF_full_chainA,15.0,1520,17.082306347699614,False
H_AF_full_chainA,15.0,1521,17.09890633284794,False
H_AF_full_chainA,15.0,1522,17.108594192120794,False
H_AF_full_chainA,15.0,1523,17.11722958217929,False
H_AF_full_chainA,15.0,1524,17.128629415867326,False
H_AF_full_chainA,15.0,1525,17.147333503197697,False
H_AF_full_chainA,15.0,1526,17.156126569854024,False
H_AF_full_chainA,15.0,1527,17.170399386816772,False
H_AF_full_chainA,15.0,1528,17.17794444113603,False
H_AF_full_chainA,15.0,1529,17.185278293090285,False
H_AF_full_chainA,15.0,1530,17.211566595272163,False
H_AF_full_chainA,15.0,1531,17.217671888190903,False
H_AF_full_chainA,15.0,1532,17.230759178717815,False
H_AF_full_chainA,15.0,1533,17.234571934780586,False
H_AF_full_chainA,15.0,1534,17.246495797397717,False
H_AF_full_chainA,15.0,1535,17.274703799298162,False
H_AF_full_chainA,15.0,1536,17.279881258219188,False
H_AF_full_chainA,15.0,1537,17.28965739954679,False
H_AF_full_chainA,15.0,1538,17.30240231438653,False
H_AF_full_chainA,15.0,1539,17.309319565936256,False
H_AF_full_chainA,15.0,1540,17.323112015209386,False
H_AF_full_chainA,15.0,1541,17.334503154981036,False
H_AF_full_chainA,15.0,1542,17.3400537798994,False
H_AF_full_chainA,15.0,1543,17.366438920190156,False
H_AF_full_chainA,15.0,1544,17.377127306851783,False
H_AF_full_chainA,15.0,1545,17.38874044528214,False
H_AF_full_chainA,15.0,1546,17.399887753577357,False
H_AF_full_chainA,15.0,1547,17.40585117228207,False
H_AF_full_chainA,15.0,1548,17.4300755360977,False
H_AF_full_chainA,15.0,1549,17.44121424434284,False
H_AF_full_chainA,15.0,1550,17.45086233132677,False
H_AF_full_chainA,15.0,1551,17.476520264239575,False
H_AF_full_chainA,15.0,1552,17.484966588139482,False
H_AF_full_chainA,15.0,1553,17.489045070505377,False
H_AF_full_chainA,15.0,1554,17.513061562846687,False
H_AF_full_chainA,15.0,1555,17.51656170782637,False
H_AF_full_chainA,15.0,1556,17.537129630237757,False
H_AF_full_chainA,15.0,1557,17.550920085568997,False
H_AF_full_chainA,15.0,1558,17.574949684586127,False
H_AF_full_chainA,15.0,1559,17.581024857438816,False
H_AF_full_chainA,15.0,1560,17.592168456241897,False
H_AF_full_chainA,15.0,1561,17.599675306429898,False
H_AF_full_chainA,15.0,1562,17.613020297756506,False
H_AF_full_chainA,15.0,1563,17.618044890767855,False
H_AF_full_chainA,15.0,1564,17.64527785502379,False
H_AF_full_chainA,15.0,1565,17.649460771143563,False
H_AF_full_chainA,15.0,1566,17.665473955438188,False
H_AF_full_chainA,15.0,1567,17.678671377331227,False
H_AF_full_chainA,15.0,1568,17.693038913049186,False
H_AF_full_chainA,15.0,1569,17.709712769270222,False
H_AF_full_chainA,15.0,1570,17.72552491361,False
H_AF_full_chainA,15.0,1571,17.72988650592302,False
H_AF_full_chainA,15.0,1572,17.734025400210196,False
H_AF_full_chainA,15.0,1573,17.768204070489094,False
H_AF_full_chainA,15.0,1574,17.77982689012894,False
H_AF_full_chainA,15.0,1575,17.788830716988798,False
H_AF_full_chainA,15.0,1576,17.795635687334308,False
H_AF_full_chainA,15.0,1577,17.817267550321304,False
H_AF_full_chainA,15.0,1578,17.83563744885845,False
H_AF_full_chainA,15.0,1579,17.84699139355227,False
H_AF_full_chainA,15.0,1580,17.85902613919922,False
H_AF_full_chainA,15.0,1581,17.866369875993733,False
H_AF_full_chainA,15.0,1582,17.88206941586892,False
H_AF_full_chainA,15.0,1583,17.89546227581958,False
H_AF_full_chainA,15.0,1584,17.910511849834073,False
H_AF_full_chainA,15.0,1585,17.923082841237882,False
H_AF_full_chainA,15.0,1586,17.937527736866407,False
H_AF_full_chainA,15.0,1587,17.94087143882075,False
H_AF_full_chainA,15.0,1588,17.951083512298155,False
H_AF_full_chainA,15.0,1589,17.97002042596362,False
H_AF_full_chainA,15.0,1590,17.981110336184248,False
H_AF_full_chainA,15.0,1591,17.98799496740047,False
H_AF_full_chainA,15.0,1592,17.99526715035115,False
H_AF_full_chainA,15.0,1593,18.014937446069712,False
H_AF_full_chainA,15.0,1594,18.024424487423783,False
H_AF_full_chainA,15.0,1595,18.0356800796238,False
H_AF_full_chainA,15.0,1596,18.04583900864782,False
H_AF_full_chainA,15.0,1597,18.052667049439147,False
H_AF_full_chainA,15.0,1598,18.06721938666032,False
H_AF_full_chainA,15.0,1599,18.08770529731973,False
H_AF_full_chainA,15.0,1600,18.09443260632059,False
H_AF_full_chainA,15.0,1601,18.115014383327864,False
H_AF_full_chainA,15.0,1602,18.118904009211338,False
H_AF_full_chainA,15.0,1603,18.138286164585924,False
H_AF_full_chainA,15.0,1604,18.142428142331486,False
H_AF_full_chainA,15.0,1605,18.14773155184477,False
H_AF_full_chainA,15.0,1606,18.157809601226504,False
H_AF_full_chainA,15.0,1607,18.18640186211388,False
H_AF_full_chainA,15.0,1608,18.203889413829334,False
H_AF_full_chainA,15.0,1609,18.22112166484181,False
H_AF_full_chainA,15.0,1610,18.237916816133833,False
H_AF_full_chainA,15.0,1611,18.2420726199569,False
H_AF_full_chainA,15.0,1612,18.254435751287524,False
H_AF_full_chainA,15.0,1613,18.256789994840396,False
H_AF_full_chainA,15.0,1614,18.281043387301676,False
H_AF_full_chainA,15.0,1615,18.28721078141931,False
H_AF_full_chainA,15.0,1616,18.292541528500426,False
H_AF_full_chainA,15.0,1617,18.305098559113986,False
H_AF_full_chainA,15.0,1618,18.316515911820943,False
H_AF_full_chainA,15.0,1619,18.32665910176699,False
H_AF_full_chainA,15.0,1620,18.343078893433102,False
H_AF_full_chainA,15.0,1621,18.360029980362466,False
H_AF_full_chainA,15.0,1622,18.372413843426884,False
H_AF_full_chainA,15.0,1623,18.381512041896478,False
H_AF_full_chainA,15.0,1624,18.38435940431588,False
H_AF_full_chainA,15.0,1625,18.4024712262806,False
H_AF_full_chainA,15.0,1626,18.414386211413124,False
H_AF_full_chainA,15.0,1627,18.43231290561023,False
H_AF_full_chainA,15.0,1628,18.44338825011859,False
H_AF_full_chainA,15.0,1629,18.457553392817967,False
H_AF_full_chainA,15.0,1630,18.463269446990758,False
H_AF_full_chainA,15.0,1631,18.488111358219047,False
H_AF_full_chainA,15.0,1632,18.503790842299804,False
H_AF_full_chainA,15.0,1633,18.512455686017553,False
H_AF_full_chainA,15.0,1634,18.519773541832922,False
H_AF_full_chainA,15.0,1635,18.529697292561664,False
H_AF_full_chainA,15.0,1636,18.543543317241184,False
H_AF_full_chainA,15.0,1637,18.558163076233182,False
H_AF_full_chainA,15.0,1638,18.571152520804816,False
H_AF_full_chainA,15.0,1639,18.57918431970359,False
H_AF_full_chainA,15.0,1640,18.60124445847803,False
H_AF_full_chainA,15.0,1641,18.60756767039928,False
H_AF_full_chainA,15.0,1642,18.612745857642278,False
H_AF_full_chainA,15.0,1643,18.628097930229544,False
H_AF_full_chainA,15.0,1644,18.659863736735883,False
H_AF_full_chainA,15.0,1645,18.667114582053006,False
H_AF_full_chainA,15.0,1646,18.672545581944025,False
H_AF_full_chainA,15.0,1647,18.68993278654096,False
H_AF_full_chainA,15.0,1648,18.713122213648173,False
H_AF_full_chainA,15.0,1649,18.726127106024432,False
H_AF_full_chainA,15.0,1650,18.73276634928835,False
H_AF_full_chainA,15.0,1651,18.744053745950218,False
H_AF_full_chainA,15.0,1652,18.754259294209522,False
H_AF_full_chainA,15.0,1653,18.763503773458876,False
H_AF_full_chainA,15.0,1654,18.77171994435499,False
H_AF_full_chainA,15.0,1655,18.79599901577483,False
H_AF_full_chainA,15.0,1656,18.810128714864486,False
H_AF_full_chainA,15.0,1657,18.82435092031613,False
H_AF_full_chainA,15.0,1658,18.835300605526633,False
H_AF_full_chainA,15.0,1659,18.85807140333342,False
H_AF_full_chainA,15.0,1660,18.862410034534147,False
H_AF_full_chainA,15.0,1661,18.87180852425475,False
H_AF_full_chainA,15.0,1662,18.8809645940949,False
H_AF_full_chainA,15.0,1663,18.892791490688726,False
H_AF_full_chainA,15.0,1664,18.91053582902316,False
H_AF_full_chainA,15.0,1665,18.937513233862227,False
H_AF_full_chainA,15.0,1666,18.947821491247705,False
H_AF_full_chainA,15.0,1667,18.954435159866126,False
H_AF_full_chainA,15.0,1668,18.969060638653804,False
H_AF_full_chainA,15.0,1669,18.988714744964284,False
H_AF_full_chainA,15.0,1670,18.994466276698052,False
H_AF_full_chainA,15.0,1671,19.003028433511908,False
H_AF_full_chainA,15.0,1672,19.011684305877985,False
H_AF_full_chainA,15.0,1673,19.041299275678714,False
H_AF_full_chainA,15.0,1674,19.050764971465384,False
H_AF_full_chainA,15.0,1675,19.063709384836827,False
H_AF_full_chainA,15.0,1676,19.073725553074958,False
H_AF_full_chainA,15.0,1677,19.08751007450859,False
H_AF_full_chainA,15.0,1678,19.099232133770478,False
H_AF_full_chainA,15.0,1679,19.119613374712813,False
H_AF_full_chainA,15.0,1680,19.13063876877001,False
H_AF_full_chainA,15.0,1681,19.136382001419214,False
H_AF_full_chainA,15.0,1682,19.14380858782943,False
H_AF_full_chainA,15.0,1683,19.154585313538043,False
H_AF_full_chainA,15.0,1684,19.16816371893952,False
H_AF_full_chainA,15.0,1685,19.194127604313152,False
H_AF_full_chainA,15.0,1686,19.203142106440136,False
H_AF_full_chainA,15.0,1687,19.22133919245542,False
H_AF_full_chainA,15.0,1688,19.227909263927263,False
H_AF_full_chainA,15.0,1689,19.25102221861785,False
H_AF_full_chainA,15.0,1690,19.254052638967725,False
H_AF_full_chainA,15.0,1691,19.263822012169676,False
H_AF_full_chainA,15.0,1692,19.283671739615997,False
H_AF_full_chainA,15.0,1693,19.29310178295832,False
H_AF_full_chainA,15.0,1694,19.29877173620603,False
H_AF_full_chainA,15.0,1695,19.326371967933333,False
H_AF_full_chainA,15.0,1696,19.33236386660618,False
H_AF_full_chainA,15.0,1697,19.3423157558194,False
H_AF_full_chainA,15.0,1698,19.36274948449469,False
H_AF_full_chainA,15.0,1699,19.370816077957343,False
H_AF_full_chainA,15.0,1700,19.380505521929468,False
H_AF_full_chainA,15.0,1701,19.401927557977203,False
H_AF_full_chainA,15.0,1702,19.41300835073687,False
H_AF_full_chainA,15.0,1703,19.459116523782477,False
H_AF_full_chainA,15.0,1704,19.469637970718686,False
H_AF_full_chainA,15.0,1705,19.48281628600848,False
H_AF_full_chainA,15.0,1706,19.496978444322696,False
H_AF_full_chainA,15.0,1707,19.507727889316204,False
H_AF_full_chainA,15.0,1708,19.513543354772928,False
H_AF_full_chainA,15.0,1709,19.528818806779775,False
H_AF_full_chainA,15.0,1710,19.547928304271508,False
H_AF_full_chainA,15.0,1711,19.563793683189175,False
H_AF_full_chainA,15.0,1712,19.592840850695993,False
H_AF_full_chainA,15.0,1713,19.61224145783294,False
H_AF_full_chainA,15.0,1714,19.619466979052106,False
H_AF_full_chainA,15.0,1715,19.64305233624357,False
H_AF_full_chainA,15.0,1716,19.65352356612224,False
H_AF_full_chainA,15.0,1717,19.664374258495922,False
H_AF_full_chainA,15.0,1718,19.68321629277347,False
H_AF_full_chainA,15.0,1719,19.698950784703673,False
H_AF_full_chainA,15.0,1720,19.71483044903611,False
H_AF_full_chainA,15.0,1721,19.71668075622764,False
H_AF_full_chainA,15.0,1722,19.73382526839254,False
H_AF_full_chainA,15.0,1723,19.74602660129356,False
H_AF_full_chainA,15.0,1724,19.76551335316714,False
H_AF_full_chainA,15.0,1725,19.7731788550476,False
H_AF_full_chainA,15.0,1726,19.787520933374708,False
H_AF_full_chainA,15.0,1727,19.795517928867035,False
H_AF_full_chainA,15.0,1728,19.800354033041422,False
H_AF_full_chainA,15.0,1729,19.820656035606078,False
H_AF_full_chainA,15.0,1730,19.831035114199075,False
H_AF_full_chainA,15.0,1731,19.843942026330016,False
H_AF_full_chainA,15.0,1732,19.862257309011305,False
H_AF_full_chainA,15.0,1733,19.88936830535741,False
H_AF_full_chainA,15.0,1734,19.898205111458353,False
H_AF_full_chainA,15.0,1735,19.90375323769042,False
H_AF_full_chainA,15.0,1736,19.91484766250773,False
H_AF_full_chainA,15.0,1737,19.929845994861335,False
H_AF_full_chainA,15.0,1738,19.95523788557363,False
H_AF_full_chainA,15.0,1739,19.95998925622587,False
H_AF_full_chainA,15.0,1740,19.97019076756168,False
H_AF_full_chainA,15.0,1741,19.980495284563485,False
H_AF_full_chainA,15.0,1742,19.992120540050973,False
H_AF_full_chainA,15.0,1743,20.027755135440444,False
H_AF_full_chainA,15.0,1744,20.03831836148379,False
H_AF_full_chainA,15.0,1745,20.055385218318904,False
H_AF_full_chainA,15.0,1746,20.079647246967173,False
H_AF_full_chainA,15.0,1747,20.0847879617507,False
H_AF_full_chainA,15.0,1748,20.093690242953627,False
H_AF_full_chainA,15.0,1749,20.114340585210947,False
H_AF_full_chainA,15.0,1750,20.130259467109596,False
H_AF_full_chainA,15.0,1751,20.15028974553902,False
H_AF_full_chainA,15.0,1752,20.155940646868864,False
H_AF_full_chainA,15.0,1753,20.174477398325745,False
H_AF_full_chainA,15.0,1754,20.193362448561253,False
H_AF_full_chainA,15.0,1755,20.196531045036295,False
H_AF_full_chainA,15.0,1756,20.212463462370046,False
H_AF_full_chainA,15.0,1757,20.216242674547924,False
H_AF_full_chainA,15.0,1758,20.239262488080517,False
H_AF_full_chainA,15.0,1759,20.253370638604313,False
H_AF_full_chainA,15.0,1760,20.263400491127552,False
H_AF_full_chainA,15.0,1761,20.28750622994867,False
H_AF_full_chainA,15.0,1762,20.307777151093152,False
H_AF_full_chainA,15.0,1763,20.323599350374277,False
H_AF_full_chainA,15.0,1764,20.328856705009642,False
H_AF_full_chainA,15.0,1765,20.346157015633764,False
H_AF_full_chainA,15.0,1766,20.353671697894768,False
H_AF_full_chainA,15.0,1767,20.370488719990455,False
H_AF_full_chainA,15.0,1768,20.3748256244058,False
H_AF_full_chainA,15.0,1769,20.3802290758022,False
H_AF_full_chainA,15.0,1770,20.40600651314034,False
H_AF_full_chainA,15.0,1771,20.41925084324853,False
H_AF_full_chainA,15.0,1772,20.4442268983741,False
H_AF_full_chainA,15.0,1773,20.45532088173373,False
H_AF_full_chainA,15.0,1774,20.46524126255005,False
H_AF_full_chainA,15.0,1775,20.492064340680628,False
H_AF_full_chainA,15.0,1776,20.507234437671475,False
H_AF_full_chainA,15.0,1777,20.53172335432347,False
H_AF_full_chainA,15.0,1778,20.540671799524674,False
H_AF_full_chainA,15.0,1779,20.548383476217488,False
H_AF_full_chainA,15.0,1780,20.568074410651242,False
H_AF_full_chainA,15.0,1781,20.582664999079505,False
H_AF_full_chainA,15.0,1782,20.60470791229079,False
H_AF_full_chainA,15.0,1783,20.634030994180282,False
H_AF_full_chainA,15.0,1784,20.640863029327452,False
H_AF_full_chainA,15.0,1785,20.65726274929079,False
H_AF_full_chainA,15.0,1786,20.67339433500542,False
H_AF_full_chainA,15.0,1787,20.684367414831055,False
H_AF_full_chainA,15.0,1788,20.716377331264393,False
H_AF_full_chainA,15.0,1789,20.72109369414109,False
H_AF_full_chainA,15.0,1790,20.73021486749158,False
H_AF_full_chainA,15.0,1791,20.749066812085026,False
H_AF_full_chainA,15.0,1792,20.76563591075173,False
H_AF_full_chainA,15.0,1793,20.772859708732963,False
H_AF_full_chainA,15.0,1794,20.78317892472862,False
H_AF_full_chainA,15.0,1795,20.791681660388747,False
H_AF_full_chainA,15.0,1796,20.806981184864878,False
H_AF_full_chainA,15.0,1797,20.8438480884426,False
H_AF_full_chainA,15.0,1798,20.84985740175375,False
H_AF_full_chainA,15.0,1799,20.87188458593349,False
H_AF_full_chainA,15.0,1800,20.876915832178856,False
H_AF_full_chainA,15.0,1801,20.909969486177992,False
H_AF_full_chainA,15.0,1802,20.92514045820551,False
H_AF_full_chainA,15.0,1803,20.949274803225183,False
H_AF_full_chainA,15.0,1804,20.957492593873518,False
H_AF_full_chainA,15.0,1805,20.97255230254522,False
H_AF_full_chainA,15.0,1806,20.9933425797744,False
H_AF_full_chainA,15.0,1807,21.016636804148952,False
H_AF_full_chainA,15.0,1808,21.030865819127897,False
H_AF_full_chainA,15.0,1809,21.05504200235122,False
H_AF_full_chainA,15.0,1810,21.060258989996495,False
H_AF_full_chainA,15.0,1811,21.075630248199275,False
H_AF_full_chainA,15.0,1812,21.09353281980613,False
H_AF_full_chainA,15.0,1813,21.109375674619773,False
H_AF_full_chainA,15.0,1814,21.114468284799806,False
H_AF_full_chainA,15.0,1815,21.148961176810914,False
H_AF_full_chainA,15.0,1816,21.155009998532005,False
H_AF_full_chainA,15.0,1817,21.16850572873779,False
H_AF_full_chainA,15.0,1818,21.179337529652347,False
H_AF_full_chainA,15.0,1819,21.19831217712386,False
H_AF_full_chainA,15.0,1820,21.22029206998917,False
H_AF_full_chainA,15.0,1821,21.243251879030673,False
H_AF_full_chainA,15.0,1822,21.25511695783675,False
H_AF_full_chainA,15.0,1823,21.28230881481868,False
H_AF_full_chainA,15.0,1824,21.288043026422823,False
H_AF_full_chainA,15.0,1825,21.297175018164662,False
H_AF_full_chainA,15.0,1826,21.311069761130604,False
H_AF_full_chainA,15.0,1827,21.316911512942152,False
H_AF_full_chainA,15.0,1828,21.343248284563987,False
H_AF_full_chainA,15.0,1829,21.358283773808857,False
H_AF_full_chainA,15.0,1830,21.37223426805975,False
H_AF_full_chainA,15.0,1831,21.395863471540693,False
H_AF_full_chainA,15.0,1832,21.402176570684635,False
H_AF_full_chainA,15.0,1833,21.419322733750885,False
H_AF_full_chainA,15.0,1834,21.437311808100482,False
H_AF_full_chainA,15.0,1835,21.45104889566787,False
H_AF_full_chainA,15.0,1836,21.476681374030125,False
H_AF_full_chainA,15.0,1837,21.494257831860562,False
H_AF_full_chainA,15.0,1838,21.502548325439964,False
H_AF_full_chainA,15.0,1839,21.509430756464848,False
H_AF_full_chainA,15.0,1840,21.518848357710798,False
H_AF_full_chainA,15.0,1841,21.547019109056915,False
H_AF_full_chainA,15.0,1842,21.564211225034157,False
H_AF_full_chainA,15.0,1843,21.57433855708785,False
H_AF_full_chainA,15.0,1844,21.595051047496238,False
H_AF_full_chainA,15.0,1845,21.616003296418825,False
H_AF_full_chainA,15.0,1846,21.63091691651891,False
H_AF_full_chainA,15.0,1847,21.64454100965091,False
H_AF_full_chainA,15.0,1848,21.655924199818607,False
H_AF_full_chainA,15.0,1849,21.69984255755927,False
H_AF_full_chainA,15.0,1850,21.704921370471006,False
H_AF_full_chainA,15.0,1851,21.713784112911643,False
H_AF_full_chainA,15.0,1852,21.739296255620197,False
H_AF_full_chainA,15.0,1853,21.75698076548564,False
H_AF_full_chainA,15.0,1854,21.76915012296192,False
H_AF_full_chainA,15.0,1855,21.788255663871677,False
H_AF_full_chainA,15.0,1856,21.79455286017119,False
H_AF_full_chainA,15.0,1857,21.805242883693882,False
H_AF_full_chainA,15.0,1858,21.826369243393128,False
H_AF_full_chainA,15.0,1859,21.861596090887456,False
H_AF_full_chainA,15.0,1860,21.876591534253006,False
H_AF_full_chainA,15.0,1861,21.89590291213752,False
H_AF_full_chainA,15.0,1862,21.90768412181878,False
H_AF_full_chainA,15.0,1863,21.92606686816458,False
H_AF_full_chainA,15.0,1864,21.93892405983819,False
H_AF_full_chainA,15.0,1865,21.944697474018266,False
H_AF_full_chainA,15.0,1866,21.962658931851596,False
H_AF_full_chainA,15.0,1867,21.970434864129825,False
H_AF_full_chainA,15.0,1868,21.98298046074459,False
H_AF_full_chainA,15.0,1869,21.992888138946988,False
H_AF_full_chainA,15.0,1870,22.033524991779363,False
H_AF_full_chainA,15.0,1871,22.056003830041824,False
H_AF_full_chainA,15.0,1872,22.06770999916414,False
H_AF_full_chainA,15.0,1873,22.096300658250875,False
H_AF_full_chainA,15.0,1874,22.09991101359076,False
H_AF_full_chainA,15.0,1875,22.127782398050535,False
H_AF_full_chainA,15.0,1876,22.137390359351905,False
H_AF_full_chainA,15.0,1877,22.149163131753873,False
H_AF_full_chainA,15.0,1878,22.161599820661433,False
H_AF_full_chainA,15.0,1879,22.17518505387856,False
H_AF_full_chainA,15.0,1880,22.19890797537261,False
H_AF_full_chainA,15.0,1881,22.2055646535484,False
H_AF_full_chainA,15.0,1882,22.220318209521828,False
H_AF_full_chainA,15.0,1883,22.240264539592342,False
H_AF_full_chainA,15.0,1884,22.25023536632898,False
H_AF_full_chainA,15.0,1885,22.26259664621134,False
H_AF_full_chainA,15.0,1886,22.284144702730195,False
H_AF_full_chainA,15.0,1887,22.288525864662105,False
H_AF_full_chainA,15.0,1888,22.3080597950863,False
H_AF_full_chainA,15.0,1889,22.313578265098837,False
H_AF_full_chainA,15.0,1890,22.32625233676514,False
H_AF_full_chainA,15.0,1891,22.345624616771502,False
H_AF_full_chainA,15.0,1892,22.36126351068575,False
H_AF_full_chainA,15.0,1893,22.36810247133871,False
H_AF_full_chainA,15.0,1894,22.385639243583647,False
H_AF_full_chainA,15.0,1895,22.40426229944212,False
H_AF_full_chainA,15.0,1896,22.423974428126627,False
H_AF_full_chainA,15.0,1897,22.440726882756135,False
H_AF_full_chainA,15.0,1898,22.464233752001476,False
H_AF_full_chainA,15.0,1899,22.476359122400456,False
H_AF_full_chainA,15.0,1900,22.503763224269115,False
H_AF_full_chainA,15.0,1901,22.513726811241686,False
H_AF_full_chainA,15.0,1902,22.527434741368356,False
H_AF_full_chainA,15.0,1903,22.558764050239006,False
H_AF_full_chainA,15.0,1904,22.58401628661377,False
H_AF_full_chainA,15.0,1905,22.591580262899136,False
H_AF_full_chainA,15.0,1906,22.61294446271854,False
H_AF_full_chainA,15.0,1907,22.628986691909315,False
H_AF_full_chainA,15.0,1908,22.64073700695337,False
H_AF_full_chainA,15.0,1909,22.64865329558486,False
H_AF_full_chainA,15.0,1910,22.66100560916243,False
H_AF_full_chainA,15.0,1911,22.680024448513954,False
H_AF_full_chainA,15.0,1912,22.686399285075943,False
H_AF_full_chainA,15.0,1913,22.70262708949089,False
H_AF_full_chainA,15.0,1914,22.7321414940916,False
H_AF_full_chainA,15.0,1915,22.756006291918858,False
H_AF_full_chainA,15.0,1916,22.769586085607475,False
H_AF_full_chainA,15.0,1917,22.800560197832937,False
H_AF_full_chainA,15.0,1918,22.8137071255494,False
H_AF_full_chainA,15.0,1919,22.824702043088926,False
H_AF_full_chainA,15.0,1920,22.836533282540703,False
H_AF_full_chainA,15.0,1921,22.85768162203719,False
H_AF_full_chainA,15.0,1922,22.875972363858146,False
H_AF_full_chainA,15.0,1923,22.891917661999795,False
H_AF_full_chainA,15.0,1924,22.924227434359473,False
H_AF_full_chainA,15.0,1925,22.935443239134585,False
H_AF_full_chainA,15.0,1926,22.963946692151733,False
H_AF_full_chainA,15.0,1927,22.98320524781203,False
H_AF_full_chainA,15.0,1928,22.993608639427656,False
H_AF_full_chainA,15.0,1929,22.997338773106815,False
H_AF_full_chainA,15.0,1930,23.01703603820613,False
H_AF_full_chainA,15.0,1931,23.02145774400077,False
H_AF_full_chainA,15.0,1932,23.04108331221765,False
H_AF_full_chainA,15.0,1933,23.054555891968604,False
H_AF_full_chainA,15.0,1934,23.094284219698505,False
H_AF_full_chainA,15.0,1935,23.115475829876782,False
H_AF_full_chainA,15.0,1936,23.122750673997917,False
H_AF_full_chainA,15.0,1937,23.149853489405913,False
H_AF_full_chainA,15.0,1938,23.17415788576649,False
H_AF_full_chainA,15.0,1939,23.189710207887945,False
H_AF_full_chainA,15.0,1940,23.197108199269014,False
H_AF_full_chainA,15.0,1941,23.22054150293136,False
H_AF_full_chainA,15.0,1942,23.245411285365247,False
H_AF_full_chainA,15.0,1943,23.266567576099945,False
H_AF_full_chainA,15.0,1944,23.286691362741564,False
H_AF_full_chainA,15.0,1945,23.302454203415756,False
H_AF_full_chainA,15.0,1946,23.31909726934921,False
H_AF_full_chainA,15.0,1947,23.32764757136664,False
H_AF_full_chainA,15.0,1948,23.338004177323533,False
H_AF_full_chainA,15.0,1949,23.363123145297156,False
H_AF_full_chainA,15.0,1950,23.383101246666726,False
H_AF_full_chainA,15.0,1951,23.404160175280552,False
H_AF_full_chainA,15.0,1952,23.406691559827173,False
H_AF_full_chainA,15.0,1953,23.429027437469983,False
H_AF_full_chainA,15.0,1954,23.45205710675045,False
H_AF_full_chainA,15.0,1955,23.475405436130096,False
H_AF_full_chainA,15.0,1956,23.49175448955773,False
H_AF_full_chainA,15.0,1957,23.516934347649617,False
H_AF_full_chainA,15.0,1958,23.52691908320037,False
H_AF_full_chainA,15.0,1959,23.56388696246918,False
H_AF_full_chainA,15.0,1960,23.57473617640774,False
H_AF_full_chainA,15.0,1961,23.590519434288133,False
H_AF_full_chainA,15.0,1962,23.607238936361416,False
H_AF_full_chainA,15.0,1963,23.65172573231485,False
H_AF_full_chainA,15.0,1964,23.666277391456255,False
H_AF_full_chainA,15.0,1965,23.68077660788856,False
H_AF_full_chainA,15.0,1966,23.69284818248777,False
H_AF_full_chainA,15.0,1967,23.702940927635098,False
H_AF_full_chainA,15.0,1968,23.72236088477826,False
H_AF_full_chainA,15.0,1969,23.748451940678454,False
H_AF_full_chainA,15.0,1970,23.769127684674636,False
H_AF_full_chainA,15.0,1971,23.782852374545907,False
H_AF_full_chainA,15.0,1972,23.81215501480405,False
H_AF_full_chainA,15.0,1973,23.82159480992202,False
H_AF_full_chainA,15.0,1974,23.841124074307924,False
H_AF_full_chainA,15.0,1975,23.849072785622468,False
H_AF_full_chainA,15.0,1976,23.875795487842158,False
H_AF_full_chainA,15.0,1977,23.890876536562264,False
H_AF_full_chainA,15.0,1978,23.90851965409449,False
H_AF_full_chainA,15.0,1979,23.919772779418505,False
H_AF_full_chainA,15.0,1980,23.940347902210213,False
H_AF_full_chainA,15.0,1981,23.971102069008843,False
H_AF_full_chainA,15.0,1982,24.00284260384897,False
H_AF_full_chainA,15.0,1983,24.02273067184682,False
H_AF_full_chainA,15.0,1984,24.030426588403593,False
H_AF_full_chainA,15.0,1985,24.05258250457501,False
H_AF_full_chainA,15.0,1986,24.065709515916176,False
H_AF_full_chainA,15.0,1987,24.081542516144626,False
H_AF_full_chainA,15.0,1988,24.092452121477955,False
H_AF_full_chainA,15.0,1989,24.10439587767354,False
H_AF_full_chainA,15.0,1990,24.129432891134694,False
H_AF_full_chainA,15.0,1991,24.147264222992476,False
H_AF_full_chainA,15.0,1992,24.170652968316254,False
H_AF_full_chainA,15.0,1993,24.186106496036338,False
H_AF_full_chainA,15.0,1994,24.201734177714346,False
H_AF_full_chainA,15.0,1995,24.225384545346856,False
H_AF_full_chainA,15.0,1996,24.237849313401195,False
H_AF_full_chainA,15.0,1997,24.267657898621177,False
H_AF_full_chainA,15.0,1998,24.287530976280653,False
H_AF_full_chainA,15.0,1999,24.29666741650343,False
H_AF_full_chainA,15.0,2000,24.31275637303817,False
H_AF_full_chainA,15.0,2001,24.326725579261385,False
H_AF_full_chainA,15.0,2002,24.36794667802208,False
H_AF_full_chainA,15.0,2003,24.388222605925428,False
H_AF_full_chainA,15.0,2004,24.402651679497286,False
H_AF_full_chainA,15.0,2005,24.417681070224827,False
H_AF_full_chainA,15.0,2006,24.436822994725613,False
H_AF_full_chainA,15.0,2007,24.46011220369265,False
H_AF_full_chainA,15.0,2008,24.483566226221114,False
H_AF_full_chainA,15.0,2009,24.4980445303446,False
H_AF_full_chainA,15.0,2010,24.52206838428011,False
H_AF_full_chainA,15.0,2011,24.549656928693583,False
H_AF_full_chainA,15.0,2012,24.562085873005433,False
H_AF_full_chainA,15.0,2013,24.58264677420834,False
H_AF_full_chainA,15.0,2014,24.593715216518213,False
H_AF_full_chainA,15.0,2015,24.61153223529954,False
H_AF_full_chainA,15.0,2016,24.629759024950335,False
H_AF_full_chainA,15.0,2017,24.63575735547511,False
H_AF_full_chainA,15.0,2018,24.66290948429218,False
H_AF_full_chainA,15.0,2019,24.664475097388745,False
H_AF_full_chainA,15.0,2020,24.67522777527474,False
H_AF_full_chainA,15.0,2021,24.707335427634046,False
H_AF_full_chainA,15.0,2022,24.727419999414067,False
H_AF_full_chainA,15.0,2023,24.74112618485649,False
H_AF_full_chainA,15.0,2024,24.761860945170277,False
H_AF_full_chainA,15.0,2025,24.77384578270359,False
H_AF_full_chainA,15.0,2026,24.835483404513955,False
H_AF_full_chainA,15.0,2027,24.870216817787593,False
H_AF_full_chainA,15.0,2028,24.891151824773875,False
H_AF_full_chainA,15.0,2029,24.897715911324255,False
H_AF_full_chainA,15.0,2030,24.92414048125806,False
H_AF_full_chainA,15.0,2031,24.92784733006376,False
H_AF_full_chainA,15.0,2032,24.967033165464148,False
H_AF_full_chainA,15.0,2033,24.97497566427261,False
H_AF_full_chainA,15.0,2034,24.993588373058092,False
H_AF_full_chainA,15.0,2035,25.01176057547067,False
H_AF_full_chainA,15.0,2036,25.044542794698366,False
H_AF_full_chainA,15.0,2037,25.084589170330283,False
H_AF_full_chainA,15.0,2038,25.08568007169028,False
H_AF_full_chainA,15.0,2039,25.092062651743657,False
H_AF_full_chainA,15.0,2040,25.13587324710189,False
H_AF_full_chainA,15.0,2041,25.156729051750844,False
H_AF_full_chainA,15.0,2042,25.16777109030889,False
H_AF_full_chainA,15.0,2043,25.19253380909489,False
H_AF_full_chainA,15.0,2044,25.199942785470203,False
H_AF_full_chainA,15.0,2045,25.2405451611505,False
H_AF_full_chainA,15.0,2046,25.25448157881146,False
H_AF_full_chainA,15.0,2047,25.285365394268386,False
H_AF_full_chainA,15.0,2048,25.29063490325046,False
H_AF_full_chainA,15.0,2049,25.30490395286648,False
H_AF_full_chainA,15.0,2050,25.333577185078433,False
H_AF_full_chainA,15.0,2051,25.34630543975966,False
H_AF_full_chainA,15.0,2052,25.370034024052767,False
H_AF_full_chainA,15.0,2053,25.40194237458598,False
H_AF_full_chainA,15.0,2054,25.45463252421096,False
H_AF_full_chainA,15.0,2055,25.470840967840143,False
H_AF_full_chainA,15.0,2056,25.49219901514327,False
H_AF_full_chainA,15.0,2057,25.49655511967112,False
H_AF_full_chainA,15.0,2058,25.512317513560067,False
H_AF_full_chainA,15.0,2059,25.542800957711336,False
H_AF_full_chainA,15.0,2060,25.571877737558896,False
H_AF_full_chainA,15.0,2061,25.59886963155013,False
H_AF_full_chainA,15.0,2062,25.606224957875177,False
H_AF_full_chainA,15.0,2063,25.63970976688228,False
H_AF_full_chainA,15.0,2064,25.64023329408679,False
H_AF_full_chainA,15.0,2065,25.67397473349363,False
H_AF_full_chainA,15.0,2066,25.69077558371559,False
H_AF_full_chainA,15.0,2067,25.735535546572695,False
H_AF_full_chainA,15.0,2068,25.770550269630757,False
H_AF_full_chainA,15.0,2069,25.78235912576533,False
H_AF_full_chainA,15.0,2070,25.78429942896023,False
H_AF_full_chainA,15.0,2071,25.79865359541299,False
H_AF_full_chainA,15.0,2072,25.8209317844818,False
H_AF_full_chainA,15.0,2073,25.837514142339327,False
H_AF_full_chainA,15.0,2074,25.860421643323892,False
H_AF_full_chainA,15.0,2075,25.90304959427404,False
H_AF_full_chainA,15.0,2076,25.91489716381798,False
H_AF_full_chainA,15.0,2077,25.939258155322612,False
H_AF_full_chainA,15.0,2078,25.974662260209783,False
H_AF_full_chainA,15.0,2079,25.991711453638892,False
H_AF_full_chainA,15.0,2080,26.004336052152556,False
H_AF_full_chainA,15.0,2081,26.01677796961565,False
H_AF_full_chainA,15.0,2082,26.05530437405677,False
H_AF_full_chainA,15.0,2083,26.0760919863747,False
H_AF_full_chainA,15.0,2084,26.110171389019357,False
H_AF_full_chainA,15.0,2085,26.12906435594251,False
H_AF_full_chainA,15.0,2086,26.146440663785253,False
H_AF_full_chainA,15.0,2087,26.151031763760226,False
H_AF_full_chainA,15.0,2088,26.19370093420089,False
H_AF_full_chainA,15.0,2089,26.212745111941114,False
H_AF_full_chainA,15.0,2090,26.228963709817847,False
H_AF_full_chainA,15.0,2091,26.26233780563429,False
H_AF_full_chainA,15.0,2092,26.281588962962697,False
H_AF_full_chainA,15.0,2093,26.302490425259286,False
H_AF_full_chainA,15.0,2094,26.317592960652767,False
H_AF_full_chainA,15.0,2095,26.33142603728643,False
H_AF_full_chainA,15.0,2096,26.356493850302506,False
H_AF_full_chainA,15.0,2097,26.401954704307897,False
H_AF_full_chainA,15.0,2098,26.40680054660712,False
H_AF_full_chainA,15.0,2099,26.439682197483265,False
H_AF_full_chainA,15.0,2100,26.459137864627756,False
H_AF_full_chainA,15.0,2101,26.48607230033787,False
H_AF_full_chainA,15.0,2102,26.53165389200826,False
H_AF_full_chainA,15.0,2103,26.561461800412566,False
H_AF_full_chainA,15.0,2104,26.569788739823142,False
H_AF_full_chainA,15.0,2105,26.60129147107946,False
H_AF_full_chainA,15.0,2106,26.607525788925855,False
H_AF_full_chainA,15.0,2107,26.619580492300138,False
H_AF_full_chainA,15.0,2108,26.661533490781622,False
H_AF_full_chainA,15.0,2109,26.679258321703408,False
H_AF_full_chainA,15.0,2110,26.708371269873552,False
H_AF_full_chainA,15.0,2111,26.73707273321894,False
H_AF_full_chainA,15.0,2112,26.813165824181453,False
H_AF_full_chainA,15.0,2113,26.818448416482553,False
H_AF_full_chainA,15.0,2114,26.830822144186893,False
H_AF_full_chainA,15.0,2115,26.844893578575764,False
H_AF_full_chainA,15.0,2116,26.90234427452006,False
H_AF_full_chainA,15.0,2117,26.921866905786167,False
H_AF_full_chainA,15.0,2118,26.96384415909117,False
H_AF_full_chainA,15.0,2119,26.97376901797954,False
H_AF_full_chainA,15.0,2120,27.017596666163676,False
H_AF_full_chainA,15.0,2121,27.030147314953883,False
H_AF_full_chainA,15.0,2122,27.04855488137456,False
H_AF_full_chainA,15.0,2123,27.093294647095036,False
H_AF_full_chainA,15.0,2124,27.11736700337885,False
H_AF_full_chainA,15.0,2125,27.13677868908315,False
H_AF_full_chainA,15.0,2126,27.15930461206224,False
H_AF_full_chainA,15.0,2127,27.189199515551614,False
H_AF_full_chainA,15.0,2128,27.236768730283845,False
H_AF_full_chainA,15.0,2129,27.257327450375215,False
H_AF_full_chainA,15.0,2130,27.284894672586276,False
H_AF_full_chainA,15.0,2131,27.315452208893706,False
H_AF_full_chainA,15.0,2132,27.348422071750047,False
H_AF_full_chainA,15.0,2133,27.368014628085675,False
H_AF_full_chainA,15.0,2134,27.414207257218973,False
H_AF_full_chainA,15.0,2135,27.428326651305074,False
H_AF_full_chainA,15.0,2136,27.462458451747707,False
H_AF_full_chainA,15.0,2137,27.506965271915938,False
H_AF_full_chainA,15.0,2138,27.54463714705587,False
H_AF_full_chainA,15.0,2139,27.568083634923745,False
H_AF_full_chainA,15.0,2140,27.60988441024463,False
H_AF_full_chainA,15.0,2141,27.615708279118703,False
H_AF_full_chainA,15.0,2142,27.644643511288496,False
H_AF_full_chainA,15.0,2143,27.67097449499146,False
H_AF_full_chainA,15.0,2144,27.69065502257645,False
H_AF_full_chainA,15.0,2145,27.713779000446664,False
H_AF_full_chainA,15.0,2146,27.7364986977761,False
H_AF_full_chainA,15.0,2147,27.76465308155878,False
H_AF_full_chainA,15.0,2148,27.81455351935789,False
H_AF_full_chainA,15.0,2149,27.841369107838386,False
H_AF_full_chainA,15.0,2150,27.861888171096965,False
H_AF_full_chainA,15.0,2151,27.919203896030726,False
H_AF_full_chainA,15.0,2152,27.942381865337822,False
H_AF_full_chainA,15.0,2153,27.992455632261013,False
H_AF_full_chainA,15.0,2154,28.06049223288215,False
H_AF_full_chainA,15.0,2155,28.070216991626978,False
H_AF_full_chainA,15.0,2156,28.096408267295594,False
H_AF_full_chainA,15.0,2157,28.120765160051413,False
H_AF_full_chainA,15.0,2158,28.158990121084173,False
H_AF_full_chainA,15.0,2159,28.189397742253785,False
H_AF_full_chainA,15.0,2160,28.205575966738568,False
H_AF_full_chainA,15.0,2161,28.24983334398648,False
H_AF_full_chainA,15.0,2162,28.258814873764216,False
H_AF_full_chainA,15.0,2163,28.278140409229668,False
H_AF_full_chainA,15.0,2164,28.328044956562895,False
H_AF_full_chainA,15.0,2165,28.353811116586616,False
H_AF_full_chainA,15.0,2166,28.38644381078711,False
H_AF_full_chainA,15.0,2167,28.442869880966015,False
H_AF_full_chainA,15.0,2168,28.46388707568241,False
H_AF_full_chainA,15.0,2169,28.48222075534947,False
H_AF_full_chainA,15.0,2170,28.528476858881817,False
H_AF_full_chainA,15.0,2171,28.53874492254742,False
H_AF_full_chainA,15.0,2172,28.598453033437917,False
H_AF_full_chainA,15.0,2173,28.627598448393993,False
H_AF_full_chainA,15.0,2174,28.659948582892273,False
H_AF_full_chainA,15.0,2175,28.680964687238237,False
H_AF_full_chainA,15.0,2176,28.694890135326123,False
H_AF_full_chainA,15.0,2177,28.75213751242628,False
H_AF_full_chainA,15.0,2178,28.773787279984848,False
H_AF_full_chainA,15.0,2179,28.822723269600385,False
H_AF_full_chainA,15.0,2180,28.85756950387024,False
H_AF_full_chainA,15.0,2181,28.900269498128118,False
H_AF_full_chainA,15.0,2182,28.930969644848968,False
H_AF_full_chainA,15.0,2183,28.95130437213095,False
H_AF_full_chainA,15.0,2184,29.018755769582608,False
H_AF_full_chainA,15.0,2185,29.05327056443835,False
H_AF_full_chainA,15.0,2186,29.11683382279575,False
H_AF_full_chainA,15.0,2187,29.12382498425486,False
H_AF_full_chainA,15.0,2188,29.235384923723494,False
H_AF_full_chainA,15.0,2189,29.260503090792387,False
H_AF_full_chainA,15.0,2190,29.28552507601557,False
H_AF_full_chainA,15.0,2191,29.305983012454806,False
H_AF_full_chainA,15.0,2192,29.375060394117547,False
H_AF_full_chainA,15.0,2193,29.410389128150587,False
H_AF_full_chainA,15.0,2194,29.444399069180342,False
H_AF_full_chainA,15.0,2195,29.49837375306186,False
H_AF_full_chainA,15.0,2196,29.51989499775936,False
H_AF_full_chainA,15.0,2197,29.5566266335962,False
H_AF_full_chainA,15.0,2198,29.62977536700859,False
H_AF_full_chainA,15.0,2199,29.66708834846853,False
H_AF_full_chainA,15.0,2200,29.706277200432183,False
H_AF_full_chainA,15.0,2201,29.75839214623184,False
H_AF_full_chainA,15.0,2202,29.805230290667815,False
H_AF_full_chainA,15.0,2203,29.85538375203718,False
H_AF_full_chainA,15.0,2204,29.942673858680394,False
H_AF_full_chainA,15.0,2205,29.97347778466688,False
H_AF_full_chainA,15.0,2206,29.991244846783044,False
H_AF_full_chainA,15.0,2207,30.066285300966623,False
H_AF_full_chainA,15.0,2208,30.110190105957642,False
H_AF_full_chainA,15.0,2209,30.18328818816577,False
H_AF_full_chainA,15.0,2210,30.19911949328125,False
H_AF_full_chainA,15.0,2211,30.22827826437094,False
H_AF_full_chainA,15.0,2212,30.298141309663208,False
H_AF_full_chainA,15.0,2213,30.32669961497597,False
H_AF_full_chainA,15.0,2214,30.43335735907826,False
H_AF_full_chainA,15.0,2215,30.496011679303674,False
H_AF_full_chainA,15.0,2216,30.530611423224375,False
H_AF_full_chainA,15.0,2217,30.588455304361435,False
H_AF_full_chainA,15.0,2218,30.614457327106965,False
H_AF_full_chainA,15.0,2219,30.657415174934403,False
H_AF_full_chainA,15.0,2220,30.77203429548639,False
H_AF_full_chainA,15.0,2221,30.782217102792053,False
H_AF_full_chainA,15.0,2222,30.89029589336887,False
H_AF_full_chainA,15.0,2223,30.973604653569748,False
H_AF_full_chainA,15.0,2224,31.021935282909766,False
H_AF_full_chainA,15.0,2225,31.072384653768367,False
H_AF_full_chainA,15.0,2226,31.087923152302313,False
H_AF_full_chainA,15.0,2227,31.165168785348705,False
H_AF_full_chainA,15.0,2228,31.259258955091507,False
H_AF_full_chainA,15.0,2229,31.312360118909197,False
H_AF_full_chainA,15.0,2230,31.38675275259447,False
H_AF_full_chainA,15.0,2231,31.424130984679305,False
H_AF_full_chainA,15.0,2232,31.506026972631442,False
H_AF_full_chainA,15.0,2233,31.529252520735685,False
H_AF_full_chainA,15.0,2234,31.627317980090737,False
H_AF_full_chainA,15.0,2235,31.64317015259714,False
H_AF_full_chainA,15.0,2236,31.760345125085298,False
H_AF_full_chainA,15.0,2237,31.848199867882343,False
H_AF_full_chainA,15.0,2238,32.03930640618726,False
H_AF_full_chainA,15.0,2239,32.07752962520801,False
H_AF_full_chainA,15.0,2240,32.11391294176549,False
H_AF_full_chainA,15.0,2241,32.18324936680328,False
H_AF_full_chainA,15.0,2242,32.33128231862777,False
H_AF_full_chainA,15.0,2243,32.4665311790117,False
H_AF_full_chainA,15.0,2244,32.570506693469454,False
H_AF_full_chainA,15.0,2245,32.67968484591465,False
H_AF_full_chainA,15.0,2246,32.75541592002375,False
H_AF_full_chainA,15.0,2247,32.90975345954164,False
H_AF_full_chainA,15.0,2248,32.989289735546514,False
H_AF_full_chainA,15.0,2249,33.095267594170934,False
H_AF_full_chainA,15.0,2250,33.3692282092365,False
H_AF_full_chainA,15.0,2251,33.42028841509338,False
H_AF_full_chainA,15.0,2252,33.49755050039191,False
H_AF_full_chainA,15.0,2253,33.76671431015174,False
H_AF_full_chainA,15.0,2254,33.94819282649202,False
H_AF_full_chainA,15.0,2255,34.04270843489435,False
H_AF_full_chainA,15.0,2256,34.30776467224859,False
H_AF_full_chainA,15.0,2257,34.34638906583165,False
H_AF_full_chainA,15.0,2258,34.651700580668155,False
H_AF_full_chainA,15.0,2259,34.84571719008392,False
H_AF_full_chainA,15.0,2260,35.00773193355416,False
H_AF_full_chainA,15.0,2261,35.06512147771008,False
H_AF_full_chainA,15.0,2262,35.318432075471364,False
H_AF_full_chainA,15.0,2263,35.51128865561051,False
H_AF_full_chainA,15.0,2264,35.75457679002758,False
H_AF_full_chainA,15.0,2265,36.015852164413324,False
H_AF_full_chainA,15.0,2266,36.33431728974198,False
H_AF_full_chainA,15.0,2267,36.389588015731285,False
H_AF_full_chainA,15.0,2268,37.08698230206272,False
H_AF_full_chainA,15.0,2269,37.14143604492665,False
H_AF_full_chainA,15.0,2270,37.522790912554946,False
H_AF_full_chainA,15.0,2271,37.939778084794256,False
H_AF_full_chainA,15.0,2272,38.33700978893041,False
H_AF_full_chainA,15.0,2273,38.80743610255826,False
H_AF_full_chainA,15.0,2274,39.298087310595,False
H_AF_full_chainA,15.0,2275,40.15028627224383,False
H_AF_full_chainA,15.0,2276,40.423907838125736,False
H_AF_full_chainA,15.0,2277,41.39893357003144,False
H_AF_full_chainA,15.0,2278,42.3904608547614,False
H_AF_full_chainA,15.0,2279,42.81732944402034,False
M_PUB_ALL_domain,15.0,0,-3.1451273251621874e-16,True
M_PUB_ALL_domain,15.0,1,4.717645938703402e-16,True
M_PUB_ALL_domain,15.0,2,9.091296861043014e-16,True
M_PUB_ALL_domain,15.0,3,1.890645681875897e-15,True
M_PUB_ALL_domain,15.0,4,2.373565612910122e-15,True
M_PUB_ALL_domain,15.0,5,5.559268233820509e-15,True
M_PUB_ALL_domain,15.0,6,0.01134282573357576,False
M_PUB_ALL_domain,15.0,7,0.01461341815156629,False
M_PUB_ALL_domain,15.0,8,0.03585770247244461,False
M_PUB_ALL_domain,15.0,9,0.04973836858721514,False
M_PUB_ALL_domain,15.0,10,0.07065831155280047,False
M_PUB_ALL_domain,15.0,11,0.07567737350094357,False
M_PUB_ALL_domain,15.0,12,0.07868041417095376,False
M_PUB_ALL_domain,15.0,13,0.09144815176165287,False
M_PUB_ALL_domain,15.0,14,0.10616889525422268,False
M_PUB_ALL_domain,15.0,15,0.11654198989855535,False
M_PUB_ALL_domain,15.0,16,0.12441320124001565,False
M_PUB_ALL_domain,15.0,17,0.13675583410310987,False
M_PUB_ALL_domain,15.0,18,0.14635814370519076,False
M_PUB_ALL_domain,15.0,19,0.1646319364841555,False
M_PUB_ALL_domain,15.0,20,0.179973669758921,False
M_PUB_ALL_domain,15.0,21,0.1924168399060562,False
M_PUB_ALL_domain,15.0,22,0.21510877144534507,False
M_PUB_ALL_domain,15.0,23,0.24534320985355396,False
M_PUB_ALL_domain,15.0,24,0.2800586753205759,False
M_PUB_ALL_domain,15.0,25,0.2840294950968003,False
M_PUB_ALL_domain,15.0,26,0.29164841689387694,False
M_PUB_ALL_domain,15.0,27,0.32644759003511475,False
M_PUB_ALL_domain,15.0,28,0.32918141886856755,False
M_PUB_ALL_domain,15.0,29,0.34703094645694704,False
M_PUB_ALL_domain,15.0,30,0.38179397952813704,False
M_PUB_ALL_domain,15.0,31,0.4203955330301699,False
M_PUB_ALL_domain,15.0,32,0.44022202464579924,False
M_PUB_ALL_domain,15.0,33,0.4773456064759919,False
M_PUB_ALL_domain,15.0,34,0.4829676503892979,False
M_PUB_ALL_domain,15.0,35,0.5204421717477314,False
M_PUB_ALL_domain,15.0,36,0.5412245106505545,False
M_PUB_ALL_domain,15.0,37,0.5575932757857678,False
M_PUB_ALL_domain,15.0,38,0.5848331119805406,False
M_PUB_ALL_domain,15.0,39,0.5873684565268247,False
M_PUB_ALL_domain,15.0,40,0.5959149307960525,False
M_PUB_ALL_domain,15.0,41,0.6055016895918067,False
M_PUB_ALL_domain,15.0,42,0.620244526583061,False
M_PUB_ALL_domain,15.0,43,0.6909417242295759,False
M_PUB_ALL_domain,15.0,44,0.7087310313944797,False
M_PUB_ALL_domain,15.0,45,0.734079769284542,False
M_PUB_ALL_domain,15.0,46,0.7402543419495798,False
M_PUB_ALL_domain,15.0,47,0.8009585897449621,False
M_PUB_ALL_domain,15.0,48,0.8259765895205678,False
M_PUB_ALL_domain,15.0,49,0.8518854686305357,False
M_PUB_ALL_domain,15.0,50,0.8585766387409084,False
M_PUB_ALL_domain,15.0,51,0.8868841738207923,False
M_PUB_ALL_domain,15.0,52,0.8925080461528311,False
M_PUB_ALL_domain,15.0,53,0.9326563150600811,False
M_PUB_ALL_domain,15.0,54,0.9584127657540312,False
M_PUB_ALL_domain,15.0,55,0.9836451165291148,False
M_PUB_ALL_domain,15.0,56,0.9950639996257843,False
M_PUB_ALL_domain,15.0,57,1.001934972532131,False
M_PUB_ALL_domain,15.0,58,1.0160681399494578,False
M_PUB_ALL_domain,15.0,59,1.0239902165362127,False
M_PUB_ALL_domain,15.0,60,1.058639783409254,False
M_PUB_ALL_domain,15.0,61,1.0857893941528476,False
M_PUB_ALL_domain,15.0,62,1.1122773467563645,False
M_PUB_ALL_domain,15.0,63,1.1317286422193464,False
M_PUB_ALL_domain,15.0,64,1.1413413247644462,False
M_PUB_ALL_domain,15.0,65,1.172686281033255,False
M_PUB_ALL_domain,15.0,66,1.1894714275692342,False
M_PUB_ALL_domain,15.0,67,1.2100438323172569,False
M_PUB_ALL_domain,15.0,68,1.2373918519536358,False
M_PUB_ALL_domain,15.0,69,1.2513418667008058,False
M_PUB_ALL_domain,15.0,70,1.26450876509602,False
M_PUB_ALL_domain,15.0,71,1.2856949476351136,False
M_PUB_ALL_domain,15.0,72,1.3002701001046932,False
M_PUB_ALL_domain,15.0,73,1.3127535116791602,False
M_PUB_ALL_domain,15.0,74,1.3211597778355368,False
M_PUB_ALL_domain,15.0,75,1.3481076575921978,False
M_PUB_ALL_domain,15.0,76,1.3756933243384322,False
M_PUB_ALL_domain,15.0,77,1.3826544339185607,False
M_PUB_ALL_domain,15.0,78,1.3977643362389738,False
M_PUB_ALL_domain,15.0,79,1.4099757017921386,False
M_PUB_ALL_domain,15.0,80,1.4196334014728003,False
M_PUB_ALL_domain,15.0,81,1.4267081868712301,False
M_PUB_ALL_domain,15.0,82,1.432116485283206,False
M_PUB_ALL_domain,15.0,83,1.4529046639215315,False
M_PUB_ALL_domain,15.0,84,1.4572475185288551,False
M_PUB_ALL_domain,15.0,85,1.4796195923612052,False
M_PUB_ALL_domain,15.0,86,1.506944366628133,False
M_PUB_ALL_domain,15.0,87,1.5134755913627345,False
M_PUB_ALL_domain,15.0,88,1.5353823099775592,False
M_PUB_ALL_domain,15.0,89,1.5640139867824083,False
M_PUB_ALL_domain,15.0,90,1.5781530436699764,False
M_PUB_ALL_domain,15.0,91,1.6039046678465119,False
M_PUB_ALL_domain,15.0,92,1.6067194250758887,False
M_PUB_ALL_domain,15.0,93,1.6252005966009488,False
M_PUB_ALL_domain,15.0,94,1.658731784434505,False
M_PUB_ALL_domain,15.0,95,1.6626408707609928,False
M_PUB_ALL_domain,15.0,96,1.6829425384601548,False
M_PUB_ALL_domain,15.0,97,1.6865659809759292,False
M_PUB_ALL_domain,15.0,98,1.7043657818980882,False
M_PUB_ALL_domain,15.0,99,1.711935445278297,False
M_PUB_ALL_domain,15.0,100,1.712246687655637,False
M_PUB_ALL_domain,15.0,101,1.7460729700952553,False
M_PUB_ALL_domain,15.0,102,1.748121120054657,False
M_PUB_ALL_domain,15.0,103,1.7811573595268002,False
M_PUB_ALL_domain,15.0,104,1.7889385753932814,False
M_PUB_ALL_domain,15.0,105,1.8508785508355297,False
M_PUB_ALL_domain,15.0,106,1.8681606317548665,False
M_PUB_ALL_domain,15.0,107,1.8820663117735534,False
M_PUB_ALL_domain,15.0,108,1.9216839069256997,False
M_PUB_ALL_domain,15.0,109,1.9450911293673192,False
M_PUB_ALL_domain,15.0,110,1.9460048245959292,False
M_PUB_ALL_domain,15.0,111,1.9650167699826797,False
M_PUB_ALL_domain,15.0,112,1.9840777960383817,False
M_PUB_ALL_domain,15.0,113,1.9970764419595566,False
M_PUB_ALL_domain,15.0,114,2.0143222180693403,False
M_PUB_ALL_domain,15.0,115,2.0162954527248313,False
M_PUB_ALL_domain,15.0,116,2.0566694140125095,False
M_PUB_ALL_domain,15.0,117,2.0738162617727673,False
M_PUB_ALL_domain,15.0,118,2.106764205399434,False
M_PUB_ALL_domain,15.0,119,2.1338054436177436,False
M_PUB_ALL_domain,15.0,120,2.140608371534257,False
M_PUB_ALL_domain,15.0,121,2.1570417911842052,False
M_PUB_ALL_domain,15.0,122,2.17440733133135,False
M_PUB_ALL_domain,15.0,123,2.198820311356074,False
M_PUB_ALL_domain,15.0,124,2.209908400635064,False
M_PUB_ALL_domain,15.0,125,2.2399246972074627,False
M_PUB_ALL_domain,15.0,126,2.2507285216433215,False
M_PUB_ALL_domain,15.0,127,2.281870798877037,False
M_PUB_ALL_domain,15.0,128,2.3018784242360395,False
M_PUB_ALL_domain,15.0,129,2.3049300201006293,False
M_PUB_ALL_domain,15.0,130,2.3322095961017224,False
M_PUB_ALL_domain,15.0,131,2.349598504698905,False
M_PUB_ALL_domain,15.0,132,2.3645723779891488,False
M_PUB_ALL_domain,15.0,133,2.3911647199761177,False
M_PUB_ALL_domain,15.0,134,2.394593061599101,False
M_PUB_ALL_domain,15.0,135,2.4104753030582526,False
M_PUB_ALL_domain,15.0,136,2.4238228135420328,False
M_PUB_ALL_domain,15.0,137,2.4407551398095295,False
M_PUB_ALL_domain,15.0,138,2.464195500836077,False
M_PUB_ALL_domain,15.0,139,2.4706086962445104,False
M_PUB_ALL_domain,15.0,140,2.474789997066808,False
M_PUB_ALL_domain,15.0,141,2.4884896723559953,False
M_PUB_ALL_domain,15.0,142,2.5311833962995776,False
M_PUB_ALL_domain,15.0,143,2.561707791254573,False
M_PUB_ALL_domain,15.0,144,2.5706084630078405,False
M_PUB_ALL_domain,15.0,145,2.62457693268721,False
M_PUB_ALL_domain,15.0,146,2.631698672104414,False
M_PUB_ALL_domain,15.0,147,2.642296894834928,False
M_PUB_ALL_domain,15.0,148,2.6503404728517976,False
M_PUB_ALL_domain,15.0,149,2.661742247633116,False
M_PUB_ALL_domain,15.0,150,2.675014310053601,False
M_PUB_ALL_domain,15.0,151,2.7203922440077233,False
M_PUB_ALL_domain,15.0,152,2.73959592114761,False
M_PUB_ALL_domain,15.0,153,2.755993835248789,False
M_PUB_ALL_domain,15.0,154,2.782144237202128,False
M_PUB_ALL_domain,15.0,155,2.8161385102802248,False
M_PUB_ALL_domain,15.0,156,2.831628975393622,False
M_PUB_ALL_domain,15.0,157,2.843457039360494,False
M_PUB_ALL_domain,15.0,158,2.8505273857233946,False
M_PUB_ALL_domain,15.0,159,2.866928418794568,False
M_PUB_ALL_domain,15.0,160,2.884067524624108,False
M_PUB_ALL_domain,15.0,161,2.908499276775098,False
M_PUB_ALL_domain,15.0,162,2.938088506646462,False
M_PUB_ALL_domain,15.0,163,2.9794778700440587,False
M_PUB_ALL_domain,15.0,164,2.9943999295469297,False
M_PUB_ALL_domain,15.0,165,3.032268242148651,False
M_PUB_ALL_domain,15.0,166,3.0632409265021114,False
M_PUB_ALL_domain,15.0,167,3.084320796238694,False
M_PUB_ALL_domain,15.0,168,3.095306205876283,False
M_PUB_ALL_domain,15.0,169,3.1115612796615864,False
M_PUB_ALL_domain,15.0,170,3.112778437448695,False
M_PUB_ALL_domain,15.0,171,3.127442595908396,False
M_PUB_ALL_domain,15.0,172,3.145272108578527,False
M_PUB_ALL_domain,15.0,173,3.1532557353052932,False
M_PUB_ALL_domain,15.0,174,3.1633302250981403,False
M_PUB_ALL_domain,15.0,175,3.184570877050869,False
M_PUB_ALL_domain,15.0,176,3.211035403210026,False
M_PUB_ALL_domain,15.0,177,3.233602879932908,False
M_PUB_ALL_domain,15.0,178,3.2485103942128086,False
M_PUB_ALL_domain,15.0,179,3.2633811518247677,False
M_PUB_ALL_domain,15.0,180,3.2691351055154887,False
M_PUB_ALL_domain,15.0,181,3.276671999147013,False
M_PUB_ALL_domain,15.0,182,3.2897263892733526,False
M_PUB_ALL_domain,15.0,183,3.304775622048155,False
M_PUB_ALL_domain,15.0,184,3.3180152383307293,False
M_PUB_ALL_domain,15.0,185,3.331765849275014,False
M_PUB_ALL_domain,15.0,186,3.3476053411024673,False
M_PUB_ALL_domain,15.0,187,3.3595071788841686,False
M_PUB_ALL_domain,15.0,188,3.3645515121929344,False
M_PUB_ALL_domain,15.0,189,3.403412987296954,False
M_PUB_ALL_domain,15.0,190,3.433834007724436,False
M_PUB_ALL_domain,15.0,191,3.4676287585883934,False
M_PUB_ALL_domain,15.0,192,3.484233127575818,False
M_PUB_ALL_domain,15.0,193,3.511455284064593,False
M_PUB_ALL_domain,15.0,194,3.5359842132211563,False
M_PUB_ALL_domain,15.0,195,3.5461430977187907,False
M_PUB_ALL_domain,15.0,196,3.5533381104880957,False
M_PUB_ALL_domain,15.0,197,3.564003362963193,False
M_PUB_ALL_domain,15.0,198,3.5746998710794515,False
M_PUB_ALL_domain,15.0,199,3.5878542879502775,False
M_PUB_ALL_domain,15.0,200,3.600369301716272,False
M_PUB_ALL_domain,15.0,201,3.6139543639712066,False
M_PUB_ALL_domain,15.0,202,3.622315065653649,False
M_PUB_ALL_domain,15.0,203,3.643352339456097,False
M_PUB_ALL_domain,15.0,204,3.653683057708624,False
M_PUB_ALL_domain,15.0,205,3.6731723944601598,False
M_PUB_ALL_domain,15.0,206,3.6989161946422633,False
M_PUB_ALL_domain,15.0,207,3.7128771157797478,False
M_PUB_ALL_domain,15.0,208,3.7219771271919573,False
M_PUB_ALL_domain,15.0,209,3.7287116336782806,False
M_PUB_ALL_domain,15.0,210,3.7664604706795886,False
M_PUB_ALL_domain,15.0,211,3.817729305054496,False
M_PUB_ALL_domain,15.0,212,3.8348770862844344,False
M_PUB_ALL_domain,15.0,213,3.864528576550395,False
M_PUB_ALL_domain,15.0,214,3.880039732787651,False
M_PUB_ALL_domain,15.0,215,3.8976299360250555,False
M_PUB_ALL_domain,15.0,216,3.928550761470362,False
M_PUB_ALL_domain,15.0,217,3.9357994732382315,False
M_PUB_ALL_domain,15.0,218,3.9619715316620243,False
M_PUB_ALL_domain,15.0,219,4.002071760725781,False
M_PUB_ALL_domain,15.0,220,4.017673722003197,False
M_PUB_ALL_domain,15.0,221,4.025818213523902,False
M_PUB_ALL_domain,15.0,222,4.05568641461376,False
M_PUB_ALL_domain,15.0,223,4.072228174705241,False
M_PUB_ALL_domain,15.0,224,4.0903259547312025,False
M_PUB_ALL_domain,15.0,225,4.108664647579292,False
M_PUB_ALL_domain,15.0,226,4.116540996183112,False
M_PUB_ALL_domain,15.0,227,4.131219396960331,False
M_PUB_ALL_domain,15.0,228,4.165375037803639,False
M_PUB_ALL_domain,15.0,229,4.180776179870739,False
M_PUB_ALL_domain,15.0,230,4.2114515235411885,False
M_PUB_ALL_domain,15.0,231,4.221534946817553,False
M_PUB_ALL_domain,15.0,232,4.233584982200628,False
M_PUB_ALL_domain,15.0,233,4.246911641614778,False
M_PUB_ALL_domain,15.0,234,4.2624206812353975,False
M_PUB_ALL_domain,15.0,235,4.307511676877525,False
M_PUB_ALL_domain,15.0,236,4.339972471930327,False
M_PUB_ALL_domain,15.0,237,4.35183026423629,False
M_PUB_ALL_domain,15.0,238,4.355862542851819,False
M_PUB_ALL_domain,15.0,239,4.366284593687476,False
M_PUB_ALL_domain,15.0,240,4.394628970689632,False
M_PUB_ALL_domain,15.0,241,4.4128432973803475,False
M_PUB_ALL_domain,15.0,242,4.428620885756086,False
M_PUB_ALL_domain,15.0,243,4.446190235219126,False
M_PUB_ALL_domain,15.0,244,4.464370865662278,False
M_PUB_ALL_domain,15.0,245,4.488920633888072,False
M_PUB_ALL_domain,15.0,246,4.5053277404606416,False
M_PUB_ALL_domain,15.0,247,4.515501938713639,False
M_PUB_ALL_domain,15.0,248,4.565861175351898,False
M_PUB_ALL_domain,15.0,249,4.582725897562825,False
M_PUB_ALL_domain,15.0,250,4.589254215140217,False
M_PUB_ALL_domain,15.0,251,4.643385665104356,False
M_PUB_ALL_domain,15.0,252,4.6576970150014505,False
M_PUB_ALL_domain,15.0,253,4.672050294552159,False
M_PUB_ALL_domain,15.0,254,4.702200064364079,False
M_PUB_ALL_domain,15.0,255,4.712011676212255,False
M_PUB_ALL_domain,15.0,256,4.736046384772078,False
M_PUB_ALL_domain,15.0,257,4.769464498941376,False
M_PUB_ALL_domain,15.0,258,4.798543233726509,False
M_PUB_ALL_domain,15.0,259,4.851803537189011,False
M_PUB_ALL_domain,15.0,260,4.873012647027137,False
M_PUB_ALL_domain,15.0,261,4.906419148735776,False
M_PUB_ALL_domain,15.0,262,4.921604201427306,False
M_PUB_ALL_domain,15.0,263,4.927453129559424,False
M_PUB_ALL_domain,15.0,264,4.929078115123297,False
M_PUB_ALL_domain,15.0,265,4.964412166287283,False
M_PUB_ALL_domain,15.0,266,4.9838996129994655,False
M_PUB_ALL_domain,15.0,267,4.998166976551068,False
M_PUB_ALL_domain,15.0,268,5.018844555020034,False
M_PUB_ALL_domain,15.0,269,5.036667408047972,False
M_PUB_ALL_domain,15.0,270,5.040818823545696,False
M_PUB_ALL_domain,15.0,271,5.088941004648043,False
M_PUB_ALL_domain,15.0,272,5.123390343260442,False
M_PUB_ALL_domain,15.0,273,5.136039755927613,False
M_PUB_ALL_domain,15.0,274,5.139878620267263,False
M_PUB_ALL_domain,15.0,275,5.156930828373042,False
M_PUB_ALL_domain,15.0,276,5.183877128165855,False
M_PUB_ALL_domain,15.0,277,5.251399295420261,False
M_PUB_ALL_domain,15.0,278,5.27211834618517,False
M_PUB_ALL_domain,15.0,279,5.2837738840447575,False
M_PUB_ALL_domain,15.0,280,5.30463482721771,False
M_PUB_ALL_domain,15.0,281,5.3282417780560465,False
M_PUB_ALL_domain,15.0,282,5.392903199856516,False
M_PUB_ALL_domain,15.0,283,5.398550923065065,False
M_PUB_ALL_domain,15.0,284,5.4220628237089326,False
M_PUB_ALL_domain,15.0,285,5.428957110202612,False
M_PUB_ALL_domain,15.0,286,5.446462638867317,False
M_PUB_ALL_domain,15.0,287,5.452939255047457,False
M_PUB_ALL_domain,15.0,288,5.484714305008013,False
M_PUB_ALL_domain,15.0,289,5.512116645901531,False
M_PUB_ALL_domain,15.0,290,5.521433502102859,False
M_PUB_ALL_domain,15.0,291,5.531452766346896,False
M_PUB_ALL_domain,15.0,292,5.562054548455376,False
M_PUB_ALL_domain,15.0,293,5.580244473416677,False
M_PUB_ALL_domain,15.0,294,5.598219138800006,False
M_PUB_ALL_domain,15.0,295,5.621127609026875,False
M_PUB_ALL_domain,15.0,296,5.629120091287477,False
M_PUB_ALL_domain,15.0,297,5.666975817300364,False
M_PUB_ALL_domain,15.0,298,5.695690718841316,False
M_PUB_ALL_domain,15.0,299,5.70383541203136,False
M_PUB_ALL_domain,15.0,300,5.706147728770122,False
M_PUB_ALL_domain,15.0,301,5.737670025837741,False
M_PUB_ALL_domain,15.0,302,5.790746795354241,False
M_PUB_ALL_domain,15.0,303,5.794550211447126,False
M_PUB_ALL_domain,15.0,304,5.826933231873128,False
M_PUB_ALL_domain,15.0,305,5.83462468384606,False
M_PUB_ALL_domain,15.0,306,5.84695943046306,False
M_PUB_ALL_domain,15.0,307,5.877421876308631,False
M_PUB_ALL_domain,15.0,308,5.913328645428978,False
M_PUB_ALL_domain,15.0,309,5.931962189852517,False
M_PUB_ALL_domain,15.0,310,5.947204169103691,False
M_PUB_ALL_domain,15.0,311,5.975058029033166,False
M_PUB_ALL_domain,15.0,312,5.984306290017057,False
M_PUB_ALL_domain,15.0,313,5.989806752583524,False
M_PUB_ALL_domain,15.0,314,6.010955895808852,False
M_PUB_ALL_domain,15.0,315,6.038022838372049,False
M_PUB_ALL_domain,15.0,316,6.044091855003701,False
M_PUB_ALL_domain,15.0,317,6.071376852046893,False
M_PUB_ALL_domain,15.0,318,6.109369940607314,False
M_PUB_ALL_domain,15.0,319,6.117114664973072,False
M_PUB_ALL_domain,15.0,320,6.134219623691002,False
M_PUB_ALL_domain,15.0,321,6.154566006952402,False
M_PUB_ALL_domain,15.0,322,6.179938982554354,False
M_PUB_ALL_domain,15.0,323,6.198434653745342,False
M_PUB_ALL_domain,15.0,324,6.20065376597806,False
M_PUB_ALL_domain,15.0,325,6.209141925540744,False
M_PUB_ALL_domain,15.0,326,6.23673915860404,False
M_PUB_ALL_domain,15.0,327,6.2581623299508,False
M_PUB_ALL_domain,15.0,328,6.27744080474049,False
M_PUB_ALL_domain,15.0,329,6.306776999131601,False
M_PUB_ALL_domain,15.0,330,6.3158891747429085,False
M_PUB_ALL_domain,15.0,331,6.341553917058767,False
M_PUB_ALL_domain,15.0,332,6.3547000160149425,False
M_PUB_ALL_domain,15.0,333,6.3830042789559025,False
M_PUB_ALL_domain,15.0,334,6.390754142191651,False
M_PUB_ALL_domain,15.0,335,6.408977614465199,False
M_PUB_ALL_domain,15.0,336,6.425323898358695,False
M_PUB_ALL_domain,15.0,337,6.463474855136119,False
M_PUB_ALL_domain,15.0,338,6.4812433992404195,False
M_PUB_ALL_domain,15.0,339,6.494470421639626,False
M_PUB_ALL_domain,15.0,340,6.511481023668021,False
M_PUB_ALL_domain,15.0,341,6.532979830577469,False
M_PUB_ALL_domain,15.0,342,6.545198996672614,False
M_PUB_ALL_domain,15.0,343,6.574599520656975,False
M_PUB_ALL_domain,15.0,344,6.5861033795076365,False
M_PUB_ALL_domain,15.0,345,6.60157885948897,False
M_PUB_ALL_domain,15.0,346,6.62554076454235,False
M_PUB_ALL_domain,15.0,347,6.652841087723898,False
M_PUB_ALL_domain,15.0,348,6.674267625083359,False
M_PUB_ALL_domain,15.0,349,6.688481467652181,False
M_PUB_ALL_domain,15.0,350,6.72869140657832,False
M_PUB_ALL_domain,15.0,351,6.746795983687672,False
M_PUB_ALL_domain,15.0,352,6.754213788472945,False
M_PUB_ALL_domain,15.0,353,6.792016292128087,False
M_PUB_ALL_domain,15.0,354,6.8149698665083775,False
M_PUB_ALL_domain,15.0,355,6.826840497835841,False
M_PUB_ALL_domain,15.0,356,6.841213360141566,False
M_PUB_ALL_domain,15.0,357,6.849303880393235,False
M_PUB_ALL_domain,15.0,358,6.871642166428522,False
M_PUB_ALL_domain,15.0,359,6.912293292798128,False
M_PUB_ALL_domain,15.0,360,6.948521639650013,False
M_PUB_ALL_domain,15.0,361,6.969058739647263,False
M_PUB_ALL_domain,15.0,362,6.984018154395188,False
M_PUB_ALL_domain,15.0,363,7.000872640059684,False
M_PUB_ALL_domain,15.0,364,7.023880879901445,False
M_PUB_ALL_domain,15.0,365,7.032108320335841,False
M_PUB_ALL_domain,15.0,366,7.046077842711516,False
M_PUB_ALL_domain,15.0,367,7.078037357855986,False
M_PUB_ALL_domain,15.0,368,7.098191327562787,False
M_PUB_ALL_domain,15.0,369,7.141410641101703,False
M_PUB_ALL_domain,15.0,370,7.159576655059832,False
M_PUB_ALL_domain,15.0,371,7.174422485859095,False
M_PUB_ALL_domain,15.0,372,7.186991796752963,False
M_PUB_ALL_domain,15.0,373,7.211973321740941,False
M_PUB_ALL_domain,15.0,374,7.249780862193342,False
M_PUB_ALL_domain,15.0,375,7.26694856617381,False
M_PUB_ALL_domain,15.0,376,7.285417266133386,False
M_PUB_ALL_domain,15.0,377,7.296503407489885,False
M_PUB_ALL_domain,15.0,378,7.321021621014076,False
M_PUB_ALL_domain,15.0,379,7.335937770587771,False
M_PUB_ALL_domain,15.0,380,7.340129063141925,False
M_PUB_ALL_domain,15.0,381,7.3651748889735345,False
M_PUB_ALL_domain,15.0,382,7.3796770430238645,False
M_PUB_ALL_domain,15.0,383,7.407335851905411,False
M_PUB_ALL_domain,15.0,384,7.419333811986846,False
M_PUB_ALL_domain,15.0,385,7.432685076500386,False
M_PUB_ALL_domain,15.0,386,7.447993845147385,False
M_PUB_ALL_domain,15.0,387,7.476962684000487,False
M_PUB_ALL_domain,15.0,388,7.501668559535243,False
M_PUB_ALL_domain,15.0,389,7.512847178379084,False
M_PUB_ALL_domain,15.0,390,7.515574572656175,False
M_PUB_ALL_domain,15.0,391,7.530943269766638,False
M_PUB_ALL_domain,15.0,392,7.567070028983336,False
M_PUB_ALL_domain,15.0,393,7.576053341668167,False
M_PUB_ALL_domain,15.0,394,7.5851920562382915,False
M_PUB_ALL_domain,15.0,395,7.615041711973694,False
M_PUB_ALL_domain,15.0,396,7.632733281149104,False
M_PUB_ALL_domain,15.0,397,7.644675463032847,False
M_PUB_ALL_domain,15.0,398,7.665538053500143,False
M_PUB_ALL_domain,15.0,399,7.7070359061878,False
M_PUB_ALL_domain,15.0,400,7.723470901412642,False
M_PUB_ALL_domain,15.0,401,7.734493299797985,False
M_PUB_ALL_domain,15.0,402,7.777940318449499,False
M_PUB_ALL_domain,15.0,403,7.799995621983793,False
M_PUB_ALL_domain,15.0,404,7.805152201339265,False
M_PUB_ALL_domain,15.0,405,7.812525478322175,False
M_PUB_ALL_domain,15.0,406,7.843335605170629,False
M_PUB_ALL_domain,15.0,407,7.85845345217944,False
M_PUB_ALL_domain,15.0,408,7.880710450613431,False
M_PUB_ALL_domain,15.0,409,7.904578244082267,False
M_PUB_ALL_domain,15.0,410,7.9483985391462255,False
M_PUB_ALL_domain,15.0,411,7.970216755208063,False
M_PUB_ALL_domain,15.0,412,7.986283073846547,False
M_PUB_ALL_domain,15.0,413,7.997325970527912,False
M_PUB_ALL_domain,15.0,414,8.027674983250524,False
M_PUB_ALL_domain,15.0,415,8.039738579095147,False
M_PUB_ALL_domain,15.0,416,8.073821300689833,False
M_PUB_ALL_domain,15.0,417,8.092295944537206,False
M_PUB_ALL_domain,15.0,418,8.12258324238688,False
M_PUB_ALL_domain,15.0,419,8.131952975752025,False
M_PUB_ALL_domain,15.0,420,8.165446427099809,False
M_PUB_ALL_domain,15.0,421,8.182390171561726,False
M_PUB_ALL_domain,15.0,422,8.210660701099796,False
M_PUB_ALL_domain,15.0,423,8.24173405343843,False
M_PUB_ALL_domain,15.0,424,8.273852526625792,False
M_PUB_ALL_domain,15.0,425,8.308853804507109,False
M_PUB_ALL_domain,15.0,426,8.316469429949613,False
M_PUB_ALL_domain,15.0,427,8.330426180958911,False
M_PUB_ALL_domain,15.0,428,8.35342329568605,False
M_PUB_ALL_domain,15.0,429,8.370534922362445,False
M_PUB_ALL_domain,15.0,430,8.402897972815646,False
M_PUB_ALL_domain,15.0,431,8.414863120928633,False
M_PUB_ALL_domain,15.0,432,8.448945850321735,False
M_PUB_ALL_domain,15.0,433,8.462363680190213,False
M_PUB_ALL_domain,15.0,434,8.469014920921136,False
M_PUB_ALL_domain,15.0,435,8.491316445003136,False
M_PUB_ALL_domain,15.0,436,8.516938923907752,False
M_PUB_ALL_domain,15.0,437,8.51901165127407,False
M_PUB_ALL_domain,15.0,438,8.540462245892991,False
M_PUB_ALL_domain,15.0,439,8.560290358891365,False
M_PUB_ALL_domain,15.0,440,8.56751211223184,False
M_PUB_ALL_domain,15.0,441,8.596229395809608,False
M_PUB_ALL_domain,15.0,442,8.619466808157812,False
M_PUB_ALL_domain,15.0,443,8.629835511938495,False
M_PUB_ALL_domain,15.0,444,8.647883346542086,False
M_PUB_ALL_domain,15.0,445,8.661019259202032,False
M_PUB_ALL_domain,15.0,446,8.667750023787859,False
M_PUB_ALL_domain,15.0,447,8.702441355922126,False
M_PUB_ALL_domain,15.0,448,8.708253148649975,False
M_PUB_ALL_domain,15.0,449,8.72304502865105,False
M_PUB_ALL_domain,15.0,450,8.743120069682515,False
M_PUB_ALL_domain,15.0,451,8.756121459080934,False
M_PUB_ALL_domain,15.0,452,8.779785175629948,False
M_PUB_ALL_domain,15.0,453,8.813707487279682,False
M_PUB_ALL_domain,15.0,454,8.819091574640895,False
M_PUB_ALL_domain,15.0,455,8.82906615131991,False
M_PUB_ALL_domain,15.0,456,8.837802399683191,False
M_PUB_ALL_domain,15.0,457,8.85413656183067,False
M_PUB_ALL_domain,15.0,458,8.87960146584706,False
M_PUB_ALL_domain,15.0,459,8.884202491916016,False
M_PUB_ALL_domain,15.0,460,8.907256741032477,False
M_PUB_ALL_domain,15.0,461,8.918581432773255,False
M_PUB_ALL_domain,15.0,462,8.925344917719185,False
M_PUB_ALL_domain,15.0,463,8.938780278071473,False
M_PUB_ALL_domain,15.0,464,8.944825057909828,False
M_PUB_ALL_domain,15.0,465,8.981548149525459,False
M_PUB_ALL_domain,15.0,466,8.989285227164908,False
M_PUB_ALL_domain,15.0,467,8.997867361914121,False
M_PUB_ALL_domain,15.0,468,9.005595744224419,False
M_PUB_ALL_domain,15.0,469,9.012360295026824,False
M_PUB_ALL_domain,15.0,470,9.026028682987866,False
M_PUB_ALL_domain,15.0,471,9.06955691547022,False
M_PUB_ALL_domain,15.0,472,9.072364541774173,False
M_PUB_ALL_domain,15.0,473,9.084314933908297,False
M_PUB_ALL_domain,15.0,474,9.099291510417618,False
M_PUB_ALL_domain,15.0,475,9.103745473293625,False
M_PUB_ALL_domain,15.0,476,9.121895407145072,False
M_PUB_ALL_domain,15.0,477,9.13866871518427,False
M_PUB_ALL_domain,15.0,478,9.144577518379323,False
M_PUB_ALL_domain,15.0,479,9.177600770591532,False
M_PUB_ALL_domain,15.0,480,9.18474136043564,False
M_PUB_ALL_domain,15.0,481,9.19903139986206,False
M_PUB_ALL_domain,15.0,482,9.201732495957064,False
M_PUB_ALL_domain,15.0,483,9.228179339691227,False
M_PUB_ALL_domain,15.0,484,9.23552637036055,False
M_PUB_ALL_domain,15.0,485,9.259495907035562,False
M_PUB_ALL_domain,15.0,486,9.289313563867347,False
M_PUB_ALL_domain,15.0,487,9.306416928872746,False
M_PUB_ALL_domain,15.0,488,9.319879705731022,False
M_PUB_ALL_domain,15.0,489,9.337518435376282,False
M_PUB_ALL_domain,15.0,490,9.343961016112658,False
M_PUB_ALL_domain,15.0,491,9.365244297816778,False
M_PUB_ALL_domain,15.0,492,9.382063502906211,False
M_PUB_ALL_domain,15.0,493,9.389171575752247,False
M_PUB_ALL_domain,15.0,494,9.403343017611803,False
M_PUB_ALL_domain,15.0,495,9.4122388895732,False
M_PUB_ALL_domain,15.0,496,9.429479188592033,False
M_PUB_ALL_domain,15.0,497,9.452284457507096,False
M_PUB_ALL_domain,15.0,498,9.47875704891376,False
M_PUB_ALL_domain,15.0,499,9.486178398722728,False
M_PUB_ALL_domain,15.0,500,9.490501790231324,False
M_PUB_ALL_domain,15.0,501,9.513094438283263,False
M_PUB_ALL_domain,15.0,502,9.517436053206401,False
M_PUB_ALL_domain,15.0,503,9.527194191363987,False
M_PUB_ALL_domain,15.0,504,9.552266164580084,False
M_PUB_ALL_domain,15.0,505,9.565631609857716,False
M_PUB_ALL_domain,15.0,506,9.577241972815463,False
M_PUB_ALL_domain,15.0,507,9.58434692194322,False
M_PUB_ALL_domain,15.0,508,9.603871522913131,False
M_PUB_ALL_domain,15.0,509,9.617965699234649,False
M_PUB_ALL_domain,15.0,510,9.62220397922634,False
M_PUB_ALL_domain,15.0,511,9.629983015651334,False
M_PUB_ALL_domain,15.0,512,9.652862962562793,False
M_PUB_ALL_domain,15.0,513,9.664819977284715,False
M_PUB_ALL_domain,15.0,514,9.67644009839506,False
M_PUB_ALL_domain,15.0,515,9.684232256450331,False
M_PUB_ALL_domain,15.0,516,9.701846089295218,False
M_PUB_ALL_domain,15.0,517,9.707460642771649,False
M_PUB_ALL_domain,15.0,518,9.72256898829105,False
M_PUB_ALL_domain,15.0,519,9.737079936768305,False
M_PUB_ALL_domain,15.0,520,9.765553213101935,False
M_PUB_ALL_domain,15.0,521,9.775782967392965,False
M_PUB_ALL_domain,15.0,522,9.803723662361255,False
M_PUB_ALL_domain,15.0,523,9.811987657256287,False
M_PUB_ALL_domain,15.0,524,9.836068473521493,False
M_PUB_ALL_domain,15.0,525,9.850900285630736,False
M_PUB_ALL_domain,15.0,526,9.860823108156657,False
M_PUB_ALL_domain,15.0,527,9.870463939063356,False
M_PUB_ALL_domain,15.0,528,9.89318444609143,False
M_PUB_ALL_domain,15.0,529,9.900805003423017,False
M_PUB_ALL_domain,15.0,530,9.901115903168083,False
M_PUB_ALL_domain,15.0,531,9.940345798085078,False
M_PUB_ALL_domain,15.0,532,9.94626576092825,False
M_PUB_ALL_domain,15.0,533,9.969438407149386,False
M_PUB_ALL_domain,15.0,534,9.977857589135997,False
M_PUB_ALL_domain,15.0,535,9.982978651886524,False
M_PUB_ALL_domain,15.0,536,10.004944283256725,False
M_PUB_ALL_domain,15.0,537,10.010908592777277,False
M_PUB_ALL_domain,15.0,538,10.019132134292219,False
M_PUB_ALL_domain,15.0,539,10.056068335756487,False
M_PUB_ALL_domain,15.0,540,10.060283479164998,False
M_PUB_ALL_domain,15.0,541,10.069808845254995,False
M_PUB_ALL_domain,15.0,542,10.122824043815815,False
M_PUB_ALL_domain,15.0,543,10.131707796739947,False
M_PUB_ALL_domain,15.0,544,10.139182224936198,False
M_PUB_ALL_domain,15.0,545,10.16128169185109,False
M_PUB_ALL_domain,15.0,546,10.167366160268266,False
M_PUB_ALL_domain,15.0,547,10.182514964947147,False
M_PUB_ALL_domain,15.0,548,10.187601333868734,False
M_PUB_ALL_domain,15.0,549,10.192855778603084,False
M_PUB_ALL_domain,15.0,550,10.232640269626108,False
M_PUB_ALL_domain,15.0,551,10.235732018821759,False
M_PUB_ALL_domain,15.0,552,10.26282123525573,False
M_PUB_ALL_domain,15.0,553,10.266962174742085,False
M_PUB_ALL_domain,15.0,554,10.282253531023416,False
M_PUB_ALL_domain,15.0,555,10.301223066397629,False
M_PUB_ALL_domain,15.0,556,10.30854581631785,False
M_PUB_ALL_domain,15.0,557,10.321605338755928,False
M_PUB_ALL_domain,15.0,558,10.334768440132171,False
M_PUB_ALL_domain,15.0,559,10.346428217944421,False
M_PUB_ALL_domain,15.0,560,10.382739239822257,False
M_PUB_ALL_domain,15.0,561,10.391173085728457,False
M_PUB_ALL_domain,15.0,562,10.409953026089726,False
M_PUB_ALL_domain,15.0,563,10.421175408559563,False
M_PUB_ALL_domain,15.0,564,10.441015587943204,False
M_PUB_ALL_domain,15.0,565,10.449490539348274,False
M_PUB_ALL_domain,15.0,566,10.465576013280087,False
M_PUB_ALL_domain,15.0,567,10.480653495321464,False
M_PUB_ALL_domain,15.0,568,10.505259384720363,False
M_PUB_ALL_domain,15.0,569,10.525239005292278,False
M_PUB_ALL_domain,15.0,570,10.534258474804135,False
M_PUB_ALL_domain,15.0,571,10.565084205613221,False
M_PUB_ALL_domain,15.0,572,10.59085765403111,False
M_PUB_ALL_domain,15.0,573,10.609810478778018,False
M_PUB_ALL_domain,15.0,574,10.622712601578376,False
M_PUB_ALL_domain,15.0,575,10.626510880643089,False
M_PUB_ALL_domain,15.0,576,10.634451489805626,False
M_PUB_ALL_domain,15.0,577,10.646958198649699,False
M_PUB_ALL_domain,15.0,578,10.67342204142552,False
M_PUB_ALL_domain,15.0,579,10.679527348663397,False
M_PUB_ALL_domain,15.0,580,10.685930304886934,False
M_PUB_ALL_domain,15.0,581,10.69631611554365,False
M_PUB_ALL_domain,15.0,582,10.718404215564506,False
M_PUB_ALL_domain,15.0,583,10.73347931221223,False
M_PUB_ALL_domain,15.0,584,10.763310977258136,False
M_PUB_ALL_domain,15.0,585,10.771054321747398,False
M_PUB_ALL_domain,15.0,586,10.81795287645919,False
M_PUB_ALL_domain,15.0,587,10.843307431418914,False
M_PUB_ALL_domain,15.0,588,10.85203443447561,False
M_PUB_ALL_domain,15.0,589,10.868282833643347,False
M_PUB_ALL_domain,15.0,590,10.88214309915591,False
M_PUB_ALL_domain,15.0,591,10.893950630324463,False
M_PUB_ALL_domain,15.0,592,10.907735177408345,False
M_PUB_ALL_domain,15.0,593,10.916936555888004,False
M_PUB_ALL_domain,15.0,594,10.932258834160235,False
M_PUB_ALL_domain,15.0,595,10.943381981294982,False
M_PUB_ALL_domain,15.0,596,10.957864155652194,False
M_PUB_ALL_domain,15.0,597,10.962934864208759,False
M_PUB_ALL_domain,15.0,598,10.971856445746528,False
M_PUB_ALL_domain,15.0,599,10.988935907533033,False
M_PUB_ALL_domain,15.0,600,10.996536132189737,False
M_PUB_ALL_domain,15.0,601,11.012223076596321,False
M_PUB_ALL_domain,15.0,602,11.038570502982363,False
M_PUB_ALL_domain,15.0,603,11.042341411244333,False
M_PUB_ALL_domain,15.0,604,11.046364176022871,False
M_PUB_ALL_domain,15.0,605,11.063538486562157,False
M_PUB_ALL_domain,15.0,606,11.081601546863487,False
M_PUB_ALL_domain,15.0,607,11.093675094462293,False
M_PUB_ALL_domain,15.0,608,11.111778583906432,False
M_PUB_ALL_domain,15.0,609,11.139367142057047,False
M_PUB_ALL_domain,15.0,610,11.148171300281945,False
M_PUB_ALL_domain,15.0,611,11.158912921378334,False
M_PUB_ALL_domain,15.0,612,11.16470041473846,False
M_PUB_ALL_domain,15.0,613,11.179451297308823,False
M_PUB_ALL_domain,15.0,614,11.216534770709337,False
M_PUB_ALL_domain,15.0,615,11.226977406575807,False
M_PUB_ALL_domain,15.0,616,11.228463921771397,False
M_PUB_ALL_domain,15.0,617,11.247601622228318,False
M_PUB_ALL_domain,15.0,618,11.255071230451836,False
M_PUB_ALL_domain,15.0,619,11.273880764155258,False
M_PUB_ALL_domain,15.0,620,11.283497034621533,False
M_PUB_ALL_domain,15.0,621,11.296848466483112,False
M_PUB_ALL_domain,15.0,622,11.313165922371612,False
M_PUB_ALL_domain,15.0,623,11.327080657694141,False
M_PUB_ALL_domain,15.0,624,11.34517535367869,False
M_PUB_ALL_domain,15.0,625,11.362705727913184,False
M_PUB_ALL_domain,15.0,626,11.367292952881943,False
M_PUB_ALL_domain,15.0,627,11.388673452557668,False
M_PUB_ALL_domain,15.0,628,11.404939546877586,False
M_PUB_ALL_domain,15.0,629,11.41867501758128,False
M_PUB_ALL_domain,15.0,630,11.435138003015016,False
M_PUB_ALL_domain,15.0,631,11.442713632866662,False
M_PUB_ALL_domain,15.0,632,11.457390354825687,False
M_PUB_ALL_domain,15.0,633,11.474069583400974,False
M_PUB_ALL_domain,15.0,634,11.496849144455982,False
M_PUB_ALL_domain,15.0,635,11.502902570879241,False
M_PUB_ALL_domain,15.0,636,11.513519249357689,False
M_PUB_ALL_domain,15.0,637,11.518857109075416,False
M_PUB_ALL_domain,15.0,638,11.53453060852749,False
M_PUB_ALL_domain,15.0,639,11.543683984155509,False
M_PUB_ALL_domain,15.0,640,11.559985711122673,False
M_PUB_ALL_domain,15.0,641,11.576528983286607,False
M_PUB_ALL_domain,15.0,642,11.579851572874034,False
M_PUB_ALL_domain,15.0,643,11.600658533661399,False
M_PUB_ALL_domain,15.0,644,11.61468053721218,False
M_PUB_ALL_domain,15.0,645,11.623223379357578,False
M_PUB_ALL_domain,15.0,646,11.635634683540015,False
M_PUB_ALL_domain,15.0,647,11.649448490817967,False
M_PUB_ALL_domain,15.0,648,11.663968047598795,False
M_PUB_ALL_domain,15.0,649,11.676313079017598,False
M_PUB_ALL_domain,15.0,650,11.684870851707108,False
M_PUB_ALL_domain,15.0,651,11.69740367330952,False
M_PUB_ALL_domain,15.0,652,11.717521436799828,False
M_PUB_ALL_domain,15.0,653,11.74463611889066,False
M_PUB_ALL_domain,15.0,654,11.765024549479035,False
M_PUB_ALL_domain,15.0,655,11.770982986896698,False
M_PUB_ALL_domain,15.0,656,11.783214515528543,False
M_PUB_ALL_domain,15.0,657,11.803779701968256,False
M_PUB_ALL_domain,15.0,658,11.80917025139528,False
M_PUB_ALL_domain,15.0,659,11.827308051995645,False
M_PUB_ALL_domain,15.0,660,11.829663351075029,False
M_PUB_ALL_domain,15.0,661,11.844565819707583,False
M_PUB_ALL_domain,15.0,662,11.853623785136026,False
M_PUB_ALL_domain,15.0,663,11.8616350120651,False
M_PUB_ALL_domain,15.0,664,11.879697256891829,False
M_PUB_ALL_domain,15.0,665,11.89080391132835,False
M_PUB_ALL_domain,15.0,666,11.896380629630826,False
M_PUB_ALL_domain,15.0,667,11.910935860711254,False
M_PUB_ALL_domain,15.0,668,11.920272449482164,False
M_PUB_ALL_domain,15.0,669,11.935309053742895,False
M_PUB_ALL_domain,15.0,670,11.941135087021914,False
M_PUB_ALL_domain,15.0,671,11.961922525166461,False
M_PUB_ALL_domain,15.0,672,11.972087427647878,False
M_PUB_ALL_domain,15.0,673,11.984843941081065,False
M_PUB_ALL_domain,15.0,674,11.991938041914226,False
M_PUB_ALL_domain,15.0,675,12.024740253231164,False
M_PUB_ALL_domain,15.0,676,12.03682725976127,False
M_PUB_ALL_domain,15.0,677,12.05041444296663,False
M_PUB_ALL_domain,15.0,678,12.06049841815287,False
M_PUB_ALL_domain,15.0,679,12.067699554699455,False
M_PUB_ALL_domain,15.0,680,12.08426249193755,False
M_PUB_ALL_domain,15.0,681,12.105574015285587,False
M_PUB_ALL_domain,15.0,682,12.130117489206025,False
M_PUB_ALL_domain,15.0,683,12.144675327959868,False
M_PUB_ALL_domain,15.0,684,12.155849592864008,False
M_PUB_ALL_domain,15.0,685,12.164064416903354,False
M_PUB_ALL_domain,15.0,686,12.18009712102399,False
M_PUB_ALL_domain,15.0,687,12.195638455241255,False
M_PUB_ALL_domain,15.0,688,12.223267270454492,False
M_PUB_ALL_domain,15.0,689,12.242357029569089,False
M_PUB_ALL_domain,15.0,690,12.256262907171804,False
M_PUB_ALL_domain,15.0,691,12.26384747996808,False
M_PUB_ALL_domain,15.0,692,12.293276348823758,False
M_PUB_ALL_domain,15.0,693,12.30767981913984,False
M_PUB_ALL_domain,15.0,694,12.309840710247045,False
M_PUB_ALL_domain,15.0,695,12.323539931421772,False
M_PUB_ALL_domain,15.0,696,12.334780397030032,False
M_PUB_ALL_domain,15.0,697,12.34761971582561,False
M_PUB_ALL_domain,15.0,698,12.377056430903707,False
M_PUB_ALL_domain,15.0,699,12.383966500850313,False
M_PUB_ALL_domain,15.0,700,12.394960071810031,False
M_PUB_ALL_domain,15.0,701,12.397675393588825,False
M_PUB_ALL_domain,15.0,702,12.43135382060949,False
M_PUB_ALL_domain,15.0,703,12.443629735177561,False
M_PUB_ALL_domain,15.0,704,12.461083384533293,False
M_PUB_ALL_domain,15.0,705,12.47127117480662,False
M_PUB_ALL_domain,15.0,706,12.483780495610095,False
M_PUB_ALL_domain,15.0,707,12.485425351669363,False
M_PUB_ALL_domain,15.0,708,12.506488207268562,False
M_PUB_ALL_domain,15.0,709,12.521139207020601,False
M_PUB_ALL_domain,15.0,710,12.523907925551594,False
M_PUB_ALL_domain,15.0,711,12.532622075039663,False
M_PUB_ALL_domain,15.0,712,12.534836211519758,False
M_PUB_ALL_domain,15.0,713,12.55575628345526,False
M_PUB_ALL_domain,15.0,714,12.561112968482453,False
M_PUB_ALL_domain,15.0,715,12.564073235376485,False
M_PUB_ALL_domain,15.0,716,12.579627347878395,False
M_PUB_ALL_domain,15.0,717,12.594382863283048,False
M_PUB_ALL_domain,15.0,718,12.605378826512297,False
M_PUB_ALL_domain,15.0,719,12.614096467221916,False
M_PUB_ALL_domain,15.0,720,12.628360445423683,False
M_PUB_ALL_domain,15.0,721,12.637813320474814,False
M_PUB_ALL_domain,15.0,722,12.65712691111725,False
M_PUB_ALL_domain,15.0,723,12.671301266818963,False
M_PUB_ALL_domain,15.0,724,12.678997465494376,False
M_PUB_ALL_domain,15.0,725,12.690263111464239,False
M_PUB_ALL_domain,15.0,726,12.701469653064187,False
M_PUB_ALL_domain,15.0,727,12.719016245850082,False
M_PUB_ALL_domain,15.0,728,12.725143916161045,False
M_PUB_ALL_domain,15.0,729,12.737665778161851,False
M_PUB_ALL_domain,15.0,730,12.747652762393788,False
M_PUB_ALL_domain,15.0,731,12.759009252939038,False
M_PUB_ALL_domain,15.0,732,12.770607301330374,False
M_PUB_ALL_domain,15.0,733,12.784811667769608,False
M_PUB_ALL_domain,15.0,734,12.799475327868185,False
M_PUB_ALL_domain,15.0,735,12.80774007568031,False
M_PUB_ALL_domain,15.0,736,12.824912915216878,False
M_PUB_ALL_domain,15.0,737,12.849917264026288,False
M_PUB_ALL_domain,15.0,738,12.855110734449696,False
M_PUB_ALL_domain,15.0,739,12.874475887436018,False
M_PUB_ALL_domain,15.0,740,12.883397179042657,False
M_PUB_ALL_domain,15.0,741,12.89174641880713,False
M_PUB_ALL_domain,15.0,742,12.897287902614147,False
M_PUB_ALL_domain,15.0,743,12.911392943087415,False
M_PUB_ALL_domain,15.0,744,12.929673267582327,False
M_PUB_ALL_domain,15.0,745,12.943368375013247,False
M_PUB_ALL_domain,15.0,746,12.958507497761572,False
M_PUB_ALL_domain,15.0,747,12.970349190038206,False
M_PUB_ALL_domain,15.0,748,12.983092453604785,False
M_PUB_ALL_domain,15.0,749,13.005099107201513,False
M_PUB_ALL_domain,15.0,750,13.011509318377623,False
M_PUB_ALL_domain,15.0,751,13.023927039219254,False
M_PUB_ALL_domain,15.0,752,13.031464554495184,False
M_PUB_ALL_domain,15.0,753,13.041265087181865,False
M_PUB_ALL_domain,15.0,754,13.048379169472819,False
M_PUB_ALL_domain,15.0,755,13.057754950539794,False
M_PUB_ALL_domain,15.0,756,13.066257959796722,False
M_PUB_ALL_domain,15.0,757,13.079091875398385,False
M_PUB_ALL_domain,15.0,758,13.085105984243969,False
M_PUB_ALL_domain,15.0,759,13.099938381847565,False
M_PUB_ALL_domain,15.0,760,13.11337224485206,False
M_PUB_ALL_domain,15.0,761,13.115663947480721,False
M_PUB_ALL_domain,15.0,762,13.136959109930268,False
M_PUB_ALL_domain,15.0,763,13.148857817090029,False
M_PUB_ALL_domain,15.0,764,13.159991314596189,False
M_PUB_ALL_domain,15.0,765,13.176781652133101,False
M_PUB_ALL_domain,15.0,766,13.181709225214036,False
M_PUB_ALL_domain,15.0,767,13.199150765091485,False
M_PUB_ALL_domain,15.0,768,13.206016199614876,False
M_PUB_ALL_domain,15.0,769,13.213259088619305,False
M_PUB_ALL_domain,15.0,770,13.224132478742526,False
M_PUB_ALL_domain,15.0,771,13.228609125138348,False
M_PUB_ALL_domain,15.0,772,13.244432243461452,False
M_PUB_ALL_domain,15.0,773,13.253480417208456,False
M_PUB_ALL_domain,15.0,774,13.278269788163389,False
M_PUB_ALL_domain,15.0,775,13.292020064949444,False
M_PUB_ALL_domain,15.0,776,13.295136607195822,False
M_PUB_ALL_domain,15.0,777,13.309344740463867,False
M_PUB_ALL_domain,15.0,778,13.313402810426803,False
M_PUB_ALL_domain,15.0,779,13.335531630476336,False
M_PUB_ALL_domain,15.0,780,13.346825213580553,False
M_PUB_ALL_domain,15.0,781,13.366982517412746,False
M_PUB_ALL_domain,15.0,782,13.381171476093531,False
M_PUB_ALL_domain,15.0,783,13.402941048480978,False
M_PUB_ALL_domain,15.0,784,13.423402382169655,False
M_PUB_ALL_domain,15.0,785,13.427952841599087,False
M_PUB_ALL_domain,15.0,786,13.467450039678717,False
M_PUB_ALL_domain,15.0,787,13.47008569532746,False
M_PUB_ALL_domain,15.0,788,13.478583670454087,False
M_PUB_ALL_domain,15.0,789,13.485615356781105,False
M_PUB_ALL_domain,15.0,790,13.49104070927747,False
M_PUB_ALL_domain,15.0,791,13.500019326110218,False
M_PUB_ALL_domain,15.0,792,13.520730922736535,False
M_PUB_ALL_domain,15.0,793,13.530223818954132,False
M_PUB_ALL_domain,15.0,794,13.535672609636292,False
M_PUB_ALL_domain,15.0,795,13.54904187893693,False
M_PUB_ALL_domain,15.0,796,13.563072487328352,False
M_PUB_ALL_domain,15.0,797,13.574039927294205,False
M_PUB_ALL_domain,15.0,798,13.5834580292456,False
M_PUB_ALL_domain,15.0,799,13.594099952503454,False
M_PUB_ALL_domain,15.0,800,13.599107467762414,False
M_PUB_ALL_domain,15.0,801,13.606552783914802,False
M_PUB_ALL_domain,15.0,802,13.614790912499341,False
M_PUB_ALL_domain,15.0,803,13.625538003238658,False
M_PUB_ALL_domain,15.0,804,13.648665237316095,False
M_PUB_ALL_domain,15.0,805,13.661151602217615,False
M_PUB_ALL_domain,15.0,806,13.674157061305086,False
M_PUB_ALL_domain,15.0,807,13.68494193095957,False
M_PUB_ALL_domain,15.0,808,13.694039558254143,False
M_PUB_ALL_domain,15.0,809,13.706359306330233,False
M_PUB_ALL_domain,15.0,810,13.708282453416391,False
M_PUB_ALL_domain,15.0,811,13.721956816359617,False
M_PUB_ALL_domain,15.0,812,13.732529888601425,False
M_PUB_ALL_domain,15.0,813,13.757962577034666,False
M_PUB_ALL_domain,15.0,814,13.765998424019662,False
M_PUB_ALL_domain,15.0,815,13.778407045973486,False
M_PUB_ALL_domain,15.0,816,13.784605329421888,False
M_PUB_ALL_domain,15.0,817,13.800869946347754,False
M_PUB_ALL_domain,15.0,818,13.814365119474498,False
M_PUB_ALL_domain,15.0,819,13.818790110617158,False
M_PUB_ALL_domain,15.0,820,13.836061851373778,False
M_PUB_ALL_domain,15.0,821,13.842780184551053,False
M_PUB_ALL_domain,15.0,822,13.863104701133555,False
M_PUB_ALL_domain,15.0,823,13.87792064408468,False
M_PUB_ALL_domain,15.0,824,13.899414377106774,False
M_PUB_ALL_domain,15.0,825,13.912984263819416,False
M_PUB_ALL_domain,15.0,826,13.924449177683162,False
M_PUB_ALL_domain,15.0,827,13.954574376727505,False
M_PUB_ALL_domain,15.0,828,13.9647178392585,False
M_PUB_ALL_domain,15.0,829,13.976294215920177,False
M_PUB_ALL_domain,15.0,830,13.992772733269879,False
M_PUB_ALL_domain,15.0,831,13.998893973839765,False
M_PUB_ALL_domain,15.0,832,14.001502366120729,False
M_PUB_ALL_domain,15.0,833,14.01264371958342,False
M_PUB_ALL_domain,15.0,834,14.035208999501105,False
M_PUB_ALL_domain,15.0,835,14.05579824306958,False
M_PUB_ALL_domain,15.0,836,14.079841411597455,False
M_PUB_ALL_domain,15.0,837,14.084922877964285,False
M_PUB_ALL_domain,15.0,838,14.096732179545814,False
M_PUB_ALL_domain,15.0,839,14.110961946962052,False
M_PUB_ALL_domain,15.0,840,14.1307083992027,False
M_PUB_ALL_domain,15.0,841,14.13582324569189,False
M_PUB_ALL_domain,15.0,842,14.148130387037208,False
M_PUB_ALL_domain,15.0,843,14.158456829376412,False
M_PUB_ALL_domain,15.0,844,14.164866739577716,False
M_PUB_ALL_domain,15.0,845,14.170425045687418,False
M_PUB_ALL_domain,15.0,846,14.181633724693675,False
M_PUB_ALL_domain,15.0,847,14.192374656880512,False
M_PUB_ALL_domain,15.0,848,14.197515109259736,False
M_PUB_ALL_domain,15.0,849,14.211265123547212,False
M_PUB_ALL_domain,15.0,850,14.237238881944783,False
M_PUB_ALL_domain,15.0,851,14.243667781696724,False
M_PUB_ALL_domain,15.0,852,14.256597331850664,False
M_PUB_ALL_domain,15.0,853,14.262534429430586,False
M_PUB_ALL_domain,15.0,854,14.271733027319994,False
M_PUB_ALL_domain,15.0,855,14.290277736028878,False
M_PUB_ALL_domain,15.0,856,14.306482686480757,False
M_PUB_ALL_domain,15.0,857,14.318375486657457,False
M_PUB_ALL_domain,15.0,858,14.337029902730237,False
M_PUB_ALL_domain,15.0,859,14.348162870773757,False
M_PUB_ALL_domain,15.0,860,14.35394562381414,False
M_PUB_ALL_domain,15.0,861,14.364717204947297,False
M_PUB_ALL_domain,15.0,862,14.388417416825149,False
M_PUB_ALL_domain,15.0,863,14.399762150261436,False
M_PUB_ALL_domain,15.0,864,14.411335568368257,False
M_PUB_ALL_domain,15.0,865,14.421034030820623,False
M_PUB_ALL_domain,15.0,866,14.445025782453522,False
M_PUB_ALL_domain,15.0,867,14.454545688216422,False
M_PUB_ALL_domain,15.0,868,14.462167581199875,False
M_PUB_ALL_domain,15.0,869,14.488627110287096,False
M_PUB_ALL_domain,15.0,870,14.494410252848494,False
M_PUB_ALL_domain,15.0,871,14.513993799846862,False
M_PUB_ALL_domain,15.0,872,14.52989757875688,False
M_PUB_ALL_domain,15.0,873,14.534188921457142,False
M_PUB_ALL_domain,15.0,874,14.545942787953019,False
M_PUB_ALL_domain,15.0,875,14.554222852922992,False
M_PUB_ALL_domain,15.0,876,14.57735061307707,False
M_PUB_ALL_domain,15.0,877,14.584406576034782,False
M_PUB_ALL_domain,15.0,878,14.589171274222174,False
M_PUB_ALL_domain,15.0,879,14.59832169961186,False
M_PUB_ALL_domain,15.0,880,14.613552203288608,False
M_PUB_ALL_domain,15.0,881,14.649702649977916,False
M_PUB_ALL_domain,15.0,882,14.656918499061952,False
M_PUB_ALL_domain,15.0,883,14.666457099104564,False
M_PUB_ALL_domain,15.0,884,14.676778237359965,False
M_PUB_ALL_domain,15.0,885,14.684560636376037,False
M_PUB_ALL_domain,15.0,886,14.695348559655447,False
M_PUB_ALL_domain,15.0,887,14.699807497453145,False
M_PUB_ALL_domain,15.0,888,14.717618826564081,False
M_PUB_ALL_domain,15.0,889,14.727728294988605,False
M_PUB_ALL_domain,15.0,890,14.739287260092505,False
M_PUB_ALL_domain,15.0,891,14.749050709504276,False
M_PUB_ALL_domain,15.0,892,14.761268130402318,False
M_PUB_ALL_domain,15.0,893,14.772485179961958,False
M_PUB_ALL_domain,15.0,894,14.790230850465,False
M_PUB_ALL_domain,15.0,895,14.801016934096136,False
M_PUB_ALL_domain,15.0,896,14.81277307479033,False
M_PUB_ALL_domain,15.0,897,14.818715733278554,False
M_PUB_ALL_domain,15.0,898,14.833321398950057,False
M_PUB_ALL_domain,15.0,899,14.849172211976144,False
M_PUB_ALL_domain,15.0,900,14.86965198531763,False
M_PUB_ALL_domain,15.0,901,14.884345336923639,False
M_PUB_ALL_domain,15.0,902,14.894193142996112,False
M_PUB_ALL_domain,15.0,903,14.901398469553333,False
M_PUB_ALL_domain,15.0,904,14.911045085868736,False
M_PUB_ALL_domain,15.0,905,14.922937737069455,False
M_PUB_ALL_domain,15.0,906,14.92830536950011,False
M_PUB_ALL_domain,15.0,907,14.941506507623163,False
M_PUB_ALL_domain,15.0,908,14.944409019776977,False
M_PUB_ALL_domain,15.0,909,14.958523007994687,False
M_PUB_ALL_domain,15.0,910,14.971141982380981,False
M_PUB_ALL_domain,15.0,911,14.978117793987888,False
M_PUB_ALL_domain,15.0,912,14.99745058470969,False
M_PUB_ALL_domain,15.0,913,15.003376588323908,False
M_PUB_ALL_domain,15.0,914,15.016159386371925,False
M_PUB_ALL_domain,15.0,915,15.026336614585645,False
M_PUB_ALL_domain,15.0,916,15.037477227425702,False
M_PUB_ALL_domain,15.0,917,15.041696186409325,False
M_PUB_ALL_domain,15.0,918,15.060593690378289,False
M_PUB_ALL_domain,15.0,919,15.076069253488907,False
M_PUB_ALL_domain,15.0,920,15.080577471758492,False
M_PUB_ALL_domain,15.0,921,15.110154338363214,False
M_PUB_ALL_domain,15.0,922,15.125841010138235,False
M_PUB_ALL_domain,15.0,923,15.13912333910935,False
M_PUB_ALL_domain,15.0,924,15.152469947594447,False
M_PUB_ALL_domain,15.0,925,15.164079196954226,False
M_PUB_ALL_domain,15.0,926,15.182517860315505,False
M_PUB_ALL_domain,15.0,927,15.187946590394976,False
M_PUB_ALL_domain,15.0,928,15.194180580415944,False
M_PUB_ALL_domain,15.0,929,15.218940342801487,False
M_PUB_ALL_domain,15.0,930,15.245106051643663,False
M_PUB_ALL_domain,15.0,931,15.257323174488064,False
M_PUB_ALL_domain,15.0,932,15.278261103589966,False
M_PUB_ALL_domain,15.0,933,15.303788693370693,False
M_PUB_ALL_domain,15.0,934,15.31289478384621,False
M_PUB_ALL_domain,15.0,935,15.33054138870637,False
M_PUB_ALL_domain,15.0,936,15.345802967916583,False
M_PUB_ALL_domain,15.0,937,15.348072616151605,False
M_PUB_ALL_domain,15.0,938,15.35268674049513,False
M_PUB_ALL_domain,15.0,939,15.362903242386043,False
M_PUB_ALL_domain,15.0,940,15.37885797642376,False
M_PUB_ALL_domain,15.0,941,15.391254366408624,False
M_PUB_ALL_domain,15.0,942,15.393601133809575,False
M_PUB_ALL_domain,15.0,943,15.403516801683637,False
M_PUB_ALL_domain,15.0,944,15.42793465782331,False
M_PUB_ALL_domain,15.0,945,15.436565425476774,False
M_PUB_ALL_domain,15.0,946,15.441277440215845,False
M_PUB_ALL_domain,15.0,947,15.46075874401607,False
M_PUB_ALL_domain,15.0,948,15.475309868011493,False
M_PUB_ALL_domain,15.0,949,15.496075805262558,False
M_PUB_ALL_domain,15.0,950,15.507081585070601,False
M_PUB_ALL_domain,15.0,951,15.513148668691667,False
M_PUB_ALL_domain,15.0,952,15.534629451588026,False
M_PUB_ALL_domain,15.0,953,15.53960858049119,False
M_PUB_ALL_domain,15.0,954,15.556353083956056,False
M_PUB_ALL_domain,15.0,955,15.563810417064596,False
M_PUB_ALL_domain,15.0,956,15.571451091688063,False
M_PUB_ALL_domain,15.0,957,15.58944016567262,False
M_PUB_ALL_domain,15.0,958,15.60199825594083,False
M_PUB_ALL_domain,15.0,959,15.617385204304602,False
M_PUB_ALL_domain,15.0,960,15.634959088489856,False
M_PUB_ALL_domain,15.0,961,15.654981899153855,False
M_PUB_ALL_domain,15.0,962,15.675360565764047,False
M_PUB_ALL_domain,15.0,963,15.69076107310868,False
M_PUB_ALL_domain,15.0,964,15.702077034480075,False
M_PUB_ALL_domain,15.0,965,15.709155147815016,False
M_PUB_ALL_domain,15.0,966,15.719823677056782,False
M_PUB_ALL_domain,15.0,967,15.736788717779362,False
M_PUB_ALL_domain,15.0,968,15.753037947831688,False
M_PUB_ALL_domain,15.0,969,15.756050091751908,False
M_PUB_ALL_domain,15.0,970,15.780550178698862,False
M_PUB_ALL_domain,15.0,971,15.791635515602502,False
M_PUB_ALL_domain,15.0,972,15.805306009683028,False
M_PUB_ALL_domain,15.0,973,15.825562174162783,False
M_PUB_ALL_domain,15.0,974,15.834262762367967,False
M_PUB_ALL_domain,15.0,975,15.860421149540679,False
M_PUB_ALL_domain,15.0,976,15.880465934345912,False
M_PUB_ALL_domain,15.0,977,15.889052896510842,False
M_PUB_ALL_domain,15.0,978,15.895819096793746,False
M_PUB_ALL_domain,15.0,979,15.905334712014634,False
M_PUB_ALL_domain,15.0,980,15.912465419145601,False
M_PUB_ALL_domain,15.0,981,15.940951635077512,False
M_PUB_ALL_domain,15.0,982,15.96156623716167,False
M_PUB_ALL_domain,15.0,983,15.970838663904239,False
M_PUB_ALL_domain,15.0,984,15.974798008184425,False
M_PUB_ALL_domain,15.0,985,15.984745099847144,False
M_PUB_ALL_domain,15.0,986,16.00050649665337,False
M_PUB_ALL_domain,15.0,987,16.008005495754496,False
M_PUB_ALL_domain,15.0,988,16.021787764017006,False
M_PUB_ALL_domain,15.0,989,16.0349589396167,False
M_PUB_ALL_domain,15.0,990,16.0432065301049,False
M_PUB_ALL_domain,15.0,991,16.064063073634525,False
M_PUB_ALL_domain,15.0,992,16.070306563518997,False
M_PUB_ALL_domain,15.0,993,16.092630270575842,False
M_PUB_ALL_domain,15.0,994,16.102200294123467,False
M_PUB_ALL_domain,15.0,995,16.112605479457006,False
M_PUB_ALL_domain,15.0,996,16.13346140495579,False
M_PUB_ALL_domain,15.0,997,16.1399119804965,False
M_PUB_ALL_domain,15.0,998,16.16695199779401,False
M_PUB_ALL_domain,15.0,999,16.169308303438015,False
M_PUB_ALL_domain,15.0,1000,16.189374433021577,False
M_PUB_ALL_domain,15.0,1001,16.21221478265406,False
M_PUB_ALL_domain,15.0,1002,16.222035611339667,False
M_PUB_ALL_domain,15.0,1003,16.23747406093878,False
M_PUB_ALL_domain,15.0,1004,16.255594985239412,False
M_PUB_ALL_domain,15.0,1005,16.273238931089193,False
M_PUB_ALL_domain,15.0,1006,16.285606698102,False
M_PUB_ALL_domain,15.0,1007,16.30034786543874,False
M_PUB_ALL_domain,15.0,1008,16.319786155078873,False
M_PUB_ALL_domain,15.0,1009,16.339449761374656,False
M_PUB_ALL_domain,15.0,1010,16.35504806958465,False
M_PUB_ALL_domain,15.0,1011,16.361586263880426,False
M_PUB_ALL_domain,15.0,1012,16.375665280764473,False
M_PUB_ALL_domain,15.0,1013,16.39363313333802,False
M_PUB_ALL_domain,15.0,1014,16.407570111543958,False
M_PUB_ALL_domain,15.0,1015,16.421817887364778,False
M_PUB_ALL_domain,15.0,1016,16.43453164912726,False
M_PUB_ALL_domain,15.0,1017,16.44741722009564,False
M_PUB_ALL_domain,15.0,1018,16.45949249337441,False
M_PUB_ALL_domain,15.0,1019,16.476813096061722,False
M_PUB_ALL_domain,15.0,1020,16.480512376737988,False
M_PUB_ALL_domain,15.0,1021,16.494439802530362,False
M_PUB_ALL_domain,15.0,1022,16.50712877746148,False
M_PUB_ALL_domain,15.0,1023,16.516758368105805,False
M_PUB_ALL_domain,15.0,1024,16.52562646058726,False
M_PUB_ALL_domain,15.0,1025,16.557590695824427,False
M_PUB_ALL_domain,15.0,1026,16.570169823880796,False
M_PUB_ALL_domain,15.0,1027,16.577707320183325,False
M_PUB_ALL_domain,15.0,1028,16.604914326535972,False
M_PUB_ALL_domain,15.0,1029,16.62697860134052,False
M_PUB_ALL_domain,15.0,1030,16.63648846898225,False
M_PUB_ALL_domain,15.0,1031,16.638419357955083,False
M_PUB_ALL_domain,15.0,1032,16.65799101300233,False
M_PUB_ALL_domain,15.0,1033,16.673540768699546,False
M_PUB_ALL_domain,15.0,1034,16.68424170275458,False
M_PUB_ALL_domain,15.0,1035,16.704638001272563,False
M_PUB_ALL_domain,15.0,1036,16.711238788030055,False
M_PUB_ALL_domain,15.0,1037,16.71957345852018,False
M_PUB_ALL_domain,15.0,1038,16.734652402844628,False
M_PUB_ALL_domain,15.0,1039,16.74516081300514,False
M_PUB_ALL_domain,15.0,1040,16.757844951702268,False
M_PUB_ALL_domain,15.0,1041,16.789931737485702,False
M_PUB_ALL_domain,15.0,1042,16.80351442255515,False
M_PUB_ALL_domain,15.0,1043,16.826569216718177,False
M_PUB_ALL_domain,15.0,1044,16.838049366813895,False
M_PUB_ALL_domain,15.0,1045,16.864596121955756,False
M_PUB_ALL_domain,15.0,1046,16.878821578810882,False
M_PUB_ALL_domain,15.0,1047,16.899453567930916,False
M_PUB_ALL_domain,15.0,1048,16.90790678694426,False
M_PUB_ALL_domain,15.0,1049,16.928958186978086,False
M_PUB_ALL_domain,15.0,1050,16.94676036324802,False
M_PUB_ALL_domain,15.0,1051,16.9539743935073,False
M_PUB_ALL_domain,15.0,1052,16.96439018299205,False
M_PUB_ALL_domain,15.0,1053,16.97655259232677,False
M_PUB_ALL_domain,15.0,1054,17.004272086962644,False
M_PUB_ALL_domain,15.0,1055,17.005139741329426,False
M_PUB_ALL_domain,15.0,1056,17.014911813236573,False
M_PUB_ALL_domain,15.0,1057,17.02854964354038,False
M_PUB_ALL_domain,15.0,1058,17.054515664846956,False
M_PUB_ALL_domain,15.0,1059,17.078440211092243,False
M_PUB_ALL_domain,15.0,1060,17.0815200337864,False
M_PUB_ALL_domain,15.0,1061,17.112498025230085,False
M_PUB_ALL_domain,15.0,1062,17.12082122007158,False
M_PUB_ALL_domain,15.0,1063,17.13727284527354,False
M_PUB_ALL_domain,15.0,1064,17.143330724641665,False
M_PUB_ALL_domain,15.0,1065,17.168134510701307,False
M_PUB_ALL_domain,15.0,1066,17.169992940341654,False
M_PUB_ALL_domain,15.0,1067,17.19053202087873,False
M_PUB_ALL_domain,15.0,1068,17.211654841536376,False
M_PUB_ALL_domain,15.0,1069,17.232080479510323,False
M_PUB_ALL_domain,15.0,1070,17.243399187722954,False
M_PUB_ALL_domain,15.0,1071,17.26500146743004,False
M_PUB_ALL_domain,15.0,1072,17.272414889295074,False
M_PUB_ALL_domain,15.0,1073,17.291991954479023,False
M_PUB_ALL_domain,15.0,1074,17.29833349299974,False
M_PUB_ALL_domain,15.0,1075,17.30288995484431,False
M_PUB_ALL_domain,15.0,1076,17.316465211736553,False
M_PUB_ALL_domain,15.0,1077,17.344540466192537,False
M_PUB_ALL_domain,15.0,1078,17.35531916708536,False
M_PUB_ALL_domain,15.0,1079,17.364376345869324,False
M_PUB_ALL_domain,15.0,1080,17.377829313897557,False
M_PUB_ALL_domain,15.0,1081,17.382355969572128,False
M_PUB_ALL_domain,15.0,1082,17.389357373363815,False
M_PUB_ALL_domain,15.0,1083,17.407019907585745,False
M_PUB_ALL_domain,15.0,1084,17.430806209625267,False
M_PUB_ALL_domain,15.0,1085,17.457143969209998,False
M_PUB_ALL_domain,15.0,1086,17.468719206180634,False
M_PUB_ALL_domain,15.0,1087,17.480662882640463,False
M_PUB_ALL_domain,15.0,1088,17.493559034802995,False
M_PUB_ALL_domain,15.0,1089,17.50786871098252,False
M_PUB_ALL_domain,15.0,1090,17.54002779638435,False
M_PUB_ALL_domain,15.0,1091,17.547014569769377,False
M_PUB_ALL_domain,15.0,1092,17.57074317478629,False
M_PUB_ALL_domain,15.0,1093,17.57610929142739,False
M_PUB_ALL_domain,15.0,1094,17.613394286401142,False
M_PUB_ALL_domain,15.0,1095,17.625887664968904,False
M_PUB_ALL_domain,15.0,1096,17.6504193502383,False
M_PUB_ALL_domain,15.0,1097,17.66937989153922,False
M_PUB_ALL_domain,15.0,1098,17.680752698329062,False
M_PUB_ALL_domain,15.0,1099,17.687163533956827,False
M_PUB_ALL_domain,15.0,1100,17.70735642175072,False
M_PUB_ALL_domain,15.0,1101,17.720457003467928,False
M_PUB_ALL_domain,15.0,1102,17.738946813736902,False
M_PUB_ALL_domain,15.0,1103,17.770465786058345,False
M_PUB_ALL_domain,15.0,1104,17.779405909498184,False
M_PUB_ALL_domain,15.0,1105,17.797302896103886,False
M_PUB_ALL_domain,15.0,1106,17.815778509820156,False
M_PUB_ALL_domain,15.0,1107,17.821931422803907,False
M_PUB_ALL_domain,15.0,1108,17.860195888448,False
M_PUB_ALL_domain,15.0,1109,17.87441427224385,False
M_PUB_ALL_domain,15.0,1110,17.87753384905182,False
M_PUB_ALL_domain,15.0,1111,17.895463917371035,False
M_PUB_ALL_domain,15.0,1112,17.924924238866062,False
M_PUB_ALL_domain,15.0,1113,17.929726297115323,False
M_PUB_ALL_domain,15.0,1114,17.935623589562823,False
M_PUB_ALL_domain,15.0,1115,17.954702353346587,False
M_PUB_ALL_domain,15.0,1116,17.96975613680669,False
M_PUB_ALL_domain,15.0,1117,18.001623478800138,False
M_PUB_ALL_domain,15.0,1118,18.004136905894423,False
M_PUB_ALL_domain,15.0,1119,18.04181190400321,False
M_PUB_ALL_domain,15.0,1120,18.061706282180456,False
M_PUB_ALL_domain,15.0,1121,18.071551199283935,False
M_PUB_ALL_domain,15.0,1122,18.08491447025297,False
M_PUB_ALL_domain,15.0,1123,18.095017410461892,False
M_PUB_ALL_domain,15.0,1124,18.104528718991475,False
M_PUB_ALL_domain,15.0,1125,18.12618396565045,False
M_PUB_ALL_domain,15.0,1126,18.138801267097314,False
M_PUB_ALL_domain,15.0,1127,18.166875313367342,False
M_PUB_ALL_domain,15.0,1128,18.16995564280903,False
M_PUB_ALL_domain,15.0,1129,18.174042587643545,False
M_PUB_ALL_domain,15.0,1130,18.194762574660402,False
M_PUB_ALL_domain,15.0,1131,18.19930375207808,False
M_PUB_ALL_domain,15.0,1132,18.217151898516118,False
M_PUB_ALL_domain,15.0,1133,18.24134441975587,False
M_PUB_ALL_domain,15.0,1134,18.249114902724692,False
M_PUB_ALL_domain,15.0,1135,18.25770795507483,False
M_PUB_ALL_domain,15.0,1136,18.275701966328963,False
M_PUB_ALL_domain,15.0,1137,18.291701548574597,False
M_PUB_ALL_domain,15.0,1138,18.300242433803326,False
M_PUB_ALL_domain,15.0,1139,18.311927304622703,False
M_PUB_ALL_domain,15.0,1140,18.320794904147494,False
M_PUB_ALL_domain,15.0,1141,18.327657596157096,False
M_PUB_ALL_domain,15.0,1142,18.359649683213377,False
M_PUB_ALL_domain,15.0,1143,18.368535699198343,False
M_PUB_ALL_domain,15.0,1144,18.383867268243492,False
M_PUB_ALL_domain,15.0,1145,18.404893454449507,False
M_PUB_ALL_domain,15.0,1146,18.415295682158355,False
M_PUB_ALL_domain,15.0,1147,18.4274061622208,False
M_PUB_ALL_domain,15.0,1148,18.43909984614022,False
M_PUB_ALL_domain,15.0,1149,18.45664743187297,False
M_PUB_ALL_domain,15.0,1150,18.47030443653658,False
M_PUB_ALL_domain,15.0,1151,18.478051145840247,False
M_PUB_ALL_domain,15.0,1152,18.484378794044613,False
M_PUB_ALL_domain,15.0,1153,18.514459532771305,False
M_PUB_ALL_domain,15.0,1154,18.51612793350332,False
M_PUB_ALL_domain,15.0,1155,18.537043090266973,False
M_PUB_ALL_domain,15.0,1156,18.557492152935446,False
M_PUB_ALL_domain,15.0,1157,18.564027296289602,False
M_PUB_ALL_domain,15.0,1158,18.585318943163074,False
M_PUB_ALL_domain,15.0,1159,18.59518469260572,False
M_PUB_ALL_domain,15.0,1160,18.61352061030734,False
M_PUB_ALL_domain,15.0,1161,18.632606216577823,False
M_PUB_ALL_domain,15.0,1162,18.65420663797198,False
M_PUB_ALL_domain,15.0,1163,18.656650011700236,False
M_PUB_ALL_domain,15.0,1164,18.684610342015098,False
M_PUB_ALL_domain,15.0,1165,18.69443380398115,False
M_PUB_ALL_domain,15.0,1166,18.705677678894904,False
M_PUB_ALL_domain,15.0,1167,18.730418694074448,False
M_PUB_ALL_domain,15.0,1168,18.738590509264004,False
M_PUB_ALL_domain,15.0,1169,18.752916326362314,False
M_PUB_ALL_domain,15.0,1170,18.76454198323497,False
M_PUB_ALL_domain,15.0,1171,18.78365978233772,False
M_PUB_ALL_domain,15.0,1172,18.79650447984093,False
M_PUB_ALL_domain,15.0,1173,18.825041333395777,False
M_PUB_ALL_domain,15.0,1174,18.830028447837115,False
M_PUB_ALL_domain,15.0,1175,18.86036942369864,False
M_PUB_ALL_domain,15.0,1176,18.866222942731635,False
M_PUB_ALL_domain,15.0,1177,18.893101050559952,False
M_PUB_ALL_domain,15.0,1178,18.90803760091111,False
M_PUB_ALL_domain,15.0,1179,18.935811673456556,False
M_PUB_ALL_domain,15.0,1180,18.95403496309084,False
M_PUB_ALL_domain,15.0,1181,18.957730541605606,False
M_PUB_ALL_domain,15.0,1182,18.980353391078413,False
M_PUB_ALL_domain,15.0,1183,18.993074482631883,False
M_PUB_ALL_domain,15.0,1184,19.008718838022627,False
M_PUB_ALL_domain,15.0,1185,19.01654852432147,False
M_PUB_ALL_domain,15.0,1186,19.018267473895484,False
M_PUB_ALL_domain,15.0,1187,19.04134503252949,False
M_PUB_ALL_domain,15.0,1188,19.06158740332992,False
M_PUB_ALL_domain,15.0,1189,19.068512305031252,False
M_PUB_ALL_domain,15.0,1190,19.092441426468245,False
M_PUB_ALL_domain,15.0,1191,19.10348507466488,False
M_PUB_ALL_domain,15.0,1192,19.130110392487154,False
M_PUB_ALL_domain,15.0,1193,19.143420498117745,False
M_PUB_ALL_domain,15.0,1194,19.16137594966526,False
M_PUB_ALL_domain,15.0,1195,19.179187714576983,False
M_PUB_ALL_domain,15.0,1196,19.19539088018598,False
M_PUB_ALL_domain,15.0,1197,19.224469874014908,False
M_PUB_ALL_domain,15.0,1198,19.231274431781664,False
M_PUB_ALL_domain,15.0,1199,19.245801281718446,False
M_PUB_ALL_domain,15.0,1200,19.268169952306277,False
M_PUB_ALL_domain,15.0,1201,19.297658612763023,False
M_PUB_ALL_domain,15.0,1202,19.30717639806991,False
M_PUB_ALL_domain,15.0,1203,19.315278867654957,False
M_PUB_ALL_domain,15.0,1204,19.33103989044252,False
M_PUB_ALL_domain,15.0,1205,19.338280930081172,False
M_PUB_ALL_domain,15.0,1206,19.36194348758154,False
M_PUB_ALL_domain,15.0,1207,19.36516409405814,False
M_PUB_ALL_domain,15.0,1208,19.371780912727207,False
M_PUB_ALL_domain,15.0,1209,19.380629945272425,False
M_PUB_ALL_domain,15.0,1210,19.415858795957103,False
M_PUB_ALL_domain,15.0,1211,19.433448394563165,False
M_PUB_ALL_domain,15.0,1212,19.43954308378578,False
M_PUB_ALL_domain,15.0,1213,19.4544693140453,False
M_PUB_ALL_domain,15.0,1214,19.460588704749338,False
M_PUB_ALL_domain,15.0,1215,19.502040934698158,False
M_PUB_ALL_domain,15.0,1216,19.521123262814896,False
M_PUB_ALL_domain,15.0,1217,19.52996822271903,False
M_PUB_ALL_domain,15.0,1218,19.543681556454953,False
M_PUB_ALL_domain,15.0,1219,19.55338425735576,False
M_PUB_ALL_domain,15.0,1220,19.570634435492313,False
M_PUB_ALL_domain,15.0,1221,19.59992990577807,False
M_PUB_ALL_domain,15.0,1222,19.607623557058673,False
M_PUB_ALL_domain,15.0,1223,19.627066911857522,False
M_PUB_ALL_domain,15.0,1224,19.63046526435486,False
M_PUB_ALL_domain,15.0,1225,19.65129773959676,False
M_PUB_ALL_domain,15.0,1226,19.668936500324648,False
M_PUB_ALL_domain,15.0,1227,19.68294443130103,False
M_PUB_ALL_domain,15.0,1228,19.7179062112558,False
M_PUB_ALL_domain,15.0,1229,19.72136042590266,False
M_PUB_ALL_domain,15.0,1230,19.72599091424972,False
M_PUB_ALL_domain,15.0,1231,19.73663143571779,False
M_PUB_ALL_domain,15.0,1232,19.75605263255429,False
M_PUB_ALL_domain,15.0,1233,19.77609727431823,False
M_PUB_ALL_domain,15.0,1234,19.81125305147819,False
M_PUB_ALL_domain,15.0,1235,19.812971069364927,False
M_PUB_ALL_domain,15.0,1236,19.833805772085725,False
M_PUB_ALL_domain,15.0,1237,19.856252107072415,False
M_PUB_ALL_domain,15.0,1238,19.882017773133633,False
M_PUB_ALL_domain,15.0,1239,19.888791096005093,False
M_PUB_ALL_domain,15.0,1240,19.899134638808597,False
M_PUB_ALL_domain,15.0,1241,19.92663460541646,False
M_PUB_ALL_domain,15.0,1242,19.954145613856696,False
M_PUB_ALL_domain,15.0,1243,19.96531617406711,False
M_PUB_ALL_domain,15.0,1244,19.974437949655552,False
M_PUB_ALL_domain,15.0,1245,19.980405957754158,False
M_PUB_ALL_domain,15.0,1246,19.999539787625196,False
M_PUB_ALL_domain,15.0,1247,20.011018571474995,False
M_PUB_ALL_domain,15.0,1248,20.026348712292048,False
M_PUB_ALL_domain,15.0,1249,20.05965137014474,False
M_PUB_ALL_domain,15.0,1250,20.07210539002982,False
M_PUB_ALL_domain,15.0,1251,20.09162391063583,False
M_PUB_ALL_domain,15.0,1252,20.108876250364506,False
M_PUB_ALL_domain,15.0,1253,20.12456415965139,False
M_PUB_ALL_domain,15.0,1254,20.127020768119078,False
M_PUB_ALL_domain,15.0,1255,20.17365730337715,False
M_PUB_ALL_domain,15.0,1256,20.184561669880093,False
M_PUB_ALL_domain,15.0,1257,20.20366182818404,False
M_PUB_ALL_domain,15.0,1258,20.20807468265627,False
M_PUB_ALL_domain,15.0,1259,20.233621359846367,False
M_PUB_ALL_domain,15.0,1260,20.258608627015686,False
M_PUB_ALL_domain,15.0,1261,20.278462000123078,False
M_PUB_ALL_domain,15.0,1262,20.299309530037355,False
M_PUB_ALL_domain,15.0,1263,20.31825637058294,False
M_PUB_ALL_domain,15.0,1264,20.33491279135726,False
M_PUB_ALL_domain,15.0,1265,20.338221485918233,False
M_PUB_ALL_domain,15.0,1266,20.37025363734013,False
M_PUB_ALL_domain,15.0,1267,20.37432726403203,False
M_PUB_ALL_domain,15.0,1268,20.378359847525598,False
M_PUB_ALL_domain,15.0,1269,20.393709762305427,False
M_PUB_ALL_domain,15.0,1270,20.40532882012136,False
M_PUB_ALL_domain,15.0,1271,20.43262244169308,False
M_PUB_ALL_domain,15.0,1272,20.448578287153815,False
M_PUB_ALL_domain,15.0,1273,20.476380572100705,False
M_PUB_ALL_domain,15.0,1274,20.48076597888341,False
M_PUB_ALL_domain,15.0,1275,20.49558801886387,False
M_PUB_ALL_domain,15.0,1276,20.52015769765487,False
M_PUB_ALL_domain,15.0,1277,20.52662260956495,False
M_PUB_ALL_domain,15.0,1278,20.55058017332093,False
M_PUB_ALL_domain,15.0,1279,20.57229850606475,False
M_PUB_ALL_domain,15.0,1280,20.583459445398052,False
M_PUB_ALL_domain,15.0,1281,20.586485566642015,False
M_PUB_ALL_domain,15.0,1282,20.622905864736833,False
M_PUB_ALL_domain,15.0,1283,20.649618716290977,False
M_PUB_ALL_domain,15.0,1284,20.660083038081087,False
M_PUB_ALL_domain,15.0,1285,20.673007866799168,False
M_PUB_ALL_domain,15.0,1286,20.70256968550742,False
M_PUB_ALL_domain,15.0,1287,20.71972866972085,False
M_PUB_ALL_domain,15.0,1288,20.72327494421157,False
M_PUB_ALL_domain,15.0,1289,20.741281892965194,False
M_PUB_ALL_domain,15.0,1290,20.758228215285794,False
M_PUB_ALL_domain,15.0,1291,20.770598632975467,False
M_PUB_ALL_domain,15.0,1292,20.79826642380654,False
M_PUB_ALL_domain,15.0,1293,20.822070063658682,False
M_PUB_ALL_domain,15.0,1294,20.842826455958,False
M_PUB_ALL_domain,15.0,1295,20.858050230458577,False
M_PUB_ALL_domain,15.0,1296,20.86969767349551,False
M_PUB_ALL_domain,15.0,1297,20.89767397529136,False
M_PUB_ALL_domain,15.0,1298,20.906050941048747,False
M_PUB_ALL_domain,15.0,1299,20.939468316091567,False
M_PUB_ALL_domain,15.0,1300,20.96260097065673,False
M_PUB_ALL_domain,15.0,1301,20.964782269721027,False
M_PUB_ALL_domain,15.0,1302,21.001160755068057,False
M_PUB_ALL_domain,15.0,1303,21.026139853199517,False
M_PUB_ALL_domain,15.0,1304,21.047571202322363,False
M_PUB_ALL_domain,15.0,1305,21.075139798551536,False
M_PUB_ALL_domain,15.0,1306,21.098402027659578,False
M_PUB_ALL_domain,15.0,1307,21.104091237125154,False
M_PUB_ALL_domain,15.0,1308,21.134145582003573,False
M_PUB_ALL_domain,15.0,1309,21.147571304633665,False
M_PUB_ALL_domain,15.0,1310,21.167443477072066,False
M_PUB_ALL_domain,15.0,1311,21.1936578762362,False
M_PUB_ALL_domain,15.0,1312,21.234418459730463,False
M_PUB_ALL_domain,15.0,1313,21.243384634865897,False
M_PUB_ALL_domain,15.0,1314,21.248836224181343,False
M_PUB_ALL_domain,15.0,1315,21.283136918131977,False
M_PUB_ALL_domain,15.0,1316,21.316350393100887,False
M_PUB_ALL_domain,15.0,1317,21.319758393071233,False
M_PUB_ALL_domain,15.0,1318,21.33190761663244,False
M_PUB_ALL_domain,15.0,1319,21.347370795316674,False
M_PUB_ALL_domain,15.0,1320,21.37894149256815,False
M_PUB_ALL_domain,15.0,1321,21.390436309410234,False
M_PUB_ALL_domain,15.0,1322,21.413450776887135,False
M_PUB_ALL_domain,15.0,1323,21.44484324329162,False
M_PUB_ALL_domain,15.0,1324,21.466607600615102,False
M_PUB_ALL_domain,15.0,1325,21.468493202018276,False
M_PUB_ALL_domain,15.0,1326,21.481537432325883,False
M_PUB_ALL_domain,15.0,1327,21.505942923791636,False
M_PUB_ALL_domain,15.0,1328,21.51275384466412,False
M_PUB_ALL_domain,15.0,1329,21.543108922741123,False
M_PUB_ALL_domain,15.0,1330,21.552092630020553,False
M_PUB_ALL_domain,15.0,1331,21.57060078492709,False
M_PUB_ALL_domain,15.0,1332,21.585260698598926,False
M_PUB_ALL_domain,15.0,1333,21.60101897138129,False
M_PUB_ALL_domain,15.0,1334,21.64498665704296,False
M_PUB_ALL_domain,15.0,1335,21.670123967904786,False
M_PUB_ALL_domain,15.0,1336,21.679913747760438,False
M_PUB_ALL_domain,15.0,1337,21.68772824099222,False
M_PUB_ALL_domain,15.0,1338,21.701512273697958,False
M_PUB_ALL_domain,15.0,1339,21.71993761482728,False
M_PUB_ALL_domain,15.0,1340,21.75664746356364,False
M_PUB_ALL_domain,15.0,1341,21.766155392090912,False
M_PUB_ALL_domain,15.0,1342,21.801514688276928,False
M_PUB_ALL_domain,15.0,1343,21.80981782990185,False
M_PUB_ALL_domain,15.0,1344,21.828208841633803,False
M_PUB_ALL_domain,15.0,1345,21.839831968982004,False
M_PUB_ALL_domain,15.0,1346,21.88000804441176,False
M_PUB_ALL_domain,15.0,1347,21.88431615833145,False
M_PUB_ALL_domain,15.0,1348,21.906925357423216,False
M_PUB_ALL_domain,15.0,1349,21.941107568103845,False
M_PUB_ALL_domain,15.0,1350,21.97329924173561,False
M_PUB_ALL_domain,15.0,1351,21.977715548663497,False
M_PUB_ALL_domain,15.0,1352,21.995344489370975,False
M_PUB_ALL_domain,15.0,1353,22.02013061205097,False
M_PUB_ALL_domain,15.0,1354,22.042609045543628,False
M_PUB_ALL_domain,15.0,1355,22.069814111144055,False
M_PUB_ALL_domain,15.0,1356,22.093331394210043,False
M_PUB_ALL_domain,15.0,1357,22.104858176199055,False
M_PUB_ALL_domain,15.0,1358,22.14129102057912,False
M_PUB_ALL_domain,15.0,1359,22.179184768182502,False
M_PUB_ALL_domain,15.0,1360,22.1990407025741,False
M_PUB_ALL_domain,15.0,1361,22.205112069296558,False
M_PUB_ALL_domain,15.0,1362,22.22098619458292,False
M_PUB_ALL_domain,15.0,1363,22.255194987888615,False
M_PUB_ALL_domain,15.0,1364,22.282426966039424,False
M_PUB_ALL_domain,15.0,1365,22.333534268894308,False
M_PUB_ALL_domain,15.0,1366,22.33613128372691,False
M_PUB_ALL_domain,15.0,1367,22.351894929210367,False
M_PUB_ALL_domain,15.0,1368,22.37744551295239,False
M_PUB_ALL_domain,15.0,1369,22.38741734264499,False
M_PUB_ALL_domain,15.0,1370,22.391726028078992,False
M_PUB_ALL_domain,15.0,1371,22.424061765490233,False
M_PUB_ALL_domain,15.0,1372,22.45468390557778,False
M_PUB_ALL_domain,15.0,1373,22.474270292463274,False
M_PUB_ALL_domain,15.0,1374,22.513291447213266,False
M_PUB_ALL_domain,15.0,1375,22.533132839110166,False
M_PUB_ALL_domain,15.0,1376,22.5735220212814,False
M_PUB_ALL_domain,15.0,1377,22.583974029401293,False
M_PUB_ALL_domain,15.0,1378,22.597491135527516,False
M_PUB_ALL_domain,15.0,1379,22.62810814586377,False
M_PUB_ALL_domain,15.0,1380,22.632718098172013,False
M_PUB_ALL_domain,15.0,1381,22.65610472120701,False
M_PUB_ALL_domain,15.0,1382,22.675291263404777,False
M_PUB_ALL_domain,15.0,1383,22.693844956502797,False
M_PUB_ALL_domain,15.0,1384,22.720974045708978,False
M_PUB_ALL_domain,15.0,1385,22.7348342928691,False
M_PUB_ALL_domain,15.0,1386,22.749348002026913,False
M_PUB_ALL_domain,15.0,1387,22.76418383625205,False
M_PUB_ALL_domain,15.0,1388,22.806784612825794,False
M_PUB_ALL_domain,15.0,1389,22.81099269699726,False
M_PUB_ALL_domain,15.0,1390,22.842948991920473,False
M_PUB_ALL_domain,15.0,1391,22.865364640062765,False
M_PUB_ALL_domain,15.0,1392,22.879314680592554,False
M_PUB_ALL_domain,15.0,1393,22.890871087369728,False
M_PUB_ALL_domain,15.0,1394,22.91457747002597,False
M_PUB_ALL_domain,15.0,1395,22.92824065983552,False
M_PUB_ALL_domain,15.0,1396,22.964209745628068,False
M_PUB_ALL_domain,15.0,1397,22.995522793135756,False
M_PUB_ALL_domain,15.0,1398,23.024683069346672,False
M_PUB_ALL_domain,15.0,1399,23.05193663396793,False
M_PUB_ALL_domain,15.0,1400,23.0948532569038,False
M_PUB_ALL_domain,15.0,1401,23.111070240088036,False
M_PUB_ALL_domain,15.0,1402,23.163536577760937,False
M_PUB_ALL_domain,15.0,1403,23.180205665201708,False
M_PUB_ALL_domain,15.0,1404,23.1927066033219,False
M_PUB_ALL_domain,15.0,1405,23.204361850415456,False
M_PUB_ALL_domain,15.0,1406,23.244239828953482,False
M_PUB_ALL_domain,15.0,1407,23.27150147742721,False
M_PUB_ALL_domain,15.0,1408,23.27843801451427,False
M_PUB_ALL_domain,15.0,1409,23.29684859200484,False
M_PUB_ALL_domain,15.0,1410,23.316803245575805,False
M_PUB_ALL_domain,15.0,1411,23.335412953265642,False
M_PUB_ALL_domain,15.0,1412,23.354024599387106,False
M_PUB_ALL_domain,15.0,1413,23.401803452658335,False
M_PUB_ALL_domain,15.0,1414,23.42067762179653,False
M_PUB_ALL_domain,15.0,1415,23.430347150407474,False
M_PUB_ALL_domain,15.0,1416,23.459074077389324,False
M_PUB_ALL_domain,15.0,1417,23.469678849035102,False
M_PUB_ALL_domain,15.0,1418,23.495457180568888,False
M_PUB_ALL_domain,15.0,1419,23.5158819414161,False
M_PUB_ALL_domain,15.0,1420,23.547084096345007,False
M_PUB_ALL_domain,15.0,1421,23.55978396855291,False
M_PUB_ALL_domain,15.0,1422,23.590699748545106,False
M_PUB_ALL_domain,15.0,1423,23.605217545975098,False
M_PUB_ALL_domain,15.0,1424,23.620116455939495,False
M_PUB_ALL_domain,15.0,1425,23.660857871921355,False
M_PUB_ALL_domain,15.0,1426,23.676900043469296,False
M_PUB_ALL_domain,15.0,1427,23.731431182215346,False
M_PUB_ALL_domain,15.0,1428,23.767227924993904,False
M_PUB_ALL_domain,15.0,1429,23.780678391858995,False
M_PUB_ALL_domain,15.0,1430,23.790653010263522,False
M_PUB_ALL_domain,15.0,1431,23.823174194898115,False
M_PUB_ALL_domain,15.0,1432,23.846755168519618,False
M_PUB_ALL_domain,15.0,1433,23.85554349849263,False
M_PUB_ALL_domain,15.0,1434,23.884489551953774,False
M_PUB_ALL_domain,15.0,1435,23.953137125792914,False
M_PUB_ALL_domain,15.0,1436,23.965403732706555,False
M_PUB_ALL_domain,15.0,1437,23.977138922251033,False
M_PUB_ALL_domain,15.0,1438,24.003377218268657,False
M_PUB_ALL_domain,15.0,1439,24.027199660270327,False
M_PUB_ALL_domain,15.0,1440,24.048134951952193,False
M_PUB_ALL_domain,15.0,1441,24.092878614052115,False
M_PUB_ALL_domain,15.0,1442,24.106888029635165,False
M_PUB_ALL_domain,15.0,1443,24.12520150104792,False
M_PUB_ALL_domain,15.0,1444,24.157229819948267,False
M_PUB_ALL_domain,15.0,1445,24.170229822078046,False
M_PUB_ALL_domain,15.0,1446,24.18272270970166,False
M_PUB_ALL_domain,15.0,1447,24.237862519822393,False
M_PUB_ALL_domain,15.0,1448,24.255537852313985,False
M_PUB_ALL_domain,15.0,1449,24.27822146593734,False
M_PUB_ALL_domain,15.0,1450,24.306137382728977,False
M_PUB_ALL_domain,15.0,1451,24.324184283927266,False
M_PUB_ALL_domain,15.0,1452,24.33604070288716,False
M_PUB_ALL_domain,15.0,1453,24.377932547385434,False
M_PUB_ALL_domain,15.0,1454,24.41636146520796,False
M_PUB_ALL_domain,15.0,1455,24.447824427274565,False
M_PUB_ALL_domain,15.0,1456,24.465244881291017,False
M_PUB_ALL_domain,15.0,1457,24.48269318729305,False
M_PUB_ALL_domain,15.0,1458,24.507814587178498,False
M_PUB_ALL_domain,15.0,1459,24.537318630934337,False
M_PUB_ALL_domain,15.0,1460,24.559418816013235,False
M_PUB_ALL_domain,15.0,1461,24.590178343048933,False
M_PUB_ALL_domain,15.0,1462,24.667525194669604,False
M_PUB_ALL_domain,15.0,1463,24.68740941538847,False
M_PUB_ALL_domain,15.0,1464,24.705742806704336,False
M_PUB_ALL_domain,15.0,1465,24.729465695064533,False
M_PUB_ALL_domain,15.0,1466,24.732476023965592,False
M_PUB_ALL_domain,15.0,1467,24.750565542048836,False
M_PUB_ALL_domain,15.0,1468,24.766209882926322,False
M_PUB_ALL_domain,15.0,1469,24.778513193241256,False
M_PUB_ALL_domain,15.0,1470,24.795265065758052,False
M_PUB_ALL_domain,15.0,1471,24.83544516994755,False
M_PUB_ALL_domain,15.0,1472,24.86474836179784,False
M_PUB_ALL_domain,15.0,1473,24.88716343386755,False
M_PUB_ALL_domain,15.0,1474,24.924447711980946,False
M_PUB_ALL_domain,15.0,1475,24.95896481250778,False
M_PUB_ALL_domain,15.0,1476,24.993946937824372,False
M_PUB_ALL_domain,15.0,1477,25.009542128863043,False
M_PUB_ALL_domain,15.0,1478,25.027966811414448,False
M_PUB_ALL_domain,15.0,1479,25.041911571332555,False
M_PUB_ALL_domain,15.0,1480,25.065824934657137,False
M_PUB_ALL_domain,15.0,1481,25.09335378396954,False
M_PUB_ALL_domain,15.0,1482,25.1227563213083,False
M_PUB_ALL_domain,15.0,1483,25.1597510779352,False
M_PUB_ALL_domain,15.0,1484,25.21100682852096,False
M_PUB_ALL_domain,15.0,1485,25.22517403149787,False
M_PUB_ALL_domain,15.0,1486,25.24035217980867,False
M_PUB_ALL_domain,15.0,1487,25.263526433968458,False
M_PUB_ALL_domain,15.0,1488,25.308511403885326,False
M_PUB_ALL_domain,15.0,1489,25.32472481803113,False
M_PUB_ALL_domain,15.0,1490,25.34673963261492,False
M_PUB_ALL_domain,15.0,1491,25.372477752506004,False
M_PUB_ALL_domain,15.0,1492,25.379046185579373,False
M_PUB_ALL_domain,15.0,1493,25.44461782546441,False
M_PUB_ALL_domain,15.0,1494,25.471347553193702,False
M_PUB_ALL_domain,15.0,1495,25.502535295401124,False
M_PUB_ALL_domain,15.0,1496,25.549708222667388,False
M_PUB_ALL_domain,15.0,1497,25.577514408667817,False
M_PUB_ALL_domain,15.0,1498,25.594663622707962,False
M_PUB_ALL_domain,15.0,1499,25.640654924409628,False
M_PUB_ALL_domain,15.0,1500,25.647623584914005,False
M_PUB_ALL_domain,15.0,1501,25.701962535535635,False
M_PUB_ALL_domain,15.0,1502,25.713634934496135,False
M_PUB_ALL_domain,15.0,1503,25.729520184656344,False
M_PUB_ALL_domain,15.0,1504,25.755674474888313,False
M_PUB_ALL_domain,15.0,1505,25.79234742982227,False
M_PUB_ALL_domain,15.0,1506,25.82378718852655,False
M_PUB_ALL_domain,15.0,1507,25.858983329732805,False
M_PUB_ALL_domain,15.0,1508,25.868734680757115,False
M_PUB_ALL_domain,15.0,1509,25.891747640410088,False
M_PUB_ALL_domain,15.0,1510,25.944922340256554,False
M_PUB_ALL_domain,15.0,1511,25.99590633494728,False
M_PUB_ALL_domain,15.0,1512,26.007191543349435,False
M_PUB_ALL_domain,15.0,1513,26.032989082481194,False
M_PUB_ALL_domain,15.0,1514,26.05360440967545,False
M_PUB_ALL_domain,15.0,1515,26.08607216593327,False
M_PUB_ALL_domain,15.0,1516,26.100909875825153,False
M_PUB_ALL_domain,15.0,1517,26.169021489180857,False
M_PUB_ALL_domain,15.0,1518,26.19083350241102,False
M_PUB_ALL_domain,15.0,1519,26.202249878377746,False
M_PUB_ALL_domain,15.0,1520,26.233040951379287,False
M_PUB_ALL_domain,15.0,1521,26.260196288503085,False
M_PUB_ALL_domain,15.0,1522,26.28976526079477,False
M_PUB_ALL_domain,15.0,1523,26.355760609739374,False
M_PUB_ALL_domain,15.0,1524,26.36234003747262,False
M_PUB_ALL_domain,15.0,1525,26.387664292978084,False
M_PUB_ALL_domain,15.0,1526,26.407736446102547,False
M_PUB_ALL_domain,15.0,1527,26.464865939922237,False
M_PUB_ALL_domain,15.0,1528,26.5160442208779,False
M_PUB_ALL_domain,15.0,1529,26.535521718537424,False
M_PUB_ALL_domain,15.0,1530,26.56624747692928,False
M_PUB_ALL_domain,15.0,1531,26.632809730111227,False
M_PUB_ALL_domain,15.0,1532,26.657728065551858,False
M_PUB_ALL_domain,15.0,1533,26.694324549302593,False
M_PUB_ALL_domain,15.0,1534,26.71405795029113,False
M_PUB_ALL_domain,15.0,1535,26.76379196833862,False
M_PUB_ALL_domain,15.0,1536,26.81464785100837,False
M_PUB_ALL_domain,15.0,1537,26.838165752799448,False
M_PUB_ALL_domain,15.0,1538,26.85912055518074,False
M_PUB_ALL_domain,15.0,1539,26.88269789737564,False
M_PUB_ALL_domain,15.0,1540,26.94623368852826,False
M_PUB_ALL_domain,15.0,1541,26.983010207772267,False
M_PUB_ALL_domain,15.0,1542,27.025968125207612,False
M_PUB_ALL_domain,15.0,1543,27.069955554966988,False
M_PUB_ALL_domain,15.0,1544,27.080555162630798,False
M_PUB_ALL_domain,15.0,1545,27.109083020128036,False
M_PUB_ALL_domain,15.0,1546,27.13741288404811,False
M_PUB_ALL_domain,15.0,1547,27.19127318101487,False
M_PUB_ALL_domain,15.0,1548,27.256823528026114,False
M_PUB_ALL_domain,15.0,1549,27.30197601675682,False
M_PUB_ALL_domain,15.0,1550,27.32627187045555,False
M_PUB_ALL_domain,15.0,1551,27.412329922471777,False
M_PUB_ALL_domain,15.0,1552,27.46024653641902,False
M_PUB_ALL_domain,15.0,1553,27.506570580232236,False
M_PUB_ALL_domain,15.0,1554,27.528268467166935,False
M_PUB_ALL_domain,15.0,1555,27.54997796196903,False
M_PUB_ALL_domain,15.0,1556,27.580108205510335,False
M_PUB_ALL_domain,15.0,1557,27.611145220930876,False
M_PUB_ALL_domain,15.0,1558,27.648102346637152,False
M_PUB_ALL_domain,15.0,1559,27.682533567126807,False
M_PUB_ALL_domain,15.0,1560,27.760547165141915,False
M_PUB_ALL_domain,15.0,1561,27.80304227407259,False
M_PUB_ALL_domain,15.0,1562,27.823836010128215,False
M_PUB_ALL_domain,15.0,1563,27.852522576949003,False
M_PUB_ALL_domain,15.0,1564,27.92115592839007,False
M_PUB_ALL_domain,15.0,1565,27.936696129803167,False
M_PUB_ALL_domain,15.0,1566,28.021548468539415,False
M_PUB_ALL_domain,15.0,1567,28.027183527375666,False
M_PUB_ALL_domain,15.0,1568,28.066613508870866,False
M_PUB_ALL_domain,15.0,1569,28.099815009531383,False
M_PUB_ALL_domain,15.0,1570,28.179003314787412,False
M_PUB_ALL_domain,15.0,1571,28.192642436733617,False
M_PUB_ALL_domain,15.0,1572,28.252683500949836,False
M_PUB_ALL_domain,15.0,1573,28.269878560946847,False
M_PUB_ALL_domain,15.0,1574,28.312596158493587,False
M_PUB_ALL_domain,15.0,1575,28.344513579563724,False
M_PUB_ALL_domain,15.0,1576,28.405640855868523,False
M_PUB_ALL_domain,15.0,1577,28.482950750491142,False
M_PUB_ALL_domain,15.0,1578,28.593211126121087,False
M_PUB_ALL_domain,15.0,1579,28.614344429642316,False
M_PUB_ALL_domain,15.0,1580,28.637623174796484,False
M_PUB_ALL_domain,15.0,1581,28.68207116213072,False
M_PUB_ALL_domain,15.0,1582,28.7255498937916,False
M_PUB_ALL_domain,15.0,1583,28.746077724122102,False
M_PUB_ALL_domain,15.0,1584,28.887492428493648,False
M_PUB_ALL_domain,15.0,1585,28.911399345303064,False
M_PUB_ALL_domain,15.0,1586,28.969971723754536,False
M_PUB_ALL_domain,15.0,1587,29.058406665420573,False
M_PUB_ALL_domain,15.0,1588,29.093597615022524,False
M_PUB_ALL_domain,15.0,1589,29.173153159461897,False
M_PUB_ALL_domain,15.0,1590,29.211559649137374,False
M_PUB_ALL_domain,15.0,1591,29.230429635039442,False
M_PUB_ALL_domain,15.0,1592,29.294718878444044,False
M_PUB_ALL_domain,15.0,1593,29.307261955263463,False
M_PUB_ALL_domain,15.0,1594,29.402640962521268,False
M_PUB_ALL_domain,15.0,1595,29.437186622853538,False
M_PUB_ALL_domain,15.0,1596,29.461358513189403,False
M_PUB_ALL_domain,15.0,1597,29.56281762430874,False
M_PUB_ALL_domain,15.0,1598,29.598855390278104,False
M_PUB_ALL_domain,15.0,1599,29.635977162591846,False
M_PUB_ALL_domain,15.0,1600,29.70120756672027,False
M_PUB_ALL_domain,15.0,1601,29.76376422601792,False
M_PUB_ALL_domain,15.0,1602,29.796272810165277,False
M_PUB_ALL_domain,15.0,1603,29.866058808213868,False
M_PUB_ALL_domain,15.0,1604,29.894666384767145,False
M_PUB_ALL_domain,15.0,1605,29.964384373391955,False
M_PUB_ALL_domain,15.0,1606,29.993421382956,False
M_PUB_ALL_domain,15.0,1607,30.101891136665323,False
M_PUB_ALL_domain,15.0,1608,30.179782305849304,False
M_PUB_ALL_domain,15.0,1609,30.23355292737981,False
M_PUB_ALL_domain,15.0,1610,30.248255194786147,False
M_PUB_ALL_domain,15.0,1611,30.3498293831379,False
M_PUB_ALL_domain,15.0,1612,30.47713576385708,False
M_PUB_ALL_domain,15.0,1613,30.518125727029084,False
M_PUB_ALL_domain,15.0,1614,30.61120496387765,False
M_PUB_ALL_domain,15.0,1615,30.630805743686462,False
M_PUB_ALL_domain,15.0,1616,30.703434092639235,False
M_PUB_ALL_domain,15.0,1617,30.78528909973902,False
M_PUB_ALL_domain,15.0,1618,30.821460627803557,False
M_PUB_ALL_domain,15.0,1619,30.89290879569686,False
M_PUB_ALL_domain,15.0,1620,30.927557244576423,False
M_PUB_ALL_domain,15.0,1621,31.028873314101745,False
M_PUB_ALL_domain,15.0,1622,31.03377911195005,False
M_PUB_ALL_domain,15.0,1623,31.068707833512157,False
M_PUB_ALL_domain,15.0,1624,31.3207624188499,False
M_PUB_ALL_domain,15.0,1625,31.41005908651526,False
M_PUB_ALL_domain,15.0,1626,31.421008846642966,False
M_PUB_ALL_domain,15.0,1627,31.51888039573896,False
M_PUB_ALL_domain,15.0,1628,31.624998761424305,False
M_PUB_ALL_domain,15.0,1629,31.80432053188119,False
M_PUB_ALL_domain,15.0,1630,31.954481343684563,False
M_PUB_ALL_domain,15.0,1631,31.99187446704783,False
M_PUB_ALL_domain,15.0,1632,32.08379062486729,False
M_PUB_ALL_domain,15.0,1633,32.164246026279926,False
M_PUB_ALL_domain,15.0,1634,32.25052335236554,False
M_PUB_ALL_domain,15.0,1635,32.40791197449672,False
M_PUB_ALL_domain,15.0,1636,32.57470333233658,False
M_PUB_ALL_domain,15.0,1637,32.72780292644789,False
M_PUB_ALL_domain,15.0,1638,32.79675668480085,False
M_PUB_ALL_domain,15.0,1639,32.90783721172785,False
M_PUB_ALL_domain,15.0,1640,33.045426292024175,False
M_PUB_ALL_domain,15.0,1641,33.149356448390414,False
M_PUB_ALL_domain,15.0,1642,33.26553068148162,False
M_PUB_ALL_domain,15.0,1643,33.52134181877534,False
M_PUB_ALL_domain,15.0,1644,33.69786611672837,False
M_PUB_ALL_domain,15.0,1645,33.85343069667313,False
M_PUB_ALL_domain,15.0,1646,33.96022079540225,False
M_PUB_ALL_domain,15.0,1647,34.251831232883305,False
M_PUB_ALL_domain,15.0,1648,34.49992460576319,False
M_PUB_ALL_domain,15.0,1649,34.76351733851732,False
M_PUB_ALL_domain,15.0,1650,34.889402011136724,False
M_PUB_ALL_domain,15.0,1651,35.280353198807354,False
M_PUB_ALL_domain,15.0,1652,35.53291455877585,False
M_PUB_ALL_domain,15.0,1653,35.86489708968348,False
M_PUB_ALL_domain,15.0,1654,36.124117579854875,False
M_PUB_ALL_domain,15.0,1655,36.62231571317301,False
M_PUB_ALL_domain,15.0,1656,37.361189813311704,False
M_PUB_ALL_domain,15.0,1657,37.89074713120487,False
M_PUB_ALL_domain,15.0,1658,38.1713072999758,False
M_PUB_ALL_domain,15.0,1659,38.62344290055217,False
M_PUB_ALL_domain,15.0,1660,39.11325202800189,False
M_PUB_ALL_domain,15.0,1661,40.36032893926238,False
M_PUB_ALL_domain,15.0,1662,40.69999717458451,False
M_PUB_ALL_domain,15.0,1663,41.86017070145921,False
M_PUB_ALL_domain,15.0,1664,42.46979124345089,False
M_PUB_ALL_domain,13.0,0,-2.5097250099527255e-15,True
M_PUB_ALL_domain,13.0,1,-1.8987461990716435e-15,True
M_PUB_ALL_domain,13.0,2,-7.241590561807998e-16,True
M_PUB_ALL_domain,13.0,3,-5.018226926766946e-16,True
M_PUB_ALL_domain,13.0,4,9.822008931711626e-16,True
M_PUB_ALL_domain,13.0,5,3.067254273710555e-15,True
M_PUB_ALL_domain,13.0,6,0.006289161418536478,False
M_PUB_ALL_domain,13.0,7,0.007321254179048449,False
M_PUB_ALL_domain,13.0,8,0.015570411325016683,False
M_PUB_ALL_domain,13.0,9,0.02395782692281949,False
M_PUB_ALL_domain,13.0,10,0.03307767195772641,False
M_PUB_ALL_domain,13.0,11,0.03377346288326351,False
M_PUB_ALL_domain,13.0,12,0.03909235136622422,False
M_PUB_ALL_domain,13.0,13,0.04651249087095726,False
M_PUB_ALL_domain,13.0,14,0.04814965273695892,False
M_PUB_ALL_domain,13.0,15,0.05347021450182626,False
M_PUB_ALL_domain,13.0,16,0.060947773099533795,False
M_PUB_ALL_domain,13.0,17,0.06180669489976467,False
M_PUB_ALL_domain,13.0,18,0.06970175896157822,False
M_PUB_ALL_domain,13.0,19,0.08260945282179434,False
M_PUB_ALL_domain,13.0,20,0.08715909134360768,False
M_PUB_ALL_domain,13.0,21,0.0961295021478511,False
M_PUB_ALL_domain,13.0,22,0.11447351485882686,False
M_PUB_ALL_domain,13.0,23,0.11735105467685814,False
M_PUB_ALL_domain,13.0,24,0.14353124156233246,False
M_PUB_ALL_domain,13.0,25,0.1438469173267974,False
M_PUB_ALL_domain,13.0,26,0.16141068339609413,False
M_PUB_ALL_domain,13.0,27,0.17266382573431768,False
M_PUB_ALL_domain,13.0,28,0.18972047803910935,False
M_PUB_ALL_domain,13.0,29,0.20287149099976576,False
M_PUB_ALL_domain,13.0,30,0.2132273707747305,False
M_PUB_ALL_domain,13.0,31,0.22258428367090458,False
M_PUB_ALL_domain,13.0,32,0.2539305510532272,False
M_PUB_ALL_domain,13.0,33,0.2714457302421006,False
M_PUB_ALL_domain,13.0,34,0.2753496931750944,False
M_PUB_ALL_domain,13.0,35,0.29253278315836584,False
M_PUB_ALL_domain,13.0,36,0.31082462877614137,False
M_PUB_ALL_domain,13.0,37,0.33707996364590476,False
M_PUB_ALL_domain,13.0,38,0.3584035750954165,False
M_PUB_ALL_domain,13.0,39,0.37966308973425317,False
M_PUB_ALL_domain,13.0,40,0.3849948387860682,False
M_PUB_ALL_domain,13.0,41,0.3972303632472927,False
M_PUB_ALL_domain,13.0,42,0.41782853067364545,False
M_PUB_ALL_domain,13.0,43,0.43586705978517476,False
M_PUB_ALL_domain,13.0,44,0.45214816841339867,False
M_PUB_ALL_domain,13.0,45,0.46318870303945064,False
M_PUB_ALL_domain,13.0,46,0.4751049110262823,False
M_PUB_ALL_domain,13.0,47,0.49210825265651054,False
M_PUB_ALL_domain,13.0,48,0.5124380041622463,False
M_PUB_ALL_domain,13.0,49,0.5455530943329985,False
M_PUB_ALL_domain,13.0,50,0.5592143235423485,False
M_PUB_ALL_domain,13.0,51,0.5747544570082238,False
M_PUB_ALL_domain,13.0,52,0.5814217951930926,False
M_PUB_ALL_domain,13.0,53,0.603693313353567,False
M_PUB_ALL_domain,13.0,54,0.6142343394081962,False
M_PUB_ALL_domain,13.0,55,0.6254666674270863,False
M_PUB_ALL_domain,13.0,56,0.6342309208691779,False
M_PUB_ALL_domain,13.0,57,0.649192129459605,False
M_PUB_ALL_domain,13.0,58,0.6605096918429519,False
M_PUB_ALL_domain,13.0,59,0.6730338940405606,False
M_PUB_ALL_domain,13.0,60,0.6965492761916451,False
M_PUB_ALL_domain,13.0,61,0.7153506379268982,False
M_PUB_ALL_domain,13.0,62,0.727952579577827,False
M_PUB_ALL_domain,13.0,63,0.744748981690389,False
M_PUB_ALL_domain,13.0,64,0.7782338286705547,False
M_PUB_ALL_domain,13.0,65,0.7993137903339255,False
M_PUB_ALL_domain,13.0,66,0.8045828320810771,False
M_PUB_ALL_domain,13.0,67,0.8188814339484066,False
M_PUB_ALL_domain,13.0,68,0.8215701580014209,False
M_PUB_ALL_domain,13.0,69,0.8551357847444458,False
M_PUB_ALL_domain,13.0,70,0.8717423547029419,False
M_PUB_ALL_domain,13.0,71,0.9083466969330886,False
M_PUB_ALL_domain,13.0,72,0.9120639162149857,False
M_PUB_ALL_domain,13.0,73,0.9172358201270416,False
M_PUB_ALL_domain,13.0,74,0.9544267461526333,False
M_PUB_ALL_domain,13.0,75,0.9583034168684642,False
M_PUB_ALL_domain,13.0,76,0.9647467708147748,False
M_PUB_ALL_domain,13.0,77,0.9825769915133749,False
M_PUB_ALL_domain,13.0,78,0.9971269329187787,False
M_PUB_ALL_domain,13.0,79,1.0304331934173494,False
M_PUB_ALL_domain,13.0,80,1.0344883337988415,False
M_PUB_ALL_domain,13.0,81,1.0437046390428377,False
M_PUB_ALL_domain,13.0,82,1.0508804184614922,False
M_PUB_ALL_domain,13.0,83,1.059546852096463,False
M_PUB_ALL_domain,13.0,84,1.0733199522342907,False
M_PUB_ALL_domain,13.0,85,1.0923214691617893,False
M_PUB_ALL_domain,13.0,86,1.1057318503728624,False
M_PUB_ALL_domain,13.0,87,1.1222274855221108,False
M_PUB_ALL_domain,13.0,88,1.131986193672425,False
M_PUB_ALL_domain,13.0,89,1.1400003350847416,False
M_PUB_ALL_domain,13.0,90,1.163415185465262,False
M_PUB_ALL_domain,13.0,91,1.1682706721788043,False
M_PUB_ALL_domain,13.0,92,1.1914851826539865,False
M_PUB_ALL_domain,13.0,93,1.2087719956155984,False
M_PUB_ALL_domain,13.0,94,1.2244210546307026,False
M_PUB_ALL_domain,13.0,95,1.233730401169906,False
M_PUB_ALL_domain,13.0,96,1.240382439397493,False
M_PUB_ALL_domain,13.0,97,1.244409011339754,False
M_PUB_ALL_domain,13.0,98,1.254086692127505,False
M_PUB_ALL_domain,13.0,99,1.2655636540910293,False
M_PUB_ALL_domain,13.0,100,1.273289418772934,False
M_PUB_ALL_domain,13.0,101,1.2937149349250356,False
M_PUB_ALL_domain,13.0,102,1.3113758809796907,False
M_PUB_ALL_domain,13.0,103,1.3154905977828462,False
M_PUB_ALL_domain,13.0,104,1.3268783104432489,False
M_PUB_ALL_domain,13.0,105,1.3383864186935195,False
M_PUB_ALL_domain,13.0,106,1.3469553656225375,False
M_PUB_ALL_domain,13.0,107,1.3594820951762965,False
M_PUB_ALL_domain,13.0,108,1.3715084639170685,False
M_PUB_ALL_domain,13.0,109,1.3844941005087275,False
M_PUB_ALL_domain,13.0,110,1.4015963311844308,False
M_PUB_ALL_domain,13.0,111,1.4197712100523898,False
M_PUB_ALL_domain,13.0,112,1.4432045008760417,False
M_PUB_ALL_domain,13.0,113,1.4508540840121327,False
M_PUB_ALL_domain,13.0,114,1.457663600523131,False
M_PUB_ALL_domain,13.0,115,1.468949084713163,False
M_PUB_ALL_domain,13.0,116,1.498038855608898,False
M_PUB_ALL_domain,13.0,117,1.510435402092775,False
M_PUB_ALL_domain,13.0,118,1.5258497535756956,False
M_PUB_ALL_domain,13.0,119,1.5404535661442473,False
M_PUB_ALL_domain,13.0,120,1.5480165645855324,False
M_PUB_ALL_domain,13.0,121,1.5550492683689385,False
M_PUB_ALL_domain,13.0,122,1.5675293575325406,False
M_PUB_ALL_domain,13.0,123,1.5874329594111505,False
M_PUB_ALL_domain,13.0,124,1.5997043668618,False
M_PUB_ALL_domain,13.0,125,1.6034630315075251,False
M_PUB_ALL_domain,13.0,126,1.6362980603175639,False
M_PUB_ALL_domain,13.0,127,1.6426229055089454,False
M_PUB_ALL_domain,13.0,128,1.6456334626311198,False
M_PUB_ALL_domain,13.0,129,1.6606432112624439,False
M_PUB_ALL_domain,13.0,130,1.6707753253221158,False
M_PUB_ALL_domain,13.0,131,1.68416119513239,False
M_PUB_ALL_domain,13.0,132,1.7058702979614946,False
M_PUB_ALL_domain,13.0,133,1.7165723921871703,False
M_PUB_ALL_domain,13.0,134,1.7372915408414455,False
M_PUB_ALL_domain,13.0,135,1.7662639528898751,False
M_PUB_ALL_domain,13.0,136,1.7710291389533177,False
M_PUB_ALL_domain,13.0,137,1.77272562285876,False
M_PUB_ALL_domain,13.0,138,1.7805171123940748,False
M_PUB_ALL_domain,13.0,139,1.7941205376357647,False
M_PUB_ALL_domain,13.0,140,1.81161737544909,False
M_PUB_ALL_domain,13.0,141,1.8263475951466968,False
M_PUB_ALL_domain,13.0,142,1.8316258266446859,False
M_PUB_ALL_domain,13.0,143,1.838410659150512,False
M_PUB_ALL_domain,13.0,144,1.8448873710107474,False
M_PUB_ALL_domain,13.0,145,1.849954569687156,False
M_PUB_ALL_domain,13.0,146,1.8932120839198578,False
M_PUB_ALL_domain,13.0,147,1.9040384135515551,False
M_PUB_ALL_domain,13.0,148,1.9092058285961833,False
M_PUB_ALL_domain,13.0,149,1.932075083146169,False
M_PUB_ALL_domain,13.0,150,1.9452167512286176,False
M_PUB_ALL_domain,13.0,151,1.9482869035994095,False
M_PUB_ALL_domain,13.0,152,1.9690315675068308,False
M_PUB_ALL_domain,13.0,153,1.979001449556954,False
M_PUB_ALL_domain,13.0,154,2.000967025773299,False
M_PUB_ALL_domain,13.0,155,2.0131579863321294,False
M_PUB_ALL_domain,13.0,156,2.017135516914448,False
M_PUB_ALL_domain,13.0,157,2.035289118933225,False
M_PUB_ALL_domain,13.0,158,2.039603242279782,False
M_PUB_ALL_domain,13.0,159,2.0465950079129316,False
M_PUB_ALL_domain,13.0,160,2.0569172237392674,False
M_PUB_ALL_domain,13.0,161,2.0778007397388194,False
M_PUB_ALL_domain,13.0,162,2.096476882801199,False
M_PUB_ALL_domain,13.0,163,2.1007751669470336,False
M_PUB_ALL_domain,13.0,164,2.1237505526392426,False
M_PUB_ALL_domain,13.0,165,2.144786066593784,False
M_PUB_ALL_domain,13.0,166,2.160202445919086,False
M_PUB_ALL_domain,13.0,167,2.163461717678056,False
M_PUB_ALL_domain,13.0,168,2.1726580935176303,False
M_PUB_ALL_domain,13.0,169,2.178611201719362,False
M_PUB_ALL_domain,13.0,170,2.213329419501577,False
M_PUB_ALL_domain,13.0,171,2.2303330207391907,False
M_PUB_ALL_domain,13.0,172,2.2344006360460904,False
M_PUB_ALL_domain,13.0,173,2.2413810000638232,False
M_PUB_ALL_domain,13.0,174,2.257112520881636,False
M_PUB_ALL_domain,13.0,175,2.263796410716196,False
M_PUB_ALL_domain,13.0,176,2.2648429430738073,False
M_PUB_ALL_domain,13.0,177,2.2689249231389703,False
M_PUB_ALL_domain,13.0,178,2.2876595056686866,False
M_PUB_ALL_domain,13.0,179,2.299331738799481,False
M_PUB_ALL_domain,13.0,180,2.3066662573000065,False
M_PUB_ALL_domain,13.0,181,2.329705712927232,False
M_PUB_ALL_domain,13.0,182,2.348217620462614,False
M_PUB_ALL_domain,13.0,183,2.357854716636158,False
M_PUB_ALL_domain,13.0,184,2.3741153953448975,False
M_PUB_ALL_domain,13.0,185,2.387431022785396,False
M_PUB_ALL_domain,13.0,186,2.3954211791719446,False
M_PUB_ALL_domain,13.0,187,2.40007372000051,False
M_PUB_ALL_domain,13.0,188,2.4016975298324446,False
M_PUB_ALL_domain,13.0,189,2.4223179887135196,False
M_PUB_ALL_domain,13.0,190,2.437931183849179,False
M_PUB_ALL_domain,13.0,191,2.451609322426614,False
M_PUB_ALL_domain,13.0,192,2.4550838197946003,False
M_PUB_ALL_domain,13.0,193,2.4838038219018617,False
M_PUB_ALL_domain,13.0,194,2.487873622713324,False
M_PUB_ALL_domain,13.0,195,2.4960166657174443,False
M_PUB_ALL_domain,13.0,196,2.5026961679503144,False
M_PUB_ALL_domain,13.0,197,2.5106410586804264,False
M_PUB_ALL_domain,13.0,198,2.540995587310992,False
M_PUB_ALL_domain,13.0,199,2.55095334137866,False
M_PUB_ALL_domain,13.0,200,2.5596866328306462,False
M_PUB_ALL_domain,13.0,201,2.573465542256565,False
M_PUB_ALL_domain,13.0,202,2.5969442586776603,False
M_PUB_ALL_domain,13.0,203,2.610820250875794,False
M_PUB_ALL_domain,13.0,204,2.623884980779908,False
M_PUB_ALL_domain,13.0,205,2.6400571742383128,False
M_PUB_ALL_domain,13.0,206,2.6489879552615405,False
M_PUB_ALL_domain,13.0,207,2.664287337566327,False
M_PUB_ALL_domain,13.0,208,2.6733906845860873,False
M_PUB_ALL_domain,13.0,209,2.687175034806181,False
M_PUB_ALL_domain,13.0,210,2.6964193938007686,False
M_PUB_ALL_domain,13.0,211,2.7124638019004417,False
M_PUB_ALL_domain,13.0,212,2.717984196556248,False
M_PUB_ALL_domain,13.0,213,2.752630582353156,False
M_PUB_ALL_domain,13.0,214,2.754961102431681,False
M_PUB_ALL_domain,13.0,215,2.7691067874495565,False
M_PUB_ALL_domain,13.0,216,2.7849202284172225,False
M_PUB_ALL_domain,13.0,217,2.8013029286546374,False
M_PUB_ALL_domain,13.0,218,2.8141098325141014,False
M_PUB_ALL_domain,13.0,219,2.816967477074971,False
M_PUB_ALL_domain,13.0,220,2.8460993481771024,False
M_PUB_ALL_domain,13.0,221,2.8498104120704517,False
M_PUB_ALL_domain,13.0,222,2.8609433391764787,False
M_PUB_ALL_domain,13.0,223,2.870884470233194,False
M_PUB_ALL_domain,13.0,224,2.891736919350672,False
M_PUB_ALL_domain,13.0,225,2.8982417135578245,False
M_PUB_ALL_domain,13.0,226,2.9206076982459597,False
M_PUB_ALL_domain,13.0,227,2.944034234226968,False
M_PUB_ALL_domain,13.0,228,2.9548216218751846,False
M_PUB_ALL_domain,13.0,229,2.965820698764609,False
M_PUB_ALL_domain,13.0,230,2.975909854244375,False
M_PUB_ALL_domain,13.0,231,2.993385473002919,False
M_PUB_ALL_domain,13.0,232,2.9992564605581196,False
M_PUB_ALL_domain,13.0,233,3.0142521631789148,False
M_PUB_ALL_domain,13.0,234,3.0249444371037995,False
M_PUB_ALL_domain,13.0,235,3.0265624345429027,False
M_PUB_ALL_domain,13.0,236,3.0463273818057552,False
M_PUB_ALL_domain,13.0,237,3.0679507392473697,False
M_PUB_ALL_domain,13.0,238,3.0840196295171096,False
M_PUB_ALL_domain,13.0,239,3.089362218782323,False
M_PUB_ALL_domain,13.0,240,3.0941754221935205,False
M_PUB_ALL_domain,13.0,241,3.1032340725144745,False
M_PUB_ALL_domain,13.0,242,3.11523312114952,False
M_PUB_ALL_domain,13.0,243,3.1214223853129255,False
M_PUB_ALL_domain,13.0,244,3.1341770924701757,False
M_PUB_ALL_domain,13.0,245,3.140812583050063,False
M_PUB_ALL_domain,13.0,246,3.1557023206334387,False
M_PUB_ALL_domain,13.0,247,3.1764466536971834,False
M_PUB_ALL_domain,13.0,248,3.1925063812942494,False
M_PUB_ALL_domain,13.0,249,3.196526345157208,False
M_PUB_ALL_domain,13.0,250,3.2024602862821965,False
M_PUB_ALL_domain,13.0,251,3.2124563479071675,False
M_PUB_ALL_domain,13.0,252,3.216968130615475,False
M_PUB_ALL_domain,13.0,253,3.2404694099083553,False
M_PUB_ALL_domain,13.0,254,3.2454900325116047,False
M_PUB_ALL_domain,13.0,255,3.2514573020378315,False
M_PUB_ALL_domain,13.0,256,3.256382913153178,False
M_PUB_ALL_domain,13.0,257,3.2591043762476186,False
M_PUB_ALL_domain,13.0,258,3.281745244538983,False
M_PUB_ALL_domain,13.0,259,3.2842938991410597,False
M_PUB_ALL_domain,13.0,260,3.2999786186717714,False
M_PUB_ALL_domain,13.0,261,3.3152609730238414,False
M_PUB_ALL_domain,13.0,262,3.322664319945129,False
M_PUB_ALL_domain,13.0,263,3.329434733695389,False
M_PUB_ALL_domain,13.0,264,3.3412475848071113,False
M_PUB_ALL_domain,13.0,265,3.3524611101819763,False
M_PUB_ALL_domain,13.0,266,3.3581538745388833,False
M_PUB_ALL_domain,13.0,267,3.381169484868512,False
M_PUB_ALL_domain,13.0,268,3.389637647451799,False
M_PUB_ALL_domain,13.0,269,3.3925842090827096,False
M_PUB_ALL_domain,13.0,270,3.404493425299085,False
M_PUB_ALL_domain,13.0,271,3.4086807352600417,False
M_PUB_ALL_domain,13.0,272,3.440820865264697,False
M_PUB_ALL_domain,13.0,273,3.4523005966563094,False
M_PUB_ALL_domain,13.0,274,3.4639475815736844,False
M_PUB_ALL_domain,13.0,275,3.482176446989501,False
M_PUB_ALL_domain,13.0,276,3.490587362024675,False
M_PUB_ALL_domain,13.0,277,3.50999240773193,False
M_PUB_ALL_domain,13.0,278,3.512882838115699,False
M_PUB_ALL_domain,13.0,279,3.532931998214968,False
M_PUB_ALL_domain,13.0,280,3.542509642389749,False
M_PUB_ALL_domain,13.0,281,3.5458707839373385,False
M_PUB_ALL_domain,13.0,282,3.552908541037886,False
M_PUB_ALL_domain,13.0,283,3.5731046264472326,False
M_PUB_ALL_domain,13.0,284,3.5803312771667732,False
M_PUB_ALL_domain,13.0,285,3.6064793088688556,False
M_PUB_ALL_domain,13.0,286,3.61180116438389,False
M_PUB_ALL_domain,13.0,287,3.627630249084038,False
M_PUB_ALL_domain,13.0,288,3.6348463822592403,False
M_PUB_ALL_domain,13.0,289,3.6510555483637144,False
M_PUB_ALL_domain,13.0,290,3.655982378910604,False
M_PUB_ALL_domain,13.0,291,3.6681303041201456,False
M_PUB_ALL_domain,13.0,292,3.6767131880645416,False
M_PUB_ALL_domain,13.0,293,3.682255305569884,False
M_PUB_ALL_domain,13.0,294,3.695129432932035,False
M_PUB_ALL_domain,13.0,295,3.711421444549076,False
M_PUB_ALL_domain,13.0,296,3.7196617411245416,False
M_PUB_ALL_domain,13.0,297,3.734176184304314,False
M_PUB_ALL_domain,13.0,298,3.7435098890559146,False
M_PUB_ALL_domain,13.0,299,3.7562816027094836,False
M_PUB_ALL_domain,13.0,300,3.7795944712979224,False
M_PUB_ALL_domain,13.0,301,3.789605692396591,False
M_PUB_ALL_domain,13.0,302,3.7979359919318045,False
M_PUB_ALL_domain,13.0,303,3.8082978103254206,False
M_PUB_ALL_domain,13.0,304,3.8298868280960057,False
M_PUB_ALL_domain,13.0,305,3.839645898577398,False
M_PUB_ALL_domain,13.0,306,3.8504378661259504,False
M_PUB_ALL_domain,13.0,307,3.864737682936827,False
M_PUB_ALL_domain,13.0,308,3.882623574266315,False
M_PUB_ALL_domain,13.0,309,3.9012794348717645,False
M_PUB_ALL_domain,13.0,310,3.9084582990679992,False
M_PUB_ALL_domain,13.0,311,3.9396249874765044,False
M_PUB_ALL_domain,13.0,312,3.948840078571256,False
M_PUB_ALL_domain,13.0,313,3.9601166144734576,False
M_PUB_ALL_domain,13.0,314,3.980915477586599,False
M_PUB_ALL_domain,13.0,315,3.994005301397637,False
M_PUB_ALL_domain,13.0,316,4.007236606079391,False
M_PUB_ALL_domain,13.0,317,4.01516863188222,False
M_PUB_ALL_domain,13.0,318,4.02379187106802,False
M_PUB_ALL_domain,13.0,319,4.03693795791661,False
M_PUB_ALL_domain,13.0,320,4.044172470498195,False
M_PUB_ALL_domain,13.0,321,4.056010718941357,False
M_PUB_ALL_domain,13.0,322,4.065185523948402,False
M_PUB_ALL_domain,13.0,323,4.081256024257028,False
M_PUB_ALL_domain,13.0,324,4.09259333995769,False
M_PUB_ALL_domain,13.0,325,4.100232134204629,False
M_PUB_ALL_domain,13.0,326,4.111519703156127,False
M_PUB_ALL_domain,13.0,327,4.123197415421334,False
M_PUB_ALL_domain,13.0,328,4.144685448489121,False
M_PUB_ALL_domain,13.0,329,4.155706987717902,False
M_PUB_ALL_domain,13.0,330,4.1688745153413205,False
M_PUB_ALL_domain,13.0,331,4.182495355657709,False
M_PUB_ALL_domain,13.0,332,4.20755249193485,False
M_PUB_ALL_domain,13.0,333,4.217298073534364,False
M_PUB_ALL_domain,13.0,334,4.235327359333005,False
M_PUB_ALL_domain,13.0,335,4.247364057786862,False
M_PUB_ALL_domain,13.0,336,4.254995062218119,False
M_PUB_ALL_domain,13.0,337,4.262896190836631,False
M_PUB_ALL_domain,13.0,338,4.282018166386311,False
M_PUB_ALL_domain,13.0,339,4.28684401670995,False
M_PUB_ALL_domain,13.0,340,4.290950640866999,False
M_PUB_ALL_domain,13.0,341,4.328721247479077,False
M_PUB_ALL_domain,13.0,342,4.333370123501119,False
M_PUB_ALL_domain,13.0,343,4.354732206512104,False
M_PUB_ALL_domain,13.0,344,4.36261892898647,False
M_PUB_ALL_domain,13.0,345,4.367903723151071,False
M_PUB_ALL_domain,13.0,346,4.3826267409229835,False
M_PUB_ALL_domain,13.0,347,4.390279181022083,False
M_PUB_ALL_domain,13.0,348,4.425801781849991,False
M_PUB_ALL_domain,13.0,349,4.4389490309747845,False
M_PUB_ALL_domain,13.0,350,4.449428782439967,False
M_PUB_ALL_domain,13.0,351,4.452987369247787,False
M_PUB_ALL_domain,13.0,352,4.477214456011996,False
M_PUB_ALL_domain,13.0,353,4.498372844997572,False
M_PUB_ALL_domain,13.0,354,4.516697752192003,False
M_PUB_ALL_domain,13.0,355,4.531803463845258,False
M_PUB_ALL_domain,13.0,356,4.537787866914139,False
M_PUB_ALL_domain,13.0,357,4.5491570922597555,False
M_PUB_ALL_domain,13.0,358,4.56169798715124,False
M_PUB_ALL_domain,13.0,359,4.583205993978001,False
M_PUB_ALL_domain,13.0,360,4.598059981594338,False
M_PUB_ALL_domain,13.0,361,4.605651137839515,False
M_PUB_ALL_domain,13.0,362,4.609553028662332,False
M_PUB_ALL_domain,13.0,363,4.622377142459117,False
M_PUB_ALL_domain,13.0,364,4.633854131444168,False
M_PUB_ALL_domain,13.0,365,4.648711413766518,False
M_PUB_ALL_domain,13.0,366,4.6737650249338465,False
M_PUB_ALL_domain,13.0,367,4.683886678247447,False
M_PUB_ALL_domain,13.0,368,4.685609673004805,False
M_PUB_ALL_domain,13.0,369,4.716417323154565,False
M_PUB_ALL_domain,13.0,370,4.728602412100287,False
M_PUB_ALL_domain,13.0,371,4.740886948555498,False
M_PUB_ALL_domain,13.0,372,4.755040590023495,False
M_PUB_ALL_domain,13.0,373,4.75841039517427,False
M_PUB_ALL_domain,13.0,374,4.776138893593366,False
M_PUB_ALL_domain,13.0,375,4.788731288304808,False
M_PUB_ALL_domain,13.0,376,4.7961798030672895,False
M_PUB_ALL_domain,13.0,377,4.806515558517917,False
M_PUB_ALL_domain,13.0,378,4.815280067565757,False
M_PUB_ALL_domain,13.0,379,4.82841087184834,False
M_PUB_ALL_domain,13.0,380,4.841241131437018,False
M_PUB_ALL_domain,13.0,381,4.868490623937013,False
M_PUB_ALL_domain,13.0,382,4.874885467108405,False
M_PUB_ALL_domain,13.0,383,4.885692651819233,False
M_PUB_ALL_domain,13.0,384,4.890581467797468,False
M_PUB_ALL_domain,13.0,385,4.8969187162655805,False
M_PUB_ALL_domain,13.0,386,4.9268945297713564,False
M_PUB_ALL_domain,13.0,387,4.941237241086903,False
M_PUB_ALL_domain,13.0,388,4.953773349402679,False
M_PUB_ALL_domain,13.0,389,4.95838622162436,False
M_PUB_ALL_domain,13.0,390,4.969320447137908,False
M_PUB_ALL_domain,13.0,391,4.996139688192053,False
M_PUB_ALL_domain,13.0,392,5.0109145011335645,False
M_PUB_ALL_domain,13.0,393,5.031625829345252,False
M_PUB_ALL_domain,13.0,394,5.035698954912248,False
M_PUB_ALL_domain,13.0,395,5.047968535596368,False
M_PUB_ALL_domain,13.0,396,5.053426822500473,False
M_PUB_ALL_domain,13.0,397,5.078348037460772,False
M_PUB_ALL_domain,13.0,398,5.091608834570622,False
M_PUB_ALL_domain,13.0,399,5.0964195865684045,False
M_PUB_ALL_domain,13.0,400,5.11312456787646,False
M_PUB_ALL_domain,13.0,401,5.119607978773365,False
M_PUB_ALL_domain,13.0,402,5.141796161375985,False
M_PUB_ALL_domain,13.0,403,5.1556107832743185,False
M_PUB_ALL_domain,13.0,404,5.177412076901712,False
M_PUB_ALL_domain,13.0,405,5.188609658718147,False
M_PUB_ALL_domain,13.0,406,5.193625989045788,False
M_PUB_ALL_domain,13.0,407,5.1980926090637825,False
M_PUB_ALL_domain,13.0,408,5.208299643338368,False
M_PUB_ALL_domain,13.0,409,5.232552039028809,False
M_PUB_ALL_domain,13.0,410,5.238161588210147,False
M_PUB_ALL_domain,13.0,411,5.258290696037975,False
M_PUB_ALL_domain,13.0,412,5.278433215616233,False
M_PUB_ALL_domain,13.0,413,5.288220097808943,False
M_PUB_ALL_domain,13.0,414,5.308093392354778,False
M_PUB_ALL_domain,13.0,415,5.321080441429065,False
M_PUB_ALL_domain,13.0,416,5.335460188228667,False
M_PUB_ALL_domain,13.0,417,5.338695728851466,False
M_PUB_ALL_domain,13.0,418,5.370120342324177,False
M_PUB_ALL_domain,13.0,419,5.388720823860367,False
M_PUB_ALL_domain,13.0,420,5.397913061150709,False
M_PUB_ALL_domain,13.0,421,5.401309339526144,False
M_PUB_ALL_domain,13.0,422,5.418473066864714,False
M_PUB_ALL_domain,13.0,423,5.427478301457207,False
M_PUB_ALL_domain,13.0,424,5.4429974321636205,False
M_PUB_ALL_domain,13.0,425,5.450944880441886,False
M_PUB_ALL_domain,13.0,426,5.458242007139608,False
M_PUB_ALL_domain,13.0,427,5.470717952799081,False
M_PUB_ALL_domain,13.0,428,5.478648169480599,False
M_PUB_ALL_domain,13.0,429,5.4867095513727735,False
M_PUB_ALL_domain,13.0,430,5.499998379102061,False
M_PUB_ALL_domain,13.0,431,5.508872183952424,False
M_PUB_ALL_domain,13.0,432,5.52122631581699,False
M_PUB_ALL_domain,13.0,433,5.531612901924217,False
M_PUB_ALL_domain,13.0,434,5.550460504084089,False
M_PUB_ALL_domain,13.0,435,5.581080826142836,False
M_PUB_ALL_domain,13.0,436,5.586138138389519,False
M_PUB_ALL_domain,13.0,437,5.5935076275515385,False
M_PUB_ALL_domain,13.0,438,5.610400725684471,False
M_PUB_ALL_domain,13.0,439,5.617246434472244,False
M_PUB_ALL_domain,13.0,440,5.634521475875236,False
M_PUB_ALL_domain,13.0,441,5.643532165446122,False
M_PUB_ALL_domain,13.0,442,5.656534874743131,False
M_PUB_ALL_domain,13.0,443,5.6722037426955865,False
M_PUB_ALL_domain,13.0,444,5.674507945815368,False
M_PUB_ALL_domain,13.0,445,5.685385794205769,False
M_PUB_ALL_domain,13.0,446,5.6990055722978115,False
M_PUB_ALL_domain,13.0,447,5.702533611164973,False
M_PUB_ALL_domain,13.0,448,5.717876613449183,False
M_PUB_ALL_domain,13.0,449,5.738179003767569,False
M_PUB_ALL_domain,13.0,450,5.754944472920385,False
M_PUB_ALL_domain,13.0,451,5.7681968602319715,False
M_PUB_ALL_domain,13.0,452,5.773626305105555,False
M_PUB_ALL_domain,13.0,453,5.781167565689771,False
M_PUB_ALL_domain,13.0,454,5.794678952859716,False
M_PUB_ALL_domain,13.0,455,5.804832882994107,False
M_PUB_ALL_domain,13.0,456,5.815205774773366,False
M_PUB_ALL_domain,13.0,457,5.82940222163704,False
M_PUB_ALL_domain,13.0,458,5.842708572188182,False
M_PUB_ALL_domain,13.0,459,5.860748757008249,False
M_PUB_ALL_domain,13.0,460,5.8780785062099365,False
M_PUB_ALL_domain,13.0,461,5.878694502486535,False
M_PUB_ALL_domain,13.0,462,5.88438421247866,False
M_PUB_ALL_domain,13.0,463,5.90156116598197,False
M_PUB_ALL_domain,13.0,464,5.908848020712841,False
M_PUB_ALL_domain,13.0,465,5.9218662432724125,False
M_PUB_ALL_domain,13.0,466,5.928946222016784,False
M_PUB_ALL_domain,13.0,467,5.936725628696329,False
M_PUB_ALL_domain,13.0,468,5.951064788316776,False
M_PUB_ALL_domain,13.0,469,5.96157170357463,False
M_PUB_ALL_domain,13.0,470,5.974571757604168,False
M_PUB_ALL_domain,13.0,471,5.992248834279038,False
M_PUB_ALL_domain,13.0,472,5.998133296015605,False
M_PUB_ALL_domain,13.0,473,6.026771338817708,False
M_PUB_ALL_domain,13.0,474,6.039161437176877,False
M_PUB_ALL_domain,13.0,475,6.046480203331393,False
M_PUB_ALL_domain,13.0,476,6.0581712608622444,False
M_PUB_ALL_domain,13.0,477,6.066231044723754,False
M_PUB_ALL_domain,13.0,478,6.088440489303143,False
M_PUB_ALL_domain,13.0,479,6.096269685925642,False
M_PUB_ALL_domain,13.0,480,6.103618437707207,False
M_PUB_ALL_domain,13.0,481,6.110108056921522,False
M_PUB_ALL_domain,13.0,482,6.130387794215471,False
M_PUB_ALL_domain,13.0,483,6.133293267272751,False
M_PUB_ALL_domain,13.0,484,6.143058480365847,False
M_PUB_ALL_domain,13.0,485,6.151443421821146,False
M_PUB_ALL_domain,13.0,486,6.157621099348419,False
M_PUB_ALL_domain,13.0,487,6.167496397651242,False
M_PUB_ALL_domain,13.0,488,6.179919757814706,False
M_PUB_ALL_domain,13.0,489,6.191225758279069,False
M_PUB_ALL_domain,13.0,490,6.2045345713109015,False
M_PUB_ALL_domain,13.0,491,6.212985522897375,False
M_PUB_ALL_domain,13.0,492,6.233001947154966,False
M_PUB_ALL_domain,13.0,493,6.244007929770403,False
M_PUB_ALL_domain,13.0,494,6.249258687323364,False
M_PUB_ALL_domain,13.0,495,6.253551654666332,False
M_PUB_ALL_domain,13.0,496,6.269270007245152,False
M_PUB_ALL_domain,13.0,497,6.281051521782164,False
M_PUB_ALL_domain,13.0,498,6.295330128360944,False
M_PUB_ALL_domain,13.0,499,6.309767753559352,False
M_PUB_ALL_domain,13.0,500,6.3185532317661215,False
M_PUB_ALL_domain,13.0,501,6.328085978147169,False
M_PUB_ALL_domain,13.0,502,6.342935759415645,False
M_PUB_ALL_domain,13.0,503,6.356714550279816,False
M_PUB_ALL_domain,13.0,504,6.361333360742915,False
M_PUB_ALL_domain,13.0,505,6.3770212658561665,False
M_PUB_ALL_domain,13.0,506,6.3936679576668105,False
M_PUB_ALL_domain,13.0,507,6.401008624184615,False
M_PUB_ALL_domain,13.0,508,6.4091499580422875,False
M_PUB_ALL_domain,13.0,509,6.41708487091032,False
M_PUB_ALL_domain,13.0,510,6.42760754931641,False
M_PUB_ALL_domain,13.0,511,6.443075101184033,False
M_PUB_ALL_domain,13.0,512,6.456480334528879,False
M_PUB_ALL_domain,13.0,513,6.46721370117678,False
M_PUB_ALL_domain,13.0,514,6.4720445251789664,False
M_PUB_ALL_domain,13.0,515,6.489843334837235,False
M_PUB_ALL_domain,13.0,516,6.4967444250168285,False
M_PUB_ALL_domain,13.0,517,6.505876092889694,False
M_PUB_ALL_domain,13.0,518,6.513024345644746,False
M_PUB_ALL_domain,13.0,519,6.516586403280201,False
M_PUB_ALL_domain,13.0,520,6.541900618621324,False
M_PUB_ALL_domain,13.0,521,6.551206301859353,False
M_PUB_ALL_domain,13.0,522,6.561455926136327,False
M_PUB_ALL_domain,13.0,523,6.566515627120633,False
M_PUB_ALL_domain,13.0,524,6.586976592823479,False
M_PUB_ALL_domain,13.0,525,6.600637310709008,False
M_PUB_ALL_domain,13.0,526,6.601790622679956,False
M_PUB_ALL_domain,13.0,527,6.611529512740925,False
M_PUB_ALL_domain,13.0,528,6.626845342844543,False
M_PUB_ALL_domain,13.0,529,6.629336635957542,False
M_PUB_ALL_domain,13.0,530,6.642194635999181,False
M_PUB_ALL_domain,13.0,531,6.6540651767286745,False
M_PUB_ALL_domain,13.0,532,6.664809564891173,False
M_PUB_ALL_domain,13.0,533,6.6812625488737805,False
M_PUB_ALL_domain,13.0,534,6.6845221754579525,False
M_PUB_ALL_domain,13.0,535,6.697922228567069,False
M_PUB_ALL_domain,13.0,536,6.702432851622572,False
M_PUB_ALL_domain,13.0,537,6.725939347194408,False
M_PUB_ALL_domain,13.0,538,6.7356476239482825,False
M_PUB_ALL_domain,13.0,539,6.741010217980638,False
M_PUB_ALL_domain,13.0,540,6.744478770625459,False
M_PUB_ALL_domain,13.0,541,6.7578645190853885,False
M_PUB_ALL_domain,13.0,542,6.7636209768319535,False
M_PUB_ALL_domain,13.0,543,6.774591589412619,False
M_PUB_ALL_domain,13.0,544,6.788452550935303,False
M_PUB_ALL_domain,13.0,545,6.805032193036692,False
M_PUB_ALL_domain,13.0,546,6.815110483262648,False
M_PUB_ALL_domain,13.0,547,6.834625548389839,False
M_PUB_ALL_domain,13.0,548,6.8381429850932,False
M_PUB_ALL_domain,13.0,549,6.840818527426906,False
M_PUB_ALL_domain,13.0,550,6.847594578492831,False
M_PUB_ALL_domain,13.0,551,6.84984234827218,False
M_PUB_ALL_domain,13.0,552,6.8563642574948345,False
M_PUB_ALL_domain,13.0,553,6.868756038191523,False
M_PUB_ALL_domain,13.0,554,6.875879117633942,False
M_PUB_ALL_domain,13.0,555,6.8864655789105225,False
M_PUB_ALL_domain,13.0,556,6.888192958969767,False
M_PUB_ALL_domain,13.0,557,6.904393968689494,False
M_PUB_ALL_domain,13.0,558,6.908612947502121,False
M_PUB_ALL_domain,13.0,559,6.92372104888858,False
M_PUB_ALL_domain,13.0,560,6.93874302303816,False
M_PUB_ALL_domain,13.0,561,6.952258596629591,False
M_PUB_ALL_domain,13.0,562,6.956936852602383,False
M_PUB_ALL_domain,13.0,563,6.959603132264832,False
M_PUB_ALL_domain,13.0,564,6.9810792309356335,False
M_PUB_ALL_domain,13.0,565,6.983446938743578,False
M_PUB_ALL_domain,13.0,566,6.98533266013078,False
M_PUB_ALL_domain,13.0,567,7.002172299505325,False
M_PUB_ALL_domain,13.0,568,7.013431071031692,False
M_PUB_ALL_domain,13.0,569,7.02774798700409,False
M_PUB_ALL_domain,13.0,570,7.035223558788084,False
M_PUB_ALL_domain,13.0,571,7.050897398530066,False
M_PUB_ALL_domain,13.0,572,7.056786317827959,False
M_PUB_ALL_domain,13.0,573,7.064185093383868,False
M_PUB_ALL_domain,13.0,574,7.07300131489374,False
M_PUB_ALL_domain,13.0,575,7.094002965277678,False
M_PUB_ALL_domain,13.0,576,7.1044193225148655,False
M_PUB_ALL_domain,13.0,577,7.111889392846528,False
M_PUB_ALL_domain,13.0,578,7.121417888843361,False
M_PUB_ALL_domain,13.0,579,7.123499482350873,False
M_PUB_ALL_domain,13.0,580,7.129156927521832,False
M_PUB_ALL_domain,13.0,581,7.143184496081378,False
M_PUB_ALL_domain,13.0,582,7.155588344520469,False
M_PUB_ALL_domain,13.0,583,7.159553788879545,False
M_PUB_ALL_domain,13.0,584,7.166451040680623,False
M_PUB_ALL_domain,13.0,585,7.182812206926585,False
M_PUB_ALL_domain,13.0,586,7.184936661658577,False
M_PUB_ALL_domain,13.0,587,7.20227652669839,False
M_PUB_ALL_domain,13.0,588,7.209089651376519,False
M_PUB_ALL_domain,13.0,589,7.218774756130172,False
M_PUB_ALL_domain,13.0,590,7.221576794474474,False
M_PUB_ALL_domain,13.0,591,7.22767836655364,False
M_PUB_ALL_domain,13.0,592,7.2406907014917925,False
M_PUB_ALL_domain,13.0,593,7.245110852866053,False
M_PUB_ALL_domain,13.0,594,7.260930091651791,False
M_PUB_ALL_domain,13.0,595,7.280287984997418,False
M_PUB_ALL_domain,13.0,596,7.287745170232366,False
M_PUB_ALL_domain,13.0,597,7.304950010710937,False
M_PUB_ALL_domain,13.0,598,7.3124787060385374,False
M_PUB_ALL_domain,13.0,599,7.325218036087809,False
M_PUB_ALL_domain,13.0,600,7.330679638503721,False
M_PUB_ALL_domain,13.0,601,7.36333876075328,False
M_PUB_ALL_domain,13.0,602,7.377516370198479,False
M_PUB_ALL_domain,13.0,603,7.38535381134971,False
M_PUB_ALL_domain,13.0,604,7.387924597669823,False
M_PUB_ALL_domain,13.0,605,7.403271721598595,False
M_PUB_ALL_domain,13.0,606,7.413948197069163,False
M_PUB_ALL_domain,13.0,607,7.416409940170355,False
M_PUB_ALL_domain,13.0,608,7.421564108517316,False
M_PUB_ALL_domain,13.0,609,7.4325213922622,False
M_PUB_ALL_domain,13.0,610,7.441513701100766,False
M_PUB_ALL_domain,13.0,611,7.451633475081251,False
M_PUB_ALL_domain,13.0,612,7.469551322680134,False
M_PUB_ALL_domain,13.0,613,7.472050004853438,False
M_PUB_ALL_domain,13.0,614,7.4858358766320485,False
M_PUB_ALL_domain,13.0,615,7.499640467567971,False
M_PUB_ALL_domain,13.0,616,7.506782136555188,False
M_PUB_ALL_domain,13.0,617,7.512251073558924,False
M_PUB_ALL_domain,13.0,618,7.5186910810851835,False
M_PUB_ALL_domain,13.0,619,7.52395475842098,False
M_PUB_ALL_domain,13.0,620,7.544206209140789,False
M_PUB_ALL_domain,13.0,621,7.551019112326716,False
M_PUB_ALL_domain,13.0,622,7.554085290029494,False
M_PUB_ALL_domain,13.0,623,7.55987780962766,False
M_PUB_ALL_domain,13.0,624,7.572847994661438,False
M_PUB_ALL_domain,13.0,625,7.58203838740661,False
M_PUB_ALL_domain,13.0,626,7.585776557630514,False
M_PUB_ALL_domain,13.0,627,7.586270599530922,False
M_PUB_ALL_domain,13.0,628,7.61240098947798,False
M_PUB_ALL_domain,13.0,629,7.615148784430728,False
M_PUB_ALL_domain,13.0,630,7.620036492265533,False
M_PUB_ALL_domain,13.0,631,7.6223546301237235,False
M_PUB_ALL_domain,13.0,632,7.6374599000141705,False
M_PUB_ALL_domain,13.0,633,7.643373007082914,False
M_PUB_ALL_domain,13.0,634,7.661159289504226,False
M_PUB_ALL_domain,13.0,635,7.677430886024026,False
M_PUB_ALL_domain,13.0,636,7.688323401139298,False
M_PUB_ALL_domain,13.0,637,7.702559415356316,False
M_PUB_ALL_domain,13.0,638,7.721188810984412,False
M_PUB_ALL_domain,13.0,639,7.7293846888175555,False
M_PUB_ALL_domain,13.0,640,7.738114224733879,False
M_PUB_ALL_domain,13.0,641,7.742911011191302,False
M_PUB_ALL_domain,13.0,642,7.753370656559194,False
M_PUB_ALL_domain,13.0,643,7.766125039376059,False
M_PUB_ALL_domain,13.0,644,7.781893746880218,False
M_PUB_ALL_domain,13.0,645,7.790660510729276,False
M_PUB_ALL_domain,13.0,646,7.796089004296658,False
M_PUB_ALL_domain,13.0,647,7.8009795484966755,False
M_PUB_ALL_domain,13.0,648,7.814386457592459,False
M_PUB_ALL_domain,13.0,649,7.830209247825994,False
M_PUB_ALL_domain,13.0,650,7.834974066241331,False
M_PUB_ALL_domain,13.0,651,7.84904102063898,False
M_PUB_ALL_domain,13.0,652,7.860879178816978,False
M_PUB_ALL_domain,13.0,653,7.865123155382311,False
M_PUB_ALL_domain,13.0,654,7.8802793882004485,False
M_PUB_ALL_domain,13.0,655,7.892926339140164,False
M_PUB_ALL_domain,13.0,656,7.901861222148876,False
M_PUB_ALL_domain,13.0,657,7.917193418587474,False
M_PUB_ALL_domain,13.0,658,7.929754047366588,False
M_PUB_ALL_domain,13.0,659,7.939338561569874,False
M_PUB_ALL_domain,13.0,660,7.945300302582227,False
M_PUB_ALL_domain,13.0,661,7.9754614822235546,False
M_PUB_ALL_domain,13.0,662,7.983866856042009,False
M_PUB_ALL_domain,13.0,663,7.9941454423812,False
M_PUB_ALL_domain,13.0,664,8.000964600971736,False
M_PUB_ALL_domain,13.0,665,8.008175675578086,False
M_PUB_ALL_domain,13.0,666,8.025977697699904,False
M_PUB_ALL_domain,13.0,667,8.037193766694443,False
M_PUB_ALL_domain,13.0,668,8.03943482228622,False
M_PUB_ALL_domain,13.0,669,8.04603572419197,False
M_PUB_ALL_domain,13.0,670,8.049056249167661,False
M_PUB_ALL_domain,13.0,671,8.06484662507134,False
M_PUB_ALL_domain,13.0,672,8.066071285987858,False
M_PUB_ALL_domain,13.0,673,8.087271148181381,False
M_PUB_ALL_domain,13.0,674,8.095730458942294,False
M_PUB_ALL_domain,13.0,675,8.117420986046838,False
M_PUB_ALL_domain,13.0,676,8.131676693373329,False
M_PUB_ALL_domain,13.0,677,8.138471348205986,False
M_PUB_ALL_domain,13.0,678,8.153967188132217,False
M_PUB_ALL_domain,13.0,679,8.161446836005597,False
M_PUB_ALL_domain,13.0,680,8.177461718128471,False
M_PUB_ALL_domain,13.0,681,8.191223429454247,False
M_PUB_ALL_domain,13.0,682,8.19763157293319,False
M_PUB_ALL_domain,13.0,683,8.204411562777587,False
M_PUB_ALL_domain,13.0,684,8.217639853593358,False
M_PUB_ALL_domain,13.0,685,8.223484118004135,False
M_PUB_ALL_domain,13.0,686,8.233302601582155,False
M_PUB_ALL_domain,13.0,687,8.244822958661672,False
M_PUB_ALL_domain,13.0,688,8.254356070236806,False
M_PUB_ALL_domain,13.0,689,8.269337057365826,False
M_PUB_ALL_domain,13.0,690,8.279108728215464,False
M_PUB_ALL_domain,13.0,691,8.297731818371417,False
M_PUB_ALL_domain,13.0,692,8.30468249892094,False
M_PUB_ALL_domain,13.0,693,8.314053906904096,False
M_PUB_ALL_domain,13.0,694,8.315215751610571,False
M_PUB_ALL_domain,13.0,695,8.324555174009847,False
M_PUB_ALL_domain,13.0,696,8.329702096146205,False
M_PUB_ALL_domain,13.0,697,8.345280658378533,False
M_PUB_ALL_domain,13.0,698,8.356455928266922,False
M_PUB_ALL_domain,13.0,699,8.374284157777238,False
M_PUB_ALL_domain,13.0,700,8.384068536311473,False
M_PUB_ALL_domain,13.0,701,8.395528073410919,False
M_PUB_ALL_domain,13.0,702,8.398366266514236,False
M_PUB_ALL_domain,13.0,703,8.40638951015456,False
M_PUB_ALL_domain,13.0,704,8.416059019829374,False
M_PUB_ALL_domain,13.0,705,8.426140517153472,False
M_PUB_ALL_domain,13.0,706,8.431109808416897,False
M_PUB_ALL_domain,13.0,707,8.440384074094368,False
M_PUB_ALL_domain,13.0,708,8.450100946414452,False
M_PUB_ALL_domain,13.0,709,8.456039445487804,False
M_PUB_ALL_domain,13.0,710,8.462705993118044,False
M_PUB_ALL_domain,13.0,711,8.468341849651155,False
M_PUB_ALL_domain,13.0,712,8.48004058847846,False
M_PUB_ALL_domain,13.0,713,8.494492276352279,False
M_PUB_ALL_domain,13.0,714,8.498300590828554,False
M_PUB_ALL_domain,13.0,715,8.50339979038781,False
M_PUB_ALL_domain,13.0,716,8.513243294062677,False
M_PUB_ALL_domain,13.0,717,8.524252552165962,False
M_PUB_ALL_domain,13.0,718,8.528431400956572,False
M_PUB_ALL_domain,13.0,719,8.546031217528109,False
M_PUB_ALL_domain,13.0,720,8.563198047766855,False
M_PUB_ALL_domain,13.0,721,8.574015922594944,False
M_PUB_ALL_domain,13.0,722,8.578394711914802,False
M_PUB_ALL_domain,13.0,723,8.590736948679115,False
M_PUB_ALL_domain,13.0,724,8.606636530714614,False
M_PUB_ALL_domain,13.0,725,8.608346979618991,False
M_PUB_ALL_domain,13.0,726,8.617239051207006,False
M_PUB_ALL_domain,13.0,727,8.634212283413495,False
M_PUB_ALL_domain,13.0,728,8.639961624373708,False
M_PUB_ALL_domain,13.0,729,8.651314975728319,False
M_PUB_ALL_domain,13.0,730,8.665489891087388,False
M_PUB_ALL_domain,13.0,731,8.678802704937633,False
M_PUB_ALL_domain,13.0,732,8.68160856983214,False
M_PUB_ALL_domain,13.0,733,8.693446834988725,False
M_PUB_ALL_domain,13.0,734,8.70127324845074,False
M_PUB_ALL_domain,13.0,735,8.714324396960183,False
M_PUB_ALL_domain,13.0,736,8.72437544361813,False
M_PUB_ALL_domain,13.0,737,8.7340069483711,False
M_PUB_ALL_domain,13.0,738,8.739770562498745,False
M_PUB_ALL_domain,13.0,739,8.757080792454838,False
M_PUB_ALL_domain,13.0,740,8.770741016936054,False
M_PUB_ALL_domain,13.0,741,8.782227495111778,False
M_PUB_ALL_domain,13.0,742,8.791663844981965,False
M_PUB_ALL_domain,13.0,743,8.80186652662338,False
M_PUB_ALL_domain,13.0,744,8.812693063112764,False
M_PUB_ALL_domain,13.0,745,8.827263900870788,False
M_PUB_ALL_domain,13.0,746,8.843032993434118,False
M_PUB_ALL_domain,13.0,747,8.85712829604844,False
M_PUB_ALL_domain,13.0,748,8.876936515050083,False
M_PUB_ALL_domain,13.0,749,8.885670330688756,False
M_PUB_ALL_domain,13.0,750,8.887914934066536,False
M_PUB_ALL_domain,13.0,751,8.897355466431677,False
M_PUB_ALL_domain,13.0,752,8.901718658465935,False
M_PUB_ALL_domain,13.0,753,8.915924089988037,False
M_PUB_ALL_domain,13.0,754,8.92152485804257,False
M_PUB_ALL_domain,13.0,755,8.933262161470212,False
M_PUB_ALL_domain,13.0,756,8.948657982738764,False
M_PUB_ALL_domain,13.0,757,8.982299466791982,False
M_PUB_ALL_domain,13.0,758,8.992848374820722,False
M_PUB_ALL_domain,13.0,759,8.995610257645149,False
M_PUB_ALL_domain,13.0,760,9.001670235998056,False
M_PUB_ALL_domain,13.0,761,9.01101462993882,False
M_PUB_ALL_domain,13.0,762,9.017228715444203,False
M_PUB_ALL_domain,13.0,763,9.02349423451287,False
M_PUB_ALL_domain,13.0,764,9.033493577401872,False
M_PUB_ALL_domain,13.0,765,9.054027273765561,False
M_PUB_ALL_domain,13.0,766,9.06511799465986,False
M_PUB_ALL_domain,13.0,767,9.070021482184833,False
M_PUB_ALL_domain,13.0,768,9.072032253322872,False
M_PUB_ALL_domain,13.0,769,9.102693296471653,False
M_PUB_ALL_domain,13.0,770,9.11685206210843,False
M_PUB_ALL_domain,13.0,771,9.129563151071364,False
M_PUB_ALL_domain,13.0,772,9.135202846416414,False
M_PUB_ALL_domain,13.0,773,9.14846134803795,False
M_PUB_ALL_domain,13.0,774,9.160159029553007,False
M_PUB_ALL_domain,13.0,775,9.164106409843313,False
M_PUB_ALL_domain,13.0,776,9.182777839030365,False
M_PUB_ALL_domain,13.0,777,9.18967466291257,False
M_PUB_ALL_domain,13.0,778,9.197886102038286,False
M_PUB_ALL_domain,13.0,779,9.212157338033576,False
M_PUB_ALL_domain,13.0,780,9.21606201362709,False
M_PUB_ALL_domain,13.0,781,9.224022670596572,False
M_PUB_ALL_domain,13.0,782,9.229955418592564,False
M_PUB_ALL_domain,13.0,783,9.243709417878598,False
M_PUB_ALL_domain,13.0,784,9.26305489212101,False
M_PUB_ALL_domain,13.0,785,9.26617651441516,False
M_PUB_ALL_domain,13.0,786,9.275987250347221,False
M_PUB_ALL_domain,13.0,787,9.282172439289885,False
M_PUB_ALL_domain,13.0,788,9.295632854089515,False
M_PUB_ALL_domain,13.0,789,9.302797203590107,False
M_PUB_ALL_domain,13.0,790,9.312831697195806,False
M_PUB_ALL_domain,13.0,791,9.333159584444005,False
M_PUB_ALL_domain,13.0,792,9.33450658507671,False
M_PUB_ALL_domain,13.0,793,9.336979154561106,False
M_PUB_ALL_domain,13.0,794,9.351696023669625,False
M_PUB_ALL_domain,13.0,795,9.35841657545037,False
M_PUB_ALL_domain,13.0,796,9.371847917999519,False
M_PUB_ALL_domain,13.0,797,9.37786567411788,False
M_PUB_ALL_domain,13.0,798,9.388279105524042,False
M_PUB_ALL_domain,13.0,799,9.396746513672044,False
M_PUB_ALL_domain,13.0,800,9.408401048340075,False
M_PUB_ALL_domain,13.0,801,9.41600313813866,False
M_PUB_ALL_domain,13.0,802,9.424823474201363,False
M_PUB_ALL_domain,13.0,803,9.433544016697473,False
M_PUB_ALL_domain,13.0,804,9.452087825299479,False
M_PUB_ALL_domain,13.0,805,9.464670977797624,False
M_PUB_ALL_domain,13.0,806,9.48318867696903,False
M_PUB_ALL_domain,13.0,807,9.495611568534192,False
M_PUB_ALL_domain,13.0,808,9.506514924082834,False
M_PUB_ALL_domain,13.0,809,9.515606655396057,False
M_PUB_ALL_domain,13.0,810,9.525498284134057,False
M_PUB_ALL_domain,13.0,811,9.532697727398501,False
M_PUB_ALL_domain,13.0,812,9.544623437522896,False
M_PUB_ALL_domain,13.0,813,9.548436606789044,False
M_PUB_ALL_domain,13.0,814,9.567651875338736,False
M_PUB_ALL_domain,13.0,815,9.568491016037724,False
M_PUB_ALL_domain,13.0,816,9.575237433516376,False
M_PUB_ALL_domain,13.0,817,9.592120506833355,False
M_PUB_ALL_domain,13.0,818,9.610447485839481,False
M_PUB_ALL_domain,13.0,819,9.618861027930414,False
M_PUB_ALL_domain,13.0,820,9.63497372516998,False
M_PUB_ALL_domain,13.0,821,9.639606849198413,False
M_PUB_ALL_domain,13.0,822,9.644159964770186,False
M_PUB_ALL_domain,13.0,823,9.667442299564991,False
M_PUB_ALL_domain,13.0,824,9.680140245646568,False
M_PUB_ALL_domain,13.0,825,9.692915991266366,False
M_PUB_ALL_domain,13.0,826,9.6963819532982,False
M_PUB_ALL_domain,13.0,827,9.699919707280506,False
M_PUB_ALL_domain,13.0,828,9.711387975028106,False
M_PUB_ALL_domain,13.0,829,9.718695511028644,False
M_PUB_ALL_domain,13.0,830,9.73476823835605,False
M_PUB_ALL_domain,13.0,831,9.74399254694596,False
M_PUB_ALL_domain,13.0,832,9.749841276875072,False
M_PUB_ALL_domain,13.0,833,9.76379011425442,False
M_PUB_ALL_domain,13.0,834,9.777309644610899,False
M_PUB_ALL_domain,13.0,835,9.784159002389794,False
M_PUB_ALL_domain,13.0,836,9.796360723729766,False
M_PUB_ALL_domain,13.0,837,9.805624346386733,False
M_PUB_ALL_domain,13.0,838,9.817453107840352,False
M_PUB_ALL_domain,13.0,839,9.828430842256802,False
M_PUB_ALL_domain,13.0,840,9.853833060015033,False
M_PUB_ALL_domain,13.0,841,9.865009258682923,False
M_PUB_ALL_domain,13.0,842,9.87795363760397,False
M_PUB_ALL_domain,13.0,843,9.883431807706387,False
M_PUB_ALL_domain,13.0,844,9.899632765275783,False
M_PUB_ALL_domain,13.0,845,9.907051026710848,False
M_PUB_ALL_domain,13.0,846,9.920650916559367,False
M_PUB_ALL_domain,13.0,847,9.929469469966186,False
M_PUB_ALL_domain,13.0,848,9.938094339020857,False
M_PUB_ALL_domain,13.0,849,9.951731408453641,False
M_PUB_ALL_domain,13.0,850,9.958106451258487,False
M_PUB_ALL_domain,13.0,851,9.975007400204735,False
M_PUB_ALL_domain,13.0,852,9.991959571004998,False
M_PUB_ALL_domain,13.0,853,10.01136325615346,False
M_PUB_ALL_domain,13.0,854,10.017201096995432,False
M_PUB_ALL_domain,13.0,855,10.019923405014314,False
M_PUB_ALL_domain,13.0,856,10.031188635759106,False
M_PUB_ALL_domain,13.0,857,10.040745699439853,False
M_PUB_ALL_domain,13.0,858,10.056456172433613,False
M_PUB_ALL_domain,13.0,859,10.066264140217527,False
M_PUB_ALL_domain,13.0,860,10.07245213392714,False
M_PUB_ALL_domain,13.0,861,10.08716942714479,False
M_PUB_ALL_domain,13.0,862,10.101139248181564,False
M_PUB_ALL_domain,13.0,863,10.103203129685383,False
M_PUB_ALL_domain,13.0,864,10.11608560742058,False
M_PUB_ALL_domain,13.0,865,10.13575151250962,False
M_PUB_ALL_domain,13.0,866,10.146895060479977,False
M_PUB_ALL_domain,13.0,867,10.165750219808068,False
M_PUB_ALL_domain,13.0,868,10.172817581161112,False
M_PUB_ALL_domain,13.0,869,10.182987484045428,False
M_PUB_ALL_domain,13.0,870,10.18688379440183,False
M_PUB_ALL_domain,13.0,871,10.200322992986509,False
M_PUB_ALL_domain,13.0,872,10.207935031145055,False
M_PUB_ALL_domain,13.0,873,10.211678777623627,False
M_PUB_ALL_domain,13.0,874,10.226089254269107,False
M_PUB_ALL_domain,13.0,875,10.238390632740568,False
M_PUB_ALL_domain,13.0,876,10.243953795462868,False
M_PUB_ALL_domain,13.0,877,10.248049902274012,False
M_PUB_ALL_domain,13.0,878,10.265529777627236,False
M_PUB_ALL_domain,13.0,879,10.271357213035072,False
M_PUB_ALL_domain,13.0,880,10.288056577195782,False
M_PUB_ALL_domain,13.0,881,10.297874657316623,False
M_PUB_ALL_domain,13.0,882,10.306902407835569,False
M_PUB_ALL_domain,13.0,883,10.316961681919762,False
M_PUB_ALL_domain,13.0,884,10.321060014664756,False
M_PUB_ALL_domain,13.0,885,10.333571667938047,False
M_PUB_ALL_domain,13.0,886,10.347781001592631,False
M_PUB_ALL_domain,13.0,887,10.35098545847917,False
M_PUB_ALL_domain,13.0,888,10.370881662436013,False
M_PUB_ALL_domain,13.0,889,10.38230752147211,False
M_PUB_ALL_domain,13.0,890,10.405188107970076,False
M_PUB_ALL_domain,13.0,891,10.412118336143793,False
M_PUB_ALL_domain,13.0,892,10.417402006954944,False
M_PUB_ALL_domain,13.0,893,10.448394704074829,False
M_PUB_ALL_domain,13.0,894,10.45145962522862,False
M_PUB_ALL_domain,13.0,895,10.458774227146,False
M_PUB_ALL_domain,13.0,896,10.466146859861649,False
M_PUB_ALL_domain,13.0,897,10.486608818858977,False
M_PUB_ALL_domain,13.0,898,10.494811952592727,False
M_PUB_ALL_domain,13.0,899,10.501391308848085,False
M_PUB_ALL_domain,13.0,900,10.506053742862491,False
M_PUB_ALL_domain,13.0,901,10.519463663406263,False
M_PUB_ALL_domain,13.0,902,10.540974586781312,False
M_PUB_ALL_domain,13.0,903,10.549851380495499,False
M_PUB_ALL_domain,13.0,904,10.558753093249493,False
M_PUB_ALL_domain,13.0,905,10.571728112151476,False
M_PUB_ALL_domain,13.0,906,10.588612284251878,False
M_PUB_ALL_domain,13.0,907,10.589997003795476,False
M_PUB_ALL_domain,13.0,908,10.602238423072258,False
M_PUB_ALL_domain,13.0,909,10.629908515245933,False
M_PUB_ALL_domain,13.0,910,10.635219919860042,False
M_PUB_ALL_domain,13.0,911,10.641060505295938,False
M_PUB_ALL_domain,13.0,912,10.663453119789532,False
M_PUB_ALL_domain,13.0,913,10.66939982447665,False
M_PUB_ALL_domain,13.0,914,10.674847831016777,False
M_PUB_ALL_domain,13.0,915,10.683453144974516,False
M_PUB_ALL_domain,13.0,916,10.696624256197328,False
M_PUB_ALL_domain,13.0,917,10.700914141792163,False
M_PUB_ALL_domain,13.0,918,10.708318217603201,False
M_PUB_ALL_domain,13.0,919,10.729156218425072,False
M_PUB_ALL_domain,13.0,920,10.741980763147456,False
M_PUB_ALL_domain,13.0,921,10.747681860482619,False
M_PUB_ALL_domain,13.0,922,10.760656822183137,False
M_PUB_ALL_domain,13.0,923,10.768446869967033,False
M_PUB_ALL_domain,13.0,924,10.786574780975354,False
M_PUB_ALL_domain,13.0,925,10.79576508850025,False
M_PUB_ALL_domain,13.0,926,10.807719619454419,False
M_PUB_ALL_domain,13.0,927,10.823460122979936,False
M_PUB_ALL_domain,13.0,928,10.829957424263815,False
M_PUB_ALL_domain,13.0,929,10.838171216180147,False
M_PUB_ALL_domain,13.0,930,10.847765263665476,False
M_PUB_ALL_domain,13.0,931,10.86987034952865,False
M_PUB_ALL_domain,13.0,932,10.88364353320891,False
M_PUB_ALL_domain,13.0,933,10.888582146677564,False
M_PUB_ALL_domain,13.0,934,10.916026885654238,False
M_PUB_ALL_domain,13.0,935,10.924735965129411,False
M_PUB_ALL_domain,13.0,936,10.930397967252837,False
M_PUB_ALL_domain,13.0,937,10.931552772904237,False
M_PUB_ALL_domain,13.0,938,10.954382439344739,False
M_PUB_ALL_domain,13.0,939,10.961536582877788,False
M_PUB_ALL_domain,13.0,940,10.970306646941639,False
M_PUB_ALL_domain,13.0,941,10.98105104949341,False
M_PUB_ALL_domain,13.0,942,10.990800823642877,False
M_PUB_ALL_domain,13.0,943,11.009400071741585,False
M_PUB_ALL_domain,13.0,944,11.01490478374782,False
M_PUB_ALL_domain,13.0,945,11.027087705871228,False
M_PUB_ALL_domain,13.0,946,11.045106863005463,False
M_PUB_ALL_domain,13.0,947,11.048922408186707,False
M_PUB_ALL_domain,13.0,948,11.062438768569352,False
M_PUB_ALL_domain,13.0,949,11.070420818328367,False
M_PUB_ALL_domain,13.0,950,11.077489145027403,False
M_PUB_ALL_domain,13.0,951,11.090692261257681,False
M_PUB_ALL_domain,13.0,952,11.111232786439105,False
M_PUB_ALL_domain,13.0,953,11.114752607450267,False
M_PUB_ALL_domain,13.0,954,11.132885506012896,False
M_PUB_ALL_domain,13.0,955,11.143499946344496,False
M_PUB_ALL_domain,13.0,956,11.154421845932704,False
M_PUB_ALL_domain,13.0,957,11.15872538635112,False
M_PUB_ALL_domain,13.0,958,11.170752623310948,False
M_PUB_ALL_domain,13.0,959,11.184616138961104,False
M_PUB_ALL_domain,13.0,960,11.196536677829647,False
M_PUB_ALL_domain,13.0,961,11.203914934357664,False
M_PUB_ALL_domain,13.0,962,11.21446190236851,False
M_PUB_ALL_domain,13.0,963,11.231660853233357,False
M_PUB_ALL_domain,13.0,964,11.239788817331545,False
M_PUB_ALL_domain,13.0,965,11.250616925651828,False
M_PUB_ALL_domain,13.0,966,11.258538383508377,False
M_PUB_ALL_domain,13.0,967,11.267936532331163,False
M_PUB_ALL_domain,13.0,968,11.278847934009324,False
M_PUB_ALL_domain,13.0,969,11.287175675501967,False
M_PUB_ALL_domain,13.0,970,11.299817292356261,False
M_PUB_ALL_domain,13.0,971,11.322335985248165,False
M_PUB_ALL_domain,13.0,972,11.32497212313476,False
M_PUB_ALL_domain,13.0,973,11.338798121950536,False
M_PUB_ALL_domain,13.0,974,11.34981471266732,False
M_PUB_ALL_domain,13.0,975,11.357876645712912,False
M_PUB_ALL_domain,13.0,976,11.36343769816151,False
M_PUB_ALL_domain,13.0,977,11.369039230637043,False
M_PUB_ALL_domain,13.0,978,11.38905696030322,False
M_PUB_ALL_domain,13.0,979,11.40014450727929,False
M_PUB_ALL_domain,13.0,980,11.415341492094628,False
M_PUB_ALL_domain,13.0,981,11.41867721543862,False
M_PUB_ALL_domain,13.0,982,11.422751261982215,False
M_PUB_ALL_domain,13.0,983,11.437273371771898,False
M_PUB_ALL_domain,13.0,984,11.443321219134422,False
M_PUB_ALL_domain,13.0,985,11.463027181425316,False
M_PUB_ALL_domain,13.0,986,11.469668812274554,False
M_PUB_ALL_domain,13.0,987,11.482670501294628,False
M_PUB_ALL_domain,13.0,988,11.491643172109194,False
M_PUB_ALL_domain,13.0,989,11.49955054997463,False
M_PUB_ALL_domain,13.0,990,11.510641564835819,False
M_PUB_ALL_domain,13.0,991,11.524603017918256,False
M_PUB_ALL_domain,13.0,992,11.532387113357332,False
M_PUB_ALL_domain,13.0,993,11.542563906422117,False
M_PUB_ALL_domain,13.0,994,11.552677954242641,False
M_PUB_ALL_domain,13.0,995,11.567204874998254,False
M_PUB_ALL_domain,13.0,996,11.574081974785845,False
M_PUB_ALL_domain,13.0,997,11.579398147776748,False
M_PUB_ALL_domain,13.0,998,11.5967993317917,False
M_PUB_ALL_domain,13.0,999,11.607641249710912,False
M_PUB_ALL_domain,13.0,1000,11.61810187805666,False
M_PUB_ALL_domain,13.0,1001,11.640501254269218,False
M_PUB_ALL_domain,13.0,1002,11.649024776867915,False
M_PUB_ALL_domain,13.0,1003,11.662480169000853,False
M_PUB_ALL_domain,13.0,1004,11.670353477900283,False
M_PUB_ALL_domain,13.0,1005,11.679431137454213,False
M_PUB_ALL_domain,13.0,1006,11.684097736273142,False
M_PUB_ALL_domain,13.0,1007,11.69706935082106,False
M_PUB_ALL_domain,13.0,1008,11.723402873493132,False
M_PUB_ALL_domain,13.0,1009,11.73164564147479,False
M_PUB_ALL_domain,13.0,1010,11.73693667225762,False
M_PUB_ALL_domain,13.0,1011,11.740624402402068,False
M_PUB_ALL_domain,13.0,1012,11.760308950675176,False
M_PUB_ALL_domain,13.0,1013,11.764224442594283,False
M_PUB_ALL_domain,13.0,1014,11.782013298262939,False
M_PUB_ALL_domain,13.0,1015,11.792112609966013,False
M_PUB_ALL_domain,13.0,1016,11.805877219605422,False
M_PUB_ALL_domain,13.0,1017,11.822920155510728,False
M_PUB_ALL_domain,13.0,1018,11.826655565819356,False
M_PUB_ALL_domain,13.0,1019,11.838944532228922,False
M_PUB_ALL_domain,13.0,1020,11.853191034459735,False
M_PUB_ALL_domain,13.0,1021,11.858277110978806,False
M_PUB_ALL_domain,13.0,1022,11.874836242818464,False
M_PUB_ALL_domain,13.0,1023,11.886232131144885,False
M_PUB_ALL_domain,13.0,1024,11.897204438125966,False
M_PUB_ALL_domain,13.0,1025,11.903820047935168,False
M_PUB_ALL_domain,13.0,1026,11.91438039396915,False
M_PUB_ALL_domain,13.0,1027,11.924940533190268,False
M_PUB_ALL_domain,13.0,1028,11.937009332016036,False
M_PUB_ALL_domain,13.0,1029,11.948788672227202,False
M_PUB_ALL_domain,13.0,1030,11.958261703015916,False
M_PUB_ALL_domain,13.0,1031,11.96062540398667,False
M_PUB_ALL_domain,13.0,1032,11.96744044897488,False
M_PUB_ALL_domain,13.0,1033,11.982484954192769,False
M_PUB_ALL_domain,13.0,1034,11.987141455780106,False
M_PUB_ALL_domain,13.0,1035,11.996522341844699,False
M_PUB_ALL_domain,13.0,1036,12.009628743091715,False
M_PUB_ALL_domain,13.0,1037,12.026213285907552,False
M_PUB_ALL_domain,13.0,1038,12.037549501548522,False
M_PUB_ALL_domain,13.0,1039,12.0569023085945,False
M_PUB_ALL_domain,13.0,1040,12.06058176808281,False
M_PUB_ALL_domain,13.0,1041,12.077510626508278,False
M_PUB_ALL_domain,13.0,1042,12.093324313870557,False
M_PUB_ALL_domain,13.0,1043,12.096138142171723,False
M_PUB_ALL_domain,13.0,1044,12.104148829481824,False
M_PUB_ALL_domain,13.0,1045,12.114588602977376,False
M_PUB_ALL_domain,13.0,1046,12.127855528120753,False
M_PUB_ALL_domain,13.0,1047,12.13477452264978,False
M_PUB_ALL_domain,13.0,1048,12.144214479355822,False
M_PUB_ALL_domain,13.0,1049,12.155486598541097,False
M_PUB_ALL_domain,13.0,1050,12.166997477764033,False
M_PUB_ALL_domain,13.0,1051,12.182755554782888,False
M_PUB_ALL_domain,13.0,1052,12.18876588556351,False
M_PUB_ALL_domain,13.0,1053,12.195187300239349,False
M_PUB_ALL_domain,13.0,1054,12.206728296250407,False
M_PUB_ALL_domain,13.0,1055,12.209657511498063,False
M_PUB_ALL_domain,13.0,1056,12.223592956801802,False
M_PUB_ALL_domain,13.0,1057,12.239153833259788,False
M_PUB_ALL_domain,13.0,1058,12.245744275266373,False
M_PUB_ALL_domain,13.0,1059,12.255919716241756,False
M_PUB_ALL_domain,13.0,1060,12.271345888594649,False
M_PUB_ALL_domain,13.0,1061,12.273858503546,False
M_PUB_ALL_domain,13.0,1062,12.282856443974406,False
M_PUB_ALL_domain,13.0,1063,12.298621755680132,False
M_PUB_ALL_domain,13.0,1064,12.304452457050422,False
M_PUB_ALL_domain,13.0,1065,12.309772858430641,False
M_PUB_ALL_domain,13.0,1066,12.325158115136304,False
M_PUB_ALL_domain,13.0,1067,12.343945040894422,False
M_PUB_ALL_domain,13.0,1068,12.354529959400434,False
M_PUB_ALL_domain,13.0,1069,12.363505713882004,False
M_PUB_ALL_domain,13.0,1070,12.365831881286319,False
M_PUB_ALL_domain,13.0,1071,12.372943559968165,False
M_PUB_ALL_domain,13.0,1072,12.381046546719677,False
M_PUB_ALL_domain,13.0,1073,12.394307840832639,False
M_PUB_ALL_domain,13.0,1074,12.412913604461833,False
M_PUB_ALL_domain,13.0,1075,12.418312761249597,False
M_PUB_ALL_domain,13.0,1076,12.432976721665291,False
M_PUB_ALL_domain,13.0,1077,12.438226632822392,False
M_PUB_ALL_domain,13.0,1078,12.449205449889277,False
M_PUB_ALL_domain,13.0,1079,12.455131104715678,False
M_PUB_ALL_domain,13.0,1080,12.468224023140198,False
M_PUB_ALL_domain,13.0,1081,12.473907205961561,False
M_PUB_ALL_domain,13.0,1082,12.492987148166847,False
M_PUB_ALL_domain,13.0,1083,12.499768718575094,False
M_PUB_ALL_domain,13.0,1084,12.514677199318132,False
M_PUB_ALL_domain,13.0,1085,12.518418016003002,False
M_PUB_ALL_domain,13.0,1086,12.529740100711473,False
M_PUB_ALL_domain,13.0,1087,12.537875227578205,False
M_PUB_ALL_domain,13.0,1088,12.552769912011842,False
M_PUB_ALL_domain,13.0,1089,12.562739679164729,False
M_PUB_ALL_domain,13.0,1090,12.573397588163008,False
M_PUB_ALL_domain,13.0,1091,12.586612803488471,False
M_PUB_ALL_domain,13.0,1092,12.59856499063243,False
M_PUB_ALL_domain,13.0,1093,12.609178112317808,False
M_PUB_ALL_domain,13.0,1094,12.613530376433534,False
M_PUB_ALL_domain,13.0,1095,12.622723505013074,False
M_PUB_ALL_domain,13.0,1096,12.631394250220882,False
M_PUB_ALL_domain,13.0,1097,12.6467090185731,False
M_PUB_ALL_domain,13.0,1098,12.649076889666881,False
M_PUB_ALL_domain,13.0,1099,12.671128706917338,False
M_PUB_ALL_domain,13.0,1100,12.684676546787498,False
M_PUB_ALL_domain,13.0,1101,12.689335045284956,False
M_PUB_ALL_domain,13.0,1102,12.701428358331933,False
M_PUB_ALL_domain,13.0,1103,12.714477474418889,False
M_PUB_ALL_domain,13.0,1104,12.720519264472255,False
M_PUB_ALL_domain,13.0,1105,12.737981270650753,False
M_PUB_ALL_domain,13.0,1106,12.742967696541186,False
M_PUB_ALL_domain,13.0,1107,12.745497099593047,False
M_PUB_ALL_domain,13.0,1108,12.761887942707016,False
M_PUB_ALL_domain,13.0,1109,12.767622453483108,False
M_PUB_ALL_domain,13.0,1110,12.777088128664511,False
M_PUB_ALL_domain,13.0,1111,12.795824001763483,False
M_PUB_ALL_domain,13.0,1112,12.80329827158855,False
M_PUB_ALL_domain,13.0,1113,12.81670800221507,False
M_PUB_ALL_domain,13.0,1114,12.824761461396424,False
M_PUB_ALL_domain,13.0,1115,12.841751463597964,False
M_PUB_ALL_domain,13.0,1116,12.842601668042372,False
M_PUB_ALL_domain,13.0,1117,12.859243900852784,False
M_PUB_ALL_domain,13.0,1118,12.870082276328839,False
M_PUB_ALL_domain,13.0,1119,12.88955214771384,False
M_PUB_ALL_domain,13.0,1120,12.893140249703798,False
M_PUB_ALL_domain,13.0,1121,12.897143848229641,False
M_PUB_ALL_domain,13.0,1122,12.907727784880242,False
M_PUB_ALL_domain,13.0,1123,12.923238536498506,False
M_PUB_ALL_domain,13.0,1124,12.928643360973563,False
M_PUB_ALL_domain,13.0,1125,12.947621423719836,False
M_PUB_ALL_domain,13.0,1126,12.959225566883267,False
M_PUB_ALL_domain,13.0,1127,12.971611334871682,False
M_PUB_ALL_domain,13.0,1128,12.983417901234244,False
M_PUB_ALL_domain,13.0,1129,12.98525632349573,False
M_PUB_ALL_domain,13.0,1130,13.003423211674049,False
M_PUB_ALL_domain,13.0,1131,13.020682946144992,False
M_PUB_ALL_domain,13.0,1132,13.03848651326436,False
M_PUB_ALL_domain,13.0,1133,13.048340223778242,False
M_PUB_ALL_domain,13.0,1134,13.070137160203245,False
M_PUB_ALL_domain,13.0,1135,13.072898151780754,False
M_PUB_ALL_domain,13.0,1136,13.094066247626056,False
M_PUB_ALL_domain,13.0,1137,13.099860729038431,False
M_PUB_ALL_domain,13.0,1138,13.106149386747916,False
M_PUB_ALL_domain,13.0,1139,13.124914295259268,False
M_PUB_ALL_domain,13.0,1140,13.127924838912298,False
M_PUB_ALL_domain,13.0,1141,13.147521593007424,False
M_PUB_ALL_domain,13.0,1142,13.158512926867177,False
M_PUB_ALL_domain,13.0,1143,13.170170289234694,False
M_PUB_ALL_domain,13.0,1144,13.179583474183692,False
M_PUB_ALL_domain,13.0,1145,13.185457658118082,False
M_PUB_ALL_domain,13.0,1146,13.206386164634544,False
M_PUB_ALL_domain,13.0,1147,13.213878845456708,False
M_PUB_ALL_domain,13.0,1148,13.23154806169182,False
M_PUB_ALL_domain,13.0,1149,13.238223472097362,False
M_PUB_ALL_domain,13.0,1150,13.246336625679323,False
M_PUB_ALL_domain,13.0,1151,13.251925249609068,False
M_PUB_ALL_domain,13.0,1152,13.269374713184371,False
M_PUB_ALL_domain,13.0,1153,13.279625200125285,False
M_PUB_ALL_domain,13.0,1154,13.281657611496673,False
M_PUB_ALL_domain,13.0,1155,13.291287115782604,False
M_PUB_ALL_domain,13.0,1156,13.306073310836915,False
M_PUB_ALL_domain,13.0,1157,13.32224662018382,False
M_PUB_ALL_domain,13.0,1158,13.326110680682499,False
M_PUB_ALL_domain,13.0,1159,13.332608995057619,False
M_PUB_ALL_domain,13.0,1160,13.349674950857091,False
M_PUB_ALL_domain,13.0,1161,13.364163981097645,False
M_PUB_ALL_domain,13.0,1162,13.366941893351683,False
M_PUB_ALL_domain,13.0,1163,13.375341154604056,False
M_PUB_ALL_domain,13.0,1164,13.385985518064842,False
M_PUB_ALL_domain,13.0,1165,13.397818373630608,False
M_PUB_ALL_domain,13.0,1166,13.413069611715828,False
M_PUB_ALL_domain,13.0,1167,13.428223489962079,False
M_PUB_ALL_domain,13.0,1168,13.432745061570191,False
M_PUB_ALL_domain,13.0,1169,13.440512686786011,False
M_PUB_ALL_domain,13.0,1170,13.452489510466128,False
M_PUB_ALL_domain,13.0,1171,13.470970759650323,False
M_PUB_ALL_domain,13.0,1172,13.490299609529238,False
M_PUB_ALL_domain,13.0,1173,13.495419050283079,False
M_PUB_ALL_domain,13.0,1174,13.511245040987486,False
M_PUB_ALL_domain,13.0,1175,13.51727725004071,False
M_PUB_ALL_domain,13.0,1176,13.539909569905705,False
M_PUB_ALL_domain,13.0,1177,13.544940562921274,False
M_PUB_ALL_domain,13.0,1178,13.560051859348938,False
M_PUB_ALL_domain,13.0,1179,13.565949197213865,False
M_PUB_ALL_domain,13.0,1180,13.57801992694275,False
M_PUB_ALL_domain,13.0,1181,13.587923409641325,False
M_PUB_ALL_domain,13.0,1182,13.605821896109543,False
M_PUB_ALL_domain,13.0,1183,13.620673904638249,False
M_PUB_ALL_domain,13.0,1184,13.634537145097703,False
M_PUB_ALL_domain,13.0,1185,13.643328919549445,False
M_PUB_ALL_domain,13.0,1186,13.650071999241618,False
M_PUB_ALL_domain,13.0,1187,13.664657038957603,False
M_PUB_ALL_domain,13.0,1188,13.676656593994513,False
M_PUB_ALL_domain,13.0,1189,13.682531171546778,False
M_PUB_ALL_domain,13.0,1190,13.68511187384154,False
M_PUB_ALL_domain,13.0,1191,13.702582035653231,False
M_PUB_ALL_domain,13.0,1192,13.709086283638932,False
M_PUB_ALL_domain,13.0,1193,13.719331322237345,False
M_PUB_ALL_domain,13.0,1194,13.731434819749605,False
M_PUB_ALL_domain,13.0,1195,13.746676113697555,False
M_PUB_ALL_domain,13.0,1196,13.755717475992872,False
M_PUB_ALL_domain,13.0,1197,13.762081197410277,False
M_PUB_ALL_domain,13.0,1198,13.773591342042748,False
M_PUB_ALL_domain,13.0,1199,13.78484058497754,False
M_PUB_ALL_domain,13.0,1200,13.790686184596344,False
M_PUB_ALL_domain,13.0,1201,13.805500522128069,False
M_PUB_ALL_domain,13.0,1202,13.822379720045957,False
M_PUB_ALL_domain,13.0,1203,13.826560964794448,False
M_PUB_ALL_domain,13.0,1204,13.842246566206969,False
M_PUB_ALL_domain,13.0,1205,13.850702031173489,False
M_PUB_ALL_domain,13.0,1206,13.85530022402585,False
M_PUB_ALL_domain,13.0,1207,13.86793055236853,False
M_PUB_ALL_domain,13.0,1208,13.885054492904402,False
M_PUB_ALL_domain,13.0,1209,13.901228060857665,False
M_PUB_ALL_domain,13.0,1210,13.907219912504633,False
M_PUB_ALL_domain,13.0,1211,13.915608680917453,False
M_PUB_ALL_domain,13.0,1212,13.930054154448163,False
M_PUB_ALL_domain,13.0,1213,13.94016788482218,False
M_PUB_ALL_domain,13.0,1214,13.952486039279375,False
M_PUB_ALL_domain,13.0,1215,13.959197628392305,False
M_PUB_ALL_domain,13.0,1216,13.975405063705725,False
M_PUB_ALL_domain,13.0,1217,13.983833630944106,False
M_PUB_ALL_domain,13.0,1218,14.002389006635497,False
M_PUB_ALL_domain,13.0,1219,14.012023582030425,False
M_PUB_ALL_domain,13.0,1220,14.024242393568546,False
M_PUB_ALL_domain,13.0,1221,14.03991483217539,False
M_PUB_ALL_domain,13.0,1222,14.046828142881608,False
M_PUB_ALL_domain,13.0,1223,14.052637884203943,False
M_PUB_ALL_domain,13.0,1224,14.067299435777837,False
M_PUB_ALL_domain,13.0,1225,14.087213057729949,False
M_PUB_ALL_domain,13.0,1226,14.092151277289028,False
M_PUB_ALL_domain,13.0,1227,14.105022121650164,False
M_PUB_ALL_domain,13.0,1228,14.123140564372038,False
M_PUB_ALL_domain,13.0,1229,14.144042414761175,False
M_PUB_ALL_domain,13.0,1230,14.158428568596618,False
M_PUB_ALL_domain,13.0,1231,14.167091175748823,False
M_PUB_ALL_domain,13.0,1232,14.173641944886759,False
M_PUB_ALL_domain,13.0,1233,14.186437064355879,False
M_PUB_ALL_domain,13.0,1234,14.190697280462164,False
M_PUB_ALL_domain,13.0,1235,14.21407532394723,False
M_PUB_ALL_domain,13.0,1236,14.22410825428684,False
M_PUB_ALL_domain,13.0,1237,14.233347011290036,False
M_PUB_ALL_domain,13.0,1238,14.237157940565211,False
M_PUB_ALL_domain,13.0,1239,14.24718620256689,False
M_PUB_ALL_domain,13.0,1240,14.258106897903849,False
M_PUB_ALL_domain,13.0,1241,14.282440283608187,False
M_PUB_ALL_domain,13.0,1242,14.305358716466335,False
M_PUB_ALL_domain,13.0,1243,14.321425936234338,False
M_PUB_ALL_domain,13.0,1244,14.332648513884372,False
M_PUB_ALL_domain,13.0,1245,14.34508793100631,False
M_PUB_ALL_domain,13.0,1246,14.357936175262804,False
M_PUB_ALL_domain,13.0,1247,14.375177633713177,False
M_PUB_ALL_domain,13.0,1248,14.383786339315408,False
M_PUB_ALL_domain,13.0,1249,14.39220577828439,False
M_PUB_ALL_domain,13.0,1250,14.39527266975009,False
M_PUB_ALL_domain,13.0,1251,14.412181805574829,False
M_PUB_ALL_domain,13.0,1252,14.422630290400415,False
M_PUB_ALL_domain,13.0,1253,14.442315019508314,False
M_PUB_ALL_domain,13.0,1254,14.457551156549545,False
M_PUB_ALL_domain,13.0,1255,14.470430755489291,False
M_PUB_ALL_domain,13.0,1256,14.481180332002426,False
M_PUB_ALL_domain,13.0,1257,14.491274397404348,False
M_PUB_ALL_domain,13.0,1258,14.506039254997296,False
M_PUB_ALL_domain,13.0,1259,14.525783484430237,False
M_PUB_ALL_domain,13.0,1260,14.529334344251229,False
M_PUB_ALL_domain,13.0,1261,14.537650388443256,False
M_PUB_ALL_domain,13.0,1262,14.547131782773354,False
M_PUB_ALL_domain,13.0,1263,14.549227502046103,False
M_PUB_ALL_domain,13.0,1264,14.568360617342544,False
M_PUB_ALL_domain,13.0,1265,14.587019951771603,False
M_PUB_ALL_domain,13.0,1266,14.603203851212363,False
M_PUB_ALL_domain,13.0,1267,14.60992889878924,False
M_PUB_ALL_domain,13.0,1268,14.62051658792889,False
M_PUB_ALL_domain,13.0,1269,14.647210984579125,False
M_PUB_ALL_domain,13.0,1270,14.654866865723644,False
M_PUB_ALL_domain,13.0,1271,14.667505164819941,False
M_PUB_ALL_domain,13.0,1272,14.68743205539066,False
M_PUB_ALL_domain,13.0,1273,14.691592544221345,False
M_PUB_ALL_domain,13.0,1274,14.717237478526075,False
M_PUB_ALL_domain,13.0,1275,14.730521736620554,False
M_PUB_ALL_domain,13.0,1276,14.731827332922316,False
M_PUB_ALL_domain,13.0,1277,14.74863428143001,False
M_PUB_ALL_domain,13.0,1278,14.757956207378593,False
M_PUB_ALL_domain,13.0,1279,14.776987326186818,False
M_PUB_ALL_domain,13.0,1280,14.797559440444394,False
M_PUB_ALL_domain,13.0,1281,14.813442597916158,False
M_PUB_ALL_domain,13.0,1282,14.826264911430846,False
M_PUB_ALL_domain,13.0,1283,14.82893911925452,False
M_PUB_ALL_domain,13.0,1284,14.832704937160663,False
M_PUB_ALL_domain,13.0,1285,14.848551195366763,False
M_PUB_ALL_domain,13.0,1286,14.865241934178258,False
M_PUB_ALL_domain,13.0,1287,14.870893809103322,False
M_PUB_ALL_domain,13.0,1288,14.880459286555494,False
M_PUB_ALL_domain,13.0,1289,14.89226487103047,False
M_PUB_ALL_domain,13.0,1290,14.907974316067548,False
M_PUB_ALL_domain,13.0,1291,14.917087693884445,False
M_PUB_ALL_domain,13.0,1292,14.920045916766359,False
M_PUB_ALL_domain,13.0,1293,14.931981696112032,False
M_PUB_ALL_domain,13.0,1294,14.938380880056108,False
M_PUB_ALL_domain,13.0,1295,14.95730347989906,False
M_PUB_ALL_domain,13.0,1296,14.978660682881193,False
M_PUB_ALL_domain,13.0,1297,14.98172529961082,False
M_PUB_ALL_domain,13.0,1298,14.988968733772374,False
M_PUB_ALL_domain,13.0,1299,15.010025227173255,False
M_PUB_ALL_domain,13.0,1300,15.027011985213544,False
M_PUB_ALL_domain,13.0,1301,15.036390601092274,False
M_PUB_ALL_domain,13.0,1302,15.053588048429043,False
M_PUB_ALL_domain,13.0,1303,15.082464291132522,False
M_PUB_ALL_domain,13.0,1304,15.090827170059063,False
M_PUB_ALL_domain,13.0,1305,15.092838992143026,False
M_PUB_ALL_domain,13.0,1306,15.102219353581196,False
M_PUB_ALL_domain,13.0,1307,15.109606026126306,False
M_PUB_ALL_domain,13.0,1308,15.131418680285039,False
M_PUB_ALL_domain,13.0,1309,15.14881287445788,False
M_PUB_ALL_domain,13.0,1310,15.158824676873804,False
M_PUB_ALL_domain,13.0,1311,15.169585716973952,False
M_PUB_ALL_domain,13.0,1312,15.185990873865572,False
M_PUB_ALL_domain,13.0,1313,15.208436805940647,False
M_PUB_ALL_domain,13.0,1314,15.219861322505919,False
M_PUB_ALL_domain,13.0,1315,15.239949066983204,False
M_PUB_ALL_domain,13.0,1316,15.252492149352399,False
M_PUB_ALL_domain,13.0,1317,15.258083664488785,False
M_PUB_ALL_domain,13.0,1318,15.274643886494891,False
M_PUB_ALL_domain,13.0,1319,15.292143256191537,False
M_PUB_ALL_domain,13.0,1320,15.298907496298797,False
M_PUB_ALL_domain,13.0,1321,15.321883509662792,False
M_PUB_ALL_domain,13.0,1322,15.328708544633772,False
M_PUB_ALL_domain,13.0,1323,15.33767799807078,False
M_PUB_ALL_domain,13.0,1324,15.355346440906848,False
M_PUB_ALL_domain,13.0,1325,15.369078978817285,False
M_PUB_ALL_domain,13.0,1326,15.393384652636806,False
M_PUB_ALL_domain,13.0,1327,15.40146434075066,False
M_PUB_ALL_domain,13.0,1328,15.411064535149945,False
M_PUB_ALL_domain,13.0,1329,15.428629403286811,False
M_PUB_ALL_domain,13.0,1330,15.441294831692584,False
M_PUB_ALL_domain,13.0,1331,15.443764357292745,False
M_PUB_ALL_domain,13.0,1332,15.45136203491725,False
M_PUB_ALL_domain,13.0,1333,15.481261810480683,False
M_PUB_ALL_domain,13.0,1334,15.491856251800067,False
M_PUB_ALL_domain,13.0,1335,15.501620898818445,False
M_PUB_ALL_domain,13.0,1336,15.520302655200426,False
M_PUB_ALL_domain,13.0,1337,15.535118538195913,False
M_PUB_ALL_domain,13.0,1338,15.556707115045072,False
M_PUB_ALL_domain,13.0,1339,15.559580882299054,False
M_PUB_ALL_domain,13.0,1340,15.573133056913946,False
M_PUB_ALL_domain,13.0,1341,15.60281052003257,False
M_PUB_ALL_domain,13.0,1342,15.609241362840358,False
M_PUB_ALL_domain,13.0,1343,15.619023780930046,False
M_PUB_ALL_domain,13.0,1344,15.630324474533337,False
M_PUB_ALL_domain,13.0,1345,15.638911416315684,False
M_PUB_ALL_domain,13.0,1346,15.66310936447846,False
M_PUB_ALL_domain,13.0,1347,15.671201393809845,False
M_PUB_ALL_domain,13.0,1348,15.683651490108476,False
M_PUB_ALL_domain,13.0,1349,15.693345011020735,False
M_PUB_ALL_domain,13.0,1350,15.701633223667011,False
M_PUB_ALL_domain,13.0,1351,15.741987945453513,False
M_PUB_ALL_domain,13.0,1352,15.752406114451519,False
M_PUB_ALL_domain,13.0,1353,15.770478254336421,False
M_PUB_ALL_domain,13.0,1354,15.780397726210968,False
M_PUB_ALL_domain,13.0,1355,15.784505604965366,False
M_PUB_ALL_domain,13.0,1356,15.802093385130211,False
M_PUB_ALL_domain,13.0,1357,15.821112217863625,False
M_PUB_ALL_domain,13.0,1358,15.82332041488866,False
M_PUB_ALL_domain,13.0,1359,15.843622602789827,False
M_PUB_ALL_domain,13.0,1360,15.859071781972265,False
M_PUB_ALL_domain,13.0,1361,15.87490137298018,False
M_PUB_ALL_domain,13.0,1362,15.886701766332198,False
M_PUB_ALL_domain,13.0,1363,15.889983247858785,False
M_PUB_ALL_domain,13.0,1364,15.919452003219282,False
M_PUB_ALL_domain,13.0,1365,15.920240821858505,False
M_PUB_ALL_domain,13.0,1366,15.935150139037885,False
M_PUB_ALL_domain,13.0,1367,15.953898427095972,False
M_PUB_ALL_domain,13.0,1368,15.969178939050884,False
M_PUB_ALL_domain,13.0,1369,16.002832566304487,False
M_PUB_ALL_domain,13.0,1370,16.017948058838886,False
M_PUB_ALL_domain,13.0,1371,16.0244075782779,False
M_PUB_ALL_domain,13.0,1372,16.039367124042972,False
M_PUB_ALL_domain,13.0,1373,16.046983976887613,False
M_PUB_ALL_domain,13.0,1374,16.059493152721252,False
M_PUB_ALL_domain,13.0,1375,16.06152010379805,False
M_PUB_ALL_domain,13.0,1376,16.083246918513446,False
M_PUB_ALL_domain,13.0,1377,16.101557687809592,False
M_PUB_ALL_domain,13.0,1378,16.12107081830006,False
M_PUB_ALL_domain,13.0,1379,16.12485739633038,False
M_PUB_ALL_domain,13.0,1380,16.147162549388838,False
M_PUB_ALL_domain,13.0,1381,16.15351896881011,False
M_PUB_ALL_domain,13.0,1382,16.159931900518302,False
M_PUB_ALL_domain,13.0,1383,16.18007262999686,False
M_PUB_ALL_domain,13.0,1384,16.190500109325868,False
M_PUB_ALL_domain,13.0,1385,16.221085333835255,False
M_PUB_ALL_domain,13.0,1386,16.232422263745395,False
M_PUB_ALL_domain,13.0,1387,16.24142098183493,False
M_PUB_ALL_domain,13.0,1388,16.250819476848843,False
M_PUB_ALL_domain,13.0,1389,16.266564025523962,False
M_PUB_ALL_domain,13.0,1390,16.282841467588725,False
M_PUB_ALL_domain,13.0,1391,16.29412600547223,False
M_PUB_ALL_domain,13.0,1392,16.301116354699722,False
M_PUB_ALL_domain,13.0,1393,16.316933906590393,False
M_PUB_ALL_domain,13.0,1394,16.332451665589314,False
M_PUB_ALL_domain,13.0,1395,16.339544129134723,False
M_PUB_ALL_domain,13.0,1396,16.369574669623606,False
M_PUB_ALL_domain,13.0,1397,16.378627022527567,False
M_PUB_ALL_domain,13.0,1398,16.398071664530974,False
M_PUB_ALL_domain,13.0,1399,16.423135145570658,False
M_PUB_ALL_domain,13.0,1400,16.431931753854627,False
M_PUB_ALL_domain,13.0,1401,16.454200349617135,False
M_PUB_ALL_domain,13.0,1402,16.46303525083339,False
M_PUB_ALL_domain,13.0,1403,16.480371996824502,False
M_PUB_ALL_domain,13.0,1404,16.489394228010717,False
M_PUB_ALL_domain,13.0,1405,16.508710805486093,False
M_PUB_ALL_domain,13.0,1406,16.533222452528804,False
M_PUB_ALL_domain,13.0,1407,16.55346057714163,False
M_PUB_ALL_domain,13.0,1408,16.565251009624664,False
M_PUB_ALL_domain,13.0,1409,16.58632661614075,False
M_PUB_ALL_domain,13.0,1410,16.59537934852016,False
M_PUB_ALL_domain,13.0,1411,16.601464002400498,False
M_PUB_ALL_domain,13.0,1412,16.621616317955052,False
M_PUB_ALL_domain,13.0,1413,16.64620409465731,False
M_PUB_ALL_domain,13.0,1414,16.66525651108915,False
M_PUB_ALL_domain,13.0,1415,16.6790381322102,False
M_PUB_ALL_domain,13.0,1416,16.698718834626693,False
M_PUB_ALL_domain,13.0,1417,16.704551664027537,False
M_PUB_ALL_domain,13.0,1418,16.722605899140056,False
M_PUB_ALL_domain,13.0,1419,16.73184014888942,False
M_PUB_ALL_domain,13.0,1420,16.74830775206523,False
M_PUB_ALL_domain,13.0,1421,16.76202288677356,False
M_PUB_ALL_domain,13.0,1422,16.785352353308905,False
M_PUB_ALL_domain,13.0,1423,16.810034276720643,False
M_PUB_ALL_domain,13.0,1424,16.810988040149184,False
M_PUB_ALL_domain,13.0,1425,16.81797431273103,False
M_PUB_ALL_domain,13.0,1426,16.839132513219813,False
M_PUB_ALL_domain,13.0,1427,16.84645057878354,False
M_PUB_ALL_domain,13.0,1428,16.868290045177194,False
M_PUB_ALL_domain,13.0,1429,16.872561116581252,False
M_PUB_ALL_domain,13.0,1430,16.882151217783793,False
M_PUB_ALL_domain,13.0,1431,16.901006128958265,False
M_PUB_ALL_domain,13.0,1432,16.914575123406024,False
M_PUB_ALL_domain,13.0,1433,16.926074985703977,False
M_PUB_ALL_domain,13.0,1434,16.943431343571934,False
M_PUB_ALL_domain,13.0,1435,16.951004629887507,False
M_PUB_ALL_domain,13.0,1436,16.961272631467764,False
M_PUB_ALL_domain,13.0,1437,16.991208499966387,False
M_PUB_ALL_domain,13.0,1438,16.996918814675247,False
M_PUB_ALL_domain,13.0,1439,17.032932878788174,False
M_PUB_ALL_domain,13.0,1440,17.04230984857853,False
M_PUB_ALL_domain,13.0,1441,17.073105249760363,False
M_PUB_ALL_domain,13.0,1442,17.080848154719853,False
M_PUB_ALL_domain,13.0,1443,17.09397282595226,False
M_PUB_ALL_domain,13.0,1444,17.118877778447565,False
M_PUB_ALL_domain,13.0,1445,17.142475026880415,False
M_PUB_ALL_domain,13.0,1446,17.164505228130018,False
M_PUB_ALL_domain,13.0,1447,17.175280591705732,False
M_PUB_ALL_domain,13.0,1448,17.18754006341834,False
M_PUB_ALL_domain,13.0,1449,17.198919280140707,False
M_PUB_ALL_domain,13.0,1450,17.216883238076885,False
M_PUB_ALL_domain,13.0,1451,17.229575244011958,False
M_PUB_ALL_domain,13.0,1452,17.232402533125775,False
M_PUB_ALL_domain,13.0,1453,17.266882804887892,False
M_PUB_ALL_domain,13.0,1454,17.286667272858363,False
M_PUB_ALL_domain,13.0,1455,17.300537405814566,False
M_PUB_ALL_domain,13.0,1456,17.321328594755556,False
M_PUB_ALL_domain,13.0,1457,17.337765319906627,False
M_PUB_ALL_domain,13.0,1458,17.34618863268127,False
M_PUB_ALL_domain,13.0,1459,17.37459034550705,False
M_PUB_ALL_domain,13.0,1460,17.376481269796194,False
M_PUB_ALL_domain,13.0,1461,17.38407907655438,False
M_PUB_ALL_domain,13.0,1462,17.40046861270223,False
M_PUB_ALL_domain,13.0,1463,17.40932085055544,False
M_PUB_ALL_domain,13.0,1464,17.445035098585322,False
M_PUB_ALL_domain,13.0,1465,17.45091309830865,False
M_PUB_ALL_domain,13.0,1466,17.467785528582468,False
M_PUB_ALL_domain,13.0,1467,17.476750240877173,False
M_PUB_ALL_domain,13.0,1468,17.517288246098335,False
M_PUB_ALL_domain,13.0,1469,17.523343623893467,False
M_PUB_ALL_domain,13.0,1470,17.53950277090219,False
M_PUB_ALL_domain,13.0,1471,17.56367442474571,False
M_PUB_ALL_domain,13.0,1472,17.58471677032318,False
M_PUB_ALL_domain,13.0,1473,17.603743972765663,False
M_PUB_ALL_domain,13.0,1474,17.611805265559404,False
M_PUB_ALL_domain,13.0,1475,17.628939610095074,False
M_PUB_ALL_domain,13.0,1476,17.652964203438703,False
M_PUB_ALL_domain,13.0,1477,17.664229180878998,False
M_PUB_ALL_domain,13.0,1478,17.692359295893624,False
M_PUB_ALL_domain,13.0,1479,17.70063148496162,False
M_PUB_ALL_domain,13.0,1480,17.73356940894106,False
M_PUB_ALL_domain,13.0,1481,17.75144189457834,False
M_PUB_ALL_domain,13.0,1482,17.755008701087917,False
M_PUB_ALL_domain,13.0,1483,17.779970341085154,False
M_PUB_ALL_domain,13.0,1484,17.786539807733668,False
M_PUB_ALL_domain,13.0,1485,17.80632761163938,False
M_PUB_ALL_domain,13.0,1486,17.809267906991263,False
M_PUB_ALL_domain,13.0,1487,17.825157241690818,False
M_PUB_ALL_domain,13.0,1488,17.855068573635034,False
M_PUB_ALL_domain,13.0,1489,17.86677530286318,False
M_PUB_ALL_domain,13.0,1490,17.924518195655608,False
M_PUB_ALL_domain,13.0,1491,17.92641831722939,False
M_PUB_ALL_domain,13.0,1492,17.951594080430677,False
M_PUB_ALL_domain,13.0,1493,17.971468522818988,False
M_PUB_ALL_domain,13.0,1494,17.99189275626207,False
M_PUB_ALL_domain,13.0,1495,18.00407339233525,False
M_PUB_ALL_domain,13.0,1496,18.02206245867032,False
M_PUB_ALL_domain,13.0,1497,18.03293690436627,False
M_PUB_ALL_domain,13.0,1498,18.068361448700657,False
M_PUB_ALL_domain,13.0,1499,18.096202488708546,False
M_PUB_ALL_domain,13.0,1500,18.106271932827095,False
M_PUB_ALL_domain,13.0,1501,18.12709019843848,False
M_PUB_ALL_domain,13.0,1502,18.1345798207531,False
M_PUB_ALL_domain,13.0,1503,18.171972510917346,False
M_PUB_ALL_domain,13.0,1504,18.183361347781418,False
M_PUB_ALL_domain,13.0,1505,18.197962767283922,False
M_PUB_ALL_domain,13.0,1506,18.219975288907758,False
M_PUB_ALL_domain,13.0,1507,18.240483381492556,False
M_PUB_ALL_domain,13.0,1508,18.264737315292688,False
M_PUB_ALL_domain,13.0,1509,18.272286264684784,False
M_PUB_ALL_domain,13.0,1510,18.294859291077575,False
M_PUB_ALL_domain,13.0,1511,18.316729106525937,False
M_PUB_ALL_domain,13.0,1512,18.351359112163703,False
M_PUB_ALL_domain,13.0,1513,18.355903853726797,False
M_PUB_ALL_domain,13.0,1514,18.389692439692563,False
M_PUB_ALL_domain,13.0,1515,18.401856445462624,False
M_PUB_ALL_domain,13.0,1516,18.417080763778998,False
M_PUB_ALL_domain,13.0,1517,18.439965793002415,False
M_PUB_ALL_domain,13.0,1518,18.464460968558107,False
M_PUB_ALL_domain,13.0,1519,18.509537999800543,False
M_PUB_ALL_domain,13.0,1520,18.539188829240178,False
M_PUB_ALL_domain,13.0,1521,18.556336522308637,False
M_PUB_ALL_domain,13.0,1522,18.57061927763731,False
M_PUB_ALL_domain,13.0,1523,18.590746233526893,False
M_PUB_ALL_domain,13.0,1524,18.627246409817108,False
M_PUB_ALL_domain,13.0,1525,18.645253459368625,False
M_PUB_ALL_domain,13.0,1526,18.66405578872538,False
M_PUB_ALL_domain,13.0,1527,18.67778294425888,False
M_PUB_ALL_domain,13.0,1528,18.718075431721136,False
M_PUB_ALL_domain,13.0,1529,18.731219941941,False
M_PUB_ALL_domain,13.0,1530,18.770800154872287,False
M_PUB_ALL_domain,13.0,1531,18.794965694792225,False
M_PUB_ALL_domain,13.0,1532,18.808049467597055,False
M_PUB_ALL_domain,13.0,1533,18.853775589468253,False
M_PUB_ALL_domain,13.0,1534,18.859334750425973,False
M_PUB_ALL_domain,13.0,1535,18.905313555921428,False
M_PUB_ALL_domain,13.0,1536,18.940850135869017,False
M_PUB_ALL_domain,13.0,1537,18.962542426655595,False
M_PUB_ALL_domain,13.0,1538,18.9827415439628,False
M_PUB_ALL_domain,13.0,1539,19.010829609948697,False
M_PUB_ALL_domain,13.0,1540,19.02544993856628,False
M_PUB_ALL_domain,13.0,1541,19.045720470508268,False
M_PUB_ALL_domain,13.0,1542,19.068044850248466,False
M_PUB_ALL_domain,13.0,1543,19.093300863471313,False
M_PUB_ALL_domain,13.0,1544,19.14746896063898,False
M_PUB_ALL_domain,13.0,1545,19.16795166969228,False
M_PUB_ALL_domain,13.0,1546,19.210677282314116,False
M_PUB_ALL_domain,13.0,1547,19.242782093081097,False
M_PUB_ALL_domain,13.0,1548,19.26364974670664,False
M_PUB_ALL_domain,13.0,1549,19.298081399950313,False
M_PUB_ALL_domain,13.0,1550,19.330715819865084,False
M_PUB_ALL_domain,13.0,1551,19.3415250797304,False
M_PUB_ALL_domain,13.0,1552,19.38618724991148,False
M_PUB_ALL_domain,13.0,1553,19.419573422586577,False
M_PUB_ALL_domain,13.0,1554,19.434074801156676,False
M_PUB_ALL_domain,13.0,1555,19.453043715147874,False
M_PUB_ALL_domain,13.0,1556,19.50958834329543,False
M_PUB_ALL_domain,13.0,1557,19.54019111453624,False
M_PUB_ALL_domain,13.0,1558,19.553962287939846,False
M_PUB_ALL_domain,13.0,1559,19.587695086875872,False
M_PUB_ALL_domain,13.0,1560,19.606213695155002,False
M_PUB_ALL_domain,13.0,1561,19.65713148180481,False
M_PUB_ALL_domain,13.0,1562,19.69443762628977,False
M_PUB_ALL_domain,13.0,1563,19.703641421532716,False
M_PUB_ALL_domain,13.0,1564,19.753050727642652,False
M_PUB_ALL_domain,13.0,1565,19.798158671585192,False
M_PUB_ALL_domain,13.0,1566,19.811325884540732,False
M_PUB_ALL_domain,13.0,1567,19.866446814512873,False
M_PUB_ALL_domain,13.0,1568,19.935812438483357,False
M_PUB_ALL_domain,13.0,1569,19.98288193495658,False
M_PUB_ALL_domain,13.0,1570,20.02263997849871,False
M_PUB_ALL_domain,13.0,1571,20.04761292622612,False
M_PUB_ALL_domain,13.0,1572,20.096010311993783,False
M_PUB_ALL_domain,13.0,1573,20.12830848984168,False
M_PUB_ALL_domain,13.0,1574,20.16799921341158,False
M_PUB_ALL_domain,13.0,1575,20.195791427170217,False
M_PUB_ALL_domain,13.0,1576,20.250813734040804,False
M_PUB_ALL_domain,13.0,1577,20.264549322199205,False
M_PUB_ALL_domain,13.0,1578,20.30325015030992,False
M_PUB_ALL_domain,13.0,1579,20.352046056428875,False
M_PUB_ALL_domain,13.0,1580,20.436239700299705,False
M_PUB_ALL_domain,13.0,1581,20.444324150716522,False
M_PUB_ALL_domain,13.0,1582,20.473856893345257,False
M_PUB_ALL_domain,13.0,1583,20.48520191098285,False
M_PUB_ALL_domain,13.0,1584,20.54324697940297,False
M_PUB_ALL_domain,13.0,1585,20.569145068593574,False
M_PUB_ALL_domain,13.0,1586,20.64804024432817,False
M_PUB_ALL_domain,13.0,1587,20.66872550717312,False
M_PUB_ALL_domain,13.0,1588,20.699175880311454,False
M_PUB_ALL_domain,13.0,1589,20.71421518280815,False
M_PUB_ALL_domain,13.0,1590,20.800086409928838,False
M_PUB_ALL_domain,13.0,1591,20.86139356839553,False
M_PUB_ALL_domain,13.0,1592,20.9300292256193,False
M_PUB_ALL_domain,13.0,1593,20.964090881808744,False
M_PUB_ALL_domain,13.0,1594,20.987960677847916,False
M_PUB_ALL_domain,13.0,1595,21.055450003663175,False
M_PUB_ALL_domain,13.0,1596,21.08100277952275,False
M_PUB_ALL_domain,13.0,1597,21.143002231052733,False
M_PUB_ALL_domain,13.0,1598,21.19286452121473,False
M_PUB_ALL_domain,13.0,1599,21.247193334770873,False
M_PUB_ALL_domain,13.0,1600,21.363365271300452,False
M_PUB_ALL_domain,13.0,1601,21.400939688176138,False
M_PUB_ALL_domain,13.0,1602,21.47471532991714,False
M_PUB_ALL_domain,13.0,1603,21.51281452077448,False
M_PUB_ALL_domain,13.0,1604,21.551500243370917,False
M_PUB_ALL_domain,13.0,1605,21.595975620149908,False
M_PUB_ALL_domain,13.0,1606,21.69303201718556,False
M_PUB_ALL_domain,13.0,1607,21.69677562448598,False
M_PUB_ALL_domain,13.0,1608,21.782907882189782,False
M_PUB_ALL_domain,13.0,1609,21.805887449548415,False
M_PUB_ALL_domain,13.0,1610,21.847458295356933,False
M_PUB_ALL_domain,13.0,1611,21.921414188831935,False
M_PUB_ALL_domain,13.0,1612,21.98927736809082,False
M_PUB_ALL_domain,13.0,1613,21.996120914658352,False
M_PUB_ALL_domain,13.0,1614,22.125201538205456,False
M_PUB_ALL_domain,13.0,1615,22.151439678854587,False
M_PUB_ALL_domain,13.0,1616,22.161481324739167,False
M_PUB_ALL_domain,13.0,1617,22.192093412354044,False
M_PUB_ALL_domain,13.0,1618,22.254253759700397,False
M_PUB_ALL_domain,13.0,1619,22.268719235542275,False
M_PUB_ALL_domain,13.0,1620,22.35112708225144,False
M_PUB_ALL_domain,13.0,1621,22.414326228612097,False
M_PUB_ALL_domain,13.0,1622,22.447810920253758,False
M_PUB_ALL_domain,13.0,1623,22.597411316494334,False
M_PUB_ALL_domain,13.0,1624,22.623102540846013,False
M_PUB_ALL_domain,13.0,1625,22.77479013464236,False
M_PUB_ALL_domain,13.0,1626,22.830914846428065,False
M_PUB_ALL_domain,13.0,1627,22.85305766853249,False
M_PUB_ALL_domain,13.0,1628,22.915602810989398,False
M_PUB_ALL_domain,13.0,1629,23.010798201848598,False
M_PUB_ALL_domain,13.0,1630,23.111966123972696,False
M_PUB_ALL_domain,13.0,1631,23.193436191014307,False
M_PUB_ALL_domain,13.0,1632,23.272810800272733,False
M_PUB_ALL_domain,13.0,1633,23.40496685692279,False
M_PUB_ALL_domain,13.0,1634,23.443711602828195,False
M_PUB_ALL_domain,13.0,1635,23.461188281668793,False
M_PUB_ALL_domain,13.0,1636,23.540952944394103,False
M_PUB_ALL_domain,13.0,1637,23.732060259704024,False
M_PUB_ALL_domain,13.0,1638,23.773753129997292,False
M_PUB_ALL_domain,13.0,1639,23.854321401390955,False
M_PUB_ALL_domain,13.0,1640,23.932462651903265,False
M_PUB_ALL_domain,13.0,1641,23.989670005001106,False
M_PUB_ALL_domain,13.0,1642,24.095529948580058,False
M_PUB_ALL_domain,13.0,1643,24.22281017232436,False
M_PUB_ALL_domain,13.0,1644,24.447820611117763,False
M_PUB_ALL_domain,13.0,1645,24.541076621503635,False
M_PUB_ALL_domain,13.0,1646,24.657448370992302,False
M_PUB_ALL_domain,13.0,1647,24.787398668506462,False
M_PUB_ALL_domain,13.0,1648,24.883179960506556,False
M_PUB_ALL_domain,13.0,1649,25.013854104144617,False
M_PUB_ALL_domain,13.0,1650,25.42839944258704,False
M_PUB_ALL_domain,13.0,1651,25.46481068456993,False
M_PUB_ALL_domain,13.0,1652,25.651293598318244,False
M_PUB_ALL_domain,13.0,1653,25.77469699286393,False
M_PUB_ALL_domain,13.0,1654,26.000968295378364,False
M_PUB_ALL_domain,13.0,1655,26.343443880522734,False
M_PUB_ALL_domain,13.0,1656,26.506636791493406,False
M_PUB_ALL_domain,13.0,1657,26.632466325094676,False
M_PUB_ALL_domain,13.0,1658,26.821771595625126,False
M_PUB_ALL_domain,13.0,1659,27.24529790375687,False
M_PUB_ALL_domain,13.0,1660,27.640193727509583,False
M_PUB_ALL_domain,13.0,1661,28.171207954342492,False
M_PUB_ALL_domain,13.0,1662,28.529689275199427,False
M_PUB_ALL_domain,13.0,1663,30.433602859800455,False
M_PUB_ALL_domain,13.0,1664,30.84880015990025,False
M_PUB_ALL_full_chainA,15.0,0,-2.1446600903385925e-15,True
M_PUB_ALL_full_chainA,15.0,1,-1.2905097088727637e-15,True
M_PUB_ALL_full_chainA,15.0,2,6.39223301682386e-16,True
M_PUB_ALL_full_chainA,15.0,3,9.113854191532918e-16,True
M_PUB_ALL_full_chainA,15.0,4,3.410072551292162e-15,True
M_PUB_ALL_full_chainA,15.0,5,5.792828657984739e-15,True
M_PUB_ALL_full_chainA,15.0,6,3.8905836758020364e-05,False
M_PUB_ALL_full_chainA,15.0,7,0.0001759300020417354,False
M_PUB_ALL_full_chainA,15.0,8,0.0003538418737890199,False
M_PUB_ALL_full_chainA,15.0,9,0.0006862223879010317,False
M_PUB_ALL_full_chainA,15.0,10,0.0019897459250811256,False
M_PUB_ALL_full_chainA,15.0,11,0.008692067840163244,False
M_PUB_ALL_full_chainA,15.0,12,0.011096393569356414,False
M_PUB_ALL_full_chainA,15.0,13,0.012004924116457824,False
M_PUB_ALL_full_chainA,15.0,14,0.015603467437708952,False
M_PUB_ALL_full_chainA,15.0,15,0.019764437056262532,False
M_PUB_ALL_full_chainA,15.0,16,0.03769706924779372,False
M_PUB_ALL_full_chainA,15.0,17,0.04512285175876292,False
M_PUB_ALL_full_chainA,15.0,18,0.05458628866925247,False
M_PUB_ALL_full_chainA,15.0,19,0.07372035067993797,False
M_PUB_ALL_full_chainA,15.0,20,0.07560133662151333,False
M_PUB_ALL_full_chainA,15.0,21,0.07900699706987604,False
M_PUB_ALL_full_chainA,15.0,22,0.08528707108998418,False
M_PUB_ALL_full_chainA,15.0,23,0.08987590948658614,False
M_PUB_ALL_full_chainA,15.0,24,0.09434016197549272,False
M_PUB_ALL_full_chainA,15.0,25,0.10204287003971677,False
M_PUB_ALL_full_chainA,15.0,26,0.10650390724513631,False
M_PUB_ALL_full_chainA,15.0,27,0.12057067066136351,False
M_PUB_ALL_full_chainA,15.0,28,0.12242848810879245,False
M_PUB_ALL_full_chainA,15.0,29,0.13333418172162703,False
M_PUB_ALL_full_chainA,15.0,30,0.14641357340541414,False
M_PUB_ALL_full_chainA,15.0,31,0.1584054854100328,False
M_PUB_ALL_full_chainA,15.0,32,0.16758810101620839,False
M_PUB_ALL_full_chainA,15.0,33,0.1753375573446413,False
M_PUB_ALL_full_chainA,15.0,34,0.17916250533381115,False
M_PUB_ALL_full_chainA,15.0,35,0.20222815994550122,False
M_PUB_ALL_full_chainA,15.0,36,0.20778296040099406,False
M_PUB_ALL_full_chainA,15.0,37,0.22344401908691122,False
M_PUB_ALL_full_chainA,15.0,38,0.2418418854045719,False
M_PUB_ALL_full_chainA,15.0,39,0.25910645645092134,False
M_PUB_ALL_full_chainA,15.0,40,0.2761614794760983,False
M_PUB_ALL_full_chainA,15.0,41,0.2878496290294138,False
M_PUB_ALL_full_chainA,15.0,42,0.2898814807679655,False
M_PUB_ALL_full_chainA,15.0,43,0.296451808991655,False
M_PUB_ALL_full_chainA,15.0,44,0.3180745699467764,False
M_PUB_ALL_full_chainA,15.0,45,0.3276852812581117,False
M_PUB_ALL_full_chainA,15.0,46,0.3352467230821298,False
M_PUB_ALL_full_chainA,15.0,47,0.3517207200417846,False
M_PUB_ALL_full_chainA,15.0,48,0.38458324124612336,False
M_PUB_ALL_full_chainA,15.0,49,0.39246891129289585,False
M_PUB_ALL_full_chainA,15.0,50,0.4207771000186612,False
M_PUB_ALL_full_chainA,15.0,51,0.4283356265059195,False
M_PUB_ALL_full_chainA,15.0,52,0.4348321149359201,False
M_PUB_ALL_full_chainA,15.0,53,0.45211824239078796,False
M_PUB_ALL_full_chainA,15.0,54,0.457128714244495,False
M_PUB_ALL_full_chainA,15.0,55,0.4695148941299491,False
M_PUB_ALL_full_chainA,15.0,56,0.47922178750788386,False
M_PUB_ALL_full_chainA,15.0,57,0.4868672263958346,False
M_PUB_ALL_full_chainA,15.0,58,0.49263121148415884,False
M_PUB_ALL_full_chainA,15.0,59,0.5115433157820026,False
M_PUB_ALL_full_chainA,15.0,60,0.5304552778534989,False
M_PUB_ALL_full_chainA,15.0,61,0.5446552731445425,False
M_PUB_ALL_full_chainA,15.0,62,0.5640561502948934,False
M_PUB_ALL_full_chainA,15.0,63,0.5748065879682025,False
M_PUB_ALL_full_chainA,15.0,64,0.5767102114702112,False
M_PUB_ALL_full_chainA,15.0,65,0.5900779342667538,False
M_PUB_ALL_full_chainA,15.0,66,0.5943366507683557,False
M_PUB_ALL_full_chainA,15.0,67,0.610005796621278,False
M_PUB_ALL_full_chainA,15.0,68,0.6179025670655826,False
M_PUB_ALL_full_chainA,15.0,69,0.6340594877566198,False
M_PUB_ALL_full_chainA,15.0,70,0.6417157310218784,False
M_PUB_ALL_full_chainA,15.0,71,0.65773248060898,False
M_PUB_ALL_full_chainA,15.0,72,0.6685029874589833,False
M_PUB_ALL_full_chainA,15.0,73,0.7083518895978864,False
M_PUB_ALL_full_chainA,15.0,74,0.717482655218347,False
M_PUB_ALL_full_chainA,15.0,75,0.7302891473473515,False
M_PUB_ALL_full_chainA,15.0,76,0.7387203304127817,False
M_PUB_ALL_full_chainA,15.0,77,0.7537114244678526,False
M_PUB_ALL_full_chainA,15.0,78,0.7918331976377226,False
M_PUB_ALL_full_chainA,15.0,79,0.8011637833332834,False
M_PUB_ALL_full_chainA,15.0,80,0.8181642874403957,False
M_PUB_ALL_full_chainA,15.0,81,0.8409525144258209,False
M_PUB_ALL_full_chainA,15.0,82,0.8463664882129921,False
M_PUB_ALL_full_chainA,15.0,83,0.8629319655019895,False
M_PUB_ALL_full_chainA,15.0,84,0.8840723819218299,False
M_PUB_ALL_full_chainA,15.0,85,0.9006115935945079,False
M_PUB_ALL_full_chainA,15.0,86,0.9172253011995646,False
M_PUB_ALL_full_chainA,15.0,87,0.9221920368253397,False
M_PUB_ALL_full_chainA,15.0,88,0.9306886405672945,False
M_PUB_ALL_full_chainA,15.0,89,0.9371153569240479,False
M_PUB_ALL_full_chainA,15.0,90,0.9528889354896953,False
M_PUB_ALL_full_chainA,15.0,91,0.9701533534430717,False
M_PUB_ALL_full_chainA,15.0,92,0.9870025894985721,False
M_PUB_ALL_full_chainA,15.0,93,0.9956949947273861,False
M_PUB_ALL_full_chainA,15.0,94,0.9995093994718015,False
M_PUB_ALL_full_chainA,15.0,95,1.0118115507414165,False
M_PUB_ALL_full_chainA,15.0,96,1.0141054078637746,False
M_PUB_ALL_full_chainA,15.0,97,1.0325815163732184,False
M_PUB_ALL_full_chainA,15.0,98,1.039449198172389,False
M_PUB_ALL_full_chainA,15.0,99,1.0510928152371997,False
M_PUB_ALL_full_chainA,15.0,100,1.067588184986055,False
M_PUB_ALL_full_chainA,15.0,101,1.0871380435170188,False
M_PUB_ALL_full_chainA,15.0,102,1.1067076742741593,False
M_PUB_ALL_full_chainA,15.0,103,1.125655042251163,False
M_PUB_ALL_full_chainA,15.0,104,1.1353292377850615,False
M_PUB_ALL_full_chainA,15.0,105,1.1465883043366856,False
M_PUB_ALL_full_chainA,15.0,106,1.1661376056643709,False
M_PUB_ALL_full_chainA,15.0,107,1.1796302535780008,False
M_PUB_ALL_full_chainA,15.0,108,1.1932355182193277,False
M_PUB_ALL_full_chainA,15.0,109,1.2075174348192836,False
M_PUB_ALL_full_chainA,15.0,110,1.2177006951218965,False
M_PUB_ALL_full_chainA,15.0,111,1.2516224971844951,False
M_PUB_ALL_full_chainA,15.0,112,1.2554651602063351,False
M_PUB_ALL_full_chainA,15.0,113,1.2656144436034975,False
M_PUB_ALL_full_chainA,15.0,114,1.2727311819924318,False
M_PUB_ALL_full_chainA,15.0,115,1.2946204005228492,False
M_PUB_ALL_full_chainA,15.0,116,1.2961201403788893,False
M_PUB_ALL_full_chainA,15.0,117,1.3049089760693604,False
M_PUB_ALL_full_chainA,15.0,118,1.3124761198170416,False
M_PUB_ALL_full_chainA,15.0,119,1.3187154399365812,False
M_PUB_ALL_full_chainA,15.0,120,1.3256781533229598,False
M_PUB_ALL_full_chainA,15.0,121,1.332961730260382,False
M_PUB_ALL_full_chainA,15.0,122,1.3475927855978602,False
M_PUB_ALL_full_chainA,15.0,123,1.367638366042471,False
M_PUB_ALL_full_chainA,15.0,124,1.3812829675384828,False
M_PUB_ALL_full_chainA,15.0,125,1.3931844246975256,False
M_PUB_ALL_full_chainA,15.0,126,1.4137634527515177,False
M_PUB_ALL_full_chainA,15.0,127,1.4159649154686496,False
M_PUB_ALL_full_chainA,15.0,128,1.4251974207038727,False
M_PUB_ALL_full_chainA,15.0,129,1.4386768504123992,False
M_PUB_ALL_full_chainA,15.0,130,1.4462082449673659,False
M_PUB_ALL_full_chainA,15.0,131,1.4606347646811435,False
M_PUB_ALL_full_chainA,15.0,132,1.4612432294585336,False
M_PUB_ALL_full_chainA,15.0,133,1.4629391446813982,False
M_PUB_ALL_full_chainA,15.0,134,1.5029675818161847,False
M_PUB_ALL_full_chainA,15.0,135,1.510978600197322,False
M_PUB_ALL_full_chainA,15.0,136,1.5290781823896076,False
M_PUB_ALL_full_chainA,15.0,137,1.5309021238993312,False
M_PUB_ALL_full_chainA,15.0,138,1.542750333406818,False
M_PUB_ALL_full_chainA,15.0,139,1.553920493174456,False
M_PUB_ALL_full_chainA,15.0,140,1.5710616417726762,False
M_PUB_ALL_full_chainA,15.0,141,1.581390866204834,False
M_PUB_ALL_full_chainA,15.0,142,1.5886491747336333,False
M_PUB_ALL_full_chainA,15.0,143,1.6033298840906491,False
M_PUB_ALL_full_chainA,15.0,144,1.6097684233881788,False
M_PUB_ALL_full_chainA,15.0,145,1.6484319050836782,False
M_PUB_ALL_full_chainA,15.0,146,1.654683642687479,False
M_PUB_ALL_full_chainA,15.0,147,1.6597455228040192,False
M_PUB_ALL_full_chainA,15.0,148,1.6653533906821398,False
M_PUB_ALL_full_chainA,15.0,149,1.6771895250970381,False
M_PUB_ALL_full_chainA,15.0,150,1.6933932338013737,False
M_PUB_ALL_full_chainA,15.0,151,1.7113591182299486,False
M_PUB_ALL_full_chainA,15.0,152,1.7143467981137817,False
M_PUB_ALL_full_chainA,15.0,153,1.7180098555996506,False
M_PUB_ALL_full_chainA,15.0,154,1.7401525776691098,False
M_PUB_ALL_full_chainA,15.0,155,1.7550128231648838,False
M_PUB_ALL_full_chainA,15.0,156,1.7693754152028855,False
M_PUB_ALL_full_chainA,15.0,157,1.7809096836637086,False
M_PUB_ALL_full_chainA,15.0,158,1.7896975781035591,False
M_PUB_ALL_full_chainA,15.0,159,1.7953154854664666,False
M_PUB_ALL_full_chainA,15.0,160,1.8348024121870237,False
M_PUB_ALL_full_chainA,15.0,161,1.8459771851621436,False
M_PUB_ALL_full_chainA,15.0,162,1.852610368608743,False
M_PUB_ALL_full_chainA,15.0,163,1.8616317052029319,False
M_PUB_ALL_full_chainA,15.0,164,1.8687069827137341,False
M_PUB_ALL_full_chainA,15.0,165,1.8808205968905907,False
M_PUB_ALL_full_chainA,15.0,166,1.9001268416020591,False
M_PUB_ALL_full_chainA,15.0,167,1.9095820057392687,False
M_PUB_ALL_full_chainA,15.0,168,1.91603491813577,False
M_PUB_ALL_full_chainA,15.0,169,1.938423125567043,False
M_PUB_ALL_full_chainA,15.0,170,1.9438838815179422,False
M_PUB_ALL_full_chainA,15.0,171,1.9573146327414155,False
M_PUB_ALL_full_chainA,15.0,172,1.9612554774263227,False
M_PUB_ALL_full_chainA,15.0,173,1.9740297598249221,False
M_PUB_ALL_full_chainA,15.0,174,1.9878443193965067,False
M_PUB_ALL_full_chainA,15.0,175,1.9945757420022197,False
M_PUB_ALL_full_chainA,15.0,176,2.008409931276786,False
M_PUB_ALL_full_chainA,15.0,177,2.011591351107094,False
M_PUB_ALL_full_chainA,15.0,178,2.019167489515044,False
M_PUB_ALL_full_chainA,15.0,179,2.02741222679183,False
M_PUB_ALL_full_chainA,15.0,180,2.0493651845013217,False
M_PUB_ALL_full_chainA,15.0,181,2.0649857969061767,False
M_PUB_ALL_full_chainA,15.0,182,2.073556666166772,False
M_PUB_ALL_full_chainA,15.0,183,2.079794969804483,False
M_PUB_ALL_full_chainA,15.0,184,2.135427602424306,False
M_PUB_ALL_full_chainA,15.0,185,2.140840974902261,False
M_PUB_ALL_full_chainA,15.0,186,2.162670484448724,False
M_PUB_ALL_full_chainA,15.0,187,2.169540460989106,False
M_PUB_ALL_full_chainA,15.0,188,2.1863245778691405,False
M_PUB_ALL_full_chainA,15.0,189,2.1940748051715984,False
M_PUB_ALL_full_chainA,15.0,190,2.2011998080729054,False
M_PUB_ALL_full_chainA,15.0,191,2.202779151462525,False
M_PUB_ALL_full_chainA,15.0,192,2.21051058074826,False
M_PUB_ALL_full_chainA,15.0,193,2.2144322956811635,False
M_PUB_ALL_full_chainA,15.0,194,2.2320576291376417,False
M_PUB_ALL_full_chainA,15.0,195,2.237843677508413,False
M_PUB_ALL_full_chainA,15.0,196,2.2403061389660466,False
M_PUB_ALL_full_chainA,15.0,197,2.270692342098851,False
M_PUB_ALL_full_chainA,15.0,198,2.2831715537297574,False
M_PUB_ALL_full_chainA,15.0,199,2.2944545738941127,False
M_PUB_ALL_full_chainA,15.0,200,2.303184414896603,False
M_PUB_ALL_full_chainA,15.0,201,2.314407411746551,False
M_PUB_ALL_full_chainA,15.0,202,2.32787935327378,False
M_PUB_ALL_full_chainA,15.0,203,2.356078582097404,False
M_PUB_ALL_full_chainA,15.0,204,2.3683528119077577,False
M_PUB_ALL_full_chainA,15.0,205,2.388819212586394,False
M_PUB_ALL_full_chainA,15.0,206,2.3953527702382713,False
M_PUB_ALL_full_chainA,15.0,207,2.3994373865784837,False
M_PUB_ALL_full_chainA,15.0,208,2.4114203542768573,False
M_PUB_ALL_full_chainA,15.0,209,2.4220351247908405,False
M_PUB_ALL_full_chainA,15.0,210,2.4236364028540454,False
M_PUB_ALL_full_chainA,15.0,211,2.4381346529362387,False
M_PUB_ALL_full_chainA,15.0,212,2.4430727990313144,False
M_PUB_ALL_full_chainA,15.0,213,2.4538242810862254,False
M_PUB_ALL_full_chainA,15.0,214,2.459449929846877,False
M_PUB_ALL_full_chainA,15.0,215,2.4705802930760976,False
M_PUB_ALL_full_chainA,15.0,216,2.487816468186813,False
M_PUB_ALL_full_chainA,15.0,217,2.5103454058838848,False
M_PUB_ALL_full_chainA,15.0,218,2.5263718000183966,False
M_PUB_ALL_full_chainA,15.0,219,2.550855948975003,False
M_PUB_ALL_full_chainA,15.0,220,2.573023585687284,False
M_PUB_ALL_full_chainA,15.0,221,2.580285315979702,False
M_PUB_ALL_full_chainA,15.0,222,2.6125192621013986,False
M_PUB_ALL_full_chainA,15.0,223,2.6250778890770214,False
M_PUB_ALL_full_chainA,15.0,224,2.642136214865347,False
M_PUB_ALL_full_chainA,15.0,225,2.6444638817071047,False
M_PUB_ALL_full_chainA,15.0,226,2.6533035336569695,False
M_PUB_ALL_full_chainA,15.0,227,2.6586319723521443,False
M_PUB_ALL_full_chainA,15.0,228,2.6675780741152986,False
M_PUB_ALL_full_chainA,15.0,229,2.670111562682108,False
M_PUB_ALL_full_chainA,15.0,230,2.7144534615708404,False
M_PUB_ALL_full_chainA,15.0,231,2.7288684341007716,False
M_PUB_ALL_full_chainA,15.0,232,2.7402487353065634,False
M_PUB_ALL_full_chainA,15.0,233,2.7425211218163965,False
M_PUB_ALL_full_chainA,15.0,234,2.74854947440932,False
M_PUB_ALL_full_chainA,15.0,235,2.7632115781185003,False
M_PUB_ALL_full_chainA,15.0,236,2.7706924003548408,False
M_PUB_ALL_full_chainA,15.0,237,2.7867059353193353,False
M_PUB_ALL_full_chainA,15.0,238,2.818523304194883,False
M_PUB_ALL_full_chainA,15.0,239,2.823145959805436,False
M_PUB_ALL_full_chainA,15.0,240,2.8250319808272444,False
M_PUB_ALL_full_chainA,15.0,241,2.834308828051398,False
M_PUB_ALL_full_chainA,15.0,242,2.8355158158208487,False
M_PUB_ALL_full_chainA,15.0,243,2.8469702448130043,False
M_PUB_ALL_full_chainA,15.0,244,2.878205701784762,False
M_PUB_ALL_full_chainA,15.0,245,2.8803211907882704,False
M_PUB_ALL_full_chainA,15.0,246,2.889037433663574,False
M_PUB_ALL_full_chainA,15.0,247,2.900518558506309,False
M_PUB_ALL_full_chainA,15.0,248,2.9385785307054104,False
M_PUB_ALL_full_chainA,15.0,249,2.947343200809457,False
M_PUB_ALL_full_chainA,15.0,250,2.9796892563664845,False
M_PUB_ALL_full_chainA,15.0,251,2.9903378593769507,False
M_PUB_ALL_full_chainA,15.0,252,2.999996263479274,False
M_PUB_ALL_full_chainA,15.0,253,3.00044335136285,False
M_PUB_ALL_full_chainA,15.0,254,3.0088019477877053,False
M_PUB_ALL_full_chainA,15.0,255,3.026219198195693,False
M_PUB_ALL_full_chainA,15.0,256,3.0433871533693626,False
M_PUB_ALL_full_chainA,15.0,257,3.0659881655072097,False
M_PUB_ALL_full_chainA,15.0,258,3.0852501722425725,False
M_PUB_ALL_full_chainA,15.0,259,3.098827894419118,False
M_PUB_ALL_full_chainA,15.0,260,3.119432141161441,False
M_PUB_ALL_full_chainA,15.0,261,3.1213834246877634,False
M_PUB_ALL_full_chainA,15.0,262,3.1252570693979496,False
M_PUB_ALL_full_chainA,15.0,263,3.1349055644881,False
M_PUB_ALL_full_chainA,15.0,264,3.145452109101749,False
M_PUB_ALL_full_chainA,15.0,265,3.153320758840272,False
M_PUB_ALL_full_chainA,15.0,266,3.15994381848957,False
M_PUB_ALL_full_chainA,15.0,267,3.1690878073405893,False
M_PUB_ALL_full_chainA,15.0,268,3.177540508933429,False
M_PUB_ALL_full_chainA,15.0,269,3.1979097573482558,False
M_PUB_ALL_full_chainA,15.0,270,3.2039800534576717,False
M_PUB_ALL_full_chainA,15.0,271,3.2105973210257788,False
M_PUB_ALL_full_chainA,15.0,272,3.217979653294152,False
M_PUB_ALL_full_chainA,15.0,273,3.21973034827025,False
M_PUB_ALL_full_chainA,15.0,274,3.2268894375617183,False
M_PUB_ALL_full_chainA,15.0,275,3.232734997296577,False
M_PUB_ALL_full_chainA,15.0,276,3.240885669532382,False
M_PUB_ALL_full_chainA,15.0,277,3.264126585644015,False
M_PUB_ALL_full_chainA,15.0,278,3.270570170451606,False
M_PUB_ALL_full_chainA,15.0,279,3.278207259316994,False
M_PUB_ALL_full_chainA,15.0,280,3.2875334892518886,False
M_PUB_ALL_full_chainA,15.0,281,3.2995577874520774,False
M_PUB_ALL_full_chainA,15.0,282,3.3140629106641817,False
M_PUB_ALL_full_chainA,15.0,283,3.3337517151751173,False
M_PUB_ALL_full_chainA,15.0,284,3.346532923694839,False
M_PUB_ALL_full_chainA,15.0,285,3.370263477123228,False
M_PUB_ALL_full_chainA,15.0,286,3.3769606118151345,False
M_PUB_ALL_full_chainA,15.0,287,3.3773470184125802,False
M_PUB_ALL_full_chainA,15.0,288,3.3965447121450856,False
M_PUB_ALL_full_chainA,15.0,289,3.4104966517273536,False
M_PUB_ALL_full_chainA,15.0,290,3.423525842927115,False
M_PUB_ALL_full_chainA,15.0,291,3.432168774198364,False
M_PUB_ALL_full_chainA,15.0,292,3.4434937496057763,False
M_PUB_ALL_full_chainA,15.0,293,3.450137828982009,False
M_PUB_ALL_full_chainA,15.0,294,3.4671961136632614,False
M_PUB_ALL_full_chainA,15.0,295,3.4742820017998786,False
M_PUB_ALL_full_chainA,15.0,296,3.482010472818879,False
M_PUB_ALL_full_chainA,15.0,297,3.493567219027711,False
M_PUB_ALL_full_chainA,15.0,298,3.515556873086559,False
M_PUB_ALL_full_chainA,15.0,299,3.5306999621189004,False
M_PUB_ALL_full_chainA,15.0,300,3.536453687598337,False
M_PUB_ALL_full_chainA,15.0,301,3.5436831360127927,False
M_PUB_ALL_full_chainA,15.0,302,3.5490273893083017,False
M_PUB_ALL_full_chainA,15.0,303,3.5564818396822937,False
M_PUB_ALL_full_chainA,15.0,304,3.5733583757835294,False
M_PUB_ALL_full_chainA,15.0,305,3.5793072599123774,False
M_PUB_ALL_full_chainA,15.0,306,3.590040540944586,False
M_PUB_ALL_full_chainA,15.0,307,3.5997559560932766,False
M_PUB_ALL_full_chainA,15.0,308,3.617385272793054,False
M_PUB_ALL_full_chainA,15.0,309,3.62074124411736,False
M_PUB_ALL_full_chainA,15.0,310,3.626164352988507,False
M_PUB_ALL_full_chainA,15.0,311,3.634647971905981,False
M_PUB_ALL_full_chainA,15.0,312,3.6391361773038557,False
M_PUB_ALL_full_chainA,15.0,313,3.655341100054942,False
M_PUB_ALL_full_chainA,15.0,314,3.666836117176963,False
M_PUB_ALL_full_chainA,15.0,315,3.675945096519058,False
M_PUB_ALL_full_chainA,15.0,316,3.7096539230507584,False
M_PUB_ALL_full_chainA,15.0,317,3.7130671762467813,False
M_PUB_ALL_full_chainA,15.0,318,3.7278612462265146,False
M_PUB_ALL_full_chainA,15.0,319,3.7326213842401255,False
M_PUB_ALL_full_chainA,15.0,320,3.7455390749761817,False
M_PUB_ALL_full_chainA,15.0,321,3.7590783421643126,False
M_PUB_ALL_full_chainA,15.0,322,3.772412593559542,False
M_PUB_ALL_full_chainA,15.0,323,3.778730037951438,False
M_PUB_ALL_full_chainA,15.0,324,3.795069367546354,False
M_PUB_ALL_full_chainA,15.0,325,3.79796038615824,False
M_PUB_ALL_full_chainA,15.0,326,3.8164866839739746,False
M_PUB_ALL_full_chainA,15.0,327,3.841103467905145,False
M_PUB_ALL_full_chainA,15.0,328,3.8535440452711804,False
M_PUB_ALL_full_chainA,15.0,329,3.870366616678434,False
M_PUB_ALL_full_chainA,15.0,330,3.8989588434529896,False
M_PUB_ALL_full_chainA,15.0,331,3.901319938339668,False
M_PUB_ALL_full_chainA,15.0,332,3.9064050815415214,False
M_PUB_ALL_full_chainA,15.0,333,3.9322374519487884,False
M_PUB_ALL_full_chainA,15.0,334,3.9350316551946216,False
M_PUB_ALL_full_chainA,15.0,335,3.949142374107755,False
M_PUB_ALL_full_chainA,15.0,336,3.951082347188919,False
M_PUB_ALL_full_chainA,15.0,337,3.9627022135498615,False
M_PUB_ALL_full_chainA,15.0,338,3.972890845425774,False
M_PUB_ALL_full_chainA,15.0,339,3.997076314110921,False
M_PUB_ALL_full_chainA,15.0,340,4.003239034466156,False
M_PUB_ALL_full_chainA,15.0,341,4.03370296249774,False
M_PUB_ALL_full_chainA,15.0,342,4.04144259871529,False
M_PUB_ALL_full_chainA,15.0,343,4.061327006523452,False
M_PUB_ALL_full_chainA,15.0,344,4.065293360138091,False
M_PUB_ALL_full_chainA,15.0,345,4.066315509452607,False
M_PUB_ALL_full_chainA,15.0,346,4.072233324470244,False
M_PUB_ALL_full_chainA,15.0,347,4.076772457146846,False
M_PUB_ALL_full_chainA,15.0,348,4.092636431935944,False
M_PUB_ALL_full_chainA,15.0,349,4.096055563543967,False
M_PUB_ALL_full_chainA,15.0,350,4.113191006691887,False
M_PUB_ALL_full_chainA,15.0,351,4.1367925938768195,False
M_PUB_ALL_full_chainA,15.0,352,4.14346268946807,False
M_PUB_ALL_full_chainA,15.0,353,4.152780899863614,False
M_PUB_ALL_full_chainA,15.0,354,4.1739995904169325,False
M_PUB_ALL_full_chainA,15.0,355,4.197417093045092,False
M_PUB_ALL_full_chainA,15.0,356,4.211690885239253,False
M_PUB_ALL_full_chainA,15.0,357,4.214174876411872,False
M_PUB_ALL_full_chainA,15.0,358,4.233507115453496,False
M_PUB_ALL_full_chainA,15.0,359,4.236872946788543,False
M_PUB_ALL_full_chainA,15.0,360,4.265189945010014,False
M_PUB_ALL_full_chainA,15.0,361,4.2951297288964865,False
M_PUB_ALL_full_chainA,15.0,362,4.318032118052066,False
M_PUB_ALL_full_chainA,15.0,363,4.323128988760884,False
M_PUB_ALL_full_chainA,15.0,364,4.327921735788069,False
M_PUB_ALL_full_chainA,15.0,365,4.339765599010539,False
M_PUB_ALL_full_chainA,15.0,366,4.348591785734474,False
M_PUB_ALL_full_chainA,15.0,367,4.353700661349922,False
M_PUB_ALL_full_chainA,15.0,368,4.384110302539572,False
M_PUB_ALL_full_chainA,15.0,369,4.401051573442452,False
M_PUB_ALL_full_chainA,15.0,370,4.408466780782798,False
M_PUB_ALL_full_chainA,15.0,371,4.436347318328357,False
M_PUB_ALL_full_chainA,15.0,372,4.443476637768163,False
M_PUB_ALL_full_chainA,15.0,373,4.451815253290837,False
M_PUB_ALL_full_chainA,15.0,374,4.468372987809314,False
M_PUB_ALL_full_chainA,15.0,375,4.4800086693123635,False
M_PUB_ALL_full_chainA,15.0,376,4.483799027162698,False
M_PUB_ALL_full_chainA,15.0,377,4.497166474259309,False
M_PUB_ALL_full_chainA,15.0,378,4.502987283982175,False
M_PUB_ALL_full_chainA,15.0,379,4.541644392358802,False
M_PUB_ALL_full_chainA,15.0,380,4.577105567493003,False
M_PUB_ALL_full_chainA,15.0,381,4.583081116278405,False
M_PUB_ALL_full_chainA,15.0,382,4.587148978856668,False
M_PUB_ALL_full_chainA,15.0,383,4.635787359651212,False
M_PUB_ALL_full_chainA,15.0,384,4.63834567721052,False
M_PUB_ALL_full_chainA,15.0,385,4.671063684501289,False
M_PUB_ALL_full_chainA,15.0,386,4.696607985286159,False
M_PUB_ALL_full_chainA,15.0,387,4.704672181393581,False
M_PUB_ALL_full_chainA,15.0,388,4.708638757288311,False
M_PUB_ALL_full_chainA,15.0,389,4.715625817339255,False
M_PUB_ALL_full_chainA,15.0,390,4.746324211398443,False
M_PUB_ALL_full_chainA,15.0,391,4.77909174649354,False
M_PUB_ALL_full_chainA,15.0,392,4.7963385507034895,False
M_PUB_ALL_full_chainA,15.0,393,4.800587415584798,False
M_PUB_ALL_full_chainA,15.0,394,4.842662228910289,False
M_PUB_ALL_full_chainA,15.0,395,4.846150880877367,False
M_PUB_ALL_full_chainA,15.0,396,4.864380873417309,False
M_PUB_ALL_full_chainA,15.0,397,4.905479030624032,False
M_PUB_ALL_full_chainA,15.0,398,4.917389930247205,False
M_PUB_ALL_full_chainA,15.0,399,4.922461225202094,False
M_PUB_ALL_full_chainA,15.0,400,4.923730754281239,False
M_PUB_ALL_full_chainA,15.0,401,4.929409545592506,False
M_PUB_ALL_full_chainA,15.0,402,4.959072143247957,False
M_PUB_ALL_full_chainA,15.0,403,4.970629958083049,False
M_PUB_ALL_full_chainA,15.0,404,4.989280116967686,False
M_PUB_ALL_full_chainA,15.0,405,5.012447721864483,False
M_PUB_ALL_full_chainA,15.0,406,5.031266507296319,False
M_PUB_ALL_full_chainA,15.0,407,5.043406014537117,False
M_PUB_ALL_full_chainA,15.0,408,5.069431645293691,False
M_PUB_ALL_full_chainA,15.0,409,5.091629351644579,False
M_PUB_ALL_full_chainA,15.0,410,5.098821439866905,False
M_PUB_ALL_full_chainA,15.0,411,5.130398133660483,False
M_PUB_ALL_full_chainA,15.0,412,5.156247618190253,False
M_PUB_ALL_full_chainA,15.0,413,5.169911049719706,False
M_PUB_ALL_full_chainA,15.0,414,5.1764810688617215,False
M_PUB_ALL_full_chainA,15.0,415,5.189392520852182,False
M_PUB_ALL_full_chainA,15.0,416,5.192181358053578,False
M_PUB_ALL_full_chainA,15.0,417,5.196642445671994,False
M_PUB_ALL_full_chainA,15.0,418,5.222707646482406,False
M_PUB_ALL_full_chainA,15.0,419,5.2463751419152205,False
M_PUB_ALL_full_chainA,15.0,420,5.280859377607738,False
M_PUB_ALL_full_chainA,15.0,421,5.334719915127052,False
M_PUB_ALL_full_chainA,15.0,422,5.338326671600984,False
M_PUB_ALL_full_chainA,15.0,423,5.355296583588869,False
M_PUB_ALL_full_chainA,15.0,424,5.372436069282527,False
M_PUB_ALL_full_chainA,15.0,425,5.384913648741542,False
M_PUB_ALL_full_chainA,15.0,426,5.403858027356336,False
M_PUB_ALL_full_chainA,15.0,427,5.424610742621064,False
M_PUB_ALL_full_chainA,15.0,428,5.434714140289184,False
M_PUB_ALL_full_chainA,15.0,429,5.446697988770847,False
M_PUB_ALL_full_chainA,15.0,430,5.459588671967036,False
M_PUB_ALL_full_chainA,15.0,431,5.4830499002132544,False
M_PUB_ALL_full_chainA,15.0,432,5.497847080943344,False
M_PUB_ALL_full_chainA,15.0,433,5.505054769094439,False
M_PUB_ALL_full_chainA,15.0,434,5.52905284568748,False
M_PUB_ALL_full_chainA,15.0,435,5.533918452271759,False
M_PUB_ALL_full_chainA,15.0,436,5.55524373370026,False
M_PUB_ALL_full_chainA,15.0,437,5.569945552094746,False
M_PUB_ALL_full_chainA,15.0,438,5.582968701770223,False
M_PUB_ALL_full_chainA,15.0,439,5.614940990947315,False
M_PUB_ALL_full_chainA,15.0,440,5.643565851556136,False
M_PUB_ALL_full_chainA,15.0,441,5.650373495843763,False
M_PUB_ALL_full_chainA,15.0,442,5.653940821069613,False
M_PUB_ALL_full_chainA,15.0,443,5.685227159161492,False
M_PUB_ALL_full_chainA,15.0,444,5.694481199392646,False
M_PUB_ALL_full_chainA,15.0,445,5.700317699627107,False
M_PUB_ALL_full_chainA,15.0,446,5.733505730318634,False
M_PUB_ALL_full_chainA,15.0,447,5.741189940044931,False
M_PUB_ALL_full_chainA,15.0,448,5.812483514890052,False
M_PUB_ALL_full_chainA,15.0,449,5.818331511397695,False
M_PUB_ALL_full_chainA,15.0,450,5.8337148533142535,False
M_PUB_ALL_full_chainA,15.0,451,5.83650402004516,False
M_PUB_ALL_full_chainA,15.0,452,5.843875255347057,False
M_PUB_ALL_full_chainA,15.0,453,5.854169955167525,False
M_PUB_ALL_full_chainA,15.0,454,5.895245423950098,False
M_PUB_ALL_full_chainA,15.0,455,5.920086297809316,False
M_PUB_ALL_full_chainA,15.0,456,5.925106300401431,False
M_PUB_ALL_full_chainA,15.0,457,5.949980681463337,False
M_PUB_ALL_full_chainA,15.0,458,5.956881206172058,False
M_PUB_ALL_full_chainA,15.0,459,5.97333121353442,False
M_PUB_ALL_full_chainA,15.0,460,5.9839991896231135,False
M_PUB_ALL_full_chainA,15.0,461,5.985888931129938,False
M_PUB_ALL_full_chainA,15.0,462,6.0109508604697295,False
M_PUB_ALL_full_chainA,15.0,463,6.020804040618495,False
M_PUB_ALL_full_chainA,15.0,464,6.037193227073883,False
M_PUB_ALL_full_chainA,15.0,465,6.046284710492288,False
M_PUB_ALL_full_chainA,15.0,466,6.055356250662302,False
M_PUB_ALL_full_chainA,15.0,467,6.0819648111125035,False
M_PUB_ALL_full_chainA,15.0,468,6.089259627895687,False
M_PUB_ALL_full_chainA,15.0,469,6.093009057901863,False
M_PUB_ALL_full_chainA,15.0,470,6.100437896741343,False
M_PUB_ALL_full_chainA,15.0,471,6.136003578844704,False
M_PUB_ALL_full_chainA,15.0,472,6.160763035871321,False
M_PUB_ALL_full_chainA,15.0,473,6.1737110881967165,False
M_PUB_ALL_full_chainA,15.0,474,6.198201601657547,False
M_PUB_ALL_full_chainA,15.0,475,6.213253213046767,False
M_PUB_ALL_full_chainA,15.0,476,6.22413833890384,False
M_PUB_ALL_full_chainA,15.0,477,6.234173632119449,False
M_PUB_ALL_full_chainA,15.0,478,6.2524377934537885,False
M_PUB_ALL_full_chainA,15.0,479,6.268533779560807,False
M_PUB_ALL_full_chainA,15.0,480,6.282916207744666,False
M_PUB_ALL_full_chainA,15.0,481,6.29571143290116,False
M_PUB_ALL_full_chainA,15.0,482,6.296989946236455,False
M_PUB_ALL_full_chainA,15.0,483,6.326428544298616,False
M_PUB_ALL_full_chainA,15.0,484,6.347928834355933,False
M_PUB_ALL_full_chainA,15.0,485,6.3613188139449255,False
M_PUB_ALL_full_chainA,15.0,486,6.376210330736171,False
M_PUB_ALL_full_chainA,15.0,487,6.381418992699539,False
M_PUB_ALL_full_chainA,15.0,488,6.385969486986619,False
M_PUB_ALL_full_chainA,15.0,489,6.401896282074583,False
M_PUB_ALL_full_chainA,15.0,490,6.416768279366697,False
M_PUB_ALL_full_chainA,15.0,491,6.431506495671667,False
M_PUB_ALL_full_chainA,15.0,492,6.456517647248369,False
M_PUB_ALL_full_chainA,15.0,493,6.480486003100555,False
M_PUB_ALL_full_chainA,15.0,494,6.490750723559482,False
M_PUB_ALL_full_chainA,15.0,495,6.491345266627654,False
M_PUB_ALL_full_chainA,15.0,496,6.516452815524132,False
M_PUB_ALL_full_chainA,15.0,497,6.553876727540991,False
M_PUB_ALL_full_chainA,15.0,498,6.5739491106098065,False
M_PUB_ALL_full_chainA,15.0,499,6.576653180933809,False
M_PUB_ALL_full_chainA,15.0,500,6.587199725539274,False
M_PUB_ALL_full_chainA,15.0,501,6.604836694763479,False
M_PUB_ALL_full_chainA,15.0,502,6.632951204991711,False
M_PUB_ALL_full_chainA,15.0,503,6.642071589382356,False
M_PUB_ALL_full_chainA,15.0,504,6.682928946836663,False
M_PUB_ALL_full_chainA,15.0,505,6.702331564289395,False
M_PUB_ALL_full_chainA,15.0,506,6.713212440517963,False
M_PUB_ALL_full_chainA,15.0,507,6.748560026951322,False
M_PUB_ALL_full_chainA,15.0,508,6.78136189288033,False
M_PUB_ALL_full_chainA,15.0,509,6.788408224870446,False
M_PUB_ALL_full_chainA,15.0,510,6.811437781807828,False
M_PUB_ALL_full_chainA,15.0,511,6.817847819389874,False
M_PUB_ALL_full_chainA,15.0,512,6.819030631149335,False
M_PUB_ALL_full_chainA,15.0,513,6.827153324491545,False
M_PUB_ALL_full_chainA,15.0,514,6.854322904761938,False
M_PUB_ALL_full_chainA,15.0,515,6.890679801806503,False
M_PUB_ALL_full_chainA,15.0,516,6.911794236607278,False
M_PUB_ALL_full_chainA,15.0,517,6.94546842815722,False
M_PUB_ALL_full_chainA,15.0,518,6.955395986338641,False
M_PUB_ALL_full_chainA,15.0,519,6.958133089031872,False
M_PUB_ALL_full_chainA,15.0,520,6.979322493390029,False
M_PUB_ALL_full_chainA,15.0,521,6.9945133405821425,False
M_PUB_ALL_full_chainA,15.0,522,7.022441396788329,False
M_PUB_ALL_full_chainA,15.0,523,7.027154773140962,False
M_PUB_ALL_full_chainA,15.0,524,7.0321905791577075,False
M_PUB_ALL_full_chainA,15.0,525,7.071418095868717,False
M_PUB_ALL_full_chainA,15.0,526,7.097402071214835,False
M_PUB_ALL_full_chainA,15.0,527,7.115233671533403,False
M_PUB_ALL_full_chainA,15.0,528,7.130278012299181,False
M_PUB_ALL_full_chainA,15.0,529,7.151517574240771,False
M_PUB_ALL_full_chainA,15.0,530,7.1648493343736686,False
M_PUB_ALL_full_chainA,15.0,531,7.176123694385755,False
M_PUB_ALL_full_chainA,15.0,532,7.18882788106093,False
M_PUB_ALL_full_chainA,15.0,533,7.208441833562979,False
M_PUB_ALL_full_chainA,15.0,534,7.2158251971455565,False
M_PUB_ALL_full_chainA,15.0,535,7.265193759798222,False
M_PUB_ALL_full_chainA,15.0,536,7.290305115395173,False
M_PUB_ALL_full_chainA,15.0,537,7.302227708863488,False
M_PUB_ALL_full_chainA,15.0,538,7.328132446689055,False
M_PUB_ALL_full_chainA,15.0,539,7.365383460795491,False
M_PUB_ALL_full_chainA,15.0,540,7.371146601187139,False
M_PUB_ALL_full_chainA,15.0,541,7.374468175986834,False
M_PUB_ALL_full_chainA,15.0,542,7.393576183222408,False
M_PUB_ALL_full_chainA,15.0,543,7.403899919695999,False
M_PUB_ALL_full_chainA,15.0,544,7.436405473081795,False
M_PUB_ALL_full_chainA,15.0,545,7.439386128021875,False
M_PUB_ALL_full_chainA,15.0,546,7.442024682479643,False
M_PUB_ALL_full_chainA,15.0,547,7.480766434438864,False
M_PUB_ALL_full_chainA,15.0,548,7.48979804804115,False
M_PUB_ALL_full_chainA,15.0,549,7.502628066028126,False
M_PUB_ALL_full_chainA,15.0,550,7.530544376318911,False
M_PUB_ALL_full_chainA,15.0,551,7.554113632044165,False
M_PUB_ALL_full_chainA,15.0,552,7.5605519310004325,False
M_PUB_ALL_full_chainA,15.0,553,7.576316139437408,False
M_PUB_ALL_full_chainA,15.0,554,7.584028219505227,False
M_PUB_ALL_full_chainA,15.0,555,7.589621504886432,False
M_PUB_ALL_full_chainA,15.0,556,7.610051727131937,False
M_PUB_ALL_full_chainA,15.0,557,7.631522333882355,False
M_PUB_ALL_full_chainA,15.0,558,7.637904702130558,False
M_PUB_ALL_full_chainA,15.0,559,7.644033710702204,False
M_PUB_ALL_full_chainA,15.0,560,7.655531502462471,False
M_PUB_ALL_full_chainA,15.0,561,7.676501680313203,False
M_PUB_ALL_full_chainA,15.0,562,7.688480187706052,False
M_PUB_ALL_full_chainA,15.0,563,7.7068091878599,False
M_PUB_ALL_full_chainA,15.0,564,7.727145746800633,False
M_PUB_ALL_full_chainA,15.0,565,7.74543035209651,False
M_PUB_ALL_full_chainA,15.0,566,7.762817912059658,False
M_PUB_ALL_full_chainA,15.0,567,7.776200558277211,False
M_PUB_ALL_full_chainA,15.0,568,7.779068405471936,False
M_PUB_ALL_full_chainA,15.0,569,7.791499889658174,False
M_PUB_ALL_full_chainA,15.0,570,7.809017620083491,False
M_PUB_ALL_full_chainA,15.0,571,7.840199263337948,False
M_PUB_ALL_full_chainA,15.0,572,7.850230678941331,False
M_PUB_ALL_full_chainA,15.0,573,7.863404350890698,False
M_PUB_ALL_full_chainA,15.0,574,7.880833312029038,False
M_PUB_ALL_full_chainA,15.0,575,7.897503042073114,False
M_PUB_ALL_full_chainA,15.0,576,7.909812792625284,False
M_PUB_ALL_full_chainA,15.0,577,7.922554276809462,False
M_PUB_ALL_full_chainA,15.0,578,7.943306819861426,False
M_PUB_ALL_full_chainA,15.0,579,7.97477093835655,False
M_PUB_ALL_full_chainA,15.0,580,8.008733987457846,False
M_PUB_ALL_full_chainA,15.0,581,8.018726393883929,False
M_PUB_ALL_full_chainA,15.0,582,8.030704820053781,False
M_PUB_ALL_full_chainA,15.0,583,8.051779277365553,False
M_PUB_ALL_full_chainA,15.0,584,8.083803194474127,False
M_PUB_ALL_full_chainA,15.0,585,8.092067204076514,False
M_PUB_ALL_full_chainA,15.0,586,8.095829977190604,False
M_PUB_ALL_full_chainA,15.0,587,8.126237405526306,False
M_PUB_ALL_full_chainA,15.0,588,8.138254667788733,False
M_PUB_ALL_full_chainA,15.0,589,8.151426915460295,False
M_PUB_ALL_full_chainA,15.0,590,8.1802541398451,False
M_PUB_ALL_full_chainA,15.0,591,8.19152921116576,False
M_PUB_ALL_full_chainA,15.0,592,8.215040505829952,False
M_PUB_ALL_full_chainA,15.0,593,8.239246948449924,False
M_PUB_ALL_full_chainA,15.0,594,8.27995549435188,False
M_PUB_ALL_full_chainA,15.0,595,8.294777546067495,False
M_PUB_ALL_full_chainA,15.0,596,8.323225164161025,False
M_PUB_ALL_full_chainA,15.0,597,8.34642491626886,False
M_PUB_ALL_full_chainA,15.0,598,8.3752794217622,False
M_PUB_ALL_full_chainA,15.0,599,8.379175869546106,False
M_PUB_ALL_full_chainA,15.0,600,8.401650396824609,False
M_PUB_ALL_full_chainA,15.0,601,8.412131185226224,False
M_PUB_ALL_full_chainA,15.0,602,8.437588428640831,False
M_PUB_ALL_full_chainA,15.0,603,8.477516507674112,False
M_PUB_ALL_full_chainA,15.0,604,8.4850882156847,False
M_PUB_ALL_full_chainA,15.0,605,8.49611835844814,False
M_PUB_ALL_full_chainA,15.0,606,8.50623498002361,False
M_PUB_ALL_full_chainA,15.0,607,8.511604178431188,False
M_PUB_ALL_full_chainA,15.0,608,8.53740404002678,False
M_PUB_ALL_full_chainA,15.0,609,8.55045331347766,False
M_PUB_ALL_full_chainA,15.0,610,8.5687332701408,False
M_PUB_ALL_full_chainA,15.0,611,8.59474206759034,False
M_PUB_ALL_full_chainA,15.0,612,8.620766136903034,False
M_PUB_ALL_full_chainA,15.0,613,8.628478717579375,False
M_PUB_ALL_full_chainA,15.0,614,8.635991087708673,False
M_PUB_ALL_full_chainA,15.0,615,8.653785830474932,False
M_PUB_ALL_full_chainA,15.0,616,8.677440547829818,False
M_PUB_ALL_full_chainA,15.0,617,8.686681547096827,False
M_PUB_ALL_full_chainA,15.0,618,8.691456039405262,False
M_PUB_ALL_full_chainA,15.0,619,8.703016771566135,False
M_PUB_ALL_full_chainA,15.0,620,8.718470151941599,False
M_PUB_ALL_full_chainA,15.0,621,8.729904268417721,False
M_PUB_ALL_full_chainA,15.0,622,8.745909310050568,False
M_PUB_ALL_full_chainA,15.0,623,8.74593637315462,False
M_PUB_ALL_full_chainA,15.0,624,8.76389443051901,False
M_PUB_ALL_full_chainA,15.0,625,8.776440841194507,False
M_PUB_ALL_full_chainA,15.0,626,8.794596486327803,False
M_PUB_ALL_full_chainA,15.0,627,8.822254971417147,False
M_PUB_ALL_full_chainA,15.0,628,8.828504662295833,False
M_PUB_ALL_full_chainA,15.0,629,8.845718923717651,False
M_PUB_ALL_full_chainA,15.0,630,8.865448533995785,False
M_PUB_ALL_full_chainA,15.0,631,8.883093275927402,False
M_PUB_ALL_full_chainA,15.0,632,8.89465234234539,False
M_PUB_ALL_full_chainA,15.0,633,8.912961083689906,False
M_PUB_ALL_full_chainA,15.0,634,8.920692569895508,False
M_PUB_ALL_full_chainA,15.0,635,8.924834625070009,False
M_PUB_ALL_full_chainA,15.0,636,8.926586331668828,False
M_PUB_ALL_full_chainA,15.0,637,8.939532723928231,False
M_PUB_ALL_full_chainA,15.0,638,8.956365726562762,False
M_PUB_ALL_full_chainA,15.0,639,8.967949494652233,False
M_PUB_ALL_full_chainA,15.0,640,8.999116734867716,False
M_PUB_ALL_full_chainA,15.0,641,9.010924697285112,False
M_PUB_ALL_full_chainA,15.0,642,9.026397226247616,False
M_PUB_ALL_full_chainA,15.0,643,9.030811569055343,False
M_PUB_ALL_full_chainA,15.0,644,9.046073982818141,False
M_PUB_ALL_full_chainA,15.0,645,9.070355042528098,False
M_PUB_ALL_full_chainA,15.0,646,9.076446447454504,False
M_PUB_ALL_full_chainA,15.0,647,9.087397841312548,False
M_PUB_ALL_full_chainA,15.0,648,9.098022894524753,False
M_PUB_ALL_full_chainA,15.0,649,9.108484789884832,False
M_PUB_ALL_full_chainA,15.0,650,9.137607066213628,False
M_PUB_ALL_full_chainA,15.0,651,9.148251313524826,False
M_PUB_ALL_full_chainA,15.0,652,9.167327316480106,False
M_PUB_ALL_full_chainA,15.0,653,9.17765973144843,False
M_PUB_ALL_full_chainA,15.0,654,9.185920622659545,False
M_PUB_ALL_full_chainA,15.0,655,9.197769609164318,False
M_PUB_ALL_full_chainA,15.0,656,9.21859513674349,False
M_PUB_ALL_full_chainA,15.0,657,9.229411409198464,False
M_PUB_ALL_full_chainA,15.0,658,9.239478982832784,False
M_PUB_ALL_full_chainA,15.0,659,9.25536310016394,False
M_PUB_ALL_full_chainA,15.0,660,9.26044304526055,False
M_PUB_ALL_full_chainA,15.0,661,9.276548249877926,False
M_PUB_ALL_full_chainA,15.0,662,9.298229451472515,False
M_PUB_ALL_full_chainA,15.0,663,9.318029558845568,False
M_PUB_ALL_full_chainA,15.0,664,9.32450867240295,False
M_PUB_ALL_full_chainA,15.0,665,9.336313239645214,False
M_PUB_ALL_full_chainA,15.0,666,9.351029731920654,False
M_PUB_ALL_full_chainA,15.0,667,9.363233754721257,False
M_PUB_ALL_full_chainA,15.0,668,9.377331635716926,False
M_PUB_ALL_full_chainA,15.0,669,9.386321077072436,False
M_PUB_ALL_full_chainA,15.0,670,9.401231093600074,False
M_PUB_ALL_full_chainA,15.0,671,9.415424212857731,False
M_PUB_ALL_full_chainA,15.0,672,9.433160555070149,False
M_PUB_ALL_full_chainA,15.0,673,9.441387967099432,False
M_PUB_ALL_full_chainA,15.0,674,9.45787474362081,False
M_PUB_ALL_full_chainA,15.0,675,9.472783535150676,False
M_PUB_ALL_full_chainA,15.0,676,9.474218073138033,False
M_PUB_ALL_full_chainA,15.0,677,9.490416450614111,False
M_PUB_ALL_full_chainA,15.0,678,9.500925872646423,False
M_PUB_ALL_full_chainA,15.0,679,9.52993276672092,False
M_PUB_ALL_full_chainA,15.0,680,9.536574654495535,False
M_PUB_ALL_full_chainA,15.0,681,9.558832518020523,False
M_PUB_ALL_full_chainA,15.0,682,9.566013702375088,False
M_PUB_ALL_full_chainA,15.0,683,9.571289316784059,False
M_PUB_ALL_full_chainA,15.0,684,9.582505328842824,False
M_PUB_ALL_full_chainA,15.0,685,9.603818736364014,False
M_PUB_ALL_full_chainA,15.0,686,9.607932358565002,False
M_PUB_ALL_full_chainA,15.0,687,9.617107152324845,False
M_PUB_ALL_full_chainA,15.0,688,9.625276193236887,False
M_PUB_ALL_full_chainA,15.0,689,9.637756513714175,False
M_PUB_ALL_full_chainA,15.0,690,9.662212393036965,False
M_PUB_ALL_full_chainA,15.0,691,9.683969822494161,False
M_PUB_ALL_full_chainA,15.0,692,9.691498201359849,False
M_PUB_ALL_full_chainA,15.0,693,9.707565370745787,False
M_PUB_ALL_full_chainA,15.0,694,9.716657177633856,False
M_PUB_ALL_full_chainA,15.0,695,9.722425244977552,False
M_PUB_ALL_full_chainA,15.0,696,9.726344123903033,False
M_PUB_ALL_full_chainA,15.0,697,9.737482275358493,False
M_PUB_ALL_full_chainA,15.0,698,9.742669957891888,False
M_PUB_ALL_full_chainA,15.0,699,9.749393595056231,False
M_PUB_ALL_full_chainA,15.0,700,9.781205003741647,False
M_PUB_ALL_full_chainA,15.0,701,9.787681536473583,False
M_PUB_ALL_full_chainA,15.0,702,9.805010744391357,False
M_PUB_ALL_full_chainA,15.0,703,9.83005979187782,False
M_PUB_ALL_full_chainA,15.0,704,9.846417737315123,False
M_PUB_ALL_full_chainA,15.0,705,9.861119392287092,False
M_PUB_ALL_full_chainA,15.0,706,9.878551835838833,False
M_PUB_ALL_full_chainA,15.0,707,9.891747183186014,False
M_PUB_ALL_full_chainA,15.0,708,9.907903876319436,False
M_PUB_ALL_full_chainA,15.0,709,9.928747360877761,False
M_PUB_ALL_full_chainA,15.0,710,9.946165010401717,False
M_PUB_ALL_full_chainA,15.0,711,9.958182428761559,False
M_PUB_ALL_full_chainA,15.0,712,9.963931484071095,False
M_PUB_ALL_full_chainA,15.0,713,9.970230471732357,False
M_PUB_ALL_full_chainA,15.0,714,9.978037539113897,False
M_PUB_ALL_full_chainA,15.0,715,10.011528666299434,False
M_PUB_ALL_full_chainA,15.0,716,10.025779253567643,False
M_PUB_ALL_full_chainA,15.0,717,10.028787441237274,False
M_PUB_ALL_full_chainA,15.0,718,10.0478396933517,False
M_PUB_ALL_full_chainA,15.0,719,10.063963178532495,False
M_PUB_ALL_full_chainA,15.0,720,10.070136720414585,False
M_PUB_ALL_full_chainA,15.0,721,10.113847562565132,False
M_PUB_ALL_full_chainA,15.0,722,10.131467148797345,False
M_PUB_ALL_full_chainA,15.0,723,10.135585626344895,False
M_PUB_ALL_full_chainA,15.0,724,10.145557658275022,False
M_PUB_ALL_full_chainA,15.0,725,10.1650294086644,False
M_PUB_ALL_full_chainA,15.0,726,10.180653796545618,False
M_PUB_ALL_full_chainA,15.0,727,10.195338127027533,False
M_PUB_ALL_full_chainA,15.0,728,10.209053029846267,False
M_PUB_ALL_full_chainA,15.0,729,10.223631834184769,False
M_PUB_ALL_full_chainA,15.0,730,10.224963168878832,False
M_PUB_ALL_full_chainA,15.0,731,10.247200584960492,False
M_PUB_ALL_full_chainA,15.0,732,10.252219212995984,False
M_PUB_ALL_full_chainA,15.0,733,10.275883319132744,False
M_PUB_ALL_full_chainA,15.0,734,10.288625884784421,False
M_PUB_ALL_full_chainA,15.0,735,10.305158611859563,False
M_PUB_ALL_full_chainA,15.0,736,10.319882844940643,False
M_PUB_ALL_full_chainA,15.0,737,10.33563422748951,False
M_PUB_ALL_full_chainA,15.0,738,10.349054661723343,False
M_PUB_ALL_full_chainA,15.0,739,10.357566744722687,False
M_PUB_ALL_full_chainA,15.0,740,10.363242291724049,False
M_PUB_ALL_full_chainA,15.0,741,10.364424340181335,False
M_PUB_ALL_full_chainA,15.0,742,10.377326063640782,False
M_PUB_ALL_full_chainA,15.0,743,10.389377780025056,False
M_PUB_ALL_full_chainA,15.0,744,10.419544748960286,False
M_PUB_ALL_full_chainA,15.0,745,10.432197881203779,False
M_PUB_ALL_full_chainA,15.0,746,10.450068753398257,False
M_PUB_ALL_full_chainA,15.0,747,10.453160465544054,False
M_PUB_ALL_full_chainA,15.0,748,10.46485462404307,False
M_PUB_ALL_full_chainA,15.0,749,10.480368631107227,False
M_PUB_ALL_full_chainA,15.0,750,10.48741317653514,False
M_PUB_ALL_full_chainA,15.0,751,10.503446722697499,False
M_PUB_ALL_full_chainA,15.0,752,10.511530181276447,False
M_PUB_ALL_full_chainA,15.0,753,10.515260456923343,False
M_PUB_ALL_full_chainA,15.0,754,10.51907191783275,False
M_PUB_ALL_full_chainA,15.0,755,10.524834732454364,False
M_PUB_ALL_full_chainA,15.0,756,10.56661742874793,False
M_PUB_ALL_full_chainA,15.0,757,10.59111591718642,False
M_PUB_ALL_full_chainA,15.0,758,10.60264959102005,False
M_PUB_ALL_full_chainA,15.0,759,10.621720836316149,False
M_PUB_ALL_full_chainA,15.0,760,10.627388322403874,False
M_PUB_ALL_full_chainA,15.0,761,10.639765955582954,False
M_PUB_ALL_full_chainA,15.0,762,10.6520428787832,False
M_PUB_ALL_full_chainA,15.0,763,10.658922083119116,False
M_PUB_ALL_full_chainA,15.0,764,10.68428732686106,False
M_PUB_ALL_full_chainA,15.0,765,10.694195778812333,False
M_PUB_ALL_full_chainA,15.0,766,10.707225205419176,False
M_PUB_ALL_full_chainA,15.0,767,10.73256832330789,False
M_PUB_ALL_full_chainA,15.0,768,10.745217297356703,False
M_PUB_ALL_full_chainA,15.0,769,10.75782729578912,False
M_PUB_ALL_full_chainA,15.0,770,10.771608771251689,False
M_PUB_ALL_full_chainA,15.0,771,10.779206957890453,False
M_PUB_ALL_full_chainA,15.0,772,10.795666970516812,False
M_PUB_ALL_full_chainA,15.0,773,10.80974971799292,False
M_PUB_ALL_full_chainA,15.0,774,10.818102356990757,False
M_PUB_ALL_full_chainA,15.0,775,10.8282692314672,False
M_PUB_ALL_full_chainA,15.0,776,10.848914279111941,False
M_PUB_ALL_full_chainA,15.0,777,10.863317985149369,False
M_PUB_ALL_full_chainA,15.0,778,10.873663398597106,False
M_PUB_ALL_full_chainA,15.0,779,10.877975593786495,False
M_PUB_ALL_full_chainA,15.0,780,10.899421043816758,False
M_PUB_ALL_full_chainA,15.0,781,10.910401214699176,False
M_PUB_ALL_full_chainA,15.0,782,10.923151893609345,False
M_PUB_ALL_full_chainA,15.0,783,10.926923489503816,False
M_PUB_ALL_full_chainA,15.0,784,10.935416628280397,False
M_PUB_ALL_full_chainA,15.0,785,10.947646194428428,False
M_PUB_ALL_full_chainA,15.0,786,10.96917805236312,False
M_PUB_ALL_full_chainA,15.0,787,10.985544183007448,False
M_PUB_ALL_full_chainA,15.0,788,10.989665425489742,False
M_PUB_ALL_full_chainA,15.0,789,11.001364707713762,False
M_PUB_ALL_full_chainA,15.0,790,11.007747624004992,False
M_PUB_ALL_full_chainA,15.0,791,11.02570648404825,False
M_PUB_ALL_full_chainA,15.0,792,11.037994452617951,False
M_PUB_ALL_full_chainA,15.0,793,11.054750393661399,False
M_PUB_ALL_full_chainA,15.0,794,11.080606189138752,False
M_PUB_ALL_full_chainA,15.0,795,11.085569170261946,False
M_PUB_ALL_full_chainA,15.0,796,11.10663590768135,False
M_PUB_ALL_full_chainA,15.0,797,11.116504514395404,False
M_PUB_ALL_full_chainA,15.0,798,11.137716494007211,False
M_PUB_ALL_full_chainA,15.0,799,11.156749609211706,False
M_PUB_ALL_full_chainA,15.0,800,11.17112487120399,False
M_PUB_ALL_full_chainA,15.0,801,11.192744451625638,False
M_PUB_ALL_full_chainA,15.0,802,11.196208955466815,False
M_PUB_ALL_full_chainA,15.0,803,11.222336169662496,False
M_PUB_ALL_full_chainA,15.0,804,11.235622341837987,False
M_PUB_ALL_full_chainA,15.0,805,11.253567184439827,False
M_PUB_ALL_full_chainA,15.0,806,11.254899309822669,False
M_PUB_ALL_full_chainA,15.0,807,11.28394823662905,False
M_PUB_ALL_full_chainA,15.0,808,11.30086350422883,False
M_PUB_ALL_full_chainA,15.0,809,11.305575657627157,False
M_PUB_ALL_full_chainA,15.0,810,11.319024968565628,False
M_PUB_ALL_full_chainA,15.0,811,11.33037436383886,False
M_PUB_ALL_full_chainA,15.0,812,11.338933123267987,False
M_PUB_ALL_full_chainA,15.0,813,11.35547968784087,False
M_PUB_ALL_full_chainA,15.0,814,11.36639994793328,False
M_PUB_ALL_full_chainA,15.0,815,11.37328209052036,False
M_PUB_ALL_full_chainA,15.0,816,11.38470239220058,False
M_PUB_ALL_full_chainA,15.0,817,11.397722265920931,False
M_PUB_ALL_full_chainA,15.0,818,11.414343789029077,False
M_PUB_ALL_full_chainA,15.0,819,11.427212486532593,False
M_PUB_ALL_full_chainA,15.0,820,11.43776394136073,False
M_PUB_ALL_full_chainA,15.0,821,11.463642997046609,False
M_PUB_ALL_full_chainA,15.0,822,11.47660094925184,False
M_PUB_ALL_full_chainA,15.0,823,11.484673509311392,False
M_PUB_ALL_full_chainA,15.0,824,11.493216174102661,False
M_PUB_ALL_full_chainA,15.0,825,11.502227936085543,False
M_PUB_ALL_full_chainA,15.0,826,11.516586723784105,False
M_PUB_ALL_full_chainA,15.0,827,11.518752196736504,False
M_PUB_ALL_full_chainA,15.0,828,11.535820459533058,False
M_PUB_ALL_full_chainA,15.0,829,11.537374079627458,False
M_PUB_ALL_full_chainA,15.0,830,11.547653305264607,False
M_PUB_ALL_full_chainA,15.0,831,11.559605998149532,False
M_PUB_ALL_full_chainA,15.0,832,11.563937879886748,False
M_PUB_ALL_full_chainA,15.0,833,11.565650568638878,False
M_PUB_ALL_full_chainA,15.0,834,11.587242494879039,False
M_PUB_ALL_full_chainA,15.0,835,11.614837734658375,False
M_PUB_ALL_full_chainA,15.0,836,11.631633451762063,False
M_PUB_ALL_full_chainA,15.0,837,11.640146070431467,False
M_PUB_ALL_full_chainA,15.0,838,11.660840267115598,False
M_PUB_ALL_full_chainA,15.0,839,11.662278372659324,False
M_PUB_ALL_full_chainA,15.0,840,11.676071469824281,False
M_PUB_ALL_full_chainA,15.0,841,11.69972781760077,False
M_PUB_ALL_full_chainA,15.0,842,11.702009022340329,False
M_PUB_ALL_full_chainA,15.0,843,11.72071799232682,False
M_PUB_ALL_full_chainA,15.0,844,11.73202253125163,False
M_PUB_ALL_full_chainA,15.0,845,11.74368925902197,False
M_PUB_ALL_full_chainA,15.0,846,11.758045368506057,False
M_PUB_ALL_full_chainA,15.0,847,11.766757952203307,False
M_PUB_ALL_full_chainA,15.0,848,11.78969280025782,False
M_PUB_ALL_full_chainA,15.0,849,11.799321703976348,False
M_PUB_ALL_full_chainA,15.0,850,11.808016356892773,False
M_PUB_ALL_full_chainA,15.0,851,11.821201489994392,False
M_PUB_ALL_full_chainA,15.0,852,11.831325286467738,False
M_PUB_ALL_full_chainA,15.0,853,11.841312644350092,False
M_PUB_ALL_full_chainA,15.0,854,11.848189455391264,False
M_PUB_ALL_full_chainA,15.0,855,11.861421350579683,False
M_PUB_ALL_full_chainA,15.0,856,11.872854982141096,False
M_PUB_ALL_full_chainA,15.0,857,11.883076192427014,False
M_PUB_ALL_full_chainA,15.0,858,11.895786118462343,False
M_PUB_ALL_full_chainA,15.0,859,11.920932859760777,False
M_PUB_ALL_full_chainA,15.0,860,11.921190631689086,False
M_PUB_ALL_full_chainA,15.0,861,11.926814325354751,False
M_PUB_ALL_full_chainA,15.0,862,11.949161512328063,False
M_PUB_ALL_full_chainA,15.0,863,11.960478424617445,False
M_PUB_ALL_full_chainA,15.0,864,11.97064539048337,False
M_PUB_ALL_full_chainA,15.0,865,11.979620463575884,False
M_PUB_ALL_full_chainA,15.0,866,12.001470260272077,False
M_PUB_ALL_full_chainA,15.0,867,12.003879449609395,False
M_PUB_ALL_full_chainA,15.0,868,12.008441770060521,False
M_PUB_ALL_full_chainA,15.0,869,12.014258215011866,False
M_PUB_ALL_full_chainA,15.0,870,12.037327190201248,False
M_PUB_ALL_full_chainA,15.0,871,12.047023598397246,False
M_PUB_ALL_full_chainA,15.0,872,12.067297193792129,False
M_PUB_ALL_full_chainA,15.0,873,12.09206918592758,False
M_PUB_ALL_full_chainA,15.0,874,12.09406514151263,False
M_PUB_ALL_full_chainA,15.0,875,12.11012332030231,False
M_PUB_ALL_full_chainA,15.0,876,12.110876187210483,False
M_PUB_ALL_full_chainA,15.0,877,12.126967731870897,False
M_PUB_ALL_full_chainA,15.0,878,12.134508197172398,False
M_PUB_ALL_full_chainA,15.0,879,12.147686443731304,False
M_PUB_ALL_full_chainA,15.0,880,12.163200373453455,False
M_PUB_ALL_full_chainA,15.0,881,12.174563687224717,False
M_PUB_ALL_full_chainA,15.0,882,12.182835483501176,False
M_PUB_ALL_full_chainA,15.0,883,12.196727899467298,False
M_PUB_ALL_full_chainA,15.0,884,12.213326266177104,False
M_PUB_ALL_full_chainA,15.0,885,12.225446565006122,False
M_PUB_ALL_full_chainA,15.0,886,12.23787761769193,False
M_PUB_ALL_full_chainA,15.0,887,12.253589304435286,False
M_PUB_ALL_full_chainA,15.0,888,12.257512763589752,False
M_PUB_ALL_full_chainA,15.0,889,12.261321732978285,False
M_PUB_ALL_full_chainA,15.0,890,12.27084637323384,False
M_PUB_ALL_full_chainA,15.0,891,12.303829379897326,False
M_PUB_ALL_full_chainA,15.0,892,12.30659519310235,False
M_PUB_ALL_full_chainA,15.0,893,12.319444086781806,False
M_PUB_ALL_full_chainA,15.0,894,12.32612272614758,False
M_PUB_ALL_full_chainA,15.0,895,12.344337800266983,False
M_PUB_ALL_full_chainA,15.0,896,12.356480154349478,False
M_PUB_ALL_full_chainA,15.0,897,12.362498312001494,False
M_PUB_ALL_full_chainA,15.0,898,12.368646574605329,False
M_PUB_ALL_full_chainA,15.0,899,12.38048941857933,False
M_PUB_ALL_full_chainA,15.0,900,12.402001700737523,False
M_PUB_ALL_full_chainA,15.0,901,12.408295804572726,False
M_PUB_ALL_full_chainA,15.0,902,12.417124667787817,False
M_PUB_ALL_full_chainA,15.0,903,12.447011312133588,False
M_PUB_ALL_full_chainA,15.0,904,12.461518992727768,False
M_PUB_ALL_full_chainA,15.0,905,12.47053292293549,False
M_PUB_ALL_full_chainA,15.0,906,12.4736848089094,False
M_PUB_ALL_full_chainA,15.0,907,12.479540059009638,False
M_PUB_ALL_full_chainA,15.0,908,12.48675430339471,False
M_PUB_ALL_full_chainA,15.0,909,12.492415568895957,False
M_PUB_ALL_full_chainA,15.0,910,12.498132004418697,False
M_PUB_ALL_full_chainA,15.0,911,12.509034133478325,False
M_PUB_ALL_full_chainA,15.0,912,12.520623842605591,False
M_PUB_ALL_full_chainA,15.0,913,12.528342733165568,False
M_PUB_ALL_full_chainA,15.0,914,12.536105209946001,False
M_PUB_ALL_full_chainA,15.0,915,12.539676474323846,False
M_PUB_ALL_full_chainA,15.0,916,12.545773626498322,False
M_PUB_ALL_full_chainA,15.0,917,12.559859112576925,False
M_PUB_ALL_full_chainA,15.0,918,12.566186010873793,False
M_PUB_ALL_full_chainA,15.0,919,12.57461730294027,False
M_PUB_ALL_full_chainA,15.0,920,12.580768996516277,False
M_PUB_ALL_full_chainA,15.0,921,12.594879868779016,False
M_PUB_ALL_full_chainA,15.0,922,12.607103367584266,False
M_PUB_ALL_full_chainA,15.0,923,12.617485658339493,False
M_PUB_ALL_full_chainA,15.0,924,12.624721667730059,False
M_PUB_ALL_full_chainA,15.0,925,12.641421595904232,False
M_PUB_ALL_full_chainA,15.0,926,12.647083190179458,False
M_PUB_ALL_full_chainA,15.0,927,12.661806837316307,False
M_PUB_ALL_full_chainA,15.0,928,12.663443114028256,False
M_PUB_ALL_full_chainA,15.0,929,12.676444556548663,False
M_PUB_ALL_full_chainA,15.0,930,12.699465341896115,False
M_PUB_ALL_full_chainA,15.0,931,12.702579497998602,False
M_PUB_ALL_full_chainA,15.0,932,12.705787254179631,False
M_PUB_ALL_full_chainA,15.0,933,12.72027557617828,False
M_PUB_ALL_full_chainA,15.0,934,12.72455992900001,False
M_PUB_ALL_full_chainA,15.0,935,12.735122693060458,False
M_PUB_ALL_full_chainA,15.0,936,12.741429637283098,False
M_PUB_ALL_full_chainA,15.0,937,12.763095025422453,False
M_PUB_ALL_full_chainA,15.0,938,12.76765954259681,False
M_PUB_ALL_full_chainA,15.0,939,12.778024918835746,False
M_PUB_ALL_full_chainA,15.0,940,12.784366116247725,False
M_PUB_ALL_full_chainA,15.0,941,12.816455208492151,False
M_PUB_ALL_full_chainA,15.0,942,12.833218435242037,False
M_PUB_ALL_full_chainA,15.0,943,12.837181657198427,False
M_PUB_ALL_full_chainA,15.0,944,12.842953770231116,False
M_PUB_ALL_full_chainA,15.0,945,12.85287796554697,False
M_PUB_ALL_full_chainA,15.0,946,12.860414607983124,False
M_PUB_ALL_full_chainA,15.0,947,12.874081411619851,False
M_PUB_ALL_full_chainA,15.0,948,12.881646972264782,False
M_PUB_ALL_full_chainA,15.0,949,12.896787952301537,False
M_PUB_ALL_full_chainA,15.0,950,12.905985083903722,False
M_PUB_ALL_full_chainA,15.0,951,12.924960923965928,False
M_PUB_ALL_full_chainA,15.0,952,12.927742938131656,False
M_PUB_ALL_full_chainA,15.0,953,12.942576260303186,False
M_PUB_ALL_full_chainA,15.0,954,12.947823380762282,False
M_PUB_ALL_full_chainA,15.0,955,12.954787449344597,False
M_PUB_ALL_full_chainA,15.0,956,12.964255249424097,False
M_PUB_ALL_full_chainA,15.0,957,12.971864379897596,False
M_PUB_ALL_full_chainA,15.0,958,12.973617167642896,False
M_PUB_ALL_full_chainA,15.0,959,12.98384435007701,False
M_PUB_ALL_full_chainA,15.0,960,13.005609620047524,False
M_PUB_ALL_full_chainA,15.0,961,13.0090992155407,False
M_PUB_ALL_full_chainA,15.0,962,13.012588837343966,False
M_PUB_ALL_full_chainA,15.0,963,13.031041612264094,False
M_PUB_ALL_full_chainA,15.0,964,13.035938320269892,False
M_PUB_ALL_full_chainA,15.0,965,13.040253446354788,False
M_PUB_ALL_full_chainA,15.0,966,13.048508772508946,False
M_PUB_ALL_full_chainA,15.0,967,13.058010073024565,False
M_PUB_ALL_full_chainA,15.0,968,13.061305563848128,False
M_PUB_ALL_full_chainA,15.0,969,13.072921005889595,False
M_PUB_ALL_full_chainA,15.0,970,13.089335106182748,False
M_PUB_ALL_full_chainA,15.0,971,13.102002986427962,False
M_PUB_ALL_full_chainA,15.0,972,13.107166826781585,False
M_PUB_ALL_full_chainA,15.0,973,13.114304219230508,False
M_PUB_ALL_full_chainA,15.0,974,13.119912009661267,False
M_PUB_ALL_full_chainA,15.0,975,13.128387101495388,False
M_PUB_ALL_full_chainA,15.0,976,13.14506628673769,False
M_PUB_ALL_full_chainA,15.0,977,13.147931997913702,False
M_PUB_ALL_full_chainA,15.0,978,13.150318859493822,False
M_PUB_ALL_full_chainA,15.0,979,13.159619484159832,False
M_PUB_ALL_full_chainA,15.0,980,13.164841222593576,False
M_PUB_ALL_full_chainA,15.0,981,13.178534326382387,False
M_PUB_ALL_full_chainA,15.0,982,13.182962041936978,False
M_PUB_ALL_full_chainA,15.0,983,13.197729017373376,False
M_PUB_ALL_full_chainA,15.0,984,13.213825096227987,False
M_PUB_ALL_full_chainA,15.0,985,13.229400390248507,False
M_PUB_ALL_full_chainA,15.0,986,13.237440033085635,False
M_PUB_ALL_full_chainA,15.0,987,13.242107479531048,False
M_PUB_ALL_full_chainA,15.0,988,13.248018316555253,False
M_PUB_ALL_full_chainA,15.0,989,13.257394771493543,False
M_PUB_ALL_full_chainA,15.0,990,13.266262499446974,False
M_PUB_ALL_full_chainA,15.0,991,13.283362296804205,False
M_PUB_ALL_full_chainA,15.0,992,13.292682110861515,False
M_PUB_ALL_full_chainA,15.0,993,13.315739730428202,False
M_PUB_ALL_full_chainA,15.0,994,13.320994925380496,False
M_PUB_ALL_full_chainA,15.0,995,13.33772166552693,False
M_PUB_ALL_full_chainA,15.0,996,13.354697650697405,False
M_PUB_ALL_full_chainA,15.0,997,13.358709151278097,False
M_PUB_ALL_full_chainA,15.0,998,13.37935807198772,False
M_PUB_ALL_full_chainA,15.0,999,13.3980360859888,False
M_PUB_ALL_full_chainA,15.0,1000,13.407805997161526,False
M_PUB_ALL_full_chainA,15.0,1001,13.420550615920195,False
M_PUB_ALL_full_chainA,15.0,1002,13.427569705324402,False
M_PUB_ALL_full_chainA,15.0,1003,13.442450003561051,False
M_PUB_ALL_full_chainA,15.0,1004,13.448803751927157,False
M_PUB_ALL_full_chainA,15.0,1005,13.465990010245696,False
M_PUB_ALL_full_chainA,15.0,1006,13.474336313708964,False
M_PUB_ALL_full_chainA,15.0,1007,13.478171876369474,False
M_PUB_ALL_full_chainA,15.0,1008,13.494102645299748,False
M_PUB_ALL_full_chainA,15.0,1009,13.503223285142333,False
M_PUB_ALL_full_chainA,15.0,1010,13.520329433011996,False
M_PUB_ALL_full_chainA,15.0,1011,13.52283753508512,False
M_PUB_ALL_full_chainA,15.0,1012,13.546321043832586,False
M_PUB_ALL_full_chainA,15.0,1013,13.552123937967185,False
M_PUB_ALL_full_chainA,15.0,1014,13.562666400547434,False
M_PUB_ALL_full_chainA,15.0,1015,13.573087364747824,False
M_PUB_ALL_full_chainA,15.0,1016,13.581470604616207,False
M_PUB_ALL_full_chainA,15.0,1017,13.584633390034735,False
M_PUB_ALL_full_chainA,15.0,1018,13.602139713804197,False
M_PUB_ALL_full_chainA,15.0,1019,13.614052593436638,False
M_PUB_ALL_full_chainA,15.0,1020,13.6213777915636,False
M_PUB_ALL_full_chainA,15.0,1021,13.631710234194744,False
M_PUB_ALL_full_chainA,15.0,1022,13.648745578347107,False
M_PUB_ALL_full_chainA,15.0,1023,13.650823025346133,False
M_PUB_ALL_full_chainA,15.0,1024,13.668721630789964,False
M_PUB_ALL_full_chainA,15.0,1025,13.67487743553015,False
M_PUB_ALL_full_chainA,15.0,1026,13.69688869812461,False
M_PUB_ALL_full_chainA,15.0,1027,13.701699075707948,False
M_PUB_ALL_full_chainA,15.0,1028,13.713682773355998,False
M_PUB_ALL_full_chainA,15.0,1029,13.726100340196803,False
M_PUB_ALL_full_chainA,15.0,1030,13.733251177785945,False
M_PUB_ALL_full_chainA,15.0,1031,13.741339358107734,False
M_PUB_ALL_full_chainA,15.0,1032,13.750147008121836,False
M_PUB_ALL_full_chainA,15.0,1033,13.754783676655864,False
M_PUB_ALL_full_chainA,15.0,1034,13.763128674777963,False
M_PUB_ALL_full_chainA,15.0,1035,13.772119537165823,False
M_PUB_ALL_full_chainA,15.0,1036,13.78439240376398,False
M_PUB_ALL_full_chainA,15.0,1037,13.789039067750728,False
M_PUB_ALL_full_chainA,15.0,1038,13.802975840792836,False
M_PUB_ALL_full_chainA,15.0,1039,13.815425364900564,False
M_PUB_ALL_full_chainA,15.0,1040,13.820376864557051,False
M_PUB_ALL_full_chainA,15.0,1041,13.84247026545024,False
M_PUB_ALL_full_chainA,15.0,1042,13.849234803950532,False
M_PUB_ALL_full_chainA,15.0,1043,13.867406177258669,False
M_PUB_ALL_full_chainA,15.0,1044,13.874877861964169,False
M_PUB_ALL_full_chainA,15.0,1045,13.883763207441373,False
M_PUB_ALL_full_chainA,15.0,1046,13.896723360068167,False
M_PUB_ALL_full_chainA,15.0,1047,13.90626030229226,False
M_PUB_ALL_full_chainA,15.0,1048,13.908762778800536,False
M_PUB_ALL_full_chainA,15.0,1049,13.926990708367972,False
M_PUB_ALL_full_chainA,15.0,1050,13.93209179912627,False
M_PUB_ALL_full_chainA,15.0,1051,13.944978473524213,False
M_PUB_ALL_full_chainA,15.0,1052,13.951331219604086,False
M_PUB_ALL_full_chainA,15.0,1053,13.960752649123702,False
M_PUB_ALL_full_chainA,15.0,1054,13.96851125542127,False
M_PUB_ALL_full_chainA,15.0,1055,13.995963084706991,False
M_PUB_ALL_full_chainA,15.0,1056,14.005053161935129,False
M_PUB_ALL_full_chainA,15.0,1057,14.009416786508863,False
M_PUB_ALL_full_chainA,15.0,1058,14.022172585774532,False
M_PUB_ALL_full_chainA,15.0,1059,14.035794991835434,False
M_PUB_ALL_full_chainA,15.0,1060,14.05073278896645,False
M_PUB_ALL_full_chainA,15.0,1061,14.060509771124545,False
M_PUB_ALL_full_chainA,15.0,1062,14.074975273355562,False
M_PUB_ALL_full_chainA,15.0,1063,14.0773602953586,False
M_PUB_ALL_full_chainA,15.0,1064,14.08956699906431,False
M_PUB_ALL_full_chainA,15.0,1065,14.10067028991083,False
M_PUB_ALL_full_chainA,15.0,1066,14.120606150938793,False
M_PUB_ALL_full_chainA,15.0,1067,14.128736841779904,False
M_PUB_ALL_full_chainA,15.0,1068,14.138019659964108,False
M_PUB_ALL_full_chainA,15.0,1069,14.147656889333133,False
M_PUB_ALL_full_chainA,15.0,1070,14.157433317019498,False
M_PUB_ALL_full_chainA,15.0,1071,14.166574843224794,False
M_PUB_ALL_full_chainA,15.0,1072,14.177001212661134,False
M_PUB_ALL_full_chainA,15.0,1073,14.188958757267795,False
M_PUB_ALL_full_chainA,15.0,1074,14.193345746360132,False
M_PUB_ALL_full_chainA,15.0,1075,14.199255978279982,False
M_PUB_ALL_full_chainA,15.0,1076,14.206513858161815,False
M_PUB_ALL_full_chainA,15.0,1077,14.224120099334655,False
M_PUB_ALL_full_chainA,15.0,1078,14.242317717759079,False
M_PUB_ALL_full_chainA,15.0,1079,14.255589599772415,False
M_PUB_ALL_full_chainA,15.0,1080,14.262649690574346,False
M_PUB_ALL_full_chainA,15.0,1081,14.2793863490547,False
M_PUB_ALL_full_chainA,15.0,1082,14.283769700679324,False
M_PUB_ALL_full_chainA,15.0,1083,14.303557857191764,False
M_PUB_ALL_full_chainA,15.0,1084,14.307558854210141,False
M_PUB_ALL_full_chainA,15.0,1085,14.315933485655274,False
M_PUB_ALL_full_chainA,15.0,1086,14.328565421788616,False
M_PUB_ALL_full_chainA,15.0,1087,14.333520092535386,False
M_PUB_ALL_full_chainA,15.0,1088,14.348596703932753,False
M_PUB_ALL_full_chainA,15.0,1089,14.364720109013355,False
M_PUB_ALL_full_chainA,15.0,1090,14.370041033672672,False
M_PUB_ALL_full_chainA,15.0,1091,14.375437155643148,False
M_PUB_ALL_full_chainA,15.0,1092,14.401879101257139,False
M_PUB_ALL_full_chainA,15.0,1093,14.411206004063429,False
M_PUB_ALL_full_chainA,15.0,1094,14.42148236694998,False
M_PUB_ALL_full_chainA,15.0,1095,14.42619875642546,False
M_PUB_ALL_full_chainA,15.0,1096,14.434810207043713,False
M_PUB_ALL_full_chainA,15.0,1097,14.447465806410891,False
M_PUB_ALL_full_chainA,15.0,1098,14.462555790835864,False
M_PUB_ALL_full_chainA,15.0,1099,14.472134335171232,False
M_PUB_ALL_full_chainA,15.0,1100,14.485175161957889,False
M_PUB_ALL_full_chainA,15.0,1101,14.50285533661419,False
M_PUB_ALL_full_chainA,15.0,1102,14.506815580258618,False
M_PUB_ALL_full_chainA,15.0,1103,14.515868637070293,False
M_PUB_ALL_full_chainA,15.0,1104,14.529277194595716,False
M_PUB_ALL_full_chainA,15.0,1105,14.539735605116546,False
M_PUB_ALL_full_chainA,15.0,1106,14.543980563865201,False
M_PUB_ALL_full_chainA,15.0,1107,14.557839963046801,False
M_PUB_ALL_full_chainA,15.0,1108,14.570650709300375,False
M_PUB_ALL_full_chainA,15.0,1109,14.5904964921437,False
M_PUB_ALL_full_chainA,15.0,1110,14.596879226403242,False
M_PUB_ALL_full_chainA,15.0,1111,14.6038163215842,False
M_PUB_ALL_full_chainA,15.0,1112,14.611785052838965,False
M_PUB_ALL_full_chainA,15.0,1113,14.615504785321011,False
M_PUB_ALL_full_chainA,15.0,1114,14.627519518847613,False
M_PUB_ALL_full_chainA,15.0,1115,14.655986202657001,False
M_PUB_ALL_full_chainA,15.0,1116,14.665409113643427,False
M_PUB_ALL_full_chainA,15.0,1117,14.678987290879844,False
M_PUB_ALL_full_chainA,15.0,1118,14.693559957241032,False
M_PUB_ALL_full_chainA,15.0,1119,14.70913816654592,False
M_PUB_ALL_full_chainA,15.0,1120,14.71404216972645,False
M_PUB_ALL_full_chainA,15.0,1121,14.720888896731672,False
M_PUB_ALL_full_chainA,15.0,1122,14.736572083213279,False
M_PUB_ALL_full_chainA,15.0,1123,14.741296742213082,False
M_PUB_ALL_full_chainA,15.0,1124,14.748039976956948,False
M_PUB_ALL_full_chainA,15.0,1125,14.758028883114848,False
M_PUB_ALL_full_chainA,15.0,1126,14.772668172870285,False
M_PUB_ALL_full_chainA,15.0,1127,14.791888638395063,False
M_PUB_ALL_full_chainA,15.0,1128,14.799644579497894,False
M_PUB_ALL_full_chainA,15.0,1129,14.80237570531622,False
M_PUB_ALL_full_chainA,15.0,1130,14.822988097093061,False
M_PUB_ALL_full_chainA,15.0,1131,14.831657299509459,False
M_PUB_ALL_full_chainA,15.0,1132,14.83439476543225,False
M_PUB_ALL_full_chainA,15.0,1133,14.84565199265476,False
M_PUB_ALL_full_chainA,15.0,1134,14.858603777461237,False
M_PUB_ALL_full_chainA,15.0,1135,14.872659577933158,False
M_PUB_ALL_full_chainA,15.0,1136,14.873199345008917,False
M_PUB_ALL_full_chainA,15.0,1137,14.879755106294827,False
M_PUB_ALL_full_chainA,15.0,1138,14.891506560989612,False
M_PUB_ALL_full_chainA,15.0,1139,14.904888544510946,False
M_PUB_ALL_full_chainA,15.0,1140,14.917914069628416,False
M_PUB_ALL_full_chainA,15.0,1141,14.920445998479897,False
M_PUB_ALL_full_chainA,15.0,1142,14.926621737762813,False
M_PUB_ALL_full_chainA,15.0,1143,14.938993664057655,False
M_PUB_ALL_full_chainA,15.0,1144,14.945971137006337,False
M_PUB_ALL_full_chainA,15.0,1145,14.951603313608812,False
M_PUB_ALL_full_chainA,15.0,1146,14.965628020213975,False
M_PUB_ALL_full_chainA,15.0,1147,14.9697554515336,False
M_PUB_ALL_full_chainA,15.0,1148,14.97290581927461,False
M_PUB_ALL_full_chainA,15.0,1149,14.988506276090028,False
M_PUB_ALL_full_chainA,15.0,1150,15.002393351772383,False
M_PUB_ALL_full_chainA,15.0,1151,15.01082720557372,False
M_PUB_ALL_full_chainA,15.0,1152,15.022050361278861,False
M_PUB_ALL_full_chainA,15.0,1153,15.02937086149331,False
M_PUB_ALL_full_chainA,15.0,1154,15.038259910594263,False
M_PUB_ALL_full_chainA,15.0,1155,15.052870605485083,False
M_PUB_ALL_full_chainA,15.0,1156,15.05372067338183,False
M_PUB_ALL_full_chainA,15.0,1157,15.080920543482739,False
M_PUB_ALL_full_chainA,15.0,1158,15.08527338355721,False
M_PUB_ALL_full_chainA,15.0,1159,15.08814879633265,False
M_PUB_ALL_full_chainA,15.0,1160,15.10546599371722,False
M_PUB_ALL_full_chainA,15.0,1161,15.119953448956318,False
M_PUB_ALL_full_chainA,15.0,1162,15.126270488146227,False
M_PUB_ALL_full_chainA,15.0,1163,15.134731066479446,False
M_PUB_ALL_full_chainA,15.0,1164,15.142393876401352,False
M_PUB_ALL_full_chainA,15.0,1165,15.170724843304445,False
M_PUB_ALL_full_chainA,15.0,1166,15.174514088600754,False
M_PUB_ALL_full_chainA,15.0,1167,15.198416950826381,False
M_PUB_ALL_full_chainA,15.0,1168,15.199428221652424,False
M_PUB_ALL_full_chainA,15.0,1169,15.215071008460018,False
M_PUB_ALL_full_chainA,15.0,1170,15.2178210081577,False
M_PUB_ALL_full_chainA,15.0,1171,15.23250231228648,False
M_PUB_ALL_full_chainA,15.0,1172,15.245950123351376,False
M_PUB_ALL_full_chainA,15.0,1173,15.270874683120336,False
M_PUB_ALL_full_chainA,15.0,1174,15.275134808154254,False
M_PUB_ALL_full_chainA,15.0,1175,15.289182807318598,False
M_PUB_ALL_full_chainA,15.0,1176,15.295903067065385,False
M_PUB_ALL_full_chainA,15.0,1177,15.31311554147589,False
M_PUB_ALL_full_chainA,15.0,1178,15.315233017248767,False
M_PUB_ALL_full_chainA,15.0,1179,15.328365336323671,False
M_PUB_ALL_full_chainA,15.0,1180,15.347185321195958,False
M_PUB_ALL_full_chainA,15.0,1181,15.350274146138895,False
M_PUB_ALL_full_chainA,15.0,1182,15.369137094565993,False
M_PUB_ALL_full_chainA,15.0,1183,15.379943054390548,False
M_PUB_ALL_full_chainA,15.0,1184,15.38715359483727,False
M_PUB_ALL_full_chainA,15.0,1185,15.39811486196111,False
M_PUB_ALL_full_chainA,15.0,1186,15.402508417758792,False
M_PUB_ALL_full_chainA,15.0,1187,15.413871393670098,False
M_PUB_ALL_full_chainA,15.0,1188,15.431229037096621,False
M_PUB_ALL_full_chainA,15.0,1189,15.440211333488255,False
M_PUB_ALL_full_chainA,15.0,1190,15.446516139665814,False
M_PUB_ALL_full_chainA,15.0,1191,15.466355314550489,False
M_PUB_ALL_full_chainA,15.0,1192,15.47597568139152,False
M_PUB_ALL_full_chainA,15.0,1193,15.482336014644254,False
M_PUB_ALL_full_chainA,15.0,1194,15.49519141652745,False
M_PUB_ALL_full_chainA,15.0,1195,15.501923566088804,False
M_PUB_ALL_full_chainA,15.0,1196,15.503934810183434,False
M_PUB_ALL_full_chainA,15.0,1197,15.515821128117839,False
M_PUB_ALL_full_chainA,15.0,1198,15.522110814185476,False
M_PUB_ALL_full_chainA,15.0,1199,15.528112457224314,False
M_PUB_ALL_full_chainA,15.0,1200,15.538722333562646,False
M_PUB_ALL_full_chainA,15.0,1201,15.55374818138505,False
M_PUB_ALL_full_chainA,15.0,1202,15.560562412546723,False
M_PUB_ALL_full_chainA,15.0,1203,15.574345309666743,False
M_PUB_ALL_full_chainA,15.0,1204,15.587015438048168,False
M_PUB_ALL_full_chainA,15.0,1205,15.611717072309824,False
M_PUB_ALL_full_chainA,15.0,1206,15.621475757549062,False
M_PUB_ALL_full_chainA,15.0,1207,15.633505274191652,False
M_PUB_ALL_full_chainA,15.0,1208,15.635638219336993,False
M_PUB_ALL_full_chainA,15.0,1209,15.650537513890542,False
M_PUB_ALL_full_chainA,15.0,1210,15.66121370655601,False
M_PUB_ALL_full_chainA,15.0,1211,15.668675982194989,False
M_PUB_ALL_full_chainA,15.0,1212,15.675836612012356,False
M_PUB_ALL_full_chainA,15.0,1213,15.682322476486114,False
M_PUB_ALL_full_chainA,15.0,1214,15.702068927600633,False
M_PUB_ALL_full_chainA,15.0,1215,15.706490195352814,False
M_PUB_ALL_full_chainA,15.0,1216,15.723949880015605,False
M_PUB_ALL_full_chainA,15.0,1217,15.732415359050561,False
M_PUB_ALL_full_chainA,15.0,1218,15.734596187899504,False
M_PUB_ALL_full_chainA,15.0,1219,15.770828924045606,False
M_PUB_ALL_full_chainA,15.0,1220,15.78127466645603,False
M_PUB_ALL_full_chainA,15.0,1221,15.790922228198301,False
M_PUB_ALL_full_chainA,15.0,1222,15.815733164261323,False
M_PUB_ALL_full_chainA,15.0,1223,15.818613851737213,False
M_PUB_ALL_full_chainA,15.0,1224,15.836163578022472,False
M_PUB_ALL_full_chainA,15.0,1225,15.843360390104008,False
M_PUB_ALL_full_chainA,15.0,1226,15.850442479440453,False
M_PUB_ALL_full_chainA,15.0,1227,15.867008812208848,False
M_PUB_ALL_full_chainA,15.0,1228,15.872647275946473,False
M_PUB_ALL_full_chainA,15.0,1229,15.878275050728089,False
M_PUB_ALL_full_chainA,15.0,1230,15.893939593549707,False
M_PUB_ALL_full_chainA,15.0,1231,15.901429375579719,False
M_PUB_ALL_full_chainA,15.0,1232,15.906675440852089,False
M_PUB_ALL_full_chainA,15.0,1233,15.917499895223724,False
M_PUB_ALL_full_chainA,15.0,1234,15.925599085745743,False
M_PUB_ALL_full_chainA,15.0,1235,15.927969044370169,False
M_PUB_ALL_full_chainA,15.0,1236,15.959632512933966,False
M_PUB_ALL_full_chainA,15.0,1237,15.970808252919378,False
M_PUB_ALL_full_chainA,15.0,1238,15.98864614284991,False
M_PUB_ALL_full_chainA,15.0,1239,15.993810706330116,False
M_PUB_ALL_full_chainA,15.0,1240,16.007265560768975,False
M_PUB_ALL_full_chainA,15.0,1241,16.01768574594482,False
M_PUB_ALL_full_chainA,15.0,1242,16.020422031398315,False
M_PUB_ALL_full_chainA,15.0,1243,16.0316386139878,False
M_PUB_ALL_full_chainA,15.0,1244,16.05329820972928,False
M_PUB_ALL_full_chainA,15.0,1245,16.060726813218583,False
M_PUB_ALL_full_chainA,15.0,1246,16.069040885436266,False
M_PUB_ALL_full_chainA,15.0,1247,16.075291206926103,False
M_PUB_ALL_full_chainA,15.0,1248,16.085377624578573,False
M_PUB_ALL_full_chainA,15.0,1249,16.091327821710852,False
M_PUB_ALL_full_chainA,15.0,1250,16.112558960865943,False
M_PUB_ALL_full_chainA,15.0,1251,16.121798983874008,False
M_PUB_ALL_full_chainA,15.0,1252,16.126727196742916,False
M_PUB_ALL_full_chainA,15.0,1253,16.155110209916767,False
M_PUB_ALL_full_chainA,15.0,1254,16.159844423265366,False
M_PUB_ALL_full_chainA,15.0,1255,16.173015516311903,False
M_PUB_ALL_full_chainA,15.0,1256,16.1889831289695,False
M_PUB_ALL_full_chainA,15.0,1257,16.19740470204939,False
M_PUB_ALL_full_chainA,15.0,1258,16.203220253336024,False
M_PUB_ALL_full_chainA,15.0,1259,16.225111088547706,False
M_PUB_ALL_full_chainA,15.0,1260,16.249581041880003,False
M_PUB_ALL_full_chainA,15.0,1261,16.261241452513886,False
M_PUB_ALL_full_chainA,15.0,1262,16.275015956258063,False
M_PUB_ALL_full_chainA,15.0,1263,16.294515221070323,False
M_PUB_ALL_full_chainA,15.0,1264,16.31376403899595,False
M_PUB_ALL_full_chainA,15.0,1265,16.31735687175119,False
M_PUB_ALL_full_chainA,15.0,1266,16.333859261952803,False
M_PUB_ALL_full_chainA,15.0,1267,16.352604233368087,False
M_PUB_ALL_full_chainA,15.0,1268,16.35666579107301,False
M_PUB_ALL_full_chainA,15.0,1269,16.36145359326988,False
M_PUB_ALL_full_chainA,15.0,1270,16.3803624264365,False
M_PUB_ALL_full_chainA,15.0,1271,16.394397004526077,False
M_PUB_ALL_full_chainA,15.0,1272,16.401428921691252,False
M_PUB_ALL_full_chainA,15.0,1273,16.422565818354922,False
M_PUB_ALL_full_chainA,15.0,1274,16.431319697140566,False
M_PUB_ALL_full_chainA,15.0,1275,16.439430304398318,False
M_PUB_ALL_full_chainA,15.0,1276,16.443895802521062,False
M_PUB_ALL_full_chainA,15.0,1277,16.45237255982333,False
M_PUB_ALL_full_chainA,15.0,1278,16.473040034713684,False
M_PUB_ALL_full_chainA,15.0,1279,16.481079861254234,False
M_PUB_ALL_full_chainA,15.0,1280,16.4910972603248,False
M_PUB_ALL_full_chainA,15.0,1281,16.50286058880668,False
M_PUB_ALL_full_chainA,15.0,1282,16.519543588149777,False
M_PUB_ALL_full_chainA,15.0,1283,16.527886788312383,False
M_PUB_ALL_full_chainA,15.0,1284,16.539316911749143,False
M_PUB_ALL_full_chainA,15.0,1285,16.551334676501433,False
M_PUB_ALL_full_chainA,15.0,1286,16.567404748518904,False
M_PUB_ALL_full_chainA,15.0,1287,16.58553072169742,False
M_PUB_ALL_full_chainA,15.0,1288,16.594031526625102,False
M_PUB_ALL_full_chainA,15.0,1289,16.616599186250077,False
M_PUB_ALL_full_chainA,15.0,1290,16.633430415332555,False
M_PUB_ALL_full_chainA,15.0,1291,16.64086277184784,False
M_PUB_ALL_full_chainA,15.0,1292,16.65275525190489,False
M_PUB_ALL_full_chainA,15.0,1293,16.672795625186538,False
M_PUB_ALL_full_chainA,15.0,1294,16.685999164481164,False
M_PUB_ALL_full_chainA,15.0,1295,16.700403885644704,False
M_PUB_ALL_full_chainA,15.0,1296,16.72583668645027,False
M_PUB_ALL_full_chainA,15.0,1297,16.7288817157306,False
M_PUB_ALL_full_chainA,15.0,1298,16.73478223734011,False
M_PUB_ALL_full_chainA,15.0,1299,16.74347609064145,False
M_PUB_ALL_full_chainA,15.0,1300,16.749661900777436,False
M_PUB_ALL_full_chainA,15.0,1301,16.77390095140489,False
M_PUB_ALL_full_chainA,15.0,1302,16.79452726410739,False
M_PUB_ALL_full_chainA,15.0,1303,16.80579694689656,False
M_PUB_ALL_full_chainA,15.0,1304,16.81567553246378,False
M_PUB_ALL_full_chainA,15.0,1305,16.842896551722966,False
M_PUB_ALL_full_chainA,15.0,1306,16.846336521846773,False
M_PUB_ALL_full_chainA,15.0,1307,16.8731871911782,False
M_PUB_ALL_full_chainA,15.0,1308,16.880025030548566,False
M_PUB_ALL_full_chainA,15.0,1309,16.90189200276585,False
M_PUB_ALL_full_chainA,15.0,1310,16.915905936176813,False
M_PUB_ALL_full_chainA,15.0,1311,16.937145299716928,False
M_PUB_ALL_full_chainA,15.0,1312,16.946451407680282,False
M_PUB_ALL_full_chainA,15.0,1313,16.961197132721384,False
M_PUB_ALL_full_chainA,15.0,1314,16.976223352261155,False
M_PUB_ALL_full_chainA,15.0,1315,16.98477412187885,False
M_PUB_ALL_full_chainA,15.0,1316,17.001299467003335,False
M_PUB_ALL_full_chainA,15.0,1317,17.01301843554907,False
M_PUB_ALL_full_chainA,15.0,1318,17.021822899846764,False
M_PUB_ALL_full_chainA,15.0,1319,17.044944995951102,False
M_PUB_ALL_full_chainA,15.0,1320,17.053072850830613,False
M_PUB_ALL_full_chainA,15.0,1321,17.061335225701914,False
M_PUB_ALL_full_chainA,15.0,1322,17.090677475774243,False
M_PUB_ALL_full_chainA,15.0,1323,17.09776064297931,False
M_PUB_ALL_full_chainA,15.0,1324,17.112510636548322,False
M_PUB_ALL_full_chainA,15.0,1325,17.138713957165457,False
M_PUB_ALL_full_chainA,15.0,1326,17.142374667972756,False
M_PUB_ALL_full_chainA,15.0,1327,17.151486591441696,False
M_PUB_ALL_full_chainA,15.0,1328,17.163955702467653,False
M_PUB_ALL_full_chainA,15.0,1329,17.188899801568464,False
M_PUB_ALL_full_chainA,15.0,1330,17.196069371933987,False
M_PUB_ALL_full_chainA,15.0,1331,17.211554418081462,False
M_PUB_ALL_full_chainA,15.0,1332,17.233638525624006,False
M_PUB_ALL_full_chainA,15.0,1333,17.254226974047288,False
M_PUB_ALL_full_chainA,15.0,1334,17.266504895447888,False
M_PUB_ALL_full_chainA,15.0,1335,17.267523740216983,False
M_PUB_ALL_full_chainA,15.0,1336,17.27245368923618,False
M_PUB_ALL_full_chainA,15.0,1337,17.28118899980478,False
M_PUB_ALL_full_chainA,15.0,1338,17.291551023456776,False
M_PUB_ALL_full_chainA,15.0,1339,17.3059526065211,False
M_PUB_ALL_full_chainA,15.0,1340,17.32307349307799,False
M_PUB_ALL_full_chainA,15.0,1341,17.33649215101017,False
M_PUB_ALL_full_chainA,15.0,1342,17.350560087909567,False
M_PUB_ALL_full_chainA,15.0,1343,17.362683840320916,False
M_PUB_ALL_full_chainA,15.0,1344,17.36798152320848,False
M_PUB_ALL_full_chainA,15.0,1345,17.379021881250043,False
M_PUB_ALL_full_chainA,15.0,1346,17.3832999899284,False
M_PUB_ALL_full_chainA,15.0,1347,17.41225692967384,False
M_PUB_ALL_full_chainA,15.0,1348,17.433660742148838,False
M_PUB_ALL_full_chainA,15.0,1349,17.456352002561363,False
M_PUB_ALL_full_chainA,15.0,1350,17.48260551385082,False
M_PUB_ALL_full_chainA,15.0,1351,17.494126502239304,False
M_PUB_ALL_full_chainA,15.0,1352,17.51023914922815,False
M_PUB_ALL_full_chainA,15.0,1353,17.518583645318103,False
M_PUB_ALL_full_chainA,15.0,1354,17.534427179924286,False
M_PUB_ALL_full_chainA,15.0,1355,17.56120441552018,False
M_PUB_ALL_full_chainA,15.0,1356,17.581298234388825,False
M_PUB_ALL_full_chainA,15.0,1357,17.59562405077134,False
M_PUB_ALL_full_chainA,15.0,1358,17.59884101780971,False
M_PUB_ALL_full_chainA,15.0,1359,17.619247729426863,False
M_PUB_ALL_full_chainA,15.0,1360,17.62356337772442,False
M_PUB_ALL_full_chainA,15.0,1361,17.648493003121725,False
M_PUB_ALL_full_chainA,15.0,1362,17.658741939621606,False
M_PUB_ALL_full_chainA,15.0,1363,17.661681062855454,False
M_PUB_ALL_full_chainA,15.0,1364,17.69696357270718,False
M_PUB_ALL_full_chainA,15.0,1365,17.713157757165334,False
M_PUB_ALL_full_chainA,15.0,1366,17.72417284206753,False
M_PUB_ALL_full_chainA,15.0,1367,17.741980481557103,False
M_PUB_ALL_full_chainA,15.0,1368,17.74900230515579,False
M_PUB_ALL_full_chainA,15.0,1369,17.774243961839243,False
M_PUB_ALL_full_chainA,15.0,1370,17.780936968658708,False
M_PUB_ALL_full_chainA,15.0,1371,17.795289486805768,False
M_PUB_ALL_full_chainA,15.0,1372,17.815316028441003,False
M_PUB_ALL_full_chainA,15.0,1373,17.826283073397835,False
M_PUB_ALL_full_chainA,15.0,1374,17.85657457185129,False
M_PUB_ALL_full_chainA,15.0,1375,17.872249939717907,False
M_PUB_ALL_full_chainA,15.0,1376,17.880700835946225,False
M_PUB_ALL_full_chainA,15.0,1377,17.89436888260781,False
M_PUB_ALL_full_chainA,15.0,1378,17.897032175679374,False
M_PUB_ALL_full_chainA,15.0,1379,17.912042604343128,False
M_PUB_ALL_full_chainA,15.0,1380,17.919992922497162,False
M_PUB_ALL_full_chainA,15.0,1381,17.932049060696567,False
M_PUB_ALL_full_chainA,15.0,1382,17.942992676217845,False
M_PUB_ALL_full_chainA,15.0,1383,17.958753137604525,False
M_PUB_ALL_full_chainA,15.0,1384,17.971509979603766,False
M_PUB_ALL_full_chainA,15.0,1385,17.980085225340087,False
M_PUB_ALL_full_chainA,15.0,1386,18.00484980253646,False
M_PUB_ALL_full_chainA,15.0,1387,18.014507478115878,False
M_PUB_ALL_full_chainA,15.0,1388,18.029795152099705,False
M_PUB_ALL_full_chainA,15.0,1389,18.050762322336787,False
M_PUB_ALL_full_chainA,15.0,1390,18.068782543781165,False
M_PUB_ALL_full_chainA,15.0,1391,18.085522025834983,False
M_PUB_ALL_full_chainA,15.0,1392,18.09133710493292,False
M_PUB_ALL_full_chainA,15.0,1393,18.102005297551834,False
M_PUB_ALL_full_chainA,15.0,1394,18.111551176825913,False
M_PUB_ALL_full_chainA,15.0,1395,18.113788243403118,False
M_PUB_ALL_full_chainA,15.0,1396,18.12536393732741,False
M_PUB_ALL_full_chainA,15.0,1397,18.134302360073026,False
M_PUB_ALL_full_chainA,15.0,1398,18.158280798009198,False
M_PUB_ALL_full_chainA,15.0,1399,18.165175692032,False
M_PUB_ALL_full_chainA,15.0,1400,18.17608346056114,False
M_PUB_ALL_full_chainA,15.0,1401,18.18812159859075,False
M_PUB_ALL_full_chainA,15.0,1402,18.20640578512286,False
M_PUB_ALL_full_chainA,15.0,1403,18.212011669876496,False
M_PUB_ALL_full_chainA,15.0,1404,18.230817944025947,False
M_PUB_ALL_full_chainA,15.0,1405,18.24756863306593,False
M_PUB_ALL_full_chainA,15.0,1406,18.26372010357911,False
M_PUB_ALL_full_chainA,15.0,1407,18.273305602470533,False
M_PUB_ALL_full_chainA,15.0,1408,18.298635912195966,False
M_PUB_ALL_full_chainA,15.0,1409,18.31205161287062,False
M_PUB_ALL_full_chainA,15.0,1410,18.3220685873514,False
M_PUB_ALL_full_chainA,15.0,1411,18.34178827826964,False
M_PUB_ALL_full_chainA,15.0,1412,18.35349017058239,False
M_PUB_ALL_full_chainA,15.0,1413,18.375700877612424,False
M_PUB_ALL_full_chainA,15.0,1414,18.3768836627067,False
M_PUB_ALL_full_chainA,15.0,1415,18.381503158728048,False
M_PUB_ALL_full_chainA,15.0,1416,18.39218597896045,False
M_PUB_ALL_full_chainA,15.0,1417,18.404467573475024,False
M_PUB_ALL_full_chainA,15.0,1418,18.412148434731588,False
M_PUB_ALL_full_chainA,15.0,1419,18.416178935908363,False
M_PUB_ALL_full_chainA,15.0,1420,18.4268915396409,False
M_PUB_ALL_full_chainA,15.0,1421,18.452849993741953,False
M_PUB_ALL_full_chainA,15.0,1422,18.466838345864755,False
M_PUB_ALL_full_chainA,15.0,1423,18.473257788297783,False
M_PUB_ALL_full_chainA,15.0,1424,18.502505999149637,False
M_PUB_ALL_full_chainA,15.0,1425,18.51340590336433,False
M_PUB_ALL_full_chainA,15.0,1426,18.528430568238868,False
M_PUB_ALL_full_chainA,15.0,1427,18.53572318333247,False
M_PUB_ALL_full_chainA,15.0,1428,18.552313828830616,False
M_PUB_ALL_full_chainA,15.0,1429,18.561642728714386,False
M_PUB_ALL_full_chainA,15.0,1430,18.57725522951193,False
M_PUB_ALL_full_chainA,15.0,1431,18.594071863494293,False
M_PUB_ALL_full_chainA,15.0,1432,18.605879449400785,False
M_PUB_ALL_full_chainA,15.0,1433,18.623013463104087,False
M_PUB_ALL_full_chainA,15.0,1434,18.63987791434438,False
M_PUB_ALL_full_chainA,15.0,1435,18.65285832183704,False
M_PUB_ALL_full_chainA,15.0,1436,18.66399660259064,False
M_PUB_ALL_full_chainA,15.0,1437,18.677577231767334,False
M_PUB_ALL_full_chainA,15.0,1438,18.691751588129463,False
M_PUB_ALL_full_chainA,15.0,1439,18.697216543255653,False
M_PUB_ALL_full_chainA,15.0,1440,18.727534288509904,False
M_PUB_ALL_full_chainA,15.0,1441,18.746998498944674,False
M_PUB_ALL_full_chainA,15.0,1442,18.751470166210776,False
M_PUB_ALL_full_chainA,15.0,1443,18.762869571405883,False
M_PUB_ALL_full_chainA,15.0,1444,18.777253289865556,False
M_PUB_ALL_full_chainA,15.0,1445,18.78657162544526,False
M_PUB_ALL_full_chainA,15.0,1446,18.78778086759906,False
M_PUB_ALL_full_chainA,15.0,1447,18.81104129836494,False
M_PUB_ALL_full_chainA,15.0,1448,18.82009031510801,False
M_PUB_ALL_full_chainA,15.0,1449,18.852736555773266,False
M_PUB_ALL_full_chainA,15.0,1450,18.861799614434148,False
M_PUB_ALL_full_chainA,15.0,1451,18.886077708616995,False
M_PUB_ALL_full_chainA,15.0,1452,18.898462190519588,False
M_PUB_ALL_full_chainA,15.0,1453,18.90217757442684,False
M_PUB_ALL_full_chainA,15.0,1454,18.92438193415438,False
M_PUB_ALL_full_chainA,15.0,1455,18.939568013952126,False
M_PUB_ALL_full_chainA,15.0,1456,18.957477925977873,False
M_PUB_ALL_full_chainA,15.0,1457,18.963724650936136,False
M_PUB_ALL_full_chainA,15.0,1458,18.9739490302333,False
M_PUB_ALL_full_chainA,15.0,1459,18.993474620579907,False
M_PUB_ALL_full_chainA,15.0,1460,19.004339289306593,False
M_PUB_ALL_full_chainA,15.0,1461,19.012247172673383,False
M_PUB_ALL_full_chainA,15.0,1462,19.033057686479605,False
M_PUB_ALL_full_chainA,15.0,1463,19.057124526466854,False
M_PUB_ALL_full_chainA,15.0,1464,19.06334606169734,False
M_PUB_ALL_full_chainA,15.0,1465,19.083837270814907,False
M_PUB_ALL_full_chainA,15.0,1466,19.09646785726925,False
M_PUB_ALL_full_chainA,15.0,1467,19.101107355272916,False
M_PUB_ALL_full_chainA,15.0,1468,19.113328791166666,False
M_PUB_ALL_full_chainA,15.0,1469,19.118365925507867,False
M_PUB_ALL_full_chainA,15.0,1470,19.13202958127283,False
M_PUB_ALL_full_chainA,15.0,1471,19.16500160276291,False
M_PUB_ALL_full_chainA,15.0,1472,19.184500931880518,False
M_PUB_ALL_full_chainA,15.0,1473,19.197827882511234,False
M_PUB_ALL_full_chainA,15.0,1474,19.21743155179766,False
M_PUB_ALL_full_chainA,15.0,1475,19.231471972355536,False
M_PUB_ALL_full_chainA,15.0,1476,19.24744743371666,False
M_PUB_ALL_full_chainA,15.0,1477,19.26156790076051,False
M_PUB_ALL_full_chainA,15.0,1478,19.271222044929768,False
M_PUB_ALL_full_chainA,15.0,1479,19.276233492351135,False
M_PUB_ALL_full_chainA,15.0,1480,19.313983124953815,False
M_PUB_ALL_full_chainA,15.0,1481,19.32241968246384,False
M_PUB_ALL_full_chainA,15.0,1482,19.35149241091364,False
M_PUB_ALL_full_chainA,15.0,1483,19.352755222118244,False
M_PUB_ALL_full_chainA,15.0,1484,19.36210191141967,False
M_PUB_ALL_full_chainA,15.0,1485,19.379868457820155,False
M_PUB_ALL_full_chainA,15.0,1486,19.388069290611742,False
M_PUB_ALL_full_chainA,15.0,1487,19.399881420911438,False
M_PUB_ALL_full_chainA,15.0,1488,19.402947369626673,False
M_PUB_ALL_full_chainA,15.0,1489,19.414154909474437,False
M_PUB_ALL_full_chainA,15.0,1490,19.44614146949723,False
M_PUB_ALL_full_chainA,15.0,1491,19.46119183723474,False
M_PUB_ALL_full_chainA,15.0,1492,19.46733195669498,False
M_PUB_ALL_full_chainA,15.0,1493,19.494380413009917,False
M_PUB_ALL_full_chainA,15.0,1494,19.49767382340395,False
M_PUB_ALL_full_chainA,15.0,1495,19.510075325657738,False
M_PUB_ALL_full_chainA,15.0,1496,19.517156710788687,False
M_PUB_ALL_full_chainA,15.0,1497,19.55078694654053,False
M_PUB_ALL_full_chainA,15.0,1498,19.571646484765846,False
M_PUB_ALL_full_chainA,15.0,1499,19.59547500998964,False
M_PUB_ALL_full_chainA,15.0,1500,19.622157859110175,False
M_PUB_ALL_full_chainA,15.0,1501,19.626576670452074,False
M_PUB_ALL_full_chainA,15.0,1502,19.63148478854218,False
M_PUB_ALL_full_chainA,15.0,1503,19.639483593857726,False
M_PUB_ALL_full_chainA,15.0,1504,19.660432488373036,False
M_PUB_ALL_full_chainA,15.0,1505,19.68306851537766,False
M_PUB_ALL_full_chainA,15.0,1506,19.698726608858596,False
M_PUB_ALL_full_chainA,15.0,1507,19.704996164177977,False
M_PUB_ALL_full_chainA,15.0,1508,19.72294213073054,False
M_PUB_ALL_full_chainA,15.0,1509,19.735914806406555,False
M_PUB_ALL_full_chainA,15.0,1510,19.74346743931186,False
M_PUB_ALL_full_chainA,15.0,1511,19.760314728397656,False
M_PUB_ALL_full_chainA,15.0,1512,19.775360947376292,False
M_PUB_ALL_full_chainA,15.0,1513,19.787334094081682,False
M_PUB_ALL_full_chainA,15.0,1514,19.80961901062054,False
M_PUB_ALL_full_chainA,15.0,1515,19.81814873390455,False
M_PUB_ALL_full_chainA,15.0,1516,19.839383443319697,False
M_PUB_ALL_full_chainA,15.0,1517,19.854839534917957,False
M_PUB_ALL_full_chainA,15.0,1518,19.87995477572535,False
M_PUB_ALL_full_chainA,15.0,1519,19.896245436748067,False
M_PUB_ALL_full_chainA,15.0,1520,19.909323517706085,False
M_PUB_ALL_full_chainA,15.0,1521,19.921785772818755,False
M_PUB_ALL_full_chainA,15.0,1522,19.92359800158962,False
M_PUB_ALL_full_chainA,15.0,1523,19.94483252766637,False
M_PUB_ALL_full_chainA,15.0,1524,19.955573948031468,False
M_PUB_ALL_full_chainA,15.0,1525,19.964663340284293,False
M_PUB_ALL_full_chainA,15.0,1526,19.992393851180637,False
M_PUB_ALL_full_chainA,15.0,1527,20.003381551043876,False
M_PUB_ALL_full_chainA,15.0,1528,20.015572983606102,False
M_PUB_ALL_full_chainA,15.0,1529,20.040304628420007,False
M_PUB_ALL_full_chainA,15.0,1530,20.045578535692268,False
M_PUB_ALL_full_chainA,15.0,1531,20.05398577872702,False
M_PUB_ALL_full_chainA,15.0,1532,20.076747966798287,False
M_PUB_ALL_full_chainA,15.0,1533,20.097782291400094,False
M_PUB_ALL_full_chainA,15.0,1534,20.113571945486314,False
M_PUB_ALL_full_chainA,15.0,1535,20.125732006831562,False
M_PUB_ALL_full_chainA,15.0,1536,20.161621560872135,False
M_PUB_ALL_full_chainA,15.0,1537,20.166831995165737,False
M_PUB_ALL_full_chainA,15.0,1538,20.193727893642652,False
M_PUB_ALL_full_chainA,15.0,1539,20.227107479792476,False
M_PUB_ALL_full_chainA,15.0,1540,20.232255575815255,False
M_PUB_ALL_full_chainA,15.0,1541,20.244901160225044,False
M_PUB_ALL_full_chainA,15.0,1542,20.267249041483012,False
M_PUB_ALL_full_chainA,15.0,1543,20.28466547560919,False
M_PUB_ALL_full_chainA,15.0,1544,20.30068045416449,False
M_PUB_ALL_full_chainA,15.0,1545,20.302926216486767,False
M_PUB_ALL_full_chainA,15.0,1546,20.329132334490243,False
M_PUB_ALL_full_chainA,15.0,1547,20.33678462251967,False
M_PUB_ALL_full_chainA,15.0,1548,20.3744259428547,False
M_PUB_ALL_full_chainA,15.0,1549,20.391204523391732,False
M_PUB_ALL_full_chainA,15.0,1550,20.395699691344237,False
M_PUB_ALL_full_chainA,15.0,1551,20.407655069034313,False
M_PUB_ALL_full_chainA,15.0,1552,20.415281769491607,False
M_PUB_ALL_full_chainA,15.0,1553,20.44862583215393,False
M_PUB_ALL_full_chainA,15.0,1554,20.458473670430866,False
M_PUB_ALL_full_chainA,15.0,1555,20.475338356302156,False
M_PUB_ALL_full_chainA,15.0,1556,20.481152273196425,False
M_PUB_ALL_full_chainA,15.0,1557,20.491207755939154,False
M_PUB_ALL_full_chainA,15.0,1558,20.502581214355665,False
M_PUB_ALL_full_chainA,15.0,1559,20.519788508679675,False
M_PUB_ALL_full_chainA,15.0,1560,20.522992742771034,False
M_PUB_ALL_full_chainA,15.0,1561,20.538252616550363,False
M_PUB_ALL_full_chainA,15.0,1562,20.553473730715837,False
M_PUB_ALL_full_chainA,15.0,1563,20.56621335260813,False
M_PUB_ALL_full_chainA,15.0,1564,20.60398891478987,False
M_PUB_ALL_full_chainA,15.0,1565,20.63100165797373,False
M_PUB_ALL_full_chainA,15.0,1566,20.63737822519459,False
M_PUB_ALL_full_chainA,15.0,1567,20.66011078889874,False
M_PUB_ALL_full_chainA,15.0,1568,20.675989346130457,False
M_PUB_ALL_full_chainA,15.0,1569,20.68395639497149,False
M_PUB_ALL_full_chainA,15.0,1570,20.695256601021853,False
M_PUB_ALL_full_chainA,15.0,1571,20.71792807192152,False
M_PUB_ALL_full_chainA,15.0,1572,20.723095680955236,False
M_PUB_ALL_full_chainA,15.0,1573,20.743672197355522,False
M_PUB_ALL_full_chainA,15.0,1574,20.76413801276069,False
M_PUB_ALL_full_chainA,15.0,1575,20.786471165543794,False
M_PUB_ALL_full_chainA,15.0,1576,20.799730009336766,False
M_PUB_ALL_full_chainA,15.0,1577,20.80620821689228,False
M_PUB_ALL_full_chainA,15.0,1578,20.834196258467163,False
M_PUB_ALL_full_chainA,15.0,1579,20.87908340528872,False
M_PUB_ALL_full_chainA,15.0,1580,20.88844941506806,False
M_PUB_ALL_full_chainA,15.0,1581,20.90509363703688,False
M_PUB_ALL_full_chainA,15.0,1582,20.929548652865797,False
M_PUB_ALL_full_chainA,15.0,1583,20.956710355518045,False
M_PUB_ALL_full_chainA,15.0,1584,20.96178295317267,False
M_PUB_ALL_full_chainA,15.0,1585,20.96917880019303,False
M_PUB_ALL_full_chainA,15.0,1586,20.998368584119973,False
M_PUB_ALL_full_chainA,15.0,1587,21.01179071731033,False
M_PUB_ALL_full_chainA,15.0,1588,21.02234618738138,False
M_PUB_ALL_full_chainA,15.0,1589,21.025847640477995,False
M_PUB_ALL_full_chainA,15.0,1590,21.038233192150283,False
M_PUB_ALL_full_chainA,15.0,1591,21.049902429410334,False
M_PUB_ALL_full_chainA,15.0,1592,21.083113469778088,False
M_PUB_ALL_full_chainA,15.0,1593,21.09958094313782,False
M_PUB_ALL_full_chainA,15.0,1594,21.12937157425925,False
M_PUB_ALL_full_chainA,15.0,1595,21.142387203373513,False
M_PUB_ALL_full_chainA,15.0,1596,21.17064181316112,False
M_PUB_ALL_full_chainA,15.0,1597,21.17724306241307,False
M_PUB_ALL_full_chainA,15.0,1598,21.197906718751888,False
M_PUB_ALL_full_chainA,15.0,1599,21.219246303662906,False
M_PUB_ALL_full_chainA,15.0,1600,21.23275351519471,False
M_PUB_ALL_full_chainA,15.0,1601,21.242396110457154,False
M_PUB_ALL_full_chainA,15.0,1602,21.274495774300608,False
M_PUB_ALL_full_chainA,15.0,1603,21.288565635149332,False
M_PUB_ALL_full_chainA,15.0,1604,21.30310041171825,False
M_PUB_ALL_full_chainA,15.0,1605,21.324897872602435,False
M_PUB_ALL_full_chainA,15.0,1606,21.33582596684179,False
M_PUB_ALL_full_chainA,15.0,1607,21.358550018584648,False
M_PUB_ALL_full_chainA,15.0,1608,21.369586397974306,False
M_PUB_ALL_full_chainA,15.0,1609,21.375247963725645,False
M_PUB_ALL_full_chainA,15.0,1610,21.412462881656307,False
M_PUB_ALL_full_chainA,15.0,1611,21.423518600481824,False
M_PUB_ALL_full_chainA,15.0,1612,21.445715248517367,False
M_PUB_ALL_full_chainA,15.0,1613,21.469638933688465,False
M_PUB_ALL_full_chainA,15.0,1614,21.49099356890842,False
M_PUB_ALL_full_chainA,15.0,1615,21.499257168211592,False
M_PUB_ALL_full_chainA,15.0,1616,21.52147866161855,False
M_PUB_ALL_full_chainA,15.0,1617,21.528493603917205,False
M_PUB_ALL_full_chainA,15.0,1618,21.541849778347675,False
M_PUB_ALL_full_chainA,15.0,1619,21.576500344364998,False
M_PUB_ALL_full_chainA,15.0,1620,21.59533200565069,False
M_PUB_ALL_full_chainA,15.0,1621,21.600641182102436,False
M_PUB_ALL_full_chainA,15.0,1622,21.621024069093227,False
M_PUB_ALL_full_chainA,15.0,1623,21.62808184938625,False
M_PUB_ALL_full_chainA,15.0,1624,21.643433403178996,False
M_PUB_ALL_full_chainA,15.0,1625,21.68240817255172,False
M_PUB_ALL_full_chainA,15.0,1626,21.697134214723633,False
M_PUB_ALL_full_chainA,15.0,1627,21.712733748124098,False
M_PUB_ALL_full_chainA,15.0,1628,21.738626056023808,False
M_PUB_ALL_full_chainA,15.0,1629,21.75235976169375,False
M_PUB_ALL_full_chainA,15.0,1630,21.76384381823239,False
M_PUB_ALL_full_chainA,15.0,1631,21.77450056004165,False
M_PUB_ALL_full_chainA,15.0,1632,21.794695537140164,False
M_PUB_ALL_full_chainA,15.0,1633,21.817856622014077,False
M_PUB_ALL_full_chainA,15.0,1634,21.84597937252106,False
M_PUB_ALL_full_chainA,15.0,1635,21.865042128458846,False
M_PUB_ALL_full_chainA,15.0,1636,21.8746254528107,False
M_PUB_ALL_full_chainA,15.0,1637,21.8892806092241,False
M_PUB_ALL_full_chainA,15.0,1638,21.924501122045648,False
M_PUB_ALL_full_chainA,15.0,1639,21.936434752843187,False
M_PUB_ALL_full_chainA,15.0,1640,21.974549654259313,False
M_PUB_ALL_full_chainA,15.0,1641,21.978209905845073,False
M_PUB_ALL_full_chainA,15.0,1642,21.991580149121138,False
M_PUB_ALL_full_chainA,15.0,1643,22.016827537656088,False
M_PUB_ALL_full_chainA,15.0,1644,22.03084843389294,False
M_PUB_ALL_full_chainA,15.0,1645,22.040412972090813,False
M_PUB_ALL_full_chainA,15.0,1646,22.057507534633057,False
M_PUB_ALL_full_chainA,15.0,1647,22.096816367625895,False
M_PUB_ALL_full_chainA,15.0,1648,22.118884102597537,False
M_PUB_ALL_full_chainA,15.0,1649,22.157204819028312,False
M_PUB_ALL_full_chainA,15.0,1650,22.1705712387396,False
M_PUB_ALL_full_chainA,15.0,1651,22.188284656619825,False
M_PUB_ALL_full_chainA,15.0,1652,22.198671787523434,False
M_PUB_ALL_full_chainA,15.0,1653,22.201877875017356,False
M_PUB_ALL_full_chainA,15.0,1654,22.22006021116314,False
M_PUB_ALL_full_chainA,15.0,1655,22.226662903081703,False
M_PUB_ALL_full_chainA,15.0,1656,22.259213338249168,False
M_PUB_ALL_full_chainA,15.0,1657,22.288989048895672,False
M_PUB_ALL_full_chainA,15.0,1658,22.294594783159255,False
M_PUB_ALL_full_chainA,15.0,1659,22.323116759916275,False
M_PUB_ALL_full_chainA,15.0,1660,22.334330244476526,False
M_PUB_ALL_full_chainA,15.0,1661,22.367156166407668,False
M_PUB_ALL_full_chainA,15.0,1662,22.378929726601168,False
M_PUB_ALL_full_chainA,15.0,1663,22.396752635115607,False
M_PUB_ALL_full_chainA,15.0,1664,22.43641217147777,False
M_PUB_ALL_full_chainA,15.0,1665,22.44483557504562,False
M_PUB_ALL_full_chainA,15.0,1666,22.469610055861192,False
M_PUB_ALL_full_chainA,15.0,1667,22.48060988886602,False
M_PUB_ALL_full_chainA,15.0,1668,22.528658815529507,False
M_PUB_ALL_full_chainA,15.0,1669,22.534651686168367,False
M_PUB_ALL_full_chainA,15.0,1670,22.550380963943713,False
M_PUB_ALL_full_chainA,15.0,1671,22.561100333837583,False
M_PUB_ALL_full_chainA,15.0,1672,22.58456259599431,False
M_PUB_ALL_full_chainA,15.0,1673,22.59853690149965,False
M_PUB_ALL_full_chainA,15.0,1674,22.620231444704388,False
M_PUB_ALL_full_chainA,15.0,1675,22.651686452278124,False
M_PUB_ALL_full_chainA,15.0,1676,22.658467303504864,False
M_PUB_ALL_full_chainA,15.0,1677,22.705868357956742,False
M_PUB_ALL_full_chainA,15.0,1678,22.71528976603708,False
M_PUB_ALL_full_chainA,15.0,1679,22.72284803255403,False
M_PUB_ALL_full_chainA,15.0,1680,22.735213455439684,False
M_PUB_ALL_full_chainA,15.0,1681,22.758146849508044,False
M_PUB_ALL_full_chainA,15.0,1682,22.78360462682123,False
M_PUB_ALL_full_chainA,15.0,1683,22.796752800578716,False
M_PUB_ALL_full_chainA,15.0,1684,22.805266564008175,False
M_PUB_ALL_full_chainA,15.0,1685,22.827238598502134,False
M_PUB_ALL_full_chainA,15.0,1686,22.856681497647983,False
M_PUB_ALL_full_chainA,15.0,1687,22.865407717291692,False
M_PUB_ALL_full_chainA,15.0,1688,22.875680406613863,False
M_PUB_ALL_full_chainA,15.0,1689,22.911513067189453,False
M_PUB_ALL_full_chainA,15.0,1690,22.925337143616183,False
M_PUB_ALL_full_chainA,15.0,1691,22.94571489748292,False
M_PUB_ALL_full_chainA,15.0,1692,22.974482036311407,False
M_PUB_ALL_full_chainA,15.0,1693,22.99729111790884,False
M_PUB_ALL_full_chainA,15.0,1694,23.026693284687266,False
M_PUB_ALL_full_chainA,15.0,1695,23.06304925880787,False
M_PUB_ALL_full_chainA,15.0,1696,23.072121373154204,False
M_PUB_ALL_full_chainA,15.0,1697,23.099453500481065,False
M_PUB_ALL_full_chainA,15.0,1698,23.120177506121905,False
M_PUB_ALL_full_chainA,15.0,1699,23.128830240550002,False
M_PUB_ALL_full_chainA,15.0,1700,23.145072521292374,False
M_PUB_ALL_full_chainA,15.0,1701,23.153225009048143,False
M_PUB_ALL_full_chainA,15.0,1702,23.18477076624574,False
M_PUB_ALL_full_chainA,15.0,1703,23.199715012371378,False
M_PUB_ALL_full_chainA,15.0,1704,23.22077491852882,False
M_PUB_ALL_full_chainA,15.0,1705,23.233694610950515,False
M_PUB_ALL_full_chainA,15.0,1706,23.2531535075416,False
M_PUB_ALL_full_chainA,15.0,1707,23.289043372428413,False
M_PUB_ALL_full_chainA,15.0,1708,23.30223832015221,False
M_PUB_ALL_full_chainA,15.0,1709,23.307608873472617,False
M_PUB_ALL_full_chainA,15.0,1710,23.33474400226119,False
M_PUB_ALL_full_chainA,15.0,1711,23.351941017201618,False
M_PUB_ALL_full_chainA,15.0,1712,23.36967554170256,False
M_PUB_ALL_full_chainA,15.0,1713,23.387598187390218,False
M_PUB_ALL_full_chainA,15.0,1714,23.408529248032703,False
M_PUB_ALL_full_chainA,15.0,1715,23.421844701742344,False
M_PUB_ALL_full_chainA,15.0,1716,23.454909149918183,False
M_PUB_ALL_full_chainA,15.0,1717,23.471222690505094,False
M_PUB_ALL_full_chainA,15.0,1718,23.496464960996637,False
M_PUB_ALL_full_chainA,15.0,1719,23.505794701128394,False
M_PUB_ALL_full_chainA,15.0,1720,23.527226871955083,False
M_PUB_ALL_full_chainA,15.0,1721,23.556867203492203,False
M_PUB_ALL_full_chainA,15.0,1722,23.5820773679667,False
M_PUB_ALL_full_chainA,15.0,1723,23.5995481717604,False
M_PUB_ALL_full_chainA,15.0,1724,23.621293309595554,False
M_PUB_ALL_full_chainA,15.0,1725,23.64917968741254,False
M_PUB_ALL_full_chainA,15.0,1726,23.666937361117963,False
M_PUB_ALL_full_chainA,15.0,1727,23.6865684243647,False
M_PUB_ALL_full_chainA,15.0,1728,23.707769258500054,False
M_PUB_ALL_full_chainA,15.0,1729,23.737970266182845,False
M_PUB_ALL_full_chainA,15.0,1730,23.756491186389713,False
M_PUB_ALL_full_chainA,15.0,1731,23.7645633387054,False
M_PUB_ALL_full_chainA,15.0,1732,23.808880494232348,False
M_PUB_ALL_full_chainA,15.0,1733,23.826113177402956,False
M_PUB_ALL_full_chainA,15.0,1734,23.839599536604617,False
M_PUB_ALL_full_chainA,15.0,1735,23.860243589983256,False
M_PUB_ALL_full_chainA,15.0,1736,23.877469552502,False
M_PUB_ALL_full_chainA,15.0,1737,23.914999175877803,False
M_PUB_ALL_full_chainA,15.0,1738,23.926079545681425,False
M_PUB_ALL_full_chainA,15.0,1739,23.955234558275812,False
M_PUB_ALL_full_chainA,15.0,1740,23.972552913484027,False
M_PUB_ALL_full_chainA,15.0,1741,23.98862983877499,False
M_PUB_ALL_full_chainA,15.0,1742,24.0019691605505,False
M_PUB_ALL_full_chainA,15.0,1743,24.025057854117684,False
M_PUB_ALL_full_chainA,15.0,1744,24.06325457000311,False
M_PUB_ALL_full_chainA,15.0,1745,24.077854611720536,False
M_PUB_ALL_full_chainA,15.0,1746,24.100155038691927,False
M_PUB_ALL_full_chainA,15.0,1747,24.119862004889473,False
M_PUB_ALL_full_chainA,15.0,1748,24.14995127650393,False
M_PUB_ALL_full_chainA,15.0,1749,24.15702794900933,False
M_PUB_ALL_full_chainA,15.0,1750,24.2043643296046,False
M_PUB_ALL_full_chainA,15.0,1751,24.223636018300226,False
M_PUB_ALL_full_chainA,15.0,1752,24.2635888124482,False
M_PUB_ALL_full_chainA,15.0,1753,24.278607006484858,False
M_PUB_ALL_full_chainA,15.0,1754,24.297947293174573,False
M_PUB_ALL_full_chainA,15.0,1755,24.304143918746274,False
M_PUB_ALL_full_chainA,15.0,1756,24.33429449830012,False
M_PUB_ALL_full_chainA,15.0,1757,24.373681693271063,False
M_PUB_ALL_full_chainA,15.0,1758,24.399192842068082,False
M_PUB_ALL_full_chainA,15.0,1759,24.415019885901575,False
M_PUB_ALL_full_chainA,15.0,1760,24.434406338075206,False
M_PUB_ALL_full_chainA,15.0,1761,24.44939943779354,False
M_PUB_ALL_full_chainA,15.0,1762,24.46865436202256,False
M_PUB_ALL_full_chainA,15.0,1763,24.487098993577852,False
M_PUB_ALL_full_chainA,15.0,1764,24.508437682489642,False
M_PUB_ALL_full_chainA,15.0,1765,24.52076496959654,False
M_PUB_ALL_full_chainA,15.0,1766,24.534670587252158,False
M_PUB_ALL_full_chainA,15.0,1767,24.589223838778313,False
M_PUB_ALL_full_chainA,15.0,1768,24.61788229838018,False
M_PUB_ALL_full_chainA,15.0,1769,24.66224316604844,False
M_PUB_ALL_full_chainA,15.0,1770,24.666918823583163,False
M_PUB_ALL_full_chainA,15.0,1771,24.697855484096248,False
M_PUB_ALL_full_chainA,15.0,1772,24.719946214720906,False
M_PUB_ALL_full_chainA,15.0,1773,24.725766137780887,False
M_PUB_ALL_full_chainA,15.0,1774,24.755834700603014,False
M_PUB_ALL_full_chainA,15.0,1775,24.781086741180385,False
M_PUB_ALL_full_chainA,15.0,1776,24.804800253022773,False
M_PUB_ALL_full_chainA,15.0,1777,24.84567415255614,False
M_PUB_ALL_full_chainA,15.0,1778,24.859092404691964,False
M_PUB_ALL_full_chainA,15.0,1779,24.86313353522609,False
M_PUB_ALL_full_chainA,15.0,1780,24.88070392938644,False
M_PUB_ALL_full_chainA,15.0,1781,24.886156193024426,False
M_PUB_ALL_full_chainA,15.0,1782,24.929609412655303,False
M_PUB_ALL_full_chainA,15.0,1783,24.932574872769987,False
M_PUB_ALL_full_chainA,15.0,1784,24.975131455206277,False
M_PUB_ALL_full_chainA,15.0,1785,25.017464959792466,False
M_PUB_ALL_full_chainA,15.0,1786,25.027036898352584,False
M_PUB_ALL_full_chainA,15.0,1787,25.05519203676786,False
M_PUB_ALL_full_chainA,15.0,1788,25.073401407409374,False
M_PUB_ALL_full_chainA,15.0,1789,25.09951160785605,False
M_PUB_ALL_full_chainA,15.0,1790,25.132549622436752,False
M_PUB_ALL_full_chainA,15.0,1791,25.143938721637628,False
M_PUB_ALL_full_chainA,15.0,1792,25.168191999882733,False
M_PUB_ALL_full_chainA,15.0,1793,25.191219710395767,False
M_PUB_ALL_full_chainA,15.0,1794,25.21018021476602,False
M_PUB_ALL_full_chainA,15.0,1795,25.233139077597933,False
M_PUB_ALL_full_chainA,15.0,1796,25.250036916835704,False
M_PUB_ALL_full_chainA,15.0,1797,25.2995005238534,False
M_PUB_ALL_full_chainA,15.0,1798,25.317414171187895,False
M_PUB_ALL_full_chainA,15.0,1799,25.333135998999854,False
M_PUB_ALL_full_chainA,15.0,1800,25.377764088350748,False
M_PUB_ALL_full_chainA,15.0,1801,25.384036452460546,False
M_PUB_ALL_full_chainA,15.0,1802,25.392328762642176,False
M_PUB_ALL_full_chainA,15.0,1803,25.422837135705965,False
M_PUB_ALL_full_chainA,15.0,1804,25.457852928781605,False
M_PUB_ALL_full_chainA,15.0,1805,25.47958756386587,False
M_PUB_ALL_full_chainA,15.0,1806,25.50767153679678,False
M_PUB_ALL_full_chainA,15.0,1807,25.535947485717706,False
M_PUB_ALL_full_chainA,15.0,1808,25.551449524226992,False
M_PUB_ALL_full_chainA,15.0,1809,25.588854088347297,False
M_PUB_ALL_full_chainA,15.0,1810,25.649390337586855,False
M_PUB_ALL_full_chainA,15.0,1811,25.655429825832144,False
M_PUB_ALL_full_chainA,15.0,1812,25.703550087943583,False
M_PUB_ALL_full_chainA,15.0,1813,25.71386406959229,False
M_PUB_ALL_full_chainA,15.0,1814,25.74034873066058,False
M_PUB_ALL_full_chainA,15.0,1815,25.769735372789228,False
M_PUB_ALL_full_chainA,15.0,1816,25.776330872611684,False
M_PUB_ALL_full_chainA,15.0,1817,25.793187941101518,False
M_PUB_ALL_full_chainA,15.0,1818,25.861486881722346,False
M_PUB_ALL_full_chainA,15.0,1819,25.86807840207515,False
M_PUB_ALL_full_chainA,15.0,1820,25.89308415735549,False
M_PUB_ALL_full_chainA,15.0,1821,25.899725494881647,False
M_PUB_ALL_full_chainA,15.0,1822,25.953088784244528,False
M_PUB_ALL_full_chainA,15.0,1823,25.966753057700334,False
M_PUB_ALL_full_chainA,15.0,1824,26.001609234266073,False
M_PUB_ALL_full_chainA,15.0,1825,26.026066530311624,False
M_PUB_ALL_full_chainA,15.0,1826,26.049390686013314,False
M_PUB_ALL_full_chainA,15.0,1827,26.06275560782177,False
M_PUB_ALL_full_chainA,15.0,1828,26.089126800444145,False
M_PUB_ALL_full_chainA,15.0,1829,26.11607482532906,False
M_PUB_ALL_full_chainA,15.0,1830,26.14574876740748,False
M_PUB_ALL_full_chainA,15.0,1831,26.169854372423924,False
M_PUB_ALL_full_chainA,15.0,1832,26.194418626850155,False
M_PUB_ALL_full_chainA,15.0,1833,26.241392749475054,False
M_PUB_ALL_full_chainA,15.0,1834,26.25524298066171,False
M_PUB_ALL_full_chainA,15.0,1835,26.283945844876094,False
M_PUB_ALL_full_chainA,15.0,1836,26.299270213064162,False
M_PUB_ALL_full_chainA,15.0,1837,26.322576468087487,False
M_PUB_ALL_full_chainA,15.0,1838,26.344471233015295,False
M_PUB_ALL_full_chainA,15.0,1839,26.37021377679111,False
M_PUB_ALL_full_chainA,15.0,1840,26.401872078150568,False
M_PUB_ALL_full_chainA,15.0,1841,26.417550177177688,False
M_PUB_ALL_full_chainA,15.0,1842,26.46107202888109,False
M_PUB_ALL_full_chainA,15.0,1843,26.482978589662913,False
M_PUB_ALL_full_chainA,15.0,1844,26.505005617389727,False
M_PUB_ALL_full_chainA,15.0,1845,26.568335705774487,False
M_PUB_ALL_full_chainA,15.0,1846,26.601873029878757,False
M_PUB_ALL_full_chainA,15.0,1847,26.640146530874546,False
M_PUB_ALL_full_chainA,15.0,1848,26.673314706132878,False
M_PUB_ALL_full_chainA,15.0,1849,26.72186114266684,False
M_PUB_ALL_full_chainA,15.0,1850,26.744557855239997,False
M_PUB_ALL_full_chainA,15.0,1851,26.775143885805047,False
M_PUB_ALL_full_chainA,15.0,1852,26.79129912033704,False
M_PUB_ALL_full_chainA,15.0,1853,26.808207306346766,False
M_PUB_ALL_full_chainA,15.0,1854,26.828306975641965,False
M_PUB_ALL_full_chainA,15.0,1855,26.845424240467537,False
M_PUB_ALL_full_chainA,15.0,1856,26.87769823683452,False
M_PUB_ALL_full_chainA,15.0,1857,26.930237418296777,False
M_PUB_ALL_full_chainA,15.0,1858,26.94534187093406,False
M_PUB_ALL_full_chainA,15.0,1859,27.00477386150414,False
M_PUB_ALL_full_chainA,15.0,1860,27.021005763107812,False
M_PUB_ALL_full_chainA,15.0,1861,27.037026342885785,False
M_PUB_ALL_full_chainA,15.0,1862,27.06229843581099,False
M_PUB_ALL_full_chainA,15.0,1863,27.108614209394673,False
M_PUB_ALL_full_chainA,15.0,1864,27.13009066280069,False
M_PUB_ALL_full_chainA,15.0,1865,27.17105166960562,False
M_PUB_ALL_full_chainA,15.0,1866,27.21314994457831,False
M_PUB_ALL_full_chainA,15.0,1867,27.221419173562563,False
M_PUB_ALL_full_chainA,15.0,1868,27.26900266158635,False
M_PUB_ALL_full_chainA,15.0,1869,27.302969680581086,False
M_PUB_ALL_full_chainA,15.0,1870,27.358004514224163,False
M_PUB_ALL_full_chainA,15.0,1871,27.367473719369958,False
M_PUB_ALL_full_chainA,15.0,1872,27.422509454627914,False
M_PUB_ALL_full_chainA,15.0,1873,27.44635955180106,False
M_PUB_ALL_full_chainA,15.0,1874,27.461856467069993,False
M_PUB_ALL_full_chainA,15.0,1875,27.533882934003007,False
M_PUB_ALL_full_chainA,15.0,1876,27.53786441327526,False
M_PUB_ALL_full_chainA,15.0,1877,27.591657452198987,False
M_PUB_ALL_full_chainA,15.0,1878,27.630936310220623,False
M_PUB_ALL_full_chainA,15.0,1879,27.669367368569368,False
M_PUB_ALL_full_chainA,15.0,1880,27.732538618522096,False
M_PUB_ALL_full_chainA,15.0,1881,27.752233118229515,False
M_PUB_ALL_full_chainA,15.0,1882,27.7694546022693,False
M_PUB_ALL_full_chainA,15.0,1883,27.81233241094385,False
M_PUB_ALL_full_chainA,15.0,1884,27.856725106576462,False
M_PUB_ALL_full_chainA,15.0,1885,27.86713986125369,False
M_PUB_ALL_full_chainA,15.0,1886,27.886786701955913,False
M_PUB_ALL_full_chainA,15.0,1887,27.953859008747514,False
M_PUB_ALL_full_chainA,15.0,1888,27.984736170453356,False
M_PUB_ALL_full_chainA,15.0,1889,28.016832121599887,False
M_PUB_ALL_full_chainA,15.0,1890,28.083246852181592,False
M_PUB_ALL_full_chainA,15.0,1891,28.12107524013733,False
M_PUB_ALL_full_chainA,15.0,1892,28.13089445906334,False
M_PUB_ALL_full_chainA,15.0,1893,28.17922901083792,False
M_PUB_ALL_full_chainA,15.0,1894,28.197323281846824,False
M_PUB_ALL_full_chainA,15.0,1895,28.2413921036544,False
M_PUB_ALL_full_chainA,15.0,1896,28.284848233295943,False
M_PUB_ALL_full_chainA,15.0,1897,28.334229215950998,False
M_PUB_ALL_full_chainA,15.0,1898,28.385308749052246,False
M_PUB_ALL_full_chainA,15.0,1899,28.46291671652889,False
M_PUB_ALL_full_chainA,15.0,1900,28.508345215554726,False
M_PUB_ALL_full_chainA,15.0,1901,28.53763524318535,False
M_PUB_ALL_full_chainA,15.0,1902,28.603130437814396,False
M_PUB_ALL_full_chainA,15.0,1903,28.62973885465009,False
M_PUB_ALL_full_chainA,15.0,1904,28.679281770532366,False
M_PUB_ALL_full_chainA,15.0,1905,28.72836872048264,False
M_PUB_ALL_full_chainA,15.0,1906,28.75651089105116,False
M_PUB_ALL_full_chainA,15.0,1907,28.80948849668759,False
M_PUB_ALL_full_chainA,15.0,1908,28.86855098291439,False
M_PUB_ALL_full_chainA,15.0,1909,28.89570300355482,False
M_PUB_ALL_full_chainA,15.0,1910,28.971018566508807,False
M_PUB_ALL_full_chainA,15.0,1911,29.020485986521127,False
M_PUB_ALL_full_chainA,15.0,1912,29.12653750182973,False
M_PUB_ALL_full_chainA,15.0,1913,29.133361252137227,False
M_PUB_ALL_full_chainA,15.0,1914,29.16229971514095,False
M_PUB_ALL_full_chainA,15.0,1915,29.2121313009416,False
M_PUB_ALL_full_chainA,15.0,1916,29.251961131378142,False
M_PUB_ALL_full_chainA,15.0,1917,29.279565070215718,False
M_PUB_ALL_full_chainA,15.0,1918,29.316987564109315,False
M_PUB_ALL_full_chainA,15.0,1919,29.36254784996629,False
M_PUB_ALL_full_chainA,15.0,1920,29.41325045978177,False
M_PUB_ALL_full_chainA,15.0,1921,29.46163678671207,False
M_PUB_ALL_full_chainA,15.0,1922,29.535206036039774,False
M_PUB_ALL_full_chainA,15.0,1923,29.566950800791272,False
M_PUB_ALL_full_chainA,15.0,1924,29.645160382608783,False
M_PUB_ALL_full_chainA,15.0,1925,29.69663450418832,False
M_PUB_ALL_full_chainA,15.0,1926,29.737743072719024,False
M_PUB_ALL_full_chainA,15.0,1927,29.79646843094795,False
M_PUB_ALL_full_chainA,15.0,1928,29.815624918483017,False
M_PUB_ALL_full_chainA,15.0,1929,29.85299022486528,False
M_PUB_ALL_full_chainA,15.0,1930,29.931578876312862,False
M_PUB_ALL_full_chainA,15.0,1931,29.97523508524901,False
M_PUB_ALL_full_chainA,15.0,1932,29.990930721643405,False
M_PUB_ALL_full_chainA,15.0,1933,30.115547292263212,False
M_PUB_ALL_full_chainA,15.0,1934,30.164739738025155,False
M_PUB_ALL_full_chainA,15.0,1935,30.220332025389293,False
M_PUB_ALL_full_chainA,15.0,1936,30.262930849854854,False
M_PUB_ALL_full_chainA,15.0,1937,30.28013472445345,False
M_PUB_ALL_full_chainA,15.0,1938,30.343291773038302,False
M_PUB_ALL_full_chainA,15.0,1939,30.45693293572019,False
M_PUB_ALL_full_chainA,15.0,1940,30.48207387398517,False
M_PUB_ALL_full_chainA,15.0,1941,30.561611173980364,False
M_PUB_ALL_full_chainA,15.0,1942,30.69701718545316,False
M_PUB_ALL_full_chainA,15.0,1943,30.716342748021756,False
M_PUB_ALL_full_chainA,15.0,1944,30.77989412209911,False
M_PUB_ALL_full_chainA,15.0,1945,30.8136269362584,False
M_PUB_ALL_full_chainA,15.0,1946,30.852603896732013,False
M_PUB_ALL_full_chainA,15.0,1947,30.88251597317176,False
M_PUB_ALL_full_chainA,15.0,1948,31.008001387898467,False
M_PUB_ALL_full_chainA,15.0,1949,31.082846912792114,False
M_PUB_ALL_full_chainA,15.0,1950,31.18751692766816,False
M_PUB_ALL_full_chainA,15.0,1951,31.271308162037812,False
M_PUB_ALL_full_chainA,15.0,1952,31.301976283114715,False
M_PUB_ALL_full_chainA,15.0,1953,31.346526052399298,False
M_PUB_ALL_full_chainA,15.0,1954,31.437274788737952,False
M_PUB_ALL_full_chainA,15.0,1955,31.593128732472962,False
M_PUB_ALL_full_chainA,15.0,1956,31.634507935857947,False
M_PUB_ALL_full_chainA,15.0,1957,31.725896524320664,False
M_PUB_ALL_full_chainA,15.0,1958,31.855041492404446,False
M_PUB_ALL_full_chainA,15.0,1959,31.936786290982322,False
M_PUB_ALL_full_chainA,15.0,1960,32.091421515177714,False
M_PUB_ALL_full_chainA,15.0,1961,32.143552924211534,False
M_PUB_ALL_full_chainA,15.0,1962,32.243999123406084,False
M_PUB_ALL_full_chainA,15.0,1963,32.287998721783005,False
M_PUB_ALL_full_chainA,15.0,1964,32.42869723150366,False
M_PUB_ALL_full_chainA,15.0,1965,32.46276842567238,False
M_PUB_ALL_full_chainA,15.0,1966,32.66315735773175,False
M_PUB_ALL_full_chainA,15.0,1967,32.7952844401977,False
M_PUB_ALL_full_chainA,15.0,1968,32.837631753277,False
M_PUB_ALL_full_chainA,15.0,1969,33.097356011081615,False
M_PUB_ALL_full_chainA,15.0,1970,33.14149810883657,False
M_PUB_ALL_full_chainA,15.0,1971,33.2562547322265,False
M_PUB_ALL_full_chainA,15.0,1972,33.279226553148696,False
M_PUB_ALL_full_chainA,15.0,1973,33.5670395231511,False
M_PUB_ALL_full_chainA,15.0,1974,33.793601815669405,False
M_PUB_ALL_full_chainA,15.0,1975,33.97345714088672,False
M_PUB_ALL_full_chainA,15.0,1976,34.03522249931082,False
M_PUB_ALL_full_chainA,15.0,1977,34.41110464890836,False
M_PUB_ALL_full_chainA,15.0,1978,34.506954686802125,False
M_PUB_ALL_full_chainA,15.0,1979,34.69029097806714,False
M_PUB_ALL_full_chainA,15.0,1980,34.8166128108979,False
M_PUB_ALL_full_chainA,15.0,1981,35.04797001045439,False
M_PUB_ALL_full_chainA,15.0,1982,35.27477876570407,False
M_PUB_ALL_full_chainA,15.0,1983,35.615258568961394,False
M_PUB_ALL_full_chainA,15.0,1984,35.857908707602704,False
M_PUB_ALL_full_chainA,15.0,1985,36.128856974040374,False
M_PUB_ALL_full_chainA,15.0,1986,36.54044750630904,False
M_PUB_ALL_full_chainA,15.0,1987,37.03179432608785,False
M_PUB_ALL_full_chainA,15.0,1988,37.45657361070923,False
M_PUB_ALL_full_chainA,15.0,1989,37.5698905404789,False
M_PUB_ALL_full_chainA,15.0,1990,38.18557969000914,False
M_PUB_ALL_full_chainA,15.0,1991,38.63785856643621,False
M_PUB_ALL_full_chainA,15.0,1992,38.96478709426654,False
M_PUB_ALL_full_chainA,15.0,1993,39.39811340436633,False
M_PUB_ALL_full_chainA,15.0,1994,40.42314539441451,False
M_PUB_ALL_full_chainA,15.0,1995,40.839597913304814,False
M_PUB_ALL_full_chainA,15.0,1996,41.88292356388319,False
M_PUB_ALL_full_chainA,15.0,1997,42.5081499545979,False
