structure_id,node_index_0based,chain,residue_number,insertion_code,residue_name,source_B_column_not_mobility,degree_primary15A,middle_site
H_AF_domain,0,A,183,,SER,79.38,49,False
H_AF_domain,1,A,184,,SER,75.5,56,False
H_AF_domain,2,A,185,,VAL,84.0,58,False
H_AF_domain,3,A,186,,ALA,86.25,53,False
H_AF_domain,4,A,187,,SER,84.06,51,False
H_AF_domain,5,A,188,,TYR,88.81,61,False
H_AF_domain,6,A,189,,PHE,92.44,50,False
H_AF_domain,7,A,190,,LEU,90.12,47,False
H_AF_domain,8,A,191,,PHE,91.81,65,False
H_AF_domain,9,A,192,,LEU,93.12,62,False
H_AF_domain,10,A,193,,ARG,94.06,50,False
H_AF_domain,11,A,194,,TRP,92.94,54,False
H_AF_domain,12,A,195,,MET,93.75,67,False
H_AF_domain,13,A,196,,TYR,95.44,56,False
H_AF_domain,14,A,197,,GLY,93.75,48,False
H_AF_domain,15,A,198,,VAL,94.25,61,False
H_AF_domain,16,A,199,,ASN,95.75,63,False
H_AF_domain,17,A,200,,MET,95.5,46,False
H_AF_domain,18,A,201,,VAL,95.56,48,False
H_AF_domain,19,A,202,,LEU,95.19,61,False
H_AF_domain,20,A,203,,PHE,96.38,59,False
H_AF_domain,21,A,204,,ILE,96.25,47,False
H_AF_domain,22,A,205,,LEU,94.38,52,False
H_AF_domain,23,A,206,,THR,94.38,62,False
H_AF_domain,24,A,207,,PHE,94.75,53,False
H_AF_domain,25,A,208,,SER,93.44,44,False
H_AF_domain,26,A,209,,LEU,92.81,54,False
H_AF_domain,27,A,210,,ILE,93.31,62,False
H_AF_domain,28,A,211,,MET,92.0,62,False
H_AF_domain,29,A,212,,LEU,91.69,48,False
H_AF_domain,30,A,213,,PRO,91.06,49,False
H_AF_domain,31,A,214,,GLU,88.88,58,False
H_AF_domain,32,A,215,,TYR,88.19,52,False
H_AF_domain,33,A,216,,LEU,89.06,32,False
H_AF_domain,34,A,217,,TRP,85.44,38,False
H_AF_domain,35,A,218,,GLY,83.12,50,False
H_AF_domain,36,A,219,,LEU,84.38,45,False
H_AF_domain,37,A,220,,PRO,82.44,34,False
H_AF_domain,38,A,221,,TYR,81.31,41,False
H_AF_domain,39,A,222,,GLY,79.31,38,False
H_AF_domain,40,A,223,,SER,82.38,40,False
H_AF_domain,41,A,224,,LEU,82.81,45,False
H_AF_domain,42,A,225,,PRO,82.88,55,False
H_AF_domain,43,A,226,,ARG,85.88,62,False
H_AF_domain,44,A,227,,LYS,85.81,58,False
H_AF_domain,45,A,228,,THR,85.19,52,False
H_AF_domain,46,A,229,,VAL,85.75,50,False
H_AF_domain,47,A,230,,PRO,84.25,41,False
H_AF_domain,48,A,231,,ARG,80.94,31,False
H_AF_domain,49,A,232,,ALA,78.38,28,False
H_AF_domain,50,A,233,,GLU,82.0,39,False
H_AF_domain,51,A,234,,GLU,79.44,35,False
H_AF_domain,52,A,235,,ALA,81.44,23,False
H_AF_domain,53,A,236,,SER,82.38,27,False
H_AF_domain,54,A,237,,ALA,78.88,30,False
H_AF_domain,55,A,238,,ALA,82.62,25,False
H_AF_domain,56,A,239,,ASN,86.5,24,False
H_AF_domain,57,A,240,,PHE,80.25,21,False
H_AF_domain,58,A,241,,GLY,79.25,31,False
H_AF_domain,59,A,242,,VAL,80.81,36,False
H_AF_domain,60,A,243,,LEU,82.06,36,False
H_AF_domain,61,A,244,,TYR,80.0,40,False
H_AF_domain,62,A,245,,ASP,78.25,49,False
H_AF_domain,63,A,246,,PHE,83.0,55,False
H_AF_domain,64,A,247,,ASN,82.88,54,False
H_AF_domain,65,A,248,,GLY,83.12,49,False
H_AF_domain,66,A,249,,LEU,83.62,47,False
H_AF_domain,67,A,250,,ALA,84.75,57,False
H_AF_domain,68,A,251,,GLN,85.25,65,False
H_AF_domain,69,A,252,,TYR,86.12,70,False
H_AF_domain,70,A,253,,SER,88.69,65,False
H_AF_domain,71,A,254,,VAL,89.44,70,False
H_AF_domain,72,A,255,,LEU,89.62,74,False
H_AF_domain,73,A,256,,PHE,93.5,80,False
H_AF_domain,74,A,257,,TYR,92.31,83,False
H_AF_domain,75,A,258,,GLY,90.06,78,False
H_AF_domain,76,A,259,,TYR,90.0,75,False
H_AF_domain,77,A,260,,TYR,91.25,78,False
H_AF_domain,78,A,261,,ASP,87.88,66,False
H_AF_domain,79,A,262,,ASN,87.12,61,False
H_AF_domain,80,A,263,,LYS,85.62,52,False
H_AF_domain,81,A,264,,ARG,82.19,47,False
H_AF_domain,82,A,265,,THR,83.94,41,False
H_AF_domain,83,A,266,,ILE,82.0,41,False
H_AF_domain,84,A,267,,GLY,80.12,29,False
H_AF_domain,85,A,268,,TRP,80.06,19,False
H_AF_domain,86,A,269,,MET,76.69,24,False
H_AF_domain,87,A,270,,ASN,83.81,29,False
H_AF_domain,88,A,271,,PHE,86.69,41,False
H_AF_domain,89,A,272,,ARG,88.81,52,False
H_AF_domain,90,A,273,,LEU,89.12,64,False
H_AF_domain,91,A,274,,PRO,91.0,71,False
H_AF_domain,92,A,275,,LEU,89.31,62,False
H_AF_domain,93,A,276,,SER,91.75,63,False
H_AF_domain,94,A,277,,TYR,92.5,76,False
H_AF_domain,95,A,278,,PHE,91.56,78,False
H_AF_domain,96,A,279,,LEU,90.0,60,False
H_AF_domain,97,A,280,,VAL,92.12,65,False
H_AF_domain,98,A,281,,GLY,90.44,76,False
H_AF_domain,99,A,282,,ILE,88.75,68,False
H_AF_domain,100,A,283,,MET,89.12,60,False
H_AF_domain,101,A,284,,CYS,91.25,67,False
H_AF_domain,102,A,285,,ILE,89.75,71,False
H_AF_domain,103,A,286,,GLY,88.06,62,False
H_AF_domain,104,A,287,,TYR,91.12,59,False
H_AF_domain,105,A,288,,SER,92.0,72,False
H_AF_domain,106,A,289,,PHE,90.88,65,False
H_AF_domain,107,A,290,,LEU,88.44,54,False
H_AF_domain,108,A,291,,VAL,90.06,61,False
H_AF_domain,109,A,292,,VAL,90.06,64,False
H_AF_domain,110,A,293,,LEU,85.31,53,False
H_AF_domain,111,A,294,,LYS,84.06,51,False
H_AF_domain,112,A,295,,ALA,84.81,56,False
H_AF_domain,113,A,296,,MET,81.44,55,False
H_AF_domain,114,A,297,,THR,74.69,46,False
H_AF_domain,115,A,298,,LYS,74.94,45,False
H_AF_domain,116,A,299,,ASN,71.12,46,False
H_AF_domain,117,A,300,,ILE,67.06,42,False
H_AF_domain,118,A,301,,GLY,57.22,41,False
H_AF_domain,119,A,302,,ASP,57.31,40,False
H_AF_domain,120,A,303,,ASP,50.78,38,False
H_AF_domain,121,A,304,,GLY,44.28,35,False
H_AF_domain,122,A,305,,GLY,43.12,31,False
H_AF_domain,123,A,306,,GLY,45.28,26,False
H_AF_domain,124,A,307,,ASP,46.69,18,False
H_AF_domain,125,A,308,,ASP,53.44,28,False
H_AF_domain,126,A,309,,ASN,57.19,32,False
H_AF_domain,127,A,310,,THR,63.91,19,False
H_AF_domain,128,A,311,,PHE,72.88,21,False
H_AF_domain,129,A,312,,ASN,75.94,33,False
H_AF_domain,130,A,313,,PHE,86.75,30,False
H_AF_domain,131,A,314,,SER,86.62,23,False
H_AF_domain,132,A,315,,TRP,82.81,26,False
H_AF_domain,133,A,316,,LYS,85.0,34,False
H_AF_domain,134,A,317,,VAL,87.62,28,False
H_AF_domain,135,A,318,,PHE,86.06,23,False
H_AF_domain,136,A,319,,THR,83.62,25,False
H_AF_domain,137,A,320,,SER,84.69,32,False
H_AF_domain,138,A,321,,TRP,88.56,30,False
H_AF_domain,139,A,322,,ASP,83.25,25,False
H_AF_domain,140,A,323,,TYR,84.25,20,False
H_AF_domain,141,A,324,,LEU,83.81,17,False
H_AF_domain,142,A,325,,ILE,81.44,19,False
H_AF_domain,143,A,326,,GLY,82.25,14,False
H_AF_domain,144,A,327,,ASN,87.62,15,False
H_AF_domain,145,A,328,,PRO,88.56,16,False
H_AF_domain,146,A,329,,GLU,83.12,17,False
H_AF_domain,147,A,330,,THR,84.19,19,False
H_AF_domain,148,A,331,,ALA,86.56,21,False
H_AF_domain,149,A,332,,ASP,87.19,21,False
H_AF_domain,150,A,333,,ASN,84.44,25,False
H_AF_domain,151,A,334,,LYS,85.88,29,False
H_AF_domain,152,A,335,,PHE,88.62,29,False
H_AF_domain,153,A,336,,ASN,86.44,31,False
H_AF_domain,154,A,337,,SER,84.62,38,False
H_AF_domain,155,A,338,,ILE,87.12,37,False
H_AF_domain,156,A,339,,THR,87.44,37,False
H_AF_domain,157,A,340,,MET,82.75,40,False
H_AF_domain,158,A,341,,ASN,81.94,46,False
H_AF_domain,159,A,342,,PHE,86.12,41,False
H_AF_domain,160,A,343,,LYS,83.88,37,False
H_AF_domain,161,A,344,,GLU,77.31,46,False
H_AF_domain,162,A,345,,ALA,79.56,45,False
H_AF_domain,163,A,346,,ILE,84.31,37,False
H_AF_domain,164,A,347,,THR,79.69,33,False
H_AF_domain,165,A,348,,GLU,75.19,44,False
H_AF_domain,166,A,349,,GLU,77.25,33,False
H_AF_domain,167,A,350,,LYS,80.56,28,False
H_AF_domain,168,A,351,,ALA,71.75,31,False
H_AF_domain,169,A,352,,ALA,71.38,29,False
H_AF_domain,170,A,353,,GLN,71.38,20,False
H_AF_domain,171,A,354,,VAL,72.88,23,False
H_AF_domain,172,A,355,,GLU,58.47,19,False
H_AF_domain,173,A,356,,GLU,67.19,23,False
H_AF_domain,174,A,357,,ASN,75.56,20,False
H_AF_domain,175,A,358,,VAL,79.12,19,False
H_AF_domain,176,A,359,,HIS,82.56,17,False
H_AF_domain,177,A,360,,LEU,84.06,22,False
H_AF_domain,178,A,361,,ILE,82.81,28,False
H_AF_domain,179,A,362,,ARG,86.12,25,False
H_AF_domain,180,A,363,,PHE,89.44,23,False
H_AF_domain,181,A,364,,LEU,88.06,29,False
H_AF_domain,182,A,365,,ARG,89.5,38,False
H_AF_domain,183,A,366,,PHE,89.69,30,False
H_AF_domain,184,A,367,,LEU,90.56,29,False
H_AF_domain,185,A,368,,ALA,89.25,40,False
H_AF_domain,186,A,369,,ASN,89.06,43,False
H_AF_domain,187,A,370,,PHE,90.88,31,False
H_AF_domain,188,A,371,,PHE,90.69,37,False
H_AF_domain,189,A,372,,VAL,87.88,49,False
H_AF_domain,190,A,373,,PHE,87.75,40,False
H_AF_domain,191,A,374,,LEU,90.06,34,False
H_AF_domain,192,A,375,,THR,88.38,47,False
H_AF_domain,193,A,376,,LEU,85.31,50,False
H_AF_domain,194,A,377,,GLY,84.06,37,False
H_AF_domain,195,A,378,,GLY,87.44,38,False
H_AF_domain,196,A,379,,SER,84.62,48,False
H_AF_domain,197,A,380,,GLY,79.62,46,False
H_AF_domain,198,A,381,,TYR,84.12,38,False
H_AF_domain,199,A,382,,LEU,84.25,42,False
H_AF_domain,200,A,383,,ILE,78.12,47,False
H_AF_domain,201,A,384,,PHE,76.94,43,False
H_AF_domain,202,A,385,,TRP,83.19,40,False
H_AF_domain,203,A,386,,ALA,78.88,44,False
H_AF_domain,204,A,387,,VAL,73.62,48,False
H_AF_domain,205,A,388,,LYS,76.81,39,False
H_AF_domain,206,A,389,,ARG,80.88,38,False
H_AF_domain,207,A,390,,SER,75.5,45,False
H_AF_domain,208,A,391,,GLN,71.25,42,False
H_AF_domain,209,A,392,,GLU,75.38,31,False
H_AF_domain,210,A,393,,PHE,72.88,32,False
H_AF_domain,211,A,394,,ALA,65.06,43,False
H_AF_domain,212,A,395,,GLN,67.38,30,False
H_AF_domain,213,A,396,,GLN,69.75,24,False
H_AF_domain,214,A,397,,ASP,64.88,17,False
H_AF_domain,215,A,398,,PRO,63.16,28,False
H_AF_domain,216,A,399,,ASP,66.31,23,False
H_AF_domain,217,A,400,,THR,71.88,19,False
H_AF_domain,218,A,401,,LEU,72.38,23,False
H_AF_domain,219,A,402,,GLY,77.0,25,False
H_AF_domain,220,A,403,,TRP,75.62,28,False
H_AF_domain,221,A,404,,TRP,74.0,31,False
H_AF_domain,222,A,405,,GLU,76.38,31,False
H_AF_domain,223,A,406,,LYS,70.44,46,False
H_AF_domain,224,A,407,,ASN,74.44,50,False
H_AF_domain,225,A,408,,GLU,77.0,45,False
H_AF_domain,226,A,409,,MET,74.56,55,False
H_AF_domain,227,A,410,,ASN,72.19,63,False
H_AF_domain,228,A,411,,MET,73.31,50,False
H_AF_domain,229,A,412,,VAL,79.31,49,False
H_AF_domain,230,A,413,,MET,75.94,67,False
H_AF_domain,231,A,414,,SER,73.31,62,True
H_AF_domain,232,A,415,,LEU,79.25,51,False
H_AF_domain,233,A,416,,LEU,82.06,57,False
H_AF_domain,234,A,417,,GLY,75.88,69,True
H_AF_domain,235,A,418,,MET,76.5,57,True
H_AF_domain,236,A,419,,PHE,82.56,49,False
H_AF_domain,237,A,420,,CYS,84.44,54,False
H_AF_domain,238,A,421,,PRO,81.75,62,False
H_AF_domain,239,A,422,,THR,82.44,51,False
H_AF_domain,240,A,423,,LEU,85.75,46,False
H_AF_domain,241,A,424,,PHE,87.12,53,False
H_AF_domain,242,A,425,,ASP,81.94,57,False
H_AF_domain,243,A,426,,LEU,84.19,43,False
H_AF_domain,244,A,427,,PHE,86.69,44,False
H_AF_domain,245,A,428,,ALA,81.5,50,False
H_AF_domain,246,A,429,,GLU,79.94,42,False
H_AF_domain,247,A,430,,LEU,83.0,38,False
H_AF_domain,248,A,431,,GLU,82.19,45,False
H_AF_domain,249,A,432,,ASP,76.38,43,False
H_AF_domain,250,A,433,,TYR,76.31,46,False
H_AF_domain,251,A,434,,HIS,73.44,42,False
H_AF_domain,252,A,435,,PRO,67.31,49,False
H_AF_domain,253,A,436,,LEU,70.0,47,False
H_AF_domain,254,A,437,,ILE,77.94,43,False
H_AF_domain,255,A,438,,ALA,79.69,51,False
H_AF_domain,256,A,439,,LEU,76.81,60,False
H_AF_domain,257,A,440,,LYS,82.69,52,False
H_AF_domain,258,A,441,,TRP,84.19,49,False
H_AF_domain,259,A,442,,LEU,84.19,58,False
H_AF_domain,260,A,443,,LEU,82.69,64,False
H_AF_domain,261,A,444,,GLY,84.12,56,False
H_AF_domain,262,A,445,,ARG,86.69,63,False
H_AF_domain,263,A,446,,ILE,84.44,66,False
H_AF_domain,264,A,447,,PHE,84.88,67,False
H_AF_domain,265,A,448,,ALA,83.31,62,False
H_AF_domain,266,A,449,,LEU,82.88,61,True
H_AF_domain,267,A,450,,LEU,79.12,73,True
H_AF_domain,268,A,451,,LEU,81.0,63,False
H_AF_domain,269,A,452,,GLY,77.88,60,False
H_AF_domain,270,A,453,,ASN,75.81,65,True
H_AF_domain,271,A,454,,LEU,77.44,71,True
H_AF_domain,272,A,455,,TYR,77.06,62,False
H_AF_domain,273,A,456,,VAL,76.44,57,False
H_AF_domain,274,A,457,,PHE,75.12,70,False
H_AF_domain,275,A,458,,ILE,79.81,68,False
H_AF_domain,276,A,459,,LEU,78.81,52,False
H_AF_domain,277,A,460,,ALA,75.75,55,False
H_AF_domain,278,A,461,,LEU,80.75,64,False
H_AF_domain,279,A,462,,MET,84.44,52,False
H_AF_domain,280,A,463,,ASP,81.75,44,False
H_AF_domain,281,A,464,,GLU,79.94,50,False
H_AF_domain,282,A,465,,ILE,86.62,55,False
H_AF_domain,283,A,466,,ASN,87.62,40,False
H_AF_domain,284,A,467,,ASN,86.56,40,False
H_AF_domain,285,A,468,,LYS,85.88,44,False
H_AF_domain,286,A,469,,ILE,88.69,44,False
H_AF_domain,287,A,470,,GLU,88.5,32,False
H_AF_domain,288,A,471,,GLU,87.62,35,False
H_AF_domain,289,A,472,,GLU,88.06,41,False
H_AF_domain,290,A,473,,LYS,88.5,35,False
H_AF_domain,291,A,474,,LEU,89.38,27,False
H_AF_domain,292,A,475,,VAL,87.81,33,False
H_AF_domain,293,A,476,,LYS,86.62,36,False
H_AF_domain,294,A,477,,ALA,87.62,27,False
H_AF_domain,295,A,478,,ASN,89.56,26,False
H_AF_domain,296,A,479,,ILE,87.12,36,False
H_AF_domain,297,A,480,,THR,86.19,27,False
H_AF_domain,298,A,481,,LEU,89.44,22,False
H_AF_domain,299,A,482,,TRP,87.5,30,False
H_AF_domain,300,A,483,,GLU,82.25,31,False
H_AF_domain,301,A,484,,ALA,85.56,24,False
H_AF_domain,302,A,485,,ASN,87.06,24,False
H_AF_domain,303,A,486,,MET,82.44,28,False
H_AF_domain,304,A,487,,ILE,81.88,29,False
H_AF_domain,305,A,488,,LYS,84.5,22,False
H_AF_domain,306,A,489,,ALA,81.12,24,False
H_AF_domain,307,A,490,,TYR,79.12,25,False
H_AF_domain,308,A,491,,ASN,79.06,23,False
H_AF_domain,309,A,492,,ALA,78.31,20,False
H_AF_domain,310,A,493,,SER,76.19,21,False
H_AF_domain,311,A,494,,PHE,68.38,19,False
H_AF_domain,312,A,495,,SER,65.5,16,False
H_AF_domain,313,A,496,,GLU,65.88,16,False
H_AF_domain,314,A,497,,ASN,64.81,12,False
H_AF_domain,315,A,498,,SER,65.06,14,False
H_AF_domain,316,A,499,,THR,66.69,15,False
H_AF_domain,317,A,500,,GLY,63.44,19,False
H_AF_domain,318,A,501,,PRO,66.62,19,False
H_AF_domain,319,A,502,,PRO,68.12,23,False
H_AF_domain,320,A,503,,PHE,72.06,27,False
H_AF_domain,321,A,504,,PHE,75.75,28,False
H_AF_domain,322,A,505,,VAL,80.5,35,False
H_AF_domain,323,A,506,,HIS,82.44,32,False
H_AF_domain,324,A,507,,PRO,82.38,38,False
H_AF_domain,325,A,508,,ALA,83.56,38,False
H_AF_domain,326,A,509,,ASP,84.5,36,False
H_AF_domain,327,A,510,,VAL,84.44,43,False
H_AF_domain,328,A,511,,PRO,83.81,46,False
H_AF_domain,329,A,512,,ARG,83.94,59,False
H_AF_domain,330,A,513,,GLY,84.5,59,False
H_AF_domain,331,A,514,,PRO,85.62,61,False
H_AF_domain,332,A,515,,CYS,88.75,74,False
H_AF_domain,333,A,516,,TRP,91.12,71,False
H_AF_domain,334,A,517,,GLU,92.19,83,False
H_AF_domain,335,A,518,,THR,91.25,74,False
H_AF_domain,336,A,519,,MET,87.69,74,False
H_AF_domain,337,A,520,,VAL,89.44,72,False
H_AF_domain,338,A,521,,GLY,91.56,75,False
H_AF_domain,339,A,522,,GLN,89.56,65,False
H_AF_domain,340,A,523,,GLU,85.44,76,False
H_AF_domain,341,A,524,,PHE,88.94,73,False
H_AF_domain,342,A,525,,VAL,90.31,66,False
H_AF_domain,343,A,526,,ARG,85.94,65,False
H_AF_domain,344,A,527,,LEU,83.62,71,False
H_AF_domain,345,A,528,,THR,85.56,68,False
H_AF_domain,346,A,529,,VAL,87.25,58,False
H_AF_domain,347,A,530,,SER,82.19,56,False
H_AF_domain,348,A,531,,ASP,82.75,63,True
H_AF_domain,349,A,532,,VAL,85.75,59,False
H_AF_domain,350,A,533,,LEU,85.56,45,False
H_AF_domain,351,A,534,,THR,81.75,46,True
H_AF_domain,352,A,535,,THR,83.56,61,True
H_AF_domain,353,A,536,,TYR,88.31,48,False
H_AF_domain,354,A,537,,VAL,87.19,38,False
H_AF_domain,355,A,538,,THR,83.75,49,False
H_AF_domain,356,A,539,,ILE,87.25,51,True
H_AF_domain,357,A,540,,LEU,88.25,37,False
H_AF_domain,358,A,541,,ILE,85.44,37,False
H_AF_domain,359,A,542,,GLY,80.88,46,False
H_AF_domain,360,A,543,,ASP,84.62,49,False
H_AF_domain,361,A,544,,PHE,87.62,39,False
H_AF_domain,362,A,545,,LEU,86.31,38,False
H_AF_domain,363,A,546,,ARG,84.12,39,False
H_AF_domain,364,A,547,,ALA,85.12,42,False
H_AF_domain,365,A,548,,CYS,85.75,36,False
H_AF_domain,366,A,549,,PHE,84.12,35,False
H_AF_domain,367,A,550,,VAL,82.56,35,False
H_AF_domain,368,A,551,,ARG,82.38,34,False
H_AF_domain,369,A,552,,PHE,83.19,27,False
H_AF_domain,370,A,553,,CYS,79.12,25,False
H_AF_domain,371,A,554,,ASN,74.06,25,False
H_AF_domain,372,A,555,,TYR,71.19,22,False
H_AF_domain,373,A,556,,CYS,74.38,18,False
H_AF_domain,374,A,557,,TRP,66.5,20,False
H_AF_domain,375,A,558,,CYS,70.25,18,False
H_AF_domain,376,A,559,,TRP,68.31,19,False
H_AF_domain,377,A,560,,ASP,66.88,23,False
H_AF_domain,378,A,561,,LEU,71.38,29,False
H_AF_domain,379,A,562,,GLU,71.69,35,False
H_AF_domain,380,A,563,,TYR,63.62,28,False
H_AF_domain,381,A,564,,GLY,64.44,26,False
H_AF_domain,382,A,565,,TYR,64.56,31,False
H_AF_domain,383,A,566,,PRO,62.25,36,False
H_AF_domain,384,A,567,,SER,74.12,38,False
H_AF_domain,385,A,568,,TYR,79.62,43,False
H_AF_domain,386,A,569,,THR,79.69,53,False
H_AF_domain,387,A,570,,GLU,80.06,53,False
H_AF_domain,388,A,571,,PHE,82.25,60,False
H_AF_domain,389,A,572,,ASP,77.5,71,False
H_AF_domain,390,A,573,,ILE,81.62,70,False
H_AF_domain,391,A,574,,SER,76.38,72,False
H_AF_domain,392,A,575,,GLY,79.69,77,False
H_AF_domain,393,A,576,,ASN,84.62,82,False
H_AF_domain,394,A,577,,VAL,87.5,76,False
H_AF_domain,395,A,578,,LEU,84.62,74,False
H_AF_domain,396,A,579,,ALA,84.12,80,False
H_AF_domain,397,A,580,,LEU,89.75,83,False
H_AF_domain,398,A,581,,ILE,90.69,80,False
H_AF_domain,399,A,582,,PHE,85.69,81,True
H_AF_domain,400,A,583,,ASN,87.69,86,True
H_AF_domain,401,A,584,,GLN,92.5,85,False
H_AF_domain,402,A,585,,GLY,90.69,84,True
H_AF_domain,403,A,586,,MET,88.38,82,False
H_AF_domain,404,A,587,,ILE,92.81,88,False
H_AF_domain,405,A,588,,TRP,92.44,86,False
H_AF_domain,406,A,589,,MET,89.69,80,False
H_AF_domain,407,A,590,,GLY,91.38,79,False
H_AF_domain,408,A,591,,SER,92.62,87,False
H_AF_domain,409,A,592,,PHE,92.94,85,False
H_AF_domain,410,A,593,,PHE,93.0,90,False
H_AF_domain,411,A,594,,ALA,93.94,81,False
H_AF_domain,412,A,595,,PRO,93.62,81,False
H_AF_domain,413,A,596,,SER,92.31,71,False
H_AF_domain,414,A,597,,LEU,94.5,77,False
H_AF_domain,415,A,598,,PRO,95.44,75,False
H_AF_domain,416,A,599,,GLY,94.5,61,False
H_AF_domain,417,A,600,,ILE,93.94,61,False
H_AF_domain,418,A,601,,ASN,95.0,69,False
H_AF_domain,419,A,602,,ILE,95.69,52,False
H_AF_domain,420,A,603,,LEU,94.56,48,False
H_AF_domain,421,A,604,,ARG,93.19,58,True
H_AF_domain,422,A,605,,LEU,95.06,59,False
H_AF_domain,423,A,606,,HIS,94.38,43,False
H_AF_domain,424,A,607,,THR,93.25,45,False
H_AF_domain,425,A,608,,SER,92.5,60,False
H_AF_domain,426,A,609,,MET,93.38,47,False
H_AF_domain,427,A,610,,TYR,92.94,40,False
H_AF_domain,428,A,611,,PHE,92.06,47,False
H_AF_domain,429,A,612,,GLN,91.81,59,False
H_AF_domain,430,A,613,,CYS,91.12,44,False
H_AF_domain,431,A,614,,TRP,91.5,43,False
H_AF_domain,432,A,615,,ALA,89.88,49,False
H_AF_domain,433,A,616,,VAL,89.44,51,False
H_AF_domain,434,A,617,,MET,86.56,39,False
H_AF_domain,435,A,618,,CYS,85.5,37,False
H_AF_domain,436,A,619,,CYS,83.06,44,False
H_AF_domain,437,A,620,,ASN,83.25,52,False
H_AF_domain,438,A,621,,VAL,78.19,49,False
H_AF_domain,439,A,622,,PRO,68.81,49,False
H_AF_domain,440,A,623,,GLU,65.38,53,False
H_AF_domain,441,A,624,,ALA,57.81,47,False
H_AF_domain,442,A,625,,ARG,59.75,53,False
H_AF_domain,443,A,626,,VAL,53.94,52,False
H_AF_domain,444,A,627,,PHE,56.25,55,False
H_AF_domain,445,A,628,,LYS,54.09,58,False
H_AF_domain,446,A,629,,ALA,51.22,57,False
H_AF_domain,447,A,630,,SER,49.28,46,False
H_AF_domain,448,A,631,,ARG,55.06,50,False
H_AF_domain,449,A,632,,SER,61.59,59,False
H_AF_domain,450,A,633,,ASN,71.75,57,False
H_AF_domain,451,A,634,,ASN,77.81,51,False
H_AF_domain,452,A,635,,PHE,81.25,58,False
H_AF_domain,453,A,636,,TYR,85.56,70,False
H_AF_domain,454,A,637,,LEU,87.69,63,False
H_AF_domain,455,A,638,,GLY,86.88,55,False
H_AF_domain,456,A,639,,MET,87.81,61,False
H_AF_domain,457,A,640,,LEU,91.56,67,False
H_AF_domain,458,A,641,,LEU,90.62,59,False
H_AF_domain,459,A,642,,LEU,89.06,55,False
H_AF_domain,460,A,643,,ILE,90.31,60,False
H_AF_domain,461,A,644,,LEU,91.44,65,False
H_AF_domain,462,A,645,,PHE,89.19,58,False
H_AF_domain,463,A,646,,LEU,86.5,48,False
H_AF_domain,464,A,647,,SER,86.62,65,False
H_AF_domain,465,A,648,,THR,87.56,63,False
H_AF_domain,466,A,649,,MET,85.56,53,False
H_AF_domain,467,A,650,,PRO,86.0,57,False
H_AF_domain,468,A,651,,VAL,88.56,69,False
H_AF_domain,469,A,652,,LEU,87.12,59,False
H_AF_domain,470,A,653,,TYR,86.94,49,False
H_AF_domain,471,A,654,,MET,86.69,64,False
H_AF_domain,472,A,655,,ILE,86.56,68,False
H_AF_domain,473,A,656,,VAL,85.62,44,False
H_AF_domain,474,A,657,,SER,84.69,36,False
H_AF_domain,475,A,658,,LEU,87.62,54,False
H_AF_domain,476,A,659,,PRO,88.5,55,False
H_AF_domain,477,A,660,,PRO,90.81,65,False
H_AF_domain,478,A,661,,SER,89.75,62,False
H_AF_domain,479,A,662,,PHE,86.81,54,False
H_AF_domain,480,A,663,,ASP,83.62,61,False
H_AF_domain,481,A,664,,CYS,87.75,73,False
H_AF_domain,482,A,665,,GLY,90.81,77,False
H_AF_domain,483,A,666,,PRO,90.25,75,False
H_AF_domain,484,A,667,,PHE,91.62,61,False
H_AF_domain,485,A,668,,SER,87.19,57,False
H_AF_domain,486,A,669,,GLY,83.81,50,False
H_AF_domain,487,A,670,,LYS,86.19,47,False
H_AF_domain,488,A,671,,ASN,86.31,38,False
H_AF_domain,489,A,672,,ARG,86.75,45,False
H_AF_domain,490,A,673,,MET,87.38,63,False
H_AF_domain,491,A,674,,PHE,83.88,59,False
H_AF_domain,492,A,675,,GLU,83.62,56,False
H_AF_domain,493,A,676,,VAL,85.0,55,False
H_AF_domain,494,A,677,,ILE,82.38,58,False
H_AF_domain,495,A,678,,GLY,77.62,48,False
H_AF_domain,496,A,679,,GLU,79.31,47,False
H_AF_domain,497,A,680,,THR,81.19,47,False
H_AF_domain,498,A,681,,LEU,78.75,38,False
H_AF_domain,499,A,682,,GLU,76.62,30,False
H_AF_domain,500,A,683,,HIS,78.25,27,False
H_AF_domain,501,A,684,,ASP,79.69,28,False
H_AF_domain,502,A,685,,PHE,79.81,24,False
H_AF_domain,503,A,686,,PRO,82.75,18,False
H_AF_domain,504,A,687,,SER,76.38,20,False
H_AF_domain,505,A,688,,TRP,80.44,19,False
H_AF_domain,506,A,689,,MET,73.44,21,False
H_AF_domain,507,A,690,,ALA,72.69,24,False
H_AF_domain,508,A,691,,LYS,71.75,23,False
H_AF_domain,509,A,692,,ILE,71.0,24,False
H_AF_domain,510,A,693,,LEU,67.12,32,False
H_AF_domain,511,A,694,,ARG,66.06,31,False
H_AF_domain,512,A,695,,GLN,67.56,28,False
H_AF_domain,513,A,696,,LEU,63.25,30,False
H_AF_domain,514,A,697,,SER,61.5,39,False
H_AF_domain,515,A,698,,ASN,64.12,33,False
H_AF_domain,516,A,699,,PRO,53.16,41,False
H_AF_domain,517,A,700,,GLY,58.66,50,False
H_AF_domain,518,A,701,,LEU,59.84,40,False
H_AF_domain,519,A,702,,VAL,63.25,33,False
H_AF_domain,520,A,703,,ILE,68.31,46,False
H_AF_domain,521,A,704,,ALA,69.25,48,False
H_AF_domain,522,A,705,,VAL,73.38,33,False
H_AF_domain,523,A,706,,ILE,76.38,34,False
H_AF_domain,524,A,707,,LEU,75.5,41,False
H_AF_domain,525,A,708,,VAL,79.75,39,False
H_AF_domain,526,A,709,,MET,77.81,29,False
H_AF_domain,527,A,710,,VAL,82.81,32,False
H_AF_domain,528,A,711,,LEU,83.5,40,False
H_AF_domain,529,A,712,,ALA,80.69,34,False
H_AF_domain,530,A,713,,ILE,82.75,28,False
H_AF_domain,531,A,714,,TYR,83.88,35,False
H_AF_domain,532,A,715,,TYR,80.12,39,False
H_AF_domain,533,A,716,,LEU,81.75,32,False
H_AF_domain,534,A,717,,ASN,84.81,31,False
H_AF_domain,535,A,718,,ALA,80.94,35,False
H_AF_domain,536,A,719,,THR,79.5,37,False
H_AF_domain,537,A,720,,ALA,82.06,30,False
H_AF_domain,538,A,721,,LYS,84.69,31,False
H_AF_domain,539,A,722,,GLY,78.5,35,False
H_AF_domain,540,A,723,,GLN,80.38,33,False
H_AF_domain,541,A,724,,LYS,83.06,29,False
H_AF_domain,542,A,725,,ALA,83.25,30,False
H_AF_domain,543,A,726,,ALA,81.06,30,False
H_AF_domain,544,A,727,,ASN,82.69,27,False
H_AF_domain,545,A,728,,LEU,86.38,23,False
H_AF_domain,546,A,729,,ASP,82.94,24,False
H_AF_domain,547,A,730,,LEU,84.25,23,False
H_AF_domain,548,A,731,,LYS,84.5,18,False
H_AF_domain,549,A,732,,LYS,83.25,16,False
H_AF_domain,550,A,733,,LYS,81.5,19,False
H_AF_domain,551,A,734,,MET,83.12,14,False
H_AF_full_chainA,0,A,1,,MET,40.47,5,False
H_AF_full_chainA,1,A,2,,SER,34.66,5,False
H_AF_full_chainA,2,A,3,,PRO,40.88,6,False
H_AF_full_chainA,3,A,4,,LYS,40.81,8,False
H_AF_full_chainA,4,A,5,,LYS,34.78,9,False
H_AF_full_chainA,5,A,6,,VAL,41.22,9,False
H_AF_full_chainA,6,A,7,,GLN,27.31,9,False
H_AF_full_chainA,7,A,8,,ILE,34.03,9,False
H_AF_full_chainA,8,A,9,,LYS,26.56,9,False
H_AF_full_chainA,9,A,10,,VAL,28.5,10,False
H_AF_full_chainA,10,A,11,,GLU,27.72,8,False
H_AF_full_chainA,11,A,12,,GLU,22.98,9,False
H_AF_full_chainA,12,A,13,,LYS,28.78,10,False
H_AF_full_chainA,13,A,14,,GLU,26.05,8,False
H_AF_full_chainA,14,A,15,,ASP,23.03,10,False
H_AF_full_chainA,15,A,16,,GLU,27.92,8,False
H_AF_full_chainA,16,A,17,,THR,21.53,8,False
H_AF_full_chainA,17,A,18,,GLU,25.88,10,False
H_AF_full_chainA,18,A,19,,GLU,24.14,8,False
H_AF_full_chainA,19,A,20,,SER,20.31,9,False
H_AF_full_chainA,20,A,21,,SER,23.09,9,False
H_AF_full_chainA,21,A,22,,SER,22.58,9,False
H_AF_full_chainA,22,A,23,,GLU,24.56,10,False
H_AF_full_chainA,23,A,24,,GLU,25.02,11,False
H_AF_full_chainA,24,A,25,,GLU,25.98,9,False
H_AF_full_chainA,25,A,26,,GLU,23.64,10,False
H_AF_full_chainA,26,A,27,,GLU,23.16,9,False
H_AF_full_chainA,27,A,28,,VAL,26.88,10,False
H_AF_full_chainA,28,A,29,,GLU,25.05,10,False
H_AF_full_chainA,29,A,30,,ASP,29.08,10,False
H_AF_full_chainA,30,A,31,,LYS,24.97,10,False
H_AF_full_chainA,31,A,32,,LEU,25.53,10,False
H_AF_full_chainA,32,A,33,,PRO,27.48,10,False
H_AF_full_chainA,33,A,34,,ARG,24.83,10,False
H_AF_full_chainA,34,A,35,,ARG,25.0,10,False
H_AF_full_chainA,35,A,36,,GLU,26.84,10,False
H_AF_full_chainA,36,A,37,,SER,29.58,10,False
H_AF_full_chainA,37,A,38,,LEU,31.5,10,False
H_AF_full_chainA,38,A,39,,ARG,27.89,14,False
H_AF_full_chainA,39,A,40,,PRO,30.31,18,False
H_AF_full_chainA,40,A,41,,LYS,26.62,13,False
H_AF_full_chainA,41,A,42,,ARG,28.25,18,False
H_AF_full_chainA,42,A,43,,LYS,29.45,14,False
H_AF_full_chainA,43,A,44,,ARG,25.72,14,False
H_AF_full_chainA,44,A,45,,THR,27.8,11,False
H_AF_full_chainA,45,A,46,,ARG,30.27,10,False
H_AF_full_chainA,46,A,47,,ASP,32.5,14,False
H_AF_full_chainA,47,A,48,,VAL,37.09,13,False
H_AF_full_chainA,48,A,49,,ILE,35.53,13,False
H_AF_full_chainA,49,A,50,,ASN,37.19,11,False
H_AF_full_chainA,50,A,51,,GLU,47.22,10,False
H_AF_full_chainA,51,A,52,,ASP,43.12,10,False
H_AF_full_chainA,52,A,53,,ASP,40.28,11,False
H_AF_full_chainA,53,A,54,,PRO,40.84,12,False
H_AF_full_chainA,54,A,55,,GLU,38.97,12,False
H_AF_full_chainA,55,A,56,,PRO,47.22,16,False
H_AF_full_chainA,56,A,57,,GLU,50.5,13,False
H_AF_full_chainA,57,A,58,,PRO,47.09,14,False
H_AF_full_chainA,58,A,59,,GLU,62.56,14,False
H_AF_full_chainA,59,A,60,,ASP,70.56,13,False
H_AF_full_chainA,60,A,61,,GLU,66.81,14,False
H_AF_full_chainA,61,A,62,,GLU,69.56,14,False
H_AF_full_chainA,62,A,63,,THR,69.62,16,False
H_AF_full_chainA,63,A,64,,ARG,67.56,17,False
H_AF_full_chainA,64,A,65,,LYS,73.0,16,False
H_AF_full_chainA,65,A,66,,ALA,71.94,17,False
H_AF_full_chainA,66,A,67,,ARG,68.56,18,False
H_AF_full_chainA,67,A,68,,GLU,66.88,18,False
H_AF_full_chainA,68,A,69,,LYS,70.94,18,False
H_AF_full_chainA,69,A,70,,GLU,64.25,18,False
H_AF_full_chainA,70,A,71,,ARG,64.69,22,False
H_AF_full_chainA,71,A,72,,ARG,62.72,18,False
H_AF_full_chainA,72,A,73,,ARG,59.22,17,False
H_AF_full_chainA,73,A,74,,ARG,55.53,21,False
H_AF_full_chainA,74,A,75,,LEU,52.25,22,False
H_AF_full_chainA,75,A,76,,LYS,49.44,18,False
H_AF_full_chainA,76,A,77,,ARG,44.44,17,False
H_AF_full_chainA,77,A,78,,GLY,34.47,20,False
H_AF_full_chainA,78,A,79,,ALA,39.06,20,False
H_AF_full_chainA,79,A,80,,GLU,31.69,18,False
H_AF_full_chainA,80,A,81,,GLU,39.56,24,False
H_AF_full_chainA,81,A,82,,GLU,42.97,23,False
H_AF_full_chainA,82,A,83,,GLU,44.47,25,False
H_AF_full_chainA,83,A,84,,ILE,55.72,26,False
H_AF_full_chainA,84,A,85,,ASP,64.12,19,False
H_AF_full_chainA,85,A,86,,GLU,68.94,20,False
H_AF_full_chainA,86,A,87,,GLU,74.5,18,False
H_AF_full_chainA,87,A,88,,GLU,72.5,24,False
H_AF_full_chainA,88,A,89,,LEU,69.81,31,False
H_AF_full_chainA,89,A,90,,GLU,74.75,24,False
H_AF_full_chainA,90,A,91,,ARG,79.75,27,False
H_AF_full_chainA,91,A,92,,LEU,78.25,34,False
H_AF_full_chainA,92,A,93,,LYS,75.88,34,False
H_AF_full_chainA,93,A,94,,ALA,80.75,31,False
H_AF_full_chainA,94,A,95,,GLU,83.38,33,False
H_AF_full_chainA,95,A,96,,LEU,79.38,37,False
H_AF_full_chainA,96,A,97,,ASP,80.69,33,False
H_AF_full_chainA,97,A,98,,GLU,84.94,33,False
H_AF_full_chainA,98,A,99,,LYS,86.38,38,False
H_AF_full_chainA,99,A,100,,ARG,83.94,38,False
H_AF_full_chainA,100,A,101,,GLN,84.56,30,False
H_AF_full_chainA,101,A,102,,ILE,86.12,33,False
H_AF_full_chainA,102,A,103,,ILE,85.19,36,False
H_AF_full_chainA,103,A,104,,ALA,82.19,29,False
H_AF_full_chainA,104,A,105,,THR,86.75,28,False
H_AF_full_chainA,105,A,106,,VAL,86.38,29,False
H_AF_full_chainA,106,A,107,,LYS,79.5,28,False
H_AF_full_chainA,107,A,108,,CYS,80.44,21,False
H_AF_full_chainA,108,A,109,,LYS,84.5,23,False
H_AF_full_chainA,109,A,110,,PRO,85.38,18,False
H_AF_full_chainA,110,A,111,,TRP,84.25,19,False
H_AF_full_chainA,111,A,112,,LYS,86.19,18,False
H_AF_full_chainA,112,A,113,,MET,81.81,23,False
H_AF_full_chainA,113,A,114,,GLU,84.94,20,False
H_AF_full_chainA,114,A,115,,LYS,88.62,22,False
H_AF_full_chainA,115,A,116,,LYS,88.69,27,False
H_AF_full_chainA,116,A,117,,ILE,87.19,28,False
H_AF_full_chainA,117,A,118,,GLU,89.94,27,False
H_AF_full_chainA,118,A,119,,VAL,89.88,33,False
H_AF_full_chainA,119,A,120,,LEU,88.12,34,False
H_AF_full_chainA,120,A,121,,LYS,89.0,30,False
H_AF_full_chainA,121,A,122,,GLU,90.0,31,False
H_AF_full_chainA,122,A,123,,ALA,86.56,35,False
H_AF_full_chainA,123,A,124,,LYS,85.5,37,False
H_AF_full_chainA,124,A,125,,LYS,83.75,29,False
H_AF_full_chainA,125,A,126,,PHE,81.62,33,False
H_AF_full_chainA,126,A,127,,VAL,79.12,40,False
H_AF_full_chainA,127,A,128,,SER,74.56,40,False
H_AF_full_chainA,128,A,129,,GLU,75.88,35,False
H_AF_full_chainA,129,A,130,,ASN,71.81,38,False
H_AF_full_chainA,130,A,131,,GLU,65.75,45,False
H_AF_full_chainA,131,A,132,,GLY,61.28,42,False
H_AF_full_chainA,132,A,133,,ALA,60.28,42,False
H_AF_full_chainA,133,A,134,,LEU,54.78,41,False
H_AF_full_chainA,134,A,135,,GLY,52.38,36,False
H_AF_full_chainA,135,A,136,,LYS,48.38,31,False
H_AF_full_chainA,136,A,137,,GLY,61.34,24,False
H_AF_full_chainA,137,A,138,,LYS,50.84,20,False
H_AF_full_chainA,138,A,139,,GLY,57.91,22,False
H_AF_full_chainA,139,A,140,,LYS,56.06,29,False
H_AF_full_chainA,140,A,141,,ARG,61.34,22,False
H_AF_full_chainA,141,A,142,,TRP,62.38,21,False
H_AF_full_chainA,142,A,143,,PHE,68.06,28,False
H_AF_full_chainA,143,A,144,,ALA,69.31,29,False
H_AF_full_chainA,144,A,145,,PHE,74.56,27,False
H_AF_full_chainA,145,A,146,,LYS,76.56,26,False
H_AF_full_chainA,146,A,147,,MET,72.62,30,False
H_AF_full_chainA,147,A,148,,MET,78.31,28,False
H_AF_full_chainA,148,A,149,,MET,79.94,23,False
H_AF_full_chainA,149,A,150,,ALA,82.06,22,False
H_AF_full_chainA,150,A,151,,LYS,83.62,25,False
H_AF_full_chainA,151,A,152,,LYS,84.56,22,False
H_AF_full_chainA,152,A,153,,TRP,87.44,20,False
H_AF_full_chainA,153,A,154,,ALA,87.56,18,False
H_AF_full_chainA,154,A,155,,LYS,88.25,19,False
H_AF_full_chainA,155,A,156,,PHE,92.06,20,False
H_AF_full_chainA,156,A,157,,LEU,91.12,19,False
H_AF_full_chainA,157,A,158,,ARG,86.62,18,False
H_AF_full_chainA,158,A,159,,ASP,88.31,19,False
H_AF_full_chainA,159,A,160,,PHE,87.81,18,False
H_AF_full_chainA,160,A,161,,GLU,84.75,18,False
H_AF_full_chainA,161,A,162,,ASN,85.0,20,False
H_AF_full_chainA,162,A,163,,PHE,83.81,19,False
H_AF_full_chainA,163,A,164,,LYS,79.75,17,False
H_AF_full_chainA,164,A,165,,ALA,78.12,21,False
H_AF_full_chainA,165,A,166,,ALA,79.5,21,False
H_AF_full_chainA,166,A,167,,CYS,82.88,22,False
H_AF_full_chainA,167,A,168,,VAL,83.75,30,False
H_AF_full_chainA,168,A,169,,PRO,85.81,41,False
H_AF_full_chainA,169,A,170,,TRP,90.62,44,False
H_AF_full_chainA,170,A,171,,GLU,89.0,39,False
H_AF_full_chainA,171,A,172,,ASN,86.12,39,False
H_AF_full_chainA,172,A,173,,LYS,88.94,48,False
H_AF_full_chainA,173,A,174,,ILE,89.12,53,False
H_AF_full_chainA,174,A,175,,LYS,86.25,48,False
H_AF_full_chainA,175,A,176,,ALA,86.0,50,False
H_AF_full_chainA,176,A,177,,ILE,87.19,57,False
H_AF_full_chainA,177,A,178,,GLU,85.44,59,False
H_AF_full_chainA,178,A,179,,SER,81.06,51,False
H_AF_full_chainA,179,A,180,,GLN,81.69,50,False
H_AF_full_chainA,180,A,181,,PHE,81.56,57,False
H_AF_full_chainA,181,A,182,,GLY,79.62,58,False
H_AF_full_chainA,182,A,183,,SER,79.38,61,False
H_AF_full_chainA,183,A,184,,SER,75.5,66,False
H_AF_full_chainA,184,A,185,,VAL,84.0,71,False
H_AF_full_chainA,185,A,186,,ALA,86.25,67,False
H_AF_full_chainA,186,A,187,,SER,84.06,65,False
H_AF_full_chainA,187,A,188,,TYR,88.81,75,False
H_AF_full_chainA,188,A,189,,PHE,92.44,65,False
H_AF_full_chainA,189,A,190,,LEU,90.12,62,False
H_AF_full_chainA,190,A,191,,PHE,91.81,75,False
H_AF_full_chainA,191,A,192,,LEU,93.12,72,False
H_AF_full_chainA,192,A,193,,ARG,94.06,64,False
H_AF_full_chainA,193,A,194,,TRP,92.94,61,False
H_AF_full_chainA,194,A,195,,MET,93.75,72,False
H_AF_full_chainA,195,A,196,,TYR,95.44,62,False
H_AF_full_chainA,196,A,197,,GLY,93.75,53,False
H_AF_full_chainA,197,A,198,,VAL,94.25,63,False
H_AF_full_chainA,198,A,199,,ASN,95.75,64,False
H_AF_full_chainA,199,A,200,,MET,95.5,48,False
H_AF_full_chainA,200,A,201,,VAL,95.56,49,False
H_AF_full_chainA,201,A,202,,LEU,95.19,61,False
H_AF_full_chainA,202,A,203,,PHE,96.38,59,False
H_AF_full_chainA,203,A,204,,ILE,96.25,47,False
H_AF_full_chainA,204,A,205,,LEU,94.38,52,False
H_AF_full_chainA,205,A,206,,THR,94.38,62,False
H_AF_full_chainA,206,A,207,,PHE,94.75,53,False
H_AF_full_chainA,207,A,208,,SER,93.44,44,False
H_AF_full_chainA,208,A,209,,LEU,92.81,54,False
H_AF_full_chainA,209,A,210,,ILE,93.31,62,False
H_AF_full_chainA,210,A,211,,MET,92.0,62,False
H_AF_full_chainA,211,A,212,,LEU,91.69,48,False
H_AF_full_chainA,212,A,213,,PRO,91.06,49,False
H_AF_full_chainA,213,A,214,,GLU,88.88,58,False
H_AF_full_chainA,214,A,215,,TYR,88.19,52,False
H_AF_full_chainA,215,A,216,,LEU,89.06,32,False
H_AF_full_chainA,216,A,217,,TRP,85.44,38,False
H_AF_full_chainA,217,A,218,,GLY,83.12,50,False
H_AF_full_chainA,218,A,219,,LEU,84.38,45,False
H_AF_full_chainA,219,A,220,,PRO,82.44,34,False
H_AF_full_chainA,220,A,221,,TYR,81.31,41,False
H_AF_full_chainA,221,A,222,,GLY,79.31,38,False
H_AF_full_chainA,222,A,223,,SER,82.38,40,False
H_AF_full_chainA,223,A,224,,LEU,82.81,45,False
H_AF_full_chainA,224,A,225,,PRO,82.88,55,False
H_AF_full_chainA,225,A,226,,ARG,85.88,62,False
H_AF_full_chainA,226,A,227,,LYS,85.81,58,False
H_AF_full_chainA,227,A,228,,THR,85.19,52,False
H_AF_full_chainA,228,A,229,,VAL,85.75,50,False
H_AF_full_chainA,229,A,230,,PRO,84.25,41,False
H_AF_full_chainA,230,A,231,,ARG,80.94,31,False
H_AF_full_chainA,231,A,232,,ALA,78.38,28,False
H_AF_full_chainA,232,A,233,,GLU,82.0,39,False
H_AF_full_chainA,233,A,234,,GLU,79.44,35,False
H_AF_full_chainA,234,A,235,,ALA,81.44,23,False
H_AF_full_chainA,235,A,236,,SER,82.38,27,False
H_AF_full_chainA,236,A,237,,ALA,78.88,30,False
H_AF_full_chainA,237,A,238,,ALA,82.62,25,False
H_AF_full_chainA,238,A,239,,ASN,86.5,24,False
H_AF_full_chainA,239,A,240,,PHE,80.25,21,False
H_AF_full_chainA,240,A,241,,GLY,79.25,31,False
H_AF_full_chainA,241,A,242,,VAL,80.81,36,False
H_AF_full_chainA,242,A,243,,LEU,82.06,36,False
H_AF_full_chainA,243,A,244,,TYR,80.0,40,False
H_AF_full_chainA,244,A,245,,ASP,78.25,49,False
H_AF_full_chainA,245,A,246,,PHE,83.0,55,False
H_AF_full_chainA,246,A,247,,ASN,82.88,54,False
H_AF_full_chainA,247,A,248,,GLY,83.12,49,False
H_AF_full_chainA,248,A,249,,LEU,83.62,47,False
H_AF_full_chainA,249,A,250,,ALA,84.75,57,False
H_AF_full_chainA,250,A,251,,GLN,85.25,65,False
H_AF_full_chainA,251,A,252,,TYR,86.12,70,False
H_AF_full_chainA,252,A,253,,SER,88.69,65,False
H_AF_full_chainA,253,A,254,,VAL,89.44,70,False
H_AF_full_chainA,254,A,255,,LEU,89.62,74,False
H_AF_full_chainA,255,A,256,,PHE,93.5,80,False
H_AF_full_chainA,256,A,257,,TYR,92.31,83,False
H_AF_full_chainA,257,A,258,,GLY,90.06,78,False
H_AF_full_chainA,258,A,259,,TYR,90.0,75,False
H_AF_full_chainA,259,A,260,,TYR,91.25,78,False
H_AF_full_chainA,260,A,261,,ASP,87.88,66,False
H_AF_full_chainA,261,A,262,,ASN,87.12,61,False
H_AF_full_chainA,262,A,263,,LYS,85.62,52,False
H_AF_full_chainA,263,A,264,,ARG,82.19,47,False
H_AF_full_chainA,264,A,265,,THR,83.94,41,False
H_AF_full_chainA,265,A,266,,ILE,82.0,41,False
H_AF_full_chainA,266,A,267,,GLY,80.12,29,False
H_AF_full_chainA,267,A,268,,TRP,80.06,19,False
H_AF_full_chainA,268,A,269,,MET,76.69,24,False
H_AF_full_chainA,269,A,270,,ASN,83.81,29,False
H_AF_full_chainA,270,A,271,,PHE,86.69,41,False
H_AF_full_chainA,271,A,272,,ARG,88.81,52,False
H_AF_full_chainA,272,A,273,,LEU,89.12,64,False
H_AF_full_chainA,273,A,274,,PRO,91.0,71,False
H_AF_full_chainA,274,A,275,,LEU,89.31,62,False
H_AF_full_chainA,275,A,276,,SER,91.75,63,False
H_AF_full_chainA,276,A,277,,TYR,92.5,76,False
H_AF_full_chainA,277,A,278,,PHE,91.56,78,False
H_AF_full_chainA,278,A,279,,LEU,90.0,60,False
H_AF_full_chainA,279,A,280,,VAL,92.12,65,False
H_AF_full_chainA,280,A,281,,GLY,90.44,76,False
H_AF_full_chainA,281,A,282,,ILE,88.75,68,False
H_AF_full_chainA,282,A,283,,MET,89.12,60,False
H_AF_full_chainA,283,A,284,,CYS,91.25,67,False
H_AF_full_chainA,284,A,285,,ILE,89.75,71,False
H_AF_full_chainA,285,A,286,,GLY,88.06,62,False
H_AF_full_chainA,286,A,287,,TYR,91.12,59,False
H_AF_full_chainA,287,A,288,,SER,92.0,72,False
H_AF_full_chainA,288,A,289,,PHE,90.88,65,False
H_AF_full_chainA,289,A,290,,LEU,88.44,54,False
H_AF_full_chainA,290,A,291,,VAL,90.06,61,False
H_AF_full_chainA,291,A,292,,VAL,90.06,64,False
H_AF_full_chainA,292,A,293,,LEU,85.31,53,False
H_AF_full_chainA,293,A,294,,LYS,84.06,51,False
H_AF_full_chainA,294,A,295,,ALA,84.81,56,False
H_AF_full_chainA,295,A,296,,MET,81.44,55,False
H_AF_full_chainA,296,A,297,,THR,74.69,46,False
H_AF_full_chainA,297,A,298,,LYS,74.94,45,False
H_AF_full_chainA,298,A,299,,ASN,71.12,46,False
H_AF_full_chainA,299,A,300,,ILE,67.06,42,False
H_AF_full_chainA,300,A,301,,GLY,57.22,41,False
H_AF_full_chainA,301,A,302,,ASP,57.31,40,False
H_AF_full_chainA,302,A,303,,ASP,50.78,38,False
H_AF_full_chainA,303,A,304,,GLY,44.28,35,False
H_AF_full_chainA,304,A,305,,GLY,43.12,32,False
H_AF_full_chainA,305,A,306,,GLY,45.28,29,False
H_AF_full_chainA,306,A,307,,ASP,46.69,20,False
H_AF_full_chainA,307,A,308,,ASP,53.44,29,False
H_AF_full_chainA,308,A,309,,ASN,57.19,32,False
H_AF_full_chainA,309,A,310,,THR,63.91,19,False
H_AF_full_chainA,310,A,311,,PHE,72.88,21,False
H_AF_full_chainA,311,A,312,,ASN,75.94,33,False
H_AF_full_chainA,312,A,313,,PHE,86.75,30,False
H_AF_full_chainA,313,A,314,,SER,86.62,23,False
H_AF_full_chainA,314,A,315,,TRP,82.81,26,False
H_AF_full_chainA,315,A,316,,LYS,85.0,35,False
H_AF_full_chainA,316,A,317,,VAL,87.62,28,False
H_AF_full_chainA,317,A,318,,PHE,86.06,23,False
H_AF_full_chainA,318,A,319,,THR,83.62,25,False
H_AF_full_chainA,319,A,320,,SER,84.69,35,False
H_AF_full_chainA,320,A,321,,TRP,88.56,31,False
H_AF_full_chainA,321,A,322,,ASP,83.25,26,False
H_AF_full_chainA,322,A,323,,TYR,84.25,24,False
H_AF_full_chainA,323,A,324,,LEU,83.81,23,False
H_AF_full_chainA,324,A,325,,ILE,81.44,21,False
H_AF_full_chainA,325,A,326,,GLY,82.25,17,False
H_AF_full_chainA,326,A,327,,ASN,87.62,17,False
H_AF_full_chainA,327,A,328,,PRO,88.56,18,False
H_AF_full_chainA,328,A,329,,GLU,83.12,25,False
H_AF_full_chainA,329,A,330,,THR,84.19,28,False
H_AF_full_chainA,330,A,331,,ALA,86.56,26,False
H_AF_full_chainA,331,A,332,,ASP,87.19,29,False
H_AF_full_chainA,332,A,333,,ASN,84.44,37,False
H_AF_full_chainA,333,A,334,,LYS,85.88,40,False
H_AF_full_chainA,334,A,335,,PHE,88.62,37,False
H_AF_full_chainA,335,A,336,,ASN,86.44,40,False
H_AF_full_chainA,336,A,337,,SER,84.62,49,False
H_AF_full_chainA,337,A,338,,ILE,87.12,45,False
H_AF_full_chainA,338,A,339,,THR,87.44,44,False
H_AF_full_chainA,339,A,340,,MET,82.75,48,False
H_AF_full_chainA,340,A,341,,ASN,81.94,54,False
H_AF_full_chainA,341,A,342,,PHE,86.12,46,False
H_AF_full_chainA,342,A,343,,LYS,83.88,42,False
H_AF_full_chainA,343,A,344,,GLU,77.31,51,False
H_AF_full_chainA,344,A,345,,ALA,79.56,47,False
H_AF_full_chainA,345,A,346,,ILE,84.31,38,False
H_AF_full_chainA,346,A,347,,THR,79.69,35,False
H_AF_full_chainA,347,A,348,,GLU,75.19,45,False
H_AF_full_chainA,348,A,349,,GLU,77.25,33,False
H_AF_full_chainA,349,A,350,,LYS,80.56,28,False
H_AF_full_chainA,350,A,351,,ALA,71.75,31,False
H_AF_full_chainA,351,A,352,,ALA,71.38,29,False
H_AF_full_chainA,352,A,353,,GLN,71.38,20,False
H_AF_full_chainA,353,A,354,,VAL,72.88,23,False
H_AF_full_chainA,354,A,355,,GLU,58.47,19,False
H_AF_full_chainA,355,A,356,,GLU,67.19,23,False
H_AF_full_chainA,356,A,357,,ASN,75.56,20,False
H_AF_full_chainA,357,A,358,,VAL,79.12,19,False
H_AF_full_chainA,358,A,359,,HIS,82.56,17,False
H_AF_full_chainA,359,A,360,,LEU,84.06,22,False
H_AF_full_chainA,360,A,361,,ILE,82.81,28,False
H_AF_full_chainA,361,A,362,,ARG,86.12,25,False
H_AF_full_chainA,362,A,363,,PHE,89.44,23,False
H_AF_full_chainA,363,A,364,,LEU,88.06,29,False
H_AF_full_chainA,364,A,365,,ARG,89.5,38,False
H_AF_full_chainA,365,A,366,,PHE,89.69,30,False
H_AF_full_chainA,366,A,367,,LEU,90.56,29,False
H_AF_full_chainA,367,A,368,,ALA,89.25,40,False
H_AF_full_chainA,368,A,369,,ASN,89.06,43,False
H_AF_full_chainA,369,A,370,,PHE,90.88,31,False
H_AF_full_chainA,370,A,371,,PHE,90.69,37,False
H_AF_full_chainA,371,A,372,,VAL,87.88,49,False
H_AF_full_chainA,372,A,373,,PHE,87.75,40,False
H_AF_full_chainA,373,A,374,,LEU,90.06,34,False
H_AF_full_chainA,374,A,375,,THR,88.38,47,False
H_AF_full_chainA,375,A,376,,LEU,85.31,50,False
H_AF_full_chainA,376,A,377,,GLY,84.06,37,False
H_AF_full_chainA,377,A,378,,GLY,87.44,38,False
H_AF_full_chainA,378,A,379,,SER,84.62,48,False
H_AF_full_chainA,379,A,380,,GLY,79.62,46,False
H_AF_full_chainA,380,A,381,,TYR,84.12,38,False
H_AF_full_chainA,381,A,382,,LEU,84.25,42,False
H_AF_full_chainA,382,A,383,,ILE,78.12,47,False
H_AF_full_chainA,383,A,384,,PHE,76.94,43,False
H_AF_full_chainA,384,A,385,,TRP,83.19,40,False
H_AF_full_chainA,385,A,386,,ALA,78.88,44,False
H_AF_full_chainA,386,A,387,,VAL,73.62,48,False
H_AF_full_chainA,387,A,388,,LYS,76.81,39,False
H_AF_full_chainA,388,A,389,,ARG,80.88,38,False
H_AF_full_chainA,389,A,390,,SER,75.5,45,False
H_AF_full_chainA,390,A,391,,GLN,71.25,42,False
H_AF_full_chainA,391,A,392,,GLU,75.38,31,False
H_AF_full_chainA,392,A,393,,PHE,72.88,32,False
H_AF_full_chainA,393,A,394,,ALA,65.06,43,False
H_AF_full_chainA,394,A,395,,GLN,67.38,30,False
H_AF_full_chainA,395,A,396,,GLN,69.75,24,False
H_AF_full_chainA,396,A,397,,ASP,64.88,17,False
H_AF_full_chainA,397,A,398,,PRO,63.16,28,False
H_AF_full_chainA,398,A,399,,ASP,66.31,23,False
H_AF_full_chainA,399,A,400,,THR,71.88,19,False
H_AF_full_chainA,400,A,401,,LEU,72.38,23,False
H_AF_full_chainA,401,A,402,,GLY,77.0,25,False
H_AF_full_chainA,402,A,403,,TRP,75.62,28,False
H_AF_full_chainA,403,A,404,,TRP,74.0,31,False
H_AF_full_chainA,404,A,405,,GLU,76.38,31,False
H_AF_full_chainA,405,A,406,,LYS,70.44,46,False
H_AF_full_chainA,406,A,407,,ASN,74.44,50,False
H_AF_full_chainA,407,A,408,,GLU,77.0,45,False
H_AF_full_chainA,408,A,409,,MET,74.56,55,False
H_AF_full_chainA,409,A,410,,ASN,72.19,63,False
H_AF_full_chainA,410,A,411,,MET,73.31,50,False
H_AF_full_chainA,411,A,412,,VAL,79.31,49,False
H_AF_full_chainA,412,A,413,,MET,75.94,67,False
H_AF_full_chainA,413,A,414,,SER,73.31,62,True
H_AF_full_chainA,414,A,415,,LEU,79.25,51,False
H_AF_full_chainA,415,A,416,,LEU,82.06,57,False
H_AF_full_chainA,416,A,417,,GLY,75.88,69,True
H_AF_full_chainA,417,A,418,,MET,76.5,57,True
H_AF_full_chainA,418,A,419,,PHE,82.56,49,False
H_AF_full_chainA,419,A,420,,CYS,84.44,54,False
H_AF_full_chainA,420,A,421,,PRO,81.75,62,False
H_AF_full_chainA,421,A,422,,THR,82.44,51,False
H_AF_full_chainA,422,A,423,,LEU,85.75,46,False
H_AF_full_chainA,423,A,424,,PHE,87.12,53,False
H_AF_full_chainA,424,A,425,,ASP,81.94,57,False
H_AF_full_chainA,425,A,426,,LEU,84.19,43,False
H_AF_full_chainA,426,A,427,,PHE,86.69,44,False
H_AF_full_chainA,427,A,428,,ALA,81.5,50,False
H_AF_full_chainA,428,A,429,,GLU,79.94,42,False
H_AF_full_chainA,429,A,430,,LEU,83.0,38,False
H_AF_full_chainA,430,A,431,,GLU,82.19,45,False
H_AF_full_chainA,431,A,432,,ASP,76.38,43,False
H_AF_full_chainA,432,A,433,,TYR,76.31,46,False
H_AF_full_chainA,433,A,434,,HIS,73.44,42,False
H_AF_full_chainA,434,A,435,,PRO,67.31,49,False
H_AF_full_chainA,435,A,436,,LEU,70.0,47,False
H_AF_full_chainA,436,A,437,,ILE,77.94,43,False
H_AF_full_chainA,437,A,438,,ALA,79.69,51,False
H_AF_full_chainA,438,A,439,,LEU,76.81,60,False
H_AF_full_chainA,439,A,440,,LYS,82.69,52,False
H_AF_full_chainA,440,A,441,,TRP,84.19,49,False
H_AF_full_chainA,441,A,442,,LEU,84.19,58,False
H_AF_full_chainA,442,A,443,,LEU,82.69,64,False
H_AF_full_chainA,443,A,444,,GLY,84.12,56,False
H_AF_full_chainA,444,A,445,,ARG,86.69,63,False
H_AF_full_chainA,445,A,446,,ILE,84.44,66,False
H_AF_full_chainA,446,A,447,,PHE,84.88,67,False
H_AF_full_chainA,447,A,448,,ALA,83.31,62,False
H_AF_full_chainA,448,A,449,,LEU,82.88,61,True
H_AF_full_chainA,449,A,450,,LEU,79.12,73,True
H_AF_full_chainA,450,A,451,,LEU,81.0,63,False
H_AF_full_chainA,451,A,452,,GLY,77.88,60,False
H_AF_full_chainA,452,A,453,,ASN,75.81,65,True
H_AF_full_chainA,453,A,454,,LEU,77.44,71,True
H_AF_full_chainA,454,A,455,,TYR,77.06,62,False
H_AF_full_chainA,455,A,456,,VAL,76.44,57,False
H_AF_full_chainA,456,A,457,,PHE,75.12,70,False
H_AF_full_chainA,457,A,458,,ILE,79.81,68,False
H_AF_full_chainA,458,A,459,,LEU,78.81,52,False
H_AF_full_chainA,459,A,460,,ALA,75.75,55,False
H_AF_full_chainA,460,A,461,,LEU,80.75,64,False
H_AF_full_chainA,461,A,462,,MET,84.44,52,False
H_AF_full_chainA,462,A,463,,ASP,81.75,44,False
H_AF_full_chainA,463,A,464,,GLU,79.94,50,False
H_AF_full_chainA,464,A,465,,ILE,86.62,55,False
H_AF_full_chainA,465,A,466,,ASN,87.62,40,False
H_AF_full_chainA,466,A,467,,ASN,86.56,40,False
H_AF_full_chainA,467,A,468,,LYS,85.88,44,False
H_AF_full_chainA,468,A,469,,ILE,88.69,44,False
H_AF_full_chainA,469,A,470,,GLU,88.5,32,False
H_AF_full_chainA,470,A,471,,GLU,87.62,35,False
H_AF_full_chainA,471,A,472,,GLU,88.06,41,False
H_AF_full_chainA,472,A,473,,LYS,88.5,35,False
H_AF_full_chainA,473,A,474,,LEU,89.38,27,False
H_AF_full_chainA,474,A,475,,VAL,87.81,33,False
H_AF_full_chainA,475,A,476,,LYS,86.62,36,False
H_AF_full_chainA,476,A,477,,ALA,87.62,27,False
H_AF_full_chainA,477,A,478,,ASN,89.56,26,False
H_AF_full_chainA,478,A,479,,ILE,87.12,36,False
H_AF_full_chainA,479,A,480,,THR,86.19,27,False
H_AF_full_chainA,480,A,481,,LEU,89.44,22,False
H_AF_full_chainA,481,A,482,,TRP,87.5,30,False
H_AF_full_chainA,482,A,483,,GLU,82.25,31,False
H_AF_full_chainA,483,A,484,,ALA,85.56,24,False
H_AF_full_chainA,484,A,485,,ASN,87.06,24,False
H_AF_full_chainA,485,A,486,,MET,82.44,28,False
H_AF_full_chainA,486,A,487,,ILE,81.88,29,False
H_AF_full_chainA,487,A,488,,LYS,84.5,22,False
H_AF_full_chainA,488,A,489,,ALA,81.12,24,False
H_AF_full_chainA,489,A,490,,TYR,79.12,25,False
H_AF_full_chainA,490,A,491,,ASN,79.06,23,False
H_AF_full_chainA,491,A,492,,ALA,78.31,20,False
H_AF_full_chainA,492,A,493,,SER,76.19,21,False
H_AF_full_chainA,493,A,494,,PHE,68.38,19,False
H_AF_full_chainA,494,A,495,,SER,65.5,16,False
H_AF_full_chainA,495,A,496,,GLU,65.88,16,False
H_AF_full_chainA,496,A,497,,ASN,64.81,12,False
H_AF_full_chainA,497,A,498,,SER,65.06,14,False
H_AF_full_chainA,498,A,499,,THR,66.69,15,False
H_AF_full_chainA,499,A,500,,GLY,63.44,19,False
H_AF_full_chainA,500,A,501,,PRO,66.62,19,False
H_AF_full_chainA,501,A,502,,PRO,68.12,23,False
H_AF_full_chainA,502,A,503,,PHE,72.06,27,False
H_AF_full_chainA,503,A,504,,PHE,75.75,28,False
H_AF_full_chainA,504,A,505,,VAL,80.5,35,False
H_AF_full_chainA,505,A,506,,HIS,82.44,32,False
H_AF_full_chainA,506,A,507,,PRO,82.38,38,False
H_AF_full_chainA,507,A,508,,ALA,83.56,38,False
H_AF_full_chainA,508,A,509,,ASP,84.5,36,False
H_AF_full_chainA,509,A,510,,VAL,84.44,43,False
H_AF_full_chainA,510,A,511,,PRO,83.81,46,False
H_AF_full_chainA,511,A,512,,ARG,83.94,59,False
H_AF_full_chainA,512,A,513,,GLY,84.5,59,False
H_AF_full_chainA,513,A,514,,PRO,85.62,61,False
H_AF_full_chainA,514,A,515,,CYS,88.75,74,False
H_AF_full_chainA,515,A,516,,TRP,91.12,71,False
H_AF_full_chainA,516,A,517,,GLU,92.19,83,False
H_AF_full_chainA,517,A,518,,THR,91.25,74,False
H_AF_full_chainA,518,A,519,,MET,87.69,74,False
H_AF_full_chainA,519,A,520,,VAL,89.44,72,False
H_AF_full_chainA,520,A,521,,GLY,91.56,75,False
H_AF_full_chainA,521,A,522,,GLN,89.56,65,False
H_AF_full_chainA,522,A,523,,GLU,85.44,76,False
H_AF_full_chainA,523,A,524,,PHE,88.94,73,False
H_AF_full_chainA,524,A,525,,VAL,90.31,66,False
H_AF_full_chainA,525,A,526,,ARG,85.94,65,False
H_AF_full_chainA,526,A,527,,LEU,83.62,71,False
H_AF_full_chainA,527,A,528,,THR,85.56,68,False
H_AF_full_chainA,528,A,529,,VAL,87.25,58,False
H_AF_full_chainA,529,A,530,,SER,82.19,56,False
H_AF_full_chainA,530,A,531,,ASP,82.75,63,True
H_AF_full_chainA,531,A,532,,VAL,85.75,59,False
H_AF_full_chainA,532,A,533,,LEU,85.56,45,False
H_AF_full_chainA,533,A,534,,THR,81.75,46,True
H_AF_full_chainA,534,A,535,,THR,83.56,61,True
H_AF_full_chainA,535,A,536,,TYR,88.31,48,False
H_AF_full_chainA,536,A,537,,VAL,87.19,38,False
H_AF_full_chainA,537,A,538,,THR,83.75,49,False
H_AF_full_chainA,538,A,539,,ILE,87.25,51,True
H_AF_full_chainA,539,A,540,,LEU,88.25,37,False
H_AF_full_chainA,540,A,541,,ILE,85.44,37,False
H_AF_full_chainA,541,A,542,,GLY,80.88,46,False
H_AF_full_chainA,542,A,543,,ASP,84.62,49,False
H_AF_full_chainA,543,A,544,,PHE,87.62,39,False
H_AF_full_chainA,544,A,545,,LEU,86.31,38,False
H_AF_full_chainA,545,A,546,,ARG,84.12,39,False
H_AF_full_chainA,546,A,547,,ALA,85.12,42,False
H_AF_full_chainA,547,A,548,,CYS,85.75,36,False
H_AF_full_chainA,548,A,549,,PHE,84.12,35,False
H_AF_full_chainA,549,A,550,,VAL,82.56,35,False
H_AF_full_chainA,550,A,551,,ARG,82.38,34,False
H_AF_full_chainA,551,A,552,,PHE,83.19,27,False
H_AF_full_chainA,552,A,553,,CYS,79.12,25,False
H_AF_full_chainA,553,A,554,,ASN,74.06,25,False
H_AF_full_chainA,554,A,555,,TYR,71.19,22,False
H_AF_full_chainA,555,A,556,,CYS,74.38,18,False
H_AF_full_chainA,556,A,557,,TRP,66.5,20,False
H_AF_full_chainA,557,A,558,,CYS,70.25,18,False
H_AF_full_chainA,558,A,559,,TRP,68.31,19,False
H_AF_full_chainA,559,A,560,,ASP,66.88,23,False
H_AF_full_chainA,560,A,561,,LEU,71.38,29,False
H_AF_full_chainA,561,A,562,,GLU,71.69,35,False
H_AF_full_chainA,562,A,563,,TYR,63.62,28,False
H_AF_full_chainA,563,A,564,,GLY,64.44,26,False
H_AF_full_chainA,564,A,565,,TYR,64.56,31,False
H_AF_full_chainA,565,A,566,,PRO,62.25,36,False
H_AF_full_chainA,566,A,567,,SER,74.12,38,False
H_AF_full_chainA,567,A,568,,TYR,79.62,44,False
H_AF_full_chainA,568,A,569,,THR,79.69,54,False
H_AF_full_chainA,569,A,570,,GLU,80.06,57,False
H_AF_full_chainA,570,A,571,,PHE,82.25,66,False
H_AF_full_chainA,571,A,572,,ASP,77.5,74,False
H_AF_full_chainA,572,A,573,,ILE,81.62,75,False
H_AF_full_chainA,573,A,574,,SER,76.38,72,False
H_AF_full_chainA,574,A,575,,GLY,79.69,77,False
H_AF_full_chainA,575,A,576,,ASN,84.62,82,False
H_AF_full_chainA,576,A,577,,VAL,87.5,76,False
H_AF_full_chainA,577,A,578,,LEU,84.62,74,False
H_AF_full_chainA,578,A,579,,ALA,84.12,80,False
H_AF_full_chainA,579,A,580,,LEU,89.75,83,False
H_AF_full_chainA,580,A,581,,ILE,90.69,80,False
H_AF_full_chainA,581,A,582,,PHE,85.69,81,True
H_AF_full_chainA,582,A,583,,ASN,87.69,86,True
H_AF_full_chainA,583,A,584,,GLN,92.5,85,False
H_AF_full_chainA,584,A,585,,GLY,90.69,84,True
H_AF_full_chainA,585,A,586,,MET,88.38,82,False
H_AF_full_chainA,586,A,587,,ILE,92.81,88,False
H_AF_full_chainA,587,A,588,,TRP,92.44,86,False
H_AF_full_chainA,588,A,589,,MET,89.69,80,False
H_AF_full_chainA,589,A,590,,GLY,91.38,79,False
H_AF_full_chainA,590,A,591,,SER,92.62,87,False
H_AF_full_chainA,591,A,592,,PHE,92.94,85,False
H_AF_full_chainA,592,A,593,,PHE,93.0,90,False
H_AF_full_chainA,593,A,594,,ALA,93.94,81,False
H_AF_full_chainA,594,A,595,,PRO,93.62,81,False
H_AF_full_chainA,595,A,596,,SER,92.31,71,False
H_AF_full_chainA,596,A,597,,LEU,94.5,77,False
H_AF_full_chainA,597,A,598,,PRO,95.44,75,False
H_AF_full_chainA,598,A,599,,GLY,94.5,61,False
H_AF_full_chainA,599,A,600,,ILE,93.94,61,False
H_AF_full_chainA,600,A,601,,ASN,95.0,69,False
H_AF_full_chainA,601,A,602,,ILE,95.69,54,False
H_AF_full_chainA,602,A,603,,LEU,94.56,50,False
H_AF_full_chainA,603,A,604,,ARG,93.19,58,True
H_AF_full_chainA,604,A,605,,LEU,95.06,63,False
H_AF_full_chainA,605,A,606,,HIS,94.38,49,False
H_AF_full_chainA,606,A,607,,THR,93.25,49,False
H_AF_full_chainA,607,A,608,,SER,92.5,64,False
H_AF_full_chainA,608,A,609,,MET,93.38,58,False
H_AF_full_chainA,609,A,610,,TYR,92.94,49,False
H_AF_full_chainA,610,A,611,,PHE,92.06,51,False
H_AF_full_chainA,611,A,612,,GLN,91.81,68,False
H_AF_full_chainA,612,A,613,,CYS,91.12,58,False
H_AF_full_chainA,613,A,614,,TRP,91.5,53,False
H_AF_full_chainA,614,A,615,,ALA,89.88,56,False
H_AF_full_chainA,615,A,616,,VAL,89.44,62,False
H_AF_full_chainA,616,A,617,,MET,86.56,51,False
H_AF_full_chainA,617,A,618,,CYS,85.5,43,False
H_AF_full_chainA,618,A,619,,CYS,83.06,47,False
H_AF_full_chainA,619,A,620,,ASN,83.25,58,False
H_AF_full_chainA,620,A,621,,VAL,78.19,56,False
H_AF_full_chainA,621,A,622,,PRO,68.81,57,False
H_AF_full_chainA,622,A,623,,GLU,65.38,59,False
H_AF_full_chainA,623,A,624,,ALA,57.81,50,False
H_AF_full_chainA,624,A,625,,ARG,59.75,55,False
H_AF_full_chainA,625,A,626,,VAL,53.94,58,False
H_AF_full_chainA,626,A,627,,PHE,56.25,58,False
H_AF_full_chainA,627,A,628,,LYS,54.09,62,False
H_AF_full_chainA,628,A,629,,ALA,51.22,64,False
H_AF_full_chainA,629,A,630,,SER,49.28,48,False
H_AF_full_chainA,630,A,631,,ARG,55.06,50,False
H_AF_full_chainA,631,A,632,,SER,61.59,60,False
H_AF_full_chainA,632,A,633,,ASN,71.75,57,False
H_AF_full_chainA,633,A,634,,ASN,77.81,51,False
H_AF_full_chainA,634,A,635,,PHE,81.25,58,False
H_AF_full_chainA,635,A,636,,TYR,85.56,70,False
H_AF_full_chainA,636,A,637,,LEU,87.69,63,False
H_AF_full_chainA,637,A,638,,GLY,86.88,55,False
H_AF_full_chainA,638,A,639,,MET,87.81,61,False
H_AF_full_chainA,639,A,640,,LEU,91.56,67,False
H_AF_full_chainA,640,A,641,,LEU,90.62,59,False
H_AF_full_chainA,641,A,642,,LEU,89.06,55,False
H_AF_full_chainA,642,A,643,,ILE,90.31,60,False
H_AF_full_chainA,643,A,644,,LEU,91.44,65,False
H_AF_full_chainA,644,A,645,,PHE,89.19,58,False
H_AF_full_chainA,645,A,646,,LEU,86.5,48,False
H_AF_full_chainA,646,A,647,,SER,86.62,65,False
H_AF_full_chainA,647,A,648,,THR,87.56,63,False
H_AF_full_chainA,648,A,649,,MET,85.56,53,False
H_AF_full_chainA,649,A,650,,PRO,86.0,57,False
H_AF_full_chainA,650,A,651,,VAL,88.56,69,False
H_AF_full_chainA,651,A,652,,LEU,87.12,59,False
H_AF_full_chainA,652,A,653,,TYR,86.94,49,False
H_AF_full_chainA,653,A,654,,MET,86.69,64,False
H_AF_full_chainA,654,A,655,,ILE,86.56,68,False
H_AF_full_chainA,655,A,656,,VAL,85.62,44,False
H_AF_full_chainA,656,A,657,,SER,84.69,36,False
H_AF_full_chainA,657,A,658,,LEU,87.62,54,False
H_AF_full_chainA,658,A,659,,PRO,88.5,55,False
H_AF_full_chainA,659,A,660,,PRO,90.81,65,False
H_AF_full_chainA,660,A,661,,SER,89.75,62,False
H_AF_full_chainA,661,A,662,,PHE,86.81,54,False
H_AF_full_chainA,662,A,663,,ASP,83.62,61,False
H_AF_full_chainA,663,A,664,,CYS,87.75,73,False
H_AF_full_chainA,664,A,665,,GLY,90.81,77,False
H_AF_full_chainA,665,A,666,,PRO,90.25,75,False
H_AF_full_chainA,666,A,667,,PHE,91.62,61,False
H_AF_full_chainA,667,A,668,,SER,87.19,57,False
H_AF_full_chainA,668,A,669,,GLY,83.81,50,False
H_AF_full_chainA,669,A,670,,LYS,86.19,47,False
H_AF_full_chainA,670,A,671,,ASN,86.31,38,False
H_AF_full_chainA,671,A,672,,ARG,86.75,45,False
H_AF_full_chainA,672,A,673,,MET,87.38,63,False
H_AF_full_chainA,673,A,674,,PHE,83.88,59,False
H_AF_full_chainA,674,A,675,,GLU,83.62,56,False
H_AF_full_chainA,675,A,676,,VAL,85.0,55,False
H_AF_full_chainA,676,A,677,,ILE,82.38,58,False
H_AF_full_chainA,677,A,678,,GLY,77.62,48,False
H_AF_full_chainA,678,A,679,,GLU,79.31,47,False
H_AF_full_chainA,679,A,680,,THR,81.19,47,False
H_AF_full_chainA,680,A,681,,LEU,78.75,38,False
H_AF_full_chainA,681,A,682,,GLU,76.62,30,False
H_AF_full_chainA,682,A,683,,HIS,78.25,27,False
H_AF_full_chainA,683,A,684,,ASP,79.69,28,False
H_AF_full_chainA,684,A,685,,PHE,79.81,24,False
H_AF_full_chainA,685,A,686,,PRO,82.75,18,False
H_AF_full_chainA,686,A,687,,SER,76.38,20,False
H_AF_full_chainA,687,A,688,,TRP,80.44,19,False
H_AF_full_chainA,688,A,689,,MET,73.44,21,False
H_AF_full_chainA,689,A,690,,ALA,72.69,24,False
H_AF_full_chainA,690,A,691,,LYS,71.75,23,False
H_AF_full_chainA,691,A,692,,ILE,71.0,24,False
H_AF_full_chainA,692,A,693,,LEU,67.12,32,False
H_AF_full_chainA,693,A,694,,ARG,66.06,31,False
H_AF_full_chainA,694,A,695,,GLN,67.56,28,False
H_AF_full_chainA,695,A,696,,LEU,63.25,30,False
H_AF_full_chainA,696,A,697,,SER,61.5,39,False
H_AF_full_chainA,697,A,698,,ASN,64.12,33,False
H_AF_full_chainA,698,A,699,,PRO,53.16,41,False
H_AF_full_chainA,699,A,700,,GLY,58.66,50,False
H_AF_full_chainA,700,A,701,,LEU,59.84,40,False
H_AF_full_chainA,701,A,702,,VAL,63.25,33,False
H_AF_full_chainA,702,A,703,,ILE,68.31,46,False
H_AF_full_chainA,703,A,704,,ALA,69.25,48,False
H_AF_full_chainA,704,A,705,,VAL,73.38,33,False
H_AF_full_chainA,705,A,706,,ILE,76.38,34,False
H_AF_full_chainA,706,A,707,,LEU,75.5,41,False
H_AF_full_chainA,707,A,708,,VAL,79.75,39,False
H_AF_full_chainA,708,A,709,,MET,77.81,29,False
H_AF_full_chainA,709,A,710,,VAL,82.81,32,False
H_AF_full_chainA,710,A,711,,LEU,83.5,40,False
H_AF_full_chainA,711,A,712,,ALA,80.69,34,False
H_AF_full_chainA,712,A,713,,ILE,82.75,28,False
H_AF_full_chainA,713,A,714,,TYR,83.88,35,False
H_AF_full_chainA,714,A,715,,TYR,80.12,39,False
H_AF_full_chainA,715,A,716,,LEU,81.75,32,False
H_AF_full_chainA,716,A,717,,ASN,84.81,31,False
H_AF_full_chainA,717,A,718,,ALA,80.94,35,False
H_AF_full_chainA,718,A,719,,THR,79.5,37,False
H_AF_full_chainA,719,A,720,,ALA,82.06,30,False
H_AF_full_chainA,720,A,721,,LYS,84.69,31,False
H_AF_full_chainA,721,A,722,,GLY,78.5,35,False
H_AF_full_chainA,722,A,723,,GLN,80.38,33,False
H_AF_full_chainA,723,A,724,,LYS,83.06,29,False
H_AF_full_chainA,724,A,725,,ALA,83.25,30,False
H_AF_full_chainA,725,A,726,,ALA,81.06,31,False
H_AF_full_chainA,726,A,727,,ASN,82.69,30,False
H_AF_full_chainA,727,A,728,,LEU,86.38,26,False
H_AF_full_chainA,728,A,729,,ASP,82.94,28,False
H_AF_full_chainA,729,A,730,,LEU,84.25,28,False
H_AF_full_chainA,730,A,731,,LYS,84.5,25,False
H_AF_full_chainA,731,A,732,,LYS,83.25,23,False
H_AF_full_chainA,732,A,733,,LYS,81.5,27,False
H_AF_full_chainA,733,A,734,,MET,83.12,24,False
H_AF_full_chainA,734,A,735,,LYS,85.31,20,False
H_AF_full_chainA,735,A,736,,MET,80.5,20,False
H_AF_full_chainA,736,A,737,,GLN,81.88,24,False
H_AF_full_chainA,737,A,738,,ALA,84.38,18,False
H_AF_full_chainA,738,A,739,,LEU,84.5,18,False
H_AF_full_chainA,739,A,740,,GLU,81.81,18,False
H_AF_full_chainA,740,A,741,,ASN,84.94,19,False
H_AF_full_chainA,741,A,742,,LYS,84.69,18,False
H_AF_full_chainA,742,A,743,,MET,82.88,18,False
H_AF_full_chainA,743,A,744,,ARG,83.88,19,False
H_AF_full_chainA,744,A,745,,ASN,86.94,19,False
H_AF_full_chainA,745,A,746,,LYS,88.0,18,False
H_AF_full_chainA,746,A,747,,LYS,85.69,19,False
H_AF_full_chainA,747,A,748,,MET,86.44,18,False
H_AF_full_chainA,748,A,749,,ALA,87.69,18,False
H_AF_full_chainA,749,A,750,,ALA,85.75,18,False
H_AF_full_chainA,750,A,751,,ALA,84.75,17,False
H_AF_full_chainA,751,A,752,,ARG,88.75,17,False
H_AF_full_chainA,752,A,753,,ALA,87.12,16,False
H_AF_full_chainA,753,A,754,,ALA,85.06,15,False
H_AF_full_chainA,754,A,755,,ALA,83.94,14,False
H_AF_full_chainA,755,A,756,,ALA,85.81,13,False
H_AF_full_chainA,756,A,757,,ALA,81.62,12,False
H_AF_full_chainA,757,A,758,,GLY,76.19,11,False
H_AF_full_chainA,758,A,759,,ARG,57.41,10,False
H_AF_full_chainA,759,A,760,,GLN,48.38,8,False
M_PUB_ALL_domain,0,A,177,,SER,79.33,51,False
M_PUB_ALL_domain,1,A,178,,SER,75.93,57,False
M_PUB_ALL_domain,2,A,179,,VAL,85.08,58,False
M_PUB_ALL_domain,3,A,180,,ALA,87.29,51,False
M_PUB_ALL_domain,4,A,181,,SER,84.65,53,False
M_PUB_ALL_domain,5,A,182,,TYR,89.05,62,False
M_PUB_ALL_domain,6,A,183,,PHE,91.56,50,False
M_PUB_ALL_domain,7,A,184,,LEU,89.33,47,False
M_PUB_ALL_domain,8,A,185,,PHE,91.04,63,False
M_PUB_ALL_domain,9,A,186,,LEU,91.92,64,False
M_PUB_ALL_domain,10,A,187,,ARG,92.51,49,False
M_PUB_ALL_domain,11,A,188,,TRP,92.0,56,False
M_PUB_ALL_domain,12,A,189,,MET,92.83,68,False
M_PUB_ALL_domain,13,A,190,,TYR,94.12,54,False
M_PUB_ALL_domain,14,A,191,,GLY,93.46,47,False
M_PUB_ALL_domain,15,A,192,,VAL,93.92,58,False
M_PUB_ALL_domain,16,A,193,,ASN,95.18,66,False
M_PUB_ALL_domain,17,A,194,,MET,95.05,46,False
M_PUB_ALL_domain,18,A,195,,VAL,94.95,48,False
M_PUB_ALL_domain,19,A,196,,LEU,94.99,59,False
M_PUB_ALL_domain,20,A,197,,PHE,95.74,57,False
M_PUB_ALL_domain,21,A,198,,VAL,95.42,48,False
M_PUB_ALL_domain,22,A,199,,LEU,93.74,53,False
M_PUB_ALL_domain,23,A,200,,THR,93.77,61,False
M_PUB_ALL_domain,24,A,201,,PHE,93.75,50,False
M_PUB_ALL_domain,25,A,202,,SER,92.44,46,False
M_PUB_ALL_domain,26,A,203,,LEU,92.26,54,False
M_PUB_ALL_domain,27,A,204,,ILE,92.52,60,False
M_PUB_ALL_domain,28,A,205,,MET,91.27,62,False
M_PUB_ALL_domain,29,A,206,,LEU,90.3,46,False
M_PUB_ALL_domain,30,A,207,,PRO,88.61,48,False
M_PUB_ALL_domain,31,A,208,,GLU,86.16,58,False
M_PUB_ALL_domain,32,A,209,,TYR,83.63,50,False
M_PUB_ALL_domain,33,A,210,,LEU,84.84,33,False
M_PUB_ALL_domain,34,A,211,,TRP,79.67,38,False
M_PUB_ALL_domain,35,A,212,,GLY,68.83,42,False
M_PUB_ALL_domain,36,A,213,,LEU,66.61,34,False
M_PUB_ALL_domain,37,A,214,,PRO,57.22,28,False
M_PUB_ALL_domain,38,A,215,,TYR,54.98,29,False
M_PUB_ALL_domain,39,A,216,,GLY,50.22,40,False
M_PUB_ALL_domain,40,A,217,,SER,47.95,40,False
M_PUB_ALL_domain,41,A,218,,LEU,55.4,51,False
M_PUB_ALL_domain,42,A,219,,PRO,61.46,51,False
M_PUB_ALL_domain,43,A,220,,ARG,69.27,61,False
M_PUB_ALL_domain,44,A,221,,LYS,75.86,56,False
M_PUB_ALL_domain,45,A,222,,THR,77.37,51,False
M_PUB_ALL_domain,46,A,223,,VAL,82.6,49,False
M_PUB_ALL_domain,47,A,224,,PRO,81.74,43,False
M_PUB_ALL_domain,48,A,225,,ARG,79.89,29,False
M_PUB_ALL_domain,49,A,226,,ALA,77.85,29,False
M_PUB_ALL_domain,50,A,227,,GLU,82.07,37,False
M_PUB_ALL_domain,51,A,228,,GLU,79.55,33,False
M_PUB_ALL_domain,52,A,229,,ALA,80.88,23,False
M_PUB_ALL_domain,53,A,230,,SER,83.44,25,False
M_PUB_ALL_domain,54,A,231,,ALA,81.23,28,False
M_PUB_ALL_domain,55,A,232,,ALA,82.54,25,False
M_PUB_ALL_domain,56,A,233,,ASN,83.7,22,False
M_PUB_ALL_domain,57,A,234,,PHE,83.24,21,False
M_PUB_ALL_domain,58,A,235,,GLY,81.23,23,False
M_PUB_ALL_domain,59,A,236,,VAL,85.16,32,False
M_PUB_ALL_domain,60,A,237,,LEU,85.12,36,False
M_PUB_ALL_domain,61,A,238,,TYR,83.63,38,False
M_PUB_ALL_domain,62,A,239,,ASP,83.64,42,False
M_PUB_ALL_domain,63,A,240,,PHE,88.51,49,False
M_PUB_ALL_domain,64,A,241,,ASN,86.88,51,False
M_PUB_ALL_domain,65,A,242,,GLY,84.71,45,False
M_PUB_ALL_domain,66,A,243,,LEU,85.65,44,False
M_PUB_ALL_domain,67,A,244,,ALA,86.7,52,False
M_PUB_ALL_domain,68,A,245,,GLN,87.74,64,False
M_PUB_ALL_domain,69,A,246,,TYR,86.51,70,False
M_PUB_ALL_domain,70,A,247,,SER,88.59,65,False
M_PUB_ALL_domain,71,A,248,,VAL,89.69,68,False
M_PUB_ALL_domain,72,A,249,,LEU,90.86,70,False
M_PUB_ALL_domain,73,A,250,,PHE,93.22,75,False
M_PUB_ALL_domain,74,A,251,,TYR,92.77,84,False
M_PUB_ALL_domain,75,A,252,,GLY,89.31,76,False
M_PUB_ALL_domain,76,A,253,,TYR,88.07,74,False
M_PUB_ALL_domain,77,A,254,,TYR,89.06,80,False
M_PUB_ALL_domain,78,A,255,,ASP,84.63,68,False
M_PUB_ALL_domain,79,A,256,,ASN,86.08,62,False
M_PUB_ALL_domain,80,A,257,,LYS,84.69,53,False
M_PUB_ALL_domain,81,A,258,,ARG,82.51,48,False
M_PUB_ALL_domain,82,A,259,,THR,81.81,44,False
M_PUB_ALL_domain,83,A,260,,ILE,79.82,41,False
M_PUB_ALL_domain,84,A,261,,GLY,76.28,33,False
M_PUB_ALL_domain,85,A,262,,TRP,76.69,18,False
M_PUB_ALL_domain,86,A,263,,LEU,76.7,24,False
M_PUB_ALL_domain,87,A,264,,ASN,82.23,30,False
M_PUB_ALL_domain,88,A,265,,PHE,86.08,41,False
M_PUB_ALL_domain,89,A,266,,ARG,88.54,51,False
M_PUB_ALL_domain,90,A,267,,LEU,89.09,59,False
M_PUB_ALL_domain,91,A,268,,PRO,90.98,70,False
M_PUB_ALL_domain,92,A,269,,LEU,90.07,57,False
M_PUB_ALL_domain,93,A,270,,SER,91.96,61,False
M_PUB_ALL_domain,94,A,271,,TYR,93.04,77,False
M_PUB_ALL_domain,95,A,272,,PHE,91.52,72,False
M_PUB_ALL_domain,96,A,273,,LEU,90.01,54,False
M_PUB_ALL_domain,97,A,274,,VAL,92.66,61,False
M_PUB_ALL_domain,98,A,275,,GLY,90.43,73,False
M_PUB_ALL_domain,99,A,276,,ILE,87.9,55,False
M_PUB_ALL_domain,100,A,277,,MET,89.77,46,False
M_PUB_ALL_domain,101,A,278,,CYS,91.14,61,False
M_PUB_ALL_domain,102,A,279,,ILE,88.27,59,False
M_PUB_ALL_domain,103,A,280,,GLY,85.59,46,False
M_PUB_ALL_domain,104,A,281,,TYR,90.51,46,False
M_PUB_ALL_domain,105,A,282,,SER,91.67,64,False
M_PUB_ALL_domain,106,A,283,,PHE,87.63,49,False
M_PUB_ALL_domain,107,A,284,,LEU,86.32,39,False
M_PUB_ALL_domain,108,A,285,,VAL,89.06,48,False
M_PUB_ALL_domain,109,A,286,,VAL,88.52,55,False
M_PUB_ALL_domain,110,A,287,,LEU,81.7,36,False
M_PUB_ALL_domain,111,A,288,,LYS,83.47,34,False
M_PUB_ALL_domain,112,A,289,,ALA,84.2,46,False
M_PUB_ALL_domain,113,A,290,,MET,80.82,41,False
M_PUB_ALL_domain,114,A,291,,THR,74.84,34,False
M_PUB_ALL_domain,115,A,292,,LYS,75.6,30,False
M_PUB_ALL_domain,116,A,293,,ASN,72.19,36,False
M_PUB_ALL_domain,117,A,294,,ILE,67.96,34,False
M_PUB_ALL_domain,118,A,295,,GLY,60.84,28,False
M_PUB_ALL_domain,119,A,296,,ASP,58.94,27,False
M_PUB_ALL_domain,120,A,297,,ASP,53.25,32,False
M_PUB_ALL_domain,121,A,298,,GLY,47.55,32,False
M_PUB_ALL_domain,122,A,299,,GLY,43.51,31,False
M_PUB_ALL_domain,123,A,300,,GLY,46.74,28,False
M_PUB_ALL_domain,124,A,301,,ASP,45.2,31,False
M_PUB_ALL_domain,125,A,302,,ASP,50.98,37,False
M_PUB_ALL_domain,126,A,303,,ASN,55.74,38,False
M_PUB_ALL_domain,127,A,304,,THR,65.8,29,False
M_PUB_ALL_domain,128,A,305,,PHE,79.88,25,False
M_PUB_ALL_domain,129,A,306,,ASN,84.09,35,False
M_PUB_ALL_domain,130,A,307,,PHE,90.16,31,False
M_PUB_ALL_domain,131,A,308,,SER,90.55,23,False
M_PUB_ALL_domain,132,A,309,,TRP,90.51,29,False
M_PUB_ALL_domain,133,A,310,,LYS,90.08,34,False
M_PUB_ALL_domain,134,A,311,,VAL,92.36,28,False
M_PUB_ALL_domain,135,A,312,,PHE,91.26,23,False
M_PUB_ALL_domain,136,A,313,,CYS,89.43,24,False
M_PUB_ALL_domain,137,A,314,,SER,89.28,33,False
M_PUB_ALL_domain,138,A,315,,TRP,92.59,29,False
M_PUB_ALL_domain,139,A,316,,ASP,90.68,25,False
M_PUB_ALL_domain,140,A,317,,TYR,91.6,22,False
M_PUB_ALL_domain,141,A,318,,LEU,89.18,16,False
M_PUB_ALL_domain,142,A,319,,ILE,89.04,19,False
M_PUB_ALL_domain,143,A,320,,GLY,83.72,14,False
M_PUB_ALL_domain,144,A,321,,ASN,87.72,16,False
M_PUB_ALL_domain,145,A,322,,PRO,88.63,16,False
M_PUB_ALL_domain,146,A,323,,GLU,83.7,17,False
M_PUB_ALL_domain,147,A,324,,THR,87.19,19,False
M_PUB_ALL_domain,148,A,325,,ALA,89.44,20,False
M_PUB_ALL_domain,149,A,326,,ASP,86.91,21,False
M_PUB_ALL_domain,150,A,327,,ASN,87.11,25,False
M_PUB_ALL_domain,151,A,328,,LYS,89.25,29,False
M_PUB_ALL_domain,152,A,329,,PHE,90.42,29,False
M_PUB_ALL_domain,153,A,330,,ASN,85.8,34,False
M_PUB_ALL_domain,154,A,331,,SER,87.38,41,False
M_PUB_ALL_domain,155,A,332,,ILE,89.28,39,False
M_PUB_ALL_domain,156,A,333,,THR,89.26,38,False
M_PUB_ALL_domain,157,A,334,,MET,83.78,39,False
M_PUB_ALL_domain,158,A,335,,ASN,85.73,46,False
M_PUB_ALL_domain,159,A,336,,PHE,88.72,42,False
M_PUB_ALL_domain,160,A,337,,LYS,86.14,40,False
M_PUB_ALL_domain,161,A,338,,GLU,81.74,48,False
M_PUB_ALL_domain,162,A,339,,ALA,84.08,47,False
M_PUB_ALL_domain,163,A,340,,ILE,87.1,37,False
M_PUB_ALL_domain,164,A,341,,ILE,81.04,37,False
M_PUB_ALL_domain,165,A,342,,GLU,78.62,43,False
M_PUB_ALL_domain,166,A,343,,GLU,81.47,34,False
M_PUB_ALL_domain,167,A,344,,ARG,81.19,29,False
M_PUB_ALL_domain,168,A,345,,ALA,75.08,33,False
M_PUB_ALL_domain,169,A,346,,ALA,73.48,31,False
M_PUB_ALL_domain,170,A,347,,GLN,71.24,20,False
M_PUB_ALL_domain,171,A,348,,VAL,72.49,23,False
M_PUB_ALL_domain,172,A,349,,GLU,61.7,19,False
M_PUB_ALL_domain,173,A,350,,GLU,69.11,25,False
M_PUB_ALL_domain,174,A,351,,ASN,78.79,22,False
M_PUB_ALL_domain,175,A,352,,ILE,84.46,22,False
M_PUB_ALL_domain,176,A,353,,HIS,86.78,18,False
M_PUB_ALL_domain,177,A,354,,LEU,87.76,22,False
M_PUB_ALL_domain,178,A,355,,ILE,84.15,29,False
M_PUB_ALL_domain,179,A,356,,ARG,87.86,26,False
M_PUB_ALL_domain,180,A,357,,PHE,91.37,23,False
M_PUB_ALL_domain,181,A,358,,LEU,90.03,30,False
M_PUB_ALL_domain,182,A,359,,ARG,90.58,38,False
M_PUB_ALL_domain,183,A,360,,PHE,92.07,30,False
M_PUB_ALL_domain,184,A,361,,LEU,92.54,32,False
M_PUB_ALL_domain,185,A,362,,ALA,91.28,43,False
M_PUB_ALL_domain,186,A,363,,ASN,90.28,43,False
M_PUB_ALL_domain,187,A,364,,PHE,92.74,32,False
M_PUB_ALL_domain,188,A,365,,PHE,92.3,39,False
M_PUB_ALL_domain,189,A,366,,VAL,90.9,48,False
M_PUB_ALL_domain,190,A,367,,PHE,90.13,42,False
M_PUB_ALL_domain,191,A,368,,LEU,92.61,35,False
M_PUB_ALL_domain,192,A,369,,THR,91.47,48,False
M_PUB_ALL_domain,193,A,370,,LEU,89.6,50,False
M_PUB_ALL_domain,194,A,371,,GLY,89.33,39,False
M_PUB_ALL_domain,195,A,372,,ALA,90.31,37,False
M_PUB_ALL_domain,196,A,373,,SER,89.13,49,False
M_PUB_ALL_domain,197,A,374,,GLY,85.19,48,False
M_PUB_ALL_domain,198,A,375,,TYR,87.77,37,False
M_PUB_ALL_domain,199,A,376,,LEU,87.28,45,False
M_PUB_ALL_domain,200,A,377,,ILE,82.76,48,False
M_PUB_ALL_domain,201,A,378,,PHE,82.77,43,False
M_PUB_ALL_domain,202,A,379,,TRP,85.83,38,False
M_PUB_ALL_domain,203,A,380,,ALA,81.22,44,False
M_PUB_ALL_domain,204,A,381,,VAL,78.09,44,False
M_PUB_ALL_domain,205,A,382,,LYS,80.99,38,False
M_PUB_ALL_domain,206,A,383,,ARG,83.01,38,False
M_PUB_ALL_domain,207,A,384,,SER,77.71,42,False
M_PUB_ALL_domain,208,A,385,,GLN,76.04,38,False
M_PUB_ALL_domain,209,A,386,,GLU,79.29,29,False
M_PUB_ALL_domain,210,A,387,,PHE,75.16,32,False
M_PUB_ALL_domain,211,A,388,,ALA,68.91,36,False
M_PUB_ALL_domain,212,A,389,,GLN,73.16,27,False
M_PUB_ALL_domain,213,A,390,,GLN,76.21,23,False
M_PUB_ALL_domain,214,A,391,,ASP,71.76,18,False
M_PUB_ALL_domain,215,A,392,,PRO,65.82,19,False
M_PUB_ALL_domain,216,A,393,,ASP,72.62,14,False
M_PUB_ALL_domain,217,A,394,,THR,75.92,16,False
M_PUB_ALL_domain,218,A,395,,LEU,75.6,20,False
M_PUB_ALL_domain,219,A,396,,GLY,82.48,21,False
M_PUB_ALL_domain,220,A,397,,TRP,80.24,21,False
M_PUB_ALL_domain,221,A,398,,TRP,78.38,27,False
M_PUB_ALL_domain,222,A,399,,GLU,80.39,31,False
M_PUB_ALL_domain,223,A,400,,LYS,71.48,30,False
M_PUB_ALL_domain,224,A,401,,ASN,74.53,37,False
M_PUB_ALL_domain,225,A,402,,GLU,81.67,38,False
M_PUB_ALL_domain,226,A,403,,MET,77.66,49,False
M_PUB_ALL_domain,227,A,404,,ASN,75.12,50,False
M_PUB_ALL_domain,228,A,405,,MET,77.21,38,False
M_PUB_ALL_domain,229,A,406,,VAL,83.11,44,False
M_PUB_ALL_domain,230,A,407,,MET,79.7,56,False
M_PUB_ALL_domain,231,A,408,,SER,76.55,45,True
M_PUB_ALL_domain,232,A,409,,LEU,83.76,37,False
M_PUB_ALL_domain,233,A,410,,LEU,85.1,48,False
M_PUB_ALL_domain,234,A,411,,GLY,78.18,58,True
M_PUB_ALL_domain,235,A,412,,MET,80.23,47,True
M_PUB_ALL_domain,236,A,413,,PHE,86.27,39,False
M_PUB_ALL_domain,237,A,414,,CYS,86.69,49,False
M_PUB_ALL_domain,238,A,415,,PRO,84.12,56,False
M_PUB_ALL_domain,239,A,416,,THR,85.34,47,False
M_PUB_ALL_domain,240,A,417,,LEU,87.76,47,False
M_PUB_ALL_domain,241,A,418,,PHE,89.47,53,False
M_PUB_ALL_domain,242,A,419,,ASP,84.76,53,False
M_PUB_ALL_domain,243,A,420,,LEU,85.9,38,False
M_PUB_ALL_domain,244,A,421,,PHE,89.14,44,False
M_PUB_ALL_domain,245,A,422,,ALA,84.22,49,False
M_PUB_ALL_domain,246,A,423,,GLU,81.95,42,False
M_PUB_ALL_domain,247,A,424,,LEU,84.65,38,False
M_PUB_ALL_domain,248,A,425,,GLU,85.24,45,False
M_PUB_ALL_domain,249,A,426,,ASP,76.82,45,False
M_PUB_ALL_domain,250,A,427,,TYR,77.1,45,False
M_PUB_ALL_domain,251,A,428,,HIS,75.09,43,False
M_PUB_ALL_domain,252,A,429,,PRO,66.01,50,False
M_PUB_ALL_domain,253,A,430,,LEU,67.38,48,False
M_PUB_ALL_domain,254,A,431,,ILE,77.12,47,False
M_PUB_ALL_domain,255,A,432,,ALA,79.31,52,False
M_PUB_ALL_domain,256,A,433,,LEU,75.6,59,False
M_PUB_ALL_domain,257,A,434,,LYS,80.06,54,False
M_PUB_ALL_domain,258,A,435,,TRP,84.31,52,False
M_PUB_ALL_domain,259,A,436,,LEU,84.61,58,False
M_PUB_ALL_domain,260,A,437,,LEU,80.93,65,False
M_PUB_ALL_domain,261,A,438,,GLY,82.7,60,False
M_PUB_ALL_domain,262,A,439,,ARG,86.99,61,False
M_PUB_ALL_domain,263,A,440,,ILE,83.93,66,False
M_PUB_ALL_domain,264,A,441,,PHE,82.66,65,False
M_PUB_ALL_domain,265,A,442,,ALA,82.78,63,False
M_PUB_ALL_domain,266,A,443,,LEU,83.68,63,True
M_PUB_ALL_domain,267,A,444,,LEU,78.32,69,True
M_PUB_ALL_domain,268,A,445,,LEU,77.56,60,False
M_PUB_ALL_domain,269,A,446,,GLY,77.39,59,False
M_PUB_ALL_domain,270,A,447,,ASN,76.99,65,True
M_PUB_ALL_domain,271,A,448,,LEU,78.16,68,True
M_PUB_ALL_domain,272,A,449,,TYR,76.35,60,False
M_PUB_ALL_domain,273,A,450,,VAL,78.2,56,False
M_PUB_ALL_domain,274,A,451,,PHE,78.21,71,False
M_PUB_ALL_domain,275,A,452,,ILE,79.98,66,False
M_PUB_ALL_domain,276,A,453,,LEU,80.74,55,False
M_PUB_ALL_domain,277,A,454,,ALA,79.13,56,False
M_PUB_ALL_domain,278,A,455,,LEU,82.85,61,False
M_PUB_ALL_domain,279,A,456,,MET,85.58,54,False
M_PUB_ALL_domain,280,A,457,,ASP,83.12,43,False
M_PUB_ALL_domain,281,A,458,,GLU,82.94,46,False
M_PUB_ALL_domain,282,A,459,,ILE,89.56,50,False
M_PUB_ALL_domain,283,A,460,,ASN,88.37,40,False
M_PUB_ALL_domain,284,A,461,,ASN,87.16,39,False
M_PUB_ALL_domain,285,A,462,,LYS,87.67,44,False
M_PUB_ALL_domain,286,A,463,,ILE,89.23,45,False
M_PUB_ALL_domain,287,A,464,,GLU,88.44,32,False
M_PUB_ALL_domain,288,A,465,,GLU,87.46,36,False
M_PUB_ALL_domain,289,A,466,,GLU,87.76,42,False
M_PUB_ALL_domain,290,A,467,,LYS,87.79,34,False
M_PUB_ALL_domain,291,A,468,,LEU,88.15,27,False
M_PUB_ALL_domain,292,A,469,,VAL,86.68,34,False
M_PUB_ALL_domain,293,A,470,,LYS,84.48,34,False
M_PUB_ALL_domain,294,A,471,,ALA,85.18,26,False
M_PUB_ALL_domain,295,A,472,,ASN,86.21,27,False
M_PUB_ALL_domain,296,A,473,,ILE,82.16,36,False
M_PUB_ALL_domain,297,A,474,,THR,83.08,26,False
M_PUB_ALL_domain,298,A,475,,LEU,84.3,22,False
M_PUB_ALL_domain,299,A,476,,TRP,82.33,32,False
M_PUB_ALL_domain,300,A,477,,GLU,79.16,32,False
M_PUB_ALL_domain,301,A,478,,ALA,81.49,23,False
M_PUB_ALL_domain,302,A,479,,ASN,81.61,26,False
M_PUB_ALL_domain,303,A,480,,MET,76.28,29,False
M_PUB_ALL_domain,304,A,481,,ILE,75.39,25,False
M_PUB_ALL_domain,305,A,482,,LYS,78.98,24,False
M_PUB_ALL_domain,306,A,483,,ALA,73.92,23,False
M_PUB_ALL_domain,307,A,484,,TYR,70.55,25,False
M_PUB_ALL_domain,308,A,485,,ASN,74.54,23,False
M_PUB_ALL_domain,309,A,486,,GLU,71.66,21,False
M_PUB_ALL_domain,310,A,487,,SER,69.5,23,False
M_PUB_ALL_domain,311,A,488,,LEU,63.59,22,False
M_PUB_ALL_domain,312,A,489,,SER,64.07,20,False
M_PUB_ALL_domain,313,A,490,,GLY,63.8,18,False
M_PUB_ALL_domain,314,A,491,,LEU,56.75,17,False
M_PUB_ALL_domain,315,A,492,,SER,53.32,14,False
M_PUB_ALL_domain,316,A,493,,GLY,55.49,15,False
M_PUB_ALL_domain,317,A,494,,ASN,53.38,11,False
M_PUB_ALL_domain,318,A,495,,THR,51.0,12,False
M_PUB_ALL_domain,319,A,496,,THR,51.35,17,False
M_PUB_ALL_domain,320,A,497,,GLY,55.99,22,False
M_PUB_ALL_domain,321,A,498,,ALA,58.3,23,False
M_PUB_ALL_domain,322,A,499,,PRO,57.83,23,False
M_PUB_ALL_domain,323,A,500,,PHE,63.46,24,False
M_PUB_ALL_domain,324,A,501,,PHE,66.7,27,False
M_PUB_ALL_domain,325,A,502,,VAL,72.79,33,False
M_PUB_ALL_domain,326,A,503,,HIS,73.97,29,False
M_PUB_ALL_domain,327,A,504,,PRO,74.1,35,False
M_PUB_ALL_domain,328,A,505,,ALA,78.4,37,False
M_PUB_ALL_domain,329,A,506,,ASP,78.54,34,False
M_PUB_ALL_domain,330,A,507,,VAL,79.22,43,False
M_PUB_ALL_domain,331,A,508,,PRO,78.49,45,False
M_PUB_ALL_domain,332,A,509,,ARG,79.42,59,False
M_PUB_ALL_domain,333,A,510,,GLY,81.88,60,False
M_PUB_ALL_domain,334,A,511,,PRO,86.77,62,False
M_PUB_ALL_domain,335,A,512,,CYS,89.38,77,False
M_PUB_ALL_domain,336,A,513,,TRP,92.03,73,False
M_PUB_ALL_domain,337,A,514,,GLU,93.14,87,False
M_PUB_ALL_domain,338,A,515,,THR,91.98,76,False
M_PUB_ALL_domain,339,A,516,,MET,91.23,72,False
M_PUB_ALL_domain,340,A,517,,VAL,92.17,70,False
M_PUB_ALL_domain,341,A,518,,GLY,92.9,76,False
M_PUB_ALL_domain,342,A,519,,GLN,91.84,64,False
M_PUB_ALL_domain,343,A,520,,GLU,89.54,68,False
M_PUB_ALL_domain,344,A,521,,PHE,91.65,72,False
M_PUB_ALL_domain,345,A,522,,VAL,91.64,65,False
M_PUB_ALL_domain,346,A,523,,ARG,88.62,60,False
M_PUB_ALL_domain,347,A,524,,LEU,86.55,67,False
M_PUB_ALL_domain,348,A,525,,THR,87.0,62,False
M_PUB_ALL_domain,349,A,526,,VAL,86.93,53,False
M_PUB_ALL_domain,350,A,527,,SER,82.92,47,False
M_PUB_ALL_domain,351,A,528,,ASP,83.97,58,True
M_PUB_ALL_domain,352,A,529,,VAL,85.08,51,False
M_PUB_ALL_domain,353,A,530,,LEU,83.33,39,False
M_PUB_ALL_domain,354,A,531,,THR,81.11,41,True
M_PUB_ALL_domain,355,A,532,,THR,82.72,53,True
M_PUB_ALL_domain,356,A,533,,TYR,84.0,44,False
M_PUB_ALL_domain,357,A,534,,VAL,83.24,33,False
M_PUB_ALL_domain,358,A,535,,THR,82.56,45,False
M_PUB_ALL_domain,359,A,536,,ILE,85.09,48,True
M_PUB_ALL_domain,360,A,537,,LEU,83.24,37,False
M_PUB_ALL_domain,361,A,538,,ILE,81.05,34,False
M_PUB_ALL_domain,362,A,539,,GLY,80.33,43,False
M_PUB_ALL_domain,363,A,540,,ASP,84.82,46,False
M_PUB_ALL_domain,364,A,541,,PHE,84.5,41,False
M_PUB_ALL_domain,365,A,542,,LEU,83.43,38,False
M_PUB_ALL_domain,366,A,543,,ARG,85.85,41,False
M_PUB_ALL_domain,367,A,544,,ALA,85.6,41,False
M_PUB_ALL_domain,368,A,545,,CYS,84.33,37,False
M_PUB_ALL_domain,369,A,546,,PHE,85.23,35,False
M_PUB_ALL_domain,370,A,547,,VAL,85.09,35,False
M_PUB_ALL_domain,371,A,548,,ARG,81.58,32,False
M_PUB_ALL_domain,372,A,549,,PHE,83.09,28,False
M_PUB_ALL_domain,373,A,550,,CYS,84.54,24,False
M_PUB_ALL_domain,374,A,551,,ASN,79.87,24,False
M_PUB_ALL_domain,375,A,552,,TYR,75.76,22,False
M_PUB_ALL_domain,376,A,553,,CYS,80.41,18,False
M_PUB_ALL_domain,377,A,554,,TRP,77.2,21,False
M_PUB_ALL_domain,378,A,555,,CYS,80.36,18,False
M_PUB_ALL_domain,379,A,556,,TRP,79.91,19,False
M_PUB_ALL_domain,380,A,557,,ASP,78.05,23,False
M_PUB_ALL_domain,381,A,558,,LEU,84.42,29,False
M_PUB_ALL_domain,382,A,559,,GLU,83.45,34,False
M_PUB_ALL_domain,383,A,560,,TYR,81.58,30,False
M_PUB_ALL_domain,384,A,561,,GLY,80.22,25,False
M_PUB_ALL_domain,385,A,562,,TYR,78.78,28,False
M_PUB_ALL_domain,386,A,563,,PRO,82.83,35,False
M_PUB_ALL_domain,387,A,564,,SER,84.55,37,False
M_PUB_ALL_domain,388,A,565,,TYR,85.9,41,False
M_PUB_ALL_domain,389,A,566,,THR,85.48,48,False
M_PUB_ALL_domain,390,A,567,,GLU,84.75,51,False
M_PUB_ALL_domain,391,A,568,,PHE,85.84,58,False
M_PUB_ALL_domain,392,A,569,,ASP,80.51,67,False
M_PUB_ALL_domain,393,A,570,,ILE,82.1,72,False
M_PUB_ALL_domain,394,A,571,,SER,76.72,69,False
M_PUB_ALL_domain,395,A,572,,GLY,80.56,72,False
M_PUB_ALL_domain,396,A,573,,ASN,85.28,74,False
M_PUB_ALL_domain,397,A,574,,VAL,86.66,71,False
M_PUB_ALL_domain,398,A,575,,LEU,83.27,69,False
M_PUB_ALL_domain,399,A,576,,ALA,85.05,74,False
M_PUB_ALL_domain,400,A,577,,LEU,89.13,78,False
M_PUB_ALL_domain,401,A,578,,ILE,89.82,78,False
M_PUB_ALL_domain,402,A,579,,PHE,85.73,76,True
M_PUB_ALL_domain,403,A,580,,ASN,88.67,79,True
M_PUB_ALL_domain,404,A,581,,GLN,93.48,88,False
M_PUB_ALL_domain,405,A,582,,GLY,91.01,82,True
M_PUB_ALL_domain,406,A,583,,MET,89.59,78,False
M_PUB_ALL_domain,407,A,584,,ILE,93.45,85,False
M_PUB_ALL_domain,408,A,585,,TRP,92.52,87,False
M_PUB_ALL_domain,409,A,586,,MET,90.39,80,False
M_PUB_ALL_domain,410,A,587,,GLY,92.21,82,False
M_PUB_ALL_domain,411,A,588,,SER,92.76,85,False
M_PUB_ALL_domain,412,A,589,,PHE,93.09,90,False
M_PUB_ALL_domain,413,A,590,,PHE,94.22,88,False
M_PUB_ALL_domain,414,A,591,,ALA,94.91,83,False
M_PUB_ALL_domain,415,A,592,,PRO,93.4,77,False
M_PUB_ALL_domain,416,A,593,,SER,91.79,70,False
M_PUB_ALL_domain,417,A,594,,LEU,94.97,77,False
M_PUB_ALL_domain,418,A,595,,PRO,95.08,74,False
M_PUB_ALL_domain,419,A,596,,GLY,94.09,58,False
M_PUB_ALL_domain,420,A,597,,ILE,93.47,63,False
M_PUB_ALL_domain,421,A,598,,ASN,94.11,69,False
M_PUB_ALL_domain,422,A,599,,ILE,94.78,55,False
M_PUB_ALL_domain,423,A,600,,LEU,92.06,46,False
M_PUB_ALL_domain,424,A,601,,ARG,91.53,58,True
M_PUB_ALL_domain,425,A,602,,LEU,93.4,59,False
M_PUB_ALL_domain,426,A,603,,HIS,91.44,43,False
M_PUB_ALL_domain,427,A,604,,THR,89.43,43,False
M_PUB_ALL_domain,428,A,605,,SER,90.19,61,False
M_PUB_ALL_domain,429,A,606,,MET,91.3,48,False
M_PUB_ALL_domain,430,A,607,,TYR,88.72,40,False
M_PUB_ALL_domain,431,A,608,,PHE,87.06,46,False
M_PUB_ALL_domain,432,A,609,,GLN,89.89,59,False
M_PUB_ALL_domain,433,A,610,,CYS,88.46,44,False
M_PUB_ALL_domain,434,A,611,,TRP,86.91,41,False
M_PUB_ALL_domain,435,A,612,,ALA,87.38,43,False
M_PUB_ALL_domain,436,A,613,,VAL,88.15,49,False
M_PUB_ALL_domain,437,A,614,,MET,83.34,38,False
M_PUB_ALL_domain,438,A,615,,CYS,80.84,38,False
M_PUB_ALL_domain,439,A,616,,CYS,84.65,44,False
M_PUB_ALL_domain,440,A,617,,ASN,85.98,47,False
M_PUB_ALL_domain,441,A,618,,VAL,82.52,45,False
M_PUB_ALL_domain,442,A,619,,PRO,71.57,46,False
M_PUB_ALL_domain,443,A,620,,GLU,69.3,51,False
M_PUB_ALL_domain,444,A,621,,ALA,61.82,40,False
M_PUB_ALL_domain,445,A,622,,ARG,61.1,51,False
M_PUB_ALL_domain,446,A,623,,VAL,56.23,49,False
M_PUB_ALL_domain,447,A,624,,PHE,56.57,55,False
M_PUB_ALL_domain,448,A,625,,LYS,57.76,61,False
M_PUB_ALL_domain,449,A,626,,ALA,49.82,57,False
M_PUB_ALL_domain,450,A,627,,SER,51.07,48,False
M_PUB_ALL_domain,451,A,628,,ARG,54.22,50,False
M_PUB_ALL_domain,452,A,629,,SER,58.74,60,False
M_PUB_ALL_domain,453,A,630,,ASN,68.14,56,False
M_PUB_ALL_domain,454,A,631,,ASN,75.45,53,False
M_PUB_ALL_domain,455,A,632,,PHE,77.46,58,False
M_PUB_ALL_domain,456,A,633,,TYR,82.49,69,False
M_PUB_ALL_domain,457,A,634,,LEU,86.25,64,False
M_PUB_ALL_domain,458,A,635,,GLY,83.91,51,False
M_PUB_ALL_domain,459,A,636,,MET,84.5,63,False
M_PUB_ALL_domain,460,A,637,,LEU,89.56,68,False
M_PUB_ALL_domain,461,A,638,,LEU,88.4,55,False
M_PUB_ALL_domain,462,A,639,,LEU,84.81,54,False
M_PUB_ALL_domain,463,A,640,,ILE,87.13,59,False
M_PUB_ALL_domain,464,A,641,,LEU,89.41,63,False
M_PUB_ALL_domain,465,A,642,,PHE,84.34,49,False
M_PUB_ALL_domain,466,A,643,,LEU,83.48,48,False
M_PUB_ALL_domain,467,A,644,,SER,85.21,65,False
M_PUB_ALL_domain,468,A,645,,THR,84.86,58,False
M_PUB_ALL_domain,469,A,646,,MET,82.67,46,False
M_PUB_ALL_domain,470,A,647,,PRO,85.26,54,False
M_PUB_ALL_domain,471,A,648,,VAL,88.0,64,False
M_PUB_ALL_domain,472,A,649,,LEU,84.47,48,False
M_PUB_ALL_domain,473,A,650,,TYR,85.99,44,False
M_PUB_ALL_domain,474,A,651,,MET,87.28,62,False
M_PUB_ALL_domain,475,A,652,,ILE,86.6,61,False
M_PUB_ALL_domain,476,A,653,,VAL,84.55,37,False
M_PUB_ALL_domain,477,A,654,,SER,84.41,31,False
M_PUB_ALL_domain,478,A,655,,LEU,88.25,52,False
M_PUB_ALL_domain,479,A,656,,PRO,89.77,54,False
M_PUB_ALL_domain,480,A,657,,PRO,91.34,64,False
M_PUB_ALL_domain,481,A,658,,SER,88.96,62,False
M_PUB_ALL_domain,482,A,659,,PHE,85.38,54,False
M_PUB_ALL_domain,483,A,660,,ASP,80.5,63,False
M_PUB_ALL_domain,484,A,661,,CYS,85.96,72,False
M_PUB_ALL_domain,485,A,662,,GLY,88.84,78,False
M_PUB_ALL_domain,486,A,663,,PRO,90.18,80,False
M_PUB_ALL_domain,487,A,664,,PHE,91.23,61,False
M_PUB_ALL_domain,488,A,665,,SER,87.39,58,False
M_PUB_ALL_domain,489,A,666,,GLY,82.77,49,False
M_PUB_ALL_domain,490,A,667,,LYS,85.73,45,False
M_PUB_ALL_domain,491,A,668,,ASN,86.9,38,False
M_PUB_ALL_domain,492,A,669,,ARG,87.98,40,False
M_PUB_ALL_domain,493,A,670,,MET,89.38,55,False
M_PUB_ALL_domain,494,A,671,,PHE,84.44,46,False
M_PUB_ALL_domain,495,A,672,,GLU,85.23,48,False
M_PUB_ALL_domain,496,A,673,,VAL,86.97,45,False
M_PUB_ALL_domain,497,A,674,,ILE,82.01,48,False
M_PUB_ALL_domain,498,A,675,,GLY,79.85,40,False
M_PUB_ALL_domain,499,A,676,,GLU,81.79,39,False
M_PUB_ALL_domain,500,A,677,,THR,80.45,40,False
M_PUB_ALL_domain,501,A,678,,LEU,77.15,33,False
M_PUB_ALL_domain,502,A,679,,GLU,77.33,26,False
M_PUB_ALL_domain,503,A,680,,HIS,76.99,26,False
M_PUB_ALL_domain,504,A,681,,ASP,79.43,26,False
M_PUB_ALL_domain,505,A,682,,PHE,78.05,22,False
M_PUB_ALL_domain,506,A,683,,PRO,84.01,18,False
M_PUB_ALL_domain,507,A,684,,SER,79.77,20,False
M_PUB_ALL_domain,508,A,685,,TRP,80.53,18,False
M_PUB_ALL_domain,509,A,686,,MET,74.5,21,False
M_PUB_ALL_domain,510,A,687,,ALA,74.7,23,False
M_PUB_ALL_domain,511,A,688,,LYS,73.36,23,False
M_PUB_ALL_domain,512,A,689,,ILE,73.25,23,False
M_PUB_ALL_domain,513,A,690,,LEU,69.95,28,False
M_PUB_ALL_domain,514,A,691,,ARG,69.98,27,False
M_PUB_ALL_domain,515,A,692,,GLN,68.74,23,False
M_PUB_ALL_domain,516,A,693,,LEU,68.33,23,False
M_PUB_ALL_domain,517,A,694,,SER,66.77,25,False
M_PUB_ALL_domain,518,A,695,,ASN,70.0,18,False
M_PUB_ALL_domain,519,A,696,,PRO,64.85,17,False
M_PUB_ALL_domain,520,A,697,,GLY,66.12,17,False
M_PUB_ALL_domain,521,A,698,,LEU,70.26,19,False
M_PUB_ALL_domain,522,A,699,,VAL,72.42,19,False
M_PUB_ALL_domain,523,A,700,,ILE,73.44,18,False
M_PUB_ALL_domain,524,A,701,,ALA,71.76,19,False
M_PUB_ALL_domain,525,A,702,,VAL,79.18,22,False
M_PUB_ALL_domain,526,A,703,,ILE,82.49,19,False
M_PUB_ALL_domain,527,A,704,,LEU,79.96,20,False
M_PUB_ALL_domain,528,A,705,,VAL,82.04,19,False
M_PUB_ALL_domain,529,A,706,,MET,87.02,19,False
M_PUB_ALL_domain,530,A,707,,VAL,85.16,18,False
M_PUB_ALL_domain,531,A,708,,LEU,82.78,18,False
M_PUB_ALL_domain,532,A,709,,THR,83.58,18,False
M_PUB_ALL_domain,533,A,710,,ILE,87.43,18,False
M_PUB_ALL_domain,534,A,711,,TYR,85.18,18,False
M_PUB_ALL_domain,535,A,712,,TYR,84.17,18,False
M_PUB_ALL_domain,536,A,713,,LEU,84.43,19,False
M_PUB_ALL_domain,537,A,714,,ASN,83.23,19,False
M_PUB_ALL_domain,538,A,715,,ALA,79.27,18,False
M_PUB_ALL_domain,539,A,716,,THR,78.53,19,False
M_PUB_ALL_domain,540,A,717,,ALA,78.47,24,False
M_PUB_ALL_domain,541,A,718,,LYS,77.05,20,False
M_PUB_ALL_domain,542,A,719,,GLY,73.52,19,False
M_PUB_ALL_domain,543,A,720,,GLN,74.74,24,False
M_PUB_ALL_domain,544,A,721,,LYS,73.6,26,False
M_PUB_ALL_domain,545,A,722,,ALA,72.91,21,False
M_PUB_ALL_domain,546,A,723,,ALA,72.61,21,False
M_PUB_ALL_domain,547,A,724,,ASN,72.05,25,False
M_PUB_ALL_domain,548,A,725,,LEU,68.92,22,False
M_PUB_ALL_domain,549,A,726,,ASP,69.51,18,False
M_PUB_ALL_domain,550,A,727,,LEU,69.16,20,False
M_PUB_ALL_domain,551,A,728,,LYS,66.17,21,False
M_PUB_ALL_domain,552,A,729,,LYS,66.82,17,False
M_PUB_ALL_domain,553,A,730,,LYS,65.54,14,False
M_PUB_ALL_domain,554,A,731,,MET,66.0,17,False
M_PUB_ALL_full_chainA,0,A,81,,GLU,60.12,9,False
M_PUB_ALL_full_chainA,1,A,82,,GLU,58.07,11,False
M_PUB_ALL_full_chainA,2,A,83,,LEU,58.31,17,False
M_PUB_ALL_full_chainA,3,A,84,,GLU,66.09,14,False
M_PUB_ALL_full_chainA,4,A,85,,ARG,69.76,17,False
M_PUB_ALL_full_chainA,5,A,86,,LEU,68.32,25,False
M_PUB_ALL_full_chainA,6,A,87,,LYS,67.14,25,False
M_PUB_ALL_full_chainA,7,A,88,,ALA,74.29,24,False
M_PUB_ALL_full_chainA,8,A,89,,LEU,80.71,30,False
M_PUB_ALL_full_chainA,9,A,90,,LEU,74.49,33,False
M_PUB_ALL_full_chainA,10,A,91,,ASP,73.97,30,False
M_PUB_ALL_full_chainA,11,A,92,,GLU,80.68,33,False
M_PUB_ALL_full_chainA,12,A,93,,ASN,81.49,36,False
M_PUB_ALL_full_chainA,13,A,94,,ARG,76.58,36,False
M_PUB_ALL_full_chainA,14,A,95,,GLN,79.3,30,False
M_PUB_ALL_full_chainA,15,A,96,,MET,85.39,34,False
M_PUB_ALL_full_chainA,16,A,97,,ILE,82.88,37,False
M_PUB_ALL_full_chainA,17,A,98,,ALA,80.22,31,False
M_PUB_ALL_full_chainA,18,A,99,,THR,83.93,28,False
M_PUB_ALL_full_chainA,19,A,100,,VAL,89.32,30,False
M_PUB_ALL_full_chainA,20,A,101,,LYS,85.81,26,False
M_PUB_ALL_full_chainA,21,A,102,,CYS,85.73,22,False
M_PUB_ALL_full_chainA,22,A,103,,LYS,86.46,23,False
M_PUB_ALL_full_chainA,23,A,104,,PRO,84.97,18,False
M_PUB_ALL_full_chainA,24,A,105,,TRP,88.69,19,False
M_PUB_ALL_full_chainA,25,A,106,,LYS,86.07,16,False
M_PUB_ALL_full_chainA,26,A,107,,MET,87.94,20,False
M_PUB_ALL_full_chainA,27,A,108,,GLU,86.71,18,False
M_PUB_ALL_full_chainA,28,A,109,,LYS,89.06,23,False
M_PUB_ALL_full_chainA,29,A,110,,LYS,88.59,26,False
M_PUB_ALL_full_chainA,30,A,111,,ILE,89.01,27,False
M_PUB_ALL_full_chainA,31,A,112,,GLU,89.98,27,False
M_PUB_ALL_full_chainA,32,A,113,,VAL,89.11,32,False
M_PUB_ALL_full_chainA,33,A,114,,LEU,89.18,34,False
M_PUB_ALL_full_chainA,34,A,115,,LYS,88.73,30,False
M_PUB_ALL_full_chainA,35,A,116,,GLU,88.24,31,False
M_PUB_ALL_full_chainA,36,A,117,,ALA,84.54,34,False
M_PUB_ALL_full_chainA,37,A,118,,LYS,82.98,34,False
M_PUB_ALL_full_chainA,38,A,119,,LYS,84.84,28,False
M_PUB_ALL_full_chainA,39,A,120,,PHE,80.39,30,False
M_PUB_ALL_full_chainA,40,A,121,,VAL,73.74,36,False
M_PUB_ALL_full_chainA,41,A,122,,SER,71.51,31,False
M_PUB_ALL_full_chainA,42,A,123,,GLU,72.15,27,False
M_PUB_ALL_full_chainA,43,A,124,,ASN,64.05,30,False
M_PUB_ALL_full_chainA,44,A,125,,GLU,55.58,29,False
M_PUB_ALL_full_chainA,45,A,126,,GLY,49.82,21,False
M_PUB_ALL_full_chainA,46,A,127,,ALA,45.4,11,False
M_PUB_ALL_full_chainA,47,A,128,,LEU,40.73,13,False
M_PUB_ALL_full_chainA,48,A,129,,GLY,40.23,14,False
M_PUB_ALL_full_chainA,49,A,130,,LYS,36.8,19,False
M_PUB_ALL_full_chainA,50,A,131,,GLY,44.75,17,False
M_PUB_ALL_full_chainA,51,A,132,,LYS,39.1,14,False
M_PUB_ALL_full_chainA,52,A,133,,GLY,43.99,14,False
M_PUB_ALL_full_chainA,53,A,134,,LYS,44.6,16,False
M_PUB_ALL_full_chainA,54,A,135,,LYS,43.07,15,False
M_PUB_ALL_full_chainA,55,A,136,,TRP,39.37,15,False
M_PUB_ALL_full_chainA,56,A,137,,PHE,44.87,16,False
M_PUB_ALL_full_chainA,57,A,138,,ALA,47.73,18,False
M_PUB_ALL_full_chainA,58,A,139,,PHE,52.34,17,False
M_PUB_ALL_full_chainA,59,A,140,,LYS,55.97,18,False
M_PUB_ALL_full_chainA,60,A,141,,MET,48.34,18,False
M_PUB_ALL_full_chainA,61,A,142,,MET,58.11,18,False
M_PUB_ALL_full_chainA,62,A,143,,MET,59.25,18,False
M_PUB_ALL_full_chainA,63,A,144,,ALA,63.7,19,False
M_PUB_ALL_full_chainA,64,A,145,,LYS,69.43,18,False
M_PUB_ALL_full_chainA,65,A,146,,LYS,69.53,19,False
M_PUB_ALL_full_chainA,66,A,147,,TRP,72.19,19,False
M_PUB_ALL_full_chainA,67,A,148,,ALA,72.95,20,False
M_PUB_ALL_full_chainA,68,A,149,,LYS,78.36,19,False
M_PUB_ALL_full_chainA,69,A,150,,PHE,80.57,18,False
M_PUB_ALL_full_chainA,70,A,151,,LEU,75.3,19,False
M_PUB_ALL_full_chainA,71,A,152,,ARG,76.9,18,False
M_PUB_ALL_full_chainA,72,A,153,,ASP,81.13,18,False
M_PUB_ALL_full_chainA,73,A,154,,PHE,80.13,17,False
M_PUB_ALL_full_chainA,74,A,155,,GLU,80.08,19,False
M_PUB_ALL_full_chainA,75,A,156,,ASN,81.23,21,False
M_PUB_ALL_full_chainA,76,A,157,,PHE,81.06,19,False
M_PUB_ALL_full_chainA,77,A,158,,LYS,77.73,18,False
M_PUB_ALL_full_chainA,78,A,159,,ALA,74.21,23,False
M_PUB_ALL_full_chainA,79,A,160,,ALA,74.93,20,False
M_PUB_ALL_full_chainA,80,A,161,,CYS,75.83,22,False
M_PUB_ALL_full_chainA,81,A,162,,VAL,80.8,31,False
M_PUB_ALL_full_chainA,82,A,163,,PRO,82.07,42,False
M_PUB_ALL_full_chainA,83,A,164,,TRP,88.23,44,False
M_PUB_ALL_full_chainA,84,A,165,,GLU,87.94,42,False
M_PUB_ALL_full_chainA,85,A,166,,ASN,83.91,43,False
M_PUB_ALL_full_chainA,86,A,167,,LYS,85.58,47,False
M_PUB_ALL_full_chainA,87,A,168,,ILE,88.08,52,False
M_PUB_ALL_full_chainA,88,A,169,,LYS,84.91,49,False
M_PUB_ALL_full_chainA,89,A,170,,ALA,84.59,52,False
M_PUB_ALL_full_chainA,90,A,171,,ILE,85.06,61,False
M_PUB_ALL_full_chainA,91,A,172,,GLU,85.72,58,False
M_PUB_ALL_full_chainA,92,A,173,,SER,81.53,54,False
M_PUB_ALL_full_chainA,93,A,174,,GLN,78.48,53,False
M_PUB_ALL_full_chainA,94,A,175,,PHE,79.99,57,False
M_PUB_ALL_full_chainA,95,A,176,,GLY,78.0,58,False
M_PUB_ALL_full_chainA,96,A,177,,SER,79.33,63,False
M_PUB_ALL_full_chainA,97,A,178,,SER,75.93,67,False
M_PUB_ALL_full_chainA,98,A,179,,VAL,85.08,71,False
M_PUB_ALL_full_chainA,99,A,180,,ALA,87.29,65,False
M_PUB_ALL_full_chainA,100,A,181,,SER,84.65,67,False
M_PUB_ALL_full_chainA,101,A,182,,TYR,89.05,76,False
M_PUB_ALL_full_chainA,102,A,183,,PHE,91.56,65,False
M_PUB_ALL_full_chainA,103,A,184,,LEU,89.33,62,False
M_PUB_ALL_full_chainA,104,A,185,,PHE,91.04,72,False
M_PUB_ALL_full_chainA,105,A,186,,LEU,91.92,74,False
M_PUB_ALL_full_chainA,106,A,187,,ARG,92.51,62,False
M_PUB_ALL_full_chainA,107,A,188,,TRP,92.0,63,False
M_PUB_ALL_full_chainA,108,A,189,,MET,92.83,73,False
M_PUB_ALL_full_chainA,109,A,190,,TYR,94.12,60,False
M_PUB_ALL_full_chainA,110,A,191,,GLY,93.46,52,False
M_PUB_ALL_full_chainA,111,A,192,,VAL,93.92,60,False
M_PUB_ALL_full_chainA,112,A,193,,ASN,95.18,67,False
M_PUB_ALL_full_chainA,113,A,194,,MET,95.05,48,False
M_PUB_ALL_full_chainA,114,A,195,,VAL,94.95,48,False
M_PUB_ALL_full_chainA,115,A,196,,LEU,94.99,59,False
M_PUB_ALL_full_chainA,116,A,197,,PHE,95.74,57,False
M_PUB_ALL_full_chainA,117,A,198,,VAL,95.42,48,False
M_PUB_ALL_full_chainA,118,A,199,,LEU,93.74,53,False
M_PUB_ALL_full_chainA,119,A,200,,THR,93.77,61,False
M_PUB_ALL_full_chainA,120,A,201,,PHE,93.75,50,False
M_PUB_ALL_full_chainA,121,A,202,,SER,92.44,46,False
M_PUB_ALL_full_chainA,122,A,203,,LEU,92.26,54,False
M_PUB_ALL_full_chainA,123,A,204,,ILE,92.52,60,False
M_PUB_ALL_full_chainA,124,A,205,,MET,91.27,62,False
M_PUB_ALL_full_chainA,125,A,206,,LEU,90.3,46,False
M_PUB_ALL_full_chainA,126,A,207,,PRO,88.61,48,False
M_PUB_ALL_full_chainA,127,A,208,,GLU,86.16,58,False
M_PUB_ALL_full_chainA,128,A,209,,TYR,83.63,50,False
M_PUB_ALL_full_chainA,129,A,210,,LEU,84.84,33,False
M_PUB_ALL_full_chainA,130,A,211,,TRP,79.67,38,False
M_PUB_ALL_full_chainA,131,A,212,,GLY,68.83,42,False
M_PUB_ALL_full_chainA,132,A,213,,LEU,66.61,34,False
M_PUB_ALL_full_chainA,133,A,214,,PRO,57.22,28,False
M_PUB_ALL_full_chainA,134,A,215,,TYR,54.98,29,False
M_PUB_ALL_full_chainA,135,A,216,,GLY,50.22,40,False
M_PUB_ALL_full_chainA,136,A,217,,SER,47.95,40,False
M_PUB_ALL_full_chainA,137,A,218,,LEU,55.4,51,False
M_PUB_ALL_full_chainA,138,A,219,,PRO,61.46,51,False
M_PUB_ALL_full_chainA,139,A,220,,ARG,69.27,61,False
M_PUB_ALL_full_chainA,140,A,221,,LYS,75.86,56,False
M_PUB_ALL_full_chainA,141,A,222,,THR,77.37,51,False
M_PUB_ALL_full_chainA,142,A,223,,VAL,82.6,49,False
M_PUB_ALL_full_chainA,143,A,224,,PRO,81.74,43,False
M_PUB_ALL_full_chainA,144,A,225,,ARG,79.89,29,False
M_PUB_ALL_full_chainA,145,A,226,,ALA,77.85,29,False
M_PUB_ALL_full_chainA,146,A,227,,GLU,82.07,37,False
M_PUB_ALL_full_chainA,147,A,228,,GLU,79.55,33,False
M_PUB_ALL_full_chainA,148,A,229,,ALA,80.88,23,False
M_PUB_ALL_full_chainA,149,A,230,,SER,83.44,25,False
M_PUB_ALL_full_chainA,150,A,231,,ALA,81.23,28,False
M_PUB_ALL_full_chainA,151,A,232,,ALA,82.54,25,False
M_PUB_ALL_full_chainA,152,A,233,,ASN,83.7,22,False
M_PUB_ALL_full_chainA,153,A,234,,PHE,83.24,21,False
M_PUB_ALL_full_chainA,154,A,235,,GLY,81.23,23,False
M_PUB_ALL_full_chainA,155,A,236,,VAL,85.16,32,False
M_PUB_ALL_full_chainA,156,A,237,,LEU,85.12,36,False
M_PUB_ALL_full_chainA,157,A,238,,TYR,83.63,38,False
M_PUB_ALL_full_chainA,158,A,239,,ASP,83.64,42,False
M_PUB_ALL_full_chainA,159,A,240,,PHE,88.51,49,False
M_PUB_ALL_full_chainA,160,A,241,,ASN,86.88,51,False
M_PUB_ALL_full_chainA,161,A,242,,GLY,84.71,45,False
M_PUB_ALL_full_chainA,162,A,243,,LEU,85.65,44,False
M_PUB_ALL_full_chainA,163,A,244,,ALA,86.7,52,False
M_PUB_ALL_full_chainA,164,A,245,,GLN,87.74,64,False
M_PUB_ALL_full_chainA,165,A,246,,TYR,86.51,70,False
M_PUB_ALL_full_chainA,166,A,247,,SER,88.59,65,False
M_PUB_ALL_full_chainA,167,A,248,,VAL,89.69,68,False
M_PUB_ALL_full_chainA,168,A,249,,LEU,90.86,70,False
M_PUB_ALL_full_chainA,169,A,250,,PHE,93.22,75,False
M_PUB_ALL_full_chainA,170,A,251,,TYR,92.77,84,False
M_PUB_ALL_full_chainA,171,A,252,,GLY,89.31,76,False
M_PUB_ALL_full_chainA,172,A,253,,TYR,88.07,74,False
M_PUB_ALL_full_chainA,173,A,254,,TYR,89.06,80,False
M_PUB_ALL_full_chainA,174,A,255,,ASP,84.63,68,False
M_PUB_ALL_full_chainA,175,A,256,,ASN,86.08,62,False
M_PUB_ALL_full_chainA,176,A,257,,LYS,84.69,53,False
M_PUB_ALL_full_chainA,177,A,258,,ARG,82.51,48,False
M_PUB_ALL_full_chainA,178,A,259,,THR,81.81,44,False
M_PUB_ALL_full_chainA,179,A,260,,ILE,79.82,41,False
M_PUB_ALL_full_chainA,180,A,261,,GLY,76.28,33,False
M_PUB_ALL_full_chainA,181,A,262,,TRP,76.69,18,False
M_PUB_ALL_full_chainA,182,A,263,,LEU,76.7,24,False
M_PUB_ALL_full_chainA,183,A,264,,ASN,82.23,30,False
M_PUB_ALL_full_chainA,184,A,265,,PHE,86.08,41,False
M_PUB_ALL_full_chainA,185,A,266,,ARG,88.54,51,False
M_PUB_ALL_full_chainA,186,A,267,,LEU,89.09,59,False
M_PUB_ALL_full_chainA,187,A,268,,PRO,90.98,70,False
M_PUB_ALL_full_chainA,188,A,269,,LEU,90.07,57,False
M_PUB_ALL_full_chainA,189,A,270,,SER,91.96,61,False
M_PUB_ALL_full_chainA,190,A,271,,TYR,93.04,77,False
M_PUB_ALL_full_chainA,191,A,272,,PHE,91.52,72,False
M_PUB_ALL_full_chainA,192,A,273,,LEU,90.01,54,False
M_PUB_ALL_full_chainA,193,A,274,,VAL,92.66,61,False
M_PUB_ALL_full_chainA,194,A,275,,GLY,90.43,73,False
M_PUB_ALL_full_chainA,195,A,276,,ILE,87.9,55,False
M_PUB_ALL_full_chainA,196,A,277,,MET,89.77,46,False
M_PUB_ALL_full_chainA,197,A,278,,CYS,91.14,61,False
M_PUB_ALL_full_chainA,198,A,279,,ILE,88.27,59,False
M_PUB_ALL_full_chainA,199,A,280,,GLY,85.59,46,False
M_PUB_ALL_full_chainA,200,A,281,,TYR,90.51,46,False
M_PUB_ALL_full_chainA,201,A,282,,SER,91.67,64,False
M_PUB_ALL_full_chainA,202,A,283,,PHE,87.63,49,False
M_PUB_ALL_full_chainA,203,A,284,,LEU,86.32,39,False
M_PUB_ALL_full_chainA,204,A,285,,VAL,89.06,48,False
M_PUB_ALL_full_chainA,205,A,286,,VAL,88.52,55,False
M_PUB_ALL_full_chainA,206,A,287,,LEU,81.7,36,False
M_PUB_ALL_full_chainA,207,A,288,,LYS,83.47,34,False
M_PUB_ALL_full_chainA,208,A,289,,ALA,84.2,46,False
M_PUB_ALL_full_chainA,209,A,290,,MET,80.82,41,False
M_PUB_ALL_full_chainA,210,A,291,,THR,74.84,34,False
M_PUB_ALL_full_chainA,211,A,292,,LYS,75.6,30,False
M_PUB_ALL_full_chainA,212,A,293,,ASN,72.19,36,False
M_PUB_ALL_full_chainA,213,A,294,,ILE,67.96,34,False
M_PUB_ALL_full_chainA,214,A,295,,GLY,60.84,28,False
M_PUB_ALL_full_chainA,215,A,296,,ASP,58.94,27,False
M_PUB_ALL_full_chainA,216,A,297,,ASP,53.25,32,False
M_PUB_ALL_full_chainA,217,A,298,,GLY,47.55,32,False
M_PUB_ALL_full_chainA,218,A,299,,GLY,43.51,32,False
M_PUB_ALL_full_chainA,219,A,300,,GLY,46.74,32,False
M_PUB_ALL_full_chainA,220,A,301,,ASP,45.2,35,False
M_PUB_ALL_full_chainA,221,A,302,,ASP,50.98,39,False
M_PUB_ALL_full_chainA,222,A,303,,ASN,55.74,40,False
M_PUB_ALL_full_chainA,223,A,304,,THR,65.8,35,False
M_PUB_ALL_full_chainA,224,A,305,,PHE,79.88,29,False
M_PUB_ALL_full_chainA,225,A,306,,ASN,84.09,35,False
M_PUB_ALL_full_chainA,226,A,307,,PHE,90.16,31,False
M_PUB_ALL_full_chainA,227,A,308,,SER,90.55,23,False
M_PUB_ALL_full_chainA,228,A,309,,TRP,90.51,29,False
M_PUB_ALL_full_chainA,229,A,310,,LYS,90.08,36,False
M_PUB_ALL_full_chainA,230,A,311,,VAL,92.36,28,False
M_PUB_ALL_full_chainA,231,A,312,,PHE,91.26,23,False
M_PUB_ALL_full_chainA,232,A,313,,CYS,89.43,24,False
M_PUB_ALL_full_chainA,233,A,314,,SER,89.28,36,False
M_PUB_ALL_full_chainA,234,A,315,,TRP,92.59,30,False
M_PUB_ALL_full_chainA,235,A,316,,ASP,90.68,26,False
M_PUB_ALL_full_chainA,236,A,317,,TYR,91.6,22,False
M_PUB_ALL_full_chainA,237,A,318,,LEU,89.18,16,False
M_PUB_ALL_full_chainA,238,A,319,,ILE,89.04,20,False
M_PUB_ALL_full_chainA,239,A,320,,GLY,83.72,14,False
M_PUB_ALL_full_chainA,240,A,321,,ASN,87.72,18,False
M_PUB_ALL_full_chainA,241,A,322,,PRO,88.63,18,False
M_PUB_ALL_full_chainA,242,A,323,,GLU,83.7,25,False
M_PUB_ALL_full_chainA,243,A,324,,THR,87.19,29,False
M_PUB_ALL_full_chainA,244,A,325,,ALA,89.44,27,False
M_PUB_ALL_full_chainA,245,A,326,,ASP,86.91,29,False
M_PUB_ALL_full_chainA,246,A,327,,ASN,87.11,37,False
M_PUB_ALL_full_chainA,247,A,328,,LYS,89.25,40,False
M_PUB_ALL_full_chainA,248,A,329,,PHE,90.42,37,False
M_PUB_ALL_full_chainA,249,A,330,,ASN,85.8,43,False
M_PUB_ALL_full_chainA,250,A,331,,SER,87.38,52,False
M_PUB_ALL_full_chainA,251,A,332,,ILE,89.28,47,False
M_PUB_ALL_full_chainA,252,A,333,,THR,89.26,45,False
M_PUB_ALL_full_chainA,253,A,334,,MET,83.78,47,False
M_PUB_ALL_full_chainA,254,A,335,,ASN,85.73,54,False
M_PUB_ALL_full_chainA,255,A,336,,PHE,88.72,47,False
M_PUB_ALL_full_chainA,256,A,337,,LYS,86.14,45,False
M_PUB_ALL_full_chainA,257,A,338,,GLU,81.74,54,False
M_PUB_ALL_full_chainA,258,A,339,,ALA,84.08,49,False
M_PUB_ALL_full_chainA,259,A,340,,ILE,87.1,38,False
M_PUB_ALL_full_chainA,260,A,341,,ILE,81.04,39,False
M_PUB_ALL_full_chainA,261,A,342,,GLU,78.62,44,False
M_PUB_ALL_full_chainA,262,A,343,,GLU,81.47,34,False
M_PUB_ALL_full_chainA,263,A,344,,ARG,81.19,29,False
M_PUB_ALL_full_chainA,264,A,345,,ALA,75.08,33,False
M_PUB_ALL_full_chainA,265,A,346,,ALA,73.48,31,False
M_PUB_ALL_full_chainA,266,A,347,,GLN,71.24,20,False
M_PUB_ALL_full_chainA,267,A,348,,VAL,72.49,23,False
M_PUB_ALL_full_chainA,268,A,349,,GLU,61.7,19,False
M_PUB_ALL_full_chainA,269,A,350,,GLU,69.11,25,False
M_PUB_ALL_full_chainA,270,A,351,,ASN,78.79,22,False
M_PUB_ALL_full_chainA,271,A,352,,ILE,84.46,22,False
M_PUB_ALL_full_chainA,272,A,353,,HIS,86.78,18,False
M_PUB_ALL_full_chainA,273,A,354,,LEU,87.76,22,False
M_PUB_ALL_full_chainA,274,A,355,,ILE,84.15,29,False
M_PUB_ALL_full_chainA,275,A,356,,ARG,87.86,26,False
M_PUB_ALL_full_chainA,276,A,357,,PHE,91.37,23,False
M_PUB_ALL_full_chainA,277,A,358,,LEU,90.03,30,False
M_PUB_ALL_full_chainA,278,A,359,,ARG,90.58,38,False
M_PUB_ALL_full_chainA,279,A,360,,PHE,92.07,30,False
M_PUB_ALL_full_chainA,280,A,361,,LEU,92.54,32,False
M_PUB_ALL_full_chainA,281,A,362,,ALA,91.28,43,False
M_PUB_ALL_full_chainA,282,A,363,,ASN,90.28,43,False
M_PUB_ALL_full_chainA,283,A,364,,PHE,92.74,32,False
M_PUB_ALL_full_chainA,284,A,365,,PHE,92.3,39,False
M_PUB_ALL_full_chainA,285,A,366,,VAL,90.9,48,False
M_PUB_ALL_full_chainA,286,A,367,,PHE,90.13,42,False
M_PUB_ALL_full_chainA,287,A,368,,LEU,92.61,35,False
M_PUB_ALL_full_chainA,288,A,369,,THR,91.47,48,False
M_PUB_ALL_full_chainA,289,A,370,,LEU,89.6,50,False
M_PUB_ALL_full_chainA,290,A,371,,GLY,89.33,39,False
M_PUB_ALL_full_chainA,291,A,372,,ALA,90.31,37,False
M_PUB_ALL_full_chainA,292,A,373,,SER,89.13,49,False
M_PUB_ALL_full_chainA,293,A,374,,GLY,85.19,48,False
M_PUB_ALL_full_chainA,294,A,375,,TYR,87.77,37,False
M_PUB_ALL_full_chainA,295,A,376,,LEU,87.28,45,False
M_PUB_ALL_full_chainA,296,A,377,,ILE,82.76,48,False
M_PUB_ALL_full_chainA,297,A,378,,PHE,82.77,43,False
M_PUB_ALL_full_chainA,298,A,379,,TRP,85.83,38,False
M_PUB_ALL_full_chainA,299,A,380,,ALA,81.22,44,False
M_PUB_ALL_full_chainA,300,A,381,,VAL,78.09,44,False
M_PUB_ALL_full_chainA,301,A,382,,LYS,80.99,38,False
M_PUB_ALL_full_chainA,302,A,383,,ARG,83.01,38,False
M_PUB_ALL_full_chainA,303,A,384,,SER,77.71,42,False
M_PUB_ALL_full_chainA,304,A,385,,GLN,76.04,38,False
M_PUB_ALL_full_chainA,305,A,386,,GLU,79.29,29,False
M_PUB_ALL_full_chainA,306,A,387,,PHE,75.16,32,False
M_PUB_ALL_full_chainA,307,A,388,,ALA,68.91,36,False
M_PUB_ALL_full_chainA,308,A,389,,GLN,73.16,27,False
M_PUB_ALL_full_chainA,309,A,390,,GLN,76.21,23,False
M_PUB_ALL_full_chainA,310,A,391,,ASP,71.76,18,False
M_PUB_ALL_full_chainA,311,A,392,,PRO,65.82,19,False
M_PUB_ALL_full_chainA,312,A,393,,ASP,72.62,14,False
M_PUB_ALL_full_chainA,313,A,394,,THR,75.92,16,False
M_PUB_ALL_full_chainA,314,A,395,,LEU,75.6,20,False
M_PUB_ALL_full_chainA,315,A,396,,GLY,82.48,21,False
M_PUB_ALL_full_chainA,316,A,397,,TRP,80.24,21,False
M_PUB_ALL_full_chainA,317,A,398,,TRP,78.38,27,False
M_PUB_ALL_full_chainA,318,A,399,,GLU,80.39,31,False
M_PUB_ALL_full_chainA,319,A,400,,LYS,71.48,30,False
M_PUB_ALL_full_chainA,320,A,401,,ASN,74.53,37,False
M_PUB_ALL_full_chainA,321,A,402,,GLU,81.67,38,False
M_PUB_ALL_full_chainA,322,A,403,,MET,77.66,49,False
M_PUB_ALL_full_chainA,323,A,404,,ASN,75.12,50,False
M_PUB_ALL_full_chainA,324,A,405,,MET,77.21,38,False
M_PUB_ALL_full_chainA,325,A,406,,VAL,83.11,44,False
M_PUB_ALL_full_chainA,326,A,407,,MET,79.7,56,False
M_PUB_ALL_full_chainA,327,A,408,,SER,76.55,45,True
M_PUB_ALL_full_chainA,328,A,409,,LEU,83.76,37,False
M_PUB_ALL_full_chainA,329,A,410,,LEU,85.1,48,False
M_PUB_ALL_full_chainA,330,A,411,,GLY,78.18,58,True
M_PUB_ALL_full_chainA,331,A,412,,MET,80.23,47,True
M_PUB_ALL_full_chainA,332,A,413,,PHE,86.27,39,False
M_PUB_ALL_full_chainA,333,A,414,,CYS,86.69,49,False
M_PUB_ALL_full_chainA,334,A,415,,PRO,84.12,56,False
M_PUB_ALL_full_chainA,335,A,416,,THR,85.34,47,False
M_PUB_ALL_full_chainA,336,A,417,,LEU,87.76,47,False
M_PUB_ALL_full_chainA,337,A,418,,PHE,89.47,53,False
M_PUB_ALL_full_chainA,338,A,419,,ASP,84.76,53,False
M_PUB_ALL_full_chainA,339,A,420,,LEU,85.9,38,False
M_PUB_ALL_full_chainA,340,A,421,,PHE,89.14,44,False
M_PUB_ALL_full_chainA,341,A,422,,ALA,84.22,49,False
M_PUB_ALL_full_chainA,342,A,423,,GLU,81.95,42,False
M_PUB_ALL_full_chainA,343,A,424,,LEU,84.65,38,False
M_PUB_ALL_full_chainA,344,A,425,,GLU,85.24,45,False
M_PUB_ALL_full_chainA,345,A,426,,ASP,76.82,45,False
M_PUB_ALL_full_chainA,346,A,427,,TYR,77.1,45,False
M_PUB_ALL_full_chainA,347,A,428,,HIS,75.09,43,False
M_PUB_ALL_full_chainA,348,A,429,,PRO,66.01,50,False
M_PUB_ALL_full_chainA,349,A,430,,LEU,67.38,48,False
M_PUB_ALL_full_chainA,350,A,431,,ILE,77.12,47,False
M_PUB_ALL_full_chainA,351,A,432,,ALA,79.31,52,False
M_PUB_ALL_full_chainA,352,A,433,,LEU,75.6,59,False
M_PUB_ALL_full_chainA,353,A,434,,LYS,80.06,54,False
M_PUB_ALL_full_chainA,354,A,435,,TRP,84.31,52,False
M_PUB_ALL_full_chainA,355,A,436,,LEU,84.61,58,False
M_PUB_ALL_full_chainA,356,A,437,,LEU,80.93,65,False
M_PUB_ALL_full_chainA,357,A,438,,GLY,82.7,60,False
M_PUB_ALL_full_chainA,358,A,439,,ARG,86.99,61,False
M_PUB_ALL_full_chainA,359,A,440,,ILE,83.93,66,False
M_PUB_ALL_full_chainA,360,A,441,,PHE,82.66,65,False
M_PUB_ALL_full_chainA,361,A,442,,ALA,82.78,63,False
M_PUB_ALL_full_chainA,362,A,443,,LEU,83.68,63,True
M_PUB_ALL_full_chainA,363,A,444,,LEU,78.32,69,True
M_PUB_ALL_full_chainA,364,A,445,,LEU,77.56,60,False
M_PUB_ALL_full_chainA,365,A,446,,GLY,77.39,59,False
M_PUB_ALL_full_chainA,366,A,447,,ASN,76.99,65,True
M_PUB_ALL_full_chainA,367,A,448,,LEU,78.16,68,True
M_PUB_ALL_full_chainA,368,A,449,,TYR,76.35,60,False
M_PUB_ALL_full_chainA,369,A,450,,VAL,78.2,56,False
M_PUB_ALL_full_chainA,370,A,451,,PHE,78.21,71,False
M_PUB_ALL_full_chainA,371,A,452,,ILE,79.98,66,False
M_PUB_ALL_full_chainA,372,A,453,,LEU,80.74,55,False
M_PUB_ALL_full_chainA,373,A,454,,ALA,79.13,56,False
M_PUB_ALL_full_chainA,374,A,455,,LEU,82.85,61,False
M_PUB_ALL_full_chainA,375,A,456,,MET,85.58,54,False
M_PUB_ALL_full_chainA,376,A,457,,ASP,83.12,43,False
M_PUB_ALL_full_chainA,377,A,458,,GLU,82.94,46,False
M_PUB_ALL_full_chainA,378,A,459,,ILE,89.56,50,False
M_PUB_ALL_full_chainA,379,A,460,,ASN,88.37,40,False
M_PUB_ALL_full_chainA,380,A,461,,ASN,87.16,39,False
M_PUB_ALL_full_chainA,381,A,462,,LYS,87.67,44,False
M_PUB_ALL_full_chainA,382,A,463,,ILE,89.23,45,False
M_PUB_ALL_full_chainA,383,A,464,,GLU,88.44,32,False
M_PUB_ALL_full_chainA,384,A,465,,GLU,87.46,36,False
M_PUB_ALL_full_chainA,385,A,466,,GLU,87.76,42,False
M_PUB_ALL_full_chainA,386,A,467,,LYS,87.79,34,False
M_PUB_ALL_full_chainA,387,A,468,,LEU,88.15,27,False
M_PUB_ALL_full_chainA,388,A,469,,VAL,86.68,34,False
M_PUB_ALL_full_chainA,389,A,470,,LYS,84.48,34,False
M_PUB_ALL_full_chainA,390,A,471,,ALA,85.18,26,False
M_PUB_ALL_full_chainA,391,A,472,,ASN,86.21,27,False
M_PUB_ALL_full_chainA,392,A,473,,ILE,82.16,36,False
M_PUB_ALL_full_chainA,393,A,474,,THR,83.08,26,False
M_PUB_ALL_full_chainA,394,A,475,,LEU,84.3,22,False
M_PUB_ALL_full_chainA,395,A,476,,TRP,82.33,32,False
M_PUB_ALL_full_chainA,396,A,477,,GLU,79.16,32,False
M_PUB_ALL_full_chainA,397,A,478,,ALA,81.49,23,False
M_PUB_ALL_full_chainA,398,A,479,,ASN,81.61,26,False
M_PUB_ALL_full_chainA,399,A,480,,MET,76.28,29,False
M_PUB_ALL_full_chainA,400,A,481,,ILE,75.39,25,False
M_PUB_ALL_full_chainA,401,A,482,,LYS,78.98,24,False
M_PUB_ALL_full_chainA,402,A,483,,ALA,73.92,23,False
M_PUB_ALL_full_chainA,403,A,484,,TYR,70.55,25,False
M_PUB_ALL_full_chainA,404,A,485,,ASN,74.54,23,False
M_PUB_ALL_full_chainA,405,A,486,,GLU,71.66,21,False
M_PUB_ALL_full_chainA,406,A,487,,SER,69.5,23,False
M_PUB_ALL_full_chainA,407,A,488,,LEU,63.59,22,False
M_PUB_ALL_full_chainA,408,A,489,,SER,64.07,20,False
M_PUB_ALL_full_chainA,409,A,490,,GLY,63.8,18,False
M_PUB_ALL_full_chainA,410,A,491,,LEU,56.75,17,False
M_PUB_ALL_full_chainA,411,A,492,,SER,53.32,14,False
M_PUB_ALL_full_chainA,412,A,493,,GLY,55.49,15,False
M_PUB_ALL_full_chainA,413,A,494,,ASN,53.38,11,False
M_PUB_ALL_full_chainA,414,A,495,,THR,51.0,12,False
M_PUB_ALL_full_chainA,415,A,496,,THR,51.35,17,False
M_PUB_ALL_full_chainA,416,A,497,,GLY,55.99,22,False
M_PUB_ALL_full_chainA,417,A,498,,ALA,58.3,23,False
M_PUB_ALL_full_chainA,418,A,499,,PRO,57.83,23,False
M_PUB_ALL_full_chainA,419,A,500,,PHE,63.46,24,False
M_PUB_ALL_full_chainA,420,A,501,,PHE,66.7,27,False
M_PUB_ALL_full_chainA,421,A,502,,VAL,72.79,33,False
M_PUB_ALL_full_chainA,422,A,503,,HIS,73.97,29,False
M_PUB_ALL_full_chainA,423,A,504,,PRO,74.1,35,False
M_PUB_ALL_full_chainA,424,A,505,,ALA,78.4,37,False
M_PUB_ALL_full_chainA,425,A,506,,ASP,78.54,34,False
M_PUB_ALL_full_chainA,426,A,507,,VAL,79.22,43,False
M_PUB_ALL_full_chainA,427,A,508,,PRO,78.49,45,False
M_PUB_ALL_full_chainA,428,A,509,,ARG,79.42,59,False
M_PUB_ALL_full_chainA,429,A,510,,GLY,81.88,60,False
M_PUB_ALL_full_chainA,430,A,511,,PRO,86.77,62,False
M_PUB_ALL_full_chainA,431,A,512,,CYS,89.38,77,False
M_PUB_ALL_full_chainA,432,A,513,,TRP,92.03,73,False
M_PUB_ALL_full_chainA,433,A,514,,GLU,93.14,87,False
M_PUB_ALL_full_chainA,434,A,515,,THR,91.98,76,False
M_PUB_ALL_full_chainA,435,A,516,,MET,91.23,72,False
M_PUB_ALL_full_chainA,436,A,517,,VAL,92.17,70,False
M_PUB_ALL_full_chainA,437,A,518,,GLY,92.9,76,False
M_PUB_ALL_full_chainA,438,A,519,,GLN,91.84,64,False
M_PUB_ALL_full_chainA,439,A,520,,GLU,89.54,68,False
M_PUB_ALL_full_chainA,440,A,521,,PHE,91.65,72,False
M_PUB_ALL_full_chainA,441,A,522,,VAL,91.64,65,False
M_PUB_ALL_full_chainA,442,A,523,,ARG,88.62,60,False
M_PUB_ALL_full_chainA,443,A,524,,LEU,86.55,67,False
M_PUB_ALL_full_chainA,444,A,525,,THR,87.0,62,False
M_PUB_ALL_full_chainA,445,A,526,,VAL,86.93,53,False
M_PUB_ALL_full_chainA,446,A,527,,SER,82.92,47,False
M_PUB_ALL_full_chainA,447,A,528,,ASP,83.97,58,True
M_PUB_ALL_full_chainA,448,A,529,,VAL,85.08,51,False
M_PUB_ALL_full_chainA,449,A,530,,LEU,83.33,39,False
M_PUB_ALL_full_chainA,450,A,531,,THR,81.11,41,True
M_PUB_ALL_full_chainA,451,A,532,,THR,82.72,53,True
M_PUB_ALL_full_chainA,452,A,533,,TYR,84.0,44,False
M_PUB_ALL_full_chainA,453,A,534,,VAL,83.24,33,False
M_PUB_ALL_full_chainA,454,A,535,,THR,82.56,45,False
M_PUB_ALL_full_chainA,455,A,536,,ILE,85.09,48,True
M_PUB_ALL_full_chainA,456,A,537,,LEU,83.24,37,False
M_PUB_ALL_full_chainA,457,A,538,,ILE,81.05,34,False
M_PUB_ALL_full_chainA,458,A,539,,GLY,80.33,43,False
M_PUB_ALL_full_chainA,459,A,540,,ASP,84.82,46,False
M_PUB_ALL_full_chainA,460,A,541,,PHE,84.5,41,False
M_PUB_ALL_full_chainA,461,A,542,,LEU,83.43,38,False
M_PUB_ALL_full_chainA,462,A,543,,ARG,85.85,41,False
M_PUB_ALL_full_chainA,463,A,544,,ALA,85.6,41,False
M_PUB_ALL_full_chainA,464,A,545,,CYS,84.33,37,False
M_PUB_ALL_full_chainA,465,A,546,,PHE,85.23,35,False
M_PUB_ALL_full_chainA,466,A,547,,VAL,85.09,35,False
M_PUB_ALL_full_chainA,467,A,548,,ARG,81.58,32,False
M_PUB_ALL_full_chainA,468,A,549,,PHE,83.09,28,False
M_PUB_ALL_full_chainA,469,A,550,,CYS,84.54,24,False
M_PUB_ALL_full_chainA,470,A,551,,ASN,79.87,24,False
M_PUB_ALL_full_chainA,471,A,552,,TYR,75.76,22,False
M_PUB_ALL_full_chainA,472,A,553,,CYS,80.41,18,False
M_PUB_ALL_full_chainA,473,A,554,,TRP,77.2,21,False
M_PUB_ALL_full_chainA,474,A,555,,CYS,80.36,18,False
M_PUB_ALL_full_chainA,475,A,556,,TRP,79.91,19,False
M_PUB_ALL_full_chainA,476,A,557,,ASP,78.05,23,False
M_PUB_ALL_full_chainA,477,A,558,,LEU,84.42,29,False
M_PUB_ALL_full_chainA,478,A,559,,GLU,83.45,34,False
M_PUB_ALL_full_chainA,479,A,560,,TYR,81.58,30,False
M_PUB_ALL_full_chainA,480,A,561,,GLY,80.22,25,False
M_PUB_ALL_full_chainA,481,A,562,,TYR,78.78,28,False
M_PUB_ALL_full_chainA,482,A,563,,PRO,82.83,35,False
M_PUB_ALL_full_chainA,483,A,564,,SER,84.55,37,False
M_PUB_ALL_full_chainA,484,A,565,,TYR,85.9,42,False
M_PUB_ALL_full_chainA,485,A,566,,THR,85.48,49,False
M_PUB_ALL_full_chainA,486,A,567,,GLU,84.75,55,False
M_PUB_ALL_full_chainA,487,A,568,,PHE,85.84,64,False
M_PUB_ALL_full_chainA,488,A,569,,ASP,80.51,70,False
M_PUB_ALL_full_chainA,489,A,570,,ILE,82.1,77,False
M_PUB_ALL_full_chainA,490,A,571,,SER,76.72,69,False
M_PUB_ALL_full_chainA,491,A,572,,GLY,80.56,72,False
M_PUB_ALL_full_chainA,492,A,573,,ASN,85.28,74,False
M_PUB_ALL_full_chainA,493,A,574,,VAL,86.66,71,False
M_PUB_ALL_full_chainA,494,A,575,,LEU,83.27,69,False
M_PUB_ALL_full_chainA,495,A,576,,ALA,85.05,74,False
M_PUB_ALL_full_chainA,496,A,577,,LEU,89.13,78,False
M_PUB_ALL_full_chainA,497,A,578,,ILE,89.82,78,False
M_PUB_ALL_full_chainA,498,A,579,,PHE,85.73,76,True
M_PUB_ALL_full_chainA,499,A,580,,ASN,88.67,79,True
M_PUB_ALL_full_chainA,500,A,581,,GLN,93.48,88,False
M_PUB_ALL_full_chainA,501,A,582,,GLY,91.01,82,True
M_PUB_ALL_full_chainA,502,A,583,,MET,89.59,78,False
M_PUB_ALL_full_chainA,503,A,584,,ILE,93.45,85,False
M_PUB_ALL_full_chainA,504,A,585,,TRP,92.52,87,False
M_PUB_ALL_full_chainA,505,A,586,,MET,90.39,80,False
M_PUB_ALL_full_chainA,506,A,587,,GLY,92.21,82,False
M_PUB_ALL_full_chainA,507,A,588,,SER,92.76,85,False
M_PUB_ALL_full_chainA,508,A,589,,PHE,93.09,90,False
M_PUB_ALL_full_chainA,509,A,590,,PHE,94.22,88,False
M_PUB_ALL_full_chainA,510,A,591,,ALA,94.91,83,False
M_PUB_ALL_full_chainA,511,A,592,,PRO,93.4,77,False
M_PUB_ALL_full_chainA,512,A,593,,SER,91.79,70,False
M_PUB_ALL_full_chainA,513,A,594,,LEU,94.97,77,False
M_PUB_ALL_full_chainA,514,A,595,,PRO,95.08,74,False
M_PUB_ALL_full_chainA,515,A,596,,GLY,94.09,58,False
M_PUB_ALL_full_chainA,516,A,597,,ILE,93.47,63,False
M_PUB_ALL_full_chainA,517,A,598,,ASN,94.11,69,False
M_PUB_ALL_full_chainA,518,A,599,,ILE,94.78,57,False
M_PUB_ALL_full_chainA,519,A,600,,LEU,92.06,48,False
M_PUB_ALL_full_chainA,520,A,601,,ARG,91.53,58,True
M_PUB_ALL_full_chainA,521,A,602,,LEU,93.4,62,False
M_PUB_ALL_full_chainA,522,A,603,,HIS,91.44,49,False
M_PUB_ALL_full_chainA,523,A,604,,THR,89.43,46,False
M_PUB_ALL_full_chainA,524,A,605,,SER,90.19,65,False
M_PUB_ALL_full_chainA,525,A,606,,MET,91.3,59,False
M_PUB_ALL_full_chainA,526,A,607,,TYR,88.72,50,False
M_PUB_ALL_full_chainA,527,A,608,,PHE,87.06,52,False
M_PUB_ALL_full_chainA,528,A,609,,GLN,89.89,71,False
M_PUB_ALL_full_chainA,529,A,610,,CYS,88.46,58,False
M_PUB_ALL_full_chainA,530,A,611,,TRP,86.91,52,False
M_PUB_ALL_full_chainA,531,A,612,,ALA,87.38,50,False
M_PUB_ALL_full_chainA,532,A,613,,VAL,88.15,61,False
M_PUB_ALL_full_chainA,533,A,614,,MET,83.34,50,False
M_PUB_ALL_full_chainA,534,A,615,,CYS,80.84,44,False
M_PUB_ALL_full_chainA,535,A,616,,CYS,84.65,47,False
M_PUB_ALL_full_chainA,536,A,617,,ASN,85.98,54,False
M_PUB_ALL_full_chainA,537,A,618,,VAL,82.52,52,False
M_PUB_ALL_full_chainA,538,A,619,,PRO,71.57,53,False
M_PUB_ALL_full_chainA,539,A,620,,GLU,69.3,57,False
M_PUB_ALL_full_chainA,540,A,621,,ALA,61.82,43,False
M_PUB_ALL_full_chainA,541,A,622,,ARG,61.1,54,False
M_PUB_ALL_full_chainA,542,A,623,,VAL,56.23,55,False
M_PUB_ALL_full_chainA,543,A,624,,PHE,56.57,61,False
M_PUB_ALL_full_chainA,544,A,625,,LYS,57.76,67,False
M_PUB_ALL_full_chainA,545,A,626,,ALA,49.82,64,False
M_PUB_ALL_full_chainA,546,A,627,,SER,51.07,50,False
M_PUB_ALL_full_chainA,547,A,628,,ARG,54.22,50,False
M_PUB_ALL_full_chainA,548,A,629,,SER,58.74,61,False
M_PUB_ALL_full_chainA,549,A,630,,ASN,68.14,57,False
M_PUB_ALL_full_chainA,550,A,631,,ASN,75.45,53,False
M_PUB_ALL_full_chainA,551,A,632,,PHE,77.46,58,False
M_PUB_ALL_full_chainA,552,A,633,,TYR,82.49,69,False
M_PUB_ALL_full_chainA,553,A,634,,LEU,86.25,64,False
M_PUB_ALL_full_chainA,554,A,635,,GLY,83.91,51,False
M_PUB_ALL_full_chainA,555,A,636,,MET,84.5,63,False
M_PUB_ALL_full_chainA,556,A,637,,LEU,89.56,68,False
M_PUB_ALL_full_chainA,557,A,638,,LEU,88.4,55,False
M_PUB_ALL_full_chainA,558,A,639,,LEU,84.81,54,False
M_PUB_ALL_full_chainA,559,A,640,,ILE,87.13,59,False
M_PUB_ALL_full_chainA,560,A,641,,LEU,89.41,63,False
M_PUB_ALL_full_chainA,561,A,642,,PHE,84.34,49,False
M_PUB_ALL_full_chainA,562,A,643,,LEU,83.48,48,False
M_PUB_ALL_full_chainA,563,A,644,,SER,85.21,65,False
M_PUB_ALL_full_chainA,564,A,645,,THR,84.86,58,False
M_PUB_ALL_full_chainA,565,A,646,,MET,82.67,46,False
M_PUB_ALL_full_chainA,566,A,647,,PRO,85.26,54,False
M_PUB_ALL_full_chainA,567,A,648,,VAL,88.0,64,False
M_PUB_ALL_full_chainA,568,A,649,,LEU,84.47,48,False
M_PUB_ALL_full_chainA,569,A,650,,TYR,85.99,44,False
M_PUB_ALL_full_chainA,570,A,651,,MET,87.28,62,False
M_PUB_ALL_full_chainA,571,A,652,,ILE,86.6,61,False
M_PUB_ALL_full_chainA,572,A,653,,VAL,84.55,37,False
M_PUB_ALL_full_chainA,573,A,654,,SER,84.41,31,False
M_PUB_ALL_full_chainA,574,A,655,,LEU,88.25,52,False
M_PUB_ALL_full_chainA,575,A,656,,PRO,89.77,54,False
M_PUB_ALL_full_chainA,576,A,657,,PRO,91.34,64,False
M_PUB_ALL_full_chainA,577,A,658,,SER,88.96,62,False
M_PUB_ALL_full_chainA,578,A,659,,PHE,85.38,54,False
M_PUB_ALL_full_chainA,579,A,660,,ASP,80.5,63,False
M_PUB_ALL_full_chainA,580,A,661,,CYS,85.96,72,False
M_PUB_ALL_full_chainA,581,A,662,,GLY,88.84,78,False
M_PUB_ALL_full_chainA,582,A,663,,PRO,90.18,80,False
M_PUB_ALL_full_chainA,583,A,664,,PHE,91.23,61,False
M_PUB_ALL_full_chainA,584,A,665,,SER,87.39,58,False
M_PUB_ALL_full_chainA,585,A,666,,GLY,82.77,49,False
M_PUB_ALL_full_chainA,586,A,667,,LYS,85.73,45,False
M_PUB_ALL_full_chainA,587,A,668,,ASN,86.9,38,False
M_PUB_ALL_full_chainA,588,A,669,,ARG,87.98,40,False
M_PUB_ALL_full_chainA,589,A,670,,MET,89.38,55,False
M_PUB_ALL_full_chainA,590,A,671,,PHE,84.44,46,False
M_PUB_ALL_full_chainA,591,A,672,,GLU,85.23,48,False
M_PUB_ALL_full_chainA,592,A,673,,VAL,86.97,45,False
M_PUB_ALL_full_chainA,593,A,674,,ILE,82.01,48,False
M_PUB_ALL_full_chainA,594,A,675,,GLY,79.85,40,False
M_PUB_ALL_full_chainA,595,A,676,,GLU,81.79,39,False
M_PUB_ALL_full_chainA,596,A,677,,THR,80.45,40,False
M_PUB_ALL_full_chainA,597,A,678,,LEU,77.15,33,False
M_PUB_ALL_full_chainA,598,A,679,,GLU,77.33,26,False
M_PUB_ALL_full_chainA,599,A,680,,HIS,76.99,26,False
M_PUB_ALL_full_chainA,600,A,681,,ASP,79.43,26,False
M_PUB_ALL_full_chainA,601,A,682,,PHE,78.05,22,False
M_PUB_ALL_full_chainA,602,A,683,,PRO,84.01,18,False
M_PUB_ALL_full_chainA,603,A,684,,SER,79.77,20,False
M_PUB_ALL_full_chainA,604,A,685,,TRP,80.53,18,False
M_PUB_ALL_full_chainA,605,A,686,,MET,74.5,21,False
M_PUB_ALL_full_chainA,606,A,687,,ALA,74.7,23,False
M_PUB_ALL_full_chainA,607,A,688,,LYS,73.36,23,False
M_PUB_ALL_full_chainA,608,A,689,,ILE,73.25,23,False
M_PUB_ALL_full_chainA,609,A,690,,LEU,69.95,28,False
M_PUB_ALL_full_chainA,610,A,691,,ARG,69.98,27,False
M_PUB_ALL_full_chainA,611,A,692,,GLN,68.74,23,False
M_PUB_ALL_full_chainA,612,A,693,,LEU,68.33,23,False
M_PUB_ALL_full_chainA,613,A,694,,SER,66.77,25,False
M_PUB_ALL_full_chainA,614,A,695,,ASN,70.0,18,False
M_PUB_ALL_full_chainA,615,A,696,,PRO,64.85,17,False
M_PUB_ALL_full_chainA,616,A,697,,GLY,66.12,17,False
M_PUB_ALL_full_chainA,617,A,698,,LEU,70.26,19,False
M_PUB_ALL_full_chainA,618,A,699,,VAL,72.42,19,False
M_PUB_ALL_full_chainA,619,A,700,,ILE,73.44,18,False
M_PUB_ALL_full_chainA,620,A,701,,ALA,71.76,19,False
M_PUB_ALL_full_chainA,621,A,702,,VAL,79.18,22,False
M_PUB_ALL_full_chainA,622,A,703,,ILE,82.49,19,False
M_PUB_ALL_full_chainA,623,A,704,,LEU,79.96,20,False
M_PUB_ALL_full_chainA,624,A,705,,VAL,82.04,19,False
M_PUB_ALL_full_chainA,625,A,706,,MET,87.02,19,False
M_PUB_ALL_full_chainA,626,A,707,,VAL,85.16,18,False
M_PUB_ALL_full_chainA,627,A,708,,LEU,82.78,18,False
M_PUB_ALL_full_chainA,628,A,709,,THR,83.58,18,False
M_PUB_ALL_full_chainA,629,A,710,,ILE,87.43,18,False
M_PUB_ALL_full_chainA,630,A,711,,TYR,85.18,18,False
M_PUB_ALL_full_chainA,631,A,712,,TYR,84.17,18,False
M_PUB_ALL_full_chainA,632,A,713,,LEU,84.43,19,False
M_PUB_ALL_full_chainA,633,A,714,,ASN,83.23,19,False
M_PUB_ALL_full_chainA,634,A,715,,ALA,79.27,18,False
M_PUB_ALL_full_chainA,635,A,716,,THR,78.53,19,False
M_PUB_ALL_full_chainA,636,A,717,,ALA,78.47,24,False
M_PUB_ALL_full_chainA,637,A,718,,LYS,77.05,20,False
M_PUB_ALL_full_chainA,638,A,719,,GLY,73.52,19,False
M_PUB_ALL_full_chainA,639,A,720,,GLN,74.74,24,False
M_PUB_ALL_full_chainA,640,A,721,,LYS,73.6,26,False
M_PUB_ALL_full_chainA,641,A,722,,ALA,72.91,21,False
M_PUB_ALL_full_chainA,642,A,723,,ALA,72.61,23,False
M_PUB_ALL_full_chainA,643,A,724,,ASN,72.05,28,False
M_PUB_ALL_full_chainA,644,A,725,,LEU,68.92,25,False
M_PUB_ALL_full_chainA,645,A,726,,ASP,69.51,22,False
M_PUB_ALL_full_chainA,646,A,727,,LEU,69.16,25,False
M_PUB_ALL_full_chainA,647,A,728,,LYS,66.17,27,False
M_PUB_ALL_full_chainA,648,A,729,,LYS,66.82,25,False
M_PUB_ALL_full_chainA,649,A,730,,LYS,65.54,22,False
M_PUB_ALL_full_chainA,650,A,731,,MET,66.0,26,False
M_PUB_ALL_full_chainA,651,A,732,,LYS,61.51,25,False
M_PUB_ALL_full_chainA,652,A,733,,GLN,63.91,22,False
M_PUB_ALL_full_chainA,653,A,734,,GLN,62.73,22,False
M_PUB_ALL_full_chainA,654,A,735,,ALA,62.54,24,False
M_PUB_ALL_full_chainA,655,A,736,,LEU,62.91,20,False
M_PUB_ALL_full_chainA,656,A,737,,GLU,63.33,18,False
M_PUB_ALL_full_chainA,657,A,738,,ASN,61.34,17,False
M_PUB_ALL_full_chainA,658,A,739,,LYS,59.41,19,False
M_PUB_ALL_full_chainA,659,A,740,,MET,63.03,15,False
M_PUB_ALL_full_chainA,660,A,741,,ARG,59.19,14,False
M_PUB_ALL_full_chainA,661,A,742,,ASN,55.16,13,False
M_PUB_ALL_full_chainA,662,A,743,,LYS,60.28,12,False
M_PUB_ALL_full_chainA,663,A,744,,LYS,54.55,11,False
M_PUB_ALL_full_chainA,664,A,745,,MET,51.06,10,False
M_PUB_ALL_full_chainA,665,A,746,,ALA,43.92,9,False
