structure_id,cutoff_A,chain,residue_number,MSF_low20_relative_units,MSF_low20_normalized_mean1,middle_site,source_B_column_not_mobility
H_AF_domain,15.0,A,183,0.02946994555628308,0.09121318174538097,False,79.38
H_AF_domain,15.0,A,184,0.020218472699279694,0.062578711637295,False,75.5
H_AF_domain,15.0,A,185,0.020073331401766047,0.06212948109753752,False,84.0
H_AF_domain,15.0,A,186,0.02409053337153704,0.07456322559417443,False,86.25
H_AF_domain,15.0,A,187,0.019024726229687403,0.058883916427006126,False,84.06
H_AF_domain,15.0,A,188,0.016738641462277846,0.051808197030890124,False,88.81
H_AF_domain,15.0,A,189,0.020027134549260958,0.06198649603855383,False,92.44
H_AF_domain,15.0,A,190,0.021725529209424038,0.06724324076232584,False,90.12
H_AF_domain,15.0,A,191,0.0195671769733955,0.06056286958894079,False,91.81
H_AF_domain,15.0,A,192,0.020188268020132415,0.06248522436283228,False,93.12
H_AF_domain,15.0,A,193,0.024663622487162737,0.07633700836415044,False,94.06
H_AF_domain,15.0,A,194,0.025256709575621338,0.07817268737099134,False,92.94
H_AF_domain,15.0,A,195,0.023406284348771095,0.07244538895435264,False,93.75
H_AF_domain,15.0,A,196,0.02664711438921502,0.08247616484840169,False,95.44
H_AF_domain,15.0,A,197,0.031716267685774006,0.09816583078453886,False,93.75
H_AF_domain,15.0,A,198,0.03018995736792862,0.09344170870716369,False,94.25
H_AF_domain,15.0,A,199,0.02901233523074734,0.08979682033025935,False,95.75
H_AF_domain,15.0,A,200,0.035142021507005655,0.10876896899917039,False,95.5
H_AF_domain,15.0,A,201,0.03927777541345,0.12156964662520182,False,95.56
H_AF_domain,15.0,A,202,0.03453107560981339,0.10687801473694536,False,95.19
H_AF_domain,15.0,A,203,0.036313476171773454,0.1123947682745667,False,96.38
H_AF_domain,15.0,A,204,0.04544000623211268,0.1406425247391497,False,96.25
H_AF_domain,15.0,A,205,0.04427615207060967,0.1370402499756777,False,94.38
H_AF_domain,15.0,A,206,0.04006084159909783,0.12399333479163378,False,94.38
H_AF_domain,15.0,A,207,0.046425527486164894,0.14369283676256756,False,94.75
H_AF_domain,15.0,A,208,0.0582070202906857,0.1801580362777238,False,93.44
H_AF_domain,15.0,A,209,0.05540177595986055,0.17147545284712087,False,92.81
H_AF_domain,15.0,A,210,0.048114296825461964,0.14891978990970323,False,93.31
H_AF_domain,15.0,A,211,0.04983468243354478,0.15424459937847199,False,92.0
H_AF_domain,15.0,A,212,0.0641437511491786,0.19853296370115345,False,91.69
H_AF_domain,15.0,A,213,0.07102035245013358,0.21981690815420998,False,91.06
H_AF_domain,15.0,A,214,0.06312332502043118,0.19537461670789508,False,88.88
H_AF_domain,15.0,A,215,0.07120809532275241,0.22039799591797513,False,88.19
H_AF_domain,15.0,A,216,0.09059370623336717,0.2803988957451604,False,89.06
H_AF_domain,15.0,A,217,0.09204884436097854,0.2849027309573755,False,85.44
H_AF_domain,15.0,A,218,0.07796425518966457,0.24130915901003322,False,83.12
H_AF_domain,15.0,A,219,0.08644250491585881,0.26755040644230765,False,84.38
H_AF_domain,15.0,A,220,0.09217814641974571,0.28530293706443655,False,82.44
H_AF_domain,15.0,A,221,0.08672354626275716,0.26842026469853175,False,81.31
H_AF_domain,15.0,A,222,0.09882831099869076,0.3058860314314597,False,79.31
H_AF_domain,15.0,A,223,0.09382971053713603,0.2904147353782802,False,82.38
H_AF_domain,15.0,A,224,0.07200576484210221,0.22286688323581044,False,82.81
H_AF_domain,15.0,A,225,0.06582894609186997,0.20374885364199294,False,82.88
H_AF_domain,15.0,A,226,0.05289111219222383,0.16370463324714485,False,85.88
H_AF_domain,15.0,A,227,0.0619038815827192,0.19160028615476243,False,85.81
H_AF_domain,15.0,A,228,0.07302413148828649,0.22601885587194706,False,85.19
H_AF_domain,15.0,A,229,0.07706843149983603,0.23853647221032084,False,85.75
H_AF_domain,15.0,A,230,0.08553547403710784,0.26474303198570487,False,84.25
H_AF_domain,15.0,A,231,0.12135648094602824,0.37561354605726194,False,80.94
H_AF_domain,15.0,A,232,0.1315226357453685,0.4070790716244172,False,78.38
H_AF_domain,15.0,A,233,0.10204673531608544,0.315847458799407,False,82.0
H_AF_domain,15.0,A,234,0.12064767036198949,0.37341968830134925,False,79.44
H_AF_domain,15.0,A,235,0.1734070708603663,0.5367166573183069,False,81.44
H_AF_domain,15.0,A,236,0.11729867416180972,0.3630541245615662,False,82.38
H_AF_domain,15.0,A,237,0.09963591546508911,0.308385668657843,False,78.88
H_AF_domain,15.0,A,238,0.1162286163746972,0.35974216135391296,False,82.62
H_AF_domain,15.0,A,239,0.1187833601260244,0.36764941403809726,False,86.5
H_AF_domain,15.0,A,240,0.1038895030127189,0.3215510561985447,False,80.25
H_AF_domain,15.0,A,241,0.07998319923521453,0.2475580443297837,False,79.25
H_AF_domain,15.0,A,242,0.07165343900650481,0.22177639053657683,False,80.81
H_AF_domain,15.0,A,243,0.06497561478593594,0.20110768610578117,False,82.06
H_AF_domain,15.0,A,244,0.05323244932824916,0.16476111454146092,False,80.0
H_AF_domain,15.0,A,245,0.047506002723531275,0.14703704328677242,False,78.25
H_AF_domain,15.0,A,246,0.04327794207522072,0.13395066470462327,False,83.0
H_AF_domain,15.0,A,247,0.05179047192842181,0.1602980134341994,False,82.88
H_AF_domain,15.0,A,248,0.06481661801875371,0.20061557114770556,False,83.12
H_AF_domain,15.0,A,249,0.07072475126649275,0.21890198537513372,False,83.62
H_AF_domain,15.0,A,250,0.05202002729622796,0.16100851612054948,False,84.75
H_AF_domain,15.0,A,251,0.04416897040710858,0.13670850926940373,False,85.25
H_AF_domain,15.0,A,252,0.05229801524860786,0.16186892373735445,False,86.12
H_AF_domain,15.0,A,253,0.05069292541383765,0.1569009691635346,False,88.69
H_AF_domain,15.0,A,254,0.04621234991788114,0.14303302542213708,False,89.44
H_AF_domain,15.0,A,255,0.03766451059447555,0.1165763894488182,False,89.62
H_AF_domain,15.0,A,256,0.03357386224880211,0.10391531919683046,False,93.5
H_AF_domain,15.0,A,257,0.03277495073861067,0.10144258776139582,False,92.31
H_AF_domain,15.0,A,258,0.037367451936806906,0.11565695560462529,False,90.06
H_AF_domain,15.0,A,259,0.04424381592406466,0.1369401655419918,False,90.0
H_AF_domain,15.0,A,260,0.04604697130714396,0.14252115785695413,False,91.25
H_AF_domain,15.0,A,261,0.05498473257287838,0.17018465120041054,False,87.88
H_AF_domain,15.0,A,262,0.05736547775189924,0.17755335645603226,False,87.12
H_AF_domain,15.0,A,263,0.07340616286049893,0.22720129093683378,False,85.62
H_AF_domain,15.0,A,264,0.0824992609145728,0.2553455711443001,False,82.19
H_AF_domain,15.0,A,265,0.09208814188595503,0.2850243617313781,False,83.94
H_AF_domain,15.0,A,266,0.08768644642435353,0.2714005616004926,False,82.0
H_AF_domain,15.0,A,267,0.10881296268855967,0.33678978208525645,False,80.12
H_AF_domain,15.0,A,268,0.14517161110027377,0.44932436411426946,False,80.06
H_AF_domain,15.0,A,269,0.12726563413700415,0.3939031171370724,False,76.69
H_AF_domain,15.0,A,270,0.11464667670344351,0.3548458594429131,False,83.81
H_AF_domain,15.0,A,271,0.08973933923371465,0.2777545226068481,False,86.69
H_AF_domain,15.0,A,272,0.07759522704124454,0.24016697055546984,False,88.81
H_AF_domain,15.0,A,273,0.06022996906158755,0.186419316725272,False,89.12
H_AF_domain,15.0,A,274,0.05306456417665114,0.1642414889175922,False,91.0
H_AF_domain,15.0,A,275,0.059841063700701205,0.18521560580234103,False,89.31
H_AF_domain,15.0,A,276,0.05512418302859712,0.17061626787027023,False,91.75
H_AF_domain,15.0,A,277,0.04314505162281524,0.13353935206869263,False,92.5
H_AF_domain,15.0,A,278,0.043169007579933694,0.13361349876388612,False,91.56
H_AF_domain,15.0,A,279,0.04882502539672547,0.15111958407689918,False,90.0
H_AF_domain,15.0,A,280,0.04214172056363584,0.1304339164622056,False,92.12
H_AF_domain,15.0,A,281,0.03511316675181596,0.10867965990885295,False,90.44
H_AF_domain,15.0,A,282,0.03964561319812002,0.12270815075449674,False,88.75
H_AF_domain,15.0,A,283,0.04259609843883403,0.1318402730376658,False,89.12
H_AF_domain,15.0,A,284,0.034836386208269725,0.10782298937399051,False,91.25
H_AF_domain,15.0,A,285,0.03254889751673917,0.1007429246564432,False,89.75
H_AF_domain,15.0,A,286,0.04008708868209325,0.12407457280909043,False,88.06
H_AF_domain,15.0,A,287,0.03975371818397736,0.12304274925939576,False,91.12
H_AF_domain,15.0,A,288,0.03154225293704737,0.09762723328792437,False,92.0
H_AF_domain,15.0,A,289,0.03412548600554718,0.10562266398587879,False,90.88
H_AF_domain,15.0,A,290,0.04353179118594213,0.13473635957562036,False,88.44
H_AF_domain,15.0,A,291,0.03771490293248219,0.11673236006221467,False,90.06
H_AF_domain,15.0,A,292,0.029991158608637953,0.0928264015859712,False,90.06
H_AF_domain,15.0,A,293,0.036439065609440935,0.11278348335316722,False,85.31
H_AF_domain,15.0,A,294,0.04814526583678834,0.14901564288822985,False,84.06
H_AF_domain,15.0,A,295,0.03547513972683921,0.10980001171590516,False,84.81
H_AF_domain,15.0,A,296,0.03107697250322615,0.09618713192459978,False,81.44
H_AF_domain,15.0,A,297,0.04325039081490829,0.1338653900946179,False,74.69
H_AF_domain,15.0,A,298,0.05928202845505907,0.18348532152456914,False,74.94
H_AF_domain,15.0,A,299,0.033612327609301204,0.10403437431728886,False,71.12
H_AF_domain,15.0,A,300,0.04341829882217223,0.1343850864596424,False,67.06
H_AF_domain,15.0,A,301,0.08303432187890812,0.2570016520112148,False,57.22
H_AF_domain,15.0,A,302,0.07932957870353147,0.24553500671557918,False,57.31
H_AF_domain,15.0,A,303,0.056786526694051966,0.17576143023885454,False,50.78
H_AF_domain,15.0,A,304,0.17517031333911845,0.5421741141829093,False,44.28
H_AF_domain,15.0,A,305,0.2563655529740548,0.79348357573372,False,43.12
H_AF_domain,15.0,A,306,0.4842351954254107,1.4987687304509179,False,45.28
H_AF_domain,15.0,A,307,0.426829558559615,1.3210910764949946,False,46.69
H_AF_domain,15.0,A,308,0.2675201490793208,0.8280084512514838,False,53.44
H_AF_domain,15.0,A,309,0.17534549877634079,0.5427163351074097,False,57.19
H_AF_domain,15.0,A,310,0.21895802168368902,0.6777025694974633,False,63.91
H_AF_domain,15.0,A,311,0.23680115530148432,0.732929308429802,False,72.88
H_AF_domain,15.0,A,312,0.15833873664557477,0.49007827094229645,False,75.94
H_AF_domain,15.0,A,313,0.18683613369621171,0.5782812929494356,False,86.75
H_AF_domain,15.0,A,314,0.3707942334251276,1.1476547094039191,False,86.62
H_AF_domain,15.0,A,315,0.44550079205499016,1.3788808885247286,False,82.81
H_AF_domain,15.0,A,316,0.2684239607613129,0.8308058618899153,False,85.0
H_AF_domain,15.0,A,317,0.43572032981103437,1.3486091298440759,False,87.62
H_AF_domain,15.0,A,318,0.8404333531624769,2.6012467529158743,False,86.06
H_AF_domain,15.0,A,319,0.8904483177788826,2.7560493482865454,False,83.62
H_AF_domain,15.0,A,320,0.4888607632076642,1.5130854435236474,False,84.69
H_AF_domain,15.0,A,321,0.9370647409685355,2.9003330312202884,False,88.56
H_AF_domain,15.0,A,322,1.7457777239250063,5.403401255536393,False,83.25
H_AF_domain,15.0,A,323,3.336637496245937,10.327311999347966,False,84.25
H_AF_domain,15.0,A,324,4.676970940431992,14.47581230147661,False,83.81
H_AF_domain,15.0,A,325,2.8119100280557072,8.703214600476977,False,81.44
H_AF_domain,15.0,A,326,5.35366108818838,16.570253274050874,False,82.25
H_AF_domain,15.0,A,327,3.718168948895801,11.508199750418537,False,87.62
H_AF_domain,15.0,A,328,3.036275449743729,9.397653751941421,False,88.56
H_AF_domain,15.0,A,329,2.6675111744757207,8.256282017915492,False,83.12
H_AF_domain,15.0,A,330,1.7666586427269335,5.468030321038166,False,84.19
H_AF_domain,15.0,A,331,1.2014381456240044,3.7186019133744725,False,86.56
H_AF_domain,15.0,A,332,1.0606899893468937,3.2829686973472287,False,87.19
H_AF_domain,15.0,A,333,0.6065176331222778,1.8772482289152286,False,84.44
H_AF_domain,15.0,A,334,0.4346579870330501,1.3453210455583717,False,85.88
H_AF_domain,15.0,A,335,0.40029763251415357,1.2389714340335676,False,88.62
H_AF_domain,15.0,A,336,0.22878903706185036,0.7081307964759377,False,86.44
H_AF_domain,15.0,A,337,0.1603582948876802,0.49632905727750465,False,84.62
H_AF_domain,15.0,A,338,0.15111319126841483,0.46771430075993986,False,87.12
H_AF_domain,15.0,A,339,0.1512426482988124,0.4681149865236553,False,87.44
H_AF_domain,15.0,A,340,0.07167729125115334,0.22185021622865372,False,82.75
H_AF_domain,15.0,A,341,0.06343143560494138,0.1963282576533434,False,81.94
H_AF_domain,15.0,A,342,0.08893789211879813,0.27527394315641857,False,86.12
H_AF_domain,15.0,A,343,0.07520930852296075,0.23278225316526446,False,83.88
H_AF_domain,15.0,A,344,0.04563015972188714,0.1412310736656888,False,77.31
H_AF_domain,15.0,A,345,0.060169368455829694,0.18623175024143462,False,79.56
H_AF_domain,15.0,A,346,0.08913415529355549,0.2758814023251123,False,84.31
H_AF_domain,15.0,A,347,0.0722449362361007,0.22360714873061485,False,79.69
H_AF_domain,15.0,A,348,0.06218079944185774,0.19245738169862442,False,75.19
H_AF_domain,15.0,A,349,0.10622997282578066,0.3287951041395449,False,77.25
H_AF_domain,15.0,A,350,0.12404667754628108,0.3839400423163415,False,80.56
H_AF_domain,15.0,A,351,0.08480026594654082,0.26246747063261416,False,71.75
H_AF_domain,15.0,A,352,0.14604315046789457,0.4520218878876075,False,71.38
H_AF_domain,15.0,A,353,0.2901249448804381,0.8979731325158827,False,71.38
H_AF_domain,15.0,A,354,0.37755828767224886,1.1685903065939434,False,72.88
H_AF_domain,15.0,A,355,2.113937901204062,6.542903230435922,False,58.47
H_AF_domain,15.0,A,356,0.46192908944729,1.4297285316922108,False,67.19
H_AF_domain,15.0,A,357,0.8710431725364476,2.6959879872496444,False,75.56
H_AF_domain,15.0,A,358,0.8216612247196853,2.543144658355508,False,79.12
H_AF_domain,15.0,A,359,1.0405725239055823,3.2207026158558247,False,82.56
H_AF_domain,15.0,A,360,0.6049468762417998,1.8723865391457915,False,84.06
H_AF_domain,15.0,A,361,0.2488923727361929,0.7703531445644384,False,82.81
H_AF_domain,15.0,A,362,0.3902383161308214,1.2078365867785972,False,86.12
H_AF_domain,15.0,A,363,0.3841588107935755,1.1890197544166523,False,89.44
H_AF_domain,15.0,A,364,0.18475500531413627,0.5718399393002687,False,88.06
H_AF_domain,15.0,A,365,0.11299965489054624,0.3497481201318075,False,89.5
H_AF_domain,15.0,A,366,0.17308227304299184,0.5357113672918934,False,89.69
H_AF_domain,15.0,A,367,0.1333504373252177,0.4127363470129608,False,90.56
H_AF_domain,15.0,A,368,0.06253109429601837,0.19354158825530104,False,89.25
H_AF_domain,15.0,A,369,0.06251981643266166,0.19350668185216263,False,89.06
H_AF_domain,15.0,A,370,0.08280914445857449,0.25630469962198754,False,90.88
H_AF_domain,15.0,A,371,0.052944499148234674,0.1638698725792688,False,90.69
H_AF_domain,15.0,A,372,0.03328081010649383,0.10300828602073626,False,87.88
H_AF_domain,15.0,A,373,0.043534232750027706,0.1347439165230282,False,87.75
H_AF_domain,15.0,A,374,0.04430847994516705,0.13714030880652325,False,90.06
H_AF_domain,15.0,A,375,0.030131410060303045,0.09326049743885798,False,88.38
H_AF_domain,15.0,A,376,0.025918206508630283,0.08022010343626103,False,85.31
H_AF_domain,15.0,A,377,0.03524412456749822,0.10908499079146318,False,84.06
H_AF_domain,15.0,A,378,0.03622408694820246,0.1121180974038965,False,87.44
H_AF_domain,15.0,A,379,0.027921799296382766,0.08642147468562318,False,84.62
H_AF_domain,15.0,A,380,0.029070803852480728,0.08997778805584893,False,79.62
H_AF_domain,15.0,A,381,0.038601559142469176,0.11947667236074794,False,84.12
H_AF_domain,15.0,A,382,0.037832717431092656,0.11709701072821178,False,84.25
H_AF_domain,15.0,A,383,0.03243740214548615,0.1003978324830475,False,78.12
H_AF_domain,15.0,A,384,0.03785496578708455,0.11716587218351202,False,76.94
H_AF_domain,15.0,A,385,0.04780415267553128,0.14795985482394386,False,83.19
H_AF_domain,15.0,A,386,0.04386338442842528,0.13576268229597935,False,78.88
H_AF_domain,15.0,A,387,0.04075037445035478,0.12612752554407317,False,73.62
H_AF_domain,15.0,A,388,0.053078619306452544,0.16428499130909074,False,76.81
H_AF_domain,15.0,A,389,0.06092333048597409,0.1885653573922634,False,80.88
H_AF_domain,15.0,A,390,0.05440446059287356,0.1683886365633001,False,75.5
H_AF_domain,15.0,A,391,0.0580388347412201,0.1796374808847369,False,71.25
H_AF_domain,15.0,A,392,0.07648885873235116,0.23674262172375285,False,75.38
H_AF_domain,15.0,A,393,0.07775283447188457,0.24065478534250212,False,72.88
H_AF_domain,15.0,A,394,0.0664534617239171,0.20568180793741075,False,65.06
H_AF_domain,15.0,A,395,0.09071144070080725,0.28076329870463645,False,67.38
H_AF_domain,15.0,A,396,0.10684348246373206,0.3306939935013229,False,69.75
H_AF_domain,15.0,A,397,0.15396469676175437,0.47654006829708007,False,64.88
H_AF_domain,15.0,A,398,0.11009057528751982,0.3407441534961767,False,63.16
H_AF_domain,15.0,A,399,0.1375914380825904,0.42586277685741836,False,66.31
H_AF_domain,15.0,A,400,0.14839731752658683,0.4593083305236613,False,71.88
H_AF_domain,15.0,A,401,0.10951422139847566,0.33896026584254535,False,72.38
H_AF_domain,15.0,A,402,0.10770618252650188,0.3333641585162833,False,77.0
H_AF_domain,15.0,A,403,0.08688710389711013,0.2689264961131636,False,75.62
H_AF_domain,15.0,A,404,0.07580369157731878,0.23462194334928568,False,74.0
H_AF_domain,15.0,A,405,0.07308984280746214,0.22622224065551413,False,76.38
H_AF_domain,15.0,A,406,0.06089621115654912,0.18848141966258797,False,70.44
H_AF_domain,15.0,A,407,0.048626148838992626,0.15050403615975977,False,74.44
H_AF_domain,15.0,A,408,0.04827932201766579,0.1494305636001502,False,77.0
H_AF_domain,15.0,A,409,0.03689421482438515,0.11419222732199084,False,74.56
H_AF_domain,15.0,A,410,0.031405200529734785,0.09720303887898087,False,72.19
H_AF_domain,15.0,A,411,0.03610761806999407,0.11175761160200001,False,73.31
H_AF_domain,15.0,A,412,0.034353456232138056,0.10632826046113716,False,79.31
H_AF_domain,15.0,A,413,0.025642313994798778,0.07936618146486676,False,75.94
H_AF_domain,15.0,A,414,0.02502377265947524,0.07745171836794164,True,73.31
H_AF_domain,15.0,A,415,0.028780362460224442,0.08907883547897164,False,79.25
H_AF_domain,15.0,A,416,0.024308849234967043,0.07523894060324729,False,82.06
H_AF_domain,15.0,A,417,0.019061520784107753,0.05899780019286426,True,75.88
H_AF_domain,15.0,A,418,0.02134066791233113,0.06605204672460853,True,76.5
H_AF_domain,15.0,A,419,0.02558532272939896,0.07918978634262655,False,82.56
H_AF_domain,15.0,A,420,0.020932619474241902,0.06478908557412834,False,84.44
H_AF_domain,15.0,A,421,0.016303257027128943,0.0504606275372003,False,81.75
H_AF_domain,15.0,A,422,0.021425352036583228,0.06631415472211408,False,82.44
H_AF_domain,15.0,A,423,0.028267213820796614,0.08749057600895893,False,85.75
H_AF_domain,15.0,A,424,0.021179872474678188,0.06555436465558485,False,87.12
H_AF_domain,15.0,A,425,0.022044425727305535,0.06823026552584097,False,81.94
H_AF_domain,15.0,A,426,0.037794561370956915,0.11697891293121375,False,84.19
H_AF_domain,15.0,A,427,0.04026106246032063,0.12461304349686546,False,86.69
H_AF_domain,15.0,A,428,0.030192440095585187,0.09344939306099224,False,81.5
H_AF_domain,15.0,A,429,0.05518555377618745,0.17080621803977822,False,79.94
H_AF_domain,15.0,A,430,0.08887844730821379,0.27508995400376496,False,83.0
H_AF_domain,15.0,A,431,0.06041752679353659,0.18699983145541788,False,82.19
H_AF_domain,15.0,A,432,0.0703128891150486,0.2176272203029699,False,76.38
H_AF_domain,15.0,A,433,0.05848088016038116,0.18100566696029805,False,76.31
H_AF_domain,15.0,A,434,0.0599582133865516,0.1855781987893718,False,73.44
H_AF_domain,15.0,A,435,0.032967870363319864,0.10203969822287405,False,67.31
H_AF_domain,15.0,A,436,0.030257708111692618,0.09365140576590199,False,70.0
H_AF_domain,15.0,A,437,0.03588455200300555,0.11106719411647761,False,77.94
H_AF_domain,15.0,A,438,0.028079915030758944,0.08691086273654151,False,79.69
H_AF_domain,15.0,A,439,0.0174712554248663,0.054075729232168225,False,76.81
H_AF_domain,15.0,A,440,0.019178320336954807,0.05935930947428695,False,82.69
H_AF_domain,15.0,A,441,0.023209886923054472,0.07183751426208346,False,84.19
H_AF_domain,15.0,A,442,0.01606230122376159,0.0497148390713487,False,84.19
H_AF_domain,15.0,A,443,0.013067520245686009,0.040445615919269325,False,82.69
H_AF_domain,15.0,A,444,0.016564934161925414,0.05127055112559703,False,84.12
H_AF_domain,15.0,A,445,0.017044342519844997,0.05275438018790932,False,86.69
H_AF_domain,15.0,A,446,0.013405854332135357,0.041492802398084595,False,84.44
H_AF_domain,15.0,A,447,0.01379028776476376,0.04268267214156158,False,84.88
H_AF_domain,15.0,A,448,0.016514263529918426,0.05111371915732686,False,83.31
H_AF_domain,15.0,A,449,0.01713278330030748,0.05302811550807206,True,82.88
H_AF_domain,15.0,A,450,0.01594864432935836,0.04936305671240209,True,79.12
H_AF_domain,15.0,A,451,0.01691025894280642,0.05233937468143043,False,81.0
H_AF_domain,15.0,A,452,0.020238663442340408,0.06264120452221919,False,77.88
H_AF_domain,15.0,A,453,0.02057074202287806,0.06366902942479595,True,75.81
H_AF_domain,15.0,A,454,0.01968383228409022,0.060923932422790934,True,77.44
H_AF_domain,15.0,A,455,0.021875235404501234,0.0677066002332114,False,77.06
H_AF_domain,15.0,A,456,0.025556821840020845,0.07910157251142737,False,76.44
H_AF_domain,15.0,A,457,0.02491879593657391,0.07712680222967642,False,75.12
H_AF_domain,15.0,A,458,0.024474671605517855,0.07575218166077195,False,79.81
H_AF_domain,15.0,A,459,0.028570178733699488,0.08842829045469165,False,78.81
H_AF_domain,15.0,A,460,0.03217570807008543,0.09958785646135354,False,75.75
H_AF_domain,15.0,A,461,0.029520993418882625,0.0913711812897002,False,80.75
H_AF_domain,15.0,A,462,0.031910511831506956,0.09876704080489258,False,84.44
H_AF_domain,15.0,A,463,0.03836092817700242,0.11873188930898536,False,81.75
H_AF_domain,15.0,A,464,0.03853487345239599,0.11927027177691094,False,79.94
H_AF_domain,15.0,A,465,0.03607513488138444,0.1116570720546615,False,86.62
H_AF_domain,15.0,A,466,0.043901222915047715,0.13587979716307916,False,87.62
H_AF_domain,15.0,A,467,0.04998605243559218,0.15471310854083808,False,86.56
H_AF_domain,15.0,A,468,0.046355597083811394,0.14347639338681667,False,85.88
H_AF_domain,15.0,A,469,0.04804394472564227,0.14870204132734607,False,88.69
H_AF_domain,15.0,A,470,0.06343024914063213,0.19632458539733372,False,88.5
H_AF_domain,15.0,A,471,0.06490316544438512,0.20088344629693636,False,87.62
H_AF_domain,15.0,A,472,0.05830371772886727,0.1804573269902337,False,88.06
H_AF_domain,15.0,A,473,0.07295548696518434,0.2258063924539342,False,88.5
H_AF_domain,15.0,A,474,0.10534440811175233,0.32605417015805194,False,89.38
H_AF_domain,15.0,A,475,0.08983017338153255,0.27803566569948723,False,87.81
H_AF_domain,15.0,A,476,0.08045580761916654,0.24902082661886107,False,86.62
H_AF_domain,15.0,A,477,0.13243958966675745,0.4099171591439226,False,87.62
H_AF_domain,15.0,A,478,0.1665578305536545,0.5155173985778816,False,89.56
H_AF_domain,15.0,A,479,0.11628103401100592,0.359904400519851,False,87.12
H_AF_domain,15.0,A,480,0.17500220625468663,0.5416538016490541,False,86.19
H_AF_domain,15.0,A,481,0.41761589128764326,1.2925736194194537,False,89.44
H_AF_domain,15.0,A,482,0.2693242000709799,0.8335922155874532,False,87.5
H_AF_domain,15.0,A,483,0.28906147732265447,0.8946815668954721,False,82.25
H_AF_domain,15.0,A,484,0.7071575821268512,2.1887415074443055,False,85.56
H_AF_domain,15.0,A,485,0.6943507082406554,2.149102624734436,False,87.06
H_AF_domain,15.0,A,486,0.4891016092234805,1.5138308921832435,False,82.44
H_AF_domain,15.0,A,487,0.8361572698781813,2.5880117382456254,False,81.88
H_AF_domain,15.0,A,488,1.5391050530212778,4.763723389252518,False,84.5
H_AF_domain,15.0,A,489,1.6245481406883375,5.028180473822884,False,81.12
H_AF_domain,15.0,A,490,1.4280542628341948,4.420007250077535,False,79.12
H_AF_domain,15.0,A,491,2.5478152568755164,7.885808123914019,False,79.06
H_AF_domain,15.0,A,492,3.65839278473301,11.32318501683482,False,78.31
H_AF_domain,15.0,A,493,3.7037268957198646,11.46349978249368,False,76.19
H_AF_domain,15.0,A,494,4.5665519394156755,14.13405162911265,False,68.38
H_AF_domain,15.0,A,495,7.475271832147074,23.136904916215123,False,65.5
H_AF_domain,15.0,A,496,8.242126265960128,25.510415675169625,False,65.88
H_AF_domain,15.0,A,497,11.019430739574394,34.106521739574205,False,64.81
H_AF_domain,15.0,A,498,7.778616486610821,24.075794709759126,False,65.06
H_AF_domain,15.0,A,499,6.564213324366436,20.317064442056065,False,66.69
H_AF_domain,15.0,A,500,4.269699682936175,13.215256622515895,False,63.44
H_AF_domain,15.0,A,501,3.3372188328647345,10.329111309175817,False,66.62
H_AF_domain,15.0,A,502,2.121754630234291,6.567096988253594,False,68.12
H_AF_domain,15.0,A,503,0.9048733481929854,2.8006966286261483,False,72.06
H_AF_domain,15.0,A,504,0.4392521063200903,1.3595404215897406,False,75.75
H_AF_domain,15.0,A,505,0.15991854787063062,0.4949679850450661,False,80.5
H_AF_domain,15.0,A,506,0.12893416419398768,0.39906742716420174,False,82.44
H_AF_domain,15.0,A,507,0.09980847690286619,0.3089197679745908,False,82.38
H_AF_domain,15.0,A,508,0.09368127608357506,0.2899553121070674,False,83.56
H_AF_domain,15.0,A,509,0.10105066272352604,0.31276448905848253,False,84.5
H_AF_domain,15.0,A,510,0.08532009234902353,0.26407639861774224,False,84.44
H_AF_domain,15.0,A,511,0.08310786104839439,0.2572292649743587,False,83.81
H_AF_domain,15.0,A,512,0.06220877685075497,0.192543975292007,False,83.94
H_AF_domain,15.0,A,513,0.055133406599975905,0.17064481598179992,False,84.5
H_AF_domain,15.0,A,514,0.045811124124103375,0.14179118121245263,False,85.62
H_AF_domain,15.0,A,515,0.037297533467000564,0.11544054916160608,False,88.75
H_AF_domain,15.0,A,516,0.033161845537087994,0.10264007574122451,False,91.12
H_AF_domain,15.0,A,517,0.029494662515168437,0.09128968383659446,False,92.19
H_AF_domain,15.0,A,518,0.030591568953261598,0.09468474699015153,False,91.25
H_AF_domain,15.0,A,519,0.03041983049458877,0.09415319489706474,False,87.69
H_AF_domain,15.0,A,520,0.026530505204643638,0.08211524478069486,False,89.44
H_AF_domain,15.0,A,521,0.026577856900765032,0.08226180422567327,False,91.56
H_AF_domain,15.0,A,522,0.02939070465736225,0.09096792121372749,False,89.56
H_AF_domain,15.0,A,523,0.027635783834550596,0.0855362209191287,False,85.44
H_AF_domain,15.0,A,524,0.024432004660125583,0.07562012210751785,False,88.94
H_AF_domain,15.0,A,525,0.02827395396086021,0.08751143758874827,False,90.31
H_AF_domain,15.0,A,526,0.030136708128243095,0.09327689562435826,False,85.94
H_AF_domain,15.0,A,527,0.02532698615788103,0.0783902022170183,False,83.62
H_AF_domain,15.0,A,528,0.024192268994876233,0.0748781101223421,False,85.56
H_AF_domain,15.0,A,529,0.030310456862711048,0.09381466977344136,False,87.25
H_AF_domain,15.0,A,530,0.02976069383830488,0.09211308418461563,False,82.19
H_AF_domain,15.0,A,531,0.023497895054095306,0.07272893558997845,True,82.75
H_AF_domain,15.0,A,532,0.02562486945850282,0.07931218843469343,False,85.75
H_AF_domain,15.0,A,533,0.031383832419057296,0.09713690189345238,False,85.56
H_AF_domain,15.0,A,534,0.028166270874402856,0.08717814491546595,True,81.75
H_AF_domain,15.0,A,535,0.023482218753003985,0.07268041546978321,True,83.56
H_AF_domain,15.0,A,536,0.03160904590237126,0.09783396590213181,False,88.31
H_AF_domain,15.0,A,537,0.03724341448967467,0.11527304413159939,False,87.19
H_AF_domain,15.0,A,538,0.028325216865447134,0.08767010271501914,False,83.75
H_AF_domain,15.0,A,539,0.029560688729008935,0.0914940432586874,True,87.25
H_AF_domain,15.0,A,540,0.047416747051937436,0.14676078577624033,False,88.25
H_AF_domain,15.0,A,541,0.055817090958004675,0.1727609049133608,False,85.44
H_AF_domain,15.0,A,542,0.03884417640348279,0.12022760324662747,False,80.88
H_AF_domain,15.0,A,543,0.03476080406573578,0.10758905315274817,False,84.62
H_AF_domain,15.0,A,544,0.05532525694156193,0.17123861687775266,False,87.62
H_AF_domain,15.0,A,545,0.09620154668956396,0.29775586607797877,False,86.31
H_AF_domain,15.0,A,546,0.0879300751651183,0.2721546231432035,False,84.12
H_AF_domain,15.0,A,547,0.06981674389349367,0.21609158854622432,False,85.12
H_AF_domain,15.0,A,548,0.12773408706401942,0.39535303776517106,False,85.75
H_AF_domain,15.0,A,549,0.1992613550626591,0.6167389131903637,False,84.12
H_AF_domain,15.0,A,550,0.15290097890626653,0.47324772797384745,False,82.56
H_AF_domain,15.0,A,551,0.23246862867315068,0.7195195945227247,False,82.38
H_AF_domain,15.0,A,552,0.41902146852346994,1.2969240574487255,False,83.19
H_AF_domain,15.0,A,553,0.5089287991609965,1.5751985345433857,False,79.12
H_AF_domain,15.0,A,554,0.5105629493099589,1.5802564344384455,False,74.06
H_AF_domain,15.0,A,555,1.0559189499729202,3.2682017314327014,False,71.19
H_AF_domain,15.0,A,556,1.3525909696294705,4.186438882431876,False,74.38
H_AF_domain,15.0,A,557,1.0309803202083154,3.1910135410149323,False,66.5
H_AF_domain,15.0,A,558,1.4886589535120656,4.607586377255279,False,70.25
H_AF_domain,15.0,A,559,1.0248033062975437,3.1718949073747407,False,68.31
H_AF_domain,15.0,A,560,0.7038706841924731,2.178568145634242,False,66.88
H_AF_domain,15.0,A,561,0.32596428074286027,1.0089003769999125,False,71.38
H_AF_domain,15.0,A,562,0.24730535265276601,0.7654411181398655,False,71.69
H_AF_domain,15.0,A,563,0.40207167444406683,1.2444623165554936,False,63.62
H_AF_domain,15.0,A,564,0.4631155171308331,1.4334006743407302,False,64.44
H_AF_domain,15.0,A,565,0.3454420752984248,1.0691865967828031,False,64.56
H_AF_domain,15.0,A,566,0.2088416703754875,0.6463911919887126,False,62.25
H_AF_domain,15.0,A,567,0.1296268824442535,0.4012114771265325,False,74.12
H_AF_domain,15.0,A,568,0.05212964710930352,0.1613478032058907,False,79.62
H_AF_domain,15.0,A,569,0.029672115865536208,0.09183892423703935,False,79.69
H_AF_domain,15.0,A,570,0.02329877491893605,0.0721126337701207,False,80.06
H_AF_domain,15.0,A,571,0.017092811604138582,0.05290439808958,False,82.25
H_AF_domain,15.0,A,572,0.013974255549724354,0.043252075535024186,False,77.5
H_AF_domain,15.0,A,573,0.013260964115756214,0.04104434898596417,False,81.62
H_AF_domain,15.0,A,574,0.011959154703827808,0.037015085400753475,False,76.38
H_AF_domain,15.0,A,575,0.01145208443686213,0.03544563925671205,False,79.69
H_AF_domain,15.0,A,576,0.012882090566875237,0.03987168778078491,False,84.62
H_AF_domain,15.0,A,577,0.01318137632086026,0.0407980147677114,False,87.5
H_AF_domain,15.0,A,578,0.012412998869158219,0.03841979007716024,False,84.62
H_AF_domain,15.0,A,579,0.013685420619316185,0.042358095159274294,False,84.12
H_AF_domain,15.0,A,580,0.01561516168109698,0.04833088604392554,False,89.75
H_AF_domain,15.0,A,581,0.015281227179192688,0.047297316831689404,False,90.69
H_AF_domain,15.0,A,582,0.015638140086783693,0.048402007094696345,True,85.69
H_AF_domain,15.0,A,583,0.017432229725160467,0.05395493979150874,True,87.69
H_AF_domain,15.0,A,584,0.01929889208547375,0.05973249417495132,False,92.5
H_AF_domain,15.0,A,585,0.018903818216415284,0.05850969094470925,True,90.69
H_AF_domain,15.0,A,586,0.019613560114228896,0.06070643123369096,False,88.38
H_AF_domain,15.0,A,587,0.021798486043370344,0.06746905132385547,False,92.81
H_AF_domain,15.0,A,588,0.023218776020970007,0.07186502713624787,False,92.44
H_AF_domain,15.0,A,589,0.02233271779410475,0.06912256567055915,False,89.69
H_AF_domain,15.0,A,590,0.02343322066817513,0.07252876024503452,False,91.38
H_AF_domain,15.0,A,591,0.025938116504346232,0.08028172737290253,False,92.62
H_AF_domain,15.0,A,592,0.027773405804522595,0.08596217819601742,False,92.94
H_AF_domain,15.0,A,593,0.02707596065979663,0.08380349790182327,False,93.0
H_AF_domain,15.0,A,594,0.028239655408581074,0.08740527926291543,False,93.94
H_AF_domain,15.0,A,595,0.03176745992192709,0.09832427718313386,False,93.62
H_AF_domain,15.0,A,596,0.03325494649698964,0.10292823490188395,False,92.31
H_AF_domain,15.0,A,597,0.028100249576688694,0.08697380070940128,False,94.5
H_AF_domain,15.0,A,598,0.02852809406327579,0.08829803311557577,False,95.44
H_AF_domain,15.0,A,599,0.03235431493526372,0.10014066713497242,False,94.5
H_AF_domain,15.0,A,600,0.030115231696975192,0.0932104233730017,False,93.94
H_AF_domain,15.0,A,601,0.026090438696877393,0.08075318368437295,False,95.0
H_AF_domain,15.0,A,602,0.02886161755946107,0.08933033021350566,False,95.69
H_AF_domain,15.0,A,603,0.0309454348935706,0.09578000650684323,False,94.56
H_AF_domain,15.0,A,604,0.026805743794881254,0.08296714277645935,True,93.19
H_AF_domain,15.0,A,605,0.024737772532101042,0.07656651206351998,False,95.06
H_AF_domain,15.0,A,606,0.029350087087893034,0.09084220473627504,False,94.38
H_AF_domain,15.0,A,607,0.031337829280690316,0.0969945164040489,False,93.25
H_AF_domain,15.0,A,608,0.02483071847988799,0.07685419144222111,False,92.5
H_AF_domain,15.0,A,609,0.025473040671226917,0.07884225927444001,False,93.38
H_AF_domain,15.0,A,610,0.033044180417475415,0.10227588742198189,False,92.94
H_AF_domain,15.0,A,611,0.03218527207372156,0.09961745825346442,False,92.06
H_AF_domain,15.0,A,612,0.024506894126222215,0.07585191440821419,False,91.81
H_AF_domain,15.0,A,613,0.027684476158144813,0.08568692977446479,False,91.12
H_AF_domain,15.0,A,614,0.037883042976117144,0.11725277460894197,False,91.5
H_AF_domain,15.0,A,615,0.030953694062159358,0.0958055696706473,False,89.88
H_AF_domain,15.0,A,616,0.02501011317938416,0.07740944056197435,False,89.44
H_AF_domain,15.0,A,617,0.033917609308527476,0.10497925950758837,False,86.56
H_AF_domain,15.0,A,618,0.052695921011729006,0.16310049203529337,False,85.5
H_AF_domain,15.0,A,619,0.04152016855786025,0.12851013496221134,False,83.06
H_AF_domain,15.0,A,620,0.026870584710202858,0.08316783355081014,False,83.25
H_AF_domain,15.0,A,621,0.03009401787826263,0.09314476394047756,False,78.19
H_AF_domain,15.0,A,622,0.028953633852076065,0.08961513219272202,False,68.81
H_AF_domain,15.0,A,623,0.024478764453422022,0.07576484953893366,False,65.38
H_AF_domain,15.0,A,624,0.03742103860533105,0.11582281307205383,False,57.81
H_AF_domain,15.0,A,625,0.028716476547354593,0.0888811005571192,False,59.75
H_AF_domain,15.0,A,626,0.02621429207213637,0.08113652543183904,False,53.94
H_AF_domain,15.0,A,627,0.025544447547344747,0.07906327252187768,False,56.25
H_AF_domain,15.0,A,628,0.02819302943021996,0.08726096600552626,False,54.09
H_AF_domain,15.0,A,629,0.02219641974935071,0.06870070610845216,False,51.22
H_AF_domain,15.0,A,630,0.026589517604283883,0.08229789556718296,False,49.28
H_AF_domain,15.0,A,631,0.02799475979917298,0.08664729660268537,False,55.06
H_AF_domain,15.0,A,632,0.0209151001071806,0.0647348609333405,False,61.59
H_AF_domain,15.0,A,633,0.020600248026748997,0.06376035421155267,False,71.75
H_AF_domain,15.0,A,634,0.022966655624682707,0.07108468285348186,False,77.81
H_AF_domain,15.0,A,635,0.018442653370215285,0.05708232784182585,False,81.25
H_AF_domain,15.0,A,636,0.016418222066863615,0.05081645877019855,False,85.56
H_AF_domain,15.0,A,637,0.020679038752119277,0.06400422139954337,False,87.69
H_AF_domain,15.0,A,638,0.020257124956004298,0.06269834522503805,False,86.88
H_AF_domain,15.0,A,639,0.01684635962253345,0.0521415982619819,False,87.81
H_AF_domain,15.0,A,640,0.018657421038889812,0.0577470607426189,False,91.56
H_AF_domain,15.0,A,641,0.023411853135728657,0.07246262504920362,False,90.62
H_AF_domain,15.0,A,642,0.020738727065290015,0.06418896422327611,False,89.06
H_AF_domain,15.0,A,643,0.01879543477173437,0.058174230574787975,False,90.31
H_AF_domain,15.0,A,644,0.022962671657535582,0.07107235197493428,False,91.44
H_AF_domain,15.0,A,645,0.02575997811435725,0.07973036668881635,False,89.19
H_AF_domain,15.0,A,646,0.0220888494368448,0.06836776248470947,False,86.5
H_AF_domain,15.0,A,647,0.021637641086209077,0.06697121598573587,False,86.62
H_AF_domain,15.0,A,648,0.02676324159325426,0.08283559312584401,False,87.56
H_AF_domain,15.0,A,649,0.02887984153399315,0.08938673570288613,False,85.56
H_AF_domain,15.0,A,650,0.026601828550070716,0.08233599949015653,False,86.0
H_AF_domain,15.0,A,651,0.027274136837867002,0.0844168780559676,False,88.56
H_AF_domain,15.0,A,652,0.033664660247987005,0.10419635040491164,False,87.12
H_AF_domain,15.0,A,653,0.03579361425718287,0.11078573037500589,False,86.94
H_AF_domain,15.0,A,654,0.03219188849414263,0.09963793690542591,False,86.69
H_AF_domain,15.0,A,655,0.03606319649964954,0.11162012126420784,False,86.56
H_AF_domain,15.0,A,656,0.04599066829716563,0.14234689297166084,False,85.62
H_AF_domain,15.0,A,657,0.045221219143108074,0.1399653512277563,False,84.69
H_AF_domain,15.0,A,658,0.04111763497666789,0.12726424298627284,False,87.62
H_AF_domain,15.0,A,659,0.04481102481735647,0.13869574828552325,False,88.5
H_AF_domain,15.0,A,660,0.04050758041953685,0.12537604753345405,False,90.81
H_AF_domain,15.0,A,661,0.041672060887560515,0.12898026079424654,False,89.75
H_AF_domain,15.0,A,662,0.04962558880008249,0.15359742832909312,False,86.81
H_AF_domain,15.0,A,663,0.048742608252647326,0.1508644926676742,False,83.62
H_AF_domain,15.0,A,664,0.04217842196158298,0.1305475118970824,False,87.75
H_AF_domain,15.0,A,665,0.039929175240015394,0.12358581087823524,False,90.81
H_AF_domain,15.0,A,666,0.04514914338084358,0.13974226769370932,False,90.25
H_AF_domain,15.0,A,667,0.046004003412142336,0.14238816682687183,False,91.62
H_AF_domain,15.0,A,668,0.048451212301786964,0.14996258561206285,False,87.19
H_AF_domain,15.0,A,669,0.05772404510467209,0.1786631674346093,False,83.81
H_AF_domain,15.0,A,670,0.05933853445746601,0.18366021469691673,False,86.19
H_AF_domain,15.0,A,671,0.05895521131526344,0.1824737814417159,False,86.31
H_AF_domain,15.0,A,672,0.05197435615932615,0.16086715821736683,False,86.75
H_AF_domain,15.0,A,673,0.045247166757598635,0.1400456623525891,False,87.38
H_AF_domain,15.0,A,674,0.05490311341681,0.16993202966427123,False,83.88
H_AF_domain,15.0,A,675,0.06770001834521064,0.2095400571980618,False,83.62
H_AF_domain,15.0,A,676,0.06488840725638809,0.20083776785204627,False,85.0
H_AF_domain,15.0,A,677,0.07606913708415684,0.23544353052230824,False,82.38
H_AF_domain,15.0,A,678,0.09547871605795048,0.29551861451446404,False,77.62
H_AF_domain,15.0,A,679,0.10488328324827019,0.3246269308067006,False,79.31
H_AF_domain,15.0,A,680,0.10674378815342667,0.33038542709330226,False,81.19
H_AF_domain,15.0,A,681,0.14668526258456027,0.45400930551233576,False,78.75
H_AF_domain,15.0,A,682,0.22388448021421462,0.6929505772159611,False,76.62
H_AF_domain,15.0,A,683,0.25557762943042717,0.7910448534344503,False,78.25
H_AF_domain,15.0,A,684,0.31009992045428225,0.9597981899764365,False,79.69
H_AF_domain,15.0,A,685,0.5245998493010273,1.6237024023850706,False,79.81
H_AF_domain,15.0,A,686,1.0006760100968175,3.0972178962082824,False,82.75
H_AF_domain,15.0,A,687,0.8186160818862206,2.533719558937561,False,76.38
H_AF_domain,15.0,A,688,1.066319451708589,3.300392590192413,False,80.44
H_AF_domain,15.0,A,689,0.7515456719563383,2.3261282188386225,False,73.44
H_AF_domain,15.0,A,690,0.37696700811795325,1.166760222132291,False,72.69
H_AF_domain,15.0,A,691,0.44666153563747013,1.3824735356555597,False,71.75
H_AF_domain,15.0,A,692,0.49131207307843416,1.5206725553603408,False,71.0
H_AF_domain,15.0,A,693,0.27241501376111527,0.8431586720412325,False,67.12
H_AF_domain,15.0,A,694,0.19049729651141525,0.5896130515583821,False,66.06
H_AF_domain,15.0,A,695,0.24172118513179452,0.748157418513945,False,67.56
H_AF_domain,15.0,A,696,0.2050353919736726,0.6346102824184796,False,63.25
H_AF_domain,15.0,A,697,0.11779745822343908,0.36459792385967515,False,61.5
H_AF_domain,15.0,A,698,0.12240415391080486,0.37885622542914554,False,64.12
H_AF_domain,15.0,A,699,0.09096020964212599,0.2815332698134658,False,53.16
H_AF_domain,15.0,A,700,0.06526616358211805,0.2020069711112945,False,58.66
H_AF_domain,15.0,A,701,0.07440113879344964,0.23028086637857273,False,59.84
H_AF_domain,15.0,A,702,0.09070870074541097,0.28075481819865594,False,63.25
H_AF_domain,15.0,A,703,0.07002140299805389,0.21672503417185146,False,68.31
H_AF_domain,15.0,A,704,0.05984028547649989,0.18521319710072406,False,69.25
H_AF_domain,15.0,A,705,0.07990091196782842,0.24730335490522792,False,73.38
H_AF_domain,15.0,A,706,0.08776860455449587,0.2716548513290644,False,76.38
H_AF_domain,15.0,A,707,0.06097292948273632,0.18871887251489644,False,75.5
H_AF_domain,15.0,A,708,0.06331038497970544,0.19595359076911215,False,79.75
H_AF_domain,15.0,A,709,0.09935098234130282,0.307503764863499,False,77.81
H_AF_domain,15.0,A,710,0.08515441479086125,0.2635636057727427,False,82.81
H_AF_domain,15.0,A,711,0.06481456566248252,0.2006092188473522,False,83.5
H_AF_domain,15.0,A,712,0.09555665007257863,0.2957598300751392,False,80.69
H_AF_domain,15.0,A,713,0.15074195007465765,0.4665652626521879,False,82.75
H_AF_domain,15.0,A,714,0.10767237249780708,0.333259512232283,False,83.88
H_AF_domain,15.0,A,715,0.08735809628480178,0.27038427669091053,False,80.12
H_AF_domain,15.0,A,716,0.2209757283934753,0.6839476251076652,False,81.75
H_AF_domain,15.0,A,717,0.2423175193063582,0.7500031476599854,False,84.81
H_AF_domain,15.0,A,718,0.14265257076004112,0.44152761797034595,False,80.94
H_AF_domain,15.0,A,719,0.15762182063804314,0.4878593258829557,False,79.5
H_AF_domain,15.0,A,720,0.38876219388520417,1.2032678030863866,False,82.06
H_AF_domain,15.0,A,721,0.3306784046771291,1.023491182482247,False,84.69
H_AF_domain,15.0,A,722,0.19472751094422636,0.6027060963739898,False,78.5
H_AF_domain,15.0,A,723,0.33932711342474137,1.0502600219886584,False,80.38
H_AF_domain,15.0,A,724,0.6336023361096932,1.961078785418719,False,83.06
H_AF_domain,15.0,A,725,0.46160200906006177,1.4287161768255003,False,83.25
H_AF_domain,15.0,A,726,0.36486514080322907,1.1293034232818067,False,81.06
H_AF_domain,15.0,A,727,0.7226385420167806,2.23665702209418,False,82.69
H_AF_domain,15.0,A,728,0.9557502894190245,2.9581671498334865,False,86.38
H_AF_domain,15.0,A,729,0.7690669880050687,2.3803588919872665,False,82.94
H_AF_domain,15.0,A,730,0.8822785083010952,2.730762762150872,False,84.25
H_AF_domain,15.0,A,731,1.6021430856398131,4.958834015267225,False,84.5
H_AF_domain,15.0,A,732,1.8893966359255912,5.8479198209801035,False,83.25
H_AF_domain,15.0,A,733,1.7494938289319246,5.414903067127241,False,81.5
H_AF_domain,15.0,A,734,2.808191556813254,8.691705465090042,False,83.12
H_AF_domain,13.0,A,183,0.08524026945531778,0.1300927594942743,False,79.38
H_AF_domain,13.0,A,184,0.0598142472416361,0.09128784470603027,False,75.5
H_AF_domain,13.0,A,185,0.05598760970661004,0.08544767268760581,False,84.0
H_AF_domain,13.0,A,186,0.06199260808145546,0.09461243500398697,False,86.25
H_AF_domain,13.0,A,187,0.053187430939751625,0.08117407072475843,False,84.06
H_AF_domain,13.0,A,188,0.04550143979225283,0.06944379577119536,False,88.81
H_AF_domain,13.0,A,189,0.05644779086008428,0.08614999609067885,False,92.44
H_AF_domain,13.0,A,190,0.06007317719422469,0.09168302074504582,False,90.12
H_AF_domain,13.0,A,191,0.05062493575775649,0.07726321882873909,False,91.81
H_AF_domain,13.0,A,192,0.051246543512351306,0.07821190973076243,False,93.12
H_AF_domain,13.0,A,193,0.06395870446604293,0.0976130696305208,False,94.06
H_AF_domain,13.0,A,194,0.06198958696302029,0.09460782420633815,False,92.94
H_AF_domain,13.0,A,195,0.05450790002593813,0.08318935608632023,False,93.75
H_AF_domain,13.0,A,196,0.06252907539389281,0.09543118550183748,False,95.44
H_AF_domain,13.0,A,197,0.07232823254651922,0.11038655111540426,False,93.75
H_AF_domain,13.0,A,198,0.06712682505368946,0.10244822034380666,False,94.25
H_AF_domain,13.0,A,199,0.06322307856613595,0.09649036549213791,False,95.75
H_AF_domain,13.0,A,200,0.0765354435792827,0.11680755021036676,False,95.5
H_AF_domain,13.0,A,201,0.08405288451615472,0.12828058569068684,False,95.56
H_AF_domain,13.0,A,202,0.0721767442340477,0.11015535132302347,False,95.19
H_AF_domain,13.0,A,203,0.07580031371656977,0.11568560311848076,False,96.38
H_AF_domain,13.0,A,204,0.09387116267858683,0.14326513357861564,False,96.25
H_AF_domain,13.0,A,205,0.09074914811469324,0.13850034937047642,False,94.38
H_AF_domain,13.0,A,206,0.08047034329754188,0.12281295077928348,False,94.38
H_AF_domain,13.0,A,207,0.0941696231623265,0.14372064067846171,False,94.75
H_AF_domain,13.0,A,208,0.11724060001901863,0.17893131120653777,False,93.44
H_AF_domain,13.0,A,209,0.11139034964836857,0.17000272358810917,False,92.81
H_AF_domain,13.0,A,210,0.0944527351860842,0.14415272312789548,False,93.31
H_AF_domain,13.0,A,211,0.09820109088330026,0.14987342226848813,False,92.0
H_AF_domain,13.0,A,212,0.13081340451495868,0.19964597579213847,False,91.69
H_AF_domain,13.0,A,213,0.14354627934102376,0.21907874897554896,False,91.06
H_AF_domain,13.0,A,214,0.1256073185539252,0.1917005047939471,False,88.88
H_AF_domain,13.0,A,215,0.14258437826134934,0.2176107061524211,False,88.19
H_AF_domain,13.0,A,216,0.1856407405320892,0.2833228515665304,False,89.06
H_AF_domain,13.0,A,217,0.187260636889431,0.2857951195282335,False,85.44
H_AF_domain,13.0,A,218,0.1542115131706645,0.23535591126533914,False,83.12
H_AF_domain,13.0,A,219,0.16658668040313326,0.25424275506302196,False,84.38
H_AF_domain,13.0,A,220,0.18517020127223827,0.2826047197357003,False,82.44
H_AF_domain,13.0,A,221,0.17456433780850977,0.26641816784382494,False,81.31
H_AF_domain,13.0,A,222,0.20049915145400146,0.30599959450602426,False,79.31
H_AF_domain,13.0,A,223,0.1897317565836051,0.2895665151621278,False,82.38
H_AF_domain,13.0,A,224,0.1379850666105085,0.21059128741694072,False,82.81
H_AF_domain,13.0,A,225,0.12361523949536879,0.18866021569685307,False,82.88
H_AF_domain,13.0,A,226,0.09876550289585904,0.15073482165958202,False,85.88
H_AF_domain,13.0,A,227,0.11931698879739085,0.18210027286852526,False,85.81
H_AF_domain,13.0,A,228,0.14744893084155147,0.22503493267009086,False,85.19
H_AF_domain,13.0,A,229,0.1632640970164342,0.24917186492872823,False,85.75
H_AF_domain,13.0,A,230,0.17876251950201144,0.27282538646075183,False,84.25
H_AF_domain,13.0,A,231,0.2665562830082879,0.40681526042409233,False,80.94
H_AF_domain,13.0,A,232,0.3056022434533133,0.4664067747852749,False,78.38
H_AF_domain,13.0,A,233,0.2449335676203103,0.3738149105829197,False,82.0
H_AF_domain,13.0,A,234,0.27284267456675554,0.41640948191504223,False,79.44
H_AF_domain,13.0,A,235,0.3833183599505501,0.585016254986458,False,81.44
H_AF_domain,13.0,A,236,0.3096518933192166,0.4725873057644401,False,82.38
H_AF_domain,13.0,A,237,0.21918414831348648,0.3345164307164782,False,78.88
H_AF_domain,13.0,A,238,0.26749020220336106,0.40824059760343373,False,82.62
H_AF_domain,13.0,A,239,0.30110839553278534,0.45954831363229204,False,86.5
H_AF_domain,13.0,A,240,0.2819921507582923,0.430373311608332,False,80.25
H_AF_domain,13.0,A,241,0.2127164016787373,0.32464542710749283,False,79.25
H_AF_domain,13.0,A,242,0.1835751685383163,0.28017039836194657,False,80.81
H_AF_domain,13.0,A,243,0.15665484123601014,0.2390848916217098,False,82.06
H_AF_domain,13.0,A,244,0.13060119325690642,0.19932210130966466,False,80.0
H_AF_domain,13.0,A,245,0.10870042246453818,0.1658973863757885,False,78.25
H_AF_domain,13.0,A,246,0.08681196854845406,0.13249146932270728,False,83.0
H_AF_domain,13.0,A,247,0.10653732469982712,0.16259609041479123,False,82.88
H_AF_domain,13.0,A,248,0.136847505753125,0.20885515457766965,False,83.12
H_AF_domain,13.0,A,249,0.14865580970244832,0.22687685788211379,False,83.62
H_AF_domain,13.0,A,250,0.11041922760624466,0.1685206078337492,False,84.75
H_AF_domain,13.0,A,251,0.08345497212957904,0.12736805839809995,False,85.25
H_AF_domain,13.0,A,252,0.10098793841625928,0.1541266782491311,False,86.12
H_AF_domain,13.0,A,253,0.10196999998726343,0.15562548979186305,False,88.69
H_AF_domain,13.0,A,254,0.09045816628830763,0.13805625611503416,False,89.44
H_AF_domain,13.0,A,255,0.07630237579826768,0.1164518447324841,False,89.62
H_AF_domain,13.0,A,256,0.06470623196036354,0.09875393785108626,False,93.5
H_AF_domain,13.0,A,257,0.06163328874060936,0.09406404578737573,False,92.31
H_AF_domain,13.0,A,258,0.06798218634111784,0.10375366331057795,False,90.06
H_AF_domain,13.0,A,259,0.08246065473104969,0.12585054214651586,False,90.0
H_AF_domain,13.0,A,260,0.08571077294669432,0.13081083673565316,False,91.25
H_AF_domain,13.0,A,261,0.10252155309755678,0.15646726406808498,False,87.88
H_AF_domain,13.0,A,262,0.10525225256993152,0.1606348274976798,False,87.12
H_AF_domain,13.0,A,263,0.13936162636912083,0.21269217774437596,False,85.62
H_AF_domain,13.0,A,264,0.16093415184828733,0.24561592830004986,False,82.19
H_AF_domain,13.0,A,265,0.17989934728582532,0.2745604004912229,False,83.94
H_AF_domain,13.0,A,266,0.17450982918970115,0.26633497739074036,False,82.0
H_AF_domain,13.0,A,267,0.22170184845058866,0.33835891690883385,False,80.12
H_AF_domain,13.0,A,268,0.29684691498268456,0.4530444889982745,False,80.06
H_AF_domain,13.0,A,269,0.27547124590225663,0.4204211785080726,False,76.69
H_AF_domain,13.0,A,270,0.2348385468459111,0.3584080011716111,False,83.81
H_AF_domain,13.0,A,271,0.18152977172016624,0.27704873628797305,False,86.69
H_AF_domain,13.0,A,272,0.15403882213602396,0.23509235211213766,False,88.81
H_AF_domain,13.0,A,273,0.11661330020050302,0.17797393313931179,False,89.12
H_AF_domain,13.0,A,274,0.1022220355356033,0.15601014366712296,False,91.0
H_AF_domain,13.0,A,275,0.11855696225675474,0.18094032874127133,False,89.31
H_AF_domain,13.0,A,276,0.10859787851728943,0.16574088493401373,False,91.75
H_AF_domain,13.0,A,277,0.08394267136382114,0.1281123795926623,False,92.5
H_AF_domain,13.0,A,278,0.08545273545135093,0.13041702275504613,False,91.56
H_AF_domain,13.0,A,279,0.09819494211151263,0.1498640380807742,False,90.0
H_AF_domain,13.0,A,280,0.08490874445841831,0.12958678969897008,False,92.12
H_AF_domain,13.0,A,281,0.07106004936360621,0.10845106392298204,False,90.44
H_AF_domain,13.0,A,282,0.08183545830567325,0.12489637425470962,False,88.75
H_AF_domain,13.0,A,283,0.08698934672524028,0.13276218194057715,False,89.12
H_AF_domain,13.0,A,284,0.07208240073401177,0.11001136531337745,False,91.25
H_AF_domain,13.0,A,285,0.06768036591868104,0.10329302830933462,False,89.75
H_AF_domain,13.0,A,286,0.08342142692398521,0.1273168620751485,False,88.06
H_AF_domain,13.0,A,287,0.08423411951349397,0.12855718454556445,False,91.12
H_AF_domain,13.0,A,288,0.06778278822273913,0.10344934410061286,False,92.0
H_AF_domain,13.0,A,289,0.07393808902514157,0.11284349632489232,False,90.88
H_AF_domain,13.0,A,290,0.09523543454368118,0.14534727025843408,False,88.44
H_AF_domain,13.0,A,291,0.08438880351109138,0.12879326155735288,False,90.06
H_AF_domain,13.0,A,292,0.0683324825426526,0.10428828151144963,False,90.06
H_AF_domain,13.0,A,293,0.08037134984052259,0.12266186805655384,False,85.31
H_AF_domain,13.0,A,294,0.10749706945245417,0.1640608422753523,False,84.06
H_AF_domain,13.0,A,295,0.08188573190202451,0.12497310126320957,False,84.81
H_AF_domain,13.0,A,296,0.07470528251727092,0.11401437857450175,False,81.44
H_AF_domain,13.0,A,297,0.0987636616194275,0.1507320115237917,False,74.69
H_AF_domain,13.0,A,298,0.14033810509288805,0.21418246880720412,False,74.94
H_AF_domain,13.0,A,299,0.08471271819234578,0.12928761657282103,False,71.12
H_AF_domain,13.0,A,300,0.10549353360598776,0.1610030679548577,False,67.06
H_AF_domain,13.0,A,301,0.19782628165089167,0.30192029008010685,False,57.22
H_AF_domain,13.0,A,302,0.18878345556205275,0.28811922859776923,False,57.31
H_AF_domain,13.0,A,303,0.15760286640503227,0.2405317571829779,False,50.78
H_AF_domain,13.0,A,304,0.465358560849242,0.710225105129407,False,44.28
H_AF_domain,13.0,A,305,0.6906102712637856,1.0540017822314642,False,43.12
H_AF_domain,13.0,A,306,1.3236030782572379,2.0200684257088266,False,45.28
H_AF_domain,13.0,A,307,1.2098945223456243,1.8465276812792824,False,46.69
H_AF_domain,13.0,A,308,0.7391410074157668,1.1280688567097923,False,53.44
H_AF_domain,13.0,A,309,0.5013427721165128,0.7651438116503677,False,57.19
H_AF_domain,13.0,A,310,0.6188830908202979,0.9445325502092874,False,63.91
H_AF_domain,13.0,A,311,0.6109490140352706,0.9324236496907982,False,72.88
H_AF_domain,13.0,A,312,0.4640480778769752,0.7082250604648156,False,75.94
H_AF_domain,13.0,A,313,0.48970611601648084,0.747384075401146,False,86.75
H_AF_domain,13.0,A,314,0.9463755223613979,1.4443478887213772,False,86.62
H_AF_domain,13.0,A,315,1.172957340205055,1.7901545611177119,False,82.81
H_AF_domain,13.0,A,316,0.8398777369273603,1.2818121426981255,False,85.0
H_AF_domain,13.0,A,317,1.117383604388981,1.7053385381990065,False,87.62
H_AF_domain,13.0,A,318,2.1181609775772383,3.2327139318882305,False,86.06
H_AF_domain,13.0,A,319,2.2431383907311666,3.4234530820052207,False,83.62
H_AF_domain,13.0,A,320,1.4354282511436827,2.1907347717290917,False,84.69
H_AF_domain,13.0,A,321,2.2369484856410904,3.4140061170985954,False,88.56
H_AF_domain,13.0,A,322,3.9960320327309904,6.098700033298138,False,83.25
H_AF_domain,13.0,A,323,7.138027705570073,10.893979189624233,False,84.25
H_AF_domain,13.0,A,324,9.444658839558876,14.414334196400787,False,83.81
H_AF_domain,13.0,A,325,5.942175665786896,9.068882990417594,False,81.44
H_AF_domain,13.0,A,326,8.461137376076804,12.913294581863909,False,82.25
H_AF_domain,13.0,A,327,6.612906546217386,10.09254506552361,False,87.62
H_AF_domain,13.0,A,328,5.750122082500537,8.775772928939169,False,88.56
H_AF_domain,13.0,A,329,4.806763696820984,7.336029760958595,False,83.12
H_AF_domain,13.0,A,330,3.517430703376105,5.368263960872972,False,84.19
H_AF_domain,13.0,A,331,2.73833469669949,4.17921622478317,False,86.56
H_AF_domain,13.0,A,332,2.399999903508106,3.662853393454205,False,87.19
H_AF_domain,13.0,A,333,1.6017796796644306,2.444618487962799,False,84.44
H_AF_domain,13.0,A,334,1.1611779431196365,1.7721769751502696,False,85.88
H_AF_domain,13.0,A,335,1.061930353258259,1.6207063976787777,False,88.62
H_AF_domain,13.0,A,336,0.7157237768948568,1.0923297376567298,False,86.44
H_AF_domain,13.0,A,337,0.4117584085971161,0.6284211436878318,False,84.62
H_AF_domain,13.0,A,338,0.4003752105522474,0.611048232328101,False,87.12
H_AF_domain,13.0,A,339,0.37289164600433355,0.5691031191131396,False,87.44
H_AF_domain,13.0,A,340,0.1597782086454985,0.24385174052788103,False,82.75
H_AF_domain,13.0,A,341,0.14151347830597213,0.21597631044687554,False,81.94
H_AF_domain,13.0,A,342,0.1918990806030655,0.29287426118653026,False,86.12
H_AF_domain,13.0,A,343,0.1646861051550276,0.2513421180726358,False,83.88
H_AF_domain,13.0,A,344,0.10678881158103096,0.16297990692031702,False,77.31
H_AF_domain,13.0,A,345,0.13631895619084325,0.2080484880628158,False,79.56
H_AF_domain,13.0,A,346,0.20488306135952997,0.31269026947254863,False,84.31
H_AF_domain,13.0,A,347,0.16307811879456757,0.24888802701686955,False,79.69
H_AF_domain,13.0,A,348,0.14553465739643928,0.22211338964245184,False,75.19
H_AF_domain,13.0,A,349,0.24789805555181466,0.3783392793813904,False,77.25
H_AF_domain,13.0,A,350,0.27904895896181725,0.42588144473635947,False,80.56
H_AF_domain,13.0,A,351,0.21206080450847903,0.32364486193400704,False,71.75
H_AF_domain,13.0,A,352,0.36387460740974953,0.5553414142202344,False,71.38
H_AF_domain,13.0,A,353,0.7389378918743417,1.1277588640097573,False,71.38
H_AF_domain,13.0,A,354,1.0196285743822635,1.5561458891226714,False,72.88
H_AF_domain,13.0,A,355,2.4550751147717698,3.7469085736971057,False,58.47
H_AF_domain,13.0,A,356,1.3891353637100625,2.1200830772931147,False,67.19
H_AF_domain,13.0,A,357,1.8680828258560849,2.8510474137681023,False,75.56
H_AF_domain,13.0,A,358,1.7684640934666567,2.6990104026620347,False,79.12
H_AF_domain,13.0,A,359,2.208601015414781,3.370742520561568,False,82.56
H_AF_domain,13.0,A,360,1.4105315774383018,2.152737742798308,False,84.06
H_AF_domain,13.0,A,361,0.6085767574021778,0.9288031377707905,False,82.81
H_AF_domain,13.0,A,362,0.9050784348838694,1.3813207291011895,False,86.12
H_AF_domain,13.0,A,363,0.886160173656302,1.3524478873838381,False,89.44
H_AF_domain,13.0,A,364,0.4733597194038725,0.7224363851051082,False,88.06
H_AF_domain,13.0,A,365,0.3025511372050866,0.46175021006676353,False,89.5
H_AF_domain,13.0,A,366,0.5035903788239066,0.7685740842280016,False,89.69
H_AF_domain,13.0,A,367,0.385703350965183,0.5886562019791793,False,90.56
H_AF_domain,13.0,A,368,0.19379825784564803,0.29577276455629964,False,89.25
H_AF_domain,13.0,A,369,0.1909252155658786,0.29138795910334586,False,89.06
H_AF_domain,13.0,A,370,0.25654440976741905,0.3915352498617811,False,90.88
H_AF_domain,13.0,A,371,0.16994061437181915,0.25936149210991327,False,90.69
H_AF_domain,13.0,A,372,0.10496116942003868,0.16019057960341784,False,87.88
H_AF_domain,13.0,A,373,0.14234532045523732,0.2172458587642736,False,87.75
H_AF_domain,13.0,A,374,0.15257269064341017,0.23285475839177092,False,90.06
H_AF_domain,13.0,A,375,0.0916123860407333,0.13981781357625928,False,88.38
H_AF_domain,13.0,A,376,0.07682183844246912,0.11724464289314432,False,85.31
H_AF_domain,13.0,A,377,0.10464560477976675,0.15970896832844045,False,84.06
H_AF_domain,13.0,A,378,0.1003380155877315,0.1531347731934365,False,87.44
H_AF_domain,13.0,A,379,0.07028802941675837,0.10727281559139146,False,84.62
H_AF_domain,13.0,A,380,0.07440751334665104,0.11355992654911758,False,79.62
H_AF_domain,13.0,A,381,0.09898557754216093,0.15107069715851093,False,84.12
H_AF_domain,13.0,A,382,0.09193761181256903,0.14031416956371826,False,84.25
H_AF_domain,13.0,A,383,0.07604310652718899,0.11605615082932982,False,78.12
H_AF_domain,13.0,A,384,0.0930504986347078,0.14201264516242268,False,76.94
H_AF_domain,13.0,A,385,0.1198431562551656,0.18290330384174253,False,83.19
H_AF_domain,13.0,A,386,0.10611117538735816,0.1619457060322696,False,78.88
H_AF_domain,13.0,A,387,0.10031248477906335,0.15309580835471664,False,73.62
H_AF_domain,13.0,A,388,0.1393080264529266,0.21261037414320333,False,76.81
H_AF_domain,13.0,A,389,0.15575365298019395,0.23770950804101362,False,80.88
H_AF_domain,13.0,A,390,0.14558993841822715,0.22219775892844776,False,75.5
H_AF_domain,13.0,A,391,0.17086888666941644,0.2607782110565823,False,71.25
H_AF_domain,13.0,A,392,0.21608967475423466,0.3297936792859919,False,75.38
H_AF_domain,13.0,A,393,0.235759570579605,0.359813657439964,False,72.88
H_AF_domain,13.0,A,394,0.2491416531100777,0.38023724426452093,False,65.06
H_AF_domain,13.0,A,395,0.32542678050585505,0.4966627646752828,False,67.38
H_AF_domain,13.0,A,396,0.38520463723321535,0.5878950705796199,False,69.75
H_AF_domain,13.0,A,397,0.5899049486271738,0.9003064290694769,False,64.88
H_AF_domain,13.0,A,398,0.4465591109450858,0.6815335919439864,False,63.16
H_AF_domain,13.0,A,399,0.6463463488766548,0.9864466718807076,False,66.31
H_AF_domain,13.0,A,400,0.6299247581906051,0.9613842212187758,False,71.88
H_AF_domain,13.0,A,401,0.4217955253493655,0.6437396806189098,False,72.38
H_AF_domain,13.0,A,402,0.4025776197716883,0.61440952499791,False,77.0
H_AF_domain,13.0,A,403,0.27867075723536183,0.42530423743100393,False,75.62
H_AF_domain,13.0,A,404,0.2458064746539646,0.3751471316741444,False,74.0
H_AF_domain,13.0,A,405,0.22742558260478418,0.3470944168725129,False,76.38
H_AF_domain,13.0,A,406,0.19516019377516525,0.2978513361569932,False,70.44
H_AF_domain,13.0,A,407,0.13090294811520548,0.19978263624764378,False,74.44
H_AF_domain,13.0,A,408,0.12917452583134542,0.19714473721335438,False,77.0
H_AF_domain,13.0,A,409,0.08938694474982367,0.13642136961289647,False,74.56
H_AF_domain,13.0,A,410,0.07278123181924946,0.11107791361126389,False,72.19
H_AF_domain,13.0,A,411,0.0891227552701752,0.13601816654166682,False,73.31
H_AF_domain,13.0,A,412,0.08437141088104795,0.12876671711712914,False,79.31
H_AF_domain,13.0,A,413,0.05975544361993052,0.09119809926687553,False,75.94
H_AF_domain,13.0,A,414,0.0614655147450399,0.09380799096499566,True,73.31
H_AF_domain,13.0,A,415,0.07279119636469691,0.11109312139066965,False,79.25
H_AF_domain,13.0,A,416,0.060313653566888836,0.09205003313382588,False,82.06
H_AF_domain,13.0,A,417,0.047149906108038646,0.07195966688850043,True,75.88
H_AF_domain,13.0,A,418,0.05420960041080892,0.08273409450237391,True,76.5
H_AF_domain,13.0,A,419,0.06682714217784683,0.10199084764260956,False,82.56
H_AF_domain,13.0,A,420,0.05583702360609391,0.08521784984116473,False,84.44
H_AF_domain,13.0,A,421,0.04675825450232801,0.07136193252570648,False,81.75
H_AF_domain,13.0,A,422,0.06283778639422363,0.09590233682709609,False,82.44
H_AF_domain,13.0,A,423,0.08387692786343964,0.12801204258718246,False,85.75
H_AF_domain,13.0,A,424,0.06260081311911186,0.09554067082717987,False,87.12
H_AF_domain,13.0,A,425,0.06532600523517734,0.09969982899029242,False,81.94
H_AF_domain,13.0,A,426,0.1312666383998154,0.20033769635043902,False,84.19
H_AF_domain,13.0,A,427,0.11777231908840431,0.17974281498819075,False,86.69
H_AF_domain,13.0,A,428,0.08748972005681208,0.13352584620275595,False,81.5
H_AF_domain,13.0,A,429,0.14206481615533678,0.21681775619424126,False,79.94
H_AF_domain,13.0,A,430,0.21631520514567165,0.33013788128299804,False,83.0
H_AF_domain,13.0,A,431,0.1584075113699561,0.241759797457475,False,82.19
H_AF_domain,13.0,A,432,0.1702028112268427,0.25976165405940843,False,76.38
H_AF_domain,13.0,A,433,0.14389328039829297,0.21960833816357053,False,76.31
H_AF_domain,13.0,A,434,0.1494115426503577,0.22803024917548373,False,73.44
H_AF_domain,13.0,A,435,0.08617612745065188,0.1315210556491992,False,67.31
H_AF_domain,13.0,A,436,0.07838222398057593,0.11962608609861988,False,70.0
H_AF_domain,13.0,A,437,0.09217831449611318,0.14068152734566838,False,77.94
H_AF_domain,13.0,A,438,0.07442409462194546,0.11358523270866834,False,79.69
H_AF_domain,13.0,A,439,0.04891028553944743,0.07464633856906072,False,76.81
H_AF_domain,13.0,A,440,0.051014421934800123,0.07785764833817467,False,82.69
H_AF_domain,13.0,A,441,0.06471865679857984,0.09877290050219185,False,84.19
H_AF_domain,13.0,A,442,0.04461668107679032,0.06809348677385622,False,84.19
H_AF_domain,13.0,A,443,0.034877251279249386,0.05322927639114471,False,82.69
H_AF_domain,13.0,A,444,0.044012574555436,0.06717150606105866,False,84.12
H_AF_domain,13.0,A,445,0.04843534833007923,0.07392149463616342,False,86.69
H_AF_domain,13.0,A,446,0.03541803073687266,0.05405460803743786,False,84.44
H_AF_domain,13.0,A,447,0.03425957127437537,0.05228657997744299,False,84.88
H_AF_domain,13.0,A,448,0.04461014469533681,0.06808351102054352,False,83.31
H_AF_domain,13.0,A,449,0.04261968356516272,0.06504569118790943,True,82.88
H_AF_domain,13.0,A,450,0.03663419199482138,0.05591069994150571,True,79.12
H_AF_domain,13.0,A,451,0.03983099115675808,0.06078961957870054,False,81.0
H_AF_domain,13.0,A,452,0.047803661212094145,0.07295742072085579,False,77.88
H_AF_domain,13.0,A,453,0.04667867264539705,0.07124047557302457,True,75.81
H_AF_domain,13.0,A,454,0.04294280718984805,0.06553883890156303,True,77.44
H_AF_domain,13.0,A,455,0.04872794215492511,0.07436804810588395,False,77.06
H_AF_domain,13.0,A,456,0.057840787654028746,0.0882759724402246,False,76.44
H_AF_domain,13.0,A,457,0.05431499029945855,0.08289493938853904,False,75.12
H_AF_domain,13.0,A,458,0.05325245400569405,0.08127330821113994,False,79.81
H_AF_domain,13.0,A,459,0.06364871846935065,0.09713997241987178,False,78.81
H_AF_domain,13.0,A,460,0.07090045268891157,0.1082074892375686,False,75.75
H_AF_domain,13.0,A,461,0.06373513836912927,0.0972718655181604,False,80.75
H_AF_domain,13.0,A,462,0.07128263190833922,0.10879076694884769,False,84.44
H_AF_domain,13.0,A,463,0.09312887068692623,0.14213225572449004,False,81.75
H_AF_domain,13.0,A,464,0.08815180386983176,0.13453631121891094,False,79.94
H_AF_domain,13.0,A,465,0.07872344041154154,0.12014684685375068,False,86.62
H_AF_domain,13.0,A,466,0.10144188393893322,0.1548194849012227,False,87.62
H_AF_domain,13.0,A,467,0.12384872572217585,0.1890165598020903,False,86.56
H_AF_domain,13.0,A,468,0.10372386113296023,0.15830221333663186,False,85.88
H_AF_domain,13.0,A,469,0.10368496453576852,0.1582428497788212,False,88.69
H_AF_domain,13.0,A,470,0.13983501466139808,0.21341465773708543,False,88.5
H_AF_domain,13.0,A,471,0.14382333106820216,0.21950158226715638,False,87.62
H_AF_domain,13.0,A,472,0.11994125979217737,0.1830530283783678,False,88.06
H_AF_domain,13.0,A,473,0.15556627953807955,0.2374235407593947,False,88.5
H_AF_domain,13.0,A,474,0.20444533910118276,0.3120222225876159,False,89.38
H_AF_domain,13.0,A,475,0.16920214681626097,0.2582344510680039,False,87.81
H_AF_domain,13.0,A,476,0.15612098891232692,0.23827013209086637,False,86.62
H_AF_domain,13.0,A,477,0.2621211196854066,0.4000463630570577,False,87.62
H_AF_domain,13.0,A,478,0.3070510889266145,0.46861798677353994,False,89.56
H_AF_domain,13.0,A,479,0.21677023903703635,0.3308323489913865,False,87.12
H_AF_domain,13.0,A,480,0.34783143413761364,0.5308565000434792,False,86.19
H_AF_domain,13.0,A,481,0.6568803321460651,1.002523521012472,False,89.44
H_AF_domain,13.0,A,482,0.5215613184656366,0.7960011341849847,False,87.5
H_AF_domain,13.0,A,483,0.5675553016928717,0.8661966443165062,False,82.25
H_AF_domain,13.0,A,484,1.3224509404467486,2.018310045684432,False,85.56
H_AF_domain,13.0,A,485,1.5272584183985067,2.3308849605933237,False,87.06
H_AF_domain,13.0,A,486,0.9821936588865358,1.499013133801819,False,82.44
H_AF_domain,13.0,A,487,1.6343180996603743,2.4942782658342764,False,81.88
H_AF_domain,13.0,A,488,2.8725146566008117,4.384000200290711,False,84.5
H_AF_domain,13.0,A,489,2.901928326374084,4.4288910188217825,False,81.12
H_AF_domain,13.0,A,490,2.591779945636669,3.9555459794333125,False,79.12
H_AF_domain,13.0,A,491,4.490700588220124,6.853657729113037,False,79.06
H_AF_domain,13.0,A,492,6.370999904519147,9.723349815912005,False,78.31
H_AF_domain,13.0,A,493,6.807378883781145,10.389346603114165,False,76.19
H_AF_domain,13.0,A,494,7.908476453600589,12.069829574901796,False,68.38
H_AF_domain,13.0,A,495,12.943023758090764,19.753500166639082,False,65.5
H_AF_domain,13.0,A,496,14.494148455551038,22.120809579217898,False,65.88
H_AF_domain,13.0,A,497,17.71521889619275,27.036771774388743,False,64.81
H_AF_domain,13.0,A,498,13.146390756572371,20.063876637661483,False,65.06
H_AF_domain,13.0,A,499,12.411859751900026,18.942843516314802,False,66.69
H_AF_domain,13.0,A,500,7.8980951367025956,12.053985723502986,False,63.44
H_AF_domain,13.0,A,501,6.671334600399357,10.181717317664344,False,66.62
H_AF_domain,13.0,A,502,4.012696400708232,6.124133007985339,False,68.12
H_AF_domain,13.0,A,503,1.6607516304568268,2.5346208291140653,False,72.06
H_AF_domain,13.0,A,504,0.5370945094417025,0.8197077190038798,False,75.75
H_AF_domain,13.0,A,505,0.2876445741023352,0.4389999777997364,False,80.5
H_AF_domain,13.0,A,506,0.26503311898829884,0.40449062428921206,False,82.44
H_AF_domain,13.0,A,507,0.17906822341296613,0.27329194839935683,False,82.38
H_AF_domain,13.0,A,508,0.1917839159572429,0.2926984981737315,False,83.56
H_AF_domain,13.0,A,509,0.21361644057960882,0.32601905655534374,False,84.5
H_AF_domain,13.0,A,510,0.1687918697570244,0.2576082907433787,False,84.44
H_AF_domain,13.0,A,511,0.16474519101754379,0.25143229426460406,False,83.81
H_AF_domain,13.0,A,512,0.12272314120629368,0.187298705123183,False,83.94
H_AF_domain,13.0,A,513,0.10673743867200003,0.16290150215292495,False,84.5
H_AF_domain,13.0,A,514,0.09147520230346429,0.1396084452688489,False,85.62
H_AF_domain,13.0,A,515,0.0724840335854087,0.11062433294329758,False,88.75
H_AF_domain,13.0,A,516,0.06655163059796926,0.10157036490683304,False,91.12
H_AF_domain,13.0,A,517,0.05732964171809922,0.08749586714803975,False,92.19
H_AF_domain,13.0,A,518,0.05706637795198221,0.08709407689059612,False,91.25
H_AF_domain,13.0,A,519,0.058506500015853405,0.08929197530756207,False,87.69
H_AF_domain,13.0,A,520,0.05214611967519267,0.07958483295293325,False,89.44
H_AF_domain,13.0,A,521,0.052555328319370015,0.08020936267427402,False,91.56
H_AF_domain,13.0,A,522,0.058548083612918134,0.08935543973495555,False,89.56
H_AF_domain,13.0,A,523,0.05586638812320653,0.085262665643447,False,85.44
H_AF_domain,13.0,A,524,0.04940439235012687,0.07540043893614014,False,88.94
H_AF_domain,13.0,A,525,0.05678918790613891,0.08667103249856728,False,90.31
H_AF_domain,13.0,A,526,0.06506508974724173,0.09930162264912018,False,85.94
H_AF_domain,13.0,A,527,0.052792180467052904,0.08057084381084369,False,83.62
H_AF_domain,13.0,A,528,0.0509152093831943,0.07770623123570251,False,85.56
H_AF_domain,13.0,A,529,0.06460309539050134,0.09859653195521235,False,87.25
H_AF_domain,13.0,A,530,0.0657364538908548,0.10032625120351392,False,82.19
H_AF_domain,13.0,A,531,0.05031288723013691,0.0767869738061276,True,82.75
H_AF_domain,13.0,A,532,0.05698660079131327,0.08697232186750248,False,85.75
H_AF_domain,13.0,A,533,0.07175879413833416,0.10951748049472006,False,85.56
H_AF_domain,13.0,A,534,0.06431128803305446,0.0981511787833656,True,81.75
H_AF_domain,13.0,A,535,0.05457832472916443,0.08329683749197295,True,83.56
H_AF_domain,13.0,A,536,0.07406077089570538,0.11303073204321595,False,88.31
H_AF_domain,13.0,A,537,0.08993306996077528,0.13725485988898398,False,87.19
H_AF_domain,13.0,A,538,0.06782042601290518,0.10350678648101894,False,83.75
H_AF_domain,13.0,A,539,0.07068203561561738,0.1078741435082898,True,87.25
H_AF_domain,13.0,A,540,0.11562753786940623,0.17646947353732623,False,88.25
H_AF_domain,13.0,A,541,0.12943003659233077,0.19753469491984063,False,85.44
H_AF_domain,13.0,A,542,0.09803555658774298,0.1496207856515746,False,80.88
H_AF_domain,13.0,A,543,0.0845211164588924,0.1289951961195762,False,84.62
H_AF_domain,13.0,A,544,0.1257261454997895,0.19188185716869371,False,87.62
H_AF_domain,13.0,A,545,0.22629312211449565,0.34536606815727217,False,86.31
H_AF_domain,13.0,A,546,0.20473346649654967,0.31246195944190663,False,84.12
H_AF_domain,13.0,A,547,0.16804665266811614,0.25647094863808206,False,85.12
H_AF_domain,13.0,A,548,0.32969753859709916,0.5031807485903111,False,85.75
H_AF_domain,13.0,A,549,0.48723186039704813,0.7436078937526946,False,84.12
H_AF_domain,13.0,A,550,0.40596365380982435,0.6195772528169025,False,82.56
H_AF_domain,13.0,A,551,0.6716029629943007,1.0249930379004553,False,82.38
H_AF_domain,13.0,A,552,1.1307245552301253,1.7256993502927749,False,83.19
H_AF_domain,13.0,A,553,1.2418526580867502,1.8953018357185172,False,79.12
H_AF_domain,13.0,A,554,1.298781606450442,1.9821861690865845,False,74.06
H_AF_domain,13.0,A,555,2.369544369394108,3.61637249305256,False,71.19
H_AF_domain,13.0,A,556,2.9105244285657537,4.4420102952172575,False,74.38
H_AF_domain,13.0,A,557,2.3852224778713955,3.6403002493641474,False,66.5
H_AF_domain,13.0,A,558,3.4243511197766603,5.226206926558022,False,70.25
H_AF_domain,13.0,A,559,2.4223570056337373,3.696974556237991,False,68.31
H_AF_domain,13.0,A,560,1.77307915804759,2.7060538633457507,False,66.88
H_AF_domain,13.0,A,561,0.9935051549972197,1.5162766144600892,False,71.38
H_AF_domain,13.0,A,562,0.7941228604037555,1.2119815545816046,False,71.69
H_AF_domain,13.0,A,563,1.2277337728028361,1.8737537486546876,False,63.62
H_AF_domain,13.0,A,564,1.5069555227809677,2.299898905135177,False,64.44
H_AF_domain,13.0,A,565,1.2781729655888503,1.9507334886077141,False,64.56
H_AF_domain,13.0,A,566,0.6956294067070162,1.0616619314104585,False,62.25
H_AF_domain,13.0,A,567,0.3928935803937341,0.599629850862909,False,74.12
H_AF_domain,13.0,A,568,0.14277494477770436,0.21790154666874337,False,79.62
H_AF_domain,13.0,A,569,0.08975215105161795,0.13697874344440483,False,79.69
H_AF_domain,13.0,A,570,0.06720954511432672,0.10257446678838737,False,80.06
H_AF_domain,13.0,A,571,0.048986695677472145,0.07476295487931517,False,82.25
H_AF_domain,13.0,A,572,0.03818953831432976,0.05828445234711222,False,77.5
H_AF_domain,13.0,A,573,0.03771653169042091,0.05756255485245885,False,81.62
H_AF_domain,13.0,A,574,0.03203567258033074,0.048892490308408865,False,76.38
H_AF_domain,13.0,A,575,0.029783097192463734,0.04545463458541499,False,79.69
H_AF_domain,13.0,A,576,0.032819082856667424,0.05008812243529033,False,84.62
H_AF_domain,13.0,A,577,0.033479360786341734,0.05109583133219292,False,87.5
H_AF_domain,13.0,A,578,0.030136608883793596,0.045994160231362144,False,84.62
H_AF_domain,13.0,A,579,0.03243046396742682,0.04949501657093814,False,84.12
H_AF_domain,13.0,A,580,0.036585485764533056,0.055836365029811263,False,89.75
H_AF_domain,13.0,A,581,0.03616452028597227,0.05519389215745007,False,90.69
H_AF_domain,13.0,A,582,0.03415472076014348,0.052126558278567776,True,85.69
H_AF_domain,13.0,A,583,0.039217757563610886,0.05985370922955592,True,87.69
H_AF_domain,13.0,A,584,0.0419988579944117,0.06409819404624513,False,92.5
H_AF_domain,13.0,A,585,0.04108776610788575,0.0627076956535443,True,90.69
H_AF_domain,13.0,A,586,0.041910203535534776,0.06396289058849601,False,88.38
H_AF_domain,13.0,A,587,0.046407694484321235,0.0708269116910437,False,92.81
H_AF_domain,13.0,A,588,0.04867557545296914,0.07428812662268594,False,92.44
H_AF_domain,13.0,A,589,0.04658649735135407,0.07109979865546118,False,89.69
H_AF_domain,13.0,A,590,0.04778386798391197,0.07292721251421858,False,91.38
H_AF_domain,13.0,A,591,0.052342434052136066,0.07988444579071709,False,92.62
H_AF_domain,13.0,A,592,0.054999638851530204,0.08393984246066563,False,92.94
H_AF_domain,13.0,A,593,0.05292358690214429,0.08077139486336359,False,93.0
H_AF_domain,13.0,A,594,0.05656928645442214,0.08633542132730478,False,93.94
H_AF_domain,13.0,A,595,0.06260261256664626,0.09554341712416849,False,93.62
H_AF_domain,13.0,A,596,0.0679777604117256,0.10374690850593404,False,92.31
H_AF_domain,13.0,A,597,0.05788174254190695,0.08833847733858895,False,94.5
H_AF_domain,13.0,A,598,0.059850305999016584,0.09134287718400737,False,95.44
H_AF_domain,13.0,A,599,0.06772726353260043,0.10336460293066627,False,94.5
H_AF_domain,13.0,A,600,0.06332524557504596,0.0966462916547757,False,93.94
H_AF_domain,13.0,A,601,0.05645969585310764,0.08616816535978213,False,95.0
H_AF_domain,13.0,A,602,0.06411814102350309,0.09785639994677622,False,95.69
H_AF_domain,13.0,A,603,0.07011379407338221,0.10700689953122323,False,94.56
H_AF_domain,13.0,A,604,0.06082965363483125,0.09283754674877344,True,93.19
H_AF_domain,13.0,A,605,0.05701666162874467,0.08701820038617855,False,95.06
H_AF_domain,13.0,A,606,0.06911508594482745,0.10548268219588085,False,94.38
H_AF_domain,13.0,A,607,0.07403877106797951,0.11299715614868225,False,93.25
H_AF_domain,13.0,A,608,0.06063492375503147,0.0925403521530616,False,92.5
H_AF_domain,13.0,A,609,0.06469791233635402,0.0987412405326443,False,93.38
H_AF_domain,13.0,A,610,0.08422008522463119,0.1285357655686259,False,92.94
H_AF_domain,13.0,A,611,0.0793079107874126,0.12103885909779431,False,92.06
H_AF_domain,13.0,A,612,0.06246883963005586,0.09533925434315077,False,91.81
H_AF_domain,13.0,A,613,0.07415977252378031,0.11318182723652062,False,91.12
H_AF_domain,13.0,A,614,0.09782589483663413,0.1493008021984903,False,91.5
H_AF_domain,13.0,A,615,0.07850835807162079,0.11981859055778199,False,89.88
H_AF_domain,13.0,A,616,0.06868757858287948,0.10483022517321644,False,89.44
H_AF_domain,13.0,A,617,0.09832369420784645,0.1500605381107456,False,86.56
H_AF_domain,13.0,A,618,0.13111658139389776,0.20010868100234105,False,85.5
H_AF_domain,13.0,A,619,0.10138545791412613,0.15473336812424215,False,83.06
H_AF_domain,13.0,A,620,0.07420929141524457,0.11325740242274243,False,83.25
H_AF_domain,13.0,A,621,0.08247912103938156,0.12587872522270643,False,78.19
H_AF_domain,13.0,A,622,0.07540180697527508,0.11507740652333424,False,68.81
H_AF_domain,13.0,A,623,0.06640345457796461,0.10134422029869816,False,65.38
H_AF_domain,13.0,A,624,0.09877938360493578,0.15075600624474428,False,57.81
H_AF_domain,13.0,A,625,0.07670658833096956,0.11706874944357164,False,59.75
H_AF_domain,13.0,A,626,0.06728071962592402,0.10268309254330951,False,53.94
H_AF_domain,13.0,A,627,0.06381464359169092,0.09739320551231274,False,56.25
H_AF_domain,13.0,A,628,0.06791309706579238,0.10364822002026478,False,54.09
H_AF_domain,13.0,A,629,0.06184942387426569,0.09439390884553693,False,51.22
H_AF_domain,13.0,A,630,0.07272862682584534,0.1109976284502848,False,49.28
H_AF_domain,13.0,A,631,0.077803997344162,0.11874360298090038,False,55.06
H_AF_domain,13.0,A,632,0.05461869122596269,0.08335844439435793,False,61.59
H_AF_domain,13.0,A,633,0.055739657024243126,0.08506925003738146,False,71.75
H_AF_domain,13.0,A,634,0.05883498362308455,0.08979330336748488,False,77.81
H_AF_domain,13.0,A,635,0.04948015938299817,0.07551607374639947,False,81.25
H_AF_domain,13.0,A,636,0.042128566485269865,0.06429615371499561,False,85.56
H_AF_domain,13.0,A,637,0.051137479756501625,0.07804545782897988,False,87.69
H_AF_domain,13.0,A,638,0.050052339218386484,0.07638932830305788,False,86.88
H_AF_domain,13.0,A,639,0.04291801044524377,0.06550099438332466,False,87.81
H_AF_domain,13.0,A,640,0.044946410035220215,0.06859671547504896,False,91.56
H_AF_domain,13.0,A,641,0.05351878751442902,0.08167978347592411,False,90.62
H_AF_domain,13.0,A,642,0.04913777323957333,0.07499352778900914,False,89.06
H_AF_domain,13.0,A,643,0.04265897976251422,0.06510566461107847,False,90.31
H_AF_domain,13.0,A,644,0.05105556814744945,0.07792044523429541,False,91.44
H_AF_domain,13.0,A,645,0.057223328385182376,0.08733361291141471,False,89.19
H_AF_domain,13.0,A,646,0.04885864060552541,0.07456751864027886,False,86.5
H_AF_domain,13.0,A,647,0.04655112688687174,0.07104581664251702,False,86.62
H_AF_domain,13.0,A,648,0.0559000569819286,0.08531405068443955,False,87.56
H_AF_domain,13.0,A,649,0.0630060214775446,0.09615909535651916,False,85.56
H_AF_domain,13.0,A,650,0.056279129467902575,0.08589258693337246,False,86.0
H_AF_domain,13.0,A,651,0.05713529617454591,0.08719925912207008,False,88.56
H_AF_domain,13.0,A,652,0.07516820257389753,0.11472088206137036,False,87.12
H_AF_domain,13.0,A,653,0.07757910465794786,0.11840037424257482,False,86.94
H_AF_domain,13.0,A,654,0.0693037904487795,0.10577068092940185,False,86.69
H_AF_domain,13.0,A,655,0.07532097033126987,0.11495403452845328,False,86.56
H_AF_domain,13.0,A,656,0.09908351039737925,0.15122016120246473,False,85.62
H_AF_domain,13.0,A,657,0.10106046169845274,0.15423736248286732,False,84.69
H_AF_domain,13.0,A,658,0.08756164056169428,0.13363561048440517,False,87.62
H_AF_domain,13.0,A,659,0.09253595159329986,0.14122734914055285,False,88.5
H_AF_domain,13.0,A,660,0.07909641557144316,0.12071607743085314,False,90.81
H_AF_domain,13.0,A,661,0.07904009834336195,0.12063012669823617,False,89.75
H_AF_domain,13.0,A,662,0.09112445656493418,0.13907314098957094,False,86.81
H_AF_domain,13.0,A,663,0.08907845263127755,0.13595055234260453,False,83.62
H_AF_domain,13.0,A,664,0.07719632643577291,0.11781618233990664,False,87.75
H_AF_domain,13.0,A,665,0.07262207649262875,0.11083501250641514,False,90.81
H_AF_domain,13.0,A,666,0.08420436307387053,0.12851177059546698,False,90.25
H_AF_domain,13.0,A,667,0.08642209258504469,0.13189644492561758,False,91.62
H_AF_domain,13.0,A,668,0.08843977976415218,0.1349758168539748,False,87.19
H_AF_domain,13.0,A,669,0.11170053908484817,0.17047613128631872,False,83.81
H_AF_domain,13.0,A,670,0.1131654824203315,0.17271191165437202,False,86.19
H_AF_domain,13.0,A,671,0.11679070762237198,0.17824469039070454,False,86.31
H_AF_domain,13.0,A,672,0.1054382567211659,0.16091870498265365,False,86.75
H_AF_domain,13.0,A,673,0.08951863777927975,0.13662235806257614,False,87.38
H_AF_domain,13.0,A,674,0.11270679401377687,0.1720118664651906,False,83.88
H_AF_domain,13.0,A,675,0.1371642348186911,0.2093385429856936,False,83.62
H_AF_domain,13.0,A,676,0.13065037784667763,0.1993971662883281,False,85.0
H_AF_domain,13.0,A,677,0.16291316487494226,0.24863627616330494,False,82.38
H_AF_domain,13.0,A,678,0.20443016188506719,0.31199905928770455,False,77.62
H_AF_domain,13.0,A,679,0.21609566697805108,0.32980282455191806,False,79.31
H_AF_domain,13.0,A,680,0.2160384650371646,0.3297155235803714,False,81.19
H_AF_domain,13.0,A,681,0.3705882452943786,0.5655876943439091,False,78.75
H_AF_domain,13.0,A,682,0.5164296857471505,0.7881692929047445,False,76.62
H_AF_domain,13.0,A,683,0.5241967817593932,0.8000233492087229,False,78.25
H_AF_domain,13.0,A,684,0.5995095540281132,0.9149648719444937,False,79.69
H_AF_domain,13.0,A,685,1.078194271346348,1.645528210159995,False,79.81
H_AF_domain,13.0,A,686,1.701990490664656,2.5975591229171755,False,82.75
H_AF_domain,13.0,A,687,1.5362305154295302,2.34457807616739,False,76.38
H_AF_domain,13.0,A,688,2.0479432794178933,3.1255484550865225,False,80.44
H_AF_domain,13.0,A,689,1.4669992075637999,2.2389180173571392,False,73.44
H_AF_domain,13.0,A,690,0.8055623646339208,1.2294403998205763,False,72.69
H_AF_domain,13.0,A,691,0.9748919715187467,1.487869379040015,False,71.75
H_AF_domain,13.0,A,692,1.0723166864694285,1.6365579049194527,False,71.0
H_AF_domain,13.0,A,693,0.6111766996274524,0.9327711409314206,False,67.12
H_AF_domain,13.0,A,694,0.406741276383539,0.6207640518158498,False,66.06
H_AF_domain,13.0,A,695,0.5192331310303537,0.792447880188825,False,67.56
H_AF_domain,13.0,A,696,0.43210274677074123,0.6594704483181855,False,63.25
H_AF_domain,13.0,A,697,0.2666134627156152,0.4069025274630262,False,61.5
H_AF_domain,13.0,A,698,0.2697019570550317,0.4116161534741189,False,64.12
H_AF_domain,13.0,A,699,0.19973025073678538,0.3048261067083091,False,53.16
H_AF_domain,13.0,A,700,0.14676318674484398,0.22398835758981908,False,58.66
H_AF_domain,13.0,A,701,0.1733310359637309,0.26453591616510674,False,59.84
H_AF_domain,13.0,A,702,0.22264147479884275,0.33979296428244027,False,63.25
H_AF_domain,13.0,A,703,0.1665802026916724,0.2542328688512052,False,68.31
H_AF_domain,13.0,A,704,0.13454282066732687,0.20533776960818712,False,69.25
H_AF_domain,13.0,A,705,0.2032875158619837,0.31025516552460464,False,73.38
H_AF_domain,13.0,A,706,0.1976295866233641,0.30162009629759806,False,76.38
H_AF_domain,13.0,A,707,0.1398160180884993,0.21338566537695883,False,75.5
H_AF_domain,13.0,A,708,0.14650139491287373,0.2235888137820426,False,79.75
H_AF_domain,13.0,A,709,0.23287934088558923,0.35541788263462654,False,77.81
H_AF_domain,13.0,A,710,0.19772266611618686,0.30176215319337063,False,82.81
H_AF_domain,13.0,A,711,0.14566031572687224,0.22230516800101316,False,83.5
H_AF_domain,13.0,A,712,0.26625882120765504,0.40636127750339374,False,80.69
H_AF_domain,13.0,A,713,0.4080290160768829,0.622729385938887,False,82.75
H_AF_domain,13.0,A,714,0.27330409644549875,0.4171136988993422,False,83.88
H_AF_domain,13.0,A,715,0.22400971979052295,0.3418811647042515,False,80.12
H_AF_domain,13.0,A,716,0.528863334841089,0.8071453910746575,False,81.75
H_AF_domain,13.0,A,717,0.6032238488020656,0.9206335876795128,False,84.81
H_AF_domain,13.0,A,718,0.3420511321096158,0.5220346668144469,False,80.94
H_AF_domain,13.0,A,719,0.38196058300303365,0.5829440307782424,False,79.5
H_AF_domain,13.0,A,720,0.8036532306409468,1.2265267005681297,False,82.06
H_AF_domain,13.0,A,721,0.7428699273826253,1.1337598932529862,False,84.69
H_AF_domain,13.0,A,722,0.44178186661905133,0.67424261432128,False,78.5
H_AF_domain,13.0,A,723,0.6854098621096025,1.0460649751133029,False,80.38
H_AF_domain,13.0,A,724,1.2160724577188187,1.8559563781359651,False,83.06
H_AF_domain,13.0,A,725,1.018251531384722,1.55404426128131,False,83.25
H_AF_domain,13.0,A,726,0.7591861179909458,1.1586614834782922,False,81.06
H_AF_domain,13.0,A,727,1.5658436059744483,2.3897732484815934,False,82.69
H_AF_domain,13.0,A,728,2.149296572112038,3.2802327330066405,False,86.38
H_AF_domain,13.0,A,729,1.8453346446559082,2.816329390412275,False,82.94
H_AF_domain,13.0,A,730,1.9613576454953987,2.9934024151746828,False,84.25
H_AF_domain,13.0,A,731,3.8429229388865536,5.8650266222546446,False,84.5
H_AF_domain,13.0,A,732,4.7087745489640085,7.186479803800275,False,83.25
H_AF_domain,13.0,A,733,4.067329272075943,6.207513093955702,False,81.5
H_AF_domain,13.0,A,734,6.0202896583706895,9.188099704715617,False,83.12
H_AF_full_chainA,15.0,A,1,35591.11867223002,114.13018350214395,False,40.47
H_AF_full_chainA,15.0,A,2,30628.827166244333,98.2175833564461,False,34.66
H_AF_full_chainA,15.0,A,3,27350.24571624742,87.70414302429856,False,40.88
H_AF_full_chainA,15.0,A,4,23252.002191278218,74.56228901715949,False,40.81
H_AF_full_chainA,15.0,A,5,18975.142425346225,60.84766559118637,False,34.78
H_AF_full_chainA,15.0,A,6,16799.469862226742,53.87092762584812,False,41.22
H_AF_full_chainA,15.0,A,7,13130.780326012258,42.106526123423535,False,27.31
H_AF_full_chainA,15.0,A,8,10843.837929376305,34.77297873508177,False,34.03
H_AF_full_chainA,15.0,A,9,8689.211712978942,27.863730174489863,False,26.56
H_AF_full_chainA,15.0,A,10,6357.225404904418,20.3857402940342,False,28.5
H_AF_full_chainA,15.0,A,11,5395.555021247682,17.301948003994234,False,27.72
H_AF_full_chainA,15.0,A,12,3692.07984789982,11.839407309053039,False,22.98
H_AF_full_chainA,15.0,A,13,3185.0641293288404,10.213557963549688,False,28.78
H_AF_full_chainA,15.0,A,14,2346.7547661923772,7.52534795454591,False,26.05
H_AF_full_chainA,15.0,A,15,1649.582842310231,5.289723940083692,False,23.03
H_AF_full_chainA,15.0,A,16,1727.7985029522085,5.540538413885985,False,27.92
H_AF_full_chainA,15.0,A,17,1148.7207065465152,3.68360731333685,False,21.53
H_AF_full_chainA,15.0,A,18,975.3332624653793,3.127605098509365,False,25.88
H_AF_full_chainA,15.0,A,19,641.686911502114,2.0577000019334193,False,24.14
H_AF_full_chainA,15.0,A,20,295.86547134519685,0.9487529978348919,False,20.31
H_AF_full_chainA,15.0,A,21,292.7257461044885,0.9386848282679727,False,23.09
H_AF_full_chainA,15.0,A,22,141.22948079636447,0.4528811445249146,False,22.58
H_AF_full_chainA,15.0,A,23,152.91957836007697,0.4903678274356566,False,24.56
H_AF_full_chainA,15.0,A,24,118.73846883226311,0.38075912593226413,False,25.02
H_AF_full_chainA,15.0,A,25,105.48143812098138,0.33824775219023334,False,25.98
H_AF_full_chainA,15.0,A,26,163.0525401278509,0.5228612367220185,False,23.64
H_AF_full_chainA,15.0,A,27,177.0821112501604,0.5678499189096031,False,23.16
H_AF_full_chainA,15.0,A,28,158.2595172230823,0.5074914308811574,False,26.88
H_AF_full_chainA,15.0,A,29,203.88143929959696,0.65378743203427,False,25.05
H_AF_full_chainA,15.0,A,30,179.69013532342402,0.5762130802027554,False,29.08
H_AF_full_chainA,15.0,A,31,185.21273126935114,0.5939224108512647,False,24.97
H_AF_full_chainA,15.0,A,32,175.58178865529857,0.5630388284057916,False,25.53
H_AF_full_chainA,15.0,A,33,137.16816167201017,0.43985769614184983,False,27.48
H_AF_full_chainA,15.0,A,34,181.01748312275515,0.580469491733507,False,24.83
H_AF_full_chainA,15.0,A,35,166.444749812003,0.5337390491699904,False,25.0
H_AF_full_chainA,15.0,A,36,138.3159264163404,0.4435382379672999,False,26.84
H_AF_full_chainA,15.0,A,37,122.49840645678006,0.392816133046726,False,29.58
H_AF_full_chainA,15.0,A,38,93.05124642612466,0.29838780645023805,False,31.5
H_AF_full_chainA,15.0,A,39,81.98360135134828,0.2628971444411677,False,27.89
H_AF_full_chainA,15.0,A,40,67.94213574726287,0.21787032017099647,False,30.31
H_AF_full_chainA,15.0,A,41,83.1153943054746,0.2665264694626837,False,26.62
H_AF_full_chainA,15.0,A,42,71.16007468158631,0.22818929790404496,False,28.25
H_AF_full_chainA,15.0,A,43,89.99304160784115,0.288581048750032,False,29.45
H_AF_full_chainA,15.0,A,44,94.94520715689156,0.30446117794886807,False,25.72
H_AF_full_chainA,15.0,A,45,116.86145077021509,0.37474008455761,False,27.8
H_AF_full_chainA,15.0,A,46,131.43591131645732,0.42147606585412484,False,30.27
H_AF_full_chainA,15.0,A,47,156.05422935372405,0.5004197253941004,False,32.5
H_AF_full_chainA,15.0,A,48,209.92877435655333,0.6731794457022162,False,37.09
H_AF_full_chainA,15.0,A,49,224.39843424135168,0.7195793622958514,False,35.53
H_AF_full_chainA,15.0,A,50,295.13570049899494,0.9464128387250147,False,37.19
H_AF_full_chainA,15.0,A,51,337.9841051524839,1.0838149903941745,False,47.22
H_AF_full_chainA,15.0,A,52,361.50226362772264,1.1592307638384016,False,43.12
H_AF_full_chainA,15.0,A,53,287.92702368204004,0.9232967457608268,False,40.28
H_AF_full_chainA,15.0,A,54,283.1678297512181,0.9080354194268837,False,40.84
H_AF_full_chainA,15.0,A,55,241.871427071327,0.7756100787333401,False,38.97
H_AF_full_chainA,15.0,A,56,199.55482143813197,0.6399132491230726,False,47.22
H_AF_full_chainA,15.0,A,57,210.78246780131067,0.6759169879076753,False,50.5
H_AF_full_chainA,15.0,A,58,189.78343176746907,0.6085792945358611,False,47.09
H_AF_full_chainA,15.0,A,59,165.51141427464918,0.5307461183456391,False,62.56
H_AF_full_chainA,15.0,A,60,180.9743097728892,0.5803310475787171,False,70.56
H_AF_full_chainA,15.0,A,61,166.83429047132628,0.5349881907701616,False,66.81
H_AF_full_chainA,15.0,A,62,169.6618125736128,0.5440552172764714,False,69.56
H_AF_full_chainA,15.0,A,63,147.73737228039957,0.4737500263413352,False,69.62
H_AF_full_chainA,15.0,A,64,125.55455965537739,0.40261631180982654,False,67.56
H_AF_full_chainA,15.0,A,65,129.4314131338331,0.41504823346370556,False,73.0
H_AF_full_chainA,15.0,A,66,126.75353339816083,0.4064610657367351,False,71.94
H_AF_full_chainA,15.0,A,67,102.03522742290434,0.3271967744735518,False,68.56
H_AF_full_chainA,15.0,A,68,94.02895169767791,0.30152301787983693,False,66.88
H_AF_full_chainA,15.0,A,69,102.09115550358082,0.3273761192749701,False,70.94
H_AF_full_chainA,15.0,A,70,90.39149701101503,0.28985877729519116,False,64.25
H_AF_full_chainA,15.0,A,71,72.65247321781564,0.2329749782971449,False,64.69
H_AF_full_chainA,15.0,A,72,75.86953133761189,0.2432911315187037,False,62.72
H_AF_full_chainA,15.0,A,73,77.83033473134952,0.24957884765372684,False,59.22
H_AF_full_chainA,15.0,A,74,63.28893164572145,0.2029488718492212,False,55.53
H_AF_full_chainA,15.0,A,75,57.05055614855186,0.18294424803269668,False,52.25
H_AF_full_chainA,15.0,A,76,62.45679741238761,0.20028046365381066,False,49.44
H_AF_full_chainA,15.0,A,77,58.15565586517124,0.18648797574205767,False,44.44
H_AF_full_chainA,15.0,A,78,48.56422306500789,0.1557310895758118,False,34.47
H_AF_full_chainA,15.0,A,79,49.120881008941765,0.15751612684519864,False,39.06
H_AF_full_chainA,15.0,A,80,49.455089954230836,0.1585878360152636,False,31.69
H_AF_full_chainA,15.0,A,81,43.83117864216808,0.140553616974368,False,39.56
H_AF_full_chainA,15.0,A,82,47.46090740365434,0.15219308280365268,False,42.97
H_AF_full_chainA,15.0,A,83,49.4532354893423,0.15858188929524122,False,44.47
H_AF_full_chainA,15.0,A,84,49.344582927741016,0.15823347268862278,False,55.72
H_AF_full_chainA,15.0,A,85,56.911442962309614,0.18249815321843663,False,64.12
H_AF_full_chainA,15.0,A,86,58.15443619189734,0.186484064610861,False,68.94
H_AF_full_chainA,15.0,A,87,62.124133145027876,0.1992137078086791,False,74.5
H_AF_full_chainA,15.0,A,88,54.958517621889264,0.1762356996686956,False,72.5
H_AF_full_chainA,15.0,A,89,49.757207002386814,0.15955663596962052,False,69.81
H_AF_full_chainA,15.0,A,90,54.92134439723142,0.17611649613956135,False,74.75
H_AF_full_chainA,15.0,A,91,54.99557958538389,0.17635454641620993,False,79.75
H_AF_full_chainA,15.0,A,92,46.61172043406225,0.14946999153024476,False,78.25
H_AF_full_chainA,15.0,A,93,46.343152813581185,0.148608774660651,False,75.88
H_AF_full_chainA,15.0,A,94,51.7631238403993,0.1659890175679835,False,80.75
H_AF_full_chainA,15.0,A,95,47.76358041301551,0.15316366556104405,False,83.38
H_AF_full_chainA,15.0,A,96,40.935645579283815,0.13126849944696212,False,79.38
H_AF_full_chainA,15.0,A,97,44.17482188041763,0.14165557912964283,False,80.69
H_AF_full_chainA,15.0,A,98,47.49791032767405,0.15231174022904514,False,84.94
H_AF_full_chainA,15.0,A,99,40.98722967853947,0.13143391438567362,False,86.38
H_AF_full_chainA,15.0,A,100,37.841427566325045,0.12134625809043617,False,83.94
H_AF_full_chainA,15.0,A,101,43.54552936090047,0.13963762427437554,False,84.56
H_AF_full_chainA,15.0,A,102,42.66217258155567,0.13680496053449856,False,86.12
H_AF_full_chainA,15.0,A,103,35.809847542056275,0.11483158224940965,False,85.19
H_AF_full_chainA,15.0,A,104,37.79020566928028,0.12118200462701222,False,82.19
H_AF_full_chainA,15.0,A,105,43.48609544793987,0.13944703730646052,False,86.75
H_AF_full_chainA,15.0,A,106,41.77453951786486,0.133958584016397,False,86.38
H_AF_full_chainA,15.0,A,107,38.99463710652022,0.12504425976470196,False,79.5
H_AF_full_chainA,15.0,A,108,45.96376378676827,0.1473921863413116,False,80.44
H_AF_full_chainA,15.0,A,109,50.14883053374738,0.16081245672393732,False,84.5
H_AF_full_chainA,15.0,A,110,54.59176935379737,0.17505964652122652,False,85.38
H_AF_full_chainA,15.0,A,111,51.48939870372547,0.16511126207045515,False,84.25
H_AF_full_chainA,15.0,A,112,48.517490992458555,0.15558123365066912,False,86.19
H_AF_full_chainA,15.0,A,113,41.03731631761293,0.1315945274127915,False,81.81
H_AF_full_chainA,15.0,A,114,42.05216308442269,0.1348488406247257,False,84.94
H_AF_full_chainA,15.0,A,115,45.44089532686166,0.14571550194635924,False,88.62
H_AF_full_chainA,15.0,A,116,40.60198678551764,0.13019855445,False,88.69
H_AF_full_chainA,15.0,A,117,35.51347366810254,0.11388119895488362,False,87.19
H_AF_full_chainA,15.0,A,118,38.84808037386123,0.1245742957001867,False,89.94
H_AF_full_chainA,15.0,A,119,40.56926471828857,0.1300936244653087,False,89.88
H_AF_full_chainA,15.0,A,120,34.482653592997096,0.11057566407094435,False,88.12
H_AF_full_chainA,15.0,A,121,32.38449341720814,0.10384748539004986,False,89.0
H_AF_full_chainA,15.0,A,122,36.548927610646274,0.11720159328018877,False,90.0
H_AF_full_chainA,15.0,A,123,36.0354006422564,0.11555486428368308,False,86.56
H_AF_full_chainA,15.0,A,124,30.32178957421275,0.09723300467423787,False,85.5
H_AF_full_chainA,15.0,A,125,30.837056461853265,0.09888531307680784,False,83.75
H_AF_full_chainA,15.0,A,126,34.706325370310545,0.11129291325954467,False,81.62
H_AF_full_chainA,15.0,A,127,32.196632107082806,0.10324506977072045,False,79.12
H_AF_full_chainA,15.0,A,128,28.00507584664188,0.08980398943915613,False,74.56
H_AF_full_chainA,15.0,A,129,30.702511392804702,0.09845386686233967,False,75.88
H_AF_full_chainA,15.0,A,130,34.012050993393935,0.1090665808205996,False,71.81
H_AF_full_chainA,15.0,A,131,31.41460016394624,0.10073732479094959,False,65.75
H_AF_full_chainA,15.0,A,132,30.355428647804228,0.0973408752269225,False,61.28
H_AF_full_chainA,15.0,A,133,35.42825908218985,0.11360794099924472,False,60.28
H_AF_full_chainA,15.0,A,134,38.060085130416816,0.12204742818131609,False,54.78
H_AF_full_chainA,15.0,A,135,37.752547832910764,0.12106124709155154,False,52.38
H_AF_full_chainA,15.0,A,136,42.55523577693454,0.1364620458526944,False,48.38
H_AF_full_chainA,15.0,A,137,41.41010653960761,0.13278995531815982,False,61.34
H_AF_full_chainA,15.0,A,138,38.397594535542524,0.12312972094922371,False,50.84
H_AF_full_chainA,15.0,A,139,37.33015184453237,0.11970674817545508,False,57.91
H_AF_full_chainA,15.0,A,140,34.115352671023956,0.10939783872604984,False,56.06
H_AF_full_chainA,15.0,A,141,30.14611802301698,0.09666967800393225,False,61.34
H_AF_full_chainA,15.0,A,142,31.22482179516537,0.10012876173191322,False,62.38
H_AF_full_chainA,15.0,A,143,31.89479970353851,0.10227718258738554,False,68.06
H_AF_full_chainA,15.0,A,144,28.003464971076784,0.08979882383799768,False,69.31
H_AF_full_chainA,15.0,A,145,25.757092615435866,0.082595372563411,False,74.56
H_AF_full_chainA,15.0,A,146,27.6840956107295,0.08877470082469556,False,76.56
H_AF_full_chainA,15.0,A,147,26.536046062344205,0.08509324571693573,False,72.62
H_AF_full_chainA,15.0,A,148,22.70771178672296,0.072816910786078,False,78.31
H_AF_full_chainA,15.0,A,149,22.329802278025458,0.07160506684343441,False,79.94
H_AF_full_chainA,15.0,A,150,23.547563073664595,0.07551006528835415,False,82.06
H_AF_full_chainA,15.0,A,151,21.67493871057672,0.06950511320584031,False,83.62
H_AF_full_chainA,15.0,A,152,18.566833303974594,0.05953833908822081,False,84.56
H_AF_full_chainA,15.0,A,153,19.13001671605808,0.06134430160258828,False,87.44
H_AF_full_chainA,15.0,A,154,19.422626903380568,0.062282615868044885,False,87.56
H_AF_full_chainA,15.0,A,155,17.215953733148577,0.05520646813110007,False,88.25
H_AF_full_chainA,15.0,A,156,15.3338003166825,0.049170959194763476,False,92.06
H_AF_full_chainA,15.0,A,157,15.83595884392572,0.05078123296528568,False,91.12
H_AF_full_chainA,15.0,A,158,15.97380286750944,0.05122325795054018,False,86.62
H_AF_full_chainA,15.0,A,159,13.840862603663883,0.04438354982128311,False,88.31
H_AF_full_chainA,15.0,A,160,12.841638267869365,0.041179333121766526,False,87.81
H_AF_full_chainA,15.0,A,161,13.453169725552808,0.04314033350856251,False,84.75
H_AF_full_chainA,15.0,A,162,13.46561466760012,0.04318024075431709,False,85.0
H_AF_full_chainA,15.0,A,163,11.701923003073642,0.037524603594739254,False,83.81
H_AF_full_chainA,15.0,A,164,10.932353836471307,0.03505682305064395,False,79.75
H_AF_full_chainA,15.0,A,165,12.008743101699853,0.03850848483996906,False,78.12
H_AF_full_chainA,15.0,A,166,11.553595383639594,0.03704896082047455,False,79.5
H_AF_full_chainA,15.0,A,167,9.973469717531737,0.031981965486887365,False,82.88
H_AF_full_chainA,15.0,A,168,9.639285898959336,0.03091033689076587,False,83.75
H_AF_full_chainA,15.0,A,169,8.424990037154329,0.027016449463118573,False,85.81
H_AF_full_chainA,15.0,A,170,9.759439083834415,0.031295632592326934,False,90.62
H_AF_full_chainA,15.0,A,171,11.398589433876005,0.0365519026174615,False,89.0
H_AF_full_chainA,15.0,A,172,13.413267184366687,0.043012377869131396,False,86.12
H_AF_full_chainA,15.0,A,173,12.983858836853456,0.0416353923927722,False,88.94
H_AF_full_chainA,15.0,A,174,12.655782711774641,0.040583349361960334,False,89.12
H_AF_full_chainA,15.0,A,175,15.29383221404425,0.049042793319159936,False,86.25
H_AF_full_chainA,15.0,A,176,16.935854905212608,0.05430827409214702,False,86.0
H_AF_full_chainA,15.0,A,177,16.29425077326019,0.0522508395397288,False,87.19
H_AF_full_chainA,15.0,A,178,17.197501180731113,0.05514729625699061,False,85.44
H_AF_full_chainA,15.0,A,179,20.370713101234333,0.06532284769479349,False,81.06
H_AF_full_chainA,15.0,A,180,21.6460433335126,0.06941245428390357,False,81.69
H_AF_full_chainA,15.0,A,181,20.378200239937055,0.06534685673260758,False,81.56
H_AF_full_chainA,15.0,A,182,20.164951640900398,0.06466303159174124,False,79.62
H_AF_full_chainA,15.0,A,183,17.763366003987567,0.05696185726335925,False,79.38
H_AF_full_chainA,15.0,A,184,17.0145799360164,0.05456072196529744,False,75.5
H_AF_full_chainA,15.0,A,185,15.412132270423696,0.049422146586115115,False,84.0
H_AF_full_chainA,15.0,A,186,13.771142271302713,0.04415997735087298,False,86.25
H_AF_full_chainA,15.0,A,187,12.470525690094409,0.03998928492487023,False,84.06
H_AF_full_chainA,15.0,A,188,10.829508389390757,0.034727028141533056,False,88.81
H_AF_full_chainA,15.0,A,189,9.863137036473814,0.031628161234444764,False,92.44
H_AF_full_chainA,15.0,A,190,9.585578044282363,0.03073811169699661,False,90.12
H_AF_full_chainA,15.0,A,191,8.231706030193802,0.026396644860021155,False,91.81
H_AF_full_chainA,15.0,A,192,7.009103798639233,0.02247612136306441,False,93.12
H_AF_full_chainA,15.0,A,193,6.904934976844423,0.022142082782930655,False,94.06
H_AF_full_chainA,15.0,A,194,6.551788670313662,0.021009647100348194,False,92.94
H_AF_full_chainA,15.0,A,195,5.164657249967499,0.01656152719145583,False,93.75
H_AF_full_chainA,15.0,A,196,4.760617081091129,0.01526588995563955,False,95.44
H_AF_full_chainA,15.0,A,197,5.1281222260558215,0.016444370183223086,False,93.75
H_AF_full_chainA,15.0,A,198,4.453455794274235,0.014280914620865384,False,94.25
H_AF_full_chainA,15.0,A,199,3.455747540691849,0.011081559548280736,False,95.75
H_AF_full_chainA,15.0,A,200,3.955984798572365,0.012685672376604359,False,95.5
H_AF_full_chainA,15.0,A,201,4.315347313518036,0.013838041599731437,False,95.56
H_AF_full_chainA,15.0,A,202,3.379215009107457,0.010836142371202076,False,95.19
H_AF_full_chainA,15.0,A,203,3.242592207633398,0.010398033483802097,False,96.38
H_AF_full_chainA,15.0,A,204,4.3383237052260215,0.013911720087502478,False,96.25
H_AF_full_chainA,15.0,A,205,4.408952977305984,0.01413820725856739,False,94.38
H_AF_full_chainA,15.0,A,206,3.6260981057284556,0.01162782339085255,False,94.38
H_AF_full_chainA,15.0,A,207,4.237743090540637,0.013589187825549215,False,94.75
H_AF_full_chainA,15.0,A,208,5.7073123501937895,0.01830166148556343,False,93.44
H_AF_full_chainA,15.0,A,209,5.906144188787741,0.01893925634269003,False,92.81
H_AF_full_chainA,15.0,A,210,4.996988598060844,0.016023863450512658,False,93.31
H_AF_full_chainA,15.0,A,211,4.843704248219711,0.015532325908900475,False,92.0
H_AF_full_chainA,15.0,A,212,6.4002853742568435,0.020523820871075,False,91.69
H_AF_full_chainA,15.0,A,213,7.850031893365743,0.025172728869198507,False,91.06
H_AF_full_chainA,15.0,A,214,7.316515309477146,0.023461899092213943,False,88.88
H_AF_full_chainA,15.0,A,215,7.707525902239774,0.02471575433386164,False,88.19
H_AF_full_chainA,15.0,A,216,9.876884443542634,0.0316722451000263,False,89.06
H_AF_full_chainA,15.0,A,217,11.16560717407571,0.0358047974671955,False,85.44
H_AF_full_chainA,15.0,A,218,9.991610912864813,0.032040138930981094,False,83.12
H_AF_full_chainA,15.0,A,219,11.735121371817284,0.037631060937414466,False,84.38
H_AF_full_chainA,15.0,A,220,11.998705454733477,0.038476297077039985,False,82.44
H_AF_full_chainA,15.0,A,221,11.281379555845598,0.036176045229806206,False,81.31
H_AF_full_chainA,15.0,A,222,13.57929209027917,0.0435447706031789,False,79.31
H_AF_full_chainA,15.0,A,223,13.868011720317455,0.04447060900293258,False,82.38
H_AF_full_chainA,15.0,A,224,11.84655682801697,0.03798840146334288,False,82.81
H_AF_full_chainA,15.0,A,225,11.225858790696929,0.03599800656873031,False,82.88
H_AF_full_chainA,15.0,A,226,8.53769868888837,0.027377872750291674,False,85.88
H_AF_full_chainA,15.0,A,227,8.906534119869608,0.028560618811398934,False,85.81
H_AF_full_chainA,15.0,A,228,10.700059437855465,0.0343119236676068,False,85.19
H_AF_full_chainA,15.0,A,229,10.848750121888429,0.0347887306825822,False,85.75
H_AF_full_chainA,15.0,A,230,12.664735819938796,0.040612059329947006,False,84.25
H_AF_full_chainA,15.0,A,231,15.857624971654081,0.05085070982427938,False,80.94
H_AF_full_chainA,15.0,A,232,15.912955209651717,0.051028137521173175,False,78.38
H_AF_full_chainA,15.0,A,233,13.45357455311773,0.0431416316707444,False,82.0
H_AF_full_chainA,15.0,A,234,14.350594410115994,0.04601810885672727,False,79.44
H_AF_full_chainA,15.0,A,235,16.63185714341351,0.05333344324578075,False,81.44
H_AF_full_chainA,15.0,A,236,14.3785482636759,0.046107748591453376,False,82.38
H_AF_full_chainA,15.0,A,237,11.566487789824338,0.0370903029512797,False,78.88
H_AF_full_chainA,15.0,A,238,12.238049519142681,0.039243802651751945,False,82.62
H_AF_full_chainA,15.0,A,239,13.28197978547162,0.04259137803865671,False,86.5
H_AF_full_chainA,15.0,A,240,12.059675943069012,0.03867181138739459,False,80.25
H_AF_full_chainA,15.0,A,241,11.803612391015207,0.03785069136435598,False,79.25
H_AF_full_chainA,15.0,A,242,10.156272997657238,0.03256816150105749,False,80.81
H_AF_full_chainA,15.0,A,243,8.576770014540875,0.02750316292752546,False,82.06
H_AF_full_chainA,15.0,A,244,8.289197983480044,0.026581004538031926,False,80.0
H_AF_full_chainA,15.0,A,245,7.484984399362388,0.02400212960084485,False,78.25
H_AF_full_chainA,15.0,A,246,6.073321351828075,0.019475344024307308,False,83.0
H_AF_full_chainA,15.0,A,247,7.3307358970631915,0.023507500307664637,False,82.88
H_AF_full_chainA,15.0,A,248,8.831105335754382,0.02831874102577228,False,83.12
H_AF_full_chainA,15.0,A,249,8.423488674727539,0.02701163503818153,False,83.62
H_AF_full_chainA,15.0,A,250,6.308167027976961,0.020228424599278684,False,84.75
H_AF_full_chainA,15.0,A,251,5.838760063117733,0.018723175395679782,False,85.25
H_AF_full_chainA,15.0,A,252,6.736050364461637,0.021600519816634377,False,86.12
H_AF_full_chainA,15.0,A,253,5.776216845143455,0.01852261780686231,False,88.69
H_AF_full_chainA,15.0,A,254,4.86929446507225,0.015614386160283322,False,89.44
H_AF_full_chainA,15.0,A,255,3.720168223236595,0.011929478415302489,False,89.62
H_AF_full_chainA,15.0,A,256,3.6492757545054086,0.011702147250476717,False,93.5
H_AF_full_chainA,15.0,A,257,3.8502344304271903,0.012346562245423088,False,92.31
H_AF_full_chainA,15.0,A,258,5.130767443483168,0.016452852612594483,False,90.06
H_AF_full_chainA,15.0,A,259,5.825573067265469,0.018680888603002058,False,90.0
H_AF_full_chainA,15.0,A,260,6.085003352512597,0.01951280474292296,False,91.25
H_AF_full_chainA,15.0,A,261,8.16042249506469,0.026168059661003096,False,87.88
H_AF_full_chainA,15.0,A,262,8.943251908062553,0.02867836189058805,False,87.12
H_AF_full_chainA,15.0,A,263,11.297475494786479,0.03622766014199483,False,85.62
H_AF_full_chainA,15.0,A,264,11.853082759559333,0.038009328194286957,False,82.19
H_AF_full_chainA,15.0,A,265,12.646396582859142,0.0405532508245874,False,83.94
H_AF_full_chainA,15.0,A,266,11.915154271776606,0.0382083731623548,False,82.0
H_AF_full_chainA,15.0,A,267,14.045961894344462,0.04504124254224269,False,80.12
H_AF_full_chainA,15.0,A,268,17.265631526812818,0.05536577011199861,False,80.06
H_AF_full_chainA,15.0,A,269,15.70301662477747,0.05035492661604439,False,76.69
H_AF_full_chainA,15.0,A,270,14.960917502666156,0.04797523437418664,False,83.81
H_AF_full_chainA,15.0,A,271,11.570160617503621,0.037102080622582155,False,86.69
H_AF_full_chainA,15.0,A,272,10.340686322868196,0.03315952045328366,False,88.81
H_AF_full_chainA,15.0,A,273,7.837550709924841,0.025132705408021226,False,89.12
H_AF_full_chainA,15.0,A,274,7.351866718319723,0.023575260597240494,False,91.0
H_AF_full_chainA,15.0,A,275,8.153034982353216,0.026144370094256127,False,89.31
H_AF_full_chainA,15.0,A,276,6.907293416928546,0.022149645602241242,False,91.75
H_AF_full_chainA,15.0,A,277,5.129270262607719,0.016448051596654956,False,92.5
H_AF_full_chainA,15.0,A,278,5.56410871470084,0.017842449811226912,False,91.56
H_AF_full_chainA,15.0,A,279,6.339318880887749,0.02032831937139536,False,90.0
H_AF_full_chainA,15.0,A,280,4.823995021832743,0.015469124253314833,False,92.12
H_AF_full_chainA,15.0,A,281,3.9463215545866057,0.01265468521322022,False,90.44
H_AF_full_chainA,15.0,A,282,5.224241536826974,0.01675259636395763,False,88.75
H_AF_full_chainA,15.0,A,283,5.440045762661018,0.01744461664356168,False,89.12
H_AF_full_chainA,15.0,A,284,3.9766434349613453,0.012751918509064873,False,91.25
H_AF_full_chainA,15.0,A,285,4.439850578014607,0.014237286719124007,False,89.75
H_AF_full_chainA,15.0,A,286,6.068854077429971,0.01946101879751392,False,88.06
H_AF_full_chainA,15.0,A,287,5.672986278626469,0.018191587933704473,False,91.12
H_AF_full_chainA,15.0,A,288,4.940279238136827,0.015842013317786507,False,92.0
H_AF_full_chainA,15.0,A,289,6.519008333811139,0.020904530263343178,False,90.88
H_AF_full_chainA,15.0,A,290,7.77215666468036,0.024923006059921683,False,88.44
H_AF_full_chainA,15.0,A,291,7.013433288805167,0.022490004756605914,False,90.06
H_AF_full_chainA,15.0,A,292,7.295796993475304,0.023395461584898653,False,90.06
H_AF_full_chainA,15.0,A,293,9.36566107447865,0.03003290306475104,False,85.31
H_AF_full_chainA,15.0,A,294,10.150604843609994,0.03254998540865961,False,84.06
H_AF_full_chainA,15.0,A,295,9.738394018572041,0.03122814729684271,False,84.81
H_AF_full_chainA,15.0,A,296,11.333341009906047,0.0363426702336891,False,81.44
H_AF_full_chainA,15.0,A,297,13.49525447352061,0.043275286839263925,False,74.69
H_AF_full_chainA,15.0,A,298,13.718498151710481,0.043991163240681544,False,74.94
H_AF_full_chainA,15.0,A,299,14.309324212982308,0.04588576754946422,False,71.12
H_AF_full_chainA,15.0,A,300,16.83378923189918,0.053980979686713775,False,67.06
H_AF_full_chainA,15.0,A,301,18.666680674168145,0.059858520052110765,False,57.22
H_AF_full_chainA,15.0,A,302,18.823322216707272,0.06036082311706046,False,57.31
H_AF_full_chainA,15.0,A,303,20.576518925217986,0.06598280605893986,False,50.78
H_AF_full_chainA,15.0,A,304,24.12595042460265,0.07736478233464313,False,44.28
H_AF_full_chainA,15.0,A,305,27.383538751187785,0.08781090393344783,False,43.12
H_AF_full_chainA,15.0,A,306,30.225030645007873,0.09692272742649742,False,45.28
H_AF_full_chainA,15.0,A,307,34.26939077636833,0.10989179333846817,False,46.69
H_AF_full_chainA,15.0,A,308,31.57599290347228,0.10125486353840099,False,53.44
H_AF_full_chainA,15.0,A,309,33.07366892064866,0.10605746725089595,False,57.19
H_AF_full_chainA,15.0,A,310,38.64099495559841,0.1239102340559149,False,63.91
H_AF_full_chainA,15.0,A,311,38.42426169691691,0.12321523464293951,False,72.88
H_AF_full_chainA,15.0,A,312,33.723089139808515,0.10813996568162237,False,75.94
H_AF_full_chainA,15.0,A,313,36.494571305790515,0.11702728869862115,False,86.75
H_AF_full_chainA,15.0,A,314,39.24251180007531,0.1258391205422322,False,86.62
H_AF_full_chainA,15.0,A,315,34.644613567125326,0.11109502177187776,False,82.81
H_AF_full_chainA,15.0,A,316,32.08881258942251,0.10289932448946063,False,85.0
H_AF_full_chainA,15.0,A,317,36.44527442382235,0.1168692081887916,False,87.62
H_AF_full_chainA,15.0,A,318,37.27735262092126,0.11953743669258203,False,86.06
H_AF_full_chainA,15.0,A,319,32.45489346049593,0.10407323749222426,False,83.62
H_AF_full_chainA,15.0,A,320,29.370028629042444,0.09418098902047829,False,84.69
H_AF_full_chainA,15.0,A,321,30.7234032288041,0.09852086079692954,False,88.56
H_AF_full_chainA,15.0,A,322,28.972864879032866,0.09290740242472005,False,83.25
H_AF_full_chainA,15.0,A,323,32.508191801007506,0.10424414949527101,False,84.25
H_AF_full_chainA,15.0,A,324,29.486461455006182,0.09455435463214373,False,83.81
H_AF_full_chainA,15.0,A,325,28.127641308925842,0.09019702060039378,False,81.44
H_AF_full_chainA,15.0,A,326,29.728579594732242,0.09533075584534004,False,82.25
H_AF_full_chainA,15.0,A,327,27.961378348275286,0.08966386449525951,False,87.62
H_AF_full_chainA,15.0,A,328,30.104129817453114,0.09653503425614612,False,88.56
H_AF_full_chainA,15.0,A,329,26.397675429429853,0.08464953205142106,False,83.12
H_AF_full_chainA,15.0,A,330,24.508563840281415,0.07859171031473697,False,84.19
H_AF_full_chainA,15.0,A,331,28.31036912718763,0.0907829746307018,False,86.56
H_AF_full_chainA,15.0,A,332,28.42285049275447,0.09114366907840771,False,87.19
H_AF_full_chainA,15.0,A,333,24.17869432348589,0.07753391640748865,False,84.44
H_AF_full_chainA,15.0,A,334,25.314991532184443,0.08117768524027129,False,85.88
H_AF_full_chainA,15.0,A,335,29.18770881303489,0.09359634333264115,False,88.62
H_AF_full_chainA,15.0,A,336,26.985724866303915,0.08653523254757138,False,86.44
H_AF_full_chainA,15.0,A,337,23.997534322802743,0.0769529899041206,False,84.62
H_AF_full_chainA,15.0,A,338,27.694167744603693,0.08880699917693073,False,87.12
H_AF_full_chainA,15.0,A,339,30.16282284006274,0.09672324540799056,False,87.44
H_AF_full_chainA,15.0,A,340,26.471659282490776,0.08488677637081997,False,82.75
H_AF_full_chainA,15.0,A,341,26.01854888471878,0.08343378543449413,False,81.94
H_AF_full_chainA,15.0,A,342,30.920626028880733,0.0991532959437662,False,86.12
H_AF_full_chainA,15.0,A,343,30.733779731685534,0.09855413517048535,False,83.88
H_AF_full_chainA,15.0,A,344,27.09840269973899,0.08689655700958114,False,77.31
H_AF_full_chainA,15.0,A,345,30.02540459128516,0.09628258575652066,False,79.56
H_AF_full_chainA,15.0,A,346,34.74590621767508,0.11141983732210327,False,84.31
H_AF_full_chainA,15.0,A,347,32.61914121439348,0.10459993142575236,False,79.69
H_AF_full_chainA,15.0,A,348,30.6706985021146,0.09835185233771536,False,75.19
H_AF_full_chainA,15.0,A,349,35.8080597582599,0.1148258493559139,False,77.25
H_AF_full_chainA,15.0,A,350,38.797873425735524,0.12441329687754671,False,80.56
H_AF_full_chainA,15.0,A,351,35.62370790253601,0.11423468751813934,False,71.75
H_AF_full_chainA,15.0,A,352,37.02555665219619,0.11873000154618088,False,71.38
H_AF_full_chainA,15.0,A,353,43.180676896845036,0.1384676504093409,False,71.38
H_AF_full_chainA,15.0,A,354,43.928524631060164,0.14086577674877038,False,72.88
H_AF_full_chainA,15.0,A,355,48.49954192600524,0.15552367630702746,False,58.47
H_AF_full_chainA,15.0,A,356,47.06255930983513,0.15091569836783306,False,67.19
H_AF_full_chainA,15.0,A,357,50.951362758799185,0.1633859400402404,False,75.56
H_AF_full_chainA,15.0,A,358,48.47707815207305,0.15545164163274136,False,79.12
H_AF_full_chainA,15.0,A,359,50.55138728201488,0.1621033370689163,False,82.56
H_AF_full_chainA,15.0,A,360,48.44423290233323,0.15534631663819704,False,84.06
H_AF_full_chainA,15.0,A,361,42.156060033804515,0.13518200739049846,False,82.81
H_AF_full_chainA,15.0,A,362,41.44782906500873,0.1329109202921985,False,86.12
H_AF_full_chainA,15.0,A,363,43.08844939955737,0.13817190412256858,False,89.44
H_AF_full_chainA,15.0,A,364,39.289804727345924,0.1259907749624671,False,88.06
H_AF_full_chainA,15.0,A,365,34.47186767032014,0.11054107680928231,False,89.5
H_AF_full_chainA,15.0,A,366,35.557087147055014,0.11402105447338678,False,89.69
H_AF_full_chainA,15.0,A,367,35.862020899747726,0.11499888676551902,False,90.56
H_AF_full_chainA,15.0,A,368,30.992515058960574,0.09938382278587991,False,89.25
H_AF_full_chainA,15.0,A,369,28.15034864609475,0.0902698363098914,False,89.06
H_AF_full_chainA,15.0,A,370,30.102892631362547,0.09653106696652977,False,90.88
H_AF_full_chainA,15.0,A,371,28.268893107641205,0.09064997331187938,False,90.69
H_AF_full_chainA,15.0,A,372,23.66359157521358,0.07588213435129137,False,87.88
H_AF_full_chainA,15.0,A,373,23.387116766239636,0.07499556146853069,False,87.75
H_AF_full_chainA,15.0,A,374,24.773158494191936,0.0794401870564376,False,90.06
H_AF_full_chainA,15.0,A,375,21.582004240799037,0.06920709986753866,False,88.38
H_AF_full_chainA,15.0,A,376,18.24011895258425,0.05849066286257697,False,85.31
H_AF_full_chainA,15.0,A,377,19.613832314968125,0.06289575503099336,False,84.06
H_AF_full_chainA,15.0,A,378,20.26968181155815,0.06499887025153325,False,87.44
H_AF_full_chainA,15.0,A,379,16.5063743167768,0.05293105696053062,False,84.62
H_AF_full_chainA,15.0,A,380,14.939633847912875,0.047906983992821596,False,79.62
H_AF_full_chainA,15.0,A,381,17.078467357706597,0.05476559001758123,False,84.12
H_AF_full_chainA,15.0,A,382,16.454482413439866,0.05276465498523276,False,84.25
H_AF_full_chainA,15.0,A,383,12.837607299553452,0.04116640699944305,False,78.12
H_AF_full_chainA,15.0,A,384,13.207773487534334,0.04235342040437742,False,76.94
H_AF_full_chainA,15.0,A,385,15.473773102019129,0.0496198104888994,False,83.19
H_AF_full_chainA,15.0,A,386,13.499547315671075,0.043289052713466704,False,78.88
H_AF_full_chainA,15.0,A,387,11.039058690263609,0.03539899393479171,False,73.62
H_AF_full_chainA,15.0,A,388,13.051383063840133,0.04185192260323852,False,76.81
H_AF_full_chainA,15.0,A,389,14.402579504527678,0.04618480966821963,False,80.88
H_AF_full_chainA,15.0,A,390,11.647292627932956,0.037349420150885826,False,75.5
H_AF_full_chainA,15.0,A,391,11.234417010673877,0.03602545024717762,False,71.25
H_AF_full_chainA,15.0,A,392,14.156237873889536,0.04539486496971581,False,75.38
H_AF_full_chainA,15.0,A,393,13.582407585388681,0.04355476107388659,False,72.88
H_AF_full_chainA,15.0,A,394,11.069545647410333,0.03549675658298553,False,65.06
H_AF_full_chainA,15.0,A,395,12.993904306512587,0.04166760524076161,False,67.38
H_AF_full_chainA,15.0,A,396,15.109530090003851,0.04845179095617498,False,69.75
H_AF_full_chainA,15.0,A,397,15.334225622116033,0.04917232302340906,False,64.88
H_AF_full_chainA,15.0,A,398,13.50728412638586,0.04331386237552683,False,63.16
H_AF_full_chainA,15.0,A,399,16.414271348685944,0.05263571000203495,False,66.31
H_AF_full_chainA,15.0,A,400,18.677010490493824,0.05989164471570031,False,71.88
H_AF_full_chainA,15.0,A,401,16.606430033548765,0.05325190603023218,False,72.38
H_AF_full_chainA,15.0,A,402,17.72176743815397,0.0568284629748645,False,77.0
H_AF_full_chainA,15.0,A,403,15.339169753688909,0.04918817739002416,False,75.62
H_AF_full_chainA,15.0,A,404,15.915925965925574,0.051037663857273985,False,74.0
H_AF_full_chainA,15.0,A,405,14.936879932558668,0.04789815300137062,False,76.38
H_AF_full_chainA,15.0,A,406,11.840904346322088,0.037970275627540406,False,70.44
H_AF_full_chainA,15.0,A,407,11.23239612731285,0.03601896987236967,False,74.44
H_AF_full_chainA,15.0,A,408,12.941339982034469,0.041499047009883785,False,77.0
H_AF_full_chainA,15.0,A,409,10.589194736351024,0.03395641338305694,False,74.56
H_AF_full_chainA,15.0,A,410,9.370336221288902,0.030047894876845158,False,72.19
H_AF_full_chainA,15.0,A,411,12.290643749373958,0.0394124567815288,False,73.31
H_AF_full_chainA,15.0,A,412,13.310806576414311,0.04268381702520181,False,79.31
H_AF_full_chainA,15.0,A,413,10.7974127891177,0.03462410705095116,False,75.94
H_AF_full_chainA,15.0,A,414,11.367762757113404,0.03645305058900807,True,73.31
H_AF_full_chainA,15.0,A,415,14.868356736686765,0.04767841939335915,False,79.25
H_AF_full_chainA,15.0,A,416,14.52914972646701,0.046590682908363504,False,82.06
H_AF_full_chainA,15.0,A,417,12.561509537736805,0.040281043195319305,True,75.88
H_AF_full_chainA,15.0,A,418,15.372431404455428,0.04929483765941684,True,76.5
H_AF_full_chainA,15.0,A,419,18.664897391111296,0.05985280159115457,False,82.56
H_AF_full_chainA,15.0,A,420,17.65684169055659,0.05662026531871483,False,84.44
H_AF_full_chainA,15.0,A,421,17.1590255201471,0.055023916201329535,False,81.75
H_AF_full_chainA,15.0,A,422,20.906283633497534,0.06704026387629813,False,82.44
H_AF_full_chainA,15.0,A,423,23.102663288792346,0.07408340335746202,False,85.75
H_AF_full_chainA,15.0,A,424,21.536761093290117,0.06906201848431603,False,87.12
H_AF_full_chainA,15.0,A,425,23.131564084666167,0.07417607965591765,False,81.94
H_AF_full_chainA,15.0,A,426,27.646905174634707,0.08865544210357715,False,84.19
H_AF_full_chainA,15.0,A,427,27.599100374116126,0.08850214625733768,False,86.69
H_AF_full_chainA,15.0,A,428,26.38771696966946,0.08461759821842414,False,81.5
H_AF_full_chainA,15.0,A,429,30.739013852099554,0.09857091944548456,False,79.94
H_AF_full_chainA,15.0,A,430,33.866436790778,0.10859963917096717,False,83.0
H_AF_full_chainA,15.0,A,431,31.954224285498942,0.10246773963354476,False,82.19
H_AF_full_chainA,15.0,A,432,33.846003609967916,0.10853411600781897,False,76.38
H_AF_full_chainA,15.0,A,433,30.75650518286938,0.09862700896626758,False,76.31
H_AF_full_chainA,15.0,A,434,30.558335921018756,0.0979915387966507,False,73.44
H_AF_full_chainA,15.0,A,435,26.656612685599406,0.08547986719301444,False,67.31
H_AF_full_chainA,15.0,A,436,23.465696566403018,0.07524754363000195,False,70.0
H_AF_full_chainA,15.0,A,437,24.129780655382586,0.077377064751102,False,77.94
H_AF_full_chainA,15.0,A,438,24.152353009957174,0.07744944761137111,False,79.69
H_AF_full_chainA,15.0,A,439,20.09090755034364,0.06442559410852199,False,76.81
H_AF_full_chainA,15.0,A,440,18.385852311953716,0.058957986612650566,False,82.69
H_AF_full_chainA,15.0,A,441,19.889000149122154,0.06377813683233838,False,84.19
H_AF_full_chainA,15.0,A,442,18.829623424621072,0.060381029225840294,False,84.19
H_AF_full_chainA,15.0,A,443,15.088911453348151,0.04838567309102018,False,82.69
H_AF_full_chainA,15.0,A,444,15.031150107882725,0.048200449552024106,False,84.12
H_AF_full_chainA,15.0,A,445,16.034757395770413,0.05141872108165945,False,86.69
H_AF_full_chainA,15.0,A,446,13.698622682438316,0.0439274284933668,False,84.44
H_AF_full_chainA,15.0,A,447,11.269395211641884,0.03613761498501061,False,84.88
H_AF_full_chainA,15.0,A,448,12.37658623050909,0.0396880488817073,False,83.31
H_AF_full_chainA,15.0,A,449,12.442951634881226,0.03990086309103126,True,82.88
H_AF_full_chainA,15.0,A,450,9.57757264193372,0.030712440741063107,True,79.12
H_AF_full_chainA,15.0,A,451,8.770421814381818,0.028124146933532893,False,81.0
H_AF_full_chainA,15.0,A,452,10.224818648525424,0.03278796711559593,False,77.88
H_AF_full_chainA,15.0,A,453,9.146994636595654,0.02933170451824908,True,75.81
H_AF_full_chainA,15.0,A,454,6.826495498152726,0.02189055059088745,True,77.44
H_AF_full_chainA,15.0,A,455,7.494603096708466,0.02403297391634022,False,77.06
H_AF_full_chainA,15.0,A,456,8.64173488286641,0.027711486032271564,False,76.44
H_AF_full_chainA,15.0,A,457,6.887513062746827,0.022086215860869878,False,75.12
H_AF_full_chainA,15.0,A,458,5.839466713641201,0.01872544141475769,False,79.81
H_AF_full_chainA,15.0,A,459,7.430574578353399,0.023827653408813272,False,78.81
H_AF_full_chainA,15.0,A,460,7.617929547991736,0.02442844534406497,False,75.75
H_AF_full_chainA,15.0,A,461,5.8553977530562715,0.018776527542973168,False,80.75
H_AF_full_chainA,15.0,A,462,6.319114538455737,0.02026353002519521,False,84.44
H_AF_full_chainA,15.0,A,463,7.887624954626968,0.025293278690058697,False,81.75
H_AF_full_chainA,15.0,A,464,7.175565983333612,0.023009916320741893,False,79.94
H_AF_full_chainA,15.0,A,465,6.162480646857503,0.019761251494548472,False,86.62
H_AF_full_chainA,15.0,A,466,7.690474526735241,0.024661075619398676,False,87.62
H_AF_full_chainA,15.0,A,467,8.716440905763323,0.027951046136590302,False,86.56
H_AF_full_chainA,15.0,A,468,7.677890440558996,0.02462072217960578,False,85.88
H_AF_full_chainA,15.0,A,469,7.932626210347009,0.025437584397908292,False,88.69
H_AF_full_chainA,15.0,A,470,9.945499874628055,0.031892274479068214,False,88.5
H_AF_full_chainA,15.0,A,471,10.166931592676907,0.0326023404606084,False,87.62
H_AF_full_chainA,15.0,A,472,9.395360924206368,0.030128141692416188,False,88.06
H_AF_full_chainA,15.0,A,473,11.207383181933562,0.035938760759743636,False,88.5
H_AF_full_chainA,15.0,A,474,12.907188927277518,0.04138953468513509,False,89.38
H_AF_full_chainA,15.0,A,475,12.278539457153549,0.03937364189894527,False,87.81
H_AF_full_chainA,15.0,A,476,12.490208687395025,0.04005240247153909,False,86.62
H_AF_full_chainA,15.0,A,477,15.179170262061415,0.0486751063762169,False,87.62
H_AF_full_chainA,15.0,A,478,16.036239369752277,0.05142347333359211,False,89.56
H_AF_full_chainA,15.0,A,479,15.310977468299692,0.0490977730749913,False,87.12
H_AF_full_chainA,15.0,A,480,17.32668484941191,0.05556155004731959,False,86.19
H_AF_full_chainA,15.0,A,481,19.87371166980961,0.06372911120419,False,89.44
H_AF_full_chainA,15.0,A,482,19.589871100446167,0.0628189185079408,False,87.5
H_AF_full_chainA,15.0,A,483,20.057723070617172,0.06431918130381405,False,82.25
H_AF_full_chainA,15.0,A,484,23.40234417314549,0.07504439125554671,False,85.56
H_AF_full_chainA,15.0,A,485,25.187585614058314,0.0807691321698015,False,87.06
H_AF_full_chainA,15.0,A,486,24.843825097418463,0.07966679393744046,False,82.44
H_AF_full_chainA,15.0,A,487,27.12753306503269,0.08698996946921952,False,81.88
H_AF_full_chainA,15.0,A,488,30.863375614562056,0.09896971080973493,False,84.5
H_AF_full_chainA,15.0,A,489,32.039302496514566,0.1027405602752523,False,81.12
H_AF_full_chainA,15.0,A,490,32.36774574020746,0.1037937805468016,False,79.12
H_AF_full_chainA,15.0,A,491,36.884521598488455,0.11827774387178366,False,79.06
H_AF_full_chainA,15.0,A,492,40.50576251029009,0.12988999167932064,False,78.31
H_AF_full_chainA,15.0,A,493,41.25839555012096,0.1323034630775292,False,76.19
H_AF_full_chainA,15.0,A,494,44.83224108915523,0.1437637279524445,False,68.38
H_AF_full_chainA,15.0,A,495,53.21731687268101,0.17065218421779568,False,65.5
H_AF_full_chainA,15.0,A,496,54.10889733052055,0.17351121886060245,False,65.88
H_AF_full_chainA,15.0,A,497,58.71476332752102,0.18828086789200818,False,64.81
H_AF_full_chainA,15.0,A,498,52.028587389488536,0.16684028059935105,False,65.06
H_AF_full_chainA,15.0,A,499,46.53445683744981,0.1492222300439981,False,66.69
H_AF_full_chainA,15.0,A,500,40.75257507177749,0.1306814465136743,False,63.44
H_AF_full_chainA,15.0,A,501,34.73132734226013,0.11137308718362951,False,66.62
H_AF_full_chainA,15.0,A,502,30.18187920293095,0.09678435352350279,False,68.12
H_AF_full_chainA,15.0,A,503,26.87448789849935,0.08617852851517853,False,72.06
H_AF_full_chainA,15.0,A,504,23.16608853925677,0.07428678936341587,False,75.75
H_AF_full_chainA,15.0,A,505,20.243682513739117,0.06491549819856857,False,80.5
H_AF_full_chainA,15.0,A,506,18.526089959637808,0.05940768724194218,False,82.44
H_AF_full_chainA,15.0,A,507,14.791777199455057,0.04743285148308204,False,82.38
H_AF_full_chainA,15.0,A,508,14.499720908319054,0.046496313398756095,False,83.56
H_AF_full_chainA,15.0,A,509,16.515191668119922,0.05295933159657286,False,84.5
H_AF_full_chainA,15.0,A,510,14.76577581385498,0.047349472735221484,False,84.44
H_AF_full_chainA,15.0,A,511,13.609975394955777,0.043643162879787104,False,83.81
H_AF_full_chainA,15.0,A,512,10.714549935751963,0.034358390405536426,False,83.94
H_AF_full_chainA,15.0,A,513,9.247378201993683,0.02965360490145945,False,84.5
H_AF_full_chainA,15.0,A,514,7.626882408584491,0.024457154518163438,False,85.62
H_AF_full_chainA,15.0,A,515,5.908384817973526,0.018946441377318723,False,88.75
H_AF_full_chainA,15.0,A,516,5.141305547861112,0.016486645194319593,False,91.12
H_AF_full_chainA,15.0,A,517,4.046087907764158,0.012974606379518876,False,92.19
H_AF_full_chainA,15.0,A,518,4.0815081456088,0.013088188598783392,False,91.25
H_AF_full_chainA,15.0,A,519,4.556066573087284,0.014609957018298333,False,87.69
H_AF_full_chainA,15.0,A,520,3.745853022086678,0.012011841963157558,False,89.44
H_AF_full_chainA,15.0,A,521,3.1157244285521903,0.00999120606597369,False,91.56
H_AF_full_chainA,15.0,A,522,4.0008006462076535,0.012829383535602305,False,89.56
H_AF_full_chainA,15.0,A,523,4.397715465900137,0.014102171885510755,False,85.44
H_AF_full_chainA,15.0,A,524,3.5017421454703044,0.011229050632554227,False,88.94
H_AF_full_chainA,15.0,A,525,3.6250992811757508,0.011624620456139077,False,90.31
H_AF_full_chainA,15.0,A,526,5.106223728916093,0.01637414818430265,False,85.94
H_AF_full_chainA,15.0,A,527,5.2068621397468,0.016696865781387755,False,83.62
H_AF_full_chainA,15.0,A,528,4.489013953672797,0.014394939113731993,False,85.56
H_AF_full_chainA,15.0,A,529,5.597595517531787,0.017949832076650848,False,87.25
H_AF_full_chainA,15.0,A,530,7.265726299955,0.023299033770951157,False,82.19
H_AF_full_chainA,15.0,A,531,7.102306671419939,0.022774995390356188,True,82.75
H_AF_full_chainA,15.0,A,532,7.144926210222453,0.022911663636979832,False,85.75
H_AF_full_chainA,15.0,A,533,9.182574498585284,0.029445798604901822,False,85.56
H_AF_full_chainA,15.0,A,534,10.499173969150887,0.03366774342653849,True,81.75
H_AF_full_chainA,15.0,A,535,10.206656200953482,0.03272972552186229,True,83.56
H_AF_full_chainA,15.0,A,536,11.391734017530805,0.03652991932627398,False,88.31
H_AF_full_chainA,15.0,A,537,13.975080114083827,0.04481394565217846,False,87.19
H_AF_full_chainA,15.0,A,538,14.778252899102279,0.04738948305470485,False,83.75
H_AF_full_chainA,15.0,A,539,14.98983961000454,0.04806797901220146,True,87.25
H_AF_full_chainA,15.0,A,540,17.166260554109712,0.05504711681385879,False,88.25
H_AF_full_chainA,15.0,A,541,19.80177572061846,0.0634984339063732,False,85.44
H_AF_full_chainA,15.0,A,542,19.84071741095206,0.06362330838150808,False,80.88
H_AF_full_chainA,15.0,A,543,19.81997410234799,0.06355679073031463,False,84.62
H_AF_full_chainA,15.0,A,544,21.133430712413357,0.06776865732853504,False,87.62
H_AF_full_chainA,15.0,A,545,24.59725126872718,0.07887610464850502,False,86.31
H_AF_full_chainA,15.0,A,546,26.390309731626097,0.08462591243862648,False,84.12
H_AF_full_chainA,15.0,A,547,26.53839455080408,0.0851007766243328,False,85.12
H_AF_full_chainA,15.0,A,548,29.047006561055582,0.093145152854886,False,85.75
H_AF_full_chainA,15.0,A,549,32.63261756745332,0.10464314610135231,False,84.12
H_AF_full_chainA,15.0,A,550,33.875335264581395,0.10862817394272928,False,82.56
H_AF_full_chainA,15.0,A,551,34.70869679752128,0.11130051772472643,False,82.38
H_AF_full_chainA,15.0,A,552,38.28433542410096,0.12276653250069088,False,83.19
H_AF_full_chainA,15.0,A,553,41.73694516774815,0.13383803006255873,False,79.12
H_AF_full_chainA,15.0,A,554,42.805574741099875,0.1372648088167093,False,74.06
H_AF_full_chainA,15.0,A,555,47.04957200253947,0.15087405191725353,False,71.19
H_AF_full_chainA,15.0,A,556,50.74731279577051,0.16273161220248578,False,74.38
H_AF_full_chainA,15.0,A,557,51.17203571479767,0.16409357289645962,False,66.5
H_AF_full_chainA,15.0,A,558,55.91768602978766,0.17931146886300073,False,70.25
H_AF_full_chainA,15.0,A,559,50.58889092033333,0.16222360013686596,False,68.31
H_AF_full_chainA,15.0,A,560,45.22961052426423,0.14503797411943894,False,66.88
H_AF_full_chainA,15.0,A,561,39.940941631207885,0.12807877829293748,False,71.38
H_AF_full_chainA,15.0,A,562,36.360568863945005,0.11659758252898911,False,71.69
H_AF_full_chainA,15.0,A,563,38.618635462961,0.12383853378087653,False,63.62
H_AF_full_chainA,15.0,A,564,40.587068831111964,0.13015071698556185,False,64.44
H_AF_full_chainA,15.0,A,565,37.38680247260595,0.11988840997252005,False,64.56
H_AF_full_chainA,15.0,A,566,33.7326459950807,0.10817061168789048,False,62.25
H_AF_full_chainA,15.0,A,567,31.97598126085943,0.10253750781400607,False,74.12
H_AF_full_chainA,15.0,A,568,27.334869507573178,0.0876548360740529,False,79.62
H_AF_full_chainA,15.0,A,569,23.091490278372984,0.07404757481997837,False,79.69
H_AF_full_chainA,15.0,A,570,21.71324060829911,0.06962793605543362,False,80.06
H_AF_full_chainA,15.0,A,571,17.59520686197512,0.05642262066581959,False,82.25
H_AF_full_chainA,15.0,A,572,16.2694916690257,0.05217144442052352,False,77.5
H_AF_full_chainA,15.0,A,573,14.039291737319008,0.04501985332286147,False,81.62
H_AF_full_chainA,15.0,A,574,13.595454378462838,0.04359659827775143,False,76.38
H_AF_full_chainA,15.0,A,575,12.53890096638387,0.040208544198561305,False,79.69
H_AF_full_chainA,15.0,A,576,10.639808382441252,0.03411871636569675,False,84.62
H_AF_full_chainA,15.0,A,577,9.467705943568033,0.0303601307571953,False,87.5
H_AF_full_chainA,15.0,A,578,9.260613097787763,0.029696045295073394,False,84.62
H_AF_full_chainA,15.0,A,579,8.061387000758653,0.02585048214278947,False,84.12
H_AF_full_chainA,15.0,A,580,6.505723038096358,0.020861928252100658,False,89.75
H_AF_full_chainA,15.0,A,581,6.355657935179925,0.020380713882559534,False,90.69
H_AF_full_chainA,15.0,A,582,6.063644289721728,0.019444312550300262,True,85.69
H_AF_full_chainA,15.0,A,583,4.806936828884427,0.015414423677327451,True,87.69
H_AF_full_chainA,15.0,A,584,4.06403470174808,0.013032156436023797,False,92.5
H_AF_full_chainA,15.0,A,585,4.273871750292019,0.013705041744193505,True,90.69
H_AF_full_chainA,15.0,A,586,3.6231740321010344,0.011618446752181967,False,88.38
H_AF_full_chainA,15.0,A,587,2.8323603550605263,0.009082541350954428,False,92.81
H_AF_full_chainA,15.0,A,588,2.9783467874528538,0.009550676631309069,False,92.44
H_AF_full_chainA,15.0,A,589,3.0886113631841114,0.009904262490126527,False,89.69
H_AF_full_chainA,15.0,A,590,2.6045434934063434,0.008352000103714523,False,91.38
H_AF_full_chainA,15.0,A,591,2.3812302776618535,0.0076359007159406125,False,92.62
H_AF_full_chainA,15.0,A,592,2.790574177226297,0.008948545446302102,False,92.94
H_AF_full_chainA,15.0,A,593,2.8299796953072436,0.009074907279741312,False,93.0
H_AF_full_chainA,15.0,A,594,2.6311419161033585,0.008437293372836926,False,93.94
H_AF_full_chainA,15.0,A,595,2.7055781826842966,0.008675988448491448,False,93.62
H_AF_full_chainA,15.0,A,596,2.815835880208343,0.009029552250934155,False,92.31
H_AF_full_chainA,15.0,A,597,2.526929697580855,0.0081031156322418,False,94.5
H_AF_full_chainA,15.0,A,598,2.599263351909977,0.00833506825272531,False,95.44
H_AF_full_chainA,15.0,A,599,3.084575660468485,0.009891321185984436,False,94.5
H_AF_full_chainA,15.0,A,600,3.4172847270308524,0.01095822068889941,False,93.94
H_AF_full_chainA,15.0,A,601,3.4098904159525074,0.010934509321802035,False,95.0
H_AF_full_chainA,15.0,A,602,3.829492804475337,0.012280049989997275,False,95.69
H_AF_full_chainA,15.0,A,603,4.710444728758223,0.015105002071467574,False,94.56
H_AF_full_chainA,15.0,A,604,5.091463430556188,0.01632681627614106,True,93.19
H_AF_full_chainA,15.0,A,605,5.291656911678308,0.01696877751784341,False,95.06
H_AF_full_chainA,15.0,A,606,6.078806862254212,0.019492934432670236,False,94.38
H_AF_full_chainA,15.0,A,607,7.36261243846269,0.02360971894127497,False,93.25
H_AF_full_chainA,15.0,A,608,7.740262419764337,0.024820730656373656,False,92.5
H_AF_full_chainA,15.0,A,609,8.334721341406738,0.026726984473129083,False,93.38
H_AF_full_chainA,15.0,A,610,10.055593666643336,0.03224531268505623,False,92.94
H_AF_full_chainA,15.0,A,611,11.07551771504415,0.03551590723630474,False,92.06
H_AF_full_chainA,15.0,A,612,11.56857226491675,0.03709698724594864,False,91.81
H_AF_full_chainA,15.0,A,613,12.657777471395448,0.04058974596566538,False,91.12
H_AF_full_chainA,15.0,A,614,14.733019065541946,0.04724443153855865,False,91.5
H_AF_full_chainA,15.0,A,615,15.76603969881888,0.05055702296124377,False,89.88
H_AF_full_chainA,15.0,A,616,16.565742084780716,0.0531214318211468,False,89.44
H_AF_full_chainA,15.0,A,617,18.453915141234585,0.059176243961261574,False,86.56
H_AF_full_chainA,15.0,A,618,20.712001225458142,0.06641725769644251,False,85.5
H_AF_full_chainA,15.0,A,619,21.54372230726462,0.06908434103718729,False,83.06
H_AF_full_chainA,15.0,A,620,20.979319234006805,0.0672744674304229,False,83.25
H_AF_full_chainA,15.0,A,621,23.540572199136264,0.07548764762286554,False,78.19
H_AF_full_chainA,15.0,A,622,22.035214137144006,0.07066040986633894,False,68.81
H_AF_full_chainA,15.0,A,623,22.39910093219871,0.07182728711670208,False,65.38
H_AF_full_chainA,15.0,A,624,26.942104917682258,0.086395356282754,False,57.81
H_AF_full_chainA,15.0,A,625,25.330753315438187,0.08122822861407297,False,59.75
H_AF_full_chainA,15.0,A,626,22.56139141862321,0.07234770467274626,False,53.94
H_AF_full_chainA,15.0,A,627,21.705432836424777,0.06960289884193754,False,56.25
H_AF_full_chainA,15.0,A,628,20.69999582913752,0.0663787599437389,False,54.09
H_AF_full_chainA,15.0,A,629,16.749172333256336,0.05370963833724883,False,51.22
H_AF_full_chainA,15.0,A,630,17.21265174224464,0.05519587962357774,False,49.28
H_AF_full_chainA,15.0,A,631,18.165738355292337,0.058252146301855635,False,55.06
H_AF_full_chainA,15.0,A,632,15.638370261474597,0.05014762486263645,False,61.59
H_AF_full_chainA,15.0,A,633,12.869478512333943,0.04126860854574936,False,71.75
H_AF_full_chainA,15.0,A,634,13.208150607277275,0.04235462971577504,False,77.81
H_AF_full_chainA,15.0,A,635,13.29789714612122,0.042642420303119905,False,81.25
H_AF_full_chainA,15.0,A,636,10.615504395307688,0.03404078067233087,False,85.56
H_AF_full_chainA,15.0,A,637,9.479770706072111,0.030398818879678356,False,87.69
H_AF_full_chainA,15.0,A,638,10.687154943756216,0.03427054277443755,False,86.88
H_AF_full_chainA,15.0,A,639,9.464861029321247,0.030351007959229216,False,87.81
H_AF_full_chainA,15.0,A,640,7.231802605455414,0.02319025052325489,False,91.56
H_AF_full_chainA,15.0,A,641,7.728955311637411,0.02478447210723141,False,90.62
H_AF_full_chainA,15.0,A,642,8.366032238245916,0.02682738925205109,False,89.06
H_AF_full_chainA,15.0,A,643,6.4967460293606605,0.02083314164205502,False,90.31
H_AF_full_chainA,15.0,A,644,5.480390078426137,0.017573988923313428,False,91.44
H_AF_full_chainA,15.0,A,645,6.712299425513224,0.021524357585109864,False,89.19
H_AF_full_chainA,15.0,A,646,6.558708130714528,0.0210318357618668,False,86.5
H_AF_full_chainA,15.0,A,647,4.768656696891094,0.015291670623985124,False,86.62
H_AF_full_chainA,15.0,A,648,4.725017575332846,0.015151732877234798,False,87.56
H_AF_full_chainA,15.0,A,649,5.905813044645877,0.018938194461437446,False,85.56
H_AF_full_chainA,15.0,A,650,5.066960705356166,0.016248243288617546,False,86.0
H_AF_full_chainA,15.0,A,651,4.101177376624863,0.013151262001052166,False,88.56
H_AF_full_chainA,15.0,A,652,5.349795172897089,0.017155209714102875,False,87.12
H_AF_full_chainA,15.0,A,653,6.057166863842139,0.01942354136266024,False,86.94
H_AF_full_chainA,15.0,A,654,5.038488952158442,0.016156942803038275,False,86.69
H_AF_full_chainA,15.0,A,655,5.276386614287657,0.016919810193737155,False,86.56
H_AF_full_chainA,15.0,A,656,7.032819850353654,0.022552171721555256,False,85.62
H_AF_full_chainA,15.0,A,657,7.443967426044893,0.02387060030741242,False,84.69
H_AF_full_chainA,15.0,A,658,6.595554463949872,0.02114999104696078,False,87.62
H_AF_full_chainA,15.0,A,659,7.310137838447055,0.023441448430192132,False,88.5
H_AF_full_chainA,15.0,A,660,6.388226165521678,0.02048515055788507,False,90.81
H_AF_full_chainA,15.0,A,661,6.808401248114945,0.0218325276864611,False,89.75
H_AF_full_chainA,15.0,A,662,8.79096561412895,0.028190024818871767,False,86.81
H_AF_full_chainA,15.0,A,663,8.755008700697305,0.028074721639842266,False,83.62
H_AF_full_chainA,15.0,A,664,6.862703741006708,0.022006659708987172,False,87.75
H_AF_full_chainA,15.0,A,665,5.795884731195112,0.018585686896228314,False,90.81
H_AF_full_chainA,15.0,A,666,6.511435571377825,0.02088024665556755,False,90.25
H_AF_full_chainA,15.0,A,667,7.034261599114141,0.022556794983108617,False,91.62
H_AF_full_chainA,15.0,A,668,8.045750490407302,0.025800340482108112,False,87.19
H_AF_full_chainA,15.0,A,669,10.338931593897657,0.03315389355683097,False,83.81
H_AF_full_chainA,15.0,A,670,9.910277151920106,0.031779325632387535,False,86.19
H_AF_full_chainA,15.0,A,671,9.965505236266585,0.03195642575275699,False,86.31
H_AF_full_chainA,15.0,A,672,8.369418748466572,0.026838248788006527,False,86.75
H_AF_full_chainA,15.0,A,673,6.86032668173571,0.021999037183455087,False,87.38
H_AF_full_chainA,15.0,A,674,8.257339079854113,0.026478842463541086,False,83.88
H_AF_full_chainA,15.0,A,675,10.404900543841906,0.033365436454145275,False,83.62
H_AF_full_chainA,15.0,A,676,9.845837333461134,0.031572686207161894,False,85.0
H_AF_full_chainA,15.0,A,677,10.990488259143879,0.035243242937821835,False,82.38
H_AF_full_chainA,15.0,A,678,13.64259493056932,0.0437477640759342,False,77.62
H_AF_full_chainA,15.0,A,679,14.245461828199073,0.04568097978313076,False,79.31
H_AF_full_chainA,15.0,A,680,14.037803938629095,0.04501508239281407,False,81.19
H_AF_full_chainA,15.0,A,681,16.34004871522976,0.052397699984581464,False,78.75
H_AF_full_chainA,15.0,A,682,19.158872035112196,0.06143683207034312,False,76.62
H_AF_full_chainA,15.0,A,683,19.625776943989194,0.06293405792095291,False,78.25
H_AF_full_chainA,15.0,A,684,19.439700758686957,0.06233736666857894,False,79.69
H_AF_full_chainA,15.0,A,685,21.649192417204826,0.06942255246325463,False,79.81
H_AF_full_chainA,15.0,A,686,26.505204393371866,0.08499434561290298,False,82.75
H_AF_full_chainA,15.0,A,687,27.025950189839484,0.08666422325446169,False,76.38
H_AF_full_chainA,15.0,A,688,28.99102546292152,0.09296563804217299,False,80.44
H_AF_full_chainA,15.0,A,689,24.750207271374958,0.07936658927785066,False,73.44
H_AF_full_chainA,15.0,A,690,21.591247460304807,0.0692367401367322,False,72.69
H_AF_full_chainA,15.0,A,691,23.81211713969499,0.0763584118767362,False,71.75
H_AF_full_chainA,15.0,A,692,23.713461161793024,0.07604205135530308,False,71.0
H_AF_full_chainA,15.0,A,693,19.20544526262582,0.06158617862647045,False,67.12
H_AF_full_chainA,15.0,A,694,18.147521270508577,0.05819372950275494,False,66.06
H_AF_full_chainA,15.0,A,695,20.430024448393112,0.06551304163045847,False,67.56
H_AF_full_chainA,15.0,A,696,18.338009576547865,0.0588045691204554,False,63.25
H_AF_full_chainA,15.0,A,697,14.728932644570767,0.047231327595982336,False,61.5
H_AF_full_chainA,15.0,A,698,15.008858310837933,0.048128966356715056,False,64.12
H_AF_full_chainA,15.0,A,699,12.321689282454521,0.03951201061741795,False,53.16
H_AF_full_chainA,15.0,A,700,9.815767979368362,0.03147626268836205,False,58.66
H_AF_full_chainA,15.0,A,701,10.837320687222034,0.03475207986843347,False,59.84
H_AF_full_chainA,15.0,A,702,12.839498525216147,0.04117247160038789,False,63.25
H_AF_full_chainA,15.0,A,703,10.59101497498097,0.033962250349598135,False,68.31
H_AF_full_chainA,15.0,A,704,9.27303135568893,0.029735866972669132,False,69.25
H_AF_full_chainA,15.0,A,705,12.02644514966559,0.03856525006843236,False,73.38
H_AF_full_chainA,15.0,A,706,12.712017778916398,0.04076367857811256,False,76.38
H_AF_full_chainA,15.0,A,707,9.985100752777665,0.03201926277442594,False,75.5
H_AF_full_chainA,15.0,A,708,10.648921333754487,0.03414793890335295,False,79.75
H_AF_full_chainA,15.0,A,709,13.676356159643943,0.0438560263450983,False,77.81
H_AF_full_chainA,15.0,A,710,12.7904964080063,0.04101533631389527,False,82.81
H_AF_full_chainA,15.0,A,711,10.820871459536239,0.034699332063804524,False,83.5
H_AF_full_chainA,15.0,A,712,13.392259516927568,0.04294501249739754,False,80.69
H_AF_full_chainA,15.0,A,713,15.714706806703422,0.05039241356947986,False,82.75
H_AF_full_chainA,15.0,A,714,13.57390402007905,0.04352749265678094,False,83.88
H_AF_full_chainA,15.0,A,715,13.384275521383882,0.04291941018675165,False,80.12
H_AF_full_chainA,15.0,A,716,17.03493715400141,0.054626001538148714,False,81.75
H_AF_full_chainA,15.0,A,717,17.46025159643996,0.05598985907262678,False,84.81
H_AF_full_chainA,15.0,A,718,15.084984054336301,0.04837307908480092,False,80.94
H_AF_full_chainA,15.0,A,719,16.92348814613533,0.05426861755603714,False,79.5
H_AF_full_chainA,15.0,A,720,20.438932334190824,0.06554160658370065,False,82.06
H_AF_full_chainA,15.0,A,721,19.472255823949116,0.062441761127390756,False,84.69
H_AF_full_chainA,15.0,A,722,18.361661558762528,0.05888041402702348,False,78.5
H_AF_full_chainA,15.0,A,723,21.946801678651507,0.0703768972798268,False,80.38
H_AF_full_chainA,15.0,A,724,24.3285873905519,0.07801457910897577,False,83.06
H_AF_full_chainA,15.0,A,725,22.699420065986352,0.07279032169181736,False,83.25
H_AF_full_chainA,15.0,A,726,23.68595854228701,0.07595385859463383,False,81.06
H_AF_full_chainA,15.0,A,727,27.97016179581291,0.08969203041183219,False,82.69
H_AF_full_chainA,15.0,A,728,28.677728384230228,0.09196098703889835,False,86.38
H_AF_full_chainA,15.0,A,729,27.52396985295459,0.08826122491272514,False,82.94
H_AF_full_chainA,15.0,A,730,30.56398562033502,0.09800965571018848,False,84.25
H_AF_full_chainA,15.0,A,731,34.35809619220906,0.11017624535248804,False,84.5
H_AF_full_chainA,15.0,A,732,33.89748859111536,0.10869921310409392,False,83.25
H_AF_full_chainA,15.0,A,733,34.346853609529646,0.11014019371735805,False,81.5
H_AF_full_chainA,15.0,A,734,39.189836069966184,0.125670205066469,False,83.12
H_AF_full_chainA,15.0,A,735,41.66603758211694,0.1336106504223088,False,85.31
H_AF_full_chainA,15.0,A,736,41.271363444517355,0.1323450472766865,False,80.5
H_AF_full_chainA,15.0,A,737,43.71168013830525,0.14017042064104404,False,81.88
H_AF_full_chainA,15.0,A,738,49.37457933183169,0.15832966227835726,False,84.38
H_AF_full_chainA,15.0,A,739,51.22746694172904,0.16427132443497372,False,84.5
H_AF_full_chainA,15.0,A,740,51.762033178084714,0.16598552013674936,False,81.81
H_AF_full_chainA,15.0,A,741,57.059041673961445,0.18297145860118222,False,84.94
H_AF_full_chainA,15.0,A,742,63.3077544116018,0.20300923088833223,False,84.69
H_AF_full_chainA,15.0,A,743,64.92618869305579,0.20819907061294382,False,82.88
H_AF_full_chainA,15.0,A,744,67.32266503523105,0.2158838609453257,False,83.88
H_AF_full_chainA,15.0,A,745,76.61389169298538,0.24567807486636487,False,86.94
H_AF_full_chainA,15.0,A,746,83.14426685776455,0.26661905519232526,False,88.0
H_AF_full_chainA,15.0,A,747,84.92515436765534,0.2723298343384469,False,85.69
H_AF_full_chainA,15.0,A,748,92.32764055352605,0.29606741658602886,False,86.44
H_AF_full_chainA,15.0,A,749,104.29171105594348,0.3344326496220697,False,87.69
H_AF_full_chainA,15.0,A,750,110.37284944033253,0.3539330605561542,False,85.75
H_AF_full_chainA,15.0,A,751,114.579786461599,0.36742346243536605,False,84.75
H_AF_full_chainA,15.0,A,752,128.12588834468855,0.4108618018675579,False,88.75
H_AF_full_chainA,15.0,A,753,141.10121038056573,0.45246981926627844,False,87.12
H_AF_full_chainA,15.0,A,754,146.67444019001516,0.4703415177287485,False,85.06
H_AF_full_chainA,15.0,A,755,156.39923887800762,0.5015260688242998,False,83.94
H_AF_full_chainA,15.0,A,756,175.0457991215766,0.5613200686106226,False,85.81
H_AF_full_chainA,15.0,A,757,186.89152755613185,0.5993058136613174,False,81.62
H_AF_full_chainA,15.0,A,758,195.02494355891912,0.6253872714948322,False,76.19
H_AF_full_chainA,15.0,A,759,217.38052180008492,0.6970749942230181,False,57.41
H_AF_full_chainA,15.0,A,760,241.52605244600466,0.77450256453217,False,48.38
M_PUB_ALL_domain,15.0,A,177,0.044848415123082484,0.07578923848637657,False,79.33
M_PUB_ALL_domain,15.0,A,178,0.03638680716769325,0.06148998573576703,False,75.93
M_PUB_ALL_domain,15.0,A,179,0.03060606223346949,0.05172111753281222,False,85.08
M_PUB_ALL_domain,15.0,A,180,0.03595747875769861,0.06076446459606206,False,87.29
M_PUB_ALL_domain,15.0,A,181,0.03683383738324184,0.0622454211179059,False,84.65
M_PUB_ALL_domain,15.0,A,182,0.028516799816417568,0.048190477550284154,False,89.05
M_PUB_ALL_domain,15.0,A,183,0.03272030802124239,0.055293976858801365,False,91.56
M_PUB_ALL_domain,15.0,A,184,0.04210545573158709,0.07115391741850909,False,89.33
M_PUB_ALL_domain,15.0,A,185,0.03838879422874882,0.06487313928535343,False,91.04
M_PUB_ALL_domain,15.0,A,186,0.034172764877914444,0.05774848051961936,False,91.92
M_PUB_ALL_domain,15.0,A,187,0.045038405591648754,0.07611030296307636,False,92.51
M_PUB_ALL_domain,15.0,A,188,0.051554057007833005,0.08712108802025287,False,92.0
M_PUB_ALL_domain,15.0,A,189,0.04318837950091363,0.072983947924399,False,92.83
M_PUB_ALL_domain,15.0,A,190,0.046632205792008725,0.07880366243081255,False,94.12
M_PUB_ALL_domain,15.0,A,191,0.06098072886471741,0.10305120014424897,False,93.46
M_PUB_ALL_domain,15.0,A,192,0.05988510641216097,0.1011997101613824,False,93.92
M_PUB_ALL_domain,15.0,A,193,0.051829537989596546,0.08758662272795746,False,95.18
M_PUB_ALL_domain,15.0,A,194,0.06414981235017535,0.1084066273851771,False,95.05
M_PUB_ALL_domain,15.0,A,195,0.07501663594011584,0.12677044876854413,False,94.95
M_PUB_ALL_domain,15.0,A,196,0.06612219450133065,0.11173975166236577,False,94.99
M_PUB_ALL_domain,15.0,A,197,0.06404446732418631,0.10822860505649223,False,95.74
M_PUB_ALL_domain,15.0,A,198,0.08249630940011858,0.1394103325661013,False,95.42
M_PUB_ALL_domain,15.0,A,199,0.084164211853641,0.1422289172691528,False,93.74
M_PUB_ALL_domain,15.0,A,200,0.07272043669849901,0.12289010669943125,False,93.77
M_PUB_ALL_domain,15.0,A,201,0.08023337413939834,0.13558620322544848,False,93.75
M_PUB_ALL_domain,15.0,A,202,0.10258069502352064,0.17335089184086908,False,92.44
M_PUB_ALL_domain,15.0,A,203,0.09941592299404547,0.16800275051996297,False,92.26
M_PUB_ALL_domain,15.0,A,204,0.08290725503617706,0.1401047886963948,False,92.52
M_PUB_ALL_domain,15.0,A,205,0.08102420538448815,0.13692262721439213,False,91.27
M_PUB_ALL_domain,15.0,A,206,0.1021412628919821,0.17260829644425693,False,90.3
M_PUB_ALL_domain,15.0,A,207,0.11081595407996109,0.18726763808291016,False,88.61
M_PUB_ALL_domain,15.0,A,208,0.0959661049645303,0.16217291058791686,False,86.16
M_PUB_ALL_domain,15.0,A,209,0.10815534026450443,0.18277147262363155,False,83.63
M_PUB_ALL_domain,15.0,A,210,0.1342352303974618,0.22684382183732552,False,84.84
M_PUB_ALL_domain,15.0,A,211,0.13411944246290267,0.22664815206032082,False,79.67
M_PUB_ALL_domain,15.0,A,212,0.12058256832391395,0.2037722181022478,False,68.83
M_PUB_ALL_domain,15.0,A,213,0.13940164121904322,0.23557452816888336,False,66.61
M_PUB_ALL_domain,15.0,A,214,0.15258210168412822,0.25784815944006856,False,57.22
M_PUB_ALL_domain,15.0,A,215,0.14300458471403327,0.2416631344896494,False,54.98
M_PUB_ALL_domain,15.0,A,216,0.11845858899535537,0.200182910087004,False,50.22
M_PUB_ALL_domain,15.0,A,217,0.11661306179284549,0.1970641577096847,False,47.95
M_PUB_ALL_domain,15.0,A,218,0.09965405561603227,0.16840517031628383,False,55.4
M_PUB_ALL_domain,15.0,A,219,0.10225547651144608,0.1728013057896305,False,61.46
M_PUB_ALL_domain,15.0,A,220,0.0862134744111875,0.14569196157671313,False,69.27
M_PUB_ALL_domain,15.0,A,221,0.09772467289348276,0.16514471067931571,False,75.86
M_PUB_ALL_domain,15.0,A,222,0.11466264595928807,0.19376815426449254,False,77.37
M_PUB_ALL_domain,15.0,A,223,0.12274485604393993,0.20742626338432663,False,82.6
M_PUB_ALL_domain,15.0,A,224,0.13682371453553638,0.2312180955127796,False,81.74
M_PUB_ALL_domain,15.0,A,225,0.18833007952612688,0.31825858889755276,False,79.89
M_PUB_ALL_domain,15.0,A,226,0.18643319426159305,0.31505304664370715,False,77.85
M_PUB_ALL_domain,15.0,A,227,0.16377145570568066,0.276757024293388,False,82.07
M_PUB_ALL_domain,15.0,A,228,0.19146113752066116,0.32354975694465504,False,79.55
M_PUB_ALL_domain,15.0,A,229,0.2705287725688155,0.4571659802330933,False,80.88
M_PUB_ALL_domain,15.0,A,230,0.2373897389228984,0.4011643998582761,False,83.44
M_PUB_ALL_domain,15.0,A,231,0.17083170582434148,0.2886881255050617,False,81.23
M_PUB_ALL_domain,15.0,A,232,0.19836064227955408,0.33520921492493266,False,82.54
M_PUB_ALL_domain,15.0,A,233,0.21729209755314785,0.36720143972678765,False,83.7
M_PUB_ALL_domain,15.0,A,234,0.18671905628083968,0.31553612424391714,False,83.24
M_PUB_ALL_domain,15.0,A,235,0.16434714822054514,0.2777298858133357,False,81.23
M_PUB_ALL_domain,15.0,A,236,0.13277626388468286,0.2243783175229104,False,85.16
M_PUB_ALL_domain,15.0,A,237,0.1072823043637414,0.18129613116711607,False,85.12
M_PUB_ALL_domain,15.0,A,238,0.0858440909109757,0.14506774120875465,False,83.63
M_PUB_ALL_domain,15.0,A,239,0.07631323043845091,0.12896156097138903,False,83.64
M_PUB_ALL_domain,15.0,A,240,0.0685579216773669,0.11585588168225024,False,88.51
M_PUB_ALL_domain,15.0,A,241,0.08848945500195907,0.1495381361920469,False,86.88
M_PUB_ALL_domain,15.0,A,242,0.11199660495825779,0.18926281741620005,False,84.71
M_PUB_ALL_domain,15.0,A,243,0.11651590578401647,0.1968999739831624,False,85.65
M_PUB_ALL_domain,15.0,A,244,0.0815784446277509,0.13785923489764848,False,86.7
M_PUB_ALL_domain,15.0,A,245,0.07194941657322536,0.12158716147847325,False,87.74
M_PUB_ALL_domain,15.0,A,246,0.0817025051032626,0.1380688844234898,False,86.51
M_PUB_ALL_domain,15.0,A,247,0.07801271685475007,0.13183351934395954,False,88.59
M_PUB_ALL_domain,15.0,A,248,0.06953216401396706,0.11750225167301746,False,89.69
M_PUB_ALL_domain,15.0,A,249,0.05702384195562722,0.09636446562322659,False,90.86
M_PUB_ALL_domain,15.0,A,250,0.05321957602833267,0.08993564496505956,False,93.22
M_PUB_ALL_domain,15.0,A,251,0.05579870490196463,0.09429410919962264,False,92.77
M_PUB_ALL_domain,15.0,A,252,0.06266128971175951,0.10589117623878407,False,89.31
M_PUB_ALL_domain,15.0,A,253,0.06980840951784205,0.11796907834496367,False,88.07
M_PUB_ALL_domain,15.0,A,254,0.07170262541745791,0.12117010964488101,False,89.06
M_PUB_ALL_domain,15.0,A,255,0.08405143287703189,0.14203833232359742,False,84.63
M_PUB_ALL_domain,15.0,A,256,0.09193489612894182,0.15536057960609007,False,86.08
M_PUB_ALL_domain,15.0,A,257,0.10884258820767918,0.18393285141754429,False,84.69
M_PUB_ALL_domain,15.0,A,258,0.12387417490650823,0.209334696856668,False,82.51
M_PUB_ALL_domain,15.0,A,259,0.13635995624598893,0.23043439139502905,False,81.81
M_PUB_ALL_domain,15.0,A,260,0.12804327781671648,0.21638005473316954,False,79.82
M_PUB_ALL_domain,15.0,A,261,0.15139618769444652,0.2558440859863768,False,76.28
M_PUB_ALL_domain,15.0,A,262,0.19524351929173753,0.3299415956151612,False,76.69
M_PUB_ALL_domain,15.0,A,263,0.18805286720436207,0.31779012840217213,False,76.7
M_PUB_ALL_domain,15.0,A,264,0.16622503362125118,0.2809033202389135,False,82.23
M_PUB_ALL_domain,15.0,A,265,0.14190801475326686,0.23981004331473413,False,86.08
M_PUB_ALL_domain,15.0,A,266,0.12980798872605137,0.2193622358336619,False,88.54
M_PUB_ALL_domain,15.0,A,267,0.10144272718106682,0.17142784247636275,False,89.09
M_PUB_ALL_domain,15.0,A,268,0.09467130915126037,0.1599848379790239,False,90.98
M_PUB_ALL_domain,15.0,A,269,0.11234267356009825,0.18984763798846668,False,90.07
M_PUB_ALL_domain,15.0,A,270,0.10396094585343779,0.17568337469522463,False,91.96
M_PUB_ALL_domain,15.0,A,271,0.08233919248658848,0.1391448210380552,False,93.04
M_PUB_ALL_domain,15.0,A,272,0.08860968453108492,0.1497413118099816,False,91.52
M_PUB_ALL_domain,15.0,A,273,0.10224396603651485,0.17278185426325526,False,90.01
M_PUB_ALL_domain,15.0,A,274,0.08685834506463909,0.1467817270815404,False,92.66
M_PUB_ALL_domain,15.0,A,275,0.07327497502251236,0.12382721979859297,False,90.43
M_PUB_ALL_domain,15.0,A,276,0.08943721341249451,0.1511397510541643,False,87.9
M_PUB_ALL_domain,15.0,A,277,0.09482806704992021,0.1602497428086271,False,89.77
M_PUB_ALL_domain,15.0,A,278,0.07382590446093053,0.12475823424989183,False,91.14
M_PUB_ALL_domain,15.0,A,279,0.07340013018159863,0.12403871922780932,False,88.27
M_PUB_ALL_domain,15.0,A,280,0.09165897262758785,0.15489429708549884,False,85.59
M_PUB_ALL_domain,15.0,A,281,0.0885519590636052,0.14964376166892196,False,90.51
M_PUB_ALL_domain,15.0,A,282,0.07034027426614783,0.11886787541819843,False,91.67
M_PUB_ALL_domain,15.0,A,283,0.08064965693391159,0.13628967860812488,False,87.63
M_PUB_ALL_domain,15.0,A,284,0.0972066165974231,0.16426924847928748,False,86.32
M_PUB_ALL_domain,15.0,A,285,0.08398157986239803,0.1419202878671646,False,89.06
M_PUB_ALL_domain,15.0,A,286,0.07245268592327052,0.12243763525081901,False,88.52
M_PUB_ALL_domain,15.0,A,287,0.08961700118654464,0.15144357401974792,False,81.7
M_PUB_ALL_domain,15.0,A,288,0.10466882161783331,0.17687961239903782,False,83.47
M_PUB_ALL_domain,15.0,A,289,0.08504950416101648,0.1437249708003578,False,84.2
M_PUB_ALL_domain,15.0,A,290,0.09408226119997055,0.15898940713631307,False,80.82
M_PUB_ALL_domain,15.0,A,291,0.14589309254267047,0.24654441754265252,False,74.84
M_PUB_ALL_domain,15.0,A,292,0.10853179411648825,0.18340764116356356,False,75.6
M_PUB_ALL_domain,15.0,A,293,0.08975500529611954,0.15167678686225233,False,72.19
M_PUB_ALL_domain,15.0,A,294,0.12302552775279438,0.20790056989037303,False,67.96
M_PUB_ALL_domain,15.0,A,295,0.15489300465948022,0.26175334931661537,False,60.84
M_PUB_ALL_domain,15.0,A,296,0.12431876391387814,0.21008600684645262,False,58.94
M_PUB_ALL_domain,15.0,A,297,0.10543869788415242,0.1781806246152539,False,53.25
M_PUB_ALL_domain,15.0,A,298,0.1657493226182147,0.2800994172568175,False,47.55
M_PUB_ALL_domain,15.0,A,299,0.37173112296354605,0.6281876105047163,False,43.51
M_PUB_ALL_domain,15.0,A,300,0.3124525859958137,0.5280129407189232,False,46.74
M_PUB_ALL_domain,15.0,A,301,0.16842346350994908,0.2846184420926699,False,45.2
M_PUB_ALL_domain,15.0,A,302,0.15350076254912373,0.2594006024237095,False,50.98
M_PUB_ALL_domain,15.0,A,303,0.1514149171693929,0.2558757368850661,False,55.74
M_PUB_ALL_domain,15.0,A,304,0.20353689983943996,0.3439565612379842,False,65.8
M_PUB_ALL_domain,15.0,A,305,0.22965370705268134,0.38809129654479174,False,79.88
M_PUB_ALL_domain,15.0,A,306,0.1389157989192916,0.23475350433065872,False,84.09
M_PUB_ALL_domain,15.0,A,307,0.16650053585749178,0.2813688908645123,False,90.16
M_PUB_ALL_domain,15.0,A,308,0.271452602004129,0.458727157572394,False,90.55
M_PUB_ALL_domain,15.0,A,309,0.2794964234437248,0.47232039380502927,False,90.51
M_PUB_ALL_domain,15.0,A,310,0.17807801754230915,0.30093365180587894,False,90.08
M_PUB_ALL_domain,15.0,A,311,0.31712163389144055,0.5359031545312692,False,92.36
M_PUB_ALL_domain,15.0,A,312,0.5229983876028992,0.883813829702667,False,91.26
M_PUB_ALL_domain,15.0,A,313,0.5523749297162052,0.9334571838773955,False,89.43
M_PUB_ALL_domain,15.0,A,314,0.35245065989136937,0.5956055981884572,False,89.28
M_PUB_ALL_domain,15.0,A,315,0.8033118646064686,1.3575149605289103,False,92.59
M_PUB_ALL_domain,15.0,A,316,1.5455410765428577,2.6118064800981307,False,90.68
M_PUB_ALL_domain,15.0,A,317,2.9997538274677695,5.06927742276815,False,91.6
M_PUB_ALL_domain,15.0,A,318,4.445497747756225,7.512436907094645,False,89.18
M_PUB_ALL_domain,15.0,A,319,2.698786933682161,4.560674128158491,False,89.04
M_PUB_ALL_domain,15.0,A,320,3.9937879950233413,6.749093585317486,False,83.72
M_PUB_ALL_domain,15.0,A,321,3.4593895232673533,5.846014778373773,False,87.72
M_PUB_ALL_domain,15.0,A,322,3.054559848292862,5.1618939973205125,False,88.63
M_PUB_ALL_domain,15.0,A,323,2.348886778109343,3.9693786216316607,False,83.7
M_PUB_ALL_domain,15.0,A,324,1.757735445036086,2.970393278651961,False,87.19
M_PUB_ALL_domain,15.0,A,325,1.1684357197148998,1.9745369635569658,False,89.44
M_PUB_ALL_domain,15.0,A,326,0.9814144967468745,1.6584902084902002,False,86.91
M_PUB_ALL_domain,15.0,A,327,0.5003594266912592,0.8455562992435146,False,87.11
M_PUB_ALL_domain,15.0,A,328,0.3828962069770544,0.6470554615245999,False,89.25
M_PUB_ALL_domain,15.0,A,329,0.352745278590808,0.5961034736833442,False,90.42
M_PUB_ALL_domain,15.0,A,330,0.1867433646002637,0.31557720281967006,False,85.8
M_PUB_ALL_domain,15.0,A,331,0.14896770535359508,0.251740198997603,False,87.38
M_PUB_ALL_domain,15.0,A,332,0.12795149344689297,0.2162249485276373,False,89.28
M_PUB_ALL_domain,15.0,A,333,0.12849417882134406,0.21714203135329493,False,89.26
M_PUB_ALL_domain,15.0,A,334,0.07928355289057766,0.13398110237743105,False,83.78
M_PUB_ALL_domain,15.0,A,335,0.074067044073621,0.1251657355532167,False,85.73
M_PUB_ALL_domain,15.0,A,336,0.0945034670489009,0.1597012019778661,False,88.72
M_PUB_ALL_domain,15.0,A,337,0.08812001550504249,0.14891382119537966,False,86.14
M_PUB_ALL_domain,15.0,A,338,0.06720183693904505,0.11356423705315133,False,81.74
M_PUB_ALL_domain,15.0,A,339,0.0865716924402516,0.1462973134394345,False,84.08
M_PUB_ALL_domain,15.0,A,340,0.11570261612413518,0.19552559756825263,False,87.1
M_PUB_ALL_domain,15.0,A,341,0.09716038578651959,0.16419112313319956,False,81.04
M_PUB_ALL_domain,15.0,A,342,0.09789203112370265,0.16542752898600468,False,78.62
M_PUB_ALL_domain,15.0,A,343,0.14557152413920899,0.24600099980196447,False,81.47
M_PUB_ALL_domain,15.0,A,344,0.16783521564470424,0.28362436331361407,False,81.19
M_PUB_ALL_domain,15.0,A,345,0.13368304947855492,0.22591069251188986,False,75.08
M_PUB_ALL_domain,15.0,A,346,0.19133667189565956,0.32333942275757815,False,73.48
M_PUB_ALL_domain,15.0,A,347,0.2903249514470072,0.4906194995603805,False,71.24
M_PUB_ALL_domain,15.0,A,348,0.3662079764674224,0.6188540573380968,False,72.49
M_PUB_ALL_domain,15.0,A,349,1.0446497860699955,1.76535138541501,False,61.7
M_PUB_ALL_domain,15.0,A,350,0.4485045457534321,0.7579268495228503,False,69.11
M_PUB_ALL_domain,15.0,A,351,0.6665195396157456,1.1263499101391592,False,78.79
M_PUB_ALL_domain,15.0,A,352,0.7002627214248589,1.1833724391717142,False,84.46
M_PUB_ALL_domain,15.0,A,353,0.8698639229783987,1.4699811382046841,False,86.78
M_PUB_ALL_domain,15.0,A,354,0.627292916662542,1.0600609259274205,False,87.76
M_PUB_ALL_domain,15.0,A,355,0.39129106207359404,0.6612419087652462,False,84.15
M_PUB_ALL_domain,15.0,A,356,0.46572532642612247,0.7870282090634771,False,87.86
M_PUB_ALL_domain,15.0,A,357,0.5040117015519989,0.851728270531212,False,91.37
M_PUB_ALL_domain,15.0,A,358,0.3180826197215674,0.5375271223807826,False,90.03
M_PUB_ALL_domain,15.0,A,359,0.24348096477991524,0.411457949092622,False,90.58
M_PUB_ALL_domain,15.0,A,360,0.31354488849097245,0.529858820313055,False,92.07
M_PUB_ALL_domain,15.0,A,361,0.27672352253578186,0.46763447463409713,False,92.54
M_PUB_ALL_domain,15.0,A,362,0.174661118016459,0.2951594407810759,False,91.28
M_PUB_ALL_domain,15.0,A,363,0.17247207257580832,0.29146017768552007,False,90.28
M_PUB_ALL_domain,15.0,A,364,0.20688120169090612,0.34960808961185413,False,92.74
M_PUB_ALL_domain,15.0,A,365,0.16128418385912438,0.27255378904768846,False,92.3
M_PUB_ALL_domain,15.0,A,366,0.1151978560562684,0.19467260463512517,False,90.9
M_PUB_ALL_domain,15.0,A,367,0.1374301903748043,0.23224297770521288,False,90.13
M_PUB_ALL_domain,15.0,A,368,0.14678350484342143,0.24804912333944856,False,92.61
M_PUB_ALL_domain,15.0,A,369,0.1111564010825139,0.18784295872685344,False,91.47
M_PUB_ALL_domain,15.0,A,370,0.09505924709787691,0.1606404134653225,False,89.6
M_PUB_ALL_domain,15.0,A,371,0.12157624313132143,0.20545142698286994,False,89.33
M_PUB_ALL_domain,15.0,A,372,0.12502769191171942,0.21128402271726116,False,90.31
M_PUB_ALL_domain,15.0,A,373,0.0943639756247828,0.15946547572577274,False,89.13
M_PUB_ALL_domain,15.0,A,374,0.09731321984850115,0.16444939707979442,False,85.19
M_PUB_ALL_domain,15.0,A,375,0.12786297962319415,0.2160753692108378,False,87.77
M_PUB_ALL_domain,15.0,A,376,0.11657093807333918,0.1969929729283533,False,87.28
M_PUB_ALL_domain,15.0,A,377,0.09545430183746781,0.16130801560448077,False,82.76
M_PUB_ALL_domain,15.0,A,378,0.12135320623917092,0.20507451742733573,False,82.77
M_PUB_ALL_domain,15.0,A,379,0.14994729650725455,0.25339560794260346,False,85.83
M_PUB_ALL_domain,15.0,A,380,0.12955033218521309,0.21892682260963658,False,81.22
M_PUB_ALL_domain,15.0,A,381,0.12340904894157792,0.20854868150728353,False,78.09
M_PUB_ALL_domain,15.0,A,382,0.17543455530023358,0.2964664707528904,False,80.99
M_PUB_ALL_domain,15.0,A,383,0.20454412646611475,0.3456586713083041,False,83.01
M_PUB_ALL_domain,15.0,A,384,0.17778414876066442,0.3004370435954294,False,77.71
M_PUB_ALL_domain,15.0,A,385,0.20881144148173417,0.3528699976066289,False,76.04
M_PUB_ALL_domain,15.0,A,386,0.3022418448347632,0.5107578315951399,False,79.29
M_PUB_ALL_domain,15.0,A,387,0.2981464840918247,0.5038370904455923,False,75.16
M_PUB_ALL_domain,15.0,A,388,0.30954948705422225,0.5231070001760971,False,68.91
M_PUB_ALL_domain,15.0,A,389,0.41981027594813186,0.7094364658270603,False,73.16
M_PUB_ALL_domain,15.0,A,390,0.5420311660917693,0.9159772803840923,False,76.21
M_PUB_ALL_domain,15.0,A,391,1.209254927355363,2.0435172531435146,False,71.76
M_PUB_ALL_domain,15.0,A,392,1.247977396233695,2.1089542684883615,False,65.82
M_PUB_ALL_domain,15.0,A,393,2.27514905429957,3.844769403671021,False,72.62
M_PUB_ALL_domain,15.0,A,394,1.939485045885011,3.277531531045933,False,75.92
M_PUB_ALL_domain,15.0,A,395,1.0216410507559128,1.7264689740030754,False,75.6
M_PUB_ALL_domain,15.0,A,396,0.9468539331126634,1.6000863877016989,False,82.48
M_PUB_ALL_domain,15.0,A,397,0.6614350292345998,1.1177576071825095,False,80.24
M_PUB_ALL_domain,15.0,A,398,0.389171073820592,0.6576593452598439,False,78.38
M_PUB_ALL_domain,15.0,A,399,0.3537214294751344,0.5977530689247337,False,80.39
M_PUB_ALL_domain,15.0,A,400,0.35487581652565164,0.5997038650729839,False,71.48
M_PUB_ALL_domain,15.0,A,401,0.21665354397121234,0.36612234942727934,False,74.53
M_PUB_ALL_domain,15.0,A,402,0.16325627521589792,0.2758864219120883,False,81.67
M_PUB_ALL_domain,15.0,A,403,0.10756946125288713,0.18178139696513246,False,77.66
M_PUB_ALL_domain,15.0,A,404,0.09430448050699408,0.15936493505653193,False,75.12
M_PUB_ALL_domain,15.0,A,405,0.11769882068251851,0.19889897927923844,False,77.21
M_PUB_ALL_domain,15.0,A,406,0.10311193809675971,0.1742486383467702,False,83.11
M_PUB_ALL_domain,15.0,A,407,0.07282459121853119,0.12306611719470714,False,79.7
M_PUB_ALL_domain,15.0,A,408,0.07676518234588398,0.12972531350986363,True,76.55
M_PUB_ALL_domain,15.0,A,409,0.09180526333349166,0.15514151342898963,False,83.76
M_PUB_ALL_domain,15.0,A,410,0.07534854895991075,0.12733134785371653,False,85.1
M_PUB_ALL_domain,15.0,A,411,0.0541185147332065,0.09145475951350773,True,78.18
M_PUB_ALL_domain,15.0,A,412,0.06435651531126371,0.10875593426638512,True,80.23
M_PUB_ALL_domain,15.0,A,413,0.08309225736528784,0.14041742372715413,False,86.27
M_PUB_ALL_domain,15.0,A,414,0.0727620991428957,0.12296051197296524,False,86.69
M_PUB_ALL_domain,15.0,A,415,0.0578576206279576,0.09777346637539762,False,84.12
M_PUB_ALL_domain,15.0,A,416,0.07223656265856132,0.12207240901915514,False,85.34
M_PUB_ALL_domain,15.0,A,417,0.09400906429234815,0.15886571184244294,False,87.76
M_PUB_ALL_domain,15.0,A,418,0.07751560676886485,0.13099345409862723,False,89.47
M_PUB_ALL_domain,15.0,A,419,0.07472211657456995,0.12627274113778494,False,84.76
M_PUB_ALL_domain,15.0,A,420,0.12074279100218452,0.20404297805532634,False,85.9
M_PUB_ALL_domain,15.0,A,421,0.12568942127580895,0.21240227772027034,False,89.14
M_PUB_ALL_domain,15.0,A,422,0.09850194680773405,0.16645822416456957,False,84.22
M_PUB_ALL_domain,15.0,A,423,0.13444281264300467,0.22719461461940732,False,81.95
M_PUB_ALL_domain,15.0,A,424,0.19291006217870166,0.32599829155074206,False,84.65
M_PUB_ALL_domain,15.0,A,425,0.16577946880474748,0.28015036123141096,False,85.24
M_PUB_ALL_domain,15.0,A,426,0.15906877279801862,0.2688099707478734,False,76.82
M_PUB_ALL_domain,15.0,A,427,0.14038136698077225,0.2372301645877657,False,77.1
M_PUB_ALL_domain,15.0,A,428,0.11143774541840129,0.1883184019038496,False,75.09
M_PUB_ALL_domain,15.0,A,429,0.07307238573308708,0.12348486460211835,False,66.01
M_PUB_ALL_domain,15.0,A,430,0.06976636676267714,0.11789803038509547,False,67.38
M_PUB_ALL_domain,15.0,A,431,0.09291747158707102,0.15702103172067744,False,77.12
M_PUB_ALL_domain,15.0,A,432,0.07904708962295366,0.13358150361939156,False,79.31
M_PUB_ALL_domain,15.0,A,433,0.05275874401597116,0.0891568859567162,False,75.6
M_PUB_ALL_domain,15.0,A,434,0.060602979881201335,0.10241284296437728,False,80.06
M_PUB_ALL_domain,15.0,A,435,0.07664934626934435,0.12952956237783156,False,84.31
M_PUB_ALL_domain,15.0,A,436,0.056900144214698516,0.09615542908176257,False,84.61
M_PUB_ALL_domain,15.0,A,437,0.04384565563625438,0.07409467742589938,False,80.93
M_PUB_ALL_domain,15.0,A,438,0.058308918836432036,0.09853611422943381,False,82.7
M_PUB_ALL_domain,15.0,A,439,0.06199005963346134,0.10475686599964283,False,86.99
M_PUB_ALL_domain,15.0,A,440,0.0458955562762739,0.0775588000276333,False,83.93
M_PUB_ALL_domain,15.0,A,441,0.0447094666002867,0.0755544296820387,False,82.66
M_PUB_ALL_domain,15.0,A,442,0.05945873112402493,0.10047917949583814,False,82.78
M_PUB_ALL_domain,15.0,A,443,0.05605921679786151,0.09473434768190749,True,83.68
M_PUB_ALL_domain,15.0,A,444,0.04435129584688673,0.07494915771035861,True,78.32
M_PUB_ALL_domain,15.0,A,445,0.05259199047577272,0.08887508951437006,False,77.56
M_PUB_ALL_domain,15.0,A,446,0.06408754167121758,0.10830139630119595,False,77.39
M_PUB_ALL_domain,15.0,A,447,0.05403110258621428,0.09130704191776175,True,76.99
M_PUB_ALL_domain,15.0,A,448,0.04877632531811241,0.08242700532177533,True,78.16
M_PUB_ALL_domain,15.0,A,449,0.06283474940660724,0.10618430539718376,False,76.35
M_PUB_ALL_domain,15.0,A,450,0.07097016958850776,0.11993233414381388,False,78.2
M_PUB_ALL_domain,15.0,A,451,0.05794218174980326,0.09791636602999294,False,78.21
M_PUB_ALL_domain,15.0,A,452,0.06091231847999853,0.10293559358494972,False,79.98
M_PUB_ALL_domain,15.0,A,453,0.07825958492360813,0.13225070115281515,False,80.74
M_PUB_ALL_domain,15.0,A,454,0.08044975831219169,0.1359518703651123,False,79.13
M_PUB_ALL_domain,15.0,A,455,0.06475830085026739,0.10943491076872877,False,82.85
M_PUB_ALL_domain,15.0,A,456,0.07850781235321438,0.13267018014242177,False,85.58
M_PUB_ALL_domain,15.0,A,457,0.09549614250899707,0.16137872206365572,False,83.12
M_PUB_ALL_domain,15.0,A,458,0.08720595687241213,0.14736915551413246,False,82.94
M_PUB_ALL_domain,15.0,A,459,0.08041614294359767,0.13589506382735198,False,89.56
M_PUB_ALL_domain,15.0,A,460,0.10406161665962338,0.17585349807010145,False,88.37
M_PUB_ALL_domain,15.0,A,461,0.11705338083732668,0.19780825189853604,False,87.16
M_PUB_ALL_domain,15.0,A,462,0.09735662437133058,0.16452274628785626,False,87.67
M_PUB_ALL_domain,15.0,A,463,0.10576964670010502,0.17873989429446507,False,89.23
M_PUB_ALL_domain,15.0,A,464,0.13767396390970568,0.23265493006791296,False,88.44
M_PUB_ALL_domain,15.0,A,465,0.1341634068823834,0.22672244743650738,False,87.46
M_PUB_ALL_domain,15.0,A,466,0.11727952778293177,0.1981904171265913,False,87.76
M_PUB_ALL_domain,15.0,A,467,0.14858444361035925,0.25109252581715535,False,87.79
M_PUB_ALL_domain,15.0,A,468,0.19135276542308255,0.3233666191743211,False,88.15
M_PUB_ALL_domain,15.0,A,469,0.1566072269959736,0.26465020988844645,False,86.68
M_PUB_ALL_domain,15.0,A,470,0.1450346830874434,0.24509379328441244,False,84.48
M_PUB_ALL_domain,15.0,A,471,0.21684251944921965,0.36644169867365667,False,85.18
M_PUB_ALL_domain,15.0,A,472,0.21362583005951144,0.36100582231940576,False,86.21
M_PUB_ALL_domain,15.0,A,473,0.16369126188216193,0.2766215049266698,False,82.16
M_PUB_ALL_domain,15.0,A,474,0.21137035481502817,0.35719429964385235,False,83.08
M_PUB_ALL_domain,15.0,A,475,0.3541081955588675,0.5984066640825123,False,84.3
M_PUB_ALL_domain,15.0,A,476,0.23995886219607998,0.40550595565055303,False,82.33
M_PUB_ALL_domain,15.0,A,477,0.23928800683943605,0.4043722786527145,False,79.16
M_PUB_ALL_domain,15.0,A,478,0.5650413671034349,0.9548621686751622,False,81.49
M_PUB_ALL_domain,15.0,A,479,0.5346778294248615,0.9035508928564747,False,81.61
M_PUB_ALL_domain,15.0,A,480,0.3658509203368045,0.6182506689650148,False,76.28
M_PUB_ALL_domain,15.0,A,481,0.7533472892944261,1.27307993414498,False,75.39
M_PUB_ALL_domain,15.0,A,482,1.3698579014145253,2.3149198672422804,False,78.98
M_PUB_ALL_domain,15.0,A,483,1.3355991491763988,2.2570260768709742,False,73.92
M_PUB_ALL_domain,15.0,A,484,1.2020002792726054,2.031257639238098,False,70.55
M_PUB_ALL_domain,15.0,A,485,2.404094039227378,4.062673251276242,False,74.54
M_PUB_ALL_domain,15.0,A,486,3.2854027895139843,5.551994978081809,False,71.66
M_PUB_ALL_domain,15.0,A,487,3.190958238794096,5.392393338679298,False,69.5
M_PUB_ALL_domain,15.0,A,488,3.6048178075192223,6.091773717403855,False,63.59
M_PUB_ALL_domain,15.0,A,489,5.813431590669673,9.824105312090161,False,64.07
M_PUB_ALL_domain,15.0,A,490,6.698997766417124,11.320621652857099,False,63.8
M_PUB_ALL_domain,15.0,A,491,7.371493623742742,12.457070929204425,False,56.75
M_PUB_ALL_domain,15.0,A,492,11.48336404031835,19.405711740070746,False,53.32
M_PUB_ALL_domain,15.0,A,493,9.680873100484197,16.359686248786133,False,55.49
M_PUB_ALL_domain,15.0,A,494,13.734862039325,23.210513277204452,False,53.38
M_PUB_ALL_domain,15.0,A,495,10.221917200762853,17.273995488814585,False,51.0
M_PUB_ALL_domain,15.0,A,496,7.232860449507421,12.222795031708184,False,51.35
M_PUB_ALL_domain,15.0,A,497,3.9590861740221848,6.690451054013976,False,55.99
M_PUB_ALL_domain,15.0,A,498,2.3706034125633133,4.006077514630141,False,58.3
M_PUB_ALL_domain,15.0,A,499,1.5906374559494825,2.6880147528841567,False,57.83
M_PUB_ALL_domain,15.0,A,500,0.7060806324269031,1.193204114231275,False,63.46
M_PUB_ALL_domain,15.0,A,501,0.29497424583151716,0.4984763319575557,False,66.7
M_PUB_ALL_domain,15.0,A,502,0.17348253536747069,0.2931677565439643,False,72.79
M_PUB_ALL_domain,15.0,A,503,0.16822340488083093,0.2842803634535055,False,73.97
M_PUB_ALL_domain,15.0,A,504,0.136758611073737,0.23110807731527896,False,74.1
M_PUB_ALL_domain,15.0,A,505,0.14390601706606101,0.24318646304696123,False,78.4
M_PUB_ALL_domain,15.0,A,506,0.15069017536794557,0.2546509973021802,False,78.54
M_PUB_ALL_domain,15.0,A,507,0.12814984211097472,0.216560137500632,False,79.22
M_PUB_ALL_domain,15.0,A,508,0.1266226902664501,0.2139794069434441,False,78.49
M_PUB_ALL_domain,15.0,A,509,0.10606585655938179,0.17924045868687744,False,79.42
M_PUB_ALL_domain,15.0,A,510,0.10304548164582858,0.17413633373589923,False,81.88
M_PUB_ALL_domain,15.0,A,511,0.08944501089466976,0.15115292800221367,False,86.77
M_PUB_ALL_domain,15.0,A,512,0.07048902209367998,0.11911924404614715,False,89.38
M_PUB_ALL_domain,15.0,A,513,0.0671519243495357,0.11347988987746149,False,92.03
M_PUB_ALL_domain,15.0,A,514,0.05737121711533781,0.09695149414477626,False,93.14
M_PUB_ALL_domain,15.0,A,515,0.05520229202018898,0.09328623237701497,False,91.98
M_PUB_ALL_domain,15.0,A,516,0.05854886700122035,0.09894160210755841,False,91.23
M_PUB_ALL_domain,15.0,A,517,0.05094079755861314,0.08608474222021975,False,92.17
M_PUB_ALL_domain,15.0,A,518,0.046173713308842915,0.07802885698773279,False,92.9
M_PUB_ALL_domain,15.0,A,519,0.048996693765242925,0.08279940547791488,False,91.84
M_PUB_ALL_domain,15.0,A,520,0.046862129880406674,0.0791922106442005,False,89.54
M_PUB_ALL_domain,15.0,A,521,0.040048818122057406,0.06767841002675573,False,91.65
M_PUB_ALL_domain,15.0,A,522,0.041503744954642895,0.07013708769445992,False,91.64
M_PUB_ALL_domain,15.0,A,523,0.04538372333231245,0.07669385465668499,False,88.62
M_PUB_ALL_domain,15.0,A,524,0.03856107974759426,0.0651642842062986,False,86.55
M_PUB_ALL_domain,15.0,A,525,0.03488613633673681,0.05895400538540745,False,87.0
M_PUB_ALL_domain,15.0,A,526,0.04191050303048436,0.07082446727591456,False,86.93
M_PUB_ALL_domain,15.0,A,527,0.04372006600484551,0.07388244378285669,False,82.92
M_PUB_ALL_domain,15.0,A,528,0.03355131736491682,0.05669829772854228,True,83.97
M_PUB_ALL_domain,15.0,A,529,0.03537333263742118,0.05977731734684271,False,85.08
M_PUB_ALL_domain,15.0,A,530,0.04574500417453713,0.07730438236065802,False,83.33
M_PUB_ALL_domain,15.0,A,531,0.04301323019565463,0.07268796349706601,True,81.11
M_PUB_ALL_domain,15.0,A,532,0.033376546611601936,0.056402953015310515,True,82.72
M_PUB_ALL_domain,15.0,A,533,0.044702089151308036,0.07554196254716826,False,84.0
M_PUB_ALL_domain,15.0,A,534,0.0578515228436523,0.09776316174305588,False,83.24
M_PUB_ALL_domain,15.0,A,535,0.04622570080921038,0.07811671055073713,False,82.56
M_PUB_ALL_domain,15.0,A,536,0.04281281936238973,0.07234928966888542,True,85.09
M_PUB_ALL_domain,15.0,A,537,0.06946533663750779,0.11738932023590891,False,83.24
M_PUB_ALL_domain,15.0,A,538,0.08179646656492796,0.13822766969175718,False,81.05
M_PUB_ALL_domain,15.0,A,539,0.06334715889167294,0.10705022506368136,False,80.33
M_PUB_ALL_domain,15.0,A,540,0.05295510978199136,0.08948872403461977,False,84.82
M_PUB_ALL_domain,15.0,A,541,0.07667457582093823,0.12957219774181056,False,84.5
M_PUB_ALL_domain,15.0,A,542,0.1179593222197157,0.19933920025637936,False,83.43
M_PUB_ALL_domain,15.0,A,543,0.11819341653064558,0.1997347957196901,False,85.85
M_PUB_ALL_domain,15.0,A,544,0.10740301791011148,0.18150012472473168,False,85.6
M_PUB_ALL_domain,15.0,A,545,0.17121591072724388,0.2893373925289641,False,84.33
M_PUB_ALL_domain,15.0,A,546,0.2440976183029328,0.4125000305305319,False,85.23
M_PUB_ALL_domain,15.0,A,547,0.23298310762305657,0.393717643276384,False,85.09
M_PUB_ALL_domain,15.0,A,548,0.2967782196860792,0.5015248634231909,False,81.58
M_PUB_ALL_domain,15.0,A,549,0.4315556611633488,0.7292849665766953,False,83.09
M_PUB_ALL_domain,15.0,A,550,0.5696152058337116,0.9625914887275169,False,84.54
M_PUB_ALL_domain,15.0,A,551,0.6622252382152586,1.119092979608154,False,79.87
M_PUB_ALL_domain,15.0,A,552,1.0151380975584583,1.7154796476379177,False,75.76
M_PUB_ALL_domain,15.0,A,553,1.3433676028637274,2.2701539697421826,False,80.41
M_PUB_ALL_domain,15.0,A,554,1.1833030538622955,1.9996612389691797,False,77.2
M_PUB_ALL_domain,15.0,A,555,1.5839912284463178,2.6767833075835887,False,80.36
M_PUB_ALL_domain,15.0,A,556,1.1426506959981801,1.930962908454235,False,79.91
M_PUB_ALL_domain,15.0,A,557,0.7813141415934717,1.3203410565901907,False,78.05
M_PUB_ALL_domain,15.0,A,558,0.4721544148231261,0.7978927114641367,False,84.42
M_PUB_ALL_domain,15.0,A,559,0.31249073726096993,0.5280774124583492,False,83.45
M_PUB_ALL_domain,15.0,A,560,0.34022774206218326,0.5749501161204009,False,81.58
M_PUB_ALL_domain,15.0,A,561,0.4579122034506864,0.7738248296601336,False,80.22
M_PUB_ALL_domain,15.0,A,562,0.44815380317136455,0.7573341304016351,False,78.78
M_PUB_ALL_domain,15.0,A,563,0.27598929901723124,0.46639371191824586,False,82.83
M_PUB_ALL_domain,15.0,A,564,0.18242951989673975,0.30828724610366787,False,84.55
M_PUB_ALL_domain,15.0,A,565,0.08910334199107559,0.15057554247037688,False,85.9
M_PUB_ALL_domain,15.0,A,566,0.050482433115316076,0.08531015315143375,False,85.48
M_PUB_ALL_domain,15.0,A,567,0.038199082712327456,0.06455254620927232,False,84.75
M_PUB_ALL_domain,15.0,A,568,0.02734614095286116,0.046212183700818706,False,85.84
M_PUB_ALL_domain,15.0,A,569,0.026011379201121794,0.04395657274004245,False,80.51
M_PUB_ALL_domain,15.0,A,570,0.024470948765081987,0.04135340272013674,False,82.1
M_PUB_ALL_domain,15.0,A,571,0.027405961037240197,0.04631327353038873,False,76.72
M_PUB_ALL_domain,15.0,A,572,0.02523116306384255,0.04263808719853795,False,80.56
M_PUB_ALL_domain,15.0,A,573,0.021932581872893913,0.03706382206873597,False,85.28
M_PUB_ALL_domain,15.0,A,574,0.025009240724883124,0.04226306112400016,False,86.66
M_PUB_ALL_domain,15.0,A,575,0.027274700477545783,0.046091456598057155,False,83.27
M_PUB_ALL_domain,15.0,A,576,0.024866856029375366,0.042022445538922475,False,85.05
M_PUB_ALL_domain,15.0,A,577,0.02645691640085453,0.04470948507802421,False,89.13
M_PUB_ALL_domain,15.0,A,578,0.03176051771956882,0.05367202933020272,False,89.82
M_PUB_ALL_domain,15.0,A,579,0.03223156051476673,0.05446804351809695,True,85.73
M_PUB_ALL_domain,15.0,A,580,0.02960035937596924,0.05002158247668296,True,88.67
M_PUB_ALL_domain,15.0,A,581,0.03487541034780764,0.05893587956020885,False,93.48
M_PUB_ALL_domain,15.0,A,582,0.039184119252233425,0.06621715730056384,True,91.01
M_PUB_ALL_domain,15.0,A,583,0.036669010974041745,0.06196688133001293,False,89.59
M_PUB_ALL_domain,15.0,A,584,0.03766940667497167,0.06365744783387811,False,93.45
M_PUB_ALL_domain,15.0,A,585,0.04553751466861534,0.07695374629905875,False,92.52
M_PUB_ALL_domain,15.0,A,586,0.04594207606061111,0.07763741370929389,False,90.39
M_PUB_ALL_domain,15.0,A,587,0.04268115625100364,0.07212679246533177,False,92.21
M_PUB_ALL_domain,15.0,A,588,0.04704606843858495,0.07950304801079093,False,92.76
M_PUB_ALL_domain,15.0,A,589,0.05379925391520385,0.09091524135643231,False,93.09
M_PUB_ALL_domain,15.0,A,590,0.04888437595856532,0.08260959986241667,False,94.22
M_PUB_ALL_domain,15.0,A,591,0.04721593842966024,0.07979011093664798,False,94.91
M_PUB_ALL_domain,15.0,A,592,0.053688696384729354,0.09072841042783426,False,93.4
M_PUB_ALL_domain,15.0,A,593,0.05255437591821349,0.08881152475593675,False,91.79
M_PUB_ALL_domain,15.0,A,594,0.04348062272459375,0.07347780910800458,False,94.97
M_PUB_ALL_domain,15.0,A,595,0.04626418726872145,0.07818174873436917,False,95.08
M_PUB_ALL_domain,15.0,A,596,0.051769376243991215,0.08748495552582945,False,94.09
M_PUB_ALL_domain,15.0,A,597,0.044097220579785344,0.07451979647297731,False,93.47
M_PUB_ALL_domain,15.0,A,598,0.03809974726035415,0.06438467944655406,False,94.11
M_PUB_ALL_domain,15.0,A,599,0.04445059184585098,0.07511695780152328,False,94.78
M_PUB_ALL_domain,15.0,A,600,0.04556537615225379,0.07700082935923522,False,92.06
M_PUB_ALL_domain,15.0,A,601,0.03675674100218994,0.062115136112428145,True,91.53
M_PUB_ALL_domain,15.0,A,602,0.03542614125266031,0.059866558510070216,False,93.4
M_PUB_ALL_domain,15.0,A,603,0.04447602538344923,0.07515993788100427,False,91.44
M_PUB_ALL_domain,15.0,A,604,0.04475904258579095,0.07563820803135755,False,89.43
M_PUB_ALL_domain,15.0,A,605,0.033461749345002144,0.056546936927866574,False,90.19
M_PUB_ALL_domain,15.0,A,606,0.035864677017234614,0.060607639138112776,False,91.3
M_PUB_ALL_domain,15.0,A,607,0.046103494643405296,0.07791019461880756,False,88.72
M_PUB_ALL_domain,15.0,A,608,0.04350516656823958,0.07351928569562403,False,87.06
M_PUB_ALL_domain,15.0,A,609,0.031361775407864265,0.05299819557100636,False,89.89
M_PUB_ALL_domain,15.0,A,610,0.03605106428723188,0.06092261457744278,False,88.46
M_PUB_ALL_domain,15.0,A,611,0.049405960694093885,0.08349102476457519,False,86.91
M_PUB_ALL_domain,15.0,A,612,0.04039128164277067,0.06825713838032163,False,87.38
M_PUB_ALL_domain,15.0,A,613,0.03226209347973682,0.054519641108724474,False,88.15
M_PUB_ALL_domain,15.0,A,614,0.044652364244204296,0.0754579325355646,False,83.34
M_PUB_ALL_domain,15.0,A,615,0.06792266302402775,0.11478235947536011,False,80.84
M_PUB_ALL_domain,15.0,A,616,0.05334818355802397,0.09015297854779973,False,84.65
M_PUB_ALL_domain,15.0,A,617,0.03880531722310846,0.06557702058122412,False,85.98
M_PUB_ALL_domain,15.0,A,618,0.047199309886024506,0.07976201039717895,False,82.52
M_PUB_ALL_domain,15.0,A,619,0.04873674574952175,0.0823601198955039,False,71.57
M_PUB_ALL_domain,15.0,A,620,0.04986741373134197,0.08427083324151417,False,69.3
M_PUB_ALL_domain,15.0,A,621,0.06701715655863298,0.11325214608279278,False,61.82
M_PUB_ALL_domain,15.0,A,622,0.05343606649775996,0.09030149173517225,False,61.1
M_PUB_ALL_domain,15.0,A,623,0.050141458136214,0.08473394028107628,False,56.23
M_PUB_ALL_domain,15.0,A,624,0.05170058715004991,0.0873687089866447,False,56.57
M_PUB_ALL_domain,15.0,A,625,0.05378217117173268,0.0908863732656562,False,57.76
M_PUB_ALL_domain,15.0,A,626,0.05121981355658337,0.08655625074406939,False,49.82
M_PUB_ALL_domain,15.0,A,627,0.06556821560586293,0.110803583940278,False,51.07
M_PUB_ALL_domain,15.0,A,628,0.06066582421565417,0.10251904346752308,False,54.22
M_PUB_ALL_domain,15.0,A,629,0.049786346631814964,0.0841338381275823,False,58.74
M_PUB_ALL_domain,15.0,A,630,0.05258173751158808,0.0888577630526512,False,68.14
M_PUB_ALL_domain,15.0,A,631,0.06048069226165596,0.1022061893839504,False,75.45
M_PUB_ALL_domain,15.0,A,632,0.05334129283612931,0.09014133393196248,False,77.46
M_PUB_ALL_domain,15.0,A,633,0.04290419383512685,0.07250370319022914,False,82.49
M_PUB_ALL_domain,15.0,A,634,0.05365635595524142,0.09067375840687686,False,86.25
M_PUB_ALL_domain,15.0,A,635,0.06086656632974469,0.1028582771264453,False,83.91
M_PUB_ALL_domain,15.0,A,636,0.0489306144841217,0.08268773824547955,False,84.5
M_PUB_ALL_domain,15.0,A,637,0.04708182621088384,0.07956347499187966,False,89.56
M_PUB_ALL_domain,15.0,A,638,0.06215132264546376,0.10502938401041625,False,88.4
M_PUB_ALL_domain,15.0,A,639,0.0618004351505246,0.10443642000125677,False,84.81
M_PUB_ALL_domain,15.0,A,640,0.049549283077295385,0.08373322494603275,False,87.13
M_PUB_ALL_domain,15.0,A,641,0.05579613774722259,0.09428977097044683,False,89.41
M_PUB_ALL_domain,15.0,A,642,0.06914376291314592,0.11684589350344293,False,84.34
M_PUB_ALL_domain,15.0,A,643,0.06197426600065527,0.10473017637415617,False,83.48
M_PUB_ALL_domain,15.0,A,644,0.05377763270637224,0.09087870372298405,False,85.21
M_PUB_ALL_domain,15.0,A,645,0.06561716398577389,0.11088630170027938,False,84.86
M_PUB_ALL_domain,15.0,A,646,0.07630451820264396,0.128946838183181,False,82.67
M_PUB_ALL_domain,15.0,A,647,0.06727631397890955,0.11369009563969355,False,85.26
M_PUB_ALL_domain,15.0,A,648,0.0645810909023459,0.10913544406587382,False,88.0
M_PUB_ALL_domain,15.0,A,649,0.0829355023417749,0.14015252375625536,False,84.47
M_PUB_ALL_domain,15.0,A,650,0.08758816579370812,0.14801504953308997,False,85.99
M_PUB_ALL_domain,15.0,A,651,0.076108096336792,0.12861490530229464,False,87.28
M_PUB_ALL_domain,15.0,A,652,0.08292074246376957,0.14012758107074227,False,86.6
M_PUB_ALL_domain,15.0,A,653,0.10614527357037792,0.17937466531981514,False,84.55
M_PUB_ALL_domain,15.0,A,654,0.10835320679799765,0.18310584684520068,False,84.41
M_PUB_ALL_domain,15.0,A,655,0.09515204396520711,0.16079723068817367,False,88.25
M_PUB_ALL_domain,15.0,A,656,0.09895626768896425,0.16722598002667524,False,89.77
M_PUB_ALL_domain,15.0,A,657,0.08249020390839784,0.1394000149090151,False,91.34
M_PUB_ALL_domain,15.0,A,658,0.08316433630977857,0.14053922977757669,False,88.96
M_PUB_ALL_domain,15.0,A,659,0.09395987270137676,0.15878258308060322,False,85.38
M_PUB_ALL_domain,15.0,A,660,0.08502116725218403,0.1436770843201873,False,80.5
M_PUB_ALL_domain,15.0,A,661,0.07250033754771903,0.12251816162660464,False,85.96
M_PUB_ALL_domain,15.0,A,662,0.06829762128729941,0.11541600062320322,False,88.84
M_PUB_ALL_domain,15.0,A,663,0.07781651039914596,0.13150195048437918,False,90.18
M_PUB_ALL_domain,15.0,A,664,0.08469236071384731,0.14312143487122705,False,91.23
M_PUB_ALL_domain,15.0,A,665,0.08677218738241853,0.14663612940306442,False,87.39
M_PUB_ALL_domain,15.0,A,666,0.10618555215685675,0.17944273201488475,False,82.77
M_PUB_ALL_domain,15.0,A,667,0.10928041171755729,0.18467272840793575,False,85.73
M_PUB_ALL_domain,15.0,A,668,0.11776663470121121,0.19901357804089626,False,86.9
M_PUB_ALL_domain,15.0,A,669,0.11041224279136873,0.1865854072605545,False,87.98
M_PUB_ALL_domain,15.0,A,670,0.09340352850025874,0.15784241823367767,False,89.38
M_PUB_ALL_domain,15.0,A,671,0.11123758189760377,0.18798014600846594,False,84.44
M_PUB_ALL_domain,15.0,A,672,0.1298608517804729,0.2194515689935445,False,85.23
M_PUB_ALL_domain,15.0,A,673,0.12408604930693327,0.20969274294188422,False,86.97
M_PUB_ALL_domain,15.0,A,674,0.14725992788047246,0.2488542295862662,False,82.01
M_PUB_ALL_domain,15.0,A,675,0.17628751544356727,0.29790788623089737,False,79.85
M_PUB_ALL_domain,15.0,A,676,0.17633247564240465,0.2979838643724377,False,81.79
M_PUB_ALL_domain,15.0,A,677,0.18639318129081023,0.31498542881202046,False,80.45
M_PUB_ALL_domain,15.0,A,678,0.25086739810672665,0.4239402665933202,False,77.15
M_PUB_ALL_domain,15.0,A,679,0.3694846971680603,0.6243913804732031,False,77.33
M_PUB_ALL_domain,15.0,A,680,0.40148716606789553,0.6784722825729996,False,76.99
M_PUB_ALL_domain,15.0,A,681,0.46184739904631994,0.7804749080780554,False,79.43
M_PUB_ALL_domain,15.0,A,682,0.6438033148421631,1.0879618116489387,False,78.05
M_PUB_ALL_domain,15.0,A,683,1.2413422015431501,2.097741467513675,False,84.01
M_PUB_ALL_domain,15.0,A,684,1.3952432368522225,2.357818489997716,False,79.77
M_PUB_ALL_domain,15.0,A,685,2.0709475596795315,3.499689745168945,False,80.53
M_PUB_ALL_domain,15.0,A,686,1.3960821596628703,2.3592361838179627,False,74.5
M_PUB_ALL_domain,15.0,A,687,0.8582016568719028,1.4502731002548237,False,74.7
M_PUB_ALL_domain,15.0,A,688,1.4018691059523742,2.369015531677623,False,73.36
M_PUB_ALL_domain,15.0,A,689,1.490915989921375,2.519495665860154,False,73.25
M_PUB_ALL_domain,15.0,A,690,0.8273187096932173,1.3980840754595436,False,69.95
M_PUB_ALL_domain,15.0,A,691,0.7599289186036415,1.2842022150990808,False,69.98
M_PUB_ALL_domain,15.0,A,692,1.1942115987633932,2.01809556510489,False,68.74
M_PUB_ALL_domain,15.0,A,693,1.0184299955360663,1.7210426188201333,False,68.33
M_PUB_ALL_domain,15.0,A,694,0.8547807010072443,1.4444920344319532,False,66.77
M_PUB_ALL_domain,15.0,A,695,1.43769767171693,2.4295621464889274,False,70.0
M_PUB_ALL_domain,15.0,A,696,2.5782282639420617,4.356942296220686,False,64.85
M_PUB_ALL_domain,15.0,A,697,2.8755816024238396,4.859439051637064,False,66.12
M_PUB_ALL_domain,15.0,A,698,1.7691642727260055,2.9897068295329423,False,70.26
M_PUB_ALL_domain,15.0,A,699,1.7881490479042252,3.0217891595248396,False,72.42
M_PUB_ALL_domain,15.0,A,700,2.8906198882000953,4.884852217832457,False,73.44
M_PUB_ALL_domain,15.0,A,701,2.6091800693111193,4.409247684321058,False,71.76
M_PUB_ALL_domain,15.0,A,702,2.171328030313067,3.669322482632263,False,79.18
M_PUB_ALL_domain,15.0,A,703,2.8697052686400144,4.849508648046532,False,82.49
M_PUB_ALL_domain,15.0,A,704,3.7117484695734824,6.27247560900237,False,79.96
M_PUB_ALL_domain,15.0,A,705,3.211412220513148,5.42695847758659,False,82.04
M_PUB_ALL_domain,15.0,A,706,3.345779780164659,5.654025922340496,False,87.02
M_PUB_ALL_domain,15.0,A,707,4.024415417981288,6.8008508002918076,False,85.16
M_PUB_ALL_domain,15.0,A,708,4.235591061455449,7.157716057667199,False,82.78
M_PUB_ALL_domain,15.0,A,709,3.5945323585375153,6.074392359697574,False,83.58
M_PUB_ALL_domain,15.0,A,710,3.678666508986322,6.216570476264541,False,87.43
M_PUB_ALL_domain,15.0,A,711,4.353569275732036,7.357087183569106,False,85.18
M_PUB_ALL_domain,15.0,A,712,4.072346472918786,6.881849385048753,False,84.17
M_PUB_ALL_domain,15.0,A,713,2.8527869969873834,4.8209184978363275,False,84.43
M_PUB_ALL_domain,15.0,A,714,3.004647505401034,5.0775472383891005,False,83.23
M_PUB_ALL_domain,15.0,A,715,4.419571106974443,7.468623533623845,False,79.27
M_PUB_ALL_domain,15.0,A,716,3.4457270237234336,5.82292655031906,False,78.53
M_PUB_ALL_domain,15.0,A,717,2.1308336146296836,3.600891058262601,False,78.47
M_PUB_ALL_domain,15.0,A,718,3.110719647581983,5.256798319134097,False,77.05
M_PUB_ALL_domain,15.0,A,719,3.816262494233644,6.449093630361685,False,73.52
M_PUB_ALL_domain,15.0,A,720,2.2173583258052667,3.7471089781657736,False,74.74
M_PUB_ALL_domain,15.0,A,721,1.9246317606476373,3.252430996855994,False,73.6
M_PUB_ALL_domain,15.0,A,722,3.411690657738213,5.765408569989454,False,72.91
M_PUB_ALL_domain,15.0,A,723,2.982496971817428,5.040115100201804,False,72.61
M_PUB_ALL_domain,15.0,A,724,1.6944494494242108,2.863446413280846,False,72.05
M_PUB_ALL_domain,15.0,A,725,2.2934480987934482,3.8756929188813847,False,68.92
M_PUB_ALL_domain,15.0,A,726,3.4908399056694464,5.899162710710253,False,69.51
M_PUB_ALL_domain,15.0,A,727,2.4284366703973563,4.1038098103734635,False,69.16
M_PUB_ALL_domain,15.0,A,728,1.6327521790356652,2.759184331184899,False,66.17
M_PUB_ALL_domain,15.0,A,729,2.9850296160895877,5.044395010210153,False,66.82
M_PUB_ALL_domain,15.0,A,730,3.772077227893002,6.374425045550281,False,65.54
M_PUB_ALL_domain,15.0,A,731,2.257097811672998,3.814264648293465,False,66.0
M_PUB_ALL_domain,13.0,A,177,0.11392972263977214,0.09579885160900621,False,79.33
M_PUB_ALL_domain,13.0,A,178,0.09605905722226987,0.08077213878272699,False,75.93
M_PUB_ALL_domain,13.0,A,179,0.08051452304552044,0.06770137473252388,False,85.08
M_PUB_ALL_domain,13.0,A,180,0.0904284866224764,0.07603762188173221,False,87.29
M_PUB_ALL_domain,13.0,A,181,0.09313770903571246,0.07831569638176432,False,84.65
M_PUB_ALL_domain,13.0,A,182,0.07383088713141542,0.062081378209154374,False,89.05
M_PUB_ALL_domain,13.0,A,183,0.08484783379113015,0.07134507879390337,False,91.56
M_PUB_ALL_domain,13.0,A,184,0.10283185164803864,0.08646710505789305,False,89.33
M_PUB_ALL_domain,13.0,A,185,0.09379020009043879,0.07886434946613609,False,91.04
M_PUB_ALL_domain,13.0,A,186,0.08290841783257391,0.06971430310765582,False,91.92
M_PUB_ALL_domain,13.0,A,187,0.10805103610296134,0.09085570414803626,False,92.51
M_PUB_ALL_domain,13.0,A,188,0.12197280624356303,0.10256195218351259,False,92.0
M_PUB_ALL_domain,13.0,A,189,0.10063420641957882,0.0846191949230099,False,92.83
M_PUB_ALL_domain,13.0,A,190,0.10518745721268083,0.08844783758938549,False,94.12
M_PUB_ALL_domain,13.0,A,191,0.1368844985328075,0.11510058533171448,False,93.46
M_PUB_ALL_domain,13.0,A,192,0.13371126109410572,0.11243233954416426,False,93.92
M_PUB_ALL_domain,13.0,A,193,0.1131133892765956,0.09511243021772715,False,95.18
M_PUB_ALL_domain,13.0,A,194,0.13742229884444515,0.11555279965345694,False,95.05
M_PUB_ALL_domain,13.0,A,195,0.1630013075576738,0.13706114359783722,False,94.95
M_PUB_ALL_domain,13.0,A,196,0.14111035960146892,0.11865393934730344,False,94.99
M_PUB_ALL_domain,13.0,A,197,0.13262107057360673,0.11151564285186169,False,95.74
M_PUB_ALL_domain,13.0,A,198,0.17166442156974926,0.14434560242460698,False,95.42
M_PUB_ALL_domain,13.0,A,199,0.1762273415366612,0.14818237550441235,False,93.74
M_PUB_ALL_domain,13.0,A,200,0.1474653143803692,0.12399756132530766,False,93.77
M_PUB_ALL_domain,13.0,A,201,0.16153396901165554,0.13582731853118069,False,93.75
M_PUB_ALL_domain,13.0,A,202,0.21101121721939087,0.17743071621574724,False,92.44
M_PUB_ALL_domain,13.0,A,203,0.2032558908141109,0.17090957891931127,False,92.26
M_PUB_ALL_domain,13.0,A,204,0.1642023944506867,0.13807108852149053,False,92.52
M_PUB_ALL_domain,13.0,A,205,0.15786448299887587,0.1327417975812957,False,91.27
M_PUB_ALL_domain,13.0,A,206,0.20655611291258655,0.17368460092202667,False,90.3
M_PUB_ALL_domain,13.0,A,207,0.22235407526032652,0.1869684623728355,False,88.61
M_PUB_ALL_domain,13.0,A,208,0.18634584258045883,0.15669060985749023,False,86.16
M_PUB_ALL_domain,13.0,A,209,0.21329593062043095,0.1793518384216477,False,83.63
M_PUB_ALL_domain,13.0,A,210,0.2718611689827052,0.22859695593196633,False,84.84
M_PUB_ALL_domain,13.0,A,211,0.2675592633985,0.22497965918842663,False,79.67
M_PUB_ALL_domain,13.0,A,212,0.23264649677477522,0.19562293934788788,False,68.83
M_PUB_ALL_domain,13.0,A,213,0.27552433777632185,0.23167716499021182,False,66.61
M_PUB_ALL_domain,13.0,A,214,0.30507293283710085,0.25652337200181385,False,57.22
M_PUB_ALL_domain,13.0,A,215,0.27623818031661357,0.23227740603359456,False,54.98
M_PUB_ALL_domain,13.0,A,216,0.22265253660476816,0.1872194263301304,False,50.22
M_PUB_ALL_domain,13.0,A,217,0.21808199966613961,0.1833762484498368,False,47.95
M_PUB_ALL_domain,13.0,A,218,0.17626107099621718,0.14821073722965827,False,55.4
M_PUB_ALL_domain,13.0,A,219,0.18388960335316817,0.1546252585883097,False,61.46
M_PUB_ALL_domain,13.0,A,220,0.1540775261855327,0.12955750023197052,False,69.27
M_PUB_ALL_domain,13.0,A,221,0.18089630968719636,0.15210832017149917,False,75.86
M_PUB_ALL_domain,13.0,A,222,0.21892907383711735,0.18408851853113856,False,77.37
M_PUB_ALL_domain,13.0,A,223,0.24164406401439675,0.20318862623677753,False,82.6
M_PUB_ALL_domain,13.0,A,224,0.2592898562478858,0.21802625238499787,False,81.74
M_PUB_ALL_domain,13.0,A,225,0.3731113416038212,0.3137340916817419,False,79.89
M_PUB_ALL_domain,13.0,A,226,0.36983829975148697,0.31098192443813993,False,77.85
M_PUB_ALL_domain,13.0,A,227,0.33498984563693707,0.28167928236045614,False,82.07
M_PUB_ALL_domain,13.0,A,228,0.39114596359389003,0.328898668894958,False,79.55
M_PUB_ALL_domain,13.0,A,229,0.5554327005661971,0.46704067759887175,False,80.88
M_PUB_ALL_domain,13.0,A,230,0.47679511716966,0.40091754477500713,False,83.44
M_PUB_ALL_domain,13.0,A,231,0.34575049698514587,0.2907274746832157,False,81.23
M_PUB_ALL_domain,13.0,A,232,0.41979564892975374,0.35298901942458355,False,82.54
M_PUB_ALL_domain,13.0,A,233,0.4509469824126225,0.3791829037297686,False,83.7
M_PUB_ALL_domain,13.0,A,234,0.4065885990098769,0.3418837504381274,False,83.24
M_PUB_ALL_domain,13.0,A,235,0.35971419459951476,0.30246897781933385,False,81.23
M_PUB_ALL_domain,13.0,A,236,0.2874065650849449,0.24166844474011867,False,85.16
M_PUB_ALL_domain,13.0,A,237,0.23247785535283935,0.1954811356624155,False,85.12
M_PUB_ALL_domain,13.0,A,238,0.19855417150819077,0.16695609514300824,False,83.63
M_PUB_ALL_domain,13.0,A,239,0.16519826204402208,0.13890847291588426,False,83.64
M_PUB_ALL_domain,13.0,A,240,0.13575308203519598,0.11414922339866233,False,88.51
M_PUB_ALL_domain,13.0,A,241,0.17554491904927064,0.14760855430052086,False,86.88
M_PUB_ALL_domain,13.0,A,242,0.2251078482022116,0.18928399759325085,False,84.71
M_PUB_ALL_domain,13.0,A,243,0.23767010112555634,0.19984708311469485,False,85.65
M_PUB_ALL_domain,13.0,A,244,0.1664559061092492,0.13996597445622053,False,86.7
M_PUB_ALL_domain,13.0,A,245,0.13304769797281277,0.11187437641112877,False,87.74
M_PUB_ALL_domain,13.0,A,246,0.15028904300380203,0.1263719194217954,False,86.51
M_PUB_ALL_domain,13.0,A,247,0.1483697481271501,0.12475806273170531,False,88.59
M_PUB_ALL_domain,13.0,A,248,0.13103538250966357,0.11018230250821696,False,89.69
M_PUB_ALL_domain,13.0,A,249,0.11001556237456825,0.09250759407118407,False,90.86
M_PUB_ALL_domain,13.0,A,250,0.09959795034114942,0.08374784950070713,False,93.22
M_PUB_ALL_domain,13.0,A,251,0.10417228309350376,0.08759421912576608,False,92.77
M_PUB_ALL_domain,13.0,A,252,0.11256940923173117,0.09465501961065494,False,89.31
M_PUB_ALL_domain,13.0,A,253,0.12439377320593907,0.10459764444541936,False,88.07
M_PUB_ALL_domain,13.0,A,254,0.13078517567160367,0.10997191379493407,False,89.06
M_PUB_ALL_domain,13.0,A,255,0.15413941314300006,0.1296095384474386,False,84.63
M_PUB_ALL_domain,13.0,A,256,0.16903703533106434,0.1421363406220907,False,86.08
M_PUB_ALL_domain,13.0,A,257,0.2033700558198976,0.17100557561091106,False,84.69
M_PUB_ALL_domain,13.0,A,258,0.24126193978318877,0.20286731357425622,False,82.51
M_PUB_ALL_domain,13.0,A,259,0.27084420026110034,0.22774182846044544,False,81.81
M_PUB_ALL_domain,13.0,A,260,0.25013826929591926,0.21033105660917398,False,79.82
M_PUB_ALL_domain,13.0,A,261,0.30525397994783,0.2566756071244238,False,76.28
M_PUB_ALL_domain,13.0,A,262,0.401897921815424,0.3379395515224682,False,76.69
M_PUB_ALL_domain,13.0,A,263,0.39793777770179933,0.3346096280441943,False,76.7
M_PUB_ALL_domain,13.0,A,264,0.3399076067466217,0.28581442686778386,False,82.23
M_PUB_ALL_domain,13.0,A,265,0.2875102186361949,0.24175560277881894,False,86.08
M_PUB_ALL_domain,13.0,A,266,0.25935509386641353,0.21808110803453212,False,88.54
M_PUB_ALL_domain,13.0,A,267,0.19994914826814297,0.16812907413855283,False,89.09
M_PUB_ALL_domain,13.0,A,268,0.18595865280180815,0.1563650377829688,False,90.98
M_PUB_ALL_domain,13.0,A,269,0.22628235464075772,0.1902715920981182,False,90.07
M_PUB_ALL_domain,13.0,A,270,0.21081370927698018,0.17726463985193103,False,91.96
M_PUB_ALL_domain,13.0,A,271,0.16463812726599242,0.13843747845334903,False,93.04
M_PUB_ALL_domain,13.0,A,272,0.18273147954594965,0.1536514395691642,False,91.52
M_PUB_ALL_domain,13.0,A,273,0.21519049139422897,0.18094489721462995,False,90.01
M_PUB_ALL_domain,13.0,A,274,0.1819141548106759,0.15296418457356986,False,92.66
M_PUB_ALL_domain,13.0,A,275,0.15596194778545755,0.13114203340766165,False,90.43
M_PUB_ALL_domain,13.0,A,276,0.19504159295741236,0.16400251127082624,False,87.9
M_PUB_ALL_domain,13.0,A,277,0.2046127101199935,0.17205047286983427,False,89.77
M_PUB_ALL_domain,13.0,A,278,0.16081293782935596,0.13522103285227155,False,91.14
M_PUB_ALL_domain,13.0,A,279,0.16383076453879866,0.1377586001035647,False,88.27
M_PUB_ALL_domain,13.0,A,280,0.20734510255721084,0.17434803009691716,False,85.59
M_PUB_ALL_domain,13.0,A,281,0.1991225622422855,0.16743403170187832,False,90.51
M_PUB_ALL_domain,13.0,A,282,0.16090856571787,0.13530144243889367,False,91.67
M_PUB_ALL_domain,13.0,A,283,0.1883158347181923,0.15834709580427295,False,87.63
M_PUB_ALL_domain,13.0,A,284,0.22798060228364778,0.1916995791954885,False,86.32
M_PUB_ALL_domain,13.0,A,285,0.19532673046327045,0.1642422717563163,False,89.06
M_PUB_ALL_domain,13.0,A,286,0.17141335499828295,0.14413449079660864,False,88.52
M_PUB_ALL_domain,13.0,A,287,0.21222573051668178,0.1784519508545097,False,81.7
M_PUB_ALL_domain,13.0,A,288,0.24534380303271108,0.206299585703678,False,83.47
M_PUB_ALL_domain,13.0,A,289,0.20081721210986755,0.16885899357690215,False,84.2
M_PUB_ALL_domain,13.0,A,290,0.1959043184982962,0.16472794194998056,False,80.82
M_PUB_ALL_domain,13.0,A,291,0.2792412227748727,0.23480254181176138,False,74.84
M_PUB_ALL_domain,13.0,A,292,0.29049144721557657,0.24426239615697654,False,75.6
M_PUB_ALL_domain,13.0,A,293,0.21553295339705728,0.18123285952885768,False,72.19
M_PUB_ALL_domain,13.0,A,294,0.2948646695362107,0.24793966023206146,False,67.96
M_PUB_ALL_domain,13.0,A,295,0.39576607629923416,0.3327835330131266,False,60.84
M_PUB_ALL_domain,13.0,A,296,0.3171726145010225,0.2666975002396509,False,58.94
M_PUB_ALL_domain,13.0,A,297,0.2440017467956652,0.2051711054149108,False,53.25
M_PUB_ALL_domain,13.0,A,298,0.39119592372673795,0.3289406783306186,False,47.55
M_PUB_ALL_domain,13.0,A,299,0.9023770372720837,0.7587720033545051,False,43.51
M_PUB_ALL_domain,13.0,A,300,0.7740931796299979,0.6509033457528154,False,46.74
M_PUB_ALL_domain,13.0,A,301,0.39126498251064884,0.3289987470420917,False,45.2
M_PUB_ALL_domain,13.0,A,302,0.3440518771410911,0.2892991746170843,False,50.98
M_PUB_ALL_domain,13.0,A,303,0.33913437131626945,0.2851642447683737,False,55.74
M_PUB_ALL_domain,13.0,A,304,0.5036712254808353,0.42351656680607674,False,65.8
M_PUB_ALL_domain,13.0,A,305,0.6073487728300146,0.5106947828462735,False,79.88
M_PUB_ALL_domain,13.0,A,306,0.394065940685869,0.33135395839847637,False,84.09
M_PUB_ALL_domain,13.0,A,307,0.4379094657075586,0.36822018830100006,False,90.16
M_PUB_ALL_domain,13.0,A,308,0.7468562028527095,0.6280008841641437,False,90.55
M_PUB_ALL_domain,13.0,A,309,0.8045390729577194,0.6765040542371862,False,90.51
M_PUB_ALL_domain,13.0,A,310,0.5485274976465071,0.4612343744278805,False,90.08
M_PUB_ALL_domain,13.0,A,311,0.8151378521752529,0.6854161348950799,False,92.36
M_PUB_ALL_domain,13.0,A,312,1.4412316790832973,1.2118728682878483,False,91.26
M_PUB_ALL_domain,13.0,A,313,1.627140547800103,1.368196044666601,False,89.43
M_PUB_ALL_domain,13.0,A,314,1.1520027675512405,0.968672086833288,False,89.28
M_PUB_ALL_domain,13.0,A,315,1.8534754575446142,1.5585118282054524,False,92.59
M_PUB_ALL_domain,13.0,A,316,3.5173758788710994,2.957617749483044,False,90.68
M_PUB_ALL_domain,13.0,A,317,6.352408700898659,5.341481084978157,False,91.6
M_PUB_ALL_domain,13.0,A,318,8.602199207685471,7.233238055127942,False,89.18
M_PUB_ALL_domain,13.0,A,319,5.542307855226266,4.6603003631723094,False,89.04
M_PUB_ALL_domain,13.0,A,320,7.824502891658767,6.579304979108105,False,83.72
M_PUB_ALL_domain,13.0,A,321,6.772126460730354,5.6944046106406745,False,87.72
M_PUB_ALL_domain,13.0,A,322,6.16689151858138,5.185487261698807,False,88.63
M_PUB_ALL_domain,13.0,A,323,5.077552592209716,4.269506640124269,False,83.7
M_PUB_ALL_domain,13.0,A,324,3.9344378616770563,3.308308140689509,False,87.19
M_PUB_ALL_domain,13.0,A,325,2.7641165473417115,2.3242327358773673,False,89.44
M_PUB_ALL_domain,13.0,A,326,2.5695898115285103,2.1606631469556463,False,86.91
M_PUB_ALL_domain,13.0,A,327,1.8790500014082192,1.5800164178401,False,87.11
M_PUB_ALL_domain,13.0,A,328,1.0509368501827023,0.883689883801603,False,89.25
M_PUB_ALL_domain,13.0,A,329,0.9618578546845751,0.8087869939017782,False,90.42
M_PUB_ALL_domain,13.0,A,330,0.6002302798739076,0.5047091327930556,False,85.8
M_PUB_ALL_domain,13.0,A,331,0.43055790057127535,0.36203855736864415,False,87.38
M_PUB_ALL_domain,13.0,A,332,0.35528545560237584,0.2987450320379209,False,89.28
M_PUB_ALL_domain,13.0,A,333,0.3143957520844911,0.26436255002283143,False,89.26
M_PUB_ALL_domain,13.0,A,334,0.18929679551030093,0.15917194567821324,False,83.78
M_PUB_ALL_domain,13.0,A,335,0.17902979893008686,0.1505388474921676,False,85.73
M_PUB_ALL_domain,13.0,A,336,0.21670215259170938,0.18221599138904837,False,88.72
M_PUB_ALL_domain,13.0,A,337,0.20128187972424558,0.16924971359978908,False,86.14
M_PUB_ALL_domain,13.0,A,338,0.15643434843208895,0.131539255821603,False,81.74
M_PUB_ALL_domain,13.0,A,339,0.20018476685967235,0.16832719619101857,False,84.08
M_PUB_ALL_domain,13.0,A,340,0.2695666824141179,0.22666761586854886,False,87.1
M_PUB_ALL_domain,13.0,A,341,0.23284295192629997,0.19578813046283733,False,81.04
M_PUB_ALL_domain,13.0,A,342,0.23680444827234842,0.19911919097813988,False,78.62
M_PUB_ALL_domain,13.0,A,343,0.33049181773078384,0.27789707436476746,False,81.47
M_PUB_ALL_domain,13.0,A,344,0.35860660449541243,0.30153765052766657,False,81.19
M_PUB_ALL_domain,13.0,A,345,0.3115438673604157,0.2619645166110278,False,75.08
M_PUB_ALL_domain,13.0,A,346,0.4099617328042673,0.3447200809086917,False,73.48
M_PUB_ALL_domain,13.0,A,347,0.5507624416628187,0.4631136475904251,False,71.24
M_PUB_ALL_domain,13.0,A,348,0.6914130523211102,0.5813810028246073,False,72.49
M_PUB_ALL_domain,13.0,A,349,1.314570188295066,1.1053683927265132,False,61.7
M_PUB_ALL_domain,13.0,A,350,1.130796189683626,0.9508403414449671,False,69.11
M_PUB_ALL_domain,13.0,A,351,1.515667296458544,1.2744627394657377,False,78.79
M_PUB_ALL_domain,13.0,A,352,1.5532817970870414,1.3060912371094102,False,84.46
M_PUB_ALL_domain,13.0,A,353,2.0206446292155205,1.699077558547282,False,86.78
M_PUB_ALL_domain,13.0,A,354,1.5313952965978146,1.2876877725522524,False,87.76
M_PUB_ALL_domain,13.0,A,355,0.939181954627768,0.7897197554822547,False,84.15
M_PUB_ALL_domain,13.0,A,356,1.148595834360242,0.9658073358302663,False,87.86
M_PUB_ALL_domain,13.0,A,357,1.2197401395089846,1.0256296769529594,False,91.37
M_PUB_ALL_domain,13.0,A,358,0.8107284014246436,0.6817084078125655,False,90.03
M_PUB_ALL_domain,13.0,A,359,0.6075360182316825,0.5108522298586353,False,90.58
M_PUB_ALL_domain,13.0,A,360,0.8028570389056863,0.6750897004863085,False,92.07
M_PUB_ALL_domain,13.0,A,361,0.7149421687108473,0.6011656760186116,False,92.54
M_PUB_ALL_domain,13.0,A,362,0.4461221902507527,0.3751259330144032,False,91.28
M_PUB_ALL_domain,13.0,A,363,0.4303026225738716,0.3618239045245426,False,90.28
M_PUB_ALL_domain,13.0,A,364,0.5107576073780005,0.42947521598104,False,92.74
M_PUB_ALL_domain,13.0,A,365,0.41177775615476814,0.34624710078938775,False,92.3
M_PUB_ALL_domain,13.0,A,366,0.2875117418722449,0.24175688360581418,False,90.9
M_PUB_ALL_domain,13.0,A,367,0.347903241126736,0.2925376293276224,False,90.13
M_PUB_ALL_domain,13.0,A,368,0.36800603775879476,0.3094412501463071,False,92.61
M_PUB_ALL_domain,13.0,A,369,0.27732636192941873,0.2331924135174483,False,91.47
M_PUB_ALL_domain,13.0,A,370,0.23517303786911195,0.1977474045863903,False,89.6
M_PUB_ALL_domain,13.0,A,371,0.30684172985712793,0.2580106811896348,False,89.33
M_PUB_ALL_domain,13.0,A,372,0.30905205081713594,0.2598692498295813,False,90.31
M_PUB_ALL_domain,13.0,A,373,0.23110738817447676,0.1943287657732156,False,89.13
M_PUB_ALL_domain,13.0,A,374,0.2432486619735598,0.2045378671391539,False,85.19
M_PUB_ALL_domain,13.0,A,375,0.32719440384906245,0.27512441367685114,False,87.77
M_PUB_ALL_domain,13.0,A,376,0.2963106845649245,0.24915555522373228,False,87.28
M_PUB_ALL_domain,13.0,A,377,0.24033955073286123,0.20209171428628558,False,82.76
M_PUB_ALL_domain,13.0,A,378,0.3101465359567043,0.2607895576916946,False,82.77
M_PUB_ALL_domain,13.0,A,379,0.39265014537680587,0.33016347393508033,False,85.83
M_PUB_ALL_domain,13.0,A,380,0.3429569134100377,0.2883784643269338,False,81.22
M_PUB_ALL_domain,13.0,A,381,0.3220350928583773,0.27078615973793724,False,78.09
M_PUB_ALL_domain,13.0,A,382,0.46659188033634946,0.39233805955659373,False,80.99
M_PUB_ALL_domain,13.0,A,383,0.5363566053157018,0.4510003680480478,False,83.01
M_PUB_ALL_domain,13.0,A,384,0.4755585471108742,0.39987776350616017,False,77.71
M_PUB_ALL_domain,13.0,A,385,0.5590328117566736,0.4700678640935046,False,76.04
M_PUB_ALL_domain,13.0,A,386,0.7950881076363167,0.6685571234151948,False,79.29
M_PUB_ALL_domain,13.0,A,387,0.815558335989513,0.6857697025646304,False,75.16
M_PUB_ALL_domain,13.0,A,388,0.8357968659149562,0.7027874559672455,False,68.91
M_PUB_ALL_domain,13.0,A,389,1.1067547486114742,0.9306248753455725,False,73.16
M_PUB_ALL_domain,13.0,A,390,1.4976111268863181,1.2592800437705507,False,76.21
M_PUB_ALL_domain,13.0,A,391,2.551135034633059,2.1451452786389242,False,71.76
M_PUB_ALL_domain,13.0,A,392,2.7328148156322327,2.297912387844724,False,65.82
M_PUB_ALL_domain,13.0,A,393,4.548160000796432,3.824362027001125,False,72.62
M_PUB_ALL_domain,13.0,A,394,3.967950796871302,3.3364877994411315,False,75.92
M_PUB_ALL_domain,13.0,A,395,2.3776840716424883,1.9992974464844357,False,75.6
M_PUB_ALL_domain,13.0,A,396,2.642561987483394,2.222022470000709,False,82.48
M_PUB_ALL_domain,13.0,A,397,2.058618580388266,1.731008303475959,False,80.24
M_PUB_ALL_domain,13.0,A,398,1.2311911558883788,1.035258369040365,False,78.38
M_PUB_ALL_domain,13.0,A,399,1.1251878412612648,0.946124510265564,False,80.39
M_PUB_ALL_domain,13.0,A,400,1.1111276139483524,0.9343018392475939,False,71.48
M_PUB_ALL_domain,13.0,A,401,0.793221390952218,0.6669874775802668,False,74.53
M_PUB_ALL_domain,13.0,A,402,0.4840207264661456,0.40699326458490537,False,81.67
M_PUB_ALL_domain,13.0,A,403,0.3048646159401895,0.25634820682952636,False,77.66
M_PUB_ALL_domain,13.0,A,404,0.26643031943504486,0.22403037630838415,False,75.12
M_PUB_ALL_domain,13.0,A,405,0.34504243361270626,0.29013209310609567,False,77.21
M_PUB_ALL_domain,13.0,A,406,0.2720268431404944,0.22873626456618182,False,83.11
M_PUB_ALL_domain,13.0,A,407,0.19589096376225842,0.1647167124977681,False,79.7
M_PUB_ALL_domain,13.0,A,408,0.21271990385453077,0.17886748103543895,True,76.55
M_PUB_ALL_domain,13.0,A,409,0.23735688613068767,0.19958371341520023,False,83.76
M_PUB_ALL_domain,13.0,A,410,0.18897314606244286,0.15889980207327598,False,85.1
M_PUB_ALL_domain,13.0,A,411,0.14669389697451382,0.1233489079284605,True,78.18
M_PUB_ALL_domain,13.0,A,412,0.17381923912429134,0.14615750051730012,True,80.23
M_PUB_ALL_domain,13.0,A,413,0.2100386705670515,0.17661294144835943,False,86.27
M_PUB_ALL_domain,13.0,A,414,0.18035921021212528,0.15165669515460786,False,86.69
M_PUB_ALL_domain,13.0,A,415,0.14788263500579824,0.12434846919853458,False,84.12
M_PUB_ALL_domain,13.0,A,416,0.2068598888331612,0.17394003368937866,False,85.34
M_PUB_ALL_domain,13.0,A,417,0.2401641924138451,0.2019442626363334,False,87.76
M_PUB_ALL_domain,13.0,A,418,0.1974423795788584,0.1660212347080806,False,89.47
M_PUB_ALL_domain,13.0,A,419,0.19740488398209521,0.165989706191842,False,84.76
M_PUB_ALL_domain,13.0,A,420,0.3153950983934018,0.26520285952710404,False,85.9
M_PUB_ALL_domain,13.0,A,421,0.3170039333226086,0.2665556631245795,False,89.14
M_PUB_ALL_domain,13.0,A,422,0.2487969195050888,0.20920317034218258,False,84.22
M_PUB_ALL_domain,13.0,A,423,0.3259604982630685,0.27408687285437494,False,81.95
M_PUB_ALL_domain,13.0,A,424,0.4738491533721877,0.3984404041119697,False,84.65
M_PUB_ALL_domain,13.0,A,425,0.41104262086789556,0.34562895554486434,False,85.24
M_PUB_ALL_domain,13.0,A,426,0.3870865416016503,0.3254852667024282,False,76.82
M_PUB_ALL_domain,13.0,A,427,0.34763874374105574,0.2923152242763798,False,77.1
M_PUB_ALL_domain,13.0,A,428,0.2805032657251681,0.2358637421949293,False,75.09
M_PUB_ALL_domain,13.0,A,429,0.1929733213712871,0.16226338614899286,False,66.01
M_PUB_ALL_domain,13.0,A,430,0.1791515226126211,0.15064119996639655,False,67.38
M_PUB_ALL_domain,13.0,A,431,0.2260799135836765,0.1901013676796123,False,77.12
M_PUB_ALL_domain,13.0,A,432,0.20303374456791806,0.17072278521191486,False,79.31
M_PUB_ALL_domain,13.0,A,433,0.1336132028652499,0.11234988638358824,False,75.6
M_PUB_ALL_domain,13.0,A,434,0.15249849004247018,0.12822975321697255,False,80.06
M_PUB_ALL_domain,13.0,A,435,0.19118462280391982,0.160759342562665,False,84.31
M_PUB_ALL_domain,13.0,A,436,0.14157577071704108,0.11904528454998468,False,84.61
M_PUB_ALL_domain,13.0,A,437,0.11074362559317097,0.09311979270227728,False,80.93
M_PUB_ALL_domain,13.0,A,438,0.1459634870354558,0.12273473603596144,False,82.7
M_PUB_ALL_domain,13.0,A,439,0.1557944027241129,0.1310011516070421,False,86.99
M_PUB_ALL_domain,13.0,A,440,0.11575878963324909,0.09733683935646222,False,83.93
M_PUB_ALL_domain,13.0,A,441,0.11282619753135095,0.09487094240621888,False,82.66
M_PUB_ALL_domain,13.0,A,442,0.14855423046144092,0.12491318639353577,False,82.78
M_PUB_ALL_domain,13.0,A,443,0.13782290974280492,0.11588965699950933,True,83.68
M_PUB_ALL_domain,13.0,A,444,0.109833625207062,0.09235461053617448,True,78.32
M_PUB_ALL_domain,13.0,A,445,0.13052148498846394,0.10975018706691725,False,77.56
M_PUB_ALL_domain,13.0,A,446,0.15879105242589636,0.13352091197732768,False,77.39
M_PUB_ALL_domain,13.0,A,447,0.1336561605077384,0.11238600771104235,True,76.99
M_PUB_ALL_domain,13.0,A,448,0.12260054473189652,0.1030897918455406,True,78.16
M_PUB_ALL_domain,13.0,A,449,0.15539639956096996,0.13066648699905037,False,76.35
M_PUB_ALL_domain,13.0,A,450,0.17968923311881677,0.15109333877440992,False,78.2
M_PUB_ALL_domain,13.0,A,451,0.14385870027643463,0.12096490679628522,False,78.21
M_PUB_ALL_domain,13.0,A,452,0.14738565151809913,0.12393057607734485,False,79.98
M_PUB_ALL_domain,13.0,A,453,0.19549047902864633,0.16437996123850027,False,80.74
M_PUB_ALL_domain,13.0,A,454,0.19255865521165086,0.16191471030765978,False,79.13
M_PUB_ALL_domain,13.0,A,455,0.15193374965359005,0.12775488608433677,False,82.85
M_PUB_ALL_domain,13.0,A,456,0.1852260031586962,0.15574898261478592,False,85.58
M_PUB_ALL_domain,13.0,A,457,0.23562289217505814,0.19812566870309736,False,83.12
M_PUB_ALL_domain,13.0,A,458,0.20131477828238611,0.16927737665396345,False,82.94
M_PUB_ALL_domain,13.0,A,459,0.17464980754778217,0.14685589158952894,False,89.56
M_PUB_ALL_domain,13.0,A,460,0.2329184264208339,0.19585159388339687,False,88.37
M_PUB_ALL_domain,13.0,A,461,0.2619677033700128,0.2202779446839019,False,87.16
M_PUB_ALL_domain,13.0,A,462,0.20058462630237042,0.16866342166868967,False,87.67
M_PUB_ALL_domain,13.0,A,463,0.21835427570360913,0.18360519425173874,False,89.23
M_PUB_ALL_domain,13.0,A,464,0.285635825801564,0.24017950238235308,False,88.44
M_PUB_ALL_domain,13.0,A,465,0.2674063267162844,0.22485106097730423,False,87.46
M_PUB_ALL_domain,13.0,A,466,0.23036463591910628,0.19370421573091037,False,87.76
M_PUB_ALL_domain,13.0,A,467,0.2943509835373007,0.2475077226512179,False,87.79
M_PUB_ALL_domain,13.0,A,468,0.3514219967446432,0.2954964072433212,False,88.15
M_PUB_ALL_domain,13.0,A,469,0.2845621665201609,0.23927670613397653,False,86.68
M_PUB_ALL_domain,13.0,A,470,0.2713682161415372,0.2281824520168589,False,84.48
M_PUB_ALL_domain,13.0,A,471,0.38162911895568585,0.3208963428455569,False,85.18
M_PUB_ALL_domain,13.0,A,472,0.37357189991227824,0.3141213563570775,False,86.21
M_PUB_ALL_domain,13.0,A,473,0.28923109718854484,0.24320261928385292,False,82.16
M_PUB_ALL_domain,13.0,A,474,0.37567705646250643,0.31589149653907983,False,83.08
M_PUB_ALL_domain,13.0,A,475,0.6056077628224553,0.5092308386225933,False,84.3
M_PUB_ALL_domain,13.0,A,476,0.46525935993319184,0.39121759756116087,False,82.33
M_PUB_ALL_domain,13.0,A,477,0.522977477103422,0.4397504054520831,False,79.16
M_PUB_ALL_domain,13.0,A,478,1.1001890252498423,0.9251040266727857,False,81.49
M_PUB_ALL_domain,13.0,A,479,1.1053315115597868,0.9294281334246768,False,81.61
M_PUB_ALL_domain,13.0,A,480,0.7227481136835965,0.607729376401495,False,76.28
M_PUB_ALL_domain,13.0,A,481,1.385961012614365,1.1653980217534663,False,75.39
M_PUB_ALL_domain,13.0,A,482,2.3916933712359487,2.01107729446268,False,78.98
M_PUB_ALL_domain,13.0,A,483,2.268704914475257,1.9076613232319632,False,73.92
M_PUB_ALL_domain,13.0,A,484,1.9551231891561645,1.643983255076526,False,70.55
M_PUB_ALL_domain,13.0,A,485,3.9537105072352317,3.324513721368208,False,74.54
M_PUB_ALL_domain,13.0,A,486,5.172985089627593,4.349751930352164,False,71.66
M_PUB_ALL_domain,13.0,A,487,5.069817967786038,4.263002910278827,False,69.5
M_PUB_ALL_domain,13.0,A,488,5.685967283946803,4.781097710654212,False,63.59
M_PUB_ALL_domain,13.0,A,489,9.156338916963307,7.699191509149897,False,64.07
M_PUB_ALL_domain,13.0,A,490,10.234980756413908,8.606177387132899,False,63.8
M_PUB_ALL_domain,13.0,A,491,11.167960578690192,9.390682022776076,False,56.75
M_PUB_ALL_domain,13.0,A,492,17.369953753442612,14.605684833822723,False,53.32
M_PUB_ALL_domain,13.0,A,493,14.490800522655409,12.184722448195997,False,55.49
M_PUB_ALL_domain,13.0,A,494,18.842007154993283,15.843474429972025,False,53.38
M_PUB_ALL_domain,13.0,A,495,15.126622323430485,12.719359037585525,False,51.0
M_PUB_ALL_domain,13.0,A,496,11.274335445642755,9.480128304729536,False,51.35
M_PUB_ALL_domain,13.0,A,497,6.329432577965532,5.322161401401112,False,55.99
M_PUB_ALL_domain,13.0,A,498,3.6787465284454473,3.0933077393683104,False,58.3
M_PUB_ALL_domain,13.0,A,499,2.2562403131345614,1.897180348938905,False,57.83
M_PUB_ALL_domain,13.0,A,500,1.147253892052835,0.9646789513402803,False,63.46
M_PUB_ALL_domain,13.0,A,501,0.4581091383563776,0.38520526820638357,False,66.7
M_PUB_ALL_domain,13.0,A,502,0.3387348615904921,0.28482831335338105,False,72.79
M_PUB_ALL_domain,13.0,A,503,0.31849495676756445,0.2678094038556134,False,73.97
M_PUB_ALL_domain,13.0,A,504,0.24664568518367866,0.20739428524391387,False,74.1
M_PUB_ALL_domain,13.0,A,505,0.27345458102889014,0.2299367910568803,False,78.4
M_PUB_ALL_domain,13.0,A,506,0.29346360284671447,0.24676156046343695,False,78.54
M_PUB_ALL_domain,13.0,A,507,0.23208843763670509,0.1951536902062388,False,79.22
M_PUB_ALL_domain,13.0,A,508,0.23312947528368794,0.1960290562542896,False,78.49
M_PUB_ALL_domain,13.0,A,509,0.19447708274093478,0.16352783768076498,False,79.42
M_PUB_ALL_domain,13.0,A,510,0.18502067405665662,0.15557632975720376,False,81.88
M_PUB_ALL_domain,13.0,A,511,0.16513658550763333,0.13885661163490892,False,86.77
M_PUB_ALL_domain,13.0,A,512,0.13216447983086593,0.11113171434052692,False,89.38
M_PUB_ALL_domain,13.0,A,513,0.13465595214017057,0.11322669166968001,False,92.03
M_PUB_ALL_domain,13.0,A,514,0.11384664237358813,0.09572899280563701,False,93.14
M_PUB_ALL_domain,13.0,A,515,0.1046102510839352,0.08796248852511761,False,91.98
M_PUB_ALL_domain,13.0,A,516,0.1167864208226641,0.0982009324617779,False,91.23
M_PUB_ALL_domain,13.0,A,517,0.10710609714017735,0.09006114355947471,False,92.17
M_PUB_ALL_domain,13.0,A,518,0.09372250856916711,0.07880743042998609,False,92.9
M_PUB_ALL_domain,13.0,A,519,0.10030749181092333,0.08434447394951956,False,91.84
M_PUB_ALL_domain,13.0,A,520,0.10337857211720436,0.0869268199758589,False,89.54
M_PUB_ALL_domain,13.0,A,521,0.08532574814380033,0.07174693745810837,False,91.65
M_PUB_ALL_domain,13.0,A,522,0.08419929474865694,0.07079974879526042,False,91.64
M_PUB_ALL_domain,13.0,A,523,0.10051446806362997,0.0845185118288386,False,88.62
M_PUB_ALL_domain,13.0,A,524,0.08463624586513058,0.07116716314682346,False,86.55
M_PUB_ALL_domain,13.0,A,525,0.07297872904510876,0.061364833271047,False,87.0
M_PUB_ALL_domain,13.0,A,526,0.08525737895933651,0.07168944860265151,False,86.93
M_PUB_ALL_domain,13.0,A,527,0.09051152474201309,0.07610744524570667,False,82.92
M_PUB_ALL_domain,13.0,A,528,0.07107944350921439,0.05976780161854687,True,83.97
M_PUB_ALL_domain,13.0,A,529,0.07523742113055167,0.06326407521520534,False,85.08
M_PUB_ALL_domain,13.0,A,530,0.09749430648366075,0.08197898128026083,False,83.33
M_PUB_ALL_domain,13.0,A,531,0.0913337539384759,0.07679882420244817,True,81.11
M_PUB_ALL_domain,13.0,A,532,0.07346079896550672,0.061770186182467574,True,82.72
M_PUB_ALL_domain,13.0,A,533,0.09965500171094502,0.0837958216679564,False,84.0
M_PUB_ALL_domain,13.0,A,534,0.14425246383641394,0.12129600649509482,False,83.24
M_PUB_ALL_domain,13.0,A,535,0.10499176257348922,0.08828328595820255,False,82.56
M_PUB_ALL_domain,13.0,A,536,0.09911511593957267,0.08334185376827982,True,85.09
M_PUB_ALL_domain,13.0,A,537,0.17086516244340472,0.1436735380618777,False,83.24
M_PUB_ALL_domain,13.0,A,538,0.20802361704017033,0.17491856521946036,False,81.05
M_PUB_ALL_domain,13.0,A,539,0.15964781360539293,0.13424132746853767,False,80.33
M_PUB_ALL_domain,13.0,A,540,0.1272926701758176,0.10703520853504038,False,84.82
M_PUB_ALL_domain,13.0,A,541,0.1863807983520643,0.15672000273846387,False,84.5
M_PUB_ALL_domain,13.0,A,542,0.31354073763632717,0.26364360328667374,False,83.43
M_PUB_ALL_domain,13.0,A,543,0.31361192206388444,0.26370345936509143,False,85.85
M_PUB_ALL_domain,13.0,A,544,0.2721882445602008,0.22887198042941465,False,85.6
M_PUB_ALL_domain,13.0,A,545,0.4537841335362243,0.3815685482585597,False,84.33
M_PUB_ALL_domain,13.0,A,546,0.6475531840676938,0.5445010305658773,False,85.23
M_PUB_ALL_domain,13.0,A,547,0.6131080353226497,0.5155375115050076,False,85.09
M_PUB_ALL_domain,13.0,A,548,0.728672479631445,0.6127109338139526,False,81.58
M_PUB_ALL_domain,13.0,A,549,1.1288989000875602,0.9492449880967674,False,83.09
M_PUB_ALL_domain,13.0,A,550,1.3695806189929605,1.1516244176273887,False,84.54
M_PUB_ALL_domain,13.0,A,551,1.521398861305719,1.2792821783053987,False,79.87
M_PUB_ALL_domain,13.0,A,552,2.221297947243005,1.867798740282691,False,75.76
M_PUB_ALL_domain,13.0,A,553,2.8604277118895896,2.4052168614157527,False,80.41
M_PUB_ALL_domain,13.0,A,554,2.680150889798767,2.2536294430681463,False,77.2
M_PUB_ALL_domain,13.0,A,555,3.519743929693648,2.9596089467237254,False,80.36
M_PUB_ALL_domain,13.0,A,556,2.6913936022920666,2.263082980923529,False,79.91
M_PUB_ALL_domain,13.0,A,557,1.8579036922464596,1.5622353499455452,False,78.05
M_PUB_ALL_domain,13.0,A,558,1.2349601218157151,1.0384275385882793,False,84.42
M_PUB_ALL_domain,13.0,A,559,0.8234671015358053,0.6924198605692738,False,83.45
M_PUB_ALL_domain,13.0,A,560,0.9043411835908821,0.760423573790851,False,81.58
M_PUB_ALL_domain,13.0,A,561,1.2831102143017779,1.0789149852190145,False,80.22
M_PUB_ALL_domain,13.0,A,562,1.2891697417556789,1.0840101944227831,False,78.78
M_PUB_ALL_domain,13.0,A,563,0.8427356263748101,0.708621976303486,False,82.83
M_PUB_ALL_domain,13.0,A,564,0.5049784021608623,0.4246157182996041,False,84.55
M_PUB_ALL_domain,13.0,A,565,0.2199124539367286,0.1849154027019688,False,85.9
M_PUB_ALL_domain,13.0,A,566,0.1340909912800613,0.11275163915179028,False,85.48
M_PUB_ALL_domain,13.0,A,567,0.09523938610210922,0.08008291080789257,False,84.75
M_PUB_ALL_domain,13.0,A,568,0.06835179292548396,0.057474231622434285,False,85.84
M_PUB_ALL_domain,13.0,A,569,0.06919295185506613,0.058181527818787014,False,80.51
M_PUB_ALL_domain,13.0,A,570,0.06603653335791487,0.05552742439240901,False,82.1
M_PUB_ALL_domain,13.0,A,571,0.07306366001404666,0.06143624825479111,False,76.72
M_PUB_ALL_domain,13.0,A,572,0.06779003896809069,0.057001875658089084,False,80.56
M_PUB_ALL_domain,13.0,A,573,0.05512533349127402,0.046352641967935385,False,85.28
M_PUB_ALL_domain,13.0,A,574,0.0646109063772505,0.05432867287782588,False,86.66
M_PUB_ALL_domain,13.0,A,575,0.06978120588568254,0.05867616661261261,False,83.27
M_PUB_ALL_domain,13.0,A,576,0.06133592733923804,0.051574876733889365,False,85.05
M_PUB_ALL_domain,13.0,A,577,0.06417349551088879,0.0539608719413552,False,89.13
M_PUB_ALL_domain,13.0,A,578,0.07933775179118073,0.06671187583653623,False,89.82
M_PUB_ALL_domain,13.0,A,579,0.07779269226724783,0.06541269837317727,True,85.73
M_PUB_ALL_domain,13.0,A,580,0.06989954884067638,0.05877567637110006,True,88.67
M_PUB_ALL_domain,13.0,A,581,0.08101506668194712,0.06812226143740499,False,93.48
M_PUB_ALL_domain,13.0,A,582,0.0933751462244933,0.07851534761839898,True,91.01
M_PUB_ALL_domain,13.0,A,583,0.08450856906644705,0.07105980494031162,False,89.59
M_PUB_ALL_domain,13.0,A,584,0.08317203310903792,0.06993596642927816,False,93.45
M_PUB_ALL_domain,13.0,A,585,0.1024463788864136,0.08614297675287655,False,92.52
M_PUB_ALL_domain,13.0,A,586,0.10372432773028772,0.0872175517524602,False,90.39
M_PUB_ALL_domain,13.0,A,587,0.09133591235967264,0.07680063913069644,False,92.21
M_PUB_ALL_domain,13.0,A,588,0.09794526557160994,0.08235817436304199,False,92.76
M_PUB_ALL_domain,13.0,A,589,0.11057847014666027,0.09298092023119506,False,93.09
M_PUB_ALL_domain,13.0,A,590,0.0983964786925555,0.08273758105179671,False,94.22
M_PUB_ALL_domain,13.0,A,591,0.09308083366501017,0.07826787220496594,False,94.91
M_PUB_ALL_domain,13.0,A,592,0.10516210074271502,0.08842651636918676,False,93.4
M_PUB_ALL_domain,13.0,A,593,0.10254830114337837,0.08622867901690728,False,91.79
M_PUB_ALL_domain,13.0,A,594,0.08802078164560441,0.07401308108190141,False,94.97
M_PUB_ALL_domain,13.0,A,595,0.09568174573431237,0.08045487295948346,False,95.08
M_PUB_ALL_domain,13.0,A,596,0.10289204099794305,0.08651771582448087,False,94.09
M_PUB_ALL_domain,13.0,A,597,0.08833280991257436,0.07427545291036433,False,93.47
M_PUB_ALL_domain,13.0,A,598,0.07948187050284881,0.06683305937629455,False,94.11
M_PUB_ALL_domain,13.0,A,599,0.09323503636952801,0.07839753496254606,False,94.78
M_PUB_ALL_domain,13.0,A,600,0.09515439461519172,0.08001144493705056,False,92.06
M_PUB_ALL_domain,13.0,A,601,0.07751426770701575,0.06517858252955049,True,91.53
M_PUB_ALL_domain,13.0,A,602,0.0777840836881305,0.06540545977051664,False,93.4
M_PUB_ALL_domain,13.0,A,603,0.09878557425798445,0.08306475562459988,False,91.44
M_PUB_ALL_domain,13.0,A,604,0.0995251433902115,0.0836866291086321,False,89.43
M_PUB_ALL_domain,13.0,A,605,0.07602691783245596,0.06392793075385761,False,90.19
M_PUB_ALL_domain,13.0,A,606,0.08506980392665478,0.0715317244170301,False,91.3
M_PUB_ALL_domain,13.0,A,607,0.1124423648544708,0.0945481931814938,False,88.72
M_PUB_ALL_domain,13.0,A,608,0.10411081643450423,0.0875425343221173,False,87.06
M_PUB_ALL_domain,13.0,A,609,0.07524033964859156,0.06326652927785154,False,89.89
M_PUB_ALL_domain,13.0,A,610,0.09192310609612563,0.07729438636645562,False,88.46
M_PUB_ALL_domain,13.0,A,611,0.12685207377613786,0.10666472901367931,False,86.91
M_PUB_ALL_domain,13.0,A,612,0.09894144345844756,0.08319581967057138,False,87.38
M_PUB_ALL_domain,13.0,A,613,0.08133494800336177,0.0683912365786821,False,88.15
M_PUB_ALL_domain,13.0,A,614,0.12718565594355413,0.10694522463690455,False,83.34
M_PUB_ALL_domain,13.0,A,615,0.17306425061714592,0.14552266151052734,False,80.84
M_PUB_ALL_domain,13.0,A,616,0.13268104011853057,0.11156606879341677,False,84.65
M_PUB_ALL_domain,13.0,A,617,0.09476272187258042,0.07968210332119013,False,85.98
M_PUB_ALL_domain,13.0,A,618,0.11469440363974281,0.09644184063721653,False,82.52
M_PUB_ALL_domain,13.0,A,619,0.134884299074062,0.11341869928216586,False,71.57
M_PUB_ALL_domain,13.0,A,620,0.1285492361280757,0.10809180353420418,False,69.3
M_PUB_ALL_domain,13.0,A,621,0.1772600181465248,0.14905071109776066,False,61.82
M_PUB_ALL_domain,13.0,A,622,0.14085648806276663,0.11844046913689321,False,61.1
M_PUB_ALL_domain,13.0,A,623,0.1260643657327962,0.10600237748497501,False,56.23
M_PUB_ALL_domain,13.0,A,624,0.12785119038273537,0.10750484537065634,False,56.57
M_PUB_ALL_domain,13.0,A,625,0.13410538160138422,0.11276373938538232,False,57.76
M_PUB_ALL_domain,13.0,A,626,0.13080779592235997,0.10999093424012915,False,49.82
M_PUB_ALL_domain,13.0,A,627,0.16334623099042053,0.13735117562797436,False,51.07
M_PUB_ALL_domain,13.0,A,628,0.1525157104386637,0.1282442331449612,False,54.22
M_PUB_ALL_domain,13.0,A,629,0.12693972066331097,0.10673842770216674,False,58.74
M_PUB_ALL_domain,13.0,A,630,0.13136687792103238,0.11046104346349163,False,68.14
M_PUB_ALL_domain,13.0,A,631,0.14698268915026474,0.12359174147663018,False,75.45
M_PUB_ALL_domain,13.0,A,632,0.13630631736991192,0.11461441640104404,False,77.46
M_PUB_ALL_domain,13.0,A,633,0.10930898643443543,0.09191346321515363,False,82.49
M_PUB_ALL_domain,13.0,A,634,0.13154239660311676,0.11060862995619972,False,86.25
M_PUB_ALL_domain,13.0,A,635,0.14905010714534805,0.12533014884861157,False,83.91
M_PUB_ALL_domain,13.0,A,636,0.12388300983003286,0.1041681643789185,False,84.5
M_PUB_ALL_domain,13.0,A,637,0.11670415908857956,0.09813176192862755,False,89.56
M_PUB_ALL_domain,13.0,A,638,0.150688756015291,0.12670802177144208,False,88.4
M_PUB_ALL_domain,13.0,A,639,0.15119758366886982,0.1271358741680803,False,84.81
M_PUB_ALL_domain,13.0,A,640,0.12222853944337962,0.10277698778873554,False,87.13
M_PUB_ALL_domain,13.0,A,641,0.13455734794999433,0.1131437794325232,False,89.41
M_PUB_ALL_domain,13.0,A,642,0.16793000546842407,0.14120548441459221,False,84.34
M_PUB_ALL_domain,13.0,A,643,0.15072087043063176,0.12673502547195548,False,83.48
M_PUB_ALL_domain,13.0,A,644,0.12810763206714215,0.10772047671164121,False,85.21
M_PUB_ALL_domain,13.0,A,645,0.1533081076682505,0.12891052761890276,False,84.86
M_PUB_ALL_domain,13.0,A,646,0.18178944307752137,0.1528593195695871,False,82.67
M_PUB_ALL_domain,13.0,A,647,0.15791393998917275,0.13278338394493022,False,85.26
M_PUB_ALL_domain,13.0,A,648,0.1463774039135381,0.12308278183703167,False,88.0
M_PUB_ALL_domain,13.0,A,649,0.18815693251561263,0.15821348143067,False,84.47
M_PUB_ALL_domain,13.0,A,650,0.2007652768660016,0.16881532335103736,False,85.99
M_PUB_ALL_domain,13.0,A,651,0.1695848670506208,0.1425969899451338,False,87.28
M_PUB_ALL_domain,13.0,A,652,0.179332163303297,0.15079309334697927,False,86.6
M_PUB_ALL_domain,13.0,A,653,0.2349437418831557,0.19755459895477637,False,84.55
M_PUB_ALL_domain,13.0,A,654,0.24453074650364698,0.20561591966839923,False,84.41
M_PUB_ALL_domain,13.0,A,655,0.2061542032756244,0.17334665151971568,False,88.25
M_PUB_ALL_domain,13.0,A,656,0.20311034711196657,0.17078719716324892,False,89.77
M_PUB_ALL_domain,13.0,A,657,0.1624594661982324,0.13660553132400705,False,91.34
M_PUB_ALL_domain,13.0,A,658,0.1575397713020746,0.13246876077459752,False,88.96
M_PUB_ALL_domain,13.0,A,659,0.17255862609934364,0.14509750249996808,False,85.38
M_PUB_ALL_domain,13.0,A,660,0.150914138183064,0.12689753643316096,False,80.5
M_PUB_ALL_domain,13.0,A,661,0.12933576947187522,0.10875316730603067,False,85.96
M_PUB_ALL_domain,13.0,A,662,0.12409033972282187,0.1043424996197424,False,88.84
M_PUB_ALL_domain,13.0,A,663,0.14607373065406862,0.122827435393211,False,90.18
M_PUB_ALL_domain,13.0,A,664,0.162037850830025,0.13625101217694754,False,91.23
M_PUB_ALL_domain,13.0,A,665,0.1595557155402763,0.13416388596627507,False,87.39
M_PUB_ALL_domain,13.0,A,666,0.197996092836442,0.16648682957628644,False,82.77
M_PUB_ALL_domain,13.0,A,667,0.20784886035436623,0.17477161945830932,False,85.73
M_PUB_ALL_domain,13.0,A,668,0.22974302934145824,0.19318153214218986,False,86.9
M_PUB_ALL_domain,13.0,A,669,0.22648293364951327,0.19044025079622115,False,87.98
M_PUB_ALL_domain,13.0,A,670,0.19123473048249123,0.16080147606349965,False,89.38
M_PUB_ALL_domain,13.0,A,671,0.22931832419786158,0.19282441492917216,False,84.44
M_PUB_ALL_domain,13.0,A,672,0.2661915847357271,0.22382963404812103,False,85.23
M_PUB_ALL_domain,13.0,A,673,0.2509288848160477,0.21099585291638556,False,86.97
M_PUB_ALL_domain,13.0,A,674,0.2984327760143461,0.2509399352709537,False,82.01
M_PUB_ALL_domain,13.0,A,675,0.3831740439670747,0.32219540720281026,False,79.85
M_PUB_ALL_domain,13.0,A,676,0.3530942439634582,0.29690253164577723,False,81.79
M_PUB_ALL_domain,13.0,A,677,0.3715356486827315,0.3124091558455851,False,80.45
M_PUB_ALL_domain,13.0,A,678,0.5477997497795297,0.46062244096309213,False,77.15
M_PUB_ALL_domain,13.0,A,679,0.8464272687656228,0.7117261276469345,False,77.33
M_PUB_ALL_domain,13.0,A,680,0.855494964699726,0.719350782891408,False,76.99
M_PUB_ALL_domain,13.0,A,681,0.9554690699038031,0.8034149256566002,False,79.43
M_PUB_ALL_domain,13.0,A,682,1.5351352372091243,1.2908325358971275,False,78.05
M_PUB_ALL_domain,13.0,A,683,2.8913367033584945,2.4312069702170884,False,84.01
M_PUB_ALL_domain,13.0,A,684,3.2022814372883093,2.6926676999910883,False,79.77
M_PUB_ALL_domain,13.0,A,685,4.508472311977908,3.790990270064161,False,80.53
M_PUB_ALL_domain,13.0,A,686,3.062520875391152,2.5751487504162642,False,74.5
M_PUB_ALL_domain,13.0,A,687,1.8029087932185284,1.5159923849917283,False,74.7
M_PUB_ALL_domain,13.0,A,688,2.9788643804987274,2.5048054198556464,False,73.36
M_PUB_ALL_domain,13.0,A,689,3.1831097715628895,2.6765470291303854,False,73.25
M_PUB_ALL_domain,13.0,A,690,1.745398988109746,1.4676347382071497,False,69.95
M_PUB_ALL_domain,13.0,A,691,1.6755416245798336,1.4088945337412937,False,69.98
M_PUB_ALL_domain,13.0,A,692,2.7269784168020266,2.2930047983894797,False,68.74
M_PUB_ALL_domain,13.0,A,693,2.41169566909524,2.0278964099670693,False,68.33
M_PUB_ALL_domain,13.0,A,694,2.4970803926183245,2.0996929374134417,False,66.77
M_PUB_ALL_domain,13.0,A,695,3.7366128579478888,3.1419651729573483,False,70.0
M_PUB_ALL_domain,13.0,A,696,6.064414799538481,5.099318773147239,False,64.85
M_PUB_ALL_domain,13.0,A,697,6.84261505727127,5.7536755931699775,False,66.12
M_PUB_ALL_domain,13.0,A,698,4.40838791516681,3.706833387590227,False,70.26
M_PUB_ALL_domain,13.0,A,699,4.37572888072771,3.679371739115779,False,72.42
M_PUB_ALL_domain,13.0,A,700,6.542795292246257,5.501569395475685,False,73.44
M_PUB_ALL_domain,13.0,A,701,5.861980157203944,4.929099748539884,False,71.76
M_PUB_ALL_domain,13.0,A,702,4.54814184003853,3.8243467563613742,False,79.18
M_PUB_ALL_domain,13.0,A,703,5.920986207916644,4.978715527155727,False,82.49
M_PUB_ALL_domain,13.0,A,704,7.6079888982423745,6.397247203086367,False,79.96
M_PUB_ALL_domain,13.0,A,705,6.64805002747007,5.590073804397429,False,82.04
M_PUB_ALL_domain,13.0,A,706,6.182549595555972,5.198653499251357,False,87.02
M_PUB_ALL_domain,13.0,A,707,7.765028707472613,6.529295566170001,False,85.16
M_PUB_ALL_domain,13.0,A,708,8.516413511135964,7.161104365836816,False,82.78
M_PUB_ALL_domain,13.0,A,709,7.059609613845613,5.93613745512812,False,83.58
M_PUB_ALL_domain,13.0,A,710,7.285165727707532,6.125798381010325,False,87.43
M_PUB_ALL_domain,13.0,A,711,8.848040956313723,7.439956342950007,False,85.18
M_PUB_ALL_domain,13.0,A,712,8.325465433970376,7.000543924842418,False,84.17
M_PUB_ALL_domain,13.0,A,713,6.643170190221933,5.585970548516709,False,84.43
M_PUB_ALL_domain,13.0,A,714,7.225728080134854,6.075819690218572,False,83.23
M_PUB_ALL_domain,13.0,A,715,9.025149778436004,7.5888799194848575,False,79.27
M_PUB_ALL_domain,13.0,A,716,7.123287063120648,5.989681222045091,False,78.53
M_PUB_ALL_domain,13.0,A,717,5.234667565104964,4.401618205264607,False,78.47
M_PUB_ALL_domain,13.0,A,718,7.059449969949277,5.936003217094523,False,77.05
M_PUB_ALL_domain,13.0,A,719,7.886230654700012,6.631209334483756,False,73.52
M_PUB_ALL_domain,13.0,A,720,5.060707809923924,4.255342550532961,False,74.74
M_PUB_ALL_domain,13.0,A,721,4.256123280795322,3.578800274057818,False,73.6
M_PUB_ALL_domain,13.0,A,722,7.371441527775479,6.198344178337425,False,72.91
M_PUB_ALL_domain,13.0,A,723,6.499592566963889,5.465241987907807,False,72.61
M_PUB_ALL_domain,13.0,A,724,3.6458189520567337,3.065620284933962,False,72.05
M_PUB_ALL_domain,13.0,A,725,5.293527444273856,4.4511110741979705,False,68.92
M_PUB_ALL_domain,13.0,A,726,7.890997677527239,6.63521772932455,False,69.51
M_PUB_ALL_domain,13.0,A,727,5.538464913239712,4.657068990176906,False,69.16
M_PUB_ALL_domain,13.0,A,728,3.808854098299515,3.202709882100352,False,66.17
M_PUB_ALL_domain,13.0,A,729,7.206082576400897,6.059300588324994,False,66.82
M_PUB_ALL_domain,13.0,A,730,9.035991365062806,7.597996166978508,False,65.54
M_PUB_ALL_domain,13.0,A,731,5.314026461512162,4.468347860745342,False,66.0
M_PUB_ALL_full_chainA,15.0,A,81,1017.7652737241198,18.45646563867087,False,60.12
M_PUB_ALL_full_chainA,15.0,A,82,787.1597593941283,14.274594964555883,False,58.07
M_PUB_ALL_full_chainA,15.0,A,83,629.0171828031198,11.40678928655041,False,58.31
M_PUB_ALL_full_chainA,15.0,A,84,749.2407326435876,13.586959777601272,False,66.09
M_PUB_ALL_full_chainA,15.0,A,85,760.5041844197011,13.791214644657204,False,69.76
M_PUB_ALL_full_chainA,15.0,A,86,528.3892377284363,9.581971464101905,False,68.32
M_PUB_ALL_full_chainA,15.0,A,87,482.4410321438405,8.748732701270473,False,67.14
M_PUB_ALL_full_chainA,15.0,A,88,617.6998037685356,11.201556486154985,False,74.29
M_PUB_ALL_full_chainA,15.0,A,89,538.6656189226532,9.768326492415003,False,80.71
M_PUB_ALL_full_chainA,15.0,A,90,351.2143170820601,6.36902745887102,False,74.49
M_PUB_ALL_full_chainA,15.0,A,91,413.09319593220187,7.491157905588042,False,73.97
M_PUB_ALL_full_chainA,15.0,A,92,525.4867981720095,9.52933774066438,False,80.68
M_PUB_ALL_full_chainA,15.0,A,93,395.82711019223945,7.17804944492313,False,81.49
M_PUB_ALL_full_chainA,15.0,A,94,275.90128280605245,5.003277943589405,False,76.58
M_PUB_ALL_full_chainA,15.0,A,95,405.9424720520497,7.361484499555301,False,79.3
M_PUB_ALL_full_chainA,15.0,A,96,464.33803566009925,8.420447446128513,False,85.39
M_PUB_ALL_full_chainA,15.0,A,97,307.8869499755093,5.583315779703534,False,82.88
M_PUB_ALL_full_chainA,15.0,A,98,292.789212581765,5.3095288087552115,False,80.22
M_PUB_ALL_full_chainA,15.0,A,99,471.21651818034445,8.545183944374882,False,83.93
M_PUB_ALL_full_chainA,15.0,A,100,545.5774537004514,9.893667810663972,False,89.32
M_PUB_ALL_full_chainA,15.0,A,101,531.3751751272088,9.636119362858572,False,85.81
M_PUB_ALL_full_chainA,15.0,A,102,678.5948179044984,12.305845230311357,False,85.73
M_PUB_ALL_full_chainA,15.0,A,103,874.9384838859651,15.866401105142568,False,86.46
M_PUB_ALL_full_chainA,15.0,A,104,1158.550204126844,21.009502470938425,False,84.97
M_PUB_ALL_full_chainA,15.0,A,105,1147.7006767059002,20.81275383428299,False,88.69
M_PUB_ALL_full_chainA,15.0,A,106,1202.2527287629912,21.802017371077238,False,86.07
M_PUB_ALL_full_chainA,15.0,A,107,953.8819832186671,17.297986580150038,False,87.94
M_PUB_ALL_full_chainA,15.0,A,108,1044.958459866275,18.949595163322655,False,86.71
M_PUB_ALL_full_chainA,15.0,A,109,988.1456449947148,17.919334264681158,False,89.06
M_PUB_ALL_full_chainA,15.0,A,110,739.9953773170487,13.41930168657878,False,88.59
M_PUB_ALL_full_chainA,15.0,A,111,664.8921610323864,12.05735707469446,False,89.01
M_PUB_ALL_full_chainA,15.0,A,112,779.6140926735169,14.137759544695038,False,89.98
M_PUB_ALL_full_chainA,15.0,A,113,663.2685873331488,12.027914694446821,False,89.11
M_PUB_ALL_full_chainA,15.0,A,114,461.0952036536272,8.36164094226694,False,89.18
M_PUB_ALL_full_chainA,15.0,A,115,492.5170065955513,8.931453492640818,False,88.73
M_PUB_ALL_full_chainA,15.0,A,116,526.2595373002545,9.543350827508975,False,88.24
M_PUB_ALL_full_chainA,15.0,A,117,395.98397478101936,7.180894075180701,False,84.54
M_PUB_ALL_full_chainA,15.0,A,118,272.50125281700286,4.941620763605531,False,82.98
M_PUB_ALL_full_chainA,15.0,A,119,344.8480474065139,6.2535795844477855,False,84.84
M_PUB_ALL_full_chainA,15.0,A,120,333.3728800018775,6.045485401663674,False,80.39
M_PUB_ALL_full_chainA,15.0,A,121,222.2013991223976,4.029467887778193,False,73.74
M_PUB_ALL_full_chainA,15.0,A,122,188.23967363113397,3.413595607850722,False,71.51
M_PUB_ALL_full_chainA,15.0,A,123,254.4847720452814,4.614904410751085,False,72.15
M_PUB_ALL_full_chainA,15.0,A,124,231.71681202315807,4.202023285151926,False,64.05
M_PUB_ALL_full_chainA,15.0,A,125,160.9638880184542,2.9189681992281766,False,55.58
M_PUB_ALL_full_chainA,15.0,A,126,187.76339014612964,3.4049585379857983,False,49.82
M_PUB_ALL_full_chainA,15.0,A,127,212.59938699248949,3.8553420735918977,False,45.4
M_PUB_ALL_full_chainA,15.0,A,128,196.53718487031094,3.5640652053365827,False,40.73
M_PUB_ALL_full_chainA,15.0,A,129,153.30210205742213,2.7800270376740923,False,40.23
M_PUB_ALL_full_chainA,15.0,A,130,99.44800040016345,1.8034203461314713,False,36.8
M_PUB_ALL_full_chainA,15.0,A,131,90.49501117053798,1.641064111009262,False,44.75
M_PUB_ALL_full_chainA,15.0,A,132,122.75142197713772,2.226011694748728,False,39.1
M_PUB_ALL_full_chainA,15.0,A,133,109.70112113786183,1.9893535622374172,False,43.99
M_PUB_ALL_full_chainA,15.0,A,134,81.8722655725324,1.4846966145449159,False,44.6
M_PUB_ALL_full_chainA,15.0,A,135,98.20686679077724,1.7809132510221863,False,43.07
M_PUB_ALL_full_chainA,15.0,A,136,106.60693705123259,1.9332426850548707,False,39.37
M_PUB_ALL_full_chainA,15.0,A,137,76.28279790995617,1.3833355045560487,False,44.87
M_PUB_ALL_full_chainA,15.0,A,138,65.27411187901372,1.1837006371631564,False,47.73
M_PUB_ALL_full_chainA,15.0,A,139,87.05442984455439,1.5786715607233681,False,52.34
M_PUB_ALL_full_chainA,15.0,A,140,78.88227554023547,1.4304752240968712,False,55.97
M_PUB_ALL_full_chainA,15.0,A,141,53.83336234689083,0.9762305985680856,False,48.34
M_PUB_ALL_full_chainA,15.0,A,142,58.53600607776123,1.0615097731189431,False,58.11
M_PUB_ALL_full_chainA,15.0,A,143,68.67171677111187,1.2453138396998618,False,59.25
M_PUB_ALL_full_chainA,15.0,A,144,53.26405434185161,0.9659065937075357,False,63.7
M_PUB_ALL_full_chainA,15.0,A,145,42.949635316861205,0.7788617757791236,False,69.43
M_PUB_ALL_full_chainA,15.0,A,146,52.36881393317919,0.9496720313112843,False,69.53
M_PUB_ALL_full_chainA,15.0,A,147,52.465500411928346,0.95142537338222,False,72.19
M_PUB_ALL_full_chainA,15.0,A,148,39.39249482692059,0.7143555060925143,False,72.95
M_PUB_ALL_full_chainA,15.0,A,149,39.09618035552955,0.7089820491661856,False,78.36
M_PUB_ALL_full_chainA,15.0,A,150,44.708484818148214,0.8107572886465595,False,80.57
M_PUB_ALL_full_chainA,15.0,A,151,38.77909074946144,0.7032318496163804,False,75.3
M_PUB_ALL_full_chainA,15.0,A,152,32.65382353116846,0.5921543871987096,False,76.9
M_PUB_ALL_full_chainA,15.0,A,153,36.02946932523854,0.6533693767597173,False,81.13
M_PUB_ALL_full_chainA,15.0,A,154,35.870298529755516,0.6504829250469734,False,80.13
M_PUB_ALL_full_chainA,15.0,A,155,30.19620747235752,0.5475872286273462,False,80.08
M_PUB_ALL_full_chainA,15.0,A,156,29.7187657544473,0.5389291550139341,False,81.23
M_PUB_ALL_full_chainA,15.0,A,157,31.05181885778511,0.5631031462390925,False,81.06
M_PUB_ALL_full_chainA,15.0,A,158,27.957936482327156,0.506997740378873,False,77.73
M_PUB_ALL_full_chainA,15.0,A,159,25.672676539184856,0.4655561401347388,False,74.21
M_PUB_ALL_full_chainA,15.0,A,160,25.38442449761101,0.4603288897677485,False,74.93
M_PUB_ALL_full_chainA,15.0,A,161,23.301659387904245,0.42255939254363184,False,75.83
M_PUB_ALL_full_chainA,15.0,A,162,20.215468301206855,0.3665934628577241,False,80.8
M_PUB_ALL_full_chainA,15.0,A,163,15.895822375593246,0.2882596872263471,False,82.07
M_PUB_ALL_full_chainA,15.0,A,164,16.203596438654895,0.2938409558803523,False,88.23
M_PUB_ALL_full_chainA,15.0,A,165,19.539463115037673,0.3543345787984938,False,87.94
M_PUB_ALL_full_chainA,15.0,A,166,21.72295721894193,0.39393072630064674,False,83.91
M_PUB_ALL_full_chainA,15.0,A,167,17.590199494814037,0.31898603826937305,False,85.58
M_PUB_ALL_full_chainA,15.0,A,168,16.179118782816,0.2933970706097804,False,88.08
M_PUB_ALL_full_chainA,15.0,A,169,20.675185367581957,0.3749301122385936,False,84.91
M_PUB_ALL_full_chainA,15.0,A,170,20.404626723878973,0.37002371934067374,False,84.59
M_PUB_ALL_full_chainA,15.0,A,171,16.097318277247062,0.29191367531300955,False,85.06
M_PUB_ALL_full_chainA,15.0,A,172,17.956124755693065,0.3256218384662327,False,85.72
M_PUB_ALL_full_chainA,15.0,A,173,21.668055264161097,0.392935117521227,False,81.53
M_PUB_ALL_full_chainA,15.0,A,174,18.848562036197876,0.3418055680820367,False,78.48
M_PUB_ALL_full_chainA,15.0,A,175,14.791273349182838,0.26822945856902997,False,79.99
M_PUB_ALL_full_chainA,15.0,A,176,16.276440869067315,0.2951619389808622,False,78.0
M_PUB_ALL_full_chainA,15.0,A,177,15.59964419133986,0.2828887017725063,False,79.33
M_PUB_ALL_full_chainA,15.0,A,178,11.797625119152002,0.2139417292484392,False,75.93
M_PUB_ALL_full_chainA,15.0,A,179,10.509836959952798,0.19058858631482603,False,85.08
M_PUB_ALL_full_chainA,15.0,A,180,12.674865430389106,0.22984987239225146,False,87.29
M_PUB_ALL_full_chainA,15.0,A,181,11.282865613523684,0.204606923499915,False,84.65
M_PUB_ALL_full_chainA,15.0,A,182,8.105934690234998,0.1469954899642072,False,89.05
M_PUB_ALL_full_chainA,15.0,A,183,9.786527094866313,0.1774718647919624,False,91.56
M_PUB_ALL_full_chainA,15.0,A,184,11.573123596955027,0.20987055022786189,False,89.33
M_PUB_ALL_full_chainA,15.0,A,185,8.689400102148468,0.15757622955549822,False,91.04
M_PUB_ALL_full_chainA,15.0,A,186,7.194484778758259,0.13046697950424047,False,91.92
M_PUB_ALL_full_chainA,15.0,A,187,10.05531681665423,0.18234617952079377,False,92.51
M_PUB_ALL_full_chainA,15.0,A,188,10.14605562253068,0.18399166467929673,False,92.0
M_PUB_ALL_full_chainA,15.0,A,189,6.794189188430892,0.12320789727877324,False,92.83
M_PUB_ALL_full_chainA,15.0,A,190,7.159341879277428,0.12982968745522225,False,94.12
M_PUB_ALL_full_chainA,15.0,A,191,9.662500437348337,0.17522272758728683,False,93.46
M_PUB_ALL_full_chainA,15.0,A,192,7.825138201585272,0.14190344086602988,False,93.92
M_PUB_ALL_full_chainA,15.0,A,193,5.41960377126089,0.09828074641756877,False,95.18
M_PUB_ALL_full_chainA,15.0,A,194,7.332750436535557,0.13297433107896775,False,95.05
M_PUB_ALL_full_chainA,15.0,A,195,8.342085439794158,0.15127791962388376,False,94.95
M_PUB_ALL_full_chainA,15.0,A,196,5.682173429417487,0.10304226461693937,False,94.99
M_PUB_ALL_full_chainA,15.0,A,197,4.8413720973474605,0.08779491702615727,False,95.74
M_PUB_ALL_full_chainA,15.0,A,198,7.073742817566415,0.12827740798375736,False,95.42
M_PUB_ALL_full_chainA,15.0,A,199,6.5431389388644225,0.11865527554532701,False,93.74
M_PUB_ALL_full_chainA,15.0,A,200,4.051292557698811,0.07346737387666001,False,93.77
M_PUB_ALL_full_chainA,15.0,A,201,4.59089451363358,0.08325268018980234,False,93.75
M_PUB_ALL_full_chainA,15.0,A,202,6.631797963603657,0.12026304531887236,False,92.44
M_PUB_ALL_full_chainA,15.0,A,203,5.745798129331669,0.10419605431487235,False,92.26
M_PUB_ALL_full_chainA,15.0,A,204,3.439121126431187,0.06236607058221347,False,92.52
M_PUB_ALL_full_chainA,15.0,A,205,3.010098474432601,0.05458604306580037,False,91.27
M_PUB_ALL_full_chainA,15.0,A,206,4.734344774570646,0.08585405093824174,False,90.3
M_PUB_ALL_full_chainA,15.0,A,207,4.6009079991184105,0.08343426778720371,False,88.61
M_PUB_ALL_full_chainA,15.0,A,208,2.8779962018192884,0.05219046019593442,False,86.16
M_PUB_ALL_full_chainA,15.0,A,209,3.6293872898124504,0.06581641517276776,False,83.63
M_PUB_ALL_full_chainA,15.0,A,210,5.205729157603609,0.09440227899501098,False,84.84
M_PUB_ALL_full_chainA,15.0,A,211,4.381542194644405,0.0794562214369297,False,79.67
M_PUB_ALL_full_chainA,15.0,A,212,3.045455398786198,0.05522721630708561,False,68.83
M_PUB_ALL_full_chainA,15.0,A,213,3.4535046809320407,0.06262690634293418,False,66.61
M_PUB_ALL_full_chainA,15.0,A,214,4.213243544940003,0.07640424243401277,False,57.22
M_PUB_ALL_full_chainA,15.0,A,215,3.7118683663795267,0.06731215215142347,False,54.98
M_PUB_ALL_full_chainA,15.0,A,216,2.612518910290226,0.04737621408688344,False,50.22
M_PUB_ALL_full_chainA,15.0,A,217,2.7476385653366866,0.049826515089342334,False,47.95
M_PUB_ALL_full_chainA,15.0,A,218,2.53827257583512,0.04602980843123187,False,55.4
M_PUB_ALL_full_chainA,15.0,A,219,3.120391788477165,0.0565861356346793,False,61.46
M_PUB_ALL_full_chainA,15.0,A,220,2.228977768343902,0.04042096213429252,False,69.27
M_PUB_ALL_full_chainA,15.0,A,221,2.1717219908373755,0.03938266841623525,False,75.86
M_PUB_ALL_full_chainA,15.0,A,222,3.418057710364275,0.06198410017615954,False,77.37
M_PUB_ALL_full_chainA,15.0,A,223,4.481933165947244,0.08127674190478158,False,82.6
M_PUB_ALL_full_chainA,15.0,A,224,6.136188311731934,0.11127550885430679,False,81.74
M_PUB_ALL_full_chainA,15.0,A,225,8.926456887574481,0.1618750895456996,False,79.89
M_PUB_ALL_full_chainA,15.0,A,226,9.491105667793983,0.17211460260346534,False,77.85
M_PUB_ALL_full_chainA,15.0,A,227,7.499955565225704,0.13600647983856057,False,82.07
M_PUB_ALL_full_chainA,15.0,A,228,7.958719193866821,0.1443258392890009,False,79.55
M_PUB_ALL_full_chainA,15.0,A,229,11.076865046210028,0.20087124643337576,False,80.88
M_PUB_ALL_full_chainA,15.0,A,230,9.646807625928062,0.174938149362592,False,83.44
M_PUB_ALL_full_chainA,15.0,A,231,6.719269844789941,0.12184928706944535,False,81.23
M_PUB_ALL_full_chainA,15.0,A,232,7.671759516629624,0.13912202505074064,False,82.54
M_PUB_ALL_full_chainA,15.0,A,233,8.717570248275441,0.15808707557024418,False,83.7
M_PUB_ALL_full_chainA,15.0,A,234,7.612665243154649,0.1380503914865081,False,83.24
M_PUB_ALL_full_chainA,15.0,A,235,7.105327566941226,0.1288501754544033,False,81.23
M_PUB_ALL_full_chainA,15.0,A,236,5.71650914433466,0.10366491893508992,False,85.16
M_PUB_ALL_full_chainA,15.0,A,237,4.334457530930761,0.07860237379604938,False,85.12
M_PUB_ALL_full_chainA,15.0,A,238,3.8628750197065047,0.07005055282227947,False,83.63
M_PUB_ALL_full_chainA,15.0,A,239,2.928888303362334,0.053113353074733485,False,83.64
M_PUB_ALL_full_chainA,15.0,A,240,2.1337239522169766,0.038693600403953685,False,88.51
M_PUB_ALL_full_chainA,15.0,A,241,3.216884786001446,0.05833596905811951,False,86.88
M_PUB_ALL_full_chainA,15.0,A,242,4.237113850799496,0.07683711383496776,False,84.71
M_PUB_ALL_full_chainA,15.0,A,243,3.769994645997513,0.06836623182005633,False,85.65
M_PUB_ALL_full_chainA,15.0,A,244,2.3071175017035093,0.04183797187219543,False,86.7
M_PUB_ALL_full_chainA,15.0,A,245,1.6853243086269585,0.03056218461686452,False,87.74
M_PUB_ALL_full_chainA,15.0,A,246,1.7885693933205513,0.03243446244673817,False,86.51
M_PUB_ALL_full_chainA,15.0,A,247,1.5355927376941996,0.027846906678727905,False,88.59
M_PUB_ALL_full_chainA,15.0,A,248,1.4039286644413782,0.025459270249606782,False,89.69
M_PUB_ALL_full_chainA,15.0,A,249,0.9265005041873371,0.016801442494863515,False,90.86
M_PUB_ALL_full_chainA,15.0,A,250,0.5853145664621004,0.010614272723407502,False,93.22
M_PUB_ALL_full_chainA,15.0,A,251,0.9076832325298819,0.016460204356045373,False,92.77
M_PUB_ALL_full_chainA,15.0,A,252,1.3025066030739894,0.023620051680298643,False,89.31
M_PUB_ALL_full_chainA,15.0,A,253,1.1491397018128746,0.02083884955411717,False,88.07
M_PUB_ALL_full_chainA,15.0,A,254,1.3458926924636223,0.024406828247243214,False,89.06
M_PUB_ALL_full_chainA,15.0,A,255,2.01146671477083,0.03647655040209317,False,84.63
M_PUB_ALL_full_chainA,15.0,A,256,3.0845618821570078,0.055936385194270744,False,86.08
M_PUB_ALL_full_chainA,15.0,A,257,3.534030929199579,0.06408719386947025,False,84.69
M_PUB_ALL_full_chainA,15.0,A,258,5.137034774433019,0.09315655411591536,False,82.51
M_PUB_ALL_full_chainA,15.0,A,259,5.475276668971576,0.09929033571102411,False,81.81
M_PUB_ALL_full_chainA,15.0,A,260,4.340986280301728,0.07872076812678522,False,79.82
M_PUB_ALL_full_chainA,15.0,A,261,5.3576010522235356,0.09715637021515641,False,76.28
M_PUB_ALL_full_chainA,15.0,A,262,7.566560109453215,0.13721430694138192,False,76.69
M_PUB_ALL_full_chainA,15.0,A,263,8.775168312593262,0.1591315764216497,False,76.7
M_PUB_ALL_full_chainA,15.0,A,264,7.202149529880328,0.13060597443692842,False,82.23
M_PUB_ALL_full_chainA,15.0,A,265,6.6157469983304855,0.11997197222306138,False,86.08
M_PUB_ALL_full_chainA,15.0,A,266,6.250410516150206,0.11334684911855569,False,88.54
M_PUB_ALL_full_chainA,15.0,A,267,4.193954247054606,0.07605444442772667,False,89.09
M_PUB_ALL_full_chainA,15.0,A,268,4.210931819047999,0.07636232089218645,False,90.98
M_PUB_ALL_full_chainA,15.0,A,269,6.405192522833862,0.11615371319772429,False,90.07
M_PUB_ALL_full_chainA,15.0,A,270,5.918907460339877,0.1073352716786123,False,91.96
M_PUB_ALL_full_chainA,15.0,A,271,3.9350232974150163,0.07135891167750345,False,93.04
M_PUB_ALL_full_chainA,15.0,A,272,5.295636305148394,0.09603268260787881,False,91.52
M_PUB_ALL_full_chainA,15.0,A,273,7.235478424950051,0.131210370777136,False,90.01
M_PUB_ALL_full_chainA,15.0,A,274,5.749529658390105,0.10426372300000515,False,92.66
M_PUB_ALL_full_chainA,15.0,A,275,4.554090886519027,0.08258527199976586,False,90.43
M_PUB_ALL_full_chainA,15.0,A,276,7.107317832723095,0.12888626754062715,False,87.9
M_PUB_ALL_full_chainA,15.0,A,277,8.204379189328234,0.14878071251182087,False,89.77
M_PUB_ALL_full_chainA,15.0,A,278,5.894866437174597,0.10689930443800791,False,91.14
M_PUB_ALL_full_chainA,15.0,A,279,6.199628547737724,0.11242595342750945,False,88.27
M_PUB_ALL_full_chainA,15.0,A,280,9.369243472422617,0.16990471641497837,False,85.59
M_PUB_ALL_full_chainA,15.0,A,281,9.706563946558155,0.176021788691695,False,90.51
M_PUB_ALL_full_chainA,15.0,A,282,7.752392014897597,0.1405842393471644,False,91.67
M_PUB_ALL_full_chainA,15.0,A,283,9.602406355168464,0.17413296318730698,False,87.63
M_PUB_ALL_full_chainA,15.0,A,284,12.81313287722324,0.23235725641028063,False,86.32
M_PUB_ALL_full_chainA,15.0,A,285,12.01860537555287,0.21794905256196076,False,89.06
M_PUB_ALL_full_chainA,15.0,A,286,10.552925240098508,0.19136996231818365,False,88.52
M_PUB_ALL_full_chainA,15.0,A,287,13.717899506030346,0.24876457018557938,False,81.7
M_PUB_ALL_full_chainA,15.0,A,288,16.752042540148878,0.30378664462432736,False,83.47
M_PUB_ALL_full_chainA,15.0,A,289,14.969914864789086,0.27146899825420945,False,84.2
M_PUB_ALL_full_chainA,15.0,A,290,15.091596452514434,0.2736756092486032,False,80.82
M_PUB_ALL_full_chainA,15.0,A,291,19.731971132984913,0.3578255778629549,False,74.84
M_PUB_ALL_full_chainA,15.0,A,292,20.92503304177926,0.3794609261038093,False,75.6
M_PUB_ALL_full_chainA,15.0,A,293,19.25614038438694,0.34919671805799546,False,72.19
M_PUB_ALL_full_chainA,15.0,A,294,21.659786680343082,0.3927851725024121,False,67.96
M_PUB_ALL_full_chainA,15.0,A,295,26.680224011582478,0.48382731305027005,False,60.84
M_PUB_ALL_full_chainA,15.0,A,296,25.298609105107108,0.45877268728775833,False,58.94
M_PUB_ALL_full_chainA,15.0,A,297,23.81308291052444,0.43183370255964265,False,53.25
M_PUB_ALL_full_chainA,15.0,A,298,29.320114306629343,0.5316998881697865,False,47.55
M_PUB_ALL_full_chainA,15.0,A,299,33.65939696655708,0.6103897623255299,False,43.51
M_PUB_ALL_full_chainA,15.0,A,300,34.72437842195597,0.6297024605918683,False,46.74
M_PUB_ALL_full_chainA,15.0,A,301,30.134405271542146,0.5464664886834794,False,45.2
M_PUB_ALL_full_chainA,15.0,A,302,29.947276595583602,0.543073040246001,False,50.98
M_PUB_ALL_full_chainA,15.0,A,303,27.09325029402123,0.491317257526176,False,55.74
M_PUB_ALL_full_chainA,15.0,A,304,32.212470543158524,0.5841507576113847,False,65.8
M_PUB_ALL_full_chainA,15.0,A,305,34.60264014340527,0.627494821548771,False,79.88
M_PUB_ALL_full_chainA,15.0,A,306,28.94517769744051,0.5249006734364597,False,84.09
M_PUB_ALL_full_chainA,15.0,A,307,30.397328313012395,0.5512344152435537,False,90.16
M_PUB_ALL_full_chainA,15.0,A,308,36.82274313521943,0.6677548457808765,False,90.55
M_PUB_ALL_full_chainA,15.0,A,309,36.45624565954287,0.6611086688664953,False,90.51
M_PUB_ALL_full_chainA,15.0,A,310,32.2687783986737,0.5851718614231708,False,90.08
M_PUB_ALL_full_chainA,15.0,A,311,37.18011100155025,0.6742354635771246,False,92.36
M_PUB_ALL_full_chainA,15.0,A,312,43.35800646027421,0.7862673025452784,False,91.26
M_PUB_ALL_full_chainA,15.0,A,313,42.259204251285055,0.7663412884264266,False,89.43
M_PUB_ALL_full_chainA,15.0,A,314,36.79542458005516,0.6672594427761713,False,89.28
M_PUB_ALL_full_chainA,15.0,A,315,40.56980144370063,0.7357051430665407,False,92.59
M_PUB_ALL_full_chainA,15.0,A,316,42.952603969827166,0.7789156102367082,False,90.68
M_PUB_ALL_full_chainA,15.0,A,317,50.745858592318186,0.9202408645628912,False,91.6
M_PUB_ALL_full_chainA,15.0,A,318,51.02632567445811,0.9253269401030327,False,89.18
M_PUB_ALL_full_chainA,15.0,A,319,46.38579006508953,0.8411740531549997,False,89.04
M_PUB_ALL_full_chainA,15.0,A,320,51.18699932994225,0.9282406451370351,False,83.72
M_PUB_ALL_full_chainA,15.0,A,321,45.350519513590946,0.8224001414744163,False,87.72
M_PUB_ALL_full_chainA,15.0,A,322,43.30401159257835,0.7852881431594932,False,88.63
M_PUB_ALL_full_chainA,15.0,A,323,36.14066643392731,0.6553858590161066,False,83.7
M_PUB_ALL_full_chainA,15.0,A,324,35.47088206359999,0.6432397851271522,False,87.19
M_PUB_ALL_full_chainA,15.0,A,325,38.03806216047478,0.6897938113545127,False,89.44
M_PUB_ALL_full_chainA,15.0,A,326,33.68558903824648,0.6108647373356049,False,86.91
M_PUB_ALL_full_chainA,15.0,A,327,28.884246090479284,0.5237957211068583,False,87.11
M_PUB_ALL_full_chainA,15.0,A,328,31.23488758904568,0.5664229704021457,False,89.25
M_PUB_ALL_full_chainA,15.0,A,329,31.312603264914582,0.5678322901522802,False,90.42
M_PUB_ALL_full_chainA,15.0,A,330,25.46409859448177,0.46177372412116136,False,85.8
M_PUB_ALL_full_chainA,15.0,A,331,24.635226908831108,0.4467427123741194,False,87.38
M_PUB_ALL_full_chainA,15.0,A,332,27.39029288044156,0.4967039183123395,False,89.28
M_PUB_ALL_full_chainA,15.0,A,333,24.698720063821902,0.4478941165963233,False,89.26
M_PUB_ALL_full_chainA,15.0,A,334,19.931579732783593,0.36144534104261916,False,83.78
M_PUB_ALL_full_chainA,15.0,A,335,21.590921190604504,0.39153634472466775,False,85.73
M_PUB_ALL_full_chainA,15.0,A,336,23.20460961413097,0.42079946237001425,False,88.72
M_PUB_ALL_full_chainA,15.0,A,337,18.63467584845762,0.33792689077153104,False,86.14
M_PUB_ALL_full_chainA,15.0,A,338,16.701937747943237,0.3028780290529861,False,81.74
M_PUB_ALL_full_chainA,15.0,A,339,19.842145549342174,0.35982351430493803,False,84.08
M_PUB_ALL_full_chainA,15.0,A,340,19.261560565802178,0.34929500927958496,False,87.1
M_PUB_ALL_full_chainA,15.0,A,341,14.899677834265287,0.27019529853788743,False,81.04
M_PUB_ALL_full_chainA,15.0,A,342,15.418540537607711,0.2796045129242128,False,78.62
M_PUB_ALL_full_chainA,15.0,A,343,18.487715205841003,0.33526186169192246,False,81.47
M_PUB_ALL_full_chainA,15.0,A,344,16.036325274839278,0.29080760961966995,False,81.19
M_PUB_ALL_full_chainA,15.0,A,345,13.422879858337126,0.24341459398678575,False,75.08
M_PUB_ALL_full_chainA,15.0,A,346,16.520236826249786,0.2995830091654643,False,73.48
M_PUB_ALL_full_chainA,15.0,A,347,18.154179627955134,0.32921342587724817,False,71.24
M_PUB_ALL_full_chainA,15.0,A,348,15.1186980081899,0.27416707711844757,False,72.49
M_PUB_ALL_full_chainA,15.0,A,349,15.92792225153991,0.28884179615923233,False,61.7
M_PUB_ALL_full_chainA,15.0,A,350,13.879433780158578,0.251693881940348,False,69.11
M_PUB_ALL_full_chainA,15.0,A,351,13.292489265129673,0.24105005123290163,False,78.79
M_PUB_ALL_full_chainA,15.0,A,352,14.567129517948448,0.26416476602537486,False,84.46
M_PUB_ALL_full_chainA,15.0,A,353,14.547246963214754,0.26380420971860613,False,86.78
M_PUB_ALL_full_chainA,15.0,A,354,11.661076687712413,0.21146551837944633,False,87.76
M_PUB_ALL_full_chainA,15.0,A,355,10.770840295071446,0.195321700334888,False,84.15
M_PUB_ALL_full_chainA,15.0,A,356,12.204374411834094,0.22131784487917908,False,87.86
M_PUB_ALL_full_chainA,15.0,A,357,11.413254811767574,0.20697144095710476,False,91.37
M_PUB_ALL_full_chainA,15.0,A,358,8.825142388915282,0.1600378215513216,False,90.03
M_PUB_ALL_full_chainA,15.0,A,359,8.959135293038177,0.16246768970915412,False,90.58
M_PUB_ALL_full_chainA,15.0,A,360,10.276648886749815,0.18635988273107087,False,92.07
M_PUB_ALL_full_chainA,15.0,A,361,8.732634614373056,0.15836025737593856,False,92.54
M_PUB_ALL_full_chainA,15.0,A,362,6.826531008294205,0.12379439369637564,False,91.28
M_PUB_ALL_full_chainA,15.0,A,363,7.745550419081236,0.14046017176364753,False,90.28
M_PUB_ALL_full_chainA,15.0,A,364,8.703484975247326,0.15783164893665166,False,92.74
M_PUB_ALL_full_chainA,15.0,A,365,6.743728855784899,0.12229283422873533,False,92.3
M_PUB_ALL_full_chainA,15.0,A,366,5.634257966286656,0.10217335100624085,False,90.9
M_PUB_ALL_full_chainA,15.0,A,367,7.470677275149877,0.13547553840373813,False,90.13
M_PUB_ALL_full_chainA,15.0,A,368,7.796074408966814,0.14137638919346768,False,92.61
M_PUB_ALL_full_chainA,15.0,A,369,5.662142074971479,0.1026790099308407,False,91.47
M_PUB_ALL_full_chainA,15.0,A,370,5.397284329841674,0.09787599886500122,False,89.6
M_PUB_ALL_full_chainA,15.0,A,371,7.653572821096252,0.13879222197152533,False,89.33
M_PUB_ALL_full_chainA,15.0,A,372,7.653107541239301,0.13878378444480488,False,90.31
M_PUB_ALL_full_chainA,15.0,A,373,5.430113482850481,0.09847133273037925,False,89.13
M_PUB_ALL_full_chainA,15.0,A,374,6.178661545039483,0.11204573141086506,False,85.19
M_PUB_ALL_full_chainA,15.0,A,375,8.618210263969308,0.15628525133478485,False,87.77
M_PUB_ALL_full_chainA,15.0,A,376,7.533270751673502,0.13661062758244044,False,87.28
M_PUB_ALL_full_chainA,15.0,A,377,5.857325280329951,0.106218521659083,False,82.76
M_PUB_ALL_full_chainA,15.0,A,378,8.140903241306019,0.14762962032602905,False,82.77
M_PUB_ALL_full_chainA,15.0,A,379,10.081557346503917,0.182822033285915,False,85.83
M_PUB_ALL_full_chainA,15.0,A,380,8.139791658826157,0.1476094625505834,False,81.22
M_PUB_ALL_full_chainA,15.0,A,381,7.581867092349789,0.13749188843404633,False,78.09
M_PUB_ALL_full_chainA,15.0,A,382,11.023060332330513,0.19989553535484572,False,80.99
M_PUB_ALL_full_chainA,15.0,A,383,11.933151938850054,0.2163994138987739,False,83.01
M_PUB_ALL_full_chainA,15.0,A,384,9.703527192995717,0.1759667192771401,False,77.71
M_PUB_ALL_full_chainA,15.0,A,385,11.3403748108573,0.20564981281034664,False,76.04
M_PUB_ALL_full_chainA,15.0,A,386,15.17249672519334,0.2751426794477993,False,79.29
M_PUB_ALL_full_chainA,15.0,A,387,13.681300687175641,0.2481008760509425,False,75.16
M_PUB_ALL_full_chainA,15.0,A,388,11.805791175702186,0.21408981500653396,False,68.91
M_PUB_ALL_full_chainA,15.0,A,389,15.711306038261409,0.2849136117336382,False,73.16
M_PUB_ALL_full_chainA,15.0,A,390,17.48108745104454,0.3170073672156555,False,76.21
M_PUB_ALL_full_chainA,15.0,A,391,17.940236286692514,0.3253337121273503,False,71.76
M_PUB_ALL_full_chainA,15.0,A,392,14.868910102171201,0.269637347107597,False,65.82
M_PUB_ALL_full_chainA,15.0,A,393,18.738636394755513,0.3398121430001747,False,72.62
M_PUB_ALL_full_chainA,15.0,A,394,21.370348774652992,0.3875364173141446,False,75.92
M_PUB_ALL_full_chainA,15.0,A,395,17.43199402126856,0.31611709199882737,False,75.6
M_PUB_ALL_full_chainA,15.0,A,396,16.296054028402825,0.2955176099893817,False,82.48
M_PUB_ALL_full_chainA,15.0,A,397,12.453874759100866,0.2258423602119884,False,80.24
M_PUB_ALL_full_chainA,15.0,A,398,11.263831988530194,0.2042617619437673,False,78.38
M_PUB_ALL_full_chainA,15.0,A,399,12.284152827998279,0.22276457099045038,False,80.39
M_PUB_ALL_full_chainA,15.0,A,400,9.83385517867368,0.1783301266870048,False,71.48
M_PUB_ALL_full_chainA,15.0,A,401,7.416403072259704,0.1344913134684116,False,74.53
M_PUB_ALL_full_chainA,15.0,A,402,7.831485005089231,0.14201853573496523,False,81.67
M_PUB_ALL_full_chainA,15.0,A,403,5.544610400961416,0.10054765473645016,False,77.66
M_PUB_ALL_full_chainA,15.0,A,404,3.9509242779433484,0.07164726490424353,False,75.12
M_PUB_ALL_full_chainA,15.0,A,405,5.230803601913987,0.09485698660959668,False,77.21
M_PUB_ALL_full_chainA,15.0,A,406,5.070313768131093,0.09194661505434464,False,83.11
M_PUB_ALL_full_chainA,15.0,A,407,3.081287624532408,0.05587700880867305,False,79.7
M_PUB_ALL_full_chainA,15.0,A,408,2.92811107524774,0.05309925858324241,True,76.55
M_PUB_ALL_full_chainA,15.0,A,409,3.8494038600381346,0.06980626270750422,False,83.76
M_PUB_ALL_full_chainA,15.0,A,410,3.1692024765549243,0.05747128352738608,False,85.1
M_PUB_ALL_full_chainA,15.0,A,411,1.9909178027785737,0.03610391016972467,True,78.18
M_PUB_ALL_full_chainA,15.0,A,412,2.5465160208630806,0.0461792975755668,True,80.23
M_PUB_ALL_full_chainA,15.0,A,413,3.1529989622121506,0.05717744406025745,False,86.27
M_PUB_ALL_full_chainA,15.0,A,414,2.8959989310393643,0.05251692717396053,False,86.69
M_PUB_ALL_full_chainA,15.0,A,415,2.399612421996305,0.04351530294470196,False,84.12
M_PUB_ALL_full_chainA,15.0,A,416,2.938205445416241,0.053282312968147144,False,85.34
M_PUB_ALL_full_chainA,15.0,A,417,3.4790913049902867,0.063090901981155,False,87.76
M_PUB_ALL_full_chainA,15.0,A,418,3.416019987692274,0.06194714749222751,False,89.47
M_PUB_ALL_full_chainA,15.0,A,419,3.539705990315916,0.0641901071572343,False,84.76
M_PUB_ALL_full_chainA,15.0,A,420,4.082629142013072,0.0740356410464694,False,85.9
M_PUB_ALL_full_chainA,15.0,A,421,4.723198261606356,0.08565191667523663,False,89.14
M_PUB_ALL_full_chainA,15.0,A,422,4.939350166763215,0.08957168119585457,False,84.22
M_PUB_ALL_full_chainA,15.0,A,423,5.381910160667031,0.09759719899589522,False,81.95
M_PUB_ALL_full_chainA,15.0,A,424,6.01854259875955,0.10914208564262007,False,84.65
M_PUB_ALL_full_chainA,15.0,A,425,7.017559832250395,0.1272585686062172,False,85.24
M_PUB_ALL_full_chainA,15.0,A,426,7.819928432241678,0.14180896532107087,False,76.82
M_PUB_ALL_full_chainA,15.0,A,427,9.278983940017795,0.16826792254766898,False,77.1
M_PUB_ALL_full_chainA,15.0,A,428,10.58088587903067,0.19187700906561142,False,75.09
M_PUB_ALL_full_chainA,15.0,A,429,8.742373502838252,0.15853686534730216,False,66.01
M_PUB_ALL_full_chainA,15.0,A,430,9.885746166002894,0.17927113366506164,False,67.38
M_PUB_ALL_full_chainA,15.0,A,431,9.48860305287192,0.17206921942179432,False,77.12
M_PUB_ALL_full_chainA,15.0,A,432,7.05239083717327,0.12789020466427128,False,79.31
M_PUB_ALL_full_chainA,15.0,A,433,6.118155732867521,0.11094850057373357,False,75.6
M_PUB_ALL_full_chainA,15.0,A,434,6.882460609757866,0.12480863813391817,False,80.06
M_PUB_ALL_full_chainA,15.0,A,435,6.136784617314175,0.11128632244145986,False,84.31
M_PUB_ALL_full_chainA,15.0,A,436,4.324838148611473,0.07842793298555528,False,84.61
M_PUB_ALL_full_chainA,15.0,A,437,3.98109829691882,0.07219444975990638,False,80.93
M_PUB_ALL_full_chainA,15.0,A,438,4.810363491133331,0.08723259751116731,False,82.7
M_PUB_ALL_full_chainA,15.0,A,439,3.9440658340501233,0.07152289179256634,False,86.99
M_PUB_ALL_full_chainA,15.0,A,440,2.585556420252695,0.04688726807569777,False,83.93
M_PUB_ALL_full_chainA,15.0,A,441,2.9875056271626743,0.054176337488215334,False,82.66
M_PUB_ALL_full_chainA,15.0,A,442,3.8057800590393254,0.069015175405796,False,82.78
M_PUB_ALL_full_chainA,15.0,A,443,2.853545067075324,0.05174705586698026,True,83.68
M_PUB_ALL_full_chainA,15.0,A,444,1.9513318609424053,0.03538604663661329,True,78.32
M_PUB_ALL_full_chainA,15.0,A,445,3.011166537176444,0.05460541164109039,False,77.56
M_PUB_ALL_full_chainA,15.0,A,446,3.7302804766825344,0.06764604297076675,False,77.39
M_PUB_ALL_full_chainA,15.0,A,447,2.412392170064833,0.04374705479081731,True,76.99
M_PUB_ALL_full_chainA,15.0,A,448,2.0977543748813434,0.038041317126785615,True,78.16
M_PUB_ALL_full_chainA,15.0,A,449,3.783143945794311,0.06860468522983337,False,76.35
M_PUB_ALL_full_chainA,15.0,A,450,4.1654863717400845,0.07553819930116044,False,78.2
M_PUB_ALL_full_chainA,15.0,A,451,2.6426376964419434,0.047922397333688076,False,78.21
M_PUB_ALL_full_chainA,15.0,A,452,3.3011079353613306,0.059863297315698394,False,79.98
M_PUB_ALL_full_chainA,15.0,A,453,5.324037913679761,0.09654772603240447,False,80.74
M_PUB_ALL_full_chainA,15.0,A,454,4.773455326904684,0.08656329361324606,False,79.13
M_PUB_ALL_full_chainA,15.0,A,455,3.549006313666097,0.06435876205514908,False,82.85
M_PUB_ALL_full_chainA,15.0,A,456,5.429330160906182,0.09845712773152321,False,85.58
M_PUB_ALL_full_chainA,15.0,A,457,7.271794602478429,0.13186893940782604,False,83.12
M_PUB_ALL_full_chainA,15.0,A,458,5.983138966653247,0.10850006538871301,False,82.94
M_PUB_ALL_full_chainA,15.0,A,459,5.3783864977295295,0.09753329981834685,False,89.56
M_PUB_ALL_full_chainA,15.0,A,460,8.376051994140308,0.15189387947173735,False,88.37
M_PUB_ALL_full_chainA,15.0,A,461,9.060160438957336,0.16429971049276368,False,87.16
M_PUB_ALL_full_chainA,15.0,A,462,6.976225943542346,0.12650900727184264,False,87.67
M_PUB_ALL_full_chainA,15.0,A,463,8.321833277510287,0.15091066074116188,False,89.23
M_PUB_ALL_full_chainA,15.0,A,464,11.506887113174065,0.20866939764534503,False,88.44
M_PUB_ALL_full_chainA,15.0,A,465,10.293260980179351,0.18666113149587374,False,87.46
M_PUB_ALL_full_chainA,15.0,A,466,8.670880600755765,0.15724039127340686,False,87.76
M_PUB_ALL_full_chainA,15.0,A,467,11.808311496524155,0.21413551927238975,False,87.79
M_PUB_ALL_full_chainA,15.0,A,468,13.714299579942633,0.2486992880288238,False,88.15
M_PUB_ALL_full_chainA,15.0,A,469,10.799435621605403,0.19584025670070834,False,86.68
M_PUB_ALL_full_chainA,15.0,A,470,10.414577319449961,0.18886111896347943,False,84.48
M_PUB_ALL_full_chainA,15.0,A,471,14.184636758048166,0.2572285257523023,False,85.18
M_PUB_ALL_full_chainA,15.0,A,472,13.651643575791283,0.24756306495506497,False,86.21
M_PUB_ALL_full_chainA,15.0,A,473,10.546615138915875,0.1912555330203283,False,82.16
M_PUB_ALL_full_chainA,15.0,A,474,12.333382863248913,0.22365732345258652,False,83.08
M_PUB_ALL_full_chainA,15.0,A,475,15.687567547192481,0.284483130702266,False,84.3
M_PUB_ALL_full_chainA,15.0,A,476,13.180597837166491,0.23902097797919572,False,82.33
M_PUB_ALL_full_chainA,15.0,A,477,11.628813815626554,0.2108804536248997,False,79.16
M_PUB_ALL_full_chainA,15.0,A,478,15.741163915768054,0.28545506358356093,False,81.49
M_PUB_ALL_full_chainA,15.0,A,479,17.01472960061681,0.3085502918329902,False,81.61
M_PUB_ALL_full_chainA,15.0,A,480,13.63302616762109,0.24722545120163344,False,76.28
M_PUB_ALL_full_chainA,15.0,A,481,14.649891156875558,0.26566559080736907,False,75.39
M_PUB_ALL_full_chainA,15.0,A,482,19.337322177438203,0.35066889343341756,False,78.98
M_PUB_ALL_full_chainA,15.0,A,483,18.818499568379067,0.3412604061290441,False,73.92
M_PUB_ALL_full_chainA,15.0,A,484,15.867913129797174,0.2877535724577113,False,70.55
M_PUB_ALL_full_chainA,15.0,A,485,20.008438624051603,0.36283912359969517,False,74.54
M_PUB_ALL_full_chainA,15.0,A,486,24.09032803492285,0.436861350136205,False,71.66
M_PUB_ALL_full_chainA,15.0,A,487,21.902187185633203,0.3971809371371331,False,69.5
M_PUB_ALL_full_chainA,15.0,A,488,21.064089719279163,0.3819826222712504,False,63.59
M_PUB_ALL_full_chainA,15.0,A,489,27.521282513076198,0.49907932422975404,False,64.07
M_PUB_ALL_full_chainA,15.0,A,490,29.66469242942417,0.5379485728590663,False,63.8
M_PUB_ALL_full_chainA,15.0,A,491,28.2208053969021,0.5117646853853326,False,56.75
M_PUB_ALL_full_chainA,15.0,A,492,33.75541133831161,0.6121309162033998,False,53.32
M_PUB_ALL_full_chainA,15.0,A,493,28.24721082879314,0.5122435295343258,False,55.49
M_PUB_ALL_full_chainA,15.0,A,494,31.472256750175227,0.5707274951085518,False,53.38
M_PUB_ALL_full_chainA,15.0,A,495,26.04381662832434,0.4722865076164976,False,51.0
M_PUB_ALL_full_chainA,15.0,A,496,19.84144310556885,0.35981077597548217,False,51.35
M_PUB_ALL_full_chainA,15.0,A,497,17.04254534159562,0.30905471095677406,False,55.99
M_PUB_ALL_full_chainA,15.0,A,498,13.634898034503506,0.2472593962061324,False,58.3
M_PUB_ALL_full_chainA,15.0,A,499,10.807017263362162,0.19597774450283814,False,57.83
M_PUB_ALL_full_chainA,15.0,A,500,9.481255115510846,0.17193596968639754,False,63.46
M_PUB_ALL_full_chainA,15.0,A,501,7.480305912222161,0.13565014704274345,False,66.7
M_PUB_ALL_full_chainA,15.0,A,502,7.216223168861066,0.13086119009516028,False,72.79
M_PUB_ALL_full_chainA,15.0,A,503,6.414991226993816,0.11633140588512553,False,73.97
M_PUB_ALL_full_chainA,15.0,A,504,4.878696623349116,0.08847177135535692,False,74.1
M_PUB_ALL_full_chainA,15.0,A,505,5.961259056050466,0.10810328842191813,False,78.4
M_PUB_ALL_full_chainA,15.0,A,506,7.99859153728385,0.14504889651566075,False,78.54
M_PUB_ALL_full_chainA,15.0,A,507,6.791992565563961,0.12316806305028136,False,79.22
M_PUB_ALL_full_chainA,15.0,A,508,7.693150036695733,0.13950992726040126,False,78.49
M_PUB_ALL_full_chainA,15.0,A,509,5.754641055137249,0.10435641462632099,False,79.42
M_PUB_ALL_full_chainA,15.0,A,510,5.921614466316232,0.10738436134995022,False,81.88
M_PUB_ALL_full_chainA,15.0,A,511,4.902524822563669,0.08890387918158052,False,86.77
M_PUB_ALL_full_chainA,15.0,A,512,3.052282177733367,0.0553510151969811,False,89.38
M_PUB_ALL_full_chainA,15.0,A,513,3.2820966980712103,0.05951854174498629,False,92.03
M_PUB_ALL_full_chainA,15.0,A,514,1.9391422471648423,0.0351649964655743,False,93.14
M_PUB_ALL_full_chainA,15.0,A,515,1.2329200295955878,0.022358147550265318,False,91.98
M_PUB_ALL_full_chainA,15.0,A,516,1.9211291376092794,0.034838341247381055,False,91.23
M_PUB_ALL_full_chainA,15.0,A,517,1.402929262216518,0.025441146785092364,False,92.17
M_PUB_ALL_full_chainA,15.0,A,518,0.5977299816459862,0.010839417645961948,False,92.9
M_PUB_ALL_full_chainA,15.0,A,519,0.7878831107866943,0.014287712439150715,False,91.84
M_PUB_ALL_full_chainA,15.0,A,520,0.9556080042461872,0.017329286771469676,False,89.54
M_PUB_ALL_full_chainA,15.0,A,521,0.38935494845679025,0.007060681291614907,False,91.65
M_PUB_ALL_full_chainA,15.0,A,522,0.482083467650817,0.008742248517785859,False,91.64
M_PUB_ALL_full_chainA,15.0,A,523,1.0155994302715752,0.018417189573459527,False,88.62
M_PUB_ALL_full_chainA,15.0,A,524,0.7057155321736409,0.012797660527932055,False,86.55
M_PUB_ALL_full_chainA,15.0,A,525,0.7584043479825163,0.013753135570778098,False,87.0
M_PUB_ALL_full_chainA,15.0,A,526,1.587475822643242,0.028787770352614473,False,86.93
M_PUB_ALL_full_chainA,15.0,A,527,1.7524389135466816,0.031779261315719946,False,82.92
M_PUB_ALL_full_chainA,15.0,A,528,1.354881440093246,0.024569832936088398,True,83.97
M_PUB_ALL_full_chainA,15.0,A,529,2.376172699297516,0.043090239870003814,False,85.08
M_PUB_ALL_full_chainA,15.0,A,530,3.4100205135694512,0.06183835120013866,False,83.33
M_PUB_ALL_full_chainA,15.0,A,531,2.9274290125431035,0.05308688985029726,True,81.11
M_PUB_ALL_full_chainA,15.0,A,532,3.0266084296487055,0.054885439625114135,True,82.72
M_PUB_ALL_full_chainA,15.0,A,533,4.950166450341661,0.08976782697853905,False,84.0
M_PUB_ALL_full_chainA,15.0,A,534,5.405963575667605,0.09803339095381726,False,83.24
M_PUB_ALL_full_chainA,15.0,A,535,4.573489718486548,0.0829370563304778,False,82.56
M_PUB_ALL_full_chainA,15.0,A,536,5.960932688973403,0.10809736998188199,True,85.09
M_PUB_ALL_full_chainA,15.0,A,537,7.983202236030979,0.14476982223683665,False,83.24
M_PUB_ALL_full_chainA,15.0,A,538,7.505727025487143,0.13611114125779963,False,81.05
M_PUB_ALL_full_chainA,15.0,A,539,6.214676432663883,0.112698836358618,False,80.33
M_PUB_ALL_full_chainA,15.0,A,540,7.646630484161624,0.13866632751786884,False,84.82
M_PUB_ALL_full_chainA,15.0,A,541,10.304729022476385,0.1868690964697852,False,84.5
M_PUB_ALL_full_chainA,15.0,A,542,10.934779970721063,0.19829463237389386,False,83.43
M_PUB_ALL_full_chainA,15.0,A,543,9.723012258640061,0.1763200673956274,False,85.85
M_PUB_ALL_full_chainA,15.0,A,544,11.861976140104927,0.21510869027343582,False,85.6
M_PUB_ALL_full_chainA,15.0,A,545,14.6483418888212,0.2656374959083304,False,84.33
M_PUB_ALL_full_chainA,15.0,A,546,14.11230338597306,0.2559168103394268,False,85.23
M_PUB_ALL_full_chainA,15.0,A,547,13.559691963414387,0.24589558639387898,False,85.09
M_PUB_ALL_full_chainA,15.0,A,548,16.9836243713635,0.3079862201263618,False,81.58
M_PUB_ALL_full_chainA,15.0,A,549,19.68709724106331,0.35701182103148627,False,83.09
M_PUB_ALL_full_chainA,15.0,A,550,18.196577006098273,0.3299822728531381,False,84.54
M_PUB_ALL_full_chainA,15.0,A,551,18.107896481970354,0.32837411320312637,False,79.87
M_PUB_ALL_full_chainA,15.0,A,552,22.775567073570933,0.41301907418836675,False,75.76
M_PUB_ALL_full_chainA,15.0,A,553,22.63919244133208,0.4105460150470455,False,80.41
M_PUB_ALL_full_chainA,15.0,A,554,18.64139815968929,0.33804879521203707,False,77.2
M_PUB_ALL_full_chainA,15.0,A,555,17.301336969079152,0.3137477171965608,False,80.36
M_PUB_ALL_full_chainA,15.0,A,556,14.861166346204826,0.26949691947698556,False,79.91
M_PUB_ALL_full_chainA,15.0,A,557,14.898208753385077,0.27016865777750193,False,78.05
M_PUB_ALL_full_chainA,15.0,A,558,13.15440925640793,0.23854606627472452,False,84.42
M_PUB_ALL_full_chainA,15.0,A,559,13.349659169673814,0.24208678770448913,False,83.45
M_PUB_ALL_full_chainA,15.0,A,560,11.919512746529366,0.2161520766286734,False,81.58
M_PUB_ALL_full_chainA,15.0,A,561,10.263186964254762,0.1861157601260116,False,80.22
M_PUB_ALL_full_chainA,15.0,A,562,8.840650759390757,0.16031905506771485,False,78.78
M_PUB_ALL_full_chainA,15.0,A,563,8.309493502456098,0.15068688749977077,False,82.83
M_PUB_ALL_full_chainA,15.0,A,564,9.389574250344838,0.17027340093764426,False,84.55
M_PUB_ALL_full_chainA,15.0,A,565,9.775625969617401,0.17727418046457008,False,85.9
M_PUB_ALL_full_chainA,15.0,A,566,7.692641304084464,0.13950070174819176,False,85.48
M_PUB_ALL_full_chainA,15.0,A,567,7.326161960729602,0.13285485365085814,False,84.75
M_PUB_ALL_full_chainA,15.0,A,568,6.519455293163035,0.11822578909656398,False,85.84
M_PUB_ALL_full_chainA,15.0,A,569,4.752579770985382,0.08618472992035946,False,80.51
M_PUB_ALL_full_chainA,15.0,A,570,5.687357397705107,0.10313627227768644,False,82.1
M_PUB_ALL_full_chainA,15.0,A,571,4.397628108079475,0.07974792829335903,False,76.72
M_PUB_ALL_full_chainA,15.0,A,572,2.8221648098407823,0.05117799671912515,False,80.56
M_PUB_ALL_full_chainA,15.0,A,573,3.3773160137128753,0.06124527783301135,False,85.28
M_PUB_ALL_full_chainA,15.0,A,574,4.170500163994971,0.07562912093786862,False,86.66
M_PUB_ALL_full_chainA,15.0,A,575,2.8013317200876013,0.050800203120636586,False,83.27
M_PUB_ALL_full_chainA,15.0,A,576,1.7937586792601397,0.03252856653940661,False,85.05
M_PUB_ALL_full_chainA,15.0,A,577,2.6805370074617647,0.048609674989573436,False,89.13
M_PUB_ALL_full_chainA,15.0,A,578,2.9450990874235394,0.053407324373151606,False,89.82
M_PUB_ALL_full_chainA,15.0,A,579,1.6483002616507283,0.029890779265883214,True,85.73
M_PUB_ALL_full_chainA,15.0,A,580,1.2091613164716224,0.02192729980598438,True,88.67
M_PUB_ALL_full_chainA,15.0,A,581,2.149296334906024,0.03897599473733565,False,93.48
M_PUB_ALL_full_chainA,15.0,A,582,2.0604714629719494,0.03736521744021697,True,91.01
M_PUB_ALL_full_chainA,15.0,A,583,0.9646820634024859,0.017493838525538354,False,89.59
M_PUB_ALL_full_chainA,15.0,A,584,1.23763936153478,0.022443729353871632,False,93.45
M_PUB_ALL_full_chainA,15.0,A,585,2.311989484743988,0.041926321897393044,False,92.52
M_PUB_ALL_full_chainA,15.0,A,586,1.7591338692619962,0.03190066968295573,False,90.39
M_PUB_ALL_full_chainA,15.0,A,587,0.8697854373135882,0.015772954188203125,False,92.21
M_PUB_ALL_full_chainA,15.0,A,588,1.421991165573402,0.025786821149699702,False,92.76
M_PUB_ALL_full_chainA,15.0,A,589,1.8069441763115934,0.03276767636123073,False,93.09
M_PUB_ALL_full_chainA,15.0,A,590,0.9622865769644645,0.01745039804444445,False,94.22
M_PUB_ALL_full_chainA,15.0,A,591,0.6033670699163532,0.010941642322564919,False,94.91
M_PUB_ALL_full_chainA,15.0,A,592,1.3877078573199197,0.025165117189959497,False,93.4
M_PUB_ALL_full_chainA,15.0,A,593,1.5224385536020473,0.027608364695650412,False,91.79
M_PUB_ALL_full_chainA,15.0,A,594,1.1664810556085898,0.021153322948643114,False,94.97
M_PUB_ALL_full_chainA,15.0,A,595,2.503310981496443,0.0453958042249144,False,95.08
M_PUB_ALL_full_chainA,15.0,A,596,3.2519493619974114,0.05897184076519401,False,94.09
M_PUB_ALL_full_chainA,15.0,A,597,2.3065407229461488,0.04182751239043556,False,93.47
M_PUB_ALL_full_chainA,15.0,A,598,2.479127870273224,0.044957260316165856,False,94.11
M_PUB_ALL_full_chainA,15.0,A,599,4.479393176129313,0.08123068095535885,False,94.78
M_PUB_ALL_full_chainA,15.0,A,600,4.784074354995448,0.08675586230480312,False,92.06
M_PUB_ALL_full_chainA,15.0,A,601,3.6384334173344874,0.06598046040606854,True,91.53
M_PUB_ALL_full_chainA,15.0,A,602,4.918375216605112,0.08919131505755105,False,93.4
M_PUB_ALL_full_chainA,15.0,A,603,7.099159567200668,0.1287383230674041,False,91.44
M_PUB_ALL_full_chainA,15.0,A,604,7.06481585924826,0.1281155238011167,False,89.43
M_PUB_ALL_full_chainA,15.0,A,605,5.823754416972126,0.10560973739219894,False,90.19
M_PUB_ALL_full_chainA,15.0,A,606,8.294296854320969,0.15041130685129503,False,91.3
M_PUB_ALL_full_chainA,15.0,A,607,10.470557734994347,0.18987628487904745,False,88.72
M_PUB_ALL_full_chainA,15.0,A,608,8.737838313993203,0.15845462285068282,False,87.06
M_PUB_ALL_full_chainA,15.0,A,609,7.658818579040768,0.13888735014474102,False,89.89
M_PUB_ALL_full_chainA,15.0,A,610,10.910244573741954,0.19784970000788857,False,88.46
M_PUB_ALL_full_chainA,15.0,A,611,12.12454889236485,0.21987026458221906,False,86.91
M_PUB_ALL_full_chainA,15.0,A,612,9.677910995146531,0.17550218733878176,False,87.38
M_PUB_ALL_full_chainA,15.0,A,613,10.51829824856843,0.19074202590116784,False,88.15
M_PUB_ALL_full_chainA,15.0,A,614,14.202848236459849,0.2575587782517855,False,83.34
M_PUB_ALL_full_chainA,15.0,A,615,14.416484205264112,0.26143291801585145,False,80.84
M_PUB_ALL_full_chainA,15.0,A,616,11.269247420750732,0.20435996704201279,False,84.65
M_PUB_ALL_full_chainA,15.0,A,617,10.2293830676783,0.18550274996372368,False,85.98
M_PUB_ALL_full_chainA,15.0,A,618,11.754500648768486,0.21315969696028023,False,82.52
M_PUB_ALL_full_chainA,15.0,A,619,11.503551528250432,0.20860890913181712,False,71.57
M_PUB_ALL_full_chainA,15.0,A,620,9.341539681350518,0.16940232742491962,False,69.3
M_PUB_ALL_full_chainA,15.0,A,621,10.573009592456494,0.19173417808456927,False,61.82
M_PUB_ALL_full_chainA,15.0,A,622,9.476627848399223,0.17185205741443121,False,61.1
M_PUB_ALL_full_chainA,15.0,A,623,11.834973109115058,0.21461900908026557,False,56.23
M_PUB_ALL_full_chainA,15.0,A,624,12.850151855495453,0.2330285698438386,False,56.57
M_PUB_ALL_full_chainA,15.0,A,625,15.36656348733181,0.2786619452544529,False,57.76
M_PUB_ALL_full_chainA,15.0,A,626,14.015916290963665,0.2541688973844654,False,49.82
M_PUB_ALL_full_chainA,15.0,A,627,16.555448452099494,0.30022154751940017,False,51.07
M_PUB_ALL_full_chainA,15.0,A,628,14.837855644416656,0.2690741961067999,False,54.22
M_PUB_ALL_full_chainA,15.0,A,629,11.04330485526035,0.20026265570319346,False,58.74
M_PUB_ALL_full_chainA,15.0,A,630,11.37893712323728,0.20634911353494742,False,68.14
M_PUB_ALL_full_chainA,15.0,A,631,12.166993905391807,0.22063997538360894,False,75.45
M_PUB_ALL_full_chainA,15.0,A,632,9.511363380956606,0.17248196214751416,False,77.46
M_PUB_ALL_full_chainA,15.0,A,633,7.147764077903586,0.12961973207676275,False,82.49
M_PUB_ALL_full_chainA,15.0,A,634,8.670372009067409,0.1572311683167364,False,86.25
M_PUB_ALL_full_chainA,15.0,A,635,8.989223216420955,0.16301331328110136,False,83.91
M_PUB_ALL_full_chainA,15.0,A,636,6.023405591455747,0.10923027263417465,False,84.5
M_PUB_ALL_full_chainA,15.0,A,637,5.5518220758748695,0.10067843344709568,False,89.56
M_PUB_ALL_full_chainA,15.0,A,638,7.503006732473822,0.13606181063528414,False,88.4
M_PUB_ALL_full_chainA,15.0,A,639,6.521351162052179,0.1182601693607676,False,84.81
M_PUB_ALL_full_chainA,15.0,A,640,4.185583788101102,0.07590265197415832,False,87.13
M_PUB_ALL_full_chainA,15.0,A,641,4.914340202555674,0.08911814288310407,False,89.41
M_PUB_ALL_full_chainA,15.0,A,642,6.578704212557616,0.11930022705703115,False,84.34
M_PUB_ALL_full_chainA,15.0,A,643,4.975916030520782,0.09023477771271686,False,83.48
M_PUB_ALL_full_chainA,15.0,A,644,3.4342301042820527,0.062277375296017304,False,85.21
M_PUB_ALL_full_chainA,15.0,A,645,4.82013628736402,0.0874098203762838,False,84.86
M_PUB_ALL_full_chainA,15.0,A,646,6.21531943530725,0.11271049676450849,False,82.67
M_PUB_ALL_full_chainA,15.0,A,647,4.475097807166126,0.08115278742556255,False,85.26
M_PUB_ALL_full_chainA,15.0,A,648,3.932601589403078,0.0713149956863971,False,88.0
M_PUB_ALL_full_chainA,15.0,A,649,6.362826495483881,0.11538543474667166,False,84.47
M_PUB_ALL_full_chainA,15.0,A,650,6.950978292033883,0.1260511586651418,False,85.99
M_PUB_ALL_full_chainA,15.0,A,651,5.10866509699106,0.09264208973949607,False,87.28
M_PUB_ALL_full_chainA,15.0,A,652,5.72429276890789,0.10380606955516804,False,86.6
M_PUB_ALL_full_chainA,15.0,A,653,8.629524213930758,0.15649042195132304,False,84.55
M_PUB_ALL_full_chainA,15.0,A,654,9.231761340015678,0.16741157352809727,False,84.41
M_PUB_ALL_full_chainA,15.0,A,655,7.262266059728031,0.13169614590975764,False,88.25
M_PUB_ALL_full_chainA,15.0,A,656,7.2941603757783104,0.13227452715683727,False,89.77
M_PUB_ALL_full_chainA,15.0,A,657,4.855093308822713,0.08804374165660205,False,91.34
M_PUB_ALL_full_chainA,15.0,A,658,4.7501825164376195,0.08614125737582468,False,88.96
M_PUB_ALL_full_chainA,15.0,A,659,5.664573054462122,0.10272309405376737,False,85.38
M_PUB_ALL_full_chainA,15.0,A,660,3.9919309101890943,0.07239089167019896,False,80.5
M_PUB_ALL_full_chainA,15.0,A,661,2.490177739799128,0.045157642017607094,False,85.96
M_PUB_ALL_full_chainA,15.0,A,662,1.8171483852624517,0.0329527225960882,False,88.84
M_PUB_ALL_full_chainA,15.0,A,663,2.614385761072771,0.047410068127898705,False,90.18
M_PUB_ALL_full_chainA,15.0,A,664,3.952777050217897,0.07168086364130434,False,91.23
M_PUB_ALL_full_chainA,15.0,A,665,4.053518868758601,0.07350774647988871,False,87.39
M_PUB_ALL_full_chainA,15.0,A,666,6.009008125185267,0.1089691845931839,False,82.77
M_PUB_ALL_full_chainA,15.0,A,667,7.037408463499334,0.12761850973417516,False,85.73
M_PUB_ALL_full_chainA,15.0,A,668,8.992572258332201,0.16307404582774365,False,86.9
M_PUB_ALL_full_chainA,15.0,A,669,8.443509241433706,0.15311716975181758,False,87.98
M_PUB_ALL_full_chainA,15.0,A,670,6.173881251905656,0.11195904411837726,False,89.38
M_PUB_ALL_full_chainA,15.0,A,671,7.962521998936344,0.14439480051504017,False,84.44
M_PUB_ALL_full_chainA,15.0,A,672,9.436339112379297,0.17112144919741437,False,85.23
M_PUB_ALL_full_chainA,15.0,A,673,7.9666859632647355,0.1444703111131434,False,86.97
M_PUB_ALL_full_chainA,15.0,A,674,10.624135699051356,0.19266131448229126,False,82.01
M_PUB_ALL_full_chainA,15.0,A,675,12.969998216157807,0.23520190027138477,False,79.85
M_PUB_ALL_full_chainA,15.0,A,676,10.893840355075278,0.19755222090738547,False,81.79
M_PUB_ALL_full_chainA,15.0,A,677,11.290991877569782,0.2047542876486138,False,80.45
M_PUB_ALL_full_chainA,15.0,A,678,15.03351446515494,0.27262233278928394,False,77.15
M_PUB_ALL_full_chainA,15.0,A,679,15.783249399621836,0.2862182545733576,False,77.33
M_PUB_ALL_full_chainA,15.0,A,680,13.809053801331157,0.2504175899559245,False,76.99
M_PUB_ALL_full_chainA,15.0,A,681,15.219892627667067,0.27600217118720527,False,79.43
M_PUB_ALL_full_chainA,15.0,A,682,18.698201693002517,0.33907888779607115,False,78.05
M_PUB_ALL_full_chainA,15.0,A,683,23.52506307905488,0.42661066316144974,False,84.01
M_PUB_ALL_full_chainA,15.0,A,684,26.17265421079745,0.47462288760044363,False,79.77
M_PUB_ALL_full_chainA,15.0,A,685,30.680586425480833,0.5563711041782418,False,80.53
M_PUB_ALL_full_chainA,15.0,A,686,26.50747183791958,0.4806945724866741,False,74.5
M_PUB_ALL_full_chainA,15.0,A,687,23.599803832274393,0.42796603475764966,False,74.7
M_PUB_ALL_full_chainA,15.0,A,688,29.299238936857588,0.5313213278525563,False,73.36
M_PUB_ALL_full_chainA,15.0,A,689,30.278765540608607,0.5490843617966631,False,73.25
M_PUB_ALL_full_chainA,15.0,A,690,24.62613624777571,0.44657785955615303,False,69.95
M_PUB_ALL_full_chainA,15.0,A,691,25.04921891628827,0.4542501696018148,False,69.98
M_PUB_ALL_full_chainA,15.0,A,692,30.765603956423735,0.5579128379935356,False,68.74
M_PUB_ALL_full_chainA,15.0,A,693,28.369492597014943,0.5144610243847478,False,68.33
M_PUB_ALL_full_chainA,15.0,A,694,24.50277395350708,0.4443407701171065,False,66.77
M_PUB_ALL_full_chainA,15.0,A,695,30.01799620554082,0.5443554912048352,False,70.0
M_PUB_ALL_full_chainA,15.0,A,696,30.438870807069126,0.5519877594908938,False,64.85
M_PUB_ALL_full_chainA,15.0,A,697,36.03848088547278,0.6535327951392869,False,66.12
M_PUB_ALL_full_chainA,15.0,A,698,33.70109284487054,0.6111458880897256,False,70.26
M_PUB_ALL_full_chainA,15.0,A,699,28.296670755726666,0.5131404509222992,False,72.42
M_PUB_ALL_full_chainA,15.0,A,700,32.5470718395454,0.590218519490135,False,73.44
M_PUB_ALL_full_chainA,15.0,A,701,36.03607626131676,0.65348918895203,False,71.76
M_PUB_ALL_full_chainA,15.0,A,702,30.455041840550496,0.5522810099401833,False,79.18
M_PUB_ALL_full_chainA,15.0,A,703,28.52788241578406,0.5173333136277585,False,82.49
M_PUB_ALL_full_chainA,15.0,A,704,34.656976432042,0.6284801723659463,False,79.96
M_PUB_ALL_full_chainA,15.0,A,705,35.59560838923095,0.6455016103266131,False,82.04
M_PUB_ALL_full_chainA,15.0,A,706,29.69860206752656,0.5385635005704102,False,87.02
M_PUB_ALL_full_chainA,15.0,A,707,30.673842928551643,0.5562488155498405,False,85.16
M_PUB_ALL_full_chainA,15.0,A,708,36.860422930122745,0.6684381426646073,False,82.78
M_PUB_ALL_full_chainA,15.0,A,709,33.555188294987154,0.6085000105175867,False,83.58
M_PUB_ALL_full_chainA,15.0,A,710,29.049909998606665,0.5267999209030775,False,87.43
M_PUB_ALL_full_chainA,15.0,A,711,34.246360234643014,0.6210339331066274,False,85.18
M_PUB_ALL_full_chainA,15.0,A,712,37.995480092886524,0.6890216151639407,False,84.17
M_PUB_ALL_full_chainA,15.0,A,713,32.436888836672054,0.5882204273376525,False,84.43
M_PUB_ALL_full_chainA,15.0,A,714,30.115288546355572,0.5461198201631055,False,83.23
M_PUB_ALL_full_chainA,15.0,A,715,37.157766666545825,0.6738302645966965,False,79.27
M_PUB_ALL_full_chainA,15.0,A,716,38.62856723968137,0.7005022104178426,False,78.53
M_PUB_ALL_full_chainA,15.0,A,717,32.09318036759671,0.5819875132139497,False,78.47
M_PUB_ALL_full_chainA,15.0,A,718,33.49811127284141,0.6074649584037178,False,77.05
M_PUB_ALL_full_chainA,15.0,A,719,40.686722632413755,0.7378254275345106,False,73.52
M_PUB_ALL_full_chainA,15.0,A,720,38.00026298493756,0.6891083495859851,False,74.74
M_PUB_ALL_full_chainA,15.0,A,721,33.308150688769175,0.604020155281479,False,73.6
M_PUB_ALL_full_chainA,15.0,A,722,39.08252065783275,0.7087343400453457,False,72.91
M_PUB_ALL_full_chainA,15.0,A,723,43.5669415409202,0.790056194970882,False,72.61
M_PUB_ALL_full_chainA,15.0,A,724,38.049244156711204,0.6899965890819882,False,72.05
M_PUB_ALL_full_chainA,15.0,A,725,36.95021822411133,0.6700665178909996,False,68.92
M_PUB_ALL_full_chainA,15.0,A,726,45.153864073536575,0.8188339317935336,False,69.51
M_PUB_ALL_full_chainA,15.0,A,727,45.432870675663054,0.8238935225440287,False,69.16
M_PUB_ALL_full_chainA,15.0,A,728,39.6779174584694,0.7195314470758452,False,66.17
M_PUB_ALL_full_chainA,15.0,A,729,43.57836041416536,0.7902632682982225,False,66.82
M_PUB_ALL_full_chainA,15.0,A,730,51.23549869967397,0.9291201474879802,False,65.54
M_PUB_ALL_full_chainA,15.0,A,731,48.26229130271601,0.8752030984636967,False,66.0
M_PUB_ALL_full_chainA,15.0,A,732,45.20691220239823,0.8197959227287797,False,61.51
M_PUB_ALL_full_chainA,15.0,A,733,52.867604572091416,0.9587172527642512,False,63.91
M_PUB_ALL_full_chainA,15.0,A,734,58.10453434734015,1.0536853332680574,False,62.73
M_PUB_ALL_full_chainA,15.0,A,735,53.164678988231486,0.9641044907602527,False,62.54
M_PUB_ALL_full_chainA,15.0,A,736,53.629576019051065,0.9725350751949575,False,62.91
M_PUB_ALL_full_chainA,15.0,A,737,64.16653205993768,1.1636154471880036,False,63.33
M_PUB_ALL_full_chainA,15.0,A,738,66.76216663331172,1.2106854755637309,False,61.34
M_PUB_ALL_full_chainA,15.0,A,739,60.7780427780586,1.102167549905002,False,59.41
M_PUB_ALL_full_chainA,15.0,A,740,67.41118208962652,1.2224549196366354,False,63.03
M_PUB_ALL_full_chainA,15.0,A,741,78.79017658132693,1.4288050735087763,False,59.19
M_PUB_ALL_full_chainA,15.0,A,742,77.50431782140043,1.4054869188895607,False,55.16
M_PUB_ALL_full_chainA,15.0,A,743,76.37164296912351,1.3849466479346075,False,60.28
M_PUB_ALL_full_chainA,15.0,A,744,88.97761567878763,1.6135471987341083,False,54.55
M_PUB_ALL_full_chainA,15.0,A,745,98.69733538498215,1.7898075579802797,False,51.06
M_PUB_ALL_full_chainA,15.0,A,746,96.78202620617202,1.7550747576394006,False,43.92
