representation,family,rule_id,hit_molecules,denominator_all_attempted,source_url
primary,pains,ene_six_het_A(483),0,9098,https://raw.githubusercontent.com/rdkit/rdkit/0ece02e9254ef2d5eeade2bd40eb13546522dbd3/Code/GraphMol/FilterCatalog/pains_a.in#L2
primary,pains,hzone_phenol_A(479),0,9098,https://raw.githubusercontent.com/rdkit/rdkit/0ece02e9254ef2d5eeade2bd40eb13546522dbd3/Code/GraphMol/FilterCatalog/pains_a.in#L3
primary,pains,anil_di_alk_A(478),74,9098,https://raw.githubusercontent.com/rdkit/rdkit/0ece02e9254ef2d5eeade2bd40eb13546522dbd3/Code/GraphMol/FilterCatalog/pains_a.in#L4
primary,pains,indol_3yl_alk(461),11,9098,https://raw.githubusercontent.com/rdkit/rdkit/0ece02e9254ef2d5eeade2bd40eb13546522dbd3/Code/GraphMol/FilterCatalog/pains_a.in#L5
primary,pains,quinone_A(370),41,9098,https://raw.githubusercontent.com/rdkit/rdkit/0ece02e9254ef2d5eeade2bd40eb13546522dbd3/Code/GraphMol/FilterCatalog/pains_a.in#L6
primary,pains,azo_A(324),3,9098,https://raw.githubusercontent.com/rdkit/rdkit/0ece02e9254ef2d5eeade2bd40eb13546522dbd3/Code/GraphMol/FilterCatalog/pains_a.in#L7
primary,pains,imine_one_A(321),2,9098,https://raw.githubusercontent.com/rdkit/rdkit/0ece02e9254ef2d5eeade2bd40eb13546522dbd3/Code/GraphMol/FilterCatalog/pains_a.in#L8
primary,pains,mannich_A(296),0,9098,https://raw.githubusercontent.com/rdkit/rdkit/0ece02e9254ef2d5eeade2bd40eb13546522dbd3/Code/GraphMol/FilterCatalog/pains_a.in#L9
primary,pains,anil_di_alk_B(251),5,9098,https://raw.githubusercontent.com/rdkit/rdkit/0ece02e9254ef2d5eeade2bd40eb13546522dbd3/Code/GraphMol/FilterCatalog/pains_a.in#L10
primary,pains,anil_di_alk_C(246),21,9098,https://raw.githubusercontent.com/rdkit/rdkit/0ece02e9254ef2d5eeade2bd40eb13546522dbd3/Code/GraphMol/FilterCatalog/pains_a.in#L11
primary,pains,ene_rhod_A(235),5,9098,https://raw.githubusercontent.com/rdkit/rdkit/0ece02e9254ef2d5eeade2bd40eb13546522dbd3/Code/GraphMol/FilterCatalog/pains_a.in#L12
primary,pains,hzone_phenol_B(215),0,9098,https://raw.githubusercontent.com/rdkit/rdkit/0ece02e9254ef2d5eeade2bd40eb13546522dbd3/Code/GraphMol/FilterCatalog/pains_a.in#L13
primary,pains,ene_five_het_A(201),1,9098,https://raw.githubusercontent.com/rdkit/rdkit/0ece02e9254ef2d5eeade2bd40eb13546522dbd3/Code/GraphMol/FilterCatalog/pains_a.in#L14
primary,pains,anil_di_alk_D(198),2,9098,https://raw.githubusercontent.com/rdkit/rdkit/0ece02e9254ef2d5eeade2bd40eb13546522dbd3/Code/GraphMol/FilterCatalog/pains_a.in#L15
primary,pains,imine_one_isatin(189),0,9098,https://raw.githubusercontent.com/rdkit/rdkit/0ece02e9254ef2d5eeade2bd40eb13546522dbd3/Code/GraphMol/FilterCatalog/pains_a.in#L16
primary,pains,anil_di_alk_E(186),3,9098,https://raw.githubusercontent.com/rdkit/rdkit/0ece02e9254ef2d5eeade2bd40eb13546522dbd3/Code/GraphMol/FilterCatalog/pains_a.in#L17
primary,pains,thiaz_ene_A(128),0,9098,https://raw.githubusercontent.com/rdkit/rdkit/0ece02e9254ef2d5eeade2bd40eb13546522dbd3/Code/GraphMol/FilterCatalog/pains_b.in#L2
primary,pains,pyrrole_A(118),3,9098,https://raw.githubusercontent.com/rdkit/rdkit/0ece02e9254ef2d5eeade2bd40eb13546522dbd3/Code/GraphMol/FilterCatalog/pains_b.in#L3
primary,pains,catechol_A(92),0,9098,https://raw.githubusercontent.com/rdkit/rdkit/0ece02e9254ef2d5eeade2bd40eb13546522dbd3/Code/GraphMol/FilterCatalog/pains_b.in#L4
primary,pains,ene_five_het_B(90),0,9098,https://raw.githubusercontent.com/rdkit/rdkit/0ece02e9254ef2d5eeade2bd40eb13546522dbd3/Code/GraphMol/FilterCatalog/pains_b.in#L5
primary,pains,imine_one_fives(89),0,9098,https://raw.githubusercontent.com/rdkit/rdkit/0ece02e9254ef2d5eeade2bd40eb13546522dbd3/Code/GraphMol/FilterCatalog/pains_b.in#L6
primary,pains,ene_five_het_C(85),0,9098,https://raw.githubusercontent.com/rdkit/rdkit/0ece02e9254ef2d5eeade2bd40eb13546522dbd3/Code/GraphMol/FilterCatalog/pains_b.in#L7
primary,pains,hzone_pipzn(79),0,9098,https://raw.githubusercontent.com/rdkit/rdkit/0ece02e9254ef2d5eeade2bd40eb13546522dbd3/Code/GraphMol/FilterCatalog/pains_b.in#L8
primary,pains,keto_keto_beta_A(68),0,9098,https://raw.githubusercontent.com/rdkit/rdkit/0ece02e9254ef2d5eeade2bd40eb13546522dbd3/Code/GraphMol/FilterCatalog/pains_b.in#L9
primary,pains,hzone_pyrrol(64),0,9098,https://raw.githubusercontent.com/rdkit/rdkit/0ece02e9254ef2d5eeade2bd40eb13546522dbd3/Code/GraphMol/FilterCatalog/pains_b.in#L10
primary,pains,ene_one_ene_A(57),4,9098,https://raw.githubusercontent.com/rdkit/rdkit/0ece02e9254ef2d5eeade2bd40eb13546522dbd3/Code/GraphMol/FilterCatalog/pains_b.in#L11
primary,pains,cyano_ene_amine_A(56),0,9098,https://raw.githubusercontent.com/rdkit/rdkit/0ece02e9254ef2d5eeade2bd40eb13546522dbd3/Code/GraphMol/FilterCatalog/pains_b.in#L12
primary,pains,ene_five_one_A(55),0,9098,https://raw.githubusercontent.com/rdkit/rdkit/0ece02e9254ef2d5eeade2bd40eb13546522dbd3/Code/GraphMol/FilterCatalog/pains_b.in#L13
primary,pains,cyano_pyridone_A(54),0,9098,https://raw.githubusercontent.com/rdkit/rdkit/0ece02e9254ef2d5eeade2bd40eb13546522dbd3/Code/GraphMol/FilterCatalog/pains_b.in#L14
primary,pains,anil_alk_ene(51),22,9098,https://raw.githubusercontent.com/rdkit/rdkit/0ece02e9254ef2d5eeade2bd40eb13546522dbd3/Code/GraphMol/FilterCatalog/pains_b.in#L15
primary,pains,amino_acridine_A(46),289,9098,https://raw.githubusercontent.com/rdkit/rdkit/0ece02e9254ef2d5eeade2bd40eb13546522dbd3/Code/GraphMol/FilterCatalog/pains_b.in#L16
primary,pains,ene_five_het_D(46),0,9098,https://raw.githubusercontent.com/rdkit/rdkit/0ece02e9254ef2d5eeade2bd40eb13546522dbd3/Code/GraphMol/FilterCatalog/pains_b.in#L17
primary,pains,thiophene_amino_Aa(45),0,9098,https://raw.githubusercontent.com/rdkit/rdkit/0ece02e9254ef2d5eeade2bd40eb13546522dbd3/Code/GraphMol/FilterCatalog/pains_b.in#L18
primary,pains,ene_five_het_E(44),0,9098,https://raw.githubusercontent.com/rdkit/rdkit/0ece02e9254ef2d5eeade2bd40eb13546522dbd3/Code/GraphMol/FilterCatalog/pains_b.in#L19
primary,pains,sulfonamide_A(43),0,9098,https://raw.githubusercontent.com/rdkit/rdkit/0ece02e9254ef2d5eeade2bd40eb13546522dbd3/Code/GraphMol/FilterCatalog/pains_b.in#L20
primary,pains,thio_ketone(43),0,9098,https://raw.githubusercontent.com/rdkit/rdkit/0ece02e9254ef2d5eeade2bd40eb13546522dbd3/Code/GraphMol/FilterCatalog/pains_b.in#L21
primary,pains,sulfonamide_B(41),0,9098,https://raw.githubusercontent.com/rdkit/rdkit/0ece02e9254ef2d5eeade2bd40eb13546522dbd3/Code/GraphMol/FilterCatalog/pains_b.in#L22
primary,pains,anil_no_alk(40),12,9098,https://raw.githubusercontent.com/rdkit/rdkit/0ece02e9254ef2d5eeade2bd40eb13546522dbd3/Code/GraphMol/FilterCatalog/pains_b.in#L23
primary,pains,thiophene_amino_Ab(40),0,9098,https://raw.githubusercontent.com/rdkit/rdkit/0ece02e9254ef2d5eeade2bd40eb13546522dbd3/Code/GraphMol/FilterCatalog/pains_b.in#L24
primary,pains,het_pyridiniums_A(39),22,9098,https://raw.githubusercontent.com/rdkit/rdkit/0ece02e9254ef2d5eeade2bd40eb13546522dbd3/Code/GraphMol/FilterCatalog/pains_b.in#L25
primary,pains,anthranil_one_A(38),1,9098,https://raw.githubusercontent.com/rdkit/rdkit/0ece02e9254ef2d5eeade2bd40eb13546522dbd3/Code/GraphMol/FilterCatalog/pains_b.in#L26
primary,pains,cyano_imine_A(37),0,9098,https://raw.githubusercontent.com/rdkit/rdkit/0ece02e9254ef2d5eeade2bd40eb13546522dbd3/Code/GraphMol/FilterCatalog/pains_b.in#L27
primary,pains,diazox_sulfon_A(36),0,9098,https://raw.githubusercontent.com/rdkit/rdkit/0ece02e9254ef2d5eeade2bd40eb13546522dbd3/Code/GraphMol/FilterCatalog/pains_b.in#L28
primary,pains,hzone_anil_di_alk(35),0,9098,https://raw.githubusercontent.com/rdkit/rdkit/0ece02e9254ef2d5eeade2bd40eb13546522dbd3/Code/GraphMol/FilterCatalog/pains_b.in#L29
primary,pains,rhod_sat_A(33),0,9098,https://raw.githubusercontent.com/rdkit/rdkit/0ece02e9254ef2d5eeade2bd40eb13546522dbd3/Code/GraphMol/FilterCatalog/pains_b.in#L30
primary,pains,hzone_enamin(30),0,9098,https://raw.githubusercontent.com/rdkit/rdkit/0ece02e9254ef2d5eeade2bd40eb13546522dbd3/Code/GraphMol/FilterCatalog/pains_b.in#L31
primary,pains,pyrrole_B(29),3,9098,https://raw.githubusercontent.com/rdkit/rdkit/0ece02e9254ef2d5eeade2bd40eb13546522dbd3/Code/GraphMol/FilterCatalog/pains_b.in#L32
primary,pains,thiophene_hydroxy(28),0,9098,https://raw.githubusercontent.com/rdkit/rdkit/0ece02e9254ef2d5eeade2bd40eb13546522dbd3/Code/GraphMol/FilterCatalog/pains_b.in#L33
primary,pains,cyano_pyridone_B(27),13,9098,https://raw.githubusercontent.com/rdkit/rdkit/0ece02e9254ef2d5eeade2bd40eb13546522dbd3/Code/GraphMol/FilterCatalog/pains_b.in#L34
primary,pains,imine_one_sixes(27),0,9098,https://raw.githubusercontent.com/rdkit/rdkit/0ece02e9254ef2d5eeade2bd40eb13546522dbd3/Code/GraphMol/FilterCatalog/pains_b.in#L35
primary,pains,dyes5A(27),1,9098,https://raw.githubusercontent.com/rdkit/rdkit/0ece02e9254ef2d5eeade2bd40eb13546522dbd3/Code/GraphMol/FilterCatalog/pains_b.in#L36
primary,pains,naphth_amino_A(25),0,9098,https://raw.githubusercontent.com/rdkit/rdkit/0ece02e9254ef2d5eeade2bd40eb13546522dbd3/Code/GraphMol/FilterCatalog/pains_b.in#L37
primary,pains,naphth_amino_B(25),0,9098,https://raw.githubusercontent.com/rdkit/rdkit/0ece02e9254ef2d5eeade2bd40eb13546522dbd3/Code/GraphMol/FilterCatalog/pains_b.in#L38
primary,pains,ene_one_ester(24),0,9098,https://raw.githubusercontent.com/rdkit/rdkit/0ece02e9254ef2d5eeade2bd40eb13546522dbd3/Code/GraphMol/FilterCatalog/pains_b.in#L39
primary,pains,thio_dibenzo(23),0,9098,https://raw.githubusercontent.com/rdkit/rdkit/0ece02e9254ef2d5eeade2bd40eb13546522dbd3/Code/GraphMol/FilterCatalog/pains_b.in#L40
primary,pains,cyano_cyano_A(23),0,9098,https://raw.githubusercontent.com/rdkit/rdkit/0ece02e9254ef2d5eeade2bd40eb13546522dbd3/Code/GraphMol/FilterCatalog/pains_b.in#L41
primary,pains,hzone_acyl_naphthol(22),0,9098,https://raw.githubusercontent.com/rdkit/rdkit/0ece02e9254ef2d5eeade2bd40eb13546522dbd3/Code/GraphMol/FilterCatalog/pains_b.in#L42
primary,pains,het_65_A(21),0,9098,https://raw.githubusercontent.com/rdkit/rdkit/0ece02e9254ef2d5eeade2bd40eb13546522dbd3/Code/GraphMol/FilterCatalog/pains_b.in#L43
primary,pains,imidazole_A(19),0,9098,https://raw.githubusercontent.com/rdkit/rdkit/0ece02e9254ef2d5eeade2bd40eb13546522dbd3/Code/GraphMol/FilterCatalog/pains_b.in#L44
primary,pains,ene_cyano_A(19),1,9098,https://raw.githubusercontent.com/rdkit/rdkit/0ece02e9254ef2d5eeade2bd40eb13546522dbd3/Code/GraphMol/FilterCatalog/pains_b.in#L45
primary,pains,anthranil_acid_A(19),0,9098,https://raw.githubusercontent.com/rdkit/rdkit/0ece02e9254ef2d5eeade2bd40eb13546522dbd3/Code/GraphMol/FilterCatalog/pains_b.in#L46
primary,pains,dyes3A(19),0,9098,https://raw.githubusercontent.com/rdkit/rdkit/0ece02e9254ef2d5eeade2bd40eb13546522dbd3/Code/GraphMol/FilterCatalog/pains_b.in#L47
primary,pains,dhp_bis_amino_CN(19),0,9098,https://raw.githubusercontent.com/rdkit/rdkit/0ece02e9254ef2d5eeade2bd40eb13546522dbd3/Code/GraphMol/FilterCatalog/pains_b.in#L48
primary,pains,het_6_tetrazine(18),0,9098,https://raw.githubusercontent.com/rdkit/rdkit/0ece02e9254ef2d5eeade2bd40eb13546522dbd3/Code/GraphMol/FilterCatalog/pains_b.in#L49
primary,pains,ene_one_hal(17),1,9098,https://raw.githubusercontent.com/rdkit/rdkit/0ece02e9254ef2d5eeade2bd40eb13546522dbd3/Code/GraphMol/FilterCatalog/pains_b.in#L50
primary,pains,cyano_imine_B(17),0,9098,https://raw.githubusercontent.com/rdkit/rdkit/0ece02e9254ef2d5eeade2bd40eb13546522dbd3/Code/GraphMol/FilterCatalog/pains_b.in#L51
primary,pains,thiaz_ene_B(17),0,9098,https://raw.githubusercontent.com/rdkit/rdkit/0ece02e9254ef2d5eeade2bd40eb13546522dbd3/Code/GraphMol/FilterCatalog/pains_b.in#L52
primary,pains,ene_rhod_B(16),0,9098,https://raw.githubusercontent.com/rdkit/rdkit/0ece02e9254ef2d5eeade2bd40eb13546522dbd3/Code/GraphMol/FilterCatalog/pains_b.in#L53
primary,pains,thio_carbonate_A(15),0,9098,https://raw.githubusercontent.com/rdkit/rdkit/0ece02e9254ef2d5eeade2bd40eb13546522dbd3/Code/GraphMol/FilterCatalog/pains_b.in#L54
primary,pains,anil_di_alk_furan_A(15),0,9098,https://raw.githubusercontent.com/rdkit/rdkit/0ece02e9254ef2d5eeade2bd40eb13546522dbd3/Code/GraphMol/FilterCatalog/pains_b.in#L55
primary,pains,ene_five_het_F(15),0,9098,https://raw.githubusercontent.com/rdkit/rdkit/0ece02e9254ef2d5eeade2bd40eb13546522dbd3/Code/GraphMol/FilterCatalog/pains_b.in#L56
primary,pains,anil_di_alk_F(14),0,9098,https://raw.githubusercontent.com/rdkit/rdkit/0ece02e9254ef2d5eeade2bd40eb13546522dbd3/Code/GraphMol/FilterCatalog/pains_c.in#L2
primary,pains,hzone_anil(14),0,9098,https://raw.githubusercontent.com/rdkit/rdkit/0ece02e9254ef2d5eeade2bd40eb13546522dbd3/Code/GraphMol/FilterCatalog/pains_c.in#L3
primary,pains,het_5_pyrazole_OH(14),0,9098,https://raw.githubusercontent.com/rdkit/rdkit/0ece02e9254ef2d5eeade2bd40eb13546522dbd3/Code/GraphMol/FilterCatalog/pains_c.in#L4
primary,pains,het_thio_666_A(13),0,9098,https://raw.githubusercontent.com/rdkit/rdkit/0ece02e9254ef2d5eeade2bd40eb13546522dbd3/Code/GraphMol/FilterCatalog/pains_c.in#L5
primary,pains,styrene_A(13),0,9098,https://raw.githubusercontent.com/rdkit/rdkit/0ece02e9254ef2d5eeade2bd40eb13546522dbd3/Code/GraphMol/FilterCatalog/pains_c.in#L6
primary,pains,ene_rhod_C(13),0,9098,https://raw.githubusercontent.com/rdkit/rdkit/0ece02e9254ef2d5eeade2bd40eb13546522dbd3/Code/GraphMol/FilterCatalog/pains_c.in#L7
primary,pains,dhp_amino_CN_A(13),0,9098,https://raw.githubusercontent.com/rdkit/rdkit/0ece02e9254ef2d5eeade2bd40eb13546522dbd3/Code/GraphMol/FilterCatalog/pains_c.in#L8
primary,pains,cyano_imine_C(12),0,9098,https://raw.githubusercontent.com/rdkit/rdkit/0ece02e9254ef2d5eeade2bd40eb13546522dbd3/Code/GraphMol/FilterCatalog/pains_c.in#L9
primary,pains,thio_urea_A(12),0,9098,https://raw.githubusercontent.com/rdkit/rdkit/0ece02e9254ef2d5eeade2bd40eb13546522dbd3/Code/GraphMol/FilterCatalog/pains_c.in#L10
primary,pains,thiophene_amino_B(12),0,9098,https://raw.githubusercontent.com/rdkit/rdkit/0ece02e9254ef2d5eeade2bd40eb13546522dbd3/Code/GraphMol/FilterCatalog/pains_c.in#L11
primary,pains,keto_keto_beta_B(12),0,9098,https://raw.githubusercontent.com/rdkit/rdkit/0ece02e9254ef2d5eeade2bd40eb13546522dbd3/Code/GraphMol/FilterCatalog/pains_c.in#L12
primary,pains,keto_phenone_A(11),1,9098,https://raw.githubusercontent.com/rdkit/rdkit/0ece02e9254ef2d5eeade2bd40eb13546522dbd3/Code/GraphMol/FilterCatalog/pains_c.in#L13
primary,pains,cyano_pyridone_C(11),0,9098,https://raw.githubusercontent.com/rdkit/rdkit/0ece02e9254ef2d5eeade2bd40eb13546522dbd3/Code/GraphMol/FilterCatalog/pains_c.in#L14
primary,pains,thiaz_ene_C(11),0,9098,https://raw.githubusercontent.com/rdkit/rdkit/0ece02e9254ef2d5eeade2bd40eb13546522dbd3/Code/GraphMol/FilterCatalog/pains_c.in#L15
primary,pains,hzone_thiophene_A(11),0,9098,https://raw.githubusercontent.com/rdkit/rdkit/0ece02e9254ef2d5eeade2bd40eb13546522dbd3/Code/GraphMol/FilterCatalog/pains_c.in#L16
primary,pains,ene_quin_methide(10),0,9098,https://raw.githubusercontent.com/rdkit/rdkit/0ece02e9254ef2d5eeade2bd40eb13546522dbd3/Code/GraphMol/FilterCatalog/pains_c.in#L17
primary,pains,het_thio_676_A(10),0,9098,https://raw.githubusercontent.com/rdkit/rdkit/0ece02e9254ef2d5eeade2bd40eb13546522dbd3/Code/GraphMol/FilterCatalog/pains_c.in#L18
primary,pains,ene_five_het_G(10),0,9098,https://raw.githubusercontent.com/rdkit/rdkit/0ece02e9254ef2d5eeade2bd40eb13546522dbd3/Code/GraphMol/FilterCatalog/pains_c.in#L19
primary,pains,acyl_het_A(9),0,9098,https://raw.githubusercontent.com/rdkit/rdkit/0ece02e9254ef2d5eeade2bd40eb13546522dbd3/Code/GraphMol/FilterCatalog/pains_c.in#L20
primary,pains,anil_di_alk_G(9),11,9098,https://raw.githubusercontent.com/rdkit/rdkit/0ece02e9254ef2d5eeade2bd40eb13546522dbd3/Code/GraphMol/FilterCatalog/pains_c.in#L21
primary,pains,dhp_keto_A(9),0,9098,https://raw.githubusercontent.com/rdkit/rdkit/0ece02e9254ef2d5eeade2bd40eb13546522dbd3/Code/GraphMol/FilterCatalog/pains_c.in#L22
primary,pains,thio_urea_B(9),0,9098,https://raw.githubusercontent.com/rdkit/rdkit/0ece02e9254ef2d5eeade2bd40eb13546522dbd3/Code/GraphMol/FilterCatalog/pains_c.in#L23
primary,pains,anil_alk_bim(9),1,9098,https://raw.githubusercontent.com/rdkit/rdkit/0ece02e9254ef2d5eeade2bd40eb13546522dbd3/Code/GraphMol/FilterCatalog/pains_c.in#L24
primary,pains,imine_imine_A(9),0,9098,https://raw.githubusercontent.com/rdkit/rdkit/0ece02e9254ef2d5eeade2bd40eb13546522dbd3/Code/GraphMol/FilterCatalog/pains_c.in#L25
primary,pains,thio_urea_C(9),0,9098,https://raw.githubusercontent.com/rdkit/rdkit/0ece02e9254ef2d5eeade2bd40eb13546522dbd3/Code/GraphMol/FilterCatalog/pains_c.in#L26
primary,pains,imine_one_fives_B(9),0,9098,https://raw.githubusercontent.com/rdkit/rdkit/0ece02e9254ef2d5eeade2bd40eb13546522dbd3/Code/GraphMol/FilterCatalog/pains_c.in#L27
primary,pains,dhp_amino_CN_B(9),0,9098,https://raw.githubusercontent.com/rdkit/rdkit/0ece02e9254ef2d5eeade2bd40eb13546522dbd3/Code/GraphMol/FilterCatalog/pains_c.in#L28
primary,pains,anil_OC_no_alk_A(8),0,9098,https://raw.githubusercontent.com/rdkit/rdkit/0ece02e9254ef2d5eeade2bd40eb13546522dbd3/Code/GraphMol/FilterCatalog/pains_c.in#L29
primary,pains,het_thio_66_one(8),0,9098,https://raw.githubusercontent.com/rdkit/rdkit/0ece02e9254ef2d5eeade2bd40eb13546522dbd3/Code/GraphMol/FilterCatalog/pains_c.in#L30
primary,pains,styrene_B(8),1,9098,https://raw.githubusercontent.com/rdkit/rdkit/0ece02e9254ef2d5eeade2bd40eb13546522dbd3/Code/GraphMol/FilterCatalog/pains_c.in#L31
primary,pains,het_thio_5_A(8),0,9098,https://raw.githubusercontent.com/rdkit/rdkit/0ece02e9254ef2d5eeade2bd40eb13546522dbd3/Code/GraphMol/FilterCatalog/pains_c.in#L32
primary,pains,anil_di_alk_ene_A(8),0,9098,https://raw.githubusercontent.com/rdkit/rdkit/0ece02e9254ef2d5eeade2bd40eb13546522dbd3/Code/GraphMol/FilterCatalog/pains_c.in#L33
primary,pains,ene_rhod_D(8),0,9098,https://raw.githubusercontent.com/rdkit/rdkit/0ece02e9254ef2d5eeade2bd40eb13546522dbd3/Code/GraphMol/FilterCatalog/pains_c.in#L34
primary,pains,ene_rhod_E(8),0,9098,https://raw.githubusercontent.com/rdkit/rdkit/0ece02e9254ef2d5eeade2bd40eb13546522dbd3/Code/GraphMol/FilterCatalog/pains_c.in#L35
primary,pains,anil_OH_alk_A(8),0,9098,https://raw.githubusercontent.com/rdkit/rdkit/0ece02e9254ef2d5eeade2bd40eb13546522dbd3/Code/GraphMol/FilterCatalog/pains_c.in#L36
primary,pains,pyrrole_C(8),8,9098,https://raw.githubusercontent.com/rdkit/rdkit/0ece02e9254ef2d5eeade2bd40eb13546522dbd3/Code/GraphMol/FilterCatalog/pains_c.in#L37
primary,pains,thio_urea_D(8),0,9098,https://raw.githubusercontent.com/rdkit/rdkit/0ece02e9254ef2d5eeade2bd40eb13546522dbd3/Code/GraphMol/FilterCatalog/pains_c.in#L38
primary,pains,thiaz_ene_D(8),0,9098,https://raw.githubusercontent.com/rdkit/rdkit/0ece02e9254ef2d5eeade2bd40eb13546522dbd3/Code/GraphMol/FilterCatalog/pains_c.in#L39
primary,pains,ene_rhod_F(8),0,9098,https://raw.githubusercontent.com/rdkit/rdkit/0ece02e9254ef2d5eeade2bd40eb13546522dbd3/Code/GraphMol/FilterCatalog/pains_c.in#L40
primary,pains,thiaz_ene_E(8),0,9098,https://raw.githubusercontent.com/rdkit/rdkit/0ece02e9254ef2d5eeade2bd40eb13546522dbd3/Code/GraphMol/FilterCatalog/pains_c.in#L41
primary,pains,het_65_B(7),0,9098,https://raw.githubusercontent.com/rdkit/rdkit/0ece02e9254ef2d5eeade2bd40eb13546522dbd3/Code/GraphMol/FilterCatalog/pains_c.in#L42
primary,pains,keto_keto_beta_C(7),0,9098,https://raw.githubusercontent.com/rdkit/rdkit/0ece02e9254ef2d5eeade2bd40eb13546522dbd3/Code/GraphMol/FilterCatalog/pains_c.in#L43
primary,pains,het_66_A(7),0,9098,https://raw.githubusercontent.com/rdkit/rdkit/0ece02e9254ef2d5eeade2bd40eb13546522dbd3/Code/GraphMol/FilterCatalog/pains_c.in#L44
primary,pains,thio_urea_E(7),0,9098,https://raw.githubusercontent.com/rdkit/rdkit/0ece02e9254ef2d5eeade2bd40eb13546522dbd3/Code/GraphMol/FilterCatalog/pains_c.in#L45
primary,pains,thiophene_amino_C(7),0,9098,https://raw.githubusercontent.com/rdkit/rdkit/0ece02e9254ef2d5eeade2bd40eb13546522dbd3/Code/GraphMol/FilterCatalog/pains_c.in#L46
primary,pains,hzone_phenone(7),0,9098,https://raw.githubusercontent.com/rdkit/rdkit/0ece02e9254ef2d5eeade2bd40eb13546522dbd3/Code/GraphMol/FilterCatalog/pains_c.in#L47
primary,pains,ene_rhod_G(7),0,9098,https://raw.githubusercontent.com/rdkit/rdkit/0ece02e9254ef2d5eeade2bd40eb13546522dbd3/Code/GraphMol/FilterCatalog/pains_c.in#L48
primary,pains,ene_cyano_B(7),0,9098,https://raw.githubusercontent.com/rdkit/rdkit/0ece02e9254ef2d5eeade2bd40eb13546522dbd3/Code/GraphMol/FilterCatalog/pains_c.in#L49
primary,pains,dhp_amino_CN_C(7),0,9098,https://raw.githubusercontent.com/rdkit/rdkit/0ece02e9254ef2d5eeade2bd40eb13546522dbd3/Code/GraphMol/FilterCatalog/pains_c.in#L50
primary,pains,het_5_A(7),0,9098,https://raw.githubusercontent.com/rdkit/rdkit/0ece02e9254ef2d5eeade2bd40eb13546522dbd3/Code/GraphMol/FilterCatalog/pains_c.in#L51
primary,pains,ene_five_het_H(6),0,9098,https://raw.githubusercontent.com/rdkit/rdkit/0ece02e9254ef2d5eeade2bd40eb13546522dbd3/Code/GraphMol/FilterCatalog/pains_c.in#L52
primary,pains,thio_amide_A(6),0,9098,https://raw.githubusercontent.com/rdkit/rdkit/0ece02e9254ef2d5eeade2bd40eb13546522dbd3/Code/GraphMol/FilterCatalog/pains_c.in#L53
primary,pains,ene_cyano_C(6),0,9098,https://raw.githubusercontent.com/rdkit/rdkit/0ece02e9254ef2d5eeade2bd40eb13546522dbd3/Code/GraphMol/FilterCatalog/pains_c.in#L54
primary,pains,hzone_furan_A(6),0,9098,https://raw.githubusercontent.com/rdkit/rdkit/0ece02e9254ef2d5eeade2bd40eb13546522dbd3/Code/GraphMol/FilterCatalog/pains_c.in#L55
primary,pains,anil_di_alk_H(6),0,9098,https://raw.githubusercontent.com/rdkit/rdkit/0ece02e9254ef2d5eeade2bd40eb13546522dbd3/Code/GraphMol/FilterCatalog/pains_c.in#L56
primary,pains,het_65_C(6),0,9098,https://raw.githubusercontent.com/rdkit/rdkit/0ece02e9254ef2d5eeade2bd40eb13546522dbd3/Code/GraphMol/FilterCatalog/pains_c.in#L57
primary,pains,thio_urea_F(6),0,9098,https://raw.githubusercontent.com/rdkit/rdkit/0ece02e9254ef2d5eeade2bd40eb13546522dbd3/Code/GraphMol/FilterCatalog/pains_c.in#L58
primary,pains,ene_five_het_I(6),0,9098,https://raw.githubusercontent.com/rdkit/rdkit/0ece02e9254ef2d5eeade2bd40eb13546522dbd3/Code/GraphMol/FilterCatalog/pains_c.in#L59
primary,pains,keto_keto_gamma(5),1,9098,https://raw.githubusercontent.com/rdkit/rdkit/0ece02e9254ef2d5eeade2bd40eb13546522dbd3/Code/GraphMol/FilterCatalog/pains_c.in#L60
primary,pains,quinone_B(5),0,9098,https://raw.githubusercontent.com/rdkit/rdkit/0ece02e9254ef2d5eeade2bd40eb13546522dbd3/Code/GraphMol/FilterCatalog/pains_c.in#L61
primary,pains,het_6_pyridone_OH(5),0,9098,https://raw.githubusercontent.com/rdkit/rdkit/0ece02e9254ef2d5eeade2bd40eb13546522dbd3/Code/GraphMol/FilterCatalog/pains_c.in#L62
primary,pains,hzone_naphth_A(5),0,9098,https://raw.githubusercontent.com/rdkit/rdkit/0ece02e9254ef2d5eeade2bd40eb13546522dbd3/Code/GraphMol/FilterCatalog/pains_c.in#L63
primary,pains,thio_ester_A(5),0,9098,https://raw.githubusercontent.com/rdkit/rdkit/0ece02e9254ef2d5eeade2bd40eb13546522dbd3/Code/GraphMol/FilterCatalog/pains_c.in#L64
primary,pains,ene_misc_A(5),0,9098,https://raw.githubusercontent.com/rdkit/rdkit/0ece02e9254ef2d5eeade2bd40eb13546522dbd3/Code/GraphMol/FilterCatalog/pains_c.in#L65
primary,pains,cyano_pyridone_D(5),0,9098,https://raw.githubusercontent.com/rdkit/rdkit/0ece02e9254ef2d5eeade2bd40eb13546522dbd3/Code/GraphMol/FilterCatalog/pains_c.in#L66
primary,pains,het_65_Db(5),0,9098,https://raw.githubusercontent.com/rdkit/rdkit/0ece02e9254ef2d5eeade2bd40eb13546522dbd3/Code/GraphMol/FilterCatalog/pains_c.in#L67
primary,pains,het_666_A(5),0,9098,https://raw.githubusercontent.com/rdkit/rdkit/0ece02e9254ef2d5eeade2bd40eb13546522dbd3/Code/GraphMol/FilterCatalog/pains_c.in#L68
primary,pains,diazox_sulfon_B(5),0,9098,https://raw.githubusercontent.com/rdkit/rdkit/0ece02e9254ef2d5eeade2bd40eb13546522dbd3/Code/GraphMol/FilterCatalog/pains_c.in#L69
primary,pains,anil_NH_alk_A(5),0,9098,https://raw.githubusercontent.com/rdkit/rdkit/0ece02e9254ef2d5eeade2bd40eb13546522dbd3/Code/GraphMol/FilterCatalog/pains_c.in#L70
primary,pains,sulfonamide_C(5),0,9098,https://raw.githubusercontent.com/rdkit/rdkit/0ece02e9254ef2d5eeade2bd40eb13546522dbd3/Code/GraphMol/FilterCatalog/pains_c.in#L71
primary,pains,het_thio_N_55(5),0,9098,https://raw.githubusercontent.com/rdkit/rdkit/0ece02e9254ef2d5eeade2bd40eb13546522dbd3/Code/GraphMol/FilterCatalog/pains_c.in#L72
primary,pains,keto_keto_beta_D(5),0,9098,https://raw.githubusercontent.com/rdkit/rdkit/0ece02e9254ef2d5eeade2bd40eb13546522dbd3/Code/GraphMol/FilterCatalog/pains_c.in#L73
primary,pains,ene_rhod_H(5),0,9098,https://raw.githubusercontent.com/rdkit/rdkit/0ece02e9254ef2d5eeade2bd40eb13546522dbd3/Code/GraphMol/FilterCatalog/pains_c.in#L74
primary,pains,imine_ene_A(5),0,9098,https://raw.githubusercontent.com/rdkit/rdkit/0ece02e9254ef2d5eeade2bd40eb13546522dbd3/Code/GraphMol/FilterCatalog/pains_c.in#L75
primary,pains,het_thio_656a(5),0,9098,https://raw.githubusercontent.com/rdkit/rdkit/0ece02e9254ef2d5eeade2bd40eb13546522dbd3/Code/GraphMol/FilterCatalog/pains_c.in#L76
primary,pains,pyrrole_D(5),0,9098,https://raw.githubusercontent.com/rdkit/rdkit/0ece02e9254ef2d5eeade2bd40eb13546522dbd3/Code/GraphMol/FilterCatalog/pains_c.in#L77
primary,pains,pyrrole_E(5),0,9098,https://raw.githubusercontent.com/rdkit/rdkit/0ece02e9254ef2d5eeade2bd40eb13546522dbd3/Code/GraphMol/FilterCatalog/pains_c.in#L78
primary,pains,thio_urea_G(5),0,9098,https://raw.githubusercontent.com/rdkit/rdkit/0ece02e9254ef2d5eeade2bd40eb13546522dbd3/Code/GraphMol/FilterCatalog/pains_c.in#L79
primary,pains,anisol_A(5),0,9098,https://raw.githubusercontent.com/rdkit/rdkit/0ece02e9254ef2d5eeade2bd40eb13546522dbd3/Code/GraphMol/FilterCatalog/pains_c.in#L80
primary,pains,pyrrole_F(5),0,9098,https://raw.githubusercontent.com/rdkit/rdkit/0ece02e9254ef2d5eeade2bd40eb13546522dbd3/Code/GraphMol/FilterCatalog/pains_c.in#L81
primary,pains,dhp_amino_CN_D(5),0,9098,https://raw.githubusercontent.com/rdkit/rdkit/0ece02e9254ef2d5eeade2bd40eb13546522dbd3/Code/GraphMol/FilterCatalog/pains_c.in#L82
primary,pains,thiazole_amine_A(4),0,9098,https://raw.githubusercontent.com/rdkit/rdkit/0ece02e9254ef2d5eeade2bd40eb13546522dbd3/Code/GraphMol/FilterCatalog/pains_c.in#L83
primary,pains,het_6_imidate_A(4),0,9098,https://raw.githubusercontent.com/rdkit/rdkit/0ece02e9254ef2d5eeade2bd40eb13546522dbd3/Code/GraphMol/FilterCatalog/pains_c.in#L84
primary,pains,anil_OC_no_alk_B(4),1,9098,https://raw.githubusercontent.com/rdkit/rdkit/0ece02e9254ef2d5eeade2bd40eb13546522dbd3/Code/GraphMol/FilterCatalog/pains_c.in#L85
primary,pains,styrene_C(4),0,9098,https://raw.githubusercontent.com/rdkit/rdkit/0ece02e9254ef2d5eeade2bd40eb13546522dbd3/Code/GraphMol/FilterCatalog/pains_c.in#L86
primary,pains,azulene(4),0,9098,https://raw.githubusercontent.com/rdkit/rdkit/0ece02e9254ef2d5eeade2bd40eb13546522dbd3/Code/GraphMol/FilterCatalog/pains_c.in#L87
primary,pains,furan_acid_A(4),0,9098,https://raw.githubusercontent.com/rdkit/rdkit/0ece02e9254ef2d5eeade2bd40eb13546522dbd3/Code/GraphMol/FilterCatalog/pains_c.in#L88
primary,pains,cyano_pyridone_E(4),0,9098,https://raw.githubusercontent.com/rdkit/rdkit/0ece02e9254ef2d5eeade2bd40eb13546522dbd3/Code/GraphMol/FilterCatalog/pains_c.in#L89
primary,pains,anil_alk_thio(4),0,9098,https://raw.githubusercontent.com/rdkit/rdkit/0ece02e9254ef2d5eeade2bd40eb13546522dbd3/Code/GraphMol/FilterCatalog/pains_c.in#L90
primary,pains,anil_di_alk_I(4),0,9098,https://raw.githubusercontent.com/rdkit/rdkit/0ece02e9254ef2d5eeade2bd40eb13546522dbd3/Code/GraphMol/FilterCatalog/pains_c.in#L91
primary,pains,het_thio_6_furan(4),0,9098,https://raw.githubusercontent.com/rdkit/rdkit/0ece02e9254ef2d5eeade2bd40eb13546522dbd3/Code/GraphMol/FilterCatalog/pains_c.in#L92
primary,pains,anil_di_alk_ene_B(4),0,9098,https://raw.githubusercontent.com/rdkit/rdkit/0ece02e9254ef2d5eeade2bd40eb13546522dbd3/Code/GraphMol/FilterCatalog/pains_c.in#L93
primary,pains,imine_one_B(4),0,9098,https://raw.githubusercontent.com/rdkit/rdkit/0ece02e9254ef2d5eeade2bd40eb13546522dbd3/Code/GraphMol/FilterCatalog/pains_c.in#L94
primary,pains,anil_OC_alk_A(4),0,9098,https://raw.githubusercontent.com/rdkit/rdkit/0ece02e9254ef2d5eeade2bd40eb13546522dbd3/Code/GraphMol/FilterCatalog/pains_c.in#L95
primary,pains,ene_five_het_J(4),0,9098,https://raw.githubusercontent.com/rdkit/rdkit/0ece02e9254ef2d5eeade2bd40eb13546522dbd3/Code/GraphMol/FilterCatalog/pains_c.in#L96
primary,pains,pyrrole_G(4),0,9098,https://raw.githubusercontent.com/rdkit/rdkit/0ece02e9254ef2d5eeade2bd40eb13546522dbd3/Code/GraphMol/FilterCatalog/pains_c.in#L97
primary,pains,ene_five_het_K(4),0,9098,https://raw.githubusercontent.com/rdkit/rdkit/0ece02e9254ef2d5eeade2bd40eb13546522dbd3/Code/GraphMol/FilterCatalog/pains_c.in#L98
primary,pains,cyano_ene_amine_B(4),0,9098,https://raw.githubusercontent.com/rdkit/rdkit/0ece02e9254ef2d5eeade2bd40eb13546522dbd3/Code/GraphMol/FilterCatalog/pains_c.in#L99
primary,pains,thio_ester_B(4),0,9098,https://raw.githubusercontent.com/rdkit/rdkit/0ece02e9254ef2d5eeade2bd40eb13546522dbd3/Code/GraphMol/FilterCatalog/pains_c.in#L100
primary,pains,ene_five_het_L(4),14,9098,https://raw.githubusercontent.com/rdkit/rdkit/0ece02e9254ef2d5eeade2bd40eb13546522dbd3/Code/GraphMol/FilterCatalog/pains_c.in#L101
primary,pains,hzone_thiophene_B(4),0,9098,https://raw.githubusercontent.com/rdkit/rdkit/0ece02e9254ef2d5eeade2bd40eb13546522dbd3/Code/GraphMol/FilterCatalog/pains_c.in#L102
primary,pains,dhp_amino_CN_E(4),0,9098,https://raw.githubusercontent.com/rdkit/rdkit/0ece02e9254ef2d5eeade2bd40eb13546522dbd3/Code/GraphMol/FilterCatalog/pains_c.in#L103
primary,pains,het_5_B(4),0,9098,https://raw.githubusercontent.com/rdkit/rdkit/0ece02e9254ef2d5eeade2bd40eb13546522dbd3/Code/GraphMol/FilterCatalog/pains_c.in#L104
primary,pains,imine_imine_B(3),0,9098,https://raw.githubusercontent.com/rdkit/rdkit/0ece02e9254ef2d5eeade2bd40eb13546522dbd3/Code/GraphMol/FilterCatalog/pains_c.in#L105
primary,pains,thiazole_amine_B(3),0,9098,https://raw.githubusercontent.com/rdkit/rdkit/0ece02e9254ef2d5eeade2bd40eb13546522dbd3/Code/GraphMol/FilterCatalog/pains_c.in#L106
primary,pains,imine_ene_one_A(3),0,9098,https://raw.githubusercontent.com/rdkit/rdkit/0ece02e9254ef2d5eeade2bd40eb13546522dbd3/Code/GraphMol/FilterCatalog/pains_c.in#L107
primary,pains,diazox_A(3),0,9098,https://raw.githubusercontent.com/rdkit/rdkit/0ece02e9254ef2d5eeade2bd40eb13546522dbd3/Code/GraphMol/FilterCatalog/pains_c.in#L108
primary,pains,ene_one_A(3),0,9098,https://raw.githubusercontent.com/rdkit/rdkit/0ece02e9254ef2d5eeade2bd40eb13546522dbd3/Code/GraphMol/FilterCatalog/pains_c.in#L109
primary,pains,anil_OC_no_alk_C(3),0,9098,https://raw.githubusercontent.com/rdkit/rdkit/0ece02e9254ef2d5eeade2bd40eb13546522dbd3/Code/GraphMol/FilterCatalog/pains_c.in#L110
primary,pains,thiazol_SC_A(3),2,9098,https://raw.githubusercontent.com/rdkit/rdkit/0ece02e9254ef2d5eeade2bd40eb13546522dbd3/Code/GraphMol/FilterCatalog/pains_c.in#L111
primary,pains,het_666_B(3),0,9098,https://raw.githubusercontent.com/rdkit/rdkit/0ece02e9254ef2d5eeade2bd40eb13546522dbd3/Code/GraphMol/FilterCatalog/pains_c.in#L112
primary,pains,furan_A(3),0,9098,https://raw.githubusercontent.com/rdkit/rdkit/0ece02e9254ef2d5eeade2bd40eb13546522dbd3/Code/GraphMol/FilterCatalog/pains_c.in#L113
primary,pains,colchicine_A(3),0,9098,https://raw.githubusercontent.com/rdkit/rdkit/0ece02e9254ef2d5eeade2bd40eb13546522dbd3/Code/GraphMol/FilterCatalog/pains_c.in#L114
primary,pains,thiophene_C(3),0,9098,https://raw.githubusercontent.com/rdkit/rdkit/0ece02e9254ef2d5eeade2bd40eb13546522dbd3/Code/GraphMol/FilterCatalog/pains_c.in#L115
primary,pains,anil_OC_alk_B(3),0,9098,https://raw.githubusercontent.com/rdkit/rdkit/0ece02e9254ef2d5eeade2bd40eb13546522dbd3/Code/GraphMol/FilterCatalog/pains_c.in#L116
primary,pains,het_thio_66_A(3),0,9098,https://raw.githubusercontent.com/rdkit/rdkit/0ece02e9254ef2d5eeade2bd40eb13546522dbd3/Code/GraphMol/FilterCatalog/pains_c.in#L117
primary,pains,rhod_sat_B(3),0,9098,https://raw.githubusercontent.com/rdkit/rdkit/0ece02e9254ef2d5eeade2bd40eb13546522dbd3/Code/GraphMol/FilterCatalog/pains_c.in#L118
primary,pains,ene_rhod_I(3),0,9098,https://raw.githubusercontent.com/rdkit/rdkit/0ece02e9254ef2d5eeade2bd40eb13546522dbd3/Code/GraphMol/FilterCatalog/pains_c.in#L119
primary,pains,keto_thiophene(3),0,9098,https://raw.githubusercontent.com/rdkit/rdkit/0ece02e9254ef2d5eeade2bd40eb13546522dbd3/Code/GraphMol/FilterCatalog/pains_c.in#L120
primary,pains,imine_imine_C(3),0,9098,https://raw.githubusercontent.com/rdkit/rdkit/0ece02e9254ef2d5eeade2bd40eb13546522dbd3/Code/GraphMol/FilterCatalog/pains_c.in#L121
primary,pains,het_65_pyridone_A(3),0,9098,https://raw.githubusercontent.com/rdkit/rdkit/0ece02e9254ef2d5eeade2bd40eb13546522dbd3/Code/GraphMol/FilterCatalog/pains_c.in#L122
primary,pains,thiazole_amine_C(3),0,9098,https://raw.githubusercontent.com/rdkit/rdkit/0ece02e9254ef2d5eeade2bd40eb13546522dbd3/Code/GraphMol/FilterCatalog/pains_c.in#L123
primary,pains,het_thio_pyr_A(3),0,9098,https://raw.githubusercontent.com/rdkit/rdkit/0ece02e9254ef2d5eeade2bd40eb13546522dbd3/Code/GraphMol/FilterCatalog/pains_c.in#L124
primary,pains,melamine_A(3),0,9098,https://raw.githubusercontent.com/rdkit/rdkit/0ece02e9254ef2d5eeade2bd40eb13546522dbd3/Code/GraphMol/FilterCatalog/pains_c.in#L125
primary,pains,anil_NH_alk_B(3),0,9098,https://raw.githubusercontent.com/rdkit/rdkit/0ece02e9254ef2d5eeade2bd40eb13546522dbd3/Code/GraphMol/FilterCatalog/pains_c.in#L126
primary,pains,rhod_sat_C(3),0,9098,https://raw.githubusercontent.com/rdkit/rdkit/0ece02e9254ef2d5eeade2bd40eb13546522dbd3/Code/GraphMol/FilterCatalog/pains_c.in#L127
primary,pains,thiophene_amino_D(3),0,9098,https://raw.githubusercontent.com/rdkit/rdkit/0ece02e9254ef2d5eeade2bd40eb13546522dbd3/Code/GraphMol/FilterCatalog/pains_c.in#L128
primary,pains,anil_OC_alk_C(3),0,9098,https://raw.githubusercontent.com/rdkit/rdkit/0ece02e9254ef2d5eeade2bd40eb13546522dbd3/Code/GraphMol/FilterCatalog/pains_c.in#L129
primary,pains,het_thio_65_A(3),0,9098,https://raw.githubusercontent.com/rdkit/rdkit/0ece02e9254ef2d5eeade2bd40eb13546522dbd3/Code/GraphMol/FilterCatalog/pains_c.in#L130
primary,pains,het_thio_656b(3),0,9098,https://raw.githubusercontent.com/rdkit/rdkit/0ece02e9254ef2d5eeade2bd40eb13546522dbd3/Code/GraphMol/FilterCatalog/pains_c.in#L131
primary,pains,thiazole_amine_D(3),0,9098,https://raw.githubusercontent.com/rdkit/rdkit/0ece02e9254ef2d5eeade2bd40eb13546522dbd3/Code/GraphMol/FilterCatalog/pains_c.in#L132
primary,pains,thio_urea_H(3),0,9098,https://raw.githubusercontent.com/rdkit/rdkit/0ece02e9254ef2d5eeade2bd40eb13546522dbd3/Code/GraphMol/FilterCatalog/pains_c.in#L133
primary,pains,cyano_pyridone_F(3),0,9098,https://raw.githubusercontent.com/rdkit/rdkit/0ece02e9254ef2d5eeade2bd40eb13546522dbd3/Code/GraphMol/FilterCatalog/pains_c.in#L134
primary,pains,rhod_sat_D(3),0,9098,https://raw.githubusercontent.com/rdkit/rdkit/0ece02e9254ef2d5eeade2bd40eb13546522dbd3/Code/GraphMol/FilterCatalog/pains_c.in#L135
primary,pains,ene_rhod_J(3),0,9098,https://raw.githubusercontent.com/rdkit/rdkit/0ece02e9254ef2d5eeade2bd40eb13546522dbd3/Code/GraphMol/FilterCatalog/pains_c.in#L136
primary,pains,imine_phenol_A(3),0,9098,https://raw.githubusercontent.com/rdkit/rdkit/0ece02e9254ef2d5eeade2bd40eb13546522dbd3/Code/GraphMol/FilterCatalog/pains_c.in#L137
primary,pains,thio_carbonate_B(3),0,9098,https://raw.githubusercontent.com/rdkit/rdkit/0ece02e9254ef2d5eeade2bd40eb13546522dbd3/Code/GraphMol/FilterCatalog/pains_c.in#L138
primary,pains,het_thio_N_5A(3),0,9098,https://raw.githubusercontent.com/rdkit/rdkit/0ece02e9254ef2d5eeade2bd40eb13546522dbd3/Code/GraphMol/FilterCatalog/pains_c.in#L139
primary,pains,het_thio_N_65A(3),0,9098,https://raw.githubusercontent.com/rdkit/rdkit/0ece02e9254ef2d5eeade2bd40eb13546522dbd3/Code/GraphMol/FilterCatalog/pains_c.in#L140
primary,pains,anil_di_alk_J(3),0,9098,https://raw.githubusercontent.com/rdkit/rdkit/0ece02e9254ef2d5eeade2bd40eb13546522dbd3/Code/GraphMol/FilterCatalog/pains_c.in#L141
primary,pains,pyrrole_H(3),0,9098,https://raw.githubusercontent.com/rdkit/rdkit/0ece02e9254ef2d5eeade2bd40eb13546522dbd3/Code/GraphMol/FilterCatalog/pains_c.in#L142
primary,pains,ene_cyano_D(3),0,9098,https://raw.githubusercontent.com/rdkit/rdkit/0ece02e9254ef2d5eeade2bd40eb13546522dbd3/Code/GraphMol/FilterCatalog/pains_c.in#L143
primary,pains,cyano_cyano_B(3),0,9098,https://raw.githubusercontent.com/rdkit/rdkit/0ece02e9254ef2d5eeade2bd40eb13546522dbd3/Code/GraphMol/FilterCatalog/pains_c.in#L144
primary,pains,ene_five_het_M(3),0,9098,https://raw.githubusercontent.com/rdkit/rdkit/0ece02e9254ef2d5eeade2bd40eb13546522dbd3/Code/GraphMol/FilterCatalog/pains_c.in#L145
primary,pains,cyano_ene_amine_C(3),0,9098,https://raw.githubusercontent.com/rdkit/rdkit/0ece02e9254ef2d5eeade2bd40eb13546522dbd3/Code/GraphMol/FilterCatalog/pains_c.in#L146
primary,pains,thio_urea_I(3),0,9098,https://raw.githubusercontent.com/rdkit/rdkit/0ece02e9254ef2d5eeade2bd40eb13546522dbd3/Code/GraphMol/FilterCatalog/pains_c.in#L147
primary,pains,dhp_amino_CN_F(3),0,9098,https://raw.githubusercontent.com/rdkit/rdkit/0ece02e9254ef2d5eeade2bd40eb13546522dbd3/Code/GraphMol/FilterCatalog/pains_c.in#L148
primary,pains,anthranil_acid_B(3),0,9098,https://raw.githubusercontent.com/rdkit/rdkit/0ece02e9254ef2d5eeade2bd40eb13546522dbd3/Code/GraphMol/FilterCatalog/pains_c.in#L149
primary,pains,diazox_B(3),0,9098,https://raw.githubusercontent.com/rdkit/rdkit/0ece02e9254ef2d5eeade2bd40eb13546522dbd3/Code/GraphMol/FilterCatalog/pains_c.in#L150
primary,pains,thio_aldehyd_A(3),0,9098,https://raw.githubusercontent.com/rdkit/rdkit/0ece02e9254ef2d5eeade2bd40eb13546522dbd3/Code/GraphMol/FilterCatalog/pains_c.in#L151
primary,pains,thio_amide_B(2),0,9098,https://raw.githubusercontent.com/rdkit/rdkit/0ece02e9254ef2d5eeade2bd40eb13546522dbd3/Code/GraphMol/FilterCatalog/pains_c.in#L152
primary,pains,imidazole_B(2),0,9098,https://raw.githubusercontent.com/rdkit/rdkit/0ece02e9254ef2d5eeade2bd40eb13546522dbd3/Code/GraphMol/FilterCatalog/pains_c.in#L153
primary,pains,thiazole_amine_E(2),0,9098,https://raw.githubusercontent.com/rdkit/rdkit/0ece02e9254ef2d5eeade2bd40eb13546522dbd3/Code/GraphMol/FilterCatalog/pains_c.in#L154
primary,pains,thiazole_amine_F(2),0,9098,https://raw.githubusercontent.com/rdkit/rdkit/0ece02e9254ef2d5eeade2bd40eb13546522dbd3/Code/GraphMol/FilterCatalog/pains_c.in#L155
primary,pains,thio_ester_C(2),0,9098,https://raw.githubusercontent.com/rdkit/rdkit/0ece02e9254ef2d5eeade2bd40eb13546522dbd3/Code/GraphMol/FilterCatalog/pains_c.in#L156
primary,pains,ene_one_B(2),0,9098,https://raw.githubusercontent.com/rdkit/rdkit/0ece02e9254ef2d5eeade2bd40eb13546522dbd3/Code/GraphMol/FilterCatalog/pains_c.in#L157
primary,pains,quinone_C(2),0,9098,https://raw.githubusercontent.com/rdkit/rdkit/0ece02e9254ef2d5eeade2bd40eb13546522dbd3/Code/GraphMol/FilterCatalog/pains_c.in#L158
primary,pains,keto_naphthol_A(2),0,9098,https://raw.githubusercontent.com/rdkit/rdkit/0ece02e9254ef2d5eeade2bd40eb13546522dbd3/Code/GraphMol/FilterCatalog/pains_c.in#L159
primary,pains,thio_amide_C(2),0,9098,https://raw.githubusercontent.com/rdkit/rdkit/0ece02e9254ef2d5eeade2bd40eb13546522dbd3/Code/GraphMol/FilterCatalog/pains_c.in#L160
primary,pains,phthalimide_misc(2),0,9098,https://raw.githubusercontent.com/rdkit/rdkit/0ece02e9254ef2d5eeade2bd40eb13546522dbd3/Code/GraphMol/FilterCatalog/pains_c.in#L161
primary,pains,sulfonamide_D(2),0,9098,https://raw.githubusercontent.com/rdkit/rdkit/0ece02e9254ef2d5eeade2bd40eb13546522dbd3/Code/GraphMol/FilterCatalog/pains_c.in#L162
primary,pains,anil_NH_alk_C(2),0,9098,https://raw.githubusercontent.com/rdkit/rdkit/0ece02e9254ef2d5eeade2bd40eb13546522dbd3/Code/GraphMol/FilterCatalog/pains_c.in#L163
primary,pains,het_65_E(2),0,9098,https://raw.githubusercontent.com/rdkit/rdkit/0ece02e9254ef2d5eeade2bd40eb13546522dbd3/Code/GraphMol/FilterCatalog/pains_c.in#L164
primary,pains,hzide_naphth(2),0,9098,https://raw.githubusercontent.com/rdkit/rdkit/0ece02e9254ef2d5eeade2bd40eb13546522dbd3/Code/GraphMol/FilterCatalog/pains_c.in#L165
primary,pains,anisol_B(2),0,9098,https://raw.githubusercontent.com/rdkit/rdkit/0ece02e9254ef2d5eeade2bd40eb13546522dbd3/Code/GraphMol/FilterCatalog/pains_c.in#L166
primary,pains,thio_carbam_ene(2),0,9098,https://raw.githubusercontent.com/rdkit/rdkit/0ece02e9254ef2d5eeade2bd40eb13546522dbd3/Code/GraphMol/FilterCatalog/pains_c.in#L167
primary,pains,thio_amide_D(2),0,9098,https://raw.githubusercontent.com/rdkit/rdkit/0ece02e9254ef2d5eeade2bd40eb13546522dbd3/Code/GraphMol/FilterCatalog/pains_c.in#L168
primary,pains,het_65_Da(2),0,9098,https://raw.githubusercontent.com/rdkit/rdkit/0ece02e9254ef2d5eeade2bd40eb13546522dbd3/Code/GraphMol/FilterCatalog/pains_c.in#L169
primary,pains,thiophene_D(2),0,9098,https://raw.githubusercontent.com/rdkit/rdkit/0ece02e9254ef2d5eeade2bd40eb13546522dbd3/Code/GraphMol/FilterCatalog/pains_c.in#L170
primary,pains,het_thio_6_ene(2),0,9098,https://raw.githubusercontent.com/rdkit/rdkit/0ece02e9254ef2d5eeade2bd40eb13546522dbd3/Code/GraphMol/FilterCatalog/pains_c.in#L171
primary,pains,cyano_keto_A(2),0,9098,https://raw.githubusercontent.com/rdkit/rdkit/0ece02e9254ef2d5eeade2bd40eb13546522dbd3/Code/GraphMol/FilterCatalog/pains_c.in#L172
primary,pains,anthranil_acid_C(2),0,9098,https://raw.githubusercontent.com/rdkit/rdkit/0ece02e9254ef2d5eeade2bd40eb13546522dbd3/Code/GraphMol/FilterCatalog/pains_c.in#L173
primary,pains,naphth_amino_C(2),0,9098,https://raw.githubusercontent.com/rdkit/rdkit/0ece02e9254ef2d5eeade2bd40eb13546522dbd3/Code/GraphMol/FilterCatalog/pains_c.in#L174
primary,pains,naphth_amino_D(2),0,9098,https://raw.githubusercontent.com/rdkit/rdkit/0ece02e9254ef2d5eeade2bd40eb13546522dbd3/Code/GraphMol/FilterCatalog/pains_c.in#L175
primary,pains,thiazole_amine_G(2),0,9098,https://raw.githubusercontent.com/rdkit/rdkit/0ece02e9254ef2d5eeade2bd40eb13546522dbd3/Code/GraphMol/FilterCatalog/pains_c.in#L176
primary,pains,het_66_B(2),1,9098,https://raw.githubusercontent.com/rdkit/rdkit/0ece02e9254ef2d5eeade2bd40eb13546522dbd3/Code/GraphMol/FilterCatalog/pains_c.in#L177
primary,pains,coumarin_A(2),0,9098,https://raw.githubusercontent.com/rdkit/rdkit/0ece02e9254ef2d5eeade2bd40eb13546522dbd3/Code/GraphMol/FilterCatalog/pains_c.in#L178
primary,pains,anthranil_acid_D(2),0,9098,https://raw.githubusercontent.com/rdkit/rdkit/0ece02e9254ef2d5eeade2bd40eb13546522dbd3/Code/GraphMol/FilterCatalog/pains_c.in#L179
primary,pains,het_66_C(2),0,9098,https://raw.githubusercontent.com/rdkit/rdkit/0ece02e9254ef2d5eeade2bd40eb13546522dbd3/Code/GraphMol/FilterCatalog/pains_c.in#L180
primary,pains,thiophene_amino_E(2),0,9098,https://raw.githubusercontent.com/rdkit/rdkit/0ece02e9254ef2d5eeade2bd40eb13546522dbd3/Code/GraphMol/FilterCatalog/pains_c.in#L181
primary,pains,het_6666_A(2),0,9098,https://raw.githubusercontent.com/rdkit/rdkit/0ece02e9254ef2d5eeade2bd40eb13546522dbd3/Code/GraphMol/FilterCatalog/pains_c.in#L182
primary,pains,sulfonamide_E(2),0,9098,https://raw.githubusercontent.com/rdkit/rdkit/0ece02e9254ef2d5eeade2bd40eb13546522dbd3/Code/GraphMol/FilterCatalog/pains_c.in#L183
primary,pains,anil_di_alk_K(2),1,9098,https://raw.githubusercontent.com/rdkit/rdkit/0ece02e9254ef2d5eeade2bd40eb13546522dbd3/Code/GraphMol/FilterCatalog/pains_c.in#L184
primary,pains,het_5_C(2),0,9098,https://raw.githubusercontent.com/rdkit/rdkit/0ece02e9254ef2d5eeade2bd40eb13546522dbd3/Code/GraphMol/FilterCatalog/pains_c.in#L185
primary,pains,ene_six_het_B(2),0,9098,https://raw.githubusercontent.com/rdkit/rdkit/0ece02e9254ef2d5eeade2bd40eb13546522dbd3/Code/GraphMol/FilterCatalog/pains_c.in#L186
primary,pains,steroid_A(2),0,9098,https://raw.githubusercontent.com/rdkit/rdkit/0ece02e9254ef2d5eeade2bd40eb13546522dbd3/Code/GraphMol/FilterCatalog/pains_c.in#L187
primary,pains,het_565_A(2),0,9098,https://raw.githubusercontent.com/rdkit/rdkit/0ece02e9254ef2d5eeade2bd40eb13546522dbd3/Code/GraphMol/FilterCatalog/pains_c.in#L188
primary,pains,thio_imine_ium(2),0,9098,https://raw.githubusercontent.com/rdkit/rdkit/0ece02e9254ef2d5eeade2bd40eb13546522dbd3/Code/GraphMol/FilterCatalog/pains_c.in#L189
primary,pains,anthranil_acid_E(2),0,9098,https://raw.githubusercontent.com/rdkit/rdkit/0ece02e9254ef2d5eeade2bd40eb13546522dbd3/Code/GraphMol/FilterCatalog/pains_c.in#L190
primary,pains,hzone_furan_B(2),0,9098,https://raw.githubusercontent.com/rdkit/rdkit/0ece02e9254ef2d5eeade2bd40eb13546522dbd3/Code/GraphMol/FilterCatalog/pains_c.in#L191
primary,pains,thiophene_E(2),0,9098,https://raw.githubusercontent.com/rdkit/rdkit/0ece02e9254ef2d5eeade2bd40eb13546522dbd3/Code/GraphMol/FilterCatalog/pains_c.in#L192
primary,pains,ene_misc_B(2),0,9098,https://raw.githubusercontent.com/rdkit/rdkit/0ece02e9254ef2d5eeade2bd40eb13546522dbd3/Code/GraphMol/FilterCatalog/pains_c.in#L193
primary,pains,het_thio_5_B(2),0,9098,https://raw.githubusercontent.com/rdkit/rdkit/0ece02e9254ef2d5eeade2bd40eb13546522dbd3/Code/GraphMol/FilterCatalog/pains_c.in#L194
primary,pains,thiophene_amino_F(2),0,9098,https://raw.githubusercontent.com/rdkit/rdkit/0ece02e9254ef2d5eeade2bd40eb13546522dbd3/Code/GraphMol/FilterCatalog/pains_c.in#L195
primary,pains,anil_OC_alk_D(2),0,9098,https://raw.githubusercontent.com/rdkit/rdkit/0ece02e9254ef2d5eeade2bd40eb13546522dbd3/Code/GraphMol/FilterCatalog/pains_c.in#L196
primary,pains,tert_butyl_A(2),0,9098,https://raw.githubusercontent.com/rdkit/rdkit/0ece02e9254ef2d5eeade2bd40eb13546522dbd3/Code/GraphMol/FilterCatalog/pains_c.in#L197
primary,pains,thio_urea_J(2),0,9098,https://raw.githubusercontent.com/rdkit/rdkit/0ece02e9254ef2d5eeade2bd40eb13546522dbd3/Code/GraphMol/FilterCatalog/pains_c.in#L198
primary,pains,het_thio_65_B(2),0,9098,https://raw.githubusercontent.com/rdkit/rdkit/0ece02e9254ef2d5eeade2bd40eb13546522dbd3/Code/GraphMol/FilterCatalog/pains_c.in#L199
primary,pains,coumarin_B(2),0,9098,https://raw.githubusercontent.com/rdkit/rdkit/0ece02e9254ef2d5eeade2bd40eb13546522dbd3/Code/GraphMol/FilterCatalog/pains_c.in#L200
primary,pains,thio_urea_K(2),0,9098,https://raw.githubusercontent.com/rdkit/rdkit/0ece02e9254ef2d5eeade2bd40eb13546522dbd3/Code/GraphMol/FilterCatalog/pains_c.in#L201
primary,pains,thiophene_amino_G(2),0,9098,https://raw.githubusercontent.com/rdkit/rdkit/0ece02e9254ef2d5eeade2bd40eb13546522dbd3/Code/GraphMol/FilterCatalog/pains_c.in#L202
primary,pains,anil_NH_alk_D(2),0,9098,https://raw.githubusercontent.com/rdkit/rdkit/0ece02e9254ef2d5eeade2bd40eb13546522dbd3/Code/GraphMol/FilterCatalog/pains_c.in#L203
primary,pains,het_thio_5_C(2),0,9098,https://raw.githubusercontent.com/rdkit/rdkit/0ece02e9254ef2d5eeade2bd40eb13546522dbd3/Code/GraphMol/FilterCatalog/pains_c.in#L204
primary,pains,thio_keto_het(2),0,9098,https://raw.githubusercontent.com/rdkit/rdkit/0ece02e9254ef2d5eeade2bd40eb13546522dbd3/Code/GraphMol/FilterCatalog/pains_c.in#L205
primary,pains,het_thio_N_5B(2),0,9098,https://raw.githubusercontent.com/rdkit/rdkit/0ece02e9254ef2d5eeade2bd40eb13546522dbd3/Code/GraphMol/FilterCatalog/pains_c.in#L206
primary,pains,quinone_D(2),0,9098,https://raw.githubusercontent.com/rdkit/rdkit/0ece02e9254ef2d5eeade2bd40eb13546522dbd3/Code/GraphMol/FilterCatalog/pains_c.in#L207
primary,pains,anil_di_alk_furan_B(2),0,9098,https://raw.githubusercontent.com/rdkit/rdkit/0ece02e9254ef2d5eeade2bd40eb13546522dbd3/Code/GraphMol/FilterCatalog/pains_c.in#L208
primary,pains,ene_six_het_C(2),0,9098,https://raw.githubusercontent.com/rdkit/rdkit/0ece02e9254ef2d5eeade2bd40eb13546522dbd3/Code/GraphMol/FilterCatalog/pains_c.in#L209
primary,pains,het_55_A(2),0,9098,https://raw.githubusercontent.com/rdkit/rdkit/0ece02e9254ef2d5eeade2bd40eb13546522dbd3/Code/GraphMol/FilterCatalog/pains_c.in#L210
primary,pains,het_thio_65_C(2),0,9098,https://raw.githubusercontent.com/rdkit/rdkit/0ece02e9254ef2d5eeade2bd40eb13546522dbd3/Code/GraphMol/FilterCatalog/pains_c.in#L211
primary,pains,hydroquin_A(2),0,9098,https://raw.githubusercontent.com/rdkit/rdkit/0ece02e9254ef2d5eeade2bd40eb13546522dbd3/Code/GraphMol/FilterCatalog/pains_c.in#L212
primary,pains,anthranil_acid_F(2),0,9098,https://raw.githubusercontent.com/rdkit/rdkit/0ece02e9254ef2d5eeade2bd40eb13546522dbd3/Code/GraphMol/FilterCatalog/pains_c.in#L213
primary,pains,pyrrole_I(2),0,9098,https://raw.githubusercontent.com/rdkit/rdkit/0ece02e9254ef2d5eeade2bd40eb13546522dbd3/Code/GraphMol/FilterCatalog/pains_c.in#L214
primary,pains,thiophene_amino_H(2),0,9098,https://raw.githubusercontent.com/rdkit/rdkit/0ece02e9254ef2d5eeade2bd40eb13546522dbd3/Code/GraphMol/FilterCatalog/pains_c.in#L215
primary,pains,imine_one_fives_C(2),0,9098,https://raw.githubusercontent.com/rdkit/rdkit/0ece02e9254ef2d5eeade2bd40eb13546522dbd3/Code/GraphMol/FilterCatalog/pains_c.in#L216
primary,pains,keto_phenone_zone_A(2),0,9098,https://raw.githubusercontent.com/rdkit/rdkit/0ece02e9254ef2d5eeade2bd40eb13546522dbd3/Code/GraphMol/FilterCatalog/pains_c.in#L217
primary,pains,dyes7A(2),0,9098,https://raw.githubusercontent.com/rdkit/rdkit/0ece02e9254ef2d5eeade2bd40eb13546522dbd3/Code/GraphMol/FilterCatalog/pains_c.in#L218
primary,pains,het_pyridiniums_B(2),0,9098,https://raw.githubusercontent.com/rdkit/rdkit/0ece02e9254ef2d5eeade2bd40eb13546522dbd3/Code/GraphMol/FilterCatalog/pains_c.in#L219
primary,pains,het_5_D(2),0,9098,https://raw.githubusercontent.com/rdkit/rdkit/0ece02e9254ef2d5eeade2bd40eb13546522dbd3/Code/GraphMol/FilterCatalog/pains_c.in#L220
primary,pains,thiazole_amine_H(1),0,9098,https://raw.githubusercontent.com/rdkit/rdkit/0ece02e9254ef2d5eeade2bd40eb13546522dbd3/Code/GraphMol/FilterCatalog/pains_c.in#L221
primary,pains,thiazole_amine_I(1),0,9098,https://raw.githubusercontent.com/rdkit/rdkit/0ece02e9254ef2d5eeade2bd40eb13546522dbd3/Code/GraphMol/FilterCatalog/pains_c.in#L222
primary,pains,het_thio_N_5C(1),0,9098,https://raw.githubusercontent.com/rdkit/rdkit/0ece02e9254ef2d5eeade2bd40eb13546522dbd3/Code/GraphMol/FilterCatalog/pains_c.in#L223
primary,pains,sulfonamide_F(1),0,9098,https://raw.githubusercontent.com/rdkit/rdkit/0ece02e9254ef2d5eeade2bd40eb13546522dbd3/Code/GraphMol/FilterCatalog/pains_c.in#L224
primary,pains,thiazole_amine_J(1),0,9098,https://raw.githubusercontent.com/rdkit/rdkit/0ece02e9254ef2d5eeade2bd40eb13546522dbd3/Code/GraphMol/FilterCatalog/pains_c.in#L225
primary,pains,het_65_F(1),0,9098,https://raw.githubusercontent.com/rdkit/rdkit/0ece02e9254ef2d5eeade2bd40eb13546522dbd3/Code/GraphMol/FilterCatalog/pains_c.in#L226
primary,pains,keto_keto_beta_E(1),0,9098,https://raw.githubusercontent.com/rdkit/rdkit/0ece02e9254ef2d5eeade2bd40eb13546522dbd3/Code/GraphMol/FilterCatalog/pains_c.in#L227
primary,pains,ene_five_one_B(1),0,9098,https://raw.githubusercontent.com/rdkit/rdkit/0ece02e9254ef2d5eeade2bd40eb13546522dbd3/Code/GraphMol/FilterCatalog/pains_c.in#L228
primary,pains,keto_keto_beta_zone(1),0,9098,https://raw.githubusercontent.com/rdkit/rdkit/0ece02e9254ef2d5eeade2bd40eb13546522dbd3/Code/GraphMol/FilterCatalog/pains_c.in#L229
primary,pains,thio_urea_L(1),0,9098,https://raw.githubusercontent.com/rdkit/rdkit/0ece02e9254ef2d5eeade2bd40eb13546522dbd3/Code/GraphMol/FilterCatalog/pains_c.in#L230
primary,pains,het_thio_urea_ene(1),0,9098,https://raw.githubusercontent.com/rdkit/rdkit/0ece02e9254ef2d5eeade2bd40eb13546522dbd3/Code/GraphMol/FilterCatalog/pains_c.in#L231
primary,pains,cyano_amino_het_A(1),0,9098,https://raw.githubusercontent.com/rdkit/rdkit/0ece02e9254ef2d5eeade2bd40eb13546522dbd3/Code/GraphMol/FilterCatalog/pains_c.in#L232
primary,pains,tetrazole_hzide(1),0,9098,https://raw.githubusercontent.com/rdkit/rdkit/0ece02e9254ef2d5eeade2bd40eb13546522dbd3/Code/GraphMol/FilterCatalog/pains_c.in#L233
primary,pains,imine_naphthol_A(1),0,9098,https://raw.githubusercontent.com/rdkit/rdkit/0ece02e9254ef2d5eeade2bd40eb13546522dbd3/Code/GraphMol/FilterCatalog/pains_c.in#L234
primary,pains,misc_anisole_A(1),0,9098,https://raw.githubusercontent.com/rdkit/rdkit/0ece02e9254ef2d5eeade2bd40eb13546522dbd3/Code/GraphMol/FilterCatalog/pains_c.in#L235
primary,pains,het_thio_665(1),0,9098,https://raw.githubusercontent.com/rdkit/rdkit/0ece02e9254ef2d5eeade2bd40eb13546522dbd3/Code/GraphMol/FilterCatalog/pains_c.in#L236
primary,pains,anil_di_alk_L(1),0,9098,https://raw.githubusercontent.com/rdkit/rdkit/0ece02e9254ef2d5eeade2bd40eb13546522dbd3/Code/GraphMol/FilterCatalog/pains_c.in#L237
primary,pains,colchicine_B(1),0,9098,https://raw.githubusercontent.com/rdkit/rdkit/0ece02e9254ef2d5eeade2bd40eb13546522dbd3/Code/GraphMol/FilterCatalog/pains_c.in#L238
primary,pains,misc_aminoacid_A(1),0,9098,https://raw.githubusercontent.com/rdkit/rdkit/0ece02e9254ef2d5eeade2bd40eb13546522dbd3/Code/GraphMol/FilterCatalog/pains_c.in#L239
primary,pains,imidazole_amino_A(1),0,9098,https://raw.githubusercontent.com/rdkit/rdkit/0ece02e9254ef2d5eeade2bd40eb13546522dbd3/Code/GraphMol/FilterCatalog/pains_c.in#L240
primary,pains,phenol_sulfite_A(1),0,9098,https://raw.githubusercontent.com/rdkit/rdkit/0ece02e9254ef2d5eeade2bd40eb13546522dbd3/Code/GraphMol/FilterCatalog/pains_c.in#L241
primary,pains,het_66_D(1),0,9098,https://raw.githubusercontent.com/rdkit/rdkit/0ece02e9254ef2d5eeade2bd40eb13546522dbd3/Code/GraphMol/FilterCatalog/pains_c.in#L242
primary,pains,misc_anisole_B(1),0,9098,https://raw.githubusercontent.com/rdkit/rdkit/0ece02e9254ef2d5eeade2bd40eb13546522dbd3/Code/GraphMol/FilterCatalog/pains_c.in#L243
primary,pains,tetrazole_A(1),0,9098,https://raw.githubusercontent.com/rdkit/rdkit/0ece02e9254ef2d5eeade2bd40eb13546522dbd3/Code/GraphMol/FilterCatalog/pains_c.in#L244
primary,pains,het_65_G(1),0,9098,https://raw.githubusercontent.com/rdkit/rdkit/0ece02e9254ef2d5eeade2bd40eb13546522dbd3/Code/GraphMol/FilterCatalog/pains_c.in#L245
primary,pains,misc_trityl_A(1),0,9098,https://raw.githubusercontent.com/rdkit/rdkit/0ece02e9254ef2d5eeade2bd40eb13546522dbd3/Code/GraphMol/FilterCatalog/pains_c.in#L246
primary,pains,misc_pyridine_OC(1),0,9098,https://raw.githubusercontent.com/rdkit/rdkit/0ece02e9254ef2d5eeade2bd40eb13546522dbd3/Code/GraphMol/FilterCatalog/pains_c.in#L247
primary,pains,het_6_hydropyridone(1),0,9098,https://raw.githubusercontent.com/rdkit/rdkit/0ece02e9254ef2d5eeade2bd40eb13546522dbd3/Code/GraphMol/FilterCatalog/pains_c.in#L248
primary,pains,misc_stilbene(1),0,9098,https://raw.githubusercontent.com/rdkit/rdkit/0ece02e9254ef2d5eeade2bd40eb13546522dbd3/Code/GraphMol/FilterCatalog/pains_c.in#L249
primary,pains,misc_imidazole(1),0,9098,https://raw.githubusercontent.com/rdkit/rdkit/0ece02e9254ef2d5eeade2bd40eb13546522dbd3/Code/GraphMol/FilterCatalog/pains_c.in#L250
primary,pains,anil_NH_no_alk_A(1),0,9098,https://raw.githubusercontent.com/rdkit/rdkit/0ece02e9254ef2d5eeade2bd40eb13546522dbd3/Code/GraphMol/FilterCatalog/pains_c.in#L251
primary,pains,het_6_imidate_B(1),0,9098,https://raw.githubusercontent.com/rdkit/rdkit/0ece02e9254ef2d5eeade2bd40eb13546522dbd3/Code/GraphMol/FilterCatalog/pains_c.in#L252
primary,pains,anil_alk_B(1),0,9098,https://raw.githubusercontent.com/rdkit/rdkit/0ece02e9254ef2d5eeade2bd40eb13546522dbd3/Code/GraphMol/FilterCatalog/pains_c.in#L253
primary,pains,styrene_anil_A(1),0,9098,https://raw.githubusercontent.com/rdkit/rdkit/0ece02e9254ef2d5eeade2bd40eb13546522dbd3/Code/GraphMol/FilterCatalog/pains_c.in#L254
primary,pains,misc_aminal_acid(1),0,9098,https://raw.githubusercontent.com/rdkit/rdkit/0ece02e9254ef2d5eeade2bd40eb13546522dbd3/Code/GraphMol/FilterCatalog/pains_c.in#L255
primary,pains,anil_no_alk_D(1),0,9098,https://raw.githubusercontent.com/rdkit/rdkit/0ece02e9254ef2d5eeade2bd40eb13546522dbd3/Code/GraphMol/FilterCatalog/pains_c.in#L256
primary,pains,anil_alk_C(1),0,9098,https://raw.githubusercontent.com/rdkit/rdkit/0ece02e9254ef2d5eeade2bd40eb13546522dbd3/Code/GraphMol/FilterCatalog/pains_c.in#L257
primary,pains,misc_anisole_C(1),0,9098,https://raw.githubusercontent.com/rdkit/rdkit/0ece02e9254ef2d5eeade2bd40eb13546522dbd3/Code/GraphMol/FilterCatalog/pains_c.in#L258
primary,pains,het_465_misc(1),0,9098,https://raw.githubusercontent.com/rdkit/rdkit/0ece02e9254ef2d5eeade2bd40eb13546522dbd3/Code/GraphMol/FilterCatalog/pains_c.in#L259
primary,pains,anthranil_acid_G(1),0,9098,https://raw.githubusercontent.com/rdkit/rdkit/0ece02e9254ef2d5eeade2bd40eb13546522dbd3/Code/GraphMol/FilterCatalog/pains_c.in#L260
primary,pains,anil_di_alk_M(1),0,9098,https://raw.githubusercontent.com/rdkit/rdkit/0ece02e9254ef2d5eeade2bd40eb13546522dbd3/Code/GraphMol/FilterCatalog/pains_c.in#L261
primary,pains,anthranil_acid_H(1),0,9098,https://raw.githubusercontent.com/rdkit/rdkit/0ece02e9254ef2d5eeade2bd40eb13546522dbd3/Code/GraphMol/FilterCatalog/pains_c.in#L262
primary,pains,thio_urea_M(1),0,9098,https://raw.githubusercontent.com/rdkit/rdkit/0ece02e9254ef2d5eeade2bd40eb13546522dbd3/Code/GraphMol/FilterCatalog/pains_c.in#L263
primary,pains,thiazole_amine_K(1),0,9098,https://raw.githubusercontent.com/rdkit/rdkit/0ece02e9254ef2d5eeade2bd40eb13546522dbd3/Code/GraphMol/FilterCatalog/pains_c.in#L264
primary,pains,het_thio_5_imine_A(1),0,9098,https://raw.githubusercontent.com/rdkit/rdkit/0ece02e9254ef2d5eeade2bd40eb13546522dbd3/Code/GraphMol/FilterCatalog/pains_c.in#L265
primary,pains,thio_amide_E(1),0,9098,https://raw.githubusercontent.com/rdkit/rdkit/0ece02e9254ef2d5eeade2bd40eb13546522dbd3/Code/GraphMol/FilterCatalog/pains_c.in#L266
primary,pains,het_thio_676_B(1),0,9098,https://raw.githubusercontent.com/rdkit/rdkit/0ece02e9254ef2d5eeade2bd40eb13546522dbd3/Code/GraphMol/FilterCatalog/pains_c.in#L267
primary,pains,sulfonamide_G(1),0,9098,https://raw.githubusercontent.com/rdkit/rdkit/0ece02e9254ef2d5eeade2bd40eb13546522dbd3/Code/GraphMol/FilterCatalog/pains_c.in#L268
primary,pains,thio_thiomorph_Z(1),0,9098,https://raw.githubusercontent.com/rdkit/rdkit/0ece02e9254ef2d5eeade2bd40eb13546522dbd3/Code/GraphMol/FilterCatalog/pains_c.in#L269
primary,pains,naphth_ene_one_A(1),0,9098,https://raw.githubusercontent.com/rdkit/rdkit/0ece02e9254ef2d5eeade2bd40eb13546522dbd3/Code/GraphMol/FilterCatalog/pains_c.in#L270
primary,pains,naphth_ene_one_B(1),0,9098,https://raw.githubusercontent.com/rdkit/rdkit/0ece02e9254ef2d5eeade2bd40eb13546522dbd3/Code/GraphMol/FilterCatalog/pains_c.in#L271
primary,pains,amino_acridine_A(1),0,9098,https://raw.githubusercontent.com/rdkit/rdkit/0ece02e9254ef2d5eeade2bd40eb13546522dbd3/Code/GraphMol/FilterCatalog/pains_c.in#L272
primary,pains,keto_phenone_B(1),0,9098,https://raw.githubusercontent.com/rdkit/rdkit/0ece02e9254ef2d5eeade2bd40eb13546522dbd3/Code/GraphMol/FilterCatalog/pains_c.in#L273
primary,pains,hzone_acid_A(1),0,9098,https://raw.githubusercontent.com/rdkit/rdkit/0ece02e9254ef2d5eeade2bd40eb13546522dbd3/Code/GraphMol/FilterCatalog/pains_c.in#L274
primary,pains,sulfonamide_H(1),0,9098,https://raw.githubusercontent.com/rdkit/rdkit/0ece02e9254ef2d5eeade2bd40eb13546522dbd3/Code/GraphMol/FilterCatalog/pains_c.in#L275
primary,pains,het_565_indole(1),0,9098,https://raw.githubusercontent.com/rdkit/rdkit/0ece02e9254ef2d5eeade2bd40eb13546522dbd3/Code/GraphMol/FilterCatalog/pains_c.in#L276
primary,pains,pyrrole_J(1),0,9098,https://raw.githubusercontent.com/rdkit/rdkit/0ece02e9254ef2d5eeade2bd40eb13546522dbd3/Code/GraphMol/FilterCatalog/pains_c.in#L277
primary,pains,pyrazole_amino_B(1),0,9098,https://raw.githubusercontent.com/rdkit/rdkit/0ece02e9254ef2d5eeade2bd40eb13546522dbd3/Code/GraphMol/FilterCatalog/pains_c.in#L278
primary,pains,pyrrole_K(1),0,9098,https://raw.githubusercontent.com/rdkit/rdkit/0ece02e9254ef2d5eeade2bd40eb13546522dbd3/Code/GraphMol/FilterCatalog/pains_c.in#L279
primary,pains,anthranil_acid_I(1),0,9098,https://raw.githubusercontent.com/rdkit/rdkit/0ece02e9254ef2d5eeade2bd40eb13546522dbd3/Code/GraphMol/FilterCatalog/pains_c.in#L280
primary,pains,thio_amide_F(1),0,9098,https://raw.githubusercontent.com/rdkit/rdkit/0ece02e9254ef2d5eeade2bd40eb13546522dbd3/Code/GraphMol/FilterCatalog/pains_c.in#L281
primary,pains,ene_one_C(1),0,9098,https://raw.githubusercontent.com/rdkit/rdkit/0ece02e9254ef2d5eeade2bd40eb13546522dbd3/Code/GraphMol/FilterCatalog/pains_c.in#L282
primary,pains,het_65_H(1),0,9098,https://raw.githubusercontent.com/rdkit/rdkit/0ece02e9254ef2d5eeade2bd40eb13546522dbd3/Code/GraphMol/FilterCatalog/pains_c.in#L283
primary,pains,cyano_imine_D(1),0,9098,https://raw.githubusercontent.com/rdkit/rdkit/0ece02e9254ef2d5eeade2bd40eb13546522dbd3/Code/GraphMol/FilterCatalog/pains_c.in#L284
primary,pains,cyano_misc_A(1),0,9098,https://raw.githubusercontent.com/rdkit/rdkit/0ece02e9254ef2d5eeade2bd40eb13546522dbd3/Code/GraphMol/FilterCatalog/pains_c.in#L285
primary,pains,ene_misc_C(1),0,9098,https://raw.githubusercontent.com/rdkit/rdkit/0ece02e9254ef2d5eeade2bd40eb13546522dbd3/Code/GraphMol/FilterCatalog/pains_c.in#L286
primary,pains,het_66_E(1),0,9098,https://raw.githubusercontent.com/rdkit/rdkit/0ece02e9254ef2d5eeade2bd40eb13546522dbd3/Code/GraphMol/FilterCatalog/pains_c.in#L287
primary,pains,keto_keto_beta_F(1),0,9098,https://raw.githubusercontent.com/rdkit/rdkit/0ece02e9254ef2d5eeade2bd40eb13546522dbd3/Code/GraphMol/FilterCatalog/pains_c.in#L288
primary,pains,misc_naphthimidazole(1),0,9098,https://raw.githubusercontent.com/rdkit/rdkit/0ece02e9254ef2d5eeade2bd40eb13546522dbd3/Code/GraphMol/FilterCatalog/pains_c.in#L289
primary,pains,naphth_ene_one_C(1),0,9098,https://raw.githubusercontent.com/rdkit/rdkit/0ece02e9254ef2d5eeade2bd40eb13546522dbd3/Code/GraphMol/FilterCatalog/pains_c.in#L290
primary,pains,keto_phenone_C(1),0,9098,https://raw.githubusercontent.com/rdkit/rdkit/0ece02e9254ef2d5eeade2bd40eb13546522dbd3/Code/GraphMol/FilterCatalog/pains_c.in#L291
primary,pains,coumarin_C(1),0,9098,https://raw.githubusercontent.com/rdkit/rdkit/0ece02e9254ef2d5eeade2bd40eb13546522dbd3/Code/GraphMol/FilterCatalog/pains_c.in#L292
primary,pains,thio_est_cyano_A(1),0,9098,https://raw.githubusercontent.com/rdkit/rdkit/0ece02e9254ef2d5eeade2bd40eb13546522dbd3/Code/GraphMol/FilterCatalog/pains_c.in#L293
primary,pains,het_65_imidazole(1),0,9098,https://raw.githubusercontent.com/rdkit/rdkit/0ece02e9254ef2d5eeade2bd40eb13546522dbd3/Code/GraphMol/FilterCatalog/pains_c.in#L294
primary,pains,anthranil_acid_J(1),0,9098,https://raw.githubusercontent.com/rdkit/rdkit/0ece02e9254ef2d5eeade2bd40eb13546522dbd3/Code/GraphMol/FilterCatalog/pains_c.in#L295
primary,pains,colchicine_het(1),0,9098,https://raw.githubusercontent.com/rdkit/rdkit/0ece02e9254ef2d5eeade2bd40eb13546522dbd3/Code/GraphMol/FilterCatalog/pains_c.in#L296
primary,pains,ene_misc_D(1),0,9098,https://raw.githubusercontent.com/rdkit/rdkit/0ece02e9254ef2d5eeade2bd40eb13546522dbd3/Code/GraphMol/FilterCatalog/pains_c.in#L297
primary,pains,indole_3yl_alk_B(1),0,9098,https://raw.githubusercontent.com/rdkit/rdkit/0ece02e9254ef2d5eeade2bd40eb13546522dbd3/Code/GraphMol/FilterCatalog/pains_c.in#L298
primary,pains,anil_OH_no_alk_A(1),0,9098,https://raw.githubusercontent.com/rdkit/rdkit/0ece02e9254ef2d5eeade2bd40eb13546522dbd3/Code/GraphMol/FilterCatalog/pains_c.in#L299
primary,pains,thiazole_amine_L(1),0,9098,https://raw.githubusercontent.com/rdkit/rdkit/0ece02e9254ef2d5eeade2bd40eb13546522dbd3/Code/GraphMol/FilterCatalog/pains_c.in#L300
primary,pains,pyrazole_amino_A(1),0,9098,https://raw.githubusercontent.com/rdkit/rdkit/0ece02e9254ef2d5eeade2bd40eb13546522dbd3/Code/GraphMol/FilterCatalog/pains_c.in#L301
primary,pains,het_thio_N_5D(1),0,9098,https://raw.githubusercontent.com/rdkit/rdkit/0ece02e9254ef2d5eeade2bd40eb13546522dbd3/Code/GraphMol/FilterCatalog/pains_c.in#L302
primary,pains,anil_alk_indane(1),0,9098,https://raw.githubusercontent.com/rdkit/rdkit/0ece02e9254ef2d5eeade2bd40eb13546522dbd3/Code/GraphMol/FilterCatalog/pains_c.in#L303
primary,pains,anil_di_alk_N(1),0,9098,https://raw.githubusercontent.com/rdkit/rdkit/0ece02e9254ef2d5eeade2bd40eb13546522dbd3/Code/GraphMol/FilterCatalog/pains_c.in#L304
primary,pains,het_666_C(1),0,9098,https://raw.githubusercontent.com/rdkit/rdkit/0ece02e9254ef2d5eeade2bd40eb13546522dbd3/Code/GraphMol/FilterCatalog/pains_c.in#L305
primary,pains,ene_one_D(1),0,9098,https://raw.githubusercontent.com/rdkit/rdkit/0ece02e9254ef2d5eeade2bd40eb13546522dbd3/Code/GraphMol/FilterCatalog/pains_c.in#L306
primary,pains,anil_di_alk_indol(1),0,9098,https://raw.githubusercontent.com/rdkit/rdkit/0ece02e9254ef2d5eeade2bd40eb13546522dbd3/Code/GraphMol/FilterCatalog/pains_c.in#L307
primary,pains,anil_no_alk_indol_A(1),0,9098,https://raw.githubusercontent.com/rdkit/rdkit/0ece02e9254ef2d5eeade2bd40eb13546522dbd3/Code/GraphMol/FilterCatalog/pains_c.in#L308
primary,pains,dhp_amino_CN_G(1),0,9098,https://raw.githubusercontent.com/rdkit/rdkit/0ece02e9254ef2d5eeade2bd40eb13546522dbd3/Code/GraphMol/FilterCatalog/pains_c.in#L309
primary,pains,anil_di_alk_dhp(1),0,9098,https://raw.githubusercontent.com/rdkit/rdkit/0ece02e9254ef2d5eeade2bd40eb13546522dbd3/Code/GraphMol/FilterCatalog/pains_c.in#L310
primary,pains,anthranil_amide_A(1),0,9098,https://raw.githubusercontent.com/rdkit/rdkit/0ece02e9254ef2d5eeade2bd40eb13546522dbd3/Code/GraphMol/FilterCatalog/pains_c.in#L311
primary,pains,hzone_anthran_Z(1),0,9098,https://raw.githubusercontent.com/rdkit/rdkit/0ece02e9254ef2d5eeade2bd40eb13546522dbd3/Code/GraphMol/FilterCatalog/pains_c.in#L312
primary,pains,ene_one_amide_A(1),0,9098,https://raw.githubusercontent.com/rdkit/rdkit/0ece02e9254ef2d5eeade2bd40eb13546522dbd3/Code/GraphMol/FilterCatalog/pains_c.in#L313
primary,pains,het_76_A(1),0,9098,https://raw.githubusercontent.com/rdkit/rdkit/0ece02e9254ef2d5eeade2bd40eb13546522dbd3/Code/GraphMol/FilterCatalog/pains_c.in#L314
primary,pains,thio_urea_N(1),0,9098,https://raw.githubusercontent.com/rdkit/rdkit/0ece02e9254ef2d5eeade2bd40eb13546522dbd3/Code/GraphMol/FilterCatalog/pains_c.in#L315
primary,pains,anil_di_alk_coum(1),0,9098,https://raw.githubusercontent.com/rdkit/rdkit/0ece02e9254ef2d5eeade2bd40eb13546522dbd3/Code/GraphMol/FilterCatalog/pains_c.in#L316
primary,pains,ene_one_amide_B(1),0,9098,https://raw.githubusercontent.com/rdkit/rdkit/0ece02e9254ef2d5eeade2bd40eb13546522dbd3/Code/GraphMol/FilterCatalog/pains_c.in#L317
primary,pains,het_thio_656c(1),0,9098,https://raw.githubusercontent.com/rdkit/rdkit/0ece02e9254ef2d5eeade2bd40eb13546522dbd3/Code/GraphMol/FilterCatalog/pains_c.in#L318
primary,pains,het_5_ene(1),0,9098,https://raw.githubusercontent.com/rdkit/rdkit/0ece02e9254ef2d5eeade2bd40eb13546522dbd3/Code/GraphMol/FilterCatalog/pains_c.in#L319
primary,pains,thio_imide_A(1),0,9098,https://raw.githubusercontent.com/rdkit/rdkit/0ece02e9254ef2d5eeade2bd40eb13546522dbd3/Code/GraphMol/FilterCatalog/pains_c.in#L320
primary,pains,dhp_amidine_A(1),0,9098,https://raw.githubusercontent.com/rdkit/rdkit/0ece02e9254ef2d5eeade2bd40eb13546522dbd3/Code/GraphMol/FilterCatalog/pains_c.in#L321
primary,pains,thio_urea_O(1),0,9098,https://raw.githubusercontent.com/rdkit/rdkit/0ece02e9254ef2d5eeade2bd40eb13546522dbd3/Code/GraphMol/FilterCatalog/pains_c.in#L322
primary,pains,anil_di_alk_O(1),0,9098,https://raw.githubusercontent.com/rdkit/rdkit/0ece02e9254ef2d5eeade2bd40eb13546522dbd3/Code/GraphMol/FilterCatalog/pains_c.in#L323
primary,pains,thio_urea_P(1),0,9098,https://raw.githubusercontent.com/rdkit/rdkit/0ece02e9254ef2d5eeade2bd40eb13546522dbd3/Code/GraphMol/FilterCatalog/pains_c.in#L324
primary,pains,het_pyraz_misc(1),0,9098,https://raw.githubusercontent.com/rdkit/rdkit/0ece02e9254ef2d5eeade2bd40eb13546522dbd3/Code/GraphMol/FilterCatalog/pains_c.in#L325
primary,pains,diazox_C(1),0,9098,https://raw.githubusercontent.com/rdkit/rdkit/0ece02e9254ef2d5eeade2bd40eb13546522dbd3/Code/GraphMol/FilterCatalog/pains_c.in#L326
primary,pains,diazox_D(1),0,9098,https://raw.githubusercontent.com/rdkit/rdkit/0ece02e9254ef2d5eeade2bd40eb13546522dbd3/Code/GraphMol/FilterCatalog/pains_c.in#L327
primary,pains,misc_cyclopropane(1),0,9098,https://raw.githubusercontent.com/rdkit/rdkit/0ece02e9254ef2d5eeade2bd40eb13546522dbd3/Code/GraphMol/FilterCatalog/pains_c.in#L328
primary,pains,imine_ene_one_B(1),0,9098,https://raw.githubusercontent.com/rdkit/rdkit/0ece02e9254ef2d5eeade2bd40eb13546522dbd3/Code/GraphMol/FilterCatalog/pains_c.in#L329
primary,pains,coumarin_D(1),0,9098,https://raw.githubusercontent.com/rdkit/rdkit/0ece02e9254ef2d5eeade2bd40eb13546522dbd3/Code/GraphMol/FilterCatalog/pains_c.in#L330
primary,pains,misc_furan_A(1),0,9098,https://raw.githubusercontent.com/rdkit/rdkit/0ece02e9254ef2d5eeade2bd40eb13546522dbd3/Code/GraphMol/FilterCatalog/pains_c.in#L331
primary,pains,rhod_sat_E(1),0,9098,https://raw.githubusercontent.com/rdkit/rdkit/0ece02e9254ef2d5eeade2bd40eb13546522dbd3/Code/GraphMol/FilterCatalog/pains_c.in#L332
primary,pains,rhod_sat_imine_A(1),0,9098,https://raw.githubusercontent.com/rdkit/rdkit/0ece02e9254ef2d5eeade2bd40eb13546522dbd3/Code/GraphMol/FilterCatalog/pains_c.in#L333
primary,pains,rhod_sat_F(1),0,9098,https://raw.githubusercontent.com/rdkit/rdkit/0ece02e9254ef2d5eeade2bd40eb13546522dbd3/Code/GraphMol/FilterCatalog/pains_c.in#L334
primary,pains,het_thio_5_imine_B(1),0,9098,https://raw.githubusercontent.com/rdkit/rdkit/0ece02e9254ef2d5eeade2bd40eb13546522dbd3/Code/GraphMol/FilterCatalog/pains_c.in#L335
primary,pains,het_thio_5_imine_C(1),0,9098,https://raw.githubusercontent.com/rdkit/rdkit/0ece02e9254ef2d5eeade2bd40eb13546522dbd3/Code/GraphMol/FilterCatalog/pains_c.in#L336
primary,pains,ene_five_het_N(1),0,9098,https://raw.githubusercontent.com/rdkit/rdkit/0ece02e9254ef2d5eeade2bd40eb13546522dbd3/Code/GraphMol/FilterCatalog/pains_c.in#L337
primary,pains,thio_carbam_A(1),0,9098,https://raw.githubusercontent.com/rdkit/rdkit/0ece02e9254ef2d5eeade2bd40eb13546522dbd3/Code/GraphMol/FilterCatalog/pains_c.in#L338
primary,pains,misc_anilide_A(1),0,9098,https://raw.githubusercontent.com/rdkit/rdkit/0ece02e9254ef2d5eeade2bd40eb13546522dbd3/Code/GraphMol/FilterCatalog/pains_c.in#L339
primary,pains,misc_anilide_B(1),0,9098,https://raw.githubusercontent.com/rdkit/rdkit/0ece02e9254ef2d5eeade2bd40eb13546522dbd3/Code/GraphMol/FilterCatalog/pains_c.in#L340
primary,pains,mannich_B(1),0,9098,https://raw.githubusercontent.com/rdkit/rdkit/0ece02e9254ef2d5eeade2bd40eb13546522dbd3/Code/GraphMol/FilterCatalog/pains_c.in#L341
primary,pains,mannich_catechol_A(1),0,9098,https://raw.githubusercontent.com/rdkit/rdkit/0ece02e9254ef2d5eeade2bd40eb13546522dbd3/Code/GraphMol/FilterCatalog/pains_c.in#L342
primary,pains,anil_alk_D(1),0,9098,https://raw.githubusercontent.com/rdkit/rdkit/0ece02e9254ef2d5eeade2bd40eb13546522dbd3/Code/GraphMol/FilterCatalog/pains_c.in#L343
primary,pains,het_65_I(1),0,9098,https://raw.githubusercontent.com/rdkit/rdkit/0ece02e9254ef2d5eeade2bd40eb13546522dbd3/Code/GraphMol/FilterCatalog/pains_c.in#L344
primary,pains,misc_urea_A(1),0,9098,https://raw.githubusercontent.com/rdkit/rdkit/0ece02e9254ef2d5eeade2bd40eb13546522dbd3/Code/GraphMol/FilterCatalog/pains_c.in#L345
primary,pains,imidazole_C(1),0,9098,https://raw.githubusercontent.com/rdkit/rdkit/0ece02e9254ef2d5eeade2bd40eb13546522dbd3/Code/GraphMol/FilterCatalog/pains_c.in#L346
primary,pains,styrene_imidazole_A(1),0,9098,https://raw.githubusercontent.com/rdkit/rdkit/0ece02e9254ef2d5eeade2bd40eb13546522dbd3/Code/GraphMol/FilterCatalog/pains_c.in#L347
primary,pains,thiazole_amine_M(1),0,9098,https://raw.githubusercontent.com/rdkit/rdkit/0ece02e9254ef2d5eeade2bd40eb13546522dbd3/Code/GraphMol/FilterCatalog/pains_c.in#L348
primary,pains,misc_pyrrole_thiaz(1),0,9098,https://raw.githubusercontent.com/rdkit/rdkit/0ece02e9254ef2d5eeade2bd40eb13546522dbd3/Code/GraphMol/FilterCatalog/pains_c.in#L349
primary,pains,pyrrole_L(1),0,9098,https://raw.githubusercontent.com/rdkit/rdkit/0ece02e9254ef2d5eeade2bd40eb13546522dbd3/Code/GraphMol/FilterCatalog/pains_c.in#L350
primary,pains,het_thio_65_D(1),0,9098,https://raw.githubusercontent.com/rdkit/rdkit/0ece02e9254ef2d5eeade2bd40eb13546522dbd3/Code/GraphMol/FilterCatalog/pains_c.in#L351
primary,pains,ene_misc_E(1),0,9098,https://raw.githubusercontent.com/rdkit/rdkit/0ece02e9254ef2d5eeade2bd40eb13546522dbd3/Code/GraphMol/FilterCatalog/pains_c.in#L352
primary,pains,thio_cyano_A(1),0,9098,https://raw.githubusercontent.com/rdkit/rdkit/0ece02e9254ef2d5eeade2bd40eb13546522dbd3/Code/GraphMol/FilterCatalog/pains_c.in#L353
primary,pains,cyano_amino_het_B(1),0,9098,https://raw.githubusercontent.com/rdkit/rdkit/0ece02e9254ef2d5eeade2bd40eb13546522dbd3/Code/GraphMol/FilterCatalog/pains_c.in#L354
primary,pains,cyano_pyridone_G(1),0,9098,https://raw.githubusercontent.com/rdkit/rdkit/0ece02e9254ef2d5eeade2bd40eb13546522dbd3/Code/GraphMol/FilterCatalog/pains_c.in#L355
primary,pains,het_65_J(1),0,9098,https://raw.githubusercontent.com/rdkit/rdkit/0ece02e9254ef2d5eeade2bd40eb13546522dbd3/Code/GraphMol/FilterCatalog/pains_c.in#L356
primary,pains,ene_one_yne_A(1),0,9098,https://raw.githubusercontent.com/rdkit/rdkit/0ece02e9254ef2d5eeade2bd40eb13546522dbd3/Code/GraphMol/FilterCatalog/pains_c.in#L357
primary,pains,anil_OH_no_alk_B(1),0,9098,https://raw.githubusercontent.com/rdkit/rdkit/0ece02e9254ef2d5eeade2bd40eb13546522dbd3/Code/GraphMol/FilterCatalog/pains_c.in#L358
primary,pains,hzone_acyl_misc_A(1),0,9098,https://raw.githubusercontent.com/rdkit/rdkit/0ece02e9254ef2d5eeade2bd40eb13546522dbd3/Code/GraphMol/FilterCatalog/pains_c.in#L359
primary,pains,thiophene_F(1),0,9098,https://raw.githubusercontent.com/rdkit/rdkit/0ece02e9254ef2d5eeade2bd40eb13546522dbd3/Code/GraphMol/FilterCatalog/pains_c.in#L360
primary,pains,anil_OC_alk_E(1),0,9098,https://raw.githubusercontent.com/rdkit/rdkit/0ece02e9254ef2d5eeade2bd40eb13546522dbd3/Code/GraphMol/FilterCatalog/pains_c.in#L361
primary,pains,anil_OC_alk_F(1),0,9098,https://raw.githubusercontent.com/rdkit/rdkit/0ece02e9254ef2d5eeade2bd40eb13546522dbd3/Code/GraphMol/FilterCatalog/pains_c.in#L362
primary,pains,het_65_K(1),0,9098,https://raw.githubusercontent.com/rdkit/rdkit/0ece02e9254ef2d5eeade2bd40eb13546522dbd3/Code/GraphMol/FilterCatalog/pains_c.in#L363
primary,pains,het_65_L(1),0,9098,https://raw.githubusercontent.com/rdkit/rdkit/0ece02e9254ef2d5eeade2bd40eb13546522dbd3/Code/GraphMol/FilterCatalog/pains_c.in#L364
primary,pains,coumarin_E(1),0,9098,https://raw.githubusercontent.com/rdkit/rdkit/0ece02e9254ef2d5eeade2bd40eb13546522dbd3/Code/GraphMol/FilterCatalog/pains_c.in#L365
primary,pains,coumarin_F(1),0,9098,https://raw.githubusercontent.com/rdkit/rdkit/0ece02e9254ef2d5eeade2bd40eb13546522dbd3/Code/GraphMol/FilterCatalog/pains_c.in#L366
primary,pains,coumarin_G(1),0,9098,https://raw.githubusercontent.com/rdkit/rdkit/0ece02e9254ef2d5eeade2bd40eb13546522dbd3/Code/GraphMol/FilterCatalog/pains_c.in#L367
primary,pains,coumarin_H(1),0,9098,https://raw.githubusercontent.com/rdkit/rdkit/0ece02e9254ef2d5eeade2bd40eb13546522dbd3/Code/GraphMol/FilterCatalog/pains_c.in#L368
primary,pains,het_thio_67_A(1),0,9098,https://raw.githubusercontent.com/rdkit/rdkit/0ece02e9254ef2d5eeade2bd40eb13546522dbd3/Code/GraphMol/FilterCatalog/pains_c.in#L369
primary,pains,sulfonamide_I(1),0,9098,https://raw.githubusercontent.com/rdkit/rdkit/0ece02e9254ef2d5eeade2bd40eb13546522dbd3/Code/GraphMol/FilterCatalog/pains_c.in#L370
primary,pains,het_65_mannich(1),0,9098,https://raw.githubusercontent.com/rdkit/rdkit/0ece02e9254ef2d5eeade2bd40eb13546522dbd3/Code/GraphMol/FilterCatalog/pains_c.in#L371
primary,pains,anil_alk_A(1),0,9098,https://raw.githubusercontent.com/rdkit/rdkit/0ece02e9254ef2d5eeade2bd40eb13546522dbd3/Code/GraphMol/FilterCatalog/pains_c.in#L372
primary,pains,het_5_inium(1),0,9098,https://raw.githubusercontent.com/rdkit/rdkit/0ece02e9254ef2d5eeade2bd40eb13546522dbd3/Code/GraphMol/FilterCatalog/pains_c.in#L373
primary,pains,anil_di_alk_P(1),0,9098,https://raw.githubusercontent.com/rdkit/rdkit/0ece02e9254ef2d5eeade2bd40eb13546522dbd3/Code/GraphMol/FilterCatalog/pains_c.in#L374
primary,pains,thio_urea_Q(1),0,9098,https://raw.githubusercontent.com/rdkit/rdkit/0ece02e9254ef2d5eeade2bd40eb13546522dbd3/Code/GraphMol/FilterCatalog/pains_c.in#L375
primary,pains,thio_pyridine_A(1),0,9098,https://raw.githubusercontent.com/rdkit/rdkit/0ece02e9254ef2d5eeade2bd40eb13546522dbd3/Code/GraphMol/FilterCatalog/pains_c.in#L376
primary,pains,melamine_B(1),0,9098,https://raw.githubusercontent.com/rdkit/rdkit/0ece02e9254ef2d5eeade2bd40eb13546522dbd3/Code/GraphMol/FilterCatalog/pains_c.in#L377
primary,pains,misc_phthal_thio_N(1),0,9098,https://raw.githubusercontent.com/rdkit/rdkit/0ece02e9254ef2d5eeade2bd40eb13546522dbd3/Code/GraphMol/FilterCatalog/pains_c.in#L378
primary,pains,hzone_acyl_misc_B(1),0,9098,https://raw.githubusercontent.com/rdkit/rdkit/0ece02e9254ef2d5eeade2bd40eb13546522dbd3/Code/GraphMol/FilterCatalog/pains_c.in#L379
primary,pains,tert_butyl_B(1),0,9098,https://raw.githubusercontent.com/rdkit/rdkit/0ece02e9254ef2d5eeade2bd40eb13546522dbd3/Code/GraphMol/FilterCatalog/pains_c.in#L380
primary,pains,diazox_E(1),0,9098,https://raw.githubusercontent.com/rdkit/rdkit/0ece02e9254ef2d5eeade2bd40eb13546522dbd3/Code/GraphMol/FilterCatalog/pains_c.in#L381
primary,pains,anil_NH_no_alk_B(1),0,9098,https://raw.githubusercontent.com/rdkit/rdkit/0ece02e9254ef2d5eeade2bd40eb13546522dbd3/Code/GraphMol/FilterCatalog/pains_c.in#L382
primary,pains,anil_no_alk_A(1),0,9098,https://raw.githubusercontent.com/rdkit/rdkit/0ece02e9254ef2d5eeade2bd40eb13546522dbd3/Code/GraphMol/FilterCatalog/pains_c.in#L383
primary,pains,anil_no_alk_B(1),0,9098,https://raw.githubusercontent.com/rdkit/rdkit/0ece02e9254ef2d5eeade2bd40eb13546522dbd3/Code/GraphMol/FilterCatalog/pains_c.in#L384
primary,pains,thio_ene_amine_A(1),0,9098,https://raw.githubusercontent.com/rdkit/rdkit/0ece02e9254ef2d5eeade2bd40eb13546522dbd3/Code/GraphMol/FilterCatalog/pains_c.in#L385
primary,pains,het_55_B(1),0,9098,https://raw.githubusercontent.com/rdkit/rdkit/0ece02e9254ef2d5eeade2bd40eb13546522dbd3/Code/GraphMol/FilterCatalog/pains_c.in#L386
primary,pains,cyanamide_A(1),0,9098,https://raw.githubusercontent.com/rdkit/rdkit/0ece02e9254ef2d5eeade2bd40eb13546522dbd3/Code/GraphMol/FilterCatalog/pains_c.in#L387
primary,pains,ene_one_one_A(1),0,9098,https://raw.githubusercontent.com/rdkit/rdkit/0ece02e9254ef2d5eeade2bd40eb13546522dbd3/Code/GraphMol/FilterCatalog/pains_c.in#L388
primary,pains,ene_six_het_D(1),0,9098,https://raw.githubusercontent.com/rdkit/rdkit/0ece02e9254ef2d5eeade2bd40eb13546522dbd3/Code/GraphMol/FilterCatalog/pains_c.in#L389
primary,pains,ene_cyano_E(1),0,9098,https://raw.githubusercontent.com/rdkit/rdkit/0ece02e9254ef2d5eeade2bd40eb13546522dbd3/Code/GraphMol/FilterCatalog/pains_c.in#L390
primary,pains,ene_cyano_F(1),0,9098,https://raw.githubusercontent.com/rdkit/rdkit/0ece02e9254ef2d5eeade2bd40eb13546522dbd3/Code/GraphMol/FilterCatalog/pains_c.in#L391
primary,pains,hzone_furan_C(1),0,9098,https://raw.githubusercontent.com/rdkit/rdkit/0ece02e9254ef2d5eeade2bd40eb13546522dbd3/Code/GraphMol/FilterCatalog/pains_c.in#L392
primary,pains,anil_no_alk_C(1),0,9098,https://raw.githubusercontent.com/rdkit/rdkit/0ece02e9254ef2d5eeade2bd40eb13546522dbd3/Code/GraphMol/FilterCatalog/pains_c.in#L393
primary,pains,hzone_acid_D(1),0,9098,https://raw.githubusercontent.com/rdkit/rdkit/0ece02e9254ef2d5eeade2bd40eb13546522dbd3/Code/GraphMol/FilterCatalog/pains_c.in#L394
primary,pains,hzone_furan_E(1),0,9098,https://raw.githubusercontent.com/rdkit/rdkit/0ece02e9254ef2d5eeade2bd40eb13546522dbd3/Code/GraphMol/FilterCatalog/pains_c.in#L395
primary,pains,het_6_pyridone_NH2(1),0,9098,https://raw.githubusercontent.com/rdkit/rdkit/0ece02e9254ef2d5eeade2bd40eb13546522dbd3/Code/GraphMol/FilterCatalog/pains_c.in#L396
primary,pains,imine_one_fives_D(1),0,9098,https://raw.githubusercontent.com/rdkit/rdkit/0ece02e9254ef2d5eeade2bd40eb13546522dbd3/Code/GraphMol/FilterCatalog/pains_c.in#L397
primary,pains,pyrrole_M(1),0,9098,https://raw.githubusercontent.com/rdkit/rdkit/0ece02e9254ef2d5eeade2bd40eb13546522dbd3/Code/GraphMol/FilterCatalog/pains_c.in#L398
primary,pains,pyrrole_N(1),0,9098,https://raw.githubusercontent.com/rdkit/rdkit/0ece02e9254ef2d5eeade2bd40eb13546522dbd3/Code/GraphMol/FilterCatalog/pains_c.in#L399
primary,pains,pyrrole_O(1),0,9098,https://raw.githubusercontent.com/rdkit/rdkit/0ece02e9254ef2d5eeade2bd40eb13546522dbd3/Code/GraphMol/FilterCatalog/pains_c.in#L400
primary,pains,ene_cyano_G(1),0,9098,https://raw.githubusercontent.com/rdkit/rdkit/0ece02e9254ef2d5eeade2bd40eb13546522dbd3/Code/GraphMol/FilterCatalog/pains_c.in#L401
primary,pains,sulfonamide_J(1),0,9098,https://raw.githubusercontent.com/rdkit/rdkit/0ece02e9254ef2d5eeade2bd40eb13546522dbd3/Code/GraphMol/FilterCatalog/pains_c.in#L402
primary,pains,misc_pyrrole_benz(1),0,9098,https://raw.githubusercontent.com/rdkit/rdkit/0ece02e9254ef2d5eeade2bd40eb13546522dbd3/Code/GraphMol/FilterCatalog/pains_c.in#L403
primary,pains,thio_urea_R(1),0,9098,https://raw.githubusercontent.com/rdkit/rdkit/0ece02e9254ef2d5eeade2bd40eb13546522dbd3/Code/GraphMol/FilterCatalog/pains_c.in#L404
primary,pains,ene_one_one_B(1),0,9098,https://raw.githubusercontent.com/rdkit/rdkit/0ece02e9254ef2d5eeade2bd40eb13546522dbd3/Code/GraphMol/FilterCatalog/pains_c.in#L405
primary,pains,dhp_amino_CN_H(1),0,9098,https://raw.githubusercontent.com/rdkit/rdkit/0ece02e9254ef2d5eeade2bd40eb13546522dbd3/Code/GraphMol/FilterCatalog/pains_c.in#L406
primary,pains,het_66_anisole(1),0,9098,https://raw.githubusercontent.com/rdkit/rdkit/0ece02e9254ef2d5eeade2bd40eb13546522dbd3/Code/GraphMol/FilterCatalog/pains_c.in#L407
primary,pains,thiazole_amine_N(1),0,9098,https://raw.githubusercontent.com/rdkit/rdkit/0ece02e9254ef2d5eeade2bd40eb13546522dbd3/Code/GraphMol/FilterCatalog/pains_c.in#L408
primary,pains,het_pyridiniums_C(1),0,9098,https://raw.githubusercontent.com/rdkit/rdkit/0ece02e9254ef2d5eeade2bd40eb13546522dbd3/Code/GraphMol/FilterCatalog/pains_c.in#L409
primary,pains,het_5_E(1),0,9098,https://raw.githubusercontent.com/rdkit/rdkit/0ece02e9254ef2d5eeade2bd40eb13546522dbd3/Code/GraphMol/FilterCatalog/pains_c.in#L410
primary,pains_A,ene_six_het_A(483),0,9098,https://raw.githubusercontent.com/rdkit/rdkit/0ece02e9254ef2d5eeade2bd40eb13546522dbd3/Code/GraphMol/FilterCatalog/pains_a.in#L2
primary,pains_A,hzone_phenol_A(479),0,9098,https://raw.githubusercontent.com/rdkit/rdkit/0ece02e9254ef2d5eeade2bd40eb13546522dbd3/Code/GraphMol/FilterCatalog/pains_a.in#L3
primary,pains_A,anil_di_alk_A(478),74,9098,https://raw.githubusercontent.com/rdkit/rdkit/0ece02e9254ef2d5eeade2bd40eb13546522dbd3/Code/GraphMol/FilterCatalog/pains_a.in#L4
primary,pains_A,indol_3yl_alk(461),11,9098,https://raw.githubusercontent.com/rdkit/rdkit/0ece02e9254ef2d5eeade2bd40eb13546522dbd3/Code/GraphMol/FilterCatalog/pains_a.in#L5
primary,pains_A,quinone_A(370),41,9098,https://raw.githubusercontent.com/rdkit/rdkit/0ece02e9254ef2d5eeade2bd40eb13546522dbd3/Code/GraphMol/FilterCatalog/pains_a.in#L6
primary,pains_A,azo_A(324),3,9098,https://raw.githubusercontent.com/rdkit/rdkit/0ece02e9254ef2d5eeade2bd40eb13546522dbd3/Code/GraphMol/FilterCatalog/pains_a.in#L7
primary,pains_A,imine_one_A(321),2,9098,https://raw.githubusercontent.com/rdkit/rdkit/0ece02e9254ef2d5eeade2bd40eb13546522dbd3/Code/GraphMol/FilterCatalog/pains_a.in#L8
primary,pains_A,mannich_A(296),0,9098,https://raw.githubusercontent.com/rdkit/rdkit/0ece02e9254ef2d5eeade2bd40eb13546522dbd3/Code/GraphMol/FilterCatalog/pains_a.in#L9
primary,pains_A,anil_di_alk_B(251),5,9098,https://raw.githubusercontent.com/rdkit/rdkit/0ece02e9254ef2d5eeade2bd40eb13546522dbd3/Code/GraphMol/FilterCatalog/pains_a.in#L10
primary,pains_A,anil_di_alk_C(246),21,9098,https://raw.githubusercontent.com/rdkit/rdkit/0ece02e9254ef2d5eeade2bd40eb13546522dbd3/Code/GraphMol/FilterCatalog/pains_a.in#L11
primary,pains_A,ene_rhod_A(235),5,9098,https://raw.githubusercontent.com/rdkit/rdkit/0ece02e9254ef2d5eeade2bd40eb13546522dbd3/Code/GraphMol/FilterCatalog/pains_a.in#L12
primary,pains_A,hzone_phenol_B(215),0,9098,https://raw.githubusercontent.com/rdkit/rdkit/0ece02e9254ef2d5eeade2bd40eb13546522dbd3/Code/GraphMol/FilterCatalog/pains_a.in#L13
primary,pains_A,ene_five_het_A(201),1,9098,https://raw.githubusercontent.com/rdkit/rdkit/0ece02e9254ef2d5eeade2bd40eb13546522dbd3/Code/GraphMol/FilterCatalog/pains_a.in#L14
primary,pains_A,anil_di_alk_D(198),2,9098,https://raw.githubusercontent.com/rdkit/rdkit/0ece02e9254ef2d5eeade2bd40eb13546522dbd3/Code/GraphMol/FilterCatalog/pains_a.in#L15
primary,pains_A,imine_one_isatin(189),0,9098,https://raw.githubusercontent.com/rdkit/rdkit/0ece02e9254ef2d5eeade2bd40eb13546522dbd3/Code/GraphMol/FilterCatalog/pains_a.in#L16
primary,pains_A,anil_di_alk_E(186),3,9098,https://raw.githubusercontent.com/rdkit/rdkit/0ece02e9254ef2d5eeade2bd40eb13546522dbd3/Code/GraphMol/FilterCatalog/pains_a.in#L17
primary,pains_B,thiaz_ene_A(128),0,9098,https://raw.githubusercontent.com/rdkit/rdkit/0ece02e9254ef2d5eeade2bd40eb13546522dbd3/Code/GraphMol/FilterCatalog/pains_b.in#L2
primary,pains_B,pyrrole_A(118),3,9098,https://raw.githubusercontent.com/rdkit/rdkit/0ece02e9254ef2d5eeade2bd40eb13546522dbd3/Code/GraphMol/FilterCatalog/pains_b.in#L3
primary,pains_B,catechol_A(92),0,9098,https://raw.githubusercontent.com/rdkit/rdkit/0ece02e9254ef2d5eeade2bd40eb13546522dbd3/Code/GraphMol/FilterCatalog/pains_b.in#L4
primary,pains_B,ene_five_het_B(90),0,9098,https://raw.githubusercontent.com/rdkit/rdkit/0ece02e9254ef2d5eeade2bd40eb13546522dbd3/Code/GraphMol/FilterCatalog/pains_b.in#L5
primary,pains_B,imine_one_fives(89),0,9098,https://raw.githubusercontent.com/rdkit/rdkit/0ece02e9254ef2d5eeade2bd40eb13546522dbd3/Code/GraphMol/FilterCatalog/pains_b.in#L6
primary,pains_B,ene_five_het_C(85),0,9098,https://raw.githubusercontent.com/rdkit/rdkit/0ece02e9254ef2d5eeade2bd40eb13546522dbd3/Code/GraphMol/FilterCatalog/pains_b.in#L7
primary,pains_B,hzone_pipzn(79),0,9098,https://raw.githubusercontent.com/rdkit/rdkit/0ece02e9254ef2d5eeade2bd40eb13546522dbd3/Code/GraphMol/FilterCatalog/pains_b.in#L8
primary,pains_B,keto_keto_beta_A(68),0,9098,https://raw.githubusercontent.com/rdkit/rdkit/0ece02e9254ef2d5eeade2bd40eb13546522dbd3/Code/GraphMol/FilterCatalog/pains_b.in#L9
primary,pains_B,hzone_pyrrol(64),0,9098,https://raw.githubusercontent.com/rdkit/rdkit/0ece02e9254ef2d5eeade2bd40eb13546522dbd3/Code/GraphMol/FilterCatalog/pains_b.in#L10
primary,pains_B,ene_one_ene_A(57),4,9098,https://raw.githubusercontent.com/rdkit/rdkit/0ece02e9254ef2d5eeade2bd40eb13546522dbd3/Code/GraphMol/FilterCatalog/pains_b.in#L11
primary,pains_B,cyano_ene_amine_A(56),0,9098,https://raw.githubusercontent.com/rdkit/rdkit/0ece02e9254ef2d5eeade2bd40eb13546522dbd3/Code/GraphMol/FilterCatalog/pains_b.in#L12
primary,pains_B,ene_five_one_A(55),0,9098,https://raw.githubusercontent.com/rdkit/rdkit/0ece02e9254ef2d5eeade2bd40eb13546522dbd3/Code/GraphMol/FilterCatalog/pains_b.in#L13
primary,pains_B,cyano_pyridone_A(54),0,9098,https://raw.githubusercontent.com/rdkit/rdkit/0ece02e9254ef2d5eeade2bd40eb13546522dbd3/Code/GraphMol/FilterCatalog/pains_b.in#L14
primary,pains_B,anil_alk_ene(51),22,9098,https://raw.githubusercontent.com/rdkit/rdkit/0ece02e9254ef2d5eeade2bd40eb13546522dbd3/Code/GraphMol/FilterCatalog/pains_b.in#L15
primary,pains_B,amino_acridine_A(46),289,9098,https://raw.githubusercontent.com/rdkit/rdkit/0ece02e9254ef2d5eeade2bd40eb13546522dbd3/Code/GraphMol/FilterCatalog/pains_b.in#L16
primary,pains_B,ene_five_het_D(46),0,9098,https://raw.githubusercontent.com/rdkit/rdkit/0ece02e9254ef2d5eeade2bd40eb13546522dbd3/Code/GraphMol/FilterCatalog/pains_b.in#L17
primary,pains_B,thiophene_amino_Aa(45),0,9098,https://raw.githubusercontent.com/rdkit/rdkit/0ece02e9254ef2d5eeade2bd40eb13546522dbd3/Code/GraphMol/FilterCatalog/pains_b.in#L18
primary,pains_B,ene_five_het_E(44),0,9098,https://raw.githubusercontent.com/rdkit/rdkit/0ece02e9254ef2d5eeade2bd40eb13546522dbd3/Code/GraphMol/FilterCatalog/pains_b.in#L19
primary,pains_B,sulfonamide_A(43),0,9098,https://raw.githubusercontent.com/rdkit/rdkit/0ece02e9254ef2d5eeade2bd40eb13546522dbd3/Code/GraphMol/FilterCatalog/pains_b.in#L20
primary,pains_B,thio_ketone(43),0,9098,https://raw.githubusercontent.com/rdkit/rdkit/0ece02e9254ef2d5eeade2bd40eb13546522dbd3/Code/GraphMol/FilterCatalog/pains_b.in#L21
primary,pains_B,sulfonamide_B(41),0,9098,https://raw.githubusercontent.com/rdkit/rdkit/0ece02e9254ef2d5eeade2bd40eb13546522dbd3/Code/GraphMol/FilterCatalog/pains_b.in#L22
primary,pains_B,anil_no_alk(40),12,9098,https://raw.githubusercontent.com/rdkit/rdkit/0ece02e9254ef2d5eeade2bd40eb13546522dbd3/Code/GraphMol/FilterCatalog/pains_b.in#L23
primary,pains_B,thiophene_amino_Ab(40),0,9098,https://raw.githubusercontent.com/rdkit/rdkit/0ece02e9254ef2d5eeade2bd40eb13546522dbd3/Code/GraphMol/FilterCatalog/pains_b.in#L24
primary,pains_B,het_pyridiniums_A(39),22,9098,https://raw.githubusercontent.com/rdkit/rdkit/0ece02e9254ef2d5eeade2bd40eb13546522dbd3/Code/GraphMol/FilterCatalog/pains_b.in#L25
primary,pains_B,anthranil_one_A(38),1,9098,https://raw.githubusercontent.com/rdkit/rdkit/0ece02e9254ef2d5eeade2bd40eb13546522dbd3/Code/GraphMol/FilterCatalog/pains_b.in#L26
primary,pains_B,cyano_imine_A(37),0,9098,https://raw.githubusercontent.com/rdkit/rdkit/0ece02e9254ef2d5eeade2bd40eb13546522dbd3/Code/GraphMol/FilterCatalog/pains_b.in#L27
primary,pains_B,diazox_sulfon_A(36),0,9098,https://raw.githubusercontent.com/rdkit/rdkit/0ece02e9254ef2d5eeade2bd40eb13546522dbd3/Code/GraphMol/FilterCatalog/pains_b.in#L28
primary,pains_B,hzone_anil_di_alk(35),0,9098,https://raw.githubusercontent.com/rdkit/rdkit/0ece02e9254ef2d5eeade2bd40eb13546522dbd3/Code/GraphMol/FilterCatalog/pains_b.in#L29
primary,pains_B,rhod_sat_A(33),0,9098,https://raw.githubusercontent.com/rdkit/rdkit/0ece02e9254ef2d5eeade2bd40eb13546522dbd3/Code/GraphMol/FilterCatalog/pains_b.in#L30
primary,pains_B,hzone_enamin(30),0,9098,https://raw.githubusercontent.com/rdkit/rdkit/0ece02e9254ef2d5eeade2bd40eb13546522dbd3/Code/GraphMol/FilterCatalog/pains_b.in#L31
primary,pains_B,pyrrole_B(29),3,9098,https://raw.githubusercontent.com/rdkit/rdkit/0ece02e9254ef2d5eeade2bd40eb13546522dbd3/Code/GraphMol/FilterCatalog/pains_b.in#L32
primary,pains_B,thiophene_hydroxy(28),0,9098,https://raw.githubusercontent.com/rdkit/rdkit/0ece02e9254ef2d5eeade2bd40eb13546522dbd3/Code/GraphMol/FilterCatalog/pains_b.in#L33
primary,pains_B,cyano_pyridone_B(27),13,9098,https://raw.githubusercontent.com/rdkit/rdkit/0ece02e9254ef2d5eeade2bd40eb13546522dbd3/Code/GraphMol/FilterCatalog/pains_b.in#L34
primary,pains_B,imine_one_sixes(27),0,9098,https://raw.githubusercontent.com/rdkit/rdkit/0ece02e9254ef2d5eeade2bd40eb13546522dbd3/Code/GraphMol/FilterCatalog/pains_b.in#L35
primary,pains_B,dyes5A(27),1,9098,https://raw.githubusercontent.com/rdkit/rdkit/0ece02e9254ef2d5eeade2bd40eb13546522dbd3/Code/GraphMol/FilterCatalog/pains_b.in#L36
primary,pains_B,naphth_amino_A(25),0,9098,https://raw.githubusercontent.com/rdkit/rdkit/0ece02e9254ef2d5eeade2bd40eb13546522dbd3/Code/GraphMol/FilterCatalog/pains_b.in#L37
primary,pains_B,naphth_amino_B(25),0,9098,https://raw.githubusercontent.com/rdkit/rdkit/0ece02e9254ef2d5eeade2bd40eb13546522dbd3/Code/GraphMol/FilterCatalog/pains_b.in#L38
primary,pains_B,ene_one_ester(24),0,9098,https://raw.githubusercontent.com/rdkit/rdkit/0ece02e9254ef2d5eeade2bd40eb13546522dbd3/Code/GraphMol/FilterCatalog/pains_b.in#L39
primary,pains_B,thio_dibenzo(23),0,9098,https://raw.githubusercontent.com/rdkit/rdkit/0ece02e9254ef2d5eeade2bd40eb13546522dbd3/Code/GraphMol/FilterCatalog/pains_b.in#L40
primary,pains_B,cyano_cyano_A(23),0,9098,https://raw.githubusercontent.com/rdkit/rdkit/0ece02e9254ef2d5eeade2bd40eb13546522dbd3/Code/GraphMol/FilterCatalog/pains_b.in#L41
primary,pains_B,hzone_acyl_naphthol(22),0,9098,https://raw.githubusercontent.com/rdkit/rdkit/0ece02e9254ef2d5eeade2bd40eb13546522dbd3/Code/GraphMol/FilterCatalog/pains_b.in#L42
primary,pains_B,het_65_A(21),0,9098,https://raw.githubusercontent.com/rdkit/rdkit/0ece02e9254ef2d5eeade2bd40eb13546522dbd3/Code/GraphMol/FilterCatalog/pains_b.in#L43
primary,pains_B,imidazole_A(19),0,9098,https://raw.githubusercontent.com/rdkit/rdkit/0ece02e9254ef2d5eeade2bd40eb13546522dbd3/Code/GraphMol/FilterCatalog/pains_b.in#L44
primary,pains_B,ene_cyano_A(19),1,9098,https://raw.githubusercontent.com/rdkit/rdkit/0ece02e9254ef2d5eeade2bd40eb13546522dbd3/Code/GraphMol/FilterCatalog/pains_b.in#L45
primary,pains_B,anthranil_acid_A(19),0,9098,https://raw.githubusercontent.com/rdkit/rdkit/0ece02e9254ef2d5eeade2bd40eb13546522dbd3/Code/GraphMol/FilterCatalog/pains_b.in#L46
primary,pains_B,dyes3A(19),0,9098,https://raw.githubusercontent.com/rdkit/rdkit/0ece02e9254ef2d5eeade2bd40eb13546522dbd3/Code/GraphMol/FilterCatalog/pains_b.in#L47
primary,pains_B,dhp_bis_amino_CN(19),0,9098,https://raw.githubusercontent.com/rdkit/rdkit/0ece02e9254ef2d5eeade2bd40eb13546522dbd3/Code/GraphMol/FilterCatalog/pains_b.in#L48
primary,pains_B,het_6_tetrazine(18),0,9098,https://raw.githubusercontent.com/rdkit/rdkit/0ece02e9254ef2d5eeade2bd40eb13546522dbd3/Code/GraphMol/FilterCatalog/pains_b.in#L49
primary,pains_B,ene_one_hal(17),1,9098,https://raw.githubusercontent.com/rdkit/rdkit/0ece02e9254ef2d5eeade2bd40eb13546522dbd3/Code/GraphMol/FilterCatalog/pains_b.in#L50
primary,pains_B,cyano_imine_B(17),0,9098,https://raw.githubusercontent.com/rdkit/rdkit/0ece02e9254ef2d5eeade2bd40eb13546522dbd3/Code/GraphMol/FilterCatalog/pains_b.in#L51
primary,pains_B,thiaz_ene_B(17),0,9098,https://raw.githubusercontent.com/rdkit/rdkit/0ece02e9254ef2d5eeade2bd40eb13546522dbd3/Code/GraphMol/FilterCatalog/pains_b.in#L52
primary,pains_B,ene_rhod_B(16),0,9098,https://raw.githubusercontent.com/rdkit/rdkit/0ece02e9254ef2d5eeade2bd40eb13546522dbd3/Code/GraphMol/FilterCatalog/pains_b.in#L53
primary,pains_B,thio_carbonate_A(15),0,9098,https://raw.githubusercontent.com/rdkit/rdkit/0ece02e9254ef2d5eeade2bd40eb13546522dbd3/Code/GraphMol/FilterCatalog/pains_b.in#L54
primary,pains_B,anil_di_alk_furan_A(15),0,9098,https://raw.githubusercontent.com/rdkit/rdkit/0ece02e9254ef2d5eeade2bd40eb13546522dbd3/Code/GraphMol/FilterCatalog/pains_b.in#L55
primary,pains_B,ene_five_het_F(15),0,9098,https://raw.githubusercontent.com/rdkit/rdkit/0ece02e9254ef2d5eeade2bd40eb13546522dbd3/Code/GraphMol/FilterCatalog/pains_b.in#L56
primary,pains_C,anil_di_alk_F(14),0,9098,https://raw.githubusercontent.com/rdkit/rdkit/0ece02e9254ef2d5eeade2bd40eb13546522dbd3/Code/GraphMol/FilterCatalog/pains_c.in#L2
primary,pains_C,hzone_anil(14),0,9098,https://raw.githubusercontent.com/rdkit/rdkit/0ece02e9254ef2d5eeade2bd40eb13546522dbd3/Code/GraphMol/FilterCatalog/pains_c.in#L3
primary,pains_C,het_5_pyrazole_OH(14),0,9098,https://raw.githubusercontent.com/rdkit/rdkit/0ece02e9254ef2d5eeade2bd40eb13546522dbd3/Code/GraphMol/FilterCatalog/pains_c.in#L4
primary,pains_C,het_thio_666_A(13),0,9098,https://raw.githubusercontent.com/rdkit/rdkit/0ece02e9254ef2d5eeade2bd40eb13546522dbd3/Code/GraphMol/FilterCatalog/pains_c.in#L5
primary,pains_C,styrene_A(13),0,9098,https://raw.githubusercontent.com/rdkit/rdkit/0ece02e9254ef2d5eeade2bd40eb13546522dbd3/Code/GraphMol/FilterCatalog/pains_c.in#L6
primary,pains_C,ene_rhod_C(13),0,9098,https://raw.githubusercontent.com/rdkit/rdkit/0ece02e9254ef2d5eeade2bd40eb13546522dbd3/Code/GraphMol/FilterCatalog/pains_c.in#L7
primary,pains_C,dhp_amino_CN_A(13),0,9098,https://raw.githubusercontent.com/rdkit/rdkit/0ece02e9254ef2d5eeade2bd40eb13546522dbd3/Code/GraphMol/FilterCatalog/pains_c.in#L8
primary,pains_C,cyano_imine_C(12),0,9098,https://raw.githubusercontent.com/rdkit/rdkit/0ece02e9254ef2d5eeade2bd40eb13546522dbd3/Code/GraphMol/FilterCatalog/pains_c.in#L9
primary,pains_C,thio_urea_A(12),0,9098,https://raw.githubusercontent.com/rdkit/rdkit/0ece02e9254ef2d5eeade2bd40eb13546522dbd3/Code/GraphMol/FilterCatalog/pains_c.in#L10
primary,pains_C,thiophene_amino_B(12),0,9098,https://raw.githubusercontent.com/rdkit/rdkit/0ece02e9254ef2d5eeade2bd40eb13546522dbd3/Code/GraphMol/FilterCatalog/pains_c.in#L11
primary,pains_C,keto_keto_beta_B(12),0,9098,https://raw.githubusercontent.com/rdkit/rdkit/0ece02e9254ef2d5eeade2bd40eb13546522dbd3/Code/GraphMol/FilterCatalog/pains_c.in#L12
primary,pains_C,keto_phenone_A(11),1,9098,https://raw.githubusercontent.com/rdkit/rdkit/0ece02e9254ef2d5eeade2bd40eb13546522dbd3/Code/GraphMol/FilterCatalog/pains_c.in#L13
primary,pains_C,cyano_pyridone_C(11),0,9098,https://raw.githubusercontent.com/rdkit/rdkit/0ece02e9254ef2d5eeade2bd40eb13546522dbd3/Code/GraphMol/FilterCatalog/pains_c.in#L14
primary,pains_C,thiaz_ene_C(11),0,9098,https://raw.githubusercontent.com/rdkit/rdkit/0ece02e9254ef2d5eeade2bd40eb13546522dbd3/Code/GraphMol/FilterCatalog/pains_c.in#L15
primary,pains_C,hzone_thiophene_A(11),0,9098,https://raw.githubusercontent.com/rdkit/rdkit/0ece02e9254ef2d5eeade2bd40eb13546522dbd3/Code/GraphMol/FilterCatalog/pains_c.in#L16
primary,pains_C,ene_quin_methide(10),0,9098,https://raw.githubusercontent.com/rdkit/rdkit/0ece02e9254ef2d5eeade2bd40eb13546522dbd3/Code/GraphMol/FilterCatalog/pains_c.in#L17
primary,pains_C,het_thio_676_A(10),0,9098,https://raw.githubusercontent.com/rdkit/rdkit/0ece02e9254ef2d5eeade2bd40eb13546522dbd3/Code/GraphMol/FilterCatalog/pains_c.in#L18
primary,pains_C,ene_five_het_G(10),0,9098,https://raw.githubusercontent.com/rdkit/rdkit/0ece02e9254ef2d5eeade2bd40eb13546522dbd3/Code/GraphMol/FilterCatalog/pains_c.in#L19
primary,pains_C,acyl_het_A(9),0,9098,https://raw.githubusercontent.com/rdkit/rdkit/0ece02e9254ef2d5eeade2bd40eb13546522dbd3/Code/GraphMol/FilterCatalog/pains_c.in#L20
primary,pains_C,anil_di_alk_G(9),11,9098,https://raw.githubusercontent.com/rdkit/rdkit/0ece02e9254ef2d5eeade2bd40eb13546522dbd3/Code/GraphMol/FilterCatalog/pains_c.in#L21
primary,pains_C,dhp_keto_A(9),0,9098,https://raw.githubusercontent.com/rdkit/rdkit/0ece02e9254ef2d5eeade2bd40eb13546522dbd3/Code/GraphMol/FilterCatalog/pains_c.in#L22
primary,pains_C,thio_urea_B(9),0,9098,https://raw.githubusercontent.com/rdkit/rdkit/0ece02e9254ef2d5eeade2bd40eb13546522dbd3/Code/GraphMol/FilterCatalog/pains_c.in#L23
primary,pains_C,anil_alk_bim(9),1,9098,https://raw.githubusercontent.com/rdkit/rdkit/0ece02e9254ef2d5eeade2bd40eb13546522dbd3/Code/GraphMol/FilterCatalog/pains_c.in#L24
primary,pains_C,imine_imine_A(9),0,9098,https://raw.githubusercontent.com/rdkit/rdkit/0ece02e9254ef2d5eeade2bd40eb13546522dbd3/Code/GraphMol/FilterCatalog/pains_c.in#L25
primary,pains_C,thio_urea_C(9),0,9098,https://raw.githubusercontent.com/rdkit/rdkit/0ece02e9254ef2d5eeade2bd40eb13546522dbd3/Code/GraphMol/FilterCatalog/pains_c.in#L26
primary,pains_C,imine_one_fives_B(9),0,9098,https://raw.githubusercontent.com/rdkit/rdkit/0ece02e9254ef2d5eeade2bd40eb13546522dbd3/Code/GraphMol/FilterCatalog/pains_c.in#L27
primary,pains_C,dhp_amino_CN_B(9),0,9098,https://raw.githubusercontent.com/rdkit/rdkit/0ece02e9254ef2d5eeade2bd40eb13546522dbd3/Code/GraphMol/FilterCatalog/pains_c.in#L28
primary,pains_C,anil_OC_no_alk_A(8),0,9098,https://raw.githubusercontent.com/rdkit/rdkit/0ece02e9254ef2d5eeade2bd40eb13546522dbd3/Code/GraphMol/FilterCatalog/pains_c.in#L29
primary,pains_C,het_thio_66_one(8),0,9098,https://raw.githubusercontent.com/rdkit/rdkit/0ece02e9254ef2d5eeade2bd40eb13546522dbd3/Code/GraphMol/FilterCatalog/pains_c.in#L30
primary,pains_C,styrene_B(8),1,9098,https://raw.githubusercontent.com/rdkit/rdkit/0ece02e9254ef2d5eeade2bd40eb13546522dbd3/Code/GraphMol/FilterCatalog/pains_c.in#L31
primary,pains_C,het_thio_5_A(8),0,9098,https://raw.githubusercontent.com/rdkit/rdkit/0ece02e9254ef2d5eeade2bd40eb13546522dbd3/Code/GraphMol/FilterCatalog/pains_c.in#L32
primary,pains_C,anil_di_alk_ene_A(8),0,9098,https://raw.githubusercontent.com/rdkit/rdkit/0ece02e9254ef2d5eeade2bd40eb13546522dbd3/Code/GraphMol/FilterCatalog/pains_c.in#L33
primary,pains_C,ene_rhod_D(8),0,9098,https://raw.githubusercontent.com/rdkit/rdkit/0ece02e9254ef2d5eeade2bd40eb13546522dbd3/Code/GraphMol/FilterCatalog/pains_c.in#L34
primary,pains_C,ene_rhod_E(8),0,9098,https://raw.githubusercontent.com/rdkit/rdkit/0ece02e9254ef2d5eeade2bd40eb13546522dbd3/Code/GraphMol/FilterCatalog/pains_c.in#L35
primary,pains_C,anil_OH_alk_A(8),0,9098,https://raw.githubusercontent.com/rdkit/rdkit/0ece02e9254ef2d5eeade2bd40eb13546522dbd3/Code/GraphMol/FilterCatalog/pains_c.in#L36
primary,pains_C,pyrrole_C(8),8,9098,https://raw.githubusercontent.com/rdkit/rdkit/0ece02e9254ef2d5eeade2bd40eb13546522dbd3/Code/GraphMol/FilterCatalog/pains_c.in#L37
primary,pains_C,thio_urea_D(8),0,9098,https://raw.githubusercontent.com/rdkit/rdkit/0ece02e9254ef2d5eeade2bd40eb13546522dbd3/Code/GraphMol/FilterCatalog/pains_c.in#L38
primary,pains_C,thiaz_ene_D(8),0,9098,https://raw.githubusercontent.com/rdkit/rdkit/0ece02e9254ef2d5eeade2bd40eb13546522dbd3/Code/GraphMol/FilterCatalog/pains_c.in#L39
primary,pains_C,ene_rhod_F(8),0,9098,https://raw.githubusercontent.com/rdkit/rdkit/0ece02e9254ef2d5eeade2bd40eb13546522dbd3/Code/GraphMol/FilterCatalog/pains_c.in#L40
primary,pains_C,thiaz_ene_E(8),0,9098,https://raw.githubusercontent.com/rdkit/rdkit/0ece02e9254ef2d5eeade2bd40eb13546522dbd3/Code/GraphMol/FilterCatalog/pains_c.in#L41
primary,pains_C,het_65_B(7),0,9098,https://raw.githubusercontent.com/rdkit/rdkit/0ece02e9254ef2d5eeade2bd40eb13546522dbd3/Code/GraphMol/FilterCatalog/pains_c.in#L42
primary,pains_C,keto_keto_beta_C(7),0,9098,https://raw.githubusercontent.com/rdkit/rdkit/0ece02e9254ef2d5eeade2bd40eb13546522dbd3/Code/GraphMol/FilterCatalog/pains_c.in#L43
primary,pains_C,het_66_A(7),0,9098,https://raw.githubusercontent.com/rdkit/rdkit/0ece02e9254ef2d5eeade2bd40eb13546522dbd3/Code/GraphMol/FilterCatalog/pains_c.in#L44
primary,pains_C,thio_urea_E(7),0,9098,https://raw.githubusercontent.com/rdkit/rdkit/0ece02e9254ef2d5eeade2bd40eb13546522dbd3/Code/GraphMol/FilterCatalog/pains_c.in#L45
primary,pains_C,thiophene_amino_C(7),0,9098,https://raw.githubusercontent.com/rdkit/rdkit/0ece02e9254ef2d5eeade2bd40eb13546522dbd3/Code/GraphMol/FilterCatalog/pains_c.in#L46
primary,pains_C,hzone_phenone(7),0,9098,https://raw.githubusercontent.com/rdkit/rdkit/0ece02e9254ef2d5eeade2bd40eb13546522dbd3/Code/GraphMol/FilterCatalog/pains_c.in#L47
primary,pains_C,ene_rhod_G(7),0,9098,https://raw.githubusercontent.com/rdkit/rdkit/0ece02e9254ef2d5eeade2bd40eb13546522dbd3/Code/GraphMol/FilterCatalog/pains_c.in#L48
primary,pains_C,ene_cyano_B(7),0,9098,https://raw.githubusercontent.com/rdkit/rdkit/0ece02e9254ef2d5eeade2bd40eb13546522dbd3/Code/GraphMol/FilterCatalog/pains_c.in#L49
primary,pains_C,dhp_amino_CN_C(7),0,9098,https://raw.githubusercontent.com/rdkit/rdkit/0ece02e9254ef2d5eeade2bd40eb13546522dbd3/Code/GraphMol/FilterCatalog/pains_c.in#L50
primary,pains_C,het_5_A(7),0,9098,https://raw.githubusercontent.com/rdkit/rdkit/0ece02e9254ef2d5eeade2bd40eb13546522dbd3/Code/GraphMol/FilterCatalog/pains_c.in#L51
primary,pains_C,ene_five_het_H(6),0,9098,https://raw.githubusercontent.com/rdkit/rdkit/0ece02e9254ef2d5eeade2bd40eb13546522dbd3/Code/GraphMol/FilterCatalog/pains_c.in#L52
primary,pains_C,thio_amide_A(6),0,9098,https://raw.githubusercontent.com/rdkit/rdkit/0ece02e9254ef2d5eeade2bd40eb13546522dbd3/Code/GraphMol/FilterCatalog/pains_c.in#L53
primary,pains_C,ene_cyano_C(6),0,9098,https://raw.githubusercontent.com/rdkit/rdkit/0ece02e9254ef2d5eeade2bd40eb13546522dbd3/Code/GraphMol/FilterCatalog/pains_c.in#L54
primary,pains_C,hzone_furan_A(6),0,9098,https://raw.githubusercontent.com/rdkit/rdkit/0ece02e9254ef2d5eeade2bd40eb13546522dbd3/Code/GraphMol/FilterCatalog/pains_c.in#L55
primary,pains_C,anil_di_alk_H(6),0,9098,https://raw.githubusercontent.com/rdkit/rdkit/0ece02e9254ef2d5eeade2bd40eb13546522dbd3/Code/GraphMol/FilterCatalog/pains_c.in#L56
primary,pains_C,het_65_C(6),0,9098,https://raw.githubusercontent.com/rdkit/rdkit/0ece02e9254ef2d5eeade2bd40eb13546522dbd3/Code/GraphMol/FilterCatalog/pains_c.in#L57
primary,pains_C,thio_urea_F(6),0,9098,https://raw.githubusercontent.com/rdkit/rdkit/0ece02e9254ef2d5eeade2bd40eb13546522dbd3/Code/GraphMol/FilterCatalog/pains_c.in#L58
primary,pains_C,ene_five_het_I(6),0,9098,https://raw.githubusercontent.com/rdkit/rdkit/0ece02e9254ef2d5eeade2bd40eb13546522dbd3/Code/GraphMol/FilterCatalog/pains_c.in#L59
primary,pains_C,keto_keto_gamma(5),1,9098,https://raw.githubusercontent.com/rdkit/rdkit/0ece02e9254ef2d5eeade2bd40eb13546522dbd3/Code/GraphMol/FilterCatalog/pains_c.in#L60
primary,pains_C,quinone_B(5),0,9098,https://raw.githubusercontent.com/rdkit/rdkit/0ece02e9254ef2d5eeade2bd40eb13546522dbd3/Code/GraphMol/FilterCatalog/pains_c.in#L61
primary,pains_C,het_6_pyridone_OH(5),0,9098,https://raw.githubusercontent.com/rdkit/rdkit/0ece02e9254ef2d5eeade2bd40eb13546522dbd3/Code/GraphMol/FilterCatalog/pains_c.in#L62
primary,pains_C,hzone_naphth_A(5),0,9098,https://raw.githubusercontent.com/rdkit/rdkit/0ece02e9254ef2d5eeade2bd40eb13546522dbd3/Code/GraphMol/FilterCatalog/pains_c.in#L63
primary,pains_C,thio_ester_A(5),0,9098,https://raw.githubusercontent.com/rdkit/rdkit/0ece02e9254ef2d5eeade2bd40eb13546522dbd3/Code/GraphMol/FilterCatalog/pains_c.in#L64
primary,pains_C,ene_misc_A(5),0,9098,https://raw.githubusercontent.com/rdkit/rdkit/0ece02e9254ef2d5eeade2bd40eb13546522dbd3/Code/GraphMol/FilterCatalog/pains_c.in#L65
primary,pains_C,cyano_pyridone_D(5),0,9098,https://raw.githubusercontent.com/rdkit/rdkit/0ece02e9254ef2d5eeade2bd40eb13546522dbd3/Code/GraphMol/FilterCatalog/pains_c.in#L66
primary,pains_C,het_65_Db(5),0,9098,https://raw.githubusercontent.com/rdkit/rdkit/0ece02e9254ef2d5eeade2bd40eb13546522dbd3/Code/GraphMol/FilterCatalog/pains_c.in#L67
primary,pains_C,het_666_A(5),0,9098,https://raw.githubusercontent.com/rdkit/rdkit/0ece02e9254ef2d5eeade2bd40eb13546522dbd3/Code/GraphMol/FilterCatalog/pains_c.in#L68
primary,pains_C,diazox_sulfon_B(5),0,9098,https://raw.githubusercontent.com/rdkit/rdkit/0ece02e9254ef2d5eeade2bd40eb13546522dbd3/Code/GraphMol/FilterCatalog/pains_c.in#L69
primary,pains_C,anil_NH_alk_A(5),0,9098,https://raw.githubusercontent.com/rdkit/rdkit/0ece02e9254ef2d5eeade2bd40eb13546522dbd3/Code/GraphMol/FilterCatalog/pains_c.in#L70
primary,pains_C,sulfonamide_C(5),0,9098,https://raw.githubusercontent.com/rdkit/rdkit/0ece02e9254ef2d5eeade2bd40eb13546522dbd3/Code/GraphMol/FilterCatalog/pains_c.in#L71
primary,pains_C,het_thio_N_55(5),0,9098,https://raw.githubusercontent.com/rdkit/rdkit/0ece02e9254ef2d5eeade2bd40eb13546522dbd3/Code/GraphMol/FilterCatalog/pains_c.in#L72
primary,pains_C,keto_keto_beta_D(5),0,9098,https://raw.githubusercontent.com/rdkit/rdkit/0ece02e9254ef2d5eeade2bd40eb13546522dbd3/Code/GraphMol/FilterCatalog/pains_c.in#L73
primary,pains_C,ene_rhod_H(5),0,9098,https://raw.githubusercontent.com/rdkit/rdkit/0ece02e9254ef2d5eeade2bd40eb13546522dbd3/Code/GraphMol/FilterCatalog/pains_c.in#L74
primary,pains_C,imine_ene_A(5),0,9098,https://raw.githubusercontent.com/rdkit/rdkit/0ece02e9254ef2d5eeade2bd40eb13546522dbd3/Code/GraphMol/FilterCatalog/pains_c.in#L75
primary,pains_C,het_thio_656a(5),0,9098,https://raw.githubusercontent.com/rdkit/rdkit/0ece02e9254ef2d5eeade2bd40eb13546522dbd3/Code/GraphMol/FilterCatalog/pains_c.in#L76
primary,pains_C,pyrrole_D(5),0,9098,https://raw.githubusercontent.com/rdkit/rdkit/0ece02e9254ef2d5eeade2bd40eb13546522dbd3/Code/GraphMol/FilterCatalog/pains_c.in#L77
primary,pains_C,pyrrole_E(5),0,9098,https://raw.githubusercontent.com/rdkit/rdkit/0ece02e9254ef2d5eeade2bd40eb13546522dbd3/Code/GraphMol/FilterCatalog/pains_c.in#L78
primary,pains_C,thio_urea_G(5),0,9098,https://raw.githubusercontent.com/rdkit/rdkit/0ece02e9254ef2d5eeade2bd40eb13546522dbd3/Code/GraphMol/FilterCatalog/pains_c.in#L79
primary,pains_C,anisol_A(5),0,9098,https://raw.githubusercontent.com/rdkit/rdkit/0ece02e9254ef2d5eeade2bd40eb13546522dbd3/Code/GraphMol/FilterCatalog/pains_c.in#L80
primary,pains_C,pyrrole_F(5),0,9098,https://raw.githubusercontent.com/rdkit/rdkit/0ece02e9254ef2d5eeade2bd40eb13546522dbd3/Code/GraphMol/FilterCatalog/pains_c.in#L81
primary,pains_C,dhp_amino_CN_D(5),0,9098,https://raw.githubusercontent.com/rdkit/rdkit/0ece02e9254ef2d5eeade2bd40eb13546522dbd3/Code/GraphMol/FilterCatalog/pains_c.in#L82
primary,pains_C,thiazole_amine_A(4),0,9098,https://raw.githubusercontent.com/rdkit/rdkit/0ece02e9254ef2d5eeade2bd40eb13546522dbd3/Code/GraphMol/FilterCatalog/pains_c.in#L83
primary,pains_C,het_6_imidate_A(4),0,9098,https://raw.githubusercontent.com/rdkit/rdkit/0ece02e9254ef2d5eeade2bd40eb13546522dbd3/Code/GraphMol/FilterCatalog/pains_c.in#L84
primary,pains_C,anil_OC_no_alk_B(4),1,9098,https://raw.githubusercontent.com/rdkit/rdkit/0ece02e9254ef2d5eeade2bd40eb13546522dbd3/Code/GraphMol/FilterCatalog/pains_c.in#L85
primary,pains_C,styrene_C(4),0,9098,https://raw.githubusercontent.com/rdkit/rdkit/0ece02e9254ef2d5eeade2bd40eb13546522dbd3/Code/GraphMol/FilterCatalog/pains_c.in#L86
primary,pains_C,azulene(4),0,9098,https://raw.githubusercontent.com/rdkit/rdkit/0ece02e9254ef2d5eeade2bd40eb13546522dbd3/Code/GraphMol/FilterCatalog/pains_c.in#L87
primary,pains_C,furan_acid_A(4),0,9098,https://raw.githubusercontent.com/rdkit/rdkit/0ece02e9254ef2d5eeade2bd40eb13546522dbd3/Code/GraphMol/FilterCatalog/pains_c.in#L88
primary,pains_C,cyano_pyridone_E(4),0,9098,https://raw.githubusercontent.com/rdkit/rdkit/0ece02e9254ef2d5eeade2bd40eb13546522dbd3/Code/GraphMol/FilterCatalog/pains_c.in#L89
primary,pains_C,anil_alk_thio(4),0,9098,https://raw.githubusercontent.com/rdkit/rdkit/0ece02e9254ef2d5eeade2bd40eb13546522dbd3/Code/GraphMol/FilterCatalog/pains_c.in#L90
primary,pains_C,anil_di_alk_I(4),0,9098,https://raw.githubusercontent.com/rdkit/rdkit/0ece02e9254ef2d5eeade2bd40eb13546522dbd3/Code/GraphMol/FilterCatalog/pains_c.in#L91
primary,pains_C,het_thio_6_furan(4),0,9098,https://raw.githubusercontent.com/rdkit/rdkit/0ece02e9254ef2d5eeade2bd40eb13546522dbd3/Code/GraphMol/FilterCatalog/pains_c.in#L92
primary,pains_C,anil_di_alk_ene_B(4),0,9098,https://raw.githubusercontent.com/rdkit/rdkit/0ece02e9254ef2d5eeade2bd40eb13546522dbd3/Code/GraphMol/FilterCatalog/pains_c.in#L93
primary,pains_C,imine_one_B(4),0,9098,https://raw.githubusercontent.com/rdkit/rdkit/0ece02e9254ef2d5eeade2bd40eb13546522dbd3/Code/GraphMol/FilterCatalog/pains_c.in#L94
primary,pains_C,anil_OC_alk_A(4),0,9098,https://raw.githubusercontent.com/rdkit/rdkit/0ece02e9254ef2d5eeade2bd40eb13546522dbd3/Code/GraphMol/FilterCatalog/pains_c.in#L95
primary,pains_C,ene_five_het_J(4),0,9098,https://raw.githubusercontent.com/rdkit/rdkit/0ece02e9254ef2d5eeade2bd40eb13546522dbd3/Code/GraphMol/FilterCatalog/pains_c.in#L96
primary,pains_C,pyrrole_G(4),0,9098,https://raw.githubusercontent.com/rdkit/rdkit/0ece02e9254ef2d5eeade2bd40eb13546522dbd3/Code/GraphMol/FilterCatalog/pains_c.in#L97
primary,pains_C,ene_five_het_K(4),0,9098,https://raw.githubusercontent.com/rdkit/rdkit/0ece02e9254ef2d5eeade2bd40eb13546522dbd3/Code/GraphMol/FilterCatalog/pains_c.in#L98
primary,pains_C,cyano_ene_amine_B(4),0,9098,https://raw.githubusercontent.com/rdkit/rdkit/0ece02e9254ef2d5eeade2bd40eb13546522dbd3/Code/GraphMol/FilterCatalog/pains_c.in#L99
primary,pains_C,thio_ester_B(4),0,9098,https://raw.githubusercontent.com/rdkit/rdkit/0ece02e9254ef2d5eeade2bd40eb13546522dbd3/Code/GraphMol/FilterCatalog/pains_c.in#L100
primary,pains_C,ene_five_het_L(4),14,9098,https://raw.githubusercontent.com/rdkit/rdkit/0ece02e9254ef2d5eeade2bd40eb13546522dbd3/Code/GraphMol/FilterCatalog/pains_c.in#L101
primary,pains_C,hzone_thiophene_B(4),0,9098,https://raw.githubusercontent.com/rdkit/rdkit/0ece02e9254ef2d5eeade2bd40eb13546522dbd3/Code/GraphMol/FilterCatalog/pains_c.in#L102
primary,pains_C,dhp_amino_CN_E(4),0,9098,https://raw.githubusercontent.com/rdkit/rdkit/0ece02e9254ef2d5eeade2bd40eb13546522dbd3/Code/GraphMol/FilterCatalog/pains_c.in#L103
primary,pains_C,het_5_B(4),0,9098,https://raw.githubusercontent.com/rdkit/rdkit/0ece02e9254ef2d5eeade2bd40eb13546522dbd3/Code/GraphMol/FilterCatalog/pains_c.in#L104
primary,pains_C,imine_imine_B(3),0,9098,https://raw.githubusercontent.com/rdkit/rdkit/0ece02e9254ef2d5eeade2bd40eb13546522dbd3/Code/GraphMol/FilterCatalog/pains_c.in#L105
primary,pains_C,thiazole_amine_B(3),0,9098,https://raw.githubusercontent.com/rdkit/rdkit/0ece02e9254ef2d5eeade2bd40eb13546522dbd3/Code/GraphMol/FilterCatalog/pains_c.in#L106
primary,pains_C,imine_ene_one_A(3),0,9098,https://raw.githubusercontent.com/rdkit/rdkit/0ece02e9254ef2d5eeade2bd40eb13546522dbd3/Code/GraphMol/FilterCatalog/pains_c.in#L107
primary,pains_C,diazox_A(3),0,9098,https://raw.githubusercontent.com/rdkit/rdkit/0ece02e9254ef2d5eeade2bd40eb13546522dbd3/Code/GraphMol/FilterCatalog/pains_c.in#L108
primary,pains_C,ene_one_A(3),0,9098,https://raw.githubusercontent.com/rdkit/rdkit/0ece02e9254ef2d5eeade2bd40eb13546522dbd3/Code/GraphMol/FilterCatalog/pains_c.in#L109
primary,pains_C,anil_OC_no_alk_C(3),0,9098,https://raw.githubusercontent.com/rdkit/rdkit/0ece02e9254ef2d5eeade2bd40eb13546522dbd3/Code/GraphMol/FilterCatalog/pains_c.in#L110
primary,pains_C,thiazol_SC_A(3),2,9098,https://raw.githubusercontent.com/rdkit/rdkit/0ece02e9254ef2d5eeade2bd40eb13546522dbd3/Code/GraphMol/FilterCatalog/pains_c.in#L111
primary,pains_C,het_666_B(3),0,9098,https://raw.githubusercontent.com/rdkit/rdkit/0ece02e9254ef2d5eeade2bd40eb13546522dbd3/Code/GraphMol/FilterCatalog/pains_c.in#L112
primary,pains_C,furan_A(3),0,9098,https://raw.githubusercontent.com/rdkit/rdkit/0ece02e9254ef2d5eeade2bd40eb13546522dbd3/Code/GraphMol/FilterCatalog/pains_c.in#L113
primary,pains_C,colchicine_A(3),0,9098,https://raw.githubusercontent.com/rdkit/rdkit/0ece02e9254ef2d5eeade2bd40eb13546522dbd3/Code/GraphMol/FilterCatalog/pains_c.in#L114
primary,pains_C,thiophene_C(3),0,9098,https://raw.githubusercontent.com/rdkit/rdkit/0ece02e9254ef2d5eeade2bd40eb13546522dbd3/Code/GraphMol/FilterCatalog/pains_c.in#L115
primary,pains_C,anil_OC_alk_B(3),0,9098,https://raw.githubusercontent.com/rdkit/rdkit/0ece02e9254ef2d5eeade2bd40eb13546522dbd3/Code/GraphMol/FilterCatalog/pains_c.in#L116
primary,pains_C,het_thio_66_A(3),0,9098,https://raw.githubusercontent.com/rdkit/rdkit/0ece02e9254ef2d5eeade2bd40eb13546522dbd3/Code/GraphMol/FilterCatalog/pains_c.in#L117
primary,pains_C,rhod_sat_B(3),0,9098,https://raw.githubusercontent.com/rdkit/rdkit/0ece02e9254ef2d5eeade2bd40eb13546522dbd3/Code/GraphMol/FilterCatalog/pains_c.in#L118
primary,pains_C,ene_rhod_I(3),0,9098,https://raw.githubusercontent.com/rdkit/rdkit/0ece02e9254ef2d5eeade2bd40eb13546522dbd3/Code/GraphMol/FilterCatalog/pains_c.in#L119
primary,pains_C,keto_thiophene(3),0,9098,https://raw.githubusercontent.com/rdkit/rdkit/0ece02e9254ef2d5eeade2bd40eb13546522dbd3/Code/GraphMol/FilterCatalog/pains_c.in#L120
primary,pains_C,imine_imine_C(3),0,9098,https://raw.githubusercontent.com/rdkit/rdkit/0ece02e9254ef2d5eeade2bd40eb13546522dbd3/Code/GraphMol/FilterCatalog/pains_c.in#L121
primary,pains_C,het_65_pyridone_A(3),0,9098,https://raw.githubusercontent.com/rdkit/rdkit/0ece02e9254ef2d5eeade2bd40eb13546522dbd3/Code/GraphMol/FilterCatalog/pains_c.in#L122
primary,pains_C,thiazole_amine_C(3),0,9098,https://raw.githubusercontent.com/rdkit/rdkit/0ece02e9254ef2d5eeade2bd40eb13546522dbd3/Code/GraphMol/FilterCatalog/pains_c.in#L123
primary,pains_C,het_thio_pyr_A(3),0,9098,https://raw.githubusercontent.com/rdkit/rdkit/0ece02e9254ef2d5eeade2bd40eb13546522dbd3/Code/GraphMol/FilterCatalog/pains_c.in#L124
primary,pains_C,melamine_A(3),0,9098,https://raw.githubusercontent.com/rdkit/rdkit/0ece02e9254ef2d5eeade2bd40eb13546522dbd3/Code/GraphMol/FilterCatalog/pains_c.in#L125
primary,pains_C,anil_NH_alk_B(3),0,9098,https://raw.githubusercontent.com/rdkit/rdkit/0ece02e9254ef2d5eeade2bd40eb13546522dbd3/Code/GraphMol/FilterCatalog/pains_c.in#L126
primary,pains_C,rhod_sat_C(3),0,9098,https://raw.githubusercontent.com/rdkit/rdkit/0ece02e9254ef2d5eeade2bd40eb13546522dbd3/Code/GraphMol/FilterCatalog/pains_c.in#L127
primary,pains_C,thiophene_amino_D(3),0,9098,https://raw.githubusercontent.com/rdkit/rdkit/0ece02e9254ef2d5eeade2bd40eb13546522dbd3/Code/GraphMol/FilterCatalog/pains_c.in#L128
primary,pains_C,anil_OC_alk_C(3),0,9098,https://raw.githubusercontent.com/rdkit/rdkit/0ece02e9254ef2d5eeade2bd40eb13546522dbd3/Code/GraphMol/FilterCatalog/pains_c.in#L129
primary,pains_C,het_thio_65_A(3),0,9098,https://raw.githubusercontent.com/rdkit/rdkit/0ece02e9254ef2d5eeade2bd40eb13546522dbd3/Code/GraphMol/FilterCatalog/pains_c.in#L130
primary,pains_C,het_thio_656b(3),0,9098,https://raw.githubusercontent.com/rdkit/rdkit/0ece02e9254ef2d5eeade2bd40eb13546522dbd3/Code/GraphMol/FilterCatalog/pains_c.in#L131
primary,pains_C,thiazole_amine_D(3),0,9098,https://raw.githubusercontent.com/rdkit/rdkit/0ece02e9254ef2d5eeade2bd40eb13546522dbd3/Code/GraphMol/FilterCatalog/pains_c.in#L132
primary,pains_C,thio_urea_H(3),0,9098,https://raw.githubusercontent.com/rdkit/rdkit/0ece02e9254ef2d5eeade2bd40eb13546522dbd3/Code/GraphMol/FilterCatalog/pains_c.in#L133
primary,pains_C,cyano_pyridone_F(3),0,9098,https://raw.githubusercontent.com/rdkit/rdkit/0ece02e9254ef2d5eeade2bd40eb13546522dbd3/Code/GraphMol/FilterCatalog/pains_c.in#L134
primary,pains_C,rhod_sat_D(3),0,9098,https://raw.githubusercontent.com/rdkit/rdkit/0ece02e9254ef2d5eeade2bd40eb13546522dbd3/Code/GraphMol/FilterCatalog/pains_c.in#L135
primary,pains_C,ene_rhod_J(3),0,9098,https://raw.githubusercontent.com/rdkit/rdkit/0ece02e9254ef2d5eeade2bd40eb13546522dbd3/Code/GraphMol/FilterCatalog/pains_c.in#L136
primary,pains_C,imine_phenol_A(3),0,9098,https://raw.githubusercontent.com/rdkit/rdkit/0ece02e9254ef2d5eeade2bd40eb13546522dbd3/Code/GraphMol/FilterCatalog/pains_c.in#L137
primary,pains_C,thio_carbonate_B(3),0,9098,https://raw.githubusercontent.com/rdkit/rdkit/0ece02e9254ef2d5eeade2bd40eb13546522dbd3/Code/GraphMol/FilterCatalog/pains_c.in#L138
primary,pains_C,het_thio_N_5A(3),0,9098,https://raw.githubusercontent.com/rdkit/rdkit/0ece02e9254ef2d5eeade2bd40eb13546522dbd3/Code/GraphMol/FilterCatalog/pains_c.in#L139
primary,pains_C,het_thio_N_65A(3),0,9098,https://raw.githubusercontent.com/rdkit/rdkit/0ece02e9254ef2d5eeade2bd40eb13546522dbd3/Code/GraphMol/FilterCatalog/pains_c.in#L140
primary,pains_C,anil_di_alk_J(3),0,9098,https://raw.githubusercontent.com/rdkit/rdkit/0ece02e9254ef2d5eeade2bd40eb13546522dbd3/Code/GraphMol/FilterCatalog/pains_c.in#L141
primary,pains_C,pyrrole_H(3),0,9098,https://raw.githubusercontent.com/rdkit/rdkit/0ece02e9254ef2d5eeade2bd40eb13546522dbd3/Code/GraphMol/FilterCatalog/pains_c.in#L142
primary,pains_C,ene_cyano_D(3),0,9098,https://raw.githubusercontent.com/rdkit/rdkit/0ece02e9254ef2d5eeade2bd40eb13546522dbd3/Code/GraphMol/FilterCatalog/pains_c.in#L143
primary,pains_C,cyano_cyano_B(3),0,9098,https://raw.githubusercontent.com/rdkit/rdkit/0ece02e9254ef2d5eeade2bd40eb13546522dbd3/Code/GraphMol/FilterCatalog/pains_c.in#L144
primary,pains_C,ene_five_het_M(3),0,9098,https://raw.githubusercontent.com/rdkit/rdkit/0ece02e9254ef2d5eeade2bd40eb13546522dbd3/Code/GraphMol/FilterCatalog/pains_c.in#L145
primary,pains_C,cyano_ene_amine_C(3),0,9098,https://raw.githubusercontent.com/rdkit/rdkit/0ece02e9254ef2d5eeade2bd40eb13546522dbd3/Code/GraphMol/FilterCatalog/pains_c.in#L146
primary,pains_C,thio_urea_I(3),0,9098,https://raw.githubusercontent.com/rdkit/rdkit/0ece02e9254ef2d5eeade2bd40eb13546522dbd3/Code/GraphMol/FilterCatalog/pains_c.in#L147
primary,pains_C,dhp_amino_CN_F(3),0,9098,https://raw.githubusercontent.com/rdkit/rdkit/0ece02e9254ef2d5eeade2bd40eb13546522dbd3/Code/GraphMol/FilterCatalog/pains_c.in#L148
primary,pains_C,anthranil_acid_B(3),0,9098,https://raw.githubusercontent.com/rdkit/rdkit/0ece02e9254ef2d5eeade2bd40eb13546522dbd3/Code/GraphMol/FilterCatalog/pains_c.in#L149
primary,pains_C,diazox_B(3),0,9098,https://raw.githubusercontent.com/rdkit/rdkit/0ece02e9254ef2d5eeade2bd40eb13546522dbd3/Code/GraphMol/FilterCatalog/pains_c.in#L150
primary,pains_C,thio_aldehyd_A(3),0,9098,https://raw.githubusercontent.com/rdkit/rdkit/0ece02e9254ef2d5eeade2bd40eb13546522dbd3/Code/GraphMol/FilterCatalog/pains_c.in#L151
primary,pains_C,thio_amide_B(2),0,9098,https://raw.githubusercontent.com/rdkit/rdkit/0ece02e9254ef2d5eeade2bd40eb13546522dbd3/Code/GraphMol/FilterCatalog/pains_c.in#L152
primary,pains_C,imidazole_B(2),0,9098,https://raw.githubusercontent.com/rdkit/rdkit/0ece02e9254ef2d5eeade2bd40eb13546522dbd3/Code/GraphMol/FilterCatalog/pains_c.in#L153
primary,pains_C,thiazole_amine_E(2),0,9098,https://raw.githubusercontent.com/rdkit/rdkit/0ece02e9254ef2d5eeade2bd40eb13546522dbd3/Code/GraphMol/FilterCatalog/pains_c.in#L154
primary,pains_C,thiazole_amine_F(2),0,9098,https://raw.githubusercontent.com/rdkit/rdkit/0ece02e9254ef2d5eeade2bd40eb13546522dbd3/Code/GraphMol/FilterCatalog/pains_c.in#L155
primary,pains_C,thio_ester_C(2),0,9098,https://raw.githubusercontent.com/rdkit/rdkit/0ece02e9254ef2d5eeade2bd40eb13546522dbd3/Code/GraphMol/FilterCatalog/pains_c.in#L156
primary,pains_C,ene_one_B(2),0,9098,https://raw.githubusercontent.com/rdkit/rdkit/0ece02e9254ef2d5eeade2bd40eb13546522dbd3/Code/GraphMol/FilterCatalog/pains_c.in#L157
primary,pains_C,quinone_C(2),0,9098,https://raw.githubusercontent.com/rdkit/rdkit/0ece02e9254ef2d5eeade2bd40eb13546522dbd3/Code/GraphMol/FilterCatalog/pains_c.in#L158
primary,pains_C,keto_naphthol_A(2),0,9098,https://raw.githubusercontent.com/rdkit/rdkit/0ece02e9254ef2d5eeade2bd40eb13546522dbd3/Code/GraphMol/FilterCatalog/pains_c.in#L159
primary,pains_C,thio_amide_C(2),0,9098,https://raw.githubusercontent.com/rdkit/rdkit/0ece02e9254ef2d5eeade2bd40eb13546522dbd3/Code/GraphMol/FilterCatalog/pains_c.in#L160
primary,pains_C,phthalimide_misc(2),0,9098,https://raw.githubusercontent.com/rdkit/rdkit/0ece02e9254ef2d5eeade2bd40eb13546522dbd3/Code/GraphMol/FilterCatalog/pains_c.in#L161
primary,pains_C,sulfonamide_D(2),0,9098,https://raw.githubusercontent.com/rdkit/rdkit/0ece02e9254ef2d5eeade2bd40eb13546522dbd3/Code/GraphMol/FilterCatalog/pains_c.in#L162
primary,pains_C,anil_NH_alk_C(2),0,9098,https://raw.githubusercontent.com/rdkit/rdkit/0ece02e9254ef2d5eeade2bd40eb13546522dbd3/Code/GraphMol/FilterCatalog/pains_c.in#L163
primary,pains_C,het_65_E(2),0,9098,https://raw.githubusercontent.com/rdkit/rdkit/0ece02e9254ef2d5eeade2bd40eb13546522dbd3/Code/GraphMol/FilterCatalog/pains_c.in#L164
primary,pains_C,hzide_naphth(2),0,9098,https://raw.githubusercontent.com/rdkit/rdkit/0ece02e9254ef2d5eeade2bd40eb13546522dbd3/Code/GraphMol/FilterCatalog/pains_c.in#L165
primary,pains_C,anisol_B(2),0,9098,https://raw.githubusercontent.com/rdkit/rdkit/0ece02e9254ef2d5eeade2bd40eb13546522dbd3/Code/GraphMol/FilterCatalog/pains_c.in#L166
primary,pains_C,thio_carbam_ene(2),0,9098,https://raw.githubusercontent.com/rdkit/rdkit/0ece02e9254ef2d5eeade2bd40eb13546522dbd3/Code/GraphMol/FilterCatalog/pains_c.in#L167
primary,pains_C,thio_amide_D(2),0,9098,https://raw.githubusercontent.com/rdkit/rdkit/0ece02e9254ef2d5eeade2bd40eb13546522dbd3/Code/GraphMol/FilterCatalog/pains_c.in#L168
primary,pains_C,het_65_Da(2),0,9098,https://raw.githubusercontent.com/rdkit/rdkit/0ece02e9254ef2d5eeade2bd40eb13546522dbd3/Code/GraphMol/FilterCatalog/pains_c.in#L169
primary,pains_C,thiophene_D(2),0,9098,https://raw.githubusercontent.com/rdkit/rdkit/0ece02e9254ef2d5eeade2bd40eb13546522dbd3/Code/GraphMol/FilterCatalog/pains_c.in#L170
primary,pains_C,het_thio_6_ene(2),0,9098,https://raw.githubusercontent.com/rdkit/rdkit/0ece02e9254ef2d5eeade2bd40eb13546522dbd3/Code/GraphMol/FilterCatalog/pains_c.in#L171
primary,pains_C,cyano_keto_A(2),0,9098,https://raw.githubusercontent.com/rdkit/rdkit/0ece02e9254ef2d5eeade2bd40eb13546522dbd3/Code/GraphMol/FilterCatalog/pains_c.in#L172
primary,pains_C,anthranil_acid_C(2),0,9098,https://raw.githubusercontent.com/rdkit/rdkit/0ece02e9254ef2d5eeade2bd40eb13546522dbd3/Code/GraphMol/FilterCatalog/pains_c.in#L173
primary,pains_C,naphth_amino_C(2),0,9098,https://raw.githubusercontent.com/rdkit/rdkit/0ece02e9254ef2d5eeade2bd40eb13546522dbd3/Code/GraphMol/FilterCatalog/pains_c.in#L174
primary,pains_C,naphth_amino_D(2),0,9098,https://raw.githubusercontent.com/rdkit/rdkit/0ece02e9254ef2d5eeade2bd40eb13546522dbd3/Code/GraphMol/FilterCatalog/pains_c.in#L175
primary,pains_C,thiazole_amine_G(2),0,9098,https://raw.githubusercontent.com/rdkit/rdkit/0ece02e9254ef2d5eeade2bd40eb13546522dbd3/Code/GraphMol/FilterCatalog/pains_c.in#L176
primary,pains_C,het_66_B(2),1,9098,https://raw.githubusercontent.com/rdkit/rdkit/0ece02e9254ef2d5eeade2bd40eb13546522dbd3/Code/GraphMol/FilterCatalog/pains_c.in#L177
primary,pains_C,coumarin_A(2),0,9098,https://raw.githubusercontent.com/rdkit/rdkit/0ece02e9254ef2d5eeade2bd40eb13546522dbd3/Code/GraphMol/FilterCatalog/pains_c.in#L178
primary,pains_C,anthranil_acid_D(2),0,9098,https://raw.githubusercontent.com/rdkit/rdkit/0ece02e9254ef2d5eeade2bd40eb13546522dbd3/Code/GraphMol/FilterCatalog/pains_c.in#L179
primary,pains_C,het_66_C(2),0,9098,https://raw.githubusercontent.com/rdkit/rdkit/0ece02e9254ef2d5eeade2bd40eb13546522dbd3/Code/GraphMol/FilterCatalog/pains_c.in#L180
primary,pains_C,thiophene_amino_E(2),0,9098,https://raw.githubusercontent.com/rdkit/rdkit/0ece02e9254ef2d5eeade2bd40eb13546522dbd3/Code/GraphMol/FilterCatalog/pains_c.in#L181
primary,pains_C,het_6666_A(2),0,9098,https://raw.githubusercontent.com/rdkit/rdkit/0ece02e9254ef2d5eeade2bd40eb13546522dbd3/Code/GraphMol/FilterCatalog/pains_c.in#L182
primary,pains_C,sulfonamide_E(2),0,9098,https://raw.githubusercontent.com/rdkit/rdkit/0ece02e9254ef2d5eeade2bd40eb13546522dbd3/Code/GraphMol/FilterCatalog/pains_c.in#L183
primary,pains_C,anil_di_alk_K(2),1,9098,https://raw.githubusercontent.com/rdkit/rdkit/0ece02e9254ef2d5eeade2bd40eb13546522dbd3/Code/GraphMol/FilterCatalog/pains_c.in#L184
primary,pains_C,het_5_C(2),0,9098,https://raw.githubusercontent.com/rdkit/rdkit/0ece02e9254ef2d5eeade2bd40eb13546522dbd3/Code/GraphMol/FilterCatalog/pains_c.in#L185
primary,pains_C,ene_six_het_B(2),0,9098,https://raw.githubusercontent.com/rdkit/rdkit/0ece02e9254ef2d5eeade2bd40eb13546522dbd3/Code/GraphMol/FilterCatalog/pains_c.in#L186
primary,pains_C,steroid_A(2),0,9098,https://raw.githubusercontent.com/rdkit/rdkit/0ece02e9254ef2d5eeade2bd40eb13546522dbd3/Code/GraphMol/FilterCatalog/pains_c.in#L187
primary,pains_C,het_565_A(2),0,9098,https://raw.githubusercontent.com/rdkit/rdkit/0ece02e9254ef2d5eeade2bd40eb13546522dbd3/Code/GraphMol/FilterCatalog/pains_c.in#L188
primary,pains_C,thio_imine_ium(2),0,9098,https://raw.githubusercontent.com/rdkit/rdkit/0ece02e9254ef2d5eeade2bd40eb13546522dbd3/Code/GraphMol/FilterCatalog/pains_c.in#L189
primary,pains_C,anthranil_acid_E(2),0,9098,https://raw.githubusercontent.com/rdkit/rdkit/0ece02e9254ef2d5eeade2bd40eb13546522dbd3/Code/GraphMol/FilterCatalog/pains_c.in#L190
primary,pains_C,hzone_furan_B(2),0,9098,https://raw.githubusercontent.com/rdkit/rdkit/0ece02e9254ef2d5eeade2bd40eb13546522dbd3/Code/GraphMol/FilterCatalog/pains_c.in#L191
primary,pains_C,thiophene_E(2),0,9098,https://raw.githubusercontent.com/rdkit/rdkit/0ece02e9254ef2d5eeade2bd40eb13546522dbd3/Code/GraphMol/FilterCatalog/pains_c.in#L192
primary,pains_C,ene_misc_B(2),0,9098,https://raw.githubusercontent.com/rdkit/rdkit/0ece02e9254ef2d5eeade2bd40eb13546522dbd3/Code/GraphMol/FilterCatalog/pains_c.in#L193
primary,pains_C,het_thio_5_B(2),0,9098,https://raw.githubusercontent.com/rdkit/rdkit/0ece02e9254ef2d5eeade2bd40eb13546522dbd3/Code/GraphMol/FilterCatalog/pains_c.in#L194
primary,pains_C,thiophene_amino_F(2),0,9098,https://raw.githubusercontent.com/rdkit/rdkit/0ece02e9254ef2d5eeade2bd40eb13546522dbd3/Code/GraphMol/FilterCatalog/pains_c.in#L195
primary,pains_C,anil_OC_alk_D(2),0,9098,https://raw.githubusercontent.com/rdkit/rdkit/0ece02e9254ef2d5eeade2bd40eb13546522dbd3/Code/GraphMol/FilterCatalog/pains_c.in#L196
primary,pains_C,tert_butyl_A(2),0,9098,https://raw.githubusercontent.com/rdkit/rdkit/0ece02e9254ef2d5eeade2bd40eb13546522dbd3/Code/GraphMol/FilterCatalog/pains_c.in#L197
primary,pains_C,thio_urea_J(2),0,9098,https://raw.githubusercontent.com/rdkit/rdkit/0ece02e9254ef2d5eeade2bd40eb13546522dbd3/Code/GraphMol/FilterCatalog/pains_c.in#L198
primary,pains_C,het_thio_65_B(2),0,9098,https://raw.githubusercontent.com/rdkit/rdkit/0ece02e9254ef2d5eeade2bd40eb13546522dbd3/Code/GraphMol/FilterCatalog/pains_c.in#L199
primary,pains_C,coumarin_B(2),0,9098,https://raw.githubusercontent.com/rdkit/rdkit/0ece02e9254ef2d5eeade2bd40eb13546522dbd3/Code/GraphMol/FilterCatalog/pains_c.in#L200
primary,pains_C,thio_urea_K(2),0,9098,https://raw.githubusercontent.com/rdkit/rdkit/0ece02e9254ef2d5eeade2bd40eb13546522dbd3/Code/GraphMol/FilterCatalog/pains_c.in#L201
primary,pains_C,thiophene_amino_G(2),0,9098,https://raw.githubusercontent.com/rdkit/rdkit/0ece02e9254ef2d5eeade2bd40eb13546522dbd3/Code/GraphMol/FilterCatalog/pains_c.in#L202
primary,pains_C,anil_NH_alk_D(2),0,9098,https://raw.githubusercontent.com/rdkit/rdkit/0ece02e9254ef2d5eeade2bd40eb13546522dbd3/Code/GraphMol/FilterCatalog/pains_c.in#L203
primary,pains_C,het_thio_5_C(2),0,9098,https://raw.githubusercontent.com/rdkit/rdkit/0ece02e9254ef2d5eeade2bd40eb13546522dbd3/Code/GraphMol/FilterCatalog/pains_c.in#L204
primary,pains_C,thio_keto_het(2),0,9098,https://raw.githubusercontent.com/rdkit/rdkit/0ece02e9254ef2d5eeade2bd40eb13546522dbd3/Code/GraphMol/FilterCatalog/pains_c.in#L205
primary,pains_C,het_thio_N_5B(2),0,9098,https://raw.githubusercontent.com/rdkit/rdkit/0ece02e9254ef2d5eeade2bd40eb13546522dbd3/Code/GraphMol/FilterCatalog/pains_c.in#L206
primary,pains_C,quinone_D(2),0,9098,https://raw.githubusercontent.com/rdkit/rdkit/0ece02e9254ef2d5eeade2bd40eb13546522dbd3/Code/GraphMol/FilterCatalog/pains_c.in#L207
primary,pains_C,anil_di_alk_furan_B(2),0,9098,https://raw.githubusercontent.com/rdkit/rdkit/0ece02e9254ef2d5eeade2bd40eb13546522dbd3/Code/GraphMol/FilterCatalog/pains_c.in#L208
primary,pains_C,ene_six_het_C(2),0,9098,https://raw.githubusercontent.com/rdkit/rdkit/0ece02e9254ef2d5eeade2bd40eb13546522dbd3/Code/GraphMol/FilterCatalog/pains_c.in#L209
primary,pains_C,het_55_A(2),0,9098,https://raw.githubusercontent.com/rdkit/rdkit/0ece02e9254ef2d5eeade2bd40eb13546522dbd3/Code/GraphMol/FilterCatalog/pains_c.in#L210
primary,pains_C,het_thio_65_C(2),0,9098,https://raw.githubusercontent.com/rdkit/rdkit/0ece02e9254ef2d5eeade2bd40eb13546522dbd3/Code/GraphMol/FilterCatalog/pains_c.in#L211
primary,pains_C,hydroquin_A(2),0,9098,https://raw.githubusercontent.com/rdkit/rdkit/0ece02e9254ef2d5eeade2bd40eb13546522dbd3/Code/GraphMol/FilterCatalog/pains_c.in#L212
primary,pains_C,anthranil_acid_F(2),0,9098,https://raw.githubusercontent.com/rdkit/rdkit/0ece02e9254ef2d5eeade2bd40eb13546522dbd3/Code/GraphMol/FilterCatalog/pains_c.in#L213
primary,pains_C,pyrrole_I(2),0,9098,https://raw.githubusercontent.com/rdkit/rdkit/0ece02e9254ef2d5eeade2bd40eb13546522dbd3/Code/GraphMol/FilterCatalog/pains_c.in#L214
primary,pains_C,thiophene_amino_H(2),0,9098,https://raw.githubusercontent.com/rdkit/rdkit/0ece02e9254ef2d5eeade2bd40eb13546522dbd3/Code/GraphMol/FilterCatalog/pains_c.in#L215
primary,pains_C,imine_one_fives_C(2),0,9098,https://raw.githubusercontent.com/rdkit/rdkit/0ece02e9254ef2d5eeade2bd40eb13546522dbd3/Code/GraphMol/FilterCatalog/pains_c.in#L216
primary,pains_C,keto_phenone_zone_A(2),0,9098,https://raw.githubusercontent.com/rdkit/rdkit/0ece02e9254ef2d5eeade2bd40eb13546522dbd3/Code/GraphMol/FilterCatalog/pains_c.in#L217
primary,pains_C,dyes7A(2),0,9098,https://raw.githubusercontent.com/rdkit/rdkit/0ece02e9254ef2d5eeade2bd40eb13546522dbd3/Code/GraphMol/FilterCatalog/pains_c.in#L218
primary,pains_C,het_pyridiniums_B(2),0,9098,https://raw.githubusercontent.com/rdkit/rdkit/0ece02e9254ef2d5eeade2bd40eb13546522dbd3/Code/GraphMol/FilterCatalog/pains_c.in#L219
primary,pains_C,het_5_D(2),0,9098,https://raw.githubusercontent.com/rdkit/rdkit/0ece02e9254ef2d5eeade2bd40eb13546522dbd3/Code/GraphMol/FilterCatalog/pains_c.in#L220
primary,pains_C,thiazole_amine_H(1),0,9098,https://raw.githubusercontent.com/rdkit/rdkit/0ece02e9254ef2d5eeade2bd40eb13546522dbd3/Code/GraphMol/FilterCatalog/pains_c.in#L221
primary,pains_C,thiazole_amine_I(1),0,9098,https://raw.githubusercontent.com/rdkit/rdkit/0ece02e9254ef2d5eeade2bd40eb13546522dbd3/Code/GraphMol/FilterCatalog/pains_c.in#L222
primary,pains_C,het_thio_N_5C(1),0,9098,https://raw.githubusercontent.com/rdkit/rdkit/0ece02e9254ef2d5eeade2bd40eb13546522dbd3/Code/GraphMol/FilterCatalog/pains_c.in#L223
primary,pains_C,sulfonamide_F(1),0,9098,https://raw.githubusercontent.com/rdkit/rdkit/0ece02e9254ef2d5eeade2bd40eb13546522dbd3/Code/GraphMol/FilterCatalog/pains_c.in#L224
primary,pains_C,thiazole_amine_J(1),0,9098,https://raw.githubusercontent.com/rdkit/rdkit/0ece02e9254ef2d5eeade2bd40eb13546522dbd3/Code/GraphMol/FilterCatalog/pains_c.in#L225
primary,pains_C,het_65_F(1),0,9098,https://raw.githubusercontent.com/rdkit/rdkit/0ece02e9254ef2d5eeade2bd40eb13546522dbd3/Code/GraphMol/FilterCatalog/pains_c.in#L226
primary,pains_C,keto_keto_beta_E(1),0,9098,https://raw.githubusercontent.com/rdkit/rdkit/0ece02e9254ef2d5eeade2bd40eb13546522dbd3/Code/GraphMol/FilterCatalog/pains_c.in#L227
primary,pains_C,ene_five_one_B(1),0,9098,https://raw.githubusercontent.com/rdkit/rdkit/0ece02e9254ef2d5eeade2bd40eb13546522dbd3/Code/GraphMol/FilterCatalog/pains_c.in#L228
primary,pains_C,keto_keto_beta_zone(1),0,9098,https://raw.githubusercontent.com/rdkit/rdkit/0ece02e9254ef2d5eeade2bd40eb13546522dbd3/Code/GraphMol/FilterCatalog/pains_c.in#L229
primary,pains_C,thio_urea_L(1),0,9098,https://raw.githubusercontent.com/rdkit/rdkit/0ece02e9254ef2d5eeade2bd40eb13546522dbd3/Code/GraphMol/FilterCatalog/pains_c.in#L230
primary,pains_C,het_thio_urea_ene(1),0,9098,https://raw.githubusercontent.com/rdkit/rdkit/0ece02e9254ef2d5eeade2bd40eb13546522dbd3/Code/GraphMol/FilterCatalog/pains_c.in#L231
primary,pains_C,cyano_amino_het_A(1),0,9098,https://raw.githubusercontent.com/rdkit/rdkit/0ece02e9254ef2d5eeade2bd40eb13546522dbd3/Code/GraphMol/FilterCatalog/pains_c.in#L232
primary,pains_C,tetrazole_hzide(1),0,9098,https://raw.githubusercontent.com/rdkit/rdkit/0ece02e9254ef2d5eeade2bd40eb13546522dbd3/Code/GraphMol/FilterCatalog/pains_c.in#L233
primary,pains_C,imine_naphthol_A(1),0,9098,https://raw.githubusercontent.com/rdkit/rdkit/0ece02e9254ef2d5eeade2bd40eb13546522dbd3/Code/GraphMol/FilterCatalog/pains_c.in#L234
primary,pains_C,misc_anisole_A(1),0,9098,https://raw.githubusercontent.com/rdkit/rdkit/0ece02e9254ef2d5eeade2bd40eb13546522dbd3/Code/GraphMol/FilterCatalog/pains_c.in#L235
primary,pains_C,het_thio_665(1),0,9098,https://raw.githubusercontent.com/rdkit/rdkit/0ece02e9254ef2d5eeade2bd40eb13546522dbd3/Code/GraphMol/FilterCatalog/pains_c.in#L236
primary,pains_C,anil_di_alk_L(1),0,9098,https://raw.githubusercontent.com/rdkit/rdkit/0ece02e9254ef2d5eeade2bd40eb13546522dbd3/Code/GraphMol/FilterCatalog/pains_c.in#L237
primary,pains_C,colchicine_B(1),0,9098,https://raw.githubusercontent.com/rdkit/rdkit/0ece02e9254ef2d5eeade2bd40eb13546522dbd3/Code/GraphMol/FilterCatalog/pains_c.in#L238
primary,pains_C,misc_aminoacid_A(1),0,9098,https://raw.githubusercontent.com/rdkit/rdkit/0ece02e9254ef2d5eeade2bd40eb13546522dbd3/Code/GraphMol/FilterCatalog/pains_c.in#L239
primary,pains_C,imidazole_amino_A(1),0,9098,https://raw.githubusercontent.com/rdkit/rdkit/0ece02e9254ef2d5eeade2bd40eb13546522dbd3/Code/GraphMol/FilterCatalog/pains_c.in#L240
primary,pains_C,phenol_sulfite_A(1),0,9098,https://raw.githubusercontent.com/rdkit/rdkit/0ece02e9254ef2d5eeade2bd40eb13546522dbd3/Code/GraphMol/FilterCatalog/pains_c.in#L241
primary,pains_C,het_66_D(1),0,9098,https://raw.githubusercontent.com/rdkit/rdkit/0ece02e9254ef2d5eeade2bd40eb13546522dbd3/Code/GraphMol/FilterCatalog/pains_c.in#L242
primary,pains_C,misc_anisole_B(1),0,9098,https://raw.githubusercontent.com/rdkit/rdkit/0ece02e9254ef2d5eeade2bd40eb13546522dbd3/Code/GraphMol/FilterCatalog/pains_c.in#L243
primary,pains_C,tetrazole_A(1),0,9098,https://raw.githubusercontent.com/rdkit/rdkit/0ece02e9254ef2d5eeade2bd40eb13546522dbd3/Code/GraphMol/FilterCatalog/pains_c.in#L244
primary,pains_C,het_65_G(1),0,9098,https://raw.githubusercontent.com/rdkit/rdkit/0ece02e9254ef2d5eeade2bd40eb13546522dbd3/Code/GraphMol/FilterCatalog/pains_c.in#L245
primary,pains_C,misc_trityl_A(1),0,9098,https://raw.githubusercontent.com/rdkit/rdkit/0ece02e9254ef2d5eeade2bd40eb13546522dbd3/Code/GraphMol/FilterCatalog/pains_c.in#L246
primary,pains_C,misc_pyridine_OC(1),0,9098,https://raw.githubusercontent.com/rdkit/rdkit/0ece02e9254ef2d5eeade2bd40eb13546522dbd3/Code/GraphMol/FilterCatalog/pains_c.in#L247
primary,pains_C,het_6_hydropyridone(1),0,9098,https://raw.githubusercontent.com/rdkit/rdkit/0ece02e9254ef2d5eeade2bd40eb13546522dbd3/Code/GraphMol/FilterCatalog/pains_c.in#L248
primary,pains_C,misc_stilbene(1),0,9098,https://raw.githubusercontent.com/rdkit/rdkit/0ece02e9254ef2d5eeade2bd40eb13546522dbd3/Code/GraphMol/FilterCatalog/pains_c.in#L249
primary,pains_C,misc_imidazole(1),0,9098,https://raw.githubusercontent.com/rdkit/rdkit/0ece02e9254ef2d5eeade2bd40eb13546522dbd3/Code/GraphMol/FilterCatalog/pains_c.in#L250
primary,pains_C,anil_NH_no_alk_A(1),0,9098,https://raw.githubusercontent.com/rdkit/rdkit/0ece02e9254ef2d5eeade2bd40eb13546522dbd3/Code/GraphMol/FilterCatalog/pains_c.in#L251
primary,pains_C,het_6_imidate_B(1),0,9098,https://raw.githubusercontent.com/rdkit/rdkit/0ece02e9254ef2d5eeade2bd40eb13546522dbd3/Code/GraphMol/FilterCatalog/pains_c.in#L252
primary,pains_C,anil_alk_B(1),0,9098,https://raw.githubusercontent.com/rdkit/rdkit/0ece02e9254ef2d5eeade2bd40eb13546522dbd3/Code/GraphMol/FilterCatalog/pains_c.in#L253
primary,pains_C,styrene_anil_A(1),0,9098,https://raw.githubusercontent.com/rdkit/rdkit/0ece02e9254ef2d5eeade2bd40eb13546522dbd3/Code/GraphMol/FilterCatalog/pains_c.in#L254
primary,pains_C,misc_aminal_acid(1),0,9098,https://raw.githubusercontent.com/rdkit/rdkit/0ece02e9254ef2d5eeade2bd40eb13546522dbd3/Code/GraphMol/FilterCatalog/pains_c.in#L255
primary,pains_C,anil_no_alk_D(1),0,9098,https://raw.githubusercontent.com/rdkit/rdkit/0ece02e9254ef2d5eeade2bd40eb13546522dbd3/Code/GraphMol/FilterCatalog/pains_c.in#L256
primary,pains_C,anil_alk_C(1),0,9098,https://raw.githubusercontent.com/rdkit/rdkit/0ece02e9254ef2d5eeade2bd40eb13546522dbd3/Code/GraphMol/FilterCatalog/pains_c.in#L257
primary,pains_C,misc_anisole_C(1),0,9098,https://raw.githubusercontent.com/rdkit/rdkit/0ece02e9254ef2d5eeade2bd40eb13546522dbd3/Code/GraphMol/FilterCatalog/pains_c.in#L258
primary,pains_C,het_465_misc(1),0,9098,https://raw.githubusercontent.com/rdkit/rdkit/0ece02e9254ef2d5eeade2bd40eb13546522dbd3/Code/GraphMol/FilterCatalog/pains_c.in#L259
primary,pains_C,anthranil_acid_G(1),0,9098,https://raw.githubusercontent.com/rdkit/rdkit/0ece02e9254ef2d5eeade2bd40eb13546522dbd3/Code/GraphMol/FilterCatalog/pains_c.in#L260
primary,pains_C,anil_di_alk_M(1),0,9098,https://raw.githubusercontent.com/rdkit/rdkit/0ece02e9254ef2d5eeade2bd40eb13546522dbd3/Code/GraphMol/FilterCatalog/pains_c.in#L261
primary,pains_C,anthranil_acid_H(1),0,9098,https://raw.githubusercontent.com/rdkit/rdkit/0ece02e9254ef2d5eeade2bd40eb13546522dbd3/Code/GraphMol/FilterCatalog/pains_c.in#L262
primary,pains_C,thio_urea_M(1),0,9098,https://raw.githubusercontent.com/rdkit/rdkit/0ece02e9254ef2d5eeade2bd40eb13546522dbd3/Code/GraphMol/FilterCatalog/pains_c.in#L263
primary,pains_C,thiazole_amine_K(1),0,9098,https://raw.githubusercontent.com/rdkit/rdkit/0ece02e9254ef2d5eeade2bd40eb13546522dbd3/Code/GraphMol/FilterCatalog/pains_c.in#L264
primary,pains_C,het_thio_5_imine_A(1),0,9098,https://raw.githubusercontent.com/rdkit/rdkit/0ece02e9254ef2d5eeade2bd40eb13546522dbd3/Code/GraphMol/FilterCatalog/pains_c.in#L265
primary,pains_C,thio_amide_E(1),0,9098,https://raw.githubusercontent.com/rdkit/rdkit/0ece02e9254ef2d5eeade2bd40eb13546522dbd3/Code/GraphMol/FilterCatalog/pains_c.in#L266
primary,pains_C,het_thio_676_B(1),0,9098,https://raw.githubusercontent.com/rdkit/rdkit/0ece02e9254ef2d5eeade2bd40eb13546522dbd3/Code/GraphMol/FilterCatalog/pains_c.in#L267
primary,pains_C,sulfonamide_G(1),0,9098,https://raw.githubusercontent.com/rdkit/rdkit/0ece02e9254ef2d5eeade2bd40eb13546522dbd3/Code/GraphMol/FilterCatalog/pains_c.in#L268
primary,pains_C,thio_thiomorph_Z(1),0,9098,https://raw.githubusercontent.com/rdkit/rdkit/0ece02e9254ef2d5eeade2bd40eb13546522dbd3/Code/GraphMol/FilterCatalog/pains_c.in#L269
primary,pains_C,naphth_ene_one_A(1),0,9098,https://raw.githubusercontent.com/rdkit/rdkit/0ece02e9254ef2d5eeade2bd40eb13546522dbd3/Code/GraphMol/FilterCatalog/pains_c.in#L270
primary,pains_C,naphth_ene_one_B(1),0,9098,https://raw.githubusercontent.com/rdkit/rdkit/0ece02e9254ef2d5eeade2bd40eb13546522dbd3/Code/GraphMol/FilterCatalog/pains_c.in#L271
primary,pains_C,amino_acridine_A(1),0,9098,https://raw.githubusercontent.com/rdkit/rdkit/0ece02e9254ef2d5eeade2bd40eb13546522dbd3/Code/GraphMol/FilterCatalog/pains_c.in#L272
primary,pains_C,keto_phenone_B(1),0,9098,https://raw.githubusercontent.com/rdkit/rdkit/0ece02e9254ef2d5eeade2bd40eb13546522dbd3/Code/GraphMol/FilterCatalog/pains_c.in#L273
primary,pains_C,hzone_acid_A(1),0,9098,https://raw.githubusercontent.com/rdkit/rdkit/0ece02e9254ef2d5eeade2bd40eb13546522dbd3/Code/GraphMol/FilterCatalog/pains_c.in#L274
primary,pains_C,sulfonamide_H(1),0,9098,https://raw.githubusercontent.com/rdkit/rdkit/0ece02e9254ef2d5eeade2bd40eb13546522dbd3/Code/GraphMol/FilterCatalog/pains_c.in#L275
primary,pains_C,het_565_indole(1),0,9098,https://raw.githubusercontent.com/rdkit/rdkit/0ece02e9254ef2d5eeade2bd40eb13546522dbd3/Code/GraphMol/FilterCatalog/pains_c.in#L276
primary,pains_C,pyrrole_J(1),0,9098,https://raw.githubusercontent.com/rdkit/rdkit/0ece02e9254ef2d5eeade2bd40eb13546522dbd3/Code/GraphMol/FilterCatalog/pains_c.in#L277
primary,pains_C,pyrazole_amino_B(1),0,9098,https://raw.githubusercontent.com/rdkit/rdkit/0ece02e9254ef2d5eeade2bd40eb13546522dbd3/Code/GraphMol/FilterCatalog/pains_c.in#L278
primary,pains_C,pyrrole_K(1),0,9098,https://raw.githubusercontent.com/rdkit/rdkit/0ece02e9254ef2d5eeade2bd40eb13546522dbd3/Code/GraphMol/FilterCatalog/pains_c.in#L279
primary,pains_C,anthranil_acid_I(1),0,9098,https://raw.githubusercontent.com/rdkit/rdkit/0ece02e9254ef2d5eeade2bd40eb13546522dbd3/Code/GraphMol/FilterCatalog/pains_c.in#L280
primary,pains_C,thio_amide_F(1),0,9098,https://raw.githubusercontent.com/rdkit/rdkit/0ece02e9254ef2d5eeade2bd40eb13546522dbd3/Code/GraphMol/FilterCatalog/pains_c.in#L281
primary,pains_C,ene_one_C(1),0,9098,https://raw.githubusercontent.com/rdkit/rdkit/0ece02e9254ef2d5eeade2bd40eb13546522dbd3/Code/GraphMol/FilterCatalog/pains_c.in#L282
primary,pains_C,het_65_H(1),0,9098,https://raw.githubusercontent.com/rdkit/rdkit/0ece02e9254ef2d5eeade2bd40eb13546522dbd3/Code/GraphMol/FilterCatalog/pains_c.in#L283
primary,pains_C,cyano_imine_D(1),0,9098,https://raw.githubusercontent.com/rdkit/rdkit/0ece02e9254ef2d5eeade2bd40eb13546522dbd3/Code/GraphMol/FilterCatalog/pains_c.in#L284
primary,pains_C,cyano_misc_A(1),0,9098,https://raw.githubusercontent.com/rdkit/rdkit/0ece02e9254ef2d5eeade2bd40eb13546522dbd3/Code/GraphMol/FilterCatalog/pains_c.in#L285
primary,pains_C,ene_misc_C(1),0,9098,https://raw.githubusercontent.com/rdkit/rdkit/0ece02e9254ef2d5eeade2bd40eb13546522dbd3/Code/GraphMol/FilterCatalog/pains_c.in#L286
primary,pains_C,het_66_E(1),0,9098,https://raw.githubusercontent.com/rdkit/rdkit/0ece02e9254ef2d5eeade2bd40eb13546522dbd3/Code/GraphMol/FilterCatalog/pains_c.in#L287
primary,pains_C,keto_keto_beta_F(1),0,9098,https://raw.githubusercontent.com/rdkit/rdkit/0ece02e9254ef2d5eeade2bd40eb13546522dbd3/Code/GraphMol/FilterCatalog/pains_c.in#L288
primary,pains_C,misc_naphthimidazole(1),0,9098,https://raw.githubusercontent.com/rdkit/rdkit/0ece02e9254ef2d5eeade2bd40eb13546522dbd3/Code/GraphMol/FilterCatalog/pains_c.in#L289
primary,pains_C,naphth_ene_one_C(1),0,9098,https://raw.githubusercontent.com/rdkit/rdkit/0ece02e9254ef2d5eeade2bd40eb13546522dbd3/Code/GraphMol/FilterCatalog/pains_c.in#L290
primary,pains_C,keto_phenone_C(1),0,9098,https://raw.githubusercontent.com/rdkit/rdkit/0ece02e9254ef2d5eeade2bd40eb13546522dbd3/Code/GraphMol/FilterCatalog/pains_c.in#L291
primary,pains_C,coumarin_C(1),0,9098,https://raw.githubusercontent.com/rdkit/rdkit/0ece02e9254ef2d5eeade2bd40eb13546522dbd3/Code/GraphMol/FilterCatalog/pains_c.in#L292
primary,pains_C,thio_est_cyano_A(1),0,9098,https://raw.githubusercontent.com/rdkit/rdkit/0ece02e9254ef2d5eeade2bd40eb13546522dbd3/Code/GraphMol/FilterCatalog/pains_c.in#L293
primary,pains_C,het_65_imidazole(1),0,9098,https://raw.githubusercontent.com/rdkit/rdkit/0ece02e9254ef2d5eeade2bd40eb13546522dbd3/Code/GraphMol/FilterCatalog/pains_c.in#L294
primary,pains_C,anthranil_acid_J(1),0,9098,https://raw.githubusercontent.com/rdkit/rdkit/0ece02e9254ef2d5eeade2bd40eb13546522dbd3/Code/GraphMol/FilterCatalog/pains_c.in#L295
primary,pains_C,colchicine_het(1),0,9098,https://raw.githubusercontent.com/rdkit/rdkit/0ece02e9254ef2d5eeade2bd40eb13546522dbd3/Code/GraphMol/FilterCatalog/pains_c.in#L296
primary,pains_C,ene_misc_D(1),0,9098,https://raw.githubusercontent.com/rdkit/rdkit/0ece02e9254ef2d5eeade2bd40eb13546522dbd3/Code/GraphMol/FilterCatalog/pains_c.in#L297
primary,pains_C,indole_3yl_alk_B(1),0,9098,https://raw.githubusercontent.com/rdkit/rdkit/0ece02e9254ef2d5eeade2bd40eb13546522dbd3/Code/GraphMol/FilterCatalog/pains_c.in#L298
primary,pains_C,anil_OH_no_alk_A(1),0,9098,https://raw.githubusercontent.com/rdkit/rdkit/0ece02e9254ef2d5eeade2bd40eb13546522dbd3/Code/GraphMol/FilterCatalog/pains_c.in#L299
primary,pains_C,thiazole_amine_L(1),0,9098,https://raw.githubusercontent.com/rdkit/rdkit/0ece02e9254ef2d5eeade2bd40eb13546522dbd3/Code/GraphMol/FilterCatalog/pains_c.in#L300
primary,pains_C,pyrazole_amino_A(1),0,9098,https://raw.githubusercontent.com/rdkit/rdkit/0ece02e9254ef2d5eeade2bd40eb13546522dbd3/Code/GraphMol/FilterCatalog/pains_c.in#L301
primary,pains_C,het_thio_N_5D(1),0,9098,https://raw.githubusercontent.com/rdkit/rdkit/0ece02e9254ef2d5eeade2bd40eb13546522dbd3/Code/GraphMol/FilterCatalog/pains_c.in#L302
primary,pains_C,anil_alk_indane(1),0,9098,https://raw.githubusercontent.com/rdkit/rdkit/0ece02e9254ef2d5eeade2bd40eb13546522dbd3/Code/GraphMol/FilterCatalog/pains_c.in#L303
primary,pains_C,anil_di_alk_N(1),0,9098,https://raw.githubusercontent.com/rdkit/rdkit/0ece02e9254ef2d5eeade2bd40eb13546522dbd3/Code/GraphMol/FilterCatalog/pains_c.in#L304
primary,pains_C,het_666_C(1),0,9098,https://raw.githubusercontent.com/rdkit/rdkit/0ece02e9254ef2d5eeade2bd40eb13546522dbd3/Code/GraphMol/FilterCatalog/pains_c.in#L305
primary,pains_C,ene_one_D(1),0,9098,https://raw.githubusercontent.com/rdkit/rdkit/0ece02e9254ef2d5eeade2bd40eb13546522dbd3/Code/GraphMol/FilterCatalog/pains_c.in#L306
primary,pains_C,anil_di_alk_indol(1),0,9098,https://raw.githubusercontent.com/rdkit/rdkit/0ece02e9254ef2d5eeade2bd40eb13546522dbd3/Code/GraphMol/FilterCatalog/pains_c.in#L307
primary,pains_C,anil_no_alk_indol_A(1),0,9098,https://raw.githubusercontent.com/rdkit/rdkit/0ece02e9254ef2d5eeade2bd40eb13546522dbd3/Code/GraphMol/FilterCatalog/pains_c.in#L308
primary,pains_C,dhp_amino_CN_G(1),0,9098,https://raw.githubusercontent.com/rdkit/rdkit/0ece02e9254ef2d5eeade2bd40eb13546522dbd3/Code/GraphMol/FilterCatalog/pains_c.in#L309
primary,pains_C,anil_di_alk_dhp(1),0,9098,https://raw.githubusercontent.com/rdkit/rdkit/0ece02e9254ef2d5eeade2bd40eb13546522dbd3/Code/GraphMol/FilterCatalog/pains_c.in#L310
primary,pains_C,anthranil_amide_A(1),0,9098,https://raw.githubusercontent.com/rdkit/rdkit/0ece02e9254ef2d5eeade2bd40eb13546522dbd3/Code/GraphMol/FilterCatalog/pains_c.in#L311
primary,pains_C,hzone_anthran_Z(1),0,9098,https://raw.githubusercontent.com/rdkit/rdkit/0ece02e9254ef2d5eeade2bd40eb13546522dbd3/Code/GraphMol/FilterCatalog/pains_c.in#L312
primary,pains_C,ene_one_amide_A(1),0,9098,https://raw.githubusercontent.com/rdkit/rdkit/0ece02e9254ef2d5eeade2bd40eb13546522dbd3/Code/GraphMol/FilterCatalog/pains_c.in#L313
primary,pains_C,het_76_A(1),0,9098,https://raw.githubusercontent.com/rdkit/rdkit/0ece02e9254ef2d5eeade2bd40eb13546522dbd3/Code/GraphMol/FilterCatalog/pains_c.in#L314
primary,pains_C,thio_urea_N(1),0,9098,https://raw.githubusercontent.com/rdkit/rdkit/0ece02e9254ef2d5eeade2bd40eb13546522dbd3/Code/GraphMol/FilterCatalog/pains_c.in#L315
primary,pains_C,anil_di_alk_coum(1),0,9098,https://raw.githubusercontent.com/rdkit/rdkit/0ece02e9254ef2d5eeade2bd40eb13546522dbd3/Code/GraphMol/FilterCatalog/pains_c.in#L316
primary,pains_C,ene_one_amide_B(1),0,9098,https://raw.githubusercontent.com/rdkit/rdkit/0ece02e9254ef2d5eeade2bd40eb13546522dbd3/Code/GraphMol/FilterCatalog/pains_c.in#L317
primary,pains_C,het_thio_656c(1),0,9098,https://raw.githubusercontent.com/rdkit/rdkit/0ece02e9254ef2d5eeade2bd40eb13546522dbd3/Code/GraphMol/FilterCatalog/pains_c.in#L318
primary,pains_C,het_5_ene(1),0,9098,https://raw.githubusercontent.com/rdkit/rdkit/0ece02e9254ef2d5eeade2bd40eb13546522dbd3/Code/GraphMol/FilterCatalog/pains_c.in#L319
primary,pains_C,thio_imide_A(1),0,9098,https://raw.githubusercontent.com/rdkit/rdkit/0ece02e9254ef2d5eeade2bd40eb13546522dbd3/Code/GraphMol/FilterCatalog/pains_c.in#L320
primary,pains_C,dhp_amidine_A(1),0,9098,https://raw.githubusercontent.com/rdkit/rdkit/0ece02e9254ef2d5eeade2bd40eb13546522dbd3/Code/GraphMol/FilterCatalog/pains_c.in#L321
primary,pains_C,thio_urea_O(1),0,9098,https://raw.githubusercontent.com/rdkit/rdkit/0ece02e9254ef2d5eeade2bd40eb13546522dbd3/Code/GraphMol/FilterCatalog/pains_c.in#L322
primary,pains_C,anil_di_alk_O(1),0,9098,https://raw.githubusercontent.com/rdkit/rdkit/0ece02e9254ef2d5eeade2bd40eb13546522dbd3/Code/GraphMol/FilterCatalog/pains_c.in#L323
primary,pains_C,thio_urea_P(1),0,9098,https://raw.githubusercontent.com/rdkit/rdkit/0ece02e9254ef2d5eeade2bd40eb13546522dbd3/Code/GraphMol/FilterCatalog/pains_c.in#L324
primary,pains_C,het_pyraz_misc(1),0,9098,https://raw.githubusercontent.com/rdkit/rdkit/0ece02e9254ef2d5eeade2bd40eb13546522dbd3/Code/GraphMol/FilterCatalog/pains_c.in#L325
primary,pains_C,diazox_C(1),0,9098,https://raw.githubusercontent.com/rdkit/rdkit/0ece02e9254ef2d5eeade2bd40eb13546522dbd3/Code/GraphMol/FilterCatalog/pains_c.in#L326
primary,pains_C,diazox_D(1),0,9098,https://raw.githubusercontent.com/rdkit/rdkit/0ece02e9254ef2d5eeade2bd40eb13546522dbd3/Code/GraphMol/FilterCatalog/pains_c.in#L327
primary,pains_C,misc_cyclopropane(1),0,9098,https://raw.githubusercontent.com/rdkit/rdkit/0ece02e9254ef2d5eeade2bd40eb13546522dbd3/Code/GraphMol/FilterCatalog/pains_c.in#L328
primary,pains_C,imine_ene_one_B(1),0,9098,https://raw.githubusercontent.com/rdkit/rdkit/0ece02e9254ef2d5eeade2bd40eb13546522dbd3/Code/GraphMol/FilterCatalog/pains_c.in#L329
primary,pains_C,coumarin_D(1),0,9098,https://raw.githubusercontent.com/rdkit/rdkit/0ece02e9254ef2d5eeade2bd40eb13546522dbd3/Code/GraphMol/FilterCatalog/pains_c.in#L330
primary,pains_C,misc_furan_A(1),0,9098,https://raw.githubusercontent.com/rdkit/rdkit/0ece02e9254ef2d5eeade2bd40eb13546522dbd3/Code/GraphMol/FilterCatalog/pains_c.in#L331
primary,pains_C,rhod_sat_E(1),0,9098,https://raw.githubusercontent.com/rdkit/rdkit/0ece02e9254ef2d5eeade2bd40eb13546522dbd3/Code/GraphMol/FilterCatalog/pains_c.in#L332
primary,pains_C,rhod_sat_imine_A(1),0,9098,https://raw.githubusercontent.com/rdkit/rdkit/0ece02e9254ef2d5eeade2bd40eb13546522dbd3/Code/GraphMol/FilterCatalog/pains_c.in#L333
primary,pains_C,rhod_sat_F(1),0,9098,https://raw.githubusercontent.com/rdkit/rdkit/0ece02e9254ef2d5eeade2bd40eb13546522dbd3/Code/GraphMol/FilterCatalog/pains_c.in#L334
primary,pains_C,het_thio_5_imine_B(1),0,9098,https://raw.githubusercontent.com/rdkit/rdkit/0ece02e9254ef2d5eeade2bd40eb13546522dbd3/Code/GraphMol/FilterCatalog/pains_c.in#L335
primary,pains_C,het_thio_5_imine_C(1),0,9098,https://raw.githubusercontent.com/rdkit/rdkit/0ece02e9254ef2d5eeade2bd40eb13546522dbd3/Code/GraphMol/FilterCatalog/pains_c.in#L336
primary,pains_C,ene_five_het_N(1),0,9098,https://raw.githubusercontent.com/rdkit/rdkit/0ece02e9254ef2d5eeade2bd40eb13546522dbd3/Code/GraphMol/FilterCatalog/pains_c.in#L337
primary,pains_C,thio_carbam_A(1),0,9098,https://raw.githubusercontent.com/rdkit/rdkit/0ece02e9254ef2d5eeade2bd40eb13546522dbd3/Code/GraphMol/FilterCatalog/pains_c.in#L338
primary,pains_C,misc_anilide_A(1),0,9098,https://raw.githubusercontent.com/rdkit/rdkit/0ece02e9254ef2d5eeade2bd40eb13546522dbd3/Code/GraphMol/FilterCatalog/pains_c.in#L339
primary,pains_C,misc_anilide_B(1),0,9098,https://raw.githubusercontent.com/rdkit/rdkit/0ece02e9254ef2d5eeade2bd40eb13546522dbd3/Code/GraphMol/FilterCatalog/pains_c.in#L340
primary,pains_C,mannich_B(1),0,9098,https://raw.githubusercontent.com/rdkit/rdkit/0ece02e9254ef2d5eeade2bd40eb13546522dbd3/Code/GraphMol/FilterCatalog/pains_c.in#L341
primary,pains_C,mannich_catechol_A(1),0,9098,https://raw.githubusercontent.com/rdkit/rdkit/0ece02e9254ef2d5eeade2bd40eb13546522dbd3/Code/GraphMol/FilterCatalog/pains_c.in#L342
primary,pains_C,anil_alk_D(1),0,9098,https://raw.githubusercontent.com/rdkit/rdkit/0ece02e9254ef2d5eeade2bd40eb13546522dbd3/Code/GraphMol/FilterCatalog/pains_c.in#L343
primary,pains_C,het_65_I(1),0,9098,https://raw.githubusercontent.com/rdkit/rdkit/0ece02e9254ef2d5eeade2bd40eb13546522dbd3/Code/GraphMol/FilterCatalog/pains_c.in#L344
primary,pains_C,misc_urea_A(1),0,9098,https://raw.githubusercontent.com/rdkit/rdkit/0ece02e9254ef2d5eeade2bd40eb13546522dbd3/Code/GraphMol/FilterCatalog/pains_c.in#L345
primary,pains_C,imidazole_C(1),0,9098,https://raw.githubusercontent.com/rdkit/rdkit/0ece02e9254ef2d5eeade2bd40eb13546522dbd3/Code/GraphMol/FilterCatalog/pains_c.in#L346
primary,pains_C,styrene_imidazole_A(1),0,9098,https://raw.githubusercontent.com/rdkit/rdkit/0ece02e9254ef2d5eeade2bd40eb13546522dbd3/Code/GraphMol/FilterCatalog/pains_c.in#L347
primary,pains_C,thiazole_amine_M(1),0,9098,https://raw.githubusercontent.com/rdkit/rdkit/0ece02e9254ef2d5eeade2bd40eb13546522dbd3/Code/GraphMol/FilterCatalog/pains_c.in#L348
primary,pains_C,misc_pyrrole_thiaz(1),0,9098,https://raw.githubusercontent.com/rdkit/rdkit/0ece02e9254ef2d5eeade2bd40eb13546522dbd3/Code/GraphMol/FilterCatalog/pains_c.in#L349
primary,pains_C,pyrrole_L(1),0,9098,https://raw.githubusercontent.com/rdkit/rdkit/0ece02e9254ef2d5eeade2bd40eb13546522dbd3/Code/GraphMol/FilterCatalog/pains_c.in#L350
primary,pains_C,het_thio_65_D(1),0,9098,https://raw.githubusercontent.com/rdkit/rdkit/0ece02e9254ef2d5eeade2bd40eb13546522dbd3/Code/GraphMol/FilterCatalog/pains_c.in#L351
primary,pains_C,ene_misc_E(1),0,9098,https://raw.githubusercontent.com/rdkit/rdkit/0ece02e9254ef2d5eeade2bd40eb13546522dbd3/Code/GraphMol/FilterCatalog/pains_c.in#L352
primary,pains_C,thio_cyano_A(1),0,9098,https://raw.githubusercontent.com/rdkit/rdkit/0ece02e9254ef2d5eeade2bd40eb13546522dbd3/Code/GraphMol/FilterCatalog/pains_c.in#L353
primary,pains_C,cyano_amino_het_B(1),0,9098,https://raw.githubusercontent.com/rdkit/rdkit/0ece02e9254ef2d5eeade2bd40eb13546522dbd3/Code/GraphMol/FilterCatalog/pains_c.in#L354
primary,pains_C,cyano_pyridone_G(1),0,9098,https://raw.githubusercontent.com/rdkit/rdkit/0ece02e9254ef2d5eeade2bd40eb13546522dbd3/Code/GraphMol/FilterCatalog/pains_c.in#L355
primary,pains_C,het_65_J(1),0,9098,https://raw.githubusercontent.com/rdkit/rdkit/0ece02e9254ef2d5eeade2bd40eb13546522dbd3/Code/GraphMol/FilterCatalog/pains_c.in#L356
primary,pains_C,ene_one_yne_A(1),0,9098,https://raw.githubusercontent.com/rdkit/rdkit/0ece02e9254ef2d5eeade2bd40eb13546522dbd3/Code/GraphMol/FilterCatalog/pains_c.in#L357
primary,pains_C,anil_OH_no_alk_B(1),0,9098,https://raw.githubusercontent.com/rdkit/rdkit/0ece02e9254ef2d5eeade2bd40eb13546522dbd3/Code/GraphMol/FilterCatalog/pains_c.in#L358
primary,pains_C,hzone_acyl_misc_A(1),0,9098,https://raw.githubusercontent.com/rdkit/rdkit/0ece02e9254ef2d5eeade2bd40eb13546522dbd3/Code/GraphMol/FilterCatalog/pains_c.in#L359
primary,pains_C,thiophene_F(1),0,9098,https://raw.githubusercontent.com/rdkit/rdkit/0ece02e9254ef2d5eeade2bd40eb13546522dbd3/Code/GraphMol/FilterCatalog/pains_c.in#L360
primary,pains_C,anil_OC_alk_E(1),0,9098,https://raw.githubusercontent.com/rdkit/rdkit/0ece02e9254ef2d5eeade2bd40eb13546522dbd3/Code/GraphMol/FilterCatalog/pains_c.in#L361
primary,pains_C,anil_OC_alk_F(1),0,9098,https://raw.githubusercontent.com/rdkit/rdkit/0ece02e9254ef2d5eeade2bd40eb13546522dbd3/Code/GraphMol/FilterCatalog/pains_c.in#L362
primary,pains_C,het_65_K(1),0,9098,https://raw.githubusercontent.com/rdkit/rdkit/0ece02e9254ef2d5eeade2bd40eb13546522dbd3/Code/GraphMol/FilterCatalog/pains_c.in#L363
primary,pains_C,het_65_L(1),0,9098,https://raw.githubusercontent.com/rdkit/rdkit/0ece02e9254ef2d5eeade2bd40eb13546522dbd3/Code/GraphMol/FilterCatalog/pains_c.in#L364
primary,pains_C,coumarin_E(1),0,9098,https://raw.githubusercontent.com/rdkit/rdkit/0ece02e9254ef2d5eeade2bd40eb13546522dbd3/Code/GraphMol/FilterCatalog/pains_c.in#L365
primary,pains_C,coumarin_F(1),0,9098,https://raw.githubusercontent.com/rdkit/rdkit/0ece02e9254ef2d5eeade2bd40eb13546522dbd3/Code/GraphMol/FilterCatalog/pains_c.in#L366
primary,pains_C,coumarin_G(1),0,9098,https://raw.githubusercontent.com/rdkit/rdkit/0ece02e9254ef2d5eeade2bd40eb13546522dbd3/Code/GraphMol/FilterCatalog/pains_c.in#L367
primary,pains_C,coumarin_H(1),0,9098,https://raw.githubusercontent.com/rdkit/rdkit/0ece02e9254ef2d5eeade2bd40eb13546522dbd3/Code/GraphMol/FilterCatalog/pains_c.in#L368
primary,pains_C,het_thio_67_A(1),0,9098,https://raw.githubusercontent.com/rdkit/rdkit/0ece02e9254ef2d5eeade2bd40eb13546522dbd3/Code/GraphMol/FilterCatalog/pains_c.in#L369
primary,pains_C,sulfonamide_I(1),0,9098,https://raw.githubusercontent.com/rdkit/rdkit/0ece02e9254ef2d5eeade2bd40eb13546522dbd3/Code/GraphMol/FilterCatalog/pains_c.in#L370
primary,pains_C,het_65_mannich(1),0,9098,https://raw.githubusercontent.com/rdkit/rdkit/0ece02e9254ef2d5eeade2bd40eb13546522dbd3/Code/GraphMol/FilterCatalog/pains_c.in#L371
primary,pains_C,anil_alk_A(1),0,9098,https://raw.githubusercontent.com/rdkit/rdkit/0ece02e9254ef2d5eeade2bd40eb13546522dbd3/Code/GraphMol/FilterCatalog/pains_c.in#L372
primary,pains_C,het_5_inium(1),0,9098,https://raw.githubusercontent.com/rdkit/rdkit/0ece02e9254ef2d5eeade2bd40eb13546522dbd3/Code/GraphMol/FilterCatalog/pains_c.in#L373
primary,pains_C,anil_di_alk_P(1),0,9098,https://raw.githubusercontent.com/rdkit/rdkit/0ece02e9254ef2d5eeade2bd40eb13546522dbd3/Code/GraphMol/FilterCatalog/pains_c.in#L374
primary,pains_C,thio_urea_Q(1),0,9098,https://raw.githubusercontent.com/rdkit/rdkit/0ece02e9254ef2d5eeade2bd40eb13546522dbd3/Code/GraphMol/FilterCatalog/pains_c.in#L375
primary,pains_C,thio_pyridine_A(1),0,9098,https://raw.githubusercontent.com/rdkit/rdkit/0ece02e9254ef2d5eeade2bd40eb13546522dbd3/Code/GraphMol/FilterCatalog/pains_c.in#L376
primary,pains_C,melamine_B(1),0,9098,https://raw.githubusercontent.com/rdkit/rdkit/0ece02e9254ef2d5eeade2bd40eb13546522dbd3/Code/GraphMol/FilterCatalog/pains_c.in#L377
primary,pains_C,misc_phthal_thio_N(1),0,9098,https://raw.githubusercontent.com/rdkit/rdkit/0ece02e9254ef2d5eeade2bd40eb13546522dbd3/Code/GraphMol/FilterCatalog/pains_c.in#L378
primary,pains_C,hzone_acyl_misc_B(1),0,9098,https://raw.githubusercontent.com/rdkit/rdkit/0ece02e9254ef2d5eeade2bd40eb13546522dbd3/Code/GraphMol/FilterCatalog/pains_c.in#L379
primary,pains_C,tert_butyl_B(1),0,9098,https://raw.githubusercontent.com/rdkit/rdkit/0ece02e9254ef2d5eeade2bd40eb13546522dbd3/Code/GraphMol/FilterCatalog/pains_c.in#L380
primary,pains_C,diazox_E(1),0,9098,https://raw.githubusercontent.com/rdkit/rdkit/0ece02e9254ef2d5eeade2bd40eb13546522dbd3/Code/GraphMol/FilterCatalog/pains_c.in#L381
primary,pains_C,anil_NH_no_alk_B(1),0,9098,https://raw.githubusercontent.com/rdkit/rdkit/0ece02e9254ef2d5eeade2bd40eb13546522dbd3/Code/GraphMol/FilterCatalog/pains_c.in#L382
primary,pains_C,anil_no_alk_A(1),0,9098,https://raw.githubusercontent.com/rdkit/rdkit/0ece02e9254ef2d5eeade2bd40eb13546522dbd3/Code/GraphMol/FilterCatalog/pains_c.in#L383
primary,pains_C,anil_no_alk_B(1),0,9098,https://raw.githubusercontent.com/rdkit/rdkit/0ece02e9254ef2d5eeade2bd40eb13546522dbd3/Code/GraphMol/FilterCatalog/pains_c.in#L384
primary,pains_C,thio_ene_amine_A(1),0,9098,https://raw.githubusercontent.com/rdkit/rdkit/0ece02e9254ef2d5eeade2bd40eb13546522dbd3/Code/GraphMol/FilterCatalog/pains_c.in#L385
primary,pains_C,het_55_B(1),0,9098,https://raw.githubusercontent.com/rdkit/rdkit/0ece02e9254ef2d5eeade2bd40eb13546522dbd3/Code/GraphMol/FilterCatalog/pains_c.in#L386
primary,pains_C,cyanamide_A(1),0,9098,https://raw.githubusercontent.com/rdkit/rdkit/0ece02e9254ef2d5eeade2bd40eb13546522dbd3/Code/GraphMol/FilterCatalog/pains_c.in#L387
primary,pains_C,ene_one_one_A(1),0,9098,https://raw.githubusercontent.com/rdkit/rdkit/0ece02e9254ef2d5eeade2bd40eb13546522dbd3/Code/GraphMol/FilterCatalog/pains_c.in#L388
primary,pains_C,ene_six_het_D(1),0,9098,https://raw.githubusercontent.com/rdkit/rdkit/0ece02e9254ef2d5eeade2bd40eb13546522dbd3/Code/GraphMol/FilterCatalog/pains_c.in#L389
primary,pains_C,ene_cyano_E(1),0,9098,https://raw.githubusercontent.com/rdkit/rdkit/0ece02e9254ef2d5eeade2bd40eb13546522dbd3/Code/GraphMol/FilterCatalog/pains_c.in#L390
primary,pains_C,ene_cyano_F(1),0,9098,https://raw.githubusercontent.com/rdkit/rdkit/0ece02e9254ef2d5eeade2bd40eb13546522dbd3/Code/GraphMol/FilterCatalog/pains_c.in#L391
primary,pains_C,hzone_furan_C(1),0,9098,https://raw.githubusercontent.com/rdkit/rdkit/0ece02e9254ef2d5eeade2bd40eb13546522dbd3/Code/GraphMol/FilterCatalog/pains_c.in#L392
primary,pains_C,anil_no_alk_C(1),0,9098,https://raw.githubusercontent.com/rdkit/rdkit/0ece02e9254ef2d5eeade2bd40eb13546522dbd3/Code/GraphMol/FilterCatalog/pains_c.in#L393
primary,pains_C,hzone_acid_D(1),0,9098,https://raw.githubusercontent.com/rdkit/rdkit/0ece02e9254ef2d5eeade2bd40eb13546522dbd3/Code/GraphMol/FilterCatalog/pains_c.in#L394
primary,pains_C,hzone_furan_E(1),0,9098,https://raw.githubusercontent.com/rdkit/rdkit/0ece02e9254ef2d5eeade2bd40eb13546522dbd3/Code/GraphMol/FilterCatalog/pains_c.in#L395
primary,pains_C,het_6_pyridone_NH2(1),0,9098,https://raw.githubusercontent.com/rdkit/rdkit/0ece02e9254ef2d5eeade2bd40eb13546522dbd3/Code/GraphMol/FilterCatalog/pains_c.in#L396
primary,pains_C,imine_one_fives_D(1),0,9098,https://raw.githubusercontent.com/rdkit/rdkit/0ece02e9254ef2d5eeade2bd40eb13546522dbd3/Code/GraphMol/FilterCatalog/pains_c.in#L397
primary,pains_C,pyrrole_M(1),0,9098,https://raw.githubusercontent.com/rdkit/rdkit/0ece02e9254ef2d5eeade2bd40eb13546522dbd3/Code/GraphMol/FilterCatalog/pains_c.in#L398
primary,pains_C,pyrrole_N(1),0,9098,https://raw.githubusercontent.com/rdkit/rdkit/0ece02e9254ef2d5eeade2bd40eb13546522dbd3/Code/GraphMol/FilterCatalog/pains_c.in#L399
primary,pains_C,pyrrole_O(1),0,9098,https://raw.githubusercontent.com/rdkit/rdkit/0ece02e9254ef2d5eeade2bd40eb13546522dbd3/Code/GraphMol/FilterCatalog/pains_c.in#L400
primary,pains_C,ene_cyano_G(1),0,9098,https://raw.githubusercontent.com/rdkit/rdkit/0ece02e9254ef2d5eeade2bd40eb13546522dbd3/Code/GraphMol/FilterCatalog/pains_c.in#L401
primary,pains_C,sulfonamide_J(1),0,9098,https://raw.githubusercontent.com/rdkit/rdkit/0ece02e9254ef2d5eeade2bd40eb13546522dbd3/Code/GraphMol/FilterCatalog/pains_c.in#L402
primary,pains_C,misc_pyrrole_benz(1),0,9098,https://raw.githubusercontent.com/rdkit/rdkit/0ece02e9254ef2d5eeade2bd40eb13546522dbd3/Code/GraphMol/FilterCatalog/pains_c.in#L403
primary,pains_C,thio_urea_R(1),0,9098,https://raw.githubusercontent.com/rdkit/rdkit/0ece02e9254ef2d5eeade2bd40eb13546522dbd3/Code/GraphMol/FilterCatalog/pains_c.in#L404
primary,pains_C,ene_one_one_B(1),0,9098,https://raw.githubusercontent.com/rdkit/rdkit/0ece02e9254ef2d5eeade2bd40eb13546522dbd3/Code/GraphMol/FilterCatalog/pains_c.in#L405
primary,pains_C,dhp_amino_CN_H(1),0,9098,https://raw.githubusercontent.com/rdkit/rdkit/0ece02e9254ef2d5eeade2bd40eb13546522dbd3/Code/GraphMol/FilterCatalog/pains_c.in#L406
primary,pains_C,het_66_anisole(1),0,9098,https://raw.githubusercontent.com/rdkit/rdkit/0ece02e9254ef2d5eeade2bd40eb13546522dbd3/Code/GraphMol/FilterCatalog/pains_c.in#L407
primary,pains_C,thiazole_amine_N(1),0,9098,https://raw.githubusercontent.com/rdkit/rdkit/0ece02e9254ef2d5eeade2bd40eb13546522dbd3/Code/GraphMol/FilterCatalog/pains_c.in#L408
primary,pains_C,het_pyridiniums_C(1),0,9098,https://raw.githubusercontent.com/rdkit/rdkit/0ece02e9254ef2d5eeade2bd40eb13546522dbd3/Code/GraphMol/FilterCatalog/pains_c.in#L409
primary,pains_C,het_5_E(1),0,9098,https://raw.githubusercontent.com/rdkit/rdkit/0ece02e9254ef2d5eeade2bd40eb13546522dbd3/Code/GraphMol/FilterCatalog/pains_c.in#L410
primary,brenk,>_2_ester_groups,43,9098,https://raw.githubusercontent.com/rdkit/rdkit/0ece02e9254ef2d5eeade2bd40eb13546522dbd3/Code/GraphMol/FilterCatalog/Filters.cpp#L47
primary,brenk,2-halo_pyridine,72,9098,https://raw.githubusercontent.com/rdkit/rdkit/0ece02e9254ef2d5eeade2bd40eb13546522dbd3/Code/GraphMol/FilterCatalog/Filters.cpp#L48
primary,brenk,acid_halide,0,9098,https://raw.githubusercontent.com/rdkit/rdkit/0ece02e9254ef2d5eeade2bd40eb13546522dbd3/Code/GraphMol/FilterCatalog/Filters.cpp#L49
primary,brenk,acyclic_C=C-O,2,9098,https://raw.githubusercontent.com/rdkit/rdkit/0ece02e9254ef2d5eeade2bd40eb13546522dbd3/Code/GraphMol/FilterCatalog/Filters.cpp#L50
primary,brenk,acyl_cyanide,0,9098,https://raw.githubusercontent.com/rdkit/rdkit/0ece02e9254ef2d5eeade2bd40eb13546522dbd3/Code/GraphMol/FilterCatalog/Filters.cpp#L51
primary,brenk,acyl_hydrazine,4,9098,https://raw.githubusercontent.com/rdkit/rdkit/0ece02e9254ef2d5eeade2bd40eb13546522dbd3/Code/GraphMol/FilterCatalog/Filters.cpp#L52
primary,brenk,aldehyde,65,9098,https://raw.githubusercontent.com/rdkit/rdkit/0ece02e9254ef2d5eeade2bd40eb13546522dbd3/Code/GraphMol/FilterCatalog/Filters.cpp#L53
primary,brenk,Aliphatic_long_chain,936,9098,https://raw.githubusercontent.com/rdkit/rdkit/0ece02e9254ef2d5eeade2bd40eb13546522dbd3/Code/GraphMol/FilterCatalog/Filters.cpp#L54
primary,brenk,alkyl_halide,70,9098,https://raw.githubusercontent.com/rdkit/rdkit/0ece02e9254ef2d5eeade2bd40eb13546522dbd3/Code/GraphMol/FilterCatalog/Filters.cpp#L55
primary,brenk,amidotetrazole,0,9098,https://raw.githubusercontent.com/rdkit/rdkit/0ece02e9254ef2d5eeade2bd40eb13546522dbd3/Code/GraphMol/FilterCatalog/Filters.cpp#L56
primary,brenk,aniline,251,9098,https://raw.githubusercontent.com/rdkit/rdkit/0ece02e9254ef2d5eeade2bd40eb13546522dbd3/Code/GraphMol/FilterCatalog/Filters.cpp#L57
primary,brenk,azepane,0,9098,https://raw.githubusercontent.com/rdkit/rdkit/0ece02e9254ef2d5eeade2bd40eb13546522dbd3/Code/GraphMol/FilterCatalog/Filters.cpp#L58
primary,brenk,Azido_group,0,9098,https://raw.githubusercontent.com/rdkit/rdkit/0ece02e9254ef2d5eeade2bd40eb13546522dbd3/Code/GraphMol/FilterCatalog/Filters.cpp#L59
primary,brenk,Azo_group,0,9098,https://raw.githubusercontent.com/rdkit/rdkit/0ece02e9254ef2d5eeade2bd40eb13546522dbd3/Code/GraphMol/FilterCatalog/Filters.cpp#L60
primary,brenk,azocane,0,9098,https://raw.githubusercontent.com/rdkit/rdkit/0ece02e9254ef2d5eeade2bd40eb13546522dbd3/Code/GraphMol/FilterCatalog/Filters.cpp#L61
primary,brenk,benzidine,0,9098,https://raw.githubusercontent.com/rdkit/rdkit/0ece02e9254ef2d5eeade2bd40eb13546522dbd3/Code/GraphMol/FilterCatalog/Filters.cpp#L62
primary,brenk,beta-keto/anhydride,30,9098,https://raw.githubusercontent.com/rdkit/rdkit/0ece02e9254ef2d5eeade2bd40eb13546522dbd3/Code/GraphMol/FilterCatalog/Filters.cpp#L66
primary,brenk,biotin_analogue,1,9098,https://raw.githubusercontent.com/rdkit/rdkit/0ece02e9254ef2d5eeade2bd40eb13546522dbd3/Code/GraphMol/FilterCatalog/Filters.cpp#L67
primary,brenk,Carbo_cation/anion,0,9098,https://raw.githubusercontent.com/rdkit/rdkit/0ece02e9254ef2d5eeade2bd40eb13546522dbd3/Code/GraphMol/FilterCatalog/Filters.cpp#L68
primary,brenk,catechol,0,9098,https://raw.githubusercontent.com/rdkit/rdkit/0ece02e9254ef2d5eeade2bd40eb13546522dbd3/Code/GraphMol/FilterCatalog/Filters.cpp#L69
primary,brenk,charged_oxygen_or_sulfur_atoms,0,9098,https://raw.githubusercontent.com/rdkit/rdkit/0ece02e9254ef2d5eeade2bd40eb13546522dbd3/Code/GraphMol/FilterCatalog/Filters.cpp#L70
primary,brenk,chinone_1,13,9098,https://raw.githubusercontent.com/rdkit/rdkit/0ece02e9254ef2d5eeade2bd40eb13546522dbd3/Code/GraphMol/FilterCatalog/Filters.cpp#L71
primary,brenk,chinone_2,0,9098,https://raw.githubusercontent.com/rdkit/rdkit/0ece02e9254ef2d5eeade2bd40eb13546522dbd3/Code/GraphMol/FilterCatalog/Filters.cpp#L72
primary,brenk,conjugated_nitrile_group,12,9098,https://raw.githubusercontent.com/rdkit/rdkit/0ece02e9254ef2d5eeade2bd40eb13546522dbd3/Code/GraphMol/FilterCatalog/Filters.cpp#L73
primary,brenk,crown_ether,0,9098,https://raw.githubusercontent.com/rdkit/rdkit/0ece02e9254ef2d5eeade2bd40eb13546522dbd3/Code/GraphMol/FilterCatalog/Filters.cpp#L74
primary,brenk,cumarine,123,9098,https://raw.githubusercontent.com/rdkit/rdkit/0ece02e9254ef2d5eeade2bd40eb13546522dbd3/Code/GraphMol/FilterCatalog/Filters.cpp#L76
primary,brenk,cyanamide,15,9098,https://raw.githubusercontent.com/rdkit/rdkit/0ece02e9254ef2d5eeade2bd40eb13546522dbd3/Code/GraphMol/FilterCatalog/Filters.cpp#L77
primary,brenk,cyanate_/aminonitrile_/thiocyanate,2,9098,https://raw.githubusercontent.com/rdkit/rdkit/0ece02e9254ef2d5eeade2bd40eb13546522dbd3/Code/GraphMol/FilterCatalog/Filters.cpp#L78
primary,brenk,cyanohydrins,0,9098,https://raw.githubusercontent.com/rdkit/rdkit/0ece02e9254ef2d5eeade2bd40eb13546522dbd3/Code/GraphMol/FilterCatalog/Filters.cpp#L79
primary,brenk,cycloheptane_1,0,9098,https://raw.githubusercontent.com/rdkit/rdkit/0ece02e9254ef2d5eeade2bd40eb13546522dbd3/Code/GraphMol/FilterCatalog/Filters.cpp#L80
primary,brenk,cycloheptane_2,0,9098,https://raw.githubusercontent.com/rdkit/rdkit/0ece02e9254ef2d5eeade2bd40eb13546522dbd3/Code/GraphMol/FilterCatalog/Filters.cpp#L81
primary,brenk,cyclooctane_1,0,9098,https://raw.githubusercontent.com/rdkit/rdkit/0ece02e9254ef2d5eeade2bd40eb13546522dbd3/Code/GraphMol/FilterCatalog/Filters.cpp#L82
primary,brenk,cyclooctane_2,0,9098,https://raw.githubusercontent.com/rdkit/rdkit/0ece02e9254ef2d5eeade2bd40eb13546522dbd3/Code/GraphMol/FilterCatalog/Filters.cpp#L83
primary,brenk,diaminobenzene_1,0,9098,https://raw.githubusercontent.com/rdkit/rdkit/0ece02e9254ef2d5eeade2bd40eb13546522dbd3/Code/GraphMol/FilterCatalog/Filters.cpp#L84
primary,brenk,diaminobenzene_2,0,9098,https://raw.githubusercontent.com/rdkit/rdkit/0ece02e9254ef2d5eeade2bd40eb13546522dbd3/Code/GraphMol/FilterCatalog/Filters.cpp#L86
primary,brenk,diaminobenzene_3,0,9098,https://raw.githubusercontent.com/rdkit/rdkit/0ece02e9254ef2d5eeade2bd40eb13546522dbd3/Code/GraphMol/FilterCatalog/Filters.cpp#L88
primary,brenk,diazo_group,3,9098,https://raw.githubusercontent.com/rdkit/rdkit/0ece02e9254ef2d5eeade2bd40eb13546522dbd3/Code/GraphMol/FilterCatalog/Filters.cpp#L90
primary,brenk,diketo_group,38,9098,https://raw.githubusercontent.com/rdkit/rdkit/0ece02e9254ef2d5eeade2bd40eb13546522dbd3/Code/GraphMol/FilterCatalog/Filters.cpp#L91
primary,brenk,disulphide,0,9098,https://raw.githubusercontent.com/rdkit/rdkit/0ece02e9254ef2d5eeade2bd40eb13546522dbd3/Code/GraphMol/FilterCatalog/Filters.cpp#L92
primary,brenk,enamine,3,9098,https://raw.githubusercontent.com/rdkit/rdkit/0ece02e9254ef2d5eeade2bd40eb13546522dbd3/Code/GraphMol/FilterCatalog/Filters.cpp#L93
primary,brenk,ester_of_HOBT,0,9098,https://raw.githubusercontent.com/rdkit/rdkit/0ece02e9254ef2d5eeade2bd40eb13546522dbd3/Code/GraphMol/FilterCatalog/Filters.cpp#L94
primary,brenk,four_member_lactones,0,9098,https://raw.githubusercontent.com/rdkit/rdkit/0ece02e9254ef2d5eeade2bd40eb13546522dbd3/Code/GraphMol/FilterCatalog/Filters.cpp#L95
primary,brenk,halogenated_ring_1,17,9098,https://raw.githubusercontent.com/rdkit/rdkit/0ece02e9254ef2d5eeade2bd40eb13546522dbd3/Code/GraphMol/FilterCatalog/Filters.cpp#L96
primary,brenk,halogenated_ring_2,11,9098,https://raw.githubusercontent.com/rdkit/rdkit/0ece02e9254ef2d5eeade2bd40eb13546522dbd3/Code/GraphMol/FilterCatalog/Filters.cpp#L98
primary,brenk,heavy_metal,13,9098,https://raw.githubusercontent.com/rdkit/rdkit/0ece02e9254ef2d5eeade2bd40eb13546522dbd3/Code/GraphMol/FilterCatalog/Filters.cpp#L100
primary,brenk,het-C-het_not_in_ring,10,9098,https://raw.githubusercontent.com/rdkit/rdkit/0ece02e9254ef2d5eeade2bd40eb13546522dbd3/Code/GraphMol/FilterCatalog/Filters.cpp#L101
primary,brenk,hydantoin,7,9098,https://raw.githubusercontent.com/rdkit/rdkit/0ece02e9254ef2d5eeade2bd40eb13546522dbd3/Code/GraphMol/FilterCatalog/Filters.cpp#L103
primary,brenk,hydrazine,12,9098,https://raw.githubusercontent.com/rdkit/rdkit/0ece02e9254ef2d5eeade2bd40eb13546522dbd3/Code/GraphMol/FilterCatalog/Filters.cpp#L104
primary,brenk,hydroquinone,0,9098,https://raw.githubusercontent.com/rdkit/rdkit/0ece02e9254ef2d5eeade2bd40eb13546522dbd3/Code/GraphMol/FilterCatalog/Filters.cpp#L105
primary,brenk,hydroxamic_acid,15,9098,https://raw.githubusercontent.com/rdkit/rdkit/0ece02e9254ef2d5eeade2bd40eb13546522dbd3/Code/GraphMol/FilterCatalog/Filters.cpp#L106
primary,brenk,imine_1,149,9098,https://raw.githubusercontent.com/rdkit/rdkit/0ece02e9254ef2d5eeade2bd40eb13546522dbd3/Code/GraphMol/FilterCatalog/Filters.cpp#L107
primary,brenk,imine_2,52,9098,https://raw.githubusercontent.com/rdkit/rdkit/0ece02e9254ef2d5eeade2bd40eb13546522dbd3/Code/GraphMol/FilterCatalog/Filters.cpp#L108
primary,brenk,iodine,59,9098,https://raw.githubusercontent.com/rdkit/rdkit/0ece02e9254ef2d5eeade2bd40eb13546522dbd3/Code/GraphMol/FilterCatalog/Filters.cpp#L109
primary,brenk,isocyanate,0,9098,https://raw.githubusercontent.com/rdkit/rdkit/0ece02e9254ef2d5eeade2bd40eb13546522dbd3/Code/GraphMol/FilterCatalog/Filters.cpp#L110
primary,brenk,isolated_alkene,333,9098,https://raw.githubusercontent.com/rdkit/rdkit/0ece02e9254ef2d5eeade2bd40eb13546522dbd3/Code/GraphMol/FilterCatalog/Filters.cpp#L111
primary,brenk,ketene,0,9098,https://raw.githubusercontent.com/rdkit/rdkit/0ece02e9254ef2d5eeade2bd40eb13546522dbd3/Code/GraphMol/FilterCatalog/Filters.cpp#L115
primary,brenk,"methylidene-1,3-dithiole",0,9098,https://raw.githubusercontent.com/rdkit/rdkit/0ece02e9254ef2d5eeade2bd40eb13546522dbd3/Code/GraphMol/FilterCatalog/Filters.cpp#L116
primary,brenk,Michael_acceptor_1,350,9098,https://raw.githubusercontent.com/rdkit/rdkit/0ece02e9254ef2d5eeade2bd40eb13546522dbd3/Code/GraphMol/FilterCatalog/Filters.cpp#L117
primary,brenk,Michael_acceptor_2,0,9098,https://raw.githubusercontent.com/rdkit/rdkit/0ece02e9254ef2d5eeade2bd40eb13546522dbd3/Code/GraphMol/FilterCatalog/Filters.cpp#L118
primary,brenk,Michael_acceptor_3,0,9098,https://raw.githubusercontent.com/rdkit/rdkit/0ece02e9254ef2d5eeade2bd40eb13546522dbd3/Code/GraphMol/FilterCatalog/Filters.cpp#L119
primary,brenk,Michael_acceptor_4,6,9098,https://raw.githubusercontent.com/rdkit/rdkit/0ece02e9254ef2d5eeade2bd40eb13546522dbd3/Code/GraphMol/FilterCatalog/Filters.cpp#L120
primary,brenk,Michael_acceptor_5,0,9098,https://raw.githubusercontent.com/rdkit/rdkit/0ece02e9254ef2d5eeade2bd40eb13546522dbd3/Code/GraphMol/FilterCatalog/Filters.cpp#L121
primary,brenk,N_oxide,47,9098,https://raw.githubusercontent.com/rdkit/rdkit/0ece02e9254ef2d5eeade2bd40eb13546522dbd3/Code/GraphMol/FilterCatalog/Filters.cpp#L122
primary,brenk,"N-acyl-2-amino-5-mercapto-1,3,4-_thiadiazole",6,9098,https://raw.githubusercontent.com/rdkit/rdkit/0ece02e9254ef2d5eeade2bd40eb13546522dbd3/Code/GraphMol/FilterCatalog/Filters.cpp#L123
primary,brenk,N-C-halo,0,9098,https://raw.githubusercontent.com/rdkit/rdkit/0ece02e9254ef2d5eeade2bd40eb13546522dbd3/Code/GraphMol/FilterCatalog/Filters.cpp#L124
primary,brenk,N-halo,0,9098,https://raw.githubusercontent.com/rdkit/rdkit/0ece02e9254ef2d5eeade2bd40eb13546522dbd3/Code/GraphMol/FilterCatalog/Filters.cpp#L125
primary,brenk,N-hydroxyl_pyridine,0,9098,https://raw.githubusercontent.com/rdkit/rdkit/0ece02e9254ef2d5eeade2bd40eb13546522dbd3/Code/GraphMol/FilterCatalog/Filters.cpp#L126
primary,brenk,nitro_group,298,9098,https://raw.githubusercontent.com/rdkit/rdkit/0ece02e9254ef2d5eeade2bd40eb13546522dbd3/Code/GraphMol/FilterCatalog/Filters.cpp#L127
primary,brenk,N-nitroso,0,9098,https://raw.githubusercontent.com/rdkit/rdkit/0ece02e9254ef2d5eeade2bd40eb13546522dbd3/Code/GraphMol/FilterCatalog/Filters.cpp#L128
primary,brenk,oxime_1,0,9098,https://raw.githubusercontent.com/rdkit/rdkit/0ece02e9254ef2d5eeade2bd40eb13546522dbd3/Code/GraphMol/FilterCatalog/Filters.cpp#L129
primary,brenk,oxime_2,1,9098,https://raw.githubusercontent.com/rdkit/rdkit/0ece02e9254ef2d5eeade2bd40eb13546522dbd3/Code/GraphMol/FilterCatalog/Filters.cpp#L130
primary,brenk,Oxygen-nitrogen_single_bond,457,9098,https://raw.githubusercontent.com/rdkit/rdkit/0ece02e9254ef2d5eeade2bd40eb13546522dbd3/Code/GraphMol/FilterCatalog/Filters.cpp#L131
primary,brenk,Perfluorinated_chain,6,9098,https://raw.githubusercontent.com/rdkit/rdkit/0ece02e9254ef2d5eeade2bd40eb13546522dbd3/Code/GraphMol/FilterCatalog/Filters.cpp#L132
primary,brenk,peroxide,15,9098,https://raw.githubusercontent.com/rdkit/rdkit/0ece02e9254ef2d5eeade2bd40eb13546522dbd3/Code/GraphMol/FilterCatalog/Filters.cpp#L133
primary,brenk,phenol_ester,57,9098,https://raw.githubusercontent.com/rdkit/rdkit/0ece02e9254ef2d5eeade2bd40eb13546522dbd3/Code/GraphMol/FilterCatalog/Filters.cpp#L134
primary,brenk,phenyl_carbonate,4,9098,https://raw.githubusercontent.com/rdkit/rdkit/0ece02e9254ef2d5eeade2bd40eb13546522dbd3/Code/GraphMol/FilterCatalog/Filters.cpp#L135
primary,brenk,phosphor,120,9098,https://raw.githubusercontent.com/rdkit/rdkit/0ece02e9254ef2d5eeade2bd40eb13546522dbd3/Code/GraphMol/FilterCatalog/Filters.cpp#L136
primary,brenk,phthalimide,127,9098,https://raw.githubusercontent.com/rdkit/rdkit/0ece02e9254ef2d5eeade2bd40eb13546522dbd3/Code/GraphMol/FilterCatalog/Filters.cpp#L137
primary,brenk,Polycyclic_aromatic_hydrocarbon_1,0,9098,https://raw.githubusercontent.com/rdkit/rdkit/0ece02e9254ef2d5eeade2bd40eb13546522dbd3/Code/GraphMol/FilterCatalog/Filters.cpp#L138
primary,brenk,Polycyclic_aromatic_hydrocarbon_2,351,9098,https://raw.githubusercontent.com/rdkit/rdkit/0ece02e9254ef2d5eeade2bd40eb13546522dbd3/Code/GraphMol/FilterCatalog/Filters.cpp#L139
primary,brenk,Polycyclic_aromatic_hydrocarbon_3,30,9098,https://raw.githubusercontent.com/rdkit/rdkit/0ece02e9254ef2d5eeade2bd40eb13546522dbd3/Code/GraphMol/FilterCatalog/Filters.cpp#L140
primary,brenk,polyene,48,9098,https://raw.githubusercontent.com/rdkit/rdkit/0ece02e9254ef2d5eeade2bd40eb13546522dbd3/Code/GraphMol/FilterCatalog/Filters.cpp#L141
primary,brenk,quaternary_nitrogen_1,240,9098,https://raw.githubusercontent.com/rdkit/rdkit/0ece02e9254ef2d5eeade2bd40eb13546522dbd3/Code/GraphMol/FilterCatalog/Filters.cpp#L142
primary,brenk,quaternary_nitrogen_2,36,9098,https://raw.githubusercontent.com/rdkit/rdkit/0ece02e9254ef2d5eeade2bd40eb13546522dbd3/Code/GraphMol/FilterCatalog/Filters.cpp#L144
primary,brenk,quaternary_nitrogen_3,0,9098,https://raw.githubusercontent.com/rdkit/rdkit/0ece02e9254ef2d5eeade2bd40eb13546522dbd3/Code/GraphMol/FilterCatalog/Filters.cpp#L148
primary,brenk,saponine_derivative,4,9098,https://raw.githubusercontent.com/rdkit/rdkit/0ece02e9254ef2d5eeade2bd40eb13546522dbd3/Code/GraphMol/FilterCatalog/Filters.cpp#L149
primary,brenk,silicon_halogen,0,9098,https://raw.githubusercontent.com/rdkit/rdkit/0ece02e9254ef2d5eeade2bd40eb13546522dbd3/Code/GraphMol/FilterCatalog/Filters.cpp#L150
primary,brenk,stilbene,92,9098,https://raw.githubusercontent.com/rdkit/rdkit/0ece02e9254ef2d5eeade2bd40eb13546522dbd3/Code/GraphMol/FilterCatalog/Filters.cpp#L151
primary,brenk,sulfinic_acid,0,9098,https://raw.githubusercontent.com/rdkit/rdkit/0ece02e9254ef2d5eeade2bd40eb13546522dbd3/Code/GraphMol/FilterCatalog/Filters.cpp#L152
primary,brenk,Sulfonic_acid_1,12,9098,https://raw.githubusercontent.com/rdkit/rdkit/0ece02e9254ef2d5eeade2bd40eb13546522dbd3/Code/GraphMol/FilterCatalog/Filters.cpp#L153
primary,brenk,Sulfonic_acid_2,13,9098,https://raw.githubusercontent.com/rdkit/rdkit/0ece02e9254ef2d5eeade2bd40eb13546522dbd3/Code/GraphMol/FilterCatalog/Filters.cpp#L154
primary,brenk,sulfonyl_cyanide,0,9098,https://raw.githubusercontent.com/rdkit/rdkit/0ece02e9254ef2d5eeade2bd40eb13546522dbd3/Code/GraphMol/FilterCatalog/Filters.cpp#L155
primary,brenk,sulfur_oxygen_single_bond,0,9098,https://raw.githubusercontent.com/rdkit/rdkit/0ece02e9254ef2d5eeade2bd40eb13546522dbd3/Code/GraphMol/FilterCatalog/Filters.cpp#L156
primary,brenk,sulphate,3,9098,https://raw.githubusercontent.com/rdkit/rdkit/0ece02e9254ef2d5eeade2bd40eb13546522dbd3/Code/GraphMol/FilterCatalog/Filters.cpp#L157
primary,brenk,sulphur_nitrogen_single_bond,1,9098,https://raw.githubusercontent.com/rdkit/rdkit/0ece02e9254ef2d5eeade2bd40eb13546522dbd3/Code/GraphMol/FilterCatalog/Filters.cpp#L158
primary,brenk,Thiobenzothiazole_1,0,9098,https://raw.githubusercontent.com/rdkit/rdkit/0ece02e9254ef2d5eeade2bd40eb13546522dbd3/Code/GraphMol/FilterCatalog/Filters.cpp#L159
primary,brenk,thiobenzothiazole_2,0,9098,https://raw.githubusercontent.com/rdkit/rdkit/0ece02e9254ef2d5eeade2bd40eb13546522dbd3/Code/GraphMol/FilterCatalog/Filters.cpp#L160
primary,brenk,Thiocarbonyl_group,208,9098,https://raw.githubusercontent.com/rdkit/rdkit/0ece02e9254ef2d5eeade2bd40eb13546522dbd3/Code/GraphMol/FilterCatalog/Filters.cpp#L161
primary,brenk,thioester,36,9098,https://raw.githubusercontent.com/rdkit/rdkit/0ece02e9254ef2d5eeade2bd40eb13546522dbd3/Code/GraphMol/FilterCatalog/Filters.cpp#L162
primary,brenk,thiol_1,1,9098,https://raw.githubusercontent.com/rdkit/rdkit/0ece02e9254ef2d5eeade2bd40eb13546522dbd3/Code/GraphMol/FilterCatalog/Filters.cpp#L163
primary,brenk,thiol_2,6,9098,https://raw.githubusercontent.com/rdkit/rdkit/0ece02e9254ef2d5eeade2bd40eb13546522dbd3/Code/GraphMol/FilterCatalog/Filters.cpp#L164
primary,brenk,Three-membered_heterocycle,44,9098,https://raw.githubusercontent.com/rdkit/rdkit/0ece02e9254ef2d5eeade2bd40eb13546522dbd3/Code/GraphMol/FilterCatalog/Filters.cpp#L165
primary,brenk,triflate,1,9098,https://raw.githubusercontent.com/rdkit/rdkit/0ece02e9254ef2d5eeade2bd40eb13546522dbd3/Code/GraphMol/FilterCatalog/Filters.cpp#L166
primary,brenk,triphenyl_methyl-silyl,3,9098,https://raw.githubusercontent.com/rdkit/rdkit/0ece02e9254ef2d5eeade2bd40eb13546522dbd3/Code/GraphMol/FilterCatalog/Filters.cpp#L167
primary,brenk,triple_bond,86,9098,https://raw.githubusercontent.com/rdkit/rdkit/0ece02e9254ef2d5eeade2bd40eb13546522dbd3/Code/GraphMol/FilterCatalog/Filters.cpp#L169
primary,reactive,acid_halide,0,9098,https://raw.githubusercontent.com/rdkit/rdkit/0ece02e9254ef2d5eeade2bd40eb13546522dbd3/Code/GraphMol/FilterCatalog/Filters.cpp#L49
primary,reactive,aldehyde,65,9098,https://raw.githubusercontent.com/rdkit/rdkit/0ece02e9254ef2d5eeade2bd40eb13546522dbd3/Code/GraphMol/FilterCatalog/Filters.cpp#L53
primary,reactive,isocyanate,0,9098,https://raw.githubusercontent.com/rdkit/rdkit/0ece02e9254ef2d5eeade2bd40eb13546522dbd3/Code/GraphMol/FilterCatalog/Filters.cpp#L110
primary,reactive,ketene,0,9098,https://raw.githubusercontent.com/rdkit/rdkit/0ece02e9254ef2d5eeade2bd40eb13546522dbd3/Code/GraphMol/FilterCatalog/Filters.cpp#L115
primary,reactive,Michael_acceptor_1,350,9098,https://raw.githubusercontent.com/rdkit/rdkit/0ece02e9254ef2d5eeade2bd40eb13546522dbd3/Code/GraphMol/FilterCatalog/Filters.cpp#L117
primary,reactive,Michael_acceptor_2,0,9098,https://raw.githubusercontent.com/rdkit/rdkit/0ece02e9254ef2d5eeade2bd40eb13546522dbd3/Code/GraphMol/FilterCatalog/Filters.cpp#L118
primary,reactive,Michael_acceptor_3,0,9098,https://raw.githubusercontent.com/rdkit/rdkit/0ece02e9254ef2d5eeade2bd40eb13546522dbd3/Code/GraphMol/FilterCatalog/Filters.cpp#L119
primary,reactive,Michael_acceptor_4,6,9098,https://raw.githubusercontent.com/rdkit/rdkit/0ece02e9254ef2d5eeade2bd40eb13546522dbd3/Code/GraphMol/FilterCatalog/Filters.cpp#L120
primary,reactive,Michael_acceptor_5,0,9098,https://raw.githubusercontent.com/rdkit/rdkit/0ece02e9254ef2d5eeade2bd40eb13546522dbd3/Code/GraphMol/FilterCatalog/Filters.cpp#L121
primary,reactive,Three-membered_heterocycle,44,9098,https://raw.githubusercontent.com/rdkit/rdkit/0ece02e9254ef2d5eeade2bd40eb13546522dbd3/Code/GraphMol/FilterCatalog/Filters.cpp#L165
sensitivity,pains,ene_six_het_A(483),0,9098,https://raw.githubusercontent.com/rdkit/rdkit/0ece02e9254ef2d5eeade2bd40eb13546522dbd3/Code/GraphMol/FilterCatalog/pains_a.in#L2
sensitivity,pains,hzone_phenol_A(479),0,9098,https://raw.githubusercontent.com/rdkit/rdkit/0ece02e9254ef2d5eeade2bd40eb13546522dbd3/Code/GraphMol/FilterCatalog/pains_a.in#L3
sensitivity,pains,anil_di_alk_A(478),74,9098,https://raw.githubusercontent.com/rdkit/rdkit/0ece02e9254ef2d5eeade2bd40eb13546522dbd3/Code/GraphMol/FilterCatalog/pains_a.in#L4
sensitivity,pains,indol_3yl_alk(461),11,9098,https://raw.githubusercontent.com/rdkit/rdkit/0ece02e9254ef2d5eeade2bd40eb13546522dbd3/Code/GraphMol/FilterCatalog/pains_a.in#L5
sensitivity,pains,quinone_A(370),41,9098,https://raw.githubusercontent.com/rdkit/rdkit/0ece02e9254ef2d5eeade2bd40eb13546522dbd3/Code/GraphMol/FilterCatalog/pains_a.in#L6
sensitivity,pains,azo_A(324),3,9098,https://raw.githubusercontent.com/rdkit/rdkit/0ece02e9254ef2d5eeade2bd40eb13546522dbd3/Code/GraphMol/FilterCatalog/pains_a.in#L7
sensitivity,pains,imine_one_A(321),2,9098,https://raw.githubusercontent.com/rdkit/rdkit/0ece02e9254ef2d5eeade2bd40eb13546522dbd3/Code/GraphMol/FilterCatalog/pains_a.in#L8
sensitivity,pains,mannich_A(296),16,9098,https://raw.githubusercontent.com/rdkit/rdkit/0ece02e9254ef2d5eeade2bd40eb13546522dbd3/Code/GraphMol/FilterCatalog/pains_a.in#L9
sensitivity,pains,anil_di_alk_B(251),5,9098,https://raw.githubusercontent.com/rdkit/rdkit/0ece02e9254ef2d5eeade2bd40eb13546522dbd3/Code/GraphMol/FilterCatalog/pains_a.in#L10
sensitivity,pains,anil_di_alk_C(246),18,9098,https://raw.githubusercontent.com/rdkit/rdkit/0ece02e9254ef2d5eeade2bd40eb13546522dbd3/Code/GraphMol/FilterCatalog/pains_a.in#L11
sensitivity,pains,ene_rhod_A(235),5,9098,https://raw.githubusercontent.com/rdkit/rdkit/0ece02e9254ef2d5eeade2bd40eb13546522dbd3/Code/GraphMol/FilterCatalog/pains_a.in#L12
sensitivity,pains,hzone_phenol_B(215),0,9098,https://raw.githubusercontent.com/rdkit/rdkit/0ece02e9254ef2d5eeade2bd40eb13546522dbd3/Code/GraphMol/FilterCatalog/pains_a.in#L13
sensitivity,pains,ene_five_het_A(201),1,9098,https://raw.githubusercontent.com/rdkit/rdkit/0ece02e9254ef2d5eeade2bd40eb13546522dbd3/Code/GraphMol/FilterCatalog/pains_a.in#L14
sensitivity,pains,anil_di_alk_D(198),2,9098,https://raw.githubusercontent.com/rdkit/rdkit/0ece02e9254ef2d5eeade2bd40eb13546522dbd3/Code/GraphMol/FilterCatalog/pains_a.in#L15
sensitivity,pains,imine_one_isatin(189),0,9098,https://raw.githubusercontent.com/rdkit/rdkit/0ece02e9254ef2d5eeade2bd40eb13546522dbd3/Code/GraphMol/FilterCatalog/pains_a.in#L16
sensitivity,pains,anil_di_alk_E(186),3,9098,https://raw.githubusercontent.com/rdkit/rdkit/0ece02e9254ef2d5eeade2bd40eb13546522dbd3/Code/GraphMol/FilterCatalog/pains_a.in#L17
sensitivity,pains,thiaz_ene_A(128),0,9098,https://raw.githubusercontent.com/rdkit/rdkit/0ece02e9254ef2d5eeade2bd40eb13546522dbd3/Code/GraphMol/FilterCatalog/pains_b.in#L2
sensitivity,pains,pyrrole_A(118),3,9098,https://raw.githubusercontent.com/rdkit/rdkit/0ece02e9254ef2d5eeade2bd40eb13546522dbd3/Code/GraphMol/FilterCatalog/pains_b.in#L3
sensitivity,pains,catechol_A(92),56,9098,https://raw.githubusercontent.com/rdkit/rdkit/0ece02e9254ef2d5eeade2bd40eb13546522dbd3/Code/GraphMol/FilterCatalog/pains_b.in#L4
sensitivity,pains,ene_five_het_B(90),0,9098,https://raw.githubusercontent.com/rdkit/rdkit/0ece02e9254ef2d5eeade2bd40eb13546522dbd3/Code/GraphMol/FilterCatalog/pains_b.in#L5
sensitivity,pains,imine_one_fives(89),0,9098,https://raw.githubusercontent.com/rdkit/rdkit/0ece02e9254ef2d5eeade2bd40eb13546522dbd3/Code/GraphMol/FilterCatalog/pains_b.in#L6
sensitivity,pains,ene_five_het_C(85),0,9098,https://raw.githubusercontent.com/rdkit/rdkit/0ece02e9254ef2d5eeade2bd40eb13546522dbd3/Code/GraphMol/FilterCatalog/pains_b.in#L7
sensitivity,pains,hzone_pipzn(79),0,9098,https://raw.githubusercontent.com/rdkit/rdkit/0ece02e9254ef2d5eeade2bd40eb13546522dbd3/Code/GraphMol/FilterCatalog/pains_b.in#L8
sensitivity,pains,keto_keto_beta_A(68),0,9098,https://raw.githubusercontent.com/rdkit/rdkit/0ece02e9254ef2d5eeade2bd40eb13546522dbd3/Code/GraphMol/FilterCatalog/pains_b.in#L9
sensitivity,pains,hzone_pyrrol(64),0,9098,https://raw.githubusercontent.com/rdkit/rdkit/0ece02e9254ef2d5eeade2bd40eb13546522dbd3/Code/GraphMol/FilterCatalog/pains_b.in#L10
sensitivity,pains,ene_one_ene_A(57),4,9098,https://raw.githubusercontent.com/rdkit/rdkit/0ece02e9254ef2d5eeade2bd40eb13546522dbd3/Code/GraphMol/FilterCatalog/pains_b.in#L11
sensitivity,pains,cyano_ene_amine_A(56),0,9098,https://raw.githubusercontent.com/rdkit/rdkit/0ece02e9254ef2d5eeade2bd40eb13546522dbd3/Code/GraphMol/FilterCatalog/pains_b.in#L12
sensitivity,pains,ene_five_one_A(55),0,9098,https://raw.githubusercontent.com/rdkit/rdkit/0ece02e9254ef2d5eeade2bd40eb13546522dbd3/Code/GraphMol/FilterCatalog/pains_b.in#L13
sensitivity,pains,cyano_pyridone_A(54),3,9098,https://raw.githubusercontent.com/rdkit/rdkit/0ece02e9254ef2d5eeade2bd40eb13546522dbd3/Code/GraphMol/FilterCatalog/pains_b.in#L14
sensitivity,pains,anil_alk_ene(51),22,9098,https://raw.githubusercontent.com/rdkit/rdkit/0ece02e9254ef2d5eeade2bd40eb13546522dbd3/Code/GraphMol/FilterCatalog/pains_b.in#L15
sensitivity,pains,amino_acridine_A(46),289,9098,https://raw.githubusercontent.com/rdkit/rdkit/0ece02e9254ef2d5eeade2bd40eb13546522dbd3/Code/GraphMol/FilterCatalog/pains_b.in#L16
sensitivity,pains,ene_five_het_D(46),0,9098,https://raw.githubusercontent.com/rdkit/rdkit/0ece02e9254ef2d5eeade2bd40eb13546522dbd3/Code/GraphMol/FilterCatalog/pains_b.in#L17
sensitivity,pains,thiophene_amino_Aa(45),0,9098,https://raw.githubusercontent.com/rdkit/rdkit/0ece02e9254ef2d5eeade2bd40eb13546522dbd3/Code/GraphMol/FilterCatalog/pains_b.in#L18
sensitivity,pains,ene_five_het_E(44),0,9098,https://raw.githubusercontent.com/rdkit/rdkit/0ece02e9254ef2d5eeade2bd40eb13546522dbd3/Code/GraphMol/FilterCatalog/pains_b.in#L19
sensitivity,pains,sulfonamide_A(43),0,9098,https://raw.githubusercontent.com/rdkit/rdkit/0ece02e9254ef2d5eeade2bd40eb13546522dbd3/Code/GraphMol/FilterCatalog/pains_b.in#L20
sensitivity,pains,thio_ketone(43),0,9098,https://raw.githubusercontent.com/rdkit/rdkit/0ece02e9254ef2d5eeade2bd40eb13546522dbd3/Code/GraphMol/FilterCatalog/pains_b.in#L21
sensitivity,pains,sulfonamide_B(41),2,9098,https://raw.githubusercontent.com/rdkit/rdkit/0ece02e9254ef2d5eeade2bd40eb13546522dbd3/Code/GraphMol/FilterCatalog/pains_b.in#L22
sensitivity,pains,anil_no_alk(40),11,9098,https://raw.githubusercontent.com/rdkit/rdkit/0ece02e9254ef2d5eeade2bd40eb13546522dbd3/Code/GraphMol/FilterCatalog/pains_b.in#L23
sensitivity,pains,thiophene_amino_Ab(40),0,9098,https://raw.githubusercontent.com/rdkit/rdkit/0ece02e9254ef2d5eeade2bd40eb13546522dbd3/Code/GraphMol/FilterCatalog/pains_b.in#L24
sensitivity,pains,het_pyridiniums_A(39),22,9098,https://raw.githubusercontent.com/rdkit/rdkit/0ece02e9254ef2d5eeade2bd40eb13546522dbd3/Code/GraphMol/FilterCatalog/pains_b.in#L25
sensitivity,pains,anthranil_one_A(38),1,9098,https://raw.githubusercontent.com/rdkit/rdkit/0ece02e9254ef2d5eeade2bd40eb13546522dbd3/Code/GraphMol/FilterCatalog/pains_b.in#L26
sensitivity,pains,cyano_imine_A(37),0,9098,https://raw.githubusercontent.com/rdkit/rdkit/0ece02e9254ef2d5eeade2bd40eb13546522dbd3/Code/GraphMol/FilterCatalog/pains_b.in#L27
sensitivity,pains,diazox_sulfon_A(36),0,9098,https://raw.githubusercontent.com/rdkit/rdkit/0ece02e9254ef2d5eeade2bd40eb13546522dbd3/Code/GraphMol/FilterCatalog/pains_b.in#L28
sensitivity,pains,hzone_anil_di_alk(35),0,9098,https://raw.githubusercontent.com/rdkit/rdkit/0ece02e9254ef2d5eeade2bd40eb13546522dbd3/Code/GraphMol/FilterCatalog/pains_b.in#L29
sensitivity,pains,rhod_sat_A(33),0,9098,https://raw.githubusercontent.com/rdkit/rdkit/0ece02e9254ef2d5eeade2bd40eb13546522dbd3/Code/GraphMol/FilterCatalog/pains_b.in#L30
sensitivity,pains,hzone_enamin(30),0,9098,https://raw.githubusercontent.com/rdkit/rdkit/0ece02e9254ef2d5eeade2bd40eb13546522dbd3/Code/GraphMol/FilterCatalog/pains_b.in#L31
sensitivity,pains,pyrrole_B(29),3,9098,https://raw.githubusercontent.com/rdkit/rdkit/0ece02e9254ef2d5eeade2bd40eb13546522dbd3/Code/GraphMol/FilterCatalog/pains_b.in#L32
sensitivity,pains,thiophene_hydroxy(28),1,9098,https://raw.githubusercontent.com/rdkit/rdkit/0ece02e9254ef2d5eeade2bd40eb13546522dbd3/Code/GraphMol/FilterCatalog/pains_b.in#L33
sensitivity,pains,cyano_pyridone_B(27),13,9098,https://raw.githubusercontent.com/rdkit/rdkit/0ece02e9254ef2d5eeade2bd40eb13546522dbd3/Code/GraphMol/FilterCatalog/pains_b.in#L34
sensitivity,pains,imine_one_sixes(27),0,9098,https://raw.githubusercontent.com/rdkit/rdkit/0ece02e9254ef2d5eeade2bd40eb13546522dbd3/Code/GraphMol/FilterCatalog/pains_b.in#L35
sensitivity,pains,dyes5A(27),1,9098,https://raw.githubusercontent.com/rdkit/rdkit/0ece02e9254ef2d5eeade2bd40eb13546522dbd3/Code/GraphMol/FilterCatalog/pains_b.in#L36
sensitivity,pains,naphth_amino_A(25),0,9098,https://raw.githubusercontent.com/rdkit/rdkit/0ece02e9254ef2d5eeade2bd40eb13546522dbd3/Code/GraphMol/FilterCatalog/pains_b.in#L37
sensitivity,pains,naphth_amino_B(25),0,9098,https://raw.githubusercontent.com/rdkit/rdkit/0ece02e9254ef2d5eeade2bd40eb13546522dbd3/Code/GraphMol/FilterCatalog/pains_b.in#L38
sensitivity,pains,ene_one_ester(24),0,9098,https://raw.githubusercontent.com/rdkit/rdkit/0ece02e9254ef2d5eeade2bd40eb13546522dbd3/Code/GraphMol/FilterCatalog/pains_b.in#L39
sensitivity,pains,thio_dibenzo(23),0,9098,https://raw.githubusercontent.com/rdkit/rdkit/0ece02e9254ef2d5eeade2bd40eb13546522dbd3/Code/GraphMol/FilterCatalog/pains_b.in#L40
sensitivity,pains,cyano_cyano_A(23),0,9098,https://raw.githubusercontent.com/rdkit/rdkit/0ece02e9254ef2d5eeade2bd40eb13546522dbd3/Code/GraphMol/FilterCatalog/pains_b.in#L41
sensitivity,pains,hzone_acyl_naphthol(22),0,9098,https://raw.githubusercontent.com/rdkit/rdkit/0ece02e9254ef2d5eeade2bd40eb13546522dbd3/Code/GraphMol/FilterCatalog/pains_b.in#L42
sensitivity,pains,het_65_A(21),0,9098,https://raw.githubusercontent.com/rdkit/rdkit/0ece02e9254ef2d5eeade2bd40eb13546522dbd3/Code/GraphMol/FilterCatalog/pains_b.in#L43
sensitivity,pains,imidazole_A(19),17,9098,https://raw.githubusercontent.com/rdkit/rdkit/0ece02e9254ef2d5eeade2bd40eb13546522dbd3/Code/GraphMol/FilterCatalog/pains_b.in#L44
sensitivity,pains,ene_cyano_A(19),1,9098,https://raw.githubusercontent.com/rdkit/rdkit/0ece02e9254ef2d5eeade2bd40eb13546522dbd3/Code/GraphMol/FilterCatalog/pains_b.in#L45
sensitivity,pains,anthranil_acid_A(19),0,9098,https://raw.githubusercontent.com/rdkit/rdkit/0ece02e9254ef2d5eeade2bd40eb13546522dbd3/Code/GraphMol/FilterCatalog/pains_b.in#L46
sensitivity,pains,dyes3A(19),0,9098,https://raw.githubusercontent.com/rdkit/rdkit/0ece02e9254ef2d5eeade2bd40eb13546522dbd3/Code/GraphMol/FilterCatalog/pains_b.in#L47
sensitivity,pains,dhp_bis_amino_CN(19),0,9098,https://raw.githubusercontent.com/rdkit/rdkit/0ece02e9254ef2d5eeade2bd40eb13546522dbd3/Code/GraphMol/FilterCatalog/pains_b.in#L48
sensitivity,pains,het_6_tetrazine(18),0,9098,https://raw.githubusercontent.com/rdkit/rdkit/0ece02e9254ef2d5eeade2bd40eb13546522dbd3/Code/GraphMol/FilterCatalog/pains_b.in#L49
sensitivity,pains,ene_one_hal(17),1,9098,https://raw.githubusercontent.com/rdkit/rdkit/0ece02e9254ef2d5eeade2bd40eb13546522dbd3/Code/GraphMol/FilterCatalog/pains_b.in#L50
sensitivity,pains,cyano_imine_B(17),0,9098,https://raw.githubusercontent.com/rdkit/rdkit/0ece02e9254ef2d5eeade2bd40eb13546522dbd3/Code/GraphMol/FilterCatalog/pains_b.in#L51
sensitivity,pains,thiaz_ene_B(17),0,9098,https://raw.githubusercontent.com/rdkit/rdkit/0ece02e9254ef2d5eeade2bd40eb13546522dbd3/Code/GraphMol/FilterCatalog/pains_b.in#L52
sensitivity,pains,ene_rhod_B(16),0,9098,https://raw.githubusercontent.com/rdkit/rdkit/0ece02e9254ef2d5eeade2bd40eb13546522dbd3/Code/GraphMol/FilterCatalog/pains_b.in#L53
sensitivity,pains,thio_carbonate_A(15),0,9098,https://raw.githubusercontent.com/rdkit/rdkit/0ece02e9254ef2d5eeade2bd40eb13546522dbd3/Code/GraphMol/FilterCatalog/pains_b.in#L54
sensitivity,pains,anil_di_alk_furan_A(15),0,9098,https://raw.githubusercontent.com/rdkit/rdkit/0ece02e9254ef2d5eeade2bd40eb13546522dbd3/Code/GraphMol/FilterCatalog/pains_b.in#L55
sensitivity,pains,ene_five_het_F(15),0,9098,https://raw.githubusercontent.com/rdkit/rdkit/0ece02e9254ef2d5eeade2bd40eb13546522dbd3/Code/GraphMol/FilterCatalog/pains_b.in#L56
sensitivity,pains,anil_di_alk_F(14),0,9098,https://raw.githubusercontent.com/rdkit/rdkit/0ece02e9254ef2d5eeade2bd40eb13546522dbd3/Code/GraphMol/FilterCatalog/pains_c.in#L2
sensitivity,pains,hzone_anil(14),0,9098,https://raw.githubusercontent.com/rdkit/rdkit/0ece02e9254ef2d5eeade2bd40eb13546522dbd3/Code/GraphMol/FilterCatalog/pains_c.in#L3
sensitivity,pains,het_5_pyrazole_OH(14),0,9098,https://raw.githubusercontent.com/rdkit/rdkit/0ece02e9254ef2d5eeade2bd40eb13546522dbd3/Code/GraphMol/FilterCatalog/pains_c.in#L4
sensitivity,pains,het_thio_666_A(13),0,9098,https://raw.githubusercontent.com/rdkit/rdkit/0ece02e9254ef2d5eeade2bd40eb13546522dbd3/Code/GraphMol/FilterCatalog/pains_c.in#L5
sensitivity,pains,styrene_A(13),0,9098,https://raw.githubusercontent.com/rdkit/rdkit/0ece02e9254ef2d5eeade2bd40eb13546522dbd3/Code/GraphMol/FilterCatalog/pains_c.in#L6
sensitivity,pains,ene_rhod_C(13),0,9098,https://raw.githubusercontent.com/rdkit/rdkit/0ece02e9254ef2d5eeade2bd40eb13546522dbd3/Code/GraphMol/FilterCatalog/pains_c.in#L7
sensitivity,pains,dhp_amino_CN_A(13),0,9098,https://raw.githubusercontent.com/rdkit/rdkit/0ece02e9254ef2d5eeade2bd40eb13546522dbd3/Code/GraphMol/FilterCatalog/pains_c.in#L8
sensitivity,pains,cyano_imine_C(12),0,9098,https://raw.githubusercontent.com/rdkit/rdkit/0ece02e9254ef2d5eeade2bd40eb13546522dbd3/Code/GraphMol/FilterCatalog/pains_c.in#L9
sensitivity,pains,thio_urea_A(12),0,9098,https://raw.githubusercontent.com/rdkit/rdkit/0ece02e9254ef2d5eeade2bd40eb13546522dbd3/Code/GraphMol/FilterCatalog/pains_c.in#L10
sensitivity,pains,thiophene_amino_B(12),0,9098,https://raw.githubusercontent.com/rdkit/rdkit/0ece02e9254ef2d5eeade2bd40eb13546522dbd3/Code/GraphMol/FilterCatalog/pains_c.in#L11
sensitivity,pains,keto_keto_beta_B(12),0,9098,https://raw.githubusercontent.com/rdkit/rdkit/0ece02e9254ef2d5eeade2bd40eb13546522dbd3/Code/GraphMol/FilterCatalog/pains_c.in#L12
sensitivity,pains,keto_phenone_A(11),1,9098,https://raw.githubusercontent.com/rdkit/rdkit/0ece02e9254ef2d5eeade2bd40eb13546522dbd3/Code/GraphMol/FilterCatalog/pains_c.in#L13
sensitivity,pains,cyano_pyridone_C(11),0,9098,https://raw.githubusercontent.com/rdkit/rdkit/0ece02e9254ef2d5eeade2bd40eb13546522dbd3/Code/GraphMol/FilterCatalog/pains_c.in#L14
sensitivity,pains,thiaz_ene_C(11),0,9098,https://raw.githubusercontent.com/rdkit/rdkit/0ece02e9254ef2d5eeade2bd40eb13546522dbd3/Code/GraphMol/FilterCatalog/pains_c.in#L15
sensitivity,pains,hzone_thiophene_A(11),0,9098,https://raw.githubusercontent.com/rdkit/rdkit/0ece02e9254ef2d5eeade2bd40eb13546522dbd3/Code/GraphMol/FilterCatalog/pains_c.in#L16
sensitivity,pains,ene_quin_methide(10),0,9098,https://raw.githubusercontent.com/rdkit/rdkit/0ece02e9254ef2d5eeade2bd40eb13546522dbd3/Code/GraphMol/FilterCatalog/pains_c.in#L17
sensitivity,pains,het_thio_676_A(10),0,9098,https://raw.githubusercontent.com/rdkit/rdkit/0ece02e9254ef2d5eeade2bd40eb13546522dbd3/Code/GraphMol/FilterCatalog/pains_c.in#L18
sensitivity,pains,ene_five_het_G(10),0,9098,https://raw.githubusercontent.com/rdkit/rdkit/0ece02e9254ef2d5eeade2bd40eb13546522dbd3/Code/GraphMol/FilterCatalog/pains_c.in#L19
sensitivity,pains,acyl_het_A(9),0,9098,https://raw.githubusercontent.com/rdkit/rdkit/0ece02e9254ef2d5eeade2bd40eb13546522dbd3/Code/GraphMol/FilterCatalog/pains_c.in#L20
sensitivity,pains,anil_di_alk_G(9),11,9098,https://raw.githubusercontent.com/rdkit/rdkit/0ece02e9254ef2d5eeade2bd40eb13546522dbd3/Code/GraphMol/FilterCatalog/pains_c.in#L21
sensitivity,pains,dhp_keto_A(9),0,9098,https://raw.githubusercontent.com/rdkit/rdkit/0ece02e9254ef2d5eeade2bd40eb13546522dbd3/Code/GraphMol/FilterCatalog/pains_c.in#L22
sensitivity,pains,thio_urea_B(9),0,9098,https://raw.githubusercontent.com/rdkit/rdkit/0ece02e9254ef2d5eeade2bd40eb13546522dbd3/Code/GraphMol/FilterCatalog/pains_c.in#L23
sensitivity,pains,anil_alk_bim(9),1,9098,https://raw.githubusercontent.com/rdkit/rdkit/0ece02e9254ef2d5eeade2bd40eb13546522dbd3/Code/GraphMol/FilterCatalog/pains_c.in#L24
sensitivity,pains,imine_imine_A(9),0,9098,https://raw.githubusercontent.com/rdkit/rdkit/0ece02e9254ef2d5eeade2bd40eb13546522dbd3/Code/GraphMol/FilterCatalog/pains_c.in#L25
sensitivity,pains,thio_urea_C(9),0,9098,https://raw.githubusercontent.com/rdkit/rdkit/0ece02e9254ef2d5eeade2bd40eb13546522dbd3/Code/GraphMol/FilterCatalog/pains_c.in#L26
sensitivity,pains,imine_one_fives_B(9),0,9098,https://raw.githubusercontent.com/rdkit/rdkit/0ece02e9254ef2d5eeade2bd40eb13546522dbd3/Code/GraphMol/FilterCatalog/pains_c.in#L27
sensitivity,pains,dhp_amino_CN_B(9),0,9098,https://raw.githubusercontent.com/rdkit/rdkit/0ece02e9254ef2d5eeade2bd40eb13546522dbd3/Code/GraphMol/FilterCatalog/pains_c.in#L28
sensitivity,pains,anil_OC_no_alk_A(8),0,9098,https://raw.githubusercontent.com/rdkit/rdkit/0ece02e9254ef2d5eeade2bd40eb13546522dbd3/Code/GraphMol/FilterCatalog/pains_c.in#L29
sensitivity,pains,het_thio_66_one(8),0,9098,https://raw.githubusercontent.com/rdkit/rdkit/0ece02e9254ef2d5eeade2bd40eb13546522dbd3/Code/GraphMol/FilterCatalog/pains_c.in#L30
sensitivity,pains,styrene_B(8),1,9098,https://raw.githubusercontent.com/rdkit/rdkit/0ece02e9254ef2d5eeade2bd40eb13546522dbd3/Code/GraphMol/FilterCatalog/pains_c.in#L31
sensitivity,pains,het_thio_5_A(8),0,9098,https://raw.githubusercontent.com/rdkit/rdkit/0ece02e9254ef2d5eeade2bd40eb13546522dbd3/Code/GraphMol/FilterCatalog/pains_c.in#L32
sensitivity,pains,anil_di_alk_ene_A(8),0,9098,https://raw.githubusercontent.com/rdkit/rdkit/0ece02e9254ef2d5eeade2bd40eb13546522dbd3/Code/GraphMol/FilterCatalog/pains_c.in#L33
sensitivity,pains,ene_rhod_D(8),0,9098,https://raw.githubusercontent.com/rdkit/rdkit/0ece02e9254ef2d5eeade2bd40eb13546522dbd3/Code/GraphMol/FilterCatalog/pains_c.in#L34
sensitivity,pains,ene_rhod_E(8),0,9098,https://raw.githubusercontent.com/rdkit/rdkit/0ece02e9254ef2d5eeade2bd40eb13546522dbd3/Code/GraphMol/FilterCatalog/pains_c.in#L35
sensitivity,pains,anil_OH_alk_A(8),1,9098,https://raw.githubusercontent.com/rdkit/rdkit/0ece02e9254ef2d5eeade2bd40eb13546522dbd3/Code/GraphMol/FilterCatalog/pains_c.in#L36
sensitivity,pains,pyrrole_C(8),8,9098,https://raw.githubusercontent.com/rdkit/rdkit/0ece02e9254ef2d5eeade2bd40eb13546522dbd3/Code/GraphMol/FilterCatalog/pains_c.in#L37
sensitivity,pains,thio_urea_D(8),0,9098,https://raw.githubusercontent.com/rdkit/rdkit/0ece02e9254ef2d5eeade2bd40eb13546522dbd3/Code/GraphMol/FilterCatalog/pains_c.in#L38
sensitivity,pains,thiaz_ene_D(8),0,9098,https://raw.githubusercontent.com/rdkit/rdkit/0ece02e9254ef2d5eeade2bd40eb13546522dbd3/Code/GraphMol/FilterCatalog/pains_c.in#L39
sensitivity,pains,ene_rhod_F(8),0,9098,https://raw.githubusercontent.com/rdkit/rdkit/0ece02e9254ef2d5eeade2bd40eb13546522dbd3/Code/GraphMol/FilterCatalog/pains_c.in#L40
sensitivity,pains,thiaz_ene_E(8),0,9098,https://raw.githubusercontent.com/rdkit/rdkit/0ece02e9254ef2d5eeade2bd40eb13546522dbd3/Code/GraphMol/FilterCatalog/pains_c.in#L41
sensitivity,pains,het_65_B(7),0,9098,https://raw.githubusercontent.com/rdkit/rdkit/0ece02e9254ef2d5eeade2bd40eb13546522dbd3/Code/GraphMol/FilterCatalog/pains_c.in#L42
sensitivity,pains,keto_keto_beta_C(7),0,9098,https://raw.githubusercontent.com/rdkit/rdkit/0ece02e9254ef2d5eeade2bd40eb13546522dbd3/Code/GraphMol/FilterCatalog/pains_c.in#L43
sensitivity,pains,het_66_A(7),0,9098,https://raw.githubusercontent.com/rdkit/rdkit/0ece02e9254ef2d5eeade2bd40eb13546522dbd3/Code/GraphMol/FilterCatalog/pains_c.in#L44
sensitivity,pains,thio_urea_E(7),0,9098,https://raw.githubusercontent.com/rdkit/rdkit/0ece02e9254ef2d5eeade2bd40eb13546522dbd3/Code/GraphMol/FilterCatalog/pains_c.in#L45
sensitivity,pains,thiophene_amino_C(7),0,9098,https://raw.githubusercontent.com/rdkit/rdkit/0ece02e9254ef2d5eeade2bd40eb13546522dbd3/Code/GraphMol/FilterCatalog/pains_c.in#L46
sensitivity,pains,hzone_phenone(7),0,9098,https://raw.githubusercontent.com/rdkit/rdkit/0ece02e9254ef2d5eeade2bd40eb13546522dbd3/Code/GraphMol/FilterCatalog/pains_c.in#L47
sensitivity,pains,ene_rhod_G(7),0,9098,https://raw.githubusercontent.com/rdkit/rdkit/0ece02e9254ef2d5eeade2bd40eb13546522dbd3/Code/GraphMol/FilterCatalog/pains_c.in#L48
sensitivity,pains,ene_cyano_B(7),0,9098,https://raw.githubusercontent.com/rdkit/rdkit/0ece02e9254ef2d5eeade2bd40eb13546522dbd3/Code/GraphMol/FilterCatalog/pains_c.in#L49
sensitivity,pains,dhp_amino_CN_C(7),0,9098,https://raw.githubusercontent.com/rdkit/rdkit/0ece02e9254ef2d5eeade2bd40eb13546522dbd3/Code/GraphMol/FilterCatalog/pains_c.in#L50
sensitivity,pains,het_5_A(7),0,9098,https://raw.githubusercontent.com/rdkit/rdkit/0ece02e9254ef2d5eeade2bd40eb13546522dbd3/Code/GraphMol/FilterCatalog/pains_c.in#L51
sensitivity,pains,ene_five_het_H(6),0,9098,https://raw.githubusercontent.com/rdkit/rdkit/0ece02e9254ef2d5eeade2bd40eb13546522dbd3/Code/GraphMol/FilterCatalog/pains_c.in#L52
sensitivity,pains,thio_amide_A(6),0,9098,https://raw.githubusercontent.com/rdkit/rdkit/0ece02e9254ef2d5eeade2bd40eb13546522dbd3/Code/GraphMol/FilterCatalog/pains_c.in#L53
sensitivity,pains,ene_cyano_C(6),0,9098,https://raw.githubusercontent.com/rdkit/rdkit/0ece02e9254ef2d5eeade2bd40eb13546522dbd3/Code/GraphMol/FilterCatalog/pains_c.in#L54
sensitivity,pains,hzone_furan_A(6),0,9098,https://raw.githubusercontent.com/rdkit/rdkit/0ece02e9254ef2d5eeade2bd40eb13546522dbd3/Code/GraphMol/FilterCatalog/pains_c.in#L55
sensitivity,pains,anil_di_alk_H(6),0,9098,https://raw.githubusercontent.com/rdkit/rdkit/0ece02e9254ef2d5eeade2bd40eb13546522dbd3/Code/GraphMol/FilterCatalog/pains_c.in#L56
sensitivity,pains,het_65_C(6),0,9098,https://raw.githubusercontent.com/rdkit/rdkit/0ece02e9254ef2d5eeade2bd40eb13546522dbd3/Code/GraphMol/FilterCatalog/pains_c.in#L57
sensitivity,pains,thio_urea_F(6),0,9098,https://raw.githubusercontent.com/rdkit/rdkit/0ece02e9254ef2d5eeade2bd40eb13546522dbd3/Code/GraphMol/FilterCatalog/pains_c.in#L58
sensitivity,pains,ene_five_het_I(6),0,9098,https://raw.githubusercontent.com/rdkit/rdkit/0ece02e9254ef2d5eeade2bd40eb13546522dbd3/Code/GraphMol/FilterCatalog/pains_c.in#L59
sensitivity,pains,keto_keto_gamma(5),1,9098,https://raw.githubusercontent.com/rdkit/rdkit/0ece02e9254ef2d5eeade2bd40eb13546522dbd3/Code/GraphMol/FilterCatalog/pains_c.in#L60
sensitivity,pains,quinone_B(5),0,9098,https://raw.githubusercontent.com/rdkit/rdkit/0ece02e9254ef2d5eeade2bd40eb13546522dbd3/Code/GraphMol/FilterCatalog/pains_c.in#L61
sensitivity,pains,het_6_pyridone_OH(5),0,9098,https://raw.githubusercontent.com/rdkit/rdkit/0ece02e9254ef2d5eeade2bd40eb13546522dbd3/Code/GraphMol/FilterCatalog/pains_c.in#L62
sensitivity,pains,hzone_naphth_A(5),0,9098,https://raw.githubusercontent.com/rdkit/rdkit/0ece02e9254ef2d5eeade2bd40eb13546522dbd3/Code/GraphMol/FilterCatalog/pains_c.in#L63
sensitivity,pains,thio_ester_A(5),0,9098,https://raw.githubusercontent.com/rdkit/rdkit/0ece02e9254ef2d5eeade2bd40eb13546522dbd3/Code/GraphMol/FilterCatalog/pains_c.in#L64
sensitivity,pains,ene_misc_A(5),0,9098,https://raw.githubusercontent.com/rdkit/rdkit/0ece02e9254ef2d5eeade2bd40eb13546522dbd3/Code/GraphMol/FilterCatalog/pains_c.in#L65
sensitivity,pains,cyano_pyridone_D(5),0,9098,https://raw.githubusercontent.com/rdkit/rdkit/0ece02e9254ef2d5eeade2bd40eb13546522dbd3/Code/GraphMol/FilterCatalog/pains_c.in#L66
sensitivity,pains,het_65_Db(5),0,9098,https://raw.githubusercontent.com/rdkit/rdkit/0ece02e9254ef2d5eeade2bd40eb13546522dbd3/Code/GraphMol/FilterCatalog/pains_c.in#L67
sensitivity,pains,het_666_A(5),0,9098,https://raw.githubusercontent.com/rdkit/rdkit/0ece02e9254ef2d5eeade2bd40eb13546522dbd3/Code/GraphMol/FilterCatalog/pains_c.in#L68
sensitivity,pains,diazox_sulfon_B(5),0,9098,https://raw.githubusercontent.com/rdkit/rdkit/0ece02e9254ef2d5eeade2bd40eb13546522dbd3/Code/GraphMol/FilterCatalog/pains_c.in#L69
sensitivity,pains,anil_NH_alk_A(5),0,9098,https://raw.githubusercontent.com/rdkit/rdkit/0ece02e9254ef2d5eeade2bd40eb13546522dbd3/Code/GraphMol/FilterCatalog/pains_c.in#L70
sensitivity,pains,sulfonamide_C(5),0,9098,https://raw.githubusercontent.com/rdkit/rdkit/0ece02e9254ef2d5eeade2bd40eb13546522dbd3/Code/GraphMol/FilterCatalog/pains_c.in#L71
sensitivity,pains,het_thio_N_55(5),0,9098,https://raw.githubusercontent.com/rdkit/rdkit/0ece02e9254ef2d5eeade2bd40eb13546522dbd3/Code/GraphMol/FilterCatalog/pains_c.in#L72
sensitivity,pains,keto_keto_beta_D(5),0,9098,https://raw.githubusercontent.com/rdkit/rdkit/0ece02e9254ef2d5eeade2bd40eb13546522dbd3/Code/GraphMol/FilterCatalog/pains_c.in#L73
sensitivity,pains,ene_rhod_H(5),0,9098,https://raw.githubusercontent.com/rdkit/rdkit/0ece02e9254ef2d5eeade2bd40eb13546522dbd3/Code/GraphMol/FilterCatalog/pains_c.in#L74
sensitivity,pains,imine_ene_A(5),0,9098,https://raw.githubusercontent.com/rdkit/rdkit/0ece02e9254ef2d5eeade2bd40eb13546522dbd3/Code/GraphMol/FilterCatalog/pains_c.in#L75
sensitivity,pains,het_thio_656a(5),0,9098,https://raw.githubusercontent.com/rdkit/rdkit/0ece02e9254ef2d5eeade2bd40eb13546522dbd3/Code/GraphMol/FilterCatalog/pains_c.in#L76
sensitivity,pains,pyrrole_D(5),0,9098,https://raw.githubusercontent.com/rdkit/rdkit/0ece02e9254ef2d5eeade2bd40eb13546522dbd3/Code/GraphMol/FilterCatalog/pains_c.in#L77
sensitivity,pains,pyrrole_E(5),0,9098,https://raw.githubusercontent.com/rdkit/rdkit/0ece02e9254ef2d5eeade2bd40eb13546522dbd3/Code/GraphMol/FilterCatalog/pains_c.in#L78
sensitivity,pains,thio_urea_G(5),0,9098,https://raw.githubusercontent.com/rdkit/rdkit/0ece02e9254ef2d5eeade2bd40eb13546522dbd3/Code/GraphMol/FilterCatalog/pains_c.in#L79
sensitivity,pains,anisol_A(5),0,9098,https://raw.githubusercontent.com/rdkit/rdkit/0ece02e9254ef2d5eeade2bd40eb13546522dbd3/Code/GraphMol/FilterCatalog/pains_c.in#L80
sensitivity,pains,pyrrole_F(5),0,9098,https://raw.githubusercontent.com/rdkit/rdkit/0ece02e9254ef2d5eeade2bd40eb13546522dbd3/Code/GraphMol/FilterCatalog/pains_c.in#L81
sensitivity,pains,dhp_amino_CN_D(5),0,9098,https://raw.githubusercontent.com/rdkit/rdkit/0ece02e9254ef2d5eeade2bd40eb13546522dbd3/Code/GraphMol/FilterCatalog/pains_c.in#L82
sensitivity,pains,thiazole_amine_A(4),0,9098,https://raw.githubusercontent.com/rdkit/rdkit/0ece02e9254ef2d5eeade2bd40eb13546522dbd3/Code/GraphMol/FilterCatalog/pains_c.in#L83
sensitivity,pains,het_6_imidate_A(4),0,9098,https://raw.githubusercontent.com/rdkit/rdkit/0ece02e9254ef2d5eeade2bd40eb13546522dbd3/Code/GraphMol/FilterCatalog/pains_c.in#L84
sensitivity,pains,anil_OC_no_alk_B(4),1,9098,https://raw.githubusercontent.com/rdkit/rdkit/0ece02e9254ef2d5eeade2bd40eb13546522dbd3/Code/GraphMol/FilterCatalog/pains_c.in#L85
sensitivity,pains,styrene_C(4),0,9098,https://raw.githubusercontent.com/rdkit/rdkit/0ece02e9254ef2d5eeade2bd40eb13546522dbd3/Code/GraphMol/FilterCatalog/pains_c.in#L86
sensitivity,pains,azulene(4),0,9098,https://raw.githubusercontent.com/rdkit/rdkit/0ece02e9254ef2d5eeade2bd40eb13546522dbd3/Code/GraphMol/FilterCatalog/pains_c.in#L87
sensitivity,pains,furan_acid_A(4),0,9098,https://raw.githubusercontent.com/rdkit/rdkit/0ece02e9254ef2d5eeade2bd40eb13546522dbd3/Code/GraphMol/FilterCatalog/pains_c.in#L88
sensitivity,pains,cyano_pyridone_E(4),0,9098,https://raw.githubusercontent.com/rdkit/rdkit/0ece02e9254ef2d5eeade2bd40eb13546522dbd3/Code/GraphMol/FilterCatalog/pains_c.in#L89
sensitivity,pains,anil_alk_thio(4),0,9098,https://raw.githubusercontent.com/rdkit/rdkit/0ece02e9254ef2d5eeade2bd40eb13546522dbd3/Code/GraphMol/FilterCatalog/pains_c.in#L90
sensitivity,pains,anil_di_alk_I(4),0,9098,https://raw.githubusercontent.com/rdkit/rdkit/0ece02e9254ef2d5eeade2bd40eb13546522dbd3/Code/GraphMol/FilterCatalog/pains_c.in#L91
sensitivity,pains,het_thio_6_furan(4),0,9098,https://raw.githubusercontent.com/rdkit/rdkit/0ece02e9254ef2d5eeade2bd40eb13546522dbd3/Code/GraphMol/FilterCatalog/pains_c.in#L92
sensitivity,pains,anil_di_alk_ene_B(4),0,9098,https://raw.githubusercontent.com/rdkit/rdkit/0ece02e9254ef2d5eeade2bd40eb13546522dbd3/Code/GraphMol/FilterCatalog/pains_c.in#L93
sensitivity,pains,imine_one_B(4),0,9098,https://raw.githubusercontent.com/rdkit/rdkit/0ece02e9254ef2d5eeade2bd40eb13546522dbd3/Code/GraphMol/FilterCatalog/pains_c.in#L94
sensitivity,pains,anil_OC_alk_A(4),0,9098,https://raw.githubusercontent.com/rdkit/rdkit/0ece02e9254ef2d5eeade2bd40eb13546522dbd3/Code/GraphMol/FilterCatalog/pains_c.in#L95
sensitivity,pains,ene_five_het_J(4),0,9098,https://raw.githubusercontent.com/rdkit/rdkit/0ece02e9254ef2d5eeade2bd40eb13546522dbd3/Code/GraphMol/FilterCatalog/pains_c.in#L96
sensitivity,pains,pyrrole_G(4),0,9098,https://raw.githubusercontent.com/rdkit/rdkit/0ece02e9254ef2d5eeade2bd40eb13546522dbd3/Code/GraphMol/FilterCatalog/pains_c.in#L97
sensitivity,pains,ene_five_het_K(4),0,9098,https://raw.githubusercontent.com/rdkit/rdkit/0ece02e9254ef2d5eeade2bd40eb13546522dbd3/Code/GraphMol/FilterCatalog/pains_c.in#L98
sensitivity,pains,cyano_ene_amine_B(4),0,9098,https://raw.githubusercontent.com/rdkit/rdkit/0ece02e9254ef2d5eeade2bd40eb13546522dbd3/Code/GraphMol/FilterCatalog/pains_c.in#L99
sensitivity,pains,thio_ester_B(4),0,9098,https://raw.githubusercontent.com/rdkit/rdkit/0ece02e9254ef2d5eeade2bd40eb13546522dbd3/Code/GraphMol/FilterCatalog/pains_c.in#L100
sensitivity,pains,ene_five_het_L(4),14,9098,https://raw.githubusercontent.com/rdkit/rdkit/0ece02e9254ef2d5eeade2bd40eb13546522dbd3/Code/GraphMol/FilterCatalog/pains_c.in#L101
sensitivity,pains,hzone_thiophene_B(4),0,9098,https://raw.githubusercontent.com/rdkit/rdkit/0ece02e9254ef2d5eeade2bd40eb13546522dbd3/Code/GraphMol/FilterCatalog/pains_c.in#L102
sensitivity,pains,dhp_amino_CN_E(4),0,9098,https://raw.githubusercontent.com/rdkit/rdkit/0ece02e9254ef2d5eeade2bd40eb13546522dbd3/Code/GraphMol/FilterCatalog/pains_c.in#L103
sensitivity,pains,het_5_B(4),0,9098,https://raw.githubusercontent.com/rdkit/rdkit/0ece02e9254ef2d5eeade2bd40eb13546522dbd3/Code/GraphMol/FilterCatalog/pains_c.in#L104
sensitivity,pains,imine_imine_B(3),0,9098,https://raw.githubusercontent.com/rdkit/rdkit/0ece02e9254ef2d5eeade2bd40eb13546522dbd3/Code/GraphMol/FilterCatalog/pains_c.in#L105
sensitivity,pains,thiazole_amine_B(3),0,9098,https://raw.githubusercontent.com/rdkit/rdkit/0ece02e9254ef2d5eeade2bd40eb13546522dbd3/Code/GraphMol/FilterCatalog/pains_c.in#L106
sensitivity,pains,imine_ene_one_A(3),0,9098,https://raw.githubusercontent.com/rdkit/rdkit/0ece02e9254ef2d5eeade2bd40eb13546522dbd3/Code/GraphMol/FilterCatalog/pains_c.in#L107
sensitivity,pains,diazox_A(3),0,9098,https://raw.githubusercontent.com/rdkit/rdkit/0ece02e9254ef2d5eeade2bd40eb13546522dbd3/Code/GraphMol/FilterCatalog/pains_c.in#L108
sensitivity,pains,ene_one_A(3),0,9098,https://raw.githubusercontent.com/rdkit/rdkit/0ece02e9254ef2d5eeade2bd40eb13546522dbd3/Code/GraphMol/FilterCatalog/pains_c.in#L109
sensitivity,pains,anil_OC_no_alk_C(3),0,9098,https://raw.githubusercontent.com/rdkit/rdkit/0ece02e9254ef2d5eeade2bd40eb13546522dbd3/Code/GraphMol/FilterCatalog/pains_c.in#L110
sensitivity,pains,thiazol_SC_A(3),2,9098,https://raw.githubusercontent.com/rdkit/rdkit/0ece02e9254ef2d5eeade2bd40eb13546522dbd3/Code/GraphMol/FilterCatalog/pains_c.in#L111
sensitivity,pains,het_666_B(3),0,9098,https://raw.githubusercontent.com/rdkit/rdkit/0ece02e9254ef2d5eeade2bd40eb13546522dbd3/Code/GraphMol/FilterCatalog/pains_c.in#L112
sensitivity,pains,furan_A(3),0,9098,https://raw.githubusercontent.com/rdkit/rdkit/0ece02e9254ef2d5eeade2bd40eb13546522dbd3/Code/GraphMol/FilterCatalog/pains_c.in#L113
sensitivity,pains,colchicine_A(3),0,9098,https://raw.githubusercontent.com/rdkit/rdkit/0ece02e9254ef2d5eeade2bd40eb13546522dbd3/Code/GraphMol/FilterCatalog/pains_c.in#L114
sensitivity,pains,thiophene_C(3),0,9098,https://raw.githubusercontent.com/rdkit/rdkit/0ece02e9254ef2d5eeade2bd40eb13546522dbd3/Code/GraphMol/FilterCatalog/pains_c.in#L115
sensitivity,pains,anil_OC_alk_B(3),0,9098,https://raw.githubusercontent.com/rdkit/rdkit/0ece02e9254ef2d5eeade2bd40eb13546522dbd3/Code/GraphMol/FilterCatalog/pains_c.in#L116
sensitivity,pains,het_thio_66_A(3),0,9098,https://raw.githubusercontent.com/rdkit/rdkit/0ece02e9254ef2d5eeade2bd40eb13546522dbd3/Code/GraphMol/FilterCatalog/pains_c.in#L117
sensitivity,pains,rhod_sat_B(3),0,9098,https://raw.githubusercontent.com/rdkit/rdkit/0ece02e9254ef2d5eeade2bd40eb13546522dbd3/Code/GraphMol/FilterCatalog/pains_c.in#L118
sensitivity,pains,ene_rhod_I(3),0,9098,https://raw.githubusercontent.com/rdkit/rdkit/0ece02e9254ef2d5eeade2bd40eb13546522dbd3/Code/GraphMol/FilterCatalog/pains_c.in#L119
sensitivity,pains,keto_thiophene(3),0,9098,https://raw.githubusercontent.com/rdkit/rdkit/0ece02e9254ef2d5eeade2bd40eb13546522dbd3/Code/GraphMol/FilterCatalog/pains_c.in#L120
sensitivity,pains,imine_imine_C(3),0,9098,https://raw.githubusercontent.com/rdkit/rdkit/0ece02e9254ef2d5eeade2bd40eb13546522dbd3/Code/GraphMol/FilterCatalog/pains_c.in#L121
sensitivity,pains,het_65_pyridone_A(3),0,9098,https://raw.githubusercontent.com/rdkit/rdkit/0ece02e9254ef2d5eeade2bd40eb13546522dbd3/Code/GraphMol/FilterCatalog/pains_c.in#L122
sensitivity,pains,thiazole_amine_C(3),0,9098,https://raw.githubusercontent.com/rdkit/rdkit/0ece02e9254ef2d5eeade2bd40eb13546522dbd3/Code/GraphMol/FilterCatalog/pains_c.in#L123
sensitivity,pains,het_thio_pyr_A(3),0,9098,https://raw.githubusercontent.com/rdkit/rdkit/0ece02e9254ef2d5eeade2bd40eb13546522dbd3/Code/GraphMol/FilterCatalog/pains_c.in#L124
sensitivity,pains,melamine_A(3),0,9098,https://raw.githubusercontent.com/rdkit/rdkit/0ece02e9254ef2d5eeade2bd40eb13546522dbd3/Code/GraphMol/FilterCatalog/pains_c.in#L125
sensitivity,pains,anil_NH_alk_B(3),0,9098,https://raw.githubusercontent.com/rdkit/rdkit/0ece02e9254ef2d5eeade2bd40eb13546522dbd3/Code/GraphMol/FilterCatalog/pains_c.in#L126
sensitivity,pains,rhod_sat_C(3),0,9098,https://raw.githubusercontent.com/rdkit/rdkit/0ece02e9254ef2d5eeade2bd40eb13546522dbd3/Code/GraphMol/FilterCatalog/pains_c.in#L127
sensitivity,pains,thiophene_amino_D(3),0,9098,https://raw.githubusercontent.com/rdkit/rdkit/0ece02e9254ef2d5eeade2bd40eb13546522dbd3/Code/GraphMol/FilterCatalog/pains_c.in#L128
sensitivity,pains,anil_OC_alk_C(3),0,9098,https://raw.githubusercontent.com/rdkit/rdkit/0ece02e9254ef2d5eeade2bd40eb13546522dbd3/Code/GraphMol/FilterCatalog/pains_c.in#L129
sensitivity,pains,het_thio_65_A(3),0,9098,https://raw.githubusercontent.com/rdkit/rdkit/0ece02e9254ef2d5eeade2bd40eb13546522dbd3/Code/GraphMol/FilterCatalog/pains_c.in#L130
sensitivity,pains,het_thio_656b(3),0,9098,https://raw.githubusercontent.com/rdkit/rdkit/0ece02e9254ef2d5eeade2bd40eb13546522dbd3/Code/GraphMol/FilterCatalog/pains_c.in#L131
sensitivity,pains,thiazole_amine_D(3),0,9098,https://raw.githubusercontent.com/rdkit/rdkit/0ece02e9254ef2d5eeade2bd40eb13546522dbd3/Code/GraphMol/FilterCatalog/pains_c.in#L132
sensitivity,pains,thio_urea_H(3),0,9098,https://raw.githubusercontent.com/rdkit/rdkit/0ece02e9254ef2d5eeade2bd40eb13546522dbd3/Code/GraphMol/FilterCatalog/pains_c.in#L133
sensitivity,pains,cyano_pyridone_F(3),0,9098,https://raw.githubusercontent.com/rdkit/rdkit/0ece02e9254ef2d5eeade2bd40eb13546522dbd3/Code/GraphMol/FilterCatalog/pains_c.in#L134
sensitivity,pains,rhod_sat_D(3),0,9098,https://raw.githubusercontent.com/rdkit/rdkit/0ece02e9254ef2d5eeade2bd40eb13546522dbd3/Code/GraphMol/FilterCatalog/pains_c.in#L135
sensitivity,pains,ene_rhod_J(3),0,9098,https://raw.githubusercontent.com/rdkit/rdkit/0ece02e9254ef2d5eeade2bd40eb13546522dbd3/Code/GraphMol/FilterCatalog/pains_c.in#L136
sensitivity,pains,imine_phenol_A(3),0,9098,https://raw.githubusercontent.com/rdkit/rdkit/0ece02e9254ef2d5eeade2bd40eb13546522dbd3/Code/GraphMol/FilterCatalog/pains_c.in#L137
sensitivity,pains,thio_carbonate_B(3),0,9098,https://raw.githubusercontent.com/rdkit/rdkit/0ece02e9254ef2d5eeade2bd40eb13546522dbd3/Code/GraphMol/FilterCatalog/pains_c.in#L138
sensitivity,pains,het_thio_N_5A(3),0,9098,https://raw.githubusercontent.com/rdkit/rdkit/0ece02e9254ef2d5eeade2bd40eb13546522dbd3/Code/GraphMol/FilterCatalog/pains_c.in#L139
sensitivity,pains,het_thio_N_65A(3),0,9098,https://raw.githubusercontent.com/rdkit/rdkit/0ece02e9254ef2d5eeade2bd40eb13546522dbd3/Code/GraphMol/FilterCatalog/pains_c.in#L140
sensitivity,pains,anil_di_alk_J(3),0,9098,https://raw.githubusercontent.com/rdkit/rdkit/0ece02e9254ef2d5eeade2bd40eb13546522dbd3/Code/GraphMol/FilterCatalog/pains_c.in#L141
sensitivity,pains,pyrrole_H(3),0,9098,https://raw.githubusercontent.com/rdkit/rdkit/0ece02e9254ef2d5eeade2bd40eb13546522dbd3/Code/GraphMol/FilterCatalog/pains_c.in#L142
sensitivity,pains,ene_cyano_D(3),0,9098,https://raw.githubusercontent.com/rdkit/rdkit/0ece02e9254ef2d5eeade2bd40eb13546522dbd3/Code/GraphMol/FilterCatalog/pains_c.in#L143
sensitivity,pains,cyano_cyano_B(3),0,9098,https://raw.githubusercontent.com/rdkit/rdkit/0ece02e9254ef2d5eeade2bd40eb13546522dbd3/Code/GraphMol/FilterCatalog/pains_c.in#L144
sensitivity,pains,ene_five_het_M(3),0,9098,https://raw.githubusercontent.com/rdkit/rdkit/0ece02e9254ef2d5eeade2bd40eb13546522dbd3/Code/GraphMol/FilterCatalog/pains_c.in#L145
sensitivity,pains,cyano_ene_amine_C(3),0,9098,https://raw.githubusercontent.com/rdkit/rdkit/0ece02e9254ef2d5eeade2bd40eb13546522dbd3/Code/GraphMol/FilterCatalog/pains_c.in#L146
sensitivity,pains,thio_urea_I(3),0,9098,https://raw.githubusercontent.com/rdkit/rdkit/0ece02e9254ef2d5eeade2bd40eb13546522dbd3/Code/GraphMol/FilterCatalog/pains_c.in#L147
sensitivity,pains,dhp_amino_CN_F(3),0,9098,https://raw.githubusercontent.com/rdkit/rdkit/0ece02e9254ef2d5eeade2bd40eb13546522dbd3/Code/GraphMol/FilterCatalog/pains_c.in#L148
sensitivity,pains,anthranil_acid_B(3),5,9098,https://raw.githubusercontent.com/rdkit/rdkit/0ece02e9254ef2d5eeade2bd40eb13546522dbd3/Code/GraphMol/FilterCatalog/pains_c.in#L149
sensitivity,pains,diazox_B(3),0,9098,https://raw.githubusercontent.com/rdkit/rdkit/0ece02e9254ef2d5eeade2bd40eb13546522dbd3/Code/GraphMol/FilterCatalog/pains_c.in#L150
sensitivity,pains,thio_aldehyd_A(3),0,9098,https://raw.githubusercontent.com/rdkit/rdkit/0ece02e9254ef2d5eeade2bd40eb13546522dbd3/Code/GraphMol/FilterCatalog/pains_c.in#L151
sensitivity,pains,thio_amide_B(2),0,9098,https://raw.githubusercontent.com/rdkit/rdkit/0ece02e9254ef2d5eeade2bd40eb13546522dbd3/Code/GraphMol/FilterCatalog/pains_c.in#L152
sensitivity,pains,imidazole_B(2),0,9098,https://raw.githubusercontent.com/rdkit/rdkit/0ece02e9254ef2d5eeade2bd40eb13546522dbd3/Code/GraphMol/FilterCatalog/pains_c.in#L153
sensitivity,pains,thiazole_amine_E(2),0,9098,https://raw.githubusercontent.com/rdkit/rdkit/0ece02e9254ef2d5eeade2bd40eb13546522dbd3/Code/GraphMol/FilterCatalog/pains_c.in#L154
sensitivity,pains,thiazole_amine_F(2),0,9098,https://raw.githubusercontent.com/rdkit/rdkit/0ece02e9254ef2d5eeade2bd40eb13546522dbd3/Code/GraphMol/FilterCatalog/pains_c.in#L155
sensitivity,pains,thio_ester_C(2),0,9098,https://raw.githubusercontent.com/rdkit/rdkit/0ece02e9254ef2d5eeade2bd40eb13546522dbd3/Code/GraphMol/FilterCatalog/pains_c.in#L156
sensitivity,pains,ene_one_B(2),0,9098,https://raw.githubusercontent.com/rdkit/rdkit/0ece02e9254ef2d5eeade2bd40eb13546522dbd3/Code/GraphMol/FilterCatalog/pains_c.in#L157
sensitivity,pains,quinone_C(2),0,9098,https://raw.githubusercontent.com/rdkit/rdkit/0ece02e9254ef2d5eeade2bd40eb13546522dbd3/Code/GraphMol/FilterCatalog/pains_c.in#L158
sensitivity,pains,keto_naphthol_A(2),0,9098,https://raw.githubusercontent.com/rdkit/rdkit/0ece02e9254ef2d5eeade2bd40eb13546522dbd3/Code/GraphMol/FilterCatalog/pains_c.in#L159
sensitivity,pains,thio_amide_C(2),0,9098,https://raw.githubusercontent.com/rdkit/rdkit/0ece02e9254ef2d5eeade2bd40eb13546522dbd3/Code/GraphMol/FilterCatalog/pains_c.in#L160
sensitivity,pains,phthalimide_misc(2),0,9098,https://raw.githubusercontent.com/rdkit/rdkit/0ece02e9254ef2d5eeade2bd40eb13546522dbd3/Code/GraphMol/FilterCatalog/pains_c.in#L161
sensitivity,pains,sulfonamide_D(2),0,9098,https://raw.githubusercontent.com/rdkit/rdkit/0ece02e9254ef2d5eeade2bd40eb13546522dbd3/Code/GraphMol/FilterCatalog/pains_c.in#L162
sensitivity,pains,anil_NH_alk_C(2),0,9098,https://raw.githubusercontent.com/rdkit/rdkit/0ece02e9254ef2d5eeade2bd40eb13546522dbd3/Code/GraphMol/FilterCatalog/pains_c.in#L163
sensitivity,pains,het_65_E(2),0,9098,https://raw.githubusercontent.com/rdkit/rdkit/0ece02e9254ef2d5eeade2bd40eb13546522dbd3/Code/GraphMol/FilterCatalog/pains_c.in#L164
sensitivity,pains,hzide_naphth(2),0,9098,https://raw.githubusercontent.com/rdkit/rdkit/0ece02e9254ef2d5eeade2bd40eb13546522dbd3/Code/GraphMol/FilterCatalog/pains_c.in#L165
sensitivity,pains,anisol_B(2),0,9098,https://raw.githubusercontent.com/rdkit/rdkit/0ece02e9254ef2d5eeade2bd40eb13546522dbd3/Code/GraphMol/FilterCatalog/pains_c.in#L166
sensitivity,pains,thio_carbam_ene(2),0,9098,https://raw.githubusercontent.com/rdkit/rdkit/0ece02e9254ef2d5eeade2bd40eb13546522dbd3/Code/GraphMol/FilterCatalog/pains_c.in#L167
sensitivity,pains,thio_amide_D(2),0,9098,https://raw.githubusercontent.com/rdkit/rdkit/0ece02e9254ef2d5eeade2bd40eb13546522dbd3/Code/GraphMol/FilterCatalog/pains_c.in#L168
sensitivity,pains,het_65_Da(2),0,9098,https://raw.githubusercontent.com/rdkit/rdkit/0ece02e9254ef2d5eeade2bd40eb13546522dbd3/Code/GraphMol/FilterCatalog/pains_c.in#L169
sensitivity,pains,thiophene_D(2),0,9098,https://raw.githubusercontent.com/rdkit/rdkit/0ece02e9254ef2d5eeade2bd40eb13546522dbd3/Code/GraphMol/FilterCatalog/pains_c.in#L170
sensitivity,pains,het_thio_6_ene(2),0,9098,https://raw.githubusercontent.com/rdkit/rdkit/0ece02e9254ef2d5eeade2bd40eb13546522dbd3/Code/GraphMol/FilterCatalog/pains_c.in#L171
sensitivity,pains,cyano_keto_A(2),0,9098,https://raw.githubusercontent.com/rdkit/rdkit/0ece02e9254ef2d5eeade2bd40eb13546522dbd3/Code/GraphMol/FilterCatalog/pains_c.in#L172
sensitivity,pains,anthranil_acid_C(2),0,9098,https://raw.githubusercontent.com/rdkit/rdkit/0ece02e9254ef2d5eeade2bd40eb13546522dbd3/Code/GraphMol/FilterCatalog/pains_c.in#L173
sensitivity,pains,naphth_amino_C(2),0,9098,https://raw.githubusercontent.com/rdkit/rdkit/0ece02e9254ef2d5eeade2bd40eb13546522dbd3/Code/GraphMol/FilterCatalog/pains_c.in#L174
sensitivity,pains,naphth_amino_D(2),0,9098,https://raw.githubusercontent.com/rdkit/rdkit/0ece02e9254ef2d5eeade2bd40eb13546522dbd3/Code/GraphMol/FilterCatalog/pains_c.in#L175
sensitivity,pains,thiazole_amine_G(2),0,9098,https://raw.githubusercontent.com/rdkit/rdkit/0ece02e9254ef2d5eeade2bd40eb13546522dbd3/Code/GraphMol/FilterCatalog/pains_c.in#L176
sensitivity,pains,het_66_B(2),1,9098,https://raw.githubusercontent.com/rdkit/rdkit/0ece02e9254ef2d5eeade2bd40eb13546522dbd3/Code/GraphMol/FilterCatalog/pains_c.in#L177
sensitivity,pains,coumarin_A(2),0,9098,https://raw.githubusercontent.com/rdkit/rdkit/0ece02e9254ef2d5eeade2bd40eb13546522dbd3/Code/GraphMol/FilterCatalog/pains_c.in#L178
sensitivity,pains,anthranil_acid_D(2),0,9098,https://raw.githubusercontent.com/rdkit/rdkit/0ece02e9254ef2d5eeade2bd40eb13546522dbd3/Code/GraphMol/FilterCatalog/pains_c.in#L179
sensitivity,pains,het_66_C(2),0,9098,https://raw.githubusercontent.com/rdkit/rdkit/0ece02e9254ef2d5eeade2bd40eb13546522dbd3/Code/GraphMol/FilterCatalog/pains_c.in#L180
sensitivity,pains,thiophene_amino_E(2),0,9098,https://raw.githubusercontent.com/rdkit/rdkit/0ece02e9254ef2d5eeade2bd40eb13546522dbd3/Code/GraphMol/FilterCatalog/pains_c.in#L181
sensitivity,pains,het_6666_A(2),0,9098,https://raw.githubusercontent.com/rdkit/rdkit/0ece02e9254ef2d5eeade2bd40eb13546522dbd3/Code/GraphMol/FilterCatalog/pains_c.in#L182
sensitivity,pains,sulfonamide_E(2),0,9098,https://raw.githubusercontent.com/rdkit/rdkit/0ece02e9254ef2d5eeade2bd40eb13546522dbd3/Code/GraphMol/FilterCatalog/pains_c.in#L183
sensitivity,pains,anil_di_alk_K(2),1,9098,https://raw.githubusercontent.com/rdkit/rdkit/0ece02e9254ef2d5eeade2bd40eb13546522dbd3/Code/GraphMol/FilterCatalog/pains_c.in#L184
sensitivity,pains,het_5_C(2),0,9098,https://raw.githubusercontent.com/rdkit/rdkit/0ece02e9254ef2d5eeade2bd40eb13546522dbd3/Code/GraphMol/FilterCatalog/pains_c.in#L185
sensitivity,pains,ene_six_het_B(2),0,9098,https://raw.githubusercontent.com/rdkit/rdkit/0ece02e9254ef2d5eeade2bd40eb13546522dbd3/Code/GraphMol/FilterCatalog/pains_c.in#L186
sensitivity,pains,steroid_A(2),0,9098,https://raw.githubusercontent.com/rdkit/rdkit/0ece02e9254ef2d5eeade2bd40eb13546522dbd3/Code/GraphMol/FilterCatalog/pains_c.in#L187
sensitivity,pains,het_565_A(2),0,9098,https://raw.githubusercontent.com/rdkit/rdkit/0ece02e9254ef2d5eeade2bd40eb13546522dbd3/Code/GraphMol/FilterCatalog/pains_c.in#L188
sensitivity,pains,thio_imine_ium(2),0,9098,https://raw.githubusercontent.com/rdkit/rdkit/0ece02e9254ef2d5eeade2bd40eb13546522dbd3/Code/GraphMol/FilterCatalog/pains_c.in#L189
sensitivity,pains,anthranil_acid_E(2),0,9098,https://raw.githubusercontent.com/rdkit/rdkit/0ece02e9254ef2d5eeade2bd40eb13546522dbd3/Code/GraphMol/FilterCatalog/pains_c.in#L190
sensitivity,pains,hzone_furan_B(2),0,9098,https://raw.githubusercontent.com/rdkit/rdkit/0ece02e9254ef2d5eeade2bd40eb13546522dbd3/Code/GraphMol/FilterCatalog/pains_c.in#L191
sensitivity,pains,thiophene_E(2),0,9098,https://raw.githubusercontent.com/rdkit/rdkit/0ece02e9254ef2d5eeade2bd40eb13546522dbd3/Code/GraphMol/FilterCatalog/pains_c.in#L192
sensitivity,pains,ene_misc_B(2),0,9098,https://raw.githubusercontent.com/rdkit/rdkit/0ece02e9254ef2d5eeade2bd40eb13546522dbd3/Code/GraphMol/FilterCatalog/pains_c.in#L193
sensitivity,pains,het_thio_5_B(2),0,9098,https://raw.githubusercontent.com/rdkit/rdkit/0ece02e9254ef2d5eeade2bd40eb13546522dbd3/Code/GraphMol/FilterCatalog/pains_c.in#L194
sensitivity,pains,thiophene_amino_F(2),0,9098,https://raw.githubusercontent.com/rdkit/rdkit/0ece02e9254ef2d5eeade2bd40eb13546522dbd3/Code/GraphMol/FilterCatalog/pains_c.in#L195
sensitivity,pains,anil_OC_alk_D(2),0,9098,https://raw.githubusercontent.com/rdkit/rdkit/0ece02e9254ef2d5eeade2bd40eb13546522dbd3/Code/GraphMol/FilterCatalog/pains_c.in#L196
sensitivity,pains,tert_butyl_A(2),0,9098,https://raw.githubusercontent.com/rdkit/rdkit/0ece02e9254ef2d5eeade2bd40eb13546522dbd3/Code/GraphMol/FilterCatalog/pains_c.in#L197
sensitivity,pains,thio_urea_J(2),0,9098,https://raw.githubusercontent.com/rdkit/rdkit/0ece02e9254ef2d5eeade2bd40eb13546522dbd3/Code/GraphMol/FilterCatalog/pains_c.in#L198
sensitivity,pains,het_thio_65_B(2),0,9098,https://raw.githubusercontent.com/rdkit/rdkit/0ece02e9254ef2d5eeade2bd40eb13546522dbd3/Code/GraphMol/FilterCatalog/pains_c.in#L199
sensitivity,pains,coumarin_B(2),0,9098,https://raw.githubusercontent.com/rdkit/rdkit/0ece02e9254ef2d5eeade2bd40eb13546522dbd3/Code/GraphMol/FilterCatalog/pains_c.in#L200
sensitivity,pains,thio_urea_K(2),0,9098,https://raw.githubusercontent.com/rdkit/rdkit/0ece02e9254ef2d5eeade2bd40eb13546522dbd3/Code/GraphMol/FilterCatalog/pains_c.in#L201
sensitivity,pains,thiophene_amino_G(2),0,9098,https://raw.githubusercontent.com/rdkit/rdkit/0ece02e9254ef2d5eeade2bd40eb13546522dbd3/Code/GraphMol/FilterCatalog/pains_c.in#L202
sensitivity,pains,anil_NH_alk_D(2),0,9098,https://raw.githubusercontent.com/rdkit/rdkit/0ece02e9254ef2d5eeade2bd40eb13546522dbd3/Code/GraphMol/FilterCatalog/pains_c.in#L203
sensitivity,pains,het_thio_5_C(2),0,9098,https://raw.githubusercontent.com/rdkit/rdkit/0ece02e9254ef2d5eeade2bd40eb13546522dbd3/Code/GraphMol/FilterCatalog/pains_c.in#L204
sensitivity,pains,thio_keto_het(2),0,9098,https://raw.githubusercontent.com/rdkit/rdkit/0ece02e9254ef2d5eeade2bd40eb13546522dbd3/Code/GraphMol/FilterCatalog/pains_c.in#L205
sensitivity,pains,het_thio_N_5B(2),0,9098,https://raw.githubusercontent.com/rdkit/rdkit/0ece02e9254ef2d5eeade2bd40eb13546522dbd3/Code/GraphMol/FilterCatalog/pains_c.in#L206
sensitivity,pains,quinone_D(2),0,9098,https://raw.githubusercontent.com/rdkit/rdkit/0ece02e9254ef2d5eeade2bd40eb13546522dbd3/Code/GraphMol/FilterCatalog/pains_c.in#L207
sensitivity,pains,anil_di_alk_furan_B(2),0,9098,https://raw.githubusercontent.com/rdkit/rdkit/0ece02e9254ef2d5eeade2bd40eb13546522dbd3/Code/GraphMol/FilterCatalog/pains_c.in#L208
sensitivity,pains,ene_six_het_C(2),0,9098,https://raw.githubusercontent.com/rdkit/rdkit/0ece02e9254ef2d5eeade2bd40eb13546522dbd3/Code/GraphMol/FilterCatalog/pains_c.in#L209
sensitivity,pains,het_55_A(2),0,9098,https://raw.githubusercontent.com/rdkit/rdkit/0ece02e9254ef2d5eeade2bd40eb13546522dbd3/Code/GraphMol/FilterCatalog/pains_c.in#L210
sensitivity,pains,het_thio_65_C(2),0,9098,https://raw.githubusercontent.com/rdkit/rdkit/0ece02e9254ef2d5eeade2bd40eb13546522dbd3/Code/GraphMol/FilterCatalog/pains_c.in#L211
sensitivity,pains,hydroquin_A(2),0,9098,https://raw.githubusercontent.com/rdkit/rdkit/0ece02e9254ef2d5eeade2bd40eb13546522dbd3/Code/GraphMol/FilterCatalog/pains_c.in#L212
sensitivity,pains,anthranil_acid_F(2),0,9098,https://raw.githubusercontent.com/rdkit/rdkit/0ece02e9254ef2d5eeade2bd40eb13546522dbd3/Code/GraphMol/FilterCatalog/pains_c.in#L213
sensitivity,pains,pyrrole_I(2),0,9098,https://raw.githubusercontent.com/rdkit/rdkit/0ece02e9254ef2d5eeade2bd40eb13546522dbd3/Code/GraphMol/FilterCatalog/pains_c.in#L214
sensitivity,pains,thiophene_amino_H(2),0,9098,https://raw.githubusercontent.com/rdkit/rdkit/0ece02e9254ef2d5eeade2bd40eb13546522dbd3/Code/GraphMol/FilterCatalog/pains_c.in#L215
sensitivity,pains,imine_one_fives_C(2),0,9098,https://raw.githubusercontent.com/rdkit/rdkit/0ece02e9254ef2d5eeade2bd40eb13546522dbd3/Code/GraphMol/FilterCatalog/pains_c.in#L216
sensitivity,pains,keto_phenone_zone_A(2),0,9098,https://raw.githubusercontent.com/rdkit/rdkit/0ece02e9254ef2d5eeade2bd40eb13546522dbd3/Code/GraphMol/FilterCatalog/pains_c.in#L217
sensitivity,pains,dyes7A(2),0,9098,https://raw.githubusercontent.com/rdkit/rdkit/0ece02e9254ef2d5eeade2bd40eb13546522dbd3/Code/GraphMol/FilterCatalog/pains_c.in#L218
sensitivity,pains,het_pyridiniums_B(2),0,9098,https://raw.githubusercontent.com/rdkit/rdkit/0ece02e9254ef2d5eeade2bd40eb13546522dbd3/Code/GraphMol/FilterCatalog/pains_c.in#L219
sensitivity,pains,het_5_D(2),0,9098,https://raw.githubusercontent.com/rdkit/rdkit/0ece02e9254ef2d5eeade2bd40eb13546522dbd3/Code/GraphMol/FilterCatalog/pains_c.in#L220
sensitivity,pains,thiazole_amine_H(1),0,9098,https://raw.githubusercontent.com/rdkit/rdkit/0ece02e9254ef2d5eeade2bd40eb13546522dbd3/Code/GraphMol/FilterCatalog/pains_c.in#L221
sensitivity,pains,thiazole_amine_I(1),0,9098,https://raw.githubusercontent.com/rdkit/rdkit/0ece02e9254ef2d5eeade2bd40eb13546522dbd3/Code/GraphMol/FilterCatalog/pains_c.in#L222
sensitivity,pains,het_thio_N_5C(1),0,9098,https://raw.githubusercontent.com/rdkit/rdkit/0ece02e9254ef2d5eeade2bd40eb13546522dbd3/Code/GraphMol/FilterCatalog/pains_c.in#L223
sensitivity,pains,sulfonamide_F(1),0,9098,https://raw.githubusercontent.com/rdkit/rdkit/0ece02e9254ef2d5eeade2bd40eb13546522dbd3/Code/GraphMol/FilterCatalog/pains_c.in#L224
sensitivity,pains,thiazole_amine_J(1),0,9098,https://raw.githubusercontent.com/rdkit/rdkit/0ece02e9254ef2d5eeade2bd40eb13546522dbd3/Code/GraphMol/FilterCatalog/pains_c.in#L225
sensitivity,pains,het_65_F(1),0,9098,https://raw.githubusercontent.com/rdkit/rdkit/0ece02e9254ef2d5eeade2bd40eb13546522dbd3/Code/GraphMol/FilterCatalog/pains_c.in#L226
sensitivity,pains,keto_keto_beta_E(1),0,9098,https://raw.githubusercontent.com/rdkit/rdkit/0ece02e9254ef2d5eeade2bd40eb13546522dbd3/Code/GraphMol/FilterCatalog/pains_c.in#L227
sensitivity,pains,ene_five_one_B(1),0,9098,https://raw.githubusercontent.com/rdkit/rdkit/0ece02e9254ef2d5eeade2bd40eb13546522dbd3/Code/GraphMol/FilterCatalog/pains_c.in#L228
sensitivity,pains,keto_keto_beta_zone(1),0,9098,https://raw.githubusercontent.com/rdkit/rdkit/0ece02e9254ef2d5eeade2bd40eb13546522dbd3/Code/GraphMol/FilterCatalog/pains_c.in#L229
sensitivity,pains,thio_urea_L(1),0,9098,https://raw.githubusercontent.com/rdkit/rdkit/0ece02e9254ef2d5eeade2bd40eb13546522dbd3/Code/GraphMol/FilterCatalog/pains_c.in#L230
sensitivity,pains,het_thio_urea_ene(1),0,9098,https://raw.githubusercontent.com/rdkit/rdkit/0ece02e9254ef2d5eeade2bd40eb13546522dbd3/Code/GraphMol/FilterCatalog/pains_c.in#L231
sensitivity,pains,cyano_amino_het_A(1),0,9098,https://raw.githubusercontent.com/rdkit/rdkit/0ece02e9254ef2d5eeade2bd40eb13546522dbd3/Code/GraphMol/FilterCatalog/pains_c.in#L232
sensitivity,pains,tetrazole_hzide(1),0,9098,https://raw.githubusercontent.com/rdkit/rdkit/0ece02e9254ef2d5eeade2bd40eb13546522dbd3/Code/GraphMol/FilterCatalog/pains_c.in#L233
sensitivity,pains,imine_naphthol_A(1),0,9098,https://raw.githubusercontent.com/rdkit/rdkit/0ece02e9254ef2d5eeade2bd40eb13546522dbd3/Code/GraphMol/FilterCatalog/pains_c.in#L234
sensitivity,pains,misc_anisole_A(1),0,9098,https://raw.githubusercontent.com/rdkit/rdkit/0ece02e9254ef2d5eeade2bd40eb13546522dbd3/Code/GraphMol/FilterCatalog/pains_c.in#L235
sensitivity,pains,het_thio_665(1),0,9098,https://raw.githubusercontent.com/rdkit/rdkit/0ece02e9254ef2d5eeade2bd40eb13546522dbd3/Code/GraphMol/FilterCatalog/pains_c.in#L236
sensitivity,pains,anil_di_alk_L(1),0,9098,https://raw.githubusercontent.com/rdkit/rdkit/0ece02e9254ef2d5eeade2bd40eb13546522dbd3/Code/GraphMol/FilterCatalog/pains_c.in#L237
sensitivity,pains,colchicine_B(1),0,9098,https://raw.githubusercontent.com/rdkit/rdkit/0ece02e9254ef2d5eeade2bd40eb13546522dbd3/Code/GraphMol/FilterCatalog/pains_c.in#L238
sensitivity,pains,misc_aminoacid_A(1),0,9098,https://raw.githubusercontent.com/rdkit/rdkit/0ece02e9254ef2d5eeade2bd40eb13546522dbd3/Code/GraphMol/FilterCatalog/pains_c.in#L239
sensitivity,pains,imidazole_amino_A(1),0,9098,https://raw.githubusercontent.com/rdkit/rdkit/0ece02e9254ef2d5eeade2bd40eb13546522dbd3/Code/GraphMol/FilterCatalog/pains_c.in#L240
sensitivity,pains,phenol_sulfite_A(1),0,9098,https://raw.githubusercontent.com/rdkit/rdkit/0ece02e9254ef2d5eeade2bd40eb13546522dbd3/Code/GraphMol/FilterCatalog/pains_c.in#L241
sensitivity,pains,het_66_D(1),0,9098,https://raw.githubusercontent.com/rdkit/rdkit/0ece02e9254ef2d5eeade2bd40eb13546522dbd3/Code/GraphMol/FilterCatalog/pains_c.in#L242
sensitivity,pains,misc_anisole_B(1),0,9098,https://raw.githubusercontent.com/rdkit/rdkit/0ece02e9254ef2d5eeade2bd40eb13546522dbd3/Code/GraphMol/FilterCatalog/pains_c.in#L243
sensitivity,pains,tetrazole_A(1),0,9098,https://raw.githubusercontent.com/rdkit/rdkit/0ece02e9254ef2d5eeade2bd40eb13546522dbd3/Code/GraphMol/FilterCatalog/pains_c.in#L244
sensitivity,pains,het_65_G(1),0,9098,https://raw.githubusercontent.com/rdkit/rdkit/0ece02e9254ef2d5eeade2bd40eb13546522dbd3/Code/GraphMol/FilterCatalog/pains_c.in#L245
sensitivity,pains,misc_trityl_A(1),0,9098,https://raw.githubusercontent.com/rdkit/rdkit/0ece02e9254ef2d5eeade2bd40eb13546522dbd3/Code/GraphMol/FilterCatalog/pains_c.in#L246
sensitivity,pains,misc_pyridine_OC(1),0,9098,https://raw.githubusercontent.com/rdkit/rdkit/0ece02e9254ef2d5eeade2bd40eb13546522dbd3/Code/GraphMol/FilterCatalog/pains_c.in#L247
sensitivity,pains,het_6_hydropyridone(1),0,9098,https://raw.githubusercontent.com/rdkit/rdkit/0ece02e9254ef2d5eeade2bd40eb13546522dbd3/Code/GraphMol/FilterCatalog/pains_c.in#L248
sensitivity,pains,misc_stilbene(1),0,9098,https://raw.githubusercontent.com/rdkit/rdkit/0ece02e9254ef2d5eeade2bd40eb13546522dbd3/Code/GraphMol/FilterCatalog/pains_c.in#L249
sensitivity,pains,misc_imidazole(1),0,9098,https://raw.githubusercontent.com/rdkit/rdkit/0ece02e9254ef2d5eeade2bd40eb13546522dbd3/Code/GraphMol/FilterCatalog/pains_c.in#L250
sensitivity,pains,anil_NH_no_alk_A(1),0,9098,https://raw.githubusercontent.com/rdkit/rdkit/0ece02e9254ef2d5eeade2bd40eb13546522dbd3/Code/GraphMol/FilterCatalog/pains_c.in#L251
sensitivity,pains,het_6_imidate_B(1),0,9098,https://raw.githubusercontent.com/rdkit/rdkit/0ece02e9254ef2d5eeade2bd40eb13546522dbd3/Code/GraphMol/FilterCatalog/pains_c.in#L252
sensitivity,pains,anil_alk_B(1),0,9098,https://raw.githubusercontent.com/rdkit/rdkit/0ece02e9254ef2d5eeade2bd40eb13546522dbd3/Code/GraphMol/FilterCatalog/pains_c.in#L253
sensitivity,pains,styrene_anil_A(1),0,9098,https://raw.githubusercontent.com/rdkit/rdkit/0ece02e9254ef2d5eeade2bd40eb13546522dbd3/Code/GraphMol/FilterCatalog/pains_c.in#L254
sensitivity,pains,misc_aminal_acid(1),0,9098,https://raw.githubusercontent.com/rdkit/rdkit/0ece02e9254ef2d5eeade2bd40eb13546522dbd3/Code/GraphMol/FilterCatalog/pains_c.in#L255
sensitivity,pains,anil_no_alk_D(1),0,9098,https://raw.githubusercontent.com/rdkit/rdkit/0ece02e9254ef2d5eeade2bd40eb13546522dbd3/Code/GraphMol/FilterCatalog/pains_c.in#L256
sensitivity,pains,anil_alk_C(1),0,9098,https://raw.githubusercontent.com/rdkit/rdkit/0ece02e9254ef2d5eeade2bd40eb13546522dbd3/Code/GraphMol/FilterCatalog/pains_c.in#L257
sensitivity,pains,misc_anisole_C(1),0,9098,https://raw.githubusercontent.com/rdkit/rdkit/0ece02e9254ef2d5eeade2bd40eb13546522dbd3/Code/GraphMol/FilterCatalog/pains_c.in#L258
sensitivity,pains,het_465_misc(1),0,9098,https://raw.githubusercontent.com/rdkit/rdkit/0ece02e9254ef2d5eeade2bd40eb13546522dbd3/Code/GraphMol/FilterCatalog/pains_c.in#L259
sensitivity,pains,anthranil_acid_G(1),0,9098,https://raw.githubusercontent.com/rdkit/rdkit/0ece02e9254ef2d5eeade2bd40eb13546522dbd3/Code/GraphMol/FilterCatalog/pains_c.in#L260
sensitivity,pains,anil_di_alk_M(1),0,9098,https://raw.githubusercontent.com/rdkit/rdkit/0ece02e9254ef2d5eeade2bd40eb13546522dbd3/Code/GraphMol/FilterCatalog/pains_c.in#L261
sensitivity,pains,anthranil_acid_H(1),0,9098,https://raw.githubusercontent.com/rdkit/rdkit/0ece02e9254ef2d5eeade2bd40eb13546522dbd3/Code/GraphMol/FilterCatalog/pains_c.in#L262
sensitivity,pains,thio_urea_M(1),0,9098,https://raw.githubusercontent.com/rdkit/rdkit/0ece02e9254ef2d5eeade2bd40eb13546522dbd3/Code/GraphMol/FilterCatalog/pains_c.in#L263
sensitivity,pains,thiazole_amine_K(1),0,9098,https://raw.githubusercontent.com/rdkit/rdkit/0ece02e9254ef2d5eeade2bd40eb13546522dbd3/Code/GraphMol/FilterCatalog/pains_c.in#L264
sensitivity,pains,het_thio_5_imine_A(1),0,9098,https://raw.githubusercontent.com/rdkit/rdkit/0ece02e9254ef2d5eeade2bd40eb13546522dbd3/Code/GraphMol/FilterCatalog/pains_c.in#L265
sensitivity,pains,thio_amide_E(1),0,9098,https://raw.githubusercontent.com/rdkit/rdkit/0ece02e9254ef2d5eeade2bd40eb13546522dbd3/Code/GraphMol/FilterCatalog/pains_c.in#L266
sensitivity,pains,het_thio_676_B(1),0,9098,https://raw.githubusercontent.com/rdkit/rdkit/0ece02e9254ef2d5eeade2bd40eb13546522dbd3/Code/GraphMol/FilterCatalog/pains_c.in#L267
sensitivity,pains,sulfonamide_G(1),0,9098,https://raw.githubusercontent.com/rdkit/rdkit/0ece02e9254ef2d5eeade2bd40eb13546522dbd3/Code/GraphMol/FilterCatalog/pains_c.in#L268
sensitivity,pains,thio_thiomorph_Z(1),0,9098,https://raw.githubusercontent.com/rdkit/rdkit/0ece02e9254ef2d5eeade2bd40eb13546522dbd3/Code/GraphMol/FilterCatalog/pains_c.in#L269
sensitivity,pains,naphth_ene_one_A(1),0,9098,https://raw.githubusercontent.com/rdkit/rdkit/0ece02e9254ef2d5eeade2bd40eb13546522dbd3/Code/GraphMol/FilterCatalog/pains_c.in#L270
sensitivity,pains,naphth_ene_one_B(1),0,9098,https://raw.githubusercontent.com/rdkit/rdkit/0ece02e9254ef2d5eeade2bd40eb13546522dbd3/Code/GraphMol/FilterCatalog/pains_c.in#L271
sensitivity,pains,amino_acridine_A(1),0,9098,https://raw.githubusercontent.com/rdkit/rdkit/0ece02e9254ef2d5eeade2bd40eb13546522dbd3/Code/GraphMol/FilterCatalog/pains_c.in#L272
sensitivity,pains,keto_phenone_B(1),0,9098,https://raw.githubusercontent.com/rdkit/rdkit/0ece02e9254ef2d5eeade2bd40eb13546522dbd3/Code/GraphMol/FilterCatalog/pains_c.in#L273
sensitivity,pains,hzone_acid_A(1),0,9098,https://raw.githubusercontent.com/rdkit/rdkit/0ece02e9254ef2d5eeade2bd40eb13546522dbd3/Code/GraphMol/FilterCatalog/pains_c.in#L274
sensitivity,pains,sulfonamide_H(1),0,9098,https://raw.githubusercontent.com/rdkit/rdkit/0ece02e9254ef2d5eeade2bd40eb13546522dbd3/Code/GraphMol/FilterCatalog/pains_c.in#L275
sensitivity,pains,het_565_indole(1),0,9098,https://raw.githubusercontent.com/rdkit/rdkit/0ece02e9254ef2d5eeade2bd40eb13546522dbd3/Code/GraphMol/FilterCatalog/pains_c.in#L276
sensitivity,pains,pyrrole_J(1),0,9098,https://raw.githubusercontent.com/rdkit/rdkit/0ece02e9254ef2d5eeade2bd40eb13546522dbd3/Code/GraphMol/FilterCatalog/pains_c.in#L277
sensitivity,pains,pyrazole_amino_B(1),0,9098,https://raw.githubusercontent.com/rdkit/rdkit/0ece02e9254ef2d5eeade2bd40eb13546522dbd3/Code/GraphMol/FilterCatalog/pains_c.in#L278
sensitivity,pains,pyrrole_K(1),0,9098,https://raw.githubusercontent.com/rdkit/rdkit/0ece02e9254ef2d5eeade2bd40eb13546522dbd3/Code/GraphMol/FilterCatalog/pains_c.in#L279
sensitivity,pains,anthranil_acid_I(1),0,9098,https://raw.githubusercontent.com/rdkit/rdkit/0ece02e9254ef2d5eeade2bd40eb13546522dbd3/Code/GraphMol/FilterCatalog/pains_c.in#L280
sensitivity,pains,thio_amide_F(1),0,9098,https://raw.githubusercontent.com/rdkit/rdkit/0ece02e9254ef2d5eeade2bd40eb13546522dbd3/Code/GraphMol/FilterCatalog/pains_c.in#L281
sensitivity,pains,ene_one_C(1),0,9098,https://raw.githubusercontent.com/rdkit/rdkit/0ece02e9254ef2d5eeade2bd40eb13546522dbd3/Code/GraphMol/FilterCatalog/pains_c.in#L282
sensitivity,pains,het_65_H(1),0,9098,https://raw.githubusercontent.com/rdkit/rdkit/0ece02e9254ef2d5eeade2bd40eb13546522dbd3/Code/GraphMol/FilterCatalog/pains_c.in#L283
sensitivity,pains,cyano_imine_D(1),0,9098,https://raw.githubusercontent.com/rdkit/rdkit/0ece02e9254ef2d5eeade2bd40eb13546522dbd3/Code/GraphMol/FilterCatalog/pains_c.in#L284
sensitivity,pains,cyano_misc_A(1),0,9098,https://raw.githubusercontent.com/rdkit/rdkit/0ece02e9254ef2d5eeade2bd40eb13546522dbd3/Code/GraphMol/FilterCatalog/pains_c.in#L285
sensitivity,pains,ene_misc_C(1),0,9098,https://raw.githubusercontent.com/rdkit/rdkit/0ece02e9254ef2d5eeade2bd40eb13546522dbd3/Code/GraphMol/FilterCatalog/pains_c.in#L286
sensitivity,pains,het_66_E(1),0,9098,https://raw.githubusercontent.com/rdkit/rdkit/0ece02e9254ef2d5eeade2bd40eb13546522dbd3/Code/GraphMol/FilterCatalog/pains_c.in#L287
sensitivity,pains,keto_keto_beta_F(1),0,9098,https://raw.githubusercontent.com/rdkit/rdkit/0ece02e9254ef2d5eeade2bd40eb13546522dbd3/Code/GraphMol/FilterCatalog/pains_c.in#L288
sensitivity,pains,misc_naphthimidazole(1),0,9098,https://raw.githubusercontent.com/rdkit/rdkit/0ece02e9254ef2d5eeade2bd40eb13546522dbd3/Code/GraphMol/FilterCatalog/pains_c.in#L289
sensitivity,pains,naphth_ene_one_C(1),0,9098,https://raw.githubusercontent.com/rdkit/rdkit/0ece02e9254ef2d5eeade2bd40eb13546522dbd3/Code/GraphMol/FilterCatalog/pains_c.in#L290
sensitivity,pains,keto_phenone_C(1),0,9098,https://raw.githubusercontent.com/rdkit/rdkit/0ece02e9254ef2d5eeade2bd40eb13546522dbd3/Code/GraphMol/FilterCatalog/pains_c.in#L291
sensitivity,pains,coumarin_C(1),0,9098,https://raw.githubusercontent.com/rdkit/rdkit/0ece02e9254ef2d5eeade2bd40eb13546522dbd3/Code/GraphMol/FilterCatalog/pains_c.in#L292
sensitivity,pains,thio_est_cyano_A(1),0,9098,https://raw.githubusercontent.com/rdkit/rdkit/0ece02e9254ef2d5eeade2bd40eb13546522dbd3/Code/GraphMol/FilterCatalog/pains_c.in#L293
sensitivity,pains,het_65_imidazole(1),0,9098,https://raw.githubusercontent.com/rdkit/rdkit/0ece02e9254ef2d5eeade2bd40eb13546522dbd3/Code/GraphMol/FilterCatalog/pains_c.in#L294
sensitivity,pains,anthranil_acid_J(1),0,9098,https://raw.githubusercontent.com/rdkit/rdkit/0ece02e9254ef2d5eeade2bd40eb13546522dbd3/Code/GraphMol/FilterCatalog/pains_c.in#L295
sensitivity,pains,colchicine_het(1),0,9098,https://raw.githubusercontent.com/rdkit/rdkit/0ece02e9254ef2d5eeade2bd40eb13546522dbd3/Code/GraphMol/FilterCatalog/pains_c.in#L296
sensitivity,pains,ene_misc_D(1),0,9098,https://raw.githubusercontent.com/rdkit/rdkit/0ece02e9254ef2d5eeade2bd40eb13546522dbd3/Code/GraphMol/FilterCatalog/pains_c.in#L297
sensitivity,pains,indole_3yl_alk_B(1),0,9098,https://raw.githubusercontent.com/rdkit/rdkit/0ece02e9254ef2d5eeade2bd40eb13546522dbd3/Code/GraphMol/FilterCatalog/pains_c.in#L298
sensitivity,pains,anil_OH_no_alk_A(1),0,9098,https://raw.githubusercontent.com/rdkit/rdkit/0ece02e9254ef2d5eeade2bd40eb13546522dbd3/Code/GraphMol/FilterCatalog/pains_c.in#L299
sensitivity,pains,thiazole_amine_L(1),0,9098,https://raw.githubusercontent.com/rdkit/rdkit/0ece02e9254ef2d5eeade2bd40eb13546522dbd3/Code/GraphMol/FilterCatalog/pains_c.in#L300
sensitivity,pains,pyrazole_amino_A(1),0,9098,https://raw.githubusercontent.com/rdkit/rdkit/0ece02e9254ef2d5eeade2bd40eb13546522dbd3/Code/GraphMol/FilterCatalog/pains_c.in#L301
sensitivity,pains,het_thio_N_5D(1),0,9098,https://raw.githubusercontent.com/rdkit/rdkit/0ece02e9254ef2d5eeade2bd40eb13546522dbd3/Code/GraphMol/FilterCatalog/pains_c.in#L302
sensitivity,pains,anil_alk_indane(1),0,9098,https://raw.githubusercontent.com/rdkit/rdkit/0ece02e9254ef2d5eeade2bd40eb13546522dbd3/Code/GraphMol/FilterCatalog/pains_c.in#L303
sensitivity,pains,anil_di_alk_N(1),0,9098,https://raw.githubusercontent.com/rdkit/rdkit/0ece02e9254ef2d5eeade2bd40eb13546522dbd3/Code/GraphMol/FilterCatalog/pains_c.in#L304
sensitivity,pains,het_666_C(1),0,9098,https://raw.githubusercontent.com/rdkit/rdkit/0ece02e9254ef2d5eeade2bd40eb13546522dbd3/Code/GraphMol/FilterCatalog/pains_c.in#L305
sensitivity,pains,ene_one_D(1),1,9098,https://raw.githubusercontent.com/rdkit/rdkit/0ece02e9254ef2d5eeade2bd40eb13546522dbd3/Code/GraphMol/FilterCatalog/pains_c.in#L306
sensitivity,pains,anil_di_alk_indol(1),0,9098,https://raw.githubusercontent.com/rdkit/rdkit/0ece02e9254ef2d5eeade2bd40eb13546522dbd3/Code/GraphMol/FilterCatalog/pains_c.in#L307
sensitivity,pains,anil_no_alk_indol_A(1),0,9098,https://raw.githubusercontent.com/rdkit/rdkit/0ece02e9254ef2d5eeade2bd40eb13546522dbd3/Code/GraphMol/FilterCatalog/pains_c.in#L308
sensitivity,pains,dhp_amino_CN_G(1),0,9098,https://raw.githubusercontent.com/rdkit/rdkit/0ece02e9254ef2d5eeade2bd40eb13546522dbd3/Code/GraphMol/FilterCatalog/pains_c.in#L309
sensitivity,pains,anil_di_alk_dhp(1),0,9098,https://raw.githubusercontent.com/rdkit/rdkit/0ece02e9254ef2d5eeade2bd40eb13546522dbd3/Code/GraphMol/FilterCatalog/pains_c.in#L310
sensitivity,pains,anthranil_amide_A(1),0,9098,https://raw.githubusercontent.com/rdkit/rdkit/0ece02e9254ef2d5eeade2bd40eb13546522dbd3/Code/GraphMol/FilterCatalog/pains_c.in#L311
sensitivity,pains,hzone_anthran_Z(1),0,9098,https://raw.githubusercontent.com/rdkit/rdkit/0ece02e9254ef2d5eeade2bd40eb13546522dbd3/Code/GraphMol/FilterCatalog/pains_c.in#L312
sensitivity,pains,ene_one_amide_A(1),0,9098,https://raw.githubusercontent.com/rdkit/rdkit/0ece02e9254ef2d5eeade2bd40eb13546522dbd3/Code/GraphMol/FilterCatalog/pains_c.in#L313
sensitivity,pains,het_76_A(1),0,9098,https://raw.githubusercontent.com/rdkit/rdkit/0ece02e9254ef2d5eeade2bd40eb13546522dbd3/Code/GraphMol/FilterCatalog/pains_c.in#L314
sensitivity,pains,thio_urea_N(1),0,9098,https://raw.githubusercontent.com/rdkit/rdkit/0ece02e9254ef2d5eeade2bd40eb13546522dbd3/Code/GraphMol/FilterCatalog/pains_c.in#L315
sensitivity,pains,anil_di_alk_coum(1),0,9098,https://raw.githubusercontent.com/rdkit/rdkit/0ece02e9254ef2d5eeade2bd40eb13546522dbd3/Code/GraphMol/FilterCatalog/pains_c.in#L316
sensitivity,pains,ene_one_amide_B(1),0,9098,https://raw.githubusercontent.com/rdkit/rdkit/0ece02e9254ef2d5eeade2bd40eb13546522dbd3/Code/GraphMol/FilterCatalog/pains_c.in#L317
sensitivity,pains,het_thio_656c(1),0,9098,https://raw.githubusercontent.com/rdkit/rdkit/0ece02e9254ef2d5eeade2bd40eb13546522dbd3/Code/GraphMol/FilterCatalog/pains_c.in#L318
sensitivity,pains,het_5_ene(1),0,9098,https://raw.githubusercontent.com/rdkit/rdkit/0ece02e9254ef2d5eeade2bd40eb13546522dbd3/Code/GraphMol/FilterCatalog/pains_c.in#L319
sensitivity,pains,thio_imide_A(1),0,9098,https://raw.githubusercontent.com/rdkit/rdkit/0ece02e9254ef2d5eeade2bd40eb13546522dbd3/Code/GraphMol/FilterCatalog/pains_c.in#L320
sensitivity,pains,dhp_amidine_A(1),0,9098,https://raw.githubusercontent.com/rdkit/rdkit/0ece02e9254ef2d5eeade2bd40eb13546522dbd3/Code/GraphMol/FilterCatalog/pains_c.in#L321
sensitivity,pains,thio_urea_O(1),0,9098,https://raw.githubusercontent.com/rdkit/rdkit/0ece02e9254ef2d5eeade2bd40eb13546522dbd3/Code/GraphMol/FilterCatalog/pains_c.in#L322
sensitivity,pains,anil_di_alk_O(1),0,9098,https://raw.githubusercontent.com/rdkit/rdkit/0ece02e9254ef2d5eeade2bd40eb13546522dbd3/Code/GraphMol/FilterCatalog/pains_c.in#L323
sensitivity,pains,thio_urea_P(1),0,9098,https://raw.githubusercontent.com/rdkit/rdkit/0ece02e9254ef2d5eeade2bd40eb13546522dbd3/Code/GraphMol/FilterCatalog/pains_c.in#L324
sensitivity,pains,het_pyraz_misc(1),0,9098,https://raw.githubusercontent.com/rdkit/rdkit/0ece02e9254ef2d5eeade2bd40eb13546522dbd3/Code/GraphMol/FilterCatalog/pains_c.in#L325
sensitivity,pains,diazox_C(1),0,9098,https://raw.githubusercontent.com/rdkit/rdkit/0ece02e9254ef2d5eeade2bd40eb13546522dbd3/Code/GraphMol/FilterCatalog/pains_c.in#L326
sensitivity,pains,diazox_D(1),0,9098,https://raw.githubusercontent.com/rdkit/rdkit/0ece02e9254ef2d5eeade2bd40eb13546522dbd3/Code/GraphMol/FilterCatalog/pains_c.in#L327
sensitivity,pains,misc_cyclopropane(1),0,9098,https://raw.githubusercontent.com/rdkit/rdkit/0ece02e9254ef2d5eeade2bd40eb13546522dbd3/Code/GraphMol/FilterCatalog/pains_c.in#L328
sensitivity,pains,imine_ene_one_B(1),0,9098,https://raw.githubusercontent.com/rdkit/rdkit/0ece02e9254ef2d5eeade2bd40eb13546522dbd3/Code/GraphMol/FilterCatalog/pains_c.in#L329
sensitivity,pains,coumarin_D(1),0,9098,https://raw.githubusercontent.com/rdkit/rdkit/0ece02e9254ef2d5eeade2bd40eb13546522dbd3/Code/GraphMol/FilterCatalog/pains_c.in#L330
sensitivity,pains,misc_furan_A(1),0,9098,https://raw.githubusercontent.com/rdkit/rdkit/0ece02e9254ef2d5eeade2bd40eb13546522dbd3/Code/GraphMol/FilterCatalog/pains_c.in#L331
sensitivity,pains,rhod_sat_E(1),0,9098,https://raw.githubusercontent.com/rdkit/rdkit/0ece02e9254ef2d5eeade2bd40eb13546522dbd3/Code/GraphMol/FilterCatalog/pains_c.in#L332
sensitivity,pains,rhod_sat_imine_A(1),0,9098,https://raw.githubusercontent.com/rdkit/rdkit/0ece02e9254ef2d5eeade2bd40eb13546522dbd3/Code/GraphMol/FilterCatalog/pains_c.in#L333
sensitivity,pains,rhod_sat_F(1),0,9098,https://raw.githubusercontent.com/rdkit/rdkit/0ece02e9254ef2d5eeade2bd40eb13546522dbd3/Code/GraphMol/FilterCatalog/pains_c.in#L334
sensitivity,pains,het_thio_5_imine_B(1),0,9098,https://raw.githubusercontent.com/rdkit/rdkit/0ece02e9254ef2d5eeade2bd40eb13546522dbd3/Code/GraphMol/FilterCatalog/pains_c.in#L335
sensitivity,pains,het_thio_5_imine_C(1),0,9098,https://raw.githubusercontent.com/rdkit/rdkit/0ece02e9254ef2d5eeade2bd40eb13546522dbd3/Code/GraphMol/FilterCatalog/pains_c.in#L336
sensitivity,pains,ene_five_het_N(1),0,9098,https://raw.githubusercontent.com/rdkit/rdkit/0ece02e9254ef2d5eeade2bd40eb13546522dbd3/Code/GraphMol/FilterCatalog/pains_c.in#L337
sensitivity,pains,thio_carbam_A(1),0,9098,https://raw.githubusercontent.com/rdkit/rdkit/0ece02e9254ef2d5eeade2bd40eb13546522dbd3/Code/GraphMol/FilterCatalog/pains_c.in#L338
sensitivity,pains,misc_anilide_A(1),0,9098,https://raw.githubusercontent.com/rdkit/rdkit/0ece02e9254ef2d5eeade2bd40eb13546522dbd3/Code/GraphMol/FilterCatalog/pains_c.in#L339
sensitivity,pains,misc_anilide_B(1),0,9098,https://raw.githubusercontent.com/rdkit/rdkit/0ece02e9254ef2d5eeade2bd40eb13546522dbd3/Code/GraphMol/FilterCatalog/pains_c.in#L340
sensitivity,pains,mannich_B(1),0,9098,https://raw.githubusercontent.com/rdkit/rdkit/0ece02e9254ef2d5eeade2bd40eb13546522dbd3/Code/GraphMol/FilterCatalog/pains_c.in#L341
sensitivity,pains,mannich_catechol_A(1),0,9098,https://raw.githubusercontent.com/rdkit/rdkit/0ece02e9254ef2d5eeade2bd40eb13546522dbd3/Code/GraphMol/FilterCatalog/pains_c.in#L342
sensitivity,pains,anil_alk_D(1),0,9098,https://raw.githubusercontent.com/rdkit/rdkit/0ece02e9254ef2d5eeade2bd40eb13546522dbd3/Code/GraphMol/FilterCatalog/pains_c.in#L343
sensitivity,pains,het_65_I(1),0,9098,https://raw.githubusercontent.com/rdkit/rdkit/0ece02e9254ef2d5eeade2bd40eb13546522dbd3/Code/GraphMol/FilterCatalog/pains_c.in#L344
sensitivity,pains,misc_urea_A(1),0,9098,https://raw.githubusercontent.com/rdkit/rdkit/0ece02e9254ef2d5eeade2bd40eb13546522dbd3/Code/GraphMol/FilterCatalog/pains_c.in#L345
sensitivity,pains,imidazole_C(1),0,9098,https://raw.githubusercontent.com/rdkit/rdkit/0ece02e9254ef2d5eeade2bd40eb13546522dbd3/Code/GraphMol/FilterCatalog/pains_c.in#L346
sensitivity,pains,styrene_imidazole_A(1),0,9098,https://raw.githubusercontent.com/rdkit/rdkit/0ece02e9254ef2d5eeade2bd40eb13546522dbd3/Code/GraphMol/FilterCatalog/pains_c.in#L347
sensitivity,pains,thiazole_amine_M(1),0,9098,https://raw.githubusercontent.com/rdkit/rdkit/0ece02e9254ef2d5eeade2bd40eb13546522dbd3/Code/GraphMol/FilterCatalog/pains_c.in#L348
sensitivity,pains,misc_pyrrole_thiaz(1),0,9098,https://raw.githubusercontent.com/rdkit/rdkit/0ece02e9254ef2d5eeade2bd40eb13546522dbd3/Code/GraphMol/FilterCatalog/pains_c.in#L349
sensitivity,pains,pyrrole_L(1),0,9098,https://raw.githubusercontent.com/rdkit/rdkit/0ece02e9254ef2d5eeade2bd40eb13546522dbd3/Code/GraphMol/FilterCatalog/pains_c.in#L350
sensitivity,pains,het_thio_65_D(1),0,9098,https://raw.githubusercontent.com/rdkit/rdkit/0ece02e9254ef2d5eeade2bd40eb13546522dbd3/Code/GraphMol/FilterCatalog/pains_c.in#L351
sensitivity,pains,ene_misc_E(1),0,9098,https://raw.githubusercontent.com/rdkit/rdkit/0ece02e9254ef2d5eeade2bd40eb13546522dbd3/Code/GraphMol/FilterCatalog/pains_c.in#L352
sensitivity,pains,thio_cyano_A(1),0,9098,https://raw.githubusercontent.com/rdkit/rdkit/0ece02e9254ef2d5eeade2bd40eb13546522dbd3/Code/GraphMol/FilterCatalog/pains_c.in#L353
sensitivity,pains,cyano_amino_het_B(1),0,9098,https://raw.githubusercontent.com/rdkit/rdkit/0ece02e9254ef2d5eeade2bd40eb13546522dbd3/Code/GraphMol/FilterCatalog/pains_c.in#L354
sensitivity,pains,cyano_pyridone_G(1),0,9098,https://raw.githubusercontent.com/rdkit/rdkit/0ece02e9254ef2d5eeade2bd40eb13546522dbd3/Code/GraphMol/FilterCatalog/pains_c.in#L355
sensitivity,pains,het_65_J(1),0,9098,https://raw.githubusercontent.com/rdkit/rdkit/0ece02e9254ef2d5eeade2bd40eb13546522dbd3/Code/GraphMol/FilterCatalog/pains_c.in#L356
sensitivity,pains,ene_one_yne_A(1),0,9098,https://raw.githubusercontent.com/rdkit/rdkit/0ece02e9254ef2d5eeade2bd40eb13546522dbd3/Code/GraphMol/FilterCatalog/pains_c.in#L357
sensitivity,pains,anil_OH_no_alk_B(1),0,9098,https://raw.githubusercontent.com/rdkit/rdkit/0ece02e9254ef2d5eeade2bd40eb13546522dbd3/Code/GraphMol/FilterCatalog/pains_c.in#L358
sensitivity,pains,hzone_acyl_misc_A(1),0,9098,https://raw.githubusercontent.com/rdkit/rdkit/0ece02e9254ef2d5eeade2bd40eb13546522dbd3/Code/GraphMol/FilterCatalog/pains_c.in#L359
sensitivity,pains,thiophene_F(1),0,9098,https://raw.githubusercontent.com/rdkit/rdkit/0ece02e9254ef2d5eeade2bd40eb13546522dbd3/Code/GraphMol/FilterCatalog/pains_c.in#L360
sensitivity,pains,anil_OC_alk_E(1),0,9098,https://raw.githubusercontent.com/rdkit/rdkit/0ece02e9254ef2d5eeade2bd40eb13546522dbd3/Code/GraphMol/FilterCatalog/pains_c.in#L361
sensitivity,pains,anil_OC_alk_F(1),0,9098,https://raw.githubusercontent.com/rdkit/rdkit/0ece02e9254ef2d5eeade2bd40eb13546522dbd3/Code/GraphMol/FilterCatalog/pains_c.in#L362
sensitivity,pains,het_65_K(1),0,9098,https://raw.githubusercontent.com/rdkit/rdkit/0ece02e9254ef2d5eeade2bd40eb13546522dbd3/Code/GraphMol/FilterCatalog/pains_c.in#L363
sensitivity,pains,het_65_L(1),0,9098,https://raw.githubusercontent.com/rdkit/rdkit/0ece02e9254ef2d5eeade2bd40eb13546522dbd3/Code/GraphMol/FilterCatalog/pains_c.in#L364
sensitivity,pains,coumarin_E(1),0,9098,https://raw.githubusercontent.com/rdkit/rdkit/0ece02e9254ef2d5eeade2bd40eb13546522dbd3/Code/GraphMol/FilterCatalog/pains_c.in#L365
sensitivity,pains,coumarin_F(1),0,9098,https://raw.githubusercontent.com/rdkit/rdkit/0ece02e9254ef2d5eeade2bd40eb13546522dbd3/Code/GraphMol/FilterCatalog/pains_c.in#L366
sensitivity,pains,coumarin_G(1),0,9098,https://raw.githubusercontent.com/rdkit/rdkit/0ece02e9254ef2d5eeade2bd40eb13546522dbd3/Code/GraphMol/FilterCatalog/pains_c.in#L367
sensitivity,pains,coumarin_H(1),0,9098,https://raw.githubusercontent.com/rdkit/rdkit/0ece02e9254ef2d5eeade2bd40eb13546522dbd3/Code/GraphMol/FilterCatalog/pains_c.in#L368
sensitivity,pains,het_thio_67_A(1),0,9098,https://raw.githubusercontent.com/rdkit/rdkit/0ece02e9254ef2d5eeade2bd40eb13546522dbd3/Code/GraphMol/FilterCatalog/pains_c.in#L369
sensitivity,pains,sulfonamide_I(1),0,9098,https://raw.githubusercontent.com/rdkit/rdkit/0ece02e9254ef2d5eeade2bd40eb13546522dbd3/Code/GraphMol/FilterCatalog/pains_c.in#L370
sensitivity,pains,het_65_mannich(1),0,9098,https://raw.githubusercontent.com/rdkit/rdkit/0ece02e9254ef2d5eeade2bd40eb13546522dbd3/Code/GraphMol/FilterCatalog/pains_c.in#L371
sensitivity,pains,anil_alk_A(1),0,9098,https://raw.githubusercontent.com/rdkit/rdkit/0ece02e9254ef2d5eeade2bd40eb13546522dbd3/Code/GraphMol/FilterCatalog/pains_c.in#L372
sensitivity,pains,het_5_inium(1),0,9098,https://raw.githubusercontent.com/rdkit/rdkit/0ece02e9254ef2d5eeade2bd40eb13546522dbd3/Code/GraphMol/FilterCatalog/pains_c.in#L373
sensitivity,pains,anil_di_alk_P(1),0,9098,https://raw.githubusercontent.com/rdkit/rdkit/0ece02e9254ef2d5eeade2bd40eb13546522dbd3/Code/GraphMol/FilterCatalog/pains_c.in#L374
sensitivity,pains,thio_urea_Q(1),0,9098,https://raw.githubusercontent.com/rdkit/rdkit/0ece02e9254ef2d5eeade2bd40eb13546522dbd3/Code/GraphMol/FilterCatalog/pains_c.in#L375
sensitivity,pains,thio_pyridine_A(1),0,9098,https://raw.githubusercontent.com/rdkit/rdkit/0ece02e9254ef2d5eeade2bd40eb13546522dbd3/Code/GraphMol/FilterCatalog/pains_c.in#L376
sensitivity,pains,melamine_B(1),0,9098,https://raw.githubusercontent.com/rdkit/rdkit/0ece02e9254ef2d5eeade2bd40eb13546522dbd3/Code/GraphMol/FilterCatalog/pains_c.in#L377
sensitivity,pains,misc_phthal_thio_N(1),0,9098,https://raw.githubusercontent.com/rdkit/rdkit/0ece02e9254ef2d5eeade2bd40eb13546522dbd3/Code/GraphMol/FilterCatalog/pains_c.in#L378
sensitivity,pains,hzone_acyl_misc_B(1),0,9098,https://raw.githubusercontent.com/rdkit/rdkit/0ece02e9254ef2d5eeade2bd40eb13546522dbd3/Code/GraphMol/FilterCatalog/pains_c.in#L379
sensitivity,pains,tert_butyl_B(1),0,9098,https://raw.githubusercontent.com/rdkit/rdkit/0ece02e9254ef2d5eeade2bd40eb13546522dbd3/Code/GraphMol/FilterCatalog/pains_c.in#L380
sensitivity,pains,diazox_E(1),0,9098,https://raw.githubusercontent.com/rdkit/rdkit/0ece02e9254ef2d5eeade2bd40eb13546522dbd3/Code/GraphMol/FilterCatalog/pains_c.in#L381
sensitivity,pains,anil_NH_no_alk_B(1),0,9098,https://raw.githubusercontent.com/rdkit/rdkit/0ece02e9254ef2d5eeade2bd40eb13546522dbd3/Code/GraphMol/FilterCatalog/pains_c.in#L382
sensitivity,pains,anil_no_alk_A(1),0,9098,https://raw.githubusercontent.com/rdkit/rdkit/0ece02e9254ef2d5eeade2bd40eb13546522dbd3/Code/GraphMol/FilterCatalog/pains_c.in#L383
sensitivity,pains,anil_no_alk_B(1),0,9098,https://raw.githubusercontent.com/rdkit/rdkit/0ece02e9254ef2d5eeade2bd40eb13546522dbd3/Code/GraphMol/FilterCatalog/pains_c.in#L384
sensitivity,pains,thio_ene_amine_A(1),0,9098,https://raw.githubusercontent.com/rdkit/rdkit/0ece02e9254ef2d5eeade2bd40eb13546522dbd3/Code/GraphMol/FilterCatalog/pains_c.in#L385
sensitivity,pains,het_55_B(1),0,9098,https://raw.githubusercontent.com/rdkit/rdkit/0ece02e9254ef2d5eeade2bd40eb13546522dbd3/Code/GraphMol/FilterCatalog/pains_c.in#L386
sensitivity,pains,cyanamide_A(1),0,9098,https://raw.githubusercontent.com/rdkit/rdkit/0ece02e9254ef2d5eeade2bd40eb13546522dbd3/Code/GraphMol/FilterCatalog/pains_c.in#L387
sensitivity,pains,ene_one_one_A(1),0,9098,https://raw.githubusercontent.com/rdkit/rdkit/0ece02e9254ef2d5eeade2bd40eb13546522dbd3/Code/GraphMol/FilterCatalog/pains_c.in#L388
sensitivity,pains,ene_six_het_D(1),0,9098,https://raw.githubusercontent.com/rdkit/rdkit/0ece02e9254ef2d5eeade2bd40eb13546522dbd3/Code/GraphMol/FilterCatalog/pains_c.in#L389
sensitivity,pains,ene_cyano_E(1),0,9098,https://raw.githubusercontent.com/rdkit/rdkit/0ece02e9254ef2d5eeade2bd40eb13546522dbd3/Code/GraphMol/FilterCatalog/pains_c.in#L390
sensitivity,pains,ene_cyano_F(1),0,9098,https://raw.githubusercontent.com/rdkit/rdkit/0ece02e9254ef2d5eeade2bd40eb13546522dbd3/Code/GraphMol/FilterCatalog/pains_c.in#L391
sensitivity,pains,hzone_furan_C(1),0,9098,https://raw.githubusercontent.com/rdkit/rdkit/0ece02e9254ef2d5eeade2bd40eb13546522dbd3/Code/GraphMol/FilterCatalog/pains_c.in#L392
sensitivity,pains,anil_no_alk_C(1),0,9098,https://raw.githubusercontent.com/rdkit/rdkit/0ece02e9254ef2d5eeade2bd40eb13546522dbd3/Code/GraphMol/FilterCatalog/pains_c.in#L393
sensitivity,pains,hzone_acid_D(1),0,9098,https://raw.githubusercontent.com/rdkit/rdkit/0ece02e9254ef2d5eeade2bd40eb13546522dbd3/Code/GraphMol/FilterCatalog/pains_c.in#L394
sensitivity,pains,hzone_furan_E(1),0,9098,https://raw.githubusercontent.com/rdkit/rdkit/0ece02e9254ef2d5eeade2bd40eb13546522dbd3/Code/GraphMol/FilterCatalog/pains_c.in#L395
sensitivity,pains,het_6_pyridone_NH2(1),0,9098,https://raw.githubusercontent.com/rdkit/rdkit/0ece02e9254ef2d5eeade2bd40eb13546522dbd3/Code/GraphMol/FilterCatalog/pains_c.in#L396
sensitivity,pains,imine_one_fives_D(1),0,9098,https://raw.githubusercontent.com/rdkit/rdkit/0ece02e9254ef2d5eeade2bd40eb13546522dbd3/Code/GraphMol/FilterCatalog/pains_c.in#L397
sensitivity,pains,pyrrole_M(1),0,9098,https://raw.githubusercontent.com/rdkit/rdkit/0ece02e9254ef2d5eeade2bd40eb13546522dbd3/Code/GraphMol/FilterCatalog/pains_c.in#L398
sensitivity,pains,pyrrole_N(1),0,9098,https://raw.githubusercontent.com/rdkit/rdkit/0ece02e9254ef2d5eeade2bd40eb13546522dbd3/Code/GraphMol/FilterCatalog/pains_c.in#L399
sensitivity,pains,pyrrole_O(1),0,9098,https://raw.githubusercontent.com/rdkit/rdkit/0ece02e9254ef2d5eeade2bd40eb13546522dbd3/Code/GraphMol/FilterCatalog/pains_c.in#L400
sensitivity,pains,ene_cyano_G(1),0,9098,https://raw.githubusercontent.com/rdkit/rdkit/0ece02e9254ef2d5eeade2bd40eb13546522dbd3/Code/GraphMol/FilterCatalog/pains_c.in#L401
sensitivity,pains,sulfonamide_J(1),0,9098,https://raw.githubusercontent.com/rdkit/rdkit/0ece02e9254ef2d5eeade2bd40eb13546522dbd3/Code/GraphMol/FilterCatalog/pains_c.in#L402
sensitivity,pains,misc_pyrrole_benz(1),0,9098,https://raw.githubusercontent.com/rdkit/rdkit/0ece02e9254ef2d5eeade2bd40eb13546522dbd3/Code/GraphMol/FilterCatalog/pains_c.in#L403
sensitivity,pains,thio_urea_R(1),0,9098,https://raw.githubusercontent.com/rdkit/rdkit/0ece02e9254ef2d5eeade2bd40eb13546522dbd3/Code/GraphMol/FilterCatalog/pains_c.in#L404
sensitivity,pains,ene_one_one_B(1),0,9098,https://raw.githubusercontent.com/rdkit/rdkit/0ece02e9254ef2d5eeade2bd40eb13546522dbd3/Code/GraphMol/FilterCatalog/pains_c.in#L405
sensitivity,pains,dhp_amino_CN_H(1),0,9098,https://raw.githubusercontent.com/rdkit/rdkit/0ece02e9254ef2d5eeade2bd40eb13546522dbd3/Code/GraphMol/FilterCatalog/pains_c.in#L406
sensitivity,pains,het_66_anisole(1),0,9098,https://raw.githubusercontent.com/rdkit/rdkit/0ece02e9254ef2d5eeade2bd40eb13546522dbd3/Code/GraphMol/FilterCatalog/pains_c.in#L407
sensitivity,pains,thiazole_amine_N(1),0,9098,https://raw.githubusercontent.com/rdkit/rdkit/0ece02e9254ef2d5eeade2bd40eb13546522dbd3/Code/GraphMol/FilterCatalog/pains_c.in#L408
sensitivity,pains,het_pyridiniums_C(1),0,9098,https://raw.githubusercontent.com/rdkit/rdkit/0ece02e9254ef2d5eeade2bd40eb13546522dbd3/Code/GraphMol/FilterCatalog/pains_c.in#L409
sensitivity,pains,het_5_E(1),0,9098,https://raw.githubusercontent.com/rdkit/rdkit/0ece02e9254ef2d5eeade2bd40eb13546522dbd3/Code/GraphMol/FilterCatalog/pains_c.in#L410
sensitivity,pains_A,ene_six_het_A(483),0,9098,https://raw.githubusercontent.com/rdkit/rdkit/0ece02e9254ef2d5eeade2bd40eb13546522dbd3/Code/GraphMol/FilterCatalog/pains_a.in#L2
sensitivity,pains_A,hzone_phenol_A(479),0,9098,https://raw.githubusercontent.com/rdkit/rdkit/0ece02e9254ef2d5eeade2bd40eb13546522dbd3/Code/GraphMol/FilterCatalog/pains_a.in#L3
sensitivity,pains_A,anil_di_alk_A(478),74,9098,https://raw.githubusercontent.com/rdkit/rdkit/0ece02e9254ef2d5eeade2bd40eb13546522dbd3/Code/GraphMol/FilterCatalog/pains_a.in#L4
sensitivity,pains_A,indol_3yl_alk(461),11,9098,https://raw.githubusercontent.com/rdkit/rdkit/0ece02e9254ef2d5eeade2bd40eb13546522dbd3/Code/GraphMol/FilterCatalog/pains_a.in#L5
sensitivity,pains_A,quinone_A(370),41,9098,https://raw.githubusercontent.com/rdkit/rdkit/0ece02e9254ef2d5eeade2bd40eb13546522dbd3/Code/GraphMol/FilterCatalog/pains_a.in#L6
sensitivity,pains_A,azo_A(324),3,9098,https://raw.githubusercontent.com/rdkit/rdkit/0ece02e9254ef2d5eeade2bd40eb13546522dbd3/Code/GraphMol/FilterCatalog/pains_a.in#L7
sensitivity,pains_A,imine_one_A(321),2,9098,https://raw.githubusercontent.com/rdkit/rdkit/0ece02e9254ef2d5eeade2bd40eb13546522dbd3/Code/GraphMol/FilterCatalog/pains_a.in#L8
sensitivity,pains_A,mannich_A(296),16,9098,https://raw.githubusercontent.com/rdkit/rdkit/0ece02e9254ef2d5eeade2bd40eb13546522dbd3/Code/GraphMol/FilterCatalog/pains_a.in#L9
sensitivity,pains_A,anil_di_alk_B(251),5,9098,https://raw.githubusercontent.com/rdkit/rdkit/0ece02e9254ef2d5eeade2bd40eb13546522dbd3/Code/GraphMol/FilterCatalog/pains_a.in#L10
sensitivity,pains_A,anil_di_alk_C(246),18,9098,https://raw.githubusercontent.com/rdkit/rdkit/0ece02e9254ef2d5eeade2bd40eb13546522dbd3/Code/GraphMol/FilterCatalog/pains_a.in#L11
sensitivity,pains_A,ene_rhod_A(235),5,9098,https://raw.githubusercontent.com/rdkit/rdkit/0ece02e9254ef2d5eeade2bd40eb13546522dbd3/Code/GraphMol/FilterCatalog/pains_a.in#L12
sensitivity,pains_A,hzone_phenol_B(215),0,9098,https://raw.githubusercontent.com/rdkit/rdkit/0ece02e9254ef2d5eeade2bd40eb13546522dbd3/Code/GraphMol/FilterCatalog/pains_a.in#L13
sensitivity,pains_A,ene_five_het_A(201),1,9098,https://raw.githubusercontent.com/rdkit/rdkit/0ece02e9254ef2d5eeade2bd40eb13546522dbd3/Code/GraphMol/FilterCatalog/pains_a.in#L14
sensitivity,pains_A,anil_di_alk_D(198),2,9098,https://raw.githubusercontent.com/rdkit/rdkit/0ece02e9254ef2d5eeade2bd40eb13546522dbd3/Code/GraphMol/FilterCatalog/pains_a.in#L15
sensitivity,pains_A,imine_one_isatin(189),0,9098,https://raw.githubusercontent.com/rdkit/rdkit/0ece02e9254ef2d5eeade2bd40eb13546522dbd3/Code/GraphMol/FilterCatalog/pains_a.in#L16
sensitivity,pains_A,anil_di_alk_E(186),3,9098,https://raw.githubusercontent.com/rdkit/rdkit/0ece02e9254ef2d5eeade2bd40eb13546522dbd3/Code/GraphMol/FilterCatalog/pains_a.in#L17
sensitivity,pains_B,thiaz_ene_A(128),0,9098,https://raw.githubusercontent.com/rdkit/rdkit/0ece02e9254ef2d5eeade2bd40eb13546522dbd3/Code/GraphMol/FilterCatalog/pains_b.in#L2
sensitivity,pains_B,pyrrole_A(118),3,9098,https://raw.githubusercontent.com/rdkit/rdkit/0ece02e9254ef2d5eeade2bd40eb13546522dbd3/Code/GraphMol/FilterCatalog/pains_b.in#L3
sensitivity,pains_B,catechol_A(92),56,9098,https://raw.githubusercontent.com/rdkit/rdkit/0ece02e9254ef2d5eeade2bd40eb13546522dbd3/Code/GraphMol/FilterCatalog/pains_b.in#L4
sensitivity,pains_B,ene_five_het_B(90),0,9098,https://raw.githubusercontent.com/rdkit/rdkit/0ece02e9254ef2d5eeade2bd40eb13546522dbd3/Code/GraphMol/FilterCatalog/pains_b.in#L5
sensitivity,pains_B,imine_one_fives(89),0,9098,https://raw.githubusercontent.com/rdkit/rdkit/0ece02e9254ef2d5eeade2bd40eb13546522dbd3/Code/GraphMol/FilterCatalog/pains_b.in#L6
sensitivity,pains_B,ene_five_het_C(85),0,9098,https://raw.githubusercontent.com/rdkit/rdkit/0ece02e9254ef2d5eeade2bd40eb13546522dbd3/Code/GraphMol/FilterCatalog/pains_b.in#L7
sensitivity,pains_B,hzone_pipzn(79),0,9098,https://raw.githubusercontent.com/rdkit/rdkit/0ece02e9254ef2d5eeade2bd40eb13546522dbd3/Code/GraphMol/FilterCatalog/pains_b.in#L8
sensitivity,pains_B,keto_keto_beta_A(68),0,9098,https://raw.githubusercontent.com/rdkit/rdkit/0ece02e9254ef2d5eeade2bd40eb13546522dbd3/Code/GraphMol/FilterCatalog/pains_b.in#L9
sensitivity,pains_B,hzone_pyrrol(64),0,9098,https://raw.githubusercontent.com/rdkit/rdkit/0ece02e9254ef2d5eeade2bd40eb13546522dbd3/Code/GraphMol/FilterCatalog/pains_b.in#L10
sensitivity,pains_B,ene_one_ene_A(57),4,9098,https://raw.githubusercontent.com/rdkit/rdkit/0ece02e9254ef2d5eeade2bd40eb13546522dbd3/Code/GraphMol/FilterCatalog/pains_b.in#L11
sensitivity,pains_B,cyano_ene_amine_A(56),0,9098,https://raw.githubusercontent.com/rdkit/rdkit/0ece02e9254ef2d5eeade2bd40eb13546522dbd3/Code/GraphMol/FilterCatalog/pains_b.in#L12
sensitivity,pains_B,ene_five_one_A(55),0,9098,https://raw.githubusercontent.com/rdkit/rdkit/0ece02e9254ef2d5eeade2bd40eb13546522dbd3/Code/GraphMol/FilterCatalog/pains_b.in#L13
sensitivity,pains_B,cyano_pyridone_A(54),3,9098,https://raw.githubusercontent.com/rdkit/rdkit/0ece02e9254ef2d5eeade2bd40eb13546522dbd3/Code/GraphMol/FilterCatalog/pains_b.in#L14
sensitivity,pains_B,anil_alk_ene(51),22,9098,https://raw.githubusercontent.com/rdkit/rdkit/0ece02e9254ef2d5eeade2bd40eb13546522dbd3/Code/GraphMol/FilterCatalog/pains_b.in#L15
sensitivity,pains_B,amino_acridine_A(46),289,9098,https://raw.githubusercontent.com/rdkit/rdkit/0ece02e9254ef2d5eeade2bd40eb13546522dbd3/Code/GraphMol/FilterCatalog/pains_b.in#L16
sensitivity,pains_B,ene_five_het_D(46),0,9098,https://raw.githubusercontent.com/rdkit/rdkit/0ece02e9254ef2d5eeade2bd40eb13546522dbd3/Code/GraphMol/FilterCatalog/pains_b.in#L17
sensitivity,pains_B,thiophene_amino_Aa(45),0,9098,https://raw.githubusercontent.com/rdkit/rdkit/0ece02e9254ef2d5eeade2bd40eb13546522dbd3/Code/GraphMol/FilterCatalog/pains_b.in#L18
sensitivity,pains_B,ene_five_het_E(44),0,9098,https://raw.githubusercontent.com/rdkit/rdkit/0ece02e9254ef2d5eeade2bd40eb13546522dbd3/Code/GraphMol/FilterCatalog/pains_b.in#L19
sensitivity,pains_B,sulfonamide_A(43),0,9098,https://raw.githubusercontent.com/rdkit/rdkit/0ece02e9254ef2d5eeade2bd40eb13546522dbd3/Code/GraphMol/FilterCatalog/pains_b.in#L20
sensitivity,pains_B,thio_ketone(43),0,9098,https://raw.githubusercontent.com/rdkit/rdkit/0ece02e9254ef2d5eeade2bd40eb13546522dbd3/Code/GraphMol/FilterCatalog/pains_b.in#L21
sensitivity,pains_B,sulfonamide_B(41),2,9098,https://raw.githubusercontent.com/rdkit/rdkit/0ece02e9254ef2d5eeade2bd40eb13546522dbd3/Code/GraphMol/FilterCatalog/pains_b.in#L22
sensitivity,pains_B,anil_no_alk(40),11,9098,https://raw.githubusercontent.com/rdkit/rdkit/0ece02e9254ef2d5eeade2bd40eb13546522dbd3/Code/GraphMol/FilterCatalog/pains_b.in#L23
sensitivity,pains_B,thiophene_amino_Ab(40),0,9098,https://raw.githubusercontent.com/rdkit/rdkit/0ece02e9254ef2d5eeade2bd40eb13546522dbd3/Code/GraphMol/FilterCatalog/pains_b.in#L24
sensitivity,pains_B,het_pyridiniums_A(39),22,9098,https://raw.githubusercontent.com/rdkit/rdkit/0ece02e9254ef2d5eeade2bd40eb13546522dbd3/Code/GraphMol/FilterCatalog/pains_b.in#L25
sensitivity,pains_B,anthranil_one_A(38),1,9098,https://raw.githubusercontent.com/rdkit/rdkit/0ece02e9254ef2d5eeade2bd40eb13546522dbd3/Code/GraphMol/FilterCatalog/pains_b.in#L26
sensitivity,pains_B,cyano_imine_A(37),0,9098,https://raw.githubusercontent.com/rdkit/rdkit/0ece02e9254ef2d5eeade2bd40eb13546522dbd3/Code/GraphMol/FilterCatalog/pains_b.in#L27
sensitivity,pains_B,diazox_sulfon_A(36),0,9098,https://raw.githubusercontent.com/rdkit/rdkit/0ece02e9254ef2d5eeade2bd40eb13546522dbd3/Code/GraphMol/FilterCatalog/pains_b.in#L28
sensitivity,pains_B,hzone_anil_di_alk(35),0,9098,https://raw.githubusercontent.com/rdkit/rdkit/0ece02e9254ef2d5eeade2bd40eb13546522dbd3/Code/GraphMol/FilterCatalog/pains_b.in#L29
sensitivity,pains_B,rhod_sat_A(33),0,9098,https://raw.githubusercontent.com/rdkit/rdkit/0ece02e9254ef2d5eeade2bd40eb13546522dbd3/Code/GraphMol/FilterCatalog/pains_b.in#L30
sensitivity,pains_B,hzone_enamin(30),0,9098,https://raw.githubusercontent.com/rdkit/rdkit/0ece02e9254ef2d5eeade2bd40eb13546522dbd3/Code/GraphMol/FilterCatalog/pains_b.in#L31
sensitivity,pains_B,pyrrole_B(29),3,9098,https://raw.githubusercontent.com/rdkit/rdkit/0ece02e9254ef2d5eeade2bd40eb13546522dbd3/Code/GraphMol/FilterCatalog/pains_b.in#L32
sensitivity,pains_B,thiophene_hydroxy(28),1,9098,https://raw.githubusercontent.com/rdkit/rdkit/0ece02e9254ef2d5eeade2bd40eb13546522dbd3/Code/GraphMol/FilterCatalog/pains_b.in#L33
sensitivity,pains_B,cyano_pyridone_B(27),13,9098,https://raw.githubusercontent.com/rdkit/rdkit/0ece02e9254ef2d5eeade2bd40eb13546522dbd3/Code/GraphMol/FilterCatalog/pains_b.in#L34
sensitivity,pains_B,imine_one_sixes(27),0,9098,https://raw.githubusercontent.com/rdkit/rdkit/0ece02e9254ef2d5eeade2bd40eb13546522dbd3/Code/GraphMol/FilterCatalog/pains_b.in#L35
sensitivity,pains_B,dyes5A(27),1,9098,https://raw.githubusercontent.com/rdkit/rdkit/0ece02e9254ef2d5eeade2bd40eb13546522dbd3/Code/GraphMol/FilterCatalog/pains_b.in#L36
sensitivity,pains_B,naphth_amino_A(25),0,9098,https://raw.githubusercontent.com/rdkit/rdkit/0ece02e9254ef2d5eeade2bd40eb13546522dbd3/Code/GraphMol/FilterCatalog/pains_b.in#L37
sensitivity,pains_B,naphth_amino_B(25),0,9098,https://raw.githubusercontent.com/rdkit/rdkit/0ece02e9254ef2d5eeade2bd40eb13546522dbd3/Code/GraphMol/FilterCatalog/pains_b.in#L38
sensitivity,pains_B,ene_one_ester(24),0,9098,https://raw.githubusercontent.com/rdkit/rdkit/0ece02e9254ef2d5eeade2bd40eb13546522dbd3/Code/GraphMol/FilterCatalog/pains_b.in#L39
sensitivity,pains_B,thio_dibenzo(23),0,9098,https://raw.githubusercontent.com/rdkit/rdkit/0ece02e9254ef2d5eeade2bd40eb13546522dbd3/Code/GraphMol/FilterCatalog/pains_b.in#L40
sensitivity,pains_B,cyano_cyano_A(23),0,9098,https://raw.githubusercontent.com/rdkit/rdkit/0ece02e9254ef2d5eeade2bd40eb13546522dbd3/Code/GraphMol/FilterCatalog/pains_b.in#L41
sensitivity,pains_B,hzone_acyl_naphthol(22),0,9098,https://raw.githubusercontent.com/rdkit/rdkit/0ece02e9254ef2d5eeade2bd40eb13546522dbd3/Code/GraphMol/FilterCatalog/pains_b.in#L42
sensitivity,pains_B,het_65_A(21),0,9098,https://raw.githubusercontent.com/rdkit/rdkit/0ece02e9254ef2d5eeade2bd40eb13546522dbd3/Code/GraphMol/FilterCatalog/pains_b.in#L43
sensitivity,pains_B,imidazole_A(19),17,9098,https://raw.githubusercontent.com/rdkit/rdkit/0ece02e9254ef2d5eeade2bd40eb13546522dbd3/Code/GraphMol/FilterCatalog/pains_b.in#L44
sensitivity,pains_B,ene_cyano_A(19),1,9098,https://raw.githubusercontent.com/rdkit/rdkit/0ece02e9254ef2d5eeade2bd40eb13546522dbd3/Code/GraphMol/FilterCatalog/pains_b.in#L45
sensitivity,pains_B,anthranil_acid_A(19),0,9098,https://raw.githubusercontent.com/rdkit/rdkit/0ece02e9254ef2d5eeade2bd40eb13546522dbd3/Code/GraphMol/FilterCatalog/pains_b.in#L46
sensitivity,pains_B,dyes3A(19),0,9098,https://raw.githubusercontent.com/rdkit/rdkit/0ece02e9254ef2d5eeade2bd40eb13546522dbd3/Code/GraphMol/FilterCatalog/pains_b.in#L47
sensitivity,pains_B,dhp_bis_amino_CN(19),0,9098,https://raw.githubusercontent.com/rdkit/rdkit/0ece02e9254ef2d5eeade2bd40eb13546522dbd3/Code/GraphMol/FilterCatalog/pains_b.in#L48
sensitivity,pains_B,het_6_tetrazine(18),0,9098,https://raw.githubusercontent.com/rdkit/rdkit/0ece02e9254ef2d5eeade2bd40eb13546522dbd3/Code/GraphMol/FilterCatalog/pains_b.in#L49
sensitivity,pains_B,ene_one_hal(17),1,9098,https://raw.githubusercontent.com/rdkit/rdkit/0ece02e9254ef2d5eeade2bd40eb13546522dbd3/Code/GraphMol/FilterCatalog/pains_b.in#L50
sensitivity,pains_B,cyano_imine_B(17),0,9098,https://raw.githubusercontent.com/rdkit/rdkit/0ece02e9254ef2d5eeade2bd40eb13546522dbd3/Code/GraphMol/FilterCatalog/pains_b.in#L51
sensitivity,pains_B,thiaz_ene_B(17),0,9098,https://raw.githubusercontent.com/rdkit/rdkit/0ece02e9254ef2d5eeade2bd40eb13546522dbd3/Code/GraphMol/FilterCatalog/pains_b.in#L52
sensitivity,pains_B,ene_rhod_B(16),0,9098,https://raw.githubusercontent.com/rdkit/rdkit/0ece02e9254ef2d5eeade2bd40eb13546522dbd3/Code/GraphMol/FilterCatalog/pains_b.in#L53
sensitivity,pains_B,thio_carbonate_A(15),0,9098,https://raw.githubusercontent.com/rdkit/rdkit/0ece02e9254ef2d5eeade2bd40eb13546522dbd3/Code/GraphMol/FilterCatalog/pains_b.in#L54
sensitivity,pains_B,anil_di_alk_furan_A(15),0,9098,https://raw.githubusercontent.com/rdkit/rdkit/0ece02e9254ef2d5eeade2bd40eb13546522dbd3/Code/GraphMol/FilterCatalog/pains_b.in#L55
sensitivity,pains_B,ene_five_het_F(15),0,9098,https://raw.githubusercontent.com/rdkit/rdkit/0ece02e9254ef2d5eeade2bd40eb13546522dbd3/Code/GraphMol/FilterCatalog/pains_b.in#L56
sensitivity,pains_C,anil_di_alk_F(14),0,9098,https://raw.githubusercontent.com/rdkit/rdkit/0ece02e9254ef2d5eeade2bd40eb13546522dbd3/Code/GraphMol/FilterCatalog/pains_c.in#L2
sensitivity,pains_C,hzone_anil(14),0,9098,https://raw.githubusercontent.com/rdkit/rdkit/0ece02e9254ef2d5eeade2bd40eb13546522dbd3/Code/GraphMol/FilterCatalog/pains_c.in#L3
sensitivity,pains_C,het_5_pyrazole_OH(14),0,9098,https://raw.githubusercontent.com/rdkit/rdkit/0ece02e9254ef2d5eeade2bd40eb13546522dbd3/Code/GraphMol/FilterCatalog/pains_c.in#L4
sensitivity,pains_C,het_thio_666_A(13),0,9098,https://raw.githubusercontent.com/rdkit/rdkit/0ece02e9254ef2d5eeade2bd40eb13546522dbd3/Code/GraphMol/FilterCatalog/pains_c.in#L5
sensitivity,pains_C,styrene_A(13),0,9098,https://raw.githubusercontent.com/rdkit/rdkit/0ece02e9254ef2d5eeade2bd40eb13546522dbd3/Code/GraphMol/FilterCatalog/pains_c.in#L6
sensitivity,pains_C,ene_rhod_C(13),0,9098,https://raw.githubusercontent.com/rdkit/rdkit/0ece02e9254ef2d5eeade2bd40eb13546522dbd3/Code/GraphMol/FilterCatalog/pains_c.in#L7
sensitivity,pains_C,dhp_amino_CN_A(13),0,9098,https://raw.githubusercontent.com/rdkit/rdkit/0ece02e9254ef2d5eeade2bd40eb13546522dbd3/Code/GraphMol/FilterCatalog/pains_c.in#L8
sensitivity,pains_C,cyano_imine_C(12),0,9098,https://raw.githubusercontent.com/rdkit/rdkit/0ece02e9254ef2d5eeade2bd40eb13546522dbd3/Code/GraphMol/FilterCatalog/pains_c.in#L9
sensitivity,pains_C,thio_urea_A(12),0,9098,https://raw.githubusercontent.com/rdkit/rdkit/0ece02e9254ef2d5eeade2bd40eb13546522dbd3/Code/GraphMol/FilterCatalog/pains_c.in#L10
sensitivity,pains_C,thiophene_amino_B(12),0,9098,https://raw.githubusercontent.com/rdkit/rdkit/0ece02e9254ef2d5eeade2bd40eb13546522dbd3/Code/GraphMol/FilterCatalog/pains_c.in#L11
sensitivity,pains_C,keto_keto_beta_B(12),0,9098,https://raw.githubusercontent.com/rdkit/rdkit/0ece02e9254ef2d5eeade2bd40eb13546522dbd3/Code/GraphMol/FilterCatalog/pains_c.in#L12
sensitivity,pains_C,keto_phenone_A(11),1,9098,https://raw.githubusercontent.com/rdkit/rdkit/0ece02e9254ef2d5eeade2bd40eb13546522dbd3/Code/GraphMol/FilterCatalog/pains_c.in#L13
sensitivity,pains_C,cyano_pyridone_C(11),0,9098,https://raw.githubusercontent.com/rdkit/rdkit/0ece02e9254ef2d5eeade2bd40eb13546522dbd3/Code/GraphMol/FilterCatalog/pains_c.in#L14
sensitivity,pains_C,thiaz_ene_C(11),0,9098,https://raw.githubusercontent.com/rdkit/rdkit/0ece02e9254ef2d5eeade2bd40eb13546522dbd3/Code/GraphMol/FilterCatalog/pains_c.in#L15
sensitivity,pains_C,hzone_thiophene_A(11),0,9098,https://raw.githubusercontent.com/rdkit/rdkit/0ece02e9254ef2d5eeade2bd40eb13546522dbd3/Code/GraphMol/FilterCatalog/pains_c.in#L16
sensitivity,pains_C,ene_quin_methide(10),0,9098,https://raw.githubusercontent.com/rdkit/rdkit/0ece02e9254ef2d5eeade2bd40eb13546522dbd3/Code/GraphMol/FilterCatalog/pains_c.in#L17
sensitivity,pains_C,het_thio_676_A(10),0,9098,https://raw.githubusercontent.com/rdkit/rdkit/0ece02e9254ef2d5eeade2bd40eb13546522dbd3/Code/GraphMol/FilterCatalog/pains_c.in#L18
sensitivity,pains_C,ene_five_het_G(10),0,9098,https://raw.githubusercontent.com/rdkit/rdkit/0ece02e9254ef2d5eeade2bd40eb13546522dbd3/Code/GraphMol/FilterCatalog/pains_c.in#L19
sensitivity,pains_C,acyl_het_A(9),0,9098,https://raw.githubusercontent.com/rdkit/rdkit/0ece02e9254ef2d5eeade2bd40eb13546522dbd3/Code/GraphMol/FilterCatalog/pains_c.in#L20
sensitivity,pains_C,anil_di_alk_G(9),11,9098,https://raw.githubusercontent.com/rdkit/rdkit/0ece02e9254ef2d5eeade2bd40eb13546522dbd3/Code/GraphMol/FilterCatalog/pains_c.in#L21
sensitivity,pains_C,dhp_keto_A(9),0,9098,https://raw.githubusercontent.com/rdkit/rdkit/0ece02e9254ef2d5eeade2bd40eb13546522dbd3/Code/GraphMol/FilterCatalog/pains_c.in#L22
sensitivity,pains_C,thio_urea_B(9),0,9098,https://raw.githubusercontent.com/rdkit/rdkit/0ece02e9254ef2d5eeade2bd40eb13546522dbd3/Code/GraphMol/FilterCatalog/pains_c.in#L23
sensitivity,pains_C,anil_alk_bim(9),1,9098,https://raw.githubusercontent.com/rdkit/rdkit/0ece02e9254ef2d5eeade2bd40eb13546522dbd3/Code/GraphMol/FilterCatalog/pains_c.in#L24
sensitivity,pains_C,imine_imine_A(9),0,9098,https://raw.githubusercontent.com/rdkit/rdkit/0ece02e9254ef2d5eeade2bd40eb13546522dbd3/Code/GraphMol/FilterCatalog/pains_c.in#L25
sensitivity,pains_C,thio_urea_C(9),0,9098,https://raw.githubusercontent.com/rdkit/rdkit/0ece02e9254ef2d5eeade2bd40eb13546522dbd3/Code/GraphMol/FilterCatalog/pains_c.in#L26
sensitivity,pains_C,imine_one_fives_B(9),0,9098,https://raw.githubusercontent.com/rdkit/rdkit/0ece02e9254ef2d5eeade2bd40eb13546522dbd3/Code/GraphMol/FilterCatalog/pains_c.in#L27
sensitivity,pains_C,dhp_amino_CN_B(9),0,9098,https://raw.githubusercontent.com/rdkit/rdkit/0ece02e9254ef2d5eeade2bd40eb13546522dbd3/Code/GraphMol/FilterCatalog/pains_c.in#L28
sensitivity,pains_C,anil_OC_no_alk_A(8),0,9098,https://raw.githubusercontent.com/rdkit/rdkit/0ece02e9254ef2d5eeade2bd40eb13546522dbd3/Code/GraphMol/FilterCatalog/pains_c.in#L29
sensitivity,pains_C,het_thio_66_one(8),0,9098,https://raw.githubusercontent.com/rdkit/rdkit/0ece02e9254ef2d5eeade2bd40eb13546522dbd3/Code/GraphMol/FilterCatalog/pains_c.in#L30
sensitivity,pains_C,styrene_B(8),1,9098,https://raw.githubusercontent.com/rdkit/rdkit/0ece02e9254ef2d5eeade2bd40eb13546522dbd3/Code/GraphMol/FilterCatalog/pains_c.in#L31
sensitivity,pains_C,het_thio_5_A(8),0,9098,https://raw.githubusercontent.com/rdkit/rdkit/0ece02e9254ef2d5eeade2bd40eb13546522dbd3/Code/GraphMol/FilterCatalog/pains_c.in#L32
sensitivity,pains_C,anil_di_alk_ene_A(8),0,9098,https://raw.githubusercontent.com/rdkit/rdkit/0ece02e9254ef2d5eeade2bd40eb13546522dbd3/Code/GraphMol/FilterCatalog/pains_c.in#L33
sensitivity,pains_C,ene_rhod_D(8),0,9098,https://raw.githubusercontent.com/rdkit/rdkit/0ece02e9254ef2d5eeade2bd40eb13546522dbd3/Code/GraphMol/FilterCatalog/pains_c.in#L34
sensitivity,pains_C,ene_rhod_E(8),0,9098,https://raw.githubusercontent.com/rdkit/rdkit/0ece02e9254ef2d5eeade2bd40eb13546522dbd3/Code/GraphMol/FilterCatalog/pains_c.in#L35
sensitivity,pains_C,anil_OH_alk_A(8),1,9098,https://raw.githubusercontent.com/rdkit/rdkit/0ece02e9254ef2d5eeade2bd40eb13546522dbd3/Code/GraphMol/FilterCatalog/pains_c.in#L36
sensitivity,pains_C,pyrrole_C(8),8,9098,https://raw.githubusercontent.com/rdkit/rdkit/0ece02e9254ef2d5eeade2bd40eb13546522dbd3/Code/GraphMol/FilterCatalog/pains_c.in#L37
sensitivity,pains_C,thio_urea_D(8),0,9098,https://raw.githubusercontent.com/rdkit/rdkit/0ece02e9254ef2d5eeade2bd40eb13546522dbd3/Code/GraphMol/FilterCatalog/pains_c.in#L38
sensitivity,pains_C,thiaz_ene_D(8),0,9098,https://raw.githubusercontent.com/rdkit/rdkit/0ece02e9254ef2d5eeade2bd40eb13546522dbd3/Code/GraphMol/FilterCatalog/pains_c.in#L39
sensitivity,pains_C,ene_rhod_F(8),0,9098,https://raw.githubusercontent.com/rdkit/rdkit/0ece02e9254ef2d5eeade2bd40eb13546522dbd3/Code/GraphMol/FilterCatalog/pains_c.in#L40
sensitivity,pains_C,thiaz_ene_E(8),0,9098,https://raw.githubusercontent.com/rdkit/rdkit/0ece02e9254ef2d5eeade2bd40eb13546522dbd3/Code/GraphMol/FilterCatalog/pains_c.in#L41
sensitivity,pains_C,het_65_B(7),0,9098,https://raw.githubusercontent.com/rdkit/rdkit/0ece02e9254ef2d5eeade2bd40eb13546522dbd3/Code/GraphMol/FilterCatalog/pains_c.in#L42
sensitivity,pains_C,keto_keto_beta_C(7),0,9098,https://raw.githubusercontent.com/rdkit/rdkit/0ece02e9254ef2d5eeade2bd40eb13546522dbd3/Code/GraphMol/FilterCatalog/pains_c.in#L43
sensitivity,pains_C,het_66_A(7),0,9098,https://raw.githubusercontent.com/rdkit/rdkit/0ece02e9254ef2d5eeade2bd40eb13546522dbd3/Code/GraphMol/FilterCatalog/pains_c.in#L44
sensitivity,pains_C,thio_urea_E(7),0,9098,https://raw.githubusercontent.com/rdkit/rdkit/0ece02e9254ef2d5eeade2bd40eb13546522dbd3/Code/GraphMol/FilterCatalog/pains_c.in#L45
sensitivity,pains_C,thiophene_amino_C(7),0,9098,https://raw.githubusercontent.com/rdkit/rdkit/0ece02e9254ef2d5eeade2bd40eb13546522dbd3/Code/GraphMol/FilterCatalog/pains_c.in#L46
sensitivity,pains_C,hzone_phenone(7),0,9098,https://raw.githubusercontent.com/rdkit/rdkit/0ece02e9254ef2d5eeade2bd40eb13546522dbd3/Code/GraphMol/FilterCatalog/pains_c.in#L47
sensitivity,pains_C,ene_rhod_G(7),0,9098,https://raw.githubusercontent.com/rdkit/rdkit/0ece02e9254ef2d5eeade2bd40eb13546522dbd3/Code/GraphMol/FilterCatalog/pains_c.in#L48
sensitivity,pains_C,ene_cyano_B(7),0,9098,https://raw.githubusercontent.com/rdkit/rdkit/0ece02e9254ef2d5eeade2bd40eb13546522dbd3/Code/GraphMol/FilterCatalog/pains_c.in#L49
sensitivity,pains_C,dhp_amino_CN_C(7),0,9098,https://raw.githubusercontent.com/rdkit/rdkit/0ece02e9254ef2d5eeade2bd40eb13546522dbd3/Code/GraphMol/FilterCatalog/pains_c.in#L50
sensitivity,pains_C,het_5_A(7),0,9098,https://raw.githubusercontent.com/rdkit/rdkit/0ece02e9254ef2d5eeade2bd40eb13546522dbd3/Code/GraphMol/FilterCatalog/pains_c.in#L51
sensitivity,pains_C,ene_five_het_H(6),0,9098,https://raw.githubusercontent.com/rdkit/rdkit/0ece02e9254ef2d5eeade2bd40eb13546522dbd3/Code/GraphMol/FilterCatalog/pains_c.in#L52
sensitivity,pains_C,thio_amide_A(6),0,9098,https://raw.githubusercontent.com/rdkit/rdkit/0ece02e9254ef2d5eeade2bd40eb13546522dbd3/Code/GraphMol/FilterCatalog/pains_c.in#L53
sensitivity,pains_C,ene_cyano_C(6),0,9098,https://raw.githubusercontent.com/rdkit/rdkit/0ece02e9254ef2d5eeade2bd40eb13546522dbd3/Code/GraphMol/FilterCatalog/pains_c.in#L54
sensitivity,pains_C,hzone_furan_A(6),0,9098,https://raw.githubusercontent.com/rdkit/rdkit/0ece02e9254ef2d5eeade2bd40eb13546522dbd3/Code/GraphMol/FilterCatalog/pains_c.in#L55
sensitivity,pains_C,anil_di_alk_H(6),0,9098,https://raw.githubusercontent.com/rdkit/rdkit/0ece02e9254ef2d5eeade2bd40eb13546522dbd3/Code/GraphMol/FilterCatalog/pains_c.in#L56
sensitivity,pains_C,het_65_C(6),0,9098,https://raw.githubusercontent.com/rdkit/rdkit/0ece02e9254ef2d5eeade2bd40eb13546522dbd3/Code/GraphMol/FilterCatalog/pains_c.in#L57
sensitivity,pains_C,thio_urea_F(6),0,9098,https://raw.githubusercontent.com/rdkit/rdkit/0ece02e9254ef2d5eeade2bd40eb13546522dbd3/Code/GraphMol/FilterCatalog/pains_c.in#L58
sensitivity,pains_C,ene_five_het_I(6),0,9098,https://raw.githubusercontent.com/rdkit/rdkit/0ece02e9254ef2d5eeade2bd40eb13546522dbd3/Code/GraphMol/FilterCatalog/pains_c.in#L59
sensitivity,pains_C,keto_keto_gamma(5),1,9098,https://raw.githubusercontent.com/rdkit/rdkit/0ece02e9254ef2d5eeade2bd40eb13546522dbd3/Code/GraphMol/FilterCatalog/pains_c.in#L60
sensitivity,pains_C,quinone_B(5),0,9098,https://raw.githubusercontent.com/rdkit/rdkit/0ece02e9254ef2d5eeade2bd40eb13546522dbd3/Code/GraphMol/FilterCatalog/pains_c.in#L61
sensitivity,pains_C,het_6_pyridone_OH(5),0,9098,https://raw.githubusercontent.com/rdkit/rdkit/0ece02e9254ef2d5eeade2bd40eb13546522dbd3/Code/GraphMol/FilterCatalog/pains_c.in#L62
sensitivity,pains_C,hzone_naphth_A(5),0,9098,https://raw.githubusercontent.com/rdkit/rdkit/0ece02e9254ef2d5eeade2bd40eb13546522dbd3/Code/GraphMol/FilterCatalog/pains_c.in#L63
sensitivity,pains_C,thio_ester_A(5),0,9098,https://raw.githubusercontent.com/rdkit/rdkit/0ece02e9254ef2d5eeade2bd40eb13546522dbd3/Code/GraphMol/FilterCatalog/pains_c.in#L64
sensitivity,pains_C,ene_misc_A(5),0,9098,https://raw.githubusercontent.com/rdkit/rdkit/0ece02e9254ef2d5eeade2bd40eb13546522dbd3/Code/GraphMol/FilterCatalog/pains_c.in#L65
sensitivity,pains_C,cyano_pyridone_D(5),0,9098,https://raw.githubusercontent.com/rdkit/rdkit/0ece02e9254ef2d5eeade2bd40eb13546522dbd3/Code/GraphMol/FilterCatalog/pains_c.in#L66
sensitivity,pains_C,het_65_Db(5),0,9098,https://raw.githubusercontent.com/rdkit/rdkit/0ece02e9254ef2d5eeade2bd40eb13546522dbd3/Code/GraphMol/FilterCatalog/pains_c.in#L67
sensitivity,pains_C,het_666_A(5),0,9098,https://raw.githubusercontent.com/rdkit/rdkit/0ece02e9254ef2d5eeade2bd40eb13546522dbd3/Code/GraphMol/FilterCatalog/pains_c.in#L68
sensitivity,pains_C,diazox_sulfon_B(5),0,9098,https://raw.githubusercontent.com/rdkit/rdkit/0ece02e9254ef2d5eeade2bd40eb13546522dbd3/Code/GraphMol/FilterCatalog/pains_c.in#L69
sensitivity,pains_C,anil_NH_alk_A(5),0,9098,https://raw.githubusercontent.com/rdkit/rdkit/0ece02e9254ef2d5eeade2bd40eb13546522dbd3/Code/GraphMol/FilterCatalog/pains_c.in#L70
sensitivity,pains_C,sulfonamide_C(5),0,9098,https://raw.githubusercontent.com/rdkit/rdkit/0ece02e9254ef2d5eeade2bd40eb13546522dbd3/Code/GraphMol/FilterCatalog/pains_c.in#L71
sensitivity,pains_C,het_thio_N_55(5),0,9098,https://raw.githubusercontent.com/rdkit/rdkit/0ece02e9254ef2d5eeade2bd40eb13546522dbd3/Code/GraphMol/FilterCatalog/pains_c.in#L72
sensitivity,pains_C,keto_keto_beta_D(5),0,9098,https://raw.githubusercontent.com/rdkit/rdkit/0ece02e9254ef2d5eeade2bd40eb13546522dbd3/Code/GraphMol/FilterCatalog/pains_c.in#L73
sensitivity,pains_C,ene_rhod_H(5),0,9098,https://raw.githubusercontent.com/rdkit/rdkit/0ece02e9254ef2d5eeade2bd40eb13546522dbd3/Code/GraphMol/FilterCatalog/pains_c.in#L74
sensitivity,pains_C,imine_ene_A(5),0,9098,https://raw.githubusercontent.com/rdkit/rdkit/0ece02e9254ef2d5eeade2bd40eb13546522dbd3/Code/GraphMol/FilterCatalog/pains_c.in#L75
sensitivity,pains_C,het_thio_656a(5),0,9098,https://raw.githubusercontent.com/rdkit/rdkit/0ece02e9254ef2d5eeade2bd40eb13546522dbd3/Code/GraphMol/FilterCatalog/pains_c.in#L76
sensitivity,pains_C,pyrrole_D(5),0,9098,https://raw.githubusercontent.com/rdkit/rdkit/0ece02e9254ef2d5eeade2bd40eb13546522dbd3/Code/GraphMol/FilterCatalog/pains_c.in#L77
sensitivity,pains_C,pyrrole_E(5),0,9098,https://raw.githubusercontent.com/rdkit/rdkit/0ece02e9254ef2d5eeade2bd40eb13546522dbd3/Code/GraphMol/FilterCatalog/pains_c.in#L78
sensitivity,pains_C,thio_urea_G(5),0,9098,https://raw.githubusercontent.com/rdkit/rdkit/0ece02e9254ef2d5eeade2bd40eb13546522dbd3/Code/GraphMol/FilterCatalog/pains_c.in#L79
sensitivity,pains_C,anisol_A(5),0,9098,https://raw.githubusercontent.com/rdkit/rdkit/0ece02e9254ef2d5eeade2bd40eb13546522dbd3/Code/GraphMol/FilterCatalog/pains_c.in#L80
sensitivity,pains_C,pyrrole_F(5),0,9098,https://raw.githubusercontent.com/rdkit/rdkit/0ece02e9254ef2d5eeade2bd40eb13546522dbd3/Code/GraphMol/FilterCatalog/pains_c.in#L81
sensitivity,pains_C,dhp_amino_CN_D(5),0,9098,https://raw.githubusercontent.com/rdkit/rdkit/0ece02e9254ef2d5eeade2bd40eb13546522dbd3/Code/GraphMol/FilterCatalog/pains_c.in#L82
sensitivity,pains_C,thiazole_amine_A(4),0,9098,https://raw.githubusercontent.com/rdkit/rdkit/0ece02e9254ef2d5eeade2bd40eb13546522dbd3/Code/GraphMol/FilterCatalog/pains_c.in#L83
sensitivity,pains_C,het_6_imidate_A(4),0,9098,https://raw.githubusercontent.com/rdkit/rdkit/0ece02e9254ef2d5eeade2bd40eb13546522dbd3/Code/GraphMol/FilterCatalog/pains_c.in#L84
sensitivity,pains_C,anil_OC_no_alk_B(4),1,9098,https://raw.githubusercontent.com/rdkit/rdkit/0ece02e9254ef2d5eeade2bd40eb13546522dbd3/Code/GraphMol/FilterCatalog/pains_c.in#L85
sensitivity,pains_C,styrene_C(4),0,9098,https://raw.githubusercontent.com/rdkit/rdkit/0ece02e9254ef2d5eeade2bd40eb13546522dbd3/Code/GraphMol/FilterCatalog/pains_c.in#L86
sensitivity,pains_C,azulene(4),0,9098,https://raw.githubusercontent.com/rdkit/rdkit/0ece02e9254ef2d5eeade2bd40eb13546522dbd3/Code/GraphMol/FilterCatalog/pains_c.in#L87
sensitivity,pains_C,furan_acid_A(4),0,9098,https://raw.githubusercontent.com/rdkit/rdkit/0ece02e9254ef2d5eeade2bd40eb13546522dbd3/Code/GraphMol/FilterCatalog/pains_c.in#L88
sensitivity,pains_C,cyano_pyridone_E(4),0,9098,https://raw.githubusercontent.com/rdkit/rdkit/0ece02e9254ef2d5eeade2bd40eb13546522dbd3/Code/GraphMol/FilterCatalog/pains_c.in#L89
sensitivity,pains_C,anil_alk_thio(4),0,9098,https://raw.githubusercontent.com/rdkit/rdkit/0ece02e9254ef2d5eeade2bd40eb13546522dbd3/Code/GraphMol/FilterCatalog/pains_c.in#L90
sensitivity,pains_C,anil_di_alk_I(4),0,9098,https://raw.githubusercontent.com/rdkit/rdkit/0ece02e9254ef2d5eeade2bd40eb13546522dbd3/Code/GraphMol/FilterCatalog/pains_c.in#L91
sensitivity,pains_C,het_thio_6_furan(4),0,9098,https://raw.githubusercontent.com/rdkit/rdkit/0ece02e9254ef2d5eeade2bd40eb13546522dbd3/Code/GraphMol/FilterCatalog/pains_c.in#L92
sensitivity,pains_C,anil_di_alk_ene_B(4),0,9098,https://raw.githubusercontent.com/rdkit/rdkit/0ece02e9254ef2d5eeade2bd40eb13546522dbd3/Code/GraphMol/FilterCatalog/pains_c.in#L93
sensitivity,pains_C,imine_one_B(4),0,9098,https://raw.githubusercontent.com/rdkit/rdkit/0ece02e9254ef2d5eeade2bd40eb13546522dbd3/Code/GraphMol/FilterCatalog/pains_c.in#L94
sensitivity,pains_C,anil_OC_alk_A(4),0,9098,https://raw.githubusercontent.com/rdkit/rdkit/0ece02e9254ef2d5eeade2bd40eb13546522dbd3/Code/GraphMol/FilterCatalog/pains_c.in#L95
sensitivity,pains_C,ene_five_het_J(4),0,9098,https://raw.githubusercontent.com/rdkit/rdkit/0ece02e9254ef2d5eeade2bd40eb13546522dbd3/Code/GraphMol/FilterCatalog/pains_c.in#L96
sensitivity,pains_C,pyrrole_G(4),0,9098,https://raw.githubusercontent.com/rdkit/rdkit/0ece02e9254ef2d5eeade2bd40eb13546522dbd3/Code/GraphMol/FilterCatalog/pains_c.in#L97
sensitivity,pains_C,ene_five_het_K(4),0,9098,https://raw.githubusercontent.com/rdkit/rdkit/0ece02e9254ef2d5eeade2bd40eb13546522dbd3/Code/GraphMol/FilterCatalog/pains_c.in#L98
sensitivity,pains_C,cyano_ene_amine_B(4),0,9098,https://raw.githubusercontent.com/rdkit/rdkit/0ece02e9254ef2d5eeade2bd40eb13546522dbd3/Code/GraphMol/FilterCatalog/pains_c.in#L99
sensitivity,pains_C,thio_ester_B(4),0,9098,https://raw.githubusercontent.com/rdkit/rdkit/0ece02e9254ef2d5eeade2bd40eb13546522dbd3/Code/GraphMol/FilterCatalog/pains_c.in#L100
sensitivity,pains_C,ene_five_het_L(4),14,9098,https://raw.githubusercontent.com/rdkit/rdkit/0ece02e9254ef2d5eeade2bd40eb13546522dbd3/Code/GraphMol/FilterCatalog/pains_c.in#L101
sensitivity,pains_C,hzone_thiophene_B(4),0,9098,https://raw.githubusercontent.com/rdkit/rdkit/0ece02e9254ef2d5eeade2bd40eb13546522dbd3/Code/GraphMol/FilterCatalog/pains_c.in#L102
sensitivity,pains_C,dhp_amino_CN_E(4),0,9098,https://raw.githubusercontent.com/rdkit/rdkit/0ece02e9254ef2d5eeade2bd40eb13546522dbd3/Code/GraphMol/FilterCatalog/pains_c.in#L103
sensitivity,pains_C,het_5_B(4),0,9098,https://raw.githubusercontent.com/rdkit/rdkit/0ece02e9254ef2d5eeade2bd40eb13546522dbd3/Code/GraphMol/FilterCatalog/pains_c.in#L104
sensitivity,pains_C,imine_imine_B(3),0,9098,https://raw.githubusercontent.com/rdkit/rdkit/0ece02e9254ef2d5eeade2bd40eb13546522dbd3/Code/GraphMol/FilterCatalog/pains_c.in#L105
sensitivity,pains_C,thiazole_amine_B(3),0,9098,https://raw.githubusercontent.com/rdkit/rdkit/0ece02e9254ef2d5eeade2bd40eb13546522dbd3/Code/GraphMol/FilterCatalog/pains_c.in#L106
sensitivity,pains_C,imine_ene_one_A(3),0,9098,https://raw.githubusercontent.com/rdkit/rdkit/0ece02e9254ef2d5eeade2bd40eb13546522dbd3/Code/GraphMol/FilterCatalog/pains_c.in#L107
sensitivity,pains_C,diazox_A(3),0,9098,https://raw.githubusercontent.com/rdkit/rdkit/0ece02e9254ef2d5eeade2bd40eb13546522dbd3/Code/GraphMol/FilterCatalog/pains_c.in#L108
sensitivity,pains_C,ene_one_A(3),0,9098,https://raw.githubusercontent.com/rdkit/rdkit/0ece02e9254ef2d5eeade2bd40eb13546522dbd3/Code/GraphMol/FilterCatalog/pains_c.in#L109
sensitivity,pains_C,anil_OC_no_alk_C(3),0,9098,https://raw.githubusercontent.com/rdkit/rdkit/0ece02e9254ef2d5eeade2bd40eb13546522dbd3/Code/GraphMol/FilterCatalog/pains_c.in#L110
sensitivity,pains_C,thiazol_SC_A(3),2,9098,https://raw.githubusercontent.com/rdkit/rdkit/0ece02e9254ef2d5eeade2bd40eb13546522dbd3/Code/GraphMol/FilterCatalog/pains_c.in#L111
sensitivity,pains_C,het_666_B(3),0,9098,https://raw.githubusercontent.com/rdkit/rdkit/0ece02e9254ef2d5eeade2bd40eb13546522dbd3/Code/GraphMol/FilterCatalog/pains_c.in#L112
sensitivity,pains_C,furan_A(3),0,9098,https://raw.githubusercontent.com/rdkit/rdkit/0ece02e9254ef2d5eeade2bd40eb13546522dbd3/Code/GraphMol/FilterCatalog/pains_c.in#L113
sensitivity,pains_C,colchicine_A(3),0,9098,https://raw.githubusercontent.com/rdkit/rdkit/0ece02e9254ef2d5eeade2bd40eb13546522dbd3/Code/GraphMol/FilterCatalog/pains_c.in#L114
sensitivity,pains_C,thiophene_C(3),0,9098,https://raw.githubusercontent.com/rdkit/rdkit/0ece02e9254ef2d5eeade2bd40eb13546522dbd3/Code/GraphMol/FilterCatalog/pains_c.in#L115
sensitivity,pains_C,anil_OC_alk_B(3),0,9098,https://raw.githubusercontent.com/rdkit/rdkit/0ece02e9254ef2d5eeade2bd40eb13546522dbd3/Code/GraphMol/FilterCatalog/pains_c.in#L116
sensitivity,pains_C,het_thio_66_A(3),0,9098,https://raw.githubusercontent.com/rdkit/rdkit/0ece02e9254ef2d5eeade2bd40eb13546522dbd3/Code/GraphMol/FilterCatalog/pains_c.in#L117
sensitivity,pains_C,rhod_sat_B(3),0,9098,https://raw.githubusercontent.com/rdkit/rdkit/0ece02e9254ef2d5eeade2bd40eb13546522dbd3/Code/GraphMol/FilterCatalog/pains_c.in#L118
sensitivity,pains_C,ene_rhod_I(3),0,9098,https://raw.githubusercontent.com/rdkit/rdkit/0ece02e9254ef2d5eeade2bd40eb13546522dbd3/Code/GraphMol/FilterCatalog/pains_c.in#L119
sensitivity,pains_C,keto_thiophene(3),0,9098,https://raw.githubusercontent.com/rdkit/rdkit/0ece02e9254ef2d5eeade2bd40eb13546522dbd3/Code/GraphMol/FilterCatalog/pains_c.in#L120
sensitivity,pains_C,imine_imine_C(3),0,9098,https://raw.githubusercontent.com/rdkit/rdkit/0ece02e9254ef2d5eeade2bd40eb13546522dbd3/Code/GraphMol/FilterCatalog/pains_c.in#L121
sensitivity,pains_C,het_65_pyridone_A(3),0,9098,https://raw.githubusercontent.com/rdkit/rdkit/0ece02e9254ef2d5eeade2bd40eb13546522dbd3/Code/GraphMol/FilterCatalog/pains_c.in#L122
sensitivity,pains_C,thiazole_amine_C(3),0,9098,https://raw.githubusercontent.com/rdkit/rdkit/0ece02e9254ef2d5eeade2bd40eb13546522dbd3/Code/GraphMol/FilterCatalog/pains_c.in#L123
sensitivity,pains_C,het_thio_pyr_A(3),0,9098,https://raw.githubusercontent.com/rdkit/rdkit/0ece02e9254ef2d5eeade2bd40eb13546522dbd3/Code/GraphMol/FilterCatalog/pains_c.in#L124
sensitivity,pains_C,melamine_A(3),0,9098,https://raw.githubusercontent.com/rdkit/rdkit/0ece02e9254ef2d5eeade2bd40eb13546522dbd3/Code/GraphMol/FilterCatalog/pains_c.in#L125
sensitivity,pains_C,anil_NH_alk_B(3),0,9098,https://raw.githubusercontent.com/rdkit/rdkit/0ece02e9254ef2d5eeade2bd40eb13546522dbd3/Code/GraphMol/FilterCatalog/pains_c.in#L126
sensitivity,pains_C,rhod_sat_C(3),0,9098,https://raw.githubusercontent.com/rdkit/rdkit/0ece02e9254ef2d5eeade2bd40eb13546522dbd3/Code/GraphMol/FilterCatalog/pains_c.in#L127
sensitivity,pains_C,thiophene_amino_D(3),0,9098,https://raw.githubusercontent.com/rdkit/rdkit/0ece02e9254ef2d5eeade2bd40eb13546522dbd3/Code/GraphMol/FilterCatalog/pains_c.in#L128
sensitivity,pains_C,anil_OC_alk_C(3),0,9098,https://raw.githubusercontent.com/rdkit/rdkit/0ece02e9254ef2d5eeade2bd40eb13546522dbd3/Code/GraphMol/FilterCatalog/pains_c.in#L129
sensitivity,pains_C,het_thio_65_A(3),0,9098,https://raw.githubusercontent.com/rdkit/rdkit/0ece02e9254ef2d5eeade2bd40eb13546522dbd3/Code/GraphMol/FilterCatalog/pains_c.in#L130
sensitivity,pains_C,het_thio_656b(3),0,9098,https://raw.githubusercontent.com/rdkit/rdkit/0ece02e9254ef2d5eeade2bd40eb13546522dbd3/Code/GraphMol/FilterCatalog/pains_c.in#L131
sensitivity,pains_C,thiazole_amine_D(3),0,9098,https://raw.githubusercontent.com/rdkit/rdkit/0ece02e9254ef2d5eeade2bd40eb13546522dbd3/Code/GraphMol/FilterCatalog/pains_c.in#L132
sensitivity,pains_C,thio_urea_H(3),0,9098,https://raw.githubusercontent.com/rdkit/rdkit/0ece02e9254ef2d5eeade2bd40eb13546522dbd3/Code/GraphMol/FilterCatalog/pains_c.in#L133
sensitivity,pains_C,cyano_pyridone_F(3),0,9098,https://raw.githubusercontent.com/rdkit/rdkit/0ece02e9254ef2d5eeade2bd40eb13546522dbd3/Code/GraphMol/FilterCatalog/pains_c.in#L134
sensitivity,pains_C,rhod_sat_D(3),0,9098,https://raw.githubusercontent.com/rdkit/rdkit/0ece02e9254ef2d5eeade2bd40eb13546522dbd3/Code/GraphMol/FilterCatalog/pains_c.in#L135
sensitivity,pains_C,ene_rhod_J(3),0,9098,https://raw.githubusercontent.com/rdkit/rdkit/0ece02e9254ef2d5eeade2bd40eb13546522dbd3/Code/GraphMol/FilterCatalog/pains_c.in#L136
sensitivity,pains_C,imine_phenol_A(3),0,9098,https://raw.githubusercontent.com/rdkit/rdkit/0ece02e9254ef2d5eeade2bd40eb13546522dbd3/Code/GraphMol/FilterCatalog/pains_c.in#L137
sensitivity,pains_C,thio_carbonate_B(3),0,9098,https://raw.githubusercontent.com/rdkit/rdkit/0ece02e9254ef2d5eeade2bd40eb13546522dbd3/Code/GraphMol/FilterCatalog/pains_c.in#L138
sensitivity,pains_C,het_thio_N_5A(3),0,9098,https://raw.githubusercontent.com/rdkit/rdkit/0ece02e9254ef2d5eeade2bd40eb13546522dbd3/Code/GraphMol/FilterCatalog/pains_c.in#L139
sensitivity,pains_C,het_thio_N_65A(3),0,9098,https://raw.githubusercontent.com/rdkit/rdkit/0ece02e9254ef2d5eeade2bd40eb13546522dbd3/Code/GraphMol/FilterCatalog/pains_c.in#L140
sensitivity,pains_C,anil_di_alk_J(3),0,9098,https://raw.githubusercontent.com/rdkit/rdkit/0ece02e9254ef2d5eeade2bd40eb13546522dbd3/Code/GraphMol/FilterCatalog/pains_c.in#L141
sensitivity,pains_C,pyrrole_H(3),0,9098,https://raw.githubusercontent.com/rdkit/rdkit/0ece02e9254ef2d5eeade2bd40eb13546522dbd3/Code/GraphMol/FilterCatalog/pains_c.in#L142
sensitivity,pains_C,ene_cyano_D(3),0,9098,https://raw.githubusercontent.com/rdkit/rdkit/0ece02e9254ef2d5eeade2bd40eb13546522dbd3/Code/GraphMol/FilterCatalog/pains_c.in#L143
sensitivity,pains_C,cyano_cyano_B(3),0,9098,https://raw.githubusercontent.com/rdkit/rdkit/0ece02e9254ef2d5eeade2bd40eb13546522dbd3/Code/GraphMol/FilterCatalog/pains_c.in#L144
sensitivity,pains_C,ene_five_het_M(3),0,9098,https://raw.githubusercontent.com/rdkit/rdkit/0ece02e9254ef2d5eeade2bd40eb13546522dbd3/Code/GraphMol/FilterCatalog/pains_c.in#L145
sensitivity,pains_C,cyano_ene_amine_C(3),0,9098,https://raw.githubusercontent.com/rdkit/rdkit/0ece02e9254ef2d5eeade2bd40eb13546522dbd3/Code/GraphMol/FilterCatalog/pains_c.in#L146
sensitivity,pains_C,thio_urea_I(3),0,9098,https://raw.githubusercontent.com/rdkit/rdkit/0ece02e9254ef2d5eeade2bd40eb13546522dbd3/Code/GraphMol/FilterCatalog/pains_c.in#L147
sensitivity,pains_C,dhp_amino_CN_F(3),0,9098,https://raw.githubusercontent.com/rdkit/rdkit/0ece02e9254ef2d5eeade2bd40eb13546522dbd3/Code/GraphMol/FilterCatalog/pains_c.in#L148
sensitivity,pains_C,anthranil_acid_B(3),5,9098,https://raw.githubusercontent.com/rdkit/rdkit/0ece02e9254ef2d5eeade2bd40eb13546522dbd3/Code/GraphMol/FilterCatalog/pains_c.in#L149
sensitivity,pains_C,diazox_B(3),0,9098,https://raw.githubusercontent.com/rdkit/rdkit/0ece02e9254ef2d5eeade2bd40eb13546522dbd3/Code/GraphMol/FilterCatalog/pains_c.in#L150
sensitivity,pains_C,thio_aldehyd_A(3),0,9098,https://raw.githubusercontent.com/rdkit/rdkit/0ece02e9254ef2d5eeade2bd40eb13546522dbd3/Code/GraphMol/FilterCatalog/pains_c.in#L151
sensitivity,pains_C,thio_amide_B(2),0,9098,https://raw.githubusercontent.com/rdkit/rdkit/0ece02e9254ef2d5eeade2bd40eb13546522dbd3/Code/GraphMol/FilterCatalog/pains_c.in#L152
sensitivity,pains_C,imidazole_B(2),0,9098,https://raw.githubusercontent.com/rdkit/rdkit/0ece02e9254ef2d5eeade2bd40eb13546522dbd3/Code/GraphMol/FilterCatalog/pains_c.in#L153
sensitivity,pains_C,thiazole_amine_E(2),0,9098,https://raw.githubusercontent.com/rdkit/rdkit/0ece02e9254ef2d5eeade2bd40eb13546522dbd3/Code/GraphMol/FilterCatalog/pains_c.in#L154
sensitivity,pains_C,thiazole_amine_F(2),0,9098,https://raw.githubusercontent.com/rdkit/rdkit/0ece02e9254ef2d5eeade2bd40eb13546522dbd3/Code/GraphMol/FilterCatalog/pains_c.in#L155
sensitivity,pains_C,thio_ester_C(2),0,9098,https://raw.githubusercontent.com/rdkit/rdkit/0ece02e9254ef2d5eeade2bd40eb13546522dbd3/Code/GraphMol/FilterCatalog/pains_c.in#L156
sensitivity,pains_C,ene_one_B(2),0,9098,https://raw.githubusercontent.com/rdkit/rdkit/0ece02e9254ef2d5eeade2bd40eb13546522dbd3/Code/GraphMol/FilterCatalog/pains_c.in#L157
sensitivity,pains_C,quinone_C(2),0,9098,https://raw.githubusercontent.com/rdkit/rdkit/0ece02e9254ef2d5eeade2bd40eb13546522dbd3/Code/GraphMol/FilterCatalog/pains_c.in#L158
sensitivity,pains_C,keto_naphthol_A(2),0,9098,https://raw.githubusercontent.com/rdkit/rdkit/0ece02e9254ef2d5eeade2bd40eb13546522dbd3/Code/GraphMol/FilterCatalog/pains_c.in#L159
sensitivity,pains_C,thio_amide_C(2),0,9098,https://raw.githubusercontent.com/rdkit/rdkit/0ece02e9254ef2d5eeade2bd40eb13546522dbd3/Code/GraphMol/FilterCatalog/pains_c.in#L160
sensitivity,pains_C,phthalimide_misc(2),0,9098,https://raw.githubusercontent.com/rdkit/rdkit/0ece02e9254ef2d5eeade2bd40eb13546522dbd3/Code/GraphMol/FilterCatalog/pains_c.in#L161
sensitivity,pains_C,sulfonamide_D(2),0,9098,https://raw.githubusercontent.com/rdkit/rdkit/0ece02e9254ef2d5eeade2bd40eb13546522dbd3/Code/GraphMol/FilterCatalog/pains_c.in#L162
sensitivity,pains_C,anil_NH_alk_C(2),0,9098,https://raw.githubusercontent.com/rdkit/rdkit/0ece02e9254ef2d5eeade2bd40eb13546522dbd3/Code/GraphMol/FilterCatalog/pains_c.in#L163
sensitivity,pains_C,het_65_E(2),0,9098,https://raw.githubusercontent.com/rdkit/rdkit/0ece02e9254ef2d5eeade2bd40eb13546522dbd3/Code/GraphMol/FilterCatalog/pains_c.in#L164
sensitivity,pains_C,hzide_naphth(2),0,9098,https://raw.githubusercontent.com/rdkit/rdkit/0ece02e9254ef2d5eeade2bd40eb13546522dbd3/Code/GraphMol/FilterCatalog/pains_c.in#L165
sensitivity,pains_C,anisol_B(2),0,9098,https://raw.githubusercontent.com/rdkit/rdkit/0ece02e9254ef2d5eeade2bd40eb13546522dbd3/Code/GraphMol/FilterCatalog/pains_c.in#L166
sensitivity,pains_C,thio_carbam_ene(2),0,9098,https://raw.githubusercontent.com/rdkit/rdkit/0ece02e9254ef2d5eeade2bd40eb13546522dbd3/Code/GraphMol/FilterCatalog/pains_c.in#L167
sensitivity,pains_C,thio_amide_D(2),0,9098,https://raw.githubusercontent.com/rdkit/rdkit/0ece02e9254ef2d5eeade2bd40eb13546522dbd3/Code/GraphMol/FilterCatalog/pains_c.in#L168
sensitivity,pains_C,het_65_Da(2),0,9098,https://raw.githubusercontent.com/rdkit/rdkit/0ece02e9254ef2d5eeade2bd40eb13546522dbd3/Code/GraphMol/FilterCatalog/pains_c.in#L169
sensitivity,pains_C,thiophene_D(2),0,9098,https://raw.githubusercontent.com/rdkit/rdkit/0ece02e9254ef2d5eeade2bd40eb13546522dbd3/Code/GraphMol/FilterCatalog/pains_c.in#L170
sensitivity,pains_C,het_thio_6_ene(2),0,9098,https://raw.githubusercontent.com/rdkit/rdkit/0ece02e9254ef2d5eeade2bd40eb13546522dbd3/Code/GraphMol/FilterCatalog/pains_c.in#L171
sensitivity,pains_C,cyano_keto_A(2),0,9098,https://raw.githubusercontent.com/rdkit/rdkit/0ece02e9254ef2d5eeade2bd40eb13546522dbd3/Code/GraphMol/FilterCatalog/pains_c.in#L172
sensitivity,pains_C,anthranil_acid_C(2),0,9098,https://raw.githubusercontent.com/rdkit/rdkit/0ece02e9254ef2d5eeade2bd40eb13546522dbd3/Code/GraphMol/FilterCatalog/pains_c.in#L173
sensitivity,pains_C,naphth_amino_C(2),0,9098,https://raw.githubusercontent.com/rdkit/rdkit/0ece02e9254ef2d5eeade2bd40eb13546522dbd3/Code/GraphMol/FilterCatalog/pains_c.in#L174
sensitivity,pains_C,naphth_amino_D(2),0,9098,https://raw.githubusercontent.com/rdkit/rdkit/0ece02e9254ef2d5eeade2bd40eb13546522dbd3/Code/GraphMol/FilterCatalog/pains_c.in#L175
sensitivity,pains_C,thiazole_amine_G(2),0,9098,https://raw.githubusercontent.com/rdkit/rdkit/0ece02e9254ef2d5eeade2bd40eb13546522dbd3/Code/GraphMol/FilterCatalog/pains_c.in#L176
sensitivity,pains_C,het_66_B(2),1,9098,https://raw.githubusercontent.com/rdkit/rdkit/0ece02e9254ef2d5eeade2bd40eb13546522dbd3/Code/GraphMol/FilterCatalog/pains_c.in#L177
sensitivity,pains_C,coumarin_A(2),0,9098,https://raw.githubusercontent.com/rdkit/rdkit/0ece02e9254ef2d5eeade2bd40eb13546522dbd3/Code/GraphMol/FilterCatalog/pains_c.in#L178
sensitivity,pains_C,anthranil_acid_D(2),0,9098,https://raw.githubusercontent.com/rdkit/rdkit/0ece02e9254ef2d5eeade2bd40eb13546522dbd3/Code/GraphMol/FilterCatalog/pains_c.in#L179
sensitivity,pains_C,het_66_C(2),0,9098,https://raw.githubusercontent.com/rdkit/rdkit/0ece02e9254ef2d5eeade2bd40eb13546522dbd3/Code/GraphMol/FilterCatalog/pains_c.in#L180
sensitivity,pains_C,thiophene_amino_E(2),0,9098,https://raw.githubusercontent.com/rdkit/rdkit/0ece02e9254ef2d5eeade2bd40eb13546522dbd3/Code/GraphMol/FilterCatalog/pains_c.in#L181
sensitivity,pains_C,het_6666_A(2),0,9098,https://raw.githubusercontent.com/rdkit/rdkit/0ece02e9254ef2d5eeade2bd40eb13546522dbd3/Code/GraphMol/FilterCatalog/pains_c.in#L182
sensitivity,pains_C,sulfonamide_E(2),0,9098,https://raw.githubusercontent.com/rdkit/rdkit/0ece02e9254ef2d5eeade2bd40eb13546522dbd3/Code/GraphMol/FilterCatalog/pains_c.in#L183
sensitivity,pains_C,anil_di_alk_K(2),1,9098,https://raw.githubusercontent.com/rdkit/rdkit/0ece02e9254ef2d5eeade2bd40eb13546522dbd3/Code/GraphMol/FilterCatalog/pains_c.in#L184
sensitivity,pains_C,het_5_C(2),0,9098,https://raw.githubusercontent.com/rdkit/rdkit/0ece02e9254ef2d5eeade2bd40eb13546522dbd3/Code/GraphMol/FilterCatalog/pains_c.in#L185
sensitivity,pains_C,ene_six_het_B(2),0,9098,https://raw.githubusercontent.com/rdkit/rdkit/0ece02e9254ef2d5eeade2bd40eb13546522dbd3/Code/GraphMol/FilterCatalog/pains_c.in#L186
sensitivity,pains_C,steroid_A(2),0,9098,https://raw.githubusercontent.com/rdkit/rdkit/0ece02e9254ef2d5eeade2bd40eb13546522dbd3/Code/GraphMol/FilterCatalog/pains_c.in#L187
sensitivity,pains_C,het_565_A(2),0,9098,https://raw.githubusercontent.com/rdkit/rdkit/0ece02e9254ef2d5eeade2bd40eb13546522dbd3/Code/GraphMol/FilterCatalog/pains_c.in#L188
sensitivity,pains_C,thio_imine_ium(2),0,9098,https://raw.githubusercontent.com/rdkit/rdkit/0ece02e9254ef2d5eeade2bd40eb13546522dbd3/Code/GraphMol/FilterCatalog/pains_c.in#L189
sensitivity,pains_C,anthranil_acid_E(2),0,9098,https://raw.githubusercontent.com/rdkit/rdkit/0ece02e9254ef2d5eeade2bd40eb13546522dbd3/Code/GraphMol/FilterCatalog/pains_c.in#L190
sensitivity,pains_C,hzone_furan_B(2),0,9098,https://raw.githubusercontent.com/rdkit/rdkit/0ece02e9254ef2d5eeade2bd40eb13546522dbd3/Code/GraphMol/FilterCatalog/pains_c.in#L191
sensitivity,pains_C,thiophene_E(2),0,9098,https://raw.githubusercontent.com/rdkit/rdkit/0ece02e9254ef2d5eeade2bd40eb13546522dbd3/Code/GraphMol/FilterCatalog/pains_c.in#L192
sensitivity,pains_C,ene_misc_B(2),0,9098,https://raw.githubusercontent.com/rdkit/rdkit/0ece02e9254ef2d5eeade2bd40eb13546522dbd3/Code/GraphMol/FilterCatalog/pains_c.in#L193
sensitivity,pains_C,het_thio_5_B(2),0,9098,https://raw.githubusercontent.com/rdkit/rdkit/0ece02e9254ef2d5eeade2bd40eb13546522dbd3/Code/GraphMol/FilterCatalog/pains_c.in#L194
sensitivity,pains_C,thiophene_amino_F(2),0,9098,https://raw.githubusercontent.com/rdkit/rdkit/0ece02e9254ef2d5eeade2bd40eb13546522dbd3/Code/GraphMol/FilterCatalog/pains_c.in#L195
sensitivity,pains_C,anil_OC_alk_D(2),0,9098,https://raw.githubusercontent.com/rdkit/rdkit/0ece02e9254ef2d5eeade2bd40eb13546522dbd3/Code/GraphMol/FilterCatalog/pains_c.in#L196
sensitivity,pains_C,tert_butyl_A(2),0,9098,https://raw.githubusercontent.com/rdkit/rdkit/0ece02e9254ef2d5eeade2bd40eb13546522dbd3/Code/GraphMol/FilterCatalog/pains_c.in#L197
sensitivity,pains_C,thio_urea_J(2),0,9098,https://raw.githubusercontent.com/rdkit/rdkit/0ece02e9254ef2d5eeade2bd40eb13546522dbd3/Code/GraphMol/FilterCatalog/pains_c.in#L198
sensitivity,pains_C,het_thio_65_B(2),0,9098,https://raw.githubusercontent.com/rdkit/rdkit/0ece02e9254ef2d5eeade2bd40eb13546522dbd3/Code/GraphMol/FilterCatalog/pains_c.in#L199
sensitivity,pains_C,coumarin_B(2),0,9098,https://raw.githubusercontent.com/rdkit/rdkit/0ece02e9254ef2d5eeade2bd40eb13546522dbd3/Code/GraphMol/FilterCatalog/pains_c.in#L200
sensitivity,pains_C,thio_urea_K(2),0,9098,https://raw.githubusercontent.com/rdkit/rdkit/0ece02e9254ef2d5eeade2bd40eb13546522dbd3/Code/GraphMol/FilterCatalog/pains_c.in#L201
sensitivity,pains_C,thiophene_amino_G(2),0,9098,https://raw.githubusercontent.com/rdkit/rdkit/0ece02e9254ef2d5eeade2bd40eb13546522dbd3/Code/GraphMol/FilterCatalog/pains_c.in#L202
sensitivity,pains_C,anil_NH_alk_D(2),0,9098,https://raw.githubusercontent.com/rdkit/rdkit/0ece02e9254ef2d5eeade2bd40eb13546522dbd3/Code/GraphMol/FilterCatalog/pains_c.in#L203
sensitivity,pains_C,het_thio_5_C(2),0,9098,https://raw.githubusercontent.com/rdkit/rdkit/0ece02e9254ef2d5eeade2bd40eb13546522dbd3/Code/GraphMol/FilterCatalog/pains_c.in#L204
sensitivity,pains_C,thio_keto_het(2),0,9098,https://raw.githubusercontent.com/rdkit/rdkit/0ece02e9254ef2d5eeade2bd40eb13546522dbd3/Code/GraphMol/FilterCatalog/pains_c.in#L205
sensitivity,pains_C,het_thio_N_5B(2),0,9098,https://raw.githubusercontent.com/rdkit/rdkit/0ece02e9254ef2d5eeade2bd40eb13546522dbd3/Code/GraphMol/FilterCatalog/pains_c.in#L206
sensitivity,pains_C,quinone_D(2),0,9098,https://raw.githubusercontent.com/rdkit/rdkit/0ece02e9254ef2d5eeade2bd40eb13546522dbd3/Code/GraphMol/FilterCatalog/pains_c.in#L207
sensitivity,pains_C,anil_di_alk_furan_B(2),0,9098,https://raw.githubusercontent.com/rdkit/rdkit/0ece02e9254ef2d5eeade2bd40eb13546522dbd3/Code/GraphMol/FilterCatalog/pains_c.in#L208
sensitivity,pains_C,ene_six_het_C(2),0,9098,https://raw.githubusercontent.com/rdkit/rdkit/0ece02e9254ef2d5eeade2bd40eb13546522dbd3/Code/GraphMol/FilterCatalog/pains_c.in#L209
sensitivity,pains_C,het_55_A(2),0,9098,https://raw.githubusercontent.com/rdkit/rdkit/0ece02e9254ef2d5eeade2bd40eb13546522dbd3/Code/GraphMol/FilterCatalog/pains_c.in#L210
sensitivity,pains_C,het_thio_65_C(2),0,9098,https://raw.githubusercontent.com/rdkit/rdkit/0ece02e9254ef2d5eeade2bd40eb13546522dbd3/Code/GraphMol/FilterCatalog/pains_c.in#L211
sensitivity,pains_C,hydroquin_A(2),0,9098,https://raw.githubusercontent.com/rdkit/rdkit/0ece02e9254ef2d5eeade2bd40eb13546522dbd3/Code/GraphMol/FilterCatalog/pains_c.in#L212
sensitivity,pains_C,anthranil_acid_F(2),0,9098,https://raw.githubusercontent.com/rdkit/rdkit/0ece02e9254ef2d5eeade2bd40eb13546522dbd3/Code/GraphMol/FilterCatalog/pains_c.in#L213
sensitivity,pains_C,pyrrole_I(2),0,9098,https://raw.githubusercontent.com/rdkit/rdkit/0ece02e9254ef2d5eeade2bd40eb13546522dbd3/Code/GraphMol/FilterCatalog/pains_c.in#L214
sensitivity,pains_C,thiophene_amino_H(2),0,9098,https://raw.githubusercontent.com/rdkit/rdkit/0ece02e9254ef2d5eeade2bd40eb13546522dbd3/Code/GraphMol/FilterCatalog/pains_c.in#L215
sensitivity,pains_C,imine_one_fives_C(2),0,9098,https://raw.githubusercontent.com/rdkit/rdkit/0ece02e9254ef2d5eeade2bd40eb13546522dbd3/Code/GraphMol/FilterCatalog/pains_c.in#L216
sensitivity,pains_C,keto_phenone_zone_A(2),0,9098,https://raw.githubusercontent.com/rdkit/rdkit/0ece02e9254ef2d5eeade2bd40eb13546522dbd3/Code/GraphMol/FilterCatalog/pains_c.in#L217
sensitivity,pains_C,dyes7A(2),0,9098,https://raw.githubusercontent.com/rdkit/rdkit/0ece02e9254ef2d5eeade2bd40eb13546522dbd3/Code/GraphMol/FilterCatalog/pains_c.in#L218
sensitivity,pains_C,het_pyridiniums_B(2),0,9098,https://raw.githubusercontent.com/rdkit/rdkit/0ece02e9254ef2d5eeade2bd40eb13546522dbd3/Code/GraphMol/FilterCatalog/pains_c.in#L219
sensitivity,pains_C,het_5_D(2),0,9098,https://raw.githubusercontent.com/rdkit/rdkit/0ece02e9254ef2d5eeade2bd40eb13546522dbd3/Code/GraphMol/FilterCatalog/pains_c.in#L220
sensitivity,pains_C,thiazole_amine_H(1),0,9098,https://raw.githubusercontent.com/rdkit/rdkit/0ece02e9254ef2d5eeade2bd40eb13546522dbd3/Code/GraphMol/FilterCatalog/pains_c.in#L221
sensitivity,pains_C,thiazole_amine_I(1),0,9098,https://raw.githubusercontent.com/rdkit/rdkit/0ece02e9254ef2d5eeade2bd40eb13546522dbd3/Code/GraphMol/FilterCatalog/pains_c.in#L222
sensitivity,pains_C,het_thio_N_5C(1),0,9098,https://raw.githubusercontent.com/rdkit/rdkit/0ece02e9254ef2d5eeade2bd40eb13546522dbd3/Code/GraphMol/FilterCatalog/pains_c.in#L223
sensitivity,pains_C,sulfonamide_F(1),0,9098,https://raw.githubusercontent.com/rdkit/rdkit/0ece02e9254ef2d5eeade2bd40eb13546522dbd3/Code/GraphMol/FilterCatalog/pains_c.in#L224
sensitivity,pains_C,thiazole_amine_J(1),0,9098,https://raw.githubusercontent.com/rdkit/rdkit/0ece02e9254ef2d5eeade2bd40eb13546522dbd3/Code/GraphMol/FilterCatalog/pains_c.in#L225
sensitivity,pains_C,het_65_F(1),0,9098,https://raw.githubusercontent.com/rdkit/rdkit/0ece02e9254ef2d5eeade2bd40eb13546522dbd3/Code/GraphMol/FilterCatalog/pains_c.in#L226
sensitivity,pains_C,keto_keto_beta_E(1),0,9098,https://raw.githubusercontent.com/rdkit/rdkit/0ece02e9254ef2d5eeade2bd40eb13546522dbd3/Code/GraphMol/FilterCatalog/pains_c.in#L227
sensitivity,pains_C,ene_five_one_B(1),0,9098,https://raw.githubusercontent.com/rdkit/rdkit/0ece02e9254ef2d5eeade2bd40eb13546522dbd3/Code/GraphMol/FilterCatalog/pains_c.in#L228
sensitivity,pains_C,keto_keto_beta_zone(1),0,9098,https://raw.githubusercontent.com/rdkit/rdkit/0ece02e9254ef2d5eeade2bd40eb13546522dbd3/Code/GraphMol/FilterCatalog/pains_c.in#L229
sensitivity,pains_C,thio_urea_L(1),0,9098,https://raw.githubusercontent.com/rdkit/rdkit/0ece02e9254ef2d5eeade2bd40eb13546522dbd3/Code/GraphMol/FilterCatalog/pains_c.in#L230
sensitivity,pains_C,het_thio_urea_ene(1),0,9098,https://raw.githubusercontent.com/rdkit/rdkit/0ece02e9254ef2d5eeade2bd40eb13546522dbd3/Code/GraphMol/FilterCatalog/pains_c.in#L231
sensitivity,pains_C,cyano_amino_het_A(1),0,9098,https://raw.githubusercontent.com/rdkit/rdkit/0ece02e9254ef2d5eeade2bd40eb13546522dbd3/Code/GraphMol/FilterCatalog/pains_c.in#L232
sensitivity,pains_C,tetrazole_hzide(1),0,9098,https://raw.githubusercontent.com/rdkit/rdkit/0ece02e9254ef2d5eeade2bd40eb13546522dbd3/Code/GraphMol/FilterCatalog/pains_c.in#L233
sensitivity,pains_C,imine_naphthol_A(1),0,9098,https://raw.githubusercontent.com/rdkit/rdkit/0ece02e9254ef2d5eeade2bd40eb13546522dbd3/Code/GraphMol/FilterCatalog/pains_c.in#L234
sensitivity,pains_C,misc_anisole_A(1),0,9098,https://raw.githubusercontent.com/rdkit/rdkit/0ece02e9254ef2d5eeade2bd40eb13546522dbd3/Code/GraphMol/FilterCatalog/pains_c.in#L235
sensitivity,pains_C,het_thio_665(1),0,9098,https://raw.githubusercontent.com/rdkit/rdkit/0ece02e9254ef2d5eeade2bd40eb13546522dbd3/Code/GraphMol/FilterCatalog/pains_c.in#L236
sensitivity,pains_C,anil_di_alk_L(1),0,9098,https://raw.githubusercontent.com/rdkit/rdkit/0ece02e9254ef2d5eeade2bd40eb13546522dbd3/Code/GraphMol/FilterCatalog/pains_c.in#L237
sensitivity,pains_C,colchicine_B(1),0,9098,https://raw.githubusercontent.com/rdkit/rdkit/0ece02e9254ef2d5eeade2bd40eb13546522dbd3/Code/GraphMol/FilterCatalog/pains_c.in#L238
sensitivity,pains_C,misc_aminoacid_A(1),0,9098,https://raw.githubusercontent.com/rdkit/rdkit/0ece02e9254ef2d5eeade2bd40eb13546522dbd3/Code/GraphMol/FilterCatalog/pains_c.in#L239
sensitivity,pains_C,imidazole_amino_A(1),0,9098,https://raw.githubusercontent.com/rdkit/rdkit/0ece02e9254ef2d5eeade2bd40eb13546522dbd3/Code/GraphMol/FilterCatalog/pains_c.in#L240
sensitivity,pains_C,phenol_sulfite_A(1),0,9098,https://raw.githubusercontent.com/rdkit/rdkit/0ece02e9254ef2d5eeade2bd40eb13546522dbd3/Code/GraphMol/FilterCatalog/pains_c.in#L241
sensitivity,pains_C,het_66_D(1),0,9098,https://raw.githubusercontent.com/rdkit/rdkit/0ece02e9254ef2d5eeade2bd40eb13546522dbd3/Code/GraphMol/FilterCatalog/pains_c.in#L242
sensitivity,pains_C,misc_anisole_B(1),0,9098,https://raw.githubusercontent.com/rdkit/rdkit/0ece02e9254ef2d5eeade2bd40eb13546522dbd3/Code/GraphMol/FilterCatalog/pains_c.in#L243
sensitivity,pains_C,tetrazole_A(1),0,9098,https://raw.githubusercontent.com/rdkit/rdkit/0ece02e9254ef2d5eeade2bd40eb13546522dbd3/Code/GraphMol/FilterCatalog/pains_c.in#L244
sensitivity,pains_C,het_65_G(1),0,9098,https://raw.githubusercontent.com/rdkit/rdkit/0ece02e9254ef2d5eeade2bd40eb13546522dbd3/Code/GraphMol/FilterCatalog/pains_c.in#L245
sensitivity,pains_C,misc_trityl_A(1),0,9098,https://raw.githubusercontent.com/rdkit/rdkit/0ece02e9254ef2d5eeade2bd40eb13546522dbd3/Code/GraphMol/FilterCatalog/pains_c.in#L246
sensitivity,pains_C,misc_pyridine_OC(1),0,9098,https://raw.githubusercontent.com/rdkit/rdkit/0ece02e9254ef2d5eeade2bd40eb13546522dbd3/Code/GraphMol/FilterCatalog/pains_c.in#L247
sensitivity,pains_C,het_6_hydropyridone(1),0,9098,https://raw.githubusercontent.com/rdkit/rdkit/0ece02e9254ef2d5eeade2bd40eb13546522dbd3/Code/GraphMol/FilterCatalog/pains_c.in#L248
sensitivity,pains_C,misc_stilbene(1),0,9098,https://raw.githubusercontent.com/rdkit/rdkit/0ece02e9254ef2d5eeade2bd40eb13546522dbd3/Code/GraphMol/FilterCatalog/pains_c.in#L249
sensitivity,pains_C,misc_imidazole(1),0,9098,https://raw.githubusercontent.com/rdkit/rdkit/0ece02e9254ef2d5eeade2bd40eb13546522dbd3/Code/GraphMol/FilterCatalog/pains_c.in#L250
sensitivity,pains_C,anil_NH_no_alk_A(1),0,9098,https://raw.githubusercontent.com/rdkit/rdkit/0ece02e9254ef2d5eeade2bd40eb13546522dbd3/Code/GraphMol/FilterCatalog/pains_c.in#L251
sensitivity,pains_C,het_6_imidate_B(1),0,9098,https://raw.githubusercontent.com/rdkit/rdkit/0ece02e9254ef2d5eeade2bd40eb13546522dbd3/Code/GraphMol/FilterCatalog/pains_c.in#L252
sensitivity,pains_C,anil_alk_B(1),0,9098,https://raw.githubusercontent.com/rdkit/rdkit/0ece02e9254ef2d5eeade2bd40eb13546522dbd3/Code/GraphMol/FilterCatalog/pains_c.in#L253
sensitivity,pains_C,styrene_anil_A(1),0,9098,https://raw.githubusercontent.com/rdkit/rdkit/0ece02e9254ef2d5eeade2bd40eb13546522dbd3/Code/GraphMol/FilterCatalog/pains_c.in#L254
sensitivity,pains_C,misc_aminal_acid(1),0,9098,https://raw.githubusercontent.com/rdkit/rdkit/0ece02e9254ef2d5eeade2bd40eb13546522dbd3/Code/GraphMol/FilterCatalog/pains_c.in#L255
sensitivity,pains_C,anil_no_alk_D(1),0,9098,https://raw.githubusercontent.com/rdkit/rdkit/0ece02e9254ef2d5eeade2bd40eb13546522dbd3/Code/GraphMol/FilterCatalog/pains_c.in#L256
sensitivity,pains_C,anil_alk_C(1),0,9098,https://raw.githubusercontent.com/rdkit/rdkit/0ece02e9254ef2d5eeade2bd40eb13546522dbd3/Code/GraphMol/FilterCatalog/pains_c.in#L257
sensitivity,pains_C,misc_anisole_C(1),0,9098,https://raw.githubusercontent.com/rdkit/rdkit/0ece02e9254ef2d5eeade2bd40eb13546522dbd3/Code/GraphMol/FilterCatalog/pains_c.in#L258
sensitivity,pains_C,het_465_misc(1),0,9098,https://raw.githubusercontent.com/rdkit/rdkit/0ece02e9254ef2d5eeade2bd40eb13546522dbd3/Code/GraphMol/FilterCatalog/pains_c.in#L259
sensitivity,pains_C,anthranil_acid_G(1),0,9098,https://raw.githubusercontent.com/rdkit/rdkit/0ece02e9254ef2d5eeade2bd40eb13546522dbd3/Code/GraphMol/FilterCatalog/pains_c.in#L260
sensitivity,pains_C,anil_di_alk_M(1),0,9098,https://raw.githubusercontent.com/rdkit/rdkit/0ece02e9254ef2d5eeade2bd40eb13546522dbd3/Code/GraphMol/FilterCatalog/pains_c.in#L261
sensitivity,pains_C,anthranil_acid_H(1),0,9098,https://raw.githubusercontent.com/rdkit/rdkit/0ece02e9254ef2d5eeade2bd40eb13546522dbd3/Code/GraphMol/FilterCatalog/pains_c.in#L262
sensitivity,pains_C,thio_urea_M(1),0,9098,https://raw.githubusercontent.com/rdkit/rdkit/0ece02e9254ef2d5eeade2bd40eb13546522dbd3/Code/GraphMol/FilterCatalog/pains_c.in#L263
sensitivity,pains_C,thiazole_amine_K(1),0,9098,https://raw.githubusercontent.com/rdkit/rdkit/0ece02e9254ef2d5eeade2bd40eb13546522dbd3/Code/GraphMol/FilterCatalog/pains_c.in#L264
sensitivity,pains_C,het_thio_5_imine_A(1),0,9098,https://raw.githubusercontent.com/rdkit/rdkit/0ece02e9254ef2d5eeade2bd40eb13546522dbd3/Code/GraphMol/FilterCatalog/pains_c.in#L265
sensitivity,pains_C,thio_amide_E(1),0,9098,https://raw.githubusercontent.com/rdkit/rdkit/0ece02e9254ef2d5eeade2bd40eb13546522dbd3/Code/GraphMol/FilterCatalog/pains_c.in#L266
sensitivity,pains_C,het_thio_676_B(1),0,9098,https://raw.githubusercontent.com/rdkit/rdkit/0ece02e9254ef2d5eeade2bd40eb13546522dbd3/Code/GraphMol/FilterCatalog/pains_c.in#L267
sensitivity,pains_C,sulfonamide_G(1),0,9098,https://raw.githubusercontent.com/rdkit/rdkit/0ece02e9254ef2d5eeade2bd40eb13546522dbd3/Code/GraphMol/FilterCatalog/pains_c.in#L268
sensitivity,pains_C,thio_thiomorph_Z(1),0,9098,https://raw.githubusercontent.com/rdkit/rdkit/0ece02e9254ef2d5eeade2bd40eb13546522dbd3/Code/GraphMol/FilterCatalog/pains_c.in#L269
sensitivity,pains_C,naphth_ene_one_A(1),0,9098,https://raw.githubusercontent.com/rdkit/rdkit/0ece02e9254ef2d5eeade2bd40eb13546522dbd3/Code/GraphMol/FilterCatalog/pains_c.in#L270
sensitivity,pains_C,naphth_ene_one_B(1),0,9098,https://raw.githubusercontent.com/rdkit/rdkit/0ece02e9254ef2d5eeade2bd40eb13546522dbd3/Code/GraphMol/FilterCatalog/pains_c.in#L271
sensitivity,pains_C,amino_acridine_A(1),0,9098,https://raw.githubusercontent.com/rdkit/rdkit/0ece02e9254ef2d5eeade2bd40eb13546522dbd3/Code/GraphMol/FilterCatalog/pains_c.in#L272
sensitivity,pains_C,keto_phenone_B(1),0,9098,https://raw.githubusercontent.com/rdkit/rdkit/0ece02e9254ef2d5eeade2bd40eb13546522dbd3/Code/GraphMol/FilterCatalog/pains_c.in#L273
sensitivity,pains_C,hzone_acid_A(1),0,9098,https://raw.githubusercontent.com/rdkit/rdkit/0ece02e9254ef2d5eeade2bd40eb13546522dbd3/Code/GraphMol/FilterCatalog/pains_c.in#L274
sensitivity,pains_C,sulfonamide_H(1),0,9098,https://raw.githubusercontent.com/rdkit/rdkit/0ece02e9254ef2d5eeade2bd40eb13546522dbd3/Code/GraphMol/FilterCatalog/pains_c.in#L275
sensitivity,pains_C,het_565_indole(1),0,9098,https://raw.githubusercontent.com/rdkit/rdkit/0ece02e9254ef2d5eeade2bd40eb13546522dbd3/Code/GraphMol/FilterCatalog/pains_c.in#L276
sensitivity,pains_C,pyrrole_J(1),0,9098,https://raw.githubusercontent.com/rdkit/rdkit/0ece02e9254ef2d5eeade2bd40eb13546522dbd3/Code/GraphMol/FilterCatalog/pains_c.in#L277
sensitivity,pains_C,pyrazole_amino_B(1),0,9098,https://raw.githubusercontent.com/rdkit/rdkit/0ece02e9254ef2d5eeade2bd40eb13546522dbd3/Code/GraphMol/FilterCatalog/pains_c.in#L278
sensitivity,pains_C,pyrrole_K(1),0,9098,https://raw.githubusercontent.com/rdkit/rdkit/0ece02e9254ef2d5eeade2bd40eb13546522dbd3/Code/GraphMol/FilterCatalog/pains_c.in#L279
sensitivity,pains_C,anthranil_acid_I(1),0,9098,https://raw.githubusercontent.com/rdkit/rdkit/0ece02e9254ef2d5eeade2bd40eb13546522dbd3/Code/GraphMol/FilterCatalog/pains_c.in#L280
sensitivity,pains_C,thio_amide_F(1),0,9098,https://raw.githubusercontent.com/rdkit/rdkit/0ece02e9254ef2d5eeade2bd40eb13546522dbd3/Code/GraphMol/FilterCatalog/pains_c.in#L281
sensitivity,pains_C,ene_one_C(1),0,9098,https://raw.githubusercontent.com/rdkit/rdkit/0ece02e9254ef2d5eeade2bd40eb13546522dbd3/Code/GraphMol/FilterCatalog/pains_c.in#L282
sensitivity,pains_C,het_65_H(1),0,9098,https://raw.githubusercontent.com/rdkit/rdkit/0ece02e9254ef2d5eeade2bd40eb13546522dbd3/Code/GraphMol/FilterCatalog/pains_c.in#L283
sensitivity,pains_C,cyano_imine_D(1),0,9098,https://raw.githubusercontent.com/rdkit/rdkit/0ece02e9254ef2d5eeade2bd40eb13546522dbd3/Code/GraphMol/FilterCatalog/pains_c.in#L284
sensitivity,pains_C,cyano_misc_A(1),0,9098,https://raw.githubusercontent.com/rdkit/rdkit/0ece02e9254ef2d5eeade2bd40eb13546522dbd3/Code/GraphMol/FilterCatalog/pains_c.in#L285
sensitivity,pains_C,ene_misc_C(1),0,9098,https://raw.githubusercontent.com/rdkit/rdkit/0ece02e9254ef2d5eeade2bd40eb13546522dbd3/Code/GraphMol/FilterCatalog/pains_c.in#L286
sensitivity,pains_C,het_66_E(1),0,9098,https://raw.githubusercontent.com/rdkit/rdkit/0ece02e9254ef2d5eeade2bd40eb13546522dbd3/Code/GraphMol/FilterCatalog/pains_c.in#L287
sensitivity,pains_C,keto_keto_beta_F(1),0,9098,https://raw.githubusercontent.com/rdkit/rdkit/0ece02e9254ef2d5eeade2bd40eb13546522dbd3/Code/GraphMol/FilterCatalog/pains_c.in#L288
sensitivity,pains_C,misc_naphthimidazole(1),0,9098,https://raw.githubusercontent.com/rdkit/rdkit/0ece02e9254ef2d5eeade2bd40eb13546522dbd3/Code/GraphMol/FilterCatalog/pains_c.in#L289
sensitivity,pains_C,naphth_ene_one_C(1),0,9098,https://raw.githubusercontent.com/rdkit/rdkit/0ece02e9254ef2d5eeade2bd40eb13546522dbd3/Code/GraphMol/FilterCatalog/pains_c.in#L290
sensitivity,pains_C,keto_phenone_C(1),0,9098,https://raw.githubusercontent.com/rdkit/rdkit/0ece02e9254ef2d5eeade2bd40eb13546522dbd3/Code/GraphMol/FilterCatalog/pains_c.in#L291
sensitivity,pains_C,coumarin_C(1),0,9098,https://raw.githubusercontent.com/rdkit/rdkit/0ece02e9254ef2d5eeade2bd40eb13546522dbd3/Code/GraphMol/FilterCatalog/pains_c.in#L292
sensitivity,pains_C,thio_est_cyano_A(1),0,9098,https://raw.githubusercontent.com/rdkit/rdkit/0ece02e9254ef2d5eeade2bd40eb13546522dbd3/Code/GraphMol/FilterCatalog/pains_c.in#L293
sensitivity,pains_C,het_65_imidazole(1),0,9098,https://raw.githubusercontent.com/rdkit/rdkit/0ece02e9254ef2d5eeade2bd40eb13546522dbd3/Code/GraphMol/FilterCatalog/pains_c.in#L294
sensitivity,pains_C,anthranil_acid_J(1),0,9098,https://raw.githubusercontent.com/rdkit/rdkit/0ece02e9254ef2d5eeade2bd40eb13546522dbd3/Code/GraphMol/FilterCatalog/pains_c.in#L295
sensitivity,pains_C,colchicine_het(1),0,9098,https://raw.githubusercontent.com/rdkit/rdkit/0ece02e9254ef2d5eeade2bd40eb13546522dbd3/Code/GraphMol/FilterCatalog/pains_c.in#L296
sensitivity,pains_C,ene_misc_D(1),0,9098,https://raw.githubusercontent.com/rdkit/rdkit/0ece02e9254ef2d5eeade2bd40eb13546522dbd3/Code/GraphMol/FilterCatalog/pains_c.in#L297
sensitivity,pains_C,indole_3yl_alk_B(1),0,9098,https://raw.githubusercontent.com/rdkit/rdkit/0ece02e9254ef2d5eeade2bd40eb13546522dbd3/Code/GraphMol/FilterCatalog/pains_c.in#L298
sensitivity,pains_C,anil_OH_no_alk_A(1),0,9098,https://raw.githubusercontent.com/rdkit/rdkit/0ece02e9254ef2d5eeade2bd40eb13546522dbd3/Code/GraphMol/FilterCatalog/pains_c.in#L299
sensitivity,pains_C,thiazole_amine_L(1),0,9098,https://raw.githubusercontent.com/rdkit/rdkit/0ece02e9254ef2d5eeade2bd40eb13546522dbd3/Code/GraphMol/FilterCatalog/pains_c.in#L300
sensitivity,pains_C,pyrazole_amino_A(1),0,9098,https://raw.githubusercontent.com/rdkit/rdkit/0ece02e9254ef2d5eeade2bd40eb13546522dbd3/Code/GraphMol/FilterCatalog/pains_c.in#L301
sensitivity,pains_C,het_thio_N_5D(1),0,9098,https://raw.githubusercontent.com/rdkit/rdkit/0ece02e9254ef2d5eeade2bd40eb13546522dbd3/Code/GraphMol/FilterCatalog/pains_c.in#L302
sensitivity,pains_C,anil_alk_indane(1),0,9098,https://raw.githubusercontent.com/rdkit/rdkit/0ece02e9254ef2d5eeade2bd40eb13546522dbd3/Code/GraphMol/FilterCatalog/pains_c.in#L303
sensitivity,pains_C,anil_di_alk_N(1),0,9098,https://raw.githubusercontent.com/rdkit/rdkit/0ece02e9254ef2d5eeade2bd40eb13546522dbd3/Code/GraphMol/FilterCatalog/pains_c.in#L304
sensitivity,pains_C,het_666_C(1),0,9098,https://raw.githubusercontent.com/rdkit/rdkit/0ece02e9254ef2d5eeade2bd40eb13546522dbd3/Code/GraphMol/FilterCatalog/pains_c.in#L305
sensitivity,pains_C,ene_one_D(1),1,9098,https://raw.githubusercontent.com/rdkit/rdkit/0ece02e9254ef2d5eeade2bd40eb13546522dbd3/Code/GraphMol/FilterCatalog/pains_c.in#L306
sensitivity,pains_C,anil_di_alk_indol(1),0,9098,https://raw.githubusercontent.com/rdkit/rdkit/0ece02e9254ef2d5eeade2bd40eb13546522dbd3/Code/GraphMol/FilterCatalog/pains_c.in#L307
sensitivity,pains_C,anil_no_alk_indol_A(1),0,9098,https://raw.githubusercontent.com/rdkit/rdkit/0ece02e9254ef2d5eeade2bd40eb13546522dbd3/Code/GraphMol/FilterCatalog/pains_c.in#L308
sensitivity,pains_C,dhp_amino_CN_G(1),0,9098,https://raw.githubusercontent.com/rdkit/rdkit/0ece02e9254ef2d5eeade2bd40eb13546522dbd3/Code/GraphMol/FilterCatalog/pains_c.in#L309
sensitivity,pains_C,anil_di_alk_dhp(1),0,9098,https://raw.githubusercontent.com/rdkit/rdkit/0ece02e9254ef2d5eeade2bd40eb13546522dbd3/Code/GraphMol/FilterCatalog/pains_c.in#L310
sensitivity,pains_C,anthranil_amide_A(1),0,9098,https://raw.githubusercontent.com/rdkit/rdkit/0ece02e9254ef2d5eeade2bd40eb13546522dbd3/Code/GraphMol/FilterCatalog/pains_c.in#L311
sensitivity,pains_C,hzone_anthran_Z(1),0,9098,https://raw.githubusercontent.com/rdkit/rdkit/0ece02e9254ef2d5eeade2bd40eb13546522dbd3/Code/GraphMol/FilterCatalog/pains_c.in#L312
sensitivity,pains_C,ene_one_amide_A(1),0,9098,https://raw.githubusercontent.com/rdkit/rdkit/0ece02e9254ef2d5eeade2bd40eb13546522dbd3/Code/GraphMol/FilterCatalog/pains_c.in#L313
sensitivity,pains_C,het_76_A(1),0,9098,https://raw.githubusercontent.com/rdkit/rdkit/0ece02e9254ef2d5eeade2bd40eb13546522dbd3/Code/GraphMol/FilterCatalog/pains_c.in#L314
sensitivity,pains_C,thio_urea_N(1),0,9098,https://raw.githubusercontent.com/rdkit/rdkit/0ece02e9254ef2d5eeade2bd40eb13546522dbd3/Code/GraphMol/FilterCatalog/pains_c.in#L315
sensitivity,pains_C,anil_di_alk_coum(1),0,9098,https://raw.githubusercontent.com/rdkit/rdkit/0ece02e9254ef2d5eeade2bd40eb13546522dbd3/Code/GraphMol/FilterCatalog/pains_c.in#L316
sensitivity,pains_C,ene_one_amide_B(1),0,9098,https://raw.githubusercontent.com/rdkit/rdkit/0ece02e9254ef2d5eeade2bd40eb13546522dbd3/Code/GraphMol/FilterCatalog/pains_c.in#L317
sensitivity,pains_C,het_thio_656c(1),0,9098,https://raw.githubusercontent.com/rdkit/rdkit/0ece02e9254ef2d5eeade2bd40eb13546522dbd3/Code/GraphMol/FilterCatalog/pains_c.in#L318
sensitivity,pains_C,het_5_ene(1),0,9098,https://raw.githubusercontent.com/rdkit/rdkit/0ece02e9254ef2d5eeade2bd40eb13546522dbd3/Code/GraphMol/FilterCatalog/pains_c.in#L319
sensitivity,pains_C,thio_imide_A(1),0,9098,https://raw.githubusercontent.com/rdkit/rdkit/0ece02e9254ef2d5eeade2bd40eb13546522dbd3/Code/GraphMol/FilterCatalog/pains_c.in#L320
sensitivity,pains_C,dhp_amidine_A(1),0,9098,https://raw.githubusercontent.com/rdkit/rdkit/0ece02e9254ef2d5eeade2bd40eb13546522dbd3/Code/GraphMol/FilterCatalog/pains_c.in#L321
sensitivity,pains_C,thio_urea_O(1),0,9098,https://raw.githubusercontent.com/rdkit/rdkit/0ece02e9254ef2d5eeade2bd40eb13546522dbd3/Code/GraphMol/FilterCatalog/pains_c.in#L322
sensitivity,pains_C,anil_di_alk_O(1),0,9098,https://raw.githubusercontent.com/rdkit/rdkit/0ece02e9254ef2d5eeade2bd40eb13546522dbd3/Code/GraphMol/FilterCatalog/pains_c.in#L323
sensitivity,pains_C,thio_urea_P(1),0,9098,https://raw.githubusercontent.com/rdkit/rdkit/0ece02e9254ef2d5eeade2bd40eb13546522dbd3/Code/GraphMol/FilterCatalog/pains_c.in#L324
sensitivity,pains_C,het_pyraz_misc(1),0,9098,https://raw.githubusercontent.com/rdkit/rdkit/0ece02e9254ef2d5eeade2bd40eb13546522dbd3/Code/GraphMol/FilterCatalog/pains_c.in#L325
sensitivity,pains_C,diazox_C(1),0,9098,https://raw.githubusercontent.com/rdkit/rdkit/0ece02e9254ef2d5eeade2bd40eb13546522dbd3/Code/GraphMol/FilterCatalog/pains_c.in#L326
sensitivity,pains_C,diazox_D(1),0,9098,https://raw.githubusercontent.com/rdkit/rdkit/0ece02e9254ef2d5eeade2bd40eb13546522dbd3/Code/GraphMol/FilterCatalog/pains_c.in#L327
sensitivity,pains_C,misc_cyclopropane(1),0,9098,https://raw.githubusercontent.com/rdkit/rdkit/0ece02e9254ef2d5eeade2bd40eb13546522dbd3/Code/GraphMol/FilterCatalog/pains_c.in#L328
sensitivity,pains_C,imine_ene_one_B(1),0,9098,https://raw.githubusercontent.com/rdkit/rdkit/0ece02e9254ef2d5eeade2bd40eb13546522dbd3/Code/GraphMol/FilterCatalog/pains_c.in#L329
sensitivity,pains_C,coumarin_D(1),0,9098,https://raw.githubusercontent.com/rdkit/rdkit/0ece02e9254ef2d5eeade2bd40eb13546522dbd3/Code/GraphMol/FilterCatalog/pains_c.in#L330
sensitivity,pains_C,misc_furan_A(1),0,9098,https://raw.githubusercontent.com/rdkit/rdkit/0ece02e9254ef2d5eeade2bd40eb13546522dbd3/Code/GraphMol/FilterCatalog/pains_c.in#L331
sensitivity,pains_C,rhod_sat_E(1),0,9098,https://raw.githubusercontent.com/rdkit/rdkit/0ece02e9254ef2d5eeade2bd40eb13546522dbd3/Code/GraphMol/FilterCatalog/pains_c.in#L332
sensitivity,pains_C,rhod_sat_imine_A(1),0,9098,https://raw.githubusercontent.com/rdkit/rdkit/0ece02e9254ef2d5eeade2bd40eb13546522dbd3/Code/GraphMol/FilterCatalog/pains_c.in#L333
sensitivity,pains_C,rhod_sat_F(1),0,9098,https://raw.githubusercontent.com/rdkit/rdkit/0ece02e9254ef2d5eeade2bd40eb13546522dbd3/Code/GraphMol/FilterCatalog/pains_c.in#L334
sensitivity,pains_C,het_thio_5_imine_B(1),0,9098,https://raw.githubusercontent.com/rdkit/rdkit/0ece02e9254ef2d5eeade2bd40eb13546522dbd3/Code/GraphMol/FilterCatalog/pains_c.in#L335
sensitivity,pains_C,het_thio_5_imine_C(1),0,9098,https://raw.githubusercontent.com/rdkit/rdkit/0ece02e9254ef2d5eeade2bd40eb13546522dbd3/Code/GraphMol/FilterCatalog/pains_c.in#L336
sensitivity,pains_C,ene_five_het_N(1),0,9098,https://raw.githubusercontent.com/rdkit/rdkit/0ece02e9254ef2d5eeade2bd40eb13546522dbd3/Code/GraphMol/FilterCatalog/pains_c.in#L337
sensitivity,pains_C,thio_carbam_A(1),0,9098,https://raw.githubusercontent.com/rdkit/rdkit/0ece02e9254ef2d5eeade2bd40eb13546522dbd3/Code/GraphMol/FilterCatalog/pains_c.in#L338
sensitivity,pains_C,misc_anilide_A(1),0,9098,https://raw.githubusercontent.com/rdkit/rdkit/0ece02e9254ef2d5eeade2bd40eb13546522dbd3/Code/GraphMol/FilterCatalog/pains_c.in#L339
sensitivity,pains_C,misc_anilide_B(1),0,9098,https://raw.githubusercontent.com/rdkit/rdkit/0ece02e9254ef2d5eeade2bd40eb13546522dbd3/Code/GraphMol/FilterCatalog/pains_c.in#L340
sensitivity,pains_C,mannich_B(1),0,9098,https://raw.githubusercontent.com/rdkit/rdkit/0ece02e9254ef2d5eeade2bd40eb13546522dbd3/Code/GraphMol/FilterCatalog/pains_c.in#L341
sensitivity,pains_C,mannich_catechol_A(1),0,9098,https://raw.githubusercontent.com/rdkit/rdkit/0ece02e9254ef2d5eeade2bd40eb13546522dbd3/Code/GraphMol/FilterCatalog/pains_c.in#L342
sensitivity,pains_C,anil_alk_D(1),0,9098,https://raw.githubusercontent.com/rdkit/rdkit/0ece02e9254ef2d5eeade2bd40eb13546522dbd3/Code/GraphMol/FilterCatalog/pains_c.in#L343
sensitivity,pains_C,het_65_I(1),0,9098,https://raw.githubusercontent.com/rdkit/rdkit/0ece02e9254ef2d5eeade2bd40eb13546522dbd3/Code/GraphMol/FilterCatalog/pains_c.in#L344
sensitivity,pains_C,misc_urea_A(1),0,9098,https://raw.githubusercontent.com/rdkit/rdkit/0ece02e9254ef2d5eeade2bd40eb13546522dbd3/Code/GraphMol/FilterCatalog/pains_c.in#L345
sensitivity,pains_C,imidazole_C(1),0,9098,https://raw.githubusercontent.com/rdkit/rdkit/0ece02e9254ef2d5eeade2bd40eb13546522dbd3/Code/GraphMol/FilterCatalog/pains_c.in#L346
sensitivity,pains_C,styrene_imidazole_A(1),0,9098,https://raw.githubusercontent.com/rdkit/rdkit/0ece02e9254ef2d5eeade2bd40eb13546522dbd3/Code/GraphMol/FilterCatalog/pains_c.in#L347
sensitivity,pains_C,thiazole_amine_M(1),0,9098,https://raw.githubusercontent.com/rdkit/rdkit/0ece02e9254ef2d5eeade2bd40eb13546522dbd3/Code/GraphMol/FilterCatalog/pains_c.in#L348
sensitivity,pains_C,misc_pyrrole_thiaz(1),0,9098,https://raw.githubusercontent.com/rdkit/rdkit/0ece02e9254ef2d5eeade2bd40eb13546522dbd3/Code/GraphMol/FilterCatalog/pains_c.in#L349
sensitivity,pains_C,pyrrole_L(1),0,9098,https://raw.githubusercontent.com/rdkit/rdkit/0ece02e9254ef2d5eeade2bd40eb13546522dbd3/Code/GraphMol/FilterCatalog/pains_c.in#L350
sensitivity,pains_C,het_thio_65_D(1),0,9098,https://raw.githubusercontent.com/rdkit/rdkit/0ece02e9254ef2d5eeade2bd40eb13546522dbd3/Code/GraphMol/FilterCatalog/pains_c.in#L351
sensitivity,pains_C,ene_misc_E(1),0,9098,https://raw.githubusercontent.com/rdkit/rdkit/0ece02e9254ef2d5eeade2bd40eb13546522dbd3/Code/GraphMol/FilterCatalog/pains_c.in#L352
sensitivity,pains_C,thio_cyano_A(1),0,9098,https://raw.githubusercontent.com/rdkit/rdkit/0ece02e9254ef2d5eeade2bd40eb13546522dbd3/Code/GraphMol/FilterCatalog/pains_c.in#L353
sensitivity,pains_C,cyano_amino_het_B(1),0,9098,https://raw.githubusercontent.com/rdkit/rdkit/0ece02e9254ef2d5eeade2bd40eb13546522dbd3/Code/GraphMol/FilterCatalog/pains_c.in#L354
sensitivity,pains_C,cyano_pyridone_G(1),0,9098,https://raw.githubusercontent.com/rdkit/rdkit/0ece02e9254ef2d5eeade2bd40eb13546522dbd3/Code/GraphMol/FilterCatalog/pains_c.in#L355
sensitivity,pains_C,het_65_J(1),0,9098,https://raw.githubusercontent.com/rdkit/rdkit/0ece02e9254ef2d5eeade2bd40eb13546522dbd3/Code/GraphMol/FilterCatalog/pains_c.in#L356
sensitivity,pains_C,ene_one_yne_A(1),0,9098,https://raw.githubusercontent.com/rdkit/rdkit/0ece02e9254ef2d5eeade2bd40eb13546522dbd3/Code/GraphMol/FilterCatalog/pains_c.in#L357
sensitivity,pains_C,anil_OH_no_alk_B(1),0,9098,https://raw.githubusercontent.com/rdkit/rdkit/0ece02e9254ef2d5eeade2bd40eb13546522dbd3/Code/GraphMol/FilterCatalog/pains_c.in#L358
sensitivity,pains_C,hzone_acyl_misc_A(1),0,9098,https://raw.githubusercontent.com/rdkit/rdkit/0ece02e9254ef2d5eeade2bd40eb13546522dbd3/Code/GraphMol/FilterCatalog/pains_c.in#L359
sensitivity,pains_C,thiophene_F(1),0,9098,https://raw.githubusercontent.com/rdkit/rdkit/0ece02e9254ef2d5eeade2bd40eb13546522dbd3/Code/GraphMol/FilterCatalog/pains_c.in#L360
sensitivity,pains_C,anil_OC_alk_E(1),0,9098,https://raw.githubusercontent.com/rdkit/rdkit/0ece02e9254ef2d5eeade2bd40eb13546522dbd3/Code/GraphMol/FilterCatalog/pains_c.in#L361
sensitivity,pains_C,anil_OC_alk_F(1),0,9098,https://raw.githubusercontent.com/rdkit/rdkit/0ece02e9254ef2d5eeade2bd40eb13546522dbd3/Code/GraphMol/FilterCatalog/pains_c.in#L362
sensitivity,pains_C,het_65_K(1),0,9098,https://raw.githubusercontent.com/rdkit/rdkit/0ece02e9254ef2d5eeade2bd40eb13546522dbd3/Code/GraphMol/FilterCatalog/pains_c.in#L363
sensitivity,pains_C,het_65_L(1),0,9098,https://raw.githubusercontent.com/rdkit/rdkit/0ece02e9254ef2d5eeade2bd40eb13546522dbd3/Code/GraphMol/FilterCatalog/pains_c.in#L364
sensitivity,pains_C,coumarin_E(1),0,9098,https://raw.githubusercontent.com/rdkit/rdkit/0ece02e9254ef2d5eeade2bd40eb13546522dbd3/Code/GraphMol/FilterCatalog/pains_c.in#L365
sensitivity,pains_C,coumarin_F(1),0,9098,https://raw.githubusercontent.com/rdkit/rdkit/0ece02e9254ef2d5eeade2bd40eb13546522dbd3/Code/GraphMol/FilterCatalog/pains_c.in#L366
sensitivity,pains_C,coumarin_G(1),0,9098,https://raw.githubusercontent.com/rdkit/rdkit/0ece02e9254ef2d5eeade2bd40eb13546522dbd3/Code/GraphMol/FilterCatalog/pains_c.in#L367
sensitivity,pains_C,coumarin_H(1),0,9098,https://raw.githubusercontent.com/rdkit/rdkit/0ece02e9254ef2d5eeade2bd40eb13546522dbd3/Code/GraphMol/FilterCatalog/pains_c.in#L368
sensitivity,pains_C,het_thio_67_A(1),0,9098,https://raw.githubusercontent.com/rdkit/rdkit/0ece02e9254ef2d5eeade2bd40eb13546522dbd3/Code/GraphMol/FilterCatalog/pains_c.in#L369
sensitivity,pains_C,sulfonamide_I(1),0,9098,https://raw.githubusercontent.com/rdkit/rdkit/0ece02e9254ef2d5eeade2bd40eb13546522dbd3/Code/GraphMol/FilterCatalog/pains_c.in#L370
sensitivity,pains_C,het_65_mannich(1),0,9098,https://raw.githubusercontent.com/rdkit/rdkit/0ece02e9254ef2d5eeade2bd40eb13546522dbd3/Code/GraphMol/FilterCatalog/pains_c.in#L371
sensitivity,pains_C,anil_alk_A(1),0,9098,https://raw.githubusercontent.com/rdkit/rdkit/0ece02e9254ef2d5eeade2bd40eb13546522dbd3/Code/GraphMol/FilterCatalog/pains_c.in#L372
sensitivity,pains_C,het_5_inium(1),0,9098,https://raw.githubusercontent.com/rdkit/rdkit/0ece02e9254ef2d5eeade2bd40eb13546522dbd3/Code/GraphMol/FilterCatalog/pains_c.in#L373
sensitivity,pains_C,anil_di_alk_P(1),0,9098,https://raw.githubusercontent.com/rdkit/rdkit/0ece02e9254ef2d5eeade2bd40eb13546522dbd3/Code/GraphMol/FilterCatalog/pains_c.in#L374
sensitivity,pains_C,thio_urea_Q(1),0,9098,https://raw.githubusercontent.com/rdkit/rdkit/0ece02e9254ef2d5eeade2bd40eb13546522dbd3/Code/GraphMol/FilterCatalog/pains_c.in#L375
sensitivity,pains_C,thio_pyridine_A(1),0,9098,https://raw.githubusercontent.com/rdkit/rdkit/0ece02e9254ef2d5eeade2bd40eb13546522dbd3/Code/GraphMol/FilterCatalog/pains_c.in#L376
sensitivity,pains_C,melamine_B(1),0,9098,https://raw.githubusercontent.com/rdkit/rdkit/0ece02e9254ef2d5eeade2bd40eb13546522dbd3/Code/GraphMol/FilterCatalog/pains_c.in#L377
sensitivity,pains_C,misc_phthal_thio_N(1),0,9098,https://raw.githubusercontent.com/rdkit/rdkit/0ece02e9254ef2d5eeade2bd40eb13546522dbd3/Code/GraphMol/FilterCatalog/pains_c.in#L378
sensitivity,pains_C,hzone_acyl_misc_B(1),0,9098,https://raw.githubusercontent.com/rdkit/rdkit/0ece02e9254ef2d5eeade2bd40eb13546522dbd3/Code/GraphMol/FilterCatalog/pains_c.in#L379
sensitivity,pains_C,tert_butyl_B(1),0,9098,https://raw.githubusercontent.com/rdkit/rdkit/0ece02e9254ef2d5eeade2bd40eb13546522dbd3/Code/GraphMol/FilterCatalog/pains_c.in#L380
sensitivity,pains_C,diazox_E(1),0,9098,https://raw.githubusercontent.com/rdkit/rdkit/0ece02e9254ef2d5eeade2bd40eb13546522dbd3/Code/GraphMol/FilterCatalog/pains_c.in#L381
sensitivity,pains_C,anil_NH_no_alk_B(1),0,9098,https://raw.githubusercontent.com/rdkit/rdkit/0ece02e9254ef2d5eeade2bd40eb13546522dbd3/Code/GraphMol/FilterCatalog/pains_c.in#L382
sensitivity,pains_C,anil_no_alk_A(1),0,9098,https://raw.githubusercontent.com/rdkit/rdkit/0ece02e9254ef2d5eeade2bd40eb13546522dbd3/Code/GraphMol/FilterCatalog/pains_c.in#L383
sensitivity,pains_C,anil_no_alk_B(1),0,9098,https://raw.githubusercontent.com/rdkit/rdkit/0ece02e9254ef2d5eeade2bd40eb13546522dbd3/Code/GraphMol/FilterCatalog/pains_c.in#L384
sensitivity,pains_C,thio_ene_amine_A(1),0,9098,https://raw.githubusercontent.com/rdkit/rdkit/0ece02e9254ef2d5eeade2bd40eb13546522dbd3/Code/GraphMol/FilterCatalog/pains_c.in#L385
sensitivity,pains_C,het_55_B(1),0,9098,https://raw.githubusercontent.com/rdkit/rdkit/0ece02e9254ef2d5eeade2bd40eb13546522dbd3/Code/GraphMol/FilterCatalog/pains_c.in#L386
sensitivity,pains_C,cyanamide_A(1),0,9098,https://raw.githubusercontent.com/rdkit/rdkit/0ece02e9254ef2d5eeade2bd40eb13546522dbd3/Code/GraphMol/FilterCatalog/pains_c.in#L387
sensitivity,pains_C,ene_one_one_A(1),0,9098,https://raw.githubusercontent.com/rdkit/rdkit/0ece02e9254ef2d5eeade2bd40eb13546522dbd3/Code/GraphMol/FilterCatalog/pains_c.in#L388
sensitivity,pains_C,ene_six_het_D(1),0,9098,https://raw.githubusercontent.com/rdkit/rdkit/0ece02e9254ef2d5eeade2bd40eb13546522dbd3/Code/GraphMol/FilterCatalog/pains_c.in#L389
sensitivity,pains_C,ene_cyano_E(1),0,9098,https://raw.githubusercontent.com/rdkit/rdkit/0ece02e9254ef2d5eeade2bd40eb13546522dbd3/Code/GraphMol/FilterCatalog/pains_c.in#L390
sensitivity,pains_C,ene_cyano_F(1),0,9098,https://raw.githubusercontent.com/rdkit/rdkit/0ece02e9254ef2d5eeade2bd40eb13546522dbd3/Code/GraphMol/FilterCatalog/pains_c.in#L391
sensitivity,pains_C,hzone_furan_C(1),0,9098,https://raw.githubusercontent.com/rdkit/rdkit/0ece02e9254ef2d5eeade2bd40eb13546522dbd3/Code/GraphMol/FilterCatalog/pains_c.in#L392
sensitivity,pains_C,anil_no_alk_C(1),0,9098,https://raw.githubusercontent.com/rdkit/rdkit/0ece02e9254ef2d5eeade2bd40eb13546522dbd3/Code/GraphMol/FilterCatalog/pains_c.in#L393
sensitivity,pains_C,hzone_acid_D(1),0,9098,https://raw.githubusercontent.com/rdkit/rdkit/0ece02e9254ef2d5eeade2bd40eb13546522dbd3/Code/GraphMol/FilterCatalog/pains_c.in#L394
sensitivity,pains_C,hzone_furan_E(1),0,9098,https://raw.githubusercontent.com/rdkit/rdkit/0ece02e9254ef2d5eeade2bd40eb13546522dbd3/Code/GraphMol/FilterCatalog/pains_c.in#L395
sensitivity,pains_C,het_6_pyridone_NH2(1),0,9098,https://raw.githubusercontent.com/rdkit/rdkit/0ece02e9254ef2d5eeade2bd40eb13546522dbd3/Code/GraphMol/FilterCatalog/pains_c.in#L396
sensitivity,pains_C,imine_one_fives_D(1),0,9098,https://raw.githubusercontent.com/rdkit/rdkit/0ece02e9254ef2d5eeade2bd40eb13546522dbd3/Code/GraphMol/FilterCatalog/pains_c.in#L397
sensitivity,pains_C,pyrrole_M(1),0,9098,https://raw.githubusercontent.com/rdkit/rdkit/0ece02e9254ef2d5eeade2bd40eb13546522dbd3/Code/GraphMol/FilterCatalog/pains_c.in#L398
sensitivity,pains_C,pyrrole_N(1),0,9098,https://raw.githubusercontent.com/rdkit/rdkit/0ece02e9254ef2d5eeade2bd40eb13546522dbd3/Code/GraphMol/FilterCatalog/pains_c.in#L399
sensitivity,pains_C,pyrrole_O(1),0,9098,https://raw.githubusercontent.com/rdkit/rdkit/0ece02e9254ef2d5eeade2bd40eb13546522dbd3/Code/GraphMol/FilterCatalog/pains_c.in#L400
sensitivity,pains_C,ene_cyano_G(1),0,9098,https://raw.githubusercontent.com/rdkit/rdkit/0ece02e9254ef2d5eeade2bd40eb13546522dbd3/Code/GraphMol/FilterCatalog/pains_c.in#L401
sensitivity,pains_C,sulfonamide_J(1),0,9098,https://raw.githubusercontent.com/rdkit/rdkit/0ece02e9254ef2d5eeade2bd40eb13546522dbd3/Code/GraphMol/FilterCatalog/pains_c.in#L402
sensitivity,pains_C,misc_pyrrole_benz(1),0,9098,https://raw.githubusercontent.com/rdkit/rdkit/0ece02e9254ef2d5eeade2bd40eb13546522dbd3/Code/GraphMol/FilterCatalog/pains_c.in#L403
sensitivity,pains_C,thio_urea_R(1),0,9098,https://raw.githubusercontent.com/rdkit/rdkit/0ece02e9254ef2d5eeade2bd40eb13546522dbd3/Code/GraphMol/FilterCatalog/pains_c.in#L404
sensitivity,pains_C,ene_one_one_B(1),0,9098,https://raw.githubusercontent.com/rdkit/rdkit/0ece02e9254ef2d5eeade2bd40eb13546522dbd3/Code/GraphMol/FilterCatalog/pains_c.in#L405
sensitivity,pains_C,dhp_amino_CN_H(1),0,9098,https://raw.githubusercontent.com/rdkit/rdkit/0ece02e9254ef2d5eeade2bd40eb13546522dbd3/Code/GraphMol/FilterCatalog/pains_c.in#L406
sensitivity,pains_C,het_66_anisole(1),0,9098,https://raw.githubusercontent.com/rdkit/rdkit/0ece02e9254ef2d5eeade2bd40eb13546522dbd3/Code/GraphMol/FilterCatalog/pains_c.in#L407
sensitivity,pains_C,thiazole_amine_N(1),0,9098,https://raw.githubusercontent.com/rdkit/rdkit/0ece02e9254ef2d5eeade2bd40eb13546522dbd3/Code/GraphMol/FilterCatalog/pains_c.in#L408
sensitivity,pains_C,het_pyridiniums_C(1),0,9098,https://raw.githubusercontent.com/rdkit/rdkit/0ece02e9254ef2d5eeade2bd40eb13546522dbd3/Code/GraphMol/FilterCatalog/pains_c.in#L409
sensitivity,pains_C,het_5_E(1),0,9098,https://raw.githubusercontent.com/rdkit/rdkit/0ece02e9254ef2d5eeade2bd40eb13546522dbd3/Code/GraphMol/FilterCatalog/pains_c.in#L410
sensitivity,brenk,>_2_ester_groups,43,9098,https://raw.githubusercontent.com/rdkit/rdkit/0ece02e9254ef2d5eeade2bd40eb13546522dbd3/Code/GraphMol/FilterCatalog/Filters.cpp#L47
sensitivity,brenk,2-halo_pyridine,72,9098,https://raw.githubusercontent.com/rdkit/rdkit/0ece02e9254ef2d5eeade2bd40eb13546522dbd3/Code/GraphMol/FilterCatalog/Filters.cpp#L48
sensitivity,brenk,acid_halide,0,9098,https://raw.githubusercontent.com/rdkit/rdkit/0ece02e9254ef2d5eeade2bd40eb13546522dbd3/Code/GraphMol/FilterCatalog/Filters.cpp#L49
sensitivity,brenk,acyclic_C=C-O,2,9098,https://raw.githubusercontent.com/rdkit/rdkit/0ece02e9254ef2d5eeade2bd40eb13546522dbd3/Code/GraphMol/FilterCatalog/Filters.cpp#L50
sensitivity,brenk,acyl_cyanide,0,9098,https://raw.githubusercontent.com/rdkit/rdkit/0ece02e9254ef2d5eeade2bd40eb13546522dbd3/Code/GraphMol/FilterCatalog/Filters.cpp#L51
sensitivity,brenk,acyl_hydrazine,4,9098,https://raw.githubusercontent.com/rdkit/rdkit/0ece02e9254ef2d5eeade2bd40eb13546522dbd3/Code/GraphMol/FilterCatalog/Filters.cpp#L52
sensitivity,brenk,aldehyde,65,9098,https://raw.githubusercontent.com/rdkit/rdkit/0ece02e9254ef2d5eeade2bd40eb13546522dbd3/Code/GraphMol/FilterCatalog/Filters.cpp#L53
sensitivity,brenk,Aliphatic_long_chain,936,9098,https://raw.githubusercontent.com/rdkit/rdkit/0ece02e9254ef2d5eeade2bd40eb13546522dbd3/Code/GraphMol/FilterCatalog/Filters.cpp#L54
sensitivity,brenk,alkyl_halide,70,9098,https://raw.githubusercontent.com/rdkit/rdkit/0ece02e9254ef2d5eeade2bd40eb13546522dbd3/Code/GraphMol/FilterCatalog/Filters.cpp#L55
sensitivity,brenk,amidotetrazole,0,9098,https://raw.githubusercontent.com/rdkit/rdkit/0ece02e9254ef2d5eeade2bd40eb13546522dbd3/Code/GraphMol/FilterCatalog/Filters.cpp#L56
sensitivity,brenk,aniline,162,9098,https://raw.githubusercontent.com/rdkit/rdkit/0ece02e9254ef2d5eeade2bd40eb13546522dbd3/Code/GraphMol/FilterCatalog/Filters.cpp#L57
sensitivity,brenk,azepane,0,9098,https://raw.githubusercontent.com/rdkit/rdkit/0ece02e9254ef2d5eeade2bd40eb13546522dbd3/Code/GraphMol/FilterCatalog/Filters.cpp#L58
sensitivity,brenk,Azido_group,0,9098,https://raw.githubusercontent.com/rdkit/rdkit/0ece02e9254ef2d5eeade2bd40eb13546522dbd3/Code/GraphMol/FilterCatalog/Filters.cpp#L59
sensitivity,brenk,Azo_group,0,9098,https://raw.githubusercontent.com/rdkit/rdkit/0ece02e9254ef2d5eeade2bd40eb13546522dbd3/Code/GraphMol/FilterCatalog/Filters.cpp#L60
sensitivity,brenk,azocane,0,9098,https://raw.githubusercontent.com/rdkit/rdkit/0ece02e9254ef2d5eeade2bd40eb13546522dbd3/Code/GraphMol/FilterCatalog/Filters.cpp#L61
sensitivity,brenk,benzidine,0,9098,https://raw.githubusercontent.com/rdkit/rdkit/0ece02e9254ef2d5eeade2bd40eb13546522dbd3/Code/GraphMol/FilterCatalog/Filters.cpp#L62
sensitivity,brenk,beta-keto/anhydride,30,9098,https://raw.githubusercontent.com/rdkit/rdkit/0ece02e9254ef2d5eeade2bd40eb13546522dbd3/Code/GraphMol/FilterCatalog/Filters.cpp#L66
sensitivity,brenk,biotin_analogue,1,9098,https://raw.githubusercontent.com/rdkit/rdkit/0ece02e9254ef2d5eeade2bd40eb13546522dbd3/Code/GraphMol/FilterCatalog/Filters.cpp#L67
sensitivity,brenk,Carbo_cation/anion,0,9098,https://raw.githubusercontent.com/rdkit/rdkit/0ece02e9254ef2d5eeade2bd40eb13546522dbd3/Code/GraphMol/FilterCatalog/Filters.cpp#L68
sensitivity,brenk,catechol,82,9098,https://raw.githubusercontent.com/rdkit/rdkit/0ece02e9254ef2d5eeade2bd40eb13546522dbd3/Code/GraphMol/FilterCatalog/Filters.cpp#L69
sensitivity,brenk,charged_oxygen_or_sulfur_atoms,0,9098,https://raw.githubusercontent.com/rdkit/rdkit/0ece02e9254ef2d5eeade2bd40eb13546522dbd3/Code/GraphMol/FilterCatalog/Filters.cpp#L70
sensitivity,brenk,chinone_1,13,9098,https://raw.githubusercontent.com/rdkit/rdkit/0ece02e9254ef2d5eeade2bd40eb13546522dbd3/Code/GraphMol/FilterCatalog/Filters.cpp#L71
sensitivity,brenk,chinone_2,0,9098,https://raw.githubusercontent.com/rdkit/rdkit/0ece02e9254ef2d5eeade2bd40eb13546522dbd3/Code/GraphMol/FilterCatalog/Filters.cpp#L72
sensitivity,brenk,conjugated_nitrile_group,12,9098,https://raw.githubusercontent.com/rdkit/rdkit/0ece02e9254ef2d5eeade2bd40eb13546522dbd3/Code/GraphMol/FilterCatalog/Filters.cpp#L73
sensitivity,brenk,crown_ether,0,9098,https://raw.githubusercontent.com/rdkit/rdkit/0ece02e9254ef2d5eeade2bd40eb13546522dbd3/Code/GraphMol/FilterCatalog/Filters.cpp#L74
sensitivity,brenk,cumarine,123,9098,https://raw.githubusercontent.com/rdkit/rdkit/0ece02e9254ef2d5eeade2bd40eb13546522dbd3/Code/GraphMol/FilterCatalog/Filters.cpp#L76
sensitivity,brenk,cyanamide,15,9098,https://raw.githubusercontent.com/rdkit/rdkit/0ece02e9254ef2d5eeade2bd40eb13546522dbd3/Code/GraphMol/FilterCatalog/Filters.cpp#L77
sensitivity,brenk,cyanate_/aminonitrile_/thiocyanate,2,9098,https://raw.githubusercontent.com/rdkit/rdkit/0ece02e9254ef2d5eeade2bd40eb13546522dbd3/Code/GraphMol/FilterCatalog/Filters.cpp#L78
sensitivity,brenk,cyanohydrins,0,9098,https://raw.githubusercontent.com/rdkit/rdkit/0ece02e9254ef2d5eeade2bd40eb13546522dbd3/Code/GraphMol/FilterCatalog/Filters.cpp#L79
sensitivity,brenk,cycloheptane_1,0,9098,https://raw.githubusercontent.com/rdkit/rdkit/0ece02e9254ef2d5eeade2bd40eb13546522dbd3/Code/GraphMol/FilterCatalog/Filters.cpp#L80
sensitivity,brenk,cycloheptane_2,0,9098,https://raw.githubusercontent.com/rdkit/rdkit/0ece02e9254ef2d5eeade2bd40eb13546522dbd3/Code/GraphMol/FilterCatalog/Filters.cpp#L81
sensitivity,brenk,cyclooctane_1,0,9098,https://raw.githubusercontent.com/rdkit/rdkit/0ece02e9254ef2d5eeade2bd40eb13546522dbd3/Code/GraphMol/FilterCatalog/Filters.cpp#L82
sensitivity,brenk,cyclooctane_2,0,9098,https://raw.githubusercontent.com/rdkit/rdkit/0ece02e9254ef2d5eeade2bd40eb13546522dbd3/Code/GraphMol/FilterCatalog/Filters.cpp#L83
sensitivity,brenk,diaminobenzene_1,0,9098,https://raw.githubusercontent.com/rdkit/rdkit/0ece02e9254ef2d5eeade2bd40eb13546522dbd3/Code/GraphMol/FilterCatalog/Filters.cpp#L84
sensitivity,brenk,diaminobenzene_2,0,9098,https://raw.githubusercontent.com/rdkit/rdkit/0ece02e9254ef2d5eeade2bd40eb13546522dbd3/Code/GraphMol/FilterCatalog/Filters.cpp#L86
sensitivity,brenk,diaminobenzene_3,0,9098,https://raw.githubusercontent.com/rdkit/rdkit/0ece02e9254ef2d5eeade2bd40eb13546522dbd3/Code/GraphMol/FilterCatalog/Filters.cpp#L88
sensitivity,brenk,diazo_group,3,9098,https://raw.githubusercontent.com/rdkit/rdkit/0ece02e9254ef2d5eeade2bd40eb13546522dbd3/Code/GraphMol/FilterCatalog/Filters.cpp#L90
sensitivity,brenk,diketo_group,38,9098,https://raw.githubusercontent.com/rdkit/rdkit/0ece02e9254ef2d5eeade2bd40eb13546522dbd3/Code/GraphMol/FilterCatalog/Filters.cpp#L91
sensitivity,brenk,disulphide,0,9098,https://raw.githubusercontent.com/rdkit/rdkit/0ece02e9254ef2d5eeade2bd40eb13546522dbd3/Code/GraphMol/FilterCatalog/Filters.cpp#L92
sensitivity,brenk,enamine,3,9098,https://raw.githubusercontent.com/rdkit/rdkit/0ece02e9254ef2d5eeade2bd40eb13546522dbd3/Code/GraphMol/FilterCatalog/Filters.cpp#L93
sensitivity,brenk,ester_of_HOBT,0,9098,https://raw.githubusercontent.com/rdkit/rdkit/0ece02e9254ef2d5eeade2bd40eb13546522dbd3/Code/GraphMol/FilterCatalog/Filters.cpp#L94
sensitivity,brenk,four_member_lactones,0,9098,https://raw.githubusercontent.com/rdkit/rdkit/0ece02e9254ef2d5eeade2bd40eb13546522dbd3/Code/GraphMol/FilterCatalog/Filters.cpp#L95
sensitivity,brenk,halogenated_ring_1,17,9098,https://raw.githubusercontent.com/rdkit/rdkit/0ece02e9254ef2d5eeade2bd40eb13546522dbd3/Code/GraphMol/FilterCatalog/Filters.cpp#L96
sensitivity,brenk,halogenated_ring_2,11,9098,https://raw.githubusercontent.com/rdkit/rdkit/0ece02e9254ef2d5eeade2bd40eb13546522dbd3/Code/GraphMol/FilterCatalog/Filters.cpp#L98
sensitivity,brenk,heavy_metal,13,9098,https://raw.githubusercontent.com/rdkit/rdkit/0ece02e9254ef2d5eeade2bd40eb13546522dbd3/Code/GraphMol/FilterCatalog/Filters.cpp#L100
sensitivity,brenk,het-C-het_not_in_ring,10,9098,https://raw.githubusercontent.com/rdkit/rdkit/0ece02e9254ef2d5eeade2bd40eb13546522dbd3/Code/GraphMol/FilterCatalog/Filters.cpp#L101
sensitivity,brenk,hydantoin,7,9098,https://raw.githubusercontent.com/rdkit/rdkit/0ece02e9254ef2d5eeade2bd40eb13546522dbd3/Code/GraphMol/FilterCatalog/Filters.cpp#L103
sensitivity,brenk,hydrazine,8,9098,https://raw.githubusercontent.com/rdkit/rdkit/0ece02e9254ef2d5eeade2bd40eb13546522dbd3/Code/GraphMol/FilterCatalog/Filters.cpp#L104
sensitivity,brenk,hydroquinone,77,9098,https://raw.githubusercontent.com/rdkit/rdkit/0ece02e9254ef2d5eeade2bd40eb13546522dbd3/Code/GraphMol/FilterCatalog/Filters.cpp#L105
sensitivity,brenk,hydroxamic_acid,15,9098,https://raw.githubusercontent.com/rdkit/rdkit/0ece02e9254ef2d5eeade2bd40eb13546522dbd3/Code/GraphMol/FilterCatalog/Filters.cpp#L106
sensitivity,brenk,imine_1,149,9098,https://raw.githubusercontent.com/rdkit/rdkit/0ece02e9254ef2d5eeade2bd40eb13546522dbd3/Code/GraphMol/FilterCatalog/Filters.cpp#L107
sensitivity,brenk,imine_2,52,9098,https://raw.githubusercontent.com/rdkit/rdkit/0ece02e9254ef2d5eeade2bd40eb13546522dbd3/Code/GraphMol/FilterCatalog/Filters.cpp#L108
sensitivity,brenk,iodine,59,9098,https://raw.githubusercontent.com/rdkit/rdkit/0ece02e9254ef2d5eeade2bd40eb13546522dbd3/Code/GraphMol/FilterCatalog/Filters.cpp#L109
sensitivity,brenk,isocyanate,0,9098,https://raw.githubusercontent.com/rdkit/rdkit/0ece02e9254ef2d5eeade2bd40eb13546522dbd3/Code/GraphMol/FilterCatalog/Filters.cpp#L110
sensitivity,brenk,isolated_alkene,333,9098,https://raw.githubusercontent.com/rdkit/rdkit/0ece02e9254ef2d5eeade2bd40eb13546522dbd3/Code/GraphMol/FilterCatalog/Filters.cpp#L111
sensitivity,brenk,ketene,0,9098,https://raw.githubusercontent.com/rdkit/rdkit/0ece02e9254ef2d5eeade2bd40eb13546522dbd3/Code/GraphMol/FilterCatalog/Filters.cpp#L115
sensitivity,brenk,"methylidene-1,3-dithiole",0,9098,https://raw.githubusercontent.com/rdkit/rdkit/0ece02e9254ef2d5eeade2bd40eb13546522dbd3/Code/GraphMol/FilterCatalog/Filters.cpp#L116
sensitivity,brenk,Michael_acceptor_1,350,9098,https://raw.githubusercontent.com/rdkit/rdkit/0ece02e9254ef2d5eeade2bd40eb13546522dbd3/Code/GraphMol/FilterCatalog/Filters.cpp#L117
sensitivity,brenk,Michael_acceptor_2,0,9098,https://raw.githubusercontent.com/rdkit/rdkit/0ece02e9254ef2d5eeade2bd40eb13546522dbd3/Code/GraphMol/FilterCatalog/Filters.cpp#L118
sensitivity,brenk,Michael_acceptor_3,0,9098,https://raw.githubusercontent.com/rdkit/rdkit/0ece02e9254ef2d5eeade2bd40eb13546522dbd3/Code/GraphMol/FilterCatalog/Filters.cpp#L119
sensitivity,brenk,Michael_acceptor_4,6,9098,https://raw.githubusercontent.com/rdkit/rdkit/0ece02e9254ef2d5eeade2bd40eb13546522dbd3/Code/GraphMol/FilterCatalog/Filters.cpp#L120
sensitivity,brenk,Michael_acceptor_5,0,9098,https://raw.githubusercontent.com/rdkit/rdkit/0ece02e9254ef2d5eeade2bd40eb13546522dbd3/Code/GraphMol/FilterCatalog/Filters.cpp#L121
sensitivity,brenk,N_oxide,23,9098,https://raw.githubusercontent.com/rdkit/rdkit/0ece02e9254ef2d5eeade2bd40eb13546522dbd3/Code/GraphMol/FilterCatalog/Filters.cpp#L122
sensitivity,brenk,"N-acyl-2-amino-5-mercapto-1,3,4-_thiadiazole",6,9098,https://raw.githubusercontent.com/rdkit/rdkit/0ece02e9254ef2d5eeade2bd40eb13546522dbd3/Code/GraphMol/FilterCatalog/Filters.cpp#L123
sensitivity,brenk,N-C-halo,0,9098,https://raw.githubusercontent.com/rdkit/rdkit/0ece02e9254ef2d5eeade2bd40eb13546522dbd3/Code/GraphMol/FilterCatalog/Filters.cpp#L124
sensitivity,brenk,N-halo,0,9098,https://raw.githubusercontent.com/rdkit/rdkit/0ece02e9254ef2d5eeade2bd40eb13546522dbd3/Code/GraphMol/FilterCatalog/Filters.cpp#L125
sensitivity,brenk,N-hydroxyl_pyridine,24,9098,https://raw.githubusercontent.com/rdkit/rdkit/0ece02e9254ef2d5eeade2bd40eb13546522dbd3/Code/GraphMol/FilterCatalog/Filters.cpp#L126
sensitivity,brenk,nitro_group,298,9098,https://raw.githubusercontent.com/rdkit/rdkit/0ece02e9254ef2d5eeade2bd40eb13546522dbd3/Code/GraphMol/FilterCatalog/Filters.cpp#L127
sensitivity,brenk,N-nitroso,0,9098,https://raw.githubusercontent.com/rdkit/rdkit/0ece02e9254ef2d5eeade2bd40eb13546522dbd3/Code/GraphMol/FilterCatalog/Filters.cpp#L128
sensitivity,brenk,oxime_1,0,9098,https://raw.githubusercontent.com/rdkit/rdkit/0ece02e9254ef2d5eeade2bd40eb13546522dbd3/Code/GraphMol/FilterCatalog/Filters.cpp#L129
sensitivity,brenk,oxime_2,1,9098,https://raw.githubusercontent.com/rdkit/rdkit/0ece02e9254ef2d5eeade2bd40eb13546522dbd3/Code/GraphMol/FilterCatalog/Filters.cpp#L130
sensitivity,brenk,Oxygen-nitrogen_single_bond,457,9098,https://raw.githubusercontent.com/rdkit/rdkit/0ece02e9254ef2d5eeade2bd40eb13546522dbd3/Code/GraphMol/FilterCatalog/Filters.cpp#L131
sensitivity,brenk,Perfluorinated_chain,6,9098,https://raw.githubusercontent.com/rdkit/rdkit/0ece02e9254ef2d5eeade2bd40eb13546522dbd3/Code/GraphMol/FilterCatalog/Filters.cpp#L132
sensitivity,brenk,peroxide,15,9098,https://raw.githubusercontent.com/rdkit/rdkit/0ece02e9254ef2d5eeade2bd40eb13546522dbd3/Code/GraphMol/FilterCatalog/Filters.cpp#L133
sensitivity,brenk,phenol_ester,57,9098,https://raw.githubusercontent.com/rdkit/rdkit/0ece02e9254ef2d5eeade2bd40eb13546522dbd3/Code/GraphMol/FilterCatalog/Filters.cpp#L134
sensitivity,brenk,phenyl_carbonate,4,9098,https://raw.githubusercontent.com/rdkit/rdkit/0ece02e9254ef2d5eeade2bd40eb13546522dbd3/Code/GraphMol/FilterCatalog/Filters.cpp#L135
sensitivity,brenk,phosphor,120,9098,https://raw.githubusercontent.com/rdkit/rdkit/0ece02e9254ef2d5eeade2bd40eb13546522dbd3/Code/GraphMol/FilterCatalog/Filters.cpp#L136
sensitivity,brenk,phthalimide,127,9098,https://raw.githubusercontent.com/rdkit/rdkit/0ece02e9254ef2d5eeade2bd40eb13546522dbd3/Code/GraphMol/FilterCatalog/Filters.cpp#L137
sensitivity,brenk,Polycyclic_aromatic_hydrocarbon_1,0,9098,https://raw.githubusercontent.com/rdkit/rdkit/0ece02e9254ef2d5eeade2bd40eb13546522dbd3/Code/GraphMol/FilterCatalog/Filters.cpp#L138
sensitivity,brenk,Polycyclic_aromatic_hydrocarbon_2,351,9098,https://raw.githubusercontent.com/rdkit/rdkit/0ece02e9254ef2d5eeade2bd40eb13546522dbd3/Code/GraphMol/FilterCatalog/Filters.cpp#L139
sensitivity,brenk,Polycyclic_aromatic_hydrocarbon_3,30,9098,https://raw.githubusercontent.com/rdkit/rdkit/0ece02e9254ef2d5eeade2bd40eb13546522dbd3/Code/GraphMol/FilterCatalog/Filters.cpp#L140
sensitivity,brenk,polyene,48,9098,https://raw.githubusercontent.com/rdkit/rdkit/0ece02e9254ef2d5eeade2bd40eb13546522dbd3/Code/GraphMol/FilterCatalog/Filters.cpp#L141
sensitivity,brenk,quaternary_nitrogen_1,240,9098,https://raw.githubusercontent.com/rdkit/rdkit/0ece02e9254ef2d5eeade2bd40eb13546522dbd3/Code/GraphMol/FilterCatalog/Filters.cpp#L142
sensitivity,brenk,quaternary_nitrogen_2,36,9098,https://raw.githubusercontent.com/rdkit/rdkit/0ece02e9254ef2d5eeade2bd40eb13546522dbd3/Code/GraphMol/FilterCatalog/Filters.cpp#L144
sensitivity,brenk,quaternary_nitrogen_3,0,9098,https://raw.githubusercontent.com/rdkit/rdkit/0ece02e9254ef2d5eeade2bd40eb13546522dbd3/Code/GraphMol/FilterCatalog/Filters.cpp#L148
sensitivity,brenk,saponine_derivative,4,9098,https://raw.githubusercontent.com/rdkit/rdkit/0ece02e9254ef2d5eeade2bd40eb13546522dbd3/Code/GraphMol/FilterCatalog/Filters.cpp#L149
sensitivity,brenk,silicon_halogen,0,9098,https://raw.githubusercontent.com/rdkit/rdkit/0ece02e9254ef2d5eeade2bd40eb13546522dbd3/Code/GraphMol/FilterCatalog/Filters.cpp#L150
sensitivity,brenk,stilbene,92,9098,https://raw.githubusercontent.com/rdkit/rdkit/0ece02e9254ef2d5eeade2bd40eb13546522dbd3/Code/GraphMol/FilterCatalog/Filters.cpp#L151
sensitivity,brenk,sulfinic_acid,0,9098,https://raw.githubusercontent.com/rdkit/rdkit/0ece02e9254ef2d5eeade2bd40eb13546522dbd3/Code/GraphMol/FilterCatalog/Filters.cpp#L152
sensitivity,brenk,Sulfonic_acid_1,12,9098,https://raw.githubusercontent.com/rdkit/rdkit/0ece02e9254ef2d5eeade2bd40eb13546522dbd3/Code/GraphMol/FilterCatalog/Filters.cpp#L153
sensitivity,brenk,Sulfonic_acid_2,13,9098,https://raw.githubusercontent.com/rdkit/rdkit/0ece02e9254ef2d5eeade2bd40eb13546522dbd3/Code/GraphMol/FilterCatalog/Filters.cpp#L154
sensitivity,brenk,sulfonyl_cyanide,0,9098,https://raw.githubusercontent.com/rdkit/rdkit/0ece02e9254ef2d5eeade2bd40eb13546522dbd3/Code/GraphMol/FilterCatalog/Filters.cpp#L155
sensitivity,brenk,sulfur_oxygen_single_bond,0,9098,https://raw.githubusercontent.com/rdkit/rdkit/0ece02e9254ef2d5eeade2bd40eb13546522dbd3/Code/GraphMol/FilterCatalog/Filters.cpp#L156
sensitivity,brenk,sulphate,0,9098,https://raw.githubusercontent.com/rdkit/rdkit/0ece02e9254ef2d5eeade2bd40eb13546522dbd3/Code/GraphMol/FilterCatalog/Filters.cpp#L157
sensitivity,brenk,sulphur_nitrogen_single_bond,1,9098,https://raw.githubusercontent.com/rdkit/rdkit/0ece02e9254ef2d5eeade2bd40eb13546522dbd3/Code/GraphMol/FilterCatalog/Filters.cpp#L158
sensitivity,brenk,Thiobenzothiazole_1,0,9098,https://raw.githubusercontent.com/rdkit/rdkit/0ece02e9254ef2d5eeade2bd40eb13546522dbd3/Code/GraphMol/FilterCatalog/Filters.cpp#L159
sensitivity,brenk,thiobenzothiazole_2,0,9098,https://raw.githubusercontent.com/rdkit/rdkit/0ece02e9254ef2d5eeade2bd40eb13546522dbd3/Code/GraphMol/FilterCatalog/Filters.cpp#L160
sensitivity,brenk,Thiocarbonyl_group,208,9098,https://raw.githubusercontent.com/rdkit/rdkit/0ece02e9254ef2d5eeade2bd40eb13546522dbd3/Code/GraphMol/FilterCatalog/Filters.cpp#L161
sensitivity,brenk,thioester,36,9098,https://raw.githubusercontent.com/rdkit/rdkit/0ece02e9254ef2d5eeade2bd40eb13546522dbd3/Code/GraphMol/FilterCatalog/Filters.cpp#L162
sensitivity,brenk,thiol_1,0,9098,https://raw.githubusercontent.com/rdkit/rdkit/0ece02e9254ef2d5eeade2bd40eb13546522dbd3/Code/GraphMol/FilterCatalog/Filters.cpp#L163
sensitivity,brenk,thiol_2,7,9098,https://raw.githubusercontent.com/rdkit/rdkit/0ece02e9254ef2d5eeade2bd40eb13546522dbd3/Code/GraphMol/FilterCatalog/Filters.cpp#L164
sensitivity,brenk,Three-membered_heterocycle,44,9098,https://raw.githubusercontent.com/rdkit/rdkit/0ece02e9254ef2d5eeade2bd40eb13546522dbd3/Code/GraphMol/FilterCatalog/Filters.cpp#L165
sensitivity,brenk,triflate,1,9098,https://raw.githubusercontent.com/rdkit/rdkit/0ece02e9254ef2d5eeade2bd40eb13546522dbd3/Code/GraphMol/FilterCatalog/Filters.cpp#L166
sensitivity,brenk,triphenyl_methyl-silyl,3,9098,https://raw.githubusercontent.com/rdkit/rdkit/0ece02e9254ef2d5eeade2bd40eb13546522dbd3/Code/GraphMol/FilterCatalog/Filters.cpp#L167
sensitivity,brenk,triple_bond,86,9098,https://raw.githubusercontent.com/rdkit/rdkit/0ece02e9254ef2d5eeade2bd40eb13546522dbd3/Code/GraphMol/FilterCatalog/Filters.cpp#L169
sensitivity,reactive,acid_halide,0,9098,https://raw.githubusercontent.com/rdkit/rdkit/0ece02e9254ef2d5eeade2bd40eb13546522dbd3/Code/GraphMol/FilterCatalog/Filters.cpp#L49
sensitivity,reactive,aldehyde,65,9098,https://raw.githubusercontent.com/rdkit/rdkit/0ece02e9254ef2d5eeade2bd40eb13546522dbd3/Code/GraphMol/FilterCatalog/Filters.cpp#L53
sensitivity,reactive,isocyanate,0,9098,https://raw.githubusercontent.com/rdkit/rdkit/0ece02e9254ef2d5eeade2bd40eb13546522dbd3/Code/GraphMol/FilterCatalog/Filters.cpp#L110
sensitivity,reactive,ketene,0,9098,https://raw.githubusercontent.com/rdkit/rdkit/0ece02e9254ef2d5eeade2bd40eb13546522dbd3/Code/GraphMol/FilterCatalog/Filters.cpp#L115
sensitivity,reactive,Michael_acceptor_1,350,9098,https://raw.githubusercontent.com/rdkit/rdkit/0ece02e9254ef2d5eeade2bd40eb13546522dbd3/Code/GraphMol/FilterCatalog/Filters.cpp#L117
sensitivity,reactive,Michael_acceptor_2,0,9098,https://raw.githubusercontent.com/rdkit/rdkit/0ece02e9254ef2d5eeade2bd40eb13546522dbd3/Code/GraphMol/FilterCatalog/Filters.cpp#L118
sensitivity,reactive,Michael_acceptor_3,0,9098,https://raw.githubusercontent.com/rdkit/rdkit/0ece02e9254ef2d5eeade2bd40eb13546522dbd3/Code/GraphMol/FilterCatalog/Filters.cpp#L119
sensitivity,reactive,Michael_acceptor_4,6,9098,https://raw.githubusercontent.com/rdkit/rdkit/0ece02e9254ef2d5eeade2bd40eb13546522dbd3/Code/GraphMol/FilterCatalog/Filters.cpp#L120
sensitivity,reactive,Michael_acceptor_5,0,9098,https://raw.githubusercontent.com/rdkit/rdkit/0ece02e9254ef2d5eeade2bd40eb13546522dbd3/Code/GraphMol/FilterCatalog/Filters.cpp#L121
sensitivity,reactive,Three-membered_heterocycle,44,9098,https://raw.githubusercontent.com/rdkit/rdkit/0ece02e9254ef2d5eeade2bd40eb13546522dbd3/Code/GraphMol/FilterCatalog/Filters.cpp#L165
union,pains,ene_six_het_A(483),0,9098,https://raw.githubusercontent.com/rdkit/rdkit/0ece02e9254ef2d5eeade2bd40eb13546522dbd3/Code/GraphMol/FilterCatalog/pains_a.in#L2
union,pains,hzone_phenol_A(479),0,9098,https://raw.githubusercontent.com/rdkit/rdkit/0ece02e9254ef2d5eeade2bd40eb13546522dbd3/Code/GraphMol/FilterCatalog/pains_a.in#L3
union,pains,anil_di_alk_A(478),74,9098,https://raw.githubusercontent.com/rdkit/rdkit/0ece02e9254ef2d5eeade2bd40eb13546522dbd3/Code/GraphMol/FilterCatalog/pains_a.in#L4
union,pains,indol_3yl_alk(461),11,9098,https://raw.githubusercontent.com/rdkit/rdkit/0ece02e9254ef2d5eeade2bd40eb13546522dbd3/Code/GraphMol/FilterCatalog/pains_a.in#L5
union,pains,quinone_A(370),41,9098,https://raw.githubusercontent.com/rdkit/rdkit/0ece02e9254ef2d5eeade2bd40eb13546522dbd3/Code/GraphMol/FilterCatalog/pains_a.in#L6
union,pains,azo_A(324),3,9098,https://raw.githubusercontent.com/rdkit/rdkit/0ece02e9254ef2d5eeade2bd40eb13546522dbd3/Code/GraphMol/FilterCatalog/pains_a.in#L7
union,pains,imine_one_A(321),2,9098,https://raw.githubusercontent.com/rdkit/rdkit/0ece02e9254ef2d5eeade2bd40eb13546522dbd3/Code/GraphMol/FilterCatalog/pains_a.in#L8
union,pains,mannich_A(296),16,9098,https://raw.githubusercontent.com/rdkit/rdkit/0ece02e9254ef2d5eeade2bd40eb13546522dbd3/Code/GraphMol/FilterCatalog/pains_a.in#L9
union,pains,anil_di_alk_B(251),5,9098,https://raw.githubusercontent.com/rdkit/rdkit/0ece02e9254ef2d5eeade2bd40eb13546522dbd3/Code/GraphMol/FilterCatalog/pains_a.in#L10
union,pains,anil_di_alk_C(246),21,9098,https://raw.githubusercontent.com/rdkit/rdkit/0ece02e9254ef2d5eeade2bd40eb13546522dbd3/Code/GraphMol/FilterCatalog/pains_a.in#L11
union,pains,ene_rhod_A(235),5,9098,https://raw.githubusercontent.com/rdkit/rdkit/0ece02e9254ef2d5eeade2bd40eb13546522dbd3/Code/GraphMol/FilterCatalog/pains_a.in#L12
union,pains,hzone_phenol_B(215),0,9098,https://raw.githubusercontent.com/rdkit/rdkit/0ece02e9254ef2d5eeade2bd40eb13546522dbd3/Code/GraphMol/FilterCatalog/pains_a.in#L13
union,pains,ene_five_het_A(201),1,9098,https://raw.githubusercontent.com/rdkit/rdkit/0ece02e9254ef2d5eeade2bd40eb13546522dbd3/Code/GraphMol/FilterCatalog/pains_a.in#L14
union,pains,anil_di_alk_D(198),2,9098,https://raw.githubusercontent.com/rdkit/rdkit/0ece02e9254ef2d5eeade2bd40eb13546522dbd3/Code/GraphMol/FilterCatalog/pains_a.in#L15
union,pains,imine_one_isatin(189),0,9098,https://raw.githubusercontent.com/rdkit/rdkit/0ece02e9254ef2d5eeade2bd40eb13546522dbd3/Code/GraphMol/FilterCatalog/pains_a.in#L16
union,pains,anil_di_alk_E(186),3,9098,https://raw.githubusercontent.com/rdkit/rdkit/0ece02e9254ef2d5eeade2bd40eb13546522dbd3/Code/GraphMol/FilterCatalog/pains_a.in#L17
union,pains,thiaz_ene_A(128),0,9098,https://raw.githubusercontent.com/rdkit/rdkit/0ece02e9254ef2d5eeade2bd40eb13546522dbd3/Code/GraphMol/FilterCatalog/pains_b.in#L2
union,pains,pyrrole_A(118),3,9098,https://raw.githubusercontent.com/rdkit/rdkit/0ece02e9254ef2d5eeade2bd40eb13546522dbd3/Code/GraphMol/FilterCatalog/pains_b.in#L3
union,pains,catechol_A(92),56,9098,https://raw.githubusercontent.com/rdkit/rdkit/0ece02e9254ef2d5eeade2bd40eb13546522dbd3/Code/GraphMol/FilterCatalog/pains_b.in#L4
union,pains,ene_five_het_B(90),0,9098,https://raw.githubusercontent.com/rdkit/rdkit/0ece02e9254ef2d5eeade2bd40eb13546522dbd3/Code/GraphMol/FilterCatalog/pains_b.in#L5
union,pains,imine_one_fives(89),0,9098,https://raw.githubusercontent.com/rdkit/rdkit/0ece02e9254ef2d5eeade2bd40eb13546522dbd3/Code/GraphMol/FilterCatalog/pains_b.in#L6
union,pains,ene_five_het_C(85),0,9098,https://raw.githubusercontent.com/rdkit/rdkit/0ece02e9254ef2d5eeade2bd40eb13546522dbd3/Code/GraphMol/FilterCatalog/pains_b.in#L7
union,pains,hzone_pipzn(79),0,9098,https://raw.githubusercontent.com/rdkit/rdkit/0ece02e9254ef2d5eeade2bd40eb13546522dbd3/Code/GraphMol/FilterCatalog/pains_b.in#L8
union,pains,keto_keto_beta_A(68),0,9098,https://raw.githubusercontent.com/rdkit/rdkit/0ece02e9254ef2d5eeade2bd40eb13546522dbd3/Code/GraphMol/FilterCatalog/pains_b.in#L9
union,pains,hzone_pyrrol(64),0,9098,https://raw.githubusercontent.com/rdkit/rdkit/0ece02e9254ef2d5eeade2bd40eb13546522dbd3/Code/GraphMol/FilterCatalog/pains_b.in#L10
union,pains,ene_one_ene_A(57),4,9098,https://raw.githubusercontent.com/rdkit/rdkit/0ece02e9254ef2d5eeade2bd40eb13546522dbd3/Code/GraphMol/FilterCatalog/pains_b.in#L11
union,pains,cyano_ene_amine_A(56),0,9098,https://raw.githubusercontent.com/rdkit/rdkit/0ece02e9254ef2d5eeade2bd40eb13546522dbd3/Code/GraphMol/FilterCatalog/pains_b.in#L12
union,pains,ene_five_one_A(55),0,9098,https://raw.githubusercontent.com/rdkit/rdkit/0ece02e9254ef2d5eeade2bd40eb13546522dbd3/Code/GraphMol/FilterCatalog/pains_b.in#L13
union,pains,cyano_pyridone_A(54),3,9098,https://raw.githubusercontent.com/rdkit/rdkit/0ece02e9254ef2d5eeade2bd40eb13546522dbd3/Code/GraphMol/FilterCatalog/pains_b.in#L14
union,pains,anil_alk_ene(51),22,9098,https://raw.githubusercontent.com/rdkit/rdkit/0ece02e9254ef2d5eeade2bd40eb13546522dbd3/Code/GraphMol/FilterCatalog/pains_b.in#L15
union,pains,amino_acridine_A(46),289,9098,https://raw.githubusercontent.com/rdkit/rdkit/0ece02e9254ef2d5eeade2bd40eb13546522dbd3/Code/GraphMol/FilterCatalog/pains_b.in#L16
union,pains,ene_five_het_D(46),0,9098,https://raw.githubusercontent.com/rdkit/rdkit/0ece02e9254ef2d5eeade2bd40eb13546522dbd3/Code/GraphMol/FilterCatalog/pains_b.in#L17
union,pains,thiophene_amino_Aa(45),0,9098,https://raw.githubusercontent.com/rdkit/rdkit/0ece02e9254ef2d5eeade2bd40eb13546522dbd3/Code/GraphMol/FilterCatalog/pains_b.in#L18
union,pains,ene_five_het_E(44),0,9098,https://raw.githubusercontent.com/rdkit/rdkit/0ece02e9254ef2d5eeade2bd40eb13546522dbd3/Code/GraphMol/FilterCatalog/pains_b.in#L19
union,pains,sulfonamide_A(43),0,9098,https://raw.githubusercontent.com/rdkit/rdkit/0ece02e9254ef2d5eeade2bd40eb13546522dbd3/Code/GraphMol/FilterCatalog/pains_b.in#L20
union,pains,thio_ketone(43),0,9098,https://raw.githubusercontent.com/rdkit/rdkit/0ece02e9254ef2d5eeade2bd40eb13546522dbd3/Code/GraphMol/FilterCatalog/pains_b.in#L21
union,pains,sulfonamide_B(41),2,9098,https://raw.githubusercontent.com/rdkit/rdkit/0ece02e9254ef2d5eeade2bd40eb13546522dbd3/Code/GraphMol/FilterCatalog/pains_b.in#L22
union,pains,anil_no_alk(40),12,9098,https://raw.githubusercontent.com/rdkit/rdkit/0ece02e9254ef2d5eeade2bd40eb13546522dbd3/Code/GraphMol/FilterCatalog/pains_b.in#L23
union,pains,thiophene_amino_Ab(40),0,9098,https://raw.githubusercontent.com/rdkit/rdkit/0ece02e9254ef2d5eeade2bd40eb13546522dbd3/Code/GraphMol/FilterCatalog/pains_b.in#L24
union,pains,het_pyridiniums_A(39),22,9098,https://raw.githubusercontent.com/rdkit/rdkit/0ece02e9254ef2d5eeade2bd40eb13546522dbd3/Code/GraphMol/FilterCatalog/pains_b.in#L25
union,pains,anthranil_one_A(38),1,9098,https://raw.githubusercontent.com/rdkit/rdkit/0ece02e9254ef2d5eeade2bd40eb13546522dbd3/Code/GraphMol/FilterCatalog/pains_b.in#L26
union,pains,cyano_imine_A(37),0,9098,https://raw.githubusercontent.com/rdkit/rdkit/0ece02e9254ef2d5eeade2bd40eb13546522dbd3/Code/GraphMol/FilterCatalog/pains_b.in#L27
union,pains,diazox_sulfon_A(36),0,9098,https://raw.githubusercontent.com/rdkit/rdkit/0ece02e9254ef2d5eeade2bd40eb13546522dbd3/Code/GraphMol/FilterCatalog/pains_b.in#L28
union,pains,hzone_anil_di_alk(35),0,9098,https://raw.githubusercontent.com/rdkit/rdkit/0ece02e9254ef2d5eeade2bd40eb13546522dbd3/Code/GraphMol/FilterCatalog/pains_b.in#L29
union,pains,rhod_sat_A(33),0,9098,https://raw.githubusercontent.com/rdkit/rdkit/0ece02e9254ef2d5eeade2bd40eb13546522dbd3/Code/GraphMol/FilterCatalog/pains_b.in#L30
union,pains,hzone_enamin(30),0,9098,https://raw.githubusercontent.com/rdkit/rdkit/0ece02e9254ef2d5eeade2bd40eb13546522dbd3/Code/GraphMol/FilterCatalog/pains_b.in#L31
union,pains,pyrrole_B(29),3,9098,https://raw.githubusercontent.com/rdkit/rdkit/0ece02e9254ef2d5eeade2bd40eb13546522dbd3/Code/GraphMol/FilterCatalog/pains_b.in#L32
union,pains,thiophene_hydroxy(28),1,9098,https://raw.githubusercontent.com/rdkit/rdkit/0ece02e9254ef2d5eeade2bd40eb13546522dbd3/Code/GraphMol/FilterCatalog/pains_b.in#L33
union,pains,cyano_pyridone_B(27),13,9098,https://raw.githubusercontent.com/rdkit/rdkit/0ece02e9254ef2d5eeade2bd40eb13546522dbd3/Code/GraphMol/FilterCatalog/pains_b.in#L34
union,pains,imine_one_sixes(27),0,9098,https://raw.githubusercontent.com/rdkit/rdkit/0ece02e9254ef2d5eeade2bd40eb13546522dbd3/Code/GraphMol/FilterCatalog/pains_b.in#L35
union,pains,dyes5A(27),1,9098,https://raw.githubusercontent.com/rdkit/rdkit/0ece02e9254ef2d5eeade2bd40eb13546522dbd3/Code/GraphMol/FilterCatalog/pains_b.in#L36
union,pains,naphth_amino_A(25),0,9098,https://raw.githubusercontent.com/rdkit/rdkit/0ece02e9254ef2d5eeade2bd40eb13546522dbd3/Code/GraphMol/FilterCatalog/pains_b.in#L37
union,pains,naphth_amino_B(25),0,9098,https://raw.githubusercontent.com/rdkit/rdkit/0ece02e9254ef2d5eeade2bd40eb13546522dbd3/Code/GraphMol/FilterCatalog/pains_b.in#L38
union,pains,ene_one_ester(24),0,9098,https://raw.githubusercontent.com/rdkit/rdkit/0ece02e9254ef2d5eeade2bd40eb13546522dbd3/Code/GraphMol/FilterCatalog/pains_b.in#L39
union,pains,thio_dibenzo(23),0,9098,https://raw.githubusercontent.com/rdkit/rdkit/0ece02e9254ef2d5eeade2bd40eb13546522dbd3/Code/GraphMol/FilterCatalog/pains_b.in#L40
union,pains,cyano_cyano_A(23),0,9098,https://raw.githubusercontent.com/rdkit/rdkit/0ece02e9254ef2d5eeade2bd40eb13546522dbd3/Code/GraphMol/FilterCatalog/pains_b.in#L41
union,pains,hzone_acyl_naphthol(22),0,9098,https://raw.githubusercontent.com/rdkit/rdkit/0ece02e9254ef2d5eeade2bd40eb13546522dbd3/Code/GraphMol/FilterCatalog/pains_b.in#L42
union,pains,het_65_A(21),0,9098,https://raw.githubusercontent.com/rdkit/rdkit/0ece02e9254ef2d5eeade2bd40eb13546522dbd3/Code/GraphMol/FilterCatalog/pains_b.in#L43
union,pains,imidazole_A(19),17,9098,https://raw.githubusercontent.com/rdkit/rdkit/0ece02e9254ef2d5eeade2bd40eb13546522dbd3/Code/GraphMol/FilterCatalog/pains_b.in#L44
union,pains,ene_cyano_A(19),1,9098,https://raw.githubusercontent.com/rdkit/rdkit/0ece02e9254ef2d5eeade2bd40eb13546522dbd3/Code/GraphMol/FilterCatalog/pains_b.in#L45
union,pains,anthranil_acid_A(19),0,9098,https://raw.githubusercontent.com/rdkit/rdkit/0ece02e9254ef2d5eeade2bd40eb13546522dbd3/Code/GraphMol/FilterCatalog/pains_b.in#L46
union,pains,dyes3A(19),0,9098,https://raw.githubusercontent.com/rdkit/rdkit/0ece02e9254ef2d5eeade2bd40eb13546522dbd3/Code/GraphMol/FilterCatalog/pains_b.in#L47
union,pains,dhp_bis_amino_CN(19),0,9098,https://raw.githubusercontent.com/rdkit/rdkit/0ece02e9254ef2d5eeade2bd40eb13546522dbd3/Code/GraphMol/FilterCatalog/pains_b.in#L48
union,pains,het_6_tetrazine(18),0,9098,https://raw.githubusercontent.com/rdkit/rdkit/0ece02e9254ef2d5eeade2bd40eb13546522dbd3/Code/GraphMol/FilterCatalog/pains_b.in#L49
union,pains,ene_one_hal(17),1,9098,https://raw.githubusercontent.com/rdkit/rdkit/0ece02e9254ef2d5eeade2bd40eb13546522dbd3/Code/GraphMol/FilterCatalog/pains_b.in#L50
union,pains,cyano_imine_B(17),0,9098,https://raw.githubusercontent.com/rdkit/rdkit/0ece02e9254ef2d5eeade2bd40eb13546522dbd3/Code/GraphMol/FilterCatalog/pains_b.in#L51
union,pains,thiaz_ene_B(17),0,9098,https://raw.githubusercontent.com/rdkit/rdkit/0ece02e9254ef2d5eeade2bd40eb13546522dbd3/Code/GraphMol/FilterCatalog/pains_b.in#L52
union,pains,ene_rhod_B(16),0,9098,https://raw.githubusercontent.com/rdkit/rdkit/0ece02e9254ef2d5eeade2bd40eb13546522dbd3/Code/GraphMol/FilterCatalog/pains_b.in#L53
union,pains,thio_carbonate_A(15),0,9098,https://raw.githubusercontent.com/rdkit/rdkit/0ece02e9254ef2d5eeade2bd40eb13546522dbd3/Code/GraphMol/FilterCatalog/pains_b.in#L54
union,pains,anil_di_alk_furan_A(15),0,9098,https://raw.githubusercontent.com/rdkit/rdkit/0ece02e9254ef2d5eeade2bd40eb13546522dbd3/Code/GraphMol/FilterCatalog/pains_b.in#L55
union,pains,ene_five_het_F(15),0,9098,https://raw.githubusercontent.com/rdkit/rdkit/0ece02e9254ef2d5eeade2bd40eb13546522dbd3/Code/GraphMol/FilterCatalog/pains_b.in#L56
union,pains,anil_di_alk_F(14),0,9098,https://raw.githubusercontent.com/rdkit/rdkit/0ece02e9254ef2d5eeade2bd40eb13546522dbd3/Code/GraphMol/FilterCatalog/pains_c.in#L2
union,pains,hzone_anil(14),0,9098,https://raw.githubusercontent.com/rdkit/rdkit/0ece02e9254ef2d5eeade2bd40eb13546522dbd3/Code/GraphMol/FilterCatalog/pains_c.in#L3
union,pains,het_5_pyrazole_OH(14),0,9098,https://raw.githubusercontent.com/rdkit/rdkit/0ece02e9254ef2d5eeade2bd40eb13546522dbd3/Code/GraphMol/FilterCatalog/pains_c.in#L4
union,pains,het_thio_666_A(13),0,9098,https://raw.githubusercontent.com/rdkit/rdkit/0ece02e9254ef2d5eeade2bd40eb13546522dbd3/Code/GraphMol/FilterCatalog/pains_c.in#L5
union,pains,styrene_A(13),0,9098,https://raw.githubusercontent.com/rdkit/rdkit/0ece02e9254ef2d5eeade2bd40eb13546522dbd3/Code/GraphMol/FilterCatalog/pains_c.in#L6
union,pains,ene_rhod_C(13),0,9098,https://raw.githubusercontent.com/rdkit/rdkit/0ece02e9254ef2d5eeade2bd40eb13546522dbd3/Code/GraphMol/FilterCatalog/pains_c.in#L7
union,pains,dhp_amino_CN_A(13),0,9098,https://raw.githubusercontent.com/rdkit/rdkit/0ece02e9254ef2d5eeade2bd40eb13546522dbd3/Code/GraphMol/FilterCatalog/pains_c.in#L8
union,pains,cyano_imine_C(12),0,9098,https://raw.githubusercontent.com/rdkit/rdkit/0ece02e9254ef2d5eeade2bd40eb13546522dbd3/Code/GraphMol/FilterCatalog/pains_c.in#L9
union,pains,thio_urea_A(12),0,9098,https://raw.githubusercontent.com/rdkit/rdkit/0ece02e9254ef2d5eeade2bd40eb13546522dbd3/Code/GraphMol/FilterCatalog/pains_c.in#L10
union,pains,thiophene_amino_B(12),0,9098,https://raw.githubusercontent.com/rdkit/rdkit/0ece02e9254ef2d5eeade2bd40eb13546522dbd3/Code/GraphMol/FilterCatalog/pains_c.in#L11
union,pains,keto_keto_beta_B(12),0,9098,https://raw.githubusercontent.com/rdkit/rdkit/0ece02e9254ef2d5eeade2bd40eb13546522dbd3/Code/GraphMol/FilterCatalog/pains_c.in#L12
union,pains,keto_phenone_A(11),1,9098,https://raw.githubusercontent.com/rdkit/rdkit/0ece02e9254ef2d5eeade2bd40eb13546522dbd3/Code/GraphMol/FilterCatalog/pains_c.in#L13
union,pains,cyano_pyridone_C(11),0,9098,https://raw.githubusercontent.com/rdkit/rdkit/0ece02e9254ef2d5eeade2bd40eb13546522dbd3/Code/GraphMol/FilterCatalog/pains_c.in#L14
union,pains,thiaz_ene_C(11),0,9098,https://raw.githubusercontent.com/rdkit/rdkit/0ece02e9254ef2d5eeade2bd40eb13546522dbd3/Code/GraphMol/FilterCatalog/pains_c.in#L15
union,pains,hzone_thiophene_A(11),0,9098,https://raw.githubusercontent.com/rdkit/rdkit/0ece02e9254ef2d5eeade2bd40eb13546522dbd3/Code/GraphMol/FilterCatalog/pains_c.in#L16
union,pains,ene_quin_methide(10),0,9098,https://raw.githubusercontent.com/rdkit/rdkit/0ece02e9254ef2d5eeade2bd40eb13546522dbd3/Code/GraphMol/FilterCatalog/pains_c.in#L17
union,pains,het_thio_676_A(10),0,9098,https://raw.githubusercontent.com/rdkit/rdkit/0ece02e9254ef2d5eeade2bd40eb13546522dbd3/Code/GraphMol/FilterCatalog/pains_c.in#L18
union,pains,ene_five_het_G(10),0,9098,https://raw.githubusercontent.com/rdkit/rdkit/0ece02e9254ef2d5eeade2bd40eb13546522dbd3/Code/GraphMol/FilterCatalog/pains_c.in#L19
union,pains,acyl_het_A(9),0,9098,https://raw.githubusercontent.com/rdkit/rdkit/0ece02e9254ef2d5eeade2bd40eb13546522dbd3/Code/GraphMol/FilterCatalog/pains_c.in#L20
union,pains,anil_di_alk_G(9),11,9098,https://raw.githubusercontent.com/rdkit/rdkit/0ece02e9254ef2d5eeade2bd40eb13546522dbd3/Code/GraphMol/FilterCatalog/pains_c.in#L21
union,pains,dhp_keto_A(9),0,9098,https://raw.githubusercontent.com/rdkit/rdkit/0ece02e9254ef2d5eeade2bd40eb13546522dbd3/Code/GraphMol/FilterCatalog/pains_c.in#L22
union,pains,thio_urea_B(9),0,9098,https://raw.githubusercontent.com/rdkit/rdkit/0ece02e9254ef2d5eeade2bd40eb13546522dbd3/Code/GraphMol/FilterCatalog/pains_c.in#L23
union,pains,anil_alk_bim(9),1,9098,https://raw.githubusercontent.com/rdkit/rdkit/0ece02e9254ef2d5eeade2bd40eb13546522dbd3/Code/GraphMol/FilterCatalog/pains_c.in#L24
union,pains,imine_imine_A(9),0,9098,https://raw.githubusercontent.com/rdkit/rdkit/0ece02e9254ef2d5eeade2bd40eb13546522dbd3/Code/GraphMol/FilterCatalog/pains_c.in#L25
union,pains,thio_urea_C(9),0,9098,https://raw.githubusercontent.com/rdkit/rdkit/0ece02e9254ef2d5eeade2bd40eb13546522dbd3/Code/GraphMol/FilterCatalog/pains_c.in#L26
union,pains,imine_one_fives_B(9),0,9098,https://raw.githubusercontent.com/rdkit/rdkit/0ece02e9254ef2d5eeade2bd40eb13546522dbd3/Code/GraphMol/FilterCatalog/pains_c.in#L27
union,pains,dhp_amino_CN_B(9),0,9098,https://raw.githubusercontent.com/rdkit/rdkit/0ece02e9254ef2d5eeade2bd40eb13546522dbd3/Code/GraphMol/FilterCatalog/pains_c.in#L28
union,pains,anil_OC_no_alk_A(8),0,9098,https://raw.githubusercontent.com/rdkit/rdkit/0ece02e9254ef2d5eeade2bd40eb13546522dbd3/Code/GraphMol/FilterCatalog/pains_c.in#L29
union,pains,het_thio_66_one(8),0,9098,https://raw.githubusercontent.com/rdkit/rdkit/0ece02e9254ef2d5eeade2bd40eb13546522dbd3/Code/GraphMol/FilterCatalog/pains_c.in#L30
union,pains,styrene_B(8),1,9098,https://raw.githubusercontent.com/rdkit/rdkit/0ece02e9254ef2d5eeade2bd40eb13546522dbd3/Code/GraphMol/FilterCatalog/pains_c.in#L31
union,pains,het_thio_5_A(8),0,9098,https://raw.githubusercontent.com/rdkit/rdkit/0ece02e9254ef2d5eeade2bd40eb13546522dbd3/Code/GraphMol/FilterCatalog/pains_c.in#L32
union,pains,anil_di_alk_ene_A(8),0,9098,https://raw.githubusercontent.com/rdkit/rdkit/0ece02e9254ef2d5eeade2bd40eb13546522dbd3/Code/GraphMol/FilterCatalog/pains_c.in#L33
union,pains,ene_rhod_D(8),0,9098,https://raw.githubusercontent.com/rdkit/rdkit/0ece02e9254ef2d5eeade2bd40eb13546522dbd3/Code/GraphMol/FilterCatalog/pains_c.in#L34
union,pains,ene_rhod_E(8),0,9098,https://raw.githubusercontent.com/rdkit/rdkit/0ece02e9254ef2d5eeade2bd40eb13546522dbd3/Code/GraphMol/FilterCatalog/pains_c.in#L35
union,pains,anil_OH_alk_A(8),1,9098,https://raw.githubusercontent.com/rdkit/rdkit/0ece02e9254ef2d5eeade2bd40eb13546522dbd3/Code/GraphMol/FilterCatalog/pains_c.in#L36
union,pains,pyrrole_C(8),8,9098,https://raw.githubusercontent.com/rdkit/rdkit/0ece02e9254ef2d5eeade2bd40eb13546522dbd3/Code/GraphMol/FilterCatalog/pains_c.in#L37
union,pains,thio_urea_D(8),0,9098,https://raw.githubusercontent.com/rdkit/rdkit/0ece02e9254ef2d5eeade2bd40eb13546522dbd3/Code/GraphMol/FilterCatalog/pains_c.in#L38
union,pains,thiaz_ene_D(8),0,9098,https://raw.githubusercontent.com/rdkit/rdkit/0ece02e9254ef2d5eeade2bd40eb13546522dbd3/Code/GraphMol/FilterCatalog/pains_c.in#L39
union,pains,ene_rhod_F(8),0,9098,https://raw.githubusercontent.com/rdkit/rdkit/0ece02e9254ef2d5eeade2bd40eb13546522dbd3/Code/GraphMol/FilterCatalog/pains_c.in#L40
union,pains,thiaz_ene_E(8),0,9098,https://raw.githubusercontent.com/rdkit/rdkit/0ece02e9254ef2d5eeade2bd40eb13546522dbd3/Code/GraphMol/FilterCatalog/pains_c.in#L41
union,pains,het_65_B(7),0,9098,https://raw.githubusercontent.com/rdkit/rdkit/0ece02e9254ef2d5eeade2bd40eb13546522dbd3/Code/GraphMol/FilterCatalog/pains_c.in#L42
union,pains,keto_keto_beta_C(7),0,9098,https://raw.githubusercontent.com/rdkit/rdkit/0ece02e9254ef2d5eeade2bd40eb13546522dbd3/Code/GraphMol/FilterCatalog/pains_c.in#L43
union,pains,het_66_A(7),0,9098,https://raw.githubusercontent.com/rdkit/rdkit/0ece02e9254ef2d5eeade2bd40eb13546522dbd3/Code/GraphMol/FilterCatalog/pains_c.in#L44
union,pains,thio_urea_E(7),0,9098,https://raw.githubusercontent.com/rdkit/rdkit/0ece02e9254ef2d5eeade2bd40eb13546522dbd3/Code/GraphMol/FilterCatalog/pains_c.in#L45
union,pains,thiophene_amino_C(7),0,9098,https://raw.githubusercontent.com/rdkit/rdkit/0ece02e9254ef2d5eeade2bd40eb13546522dbd3/Code/GraphMol/FilterCatalog/pains_c.in#L46
union,pains,hzone_phenone(7),0,9098,https://raw.githubusercontent.com/rdkit/rdkit/0ece02e9254ef2d5eeade2bd40eb13546522dbd3/Code/GraphMol/FilterCatalog/pains_c.in#L47
union,pains,ene_rhod_G(7),0,9098,https://raw.githubusercontent.com/rdkit/rdkit/0ece02e9254ef2d5eeade2bd40eb13546522dbd3/Code/GraphMol/FilterCatalog/pains_c.in#L48
union,pains,ene_cyano_B(7),0,9098,https://raw.githubusercontent.com/rdkit/rdkit/0ece02e9254ef2d5eeade2bd40eb13546522dbd3/Code/GraphMol/FilterCatalog/pains_c.in#L49
union,pains,dhp_amino_CN_C(7),0,9098,https://raw.githubusercontent.com/rdkit/rdkit/0ece02e9254ef2d5eeade2bd40eb13546522dbd3/Code/GraphMol/FilterCatalog/pains_c.in#L50
union,pains,het_5_A(7),0,9098,https://raw.githubusercontent.com/rdkit/rdkit/0ece02e9254ef2d5eeade2bd40eb13546522dbd3/Code/GraphMol/FilterCatalog/pains_c.in#L51
union,pains,ene_five_het_H(6),0,9098,https://raw.githubusercontent.com/rdkit/rdkit/0ece02e9254ef2d5eeade2bd40eb13546522dbd3/Code/GraphMol/FilterCatalog/pains_c.in#L52
union,pains,thio_amide_A(6),0,9098,https://raw.githubusercontent.com/rdkit/rdkit/0ece02e9254ef2d5eeade2bd40eb13546522dbd3/Code/GraphMol/FilterCatalog/pains_c.in#L53
union,pains,ene_cyano_C(6),0,9098,https://raw.githubusercontent.com/rdkit/rdkit/0ece02e9254ef2d5eeade2bd40eb13546522dbd3/Code/GraphMol/FilterCatalog/pains_c.in#L54
union,pains,hzone_furan_A(6),0,9098,https://raw.githubusercontent.com/rdkit/rdkit/0ece02e9254ef2d5eeade2bd40eb13546522dbd3/Code/GraphMol/FilterCatalog/pains_c.in#L55
union,pains,anil_di_alk_H(6),0,9098,https://raw.githubusercontent.com/rdkit/rdkit/0ece02e9254ef2d5eeade2bd40eb13546522dbd3/Code/GraphMol/FilterCatalog/pains_c.in#L56
union,pains,het_65_C(6),0,9098,https://raw.githubusercontent.com/rdkit/rdkit/0ece02e9254ef2d5eeade2bd40eb13546522dbd3/Code/GraphMol/FilterCatalog/pains_c.in#L57
union,pains,thio_urea_F(6),0,9098,https://raw.githubusercontent.com/rdkit/rdkit/0ece02e9254ef2d5eeade2bd40eb13546522dbd3/Code/GraphMol/FilterCatalog/pains_c.in#L58
union,pains,ene_five_het_I(6),0,9098,https://raw.githubusercontent.com/rdkit/rdkit/0ece02e9254ef2d5eeade2bd40eb13546522dbd3/Code/GraphMol/FilterCatalog/pains_c.in#L59
union,pains,keto_keto_gamma(5),1,9098,https://raw.githubusercontent.com/rdkit/rdkit/0ece02e9254ef2d5eeade2bd40eb13546522dbd3/Code/GraphMol/FilterCatalog/pains_c.in#L60
union,pains,quinone_B(5),0,9098,https://raw.githubusercontent.com/rdkit/rdkit/0ece02e9254ef2d5eeade2bd40eb13546522dbd3/Code/GraphMol/FilterCatalog/pains_c.in#L61
union,pains,het_6_pyridone_OH(5),0,9098,https://raw.githubusercontent.com/rdkit/rdkit/0ece02e9254ef2d5eeade2bd40eb13546522dbd3/Code/GraphMol/FilterCatalog/pains_c.in#L62
union,pains,hzone_naphth_A(5),0,9098,https://raw.githubusercontent.com/rdkit/rdkit/0ece02e9254ef2d5eeade2bd40eb13546522dbd3/Code/GraphMol/FilterCatalog/pains_c.in#L63
union,pains,thio_ester_A(5),0,9098,https://raw.githubusercontent.com/rdkit/rdkit/0ece02e9254ef2d5eeade2bd40eb13546522dbd3/Code/GraphMol/FilterCatalog/pains_c.in#L64
union,pains,ene_misc_A(5),0,9098,https://raw.githubusercontent.com/rdkit/rdkit/0ece02e9254ef2d5eeade2bd40eb13546522dbd3/Code/GraphMol/FilterCatalog/pains_c.in#L65
union,pains,cyano_pyridone_D(5),0,9098,https://raw.githubusercontent.com/rdkit/rdkit/0ece02e9254ef2d5eeade2bd40eb13546522dbd3/Code/GraphMol/FilterCatalog/pains_c.in#L66
union,pains,het_65_Db(5),0,9098,https://raw.githubusercontent.com/rdkit/rdkit/0ece02e9254ef2d5eeade2bd40eb13546522dbd3/Code/GraphMol/FilterCatalog/pains_c.in#L67
union,pains,het_666_A(5),0,9098,https://raw.githubusercontent.com/rdkit/rdkit/0ece02e9254ef2d5eeade2bd40eb13546522dbd3/Code/GraphMol/FilterCatalog/pains_c.in#L68
union,pains,diazox_sulfon_B(5),0,9098,https://raw.githubusercontent.com/rdkit/rdkit/0ece02e9254ef2d5eeade2bd40eb13546522dbd3/Code/GraphMol/FilterCatalog/pains_c.in#L69
union,pains,anil_NH_alk_A(5),0,9098,https://raw.githubusercontent.com/rdkit/rdkit/0ece02e9254ef2d5eeade2bd40eb13546522dbd3/Code/GraphMol/FilterCatalog/pains_c.in#L70
union,pains,sulfonamide_C(5),0,9098,https://raw.githubusercontent.com/rdkit/rdkit/0ece02e9254ef2d5eeade2bd40eb13546522dbd3/Code/GraphMol/FilterCatalog/pains_c.in#L71
union,pains,het_thio_N_55(5),0,9098,https://raw.githubusercontent.com/rdkit/rdkit/0ece02e9254ef2d5eeade2bd40eb13546522dbd3/Code/GraphMol/FilterCatalog/pains_c.in#L72
union,pains,keto_keto_beta_D(5),0,9098,https://raw.githubusercontent.com/rdkit/rdkit/0ece02e9254ef2d5eeade2bd40eb13546522dbd3/Code/GraphMol/FilterCatalog/pains_c.in#L73
union,pains,ene_rhod_H(5),0,9098,https://raw.githubusercontent.com/rdkit/rdkit/0ece02e9254ef2d5eeade2bd40eb13546522dbd3/Code/GraphMol/FilterCatalog/pains_c.in#L74
union,pains,imine_ene_A(5),0,9098,https://raw.githubusercontent.com/rdkit/rdkit/0ece02e9254ef2d5eeade2bd40eb13546522dbd3/Code/GraphMol/FilterCatalog/pains_c.in#L75
union,pains,het_thio_656a(5),0,9098,https://raw.githubusercontent.com/rdkit/rdkit/0ece02e9254ef2d5eeade2bd40eb13546522dbd3/Code/GraphMol/FilterCatalog/pains_c.in#L76
union,pains,pyrrole_D(5),0,9098,https://raw.githubusercontent.com/rdkit/rdkit/0ece02e9254ef2d5eeade2bd40eb13546522dbd3/Code/GraphMol/FilterCatalog/pains_c.in#L77
union,pains,pyrrole_E(5),0,9098,https://raw.githubusercontent.com/rdkit/rdkit/0ece02e9254ef2d5eeade2bd40eb13546522dbd3/Code/GraphMol/FilterCatalog/pains_c.in#L78
union,pains,thio_urea_G(5),0,9098,https://raw.githubusercontent.com/rdkit/rdkit/0ece02e9254ef2d5eeade2bd40eb13546522dbd3/Code/GraphMol/FilterCatalog/pains_c.in#L79
union,pains,anisol_A(5),0,9098,https://raw.githubusercontent.com/rdkit/rdkit/0ece02e9254ef2d5eeade2bd40eb13546522dbd3/Code/GraphMol/FilterCatalog/pains_c.in#L80
union,pains,pyrrole_F(5),0,9098,https://raw.githubusercontent.com/rdkit/rdkit/0ece02e9254ef2d5eeade2bd40eb13546522dbd3/Code/GraphMol/FilterCatalog/pains_c.in#L81
union,pains,dhp_amino_CN_D(5),0,9098,https://raw.githubusercontent.com/rdkit/rdkit/0ece02e9254ef2d5eeade2bd40eb13546522dbd3/Code/GraphMol/FilterCatalog/pains_c.in#L82
union,pains,thiazole_amine_A(4),0,9098,https://raw.githubusercontent.com/rdkit/rdkit/0ece02e9254ef2d5eeade2bd40eb13546522dbd3/Code/GraphMol/FilterCatalog/pains_c.in#L83
union,pains,het_6_imidate_A(4),0,9098,https://raw.githubusercontent.com/rdkit/rdkit/0ece02e9254ef2d5eeade2bd40eb13546522dbd3/Code/GraphMol/FilterCatalog/pains_c.in#L84
union,pains,anil_OC_no_alk_B(4),1,9098,https://raw.githubusercontent.com/rdkit/rdkit/0ece02e9254ef2d5eeade2bd40eb13546522dbd3/Code/GraphMol/FilterCatalog/pains_c.in#L85
union,pains,styrene_C(4),0,9098,https://raw.githubusercontent.com/rdkit/rdkit/0ece02e9254ef2d5eeade2bd40eb13546522dbd3/Code/GraphMol/FilterCatalog/pains_c.in#L86
union,pains,azulene(4),0,9098,https://raw.githubusercontent.com/rdkit/rdkit/0ece02e9254ef2d5eeade2bd40eb13546522dbd3/Code/GraphMol/FilterCatalog/pains_c.in#L87
union,pains,furan_acid_A(4),0,9098,https://raw.githubusercontent.com/rdkit/rdkit/0ece02e9254ef2d5eeade2bd40eb13546522dbd3/Code/GraphMol/FilterCatalog/pains_c.in#L88
union,pains,cyano_pyridone_E(4),0,9098,https://raw.githubusercontent.com/rdkit/rdkit/0ece02e9254ef2d5eeade2bd40eb13546522dbd3/Code/GraphMol/FilterCatalog/pains_c.in#L89
union,pains,anil_alk_thio(4),0,9098,https://raw.githubusercontent.com/rdkit/rdkit/0ece02e9254ef2d5eeade2bd40eb13546522dbd3/Code/GraphMol/FilterCatalog/pains_c.in#L90
union,pains,anil_di_alk_I(4),0,9098,https://raw.githubusercontent.com/rdkit/rdkit/0ece02e9254ef2d5eeade2bd40eb13546522dbd3/Code/GraphMol/FilterCatalog/pains_c.in#L91
union,pains,het_thio_6_furan(4),0,9098,https://raw.githubusercontent.com/rdkit/rdkit/0ece02e9254ef2d5eeade2bd40eb13546522dbd3/Code/GraphMol/FilterCatalog/pains_c.in#L92
union,pains,anil_di_alk_ene_B(4),0,9098,https://raw.githubusercontent.com/rdkit/rdkit/0ece02e9254ef2d5eeade2bd40eb13546522dbd3/Code/GraphMol/FilterCatalog/pains_c.in#L93
union,pains,imine_one_B(4),0,9098,https://raw.githubusercontent.com/rdkit/rdkit/0ece02e9254ef2d5eeade2bd40eb13546522dbd3/Code/GraphMol/FilterCatalog/pains_c.in#L94
union,pains,anil_OC_alk_A(4),0,9098,https://raw.githubusercontent.com/rdkit/rdkit/0ece02e9254ef2d5eeade2bd40eb13546522dbd3/Code/GraphMol/FilterCatalog/pains_c.in#L95
union,pains,ene_five_het_J(4),0,9098,https://raw.githubusercontent.com/rdkit/rdkit/0ece02e9254ef2d5eeade2bd40eb13546522dbd3/Code/GraphMol/FilterCatalog/pains_c.in#L96
union,pains,pyrrole_G(4),0,9098,https://raw.githubusercontent.com/rdkit/rdkit/0ece02e9254ef2d5eeade2bd40eb13546522dbd3/Code/GraphMol/FilterCatalog/pains_c.in#L97
union,pains,ene_five_het_K(4),0,9098,https://raw.githubusercontent.com/rdkit/rdkit/0ece02e9254ef2d5eeade2bd40eb13546522dbd3/Code/GraphMol/FilterCatalog/pains_c.in#L98
union,pains,cyano_ene_amine_B(4),0,9098,https://raw.githubusercontent.com/rdkit/rdkit/0ece02e9254ef2d5eeade2bd40eb13546522dbd3/Code/GraphMol/FilterCatalog/pains_c.in#L99
union,pains,thio_ester_B(4),0,9098,https://raw.githubusercontent.com/rdkit/rdkit/0ece02e9254ef2d5eeade2bd40eb13546522dbd3/Code/GraphMol/FilterCatalog/pains_c.in#L100
union,pains,ene_five_het_L(4),14,9098,https://raw.githubusercontent.com/rdkit/rdkit/0ece02e9254ef2d5eeade2bd40eb13546522dbd3/Code/GraphMol/FilterCatalog/pains_c.in#L101
union,pains,hzone_thiophene_B(4),0,9098,https://raw.githubusercontent.com/rdkit/rdkit/0ece02e9254ef2d5eeade2bd40eb13546522dbd3/Code/GraphMol/FilterCatalog/pains_c.in#L102
union,pains,dhp_amino_CN_E(4),0,9098,https://raw.githubusercontent.com/rdkit/rdkit/0ece02e9254ef2d5eeade2bd40eb13546522dbd3/Code/GraphMol/FilterCatalog/pains_c.in#L103
union,pains,het_5_B(4),0,9098,https://raw.githubusercontent.com/rdkit/rdkit/0ece02e9254ef2d5eeade2bd40eb13546522dbd3/Code/GraphMol/FilterCatalog/pains_c.in#L104
union,pains,imine_imine_B(3),0,9098,https://raw.githubusercontent.com/rdkit/rdkit/0ece02e9254ef2d5eeade2bd40eb13546522dbd3/Code/GraphMol/FilterCatalog/pains_c.in#L105
union,pains,thiazole_amine_B(3),0,9098,https://raw.githubusercontent.com/rdkit/rdkit/0ece02e9254ef2d5eeade2bd40eb13546522dbd3/Code/GraphMol/FilterCatalog/pains_c.in#L106
union,pains,imine_ene_one_A(3),0,9098,https://raw.githubusercontent.com/rdkit/rdkit/0ece02e9254ef2d5eeade2bd40eb13546522dbd3/Code/GraphMol/FilterCatalog/pains_c.in#L107
union,pains,diazox_A(3),0,9098,https://raw.githubusercontent.com/rdkit/rdkit/0ece02e9254ef2d5eeade2bd40eb13546522dbd3/Code/GraphMol/FilterCatalog/pains_c.in#L108
union,pains,ene_one_A(3),0,9098,https://raw.githubusercontent.com/rdkit/rdkit/0ece02e9254ef2d5eeade2bd40eb13546522dbd3/Code/GraphMol/FilterCatalog/pains_c.in#L109
union,pains,anil_OC_no_alk_C(3),0,9098,https://raw.githubusercontent.com/rdkit/rdkit/0ece02e9254ef2d5eeade2bd40eb13546522dbd3/Code/GraphMol/FilterCatalog/pains_c.in#L110
union,pains,thiazol_SC_A(3),2,9098,https://raw.githubusercontent.com/rdkit/rdkit/0ece02e9254ef2d5eeade2bd40eb13546522dbd3/Code/GraphMol/FilterCatalog/pains_c.in#L111
union,pains,het_666_B(3),0,9098,https://raw.githubusercontent.com/rdkit/rdkit/0ece02e9254ef2d5eeade2bd40eb13546522dbd3/Code/GraphMol/FilterCatalog/pains_c.in#L112
union,pains,furan_A(3),0,9098,https://raw.githubusercontent.com/rdkit/rdkit/0ece02e9254ef2d5eeade2bd40eb13546522dbd3/Code/GraphMol/FilterCatalog/pains_c.in#L113
union,pains,colchicine_A(3),0,9098,https://raw.githubusercontent.com/rdkit/rdkit/0ece02e9254ef2d5eeade2bd40eb13546522dbd3/Code/GraphMol/FilterCatalog/pains_c.in#L114
union,pains,thiophene_C(3),0,9098,https://raw.githubusercontent.com/rdkit/rdkit/0ece02e9254ef2d5eeade2bd40eb13546522dbd3/Code/GraphMol/FilterCatalog/pains_c.in#L115
union,pains,anil_OC_alk_B(3),0,9098,https://raw.githubusercontent.com/rdkit/rdkit/0ece02e9254ef2d5eeade2bd40eb13546522dbd3/Code/GraphMol/FilterCatalog/pains_c.in#L116
union,pains,het_thio_66_A(3),0,9098,https://raw.githubusercontent.com/rdkit/rdkit/0ece02e9254ef2d5eeade2bd40eb13546522dbd3/Code/GraphMol/FilterCatalog/pains_c.in#L117
union,pains,rhod_sat_B(3),0,9098,https://raw.githubusercontent.com/rdkit/rdkit/0ece02e9254ef2d5eeade2bd40eb13546522dbd3/Code/GraphMol/FilterCatalog/pains_c.in#L118
union,pains,ene_rhod_I(3),0,9098,https://raw.githubusercontent.com/rdkit/rdkit/0ece02e9254ef2d5eeade2bd40eb13546522dbd3/Code/GraphMol/FilterCatalog/pains_c.in#L119
union,pains,keto_thiophene(3),0,9098,https://raw.githubusercontent.com/rdkit/rdkit/0ece02e9254ef2d5eeade2bd40eb13546522dbd3/Code/GraphMol/FilterCatalog/pains_c.in#L120
union,pains,imine_imine_C(3),0,9098,https://raw.githubusercontent.com/rdkit/rdkit/0ece02e9254ef2d5eeade2bd40eb13546522dbd3/Code/GraphMol/FilterCatalog/pains_c.in#L121
union,pains,het_65_pyridone_A(3),0,9098,https://raw.githubusercontent.com/rdkit/rdkit/0ece02e9254ef2d5eeade2bd40eb13546522dbd3/Code/GraphMol/FilterCatalog/pains_c.in#L122
union,pains,thiazole_amine_C(3),0,9098,https://raw.githubusercontent.com/rdkit/rdkit/0ece02e9254ef2d5eeade2bd40eb13546522dbd3/Code/GraphMol/FilterCatalog/pains_c.in#L123
union,pains,het_thio_pyr_A(3),0,9098,https://raw.githubusercontent.com/rdkit/rdkit/0ece02e9254ef2d5eeade2bd40eb13546522dbd3/Code/GraphMol/FilterCatalog/pains_c.in#L124
union,pains,melamine_A(3),0,9098,https://raw.githubusercontent.com/rdkit/rdkit/0ece02e9254ef2d5eeade2bd40eb13546522dbd3/Code/GraphMol/FilterCatalog/pains_c.in#L125
union,pains,anil_NH_alk_B(3),0,9098,https://raw.githubusercontent.com/rdkit/rdkit/0ece02e9254ef2d5eeade2bd40eb13546522dbd3/Code/GraphMol/FilterCatalog/pains_c.in#L126
union,pains,rhod_sat_C(3),0,9098,https://raw.githubusercontent.com/rdkit/rdkit/0ece02e9254ef2d5eeade2bd40eb13546522dbd3/Code/GraphMol/FilterCatalog/pains_c.in#L127
union,pains,thiophene_amino_D(3),0,9098,https://raw.githubusercontent.com/rdkit/rdkit/0ece02e9254ef2d5eeade2bd40eb13546522dbd3/Code/GraphMol/FilterCatalog/pains_c.in#L128
union,pains,anil_OC_alk_C(3),0,9098,https://raw.githubusercontent.com/rdkit/rdkit/0ece02e9254ef2d5eeade2bd40eb13546522dbd3/Code/GraphMol/FilterCatalog/pains_c.in#L129
union,pains,het_thio_65_A(3),0,9098,https://raw.githubusercontent.com/rdkit/rdkit/0ece02e9254ef2d5eeade2bd40eb13546522dbd3/Code/GraphMol/FilterCatalog/pains_c.in#L130
union,pains,het_thio_656b(3),0,9098,https://raw.githubusercontent.com/rdkit/rdkit/0ece02e9254ef2d5eeade2bd40eb13546522dbd3/Code/GraphMol/FilterCatalog/pains_c.in#L131
union,pains,thiazole_amine_D(3),0,9098,https://raw.githubusercontent.com/rdkit/rdkit/0ece02e9254ef2d5eeade2bd40eb13546522dbd3/Code/GraphMol/FilterCatalog/pains_c.in#L132
union,pains,thio_urea_H(3),0,9098,https://raw.githubusercontent.com/rdkit/rdkit/0ece02e9254ef2d5eeade2bd40eb13546522dbd3/Code/GraphMol/FilterCatalog/pains_c.in#L133
union,pains,cyano_pyridone_F(3),0,9098,https://raw.githubusercontent.com/rdkit/rdkit/0ece02e9254ef2d5eeade2bd40eb13546522dbd3/Code/GraphMol/FilterCatalog/pains_c.in#L134
union,pains,rhod_sat_D(3),0,9098,https://raw.githubusercontent.com/rdkit/rdkit/0ece02e9254ef2d5eeade2bd40eb13546522dbd3/Code/GraphMol/FilterCatalog/pains_c.in#L135
union,pains,ene_rhod_J(3),0,9098,https://raw.githubusercontent.com/rdkit/rdkit/0ece02e9254ef2d5eeade2bd40eb13546522dbd3/Code/GraphMol/FilterCatalog/pains_c.in#L136
union,pains,imine_phenol_A(3),0,9098,https://raw.githubusercontent.com/rdkit/rdkit/0ece02e9254ef2d5eeade2bd40eb13546522dbd3/Code/GraphMol/FilterCatalog/pains_c.in#L137
union,pains,thio_carbonate_B(3),0,9098,https://raw.githubusercontent.com/rdkit/rdkit/0ece02e9254ef2d5eeade2bd40eb13546522dbd3/Code/GraphMol/FilterCatalog/pains_c.in#L138
union,pains,het_thio_N_5A(3),0,9098,https://raw.githubusercontent.com/rdkit/rdkit/0ece02e9254ef2d5eeade2bd40eb13546522dbd3/Code/GraphMol/FilterCatalog/pains_c.in#L139
union,pains,het_thio_N_65A(3),0,9098,https://raw.githubusercontent.com/rdkit/rdkit/0ece02e9254ef2d5eeade2bd40eb13546522dbd3/Code/GraphMol/FilterCatalog/pains_c.in#L140
union,pains,anil_di_alk_J(3),0,9098,https://raw.githubusercontent.com/rdkit/rdkit/0ece02e9254ef2d5eeade2bd40eb13546522dbd3/Code/GraphMol/FilterCatalog/pains_c.in#L141
union,pains,pyrrole_H(3),0,9098,https://raw.githubusercontent.com/rdkit/rdkit/0ece02e9254ef2d5eeade2bd40eb13546522dbd3/Code/GraphMol/FilterCatalog/pains_c.in#L142
union,pains,ene_cyano_D(3),0,9098,https://raw.githubusercontent.com/rdkit/rdkit/0ece02e9254ef2d5eeade2bd40eb13546522dbd3/Code/GraphMol/FilterCatalog/pains_c.in#L143
union,pains,cyano_cyano_B(3),0,9098,https://raw.githubusercontent.com/rdkit/rdkit/0ece02e9254ef2d5eeade2bd40eb13546522dbd3/Code/GraphMol/FilterCatalog/pains_c.in#L144
union,pains,ene_five_het_M(3),0,9098,https://raw.githubusercontent.com/rdkit/rdkit/0ece02e9254ef2d5eeade2bd40eb13546522dbd3/Code/GraphMol/FilterCatalog/pains_c.in#L145
union,pains,cyano_ene_amine_C(3),0,9098,https://raw.githubusercontent.com/rdkit/rdkit/0ece02e9254ef2d5eeade2bd40eb13546522dbd3/Code/GraphMol/FilterCatalog/pains_c.in#L146
union,pains,thio_urea_I(3),0,9098,https://raw.githubusercontent.com/rdkit/rdkit/0ece02e9254ef2d5eeade2bd40eb13546522dbd3/Code/GraphMol/FilterCatalog/pains_c.in#L147
union,pains,dhp_amino_CN_F(3),0,9098,https://raw.githubusercontent.com/rdkit/rdkit/0ece02e9254ef2d5eeade2bd40eb13546522dbd3/Code/GraphMol/FilterCatalog/pains_c.in#L148
union,pains,anthranil_acid_B(3),5,9098,https://raw.githubusercontent.com/rdkit/rdkit/0ece02e9254ef2d5eeade2bd40eb13546522dbd3/Code/GraphMol/FilterCatalog/pains_c.in#L149
union,pains,diazox_B(3),0,9098,https://raw.githubusercontent.com/rdkit/rdkit/0ece02e9254ef2d5eeade2bd40eb13546522dbd3/Code/GraphMol/FilterCatalog/pains_c.in#L150
union,pains,thio_aldehyd_A(3),0,9098,https://raw.githubusercontent.com/rdkit/rdkit/0ece02e9254ef2d5eeade2bd40eb13546522dbd3/Code/GraphMol/FilterCatalog/pains_c.in#L151
union,pains,thio_amide_B(2),0,9098,https://raw.githubusercontent.com/rdkit/rdkit/0ece02e9254ef2d5eeade2bd40eb13546522dbd3/Code/GraphMol/FilterCatalog/pains_c.in#L152
union,pains,imidazole_B(2),0,9098,https://raw.githubusercontent.com/rdkit/rdkit/0ece02e9254ef2d5eeade2bd40eb13546522dbd3/Code/GraphMol/FilterCatalog/pains_c.in#L153
union,pains,thiazole_amine_E(2),0,9098,https://raw.githubusercontent.com/rdkit/rdkit/0ece02e9254ef2d5eeade2bd40eb13546522dbd3/Code/GraphMol/FilterCatalog/pains_c.in#L154
union,pains,thiazole_amine_F(2),0,9098,https://raw.githubusercontent.com/rdkit/rdkit/0ece02e9254ef2d5eeade2bd40eb13546522dbd3/Code/GraphMol/FilterCatalog/pains_c.in#L155
union,pains,thio_ester_C(2),0,9098,https://raw.githubusercontent.com/rdkit/rdkit/0ece02e9254ef2d5eeade2bd40eb13546522dbd3/Code/GraphMol/FilterCatalog/pains_c.in#L156
union,pains,ene_one_B(2),0,9098,https://raw.githubusercontent.com/rdkit/rdkit/0ece02e9254ef2d5eeade2bd40eb13546522dbd3/Code/GraphMol/FilterCatalog/pains_c.in#L157
union,pains,quinone_C(2),0,9098,https://raw.githubusercontent.com/rdkit/rdkit/0ece02e9254ef2d5eeade2bd40eb13546522dbd3/Code/GraphMol/FilterCatalog/pains_c.in#L158
union,pains,keto_naphthol_A(2),0,9098,https://raw.githubusercontent.com/rdkit/rdkit/0ece02e9254ef2d5eeade2bd40eb13546522dbd3/Code/GraphMol/FilterCatalog/pains_c.in#L159
union,pains,thio_amide_C(2),0,9098,https://raw.githubusercontent.com/rdkit/rdkit/0ece02e9254ef2d5eeade2bd40eb13546522dbd3/Code/GraphMol/FilterCatalog/pains_c.in#L160
union,pains,phthalimide_misc(2),0,9098,https://raw.githubusercontent.com/rdkit/rdkit/0ece02e9254ef2d5eeade2bd40eb13546522dbd3/Code/GraphMol/FilterCatalog/pains_c.in#L161
union,pains,sulfonamide_D(2),0,9098,https://raw.githubusercontent.com/rdkit/rdkit/0ece02e9254ef2d5eeade2bd40eb13546522dbd3/Code/GraphMol/FilterCatalog/pains_c.in#L162
union,pains,anil_NH_alk_C(2),0,9098,https://raw.githubusercontent.com/rdkit/rdkit/0ece02e9254ef2d5eeade2bd40eb13546522dbd3/Code/GraphMol/FilterCatalog/pains_c.in#L163
union,pains,het_65_E(2),0,9098,https://raw.githubusercontent.com/rdkit/rdkit/0ece02e9254ef2d5eeade2bd40eb13546522dbd3/Code/GraphMol/FilterCatalog/pains_c.in#L164
union,pains,hzide_naphth(2),0,9098,https://raw.githubusercontent.com/rdkit/rdkit/0ece02e9254ef2d5eeade2bd40eb13546522dbd3/Code/GraphMol/FilterCatalog/pains_c.in#L165
union,pains,anisol_B(2),0,9098,https://raw.githubusercontent.com/rdkit/rdkit/0ece02e9254ef2d5eeade2bd40eb13546522dbd3/Code/GraphMol/FilterCatalog/pains_c.in#L166
union,pains,thio_carbam_ene(2),0,9098,https://raw.githubusercontent.com/rdkit/rdkit/0ece02e9254ef2d5eeade2bd40eb13546522dbd3/Code/GraphMol/FilterCatalog/pains_c.in#L167
union,pains,thio_amide_D(2),0,9098,https://raw.githubusercontent.com/rdkit/rdkit/0ece02e9254ef2d5eeade2bd40eb13546522dbd3/Code/GraphMol/FilterCatalog/pains_c.in#L168
union,pains,het_65_Da(2),0,9098,https://raw.githubusercontent.com/rdkit/rdkit/0ece02e9254ef2d5eeade2bd40eb13546522dbd3/Code/GraphMol/FilterCatalog/pains_c.in#L169
union,pains,thiophene_D(2),0,9098,https://raw.githubusercontent.com/rdkit/rdkit/0ece02e9254ef2d5eeade2bd40eb13546522dbd3/Code/GraphMol/FilterCatalog/pains_c.in#L170
union,pains,het_thio_6_ene(2),0,9098,https://raw.githubusercontent.com/rdkit/rdkit/0ece02e9254ef2d5eeade2bd40eb13546522dbd3/Code/GraphMol/FilterCatalog/pains_c.in#L171
union,pains,cyano_keto_A(2),0,9098,https://raw.githubusercontent.com/rdkit/rdkit/0ece02e9254ef2d5eeade2bd40eb13546522dbd3/Code/GraphMol/FilterCatalog/pains_c.in#L172
union,pains,anthranil_acid_C(2),0,9098,https://raw.githubusercontent.com/rdkit/rdkit/0ece02e9254ef2d5eeade2bd40eb13546522dbd3/Code/GraphMol/FilterCatalog/pains_c.in#L173
union,pains,naphth_amino_C(2),0,9098,https://raw.githubusercontent.com/rdkit/rdkit/0ece02e9254ef2d5eeade2bd40eb13546522dbd3/Code/GraphMol/FilterCatalog/pains_c.in#L174
union,pains,naphth_amino_D(2),0,9098,https://raw.githubusercontent.com/rdkit/rdkit/0ece02e9254ef2d5eeade2bd40eb13546522dbd3/Code/GraphMol/FilterCatalog/pains_c.in#L175
union,pains,thiazole_amine_G(2),0,9098,https://raw.githubusercontent.com/rdkit/rdkit/0ece02e9254ef2d5eeade2bd40eb13546522dbd3/Code/GraphMol/FilterCatalog/pains_c.in#L176
union,pains,het_66_B(2),1,9098,https://raw.githubusercontent.com/rdkit/rdkit/0ece02e9254ef2d5eeade2bd40eb13546522dbd3/Code/GraphMol/FilterCatalog/pains_c.in#L177
union,pains,coumarin_A(2),0,9098,https://raw.githubusercontent.com/rdkit/rdkit/0ece02e9254ef2d5eeade2bd40eb13546522dbd3/Code/GraphMol/FilterCatalog/pains_c.in#L178
union,pains,anthranil_acid_D(2),0,9098,https://raw.githubusercontent.com/rdkit/rdkit/0ece02e9254ef2d5eeade2bd40eb13546522dbd3/Code/GraphMol/FilterCatalog/pains_c.in#L179
union,pains,het_66_C(2),0,9098,https://raw.githubusercontent.com/rdkit/rdkit/0ece02e9254ef2d5eeade2bd40eb13546522dbd3/Code/GraphMol/FilterCatalog/pains_c.in#L180
union,pains,thiophene_amino_E(2),0,9098,https://raw.githubusercontent.com/rdkit/rdkit/0ece02e9254ef2d5eeade2bd40eb13546522dbd3/Code/GraphMol/FilterCatalog/pains_c.in#L181
union,pains,het_6666_A(2),0,9098,https://raw.githubusercontent.com/rdkit/rdkit/0ece02e9254ef2d5eeade2bd40eb13546522dbd3/Code/GraphMol/FilterCatalog/pains_c.in#L182
union,pains,sulfonamide_E(2),0,9098,https://raw.githubusercontent.com/rdkit/rdkit/0ece02e9254ef2d5eeade2bd40eb13546522dbd3/Code/GraphMol/FilterCatalog/pains_c.in#L183
union,pains,anil_di_alk_K(2),1,9098,https://raw.githubusercontent.com/rdkit/rdkit/0ece02e9254ef2d5eeade2bd40eb13546522dbd3/Code/GraphMol/FilterCatalog/pains_c.in#L184
union,pains,het_5_C(2),0,9098,https://raw.githubusercontent.com/rdkit/rdkit/0ece02e9254ef2d5eeade2bd40eb13546522dbd3/Code/GraphMol/FilterCatalog/pains_c.in#L185
union,pains,ene_six_het_B(2),0,9098,https://raw.githubusercontent.com/rdkit/rdkit/0ece02e9254ef2d5eeade2bd40eb13546522dbd3/Code/GraphMol/FilterCatalog/pains_c.in#L186
union,pains,steroid_A(2),0,9098,https://raw.githubusercontent.com/rdkit/rdkit/0ece02e9254ef2d5eeade2bd40eb13546522dbd3/Code/GraphMol/FilterCatalog/pains_c.in#L187
union,pains,het_565_A(2),0,9098,https://raw.githubusercontent.com/rdkit/rdkit/0ece02e9254ef2d5eeade2bd40eb13546522dbd3/Code/GraphMol/FilterCatalog/pains_c.in#L188
union,pains,thio_imine_ium(2),0,9098,https://raw.githubusercontent.com/rdkit/rdkit/0ece02e9254ef2d5eeade2bd40eb13546522dbd3/Code/GraphMol/FilterCatalog/pains_c.in#L189
union,pains,anthranil_acid_E(2),0,9098,https://raw.githubusercontent.com/rdkit/rdkit/0ece02e9254ef2d5eeade2bd40eb13546522dbd3/Code/GraphMol/FilterCatalog/pains_c.in#L190
union,pains,hzone_furan_B(2),0,9098,https://raw.githubusercontent.com/rdkit/rdkit/0ece02e9254ef2d5eeade2bd40eb13546522dbd3/Code/GraphMol/FilterCatalog/pains_c.in#L191
union,pains,thiophene_E(2),0,9098,https://raw.githubusercontent.com/rdkit/rdkit/0ece02e9254ef2d5eeade2bd40eb13546522dbd3/Code/GraphMol/FilterCatalog/pains_c.in#L192
union,pains,ene_misc_B(2),0,9098,https://raw.githubusercontent.com/rdkit/rdkit/0ece02e9254ef2d5eeade2bd40eb13546522dbd3/Code/GraphMol/FilterCatalog/pains_c.in#L193
union,pains,het_thio_5_B(2),0,9098,https://raw.githubusercontent.com/rdkit/rdkit/0ece02e9254ef2d5eeade2bd40eb13546522dbd3/Code/GraphMol/FilterCatalog/pains_c.in#L194
union,pains,thiophene_amino_F(2),0,9098,https://raw.githubusercontent.com/rdkit/rdkit/0ece02e9254ef2d5eeade2bd40eb13546522dbd3/Code/GraphMol/FilterCatalog/pains_c.in#L195
union,pains,anil_OC_alk_D(2),0,9098,https://raw.githubusercontent.com/rdkit/rdkit/0ece02e9254ef2d5eeade2bd40eb13546522dbd3/Code/GraphMol/FilterCatalog/pains_c.in#L196
union,pains,tert_butyl_A(2),0,9098,https://raw.githubusercontent.com/rdkit/rdkit/0ece02e9254ef2d5eeade2bd40eb13546522dbd3/Code/GraphMol/FilterCatalog/pains_c.in#L197
union,pains,thio_urea_J(2),0,9098,https://raw.githubusercontent.com/rdkit/rdkit/0ece02e9254ef2d5eeade2bd40eb13546522dbd3/Code/GraphMol/FilterCatalog/pains_c.in#L198
union,pains,het_thio_65_B(2),0,9098,https://raw.githubusercontent.com/rdkit/rdkit/0ece02e9254ef2d5eeade2bd40eb13546522dbd3/Code/GraphMol/FilterCatalog/pains_c.in#L199
union,pains,coumarin_B(2),0,9098,https://raw.githubusercontent.com/rdkit/rdkit/0ece02e9254ef2d5eeade2bd40eb13546522dbd3/Code/GraphMol/FilterCatalog/pains_c.in#L200
union,pains,thio_urea_K(2),0,9098,https://raw.githubusercontent.com/rdkit/rdkit/0ece02e9254ef2d5eeade2bd40eb13546522dbd3/Code/GraphMol/FilterCatalog/pains_c.in#L201
union,pains,thiophene_amino_G(2),0,9098,https://raw.githubusercontent.com/rdkit/rdkit/0ece02e9254ef2d5eeade2bd40eb13546522dbd3/Code/GraphMol/FilterCatalog/pains_c.in#L202
union,pains,anil_NH_alk_D(2),0,9098,https://raw.githubusercontent.com/rdkit/rdkit/0ece02e9254ef2d5eeade2bd40eb13546522dbd3/Code/GraphMol/FilterCatalog/pains_c.in#L203
union,pains,het_thio_5_C(2),0,9098,https://raw.githubusercontent.com/rdkit/rdkit/0ece02e9254ef2d5eeade2bd40eb13546522dbd3/Code/GraphMol/FilterCatalog/pains_c.in#L204
union,pains,thio_keto_het(2),0,9098,https://raw.githubusercontent.com/rdkit/rdkit/0ece02e9254ef2d5eeade2bd40eb13546522dbd3/Code/GraphMol/FilterCatalog/pains_c.in#L205
union,pains,het_thio_N_5B(2),0,9098,https://raw.githubusercontent.com/rdkit/rdkit/0ece02e9254ef2d5eeade2bd40eb13546522dbd3/Code/GraphMol/FilterCatalog/pains_c.in#L206
union,pains,quinone_D(2),0,9098,https://raw.githubusercontent.com/rdkit/rdkit/0ece02e9254ef2d5eeade2bd40eb13546522dbd3/Code/GraphMol/FilterCatalog/pains_c.in#L207
union,pains,anil_di_alk_furan_B(2),0,9098,https://raw.githubusercontent.com/rdkit/rdkit/0ece02e9254ef2d5eeade2bd40eb13546522dbd3/Code/GraphMol/FilterCatalog/pains_c.in#L208
union,pains,ene_six_het_C(2),0,9098,https://raw.githubusercontent.com/rdkit/rdkit/0ece02e9254ef2d5eeade2bd40eb13546522dbd3/Code/GraphMol/FilterCatalog/pains_c.in#L209
union,pains,het_55_A(2),0,9098,https://raw.githubusercontent.com/rdkit/rdkit/0ece02e9254ef2d5eeade2bd40eb13546522dbd3/Code/GraphMol/FilterCatalog/pains_c.in#L210
union,pains,het_thio_65_C(2),0,9098,https://raw.githubusercontent.com/rdkit/rdkit/0ece02e9254ef2d5eeade2bd40eb13546522dbd3/Code/GraphMol/FilterCatalog/pains_c.in#L211
union,pains,hydroquin_A(2),0,9098,https://raw.githubusercontent.com/rdkit/rdkit/0ece02e9254ef2d5eeade2bd40eb13546522dbd3/Code/GraphMol/FilterCatalog/pains_c.in#L212
union,pains,anthranil_acid_F(2),0,9098,https://raw.githubusercontent.com/rdkit/rdkit/0ece02e9254ef2d5eeade2bd40eb13546522dbd3/Code/GraphMol/FilterCatalog/pains_c.in#L213
union,pains,pyrrole_I(2),0,9098,https://raw.githubusercontent.com/rdkit/rdkit/0ece02e9254ef2d5eeade2bd40eb13546522dbd3/Code/GraphMol/FilterCatalog/pains_c.in#L214
union,pains,thiophene_amino_H(2),0,9098,https://raw.githubusercontent.com/rdkit/rdkit/0ece02e9254ef2d5eeade2bd40eb13546522dbd3/Code/GraphMol/FilterCatalog/pains_c.in#L215
union,pains,imine_one_fives_C(2),0,9098,https://raw.githubusercontent.com/rdkit/rdkit/0ece02e9254ef2d5eeade2bd40eb13546522dbd3/Code/GraphMol/FilterCatalog/pains_c.in#L216
union,pains,keto_phenone_zone_A(2),0,9098,https://raw.githubusercontent.com/rdkit/rdkit/0ece02e9254ef2d5eeade2bd40eb13546522dbd3/Code/GraphMol/FilterCatalog/pains_c.in#L217
union,pains,dyes7A(2),0,9098,https://raw.githubusercontent.com/rdkit/rdkit/0ece02e9254ef2d5eeade2bd40eb13546522dbd3/Code/GraphMol/FilterCatalog/pains_c.in#L218
union,pains,het_pyridiniums_B(2),0,9098,https://raw.githubusercontent.com/rdkit/rdkit/0ece02e9254ef2d5eeade2bd40eb13546522dbd3/Code/GraphMol/FilterCatalog/pains_c.in#L219
union,pains,het_5_D(2),0,9098,https://raw.githubusercontent.com/rdkit/rdkit/0ece02e9254ef2d5eeade2bd40eb13546522dbd3/Code/GraphMol/FilterCatalog/pains_c.in#L220
union,pains,thiazole_amine_H(1),0,9098,https://raw.githubusercontent.com/rdkit/rdkit/0ece02e9254ef2d5eeade2bd40eb13546522dbd3/Code/GraphMol/FilterCatalog/pains_c.in#L221
union,pains,thiazole_amine_I(1),0,9098,https://raw.githubusercontent.com/rdkit/rdkit/0ece02e9254ef2d5eeade2bd40eb13546522dbd3/Code/GraphMol/FilterCatalog/pains_c.in#L222
union,pains,het_thio_N_5C(1),0,9098,https://raw.githubusercontent.com/rdkit/rdkit/0ece02e9254ef2d5eeade2bd40eb13546522dbd3/Code/GraphMol/FilterCatalog/pains_c.in#L223
union,pains,sulfonamide_F(1),0,9098,https://raw.githubusercontent.com/rdkit/rdkit/0ece02e9254ef2d5eeade2bd40eb13546522dbd3/Code/GraphMol/FilterCatalog/pains_c.in#L224
union,pains,thiazole_amine_J(1),0,9098,https://raw.githubusercontent.com/rdkit/rdkit/0ece02e9254ef2d5eeade2bd40eb13546522dbd3/Code/GraphMol/FilterCatalog/pains_c.in#L225
union,pains,het_65_F(1),0,9098,https://raw.githubusercontent.com/rdkit/rdkit/0ece02e9254ef2d5eeade2bd40eb13546522dbd3/Code/GraphMol/FilterCatalog/pains_c.in#L226
union,pains,keto_keto_beta_E(1),0,9098,https://raw.githubusercontent.com/rdkit/rdkit/0ece02e9254ef2d5eeade2bd40eb13546522dbd3/Code/GraphMol/FilterCatalog/pains_c.in#L227
union,pains,ene_five_one_B(1),0,9098,https://raw.githubusercontent.com/rdkit/rdkit/0ece02e9254ef2d5eeade2bd40eb13546522dbd3/Code/GraphMol/FilterCatalog/pains_c.in#L228
union,pains,keto_keto_beta_zone(1),0,9098,https://raw.githubusercontent.com/rdkit/rdkit/0ece02e9254ef2d5eeade2bd40eb13546522dbd3/Code/GraphMol/FilterCatalog/pains_c.in#L229
union,pains,thio_urea_L(1),0,9098,https://raw.githubusercontent.com/rdkit/rdkit/0ece02e9254ef2d5eeade2bd40eb13546522dbd3/Code/GraphMol/FilterCatalog/pains_c.in#L230
union,pains,het_thio_urea_ene(1),0,9098,https://raw.githubusercontent.com/rdkit/rdkit/0ece02e9254ef2d5eeade2bd40eb13546522dbd3/Code/GraphMol/FilterCatalog/pains_c.in#L231
union,pains,cyano_amino_het_A(1),0,9098,https://raw.githubusercontent.com/rdkit/rdkit/0ece02e9254ef2d5eeade2bd40eb13546522dbd3/Code/GraphMol/FilterCatalog/pains_c.in#L232
union,pains,tetrazole_hzide(1),0,9098,https://raw.githubusercontent.com/rdkit/rdkit/0ece02e9254ef2d5eeade2bd40eb13546522dbd3/Code/GraphMol/FilterCatalog/pains_c.in#L233
union,pains,imine_naphthol_A(1),0,9098,https://raw.githubusercontent.com/rdkit/rdkit/0ece02e9254ef2d5eeade2bd40eb13546522dbd3/Code/GraphMol/FilterCatalog/pains_c.in#L234
union,pains,misc_anisole_A(1),0,9098,https://raw.githubusercontent.com/rdkit/rdkit/0ece02e9254ef2d5eeade2bd40eb13546522dbd3/Code/GraphMol/FilterCatalog/pains_c.in#L235
union,pains,het_thio_665(1),0,9098,https://raw.githubusercontent.com/rdkit/rdkit/0ece02e9254ef2d5eeade2bd40eb13546522dbd3/Code/GraphMol/FilterCatalog/pains_c.in#L236
union,pains,anil_di_alk_L(1),0,9098,https://raw.githubusercontent.com/rdkit/rdkit/0ece02e9254ef2d5eeade2bd40eb13546522dbd3/Code/GraphMol/FilterCatalog/pains_c.in#L237
union,pains,colchicine_B(1),0,9098,https://raw.githubusercontent.com/rdkit/rdkit/0ece02e9254ef2d5eeade2bd40eb13546522dbd3/Code/GraphMol/FilterCatalog/pains_c.in#L238
union,pains,misc_aminoacid_A(1),0,9098,https://raw.githubusercontent.com/rdkit/rdkit/0ece02e9254ef2d5eeade2bd40eb13546522dbd3/Code/GraphMol/FilterCatalog/pains_c.in#L239
union,pains,imidazole_amino_A(1),0,9098,https://raw.githubusercontent.com/rdkit/rdkit/0ece02e9254ef2d5eeade2bd40eb13546522dbd3/Code/GraphMol/FilterCatalog/pains_c.in#L240
union,pains,phenol_sulfite_A(1),0,9098,https://raw.githubusercontent.com/rdkit/rdkit/0ece02e9254ef2d5eeade2bd40eb13546522dbd3/Code/GraphMol/FilterCatalog/pains_c.in#L241
union,pains,het_66_D(1),0,9098,https://raw.githubusercontent.com/rdkit/rdkit/0ece02e9254ef2d5eeade2bd40eb13546522dbd3/Code/GraphMol/FilterCatalog/pains_c.in#L242
union,pains,misc_anisole_B(1),0,9098,https://raw.githubusercontent.com/rdkit/rdkit/0ece02e9254ef2d5eeade2bd40eb13546522dbd3/Code/GraphMol/FilterCatalog/pains_c.in#L243
union,pains,tetrazole_A(1),0,9098,https://raw.githubusercontent.com/rdkit/rdkit/0ece02e9254ef2d5eeade2bd40eb13546522dbd3/Code/GraphMol/FilterCatalog/pains_c.in#L244
union,pains,het_65_G(1),0,9098,https://raw.githubusercontent.com/rdkit/rdkit/0ece02e9254ef2d5eeade2bd40eb13546522dbd3/Code/GraphMol/FilterCatalog/pains_c.in#L245
union,pains,misc_trityl_A(1),0,9098,https://raw.githubusercontent.com/rdkit/rdkit/0ece02e9254ef2d5eeade2bd40eb13546522dbd3/Code/GraphMol/FilterCatalog/pains_c.in#L246
union,pains,misc_pyridine_OC(1),0,9098,https://raw.githubusercontent.com/rdkit/rdkit/0ece02e9254ef2d5eeade2bd40eb13546522dbd3/Code/GraphMol/FilterCatalog/pains_c.in#L247
union,pains,het_6_hydropyridone(1),0,9098,https://raw.githubusercontent.com/rdkit/rdkit/0ece02e9254ef2d5eeade2bd40eb13546522dbd3/Code/GraphMol/FilterCatalog/pains_c.in#L248
union,pains,misc_stilbene(1),0,9098,https://raw.githubusercontent.com/rdkit/rdkit/0ece02e9254ef2d5eeade2bd40eb13546522dbd3/Code/GraphMol/FilterCatalog/pains_c.in#L249
union,pains,misc_imidazole(1),0,9098,https://raw.githubusercontent.com/rdkit/rdkit/0ece02e9254ef2d5eeade2bd40eb13546522dbd3/Code/GraphMol/FilterCatalog/pains_c.in#L250
union,pains,anil_NH_no_alk_A(1),0,9098,https://raw.githubusercontent.com/rdkit/rdkit/0ece02e9254ef2d5eeade2bd40eb13546522dbd3/Code/GraphMol/FilterCatalog/pains_c.in#L251
union,pains,het_6_imidate_B(1),0,9098,https://raw.githubusercontent.com/rdkit/rdkit/0ece02e9254ef2d5eeade2bd40eb13546522dbd3/Code/GraphMol/FilterCatalog/pains_c.in#L252
union,pains,anil_alk_B(1),0,9098,https://raw.githubusercontent.com/rdkit/rdkit/0ece02e9254ef2d5eeade2bd40eb13546522dbd3/Code/GraphMol/FilterCatalog/pains_c.in#L253
union,pains,styrene_anil_A(1),0,9098,https://raw.githubusercontent.com/rdkit/rdkit/0ece02e9254ef2d5eeade2bd40eb13546522dbd3/Code/GraphMol/FilterCatalog/pains_c.in#L254
union,pains,misc_aminal_acid(1),0,9098,https://raw.githubusercontent.com/rdkit/rdkit/0ece02e9254ef2d5eeade2bd40eb13546522dbd3/Code/GraphMol/FilterCatalog/pains_c.in#L255
union,pains,anil_no_alk_D(1),0,9098,https://raw.githubusercontent.com/rdkit/rdkit/0ece02e9254ef2d5eeade2bd40eb13546522dbd3/Code/GraphMol/FilterCatalog/pains_c.in#L256
union,pains,anil_alk_C(1),0,9098,https://raw.githubusercontent.com/rdkit/rdkit/0ece02e9254ef2d5eeade2bd40eb13546522dbd3/Code/GraphMol/FilterCatalog/pains_c.in#L257
union,pains,misc_anisole_C(1),0,9098,https://raw.githubusercontent.com/rdkit/rdkit/0ece02e9254ef2d5eeade2bd40eb13546522dbd3/Code/GraphMol/FilterCatalog/pains_c.in#L258
union,pains,het_465_misc(1),0,9098,https://raw.githubusercontent.com/rdkit/rdkit/0ece02e9254ef2d5eeade2bd40eb13546522dbd3/Code/GraphMol/FilterCatalog/pains_c.in#L259
union,pains,anthranil_acid_G(1),0,9098,https://raw.githubusercontent.com/rdkit/rdkit/0ece02e9254ef2d5eeade2bd40eb13546522dbd3/Code/GraphMol/FilterCatalog/pains_c.in#L260
union,pains,anil_di_alk_M(1),0,9098,https://raw.githubusercontent.com/rdkit/rdkit/0ece02e9254ef2d5eeade2bd40eb13546522dbd3/Code/GraphMol/FilterCatalog/pains_c.in#L261
union,pains,anthranil_acid_H(1),0,9098,https://raw.githubusercontent.com/rdkit/rdkit/0ece02e9254ef2d5eeade2bd40eb13546522dbd3/Code/GraphMol/FilterCatalog/pains_c.in#L262
union,pains,thio_urea_M(1),0,9098,https://raw.githubusercontent.com/rdkit/rdkit/0ece02e9254ef2d5eeade2bd40eb13546522dbd3/Code/GraphMol/FilterCatalog/pains_c.in#L263
union,pains,thiazole_amine_K(1),0,9098,https://raw.githubusercontent.com/rdkit/rdkit/0ece02e9254ef2d5eeade2bd40eb13546522dbd3/Code/GraphMol/FilterCatalog/pains_c.in#L264
union,pains,het_thio_5_imine_A(1),0,9098,https://raw.githubusercontent.com/rdkit/rdkit/0ece02e9254ef2d5eeade2bd40eb13546522dbd3/Code/GraphMol/FilterCatalog/pains_c.in#L265
union,pains,thio_amide_E(1),0,9098,https://raw.githubusercontent.com/rdkit/rdkit/0ece02e9254ef2d5eeade2bd40eb13546522dbd3/Code/GraphMol/FilterCatalog/pains_c.in#L266
union,pains,het_thio_676_B(1),0,9098,https://raw.githubusercontent.com/rdkit/rdkit/0ece02e9254ef2d5eeade2bd40eb13546522dbd3/Code/GraphMol/FilterCatalog/pains_c.in#L267
union,pains,sulfonamide_G(1),0,9098,https://raw.githubusercontent.com/rdkit/rdkit/0ece02e9254ef2d5eeade2bd40eb13546522dbd3/Code/GraphMol/FilterCatalog/pains_c.in#L268
union,pains,thio_thiomorph_Z(1),0,9098,https://raw.githubusercontent.com/rdkit/rdkit/0ece02e9254ef2d5eeade2bd40eb13546522dbd3/Code/GraphMol/FilterCatalog/pains_c.in#L269
union,pains,naphth_ene_one_A(1),0,9098,https://raw.githubusercontent.com/rdkit/rdkit/0ece02e9254ef2d5eeade2bd40eb13546522dbd3/Code/GraphMol/FilterCatalog/pains_c.in#L270
union,pains,naphth_ene_one_B(1),0,9098,https://raw.githubusercontent.com/rdkit/rdkit/0ece02e9254ef2d5eeade2bd40eb13546522dbd3/Code/GraphMol/FilterCatalog/pains_c.in#L271
union,pains,amino_acridine_A(1),0,9098,https://raw.githubusercontent.com/rdkit/rdkit/0ece02e9254ef2d5eeade2bd40eb13546522dbd3/Code/GraphMol/FilterCatalog/pains_c.in#L272
union,pains,keto_phenone_B(1),0,9098,https://raw.githubusercontent.com/rdkit/rdkit/0ece02e9254ef2d5eeade2bd40eb13546522dbd3/Code/GraphMol/FilterCatalog/pains_c.in#L273
union,pains,hzone_acid_A(1),0,9098,https://raw.githubusercontent.com/rdkit/rdkit/0ece02e9254ef2d5eeade2bd40eb13546522dbd3/Code/GraphMol/FilterCatalog/pains_c.in#L274
union,pains,sulfonamide_H(1),0,9098,https://raw.githubusercontent.com/rdkit/rdkit/0ece02e9254ef2d5eeade2bd40eb13546522dbd3/Code/GraphMol/FilterCatalog/pains_c.in#L275
union,pains,het_565_indole(1),0,9098,https://raw.githubusercontent.com/rdkit/rdkit/0ece02e9254ef2d5eeade2bd40eb13546522dbd3/Code/GraphMol/FilterCatalog/pains_c.in#L276
union,pains,pyrrole_J(1),0,9098,https://raw.githubusercontent.com/rdkit/rdkit/0ece02e9254ef2d5eeade2bd40eb13546522dbd3/Code/GraphMol/FilterCatalog/pains_c.in#L277
union,pains,pyrazole_amino_B(1),0,9098,https://raw.githubusercontent.com/rdkit/rdkit/0ece02e9254ef2d5eeade2bd40eb13546522dbd3/Code/GraphMol/FilterCatalog/pains_c.in#L278
union,pains,pyrrole_K(1),0,9098,https://raw.githubusercontent.com/rdkit/rdkit/0ece02e9254ef2d5eeade2bd40eb13546522dbd3/Code/GraphMol/FilterCatalog/pains_c.in#L279
union,pains,anthranil_acid_I(1),0,9098,https://raw.githubusercontent.com/rdkit/rdkit/0ece02e9254ef2d5eeade2bd40eb13546522dbd3/Code/GraphMol/FilterCatalog/pains_c.in#L280
union,pains,thio_amide_F(1),0,9098,https://raw.githubusercontent.com/rdkit/rdkit/0ece02e9254ef2d5eeade2bd40eb13546522dbd3/Code/GraphMol/FilterCatalog/pains_c.in#L281
union,pains,ene_one_C(1),0,9098,https://raw.githubusercontent.com/rdkit/rdkit/0ece02e9254ef2d5eeade2bd40eb13546522dbd3/Code/GraphMol/FilterCatalog/pains_c.in#L282
union,pains,het_65_H(1),0,9098,https://raw.githubusercontent.com/rdkit/rdkit/0ece02e9254ef2d5eeade2bd40eb13546522dbd3/Code/GraphMol/FilterCatalog/pains_c.in#L283
union,pains,cyano_imine_D(1),0,9098,https://raw.githubusercontent.com/rdkit/rdkit/0ece02e9254ef2d5eeade2bd40eb13546522dbd3/Code/GraphMol/FilterCatalog/pains_c.in#L284
union,pains,cyano_misc_A(1),0,9098,https://raw.githubusercontent.com/rdkit/rdkit/0ece02e9254ef2d5eeade2bd40eb13546522dbd3/Code/GraphMol/FilterCatalog/pains_c.in#L285
union,pains,ene_misc_C(1),0,9098,https://raw.githubusercontent.com/rdkit/rdkit/0ece02e9254ef2d5eeade2bd40eb13546522dbd3/Code/GraphMol/FilterCatalog/pains_c.in#L286
union,pains,het_66_E(1),0,9098,https://raw.githubusercontent.com/rdkit/rdkit/0ece02e9254ef2d5eeade2bd40eb13546522dbd3/Code/GraphMol/FilterCatalog/pains_c.in#L287
union,pains,keto_keto_beta_F(1),0,9098,https://raw.githubusercontent.com/rdkit/rdkit/0ece02e9254ef2d5eeade2bd40eb13546522dbd3/Code/GraphMol/FilterCatalog/pains_c.in#L288
union,pains,misc_naphthimidazole(1),0,9098,https://raw.githubusercontent.com/rdkit/rdkit/0ece02e9254ef2d5eeade2bd40eb13546522dbd3/Code/GraphMol/FilterCatalog/pains_c.in#L289
union,pains,naphth_ene_one_C(1),0,9098,https://raw.githubusercontent.com/rdkit/rdkit/0ece02e9254ef2d5eeade2bd40eb13546522dbd3/Code/GraphMol/FilterCatalog/pains_c.in#L290
union,pains,keto_phenone_C(1),0,9098,https://raw.githubusercontent.com/rdkit/rdkit/0ece02e9254ef2d5eeade2bd40eb13546522dbd3/Code/GraphMol/FilterCatalog/pains_c.in#L291
union,pains,coumarin_C(1),0,9098,https://raw.githubusercontent.com/rdkit/rdkit/0ece02e9254ef2d5eeade2bd40eb13546522dbd3/Code/GraphMol/FilterCatalog/pains_c.in#L292
union,pains,thio_est_cyano_A(1),0,9098,https://raw.githubusercontent.com/rdkit/rdkit/0ece02e9254ef2d5eeade2bd40eb13546522dbd3/Code/GraphMol/FilterCatalog/pains_c.in#L293
union,pains,het_65_imidazole(1),0,9098,https://raw.githubusercontent.com/rdkit/rdkit/0ece02e9254ef2d5eeade2bd40eb13546522dbd3/Code/GraphMol/FilterCatalog/pains_c.in#L294
union,pains,anthranil_acid_J(1),0,9098,https://raw.githubusercontent.com/rdkit/rdkit/0ece02e9254ef2d5eeade2bd40eb13546522dbd3/Code/GraphMol/FilterCatalog/pains_c.in#L295
union,pains,colchicine_het(1),0,9098,https://raw.githubusercontent.com/rdkit/rdkit/0ece02e9254ef2d5eeade2bd40eb13546522dbd3/Code/GraphMol/FilterCatalog/pains_c.in#L296
union,pains,ene_misc_D(1),0,9098,https://raw.githubusercontent.com/rdkit/rdkit/0ece02e9254ef2d5eeade2bd40eb13546522dbd3/Code/GraphMol/FilterCatalog/pains_c.in#L297
union,pains,indole_3yl_alk_B(1),0,9098,https://raw.githubusercontent.com/rdkit/rdkit/0ece02e9254ef2d5eeade2bd40eb13546522dbd3/Code/GraphMol/FilterCatalog/pains_c.in#L298
union,pains,anil_OH_no_alk_A(1),0,9098,https://raw.githubusercontent.com/rdkit/rdkit/0ece02e9254ef2d5eeade2bd40eb13546522dbd3/Code/GraphMol/FilterCatalog/pains_c.in#L299
union,pains,thiazole_amine_L(1),0,9098,https://raw.githubusercontent.com/rdkit/rdkit/0ece02e9254ef2d5eeade2bd40eb13546522dbd3/Code/GraphMol/FilterCatalog/pains_c.in#L300
union,pains,pyrazole_amino_A(1),0,9098,https://raw.githubusercontent.com/rdkit/rdkit/0ece02e9254ef2d5eeade2bd40eb13546522dbd3/Code/GraphMol/FilterCatalog/pains_c.in#L301
union,pains,het_thio_N_5D(1),0,9098,https://raw.githubusercontent.com/rdkit/rdkit/0ece02e9254ef2d5eeade2bd40eb13546522dbd3/Code/GraphMol/FilterCatalog/pains_c.in#L302
union,pains,anil_alk_indane(1),0,9098,https://raw.githubusercontent.com/rdkit/rdkit/0ece02e9254ef2d5eeade2bd40eb13546522dbd3/Code/GraphMol/FilterCatalog/pains_c.in#L303
union,pains,anil_di_alk_N(1),0,9098,https://raw.githubusercontent.com/rdkit/rdkit/0ece02e9254ef2d5eeade2bd40eb13546522dbd3/Code/GraphMol/FilterCatalog/pains_c.in#L304
union,pains,het_666_C(1),0,9098,https://raw.githubusercontent.com/rdkit/rdkit/0ece02e9254ef2d5eeade2bd40eb13546522dbd3/Code/GraphMol/FilterCatalog/pains_c.in#L305
union,pains,ene_one_D(1),1,9098,https://raw.githubusercontent.com/rdkit/rdkit/0ece02e9254ef2d5eeade2bd40eb13546522dbd3/Code/GraphMol/FilterCatalog/pains_c.in#L306
union,pains,anil_di_alk_indol(1),0,9098,https://raw.githubusercontent.com/rdkit/rdkit/0ece02e9254ef2d5eeade2bd40eb13546522dbd3/Code/GraphMol/FilterCatalog/pains_c.in#L307
union,pains,anil_no_alk_indol_A(1),0,9098,https://raw.githubusercontent.com/rdkit/rdkit/0ece02e9254ef2d5eeade2bd40eb13546522dbd3/Code/GraphMol/FilterCatalog/pains_c.in#L308
union,pains,dhp_amino_CN_G(1),0,9098,https://raw.githubusercontent.com/rdkit/rdkit/0ece02e9254ef2d5eeade2bd40eb13546522dbd3/Code/GraphMol/FilterCatalog/pains_c.in#L309
union,pains,anil_di_alk_dhp(1),0,9098,https://raw.githubusercontent.com/rdkit/rdkit/0ece02e9254ef2d5eeade2bd40eb13546522dbd3/Code/GraphMol/FilterCatalog/pains_c.in#L310
union,pains,anthranil_amide_A(1),0,9098,https://raw.githubusercontent.com/rdkit/rdkit/0ece02e9254ef2d5eeade2bd40eb13546522dbd3/Code/GraphMol/FilterCatalog/pains_c.in#L311
union,pains,hzone_anthran_Z(1),0,9098,https://raw.githubusercontent.com/rdkit/rdkit/0ece02e9254ef2d5eeade2bd40eb13546522dbd3/Code/GraphMol/FilterCatalog/pains_c.in#L312
union,pains,ene_one_amide_A(1),0,9098,https://raw.githubusercontent.com/rdkit/rdkit/0ece02e9254ef2d5eeade2bd40eb13546522dbd3/Code/GraphMol/FilterCatalog/pains_c.in#L313
union,pains,het_76_A(1),0,9098,https://raw.githubusercontent.com/rdkit/rdkit/0ece02e9254ef2d5eeade2bd40eb13546522dbd3/Code/GraphMol/FilterCatalog/pains_c.in#L314
union,pains,thio_urea_N(1),0,9098,https://raw.githubusercontent.com/rdkit/rdkit/0ece02e9254ef2d5eeade2bd40eb13546522dbd3/Code/GraphMol/FilterCatalog/pains_c.in#L315
union,pains,anil_di_alk_coum(1),0,9098,https://raw.githubusercontent.com/rdkit/rdkit/0ece02e9254ef2d5eeade2bd40eb13546522dbd3/Code/GraphMol/FilterCatalog/pains_c.in#L316
union,pains,ene_one_amide_B(1),0,9098,https://raw.githubusercontent.com/rdkit/rdkit/0ece02e9254ef2d5eeade2bd40eb13546522dbd3/Code/GraphMol/FilterCatalog/pains_c.in#L317
union,pains,het_thio_656c(1),0,9098,https://raw.githubusercontent.com/rdkit/rdkit/0ece02e9254ef2d5eeade2bd40eb13546522dbd3/Code/GraphMol/FilterCatalog/pains_c.in#L318
union,pains,het_5_ene(1),0,9098,https://raw.githubusercontent.com/rdkit/rdkit/0ece02e9254ef2d5eeade2bd40eb13546522dbd3/Code/GraphMol/FilterCatalog/pains_c.in#L319
union,pains,thio_imide_A(1),0,9098,https://raw.githubusercontent.com/rdkit/rdkit/0ece02e9254ef2d5eeade2bd40eb13546522dbd3/Code/GraphMol/FilterCatalog/pains_c.in#L320
union,pains,dhp_amidine_A(1),0,9098,https://raw.githubusercontent.com/rdkit/rdkit/0ece02e9254ef2d5eeade2bd40eb13546522dbd3/Code/GraphMol/FilterCatalog/pains_c.in#L321
union,pains,thio_urea_O(1),0,9098,https://raw.githubusercontent.com/rdkit/rdkit/0ece02e9254ef2d5eeade2bd40eb13546522dbd3/Code/GraphMol/FilterCatalog/pains_c.in#L322
union,pains,anil_di_alk_O(1),0,9098,https://raw.githubusercontent.com/rdkit/rdkit/0ece02e9254ef2d5eeade2bd40eb13546522dbd3/Code/GraphMol/FilterCatalog/pains_c.in#L323
union,pains,thio_urea_P(1),0,9098,https://raw.githubusercontent.com/rdkit/rdkit/0ece02e9254ef2d5eeade2bd40eb13546522dbd3/Code/GraphMol/FilterCatalog/pains_c.in#L324
union,pains,het_pyraz_misc(1),0,9098,https://raw.githubusercontent.com/rdkit/rdkit/0ece02e9254ef2d5eeade2bd40eb13546522dbd3/Code/GraphMol/FilterCatalog/pains_c.in#L325
union,pains,diazox_C(1),0,9098,https://raw.githubusercontent.com/rdkit/rdkit/0ece02e9254ef2d5eeade2bd40eb13546522dbd3/Code/GraphMol/FilterCatalog/pains_c.in#L326
union,pains,diazox_D(1),0,9098,https://raw.githubusercontent.com/rdkit/rdkit/0ece02e9254ef2d5eeade2bd40eb13546522dbd3/Code/GraphMol/FilterCatalog/pains_c.in#L327
union,pains,misc_cyclopropane(1),0,9098,https://raw.githubusercontent.com/rdkit/rdkit/0ece02e9254ef2d5eeade2bd40eb13546522dbd3/Code/GraphMol/FilterCatalog/pains_c.in#L328
union,pains,imine_ene_one_B(1),0,9098,https://raw.githubusercontent.com/rdkit/rdkit/0ece02e9254ef2d5eeade2bd40eb13546522dbd3/Code/GraphMol/FilterCatalog/pains_c.in#L329
union,pains,coumarin_D(1),0,9098,https://raw.githubusercontent.com/rdkit/rdkit/0ece02e9254ef2d5eeade2bd40eb13546522dbd3/Code/GraphMol/FilterCatalog/pains_c.in#L330
union,pains,misc_furan_A(1),0,9098,https://raw.githubusercontent.com/rdkit/rdkit/0ece02e9254ef2d5eeade2bd40eb13546522dbd3/Code/GraphMol/FilterCatalog/pains_c.in#L331
union,pains,rhod_sat_E(1),0,9098,https://raw.githubusercontent.com/rdkit/rdkit/0ece02e9254ef2d5eeade2bd40eb13546522dbd3/Code/GraphMol/FilterCatalog/pains_c.in#L332
union,pains,rhod_sat_imine_A(1),0,9098,https://raw.githubusercontent.com/rdkit/rdkit/0ece02e9254ef2d5eeade2bd40eb13546522dbd3/Code/GraphMol/FilterCatalog/pains_c.in#L333
union,pains,rhod_sat_F(1),0,9098,https://raw.githubusercontent.com/rdkit/rdkit/0ece02e9254ef2d5eeade2bd40eb13546522dbd3/Code/GraphMol/FilterCatalog/pains_c.in#L334
union,pains,het_thio_5_imine_B(1),0,9098,https://raw.githubusercontent.com/rdkit/rdkit/0ece02e9254ef2d5eeade2bd40eb13546522dbd3/Code/GraphMol/FilterCatalog/pains_c.in#L335
union,pains,het_thio_5_imine_C(1),0,9098,https://raw.githubusercontent.com/rdkit/rdkit/0ece02e9254ef2d5eeade2bd40eb13546522dbd3/Code/GraphMol/FilterCatalog/pains_c.in#L336
union,pains,ene_five_het_N(1),0,9098,https://raw.githubusercontent.com/rdkit/rdkit/0ece02e9254ef2d5eeade2bd40eb13546522dbd3/Code/GraphMol/FilterCatalog/pains_c.in#L337
union,pains,thio_carbam_A(1),0,9098,https://raw.githubusercontent.com/rdkit/rdkit/0ece02e9254ef2d5eeade2bd40eb13546522dbd3/Code/GraphMol/FilterCatalog/pains_c.in#L338
union,pains,misc_anilide_A(1),0,9098,https://raw.githubusercontent.com/rdkit/rdkit/0ece02e9254ef2d5eeade2bd40eb13546522dbd3/Code/GraphMol/FilterCatalog/pains_c.in#L339
union,pains,misc_anilide_B(1),0,9098,https://raw.githubusercontent.com/rdkit/rdkit/0ece02e9254ef2d5eeade2bd40eb13546522dbd3/Code/GraphMol/FilterCatalog/pains_c.in#L340
union,pains,mannich_B(1),0,9098,https://raw.githubusercontent.com/rdkit/rdkit/0ece02e9254ef2d5eeade2bd40eb13546522dbd3/Code/GraphMol/FilterCatalog/pains_c.in#L341
union,pains,mannich_catechol_A(1),0,9098,https://raw.githubusercontent.com/rdkit/rdkit/0ece02e9254ef2d5eeade2bd40eb13546522dbd3/Code/GraphMol/FilterCatalog/pains_c.in#L342
union,pains,anil_alk_D(1),0,9098,https://raw.githubusercontent.com/rdkit/rdkit/0ece02e9254ef2d5eeade2bd40eb13546522dbd3/Code/GraphMol/FilterCatalog/pains_c.in#L343
union,pains,het_65_I(1),0,9098,https://raw.githubusercontent.com/rdkit/rdkit/0ece02e9254ef2d5eeade2bd40eb13546522dbd3/Code/GraphMol/FilterCatalog/pains_c.in#L344
union,pains,misc_urea_A(1),0,9098,https://raw.githubusercontent.com/rdkit/rdkit/0ece02e9254ef2d5eeade2bd40eb13546522dbd3/Code/GraphMol/FilterCatalog/pains_c.in#L345
union,pains,imidazole_C(1),0,9098,https://raw.githubusercontent.com/rdkit/rdkit/0ece02e9254ef2d5eeade2bd40eb13546522dbd3/Code/GraphMol/FilterCatalog/pains_c.in#L346
union,pains,styrene_imidazole_A(1),0,9098,https://raw.githubusercontent.com/rdkit/rdkit/0ece02e9254ef2d5eeade2bd40eb13546522dbd3/Code/GraphMol/FilterCatalog/pains_c.in#L347
union,pains,thiazole_amine_M(1),0,9098,https://raw.githubusercontent.com/rdkit/rdkit/0ece02e9254ef2d5eeade2bd40eb13546522dbd3/Code/GraphMol/FilterCatalog/pains_c.in#L348
union,pains,misc_pyrrole_thiaz(1),0,9098,https://raw.githubusercontent.com/rdkit/rdkit/0ece02e9254ef2d5eeade2bd40eb13546522dbd3/Code/GraphMol/FilterCatalog/pains_c.in#L349
union,pains,pyrrole_L(1),0,9098,https://raw.githubusercontent.com/rdkit/rdkit/0ece02e9254ef2d5eeade2bd40eb13546522dbd3/Code/GraphMol/FilterCatalog/pains_c.in#L350
union,pains,het_thio_65_D(1),0,9098,https://raw.githubusercontent.com/rdkit/rdkit/0ece02e9254ef2d5eeade2bd40eb13546522dbd3/Code/GraphMol/FilterCatalog/pains_c.in#L351
union,pains,ene_misc_E(1),0,9098,https://raw.githubusercontent.com/rdkit/rdkit/0ece02e9254ef2d5eeade2bd40eb13546522dbd3/Code/GraphMol/FilterCatalog/pains_c.in#L352
union,pains,thio_cyano_A(1),0,9098,https://raw.githubusercontent.com/rdkit/rdkit/0ece02e9254ef2d5eeade2bd40eb13546522dbd3/Code/GraphMol/FilterCatalog/pains_c.in#L353
union,pains,cyano_amino_het_B(1),0,9098,https://raw.githubusercontent.com/rdkit/rdkit/0ece02e9254ef2d5eeade2bd40eb13546522dbd3/Code/GraphMol/FilterCatalog/pains_c.in#L354
union,pains,cyano_pyridone_G(1),0,9098,https://raw.githubusercontent.com/rdkit/rdkit/0ece02e9254ef2d5eeade2bd40eb13546522dbd3/Code/GraphMol/FilterCatalog/pains_c.in#L355
union,pains,het_65_J(1),0,9098,https://raw.githubusercontent.com/rdkit/rdkit/0ece02e9254ef2d5eeade2bd40eb13546522dbd3/Code/GraphMol/FilterCatalog/pains_c.in#L356
union,pains,ene_one_yne_A(1),0,9098,https://raw.githubusercontent.com/rdkit/rdkit/0ece02e9254ef2d5eeade2bd40eb13546522dbd3/Code/GraphMol/FilterCatalog/pains_c.in#L357
union,pains,anil_OH_no_alk_B(1),0,9098,https://raw.githubusercontent.com/rdkit/rdkit/0ece02e9254ef2d5eeade2bd40eb13546522dbd3/Code/GraphMol/FilterCatalog/pains_c.in#L358
union,pains,hzone_acyl_misc_A(1),0,9098,https://raw.githubusercontent.com/rdkit/rdkit/0ece02e9254ef2d5eeade2bd40eb13546522dbd3/Code/GraphMol/FilterCatalog/pains_c.in#L359
union,pains,thiophene_F(1),0,9098,https://raw.githubusercontent.com/rdkit/rdkit/0ece02e9254ef2d5eeade2bd40eb13546522dbd3/Code/GraphMol/FilterCatalog/pains_c.in#L360
union,pains,anil_OC_alk_E(1),0,9098,https://raw.githubusercontent.com/rdkit/rdkit/0ece02e9254ef2d5eeade2bd40eb13546522dbd3/Code/GraphMol/FilterCatalog/pains_c.in#L361
union,pains,anil_OC_alk_F(1),0,9098,https://raw.githubusercontent.com/rdkit/rdkit/0ece02e9254ef2d5eeade2bd40eb13546522dbd3/Code/GraphMol/FilterCatalog/pains_c.in#L362
union,pains,het_65_K(1),0,9098,https://raw.githubusercontent.com/rdkit/rdkit/0ece02e9254ef2d5eeade2bd40eb13546522dbd3/Code/GraphMol/FilterCatalog/pains_c.in#L363
union,pains,het_65_L(1),0,9098,https://raw.githubusercontent.com/rdkit/rdkit/0ece02e9254ef2d5eeade2bd40eb13546522dbd3/Code/GraphMol/FilterCatalog/pains_c.in#L364
union,pains,coumarin_E(1),0,9098,https://raw.githubusercontent.com/rdkit/rdkit/0ece02e9254ef2d5eeade2bd40eb13546522dbd3/Code/GraphMol/FilterCatalog/pains_c.in#L365
union,pains,coumarin_F(1),0,9098,https://raw.githubusercontent.com/rdkit/rdkit/0ece02e9254ef2d5eeade2bd40eb13546522dbd3/Code/GraphMol/FilterCatalog/pains_c.in#L366
union,pains,coumarin_G(1),0,9098,https://raw.githubusercontent.com/rdkit/rdkit/0ece02e9254ef2d5eeade2bd40eb13546522dbd3/Code/GraphMol/FilterCatalog/pains_c.in#L367
union,pains,coumarin_H(1),0,9098,https://raw.githubusercontent.com/rdkit/rdkit/0ece02e9254ef2d5eeade2bd40eb13546522dbd3/Code/GraphMol/FilterCatalog/pains_c.in#L368
union,pains,het_thio_67_A(1),0,9098,https://raw.githubusercontent.com/rdkit/rdkit/0ece02e9254ef2d5eeade2bd40eb13546522dbd3/Code/GraphMol/FilterCatalog/pains_c.in#L369
union,pains,sulfonamide_I(1),0,9098,https://raw.githubusercontent.com/rdkit/rdkit/0ece02e9254ef2d5eeade2bd40eb13546522dbd3/Code/GraphMol/FilterCatalog/pains_c.in#L370
union,pains,het_65_mannich(1),0,9098,https://raw.githubusercontent.com/rdkit/rdkit/0ece02e9254ef2d5eeade2bd40eb13546522dbd3/Code/GraphMol/FilterCatalog/pains_c.in#L371
union,pains,anil_alk_A(1),0,9098,https://raw.githubusercontent.com/rdkit/rdkit/0ece02e9254ef2d5eeade2bd40eb13546522dbd3/Code/GraphMol/FilterCatalog/pains_c.in#L372
union,pains,het_5_inium(1),0,9098,https://raw.githubusercontent.com/rdkit/rdkit/0ece02e9254ef2d5eeade2bd40eb13546522dbd3/Code/GraphMol/FilterCatalog/pains_c.in#L373
union,pains,anil_di_alk_P(1),0,9098,https://raw.githubusercontent.com/rdkit/rdkit/0ece02e9254ef2d5eeade2bd40eb13546522dbd3/Code/GraphMol/FilterCatalog/pains_c.in#L374
union,pains,thio_urea_Q(1),0,9098,https://raw.githubusercontent.com/rdkit/rdkit/0ece02e9254ef2d5eeade2bd40eb13546522dbd3/Code/GraphMol/FilterCatalog/pains_c.in#L375
union,pains,thio_pyridine_A(1),0,9098,https://raw.githubusercontent.com/rdkit/rdkit/0ece02e9254ef2d5eeade2bd40eb13546522dbd3/Code/GraphMol/FilterCatalog/pains_c.in#L376
union,pains,melamine_B(1),0,9098,https://raw.githubusercontent.com/rdkit/rdkit/0ece02e9254ef2d5eeade2bd40eb13546522dbd3/Code/GraphMol/FilterCatalog/pains_c.in#L377
union,pains,misc_phthal_thio_N(1),0,9098,https://raw.githubusercontent.com/rdkit/rdkit/0ece02e9254ef2d5eeade2bd40eb13546522dbd3/Code/GraphMol/FilterCatalog/pains_c.in#L378
union,pains,hzone_acyl_misc_B(1),0,9098,https://raw.githubusercontent.com/rdkit/rdkit/0ece02e9254ef2d5eeade2bd40eb13546522dbd3/Code/GraphMol/FilterCatalog/pains_c.in#L379
union,pains,tert_butyl_B(1),0,9098,https://raw.githubusercontent.com/rdkit/rdkit/0ece02e9254ef2d5eeade2bd40eb13546522dbd3/Code/GraphMol/FilterCatalog/pains_c.in#L380
union,pains,diazox_E(1),0,9098,https://raw.githubusercontent.com/rdkit/rdkit/0ece02e9254ef2d5eeade2bd40eb13546522dbd3/Code/GraphMol/FilterCatalog/pains_c.in#L381
union,pains,anil_NH_no_alk_B(1),0,9098,https://raw.githubusercontent.com/rdkit/rdkit/0ece02e9254ef2d5eeade2bd40eb13546522dbd3/Code/GraphMol/FilterCatalog/pains_c.in#L382
union,pains,anil_no_alk_A(1),0,9098,https://raw.githubusercontent.com/rdkit/rdkit/0ece02e9254ef2d5eeade2bd40eb13546522dbd3/Code/GraphMol/FilterCatalog/pains_c.in#L383
union,pains,anil_no_alk_B(1),0,9098,https://raw.githubusercontent.com/rdkit/rdkit/0ece02e9254ef2d5eeade2bd40eb13546522dbd3/Code/GraphMol/FilterCatalog/pains_c.in#L384
union,pains,thio_ene_amine_A(1),0,9098,https://raw.githubusercontent.com/rdkit/rdkit/0ece02e9254ef2d5eeade2bd40eb13546522dbd3/Code/GraphMol/FilterCatalog/pains_c.in#L385
union,pains,het_55_B(1),0,9098,https://raw.githubusercontent.com/rdkit/rdkit/0ece02e9254ef2d5eeade2bd40eb13546522dbd3/Code/GraphMol/FilterCatalog/pains_c.in#L386
union,pains,cyanamide_A(1),0,9098,https://raw.githubusercontent.com/rdkit/rdkit/0ece02e9254ef2d5eeade2bd40eb13546522dbd3/Code/GraphMol/FilterCatalog/pains_c.in#L387
union,pains,ene_one_one_A(1),0,9098,https://raw.githubusercontent.com/rdkit/rdkit/0ece02e9254ef2d5eeade2bd40eb13546522dbd3/Code/GraphMol/FilterCatalog/pains_c.in#L388
union,pains,ene_six_het_D(1),0,9098,https://raw.githubusercontent.com/rdkit/rdkit/0ece02e9254ef2d5eeade2bd40eb13546522dbd3/Code/GraphMol/FilterCatalog/pains_c.in#L389
union,pains,ene_cyano_E(1),0,9098,https://raw.githubusercontent.com/rdkit/rdkit/0ece02e9254ef2d5eeade2bd40eb13546522dbd3/Code/GraphMol/FilterCatalog/pains_c.in#L390
union,pains,ene_cyano_F(1),0,9098,https://raw.githubusercontent.com/rdkit/rdkit/0ece02e9254ef2d5eeade2bd40eb13546522dbd3/Code/GraphMol/FilterCatalog/pains_c.in#L391
union,pains,hzone_furan_C(1),0,9098,https://raw.githubusercontent.com/rdkit/rdkit/0ece02e9254ef2d5eeade2bd40eb13546522dbd3/Code/GraphMol/FilterCatalog/pains_c.in#L392
union,pains,anil_no_alk_C(1),0,9098,https://raw.githubusercontent.com/rdkit/rdkit/0ece02e9254ef2d5eeade2bd40eb13546522dbd3/Code/GraphMol/FilterCatalog/pains_c.in#L393
union,pains,hzone_acid_D(1),0,9098,https://raw.githubusercontent.com/rdkit/rdkit/0ece02e9254ef2d5eeade2bd40eb13546522dbd3/Code/GraphMol/FilterCatalog/pains_c.in#L394
union,pains,hzone_furan_E(1),0,9098,https://raw.githubusercontent.com/rdkit/rdkit/0ece02e9254ef2d5eeade2bd40eb13546522dbd3/Code/GraphMol/FilterCatalog/pains_c.in#L395
union,pains,het_6_pyridone_NH2(1),0,9098,https://raw.githubusercontent.com/rdkit/rdkit/0ece02e9254ef2d5eeade2bd40eb13546522dbd3/Code/GraphMol/FilterCatalog/pains_c.in#L396
union,pains,imine_one_fives_D(1),0,9098,https://raw.githubusercontent.com/rdkit/rdkit/0ece02e9254ef2d5eeade2bd40eb13546522dbd3/Code/GraphMol/FilterCatalog/pains_c.in#L397
union,pains,pyrrole_M(1),0,9098,https://raw.githubusercontent.com/rdkit/rdkit/0ece02e9254ef2d5eeade2bd40eb13546522dbd3/Code/GraphMol/FilterCatalog/pains_c.in#L398
union,pains,pyrrole_N(1),0,9098,https://raw.githubusercontent.com/rdkit/rdkit/0ece02e9254ef2d5eeade2bd40eb13546522dbd3/Code/GraphMol/FilterCatalog/pains_c.in#L399
union,pains,pyrrole_O(1),0,9098,https://raw.githubusercontent.com/rdkit/rdkit/0ece02e9254ef2d5eeade2bd40eb13546522dbd3/Code/GraphMol/FilterCatalog/pains_c.in#L400
union,pains,ene_cyano_G(1),0,9098,https://raw.githubusercontent.com/rdkit/rdkit/0ece02e9254ef2d5eeade2bd40eb13546522dbd3/Code/GraphMol/FilterCatalog/pains_c.in#L401
union,pains,sulfonamide_J(1),0,9098,https://raw.githubusercontent.com/rdkit/rdkit/0ece02e9254ef2d5eeade2bd40eb13546522dbd3/Code/GraphMol/FilterCatalog/pains_c.in#L402
union,pains,misc_pyrrole_benz(1),0,9098,https://raw.githubusercontent.com/rdkit/rdkit/0ece02e9254ef2d5eeade2bd40eb13546522dbd3/Code/GraphMol/FilterCatalog/pains_c.in#L403
union,pains,thio_urea_R(1),0,9098,https://raw.githubusercontent.com/rdkit/rdkit/0ece02e9254ef2d5eeade2bd40eb13546522dbd3/Code/GraphMol/FilterCatalog/pains_c.in#L404
union,pains,ene_one_one_B(1),0,9098,https://raw.githubusercontent.com/rdkit/rdkit/0ece02e9254ef2d5eeade2bd40eb13546522dbd3/Code/GraphMol/FilterCatalog/pains_c.in#L405
union,pains,dhp_amino_CN_H(1),0,9098,https://raw.githubusercontent.com/rdkit/rdkit/0ece02e9254ef2d5eeade2bd40eb13546522dbd3/Code/GraphMol/FilterCatalog/pains_c.in#L406
union,pains,het_66_anisole(1),0,9098,https://raw.githubusercontent.com/rdkit/rdkit/0ece02e9254ef2d5eeade2bd40eb13546522dbd3/Code/GraphMol/FilterCatalog/pains_c.in#L407
union,pains,thiazole_amine_N(1),0,9098,https://raw.githubusercontent.com/rdkit/rdkit/0ece02e9254ef2d5eeade2bd40eb13546522dbd3/Code/GraphMol/FilterCatalog/pains_c.in#L408
union,pains,het_pyridiniums_C(1),0,9098,https://raw.githubusercontent.com/rdkit/rdkit/0ece02e9254ef2d5eeade2bd40eb13546522dbd3/Code/GraphMol/FilterCatalog/pains_c.in#L409
union,pains,het_5_E(1),0,9098,https://raw.githubusercontent.com/rdkit/rdkit/0ece02e9254ef2d5eeade2bd40eb13546522dbd3/Code/GraphMol/FilterCatalog/pains_c.in#L410
union,pains_A,ene_six_het_A(483),0,9098,https://raw.githubusercontent.com/rdkit/rdkit/0ece02e9254ef2d5eeade2bd40eb13546522dbd3/Code/GraphMol/FilterCatalog/pains_a.in#L2
union,pains_A,hzone_phenol_A(479),0,9098,https://raw.githubusercontent.com/rdkit/rdkit/0ece02e9254ef2d5eeade2bd40eb13546522dbd3/Code/GraphMol/FilterCatalog/pains_a.in#L3
union,pains_A,anil_di_alk_A(478),74,9098,https://raw.githubusercontent.com/rdkit/rdkit/0ece02e9254ef2d5eeade2bd40eb13546522dbd3/Code/GraphMol/FilterCatalog/pains_a.in#L4
union,pains_A,indol_3yl_alk(461),11,9098,https://raw.githubusercontent.com/rdkit/rdkit/0ece02e9254ef2d5eeade2bd40eb13546522dbd3/Code/GraphMol/FilterCatalog/pains_a.in#L5
union,pains_A,quinone_A(370),41,9098,https://raw.githubusercontent.com/rdkit/rdkit/0ece02e9254ef2d5eeade2bd40eb13546522dbd3/Code/GraphMol/FilterCatalog/pains_a.in#L6
union,pains_A,azo_A(324),3,9098,https://raw.githubusercontent.com/rdkit/rdkit/0ece02e9254ef2d5eeade2bd40eb13546522dbd3/Code/GraphMol/FilterCatalog/pains_a.in#L7
union,pains_A,imine_one_A(321),2,9098,https://raw.githubusercontent.com/rdkit/rdkit/0ece02e9254ef2d5eeade2bd40eb13546522dbd3/Code/GraphMol/FilterCatalog/pains_a.in#L8
union,pains_A,mannich_A(296),16,9098,https://raw.githubusercontent.com/rdkit/rdkit/0ece02e9254ef2d5eeade2bd40eb13546522dbd3/Code/GraphMol/FilterCatalog/pains_a.in#L9
union,pains_A,anil_di_alk_B(251),5,9098,https://raw.githubusercontent.com/rdkit/rdkit/0ece02e9254ef2d5eeade2bd40eb13546522dbd3/Code/GraphMol/FilterCatalog/pains_a.in#L10
union,pains_A,anil_di_alk_C(246),21,9098,https://raw.githubusercontent.com/rdkit/rdkit/0ece02e9254ef2d5eeade2bd40eb13546522dbd3/Code/GraphMol/FilterCatalog/pains_a.in#L11
union,pains_A,ene_rhod_A(235),5,9098,https://raw.githubusercontent.com/rdkit/rdkit/0ece02e9254ef2d5eeade2bd40eb13546522dbd3/Code/GraphMol/FilterCatalog/pains_a.in#L12
union,pains_A,hzone_phenol_B(215),0,9098,https://raw.githubusercontent.com/rdkit/rdkit/0ece02e9254ef2d5eeade2bd40eb13546522dbd3/Code/GraphMol/FilterCatalog/pains_a.in#L13
union,pains_A,ene_five_het_A(201),1,9098,https://raw.githubusercontent.com/rdkit/rdkit/0ece02e9254ef2d5eeade2bd40eb13546522dbd3/Code/GraphMol/FilterCatalog/pains_a.in#L14
union,pains_A,anil_di_alk_D(198),2,9098,https://raw.githubusercontent.com/rdkit/rdkit/0ece02e9254ef2d5eeade2bd40eb13546522dbd3/Code/GraphMol/FilterCatalog/pains_a.in#L15
union,pains_A,imine_one_isatin(189),0,9098,https://raw.githubusercontent.com/rdkit/rdkit/0ece02e9254ef2d5eeade2bd40eb13546522dbd3/Code/GraphMol/FilterCatalog/pains_a.in#L16
union,pains_A,anil_di_alk_E(186),3,9098,https://raw.githubusercontent.com/rdkit/rdkit/0ece02e9254ef2d5eeade2bd40eb13546522dbd3/Code/GraphMol/FilterCatalog/pains_a.in#L17
union,pains_B,thiaz_ene_A(128),0,9098,https://raw.githubusercontent.com/rdkit/rdkit/0ece02e9254ef2d5eeade2bd40eb13546522dbd3/Code/GraphMol/FilterCatalog/pains_b.in#L2
union,pains_B,pyrrole_A(118),3,9098,https://raw.githubusercontent.com/rdkit/rdkit/0ece02e9254ef2d5eeade2bd40eb13546522dbd3/Code/GraphMol/FilterCatalog/pains_b.in#L3
union,pains_B,catechol_A(92),56,9098,https://raw.githubusercontent.com/rdkit/rdkit/0ece02e9254ef2d5eeade2bd40eb13546522dbd3/Code/GraphMol/FilterCatalog/pains_b.in#L4
union,pains_B,ene_five_het_B(90),0,9098,https://raw.githubusercontent.com/rdkit/rdkit/0ece02e9254ef2d5eeade2bd40eb13546522dbd3/Code/GraphMol/FilterCatalog/pains_b.in#L5
union,pains_B,imine_one_fives(89),0,9098,https://raw.githubusercontent.com/rdkit/rdkit/0ece02e9254ef2d5eeade2bd40eb13546522dbd3/Code/GraphMol/FilterCatalog/pains_b.in#L6
union,pains_B,ene_five_het_C(85),0,9098,https://raw.githubusercontent.com/rdkit/rdkit/0ece02e9254ef2d5eeade2bd40eb13546522dbd3/Code/GraphMol/FilterCatalog/pains_b.in#L7
union,pains_B,hzone_pipzn(79),0,9098,https://raw.githubusercontent.com/rdkit/rdkit/0ece02e9254ef2d5eeade2bd40eb13546522dbd3/Code/GraphMol/FilterCatalog/pains_b.in#L8
union,pains_B,keto_keto_beta_A(68),0,9098,https://raw.githubusercontent.com/rdkit/rdkit/0ece02e9254ef2d5eeade2bd40eb13546522dbd3/Code/GraphMol/FilterCatalog/pains_b.in#L9
union,pains_B,hzone_pyrrol(64),0,9098,https://raw.githubusercontent.com/rdkit/rdkit/0ece02e9254ef2d5eeade2bd40eb13546522dbd3/Code/GraphMol/FilterCatalog/pains_b.in#L10
union,pains_B,ene_one_ene_A(57),4,9098,https://raw.githubusercontent.com/rdkit/rdkit/0ece02e9254ef2d5eeade2bd40eb13546522dbd3/Code/GraphMol/FilterCatalog/pains_b.in#L11
union,pains_B,cyano_ene_amine_A(56),0,9098,https://raw.githubusercontent.com/rdkit/rdkit/0ece02e9254ef2d5eeade2bd40eb13546522dbd3/Code/GraphMol/FilterCatalog/pains_b.in#L12
union,pains_B,ene_five_one_A(55),0,9098,https://raw.githubusercontent.com/rdkit/rdkit/0ece02e9254ef2d5eeade2bd40eb13546522dbd3/Code/GraphMol/FilterCatalog/pains_b.in#L13
union,pains_B,cyano_pyridone_A(54),3,9098,https://raw.githubusercontent.com/rdkit/rdkit/0ece02e9254ef2d5eeade2bd40eb13546522dbd3/Code/GraphMol/FilterCatalog/pains_b.in#L14
union,pains_B,anil_alk_ene(51),22,9098,https://raw.githubusercontent.com/rdkit/rdkit/0ece02e9254ef2d5eeade2bd40eb13546522dbd3/Code/GraphMol/FilterCatalog/pains_b.in#L15
union,pains_B,amino_acridine_A(46),289,9098,https://raw.githubusercontent.com/rdkit/rdkit/0ece02e9254ef2d5eeade2bd40eb13546522dbd3/Code/GraphMol/FilterCatalog/pains_b.in#L16
union,pains_B,ene_five_het_D(46),0,9098,https://raw.githubusercontent.com/rdkit/rdkit/0ece02e9254ef2d5eeade2bd40eb13546522dbd3/Code/GraphMol/FilterCatalog/pains_b.in#L17
union,pains_B,thiophene_amino_Aa(45),0,9098,https://raw.githubusercontent.com/rdkit/rdkit/0ece02e9254ef2d5eeade2bd40eb13546522dbd3/Code/GraphMol/FilterCatalog/pains_b.in#L18
union,pains_B,ene_five_het_E(44),0,9098,https://raw.githubusercontent.com/rdkit/rdkit/0ece02e9254ef2d5eeade2bd40eb13546522dbd3/Code/GraphMol/FilterCatalog/pains_b.in#L19
union,pains_B,sulfonamide_A(43),0,9098,https://raw.githubusercontent.com/rdkit/rdkit/0ece02e9254ef2d5eeade2bd40eb13546522dbd3/Code/GraphMol/FilterCatalog/pains_b.in#L20
union,pains_B,thio_ketone(43),0,9098,https://raw.githubusercontent.com/rdkit/rdkit/0ece02e9254ef2d5eeade2bd40eb13546522dbd3/Code/GraphMol/FilterCatalog/pains_b.in#L21
union,pains_B,sulfonamide_B(41),2,9098,https://raw.githubusercontent.com/rdkit/rdkit/0ece02e9254ef2d5eeade2bd40eb13546522dbd3/Code/GraphMol/FilterCatalog/pains_b.in#L22
union,pains_B,anil_no_alk(40),12,9098,https://raw.githubusercontent.com/rdkit/rdkit/0ece02e9254ef2d5eeade2bd40eb13546522dbd3/Code/GraphMol/FilterCatalog/pains_b.in#L23
union,pains_B,thiophene_amino_Ab(40),0,9098,https://raw.githubusercontent.com/rdkit/rdkit/0ece02e9254ef2d5eeade2bd40eb13546522dbd3/Code/GraphMol/FilterCatalog/pains_b.in#L24
union,pains_B,het_pyridiniums_A(39),22,9098,https://raw.githubusercontent.com/rdkit/rdkit/0ece02e9254ef2d5eeade2bd40eb13546522dbd3/Code/GraphMol/FilterCatalog/pains_b.in#L25
union,pains_B,anthranil_one_A(38),1,9098,https://raw.githubusercontent.com/rdkit/rdkit/0ece02e9254ef2d5eeade2bd40eb13546522dbd3/Code/GraphMol/FilterCatalog/pains_b.in#L26
union,pains_B,cyano_imine_A(37),0,9098,https://raw.githubusercontent.com/rdkit/rdkit/0ece02e9254ef2d5eeade2bd40eb13546522dbd3/Code/GraphMol/FilterCatalog/pains_b.in#L27
union,pains_B,diazox_sulfon_A(36),0,9098,https://raw.githubusercontent.com/rdkit/rdkit/0ece02e9254ef2d5eeade2bd40eb13546522dbd3/Code/GraphMol/FilterCatalog/pains_b.in#L28
union,pains_B,hzone_anil_di_alk(35),0,9098,https://raw.githubusercontent.com/rdkit/rdkit/0ece02e9254ef2d5eeade2bd40eb13546522dbd3/Code/GraphMol/FilterCatalog/pains_b.in#L29
union,pains_B,rhod_sat_A(33),0,9098,https://raw.githubusercontent.com/rdkit/rdkit/0ece02e9254ef2d5eeade2bd40eb13546522dbd3/Code/GraphMol/FilterCatalog/pains_b.in#L30
union,pains_B,hzone_enamin(30),0,9098,https://raw.githubusercontent.com/rdkit/rdkit/0ece02e9254ef2d5eeade2bd40eb13546522dbd3/Code/GraphMol/FilterCatalog/pains_b.in#L31
union,pains_B,pyrrole_B(29),3,9098,https://raw.githubusercontent.com/rdkit/rdkit/0ece02e9254ef2d5eeade2bd40eb13546522dbd3/Code/GraphMol/FilterCatalog/pains_b.in#L32
union,pains_B,thiophene_hydroxy(28),1,9098,https://raw.githubusercontent.com/rdkit/rdkit/0ece02e9254ef2d5eeade2bd40eb13546522dbd3/Code/GraphMol/FilterCatalog/pains_b.in#L33
union,pains_B,cyano_pyridone_B(27),13,9098,https://raw.githubusercontent.com/rdkit/rdkit/0ece02e9254ef2d5eeade2bd40eb13546522dbd3/Code/GraphMol/FilterCatalog/pains_b.in#L34
union,pains_B,imine_one_sixes(27),0,9098,https://raw.githubusercontent.com/rdkit/rdkit/0ece02e9254ef2d5eeade2bd40eb13546522dbd3/Code/GraphMol/FilterCatalog/pains_b.in#L35
union,pains_B,dyes5A(27),1,9098,https://raw.githubusercontent.com/rdkit/rdkit/0ece02e9254ef2d5eeade2bd40eb13546522dbd3/Code/GraphMol/FilterCatalog/pains_b.in#L36
union,pains_B,naphth_amino_A(25),0,9098,https://raw.githubusercontent.com/rdkit/rdkit/0ece02e9254ef2d5eeade2bd40eb13546522dbd3/Code/GraphMol/FilterCatalog/pains_b.in#L37
union,pains_B,naphth_amino_B(25),0,9098,https://raw.githubusercontent.com/rdkit/rdkit/0ece02e9254ef2d5eeade2bd40eb13546522dbd3/Code/GraphMol/FilterCatalog/pains_b.in#L38
union,pains_B,ene_one_ester(24),0,9098,https://raw.githubusercontent.com/rdkit/rdkit/0ece02e9254ef2d5eeade2bd40eb13546522dbd3/Code/GraphMol/FilterCatalog/pains_b.in#L39
union,pains_B,thio_dibenzo(23),0,9098,https://raw.githubusercontent.com/rdkit/rdkit/0ece02e9254ef2d5eeade2bd40eb13546522dbd3/Code/GraphMol/FilterCatalog/pains_b.in#L40
union,pains_B,cyano_cyano_A(23),0,9098,https://raw.githubusercontent.com/rdkit/rdkit/0ece02e9254ef2d5eeade2bd40eb13546522dbd3/Code/GraphMol/FilterCatalog/pains_b.in#L41
union,pains_B,hzone_acyl_naphthol(22),0,9098,https://raw.githubusercontent.com/rdkit/rdkit/0ece02e9254ef2d5eeade2bd40eb13546522dbd3/Code/GraphMol/FilterCatalog/pains_b.in#L42
union,pains_B,het_65_A(21),0,9098,https://raw.githubusercontent.com/rdkit/rdkit/0ece02e9254ef2d5eeade2bd40eb13546522dbd3/Code/GraphMol/FilterCatalog/pains_b.in#L43
union,pains_B,imidazole_A(19),17,9098,https://raw.githubusercontent.com/rdkit/rdkit/0ece02e9254ef2d5eeade2bd40eb13546522dbd3/Code/GraphMol/FilterCatalog/pains_b.in#L44
union,pains_B,ene_cyano_A(19),1,9098,https://raw.githubusercontent.com/rdkit/rdkit/0ece02e9254ef2d5eeade2bd40eb13546522dbd3/Code/GraphMol/FilterCatalog/pains_b.in#L45
union,pains_B,anthranil_acid_A(19),0,9098,https://raw.githubusercontent.com/rdkit/rdkit/0ece02e9254ef2d5eeade2bd40eb13546522dbd3/Code/GraphMol/FilterCatalog/pains_b.in#L46
union,pains_B,dyes3A(19),0,9098,https://raw.githubusercontent.com/rdkit/rdkit/0ece02e9254ef2d5eeade2bd40eb13546522dbd3/Code/GraphMol/FilterCatalog/pains_b.in#L47
union,pains_B,dhp_bis_amino_CN(19),0,9098,https://raw.githubusercontent.com/rdkit/rdkit/0ece02e9254ef2d5eeade2bd40eb13546522dbd3/Code/GraphMol/FilterCatalog/pains_b.in#L48
union,pains_B,het_6_tetrazine(18),0,9098,https://raw.githubusercontent.com/rdkit/rdkit/0ece02e9254ef2d5eeade2bd40eb13546522dbd3/Code/GraphMol/FilterCatalog/pains_b.in#L49
union,pains_B,ene_one_hal(17),1,9098,https://raw.githubusercontent.com/rdkit/rdkit/0ece02e9254ef2d5eeade2bd40eb13546522dbd3/Code/GraphMol/FilterCatalog/pains_b.in#L50
union,pains_B,cyano_imine_B(17),0,9098,https://raw.githubusercontent.com/rdkit/rdkit/0ece02e9254ef2d5eeade2bd40eb13546522dbd3/Code/GraphMol/FilterCatalog/pains_b.in#L51
union,pains_B,thiaz_ene_B(17),0,9098,https://raw.githubusercontent.com/rdkit/rdkit/0ece02e9254ef2d5eeade2bd40eb13546522dbd3/Code/GraphMol/FilterCatalog/pains_b.in#L52
union,pains_B,ene_rhod_B(16),0,9098,https://raw.githubusercontent.com/rdkit/rdkit/0ece02e9254ef2d5eeade2bd40eb13546522dbd3/Code/GraphMol/FilterCatalog/pains_b.in#L53
union,pains_B,thio_carbonate_A(15),0,9098,https://raw.githubusercontent.com/rdkit/rdkit/0ece02e9254ef2d5eeade2bd40eb13546522dbd3/Code/GraphMol/FilterCatalog/pains_b.in#L54
union,pains_B,anil_di_alk_furan_A(15),0,9098,https://raw.githubusercontent.com/rdkit/rdkit/0ece02e9254ef2d5eeade2bd40eb13546522dbd3/Code/GraphMol/FilterCatalog/pains_b.in#L55
union,pains_B,ene_five_het_F(15),0,9098,https://raw.githubusercontent.com/rdkit/rdkit/0ece02e9254ef2d5eeade2bd40eb13546522dbd3/Code/GraphMol/FilterCatalog/pains_b.in#L56
union,pains_C,anil_di_alk_F(14),0,9098,https://raw.githubusercontent.com/rdkit/rdkit/0ece02e9254ef2d5eeade2bd40eb13546522dbd3/Code/GraphMol/FilterCatalog/pains_c.in#L2
union,pains_C,hzone_anil(14),0,9098,https://raw.githubusercontent.com/rdkit/rdkit/0ece02e9254ef2d5eeade2bd40eb13546522dbd3/Code/GraphMol/FilterCatalog/pains_c.in#L3
union,pains_C,het_5_pyrazole_OH(14),0,9098,https://raw.githubusercontent.com/rdkit/rdkit/0ece02e9254ef2d5eeade2bd40eb13546522dbd3/Code/GraphMol/FilterCatalog/pains_c.in#L4
union,pains_C,het_thio_666_A(13),0,9098,https://raw.githubusercontent.com/rdkit/rdkit/0ece02e9254ef2d5eeade2bd40eb13546522dbd3/Code/GraphMol/FilterCatalog/pains_c.in#L5
union,pains_C,styrene_A(13),0,9098,https://raw.githubusercontent.com/rdkit/rdkit/0ece02e9254ef2d5eeade2bd40eb13546522dbd3/Code/GraphMol/FilterCatalog/pains_c.in#L6
union,pains_C,ene_rhod_C(13),0,9098,https://raw.githubusercontent.com/rdkit/rdkit/0ece02e9254ef2d5eeade2bd40eb13546522dbd3/Code/GraphMol/FilterCatalog/pains_c.in#L7
union,pains_C,dhp_amino_CN_A(13),0,9098,https://raw.githubusercontent.com/rdkit/rdkit/0ece02e9254ef2d5eeade2bd40eb13546522dbd3/Code/GraphMol/FilterCatalog/pains_c.in#L8
union,pains_C,cyano_imine_C(12),0,9098,https://raw.githubusercontent.com/rdkit/rdkit/0ece02e9254ef2d5eeade2bd40eb13546522dbd3/Code/GraphMol/FilterCatalog/pains_c.in#L9
union,pains_C,thio_urea_A(12),0,9098,https://raw.githubusercontent.com/rdkit/rdkit/0ece02e9254ef2d5eeade2bd40eb13546522dbd3/Code/GraphMol/FilterCatalog/pains_c.in#L10
union,pains_C,thiophene_amino_B(12),0,9098,https://raw.githubusercontent.com/rdkit/rdkit/0ece02e9254ef2d5eeade2bd40eb13546522dbd3/Code/GraphMol/FilterCatalog/pains_c.in#L11
union,pains_C,keto_keto_beta_B(12),0,9098,https://raw.githubusercontent.com/rdkit/rdkit/0ece02e9254ef2d5eeade2bd40eb13546522dbd3/Code/GraphMol/FilterCatalog/pains_c.in#L12
union,pains_C,keto_phenone_A(11),1,9098,https://raw.githubusercontent.com/rdkit/rdkit/0ece02e9254ef2d5eeade2bd40eb13546522dbd3/Code/GraphMol/FilterCatalog/pains_c.in#L13
union,pains_C,cyano_pyridone_C(11),0,9098,https://raw.githubusercontent.com/rdkit/rdkit/0ece02e9254ef2d5eeade2bd40eb13546522dbd3/Code/GraphMol/FilterCatalog/pains_c.in#L14
union,pains_C,thiaz_ene_C(11),0,9098,https://raw.githubusercontent.com/rdkit/rdkit/0ece02e9254ef2d5eeade2bd40eb13546522dbd3/Code/GraphMol/FilterCatalog/pains_c.in#L15
union,pains_C,hzone_thiophene_A(11),0,9098,https://raw.githubusercontent.com/rdkit/rdkit/0ece02e9254ef2d5eeade2bd40eb13546522dbd3/Code/GraphMol/FilterCatalog/pains_c.in#L16
union,pains_C,ene_quin_methide(10),0,9098,https://raw.githubusercontent.com/rdkit/rdkit/0ece02e9254ef2d5eeade2bd40eb13546522dbd3/Code/GraphMol/FilterCatalog/pains_c.in#L17
union,pains_C,het_thio_676_A(10),0,9098,https://raw.githubusercontent.com/rdkit/rdkit/0ece02e9254ef2d5eeade2bd40eb13546522dbd3/Code/GraphMol/FilterCatalog/pains_c.in#L18
union,pains_C,ene_five_het_G(10),0,9098,https://raw.githubusercontent.com/rdkit/rdkit/0ece02e9254ef2d5eeade2bd40eb13546522dbd3/Code/GraphMol/FilterCatalog/pains_c.in#L19
union,pains_C,acyl_het_A(9),0,9098,https://raw.githubusercontent.com/rdkit/rdkit/0ece02e9254ef2d5eeade2bd40eb13546522dbd3/Code/GraphMol/FilterCatalog/pains_c.in#L20
union,pains_C,anil_di_alk_G(9),11,9098,https://raw.githubusercontent.com/rdkit/rdkit/0ece02e9254ef2d5eeade2bd40eb13546522dbd3/Code/GraphMol/FilterCatalog/pains_c.in#L21
union,pains_C,dhp_keto_A(9),0,9098,https://raw.githubusercontent.com/rdkit/rdkit/0ece02e9254ef2d5eeade2bd40eb13546522dbd3/Code/GraphMol/FilterCatalog/pains_c.in#L22
union,pains_C,thio_urea_B(9),0,9098,https://raw.githubusercontent.com/rdkit/rdkit/0ece02e9254ef2d5eeade2bd40eb13546522dbd3/Code/GraphMol/FilterCatalog/pains_c.in#L23
union,pains_C,anil_alk_bim(9),1,9098,https://raw.githubusercontent.com/rdkit/rdkit/0ece02e9254ef2d5eeade2bd40eb13546522dbd3/Code/GraphMol/FilterCatalog/pains_c.in#L24
union,pains_C,imine_imine_A(9),0,9098,https://raw.githubusercontent.com/rdkit/rdkit/0ece02e9254ef2d5eeade2bd40eb13546522dbd3/Code/GraphMol/FilterCatalog/pains_c.in#L25
union,pains_C,thio_urea_C(9),0,9098,https://raw.githubusercontent.com/rdkit/rdkit/0ece02e9254ef2d5eeade2bd40eb13546522dbd3/Code/GraphMol/FilterCatalog/pains_c.in#L26
union,pains_C,imine_one_fives_B(9),0,9098,https://raw.githubusercontent.com/rdkit/rdkit/0ece02e9254ef2d5eeade2bd40eb13546522dbd3/Code/GraphMol/FilterCatalog/pains_c.in#L27
union,pains_C,dhp_amino_CN_B(9),0,9098,https://raw.githubusercontent.com/rdkit/rdkit/0ece02e9254ef2d5eeade2bd40eb13546522dbd3/Code/GraphMol/FilterCatalog/pains_c.in#L28
union,pains_C,anil_OC_no_alk_A(8),0,9098,https://raw.githubusercontent.com/rdkit/rdkit/0ece02e9254ef2d5eeade2bd40eb13546522dbd3/Code/GraphMol/FilterCatalog/pains_c.in#L29
union,pains_C,het_thio_66_one(8),0,9098,https://raw.githubusercontent.com/rdkit/rdkit/0ece02e9254ef2d5eeade2bd40eb13546522dbd3/Code/GraphMol/FilterCatalog/pains_c.in#L30
union,pains_C,styrene_B(8),1,9098,https://raw.githubusercontent.com/rdkit/rdkit/0ece02e9254ef2d5eeade2bd40eb13546522dbd3/Code/GraphMol/FilterCatalog/pains_c.in#L31
union,pains_C,het_thio_5_A(8),0,9098,https://raw.githubusercontent.com/rdkit/rdkit/0ece02e9254ef2d5eeade2bd40eb13546522dbd3/Code/GraphMol/FilterCatalog/pains_c.in#L32
union,pains_C,anil_di_alk_ene_A(8),0,9098,https://raw.githubusercontent.com/rdkit/rdkit/0ece02e9254ef2d5eeade2bd40eb13546522dbd3/Code/GraphMol/FilterCatalog/pains_c.in#L33
union,pains_C,ene_rhod_D(8),0,9098,https://raw.githubusercontent.com/rdkit/rdkit/0ece02e9254ef2d5eeade2bd40eb13546522dbd3/Code/GraphMol/FilterCatalog/pains_c.in#L34
union,pains_C,ene_rhod_E(8),0,9098,https://raw.githubusercontent.com/rdkit/rdkit/0ece02e9254ef2d5eeade2bd40eb13546522dbd3/Code/GraphMol/FilterCatalog/pains_c.in#L35
union,pains_C,anil_OH_alk_A(8),1,9098,https://raw.githubusercontent.com/rdkit/rdkit/0ece02e9254ef2d5eeade2bd40eb13546522dbd3/Code/GraphMol/FilterCatalog/pains_c.in#L36
union,pains_C,pyrrole_C(8),8,9098,https://raw.githubusercontent.com/rdkit/rdkit/0ece02e9254ef2d5eeade2bd40eb13546522dbd3/Code/GraphMol/FilterCatalog/pains_c.in#L37
union,pains_C,thio_urea_D(8),0,9098,https://raw.githubusercontent.com/rdkit/rdkit/0ece02e9254ef2d5eeade2bd40eb13546522dbd3/Code/GraphMol/FilterCatalog/pains_c.in#L38
union,pains_C,thiaz_ene_D(8),0,9098,https://raw.githubusercontent.com/rdkit/rdkit/0ece02e9254ef2d5eeade2bd40eb13546522dbd3/Code/GraphMol/FilterCatalog/pains_c.in#L39
union,pains_C,ene_rhod_F(8),0,9098,https://raw.githubusercontent.com/rdkit/rdkit/0ece02e9254ef2d5eeade2bd40eb13546522dbd3/Code/GraphMol/FilterCatalog/pains_c.in#L40
union,pains_C,thiaz_ene_E(8),0,9098,https://raw.githubusercontent.com/rdkit/rdkit/0ece02e9254ef2d5eeade2bd40eb13546522dbd3/Code/GraphMol/FilterCatalog/pains_c.in#L41
union,pains_C,het_65_B(7),0,9098,https://raw.githubusercontent.com/rdkit/rdkit/0ece02e9254ef2d5eeade2bd40eb13546522dbd3/Code/GraphMol/FilterCatalog/pains_c.in#L42
union,pains_C,keto_keto_beta_C(7),0,9098,https://raw.githubusercontent.com/rdkit/rdkit/0ece02e9254ef2d5eeade2bd40eb13546522dbd3/Code/GraphMol/FilterCatalog/pains_c.in#L43
union,pains_C,het_66_A(7),0,9098,https://raw.githubusercontent.com/rdkit/rdkit/0ece02e9254ef2d5eeade2bd40eb13546522dbd3/Code/GraphMol/FilterCatalog/pains_c.in#L44
union,pains_C,thio_urea_E(7),0,9098,https://raw.githubusercontent.com/rdkit/rdkit/0ece02e9254ef2d5eeade2bd40eb13546522dbd3/Code/GraphMol/FilterCatalog/pains_c.in#L45
union,pains_C,thiophene_amino_C(7),0,9098,https://raw.githubusercontent.com/rdkit/rdkit/0ece02e9254ef2d5eeade2bd40eb13546522dbd3/Code/GraphMol/FilterCatalog/pains_c.in#L46
union,pains_C,hzone_phenone(7),0,9098,https://raw.githubusercontent.com/rdkit/rdkit/0ece02e9254ef2d5eeade2bd40eb13546522dbd3/Code/GraphMol/FilterCatalog/pains_c.in#L47
union,pains_C,ene_rhod_G(7),0,9098,https://raw.githubusercontent.com/rdkit/rdkit/0ece02e9254ef2d5eeade2bd40eb13546522dbd3/Code/GraphMol/FilterCatalog/pains_c.in#L48
union,pains_C,ene_cyano_B(7),0,9098,https://raw.githubusercontent.com/rdkit/rdkit/0ece02e9254ef2d5eeade2bd40eb13546522dbd3/Code/GraphMol/FilterCatalog/pains_c.in#L49
union,pains_C,dhp_amino_CN_C(7),0,9098,https://raw.githubusercontent.com/rdkit/rdkit/0ece02e9254ef2d5eeade2bd40eb13546522dbd3/Code/GraphMol/FilterCatalog/pains_c.in#L50
union,pains_C,het_5_A(7),0,9098,https://raw.githubusercontent.com/rdkit/rdkit/0ece02e9254ef2d5eeade2bd40eb13546522dbd3/Code/GraphMol/FilterCatalog/pains_c.in#L51
union,pains_C,ene_five_het_H(6),0,9098,https://raw.githubusercontent.com/rdkit/rdkit/0ece02e9254ef2d5eeade2bd40eb13546522dbd3/Code/GraphMol/FilterCatalog/pains_c.in#L52
union,pains_C,thio_amide_A(6),0,9098,https://raw.githubusercontent.com/rdkit/rdkit/0ece02e9254ef2d5eeade2bd40eb13546522dbd3/Code/GraphMol/FilterCatalog/pains_c.in#L53
union,pains_C,ene_cyano_C(6),0,9098,https://raw.githubusercontent.com/rdkit/rdkit/0ece02e9254ef2d5eeade2bd40eb13546522dbd3/Code/GraphMol/FilterCatalog/pains_c.in#L54
union,pains_C,hzone_furan_A(6),0,9098,https://raw.githubusercontent.com/rdkit/rdkit/0ece02e9254ef2d5eeade2bd40eb13546522dbd3/Code/GraphMol/FilterCatalog/pains_c.in#L55
union,pains_C,anil_di_alk_H(6),0,9098,https://raw.githubusercontent.com/rdkit/rdkit/0ece02e9254ef2d5eeade2bd40eb13546522dbd3/Code/GraphMol/FilterCatalog/pains_c.in#L56
union,pains_C,het_65_C(6),0,9098,https://raw.githubusercontent.com/rdkit/rdkit/0ece02e9254ef2d5eeade2bd40eb13546522dbd3/Code/GraphMol/FilterCatalog/pains_c.in#L57
union,pains_C,thio_urea_F(6),0,9098,https://raw.githubusercontent.com/rdkit/rdkit/0ece02e9254ef2d5eeade2bd40eb13546522dbd3/Code/GraphMol/FilterCatalog/pains_c.in#L58
union,pains_C,ene_five_het_I(6),0,9098,https://raw.githubusercontent.com/rdkit/rdkit/0ece02e9254ef2d5eeade2bd40eb13546522dbd3/Code/GraphMol/FilterCatalog/pains_c.in#L59
union,pains_C,keto_keto_gamma(5),1,9098,https://raw.githubusercontent.com/rdkit/rdkit/0ece02e9254ef2d5eeade2bd40eb13546522dbd3/Code/GraphMol/FilterCatalog/pains_c.in#L60
union,pains_C,quinone_B(5),0,9098,https://raw.githubusercontent.com/rdkit/rdkit/0ece02e9254ef2d5eeade2bd40eb13546522dbd3/Code/GraphMol/FilterCatalog/pains_c.in#L61
union,pains_C,het_6_pyridone_OH(5),0,9098,https://raw.githubusercontent.com/rdkit/rdkit/0ece02e9254ef2d5eeade2bd40eb13546522dbd3/Code/GraphMol/FilterCatalog/pains_c.in#L62
union,pains_C,hzone_naphth_A(5),0,9098,https://raw.githubusercontent.com/rdkit/rdkit/0ece02e9254ef2d5eeade2bd40eb13546522dbd3/Code/GraphMol/FilterCatalog/pains_c.in#L63
union,pains_C,thio_ester_A(5),0,9098,https://raw.githubusercontent.com/rdkit/rdkit/0ece02e9254ef2d5eeade2bd40eb13546522dbd3/Code/GraphMol/FilterCatalog/pains_c.in#L64
union,pains_C,ene_misc_A(5),0,9098,https://raw.githubusercontent.com/rdkit/rdkit/0ece02e9254ef2d5eeade2bd40eb13546522dbd3/Code/GraphMol/FilterCatalog/pains_c.in#L65
union,pains_C,cyano_pyridone_D(5),0,9098,https://raw.githubusercontent.com/rdkit/rdkit/0ece02e9254ef2d5eeade2bd40eb13546522dbd3/Code/GraphMol/FilterCatalog/pains_c.in#L66
union,pains_C,het_65_Db(5),0,9098,https://raw.githubusercontent.com/rdkit/rdkit/0ece02e9254ef2d5eeade2bd40eb13546522dbd3/Code/GraphMol/FilterCatalog/pains_c.in#L67
union,pains_C,het_666_A(5),0,9098,https://raw.githubusercontent.com/rdkit/rdkit/0ece02e9254ef2d5eeade2bd40eb13546522dbd3/Code/GraphMol/FilterCatalog/pains_c.in#L68
union,pains_C,diazox_sulfon_B(5),0,9098,https://raw.githubusercontent.com/rdkit/rdkit/0ece02e9254ef2d5eeade2bd40eb13546522dbd3/Code/GraphMol/FilterCatalog/pains_c.in#L69
union,pains_C,anil_NH_alk_A(5),0,9098,https://raw.githubusercontent.com/rdkit/rdkit/0ece02e9254ef2d5eeade2bd40eb13546522dbd3/Code/GraphMol/FilterCatalog/pains_c.in#L70
union,pains_C,sulfonamide_C(5),0,9098,https://raw.githubusercontent.com/rdkit/rdkit/0ece02e9254ef2d5eeade2bd40eb13546522dbd3/Code/GraphMol/FilterCatalog/pains_c.in#L71
union,pains_C,het_thio_N_55(5),0,9098,https://raw.githubusercontent.com/rdkit/rdkit/0ece02e9254ef2d5eeade2bd40eb13546522dbd3/Code/GraphMol/FilterCatalog/pains_c.in#L72
union,pains_C,keto_keto_beta_D(5),0,9098,https://raw.githubusercontent.com/rdkit/rdkit/0ece02e9254ef2d5eeade2bd40eb13546522dbd3/Code/GraphMol/FilterCatalog/pains_c.in#L73
union,pains_C,ene_rhod_H(5),0,9098,https://raw.githubusercontent.com/rdkit/rdkit/0ece02e9254ef2d5eeade2bd40eb13546522dbd3/Code/GraphMol/FilterCatalog/pains_c.in#L74
union,pains_C,imine_ene_A(5),0,9098,https://raw.githubusercontent.com/rdkit/rdkit/0ece02e9254ef2d5eeade2bd40eb13546522dbd3/Code/GraphMol/FilterCatalog/pains_c.in#L75
union,pains_C,het_thio_656a(5),0,9098,https://raw.githubusercontent.com/rdkit/rdkit/0ece02e9254ef2d5eeade2bd40eb13546522dbd3/Code/GraphMol/FilterCatalog/pains_c.in#L76
union,pains_C,pyrrole_D(5),0,9098,https://raw.githubusercontent.com/rdkit/rdkit/0ece02e9254ef2d5eeade2bd40eb13546522dbd3/Code/GraphMol/FilterCatalog/pains_c.in#L77
union,pains_C,pyrrole_E(5),0,9098,https://raw.githubusercontent.com/rdkit/rdkit/0ece02e9254ef2d5eeade2bd40eb13546522dbd3/Code/GraphMol/FilterCatalog/pains_c.in#L78
union,pains_C,thio_urea_G(5),0,9098,https://raw.githubusercontent.com/rdkit/rdkit/0ece02e9254ef2d5eeade2bd40eb13546522dbd3/Code/GraphMol/FilterCatalog/pains_c.in#L79
union,pains_C,anisol_A(5),0,9098,https://raw.githubusercontent.com/rdkit/rdkit/0ece02e9254ef2d5eeade2bd40eb13546522dbd3/Code/GraphMol/FilterCatalog/pains_c.in#L80
union,pains_C,pyrrole_F(5),0,9098,https://raw.githubusercontent.com/rdkit/rdkit/0ece02e9254ef2d5eeade2bd40eb13546522dbd3/Code/GraphMol/FilterCatalog/pains_c.in#L81
union,pains_C,dhp_amino_CN_D(5),0,9098,https://raw.githubusercontent.com/rdkit/rdkit/0ece02e9254ef2d5eeade2bd40eb13546522dbd3/Code/GraphMol/FilterCatalog/pains_c.in#L82
union,pains_C,thiazole_amine_A(4),0,9098,https://raw.githubusercontent.com/rdkit/rdkit/0ece02e9254ef2d5eeade2bd40eb13546522dbd3/Code/GraphMol/FilterCatalog/pains_c.in#L83
union,pains_C,het_6_imidate_A(4),0,9098,https://raw.githubusercontent.com/rdkit/rdkit/0ece02e9254ef2d5eeade2bd40eb13546522dbd3/Code/GraphMol/FilterCatalog/pains_c.in#L84
union,pains_C,anil_OC_no_alk_B(4),1,9098,https://raw.githubusercontent.com/rdkit/rdkit/0ece02e9254ef2d5eeade2bd40eb13546522dbd3/Code/GraphMol/FilterCatalog/pains_c.in#L85
union,pains_C,styrene_C(4),0,9098,https://raw.githubusercontent.com/rdkit/rdkit/0ece02e9254ef2d5eeade2bd40eb13546522dbd3/Code/GraphMol/FilterCatalog/pains_c.in#L86
union,pains_C,azulene(4),0,9098,https://raw.githubusercontent.com/rdkit/rdkit/0ece02e9254ef2d5eeade2bd40eb13546522dbd3/Code/GraphMol/FilterCatalog/pains_c.in#L87
union,pains_C,furan_acid_A(4),0,9098,https://raw.githubusercontent.com/rdkit/rdkit/0ece02e9254ef2d5eeade2bd40eb13546522dbd3/Code/GraphMol/FilterCatalog/pains_c.in#L88
union,pains_C,cyano_pyridone_E(4),0,9098,https://raw.githubusercontent.com/rdkit/rdkit/0ece02e9254ef2d5eeade2bd40eb13546522dbd3/Code/GraphMol/FilterCatalog/pains_c.in#L89
union,pains_C,anil_alk_thio(4),0,9098,https://raw.githubusercontent.com/rdkit/rdkit/0ece02e9254ef2d5eeade2bd40eb13546522dbd3/Code/GraphMol/FilterCatalog/pains_c.in#L90
union,pains_C,anil_di_alk_I(4),0,9098,https://raw.githubusercontent.com/rdkit/rdkit/0ece02e9254ef2d5eeade2bd40eb13546522dbd3/Code/GraphMol/FilterCatalog/pains_c.in#L91
union,pains_C,het_thio_6_furan(4),0,9098,https://raw.githubusercontent.com/rdkit/rdkit/0ece02e9254ef2d5eeade2bd40eb13546522dbd3/Code/GraphMol/FilterCatalog/pains_c.in#L92
union,pains_C,anil_di_alk_ene_B(4),0,9098,https://raw.githubusercontent.com/rdkit/rdkit/0ece02e9254ef2d5eeade2bd40eb13546522dbd3/Code/GraphMol/FilterCatalog/pains_c.in#L93
union,pains_C,imine_one_B(4),0,9098,https://raw.githubusercontent.com/rdkit/rdkit/0ece02e9254ef2d5eeade2bd40eb13546522dbd3/Code/GraphMol/FilterCatalog/pains_c.in#L94
union,pains_C,anil_OC_alk_A(4),0,9098,https://raw.githubusercontent.com/rdkit/rdkit/0ece02e9254ef2d5eeade2bd40eb13546522dbd3/Code/GraphMol/FilterCatalog/pains_c.in#L95
union,pains_C,ene_five_het_J(4),0,9098,https://raw.githubusercontent.com/rdkit/rdkit/0ece02e9254ef2d5eeade2bd40eb13546522dbd3/Code/GraphMol/FilterCatalog/pains_c.in#L96
union,pains_C,pyrrole_G(4),0,9098,https://raw.githubusercontent.com/rdkit/rdkit/0ece02e9254ef2d5eeade2bd40eb13546522dbd3/Code/GraphMol/FilterCatalog/pains_c.in#L97
union,pains_C,ene_five_het_K(4),0,9098,https://raw.githubusercontent.com/rdkit/rdkit/0ece02e9254ef2d5eeade2bd40eb13546522dbd3/Code/GraphMol/FilterCatalog/pains_c.in#L98
union,pains_C,cyano_ene_amine_B(4),0,9098,https://raw.githubusercontent.com/rdkit/rdkit/0ece02e9254ef2d5eeade2bd40eb13546522dbd3/Code/GraphMol/FilterCatalog/pains_c.in#L99
union,pains_C,thio_ester_B(4),0,9098,https://raw.githubusercontent.com/rdkit/rdkit/0ece02e9254ef2d5eeade2bd40eb13546522dbd3/Code/GraphMol/FilterCatalog/pains_c.in#L100
union,pains_C,ene_five_het_L(4),14,9098,https://raw.githubusercontent.com/rdkit/rdkit/0ece02e9254ef2d5eeade2bd40eb13546522dbd3/Code/GraphMol/FilterCatalog/pains_c.in#L101
union,pains_C,hzone_thiophene_B(4),0,9098,https://raw.githubusercontent.com/rdkit/rdkit/0ece02e9254ef2d5eeade2bd40eb13546522dbd3/Code/GraphMol/FilterCatalog/pains_c.in#L102
union,pains_C,dhp_amino_CN_E(4),0,9098,https://raw.githubusercontent.com/rdkit/rdkit/0ece02e9254ef2d5eeade2bd40eb13546522dbd3/Code/GraphMol/FilterCatalog/pains_c.in#L103
union,pains_C,het_5_B(4),0,9098,https://raw.githubusercontent.com/rdkit/rdkit/0ece02e9254ef2d5eeade2bd40eb13546522dbd3/Code/GraphMol/FilterCatalog/pains_c.in#L104
union,pains_C,imine_imine_B(3),0,9098,https://raw.githubusercontent.com/rdkit/rdkit/0ece02e9254ef2d5eeade2bd40eb13546522dbd3/Code/GraphMol/FilterCatalog/pains_c.in#L105
union,pains_C,thiazole_amine_B(3),0,9098,https://raw.githubusercontent.com/rdkit/rdkit/0ece02e9254ef2d5eeade2bd40eb13546522dbd3/Code/GraphMol/FilterCatalog/pains_c.in#L106
union,pains_C,imine_ene_one_A(3),0,9098,https://raw.githubusercontent.com/rdkit/rdkit/0ece02e9254ef2d5eeade2bd40eb13546522dbd3/Code/GraphMol/FilterCatalog/pains_c.in#L107
union,pains_C,diazox_A(3),0,9098,https://raw.githubusercontent.com/rdkit/rdkit/0ece02e9254ef2d5eeade2bd40eb13546522dbd3/Code/GraphMol/FilterCatalog/pains_c.in#L108
union,pains_C,ene_one_A(3),0,9098,https://raw.githubusercontent.com/rdkit/rdkit/0ece02e9254ef2d5eeade2bd40eb13546522dbd3/Code/GraphMol/FilterCatalog/pains_c.in#L109
union,pains_C,anil_OC_no_alk_C(3),0,9098,https://raw.githubusercontent.com/rdkit/rdkit/0ece02e9254ef2d5eeade2bd40eb13546522dbd3/Code/GraphMol/FilterCatalog/pains_c.in#L110
union,pains_C,thiazol_SC_A(3),2,9098,https://raw.githubusercontent.com/rdkit/rdkit/0ece02e9254ef2d5eeade2bd40eb13546522dbd3/Code/GraphMol/FilterCatalog/pains_c.in#L111
union,pains_C,het_666_B(3),0,9098,https://raw.githubusercontent.com/rdkit/rdkit/0ece02e9254ef2d5eeade2bd40eb13546522dbd3/Code/GraphMol/FilterCatalog/pains_c.in#L112
union,pains_C,furan_A(3),0,9098,https://raw.githubusercontent.com/rdkit/rdkit/0ece02e9254ef2d5eeade2bd40eb13546522dbd3/Code/GraphMol/FilterCatalog/pains_c.in#L113
union,pains_C,colchicine_A(3),0,9098,https://raw.githubusercontent.com/rdkit/rdkit/0ece02e9254ef2d5eeade2bd40eb13546522dbd3/Code/GraphMol/FilterCatalog/pains_c.in#L114
union,pains_C,thiophene_C(3),0,9098,https://raw.githubusercontent.com/rdkit/rdkit/0ece02e9254ef2d5eeade2bd40eb13546522dbd3/Code/GraphMol/FilterCatalog/pains_c.in#L115
union,pains_C,anil_OC_alk_B(3),0,9098,https://raw.githubusercontent.com/rdkit/rdkit/0ece02e9254ef2d5eeade2bd40eb13546522dbd3/Code/GraphMol/FilterCatalog/pains_c.in#L116
union,pains_C,het_thio_66_A(3),0,9098,https://raw.githubusercontent.com/rdkit/rdkit/0ece02e9254ef2d5eeade2bd40eb13546522dbd3/Code/GraphMol/FilterCatalog/pains_c.in#L117
union,pains_C,rhod_sat_B(3),0,9098,https://raw.githubusercontent.com/rdkit/rdkit/0ece02e9254ef2d5eeade2bd40eb13546522dbd3/Code/GraphMol/FilterCatalog/pains_c.in#L118
union,pains_C,ene_rhod_I(3),0,9098,https://raw.githubusercontent.com/rdkit/rdkit/0ece02e9254ef2d5eeade2bd40eb13546522dbd3/Code/GraphMol/FilterCatalog/pains_c.in#L119
union,pains_C,keto_thiophene(3),0,9098,https://raw.githubusercontent.com/rdkit/rdkit/0ece02e9254ef2d5eeade2bd40eb13546522dbd3/Code/GraphMol/FilterCatalog/pains_c.in#L120
union,pains_C,imine_imine_C(3),0,9098,https://raw.githubusercontent.com/rdkit/rdkit/0ece02e9254ef2d5eeade2bd40eb13546522dbd3/Code/GraphMol/FilterCatalog/pains_c.in#L121
union,pains_C,het_65_pyridone_A(3),0,9098,https://raw.githubusercontent.com/rdkit/rdkit/0ece02e9254ef2d5eeade2bd40eb13546522dbd3/Code/GraphMol/FilterCatalog/pains_c.in#L122
union,pains_C,thiazole_amine_C(3),0,9098,https://raw.githubusercontent.com/rdkit/rdkit/0ece02e9254ef2d5eeade2bd40eb13546522dbd3/Code/GraphMol/FilterCatalog/pains_c.in#L123
union,pains_C,het_thio_pyr_A(3),0,9098,https://raw.githubusercontent.com/rdkit/rdkit/0ece02e9254ef2d5eeade2bd40eb13546522dbd3/Code/GraphMol/FilterCatalog/pains_c.in#L124
union,pains_C,melamine_A(3),0,9098,https://raw.githubusercontent.com/rdkit/rdkit/0ece02e9254ef2d5eeade2bd40eb13546522dbd3/Code/GraphMol/FilterCatalog/pains_c.in#L125
union,pains_C,anil_NH_alk_B(3),0,9098,https://raw.githubusercontent.com/rdkit/rdkit/0ece02e9254ef2d5eeade2bd40eb13546522dbd3/Code/GraphMol/FilterCatalog/pains_c.in#L126
union,pains_C,rhod_sat_C(3),0,9098,https://raw.githubusercontent.com/rdkit/rdkit/0ece02e9254ef2d5eeade2bd40eb13546522dbd3/Code/GraphMol/FilterCatalog/pains_c.in#L127
union,pains_C,thiophene_amino_D(3),0,9098,https://raw.githubusercontent.com/rdkit/rdkit/0ece02e9254ef2d5eeade2bd40eb13546522dbd3/Code/GraphMol/FilterCatalog/pains_c.in#L128
union,pains_C,anil_OC_alk_C(3),0,9098,https://raw.githubusercontent.com/rdkit/rdkit/0ece02e9254ef2d5eeade2bd40eb13546522dbd3/Code/GraphMol/FilterCatalog/pains_c.in#L129
union,pains_C,het_thio_65_A(3),0,9098,https://raw.githubusercontent.com/rdkit/rdkit/0ece02e9254ef2d5eeade2bd40eb13546522dbd3/Code/GraphMol/FilterCatalog/pains_c.in#L130
union,pains_C,het_thio_656b(3),0,9098,https://raw.githubusercontent.com/rdkit/rdkit/0ece02e9254ef2d5eeade2bd40eb13546522dbd3/Code/GraphMol/FilterCatalog/pains_c.in#L131
union,pains_C,thiazole_amine_D(3),0,9098,https://raw.githubusercontent.com/rdkit/rdkit/0ece02e9254ef2d5eeade2bd40eb13546522dbd3/Code/GraphMol/FilterCatalog/pains_c.in#L132
union,pains_C,thio_urea_H(3),0,9098,https://raw.githubusercontent.com/rdkit/rdkit/0ece02e9254ef2d5eeade2bd40eb13546522dbd3/Code/GraphMol/FilterCatalog/pains_c.in#L133
union,pains_C,cyano_pyridone_F(3),0,9098,https://raw.githubusercontent.com/rdkit/rdkit/0ece02e9254ef2d5eeade2bd40eb13546522dbd3/Code/GraphMol/FilterCatalog/pains_c.in#L134
union,pains_C,rhod_sat_D(3),0,9098,https://raw.githubusercontent.com/rdkit/rdkit/0ece02e9254ef2d5eeade2bd40eb13546522dbd3/Code/GraphMol/FilterCatalog/pains_c.in#L135
union,pains_C,ene_rhod_J(3),0,9098,https://raw.githubusercontent.com/rdkit/rdkit/0ece02e9254ef2d5eeade2bd40eb13546522dbd3/Code/GraphMol/FilterCatalog/pains_c.in#L136
union,pains_C,imine_phenol_A(3),0,9098,https://raw.githubusercontent.com/rdkit/rdkit/0ece02e9254ef2d5eeade2bd40eb13546522dbd3/Code/GraphMol/FilterCatalog/pains_c.in#L137
union,pains_C,thio_carbonate_B(3),0,9098,https://raw.githubusercontent.com/rdkit/rdkit/0ece02e9254ef2d5eeade2bd40eb13546522dbd3/Code/GraphMol/FilterCatalog/pains_c.in#L138
union,pains_C,het_thio_N_5A(3),0,9098,https://raw.githubusercontent.com/rdkit/rdkit/0ece02e9254ef2d5eeade2bd40eb13546522dbd3/Code/GraphMol/FilterCatalog/pains_c.in#L139
union,pains_C,het_thio_N_65A(3),0,9098,https://raw.githubusercontent.com/rdkit/rdkit/0ece02e9254ef2d5eeade2bd40eb13546522dbd3/Code/GraphMol/FilterCatalog/pains_c.in#L140
union,pains_C,anil_di_alk_J(3),0,9098,https://raw.githubusercontent.com/rdkit/rdkit/0ece02e9254ef2d5eeade2bd40eb13546522dbd3/Code/GraphMol/FilterCatalog/pains_c.in#L141
union,pains_C,pyrrole_H(3),0,9098,https://raw.githubusercontent.com/rdkit/rdkit/0ece02e9254ef2d5eeade2bd40eb13546522dbd3/Code/GraphMol/FilterCatalog/pains_c.in#L142
union,pains_C,ene_cyano_D(3),0,9098,https://raw.githubusercontent.com/rdkit/rdkit/0ece02e9254ef2d5eeade2bd40eb13546522dbd3/Code/GraphMol/FilterCatalog/pains_c.in#L143
union,pains_C,cyano_cyano_B(3),0,9098,https://raw.githubusercontent.com/rdkit/rdkit/0ece02e9254ef2d5eeade2bd40eb13546522dbd3/Code/GraphMol/FilterCatalog/pains_c.in#L144
union,pains_C,ene_five_het_M(3),0,9098,https://raw.githubusercontent.com/rdkit/rdkit/0ece02e9254ef2d5eeade2bd40eb13546522dbd3/Code/GraphMol/FilterCatalog/pains_c.in#L145
union,pains_C,cyano_ene_amine_C(3),0,9098,https://raw.githubusercontent.com/rdkit/rdkit/0ece02e9254ef2d5eeade2bd40eb13546522dbd3/Code/GraphMol/FilterCatalog/pains_c.in#L146
union,pains_C,thio_urea_I(3),0,9098,https://raw.githubusercontent.com/rdkit/rdkit/0ece02e9254ef2d5eeade2bd40eb13546522dbd3/Code/GraphMol/FilterCatalog/pains_c.in#L147
union,pains_C,dhp_amino_CN_F(3),0,9098,https://raw.githubusercontent.com/rdkit/rdkit/0ece02e9254ef2d5eeade2bd40eb13546522dbd3/Code/GraphMol/FilterCatalog/pains_c.in#L148
union,pains_C,anthranil_acid_B(3),5,9098,https://raw.githubusercontent.com/rdkit/rdkit/0ece02e9254ef2d5eeade2bd40eb13546522dbd3/Code/GraphMol/FilterCatalog/pains_c.in#L149
union,pains_C,diazox_B(3),0,9098,https://raw.githubusercontent.com/rdkit/rdkit/0ece02e9254ef2d5eeade2bd40eb13546522dbd3/Code/GraphMol/FilterCatalog/pains_c.in#L150
union,pains_C,thio_aldehyd_A(3),0,9098,https://raw.githubusercontent.com/rdkit/rdkit/0ece02e9254ef2d5eeade2bd40eb13546522dbd3/Code/GraphMol/FilterCatalog/pains_c.in#L151
union,pains_C,thio_amide_B(2),0,9098,https://raw.githubusercontent.com/rdkit/rdkit/0ece02e9254ef2d5eeade2bd40eb13546522dbd3/Code/GraphMol/FilterCatalog/pains_c.in#L152
union,pains_C,imidazole_B(2),0,9098,https://raw.githubusercontent.com/rdkit/rdkit/0ece02e9254ef2d5eeade2bd40eb13546522dbd3/Code/GraphMol/FilterCatalog/pains_c.in#L153
union,pains_C,thiazole_amine_E(2),0,9098,https://raw.githubusercontent.com/rdkit/rdkit/0ece02e9254ef2d5eeade2bd40eb13546522dbd3/Code/GraphMol/FilterCatalog/pains_c.in#L154
union,pains_C,thiazole_amine_F(2),0,9098,https://raw.githubusercontent.com/rdkit/rdkit/0ece02e9254ef2d5eeade2bd40eb13546522dbd3/Code/GraphMol/FilterCatalog/pains_c.in#L155
union,pains_C,thio_ester_C(2),0,9098,https://raw.githubusercontent.com/rdkit/rdkit/0ece02e9254ef2d5eeade2bd40eb13546522dbd3/Code/GraphMol/FilterCatalog/pains_c.in#L156
union,pains_C,ene_one_B(2),0,9098,https://raw.githubusercontent.com/rdkit/rdkit/0ece02e9254ef2d5eeade2bd40eb13546522dbd3/Code/GraphMol/FilterCatalog/pains_c.in#L157
union,pains_C,quinone_C(2),0,9098,https://raw.githubusercontent.com/rdkit/rdkit/0ece02e9254ef2d5eeade2bd40eb13546522dbd3/Code/GraphMol/FilterCatalog/pains_c.in#L158
union,pains_C,keto_naphthol_A(2),0,9098,https://raw.githubusercontent.com/rdkit/rdkit/0ece02e9254ef2d5eeade2bd40eb13546522dbd3/Code/GraphMol/FilterCatalog/pains_c.in#L159
union,pains_C,thio_amide_C(2),0,9098,https://raw.githubusercontent.com/rdkit/rdkit/0ece02e9254ef2d5eeade2bd40eb13546522dbd3/Code/GraphMol/FilterCatalog/pains_c.in#L160
union,pains_C,phthalimide_misc(2),0,9098,https://raw.githubusercontent.com/rdkit/rdkit/0ece02e9254ef2d5eeade2bd40eb13546522dbd3/Code/GraphMol/FilterCatalog/pains_c.in#L161
union,pains_C,sulfonamide_D(2),0,9098,https://raw.githubusercontent.com/rdkit/rdkit/0ece02e9254ef2d5eeade2bd40eb13546522dbd3/Code/GraphMol/FilterCatalog/pains_c.in#L162
union,pains_C,anil_NH_alk_C(2),0,9098,https://raw.githubusercontent.com/rdkit/rdkit/0ece02e9254ef2d5eeade2bd40eb13546522dbd3/Code/GraphMol/FilterCatalog/pains_c.in#L163
union,pains_C,het_65_E(2),0,9098,https://raw.githubusercontent.com/rdkit/rdkit/0ece02e9254ef2d5eeade2bd40eb13546522dbd3/Code/GraphMol/FilterCatalog/pains_c.in#L164
union,pains_C,hzide_naphth(2),0,9098,https://raw.githubusercontent.com/rdkit/rdkit/0ece02e9254ef2d5eeade2bd40eb13546522dbd3/Code/GraphMol/FilterCatalog/pains_c.in#L165
union,pains_C,anisol_B(2),0,9098,https://raw.githubusercontent.com/rdkit/rdkit/0ece02e9254ef2d5eeade2bd40eb13546522dbd3/Code/GraphMol/FilterCatalog/pains_c.in#L166
union,pains_C,thio_carbam_ene(2),0,9098,https://raw.githubusercontent.com/rdkit/rdkit/0ece02e9254ef2d5eeade2bd40eb13546522dbd3/Code/GraphMol/FilterCatalog/pains_c.in#L167
union,pains_C,thio_amide_D(2),0,9098,https://raw.githubusercontent.com/rdkit/rdkit/0ece02e9254ef2d5eeade2bd40eb13546522dbd3/Code/GraphMol/FilterCatalog/pains_c.in#L168
union,pains_C,het_65_Da(2),0,9098,https://raw.githubusercontent.com/rdkit/rdkit/0ece02e9254ef2d5eeade2bd40eb13546522dbd3/Code/GraphMol/FilterCatalog/pains_c.in#L169
union,pains_C,thiophene_D(2),0,9098,https://raw.githubusercontent.com/rdkit/rdkit/0ece02e9254ef2d5eeade2bd40eb13546522dbd3/Code/GraphMol/FilterCatalog/pains_c.in#L170
union,pains_C,het_thio_6_ene(2),0,9098,https://raw.githubusercontent.com/rdkit/rdkit/0ece02e9254ef2d5eeade2bd40eb13546522dbd3/Code/GraphMol/FilterCatalog/pains_c.in#L171
union,pains_C,cyano_keto_A(2),0,9098,https://raw.githubusercontent.com/rdkit/rdkit/0ece02e9254ef2d5eeade2bd40eb13546522dbd3/Code/GraphMol/FilterCatalog/pains_c.in#L172
union,pains_C,anthranil_acid_C(2),0,9098,https://raw.githubusercontent.com/rdkit/rdkit/0ece02e9254ef2d5eeade2bd40eb13546522dbd3/Code/GraphMol/FilterCatalog/pains_c.in#L173
union,pains_C,naphth_amino_C(2),0,9098,https://raw.githubusercontent.com/rdkit/rdkit/0ece02e9254ef2d5eeade2bd40eb13546522dbd3/Code/GraphMol/FilterCatalog/pains_c.in#L174
union,pains_C,naphth_amino_D(2),0,9098,https://raw.githubusercontent.com/rdkit/rdkit/0ece02e9254ef2d5eeade2bd40eb13546522dbd3/Code/GraphMol/FilterCatalog/pains_c.in#L175
union,pains_C,thiazole_amine_G(2),0,9098,https://raw.githubusercontent.com/rdkit/rdkit/0ece02e9254ef2d5eeade2bd40eb13546522dbd3/Code/GraphMol/FilterCatalog/pains_c.in#L176
union,pains_C,het_66_B(2),1,9098,https://raw.githubusercontent.com/rdkit/rdkit/0ece02e9254ef2d5eeade2bd40eb13546522dbd3/Code/GraphMol/FilterCatalog/pains_c.in#L177
union,pains_C,coumarin_A(2),0,9098,https://raw.githubusercontent.com/rdkit/rdkit/0ece02e9254ef2d5eeade2bd40eb13546522dbd3/Code/GraphMol/FilterCatalog/pains_c.in#L178
union,pains_C,anthranil_acid_D(2),0,9098,https://raw.githubusercontent.com/rdkit/rdkit/0ece02e9254ef2d5eeade2bd40eb13546522dbd3/Code/GraphMol/FilterCatalog/pains_c.in#L179
union,pains_C,het_66_C(2),0,9098,https://raw.githubusercontent.com/rdkit/rdkit/0ece02e9254ef2d5eeade2bd40eb13546522dbd3/Code/GraphMol/FilterCatalog/pains_c.in#L180
union,pains_C,thiophene_amino_E(2),0,9098,https://raw.githubusercontent.com/rdkit/rdkit/0ece02e9254ef2d5eeade2bd40eb13546522dbd3/Code/GraphMol/FilterCatalog/pains_c.in#L181
union,pains_C,het_6666_A(2),0,9098,https://raw.githubusercontent.com/rdkit/rdkit/0ece02e9254ef2d5eeade2bd40eb13546522dbd3/Code/GraphMol/FilterCatalog/pains_c.in#L182
union,pains_C,sulfonamide_E(2),0,9098,https://raw.githubusercontent.com/rdkit/rdkit/0ece02e9254ef2d5eeade2bd40eb13546522dbd3/Code/GraphMol/FilterCatalog/pains_c.in#L183
union,pains_C,anil_di_alk_K(2),1,9098,https://raw.githubusercontent.com/rdkit/rdkit/0ece02e9254ef2d5eeade2bd40eb13546522dbd3/Code/GraphMol/FilterCatalog/pains_c.in#L184
union,pains_C,het_5_C(2),0,9098,https://raw.githubusercontent.com/rdkit/rdkit/0ece02e9254ef2d5eeade2bd40eb13546522dbd3/Code/GraphMol/FilterCatalog/pains_c.in#L185
union,pains_C,ene_six_het_B(2),0,9098,https://raw.githubusercontent.com/rdkit/rdkit/0ece02e9254ef2d5eeade2bd40eb13546522dbd3/Code/GraphMol/FilterCatalog/pains_c.in#L186
union,pains_C,steroid_A(2),0,9098,https://raw.githubusercontent.com/rdkit/rdkit/0ece02e9254ef2d5eeade2bd40eb13546522dbd3/Code/GraphMol/FilterCatalog/pains_c.in#L187
union,pains_C,het_565_A(2),0,9098,https://raw.githubusercontent.com/rdkit/rdkit/0ece02e9254ef2d5eeade2bd40eb13546522dbd3/Code/GraphMol/FilterCatalog/pains_c.in#L188
union,pains_C,thio_imine_ium(2),0,9098,https://raw.githubusercontent.com/rdkit/rdkit/0ece02e9254ef2d5eeade2bd40eb13546522dbd3/Code/GraphMol/FilterCatalog/pains_c.in#L189
union,pains_C,anthranil_acid_E(2),0,9098,https://raw.githubusercontent.com/rdkit/rdkit/0ece02e9254ef2d5eeade2bd40eb13546522dbd3/Code/GraphMol/FilterCatalog/pains_c.in#L190
union,pains_C,hzone_furan_B(2),0,9098,https://raw.githubusercontent.com/rdkit/rdkit/0ece02e9254ef2d5eeade2bd40eb13546522dbd3/Code/GraphMol/FilterCatalog/pains_c.in#L191
union,pains_C,thiophene_E(2),0,9098,https://raw.githubusercontent.com/rdkit/rdkit/0ece02e9254ef2d5eeade2bd40eb13546522dbd3/Code/GraphMol/FilterCatalog/pains_c.in#L192
union,pains_C,ene_misc_B(2),0,9098,https://raw.githubusercontent.com/rdkit/rdkit/0ece02e9254ef2d5eeade2bd40eb13546522dbd3/Code/GraphMol/FilterCatalog/pains_c.in#L193
union,pains_C,het_thio_5_B(2),0,9098,https://raw.githubusercontent.com/rdkit/rdkit/0ece02e9254ef2d5eeade2bd40eb13546522dbd3/Code/GraphMol/FilterCatalog/pains_c.in#L194
union,pains_C,thiophene_amino_F(2),0,9098,https://raw.githubusercontent.com/rdkit/rdkit/0ece02e9254ef2d5eeade2bd40eb13546522dbd3/Code/GraphMol/FilterCatalog/pains_c.in#L195
union,pains_C,anil_OC_alk_D(2),0,9098,https://raw.githubusercontent.com/rdkit/rdkit/0ece02e9254ef2d5eeade2bd40eb13546522dbd3/Code/GraphMol/FilterCatalog/pains_c.in#L196
union,pains_C,tert_butyl_A(2),0,9098,https://raw.githubusercontent.com/rdkit/rdkit/0ece02e9254ef2d5eeade2bd40eb13546522dbd3/Code/GraphMol/FilterCatalog/pains_c.in#L197
union,pains_C,thio_urea_J(2),0,9098,https://raw.githubusercontent.com/rdkit/rdkit/0ece02e9254ef2d5eeade2bd40eb13546522dbd3/Code/GraphMol/FilterCatalog/pains_c.in#L198
union,pains_C,het_thio_65_B(2),0,9098,https://raw.githubusercontent.com/rdkit/rdkit/0ece02e9254ef2d5eeade2bd40eb13546522dbd3/Code/GraphMol/FilterCatalog/pains_c.in#L199
union,pains_C,coumarin_B(2),0,9098,https://raw.githubusercontent.com/rdkit/rdkit/0ece02e9254ef2d5eeade2bd40eb13546522dbd3/Code/GraphMol/FilterCatalog/pains_c.in#L200
union,pains_C,thio_urea_K(2),0,9098,https://raw.githubusercontent.com/rdkit/rdkit/0ece02e9254ef2d5eeade2bd40eb13546522dbd3/Code/GraphMol/FilterCatalog/pains_c.in#L201
union,pains_C,thiophene_amino_G(2),0,9098,https://raw.githubusercontent.com/rdkit/rdkit/0ece02e9254ef2d5eeade2bd40eb13546522dbd3/Code/GraphMol/FilterCatalog/pains_c.in#L202
union,pains_C,anil_NH_alk_D(2),0,9098,https://raw.githubusercontent.com/rdkit/rdkit/0ece02e9254ef2d5eeade2bd40eb13546522dbd3/Code/GraphMol/FilterCatalog/pains_c.in#L203
union,pains_C,het_thio_5_C(2),0,9098,https://raw.githubusercontent.com/rdkit/rdkit/0ece02e9254ef2d5eeade2bd40eb13546522dbd3/Code/GraphMol/FilterCatalog/pains_c.in#L204
union,pains_C,thio_keto_het(2),0,9098,https://raw.githubusercontent.com/rdkit/rdkit/0ece02e9254ef2d5eeade2bd40eb13546522dbd3/Code/GraphMol/FilterCatalog/pains_c.in#L205
union,pains_C,het_thio_N_5B(2),0,9098,https://raw.githubusercontent.com/rdkit/rdkit/0ece02e9254ef2d5eeade2bd40eb13546522dbd3/Code/GraphMol/FilterCatalog/pains_c.in#L206
union,pains_C,quinone_D(2),0,9098,https://raw.githubusercontent.com/rdkit/rdkit/0ece02e9254ef2d5eeade2bd40eb13546522dbd3/Code/GraphMol/FilterCatalog/pains_c.in#L207
union,pains_C,anil_di_alk_furan_B(2),0,9098,https://raw.githubusercontent.com/rdkit/rdkit/0ece02e9254ef2d5eeade2bd40eb13546522dbd3/Code/GraphMol/FilterCatalog/pains_c.in#L208
union,pains_C,ene_six_het_C(2),0,9098,https://raw.githubusercontent.com/rdkit/rdkit/0ece02e9254ef2d5eeade2bd40eb13546522dbd3/Code/GraphMol/FilterCatalog/pains_c.in#L209
union,pains_C,het_55_A(2),0,9098,https://raw.githubusercontent.com/rdkit/rdkit/0ece02e9254ef2d5eeade2bd40eb13546522dbd3/Code/GraphMol/FilterCatalog/pains_c.in#L210
union,pains_C,het_thio_65_C(2),0,9098,https://raw.githubusercontent.com/rdkit/rdkit/0ece02e9254ef2d5eeade2bd40eb13546522dbd3/Code/GraphMol/FilterCatalog/pains_c.in#L211
union,pains_C,hydroquin_A(2),0,9098,https://raw.githubusercontent.com/rdkit/rdkit/0ece02e9254ef2d5eeade2bd40eb13546522dbd3/Code/GraphMol/FilterCatalog/pains_c.in#L212
union,pains_C,anthranil_acid_F(2),0,9098,https://raw.githubusercontent.com/rdkit/rdkit/0ece02e9254ef2d5eeade2bd40eb13546522dbd3/Code/GraphMol/FilterCatalog/pains_c.in#L213
union,pains_C,pyrrole_I(2),0,9098,https://raw.githubusercontent.com/rdkit/rdkit/0ece02e9254ef2d5eeade2bd40eb13546522dbd3/Code/GraphMol/FilterCatalog/pains_c.in#L214
union,pains_C,thiophene_amino_H(2),0,9098,https://raw.githubusercontent.com/rdkit/rdkit/0ece02e9254ef2d5eeade2bd40eb13546522dbd3/Code/GraphMol/FilterCatalog/pains_c.in#L215
union,pains_C,imine_one_fives_C(2),0,9098,https://raw.githubusercontent.com/rdkit/rdkit/0ece02e9254ef2d5eeade2bd40eb13546522dbd3/Code/GraphMol/FilterCatalog/pains_c.in#L216
union,pains_C,keto_phenone_zone_A(2),0,9098,https://raw.githubusercontent.com/rdkit/rdkit/0ece02e9254ef2d5eeade2bd40eb13546522dbd3/Code/GraphMol/FilterCatalog/pains_c.in#L217
union,pains_C,dyes7A(2),0,9098,https://raw.githubusercontent.com/rdkit/rdkit/0ece02e9254ef2d5eeade2bd40eb13546522dbd3/Code/GraphMol/FilterCatalog/pains_c.in#L218
union,pains_C,het_pyridiniums_B(2),0,9098,https://raw.githubusercontent.com/rdkit/rdkit/0ece02e9254ef2d5eeade2bd40eb13546522dbd3/Code/GraphMol/FilterCatalog/pains_c.in#L219
union,pains_C,het_5_D(2),0,9098,https://raw.githubusercontent.com/rdkit/rdkit/0ece02e9254ef2d5eeade2bd40eb13546522dbd3/Code/GraphMol/FilterCatalog/pains_c.in#L220
union,pains_C,thiazole_amine_H(1),0,9098,https://raw.githubusercontent.com/rdkit/rdkit/0ece02e9254ef2d5eeade2bd40eb13546522dbd3/Code/GraphMol/FilterCatalog/pains_c.in#L221
union,pains_C,thiazole_amine_I(1),0,9098,https://raw.githubusercontent.com/rdkit/rdkit/0ece02e9254ef2d5eeade2bd40eb13546522dbd3/Code/GraphMol/FilterCatalog/pains_c.in#L222
union,pains_C,het_thio_N_5C(1),0,9098,https://raw.githubusercontent.com/rdkit/rdkit/0ece02e9254ef2d5eeade2bd40eb13546522dbd3/Code/GraphMol/FilterCatalog/pains_c.in#L223
union,pains_C,sulfonamide_F(1),0,9098,https://raw.githubusercontent.com/rdkit/rdkit/0ece02e9254ef2d5eeade2bd40eb13546522dbd3/Code/GraphMol/FilterCatalog/pains_c.in#L224
union,pains_C,thiazole_amine_J(1),0,9098,https://raw.githubusercontent.com/rdkit/rdkit/0ece02e9254ef2d5eeade2bd40eb13546522dbd3/Code/GraphMol/FilterCatalog/pains_c.in#L225
union,pains_C,het_65_F(1),0,9098,https://raw.githubusercontent.com/rdkit/rdkit/0ece02e9254ef2d5eeade2bd40eb13546522dbd3/Code/GraphMol/FilterCatalog/pains_c.in#L226
union,pains_C,keto_keto_beta_E(1),0,9098,https://raw.githubusercontent.com/rdkit/rdkit/0ece02e9254ef2d5eeade2bd40eb13546522dbd3/Code/GraphMol/FilterCatalog/pains_c.in#L227
union,pains_C,ene_five_one_B(1),0,9098,https://raw.githubusercontent.com/rdkit/rdkit/0ece02e9254ef2d5eeade2bd40eb13546522dbd3/Code/GraphMol/FilterCatalog/pains_c.in#L228
union,pains_C,keto_keto_beta_zone(1),0,9098,https://raw.githubusercontent.com/rdkit/rdkit/0ece02e9254ef2d5eeade2bd40eb13546522dbd3/Code/GraphMol/FilterCatalog/pains_c.in#L229
union,pains_C,thio_urea_L(1),0,9098,https://raw.githubusercontent.com/rdkit/rdkit/0ece02e9254ef2d5eeade2bd40eb13546522dbd3/Code/GraphMol/FilterCatalog/pains_c.in#L230
union,pains_C,het_thio_urea_ene(1),0,9098,https://raw.githubusercontent.com/rdkit/rdkit/0ece02e9254ef2d5eeade2bd40eb13546522dbd3/Code/GraphMol/FilterCatalog/pains_c.in#L231
union,pains_C,cyano_amino_het_A(1),0,9098,https://raw.githubusercontent.com/rdkit/rdkit/0ece02e9254ef2d5eeade2bd40eb13546522dbd3/Code/GraphMol/FilterCatalog/pains_c.in#L232
union,pains_C,tetrazole_hzide(1),0,9098,https://raw.githubusercontent.com/rdkit/rdkit/0ece02e9254ef2d5eeade2bd40eb13546522dbd3/Code/GraphMol/FilterCatalog/pains_c.in#L233
union,pains_C,imine_naphthol_A(1),0,9098,https://raw.githubusercontent.com/rdkit/rdkit/0ece02e9254ef2d5eeade2bd40eb13546522dbd3/Code/GraphMol/FilterCatalog/pains_c.in#L234
union,pains_C,misc_anisole_A(1),0,9098,https://raw.githubusercontent.com/rdkit/rdkit/0ece02e9254ef2d5eeade2bd40eb13546522dbd3/Code/GraphMol/FilterCatalog/pains_c.in#L235
union,pains_C,het_thio_665(1),0,9098,https://raw.githubusercontent.com/rdkit/rdkit/0ece02e9254ef2d5eeade2bd40eb13546522dbd3/Code/GraphMol/FilterCatalog/pains_c.in#L236
union,pains_C,anil_di_alk_L(1),0,9098,https://raw.githubusercontent.com/rdkit/rdkit/0ece02e9254ef2d5eeade2bd40eb13546522dbd3/Code/GraphMol/FilterCatalog/pains_c.in#L237
union,pains_C,colchicine_B(1),0,9098,https://raw.githubusercontent.com/rdkit/rdkit/0ece02e9254ef2d5eeade2bd40eb13546522dbd3/Code/GraphMol/FilterCatalog/pains_c.in#L238
union,pains_C,misc_aminoacid_A(1),0,9098,https://raw.githubusercontent.com/rdkit/rdkit/0ece02e9254ef2d5eeade2bd40eb13546522dbd3/Code/GraphMol/FilterCatalog/pains_c.in#L239
union,pains_C,imidazole_amino_A(1),0,9098,https://raw.githubusercontent.com/rdkit/rdkit/0ece02e9254ef2d5eeade2bd40eb13546522dbd3/Code/GraphMol/FilterCatalog/pains_c.in#L240
union,pains_C,phenol_sulfite_A(1),0,9098,https://raw.githubusercontent.com/rdkit/rdkit/0ece02e9254ef2d5eeade2bd40eb13546522dbd3/Code/GraphMol/FilterCatalog/pains_c.in#L241
union,pains_C,het_66_D(1),0,9098,https://raw.githubusercontent.com/rdkit/rdkit/0ece02e9254ef2d5eeade2bd40eb13546522dbd3/Code/GraphMol/FilterCatalog/pains_c.in#L242
union,pains_C,misc_anisole_B(1),0,9098,https://raw.githubusercontent.com/rdkit/rdkit/0ece02e9254ef2d5eeade2bd40eb13546522dbd3/Code/GraphMol/FilterCatalog/pains_c.in#L243
union,pains_C,tetrazole_A(1),0,9098,https://raw.githubusercontent.com/rdkit/rdkit/0ece02e9254ef2d5eeade2bd40eb13546522dbd3/Code/GraphMol/FilterCatalog/pains_c.in#L244
union,pains_C,het_65_G(1),0,9098,https://raw.githubusercontent.com/rdkit/rdkit/0ece02e9254ef2d5eeade2bd40eb13546522dbd3/Code/GraphMol/FilterCatalog/pains_c.in#L245
union,pains_C,misc_trityl_A(1),0,9098,https://raw.githubusercontent.com/rdkit/rdkit/0ece02e9254ef2d5eeade2bd40eb13546522dbd3/Code/GraphMol/FilterCatalog/pains_c.in#L246
union,pains_C,misc_pyridine_OC(1),0,9098,https://raw.githubusercontent.com/rdkit/rdkit/0ece02e9254ef2d5eeade2bd40eb13546522dbd3/Code/GraphMol/FilterCatalog/pains_c.in#L247
union,pains_C,het_6_hydropyridone(1),0,9098,https://raw.githubusercontent.com/rdkit/rdkit/0ece02e9254ef2d5eeade2bd40eb13546522dbd3/Code/GraphMol/FilterCatalog/pains_c.in#L248
union,pains_C,misc_stilbene(1),0,9098,https://raw.githubusercontent.com/rdkit/rdkit/0ece02e9254ef2d5eeade2bd40eb13546522dbd3/Code/GraphMol/FilterCatalog/pains_c.in#L249
union,pains_C,misc_imidazole(1),0,9098,https://raw.githubusercontent.com/rdkit/rdkit/0ece02e9254ef2d5eeade2bd40eb13546522dbd3/Code/GraphMol/FilterCatalog/pains_c.in#L250
union,pains_C,anil_NH_no_alk_A(1),0,9098,https://raw.githubusercontent.com/rdkit/rdkit/0ece02e9254ef2d5eeade2bd40eb13546522dbd3/Code/GraphMol/FilterCatalog/pains_c.in#L251
union,pains_C,het_6_imidate_B(1),0,9098,https://raw.githubusercontent.com/rdkit/rdkit/0ece02e9254ef2d5eeade2bd40eb13546522dbd3/Code/GraphMol/FilterCatalog/pains_c.in#L252
union,pains_C,anil_alk_B(1),0,9098,https://raw.githubusercontent.com/rdkit/rdkit/0ece02e9254ef2d5eeade2bd40eb13546522dbd3/Code/GraphMol/FilterCatalog/pains_c.in#L253
union,pains_C,styrene_anil_A(1),0,9098,https://raw.githubusercontent.com/rdkit/rdkit/0ece02e9254ef2d5eeade2bd40eb13546522dbd3/Code/GraphMol/FilterCatalog/pains_c.in#L254
union,pains_C,misc_aminal_acid(1),0,9098,https://raw.githubusercontent.com/rdkit/rdkit/0ece02e9254ef2d5eeade2bd40eb13546522dbd3/Code/GraphMol/FilterCatalog/pains_c.in#L255
union,pains_C,anil_no_alk_D(1),0,9098,https://raw.githubusercontent.com/rdkit/rdkit/0ece02e9254ef2d5eeade2bd40eb13546522dbd3/Code/GraphMol/FilterCatalog/pains_c.in#L256
union,pains_C,anil_alk_C(1),0,9098,https://raw.githubusercontent.com/rdkit/rdkit/0ece02e9254ef2d5eeade2bd40eb13546522dbd3/Code/GraphMol/FilterCatalog/pains_c.in#L257
union,pains_C,misc_anisole_C(1),0,9098,https://raw.githubusercontent.com/rdkit/rdkit/0ece02e9254ef2d5eeade2bd40eb13546522dbd3/Code/GraphMol/FilterCatalog/pains_c.in#L258
union,pains_C,het_465_misc(1),0,9098,https://raw.githubusercontent.com/rdkit/rdkit/0ece02e9254ef2d5eeade2bd40eb13546522dbd3/Code/GraphMol/FilterCatalog/pains_c.in#L259
union,pains_C,anthranil_acid_G(1),0,9098,https://raw.githubusercontent.com/rdkit/rdkit/0ece02e9254ef2d5eeade2bd40eb13546522dbd3/Code/GraphMol/FilterCatalog/pains_c.in#L260
union,pains_C,anil_di_alk_M(1),0,9098,https://raw.githubusercontent.com/rdkit/rdkit/0ece02e9254ef2d5eeade2bd40eb13546522dbd3/Code/GraphMol/FilterCatalog/pains_c.in#L261
union,pains_C,anthranil_acid_H(1),0,9098,https://raw.githubusercontent.com/rdkit/rdkit/0ece02e9254ef2d5eeade2bd40eb13546522dbd3/Code/GraphMol/FilterCatalog/pains_c.in#L262
union,pains_C,thio_urea_M(1),0,9098,https://raw.githubusercontent.com/rdkit/rdkit/0ece02e9254ef2d5eeade2bd40eb13546522dbd3/Code/GraphMol/FilterCatalog/pains_c.in#L263
union,pains_C,thiazole_amine_K(1),0,9098,https://raw.githubusercontent.com/rdkit/rdkit/0ece02e9254ef2d5eeade2bd40eb13546522dbd3/Code/GraphMol/FilterCatalog/pains_c.in#L264
union,pains_C,het_thio_5_imine_A(1),0,9098,https://raw.githubusercontent.com/rdkit/rdkit/0ece02e9254ef2d5eeade2bd40eb13546522dbd3/Code/GraphMol/FilterCatalog/pains_c.in#L265
union,pains_C,thio_amide_E(1),0,9098,https://raw.githubusercontent.com/rdkit/rdkit/0ece02e9254ef2d5eeade2bd40eb13546522dbd3/Code/GraphMol/FilterCatalog/pains_c.in#L266
union,pains_C,het_thio_676_B(1),0,9098,https://raw.githubusercontent.com/rdkit/rdkit/0ece02e9254ef2d5eeade2bd40eb13546522dbd3/Code/GraphMol/FilterCatalog/pains_c.in#L267
union,pains_C,sulfonamide_G(1),0,9098,https://raw.githubusercontent.com/rdkit/rdkit/0ece02e9254ef2d5eeade2bd40eb13546522dbd3/Code/GraphMol/FilterCatalog/pains_c.in#L268
union,pains_C,thio_thiomorph_Z(1),0,9098,https://raw.githubusercontent.com/rdkit/rdkit/0ece02e9254ef2d5eeade2bd40eb13546522dbd3/Code/GraphMol/FilterCatalog/pains_c.in#L269
union,pains_C,naphth_ene_one_A(1),0,9098,https://raw.githubusercontent.com/rdkit/rdkit/0ece02e9254ef2d5eeade2bd40eb13546522dbd3/Code/GraphMol/FilterCatalog/pains_c.in#L270
union,pains_C,naphth_ene_one_B(1),0,9098,https://raw.githubusercontent.com/rdkit/rdkit/0ece02e9254ef2d5eeade2bd40eb13546522dbd3/Code/GraphMol/FilterCatalog/pains_c.in#L271
union,pains_C,amino_acridine_A(1),0,9098,https://raw.githubusercontent.com/rdkit/rdkit/0ece02e9254ef2d5eeade2bd40eb13546522dbd3/Code/GraphMol/FilterCatalog/pains_c.in#L272
union,pains_C,keto_phenone_B(1),0,9098,https://raw.githubusercontent.com/rdkit/rdkit/0ece02e9254ef2d5eeade2bd40eb13546522dbd3/Code/GraphMol/FilterCatalog/pains_c.in#L273
union,pains_C,hzone_acid_A(1),0,9098,https://raw.githubusercontent.com/rdkit/rdkit/0ece02e9254ef2d5eeade2bd40eb13546522dbd3/Code/GraphMol/FilterCatalog/pains_c.in#L274
union,pains_C,sulfonamide_H(1),0,9098,https://raw.githubusercontent.com/rdkit/rdkit/0ece02e9254ef2d5eeade2bd40eb13546522dbd3/Code/GraphMol/FilterCatalog/pains_c.in#L275
union,pains_C,het_565_indole(1),0,9098,https://raw.githubusercontent.com/rdkit/rdkit/0ece02e9254ef2d5eeade2bd40eb13546522dbd3/Code/GraphMol/FilterCatalog/pains_c.in#L276
union,pains_C,pyrrole_J(1),0,9098,https://raw.githubusercontent.com/rdkit/rdkit/0ece02e9254ef2d5eeade2bd40eb13546522dbd3/Code/GraphMol/FilterCatalog/pains_c.in#L277
union,pains_C,pyrazole_amino_B(1),0,9098,https://raw.githubusercontent.com/rdkit/rdkit/0ece02e9254ef2d5eeade2bd40eb13546522dbd3/Code/GraphMol/FilterCatalog/pains_c.in#L278
union,pains_C,pyrrole_K(1),0,9098,https://raw.githubusercontent.com/rdkit/rdkit/0ece02e9254ef2d5eeade2bd40eb13546522dbd3/Code/GraphMol/FilterCatalog/pains_c.in#L279
union,pains_C,anthranil_acid_I(1),0,9098,https://raw.githubusercontent.com/rdkit/rdkit/0ece02e9254ef2d5eeade2bd40eb13546522dbd3/Code/GraphMol/FilterCatalog/pains_c.in#L280
union,pains_C,thio_amide_F(1),0,9098,https://raw.githubusercontent.com/rdkit/rdkit/0ece02e9254ef2d5eeade2bd40eb13546522dbd3/Code/GraphMol/FilterCatalog/pains_c.in#L281
union,pains_C,ene_one_C(1),0,9098,https://raw.githubusercontent.com/rdkit/rdkit/0ece02e9254ef2d5eeade2bd40eb13546522dbd3/Code/GraphMol/FilterCatalog/pains_c.in#L282
union,pains_C,het_65_H(1),0,9098,https://raw.githubusercontent.com/rdkit/rdkit/0ece02e9254ef2d5eeade2bd40eb13546522dbd3/Code/GraphMol/FilterCatalog/pains_c.in#L283
union,pains_C,cyano_imine_D(1),0,9098,https://raw.githubusercontent.com/rdkit/rdkit/0ece02e9254ef2d5eeade2bd40eb13546522dbd3/Code/GraphMol/FilterCatalog/pains_c.in#L284
union,pains_C,cyano_misc_A(1),0,9098,https://raw.githubusercontent.com/rdkit/rdkit/0ece02e9254ef2d5eeade2bd40eb13546522dbd3/Code/GraphMol/FilterCatalog/pains_c.in#L285
union,pains_C,ene_misc_C(1),0,9098,https://raw.githubusercontent.com/rdkit/rdkit/0ece02e9254ef2d5eeade2bd40eb13546522dbd3/Code/GraphMol/FilterCatalog/pains_c.in#L286
union,pains_C,het_66_E(1),0,9098,https://raw.githubusercontent.com/rdkit/rdkit/0ece02e9254ef2d5eeade2bd40eb13546522dbd3/Code/GraphMol/FilterCatalog/pains_c.in#L287
union,pains_C,keto_keto_beta_F(1),0,9098,https://raw.githubusercontent.com/rdkit/rdkit/0ece02e9254ef2d5eeade2bd40eb13546522dbd3/Code/GraphMol/FilterCatalog/pains_c.in#L288
union,pains_C,misc_naphthimidazole(1),0,9098,https://raw.githubusercontent.com/rdkit/rdkit/0ece02e9254ef2d5eeade2bd40eb13546522dbd3/Code/GraphMol/FilterCatalog/pains_c.in#L289
union,pains_C,naphth_ene_one_C(1),0,9098,https://raw.githubusercontent.com/rdkit/rdkit/0ece02e9254ef2d5eeade2bd40eb13546522dbd3/Code/GraphMol/FilterCatalog/pains_c.in#L290
union,pains_C,keto_phenone_C(1),0,9098,https://raw.githubusercontent.com/rdkit/rdkit/0ece02e9254ef2d5eeade2bd40eb13546522dbd3/Code/GraphMol/FilterCatalog/pains_c.in#L291
union,pains_C,coumarin_C(1),0,9098,https://raw.githubusercontent.com/rdkit/rdkit/0ece02e9254ef2d5eeade2bd40eb13546522dbd3/Code/GraphMol/FilterCatalog/pains_c.in#L292
union,pains_C,thio_est_cyano_A(1),0,9098,https://raw.githubusercontent.com/rdkit/rdkit/0ece02e9254ef2d5eeade2bd40eb13546522dbd3/Code/GraphMol/FilterCatalog/pains_c.in#L293
union,pains_C,het_65_imidazole(1),0,9098,https://raw.githubusercontent.com/rdkit/rdkit/0ece02e9254ef2d5eeade2bd40eb13546522dbd3/Code/GraphMol/FilterCatalog/pains_c.in#L294
union,pains_C,anthranil_acid_J(1),0,9098,https://raw.githubusercontent.com/rdkit/rdkit/0ece02e9254ef2d5eeade2bd40eb13546522dbd3/Code/GraphMol/FilterCatalog/pains_c.in#L295
union,pains_C,colchicine_het(1),0,9098,https://raw.githubusercontent.com/rdkit/rdkit/0ece02e9254ef2d5eeade2bd40eb13546522dbd3/Code/GraphMol/FilterCatalog/pains_c.in#L296
union,pains_C,ene_misc_D(1),0,9098,https://raw.githubusercontent.com/rdkit/rdkit/0ece02e9254ef2d5eeade2bd40eb13546522dbd3/Code/GraphMol/FilterCatalog/pains_c.in#L297
union,pains_C,indole_3yl_alk_B(1),0,9098,https://raw.githubusercontent.com/rdkit/rdkit/0ece02e9254ef2d5eeade2bd40eb13546522dbd3/Code/GraphMol/FilterCatalog/pains_c.in#L298
union,pains_C,anil_OH_no_alk_A(1),0,9098,https://raw.githubusercontent.com/rdkit/rdkit/0ece02e9254ef2d5eeade2bd40eb13546522dbd3/Code/GraphMol/FilterCatalog/pains_c.in#L299
union,pains_C,thiazole_amine_L(1),0,9098,https://raw.githubusercontent.com/rdkit/rdkit/0ece02e9254ef2d5eeade2bd40eb13546522dbd3/Code/GraphMol/FilterCatalog/pains_c.in#L300
union,pains_C,pyrazole_amino_A(1),0,9098,https://raw.githubusercontent.com/rdkit/rdkit/0ece02e9254ef2d5eeade2bd40eb13546522dbd3/Code/GraphMol/FilterCatalog/pains_c.in#L301
union,pains_C,het_thio_N_5D(1),0,9098,https://raw.githubusercontent.com/rdkit/rdkit/0ece02e9254ef2d5eeade2bd40eb13546522dbd3/Code/GraphMol/FilterCatalog/pains_c.in#L302
union,pains_C,anil_alk_indane(1),0,9098,https://raw.githubusercontent.com/rdkit/rdkit/0ece02e9254ef2d5eeade2bd40eb13546522dbd3/Code/GraphMol/FilterCatalog/pains_c.in#L303
union,pains_C,anil_di_alk_N(1),0,9098,https://raw.githubusercontent.com/rdkit/rdkit/0ece02e9254ef2d5eeade2bd40eb13546522dbd3/Code/GraphMol/FilterCatalog/pains_c.in#L304
union,pains_C,het_666_C(1),0,9098,https://raw.githubusercontent.com/rdkit/rdkit/0ece02e9254ef2d5eeade2bd40eb13546522dbd3/Code/GraphMol/FilterCatalog/pains_c.in#L305
union,pains_C,ene_one_D(1),1,9098,https://raw.githubusercontent.com/rdkit/rdkit/0ece02e9254ef2d5eeade2bd40eb13546522dbd3/Code/GraphMol/FilterCatalog/pains_c.in#L306
union,pains_C,anil_di_alk_indol(1),0,9098,https://raw.githubusercontent.com/rdkit/rdkit/0ece02e9254ef2d5eeade2bd40eb13546522dbd3/Code/GraphMol/FilterCatalog/pains_c.in#L307
union,pains_C,anil_no_alk_indol_A(1),0,9098,https://raw.githubusercontent.com/rdkit/rdkit/0ece02e9254ef2d5eeade2bd40eb13546522dbd3/Code/GraphMol/FilterCatalog/pains_c.in#L308
union,pains_C,dhp_amino_CN_G(1),0,9098,https://raw.githubusercontent.com/rdkit/rdkit/0ece02e9254ef2d5eeade2bd40eb13546522dbd3/Code/GraphMol/FilterCatalog/pains_c.in#L309
union,pains_C,anil_di_alk_dhp(1),0,9098,https://raw.githubusercontent.com/rdkit/rdkit/0ece02e9254ef2d5eeade2bd40eb13546522dbd3/Code/GraphMol/FilterCatalog/pains_c.in#L310
union,pains_C,anthranil_amide_A(1),0,9098,https://raw.githubusercontent.com/rdkit/rdkit/0ece02e9254ef2d5eeade2bd40eb13546522dbd3/Code/GraphMol/FilterCatalog/pains_c.in#L311
union,pains_C,hzone_anthran_Z(1),0,9098,https://raw.githubusercontent.com/rdkit/rdkit/0ece02e9254ef2d5eeade2bd40eb13546522dbd3/Code/GraphMol/FilterCatalog/pains_c.in#L312
union,pains_C,ene_one_amide_A(1),0,9098,https://raw.githubusercontent.com/rdkit/rdkit/0ece02e9254ef2d5eeade2bd40eb13546522dbd3/Code/GraphMol/FilterCatalog/pains_c.in#L313
union,pains_C,het_76_A(1),0,9098,https://raw.githubusercontent.com/rdkit/rdkit/0ece02e9254ef2d5eeade2bd40eb13546522dbd3/Code/GraphMol/FilterCatalog/pains_c.in#L314
union,pains_C,thio_urea_N(1),0,9098,https://raw.githubusercontent.com/rdkit/rdkit/0ece02e9254ef2d5eeade2bd40eb13546522dbd3/Code/GraphMol/FilterCatalog/pains_c.in#L315
union,pains_C,anil_di_alk_coum(1),0,9098,https://raw.githubusercontent.com/rdkit/rdkit/0ece02e9254ef2d5eeade2bd40eb13546522dbd3/Code/GraphMol/FilterCatalog/pains_c.in#L316
union,pains_C,ene_one_amide_B(1),0,9098,https://raw.githubusercontent.com/rdkit/rdkit/0ece02e9254ef2d5eeade2bd40eb13546522dbd3/Code/GraphMol/FilterCatalog/pains_c.in#L317
union,pains_C,het_thio_656c(1),0,9098,https://raw.githubusercontent.com/rdkit/rdkit/0ece02e9254ef2d5eeade2bd40eb13546522dbd3/Code/GraphMol/FilterCatalog/pains_c.in#L318
union,pains_C,het_5_ene(1),0,9098,https://raw.githubusercontent.com/rdkit/rdkit/0ece02e9254ef2d5eeade2bd40eb13546522dbd3/Code/GraphMol/FilterCatalog/pains_c.in#L319
union,pains_C,thio_imide_A(1),0,9098,https://raw.githubusercontent.com/rdkit/rdkit/0ece02e9254ef2d5eeade2bd40eb13546522dbd3/Code/GraphMol/FilterCatalog/pains_c.in#L320
union,pains_C,dhp_amidine_A(1),0,9098,https://raw.githubusercontent.com/rdkit/rdkit/0ece02e9254ef2d5eeade2bd40eb13546522dbd3/Code/GraphMol/FilterCatalog/pains_c.in#L321
union,pains_C,thio_urea_O(1),0,9098,https://raw.githubusercontent.com/rdkit/rdkit/0ece02e9254ef2d5eeade2bd40eb13546522dbd3/Code/GraphMol/FilterCatalog/pains_c.in#L322
union,pains_C,anil_di_alk_O(1),0,9098,https://raw.githubusercontent.com/rdkit/rdkit/0ece02e9254ef2d5eeade2bd40eb13546522dbd3/Code/GraphMol/FilterCatalog/pains_c.in#L323
union,pains_C,thio_urea_P(1),0,9098,https://raw.githubusercontent.com/rdkit/rdkit/0ece02e9254ef2d5eeade2bd40eb13546522dbd3/Code/GraphMol/FilterCatalog/pains_c.in#L324
union,pains_C,het_pyraz_misc(1),0,9098,https://raw.githubusercontent.com/rdkit/rdkit/0ece02e9254ef2d5eeade2bd40eb13546522dbd3/Code/GraphMol/FilterCatalog/pains_c.in#L325
union,pains_C,diazox_C(1),0,9098,https://raw.githubusercontent.com/rdkit/rdkit/0ece02e9254ef2d5eeade2bd40eb13546522dbd3/Code/GraphMol/FilterCatalog/pains_c.in#L326
union,pains_C,diazox_D(1),0,9098,https://raw.githubusercontent.com/rdkit/rdkit/0ece02e9254ef2d5eeade2bd40eb13546522dbd3/Code/GraphMol/FilterCatalog/pains_c.in#L327
union,pains_C,misc_cyclopropane(1),0,9098,https://raw.githubusercontent.com/rdkit/rdkit/0ece02e9254ef2d5eeade2bd40eb13546522dbd3/Code/GraphMol/FilterCatalog/pains_c.in#L328
union,pains_C,imine_ene_one_B(1),0,9098,https://raw.githubusercontent.com/rdkit/rdkit/0ece02e9254ef2d5eeade2bd40eb13546522dbd3/Code/GraphMol/FilterCatalog/pains_c.in#L329
union,pains_C,coumarin_D(1),0,9098,https://raw.githubusercontent.com/rdkit/rdkit/0ece02e9254ef2d5eeade2bd40eb13546522dbd3/Code/GraphMol/FilterCatalog/pains_c.in#L330
union,pains_C,misc_furan_A(1),0,9098,https://raw.githubusercontent.com/rdkit/rdkit/0ece02e9254ef2d5eeade2bd40eb13546522dbd3/Code/GraphMol/FilterCatalog/pains_c.in#L331
union,pains_C,rhod_sat_E(1),0,9098,https://raw.githubusercontent.com/rdkit/rdkit/0ece02e9254ef2d5eeade2bd40eb13546522dbd3/Code/GraphMol/FilterCatalog/pains_c.in#L332
union,pains_C,rhod_sat_imine_A(1),0,9098,https://raw.githubusercontent.com/rdkit/rdkit/0ece02e9254ef2d5eeade2bd40eb13546522dbd3/Code/GraphMol/FilterCatalog/pains_c.in#L333
union,pains_C,rhod_sat_F(1),0,9098,https://raw.githubusercontent.com/rdkit/rdkit/0ece02e9254ef2d5eeade2bd40eb13546522dbd3/Code/GraphMol/FilterCatalog/pains_c.in#L334
union,pains_C,het_thio_5_imine_B(1),0,9098,https://raw.githubusercontent.com/rdkit/rdkit/0ece02e9254ef2d5eeade2bd40eb13546522dbd3/Code/GraphMol/FilterCatalog/pains_c.in#L335
union,pains_C,het_thio_5_imine_C(1),0,9098,https://raw.githubusercontent.com/rdkit/rdkit/0ece02e9254ef2d5eeade2bd40eb13546522dbd3/Code/GraphMol/FilterCatalog/pains_c.in#L336
union,pains_C,ene_five_het_N(1),0,9098,https://raw.githubusercontent.com/rdkit/rdkit/0ece02e9254ef2d5eeade2bd40eb13546522dbd3/Code/GraphMol/FilterCatalog/pains_c.in#L337
union,pains_C,thio_carbam_A(1),0,9098,https://raw.githubusercontent.com/rdkit/rdkit/0ece02e9254ef2d5eeade2bd40eb13546522dbd3/Code/GraphMol/FilterCatalog/pains_c.in#L338
union,pains_C,misc_anilide_A(1),0,9098,https://raw.githubusercontent.com/rdkit/rdkit/0ece02e9254ef2d5eeade2bd40eb13546522dbd3/Code/GraphMol/FilterCatalog/pains_c.in#L339
union,pains_C,misc_anilide_B(1),0,9098,https://raw.githubusercontent.com/rdkit/rdkit/0ece02e9254ef2d5eeade2bd40eb13546522dbd3/Code/GraphMol/FilterCatalog/pains_c.in#L340
union,pains_C,mannich_B(1),0,9098,https://raw.githubusercontent.com/rdkit/rdkit/0ece02e9254ef2d5eeade2bd40eb13546522dbd3/Code/GraphMol/FilterCatalog/pains_c.in#L341
union,pains_C,mannich_catechol_A(1),0,9098,https://raw.githubusercontent.com/rdkit/rdkit/0ece02e9254ef2d5eeade2bd40eb13546522dbd3/Code/GraphMol/FilterCatalog/pains_c.in#L342
union,pains_C,anil_alk_D(1),0,9098,https://raw.githubusercontent.com/rdkit/rdkit/0ece02e9254ef2d5eeade2bd40eb13546522dbd3/Code/GraphMol/FilterCatalog/pains_c.in#L343
union,pains_C,het_65_I(1),0,9098,https://raw.githubusercontent.com/rdkit/rdkit/0ece02e9254ef2d5eeade2bd40eb13546522dbd3/Code/GraphMol/FilterCatalog/pains_c.in#L344
union,pains_C,misc_urea_A(1),0,9098,https://raw.githubusercontent.com/rdkit/rdkit/0ece02e9254ef2d5eeade2bd40eb13546522dbd3/Code/GraphMol/FilterCatalog/pains_c.in#L345
union,pains_C,imidazole_C(1),0,9098,https://raw.githubusercontent.com/rdkit/rdkit/0ece02e9254ef2d5eeade2bd40eb13546522dbd3/Code/GraphMol/FilterCatalog/pains_c.in#L346
union,pains_C,styrene_imidazole_A(1),0,9098,https://raw.githubusercontent.com/rdkit/rdkit/0ece02e9254ef2d5eeade2bd40eb13546522dbd3/Code/GraphMol/FilterCatalog/pains_c.in#L347
union,pains_C,thiazole_amine_M(1),0,9098,https://raw.githubusercontent.com/rdkit/rdkit/0ece02e9254ef2d5eeade2bd40eb13546522dbd3/Code/GraphMol/FilterCatalog/pains_c.in#L348
union,pains_C,misc_pyrrole_thiaz(1),0,9098,https://raw.githubusercontent.com/rdkit/rdkit/0ece02e9254ef2d5eeade2bd40eb13546522dbd3/Code/GraphMol/FilterCatalog/pains_c.in#L349
union,pains_C,pyrrole_L(1),0,9098,https://raw.githubusercontent.com/rdkit/rdkit/0ece02e9254ef2d5eeade2bd40eb13546522dbd3/Code/GraphMol/FilterCatalog/pains_c.in#L350
union,pains_C,het_thio_65_D(1),0,9098,https://raw.githubusercontent.com/rdkit/rdkit/0ece02e9254ef2d5eeade2bd40eb13546522dbd3/Code/GraphMol/FilterCatalog/pains_c.in#L351
union,pains_C,ene_misc_E(1),0,9098,https://raw.githubusercontent.com/rdkit/rdkit/0ece02e9254ef2d5eeade2bd40eb13546522dbd3/Code/GraphMol/FilterCatalog/pains_c.in#L352
union,pains_C,thio_cyano_A(1),0,9098,https://raw.githubusercontent.com/rdkit/rdkit/0ece02e9254ef2d5eeade2bd40eb13546522dbd3/Code/GraphMol/FilterCatalog/pains_c.in#L353
union,pains_C,cyano_amino_het_B(1),0,9098,https://raw.githubusercontent.com/rdkit/rdkit/0ece02e9254ef2d5eeade2bd40eb13546522dbd3/Code/GraphMol/FilterCatalog/pains_c.in#L354
union,pains_C,cyano_pyridone_G(1),0,9098,https://raw.githubusercontent.com/rdkit/rdkit/0ece02e9254ef2d5eeade2bd40eb13546522dbd3/Code/GraphMol/FilterCatalog/pains_c.in#L355
union,pains_C,het_65_J(1),0,9098,https://raw.githubusercontent.com/rdkit/rdkit/0ece02e9254ef2d5eeade2bd40eb13546522dbd3/Code/GraphMol/FilterCatalog/pains_c.in#L356
union,pains_C,ene_one_yne_A(1),0,9098,https://raw.githubusercontent.com/rdkit/rdkit/0ece02e9254ef2d5eeade2bd40eb13546522dbd3/Code/GraphMol/FilterCatalog/pains_c.in#L357
union,pains_C,anil_OH_no_alk_B(1),0,9098,https://raw.githubusercontent.com/rdkit/rdkit/0ece02e9254ef2d5eeade2bd40eb13546522dbd3/Code/GraphMol/FilterCatalog/pains_c.in#L358
union,pains_C,hzone_acyl_misc_A(1),0,9098,https://raw.githubusercontent.com/rdkit/rdkit/0ece02e9254ef2d5eeade2bd40eb13546522dbd3/Code/GraphMol/FilterCatalog/pains_c.in#L359
union,pains_C,thiophene_F(1),0,9098,https://raw.githubusercontent.com/rdkit/rdkit/0ece02e9254ef2d5eeade2bd40eb13546522dbd3/Code/GraphMol/FilterCatalog/pains_c.in#L360
union,pains_C,anil_OC_alk_E(1),0,9098,https://raw.githubusercontent.com/rdkit/rdkit/0ece02e9254ef2d5eeade2bd40eb13546522dbd3/Code/GraphMol/FilterCatalog/pains_c.in#L361
union,pains_C,anil_OC_alk_F(1),0,9098,https://raw.githubusercontent.com/rdkit/rdkit/0ece02e9254ef2d5eeade2bd40eb13546522dbd3/Code/GraphMol/FilterCatalog/pains_c.in#L362
union,pains_C,het_65_K(1),0,9098,https://raw.githubusercontent.com/rdkit/rdkit/0ece02e9254ef2d5eeade2bd40eb13546522dbd3/Code/GraphMol/FilterCatalog/pains_c.in#L363
union,pains_C,het_65_L(1),0,9098,https://raw.githubusercontent.com/rdkit/rdkit/0ece02e9254ef2d5eeade2bd40eb13546522dbd3/Code/GraphMol/FilterCatalog/pains_c.in#L364
union,pains_C,coumarin_E(1),0,9098,https://raw.githubusercontent.com/rdkit/rdkit/0ece02e9254ef2d5eeade2bd40eb13546522dbd3/Code/GraphMol/FilterCatalog/pains_c.in#L365
union,pains_C,coumarin_F(1),0,9098,https://raw.githubusercontent.com/rdkit/rdkit/0ece02e9254ef2d5eeade2bd40eb13546522dbd3/Code/GraphMol/FilterCatalog/pains_c.in#L366
union,pains_C,coumarin_G(1),0,9098,https://raw.githubusercontent.com/rdkit/rdkit/0ece02e9254ef2d5eeade2bd40eb13546522dbd3/Code/GraphMol/FilterCatalog/pains_c.in#L367
union,pains_C,coumarin_H(1),0,9098,https://raw.githubusercontent.com/rdkit/rdkit/0ece02e9254ef2d5eeade2bd40eb13546522dbd3/Code/GraphMol/FilterCatalog/pains_c.in#L368
union,pains_C,het_thio_67_A(1),0,9098,https://raw.githubusercontent.com/rdkit/rdkit/0ece02e9254ef2d5eeade2bd40eb13546522dbd3/Code/GraphMol/FilterCatalog/pains_c.in#L369
union,pains_C,sulfonamide_I(1),0,9098,https://raw.githubusercontent.com/rdkit/rdkit/0ece02e9254ef2d5eeade2bd40eb13546522dbd3/Code/GraphMol/FilterCatalog/pains_c.in#L370
union,pains_C,het_65_mannich(1),0,9098,https://raw.githubusercontent.com/rdkit/rdkit/0ece02e9254ef2d5eeade2bd40eb13546522dbd3/Code/GraphMol/FilterCatalog/pains_c.in#L371
union,pains_C,anil_alk_A(1),0,9098,https://raw.githubusercontent.com/rdkit/rdkit/0ece02e9254ef2d5eeade2bd40eb13546522dbd3/Code/GraphMol/FilterCatalog/pains_c.in#L372
union,pains_C,het_5_inium(1),0,9098,https://raw.githubusercontent.com/rdkit/rdkit/0ece02e9254ef2d5eeade2bd40eb13546522dbd3/Code/GraphMol/FilterCatalog/pains_c.in#L373
union,pains_C,anil_di_alk_P(1),0,9098,https://raw.githubusercontent.com/rdkit/rdkit/0ece02e9254ef2d5eeade2bd40eb13546522dbd3/Code/GraphMol/FilterCatalog/pains_c.in#L374
union,pains_C,thio_urea_Q(1),0,9098,https://raw.githubusercontent.com/rdkit/rdkit/0ece02e9254ef2d5eeade2bd40eb13546522dbd3/Code/GraphMol/FilterCatalog/pains_c.in#L375
union,pains_C,thio_pyridine_A(1),0,9098,https://raw.githubusercontent.com/rdkit/rdkit/0ece02e9254ef2d5eeade2bd40eb13546522dbd3/Code/GraphMol/FilterCatalog/pains_c.in#L376
union,pains_C,melamine_B(1),0,9098,https://raw.githubusercontent.com/rdkit/rdkit/0ece02e9254ef2d5eeade2bd40eb13546522dbd3/Code/GraphMol/FilterCatalog/pains_c.in#L377
union,pains_C,misc_phthal_thio_N(1),0,9098,https://raw.githubusercontent.com/rdkit/rdkit/0ece02e9254ef2d5eeade2bd40eb13546522dbd3/Code/GraphMol/FilterCatalog/pains_c.in#L378
union,pains_C,hzone_acyl_misc_B(1),0,9098,https://raw.githubusercontent.com/rdkit/rdkit/0ece02e9254ef2d5eeade2bd40eb13546522dbd3/Code/GraphMol/FilterCatalog/pains_c.in#L379
union,pains_C,tert_butyl_B(1),0,9098,https://raw.githubusercontent.com/rdkit/rdkit/0ece02e9254ef2d5eeade2bd40eb13546522dbd3/Code/GraphMol/FilterCatalog/pains_c.in#L380
union,pains_C,diazox_E(1),0,9098,https://raw.githubusercontent.com/rdkit/rdkit/0ece02e9254ef2d5eeade2bd40eb13546522dbd3/Code/GraphMol/FilterCatalog/pains_c.in#L381
union,pains_C,anil_NH_no_alk_B(1),0,9098,https://raw.githubusercontent.com/rdkit/rdkit/0ece02e9254ef2d5eeade2bd40eb13546522dbd3/Code/GraphMol/FilterCatalog/pains_c.in#L382
union,pains_C,anil_no_alk_A(1),0,9098,https://raw.githubusercontent.com/rdkit/rdkit/0ece02e9254ef2d5eeade2bd40eb13546522dbd3/Code/GraphMol/FilterCatalog/pains_c.in#L383
union,pains_C,anil_no_alk_B(1),0,9098,https://raw.githubusercontent.com/rdkit/rdkit/0ece02e9254ef2d5eeade2bd40eb13546522dbd3/Code/GraphMol/FilterCatalog/pains_c.in#L384
union,pains_C,thio_ene_amine_A(1),0,9098,https://raw.githubusercontent.com/rdkit/rdkit/0ece02e9254ef2d5eeade2bd40eb13546522dbd3/Code/GraphMol/FilterCatalog/pains_c.in#L385
union,pains_C,het_55_B(1),0,9098,https://raw.githubusercontent.com/rdkit/rdkit/0ece02e9254ef2d5eeade2bd40eb13546522dbd3/Code/GraphMol/FilterCatalog/pains_c.in#L386
union,pains_C,cyanamide_A(1),0,9098,https://raw.githubusercontent.com/rdkit/rdkit/0ece02e9254ef2d5eeade2bd40eb13546522dbd3/Code/GraphMol/FilterCatalog/pains_c.in#L387
union,pains_C,ene_one_one_A(1),0,9098,https://raw.githubusercontent.com/rdkit/rdkit/0ece02e9254ef2d5eeade2bd40eb13546522dbd3/Code/GraphMol/FilterCatalog/pains_c.in#L388
union,pains_C,ene_six_het_D(1),0,9098,https://raw.githubusercontent.com/rdkit/rdkit/0ece02e9254ef2d5eeade2bd40eb13546522dbd3/Code/GraphMol/FilterCatalog/pains_c.in#L389
union,pains_C,ene_cyano_E(1),0,9098,https://raw.githubusercontent.com/rdkit/rdkit/0ece02e9254ef2d5eeade2bd40eb13546522dbd3/Code/GraphMol/FilterCatalog/pains_c.in#L390
union,pains_C,ene_cyano_F(1),0,9098,https://raw.githubusercontent.com/rdkit/rdkit/0ece02e9254ef2d5eeade2bd40eb13546522dbd3/Code/GraphMol/FilterCatalog/pains_c.in#L391
union,pains_C,hzone_furan_C(1),0,9098,https://raw.githubusercontent.com/rdkit/rdkit/0ece02e9254ef2d5eeade2bd40eb13546522dbd3/Code/GraphMol/FilterCatalog/pains_c.in#L392
union,pains_C,anil_no_alk_C(1),0,9098,https://raw.githubusercontent.com/rdkit/rdkit/0ece02e9254ef2d5eeade2bd40eb13546522dbd3/Code/GraphMol/FilterCatalog/pains_c.in#L393
union,pains_C,hzone_acid_D(1),0,9098,https://raw.githubusercontent.com/rdkit/rdkit/0ece02e9254ef2d5eeade2bd40eb13546522dbd3/Code/GraphMol/FilterCatalog/pains_c.in#L394
union,pains_C,hzone_furan_E(1),0,9098,https://raw.githubusercontent.com/rdkit/rdkit/0ece02e9254ef2d5eeade2bd40eb13546522dbd3/Code/GraphMol/FilterCatalog/pains_c.in#L395
union,pains_C,het_6_pyridone_NH2(1),0,9098,https://raw.githubusercontent.com/rdkit/rdkit/0ece02e9254ef2d5eeade2bd40eb13546522dbd3/Code/GraphMol/FilterCatalog/pains_c.in#L396
union,pains_C,imine_one_fives_D(1),0,9098,https://raw.githubusercontent.com/rdkit/rdkit/0ece02e9254ef2d5eeade2bd40eb13546522dbd3/Code/GraphMol/FilterCatalog/pains_c.in#L397
union,pains_C,pyrrole_M(1),0,9098,https://raw.githubusercontent.com/rdkit/rdkit/0ece02e9254ef2d5eeade2bd40eb13546522dbd3/Code/GraphMol/FilterCatalog/pains_c.in#L398
union,pains_C,pyrrole_N(1),0,9098,https://raw.githubusercontent.com/rdkit/rdkit/0ece02e9254ef2d5eeade2bd40eb13546522dbd3/Code/GraphMol/FilterCatalog/pains_c.in#L399
union,pains_C,pyrrole_O(1),0,9098,https://raw.githubusercontent.com/rdkit/rdkit/0ece02e9254ef2d5eeade2bd40eb13546522dbd3/Code/GraphMol/FilterCatalog/pains_c.in#L400
union,pains_C,ene_cyano_G(1),0,9098,https://raw.githubusercontent.com/rdkit/rdkit/0ece02e9254ef2d5eeade2bd40eb13546522dbd3/Code/GraphMol/FilterCatalog/pains_c.in#L401
union,pains_C,sulfonamide_J(1),0,9098,https://raw.githubusercontent.com/rdkit/rdkit/0ece02e9254ef2d5eeade2bd40eb13546522dbd3/Code/GraphMol/FilterCatalog/pains_c.in#L402
union,pains_C,misc_pyrrole_benz(1),0,9098,https://raw.githubusercontent.com/rdkit/rdkit/0ece02e9254ef2d5eeade2bd40eb13546522dbd3/Code/GraphMol/FilterCatalog/pains_c.in#L403
union,pains_C,thio_urea_R(1),0,9098,https://raw.githubusercontent.com/rdkit/rdkit/0ece02e9254ef2d5eeade2bd40eb13546522dbd3/Code/GraphMol/FilterCatalog/pains_c.in#L404
union,pains_C,ene_one_one_B(1),0,9098,https://raw.githubusercontent.com/rdkit/rdkit/0ece02e9254ef2d5eeade2bd40eb13546522dbd3/Code/GraphMol/FilterCatalog/pains_c.in#L405
union,pains_C,dhp_amino_CN_H(1),0,9098,https://raw.githubusercontent.com/rdkit/rdkit/0ece02e9254ef2d5eeade2bd40eb13546522dbd3/Code/GraphMol/FilterCatalog/pains_c.in#L406
union,pains_C,het_66_anisole(1),0,9098,https://raw.githubusercontent.com/rdkit/rdkit/0ece02e9254ef2d5eeade2bd40eb13546522dbd3/Code/GraphMol/FilterCatalog/pains_c.in#L407
union,pains_C,thiazole_amine_N(1),0,9098,https://raw.githubusercontent.com/rdkit/rdkit/0ece02e9254ef2d5eeade2bd40eb13546522dbd3/Code/GraphMol/FilterCatalog/pains_c.in#L408
union,pains_C,het_pyridiniums_C(1),0,9098,https://raw.githubusercontent.com/rdkit/rdkit/0ece02e9254ef2d5eeade2bd40eb13546522dbd3/Code/GraphMol/FilterCatalog/pains_c.in#L409
union,pains_C,het_5_E(1),0,9098,https://raw.githubusercontent.com/rdkit/rdkit/0ece02e9254ef2d5eeade2bd40eb13546522dbd3/Code/GraphMol/FilterCatalog/pains_c.in#L410
union,brenk,>_2_ester_groups,43,9098,https://raw.githubusercontent.com/rdkit/rdkit/0ece02e9254ef2d5eeade2bd40eb13546522dbd3/Code/GraphMol/FilterCatalog/Filters.cpp#L47
union,brenk,2-halo_pyridine,72,9098,https://raw.githubusercontent.com/rdkit/rdkit/0ece02e9254ef2d5eeade2bd40eb13546522dbd3/Code/GraphMol/FilterCatalog/Filters.cpp#L48
union,brenk,acid_halide,0,9098,https://raw.githubusercontent.com/rdkit/rdkit/0ece02e9254ef2d5eeade2bd40eb13546522dbd3/Code/GraphMol/FilterCatalog/Filters.cpp#L49
union,brenk,acyclic_C=C-O,2,9098,https://raw.githubusercontent.com/rdkit/rdkit/0ece02e9254ef2d5eeade2bd40eb13546522dbd3/Code/GraphMol/FilterCatalog/Filters.cpp#L50
union,brenk,acyl_cyanide,0,9098,https://raw.githubusercontent.com/rdkit/rdkit/0ece02e9254ef2d5eeade2bd40eb13546522dbd3/Code/GraphMol/FilterCatalog/Filters.cpp#L51
union,brenk,acyl_hydrazine,4,9098,https://raw.githubusercontent.com/rdkit/rdkit/0ece02e9254ef2d5eeade2bd40eb13546522dbd3/Code/GraphMol/FilterCatalog/Filters.cpp#L52
union,brenk,aldehyde,65,9098,https://raw.githubusercontent.com/rdkit/rdkit/0ece02e9254ef2d5eeade2bd40eb13546522dbd3/Code/GraphMol/FilterCatalog/Filters.cpp#L53
union,brenk,Aliphatic_long_chain,936,9098,https://raw.githubusercontent.com/rdkit/rdkit/0ece02e9254ef2d5eeade2bd40eb13546522dbd3/Code/GraphMol/FilterCatalog/Filters.cpp#L54
union,brenk,alkyl_halide,70,9098,https://raw.githubusercontent.com/rdkit/rdkit/0ece02e9254ef2d5eeade2bd40eb13546522dbd3/Code/GraphMol/FilterCatalog/Filters.cpp#L55
union,brenk,amidotetrazole,0,9098,https://raw.githubusercontent.com/rdkit/rdkit/0ece02e9254ef2d5eeade2bd40eb13546522dbd3/Code/GraphMol/FilterCatalog/Filters.cpp#L56
union,brenk,aniline,251,9098,https://raw.githubusercontent.com/rdkit/rdkit/0ece02e9254ef2d5eeade2bd40eb13546522dbd3/Code/GraphMol/FilterCatalog/Filters.cpp#L57
union,brenk,azepane,0,9098,https://raw.githubusercontent.com/rdkit/rdkit/0ece02e9254ef2d5eeade2bd40eb13546522dbd3/Code/GraphMol/FilterCatalog/Filters.cpp#L58
union,brenk,Azido_group,0,9098,https://raw.githubusercontent.com/rdkit/rdkit/0ece02e9254ef2d5eeade2bd40eb13546522dbd3/Code/GraphMol/FilterCatalog/Filters.cpp#L59
union,brenk,Azo_group,0,9098,https://raw.githubusercontent.com/rdkit/rdkit/0ece02e9254ef2d5eeade2bd40eb13546522dbd3/Code/GraphMol/FilterCatalog/Filters.cpp#L60
union,brenk,azocane,0,9098,https://raw.githubusercontent.com/rdkit/rdkit/0ece02e9254ef2d5eeade2bd40eb13546522dbd3/Code/GraphMol/FilterCatalog/Filters.cpp#L61
union,brenk,benzidine,0,9098,https://raw.githubusercontent.com/rdkit/rdkit/0ece02e9254ef2d5eeade2bd40eb13546522dbd3/Code/GraphMol/FilterCatalog/Filters.cpp#L62
union,brenk,beta-keto/anhydride,30,9098,https://raw.githubusercontent.com/rdkit/rdkit/0ece02e9254ef2d5eeade2bd40eb13546522dbd3/Code/GraphMol/FilterCatalog/Filters.cpp#L66
union,brenk,biotin_analogue,1,9098,https://raw.githubusercontent.com/rdkit/rdkit/0ece02e9254ef2d5eeade2bd40eb13546522dbd3/Code/GraphMol/FilterCatalog/Filters.cpp#L67
union,brenk,Carbo_cation/anion,0,9098,https://raw.githubusercontent.com/rdkit/rdkit/0ece02e9254ef2d5eeade2bd40eb13546522dbd3/Code/GraphMol/FilterCatalog/Filters.cpp#L68
union,brenk,catechol,82,9098,https://raw.githubusercontent.com/rdkit/rdkit/0ece02e9254ef2d5eeade2bd40eb13546522dbd3/Code/GraphMol/FilterCatalog/Filters.cpp#L69
union,brenk,charged_oxygen_or_sulfur_atoms,0,9098,https://raw.githubusercontent.com/rdkit/rdkit/0ece02e9254ef2d5eeade2bd40eb13546522dbd3/Code/GraphMol/FilterCatalog/Filters.cpp#L70
union,brenk,chinone_1,13,9098,https://raw.githubusercontent.com/rdkit/rdkit/0ece02e9254ef2d5eeade2bd40eb13546522dbd3/Code/GraphMol/FilterCatalog/Filters.cpp#L71
union,brenk,chinone_2,0,9098,https://raw.githubusercontent.com/rdkit/rdkit/0ece02e9254ef2d5eeade2bd40eb13546522dbd3/Code/GraphMol/FilterCatalog/Filters.cpp#L72
union,brenk,conjugated_nitrile_group,12,9098,https://raw.githubusercontent.com/rdkit/rdkit/0ece02e9254ef2d5eeade2bd40eb13546522dbd3/Code/GraphMol/FilterCatalog/Filters.cpp#L73
union,brenk,crown_ether,0,9098,https://raw.githubusercontent.com/rdkit/rdkit/0ece02e9254ef2d5eeade2bd40eb13546522dbd3/Code/GraphMol/FilterCatalog/Filters.cpp#L74
union,brenk,cumarine,123,9098,https://raw.githubusercontent.com/rdkit/rdkit/0ece02e9254ef2d5eeade2bd40eb13546522dbd3/Code/GraphMol/FilterCatalog/Filters.cpp#L76
union,brenk,cyanamide,15,9098,https://raw.githubusercontent.com/rdkit/rdkit/0ece02e9254ef2d5eeade2bd40eb13546522dbd3/Code/GraphMol/FilterCatalog/Filters.cpp#L77
union,brenk,cyanate_/aminonitrile_/thiocyanate,2,9098,https://raw.githubusercontent.com/rdkit/rdkit/0ece02e9254ef2d5eeade2bd40eb13546522dbd3/Code/GraphMol/FilterCatalog/Filters.cpp#L78
union,brenk,cyanohydrins,0,9098,https://raw.githubusercontent.com/rdkit/rdkit/0ece02e9254ef2d5eeade2bd40eb13546522dbd3/Code/GraphMol/FilterCatalog/Filters.cpp#L79
union,brenk,cycloheptane_1,0,9098,https://raw.githubusercontent.com/rdkit/rdkit/0ece02e9254ef2d5eeade2bd40eb13546522dbd3/Code/GraphMol/FilterCatalog/Filters.cpp#L80
union,brenk,cycloheptane_2,0,9098,https://raw.githubusercontent.com/rdkit/rdkit/0ece02e9254ef2d5eeade2bd40eb13546522dbd3/Code/GraphMol/FilterCatalog/Filters.cpp#L81
union,brenk,cyclooctane_1,0,9098,https://raw.githubusercontent.com/rdkit/rdkit/0ece02e9254ef2d5eeade2bd40eb13546522dbd3/Code/GraphMol/FilterCatalog/Filters.cpp#L82
union,brenk,cyclooctane_2,0,9098,https://raw.githubusercontent.com/rdkit/rdkit/0ece02e9254ef2d5eeade2bd40eb13546522dbd3/Code/GraphMol/FilterCatalog/Filters.cpp#L83
union,brenk,diaminobenzene_1,0,9098,https://raw.githubusercontent.com/rdkit/rdkit/0ece02e9254ef2d5eeade2bd40eb13546522dbd3/Code/GraphMol/FilterCatalog/Filters.cpp#L84
union,brenk,diaminobenzene_2,0,9098,https://raw.githubusercontent.com/rdkit/rdkit/0ece02e9254ef2d5eeade2bd40eb13546522dbd3/Code/GraphMol/FilterCatalog/Filters.cpp#L86
union,brenk,diaminobenzene_3,0,9098,https://raw.githubusercontent.com/rdkit/rdkit/0ece02e9254ef2d5eeade2bd40eb13546522dbd3/Code/GraphMol/FilterCatalog/Filters.cpp#L88
union,brenk,diazo_group,3,9098,https://raw.githubusercontent.com/rdkit/rdkit/0ece02e9254ef2d5eeade2bd40eb13546522dbd3/Code/GraphMol/FilterCatalog/Filters.cpp#L90
union,brenk,diketo_group,38,9098,https://raw.githubusercontent.com/rdkit/rdkit/0ece02e9254ef2d5eeade2bd40eb13546522dbd3/Code/GraphMol/FilterCatalog/Filters.cpp#L91
union,brenk,disulphide,0,9098,https://raw.githubusercontent.com/rdkit/rdkit/0ece02e9254ef2d5eeade2bd40eb13546522dbd3/Code/GraphMol/FilterCatalog/Filters.cpp#L92
union,brenk,enamine,3,9098,https://raw.githubusercontent.com/rdkit/rdkit/0ece02e9254ef2d5eeade2bd40eb13546522dbd3/Code/GraphMol/FilterCatalog/Filters.cpp#L93
union,brenk,ester_of_HOBT,0,9098,https://raw.githubusercontent.com/rdkit/rdkit/0ece02e9254ef2d5eeade2bd40eb13546522dbd3/Code/GraphMol/FilterCatalog/Filters.cpp#L94
union,brenk,four_member_lactones,0,9098,https://raw.githubusercontent.com/rdkit/rdkit/0ece02e9254ef2d5eeade2bd40eb13546522dbd3/Code/GraphMol/FilterCatalog/Filters.cpp#L95
union,brenk,halogenated_ring_1,17,9098,https://raw.githubusercontent.com/rdkit/rdkit/0ece02e9254ef2d5eeade2bd40eb13546522dbd3/Code/GraphMol/FilterCatalog/Filters.cpp#L96
union,brenk,halogenated_ring_2,11,9098,https://raw.githubusercontent.com/rdkit/rdkit/0ece02e9254ef2d5eeade2bd40eb13546522dbd3/Code/GraphMol/FilterCatalog/Filters.cpp#L98
union,brenk,heavy_metal,13,9098,https://raw.githubusercontent.com/rdkit/rdkit/0ece02e9254ef2d5eeade2bd40eb13546522dbd3/Code/GraphMol/FilterCatalog/Filters.cpp#L100
union,brenk,het-C-het_not_in_ring,10,9098,https://raw.githubusercontent.com/rdkit/rdkit/0ece02e9254ef2d5eeade2bd40eb13546522dbd3/Code/GraphMol/FilterCatalog/Filters.cpp#L101
union,brenk,hydantoin,7,9098,https://raw.githubusercontent.com/rdkit/rdkit/0ece02e9254ef2d5eeade2bd40eb13546522dbd3/Code/GraphMol/FilterCatalog/Filters.cpp#L103
union,brenk,hydrazine,12,9098,https://raw.githubusercontent.com/rdkit/rdkit/0ece02e9254ef2d5eeade2bd40eb13546522dbd3/Code/GraphMol/FilterCatalog/Filters.cpp#L104
union,brenk,hydroquinone,77,9098,https://raw.githubusercontent.com/rdkit/rdkit/0ece02e9254ef2d5eeade2bd40eb13546522dbd3/Code/GraphMol/FilterCatalog/Filters.cpp#L105
union,brenk,hydroxamic_acid,15,9098,https://raw.githubusercontent.com/rdkit/rdkit/0ece02e9254ef2d5eeade2bd40eb13546522dbd3/Code/GraphMol/FilterCatalog/Filters.cpp#L106
union,brenk,imine_1,149,9098,https://raw.githubusercontent.com/rdkit/rdkit/0ece02e9254ef2d5eeade2bd40eb13546522dbd3/Code/GraphMol/FilterCatalog/Filters.cpp#L107
union,brenk,imine_2,52,9098,https://raw.githubusercontent.com/rdkit/rdkit/0ece02e9254ef2d5eeade2bd40eb13546522dbd3/Code/GraphMol/FilterCatalog/Filters.cpp#L108
union,brenk,iodine,59,9098,https://raw.githubusercontent.com/rdkit/rdkit/0ece02e9254ef2d5eeade2bd40eb13546522dbd3/Code/GraphMol/FilterCatalog/Filters.cpp#L109
union,brenk,isocyanate,0,9098,https://raw.githubusercontent.com/rdkit/rdkit/0ece02e9254ef2d5eeade2bd40eb13546522dbd3/Code/GraphMol/FilterCatalog/Filters.cpp#L110
union,brenk,isolated_alkene,333,9098,https://raw.githubusercontent.com/rdkit/rdkit/0ece02e9254ef2d5eeade2bd40eb13546522dbd3/Code/GraphMol/FilterCatalog/Filters.cpp#L111
union,brenk,ketene,0,9098,https://raw.githubusercontent.com/rdkit/rdkit/0ece02e9254ef2d5eeade2bd40eb13546522dbd3/Code/GraphMol/FilterCatalog/Filters.cpp#L115
union,brenk,"methylidene-1,3-dithiole",0,9098,https://raw.githubusercontent.com/rdkit/rdkit/0ece02e9254ef2d5eeade2bd40eb13546522dbd3/Code/GraphMol/FilterCatalog/Filters.cpp#L116
union,brenk,Michael_acceptor_1,350,9098,https://raw.githubusercontent.com/rdkit/rdkit/0ece02e9254ef2d5eeade2bd40eb13546522dbd3/Code/GraphMol/FilterCatalog/Filters.cpp#L117
union,brenk,Michael_acceptor_2,0,9098,https://raw.githubusercontent.com/rdkit/rdkit/0ece02e9254ef2d5eeade2bd40eb13546522dbd3/Code/GraphMol/FilterCatalog/Filters.cpp#L118
union,brenk,Michael_acceptor_3,0,9098,https://raw.githubusercontent.com/rdkit/rdkit/0ece02e9254ef2d5eeade2bd40eb13546522dbd3/Code/GraphMol/FilterCatalog/Filters.cpp#L119
union,brenk,Michael_acceptor_4,6,9098,https://raw.githubusercontent.com/rdkit/rdkit/0ece02e9254ef2d5eeade2bd40eb13546522dbd3/Code/GraphMol/FilterCatalog/Filters.cpp#L120
union,brenk,Michael_acceptor_5,0,9098,https://raw.githubusercontent.com/rdkit/rdkit/0ece02e9254ef2d5eeade2bd40eb13546522dbd3/Code/GraphMol/FilterCatalog/Filters.cpp#L121
union,brenk,N_oxide,47,9098,https://raw.githubusercontent.com/rdkit/rdkit/0ece02e9254ef2d5eeade2bd40eb13546522dbd3/Code/GraphMol/FilterCatalog/Filters.cpp#L122
union,brenk,"N-acyl-2-amino-5-mercapto-1,3,4-_thiadiazole",6,9098,https://raw.githubusercontent.com/rdkit/rdkit/0ece02e9254ef2d5eeade2bd40eb13546522dbd3/Code/GraphMol/FilterCatalog/Filters.cpp#L123
union,brenk,N-C-halo,0,9098,https://raw.githubusercontent.com/rdkit/rdkit/0ece02e9254ef2d5eeade2bd40eb13546522dbd3/Code/GraphMol/FilterCatalog/Filters.cpp#L124
union,brenk,N-halo,0,9098,https://raw.githubusercontent.com/rdkit/rdkit/0ece02e9254ef2d5eeade2bd40eb13546522dbd3/Code/GraphMol/FilterCatalog/Filters.cpp#L125
union,brenk,N-hydroxyl_pyridine,24,9098,https://raw.githubusercontent.com/rdkit/rdkit/0ece02e9254ef2d5eeade2bd40eb13546522dbd3/Code/GraphMol/FilterCatalog/Filters.cpp#L126
union,brenk,nitro_group,298,9098,https://raw.githubusercontent.com/rdkit/rdkit/0ece02e9254ef2d5eeade2bd40eb13546522dbd3/Code/GraphMol/FilterCatalog/Filters.cpp#L127
union,brenk,N-nitroso,0,9098,https://raw.githubusercontent.com/rdkit/rdkit/0ece02e9254ef2d5eeade2bd40eb13546522dbd3/Code/GraphMol/FilterCatalog/Filters.cpp#L128
union,brenk,oxime_1,0,9098,https://raw.githubusercontent.com/rdkit/rdkit/0ece02e9254ef2d5eeade2bd40eb13546522dbd3/Code/GraphMol/FilterCatalog/Filters.cpp#L129
union,brenk,oxime_2,1,9098,https://raw.githubusercontent.com/rdkit/rdkit/0ece02e9254ef2d5eeade2bd40eb13546522dbd3/Code/GraphMol/FilterCatalog/Filters.cpp#L130
union,brenk,Oxygen-nitrogen_single_bond,457,9098,https://raw.githubusercontent.com/rdkit/rdkit/0ece02e9254ef2d5eeade2bd40eb13546522dbd3/Code/GraphMol/FilterCatalog/Filters.cpp#L131
union,brenk,Perfluorinated_chain,6,9098,https://raw.githubusercontent.com/rdkit/rdkit/0ece02e9254ef2d5eeade2bd40eb13546522dbd3/Code/GraphMol/FilterCatalog/Filters.cpp#L132
union,brenk,peroxide,15,9098,https://raw.githubusercontent.com/rdkit/rdkit/0ece02e9254ef2d5eeade2bd40eb13546522dbd3/Code/GraphMol/FilterCatalog/Filters.cpp#L133
union,brenk,phenol_ester,57,9098,https://raw.githubusercontent.com/rdkit/rdkit/0ece02e9254ef2d5eeade2bd40eb13546522dbd3/Code/GraphMol/FilterCatalog/Filters.cpp#L134
union,brenk,phenyl_carbonate,4,9098,https://raw.githubusercontent.com/rdkit/rdkit/0ece02e9254ef2d5eeade2bd40eb13546522dbd3/Code/GraphMol/FilterCatalog/Filters.cpp#L135
union,brenk,phosphor,120,9098,https://raw.githubusercontent.com/rdkit/rdkit/0ece02e9254ef2d5eeade2bd40eb13546522dbd3/Code/GraphMol/FilterCatalog/Filters.cpp#L136
union,brenk,phthalimide,127,9098,https://raw.githubusercontent.com/rdkit/rdkit/0ece02e9254ef2d5eeade2bd40eb13546522dbd3/Code/GraphMol/FilterCatalog/Filters.cpp#L137
union,brenk,Polycyclic_aromatic_hydrocarbon_1,0,9098,https://raw.githubusercontent.com/rdkit/rdkit/0ece02e9254ef2d5eeade2bd40eb13546522dbd3/Code/GraphMol/FilterCatalog/Filters.cpp#L138
union,brenk,Polycyclic_aromatic_hydrocarbon_2,351,9098,https://raw.githubusercontent.com/rdkit/rdkit/0ece02e9254ef2d5eeade2bd40eb13546522dbd3/Code/GraphMol/FilterCatalog/Filters.cpp#L139
union,brenk,Polycyclic_aromatic_hydrocarbon_3,30,9098,https://raw.githubusercontent.com/rdkit/rdkit/0ece02e9254ef2d5eeade2bd40eb13546522dbd3/Code/GraphMol/FilterCatalog/Filters.cpp#L140
union,brenk,polyene,48,9098,https://raw.githubusercontent.com/rdkit/rdkit/0ece02e9254ef2d5eeade2bd40eb13546522dbd3/Code/GraphMol/FilterCatalog/Filters.cpp#L141
union,brenk,quaternary_nitrogen_1,240,9098,https://raw.githubusercontent.com/rdkit/rdkit/0ece02e9254ef2d5eeade2bd40eb13546522dbd3/Code/GraphMol/FilterCatalog/Filters.cpp#L142
union,brenk,quaternary_nitrogen_2,36,9098,https://raw.githubusercontent.com/rdkit/rdkit/0ece02e9254ef2d5eeade2bd40eb13546522dbd3/Code/GraphMol/FilterCatalog/Filters.cpp#L144
union,brenk,quaternary_nitrogen_3,0,9098,https://raw.githubusercontent.com/rdkit/rdkit/0ece02e9254ef2d5eeade2bd40eb13546522dbd3/Code/GraphMol/FilterCatalog/Filters.cpp#L148
union,brenk,saponine_derivative,4,9098,https://raw.githubusercontent.com/rdkit/rdkit/0ece02e9254ef2d5eeade2bd40eb13546522dbd3/Code/GraphMol/FilterCatalog/Filters.cpp#L149
union,brenk,silicon_halogen,0,9098,https://raw.githubusercontent.com/rdkit/rdkit/0ece02e9254ef2d5eeade2bd40eb13546522dbd3/Code/GraphMol/FilterCatalog/Filters.cpp#L150
union,brenk,stilbene,92,9098,https://raw.githubusercontent.com/rdkit/rdkit/0ece02e9254ef2d5eeade2bd40eb13546522dbd3/Code/GraphMol/FilterCatalog/Filters.cpp#L151
union,brenk,sulfinic_acid,0,9098,https://raw.githubusercontent.com/rdkit/rdkit/0ece02e9254ef2d5eeade2bd40eb13546522dbd3/Code/GraphMol/FilterCatalog/Filters.cpp#L152
union,brenk,Sulfonic_acid_1,12,9098,https://raw.githubusercontent.com/rdkit/rdkit/0ece02e9254ef2d5eeade2bd40eb13546522dbd3/Code/GraphMol/FilterCatalog/Filters.cpp#L153
union,brenk,Sulfonic_acid_2,13,9098,https://raw.githubusercontent.com/rdkit/rdkit/0ece02e9254ef2d5eeade2bd40eb13546522dbd3/Code/GraphMol/FilterCatalog/Filters.cpp#L154
union,brenk,sulfonyl_cyanide,0,9098,https://raw.githubusercontent.com/rdkit/rdkit/0ece02e9254ef2d5eeade2bd40eb13546522dbd3/Code/GraphMol/FilterCatalog/Filters.cpp#L155
union,brenk,sulfur_oxygen_single_bond,0,9098,https://raw.githubusercontent.com/rdkit/rdkit/0ece02e9254ef2d5eeade2bd40eb13546522dbd3/Code/GraphMol/FilterCatalog/Filters.cpp#L156
union,brenk,sulphate,3,9098,https://raw.githubusercontent.com/rdkit/rdkit/0ece02e9254ef2d5eeade2bd40eb13546522dbd3/Code/GraphMol/FilterCatalog/Filters.cpp#L157
union,brenk,sulphur_nitrogen_single_bond,1,9098,https://raw.githubusercontent.com/rdkit/rdkit/0ece02e9254ef2d5eeade2bd40eb13546522dbd3/Code/GraphMol/FilterCatalog/Filters.cpp#L158
union,brenk,Thiobenzothiazole_1,0,9098,https://raw.githubusercontent.com/rdkit/rdkit/0ece02e9254ef2d5eeade2bd40eb13546522dbd3/Code/GraphMol/FilterCatalog/Filters.cpp#L159
union,brenk,thiobenzothiazole_2,0,9098,https://raw.githubusercontent.com/rdkit/rdkit/0ece02e9254ef2d5eeade2bd40eb13546522dbd3/Code/GraphMol/FilterCatalog/Filters.cpp#L160
union,brenk,Thiocarbonyl_group,208,9098,https://raw.githubusercontent.com/rdkit/rdkit/0ece02e9254ef2d5eeade2bd40eb13546522dbd3/Code/GraphMol/FilterCatalog/Filters.cpp#L161
union,brenk,thioester,36,9098,https://raw.githubusercontent.com/rdkit/rdkit/0ece02e9254ef2d5eeade2bd40eb13546522dbd3/Code/GraphMol/FilterCatalog/Filters.cpp#L162
union,brenk,thiol_1,1,9098,https://raw.githubusercontent.com/rdkit/rdkit/0ece02e9254ef2d5eeade2bd40eb13546522dbd3/Code/GraphMol/FilterCatalog/Filters.cpp#L163
union,brenk,thiol_2,7,9098,https://raw.githubusercontent.com/rdkit/rdkit/0ece02e9254ef2d5eeade2bd40eb13546522dbd3/Code/GraphMol/FilterCatalog/Filters.cpp#L164
union,brenk,Three-membered_heterocycle,44,9098,https://raw.githubusercontent.com/rdkit/rdkit/0ece02e9254ef2d5eeade2bd40eb13546522dbd3/Code/GraphMol/FilterCatalog/Filters.cpp#L165
union,brenk,triflate,1,9098,https://raw.githubusercontent.com/rdkit/rdkit/0ece02e9254ef2d5eeade2bd40eb13546522dbd3/Code/GraphMol/FilterCatalog/Filters.cpp#L166
union,brenk,triphenyl_methyl-silyl,3,9098,https://raw.githubusercontent.com/rdkit/rdkit/0ece02e9254ef2d5eeade2bd40eb13546522dbd3/Code/GraphMol/FilterCatalog/Filters.cpp#L167
union,brenk,triple_bond,86,9098,https://raw.githubusercontent.com/rdkit/rdkit/0ece02e9254ef2d5eeade2bd40eb13546522dbd3/Code/GraphMol/FilterCatalog/Filters.cpp#L169
union,reactive,acid_halide,0,9098,https://raw.githubusercontent.com/rdkit/rdkit/0ece02e9254ef2d5eeade2bd40eb13546522dbd3/Code/GraphMol/FilterCatalog/Filters.cpp#L49
union,reactive,aldehyde,65,9098,https://raw.githubusercontent.com/rdkit/rdkit/0ece02e9254ef2d5eeade2bd40eb13546522dbd3/Code/GraphMol/FilterCatalog/Filters.cpp#L53
union,reactive,isocyanate,0,9098,https://raw.githubusercontent.com/rdkit/rdkit/0ece02e9254ef2d5eeade2bd40eb13546522dbd3/Code/GraphMol/FilterCatalog/Filters.cpp#L110
union,reactive,ketene,0,9098,https://raw.githubusercontent.com/rdkit/rdkit/0ece02e9254ef2d5eeade2bd40eb13546522dbd3/Code/GraphMol/FilterCatalog/Filters.cpp#L115
union,reactive,Michael_acceptor_1,350,9098,https://raw.githubusercontent.com/rdkit/rdkit/0ece02e9254ef2d5eeade2bd40eb13546522dbd3/Code/GraphMol/FilterCatalog/Filters.cpp#L117
union,reactive,Michael_acceptor_2,0,9098,https://raw.githubusercontent.com/rdkit/rdkit/0ece02e9254ef2d5eeade2bd40eb13546522dbd3/Code/GraphMol/FilterCatalog/Filters.cpp#L118
union,reactive,Michael_acceptor_3,0,9098,https://raw.githubusercontent.com/rdkit/rdkit/0ece02e9254ef2d5eeade2bd40eb13546522dbd3/Code/GraphMol/FilterCatalog/Filters.cpp#L119
union,reactive,Michael_acceptor_4,6,9098,https://raw.githubusercontent.com/rdkit/rdkit/0ece02e9254ef2d5eeade2bd40eb13546522dbd3/Code/GraphMol/FilterCatalog/Filters.cpp#L120
union,reactive,Michael_acceptor_5,0,9098,https://raw.githubusercontent.com/rdkit/rdkit/0ece02e9254ef2d5eeade2bd40eb13546522dbd3/Code/GraphMol/FilterCatalog/Filters.cpp#L121
union,reactive,Three-membered_heterocycle,44,9098,https://raw.githubusercontent.com/rdkit/rdkit/0ece02e9254ef2d5eeade2bd40eb13546522dbd3/Code/GraphMol/FilterCatalog/Filters.cpp#L165
