arm,selection_rank,compound_id,attempt_outcome,physical_batch,run_id,independent_qc_pass,score_kcal_mol,favorable_score_predeclared,middle_contact_4A,favorable_and_middle_contact,min_middle_distance_A,min_box_margin_A,max_train_tanimoto,ood_tanimoto_below_0p3,murcko_scaffold,historical_scaffold_seen,rule_formal_charge,rule_abs_charge_ge2,Gasteiger_charge_warning,rule_mw,preparation_elapsed_seconds,docking_wall_seconds,docking_standby_overlap_seconds,docking_awake_wall_seconds,docking_requested_cpu_seconds,independent_qc_evidence
random,1,LIB_RNNSZIOJHWINFW,qc_pass,formal_forward_v2_merged,LIB_RNNSZIOJHWINFW__M_PUB_ALL__e8__s20260927,True,-5.659,False,False,False,4.030683440807526,0.30999999999999517,0.6097560975609756,False,c1cc[n+](CCn2ccnc2)cc1,False,1,False,False,233.251,0.159,11.163,0.0,11.163,22.326,05_independent_audit/formal_v2_paused154_independent_qc.csv
random,2,LIB_YBNGDFSHNFUPMT,qc_pass,formal_forward_v2_merged,LIB_YBNGDFSHNFUPMT__M_PUB_ALL__e8__s20260927,True,-8.575,True,True,True,3.1993664997933573,7.631899999999999,0.3230769230769231,False,O=C(Nc1ccccc1)c1cccc(N2CCC([NH+]3CCCC3)CC2)c1,False,1,False,False,487.373,0.938,24.909,0.0,24.909,49.818,05_independent_audit/formal_v2_paused154_independent_qc.csv
random,3,LIB_CXRYSQNWQCVBQV,qc_pass,formal_forward_v2_merged,LIB_CXRYSQNWQCVBQV__M_PUB_ALL__e8__s20260927,True,-9.788,True,True,True,3.0461802310434622,3.014899999999999,0.2988505747126437,True,O=C(Nc1ccccc1)Nc1cccc(-c2cn3ccnc3c(NCc3ccncc3)n2)c1,False,0,False,False,517.515,1.244,40.971,0.0,40.971,81.942,05_independent_audit/formal_v2_paused154_independent_qc.csv
random,4,LIB_HAGKOYTUAINBNR,qc_pass,formal_forward_v2_merged,LIB_HAGKOYTUAINBNR__M_PUB_ALL__e8__s20260927,True,-6.819,False,False,False,12.76706798759997,0.7058999999999997,0.2318840579710145,True,C=C1CCOC1=O,False,0,False,False,222.284,0.255,9.08,0.0,9.08,18.16,05_independent_audit/formal_v2_paused154_independent_qc.csv
random,5,LIB_CVVGRHFARKYNNE,qc_pass,formal_forward_v2_merged,LIB_CVVGRHFARKYNNE__M_PUB_ALL__e8__s20260927,True,-8.135,True,True,True,3.0693540036952403,2.9359,0.24615384615384617,True,O=c1[nH]c2ccccc2cc1C1=[NH+]S(=O)(=O)c2ccccc2N1,False,1,False,False,455.56,0.98,27.989,0.0,27.989,55.978,05_independent_audit/formal_v2_paused154_independent_qc.csv
random,6,LIB_IQYRBWJVVBVMOS,qc_pass,formal_forward_v2_merged,LIB_IQYRBWJVVBVMOS__M_PUB_ALL__e8__s20260927,True,-6.964,False,True,False,3.4657299375456248,2.700899999999999,0.38333333333333336,False,O=C(NCC[NH+]1CCN(c2ccccc2)CC1)c1ccncc1,False,1,False,False,341.435,0.822,21.773,0.0,21.773,43.546,05_independent_audit/formal_v2_paused154_independent_qc.csv
random,7,LIB_KGSCYSGAMAZIIM,qc_pass,formal_forward_v2_merged,LIB_KGSCYSGAMAZIIM__M_PUB_ALL__e8__s20260927,True,-7.075,False,False,False,6.8653315287755765,-0.07099999999999795,0.2972972972972973,True,O=S(=O)(c1ccccc1)c1ccc(-c2n[n-]c(=S)[n-]2)cc1,False,-2,True,False,394.275,0.165,10.854,0.0,10.854,21.708,05_independent_audit/formal_v2_paused154_independent_qc.csv
random,8,LIB_UHGSEJDZVOPSFT,qc_pass,formal_forward_v2_merged,LIB_UHGSEJDZVOPSFT__M_PUB_ALL__e8__s20260927,True,-7.12,False,False,False,6.6109715624861085,1.4118999999999993,0.2,True,c1csc(-c2ccc3cc(CC[NH+]4CCCC4)ccc3n2)n1,False,1,False,False,324.473,0.693,15.488,0.0,15.488,30.976,05_independent_audit/formal_v2_paused154_independent_qc.csv
random,9,LIB_VQWUSUUKOYJUGV,qc_pass,formal_forward_v2_merged,LIB_VQWUSUUKOYJUGV__M_PUB_ALL__e8__s20260927,True,-7.161,False,False,False,4.454416235602596,0.7508999999999997,0.24444444444444444,True,c1ccc2c(c1)-c1ncnn1Cc1cncn1-2,False,0,False,False,322.303,0.352,10.967,0.0,10.967,21.934,05_independent_audit/formal_v2_paused154_independent_qc.csv
random,10,LIB_TUQMHRDZPSHMHB,qc_pass,formal_forward_v2_merged,LIB_TUQMHRDZPSHMHB__M_PUB_ALL__e8__s20260927,True,-9.085,True,True,True,3.6738564207110764,4.6419,0.2716049382716049,True,O=S(=O)(c1ccccc1)c1nnn2c1nc(N1CCN(c3ccccc3)CC1)c1ccccc12,False,0,False,False,547.04,1.541,26.768,0.0,26.768,53.536,05_independent_audit/formal_v2_paused154_independent_qc.csv
random,11,LIB_FKQCJYCSHIYYNP,qc_pass,formal_forward_v2_merged,LIB_FKQCJYCSHIYYNP__M_PUB_ALL__e8__s20260927,True,-5.537,False,True,False,3.0482562228264207,7.475,0.4918032786885246,False,c1ncc2nc[nH]c2n1,True,-1,False,False,250.238,0.261,15.071,0.0,15.071,30.142,05_independent_audit/formal_v2_paused154_independent_qc.csv
random,12,LIB_CBCCXWBWQDCXLH,qc_pass,formal_forward_v2_merged,LIB_CBCCXWBWQDCXLH__M_PUB_ALL__e8__s20260927,True,-5.73,False,True,False,3.2511923966446528,6.965999999999999,0.30434782608695654,False,c1ccsc1,False,0,False,False,313.378,0.191,13.981,0.0,13.981,27.962,05_independent_audit/formal_v2_paused154_independent_qc.csv
random,13,LIB_RPTCJTNYKDJGHU,qc_pass,formal_forward_v2_merged,LIB_RPTCJTNYKDJGHU__M_PUB_ALL__e8__s20260927,True,-5.766,False,True,False,3.4443489950932666,10.143300000000002,0.2602739726027397,True,c1ccc(-c2ccccn2)cc1,False,0,False,False,434.001,0.871,36.102,0.0,36.102,72.204,05_independent_audit/formal_v2_paused154_independent_qc.csv
random,14,LIB_VWPZVQSMQVKQCI,qc_pass,formal_forward_v2_merged,LIB_VWPZVQSMQVKQCI__M_PUB_ALL__e8__s20260927,True,-8.295,True,True,True,3.431955273601333,6.687999999999999,0.25609756097560976,True,O=C1Nc2cccnc2Nc2ncc(COc3ccccc3)cc21,False,0,False,False,437.887,0.787,24.557,0.0,24.557,49.114,05_independent_audit/formal_v2_paused154_independent_qc.csv
random,15,LIB_RUMZIRSAOXCPII,qc_pass,formal_forward_v2_merged,LIB_RUMZIRSAOXCPII__M_PUB_ALL__e8__s20260927,True,-8.178,True,False,False,4.188611464435439,1.511899999999999,0.4126984126984127,False,O=C(NCc1ccc(C(=O)Nc2ccccc2)cc1)OCc1cccnc1,False,0,False,False,376.416,0.6,29.644,0.0,29.644,59.288,05_independent_audit/formal_v2_paused154_independent_qc.csv
random,16,LIB_WKMQGQZPDSFACZ,qc_pass,formal_forward_v2_merged,LIB_WKMQGQZPDSFACZ__M_PUB_ALL__e8__s20260927,True,-6.79,False,True,False,3.3714501331029645,9.7189,0.30952380952380953,False,O=C(C=Cc1ccccc1)c1ccccc1,True,-3,True,False,253.233,0.158,8.815,0.0,8.815,17.63,05_independent_audit/formal_v2_paused154_independent_qc.csv
random,17,LIB_KFIUIAQYOYNCIK,qc_pass,formal_forward_v2_merged,LIB_KFIUIAQYOYNCIK__M_PUB_ALL__e8__s20260927,True,-6.508,False,True,False,3.32813596477067,9.5339,0.7543859649122807,False,O=c1cc[nH]c2nc(N3CC[NH2+]CC3)ccc12,True,0,False,False,362.405,0.697,17.636,0.0,17.636,35.272,05_independent_audit/formal_v2_paused154_independent_qc.csv
random,18,LIB_HHPJXWDHFALHCL,qc_pass,formal_forward_v2_merged,LIB_HHPJXWDHFALHCL__M_PUB_ALL__e8__s20260927,True,-7.065,False,True,False,3.540550522164597,2.6029,0.25,True,O=C(C=Cc1ccccc1)NC1CCC2OCOC2C1,False,-1,False,False,442.391,1.021,34.586,0.0,34.586,69.172,05_independent_audit/formal_v2_paused154_independent_qc.csv
random,19,LIB_VXPLXMJHHKHSOA,qc_pass,formal_forward_v2_merged,LIB_VXPLXMJHHKHSOA__M_PUB_ALL__e8__s20260927,True,-5.558,False,True,False,3.5259325007719577,0.9050000000000011,0.3684210526315789,False,c1ccccc1,True,0,False,False,179.219,0.096,6.929,0.0,6.929,13.858,05_independent_audit/formal_v2_paused154_independent_qc.csv
random,20,LIB_IJCNVHLDCLZYKG,qc_pass,formal_forward_v2_merged,LIB_IJCNVHLDCLZYKG__M_PUB_ALL__e8__s20260927,True,-7.334,False,True,False,2.992098427525403,9.530899999999999,0.2631578947368421,True,C(#Cc1cnc2ncncc2n1)c1ccccc1,False,0,False,False,333.395,0.525,24.126,0.0,24.126,48.252,05_independent_audit/formal_v2_paused154_independent_qc.csv
random,21,LIB_IWDJIZYURLLLMQ,qc_pass,formal_forward_v2_merged,LIB_IWDJIZYURLLLMQ__M_PUB_ALL__e8__s20260927,True,-6.975,False,True,False,3.6180334437370814,0.963000000000001,0.328125,False,C(=Cc1ccccc1)Cc1ccc2c(c1)OCO2,False,0,False,False,312.365,0.374,16.085,0.0,16.085,32.17,05_independent_audit/formal_v2_paused154_independent_qc.csv
random,22,LIB_DXIAHMIZSNQSST,qc_pass,formal_forward_v2_merged,LIB_DXIAHMIZSNQSST__M_PUB_ALL__e8__s20260927,True,-7.41,False,True,False,3.127584691099507,0.20199999999999818,0.25555555555555554,True,c1ccc(CCCNc2nnc(-c3ccc4[n-]ncc4c3)s2)cc1,False,0,False,False,368.441,0.578,32.958,0.0,32.958,65.916,05_independent_audit/formal_v2_paused154_independent_qc.csv
random,23,LIB_QZHQGKPLHXJZRJ,qc_pass,formal_forward_v2_merged,LIB_QZHQGKPLHXJZRJ__M_PUB_ALL__e8__s20260927,True,-7.977,False,True,False,3.9660361823866404,0.9598999999999993,0.3181818181818182,False,O=C(NCC1CC[NH2+]CC1)c1ccccc1-c1ccccc1,False,1,False,False,365.831,0.514,19.974,0.0,19.974,39.948,05_independent_audit/formal_v2_paused154_independent_qc.csv
random,24,LIB_NJLNJHCKQVRQDL,qc_pass,formal_forward_v2_merged,LIB_NJLNJHCKQVRQDL__M_PUB_ALL__e8__s20260927,True,-8.115,True,False,False,7.002413084073231,0.8909000000000002,0.3333333333333333,False,O=C(c1ccccc1)c1nc(NCc2cccnc2)nc2ccsc12,False,0,False,False,346.415,0.423,18.398,0.0,18.398,36.796,05_independent_audit/formal_v2_paused154_independent_qc.csv
random,25,LIB_CDOPZZJFMUYVKP,qc_pass,formal_forward_v2_merged,LIB_CDOPZZJFMUYVKP__M_PUB_ALL__e8__s20260927,True,-8.246,True,False,False,8.282076309718475,1.6768999999999998,0.25,True,O=C(NCc1cccnc1)Nc1cccc2[n-]ncc12,False,-1,False,False,420.415,1.024,31.406,0.0,31.406,62.812,05_independent_audit/formal_v2_paused154_independent_qc.csv
random,26,LIB_SOTRSERIYXCWEZ,qc_pass,formal_forward_v2_merged,LIB_SOTRSERIYXCWEZ__M_PUB_ALL__e8__s20260927,True,-7.911,False,True,False,3.767775338313046,1.3518999999999988,0.3684210526315789,False,O=C(Nc1ccccc1)[NH+]1CCN(c2ncnc3ccccc23)CC1,False,1,False,False,419.465,1.079,29.993,0.0,29.993,59.986,05_independent_audit/formal_v2_paused154_independent_qc.csv
random,27,LIB_HPSPAJJKGOGMIN,qc_pass,formal_forward_v2_merged,LIB_HPSPAJJKGOGMIN__M_PUB_ALL__e8__s20260927,True,-7.057,False,True,False,3.489295774221497,7.427,0.2459016393442623,True,c1ccc(Nc2c3ccccc3nc3ccccc23)cc1,False,1,False,False,407.519,0.745,36.681,0.0,36.681,73.362,05_independent_audit/formal_v2_paused154_independent_qc.csv
random,28,LIB_TVZNWOVBAQXKHS,qc_pass,formal_forward_v2_merged,LIB_TVZNWOVBAQXKHS__M_PUB_ALL__e8__s20260927,True,-7.255,False,True,False,3.1639647596014715,9.9819,0.31666666666666665,False,C(=Cc1ccnc(-c2ccccc2)c1)c1ccccc1,False,0,False,False,415.489,0.949,39.02,0.0,39.02,78.04,05_independent_audit/formal_v2_paused154_independent_qc.csv
random,29,LIB_WBNHNWSPTHTRMQ,qc_pass,formal_forward_v2_merged,LIB_WBNHNWSPTHTRMQ__M_PUB_ALL__e8__s20260927,True,-6.436,False,False,False,5.706267869632479,1.8200000000000003,0.23880597014925373,True,O=C(C[NH2+]C1CC2CCCC2C1)[NH+]1CCCC1,False,2,True,False,378.517,1.748,33.324,0.0,33.324,66.648,05_independent_audit/formal_v2_paused154_independent_qc.csv
random,30,LIB_VOUOASQOVFWLIE,qc_pass,formal_forward_v2_merged,LIB_VOUOASQOVFWLIE__M_PUB_ALL__e8__s20260927,True,-5.815,False,False,False,6.763247223043084,2.0599999999999987,0.24,True,C1CCC2(CC1)CC[NH2+]CC2,False,2,True,False,324.597,1.371,25.56,0.0,25.56,51.12,05_independent_audit/formal_v2_paused154_independent_qc.csv
random,31,LIB_MARIUIDCPUZLKZ,qc_pass,formal_forward_v2_merged,LIB_MARIUIDCPUZLKZ__M_PUB_ALL__e8__s20260927,True,-8.421,True,True,True,3.006085993447293,8.441999999999998,0.25301204819277107,True,c1ccc(C2[NH2+]c3ccccc3C3OCCCC23)cc1,False,2,True,False,478.559,1.917,45.708,0.0,45.708,91.416,05_independent_audit/formal_v2_paused154_independent_qc.csv
random,32,LIB_KCKKRVQCMJXYOT,qc_pass,formal_forward_v2_merged,LIB_KCKKRVQCMJXYOT__M_PUB_ALL__e8__s20260927,True,-7.945,False,True,False,3.0653371755811794,4.3469,0.2702702702702703,True,c1ccc(Nc2c3ccccc3nc3ccccc23)cc1,False,0,False,False,464.503,0.949,33.698,0.0,33.698,67.396,05_independent_audit/formal_v2_paused154_independent_qc.csv
random,33,LIB_ZQZFLTKUUCYGRL,qc_pass,formal_forward_v2_merged,LIB_ZQZFLTKUUCYGRL__M_PUB_ALL__e8__s20260927,True,-9.035,True,True,True,3.7854600777184273,0.9288999999999987,0.29508196721311475,True,O=C(c1ccc(NS(=O)(=O)c2ccccc2)cc1)c1cc2ccccc2oc1=O,False,0,False,False,498.354,0.668,28.06,0.0,28.06,56.12,05_independent_audit/formal_v2_paused154_independent_qc.csv
random,34,LIB_CXSPGFPSWYWLGD,qc_pass,formal_forward_v2_merged,LIB_CXSPGFPSWYWLGD__M_PUB_ALL__e8__s20260927,True,-8.487,True,True,True,3.1432907915113426,9.332999999999998,0.4782608695652174,False,O=C1CCCC2(CCC3C4CCc5ccccc5C4CCC32)O1,False,-2,True,False,446.48,1.569,12.215,0.0,12.215,24.43,05_independent_audit/formal_v2_paused154_independent_qc.csv
random,35,LIB_UXACRXVBPVXVBZ,qc_pass,formal_forward_v2_merged,LIB_UXACRXVBPVXVBZ__M_PUB_ALL__e8__s20260927,True,-7.628,False,True,False,3.2606724766526307,9.5439,0.32,False,c1ccc(CSc2nc3ccccc3n2Cc2ccccc2)cc1,False,0,False,False,443.981,0.695,38.907,0.0,38.907,77.814,05_independent_audit/formal_v2_paused154_independent_qc.csv
random,36,LIB_WGFSFQGWINXFDC,qc_pass,formal_forward_v2_merged,LIB_WGFSFQGWINXFDC__M_PUB_ALL__e8__s20260927,True,-8.193,True,True,True,2.912885510966746,7.191999999999998,0.23,True,c1coc(-c2nc3c4ccccc4ncn3n2)c1,False,0,False,False,470.917,1.054,49.234,0.0,49.234,98.468,05_independent_audit/formal_v2_paused154_independent_qc.csv
random,37,LIB_INKAJKATDMQGKQ,qc_pass,formal_forward_v2_merged,LIB_INKAJKATDMQGKQ__M_PUB_ALL__e8__s20260927,True,-4.524,False,True,False,3.2213607373282485,10.6743,0.2807017543859649,True,O=C1N(c2ccccc2)CC[NH+]1CC[NH+]1CCCCCC1,False,2,True,False,303.45,0.703,51.07,0.0,51.07,102.14,05_independent_audit/formal_v2_paused154_independent_qc.csv
random,38,LIB_GFIVTABKMGOGIV,qc_pass,formal_forward_v2_merged,LIB_GFIVTABKMGOGIV__M_PUB_ALL__e8__s20260927,True,-6.824,False,True,False,3.2640902254686526,9.3253,0.4246575342465753,False,O=c1[nH]c(=O)c2c(nc([NH2+]C3CCCCC3)n2Cc2ccccc2)[nH]1,False,1,False,False,444.531,1.09,42.396,0.0,42.396,84.792,05_independent_audit/formal_v2_paused154_independent_qc.csv
random,39,LIB_XYIWCLMRECCCLF,qc_pass,formal_forward_v2_merged,LIB_XYIWCLMRECCCLF__M_PUB_ALL__e8__s20260927,True,-8.0,False,True,False,3.0944275722659915,10.207899999999999,0.2676056338028169,True,O=C(Nc1ccccc1)Oc1ccc2c(c1)C1CC[NH+](CCc3ccccc3)C1[NH2+]2,False,2,True,False,485.672,2.458,58.309,0.0,58.309,116.618,05_independent_audit/formal_v2_paused154_independent_qc.csv
random,40,LIB_DPJUXYQWXGNKHO,qc_pass,formal_forward_v2_merged,LIB_DPJUXYQWXGNKHO__M_PUB_ALL__e8__s20260927,True,-6.877,False,True,False,2.903463621263404,9.1359,0.2923076923076923,True,c1ccc(-c2nnc3sc(-c4cccnc4)nn23)cc1,False,0,False,False,313.773,0.147,10.504,0.0,10.504,21.008,05_independent_audit/formal_v2_paused154_independent_qc.csv
random,41,LIB_AYTBHOFELXSNHQ,qc_pass,formal_forward_v2_merged,LIB_AYTBHOFELXSNHQ__M_PUB_ALL__e8__s20260927,True,-8.882,True,False,False,9.165272991024326,0.6829000000000001,0.2465753424657534,True,O=C(Nc1ccccc1)Oc1ccc2c(c1)C1CC[NH2+]C1[NH2+]2,False,2,True,False,364.449,0.793,18.973,0.0,18.973,37.946,05_independent_audit/formal_v2_paused154_independent_qc.csv
random,42,LIB_RERPSPPBSSELBR,qc_pass,formal_forward_v2_merged,LIB_RERPSPPBSSELBR__M_PUB_ALL__e8__s20260927,True,-5.931,False,True,False,3.088144588583896,7.2879999999999985,0.24444444444444444,True,c1ccc2c(c1)CC[NH2+]C2,False,1,False,False,213.282,0.144,6.533,0.0,6.533,13.066,05_independent_audit/formal_v2_paused154_independent_qc.csv
random,43,LIB_XUBGGMQPGQRZMO,qc_pass,formal_forward_v2_merged,LIB_XUBGGMQPGQRZMO__M_PUB_ALL__e8__s20260927,True,-7.279,False,True,False,2.8359479896500224,3.7559999999999985,0.27586206896551724,True,O=C(C=Cc1ccccc1)NC1CCC2OCOC2C1,False,0,False,False,391.42,0.961,34.752,0.0,34.752,69.504,05_independent_audit/formal_v2_paused154_independent_qc.csv
random,44,LIB_CAFYZCZCHHPSHG,qc_pass,formal_forward_v2_merged,LIB_CAFYZCZCHHPSHG__M_PUB_ALL__e8__s20260927,True,-8.593,True,True,True,3.2167645235546853,7.114999999999998,0.2872340425531915,True,O=C1C[NH+](CCOc2ccc(NC(=O)c3ccccc3)cc2-c2ccn[nH]2)CCN1,False,1,False,False,522.935,1.451,53.401,0.0,53.401,106.802,05_independent_audit/formal_v2_paused154_independent_qc.csv
random,45,LIB_IYTMFGZUURLRKD,qc_pass,formal_forward_v2_merged,LIB_IYTMFGZUURLRKD__M_PUB_ALL__e8__s20260927,True,-8.606,True,True,True,2.8435704668602817,3.2058999999999997,0.32222222222222224,False,O=C(Nc1cccc(-c2nccn2-c2ccncn2)c1)c1ccccc1,False,0,False,False,516.911,1.072,64.146,0.0,64.146,128.292,05_independent_audit/formal_v2_paused154_independent_qc.csv
random,46,LIB_PEYZUNUITLDLNI,qc_pass,formal_forward_v2_merged,LIB_PEYZUNUITLDLNI__M_PUB_ALL__e8__s20260927,True,-7.846,False,True,False,3.3007152255230987,3.7288999999999994,0.2647058823529412,True,C1=CC2c3ccccc3[NH2+]C(c3ccccn3)C2C1,False,0,False,False,361.228,0.306,11.619,0.0,11.619,23.238,05_independent_audit/formal_v2_paused154_independent_qc.csv
random,47,LIB_YZVIHKKOGKRSKO,qc_pass,formal_forward_v2_merged,LIB_YZVIHKKOGKRSKO__M_PUB_ALL__e8__s20260927,True,-6.915,False,False,False,8.172308486590554,0.9148999999999994,0.46296296296296297,False,O=C1CCC(c2ccc(OCC(=O)[NH+]3CCCC3)cc2)=N[N-]1,False,0,False,False,301.346,0.506,18.515,0.0,18.515,37.03,05_independent_audit/formal_v2_paused154_independent_qc.csv
random,48,LIB_NHELMIDNJBAZJD,qc_pass,formal_forward_v2_merged,LIB_NHELMIDNJBAZJD__M_PUB_ALL__e8__s20260927,True,-7.319,False,True,False,2.7805217136357703,9.6651,0.6140350877192983,False,c1cc(Cc2cccnn2)cc(C2CCCCO2)c1,False,0,False,False,394.855,0.822,29.684,0.0,29.684,59.368,05_independent_audit/formal_v2_paused154_independent_qc.csv
random,49,LIB_YJNUPBNOZDKQMS,qc_pass,formal_forward_v2_merged,LIB_YJNUPBNOZDKQMS__M_PUB_ALL__e8__s20260927,True,-6.963,False,True,False,3.1489447438784945,6.959,0.22641509433962265,True,c1ccc2c(c1)nc(-c1cnon1)n2C1CC1,False,0,False,False,241.254,0.117,9.351,0.0,9.351,18.702,05_independent_audit/formal_v2_paused154_independent_qc.csv
random,50,LIB_UWNNVZFYCYTDAH,qc_pass,formal_forward_v2_merged,LIB_UWNNVZFYCYTDAH__M_PUB_ALL__e8__s20260927,True,-5.78,False,True,False,3.3590857387092696,1.644999999999996,0.2545454545454545,True,O=c1nc2[nH]ncc2c[nH]1,False,0,False,False,207.237,0.128,7.61,0.0,7.61,15.22,05_independent_audit/formal_v2_paused154_independent_qc.csv
random,51,LIB_LMAFSLWCXOQARP,qc_pass,formal_forward_v2_merged,LIB_LMAFSLWCXOQARP__M_PUB_ALL__e8__s20260927,True,-6.819,False,True,False,2.918559404911951,9.975300000000002,0.3235294117647059,False,c1ccc2c(c1)CCC1CCCCC21,False,-1,False,False,283.391,0.52,9.585,0.0,9.585,19.17,05_independent_audit/formal_v2_paused154_independent_qc.csv
random,52,LIB_HDOVLPFABNJQJO,qc_pass,formal_forward_v2_merged,LIB_HDOVLPFABNJQJO__M_PUB_ALL__e8__s20260927,True,-6.747,False,False,False,13.186458091542248,0.14090000000000025,0.3488372093023256,False,c1ccc(-c2cnco2)cc1,False,-1,False,False,175.167,0.08,6.923,0.0,6.923,13.846,05_independent_audit/formal_v2_paused154_independent_qc.csv
random,53,LIB_PIBQWNKYAGXQHF,qc_pass,formal_forward_v2_merged,LIB_PIBQWNKYAGXQHF__M_PUB_ALL__e8__s20260927,True,-6.765,False,False,False,6.329643433875244,2.8199000000000005,0.20967741935483872,True,C1=C(c2ccccc2)CC[NH2+]C1,False,1,False,False,242.264,0.209,6.94,0.0,6.94,13.88,05_independent_audit/formal_v2_paused154_independent_qc.csv
random,54,LIB_PULBQTCEWMDDKC,qc_pass,formal_forward_v2_merged,LIB_PULBQTCEWMDDKC__M_PUB_ALL__e8__s20260927,True,-7.549,False,True,False,3.288617642718594,4.4708999999999985,0.43209876543209874,False,O=C(Nc1ccc(CC[NH2+]CCc2cccnc2)cc1)c1ccccc1-c1nc2ccccc2[n-]1,False,0,False,False,477.568,1.888,73.838,0.0,73.838,147.676,05_independent_audit/formal_v2_paused154_independent_qc.csv
random,55,LIB_ORLJIXKKPRVJKG,qc_pass,formal_forward_v2_merged,LIB_ORLJIXKKPRVJKG__M_PUB_ALL__e8__s20260927,True,-6.219,False,True,False,3.444427528632297,5.876999999999999,0.16853932584269662,True,O=C(CC[NH2+]CC(=O)[NH+]1CCCC1)[NH+]1CCCC1,False,3,True,False,357.45,1.485,31.875,0.0,31.875,63.75,05_independent_audit/formal_v2_paused154_independent_qc.csv
random,56,LIB_CXKIPYCVARNYCW,qc_pass,formal_forward_v2_merged,LIB_CXKIPYCVARNYCW__M_PUB_ALL__e8__s20260927,True,-8.605,True,False,False,6.485900014647156,2.0368999999999993,0.3333333333333333,False,c1ccc(Cc2c[n-]c(CCc3ccc(-c4ccccc4)cc3)n2)cc1,False,-2,True,False,410.473,1.146,35.334,0.0,35.334,70.668,05_independent_audit/formal_v2_paused154_independent_qc.csv
random,57,LIB_CYSDHZJPDQKSJB,qc_pass,formal_forward_v2_merged,LIB_CYSDHZJPDQKSJB__M_PUB_ALL__e8__s20260927,True,-8.77,True,False,False,7.940663511319441,0.8529,0.2833333333333333,True,c1ccc(CCNc2nc3ccccc3c3cn(-c4ccccc4)nc23)cc1,False,0,False,False,364.452,0.434,24.626,0.0,24.626,49.252,05_independent_audit/formal_v2_paused154_independent_qc.csv
random,58,LIB_BSMKGOSXJLCJOB,qc_pass,formal_forward_v2_merged,LIB_BSMKGOSXJLCJOB__M_PUB_ALL__e8__s20260927,True,-7.016,False,False,False,6.269964991927786,1.0389,0.26373626373626374,True,O=c1[nH]c2cc(NCCCn3ccnc3)ncc2cc1-c1ccccc1,False,0,False,False,428.323,0.545,23.485,0.0,23.485,46.97,05_independent_audit/formal_v2_paused154_independent_qc.csv
random,59,LIB_FLHLHIWGNRUPHK,qc_pass,formal_forward_v2_merged,LIB_FLHLHIWGNRUPHK__M_PUB_ALL__e8__s20260927,True,-8.33,True,True,True,2.801017493697601,7.559899999999999,0.26373626373626374,True,O=C(NC(=S)N[N-]C(=O)c1cnc(-c2cc(-c3ccccc3)n(-c3ccccc3)n2)s1)c1ccccc1,False,-1,False,False,590.085,1.228,48.572,0.0,48.572,97.144,05_independent_audit/formal_v2_paused154_independent_qc.csv
random,60,LIB_GPYCQVDLOJBZMI,qc_pass,formal_forward_v2_merged,LIB_GPYCQVDLOJBZMI__M_PUB_ALL__e8__s20260927,True,-6.005,False,True,False,3.1382947598974824,9.189300000000001,0.29850746268656714,True,c1ccc(-c2ccccn2)cc1,False,0,False,False,399.556,0.864,30.637,0.0,30.637,61.274,05_independent_audit/formal_v2_paused154_independent_qc.csv
random,61,LIB_SRPZEFNNDSQZCP,qc_pass,formal_forward_v2_merged,LIB_SRPZEFNNDSQZCP__M_PUB_ALL__e8__s20260927,True,-7.156,False,True,False,3.0071050862914652,11.049900000000001,0.2830188679245283,True,O=S(=O)(c1ccccc1)[NH+]1CC2CC1C[NH2+]2,False,2,True,False,396.553,1.285,23.445,0.0,23.445,46.89,05_independent_audit/formal_v2_paused154_independent_qc.csv
random,62,LIB_FPVAONXMTAGWGU,qc_pass,formal_forward_v2_merged,LIB_FPVAONXMTAGWGU__M_PUB_ALL__e8__s20260927,True,-6.259,False,True,False,2.925671546841852,9.971300000000001,0.25333333333333335,True,O=C1CCOc2c(NC(=O)C3CCCC3)cccc21,False,0,False,False,413.602,1.593,57.846,0.0,57.846,115.692,05_independent_audit/formal_v2_paused154_independent_qc.csv
random,63,LIB_DHOBJWJXJBHSOA,qc_pass,formal_forward_v2_merged,LIB_DHOBJWJXJBHSOA__M_PUB_ALL__e8__s20260927,True,-8.843,True,False,False,9.687585509300034,0.7158999999999995,0.23333333333333334,True,O=C(Cn1ccnc(NCCc2cccc[nH+]2)c1=O)NCc1ccccc1-n1cnnn1,False,0,False,False,517.884,1.026,58.118,0.0,58.118,116.236,05_independent_audit/formal_v2_paused154_independent_qc.csv
random,64,LIB_NRUFFLBVZNYLIC,qc_pass,formal_forward_v2_merged,LIB_NRUFFLBVZNYLIC__M_PUB_ALL__e8__s20260927,True,-7.886,False,True,False,3.262616894457576,10.451899999999998,0.25675675675675674,True,O=S(=O)(c1ccccc1)c1ccc2c(c1)CCCC2,False,0,False,False,405.491,0.906,34.243,0.0,34.243,68.486,05_independent_audit/formal_v2_paused154_independent_qc.csv
random,65,LIB_LVALRWDAOTYBNW,qc_pass,formal_forward_v2_merged,LIB_LVALRWDAOTYBNW__M_PUB_ALL__e8__s20260927,True,-7.652,False,True,False,3.2630314126590942,7.808999999999999,0.21839080459770116,True,c1ccc(OCc2cn3ccccc3[nH+]2)cc1,False,2,True,False,392.385,0.61,32.667,0.0,32.667,65.334,05_independent_audit/formal_v2_paused154_independent_qc.csv
random,66,LIB_BUROQFHRHNMPDU,qc_pass,formal_forward_v2_merged,LIB_BUROQFHRHNMPDU__M_PUB_ALL__e8__s20260927,True,-7.264,False,False,False,10.832915120132716,0.5678999999999998,0.28846153846153844,True,c1ccc(Nc2nc(-c3ccccc3)cs2)cc1,False,0,False,False,301.802,0.15,15.146,0.0,15.146,30.292,05_independent_audit/formal_v2_paused154_independent_qc.csv
random,67,LIB_WNRYFPGBHSMMSQ,qc_pass,formal_forward_v2_merged,LIB_WNRYFPGBHSMMSQ__M_PUB_ALL__e8__s20260927,True,-6.165,False,False,False,5.424541455275275,0.6158999999999999,0.25675675675675674,True,c1[nH]nnc1CCC[NH2+]C1CCCCC1,False,1,False,False,401.528,1.898,89.689,0.0,89.689,179.378,05_independent_audit/formal_v2_paused154_independent_qc.csv
random,68,LIB_KYJMGBRNBMEYEY,qc_pass,formal_forward_v2_merged,LIB_KYJMGBRNBMEYEY__M_PUB_ALL__e8__s20260927,True,-8.337,True,True,True,2.8846491987761698,5.457899999999999,0.4375,False,O=C(Nc1ccc(CC[NH2+]CCc2cccnc2)cc1)c1ccccc1-c1nc2ccccc2s1,False,1,False,False,495.628,1.524,87.799,0.0,87.799,175.598,05_independent_audit/formal_v2_paused154_independent_qc.csv
random,69,LIB_AXHWESODWDIJCC,qc_pass,formal_forward_v2_merged,LIB_AXHWESODWDIJCC__M_PUB_ALL__e8__s20260927,True,-8.261,True,True,True,3.366725560540984,7.039,0.43157894736842106,False,c1c[nH]c(Sc2ccc(Nc3ccnc4cc(OCCC[NH+]5CC[NH2+]CC5)ccc34)cc2)n1,False,2,True,False,594.185,2.528,122.22,0.0,122.22,244.44,05_independent_audit/formal_v2_paused154_independent_qc.csv
random,70,LIB_KYBJEPGFZBUXMW,qc_pass,formal_forward_v2_merged,LIB_KYBJEPGFZBUXMW__M_PUB_ALL__e8__s20260927,True,-8.034,False,True,False,3.152099141841827,7.481999999999999,0.2692307692307692,True,c1cc(-c2nc(N3CCOCC3)c3sccc3n2)c2cn[n-]c2c1,False,-1,False,False,394.48,0.609,29.608,0.0,29.608,59.216,05_independent_audit/formal_v2_paused154_independent_qc.csv
random,71,LIB_CMAHGGUCLITKBY,qc_pass,formal_forward_v2_merged,LIB_CMAHGGUCLITKBY__M_PUB_ALL__e8__s20260927,True,-7.05,False,True,False,3.68303855532358,0.2819999999999965,0.25301204819277107,True,c1ccc(OC2CCOc3ccccc32)nc1,False,0,False,False,310.353,0.483,18.504,0.0,18.504,37.008,05_independent_audit/formal_v2_paused154_independent_qc.csv
random,72,LIB_LTQZYVDQJCHOBT,qc_pass,formal_forward_v2_merged,LIB_LTQZYVDQJCHOBT__M_PUB_ALL__e8__s20260927,True,-6.074,False,True,False,2.956637448183325,7.433999999999999,0.4090909090909091,False,c1ncc2ncn(C3CCCC3)c2n1,False,-1,False,False,276.276,0.322,19.11,0.0,19.11,38.22,05_independent_audit/formal_v2_paused154_independent_qc.csv
random,73,LIB_CGYVWNFDAWEANQ,qc_pass,formal_forward_v2_merged,LIB_CGYVWNFDAWEANQ__M_PUB_ALL__e8__s20260927,True,-7.068,False,False,False,6.727655237896782,2.1430000000000007,0.2727272727272727,True,O=C(Nc1ccc2c(=O)[n-]ccc2c1)c1ccccc1,False,-1,False,False,297.721,0.14,13.49,0.0,13.49,26.98,05_independent_audit/formal_v2_paused154_independent_qc.csv
random,74,LIB_SGCDVZSPNVYMKM,qc_pass,formal_forward_v2_merged,LIB_SGCDVZSPNVYMKM__M_PUB_ALL__e8__s20260927,True,-7.193,False,False,False,12.898175452365347,0.15289999999999893,0.24242424242424243,True,c1ccc(-c2cncc(OC3CC[NH2+]C3)c2)cc1,False,1,False,False,241.314,0.235,13.629,0.0,13.629,27.258,05_independent_audit/formal_v2_paused154_independent_qc.csv
random,75,LIB_WVOIILLAZREIKO,qc_pass,formal_forward_v2_merged,LIB_WVOIILLAZREIKO__M_PUB_ALL__e8__s20260927,True,-6.138,False,False,False,5.106050136847464,2.1198999999999995,0.23529411764705882,True,O=S(=O)(Cc1ccccc1)NCCCCc1c[n-]cn1,False,-1,False,False,360.381,0.564,36.517,0.0,36.517,73.034,05_independent_audit/formal_v2_paused154_independent_qc.csv
random,76,LIB_TXFGQQCHKBHRQF,qc_pass,formal_forward_v2_merged,LIB_TXFGQQCHKBHRQF__M_PUB_ALL__e8__s20260927,True,-7.156,False,True,False,3.349065989197585,6.747999999999999,0.24074074074074073,True,O=C(C=Cc1ccccc1)OC1CC2COC3(CCCC(OC(=O)c4ccccc4)C13)C2,False,0,False,False,636.694,3.506,128.135,0.0,128.135,256.27,05_independent_audit/formal_v2_paused154_independent_qc.csv
random,77,LIB_KSWHJMMTIWWPIR,qc_pass,formal_forward_v2_merged,LIB_KSWHJMMTIWWPIR__M_PUB_ALL__e8__s20260927,True,-8.144,True,True,True,3.4659368141961275,0.25499999999999545,0.32894736842105265,False,O=c1c(C=Cc2ccccc2)c(N2CC[NH+](CC3CCCCC3)CC2)c1=O,False,1,False,False,390.507,1.239,28.979,0.0,28.979,57.958,05_independent_audit/formal_v2_paused154_independent_qc.csv
random,78,LIB_CKMROKZCLFVFRW,qc_pass,formal_forward_v2_merged,LIB_CKMROKZCLFVFRW__M_PUB_ALL__e8__s20260927,True,-7.141,False,True,False,3.2297653165516533,4.604899999999999,0.3287671232876712,False,O=c1c2ccccc2[n-]c2ccccc12,False,1,False,False,426.541,1.262,39.988,0.0,39.988,79.976,05_independent_audit/formal_v2_paused154_independent_qc.csv
random,79,LIB_XCGHYXHBCOQVTC,qc_pass,formal_forward_v2_merged,LIB_XCGHYXHBCOQVTC__M_PUB_ALL__e8__s20260927,True,-7.294,False,True,False,3.27051448552059,8.6089,0.3157894736842105,False,c1ccc(C[NH2+]c2nc(Nc3nccs3)cc(N3CCOCC3)n2)nc1,False,1,False,False,416.506,1.107,31.283,0.0,31.283,62.566,05_independent_audit/formal_v2_paused154_independent_qc.csv
random,80,LIB_SPJBPKGFJMQWSO,qc_pass,formal_forward_v2_merged,LIB_SPJBPKGFJMQWSO__M_PUB_ALL__e8__s20260927,True,-7.089,False,True,False,3.5068562844804463,2.7659000000000002,0.273972602739726,True,O=c1[n-]cc(Cc2ccc(OCc3nc4cccnc4[nH]3)cc2)s1,False,-2,True,False,400.847,0.393,20.93,0.0,20.93,41.86,05_independent_audit/formal_v2_paused154_independent_qc.csv
random,81,LIB_OFMFURWBSVOBBK,qc_pass,formal_forward_v2_merged,LIB_OFMFURWBSVOBBK__M_PUB_ALL__e8__s20260927,True,-6.362,False,False,False,8.853379298324455,1.9753000000000025,0.25396825396825395,True,O=C1C[NH+](c2ccccc2)NO1,False,1,False,False,244.614,0.109,7.372,0.0,7.372,14.744,05_independent_audit/formal_v2_paused154_independent_qc.csv
random,82,LIB_YZZJLDVCVPYUMF,qc_pass,formal_forward_v2_merged,LIB_YZZJLDVCVPYUMF__M_PUB_ALL__e8__s20260927,True,-8.373,True,True,True,3.140063693621514,9.678899999999999,0.24324324324324326,True,O=C(CNc1cccc(-c2cn3ccnc3c(NCc3ccncc3)n2)c1)Nc1ccccc1,False,0,False,False,547.541,1.563,76.11,0.0,76.11,152.22,05_independent_audit/formal_v2_paused154_independent_qc.csv
random,83,LIB_FXICKEZXEBWTBW,qc_pass,formal_forward_v2_merged,LIB_FXICKEZXEBWTBW__M_PUB_ALL__e8__s20260927,True,-8.973,True,True,True,3.184192362279641,4.674899999999999,0.2714285714285714,True,O=C(Nc1ccccc1)Nc1cccc(-c2cn3ccnc3c(NCc3ccncc3)n2)c1,False,0,False,False,469.936,1.073,34.146,0.0,34.146,68.292,05_independent_audit/formal_v2_paused154_independent_qc.csv
random,84,LIB_HNFAIDZLGLIFJG,qc_pass,formal_forward_v2_merged,LIB_HNFAIDZLGLIFJG__M_PUB_ALL__e8__s20260927,True,-5.207,False,True,False,3.2408301405658397,7.129999999999999,0.30612244897959184,False,O=c1cc(-c2ccccn2)c(=O)c2ccccc2[n-]1,False,-2,True,False,298.685,0.128,27.023,0.0,27.023,54.046,05_independent_audit/formal_v2_paused154_independent_qc.csv
random,85,LIB_ZCMRTFYSMQNOKC,qc_pass,formal_forward_v2_merged,LIB_ZCMRTFYSMQNOKC__M_PUB_ALL__e8__s20260927,True,-6.549,False,True,False,3.475214094124275,6.536999999999999,0.2857142857142857,True,O=C1Nc2cccnc2Nc2ncccc21,False,0,False,False,284.319,0.225,7.829,0.0,7.829,15.658,05_independent_audit/formal_v2_paused154_independent_qc.csv
random,86,LIB_CLZJJBZJUIWHJT,qc_pass,formal_forward_v2_merged,LIB_CLZJJBZJUIWHJT__M_PUB_ALL__e8__s20260927,True,-8.129,True,True,True,3.562418841180807,9.794899999999998,0.28888888888888886,True,c1ccc(C(CC[NH+]2CC[NH+](C(c3ccccc3)c3ccccc3)CC2)c2ccccc2)cc1,False,2,True,False,448.654,1.608,52.224,0.0,52.224,104.448,05_independent_audit/formal_v2_paused154_independent_qc.csv
random,87,LIB_OKWGMOAQRFSSET,qc_pass,formal_forward_v2_merged,LIB_OKWGMOAQRFSSET__M_PUB_ALL__e8__s20260927,True,-7.842,False,True,False,2.9280085382389167,3.6278999999999986,0.30985915492957744,False,c1ccc(Nc2c3ccccc3nc3ccccc23)cc1,False,0,False,False,478.53,0.803,42.367,0.0,42.367,84.734,05_independent_audit/formal_v2_paused154_independent_qc.csv
random,88,LIB_CKDNHQVHGHKQIG,qc_pass,formal_forward_v2_merged,LIB_CKDNHQVHGHKQIG__M_PUB_ALL__e8__s20260927,True,-8.487,True,True,True,3.1893093296198156,8.155899999999999,0.4367816091954023,False,O=c1ccn2c3c(c(N4CCCC4)ccc13)Oc1ccc3c(c1-2)OC(C1CO1)C3,False,0,False,False,479.464,1.001,24.011,0.0,24.011,48.022,05_independent_audit/formal_v2_paused154_independent_qc.csv
random,89,LIB_APHXKHUFVKITGC,qc_pass,formal_forward_v2_merged,LIB_APHXKHUFVKITGC__M_PUB_ALL__e8__s20260927,True,-8.36,True,True,True,3.516212308720849,8.892999999999999,0.29545454545454547,True,O=C(c1ccc(-c2ccccc2)cc1)[NH+]1CC[NH+](C(=O)c2ccc3cc[nH]c3c2)CC1,False,2,True,False,411.505,1.092,26.271,0.0,26.271,52.542,05_independent_audit/formal_v2_paused154_independent_qc.csv
random,90,LIB_VNBPNFZLNMXVOP,qc_pass,formal_forward_v2_merged,LIB_VNBPNFZLNMXVOP__M_PUB_ALL__e8__s20260927,True,-6.959,False,True,False,3.289356928033198,9.473999999999998,0.2631578947368421,True,C1=C(c2ccccc2)N2CCC[NH+]=C2c2ccccc21,False,1,False,False,373.564,0.848,16.662,0.0,16.662,33.324,05_independent_audit/formal_v2_paused154_independent_qc.csv
random,91,LIB_WTTXOCIXCSNVQR,qc_pass,formal_forward_v2_merged,LIB_WTTXOCIXCSNVQR__M_PUB_ALL__e8__s20260927,True,-7.763,False,True,False,2.7540918648440176,11.500300000000001,0.2,True,C=C1CC23CC1CCC2C12C(=O)OCC1CCCC2OC3=O,False,0,False,False,394.42,1.033,11.825,0.0,11.825,23.65,05_independent_audit/formal_v2_paused154_independent_qc.csv
random,92,LIB_YSOORCJLQNLHPL,qc_pass,formal_forward_v2_merged,LIB_YSOORCJLQNLHPL__M_PUB_ALL__e8__s20260927,True,-7.479,False,True,False,2.8798036391393076,10.0049,0.2982456140350877,True,O=C1Nc2cccnc2Nc2ncc(OCc3ccccc3)cc21,False,0,False,False,394.862,0.492,16.292,0.0,16.292,32.584,05_independent_audit/formal_v2_paused154_independent_qc.csv
random,93,LIB_JDAANLOCFREMRX,qc_pass,formal_forward_v2_merged,LIB_JDAANLOCFREMRX__M_PUB_ALL__e8__s20260927,True,-7.974,False,True,False,3.480358314886558,9.2839,0.25675675675675674,True,c1ccc(-n2cc3c(n2)c([NH2+]C2CCCCC2)nc2ccccc23)cc1,False,1,False,False,361.444,0.551,17.451,0.0,17.451,34.902,05_independent_audit/formal_v2_paused154_independent_qc.csv
random,94,LIB_IUZLUPKKYDAWNH,qc_pass,formal_forward_v2_merged,LIB_IUZLUPKKYDAWNH__M_PUB_ALL__e8__s20260927,True,-6.059,False,True,False,3.400162054961499,0.33200000000000074,0.2962962962962963,True,c1ccc2ncccc2c1,True,0,False,False,248.257,0.14,11.294,0.0,11.294,22.588,05_independent_audit/formal_v2_paused154_independent_qc.csv
random,95,LIB_QMOYFHWYOPGKGI,qc_pass,formal_forward_v2_merged,LIB_QMOYFHWYOPGKGI__M_PUB_ALL__e8__s20260927,True,-7.227,False,True,False,2.869291724450479,7.6,0.2535211267605634,True,c1ccc(-c2cccc(-c3ncc4nc[nH]c4n3)c2)cc1,False,0,False,False,359.433,0.605,31.527,0.0,31.527,63.054,05_independent_audit/formal_v2_paused154_independent_qc.csv
random,96,LIB_HAKUBDUVAGUCGC,qc_pass,formal_forward_v2_merged,LIB_HAKUBDUVAGUCGC__M_PUB_ALL__e8__s20260927,True,-8.062,False,False,False,8.951067980972997,0.16589999999999883,0.29347826086956524,True,O=C(Nc1ccc2[n-]ncc2c1)c1cc(NCC2CC2)ncn1,False,-1,False,False,349.418,0.552,24.044,0.0,24.044,48.088,05_independent_audit/formal_v2_paused154_independent_qc.csv
random,97,LIB_BZBZUGSXRITWQR,qc_pass,formal_forward_v2_merged,LIB_BZBZUGSXRITWQR__M_PUB_ALL__e8__s20260927,True,-5.937,False,True,False,2.81324918910501,9.9709,0.3559322033898305,False,O=C(COC(=O)C=Cc1ccccc1)Cc1ccccc1,False,-3,True,False,355.322,0.552,31.107,0.0,31.107,62.214,05_independent_audit/formal_v2_paused154_independent_qc.csv
random,98,LIB_GAWMJJRVBHQXMS,qc_pass,formal_forward_v2_merged,LIB_GAWMJJRVBHQXMS__M_PUB_ALL__e8__s20260927,True,-8.252,True,True,True,3.005127285157819,10.030899999999999,0.25675675675675674,True,O=C(Nc1ccccc1)Nc1c(-c2ccccc2)[n-]c2ccccc2c1=O,False,-1,False,False,406.824,0.417,18.512,0.0,18.512,37.024,05_independent_audit/formal_v2_paused154_independent_qc.csv
random,99,LIB_YLSOYKKCZWGOAL,qc_pass,formal_forward_v2_merged,LIB_YLSOYKKCZWGOAL__M_PUB_ALL__e8__s20260927,True,-6.298,False,True,False,3.1046734127762936,9.8109,0.2535211267605634,True,C=C(c1ccccc1)c1ccccc1,False,0,False,False,557.517,1.282,64.214,0.0,64.214,128.428,05_independent_audit/formal_v2_paused154_independent_qc.csv
random,100,LIB_ZHCKPBKNEQACID,qc_pass,formal_forward_v2_merged,LIB_ZHCKPBKNEQACID__M_PUB_ALL__e8__s20260927,True,-7.551,False,False,False,9.094699885097912,0.6678999999999995,0.3,False,c1ccc(-c2n[n-]c(-c3ccncc3)n2)cc1,False,-1,False,False,310.293,0.259,13.443,0.0,13.443,26.886,05_independent_audit/formal_v2_paused154_independent_qc.csv
random,101,LIB_GEIOOMRKGSMHML,qc_pass,formal_forward_v2_merged,LIB_GEIOOMRKGSMHML__M_PUB_ALL__e8__s20260927,True,-6.755,False,True,False,3.5367964318009606,0.7848999999999986,0.29310344827586204,True,c1ccc(C2=NCCc3ccccc32)cc1,False,0,False,False,289.737,0.128,8.768,0.0,8.768,17.536,05_independent_audit/formal_v2_paused154_independent_qc.csv
random,102,LIB_YJKUGONIJWVAHM,qc_pass,formal_forward_v2_merged,LIB_YJKUGONIJWVAHM__M_PUB_ALL__e8__s20260927,True,-7.531,False,True,False,3.1365857233622676,2.9308999999999994,0.36904761904761907,False,O=C(Nc1ccc(NC(=O)c2ccncc2)cc1)Nc1ccon1,False,0,False,False,379.42,0.598,17.93,0.0,17.93,35.86,05_independent_audit/formal_v2_paused154_independent_qc.csv
random,103,LIB_YFXUIKYIQHGCCE,qc_pass,formal_forward_v2_merged,LIB_YFXUIKYIQHGCCE__M_PUB_ALL__e8__s20260927,True,-6.572,False,True,False,2.9479033227024245,6.574,0.2222222222222222,True,O=c1c(Nc2cccnc2)ncnn1CC1CC1,False,0,False,False,399.373,0.722,24.283,0.0,24.283,48.566,05_independent_audit/formal_v2_paused154_independent_qc.csv
random,104,LIB_PRFCJLMTRMJJIY,qc_pass,formal_forward_v2_merged,LIB_PRFCJLMTRMJJIY__M_PUB_ALL__e8__s20260927,True,-7.976,False,True,False,3.2353111133243417,3.0769,0.2978723404255319,True,c1ccc(-c2cnc3c(-c4cccc(N5CCOCC5)c4)cnn3c2)cc1,False,0,False,False,486.576,1.565,42.687,0.0,42.687,85.374,05_independent_audit/formal_v2_paused154_independent_qc.csv
random,105,LIB_OJUNZBGNMUTVGC,qc_pass,formal_forward_v2_merged,LIB_OJUNZBGNMUTVGC__M_PUB_ALL__e8__s20260927,True,-8.668,True,True,True,2.933255870189303,3.6529999999999987,0.43636363636363634,False,O=S(=O)(Nc1ccno1)c1ccccc1-c1ccc(-c2ncco2)cc1,False,0,False,False,423.494,0.896,27.175,0.0,27.175,54.35,05_independent_audit/formal_v2_paused154_independent_qc.csv
random,106,LIB_OOBVFAPEUYZCPP,qc_pass,formal_forward_v2_merged,LIB_OOBVFAPEUYZCPP__M_PUB_ALL__e8__s20260927,True,-8.202,True,True,True,2.932423741548959,3.036999999999999,0.2696629213483146,True,c1ccc(-c2ccc3c(cnn3-c3ccccc3)c2)cc1,False,0,False,False,477.483,0.803,32.734,0.0,32.734,65.468,05_independent_audit/formal_v2_paused154_independent_qc.csv
random,107,LIB_FTFOAFZZXPZIAN,qc_pass,formal_forward_v2_merged,LIB_FTFOAFZZXPZIAN__M_PUB_ALL__e8__s20260927,True,-5.003,False,True,False,3.485322079808407,6.712,0.3230769230769231,False,c1ncc2nc[nH]c2n1,True,0,False,False,249.318,0.291,13.928,0.0,13.928,27.856,05_independent_audit/formal_v2_paused154_independent_qc.csv
random,108,LIB_UYSJVSDAZQUFEH,qc_pass,formal_forward_v2_merged,LIB_UYSJVSDAZQUFEH__M_PUB_ALL__e8__s20260927,True,-8.041,False,True,False,3.06679979783487,8.1429,0.21212121212121213,True,c1cc2cc(-c3ccc([NH+]4CC5CC4C[NH2+]5)nc3)ccc2o1,False,2,True,False,307.397,0.475,10.716,0.0,10.716,21.432,05_independent_audit/formal_v2_paused154_independent_qc.csv
random,109,LIB_MCMVYADVIOSDHY,qc_pass,formal_forward_v2_merged,LIB_MCMVYADVIOSDHY__M_PUB_ALL__e8__s20260927,True,-5.579,False,True,False,2.8068419976906425,7.965,0.2786885245901639,True,c1ccc(Sc2ncn[nH]2)cc1,False,0,False,False,381.41,0.548,33.865,0.0,33.865,67.73,05_independent_audit/formal_v2_paused154_independent_qc.csv
random,110,LIB_QUVFHVHLCFFINS,qc_pass,formal_forward_v2_merged,LIB_QUVFHVHLCFFINS__M_PUB_ALL__e8__s20260927,True,-6.677,False,False,False,6.791098512022925,2.4278999999999993,0.4,False,c1ccc(-c2ccccc2)cc1,True,-1,False,False,212.228,0.089,7.394,0.0,7.394,14.788,05_independent_audit/formal_v2_paused154_independent_qc.csv
random,111,LIB_PONILUFZRIPFJP,qc_pass,formal_forward_v2_merged,LIB_PONILUFZRIPFJP__M_PUB_ALL__e8__s20260927,True,-8.663,True,True,True,3.2087949451468543,-0.04100000000000392,0.3617021276595745,False,c1ccc(-c2csc(N(c3ccccc3)c3ccccc3)n2)cc1,False,-1,False,False,403.458,0.511,23.655,0.0,23.655,47.31,05_independent_audit/formal_v2_paused154_independent_qc.csv
random,112,LIB_HKBHNZWWRRRSCH,qc_pass,formal_forward_v2_merged,LIB_HKBHNZWWRRRSCH__M_PUB_ALL__e8__s20260927,True,-7.313,False,True,False,3.521799114089273,7.406999999999998,0.29411764705882354,True,c1ccc(CNc2nc3ccccc3n2CCc2c[nH]c3ccccc23)cc1,False,0,False,False,443.938,0.803,41.194,0.0,41.194,82.388,05_independent_audit/formal_v2_paused154_independent_qc.csv
random,113,LIB_UVJAYAHHKNFNAG,qc_pass,formal_forward_v2_merged,LIB_UVJAYAHHKNFNAG__M_PUB_ALL__e8__s20260927,True,-7.167,False,True,False,3.1591179148616773,7.4419,0.35294117647058826,False,O=C1CC(CCc2ccccc2)C(c2ccccc2)[NH+]1c1ccccc1,False,1,False,False,402.514,1.267,29.017,0.0,29.017,58.034,05_independent_audit/formal_v2_paused154_independent_qc.csv
random,114,LIB_IFIQVSCCFRXSJV,qc_pass,formal_forward_v2_merged,LIB_IFIQVSCCFRXSJV__M_PUB_ALL__e8__s20260927,True,-8.208,True,True,True,2.9668137791239944,7.071999999999999,0.2289156626506024,True,C1=C2C3CCCCC3CCC2C2CCC3CCCCC3C2C1,False,-1,False,False,503.7,3.859,19.92,0.0,19.92,39.84,05_independent_audit/formal_v2_paused154_independent_qc.csv
random,115,LIB_OHXCLBVZKIOYOG,qc_pass,formal_forward_v2_merged,LIB_OHXCLBVZKIOYOG__M_PUB_ALL__e8__s20260927,True,-8.755,True,True,True,3.415102633889646,4.565899999999999,0.2,True,O=S1(=O)CCC[NH+]1CC1CCCC2(S(=O)(=O)c3ccccc3)c3ccccc3OCC12,False,1,False,False,566.59,1.444,40.413,0.0,40.413,80.826,05_independent_audit/formal_v2_paused154_independent_qc.csv
random,116,LIB_KRGWFTJXWQZJML,qc_pass,formal_forward_v2_merged,LIB_KRGWFTJXWQZJML__M_PUB_ALL__e8__s20260927,True,-8.256,True,True,True,2.923109645565831,9.527999999999999,0.26582278481012656,True,O=c1c(C2=[NH+]S(=O)(=O)c3ccccc3N2)cc2ccccc2n1CCC1CC1,False,-1,False,False,528.538,1.371,33.731,0.0,33.731,67.462,05_independent_audit/formal_v2_paused154_independent_qc.csv
random,117,LIB_KRKNYBCHXYNGOX,qc_pass,formal_forward_v2_merged,LIB_KRKNYBCHXYNGOX__M_PUB_ALL__e8__s20260927,True,-5.815,False,False,False,13.974224629652982,0.9688999999999997,0.3181818181818182,False,ACYCLIC:O=C([O-])CC(O)(CC(=O)[O-])C(=O)[O-],False,-3,True,False,189.099,0.099,8.018,0.0,8.018,16.036,05_independent_audit/formal_v2_paused154_independent_qc.csv
random,118,LIB_KWWHIDCVULQSFZ,qc_pass,formal_forward_v2_merged,LIB_KWWHIDCVULQSFZ__M_PUB_ALL__e8__s20260927,True,-6.175,False,False,False,13.53751350876519,0.7339000000000002,0.26785714285714285,True,c1nc(C2CCCO2)c[n-]1,False,0,False,False,167.212,0.19,6.46,0.0,6.46,12.92,05_independent_audit/formal_v2_paused154_independent_qc.csv
random,119,LIB_CHFMAFLBJKNXLK,qc_pass,formal_forward_v2_merged,LIB_CHFMAFLBJKNXLK__M_PUB_ALL__e8__s20260927,True,-9.755,True,True,True,2.9328448646322904,8.325,0.3076923076923077,False,O=C1c2c(ccc3ccc(=O)oc23)OCC1(C[NH+]1CCN(c2ccccc2)CC1)C[NH+]1CCN(c2ccccc2)CC1,False,2,True,False,580.729,2.937,70.795,0.0,70.795,141.59,05_independent_audit/formal_v2_paused154_independent_qc.csv
random,120,LIB_LVSWEGNPHRUXSW,qc_pass,formal_forward_v2_merged,LIB_LVSWEGNPHRUXSW__M_PUB_ALL__e8__s20260927,True,-8.928,True,True,True,3.4804334500173963,3.0099,0.31313131313131315,False,O=C(NCC1CCCCC1)Nc1ccc(-c2cnc3c(-c4ccc(N5CC[NH2+]CC5)cc4)cnn3c2)cc1,False,1,False,False,539.708,2.696,47.866,0.0,47.866,95.732,05_independent_audit/formal_v2_paused154_independent_qc.csv
descriptor_ridge,1,LIB_OFWIRPXDLBDEFC,qc_pass,formal_forward_v2_merged,LIB_OFWIRPXDLBDEFC__M_PUB_ALL__e8__s20260927,True,-9.29,True,True,True,2.9638065051551528,7.007999999999999,0.2222222222222222,True,O=C(OC1CCCCO1)C12CCCC=C1C1=CCC3C4CCCCC4CCC3C1CC2,False,0,False,False,632.835,6.184,87.12,0.0,87.12,174.24,05_independent_audit/formal_v2_paused154_independent_qc.csv
descriptor_ridge,2,LIB_ONKDPBFYYUGYFL,qc_pass,formal_forward_v2_merged,LIB_ONKDPBFYYUGYFL__M_PUB_ALL__e8__s20260927,True,-9.382,True,True,True,2.8896177947957065,6.994,0.2169811320754717,True,C=C1CCCC2(C(=O)OC3CCCCO3)CCC3C(=CCC4C5CCCCC5CCC34)C12,False,0,False,False,632.835,5.139,94.325,0.0,94.325,188.65,05_independent_audit/formal_v2_paused154_independent_qc.csv
descriptor_ridge,3,LIB_VOJUDERLBZKDIW,qc_pass,formal_forward_v2_merged,LIB_VOJUDERLBZKDIW__M_PUB_ALL__e8__s20260927,True,-8.981,True,True,True,2.937354762366984,8.3169,0.21296296296296297,True,C=C1CCCC2(C(=O)OC3CCCCO3)CCC3C(=CCC4C5CCCCC5CCC34)C12,False,0,False,False,648.834,6.305,92.624,0.0,92.624,185.248,05_independent_audit/formal_v2_paused154_independent_qc.csv
descriptor_ridge,4,LIB_NEBOKDKFXPUVNX,qc_pass,formal_forward_v2_merged,LIB_NEBOKDKFXPUVNX__M_PUB_ALL__e8__s20260927,True,-8.786,True,True,True,3.1166222100216125,5.9948999999999995,0.2962962962962963,True,O=C(N[N-]C(=O)c1cnc(-c2cc(-c3ccccc3)n(-c3ccccc3)n2)s1)NC(=O)c1ccccc1,False,-1,False,False,642.014,1.398,92.775,0.0,92.775,185.55,05_independent_audit/formal_v2_paused154_independent_qc.csv
descriptor_ridge,5,LIB_YMNLMXSYVMONGN,qc_pass,formal_forward_v2_merged,LIB_YMNLMXSYVMONGN__M_PUB_ALL__e8__s20260927,True,-9.423,True,True,True,3.241779912332111,7.806999999999999,0.1836734693877551,True,C1CCC(OC2CCC34CC35CCC3C(CC67CCC(CCC36)O7)C5CCC4C2)OC1,False,0,False,False,618.852,5.367,48.211,0.0,48.211,96.422,05_independent_audit/formal_v2_paused154_independent_qc.csv
descriptor_ridge,6,LIB_JRPKYTRZLLKZAQ,qc_pass,formal_forward_v2_merged,LIB_JRPKYTRZLLKZAQ__M_PUB_ALL__e8__s20260927,True,-10.744,True,True,True,3.201633801670641,6.488899999999999,0.23529411764705882,True,O=c1cccc2c1cc1cccc3c4ccc(=O)c5cc6ccccc6c(c54)c2c13,False,-6,True,False,500.418,0.374,10.491,0.0,10.491,20.982,05_independent_audit/formal_v2_paused154_independent_qc.csv
descriptor_ridge,7,LIB_JFJZZMVDLULRGK,qc_pass,formal_forward_v2_merged,LIB_JFJZZMVDLULRGK__M_PUB_ALL__e8__s20260927,True,-7.022,False,True,False,3.3142916286893027,2.4818999999999996,0.18,True,c1cc2cc(c1)Oc1ccc3c(c1)C(Cc1ccc(cc1)Oc1cccc4c1C(C2)[NH2+]CC4)[NH2+]CC3,False,0,False,False,608.735,3.012,181.811,0.0,181.811,363.622,05_independent_audit/formal_v2_paused154_independent_qc.csv
descriptor_ridge,8,LIB_HBSKTOHGBYHMLP,qc_pass,formal_forward_v2_merged,LIB_HBSKTOHGBYHMLP__M_PUB_ALL__e8__s20260927,True,-9.809,True,True,True,3.343924939348967,4.133900000000001,0.2,True,O=C1NCc2cccc(c2)CNC(=O)c2coc(n2)-c2csc(n2)-c2cccc(n2)-c2nc(cs2)-c2nc1co2,False,0,False,False,567.612,1.133,13.166,0.0,13.166,26.332,05_independent_audit/formal_v2_paused154_independent_qc.csv
descriptor_ridge,9,LIB_NHVGQRASKRTWLZ,qc_pass,formal_forward_v2_merged,LIB_NHVGQRASKRTWLZ__M_PUB_ALL__e8__s20260927,True,-9.705,True,True,True,2.7906638995049184,8.898,0.2222222222222222,True,O=C(Nc1cccc(-n2ccnc2)c1)c1cccc(Nc2nc3ccccc3n2-c2ccncn2)c1,False,0,False,False,583.578,1.731,76.264,0.0,76.264,152.528,05_independent_audit/formal_v2_paused154_independent_qc.csv
descriptor_ridge,10,LIB_JDMGNUZGYHBPDP,qc_pass,formal_forward_v2_merged,LIB_JDMGNUZGYHBPDP__M_PUB_ALL__e8__s20260927,True,-9.384,True,True,True,3.023029275412331,6.8919999999999995,0.24793388429752067,True,O=C(Nc1ccc(-c2nc3c(cnn3Cc3ccccc3)[n-]2)cc1)Nc1cccc(N2CCOCC2)c1,False,-1,False,False,604.613,2.369,73.327,0.0,73.327,146.654,05_independent_audit/formal_v2_paused154_independent_qc.csv
descriptor_ridge,11,LIB_WSTGIXIJIWZIHP,qc_pass,formal_forward_v2_merged,LIB_WSTGIXIJIWZIHP__M_PUB_ALL__e8__s20260927,True,-9.655,True,True,True,2.730099265594568,6.962999999999999,0.21904761904761905,True,O=C(c1ccn2c1CSC2c1cccnc1)c1cn(C(=O)c2ccccc2)c2cc(-c3ccccc3)ccc12,False,-1,False,False,622.679,1.543,73.623,0.0,73.623,147.246,05_independent_audit/formal_v2_paused154_independent_qc.csv
descriptor_ridge,12,LIB_BPLOGUVUEKYGFE,qc_pass,formal_forward_v2_merged,LIB_BPLOGUVUEKYGFE__M_PUB_ALL__e8__s20260927,True,-9.013,True,True,True,2.7364303389635194,8.6619,0.33962264150943394,False,O=C(c1ccccc1)c1cn(-c2ccccc2)nc1C(=O)c1cn(-c2ccccc2)nc1C(=O)c1cnn(-c2ccccc2)c1,False,0,False,False,644.691,2.412,129.661,0.0,129.661,259.322,05_independent_audit/formal_v2_paused154_independent_qc.csv
descriptor_ridge,13,LIB_UAJLGPWMTHKWBD,qc_pass,formal_forward_v2_merged,LIB_UAJLGPWMTHKWBD__M_PUB_ALL__e8__s20260927,True,-8.039,False,True,False,2.7026022644851015,9.631300000000001,0.27184466019417475,True,O=C([N-]N1CCCCC1)c1cccc(S(=O)(=O)[N-]C(=O)c2ccc3ccccc3c2)c1,False,-4,True,False,625.974,1.675,93.566,0.0,93.566,187.132,05_independent_audit/formal_v2_paused154_independent_qc.csv
descriptor_ridge,14,LIB_XWAXDNIZFDHSSU,qc_pass,formal_forward_v2_merged,LIB_XWAXDNIZFDHSSU__M_PUB_ALL__e8__s20260927,True,-8.522,True,True,True,3.0332321045379964,3.9208999999999996,0.24761904761904763,True,O=c1[n-]ccc(NCCc2ccccc2)c1-c1nc2ccc(N3CCCCC3)cc2[n-]1,False,-2,True,False,591.112,2.566,80.746,0.0,80.746,161.492,05_independent_audit/formal_v2_paused154_independent_qc.csv
descriptor_ridge,15,LIB_QDQTUGOWMGACMO,qc_pass,formal_forward_v2_merged,LIB_QDQTUGOWMGACMO__M_PUB_ALL__e8__s20260927,True,-8.661,True,True,True,2.783109771460694,7.754999999999999,0.21052631578947367,True,C1CCC23CC24CCC2C(CC56CCC(CCC25)O6)C4CCC3C1,False,-1,False,False,545.737,3.049,30.685,0.0,30.685,61.37,05_independent_audit/formal_v2_paused154_independent_qc.csv
descriptor_ridge,16,LIB_BXMPHYNIUWLBLW,qc_pass,formal_forward_v2_merged,LIB_BXMPHYNIUWLBLW__M_PUB_ALL__e8__s20260927,True,-9.765,True,True,True,3.3542809959811057,3.208999999999998,0.25,True,O=C(Nc1cccc(-c2nc3c(cnn3Cc3ccccc3)[n-]2)c1)Nc1cccc(N2CCOCC2)c1,False,-1,False,False,574.587,1.568,56.34,0.0,56.34,112.68,05_independent_audit/formal_v2_paused154_independent_qc.csv
descriptor_ridge,17,LIB_TZZWHMBWMXOBCM,qc_pass,formal_forward_v2_merged,LIB_TZZWHMBWMXOBCM__M_PUB_ALL__e8__s20260927,True,-8.898,True,True,True,3.4712736855511688,7.749999999999998,0.21505376344086022,True,C1CCC23CC24CCC2C5CCC6(CCC7OC76)OC5CC2C4CCC3C1,False,0,False,False,542.757,3.48,21.59,0.0,21.59,43.18,05_independent_audit/formal_v2_paused154_independent_qc.csv
descriptor_ridge,18,LIB_FDCXXPBBHPICRU,qc_pass,formal_forward_v2_merged,LIB_FDCXXPBBHPICRU__M_PUB_ALL__e8__s20260927,True,-10.668,True,True,True,3.333156311966181,0.5858999999999988,0.28421052631578947,True,O=C(Nc1cccc(-n2ccc3c(NC(=O)c4ccccc4)nccc32)c1)c1ccc(N2CCOCC2)cc1,False,0,False,False,585.586,1.602,50.626,0.0,50.626,101.252,05_independent_audit/formal_v2_paused154_independent_qc.csv
descriptor_ridge,19,LIB_GMFZNQYZGJZENC,qc_pass,formal_forward_v2_merged,LIB_GMFZNQYZGJZENC__M_PUB_ALL__e8__s20260927,True,-9.912,True,True,True,3.5672433334439075,3.219999999999999,0.2558139534883721,True,O=C(Nc1cccc(-c2nc3c(cnn3Cc3ccccc3)[nH]2)c1)Nc1cccc(N2CCOCC2)c1,False,0,False,False,589.622,1.774,63.014,0.0,63.014,126.028,05_independent_audit/formal_v2_paused154_independent_qc.csv
descriptor_ridge,20,LIB_YDJYRDOKNBKUDY,qc_pass,formal_forward_v2_merged,LIB_YDJYRDOKNBKUDY__M_PUB_ALL__e8__s20260927,True,-8.466,True,True,True,2.872513533475517,9.063999999999998,0.25510204081632654,True,C1=C2C3CCCCC3CCC2C2CCC3CCCCC3C2C1,False,-2,True,False,582.756,3.653,38.776,0.0,38.776,77.552,05_independent_audit/formal_v2_paused154_independent_qc.csv
descriptor_ridge,21,LIB_FLHLHIWGNRUPHK,qc_pass,formal_forward_v2_merged,LIB_FLHLHIWGNRUPHK__M_PUB_ALL__e8__s20260927,True,-8.33,True,True,True,2.801017493697601,7.559899999999999,0.26373626373626374,True,O=C(NC(=S)N[N-]C(=O)c1cnc(-c2cc(-c3ccccc3)n(-c3ccccc3)n2)s1)c1ccccc1,False,-1,False,False,590.085,1.228,48.572,0.0,48.572,97.144,05_independent_audit/formal_v2_paused154_independent_qc.csv
descriptor_ridge,22,LIB_HTEUQPWFMDGLKN,qc_pass,formal_forward_v2_merged,LIB_HTEUQPWFMDGLKN__M_PUB_ALL__e8__s20260927,True,-9.813,True,True,True,2.800148924610975,8.7319,0.2828282828282828,True,O=C(Nc1cccc(Nc2nc3ccccc3n2-c2ccncn2)c1)c1cccc(N2CC[NH2+]CC2)c1,False,1,False,False,616.672,2.177,89.259,0.0,89.259,178.518,05_independent_audit/formal_v2_paused154_independent_qc.csv
descriptor_ridge,23,LIB_ZQOONWLSKQGNJP,qc_pass,formal_forward_v2_merged,LIB_ZQOONWLSKQGNJP__M_PUB_ALL__e8__s20260927,True,-7.364,False,True,False,3.1674106143662524,9.7179,0.21176470588235294,True,O=C1CC2OC34OC5(CCC6C(=O)CC(C2O1)C63)CC12OC(=O)CC1OCC2CC=C5C4=O,False,0,False,False,574.579,1.964,119.364,0.0,119.364,238.728,05_independent_audit/formal_v2_paused154_independent_qc.csv
descriptor_ridge,24,LIB_HRXLCWSIQGZEGT,qc_pass,formal_forward_v2_merged,LIB_HRXLCWSIQGZEGT__M_PUB_ALL__e8__s20260927,True,-7.314,False,True,False,2.9638377148555204,7.120900000000001,0.2222222222222222,True,O=C1[NH+](Cc2ccccc2)C(Cc2ccccc2)CCC(Cc2ccccc2)[NH+]1Cc1ccc2[n-]nc(-c3cc[n-]n3)c2c1,False,0,False,False,627.749,3.101,416.446,0.0,416.446,832.892,05_independent_audit/formal_v2_paused154_independent_qc.csv
descriptor_ridge,25,LIB_YQPHBBQBBMIYLO,qc_pass,formal_forward_v2_merged,LIB_YQPHBBQBBMIYLO__M_PUB_ALL__e8__s20260927,True,-9.863,True,True,True,2.804939571541605,8.886999999999999,0.29357798165137616,True,O=C(Nc1cccc(Nc2nc3ccccc3n2-c2ccncn2)c1)c1cccc(N2CC[NH2+]CC2)c1,False,1,False,False,602.645,2.05,81.406,0.0,81.406,162.812,05_independent_audit/formal_v2_paused154_independent_qc.csv
descriptor_ridge,26,LIB_RSCVHKUJNYXHPQ,qc_pass,formal_forward_v2_merged,LIB_RSCVHKUJNYXHPQ__M_PUB_ALL__e8__s20260927,True,-6.577,False,True,False,3.13249724660693,10.2609,0.2336448598130841,True,O=C1OCC=C1C1C=C2C(C1)OCCC1C2CC2OCC3CCCC1C32,False,0,False,False,626.743,4.127,256.443,0.0,256.443,512.886,05_independent_audit/formal_v2_paused154_independent_qc.csv
descriptor_ridge,27,LIB_FYPXVPUOPMHLDN,qc_pass,formal_forward_v2_merged,LIB_FYPXVPUOPMHLDN__M_PUB_ALL__e8__s20260927,True,-6.749,False,True,False,3.254658353806125,6.164899999999999,0.22018348623853212,True,O=C1[NH+](Cc2ccccc2)C(Cc2ccccc2)CCC(Cc2ccccc2)[NH+]1Cc1ccc2[n-]nc(-c3cccs3)c2c1,False,1,False,False,644.821,4.204,455.501,0.0,455.501,911.002,05_independent_audit/formal_v2_paused154_independent_qc.csv
descriptor_ridge,28,LIB_NNIHOVDDAZGURH,qc_pass,formal_forward_v2_merged,LIB_NNIHOVDDAZGURH__M_PUB_ALL__e8__s20260927,True,-7.946,False,True,False,3.631063893681851,6.905999999999999,0.24242424242424243,True,O=C(C=Cc1ccccc1)OC1CC2COC3(CCCC(OC(=O)c4ccccc4)C13)C2,False,0,False,False,636.694,3.811,148.877,0.0,148.877,297.754,05_independent_audit/formal_v2_paused154_independent_qc.csv
descriptor_ridge,29,LIB_TXFGQQCHKBHRQF,qc_pass,formal_forward_v2_merged,LIB_TXFGQQCHKBHRQF__M_PUB_ALL__e8__s20260927,True,-7.156,False,True,False,3.349065989197585,6.747999999999999,0.24074074074074073,True,O=C(C=Cc1ccccc1)OC1CC2COC3(CCCC(OC(=O)c4ccccc4)C13)C2,False,0,False,False,636.694,3.506,128.135,0.0,128.135,256.27,05_independent_audit/formal_v2_paused154_independent_qc.csv
descriptor_ridge,30,LIB_QLNUKHGTFPPKSK,qc_pass,formal_forward_v2_merged,LIB_QLNUKHGTFPPKSK__M_PUB_ALL__e8__s20260927,True,-7.632,False,True,False,3.451867175891911,6.0329,0.25742574257425743,True,O=C1CC2=C3CC4C(=O)C(CCC4OC(=O)c4ccccc4)C3CCC2C(c2ccoc2)O1,False,0,False,False,590.669,4.861,75.196,0.0,75.196,150.392,05_independent_audit/formal_v2_paused154_independent_qc.csv
descriptor_ridge,31,LIB_OVOJZOGJIHRBMM,qc_pass,formal_forward_v2_merged,LIB_OVOJZOGJIHRBMM__M_PUB_ALL__e8__s20260927,True,-7.161,False,True,False,2.8853251116641947,9.6749,0.24528301886792453,True,O=C1OCC=C1C1C=C2C(C1)OCCC1C2CC2OCC3CCCC1C32,False,0,False,False,600.705,4.07,224.083,0.0,224.083,448.166,05_independent_audit/formal_v2_paused154_independent_qc.csv
descriptor_ridge,32,LIB_OKBVEGJXRLVXHT,qc_pass,formal_forward_v2_merged,LIB_OKBVEGJXRLVXHT__M_PUB_ALL__e8__s20260927,True,-8.259,True,True,True,3.227578968824775,10.1979,0.2631578947368421,True,O=C(c1ccccc1)c1cccc(C2=CCOc3ccccc32)c1,False,-4,True,False,570.594,2.185,57.085,0.0,57.085,114.17,05_independent_audit/formal_v2_paused154_independent_qc.csv
descriptor_ridge,33,LIB_JFADHIAXFVRSJF,qc_pass,formal_forward_v2_merged,LIB_JFADHIAXFVRSJF__M_PUB_ALL__e8__s20260927,True,-9.708,True,True,True,3.994473557303891,3.0488999999999997,0.375,False,O=C(c1ccccc1)c1cn(-c2ccccc2)nc1C(=O)c1cn(-c2ccccc2)nc1C(=O)c1cnn(-c2ccccc2)c1,False,0,False,False,630.664,2.298,124.947,0.0,124.947,249.894,05_independent_audit/formal_v2_paused154_independent_qc.csv
descriptor_ridge,34,LIB_IJNPXERHOGNDDN,qc_pass,formal_forward_v2_merged,LIB_IJNPXERHOGNDDN__M_PUB_ALL__e8__s20260927,True,-8.704,True,True,True,3.501248491609813,7.6529,0.21348314606741572,True,C1CCC23CC24CCC2C5CCC6(CCC7OC76)OC5CC2C4CCC3C1,False,0,False,False,526.758,3.872,18.096,0.0,18.096,36.192,05_independent_audit/formal_v2_paused154_independent_qc.csv
descriptor_ridge,35,LIB_LWTKJTIPCMXHIH,qc_pass,formal_forward_v2_merged,LIB_LWTKJTIPCMXHIH__M_PUB_ALL__e8__s20260927,True,-8.422,True,True,True,3.0033757673657826,5.350899999999999,0.23148148148148148,True,O=c1[n-]ccc(NCCc2ccccc2)c1-c1nc2ccc(N3CCCC3)cc2[n-]1,False,-2,True,False,577.085,2.582,68.159,0.0,68.159,136.318,05_independent_audit/formal_v2_paused154_independent_qc.csv
descriptor_ridge,36,LIB_XKOPCBHBBCCNEY,qc_pass,formal_forward_v2_merged,LIB_XKOPCBHBBCCNEY__M_PUB_ALL__e8__s20260927,True,-6.889,False,True,False,3.0543958486090155,7.713999999999999,0.24545454545454545,True,O=C1OCC=C1C1C=C2C(C1)OCCC1C2CC2OCC3CCCC1C32,False,0,False,False,628.759,3.883,230.825,0.0,230.825,461.65,05_independent_audit/formal_v2_resume_independent_qc.csv
descriptor_ridge,37,LIB_RWVZCSBFQAARFN,qc_pass,formal_forward_v2_merged,LIB_RWVZCSBFQAARFN__M_PUB_ALL__e8__s20260927,True,-8.811,True,True,True,2.957067128084853,7.431999999999999,0.25,True,C1CCC23CC24CCC2C(CC56CCC(CCC25)O6)C4CCC3C1,False,0,False,False,528.774,3.633,23.631,0.0,23.631,47.262,05_independent_audit/formal_v2_paused154_independent_qc.csv
descriptor_ridge,38,LIB_REZFVUNAFUHYBW,qc_pass,formal_forward_v2_merged,LIB_REZFVUNAFUHYBW__M_PUB_ALL__e8__s20260927,True,-9.608,True,True,True,3.4278001692047333,2.7309,0.2523364485981308,True,O=C(Nc1cccc(Nc2nc3ccccc3n2-c2cc([NH2+]C3CCCCC3)ncn2)c1)c1ccccc1,False,2,True,False,602.665,2.049,90.835,0.0,90.835,181.67,05_independent_audit/formal_v2_resume_independent_qc.csv
descriptor_ridge,39,LIB_VULLSLYDWNGNKZ,qc_pass,formal_forward_v2_merged,LIB_VULLSLYDWNGNKZ__M_PUB_ALL__e8__s20260927,True,-8.893,True,True,True,2.8800991302384022,10.37,0.23655913978494625,True,C1=C2C3CCCCC3CCC2C2CCC3CCCCC3C2C1,False,-1,False,False,503.7,2.386,20.988,0.0,20.988,41.976,05_independent_audit/formal_v2_resume_independent_qc.csv
descriptor_ridge,40,LIB_IELVEPMRFQCOKL,qc_pass,formal_forward_v2_merged,LIB_IELVEPMRFQCOKL__M_PUB_ALL__e8__s20260927,True,-6.907,False,True,False,2.9801105684185596,8.9829,0.23853211009174313,True,O=C1OCC=C1C1C=C2C(C1)OCCC1C2CC2OCC3CCCC1C32,False,0,False,False,614.732,3.821,222.276,0.0,222.276,444.552,05_independent_audit/formal_v2_resume_independent_qc.csv
descriptor_ridge,41,LIB_GMJDBOQFBWJYSY,qc_pass,formal_forward_v2_merged,LIB_GMJDBOQFBWJYSY__M_PUB_ALL__e8__s20260927,True,-6.284,False,True,False,2.8082344987554015,7.408999999999999,0.21495327102803738,True,C=C1C(CC2CC=CC(=O)O2)CCC2C1CC1C2CCC2COC(=O)C=CC23OC13,False,0,False,False,570.679,4.482,191.898,0.0,191.898,383.796,05_independent_audit/formal_v2_resume_independent_qc.csv
descriptor_ridge,42,LIB_IUVCFHHAEHNCFT,qc_pass,formal_forward_v2_merged,LIB_IUVCFHHAEHNCFT__M_PUB_ALL__e8__s20260927,True,-9.645,True,True,True,3.342069568396206,3.1388999999999996,0.26436781609195403,True,O=c1c(-c2ccccc2)c(Cn2nc(-c3ccccc3)c3cncnc32)oc2ccccc12,False,0,False,False,571.559,1.386,60.331,0.0,60.331,120.662,05_independent_audit/formal_v2_resume_independent_qc.csv
descriptor_ridge,43,LIB_ZRXGKCCYQOMSJI,qc_pass,formal_forward_v2_merged,LIB_ZRXGKCCYQOMSJI__M_PUB_ALL__e8__s20260927,True,-8.634,True,True,True,3.344861581590484,9.4719,0.25806451612903225,True,O=C(NC(Cc1c[nH]c2ccccc12)c1cscn1)c1ccc2c(c1)nc(-c1ccc[nH]1)n2C1CCCCC1,False,-1,False,False,563.707,1.86,48.235,0.0,48.235,96.47,05_independent_audit/formal_v2_resume_independent_qc.csv
descriptor_ridge,44,LIB_CTJUVPHBVVMJHR,qc_pass,formal_forward_v2_merged,LIB_CTJUVPHBVVMJHR__M_PUB_ALL__e8__s20260927,True,-8.68,True,True,True,2.9762343657716195,7.664999999999999,0.25,True,O=C(NC(Cc1c[nH]c2ccccc12)c1cscn1)c1ccc2c(c1)nc(-c1ccccn1)n2C1CCCCC1,False,-1,False,False,561.691,1.651,47.869,0.0,47.869,95.738,05_independent_audit/formal_v2_resume_independent_qc.csv
descriptor_ridge,45,LIB_PWPRVHILSMCPLW,qc_pass,formal_forward_v2_merged,LIB_PWPRVHILSMCPLW__M_PUB_ALL__e8__s20260927,True,-9.553,True,True,True,3.070493282845608,8.050999999999998,0.2543859649122807,True,O=C(CN(C(=O)c1ccccc1)c1ccc2ncn(Cc3ccc(-c4ccccc4-c4nnn[nH]4)cc3)c(=O)c2c1)c1ccco1,False,0,False,False,621.657,1.514,85.632,0.0,85.632,171.264,05_independent_audit/formal_v2_resume_independent_qc.csv
descriptor_ridge,46,LIB_GMMYKYNDSYLONO,qc_pass,formal_forward_v2_merged,LIB_GMMYKYNDSYLONO__M_PUB_ALL__e8__s20260927,True,-8.936,True,True,True,3.092422674861896,9.111899999999999,0.24770642201834864,True,C=C1CCCC2C1C(OC(=O)c1ccccc1)CC1OC3(COC(=O)C3)CC(OC(=O)c3cccnc3)C12,False,0,False,False,575.658,2.372,44.446,0.0,44.446,88.892,05_independent_audit/formal_v2_resume_independent_qc.csv
descriptor_ridge,47,LIB_WFFUGMCEOIJHMN,qc_pass,formal_forward_v2_merged,LIB_WFFUGMCEOIJHMN__M_PUB_ALL__e8__s20260927,True,-8.895,True,True,True,2.9825028080456195,9.8079,0.23636363636363636,True,O=C1CC2(CO1)CC(OC(=O)c1cccnc1)C1C(CC(OC(=O)c3ccccc3)C3C=CCCC31)O2,False,0,False,False,575.658,1.938,50.719,0.0,50.719,101.438,05_independent_audit/formal_v2_resume_independent_qc.csv
descriptor_ridge,48,LIB_XSSPOOYIFPEICN,qc_pass,formal_forward_v2_merged,LIB_XSSPOOYIFPEICN__M_PUB_ALL__e8__s20260927,True,-6.54,False,True,False,3.0882294280056333,8.254,0.21428571428571427,True,C=C1C(CC2CC=CC(=O)O2)CCC2C1CC13CC4C(CCC21)COC(=O)CC4OO3,False,0,False,False,572.695,3.221,139.977,0.0,139.977,279.954,05_independent_audit/formal_v2_resume_independent_qc.csv
descriptor_ridge,49,LIB_GGEALBVZDVXUND,qc_pass,formal_forward_v2_merged,LIB_GGEALBVZDVXUND__M_PUB_ALL__e8__s20260927,True,-9.727,True,True,True,3.243466355614006,9.561,0.2782608695652174,True,O=C(Nc1cccc(Nc2nc3ccccc3n2-c2cc(N3CCOCC3)ncn2)c1)c1ccccc1,False,0,False,False,573.579,1.252,63.47,0.0,63.47,126.94,05_independent_audit/formal_v2_resume_independent_qc.csv
descriptor_ridge,50,LIB_WUMNNWDKNWWLGB,qc_pass,formal_forward_v2_merged,LIB_WUMNNWDKNWWLGB__M_PUB_ALL__e8__s20260927,True,-6.426,False,True,False,2.7376453386076145,9.528999999999998,0.20952380952380953,True,C=C1C(CC2CC=CC(=O)O2)CCC2C1CC1C=C3C=CC(=O)OCC3CCC12,False,0,False,False,554.68,2.67,175.063,0.0,175.063,350.126,05_independent_audit/formal_v2_resume_independent_qc.csv
descriptor_ridge,51,LIB_QDISWXTVLYHRCQ,qc_pass,formal_forward_v2_merged,LIB_QDISWXTVLYHRCQ__M_PUB_ALL__e8__s20260927,True,-7.885,False,True,False,3.317671171168113,7.036,0.23300970873786409,True,O=C(C=Cc1ccccc1)OC1CC2COC3(CCCC(OC(=O)c4ccccc4)C13)C2,False,0,False,False,620.695,2.982,154.823,0.0,154.823,309.646,05_independent_audit/formal_v2_resume_independent_qc.csv
descriptor_ridge,52,LIB_FYGSMJAMPMZYFS,qc_pass,formal_forward_v2_merged,LIB_FYGSMJAMPMZYFS__M_PUB_ALL__e8__s20260927,True,-8.738,True,True,True,2.9625126160068924,9.956999999999999,0.23809523809523808,True,C1=C2C3CCCCC3CCC2C2CCC3CCCCC3C2C1,False,-2,True,False,516.675,3.139,24.072,0.0,24.072,48.144,05_independent_audit/formal_v2_resume_independent_qc.csv
descriptor_ridge,53,LIB_VUXZIMAQBPJZQB,qc_pass,formal_forward_v2_merged,LIB_VUXZIMAQBPJZQB__M_PUB_ALL__e8__s20260927,True,-7.237,False,True,False,3.2566726884966495,9.537999999999998,0.25806451612903225,True,O=C(OC1CCCC23CC(CO2)CC(OC(=O)c2ccccc2)C13)c1ccccc1,False,0,False,False,610.656,2.367,132.597,0.0,132.597,265.194,05_independent_audit/formal_v2_resume_independent_qc.csv
descriptor_ridge,54,LIB_QTVNFRLKAGKBPS,qc_pass,formal_forward_v2_merged,LIB_QTVNFRLKAGKBPS__M_PUB_ALL__e8__s20260927,True,-6.573,False,True,False,3.347987305830176,7.404999999999999,0.26666666666666666,True,O=C1NC(=O)C2=C1c1cn(c3ccccc13)CC[NH2+]CCOCC[NH2+]CCOCCn1cc2c2ccccc21,False,2,True,False,585.749,2.603,189.487,0.0,189.487,378.974,05_independent_audit/formal_v2_resume_independent_qc.csv
descriptor_ridge,55,LIB_FIENVLBRUWEWDS,qc_pass,formal_forward_v2_merged,LIB_FIENVLBRUWEWDS__M_PUB_ALL__e8__s20260927,True,-9.831,True,True,True,3.276011446866448,3.879999999999999,0.3287671232876712,False,O=C(Nc1ccc(-c2cnc3c(-c4ccc(N5CC[NH2+]CC5)cc4)cnn3c2)cc1)c1ccccc1,False,1,False,False,572.615,2.147,45.086,0.0,45.086,90.172,05_independent_audit/formal_v2_resume_independent_qc.csv
descriptor_ridge,56,LIB_PHVRYQBXECZHNT,qc_pass,formal_forward_v2_merged,LIB_PHVRYQBXECZHNT__M_PUB_ALL__e8__s20260927,True,-9.732,True,True,True,3.246074552440224,1.7088999999999999,0.30392156862745096,False,O=C(Nc1ccc(-c2cnc3c(-c4cccc(N5CC[NH2+]CC5)c4)cnn3c2)cc1)c1ccccc1,False,1,False,False,572.615,1.726,48.228,0.0,48.228,96.456,05_independent_audit/formal_v2_resume_independent_qc.csv
descriptor_ridge,57,LIB_POBWGJYVMWYKSK,qc_pass,formal_forward_v2_merged,LIB_POBWGJYVMWYKSK__M_PUB_ALL__e8__s20260927,True,-7.056,False,True,False,2.9032802138271108,9.312899999999999,0.24299065420560748,True,O=C1OCC=C1C1C=C2C(C1)OCCC1C2CC2OCC3CCCC1C32,False,0,False,False,584.706,3.732,195.025,0.0,195.025,390.05,05_independent_audit/formal_v2_resume_independent_qc.csv
descriptor_ridge,58,LIB_PYYBXMVTBWYBDY,qc_pass,formal_forward_v2_merged,LIB_PYYBXMVTBWYBDY__M_PUB_ALL__e8__s20260927,True,-5.651,False,True,False,3.2397064681850423,6.5299,0.25203252032520324,True,O=C1C=CC=CCOCCCCC(=O)OCC23CCC=CC2OC2CC(O1)C3C21CO1,False,0,False,False,548.629,3.787,245.697,0.0,245.697,491.394,05_independent_audit/formal_v2_resume_independent_qc.csv
descriptor_ridge,59,LIB_FVTRWXQLJLCVKD,qc_pass,formal_forward_v2_merged,LIB_FVTRWXQLJLCVKD__M_PUB_ALL__e8__s20260927,True,-7.588,False,True,False,3.3215606271751232,9.9389,0.24528301886792453,True,O=C(C=Cc1ccccc1)OC1CC2COC3(CCCC(OC(=O)c4ccccc4)C13)C2,False,0,False,False,594.657,3.24,164.23,0.0,164.23,328.46,05_independent_audit/formal_v2_resume_independent_qc.csv
descriptor_ridge,60,LIB_OOAWTVSOWWSCRB,qc_pass,formal_forward_v2_merged,LIB_OOAWTVSOWWSCRB__M_PUB_ALL__e8__s20260927,True,-8.774,True,True,True,3.3450914785697563,7.837999999999999,0.37349397590361444,False,S=c1c2c(ccn1-c1ccccc1)CC1CCC3C4CCCC4CCC3C1C2,False,0,False,False,515.723,1.98,34.898,0.0,34.898,69.796,05_independent_audit/formal_v2_resume_independent_qc.csv
descriptor_ridge,61,LIB_IKENVDNFQMCRTR,qc_pass,formal_forward_v2_merged,LIB_IKENVDNFQMCRTR__M_PUB_ALL__e8__s20260927,True,-8.344,True,True,True,3.1222459864655114,6.109999999999999,0.27472527472527475,True,O=C(Nc1ccc(C(=O)N2CCc3nc[n-]c3-c3ccccc32)cc1)c1ccccc1-c1ccccc1,False,-1,False,False,497.578,2.104,144.646,0.0,144.646,289.292,05_independent_audit/formal_v2_resume_independent_qc.csv
descriptor_ridge,62,LIB_IFIQVSCCFRXSJV,qc_pass,formal_forward_v2_merged,LIB_IFIQVSCCFRXSJV__M_PUB_ALL__e8__s20260927,True,-8.208,True,True,True,2.9668137791239944,7.071999999999999,0.2289156626506024,True,C1=C2C3CCCCC3CCC2C2CCC3CCCCC3C2C1,False,-1,False,False,503.7,3.859,19.92,0.0,19.92,39.84,05_independent_audit/formal_v2_paused154_independent_qc.csv
descriptor_ridge,63,LIB_CYDMWSSMUBQXRD,qc_pass,formal_forward_v2_merged,LIB_CYDMWSSMUBQXRD__M_PUB_ALL__e8__s20260927,True,-7.708,False,True,False,2.928798388418022,9.271899999999999,0.30851063829787234,False,O=C(Cc1ccccc1)Nc1cnc(N2CCCC2)cc1-c1ccccc1,False,0,False,False,585.976,2.208,100.414,0.0,100.414,200.828,05_independent_audit/formal_v2_resume_independent_qc.csv
descriptor_ridge,64,LIB_CJTUMEIDUUCTSL,qc_pass,formal_forward_v2_merged,LIB_CJTUMEIDUUCTSL__M_PUB_ALL__e8__s20260927,True,-8.437,True,True,True,3.0376374042995975,8.132,0.2391304347826087,True,O=C(Cc1ccccc1)Nc1cnc([NH+]2CCCC2)cc1-c1ccccc1,False,1,False,False,617.01,2.076,117.038,0.0,117.038,234.076,05_independent_audit/formal_v2_resume_independent_qc.csv
descriptor_ridge,65,LIB_HATNRBQJMSRMEP,qc_pass,formal_forward_v2_merged,LIB_HATNRBQJMSRMEP__M_PUB_ALL__e8__s20260927,True,-8.423,True,True,True,3.00520614933485,8.152,0.23529411764705882,True,O=C(Cc1ccccc1)Nc1cnc([NH+]2CCCC2)cc1-c1ccccc1,False,1,False,False,617.01,2.062,113.261,0.0,113.261,226.522,05_independent_audit/formal_v2_resume_independent_qc.csv
descriptor_ridge,66,LIB_DFNMEZDDQABOQT,qc_pass,formal_forward_v2_merged,LIB_DFNMEZDDQABOQT__M_PUB_ALL__e8__s20260927,True,-8.744,True,True,True,3.0460093565187876,9.312300000000002,0.2808988764044944,True,C1=C2C3CCCCC3CCC2C2CCC3CCCCC3C2C1,False,-2,True,False,526.714,4.102,25.12,0.0,25.12,50.24,05_independent_audit/formal_v2_resume_independent_qc.csv
descriptor_ridge,67,LIB_UFBADNGLONOAHT,qc_pass,formal_forward_v2_merged,LIB_UFBADNGLONOAHT__M_PUB_ALL__e8__s20260927,True,-8.35,True,True,True,2.9209775760864716,8.713,0.2777777777777778,True,C1=C2C3CCCCC3CCC2C2CCC3CCCCC3C2C1,False,-2,True,False,526.714,3.397,24.591,0.0,24.591,49.182,05_independent_audit/formal_v2_resume_independent_qc.csv
descriptor_ridge,68,LIB_NFCXCBLWABDYMW,qc_pass,formal_forward_v2_merged,LIB_NFCXCBLWABDYMW__M_PUB_ALL__e8__s20260927,True,-8.49,True,True,True,3.488957007473724,4.792,0.24742268041237114,True,O=C1OCC2=C1OC(C1CC(OC(=O)c3ccccc3)C(OC(=O)c3cccnc3)C3C=CCCC31)C2,False,0,False,False,573.642,1.923,106.984,0.0,106.984,213.968,05_independent_audit/formal_v2_resume_independent_qc.csv
descriptor_ridge,69,LIB_BEYBHILIDYTJTL,qc_pass,formal_forward_v2_merged,LIB_BEYBHILIDYTJTL__M_PUB_ALL__e8__s20260927,True,-6.549,False,True,False,3.092151354639679,2.498899999999999,0.2647058823529412,True,O=C1NC(=O)C2=C1c1cn(c3ccccc13)CC[NH2+]CCOCCOCC[NH2+]CCn1cc2c2ccccc21,False,2,True,False,557.695,1.995,161.484,0.0,161.484,322.968,05_independent_audit/formal_v2_resume_independent_qc.csv
descriptor_ridge,70,LIB_LQLWPOGAHZKADH,qc_pass,formal_forward_v2_merged,LIB_LQLWPOGAHZKADH__M_PUB_ALL__e8__s20260927,True,-7.477,False,True,False,2.7341647719184725,9.6943,0.21359223300970873,True,O=C1CC2C3=CC4CCCC(C4=O)C3CCC2C(c2ccoc2)O1,False,0,False,False,612.672,3.071,58.524,0.0,58.524,117.048,05_independent_audit/formal_v2_resume_independent_qc.csv
descriptor_ridge,71,LIB_LYONNGHGTZAEOI,qc_pass,formal_forward_v2_merged,LIB_LYONNGHGTZAEOI__M_PUB_ALL__e8__s20260927,True,-9.182,True,True,True,3.0599617644670007,6.715999999999999,0.265625,True,c1ccc(Nc2ncnc(Nc3ccc(Nc4c5ccccc5nc5ccccc45)cc3)n2)cc1,False,0,False,False,550.026,1.287,62.438,0.0,62.438,124.876,05_independent_audit/formal_v2_resume_independent_qc.csv
descriptor_ridge,72,LIB_KOMBODFBKQOZRA,qc_pass,formal_forward_v2_merged,LIB_KOMBODFBKQOZRA__M_PUB_ALL__e8__s20260927,True,-9.895,True,True,True,3.1758217834129168,0.4969000000000001,0.2708333333333333,True,O=C(Nc1ccccc1)Nc1cccc(-c2cn3ccnc3c(NCc3ccccc3)n2)c1,False,-1,False,False,545.501,1.157,54.005,0.0,54.005,108.01,05_independent_audit/formal_v2_resume_independent_qc.csv
descriptor_ridge,73,LIB_NUGUABFSSDNCNU,qc_pass,formal_forward_v2_merged,LIB_NUGUABFSSDNCNU__M_PUB_ALL__e8__s20260927,True,-6.4,False,True,False,3.040980762846092,7.414999999999999,0.2037037037037037,True,C=C1C(CC2CC=CC(=O)O2)=CCC2C1CC1C2CCC2COC(=O)C=CC23OC13,False,0,False,False,552.664,3.415,189.253,0.0,189.253,378.506,05_independent_audit/formal_v2_resume_independent_qc.csv
descriptor_ridge,74,LIB_XIRVGXCPGRAYMH,qc_pass,formal_forward_v2_merged,LIB_XIRVGXCPGRAYMH__M_PUB_ALL__e8__s20260927,True,-8.987,True,True,True,3.340578542707835,6.68,0.26732673267326734,True,O=C(Nc1ccccc1)Nc1cccc(-c2nc[nH]c2-c2cc3cncnc3s2)c1,False,0,False,False,527.507,0.91,56.235,0.0,56.235,112.47,05_independent_audit/formal_v2_resume_independent_qc.csv
descriptor_ridge,75,LIB_TZXMBOAOKBVBBT,qc_pass,formal_forward_v2_merged,LIB_TZXMBOAOKBVBBT__M_PUB_ALL__e8__s20260927,True,-8.974,True,True,True,3.21894858610696,7.781999999999998,0.2777777777777778,True,c1ccc(Nc2ncnc(Nc3ccc(Nc4c5ccccc5nc5ccccc45)cc3)n2)cc1,False,0,False,False,579.064,1.313,103.391,0.0,103.391,206.782,05_independent_audit/formal_v2_resume_independent_qc.csv
descriptor_ridge,76,LIB_BVSAMPPWSKMOPZ,qc_pass,formal_forward_v2_merged,LIB_BVSAMPPWSKMOPZ__M_PUB_ALL__e8__s20260927,True,-6.011,False,True,False,2.881734200095491,4.5999,0.22115384615384615,True,C=C1C(CC2CC=CC(=O)O2)CCC2C1CC1C=C3C=CC(=O)OCC3CCC12,False,0,False,False,538.681,2.366,175.146,0.0,175.146,350.292,05_independent_audit/formal_v2_resume_independent_qc.csv
descriptor_ridge,77,LIB_UXMLFMZVVWDUFA,qc_pass,formal_forward_v2_merged,LIB_UXMLFMZVVWDUFA__M_PUB_ALL__e8__s20260927,True,-6.502,False,True,False,3.2671839556413103,8.229,0.1953125,True,C=C1C(CC2CC=CC(=O)O2)CCC2C1CC1C2CCC2COC(=O)C=CC23OC13,False,0,False,False,528.642,2.043,175.913,0.0,175.913,351.826,05_independent_audit/formal_v2_resume_independent_qc.csv
descriptor_ridge,78,LIB_ASWUBISYJRGUGG,qc_pass,formal_forward_v2_merged,LIB_ASWUBISYJRGUGG__M_PUB_ALL__e8__s20260927,True,-8.288,True,True,True,3.3793639934165127,7.024999999999999,0.3669724770642202,False,O=C(Nc1ccc(N2CCOCC2)cc1)Nc1cccc(-c2nccn2-c2ccncn2)c1,False,0,False,False,582.587,1.799,101.106,0.0,101.106,202.212,05_independent_audit/formal_v2_resume_independent_qc.csv
descriptor_ridge,79,LIB_BDNDOZRIKYDPKJ,qc_pass,formal_forward_v2_merged,LIB_BDNDOZRIKYDPKJ__M_PUB_ALL__e8__s20260927,True,-8.99,True,True,True,3.1591407059515406,6.481,0.27,True,O=C(Nc1ccccc1)Nc1cccc(-c2cn3ccnc3c(NCc3ccncc3)n2)c1,False,0,False,False,591.594,1.677,80.222,0.0,80.222,160.444,05_independent_audit/formal_v2_resume_independent_qc.csv
descriptor_ridge,80,LIB_FRBJLBMEOUWTOH,qc_pass,formal_forward_v2_merged,LIB_FRBJLBMEOUWTOH__M_PUB_ALL__e8__s20260927,True,-9.267,True,True,True,2.9451149383343256,4.5748999999999995,0.3069306930693069,False,O=C(Nc1ccccc1)Nc1ccc(-c2cnc3c(-c4cccc(N5CC[NH2+]CC5)c4)cnn3c2)cc1,False,1,False,False,554.078,1.472,47.234,0.0,47.234,94.468,05_independent_audit/formal_v2_resume_independent_qc.csv
descriptor_ridge,81,LIB_MXPLPMSWGMUSSK,qc_pass,formal_forward_v2_merged,LIB_MXPLPMSWGMUSSK__M_PUB_ALL__e8__s20260927,True,-9.265,True,True,True,3.4337153347358313,4.2689,0.3229166666666667,False,O=C(Nc1ccccc1)Nc1ccc(-c2cnc3c(-c4ccc(N5CC[NH2+]CC5)cc4)cnn3c2)cc1,False,1,False,False,554.078,1.422,42.739,0.0,42.739,85.478,05_independent_audit/formal_v2_resume_independent_qc.csv
descriptor_ridge,82,LIB_YXYHBHJWEGGSMU,qc_pass,formal_forward_v2_merged,LIB_YXYHBHJWEGGSMU__M_PUB_ALL__e8__s20260927,True,-8.896,True,True,True,3.3705260716986,2.1148999999999987,0.22988505747126436,True,O=C(Nc1ccccc1)c1cccc(Nc2nc3ccccc3n2-c2ccncn2)c1,False,0,False,False,556.552,1.157,74.682,0.0,74.682,149.364,05_independent_audit/formal_v2_resume_independent_qc.csv
descriptor_ridge,83,LIB_FJVVJMGKCIJNGX,qc_pass,formal_forward_v2_merged,LIB_FJVVJMGKCIJNGX__M_PUB_ALL__e8__s20260927,True,-9.142,True,True,True,3.441867080524755,1.3138999999999985,0.7654320987654321,False,O=C(Nc1ccc2[nH]cc(Cc3ccc(C(=O)[N-]S(=O)(=O)c4ccccc4)cc3)c2c1)OC1CCCC1,True,-1,False,False,560.652,1.394,86.901,0.0,86.901,173.802,05_independent_audit/formal_v2_resume_independent_qc.csv
descriptor_ridge,84,LIB_VPYOIPWGVNGDBV,qc_pass,formal_forward_v2_merged,LIB_VPYOIPWGVNGDBV__M_PUB_ALL__e8__s20260927,True,-6.031,False,True,False,3.2715901332532478,10.4559,0.2,True,C=C1C(CC2CC=CC(=O)O2)=CCC2C1CC1C=C3C=CC(=O)OCC3CCC12,False,0,False,False,536.665,2.164,214.333,0.0,214.333,428.666,05_independent_audit/formal_v2_resume_independent_qc.csv
descriptor_ridge,85,LIB_QQWZHMYUROBWLF,qc_pass,formal_forward_v2_merged,LIB_QQWZHMYUROBWLF__M_PUB_ALL__e8__s20260927,True,-9.302,True,True,True,2.855017513081137,2.2158999999999995,0.24096385542168675,True,O=C(Nc1ccccc1)c1cccc(Nc2nc3ccccc3n2-c2ccncn2)c1,False,0,False,False,517.515,0.93,59.733,0.0,59.733,119.466,05_independent_audit/formal_v2_resume_independent_qc.csv
descriptor_ridge,86,LIB_FILQIUCXPQZUON,qc_pass,formal_forward_v2_merged,LIB_FILQIUCXPQZUON__M_PUB_ALL__e8__s20260927,True,-10.319,True,True,True,3.7077062990479703,0.4548999999999985,0.26956521739130435,True,O=C(Nc1cccc(Nc2nc3ccccc3n2-c2cc(NCCC[NH+]3CC[NH2+]CC3)ncn2)c1)c1ccccc1,False,2,True,False,645.734,2.611,167.977,0.0,167.977,335.954,05_independent_audit/formal_v2_resume_independent_qc.csv
descriptor_ridge,87,LIB_YGTYIGUWQYTZMS,qc_pass,formal_forward_v2_merged,LIB_YGTYIGUWQYTZMS__M_PUB_ALL__e8__s20260927,True,-9.458,True,True,True,2.955214543819111,2.7759,0.2647058823529412,True,O=C(Nc1ccccc1)c1cccc(Nc2nc3ccccc3n2-c2cc(NCCC[NH+]3CC[NH2+]CC3)ncn2)c1,False,2,True,False,645.734,2.492,153.909,0.0,153.909,307.818,05_independent_audit/formal_v2_resume_independent_qc.csv
descriptor_ridge,88,LIB_FZTHERNGBACIMX,qc_pass,formal_forward_v2_merged,LIB_FZTHERNGBACIMX__M_PUB_ALL__e8__s20260927,True,-8.869,True,True,True,2.784164686220986,2.8168999999999986,0.2823529411764706,True,O=C(Nc1ccc(-c2nccn2-c2ccncn2)cc1)c1coc(-c2ccccc2)c1,False,0,False,False,582.97,1.28,84.201,0.0,84.201,168.402,05_independent_audit/formal_v2_resume_independent_qc.csv
descriptor_ridge,89,LIB_UCYYOFPZYBGIEY,qc_pass,formal_forward_v2_merged,LIB_UCYYOFPZYBGIEY__M_PUB_ALL__e8__s20260927,True,-8.512,True,True,True,2.9451127312889063,3.1838999999999995,0.25252525252525254,True,O=C(Nc1cccc(-c2nccn2-c2ccncn2)c1)c1coc(-c2ccccc2)c1,False,0,False,False,582.97,1.675,94.265,0.0,94.265,188.53,05_independent_audit/formal_v2_resume_independent_qc.csv
descriptor_ridge,90,LIB_CBXHPCHIRCAADU,qc_pass,formal_forward_v2_merged,LIB_CBXHPCHIRCAADU__M_PUB_ALL__e8__s20260927,True,-9.379,True,True,True,2.953220106934124,7.4229,0.2727272727272727,True,O=C1c2ccccc2C(=O)c2cc(NC(=O)c3c(Nc4ccccc4)n[n-]c3-n3cccc3)ccc21,False,-1,False,False,500.538,0.782,51.211,0.0,51.211,102.422,05_independent_audit/formal_v2_resume_independent_qc.csv
descriptor_ridge,91,LIB_PIGVLAUTQMIRBH,qc_pass,formal_forward_v2_merged,LIB_PIGVLAUTQMIRBH__M_PUB_ALL__e8__s20260927,True,-9.763,True,True,True,3.3472067459301047,8.741999999999999,0.30097087378640774,False,O=C(Nc1cccc(-c2ccnc3c(-c4ccc(N5CC[NH2+]CC5)nc4)cnn23)c1)c1ccccc1,False,1,False,False,576.578,1.358,45.268,0.0,45.268,90.536,05_independent_audit/formal_v2_resume_independent_qc.csv
descriptor_ridge,92,LIB_SRTLWTGAXHUNEM,qc_pass,formal_forward_v2_merged,LIB_SRTLWTGAXHUNEM__M_PUB_ALL__e8__s20260927,True,-8.007,False,True,False,3.107749346392016,5.770899999999999,0.27184466019417475,True,O=C1C=C2C3=CC4CCCC(C4=O)C3CCC2C(c2ccoc2)O1,False,0,False,False,566.647,2.407,42.683,0.0,42.683,85.366,05_independent_audit/formal_v2_resume_independent_qc.csv
descriptor_ridge,93,LIB_RPIUOWOTQONAKE,qc_pass,formal_forward_v2_merged,LIB_RPIUOWOTQONAKE__M_PUB_ALL__e8__s20260927,True,-7.576,False,True,False,3.278055978777665,6.954999999999998,0.24271844660194175,True,O=C(C=Cc1ccccc1)OC1CC2COC3(CCCC(OC(=O)c4ccccc4)C13)C2,False,0,False,False,578.658,2.497,95.838,0.0,95.838,191.676,05_independent_audit/formal_v2_resume_independent_qc.csv
descriptor_ridge,94,LIB_DUSWCXDALWVDSK,qc_pass,formal_forward_v2_merged,LIB_DUSWCXDALWVDSK__M_PUB_ALL__e8__s20260927,True,-9.542,True,True,True,3.564374559442372,2.4519,0.2743362831858407,True,O=C(Nc1cccc(Nc2nc3ccccc3n2-c2cc(NCC[NH+]3CC[NH2+]CC3)ncn2)c1)c1ccccc1,False,2,True,False,631.707,2.532,108.733,0.0,108.733,217.466,05_independent_audit/formal_v2_resume_independent_qc.csv
descriptor_ridge,95,LIB_VKGKEHUDLZDBMP,qc_pass,formal_forward_v2_merged,LIB_VKGKEHUDLZDBMP__M_PUB_ALL__e8__s20260927,True,-8.918,True,False,False,5.151599557419035,1.1168999999999993,0.2631578947368421,True,O=C(Nc1ccccc1)c1cccc(Nc2nc3ccccc3n2-c2cc(NCC[NH+]3CC[NH2+]CC3)ncn2)c1,False,2,True,False,631.707,2.386,125.3,0.0,125.3,250.6,05_independent_audit/formal_v2_resume_independent_qc.csv
descriptor_ridge,96,LIB_UVFOPYBSQPAXJS,qc_pass,formal_forward_v2_merged,LIB_UVFOPYBSQPAXJS__M_PUB_ALL__e8__s20260927,True,-8.191,True,True,True,2.885226507572672,11.1899,0.28440366972477066,True,c1ccc(-c2cc3cc(Cn4cnc(C5CC5)c4)ccc3o2)cc1,False,0,False,False,600.541,1.101,75.998,0.0,75.998,151.996,05_independent_audit/formal_v2_resume_independent_qc.csv
descriptor_ridge,97,LIB_USMBHFKKSFYTRW,qc_pass,formal_forward_v2_merged,LIB_USMBHFKKSFYTRW__M_PUB_ALL__e8__s20260927,True,-7.051,False,True,False,3.454158363480167,4.377899999999999,0.26262626262626265,True,O=S(=O)(NCc1ccccc1)c1cccc2nc(NCc3ccccc3)n(CC3CCCCCC3)c12,False,0,False,False,630.598,2.187,8560.713,8265.0,295.713,591.426,05_independent_audit/formal_v2_resume_independent_qc.csv
descriptor_ridge,98,LIB_AKYFJTRMYYHEJM,qc_pass,formal_forward_v2_merged,LIB_AKYFJTRMYYHEJM__M_PUB_ALL__e8__s20260927,True,-8.502,True,True,True,2.992142543395952,7.3429,0.3064516129032258,False,O=C([N-]NC=C(N[N-]C(=O)c1cc2ccccc2o1)c1ccccc1)c1cc2ccccc2o1,False,-2,True,False,512.953,0.864,90.453,0.0,90.453,180.906,05_independent_audit/formal_v2_resume_independent_qc.csv
descriptor_ridge,99,LIB_NXDBMKBCSMHZLE,qc_pass,formal_forward_v2_merged,LIB_NXDBMKBCSMHZLE__M_PUB_ALL__e8__s20260927,True,-8.581,True,True,True,2.873536845074376,7.5219999999999985,0.24489795918367346,True,O=C1CCC23CC24CCC2C(CC56CCC(CCC25)O6)C4CCC3C1,False,0,False,False,484.721,2.211,18.282,0.0,18.282,36.564,05_independent_audit/formal_v2_resume_independent_qc.csv
descriptor_ridge,100,LIB_YAYODJGNSKFEGH,qc_pass,formal_forward_v2_merged,LIB_YAYODJGNSKFEGH__M_PUB_ALL__e8__s20260927,True,-9.376,True,True,True,3.036962298086692,2.8369,0.2857142857142857,True,O=C(Nc1ccccc1)Nc1cccc(-c2cn3ccnc3c(NCc3ccncc3)n2)c1,False,0,False,False,563.54,1.06,7302.458,7227.0,75.458,150.916,05_independent_audit/formal_v2_resume_independent_qc.csv
descriptor_ridge,101,LIB_OCOHRESDZFYIIC,qc_pass,formal_forward_v2_merged,LIB_OCOHRESDZFYIIC__M_PUB_ALL__e8__s20260927,True,-9.506,True,True,True,3.3718150898292154,5.8889,0.24,True,O=C(Nc1ccccc1)Nc1cccc(-c2cn3ccnc3c(NCc3ccncc3)n2)c1,False,-1,False,False,518.479,0.941,1110.578,1038.0,72.578,145.156,05_independent_audit/formal_v2_resume_independent_qc.csv
descriptor_ridge,102,LIB_DWDRUDUATUOJND,qc_pass,formal_forward_v2_merged,LIB_DWDRUDUATUOJND__M_PUB_ALL__e8__s20260927,True,-9.946,True,True,True,3.191450140610065,2.472899999999999,0.28125,True,O=C(Nc1ccccc1)Nc1cccc(-c2cn3ccnc3c(NCc3ccncc3)n2)c1,False,0,False,False,537.933,0.969,61.374,0.0,61.374,122.748,05_independent_audit/formal_v2_resume_independent_qc.csv
descriptor_ridge,103,LIB_YVCVALMTTAHIAN,qc_pass,formal_forward_v2_merged,LIB_YVCVALMTTAHIAN__M_PUB_ALL__e8__s20260927,True,-9.696,True,True,True,3.0296354566185024,2.972899999999999,0.37349397590361444,False,O=C(Nc1ccccc1)Nc1cccc(-c2cn3ccnc3c(NCc3ccncc3)n2)c1,False,0,False,False,537.933,0.842,61.806,0.0,61.806,123.612,05_independent_audit/formal_v2_resume_independent_qc.csv
descriptor_ridge,104,LIB_BCNXUFFSRWFFQA,qc_pass,formal_forward_v2_merged,LIB_BCNXUFFSRWFFQA__M_PUB_ALL__e8__s20260927,True,-9.138,True,True,True,3.5972714659864073,2.7528999999999986,0.28,True,O=C(Nc1ccccc1)c1cccc(Nc2nc3ccccc3n2-c2ncnc(NCCC[NH+]3CC[NH2+]CC3)n2)c1,False,2,True,False,646.722,2.644,235.809,0.0,235.809,471.618,05_independent_audit/formal_v2_resume_independent_qc.csv
descriptor_ridge,105,LIB_BOCXRPAGFDSAFB,qc_pass,formal_forward_v2_merged,LIB_BOCXRPAGFDSAFB__M_PUB_ALL__e8__s20260927,True,-7.167,False,True,False,2.7867222681853314,10.3913,0.2765957446808511,True,O=C1[NH+](Cc2ccccc2)C(Cc2ccccc2)CCC(Cc2ccccc2)[NH+]1Cc1ccccc1,False,2,True,False,624.822,3.314,721.238,0.0,721.238,1442.476,05_independent_audit/formal_v2_resume_independent_qc.csv
descriptor_ridge,106,LIB_ZIYCBQPVLHOKPQ,qc_pass,formal_forward_v2_merged,LIB_ZIYCBQPVLHOKPQ__M_PUB_ALL__e8__s20260927,True,-6.824,False,True,False,3.6977422841512357,6.4779,0.23076923076923078,True,O=C1C=CCC2OCC(C=CC=CC(=O)OC3CC4OC5C6OC6CCC5(CO1)C3C41CO1)O2,False,0,False,False,528.598,13.221,211.278,0.0,211.278,422.556,05_independent_audit/formal_v2_resume_independent_qc.csv
descriptor_ridge,107,LIB_BIEGVTQMNNLUOU,qc_pass,formal_forward_v2_merged,LIB_BIEGVTQMNNLUOU__M_PUB_ALL__e8__s20260927,True,-8.645,True,True,True,3.2023024529235213,9.2789,0.26732673267326734,True,O=C(c1ccccc1)[NH+]1Cc2cn(Cc3ccccc3)cc2C12CC[NH2+]CC2,False,0,False,False,599.528,1.179,137.718,0.0,137.718,275.436,05_independent_audit/formal_v2_resume_independent_qc.csv
descriptor_ridge,108,LIB_DDHCKQIECJLNRO,qc_pass,formal_forward_v2_merged,LIB_DDHCKQIECJLNRO__M_PUB_ALL__e8__s20260927,True,-9.441,True,True,True,3.089057137703995,3.4969,0.25252525252525254,True,O=C(Nc1ccccc1)Nc1cccc(-c2nc3c(cnn3Cc3ccccc3)[n-]2)c1,False,-1,False,False,519.507,0.908,87.527,0.0,87.527,175.054,05_independent_audit/formal_v2_resume_independent_qc.csv
descriptor_ridge,109,LIB_FCRHJSNRFAAYQD,qc_pass,formal_forward_v2_merged,LIB_FCRHJSNRFAAYQD__M_PUB_ALL__e8__s20260927,True,-10.019,True,True,True,3.247232206048715,2.899899999999999,0.26506024096385544,True,O=C(Nc1cccc(Oc2ccccc2)c1)Nc1cccc(-c2cn3ccnc3c(NCc3ccncc3)n2)c1,False,0,False,False,527.588,1.251,109.285,0.0,109.285,218.57,05_independent_audit/formal_v2_resume_independent_qc.csv
descriptor_ridge,110,LIB_FUQDVEKSFKFAGI,qc_pass,formal_forward_v2_merged,LIB_FUQDVEKSFKFAGI__M_PUB_ALL__e8__s20260927,True,-9.795,True,True,True,3.1130489877289116,2.684899999999999,0.25773195876288657,True,O=C(Nc1cccc(-c2cn3ccnc3c(NCc3ccncc3)n2)c1)Nc1ccccc1Oc1ccccc1,False,0,False,False,527.588,1.218,112.536,0.0,112.536,225.072,05_independent_audit/formal_v2_resume_independent_qc.csv
descriptor_ridge,111,LIB_YHHSKXWUHAVBMR,qc_pass,formal_forward_v2_merged,LIB_YHHSKXWUHAVBMR__M_PUB_ALL__e8__s20260927,True,-9.582,True,True,True,3.178761551296354,6.584999999999999,0.26506024096385544,True,O=C(Nc1ccc(-c2nc3c(cnn3Cc3ccccc3)[n-]2)cc1)Nc1nc2ccccc2s1,False,-1,False,False,522.614,1.088,115.009,0.0,115.009,230.018,05_independent_audit/formal_v2_resume_independent_qc.csv
descriptor_ridge,112,LIB_DIMKSBQDWMXKAH,qc_pass,formal_forward_v2_merged,LIB_DIMKSBQDWMXKAH__M_PUB_ALL__e8__s20260927,True,-9.064,True,True,True,3.1371021660124505,3.0389,0.24731182795698925,True,O=C(Nc1ccc(-c2nc3[n-]ncc3[n-]2)cc1)Nc1cccc(-n2ccnc2)c1,False,-2,True,True,478.438,0.702,90.405,0.0,90.405,180.81,05_independent_audit/formal_v2_resume_independent_qc.csv
descriptor_ridge,113,LIB_PPCDZYRDXIKRDW,qc_pass,formal_forward_v2_merged,LIB_PPCDZYRDXIKRDW__M_PUB_ALL__e8__s20260927,True,-9.068,True,True,True,2.8909436175754104,8.809999999999999,0.24778761061946902,True,O=C(Nc1cccc(Nc2nc3ccccc3n2-c2ccncn2)c1)c1cc(C[NH+]2CC[NH2+]CC2)[nH]n1,False,2,True,False,595.756,2.535,174.357,0.0,174.357,348.714,05_independent_audit/formal_v2_resume_independent_qc.csv
descriptor_ridge,114,LIB_CXRYSQNWQCVBQV,qc_pass,formal_forward_v2_merged,LIB_CXRYSQNWQCVBQV__M_PUB_ALL__e8__s20260927,True,-9.788,True,True,True,3.0461802310434622,3.014899999999999,0.2988505747126437,True,O=C(Nc1ccccc1)Nc1cccc(-c2cn3ccnc3c(NCc3ccncc3)n2)c1,False,0,False,False,517.515,1.244,40.971,0.0,40.971,81.942,05_independent_audit/formal_v2_paused154_independent_qc.csv
descriptor_ridge,115,LIB_QGZCRYRTSBNQGS,qc_pass,formal_forward_v2_merged,LIB_QGZCRYRTSBNQGS__M_PUB_ALL__e8__s20260927,True,-8.684,True,True,True,2.8454006747732383,8.856,0.25555555555555554,True,O=C1C=CC2C(CCC3Cc4c([nH]c5cc(OC6CCCCO6)ccc45)C32)C1,False,0,False,False,525.642,1.738,75.189,0.0,75.189,150.378,05_independent_audit/formal_v2_resume_independent_qc.csv
descriptor_ridge,116,LIB_HHZIURLSWUIHRB,qc_pass,formal_forward_v2_merged,LIB_HHZIURLSWUIHRB__M_PUB_ALL__e8__s20260927,True,-9.058,True,True,True,3.07984317782578,7.1998999999999995,0.30526315789473685,False,O=C(Nc1cccc(-n2ccnc2)c1)c1cccc(Nc2nccc(-c3cccnc3)n2)c1,False,0,False,False,529.526,0.933,89.362,0.0,89.362,178.724,05_independent_audit/formal_v2_resume_independent_qc.csv
descriptor_ridge,117,LIB_SVAFJSOEFDZBGK,qc_pass,formal_forward_v2_merged,LIB_SVAFJSOEFDZBGK__M_PUB_ALL__e8__s20260927,True,-9.647,True,True,True,3.3799585796278633,6.959999999999999,0.2631578947368421,True,O=C(Nc1ccccc1)Nc1ccc(-c2nc3c(cnn3Cc3ccccc3)[n-]2)cc1,False,-1,False,False,509.899,0.689,64.265,0.0,64.265,128.53,05_independent_audit/formal_v2_resume_independent_qc.csv
descriptor_ridge,118,LIB_IWFOIUWPNYEUAI,qc_pass,formal_forward_v2_merged,LIB_IWFOIUWPNYEUAI__M_PUB_ALL__e8__s20260927,True,-6.346,False,True,False,3.539702529874508,7.7238999999999995,0.24752475247524752,True,O=C1C=CCC2OCC(C=CC=CC(=O)OC3CC4OC5C=CCCC5(CO1)C3C41CO1)O2,False,0,False,False,512.599,3.157,160.547,0.0,160.547,321.094,05_independent_audit/formal_v2_resume_independent_qc.csv
descriptor_ridge,119,LIB_ZZWXYBPRSDQAJH,qc_pass,formal_forward_v2_merged,LIB_ZZWXYBPRSDQAJH__M_PUB_ALL__e8__s20260927,True,-8.639,True,True,True,2.6113747337370024,8.8919,0.23595505617977527,True,C1=C2C3CCCCC3CCC2C2CCC3CCCCC3C2C1,False,-2,True,False,484.677,2.241,32.945,0.0,32.945,65.89,05_independent_audit/formal_v2_resume_independent_qc.csv
descriptor_ridge,120,LIB_GHPCAIWYHJZRGR,qc_pass,formal_forward_v2_merged,LIB_GHPCAIWYHJZRGR__M_PUB_ALL__e8__s20260927,True,-9.764,True,True,True,3.188154011336341,2.5099,0.26804123711340205,True,O=C(Nc1ccccc1)Nc1cccc(-c2cn3ccnc3c(NCc3ccncc3)n2)c1,False,0,False,False,521.478,0.89,61.988,0.0,61.988,123.976,05_independent_audit/formal_v2_resume_independent_qc.csv
AI_initial,1,LIB_HFNYDUGXJCRIRE,qc_pass,formal_forward_v2_merged,LIB_HFNYDUGXJCRIRE__M_PUB_ALL__e8__s20260927,True,-8.493,True,True,True,3.8202891251841145,1.2868999999999993,0.796875,False,c1ccc(-c2ccnc(Nc3ccc(N4CCOCC4)cc3)n2)cc1,True,0,False,False,428.496,0.819,48.851,0.0,48.851,97.702,05_independent_audit/formal_v2_resume_independent_qc.csv
AI_initial,2,LIB_OGYJYBMWSHOXRO,qc_pass,formal_forward_v2_merged,LIB_OGYJYBMWSHOXRO__M_PUB_ALL__e8__s20260927,True,-7.999,False,True,False,3.4516177366562473,4.478,0.746268656716418,False,c1ccc(-c2ccnc(Nc3ccc(N4CCOCC4)cc3)n2)cc1,True,0,False,False,444.495,0.747,56.745,0.0,56.745,113.49,05_independent_audit/formal_v2_resume_independent_qc.csv
AI_initial,3,LIB_DKSMHPPLVBSAQL,qc_pass,formal_forward_v2_merged,LIB_DKSMHPPLVBSAQL__M_PUB_ALL__e8__s20260927,True,-8.524,True,True,True,3.5491296116090205,2.3758999999999997,0.8225806451612904,False,c1ccc(-c2ccnc(Nc3ccc(N4CCOCC4)cc3)n2)cc1,True,0,False,False,414.469,0.642,48.625,0.0,48.625,97.25,05_independent_audit/formal_v2_resume_independent_qc.csv
AI_initial,4,LIB_QPSCCNWGOLMGKW,qc_pass,formal_forward_v2_merged,LIB_QPSCCNWGOLMGKW__M_PUB_ALL__e8__s20260927,True,-8.761,True,True,True,3.4238295810393367,7.6629000000000005,0.37362637362637363,False,O=C(Nc1ccc(-c2cnc3c(-c4ccc(N5CC[NH2+]CC5)cc4)cnn3c2)cc1)Oc1ccccc1,False,1,False,False,520.617,1.307,62.657,0.0,62.657,125.314,05_independent_audit/formal_v2_resume_independent_qc.csv
AI_initial,5,LIB_DNDVGFIEWOHGAH,qc_pass,formal_forward_v2_merged,LIB_DNDVGFIEWOHGAH__M_PUB_ALL__e8__s20260927,True,-9.934,True,True,True,3.044492404326212,7.1579999999999995,0.3333333333333333,False,O=C(Nc1cccc(-c2ccnc3c(-c4ccc(N5CC[NH2+]CC5)nc4)cnn23)c1)c1ccccc1,False,1,False,False,558.588,1.354,61.859,0.0,61.859,123.718,05_independent_audit/formal_v2_resume_independent_qc.csv
AI_initial,6,LIB_LVSWEGNPHRUXSW,qc_pass,formal_forward_v2_merged,LIB_LVSWEGNPHRUXSW__M_PUB_ALL__e8__s20260927,True,-8.928,True,True,True,3.4804334500173963,3.0099,0.31313131313131315,False,O=C(NCC1CCCCC1)Nc1ccc(-c2cnc3c(-c4ccc(N5CC[NH2+]CC5)cc4)cnn3c2)cc1,False,1,False,False,539.708,2.696,47.866,0.0,47.866,95.732,05_independent_audit/formal_v2_paused154_independent_qc.csv
AI_initial,7,LIB_FIENVLBRUWEWDS,qc_pass,formal_forward_v2_merged,LIB_FIENVLBRUWEWDS__M_PUB_ALL__e8__s20260927,True,-9.831,True,True,True,3.276011446866448,3.879999999999999,0.3287671232876712,False,O=C(Nc1ccc(-c2cnc3c(-c4ccc(N5CC[NH2+]CC5)cc4)cnn3c2)cc1)c1ccccc1,False,1,False,False,572.615,2.147,45.086,0.0,45.086,90.172,05_independent_audit/formal_v2_resume_independent_qc.csv
AI_initial,8,LIB_XRZVCGWERZVRNT,qc_pass,formal_forward_v2_merged,LIB_XRZVCGWERZVRNT__M_PUB_ALL__e8__s20260927,True,-8.724,True,True,True,3.4269235474401816,4.796999999999999,0.75,False,c1ccc(-c2ccnc(Nc3ccc(N4CCOCC4)cc3)n2)cc1,True,0,False,False,442.523,0.688,37.997,0.0,37.997,75.994,05_independent_audit/formal_v2_resume_independent_qc.csv
AI_initial,9,LIB_MXPLPMSWGMUSSK,qc_pass,formal_forward_v2_merged,LIB_MXPLPMSWGMUSSK__M_PUB_ALL__e8__s20260927,True,-9.265,True,True,True,3.4337153347358313,4.2689,0.3229166666666667,False,O=C(Nc1ccccc1)Nc1ccc(-c2cnc3c(-c4ccc(N5CC[NH2+]CC5)cc4)cnn3c2)cc1,False,1,False,False,554.078,1.422,42.739,0.0,42.739,85.478,05_independent_audit/formal_v2_resume_independent_qc.csv
AI_initial,10,LIB_PIGVLAUTQMIRBH,qc_pass,formal_forward_v2_merged,LIB_PIGVLAUTQMIRBH__M_PUB_ALL__e8__s20260927,True,-9.763,True,True,True,3.3472067459301047,8.741999999999999,0.30097087378640774,False,O=C(Nc1cccc(-c2ccnc3c(-c4ccc(N5CC[NH2+]CC5)nc4)cnn23)c1)c1ccccc1,False,1,False,False,576.578,1.358,45.268,0.0,45.268,90.536,05_independent_audit/formal_v2_resume_independent_qc.csv
AI_initial,11,LIB_FGDRZTODQLVQGL,qc_pass,formal_forward_v2_merged,LIB_FGDRZTODQLVQGL__M_PUB_ALL__e8__s20260927,True,-8.508,True,True,True,3.61728848725119,0.5528999999999993,0.6470588235294118,False,c1ccc(-c2ccnc(Nc3ccc(N4CCOCC4)cc3)n2)cc1,True,0,False,False,414.469,0.559,31.225,0.0,31.225,62.45,05_independent_audit/formal_v2_resume_independent_qc.csv
AI_initial,12,LIB_AIHATKMPAGBKRW,qc_pass,formal_forward_v2_merged,LIB_AIHATKMPAGBKRW__M_PUB_ALL__e8__s20260927,True,-9.137,True,True,True,2.8462526240655444,6.5638999999999985,0.2903225806451613,True,O=S1(=O)c2ccccc2-c2cc(OC3CCC(COc4ccc(-c5ccccc5)cc4)OC3)ccc21,False,0,False,False,560.624,1.523,94.046,0.0,94.046,188.092,05_independent_audit/formal_v2_resume_independent_qc.csv
AI_initial,13,LIB_GGEALBVZDVXUND,qc_pass,formal_forward_v2_merged,LIB_GGEALBVZDVXUND__M_PUB_ALL__e8__s20260927,True,-9.727,True,True,True,3.243466355614006,9.561,0.2782608695652174,True,O=C(Nc1cccc(Nc2nc3ccccc3n2-c2cc(N3CCOCC3)ncn2)c1)c1ccccc1,False,0,False,False,573.579,1.252,63.47,0.0,63.47,126.94,05_independent_audit/formal_v2_resume_independent_qc.csv
AI_initial,14,LIB_LZHONOBXZLUENO,qc_pass,formal_forward_v2_merged,LIB_LZHONOBXZLUENO__M_PUB_ALL__e8__s20260927,True,-8.74,True,True,True,3.135450685308252,7.3599,0.32098765432098764,False,O=C(Nc1ccccc1)c1cccc(N2CCC([NH+]3CCCCC3=O)CC2)c1,False,1,False,False,514.49,1.032,53.114,0.0,53.114,106.228,05_independent_audit/formal_v2_resume_independent_qc.csv
AI_initial,15,LIB_RNRCLARSVNONBS,qc_pass,formal_forward_v2_merged,LIB_RNRCLARSVNONBS__M_PUB_ALL__e8__s20260927,True,-9.275,True,True,True,2.9293343953874564,7.526999999999999,0.3541666666666667,False,O=C(Nc1ccc(-c2cnc3c(-c4cccc(N5CC[NH2+]CC5)c4)cnn3c2)cc1)Oc1ccccc1,False,1,False,False,520.617,1.231,60.664,0.0,60.664,121.328,05_independent_audit/formal_v2_resume_independent_qc.csv
AI_initial,16,LIB_CSYGIPIOQSVIRG,qc_pass,formal_forward_v2_merged,LIB_CSYGIPIOQSVIRG__M_PUB_ALL__e8__s20260927,True,-9.492,True,True,True,2.974175684118206,6.199999999999999,0.35,False,O=C(Nc1cccc(-c2ccnc3c(-c4ccccc4)cnn23)c1)c1ccccc1,False,0,False,False,501.468,0.705,43.987,0.0,43.987,87.974,05_independent_audit/formal_v2_resume_independent_qc.csv
AI_initial,17,LIB_SNCROWOTWGUING,qc_pass,formal_forward_v2_merged,LIB_SNCROWOTWGUING__M_PUB_ALL__e8__s20260927,True,-7.823,False,True,False,3.3346202182557456,5.680999999999999,0.5072463768115942,False,c1ccc(-c2ccnc(Nc3ccc(N4CCCCC4)cc3)n2)cc1,False,0,False,False,439.541,0.701,32.892,0.0,32.892,65.784,05_independent_audit/formal_v2_resume_independent_qc.csv
AI_initial,18,LIB_HHZIURLSWUIHRB,qc_pass,formal_forward_v2_merged,LIB_HHZIURLSWUIHRB__M_PUB_ALL__e8__s20260927,True,-9.058,True,True,True,3.07984317782578,7.1998999999999995,0.30526315789473685,False,O=C(Nc1cccc(-n2ccnc2)c1)c1cccc(Nc2nccc(-c3cccnc3)n2)c1,False,0,False,False,529.526,0.933,89.362,0.0,89.362,178.724,05_independent_audit/formal_v2_resume_independent_qc.csv
AI_initial,19,LIB_JDMGNUZGYHBPDP,qc_pass,formal_forward_v2_merged,LIB_JDMGNUZGYHBPDP__M_PUB_ALL__e8__s20260927,True,-9.384,True,True,True,3.023029275412331,6.8919999999999995,0.24793388429752067,True,O=C(Nc1ccc(-c2nc3c(cnn3Cc3ccccc3)[n-]2)cc1)Nc1cccc(N2CCOCC2)c1,False,-1,False,False,604.613,2.369,73.327,0.0,73.327,146.654,05_independent_audit/formal_v2_paused154_independent_qc.csv
AI_initial,20,LIB_PHVRYQBXECZHNT,qc_pass,formal_forward_v2_merged,LIB_PHVRYQBXECZHNT__M_PUB_ALL__e8__s20260927,True,-9.732,True,True,True,3.246074552440224,1.7088999999999999,0.30392156862745096,False,O=C(Nc1ccc(-c2cnc3c(-c4cccc(N5CC[NH2+]CC5)c4)cnn3c2)cc1)c1ccccc1,False,1,False,False,572.615,1.726,48.228,0.0,48.228,96.456,05_independent_audit/formal_v2_resume_independent_qc.csv
AI_initial,21,LIB_LFIZDKRIFIBADR,qc_pass,formal_forward_v2_merged,LIB_LFIZDKRIFIBADR__M_PUB_ALL__e8__s20260927,True,-9.05,True,True,True,3.516529681376228,4.8339,0.35051546391752575,False,O=C(c1ccc(-c2cccc3nc(Nc4ccc(N5CC[NH2+]CC5)cc4)oc23)cc1)[NH+]1CCOCC1,False,2,True,False,513.642,1.458,56.16,0.0,56.16,112.32,05_independent_audit/formal_v2_resume_independent_qc.csv
AI_initial,22,LIB_JWNVJLOTJWLIAA,qc_pass,formal_forward_v2_merged,LIB_JWNVJLOTJWLIAA__M_PUB_ALL__e8__s20260927,True,-8.677,True,False,False,11.508820834473008,1.1448999999999998,0.8064516129032258,False,c1ccc(-c2ccnc(Nc3ccc(N4CC[NH2+]CC4)cc3)n2)cc1,False,1,False,False,428.52,0.727,44.827,0.0,44.827,89.654,05_independent_audit/formal_v2_resume_independent_qc.csv
AI_initial,23,LIB_FDCXXPBBHPICRU,qc_pass,formal_forward_v2_merged,LIB_FDCXXPBBHPICRU__M_PUB_ALL__e8__s20260927,True,-10.668,True,True,True,3.333156311966181,0.5858999999999988,0.28421052631578947,True,O=C(Nc1cccc(-n2ccc3c(NC(=O)c4ccccc4)nccc32)c1)c1ccc(N2CCOCC2)cc1,False,0,False,False,585.586,1.602,50.626,0.0,50.626,101.252,05_independent_audit/formal_v2_paused154_independent_qc.csv
AI_initial,24,LIB_PLFCIUGPHZFBAC,qc_pass,formal_forward_v2_merged,LIB_PLFCIUGPHZFBAC__M_PUB_ALL__e8__s20260927,True,-9.083,True,True,True,3.179275389141368,3.0129,0.2625,True,O=C(Nc1ccc(-c2nc3[n-]ncc3[n-]2)cc1)Nc1cccc(N2CCOCC2)c1,False,-2,True,True,483.454,0.746,37.105,0.0,37.105,74.21,05_independent_audit/formal_v2_resume_independent_qc.csv
AI_initial,25,LIB_DKFAHLYMYSORAF,qc_pass,formal_forward_v2_merged,LIB_DKFAHLYMYSORAF__M_PUB_ALL__e8__s20260927,True,-8.718,True,True,True,2.944740565822395,9.506899999999998,0.2882882882882883,True,O=C(Nc1cccc(-c2nccn2-c2ccncn2)c1)c1cccc(N2CC[NH2+]CC2)c1,False,1,False,False,581.623,1.844,106.9,0.0,106.9,213.8,05_independent_audit/formal_v2_resume_independent_qc.csv
AI_initial,26,LIB_FRBJLBMEOUWTOH,qc_pass,formal_forward_v2_merged,LIB_FRBJLBMEOUWTOH__M_PUB_ALL__e8__s20260927,True,-9.267,True,True,True,2.9451149383343256,4.5748999999999995,0.3069306930693069,False,O=C(Nc1ccccc1)Nc1ccc(-c2cnc3c(-c4cccc(N5CC[NH2+]CC5)c4)cnn3c2)cc1,False,1,False,False,554.078,1.472,47.234,0.0,47.234,94.468,05_independent_audit/formal_v2_resume_independent_qc.csv
AI_initial,27,LIB_GMFZNQYZGJZENC,qc_pass,formal_forward_v2_merged,LIB_GMFZNQYZGJZENC__M_PUB_ALL__e8__s20260927,True,-9.912,True,True,True,3.5672433334439075,3.219999999999999,0.2558139534883721,True,O=C(Nc1cccc(-c2nc3c(cnn3Cc3ccccc3)[nH]2)c1)Nc1cccc(N2CCOCC2)c1,False,0,False,False,589.622,1.774,63.014,0.0,63.014,126.028,05_independent_audit/formal_v2_paused154_independent_qc.csv
AI_initial,28,LIB_PUSXXXWMEJEPSR,qc_pass,formal_forward_v2_merged,LIB_PUSXXXWMEJEPSR__M_PUB_ALL__e8__s20260927,True,-9.167,True,True,True,3.160805118953081,8.159999999999998,0.3246753246753247,False,O=C(Nc1ccccc1)c1cccc(N2CCC([NH+]3CCCCC3)CC2)c1,False,1,False,False,500.507,1.11,38.09,0.0,38.09,76.18,05_independent_audit/formal_v2_resume_independent_qc.csv
AI_initial,29,LIB_SICRXINMTYWPHY,qc_pass,formal_forward_v2_merged,LIB_SICRXINMTYWPHY__M_PUB_ALL__e8__s20260927,True,-9.109,True,True,True,3.651076142728333,0.6949000000000005,0.3116883116883117,False,O=C(Nc1cccc(N2CCC([NH+]3CCCC3)CC2)c1)c1ccccc1,False,1,False,False,486.48,0.947,31.707,0.0,31.707,63.414,05_independent_audit/formal_v2_resume_independent_qc.csv
AI_initial,30,LIB_FRZNJFWQVYAVCE,qc_pass,formal_forward_v2_merged,LIB_FRZNJFWQVYAVCE__M_PUB_ALL__e8__s20260927,True,-7.773,False,True,False,2.9378824006416586,9.12,0.4725274725274725,False,O=C(Nc1ccc(OCC[NH+]2CCOCC2)cc1)Nc1ccnn1-c1ccccc1,False,1,False,False,478.617,1.364,48.95,0.0,48.95,97.9,05_independent_audit/formal_v2_resume_independent_qc.csv
AI_initial,31,LIB_NPSXOCPQKKCBFX,qc_pass,formal_forward_v2_merged,LIB_NPSXOCPQKKCBFX__M_PUB_ALL__e8__s20260927,True,-9.005,True,True,True,3.603108380273899,2.169999999999998,0.30303030303030304,False,O=C(CCC1CCCC1)Nc1ccc(-c2cnc3c(-c4ccc(N5CC[NH2+]CC5)cc4)cnn3c2)cc1,False,1,False,False,524.693,1.624,55.425,0.0,55.425,110.85,05_independent_audit/formal_v2_resume_independent_qc.csv
AI_initial,32,LIB_XCQOHJYGSBLSOW,qc_pass,formal_forward_v2_merged,LIB_XCQOHJYGSBLSOW__M_PUB_ALL__e8__s20260927,True,-8.136,True,True,True,3.0229737015065146,7.838900000000001,0.3655913978494624,False,O=C(Nc1ccc(-c2nccn2-c2ccncn2)cc1)c1cccc(N2CCOCC2)c1,False,0,False,False,567.572,1.444,87.232,0.0,87.232,174.464,05_independent_audit/formal_v2_resume_independent_qc.csv
AI_initial,33,LIB_WYYDKVUNYRLXHX,qc_pass,formal_forward_v2_merged,LIB_WYYDKVUNYRLXHX__M_PUB_ALL__e8__s20260927,True,-9.559,True,True,True,3.3916276328630186,2.4749,0.3076923076923077,False,O=C(NCC1CCCCC1)Nc1ccc(-c2cnc3c(-c4cccc(N5CC[NH2+]CC5)c4)cnn3c2)cc1,False,1,False,False,539.708,1.825,50.047,0.0,50.047,100.094,05_independent_audit/formal_v2_resume_independent_qc.csv
AI_initial,34,LIB_IVCDTDIZAJTORZ,qc_pass,formal_forward_v2_merged,LIB_IVCDTDIZAJTORZ__M_PUB_ALL__e8__s20260927,True,-8.616,True,True,True,3.0340067567492333,7.369,0.32,False,O=C(Nc1ccccc1)Nc1cccc(N2CCC([NH+]3CCCC3)CC2)c1,False,1,False,False,501.495,1.096,57.565,0.0,57.565,115.13,05_independent_audit/formal_v2_resume_independent_qc.csv
AI_initial,35,LIB_BARDROPHSZEBKC,qc_pass,formal_forward_v2_merged,LIB_BARDROPHSZEBKC__M_PUB_ALL__e8__s20260927,True,-8.086,True,True,True,3.0368778375166823,10.2299,0.2916666666666667,True,O=c1nc(C[NH+]2CCOC(OCc3ccccc3)C2c2ccccc2)[n-][nH]1,False,-2,True,False,612.395,1.271,114.806,0.0,114.806,229.612,05_independent_audit/formal_v2_resume_independent_qc.csv
AI_initial,36,LIB_XIRVGXCPGRAYMH,qc_pass,formal_forward_v2_merged,LIB_XIRVGXCPGRAYMH__M_PUB_ALL__e8__s20260927,True,-8.987,True,True,True,3.340578542707835,6.68,0.26732673267326734,True,O=C(Nc1ccccc1)Nc1cccc(-c2nc[nH]c2-c2cc3cncnc3s2)c1,False,0,False,False,527.507,0.91,56.235,0.0,56.235,112.47,05_independent_audit/formal_v2_resume_independent_qc.csv
AI_initial,37,LIB_YQPHBBQBBMIYLO,qc_pass,formal_forward_v2_merged,LIB_YQPHBBQBBMIYLO__M_PUB_ALL__e8__s20260927,True,-9.863,True,True,True,2.804939571541605,8.886999999999999,0.29357798165137616,True,O=C(Nc1cccc(Nc2nc3ccccc3n2-c2ccncn2)c1)c1cccc(N2CC[NH2+]CC2)c1,False,1,False,False,602.645,2.05,81.406,0.0,81.406,162.812,05_independent_audit/formal_v2_paused154_independent_qc.csv
AI_initial,38,LIB_KXCARQILTFDOLE,qc_pass,formal_forward_v2_merged,LIB_KXCARQILTFDOLE__M_PUB_ALL__e8__s20260927,True,-9.827,True,False,False,7.216728898884868,0.14389999999999858,0.27058823529411763,True,O=C(Nc1ccccc1)Nc1cccc(-c2cn3ccnc3c(Nc3cccnc3)n2)c1,False,0,False,False,489.461,0.622,57.812,0.0,57.812,115.624,05_independent_audit/formal_v2_resume_independent_qc.csv
AI_initial,39,LIB_YWDIXVZCRMMQQY,qc_pass,formal_forward_v2_merged,LIB_YWDIXVZCRMMQQY__M_PUB_ALL__e8__s20260927,True,-10.075,True,True,True,3.3037943337925864,2.6159,0.25274725274725274,True,O=C(Nc1ccccc1)Nc1cccc(-c2cn3ccnc3c(Nc3ccccc3)n2)c1,False,0,False,False,488.473,0.762,49.658,0.0,49.658,99.316,05_independent_audit/formal_v2_resume_independent_qc.csv
AI_initial,40,LIB_RBGUOHBCKRTPMX,qc_pass,formal_forward_v2_merged,LIB_RBGUOHBCKRTPMX__M_PUB_ALL__e8__s20260927,True,-9.709,True,True,True,3.0593930770661033,7.129,0.3411764705882353,False,O=C(Nc1cccc(-c2ccnc3c(-c4ccccc4)cnn23)c1)c1ccccc1,False,1,False,False,566.585,1.062,70.427,0.0,70.427,140.854,05_independent_audit/formal_v2_resume_independent_qc.csv
AI_initial,41,LIB_XJOBUWSKCGTPQM,qc_pass,formal_forward_v2_merged,LIB_XJOBUWSKCGTPQM__M_PUB_ALL__e8__s20260927,True,-8.843,True,True,True,3.1549177485316475,-0.009000000000000341,0.32894736842105265,False,O=C(Nc1ccccc1)c1cccc(N2CCC([NH+]3CCCC3)CC2)c1,False,1,False,False,486.48,0.995,47.603,0.0,47.603,95.206,05_independent_audit/formal_v2_resume_independent_qc.csv
AI_initial,42,LIB_ASWUBISYJRGUGG,qc_pass,formal_forward_v2_merged,LIB_ASWUBISYJRGUGG__M_PUB_ALL__e8__s20260927,True,-8.288,True,True,True,3.3793639934165127,7.024999999999999,0.3669724770642202,False,O=C(Nc1ccc(N2CCOCC2)cc1)Nc1cccc(-c2nccn2-c2ccncn2)c1,False,0,False,False,582.587,1.799,101.106,0.0,101.106,202.212,05_independent_audit/formal_v2_resume_independent_qc.csv
AI_initial,43,LIB_JRMCNSWAKAFNPS,qc_pass,formal_forward_v2_merged,LIB_JRMCNSWAKAFNPS__M_PUB_ALL__e8__s20260927,True,-9.859,True,False,False,7.056005810655204,0.07989999999999853,0.25301204819277107,True,O=C(Nc1ccccc1)Nc1cccc(-c2cn3ccnc3c(Nc3ccncc3)n2)c1,False,0,False,False,489.461,0.701,86.783,0.0,86.783,173.566,05_independent_audit/formal_v2_resume_independent_qc.csv
AI_initial,44,LIB_BXMPHYNIUWLBLW,qc_pass,formal_forward_v2_merged,LIB_BXMPHYNIUWLBLW__M_PUB_ALL__e8__s20260927,True,-9.765,True,True,True,3.3542809959811057,3.208999999999998,0.25,True,O=C(Nc1cccc(-c2nc3c(cnn3Cc3ccccc3)[n-]2)c1)Nc1cccc(N2CCOCC2)c1,False,-1,False,False,574.587,1.568,56.34,0.0,56.34,112.68,05_independent_audit/formal_v2_paused154_independent_qc.csv
AI_initial,45,LIB_PKEOFNLYKBPOQT,qc_pass,formal_forward_v2_merged,LIB_PKEOFNLYKBPOQT__M_PUB_ALL__e8__s20260927,True,-8.184,True,False,False,8.99219822957657,0.6468999999999987,0.7230769230769231,False,c1ccc(-c2ccnc(Nc3ccc(N4CCOCC4)cc3)n2)cc1,True,0,False,False,428.496,0.642,69.114,0.0,69.114,138.228,05_independent_audit/formal_v2_resume_independent_qc.csv
AI_initial,46,LIB_TVRADXVJUWRKGV,qc_pass,formal_forward_v2_merged,LIB_TVRADXVJUWRKGV__M_PUB_ALL__e8__s20260927,True,-9.05,True,True,True,3.2731093779462967,8.136999999999999,0.46153846153846156,False,O=C(Nc1ccc(Oc2ccccc2)cc1)[NH+]1CCN(c2nc(N3CCOCC3)nc3ccccc23)CC1,False,1,False,False,571.658,2.204,107.789,0.0,107.789,215.578,05_independent_audit/formal_v2_resume_independent_qc.csv
AI_initial,47,LIB_PHXJVRSECIGDHY,qc_pass,formal_forward_v2_merged,LIB_PHXJVRSECIGDHY__M_PUB_ALL__e8__s20260927,True,-8.887,True,False,False,6.439685861903515,0.7988999999999997,0.27358490566037735,True,O=C(Nc1ccc(C[NH+]2CC[NH2+]CC2)cc1)c1cccc(C#Cc2cnc3cccnn23)c1,False,2,True,False,534.586,1.326,83.761,0.0,83.761,167.522,05_independent_audit/formal_v2_resume_independent_qc.csv
AI_initial,48,LIB_PQAPIAXNANSJSC,qc_pass,formal_forward_v2_merged,LIB_PQAPIAXNANSJSC__M_PUB_ALL__e8__s20260927,True,-8.008,False,False,False,9.056912222164902,0.5618999999999996,0.7121212121212122,False,c1ccc(-c2ccnc(Nc3ccc(N4CCOCC4)cc3)n2)cc1,True,0,False,False,444.495,0.682,62.252,0.0,62.252,124.504,05_independent_audit/formal_v2_resume_independent_qc.csv
AI_initial,49,LIB_VEXPKIRCYBYITI,qc_pass,formal_forward_v2_merged,LIB_VEXPKIRCYBYITI__M_PUB_ALL__e8__s20260927,True,-9.086,True,True,True,3.072160152075408,5.653999999999998,0.2625,True,O=C(Nc1cccc(Nc2nc3ccccc3n2-c2ccncn2)c1)c1ccccc1,False,0,False,False,518.499,0.768,77.571,0.0,77.571,155.142,05_independent_audit/formal_v2_resume_independent_qc.csv
AI_initial,50,LIB_FMNUBSBKJCVJPF,qc_pass,formal_forward_v2_merged,LIB_FMNUBSBKJCVJPF__M_PUB_ALL__e8__s20260927,True,-8.973,True,True,True,3.3558776795348186,8.4619,0.25287356321839083,True,O=c1c(-c2ccccc2)coc2c3c(ccc12)OCC1Cc2ccccc2[NH2+]C31,False,1,False,False,438.547,0.824,15.504,0.0,15.504,31.008,05_independent_audit/formal_v2_resume_independent_qc.csv
AI_initial,51,LIB_LBORYVQDGDVAMG,qc_pass,formal_forward_v2_merged,LIB_LBORYVQDGDVAMG__M_PUB_ALL__e8__s20260927,True,-9.255,True,True,True,3.0757724233109314,7.135,0.38271604938271603,False,O=C(Nc1cccc(-c2ccnc3c(-c4ccccc4)cnn23)c1)c1ccccc1,False,0,False,False,501.512,0.726,43.044,0.0,43.044,86.088,05_independent_audit/formal_v2_resume_independent_qc.csv
AI_initial,52,LIB_PULGHSXSJBTNHW,qc_pass,formal_forward_v2_merged,LIB_PULGHSXSJBTNHW__M_PUB_ALL__e8__s20260927,True,-8.063,False,True,False,3.476942910086388,4.3519999999999985,0.819672131147541,False,c1ccc(-c2ccnc(Nc3ccc(N4CCSCC4)cc3)n2)cc1,False,0,False,False,430.537,0.581,35.567,0.0,35.567,71.134,05_independent_audit/formal_v2_resume_independent_qc.csv
AI_initial,53,LIB_RQGLQNLOJSOQJU,qc_pass,formal_forward_v2_merged,LIB_RQGLQNLOJSOQJU__M_PUB_ALL__e8__s20260927,True,-8.859,True,True,True,3.377711207311839,1.6340000000000003,0.313953488372093,False,O=C(Nc1cccc(-c2ccnc3c(-c4cn[n-]c4)cnn23)c1)c1ccccc1,False,-1,False,False,481.845,0.426,61.877,0.0,61.877,123.754,05_independent_audit/formal_v2_resume_independent_qc.csv
AI_initial,54,LIB_DEXHSEHQQJCLML,qc_pass,formal_forward_v2_merged,LIB_DEXHSEHQQJCLML__M_PUB_ALL__e8__s20260927,True,-8.916,True,True,True,3.1596002911760848,2.337300000000001,0.6,False,O=C(C=Cc1ccccc1)C(=O)[NH+]1CCN(c2ccc(N3CCOC3=O)cc2)CC1,False,1,False,False,563.528,1.676,110.466,0.0,110.466,220.932,05_independent_audit/formal_v2_resume_independent_qc.csv
AI_initial,55,LIB_NPPRRBNKXJEVHF,qc_pass,formal_forward_v2_merged,LIB_NPPRRBNKXJEVHF__M_PUB_ALL__e8__s20260927,True,-9.104,True,True,True,2.831861048851091,5.4849,0.6164383561643836,False,O=C1OCCN1c1ccc(N2CC[NH+](C(=O)C=Cc3ccc(-c4ccccc4)cc3)CC2)cc1,False,1,False,False,543.619,1.912,88.2,0.0,88.2,176.4,05_independent_audit/formal_v2_resume_independent_qc.csv
AI_initial,56,LIB_NEBOKDKFXPUVNX,qc_pass,formal_forward_v2_merged,LIB_NEBOKDKFXPUVNX__M_PUB_ALL__e8__s20260927,True,-8.786,True,True,True,3.1166222100216125,5.9948999999999995,0.2962962962962963,True,O=C(N[N-]C(=O)c1cnc(-c2cc(-c3ccccc3)n(-c3ccccc3)n2)s1)NC(=O)c1ccccc1,False,-1,False,False,642.014,1.398,92.775,0.0,92.775,185.55,05_independent_audit/formal_v2_paused154_independent_qc.csv
AI_initial,57,LIB_QQWZHMYUROBWLF,qc_pass,formal_forward_v2_merged,LIB_QQWZHMYUROBWLF__M_PUB_ALL__e8__s20260927,True,-9.302,True,True,True,2.855017513081137,2.2158999999999995,0.24096385542168675,True,O=C(Nc1ccccc1)c1cccc(Nc2nc3ccccc3n2-c2ccncn2)c1,False,0,False,False,517.515,0.93,59.733,0.0,59.733,119.466,05_independent_audit/formal_v2_resume_independent_qc.csv
AI_initial,58,LIB_FLHLHIWGNRUPHK,qc_pass,formal_forward_v2_merged,LIB_FLHLHIWGNRUPHK__M_PUB_ALL__e8__s20260927,True,-8.33,True,True,True,2.801017493697601,7.559899999999999,0.26373626373626374,True,O=C(NC(=S)N[N-]C(=O)c1cnc(-c2cc(-c3ccccc3)n(-c3ccccc3)n2)s1)c1ccccc1,False,-1,False,False,590.085,1.228,48.572,0.0,48.572,97.144,05_independent_audit/formal_v2_paused154_independent_qc.csv
AI_initial,59,LIB_TZQNHHGKGQGOOH,qc_pass,formal_forward_v2_merged,LIB_TZQNHHGKGQGOOH__M_PUB_ALL__e8__s20260927,True,-8.711,True,True,True,3.1358694169241166,3.3079,0.29411764705882354,True,O=C(Nc1cccc(N2CCC([NH+]3CCCC3)CC2)c1)c1ccccc1,False,1,False,False,443.493,0.798,39.587,0.0,39.587,79.174,05_independent_audit/formal_v2_resume_independent_qc.csv
AI_initial,60,LIB_RFPTXMLFYMYJSO,qc_pass,formal_forward_v2_merged,LIB_RFPTXMLFYMYJSO__M_PUB_ALL__e8__s20260927,True,-8.331,True,True,True,3.0312223606987327,2.3789,0.7540983606557377,False,c1ccc(-c2ccnc(Nc3ccc(N4CCOCC4)cc3)n2)cc1,True,0,False,False,414.469,0.558,36.896,0.0,36.896,73.792,05_independent_audit/formal_v2_resume_independent_qc.csv
AI_active,61,LIB_MYAFDHCCQBIZLC,qc_pass,formal_forward_v2_active_merged41,LIB_MYAFDHCCQBIZLC__M_PUB_ALL__e8__s20260927,True,-10.066,True,True,True,3.289987537970319,2.6308999999999987,0.2727272727272727,True,O=C(Nc1ccccc1)Nc1cccc(-c2cn3ccnc3c(NCc3ccccc3)n2)c1,False,0,False,False,502.5,1.359,74.85,0.0,74.85,149.7,05_independent_audit/formal_v2_active_first27_independent_qc.csv
AI_active,62,LIB_HTEUQPWFMDGLKN,qc_pass,formal_forward_v2_merged,LIB_HTEUQPWFMDGLKN__M_PUB_ALL__e8__s20260927,True,-9.813,True,True,True,2.800148924610975,8.7319,0.2828282828282828,True,O=C(Nc1cccc(Nc2nc3ccccc3n2-c2ccncn2)c1)c1cccc(N2CC[NH2+]CC2)c1,False,1,False,False,616.672,2.177,89.259,0.0,89.259,178.518,05_independent_audit/formal_v2_paused154_independent_qc.csv
AI_active,63,LIB_ZVHBDYFMHCQADD,qc_pass,formal_forward_v2_active_merged41,LIB_ZVHBDYFMHCQADD__M_PUB_ALL__e8__s20260927,True,-9.914,True,True,True,3.2908147927223133,2.5208999999999993,0.24742268041237114,True,O=C(Nc1ccccc1)Nc1cccc(-c2cn3ccnc3c(NCc3ccccn3)n2)c1,False,0,False,False,503.488,1.238,74.443,0.0,74.443,148.886,05_independent_audit/formal_v2_active_first27_independent_qc.csv
AI_active,64,LIB_MSOIEDXPFWQELX,qc_pass,formal_forward_v2_active_merged41,LIB_MSOIEDXPFWQELX__M_PUB_ALL__e8__s20260927,True,-9.407,True,True,True,3.405570436799098,3.3369,0.26744186046511625,True,O=C(Nc1cccc(-c2cn3ccnc3c(NCc3ccncc3)n2)c1)c1ccccc1,False,0,False,False,488.473,0.846,74.36,0.0,74.36,148.72,05_independent_audit/formal_v2_active_first27_independent_qc.csv
AI_active,65,LIB_HLVJLTDUBJMRSP,qc_pass,formal_forward_v2_active_merged41,LIB_HLVJLTDUBJMRSP__M_PUB_ALL__e8__s20260927,True,-8.957,True,True,True,3.390782947934001,2.559899999999999,0.24691358024691357,True,O=C(Cc1ccccc1)Nc1cccc(-c2cn3ccnc3c(NCc3ccncc3)n2)c1,False,0,False,False,502.5,1.184,115.943,0.0,115.943,231.886,05_independent_audit/formal_v2_active_first27_independent_qc.csv
AI_active,66,LIB_DWDRUDUATUOJND,qc_pass,formal_forward_v2_merged,LIB_DWDRUDUATUOJND__M_PUB_ALL__e8__s20260927,True,-9.946,True,True,True,3.191450140610065,2.472899999999999,0.28125,True,O=C(Nc1ccccc1)Nc1cccc(-c2cn3ccnc3c(NCc3ccncc3)n2)c1,False,0,False,False,537.933,0.969,61.374,0.0,61.374,122.748,05_independent_audit/formal_v2_resume_independent_qc.csv
AI_active,67,LIB_NWEIPABWNQPRCZ,qc_pass,formal_forward_v2_active_merged41,LIB_NWEIPABWNQPRCZ__M_PUB_ALL__e8__s20260927,True,-9.65,True,True,True,3.1621122687216534,2.588899999999999,0.24705882352941178,True,O=C(Nc1ccccc1)Nc1cccc(-c2cn3ccnc3c(NCc3ccncc3)n2)c1,False,0,False,False,503.488,1.119,74.544,0.0,74.544,149.088,05_independent_audit/formal_v2_active_first27_independent_qc.csv
AI_active,68,LIB_ZHKIURQRUBOVST,qc_pass,formal_forward_v2_active_merged41,LIB_ZHKIURQRUBOVST__M_PUB_ALL__e8__s20260927,True,-9.746,True,True,True,3.232747902327059,2.511899999999999,0.2682926829268293,True,O=C(Nc1ccccc1)Nc1cccc(-c2cn3ccnc3c(NCc3cccnc3)n2)c1,False,0,False,False,503.488,1.115,80.754,0.0,80.754,161.508,05_independent_audit/formal_v2_active_first27_independent_qc.csv
AI_active,69,LIB_NHVGQRASKRTWLZ,qc_pass,formal_forward_v2_merged,LIB_NHVGQRASKRTWLZ__M_PUB_ALL__e8__s20260927,True,-9.705,True,True,True,2.7906638995049184,8.898,0.2222222222222222,True,O=C(Nc1cccc(-n2ccnc2)c1)c1cccc(Nc2nc3ccccc3n2-c2ccncn2)c1,False,0,False,False,583.578,1.731,76.264,0.0,76.264,152.528,05_independent_audit/formal_v2_paused154_independent_qc.csv
AI_active,70,LIB_KOMBODFBKQOZRA,qc_pass,formal_forward_v2_merged,LIB_KOMBODFBKQOZRA__M_PUB_ALL__e8__s20260927,True,-9.895,True,True,True,3.1758217834129168,0.4969000000000001,0.2708333333333333,True,O=C(Nc1ccccc1)Nc1cccc(-c2cn3ccnc3c(NCc3ccccc3)n2)c1,False,-1,False,False,545.501,1.157,54.005,0.0,54.005,108.01,05_independent_audit/formal_v2_resume_independent_qc.csv
AI_active,71,LIB_SNKYRRUHFHNPGP,qc_pass,formal_forward_v2_active_merged41,LIB_SNKYRRUHFHNPGP__M_PUB_ALL__e8__s20260927,True,-10.591,True,False,False,5.642218092204519,1.9468999999999994,0.2702702702702703,True,O=C(Nc1ccccc1)Nc1cccc(-c2cn3ccnc3c(NCc3ccncc3)n2)c1,False,0,False,False,503.488,1.002,74.732,0.0,74.732,149.464,05_independent_audit/formal_v2_active_first27_independent_qc.csv
AI_active,72,LIB_GHPCAIWYHJZRGR,qc_pass,formal_forward_v2_merged,LIB_GHPCAIWYHJZRGR__M_PUB_ALL__e8__s20260927,True,-9.764,True,True,True,3.188154011336341,2.5099,0.26804123711340205,True,O=C(Nc1ccccc1)Nc1cccc(-c2cn3ccnc3c(NCc3ccncc3)n2)c1,False,0,False,False,521.478,0.89,61.988,0.0,61.988,123.976,05_independent_audit/formal_v2_resume_independent_qc.csv
AI_active,73,LIB_UDXKCMZFPXURAC,qc_pass,formal_forward_v2_active_merged41,LIB_UDXKCMZFPXURAC__M_PUB_ALL__e8__s20260927,True,-10.789,True,False,False,5.60549355543292,0.5218999999999987,0.25609756097560976,True,O=C(NCc1ccccc1)Nc1cccc(-c2cn3ccnc3c(NCc3ccncc3)n2)c1,False,0,False,False,517.515,1.128,112.356,0.0,112.356,224.712,05_independent_audit/formal_v2_active_first27_independent_qc.csv
AI_active,74,LIB_YLUXGJXUXWARJV,qc_pass,formal_forward_v2_active_merged41,LIB_YLUXGJXUXWARJV__M_PUB_ALL__e8__s20260927,True,-10.021,True,False,False,6.382693553665256,0.012900000000000134,0.23863636363636365,True,O=C(Nc1ccccc1)Nc1cccc(-c2cn3ccnc3c(NCCc3ccncc3)n2)c1,False,0,False,False,517.515,1.138,96.656,0.0,96.656,193.312,05_independent_audit/formal_v2_active_first27_independent_qc.csv
AI_active,75,LIB_GKROVQJERPLMAG,qc_pass,formal_forward_v2_active_merged41,LIB_GKROVQJERPLMAG__M_PUB_ALL__e8__s20260927,True,-9.652,True,True,True,3.0770095872453807,6.6899999999999995,0.25609756097560976,True,O=C(NCc1cccc(-c2cn3ccnc3c(NCc3ccncc3)n2)c1)Nc1ccccc1,False,0,False,False,517.515,1.355,126.26,0.0,126.26,252.52,05_independent_audit/formal_v2_active_first27_independent_qc.csv
AI_active,76,LIB_YFXAKRSCLHWERK,qc_pass,formal_forward_v2_active_merged41,LIB_YFXAKRSCLHWERK__M_PUB_ALL__e8__s20260927,True,-9.668,True,True,True,3.1107722513871052,2.8598999999999997,0.27884615384615385,True,O=C(Nc1ccccc1)Nc1ccc(-c2cn3ccnc3c(NCc3ccncc3)n2)cc1,False,0,False,False,503.488,1.306,85.592,0.0,85.592,171.184,05_independent_audit/formal_v2_active_first27_independent_qc.csv
AI_active,77,LIB_VDQZIQXNPVFCAD,qc_pass,formal_forward_v2_active_merged41,LIB_VDQZIQXNPVFCAD__M_PUB_ALL__e8__s20260927,True,-9.67,True,True,True,3.226280985903119,2.4589,0.2549019607843137,True,O=C(Nc1ccccc1)Nc1cccc(-c2cn3ccnc3c(NCc3ccncc3)n2)c1,False,0,False,False,533.514,1.204,96.685,0.0,96.685,193.37,05_independent_audit/formal_v2_active_first27_independent_qc.csv
AI_active,78,LIB_YZZJLDVCVPYUMF,qc_pass,formal_forward_v2_merged,LIB_YZZJLDVCVPYUMF__M_PUB_ALL__e8__s20260927,True,-8.373,True,True,True,3.140063693621514,9.678899999999999,0.24324324324324326,True,O=C(CNc1cccc(-c2cn3ccnc3c(NCc3ccncc3)n2)c1)Nc1ccccc1,False,0,False,False,547.541,1.563,76.11,0.0,76.11,152.22,05_independent_audit/formal_v2_paused154_independent_qc.csv
AI_active,79,LIB_OCOHRESDZFYIIC,qc_pass,formal_forward_v2_merged,LIB_OCOHRESDZFYIIC__M_PUB_ALL__e8__s20260927,True,-9.506,True,True,True,3.3718150898292154,5.8889,0.24,True,O=C(Nc1ccccc1)Nc1cccc(-c2cn3ccnc3c(NCc3ccncc3)n2)c1,False,-1,False,False,518.479,0.941,1110.578,1038.0,72.578,145.156,05_independent_audit/formal_v2_resume_independent_qc.csv
AI_active,80,LIB_OLQWTLPWZOPGNO,qc_pass,formal_forward_v2_active_merged41,LIB_OLQWTLPWZOPGNO__M_PUB_ALL__e8__s20260927,True,-9.544,True,True,True,3.247374323973139,2.8278999999999996,0.24468085106382978,True,O=C(Nc1ccccc1)Nc1cccc(-c2cn3ccnc3c(NCC3CC[NH2+]CC3)n2)c1,False,1,False,False,510.544,1.48,76.79,0.0,76.79,153.58,05_independent_audit/formal_v2_active_first27_independent_qc.csv
AI_active,81,LIB_PSDSEDAUIJUGQT,qc_pass,formal_forward_v2_active_merged41,LIB_PSDSEDAUIJUGQT__M_PUB_ALL__e8__s20260927,True,-9.001,True,True,True,3.0798931799658242,2.8879,0.2717391304347826,True,O=C(Nc1ccccc1)Nc1cccc(-c2cn3ccnc3c(NCc3ccncc3)n2)c1,False,0,False,False,503.488,1.097,77.604,0.0,77.604,155.208,05_independent_audit/formal_v2_active_first27_independent_qc.csv
AI_active,82,LIB_BUZOTBWJKYSTEL,qc_pass,formal_forward_v2_active_merged41,LIB_BUZOTBWJKYSTEL__M_PUB_ALL__e8__s20260927,True,-9.526,True,True,True,3.2691433128573606,0.41899999999999693,0.34444444444444444,False,O=C(Nc1cccc(-c2ccnc3c(-c4ccc(C[NH+]5CC[NH2+]CC5)cc4)cnn23)c1)c1ccccc1,False,2,True,False,572.635,1.786,103.335,0.0,103.335,206.67,05_independent_audit/formal_v2_active_first27_independent_qc.csv
AI_active,83,LIB_DATHYHLOJYBUAS,qc_pass,formal_forward_v2_active_merged41,LIB_DATHYHLOJYBUAS__M_PUB_ALL__e8__s20260927,True,-9.429,True,True,True,3.0248418140458195,3.0739,0.32978723404255317,False,O=C(Nc1cccc(-c2ccnc3c(-c4coc(C[NH+]5CC[NH2+]CC5)c4)cnn23)c1)c1ccccc1,False,2,True,False,576.623,1.864,112.854,0.0,112.854,225.708,05_independent_audit/formal_v2_active_first27_independent_qc.csv
AI_active,84,LIB_PGAGZKDWBHDEKT,qc_pass,formal_forward_v2_active_merged41,LIB_PGAGZKDWBHDEKT__M_PUB_ALL__e8__s20260927,True,-10.038,True,False,False,6.781420942545891,0.07489999999999952,0.25675675675675674,True,O=C(Nc1ccccc1)Nc1cccc(-c2cn3ccnc3c(NCc3ccncc3)n2)c1,False,0,False,False,517.515,1.221,79.022,0.0,79.022,158.044,05_independent_audit/formal_v2_active_first27_independent_qc.csv
AI_active,85,LIB_VYPKGVPXECFUKL,qc_pass,formal_forward_v2_active_merged41,LIB_VYPKGVPXECFUKL__M_PUB_ALL__e8__s20260927,True,-9.275,True,True,True,3.2099822429415408,2.447899999999999,0.25,True,O=C(Nc1ccccc1)Nc1cccc(-c2cn3ccnc3c(OCc3ccncc3)n2)c1,False,0,False,False,504.472,1.012,75.491,0.0,75.491,150.982,05_independent_audit/formal_v2_active_first27_independent_qc.csv
AI_active,86,LIB_BDNDOZRIKYDPKJ,qc_pass,formal_forward_v2_merged,LIB_BDNDOZRIKYDPKJ__M_PUB_ALL__e8__s20260927,True,-8.99,True,True,True,3.1591407059515406,6.481,0.27,True,O=C(Nc1ccccc1)Nc1cccc(-c2cn3ccnc3c(NCc3ccncc3)n2)c1,False,0,False,False,591.594,1.677,80.222,0.0,80.222,160.444,05_independent_audit/formal_v2_resume_independent_qc.csv
AI_active,87,LIB_CNAMYLDNIIXYMW,qc_pass,formal_forward_v2_active_merged41,LIB_CNAMYLDNIIXYMW__M_PUB_ALL__e8__s20260927,True,-8.989,True,True,True,2.9696100754139425,7.326999999999998,0.32608695652173914,False,O=C(Nc1cccc(-c2ccnc3c(-c4cnn(CC[NH+]5CCCC5)c4)cnn23)c1)c1ccccc1,False,1,False,False,546.577,1.368,77.605,0.0,77.605,155.21,05_independent_audit/formal_v2_active_first27_independent_qc.csv
AI_active,88,LIB_BIAGWLDERXRFAW,qc_pass,formal_forward_v2_active_merged41,LIB_BIAGWLDERXRFAW__M_PUB_ALL__e8__s20260927,True,-9.388,True,True,True,3.31640739355104,1.3293000000000017,0.3448275862068966,False,O=C(Nc1cccc(-c2ccnc3c(-c4ccccc4)cnn23)c1)c1ccccc1,False,1,False,False,559.572,1.347,77.504,0.0,77.504,155.008,05_independent_audit/formal_v2_active_first27_independent_qc.csv
AI_active,89,LIB_FQOBSFOIGPCIHS,qc_pass,formal_forward_v2_active_merged41,LIB_FQOBSFOIGPCIHS__M_PUB_ALL__e8__s20260927,True,-9.742,True,True,True,3.0349079063457585,5.100899999999999,0.35714285714285715,False,O=C(Nc1cccc(-c2ccnc3c(-c4ccccc4)cnn23)c1)c1ccccc1,False,1,False,False,559.572,1.768,80.635,0.0,80.635,161.27,05_independent_audit/formal_v2_active_first27_independent_qc.csv
AI_active,90,LIB_YIICPBQWCOBAJU,qc_pass,formal_forward_v2_active_merged41,LIB_YIICPBQWCOBAJU__M_PUB_ALL__e8__s20260927,True,-8.921,True,True,True,3.4627135313219317,2.4238999999999997,0.3888888888888889,False,O=C(Nc1cccc(-c2ccnc3c(C#CCCC[NH+]4CC[NH2+]CC4)cnn23)c1)c1ccccc1,False,2,True,False,548.613,2.458,89.149,0.0,89.149,178.298,05_independent_audit/formal_v2_active_first27_independent_qc.csv
AI_active,91,LIB_APMUVXPIJNPXQE,qc_pass,formal_forward_v2_active_merged41,LIB_APMUVXPIJNPXQE__M_PUB_ALL__e8__s20260927,True,-9.314,True,True,True,3.3053904459231425,1.213000000000001,0.3409090909090909,False,O=C(Nc1cccc(-c2ccnc3c(-c4ccc(C[NH+]5CCCC5)cc4)cnn23)c1)c1ccccc1,False,1,False,False,542.585,1.509,72.806,0.0,72.806,145.612,05_independent_audit/formal_v2_active_first27_independent_qc.csv
AI_active,92,LIB_UFELNXRWJPVQMY,qc_pass,formal_forward_v2_active_merged41,LIB_UFELNXRWJPVQMY__M_PUB_ALL__e8__s20260927,True,-8.635,True,True,True,3.3289429253142804,1.1353000000000026,0.3333333333333333,False,O=C(Nc1cccc(-c2ccnc3c(-c4ccccc4)cnn23)c1)c1ccccc1,False,0,False,False,589.574,1.92,128.417,0.0,128.417,256.834,05_independent_audit/formal_v2_active_first27_independent_qc.csv
AI_active,93,LIB_SOWMPGHFKGHWIR,qc_pass,formal_forward_v2_active_merged41,LIB_SOWMPGHFKGHWIR__M_PUB_ALL__e8__s20260927,True,-8.951,True,True,True,3.127984814541145,2.1148999999999987,0.358695652173913,False,O=C(Nc1cccc(-c2ccnc3c(C#CCCC[NH+]4CCOCC4)cnn23)c1)c1ccccc1,False,1,False,False,534.562,1.48,86.24,0.0,86.24,172.48,05_independent_audit/formal_v2_active_first27_independent_qc.csv
AI_active,94,LIB_YVCVALMTTAHIAN,qc_pass,formal_forward_v2_merged,LIB_YVCVALMTTAHIAN__M_PUB_ALL__e8__s20260927,True,-9.696,True,True,True,3.0296354566185024,2.972899999999999,0.37349397590361444,False,O=C(Nc1ccccc1)Nc1cccc(-c2cn3ccnc3c(NCc3ccncc3)n2)c1,False,0,False,False,537.933,0.842,61.806,0.0,61.806,123.612,05_independent_audit/formal_v2_resume_independent_qc.csv
AI_active,95,LIB_CXRYSQNWQCVBQV,qc_pass,formal_forward_v2_merged,LIB_CXRYSQNWQCVBQV__M_PUB_ALL__e8__s20260927,True,-9.788,True,True,True,3.0461802310434622,3.014899999999999,0.2988505747126437,True,O=C(Nc1ccccc1)Nc1cccc(-c2cn3ccnc3c(NCc3ccncc3)n2)c1,False,0,False,False,517.515,1.244,40.971,0.0,40.971,81.942,05_independent_audit/formal_v2_paused154_independent_qc.csv
AI_active,96,LIB_UXWQKBQYLIAPJN,qc_pass,formal_forward_v2_active_merged41,LIB_UXWQKBQYLIAPJN__M_PUB_ALL__e8__s20260927,True,-9.943,True,False,False,10.419114261778686,0.5268999999999995,0.32608695652173914,False,O=C(Nc1cccc(-c2ccnc3c(-c4coc(C[NH+]5CCCC5)c4)cnn23)c1)c1ccccc1,False,1,False,False,532.546,1.341,75.814,0.0,75.814,151.628,05_independent_audit/formal_v2_active_first27_independent_qc.csv
AI_active,97,LIB_ZNDXPRCORYDEAP,qc_pass,formal_forward_v2_active_merged41,LIB_ZNDXPRCORYDEAP__M_PUB_ALL__e8__s20260927,True,-10.049,True,True,True,3.1704330934432288,2.5798999999999985,0.29347826086956524,True,O=C(Nc1ccccc1)Nc1cccc(-c2cn3ccnc3c(NCc3ccncc3)n2)c1,False,0,False,False,521.478,0.942,70.732,0.0,70.732,141.464,05_independent_audit/formal_v2_active_first27_independent_qc.csv
AI_active,98,LIB_WZFZONITOFUGNM,qc_pass,formal_forward_v2_active_merged41,LIB_WZFZONITOFUGNM__M_PUB_ALL__e8__s20260927,True,-8.293,True,True,True,2.8020410418122,10.5783,0.26436781609195403,True,O=S(=O)(Nc1cccc(-c2cn3ccnc3c(NCc3ccncc3)n2)c1)c1ccccc1,False,0,False,False,524.528,0.898,77.597,0.0,77.597,155.194,05_independent_audit/formal_v2_active_resume14_independent_qc.csv
AI_active,99,LIB_YAYODJGNSKFEGH,qc_pass,formal_forward_v2_merged,LIB_YAYODJGNSKFEGH__M_PUB_ALL__e8__s20260927,True,-9.376,True,True,True,3.036962298086692,2.8369,0.2857142857142857,True,O=C(Nc1ccccc1)Nc1cccc(-c2cn3ccnc3c(NCc3ccncc3)n2)c1,False,0,False,False,563.54,1.06,7302.458,7227.0,75.458,150.916,05_independent_audit/formal_v2_resume_independent_qc.csv
AI_active,100,LIB_BCNXUFFSRWFFQA,qc_pass,formal_forward_v2_merged,LIB_BCNXUFFSRWFFQA__M_PUB_ALL__e8__s20260927,True,-9.138,True,True,True,3.5972714659864073,2.7528999999999986,0.28,True,O=C(Nc1ccccc1)c1cccc(Nc2nc3ccccc3n2-c2ncnc(NCCC[NH+]3CC[NH2+]CC3)n2)c1,False,2,True,False,646.722,2.644,235.809,0.0,235.809,471.618,05_independent_audit/formal_v2_resume_independent_qc.csv
AI_active,101,LIB_DUSWCXDALWVDSK,qc_pass,formal_forward_v2_merged,LIB_DUSWCXDALWVDSK__M_PUB_ALL__e8__s20260927,True,-9.542,True,True,True,3.564374559442372,2.4519,0.2743362831858407,True,O=C(Nc1cccc(Nc2nc3ccccc3n2-c2cc(NCC[NH+]3CC[NH2+]CC3)ncn2)c1)c1ccccc1,False,2,True,False,631.707,2.532,108.733,0.0,108.733,217.466,05_independent_audit/formal_v2_resume_independent_qc.csv
AI_active,102,LIB_VKGKEHUDLZDBMP,qc_pass,formal_forward_v2_merged,LIB_VKGKEHUDLZDBMP__M_PUB_ALL__e8__s20260927,True,-8.918,True,False,False,5.151599557419035,1.1168999999999993,0.2631578947368421,True,O=C(Nc1ccccc1)c1cccc(Nc2nc3ccccc3n2-c2cc(NCC[NH+]3CC[NH2+]CC3)ncn2)c1,False,2,True,False,631.707,2.386,125.3,0.0,125.3,250.6,05_independent_audit/formal_v2_resume_independent_qc.csv
AI_active,103,LIB_YGTYIGUWQYTZMS,qc_pass,formal_forward_v2_merged,LIB_YGTYIGUWQYTZMS__M_PUB_ALL__e8__s20260927,True,-9.458,True,True,True,2.955214543819111,2.7759,0.2647058823529412,True,O=C(Nc1ccccc1)c1cccc(Nc2nc3ccccc3n2-c2cc(NCCC[NH+]3CC[NH2+]CC3)ncn2)c1,False,2,True,False,645.734,2.492,153.909,0.0,153.909,307.818,05_independent_audit/formal_v2_resume_independent_qc.csv
AI_active,104,LIB_FILQIUCXPQZUON,qc_pass,formal_forward_v2_merged,LIB_FILQIUCXPQZUON__M_PUB_ALL__e8__s20260927,True,-10.319,True,True,True,3.7077062990479703,0.4548999999999985,0.26956521739130435,True,O=C(Nc1cccc(Nc2nc3ccccc3n2-c2cc(NCCC[NH+]3CC[NH2+]CC3)ncn2)c1)c1ccccc1,False,2,True,False,645.734,2.611,167.977,0.0,167.977,335.954,05_independent_audit/formal_v2_resume_independent_qc.csv
AI_active,105,LIB_REZFVUNAFUHYBW,qc_pass,formal_forward_v2_merged,LIB_REZFVUNAFUHYBW__M_PUB_ALL__e8__s20260927,True,-9.608,True,True,True,3.4278001692047333,2.7309,0.2523364485981308,True,O=C(Nc1cccc(Nc2nc3ccccc3n2-c2cc([NH2+]C3CCCCC3)ncn2)c1)c1ccccc1,False,2,True,False,602.665,2.049,90.835,0.0,90.835,181.67,05_independent_audit/formal_v2_resume_independent_qc.csv
AI_active,106,LIB_REDBMKRPRFVCHI,qc_pass,formal_forward_v2_active_merged41,LIB_REDBMKRPRFVCHI__M_PUB_ALL__e8__s20260927,True,-9.019,True,True,True,3.1730376612955604,2.3638999999999992,0.28125,True,O=C(Nc1cccc(Nc2nc3ccccc3n2-c2ccncn2)c1)c1ccccc1,False,1,False,False,603.673,1.954,166.117,0.0,166.117,332.234,05_independent_audit/formal_v2_active_resume14_independent_qc.csv
AI_active,107,LIB_AIWJVLQNYNCDSL,qc_pass,formal_forward_v2_active_merged41,LIB_AIWJVLQNYNCDSL__M_PUB_ALL__e8__s20260927,True,-9.113,True,True,True,3.324987368397059,4.061999999999999,0.36904761904761907,False,O=C(Nc1cccc(-c2ccnc3c(-c4ccccc4)cnn23)c1)c1ccccc1,False,1,False,False,516.547,1.089,62.68,0.0,62.68,125.36,05_independent_audit/formal_v2_active_resume14_independent_qc.csv
AI_active,108,LIB_UOJUQBSCCIRCHS,qc_pass,formal_forward_v2_active_merged41,LIB_UOJUQBSCCIRCHS__M_PUB_ALL__e8__s20260927,True,-9.229,True,False,False,4.080439314583664,0.5168999999999997,0.2696629213483146,True,O=C(Nc1cccc(Nc2nc3ccccc3n2-c2ccncn2)c1)c1ccccc1,False,1,False,False,603.673,1.953,164.793,0.0,164.793,329.586,05_independent_audit/formal_v2_active_resume14_independent_qc.csv
AI_active,109,LIB_SVAFJSOEFDZBGK,qc_pass,formal_forward_v2_merged,LIB_SVAFJSOEFDZBGK__M_PUB_ALL__e8__s20260927,True,-9.647,True,True,True,3.3799585796278633,6.959999999999999,0.2631578947368421,True,O=C(Nc1ccccc1)Nc1ccc(-c2nc3c(cnn3Cc3ccccc3)[n-]2)cc1,False,-1,False,False,509.899,0.689,64.265,0.0,64.265,128.53,05_independent_audit/formal_v2_resume_independent_qc.csv
AI_active,110,LIB_RCFMYOVNMVCRHQ,qc_pass,formal_forward_v2_active_merged41,LIB_RCFMYOVNMVCRHQ__M_PUB_ALL__e8__s20260927,True,-8.367,True,True,True,3.4969765512510946,2.6628999999999987,0.2696629213483146,True,O=C(Nc1ccccc1)c1cccc(Nc2nc3ccccc3n2-c2ccncn2)c1,False,1,False,False,603.673,1.935,161.756,0.0,161.756,323.512,05_independent_audit/formal_v2_active_resume14_independent_qc.csv
AI_active,111,LIB_GMIVUSAKVGKIOC,qc_pass,formal_forward_v2_active_merged41,LIB_GMIVUSAKVGKIOC__M_PUB_ALL__e8__s20260927,True,-8.679,True,True,True,2.997140470515187,9.584999999999997,0.23595505617977527,True,O=C(Nc1cccc(Nc2nc3ccccc3n2-c2ccncn2)c1)c1ccccc1,False,1,False,False,575.619,1.848,151.085,0.0,151.085,302.17,05_independent_audit/formal_v2_active_resume14_independent_qc.csv
AI_active,112,LIB_LVPFKJJHXQHRCM,qc_pass,formal_forward_v2_active_merged41,LIB_LVPFKJJHXQHRCM__M_PUB_ALL__e8__s20260927,True,-8.217,True,True,True,3.16643032451371,2.2878999999999987,0.3235294117647059,False,c1ccc(-c2cnc3c(-c4cccc(N5CC[NH2+]CC5)c4)cnn3c2)cc1,False,1,False,False,514.654,1.746,70.009,0.0,70.009,140.018,05_independent_audit/formal_v2_active_resume14_independent_qc.csv
AI_active,113,LIB_FLOXVEVSESQZRQ,qc_pass,formal_forward_v2_active_merged41,LIB_FLOXVEVSESQZRQ__M_PUB_ALL__e8__s20260927,True,-8.231,True,True,True,3.3669986634983973,2.7119,0.3333333333333333,False,c1ccc(-c2cnc3c(-c4cccc(N5CC[NH2+]CC5)c4)cnn3c2)cc1,False,1,False,False,500.627,1.376,68.037,0.0,68.037,136.074,05_independent_audit/formal_v2_active_resume14_independent_qc.csv
AI_active,114,LIB_SRDCKXVGOFJLJK,qc_pass,formal_forward_v2_active_merged41,LIB_SRDCKXVGOFJLJK__M_PUB_ALL__e8__s20260927,True,-8.425,True,True,True,3.260725379420965,2.8538999999999994,0.32038834951456313,False,c1ccc(-c2cnc3c(-c4cccc(N5CC[NH2+]CC5)c4)cnn3c2)cc1,False,1,False,False,514.654,1.524,69.608,0.0,69.608,139.216,05_independent_audit/formal_v2_active_resume14_independent_qc.csv
AI_active,115,LIB_RUTKUCAFHHXWCX,qc_pass,formal_forward_v2_active_merged41,LIB_RUTKUCAFHHXWCX__M_PUB_ALL__e8__s20260927,True,-9.062,True,True,True,3.4025375824522497,2.8979,0.2911392405063291,True,O=C(Nc1cccc(-c2nc3c(cnn3Cc3ccccc3)[n-]2)c1)c1ccccc1,False,-1,False,False,508.911,0.588,52.436,0.0,52.436,104.872,05_independent_audit/formal_v2_active_resume14_independent_qc.csv
AI_active,116,LIB_BHIWBHXJQRREGM,qc_pass,formal_forward_v2_active_merged41,LIB_BHIWBHXJQRREGM__M_PUB_ALL__e8__s20260927,True,-9.028,True,True,True,3.545584860075979,2.2479999999999976,0.2980769230769231,True,O=C(CCC1CCCC1)Nc1ccc(-c2cnc3c(-c4cccc(N5CC[NH2+]CC5)c4)cnn3c2)cc1,False,1,False,False,524.693,1.887,77.204,0.0,77.204,154.408,05_independent_audit/formal_v2_active_resume14_independent_qc.csv
AI_active,117,LIB_PTWXGAHPCIQUHL,qc_pass,formal_forward_v2_active_merged41,LIB_PTWXGAHPCIQUHL__M_PUB_ALL__e8__s20260927,True,-8.705,True,True,True,3.4103492489772944,3.2699,0.23863636363636365,True,O=C(Nc1cccc(Nc2nc3ccccc3n2-c2ccncn2)c1)c1ccccc1,False,1,False,False,561.592,1.394,139.0,0.0,139.0,278.0,05_independent_audit/formal_v2_active_resume14_independent_qc.csv
AI_active,118,LIB_WLXHZMYOVDOALX,qc_pass,formal_forward_v2_active_merged41,LIB_WLXHZMYOVDOALX__M_PUB_ALL__e8__s20260927,True,-9.14,True,True,True,2.971530750303621,8.531999999999998,0.2413793103448276,True,O=C(Nc1cccc(Nc2nc3ccccc3n2-c2ccncn2)c1)c1ccccc1,False,0,False,False,561.568,1.173,103.025,0.0,103.025,206.05,05_independent_audit/formal_v2_active_resume14_independent_qc.csv
AI_active,119,LIB_YXYHBHJWEGGSMU,qc_pass,formal_forward_v2_merged,LIB_YXYHBHJWEGGSMU__M_PUB_ALL__e8__s20260927,True,-8.896,True,True,True,3.3705260716986,2.1148999999999987,0.22988505747126436,True,O=C(Nc1ccccc1)c1cccc(Nc2nc3ccccc3n2-c2ccncn2)c1,False,0,False,False,556.552,1.157,74.682,0.0,74.682,149.364,05_independent_audit/formal_v2_resume_independent_qc.csv
AI_active,120,LIB_MNJJBVNCZHNWCS,qc_pass,formal_forward_v2_active_merged41,LIB_MNJJBVNCZHNWCS__M_PUB_ALL__e8__s20260927,True,-9.395,True,True,True,3.099361547157737,2.0778999999999996,0.27184466019417475,True,O=S(=O)(Nc1ccc(-c2cnc3c(-c4cccc(N5CC[NH2+]CC5)c4)cnn3c2)cc1)c1ccccc1,False,1,False,False,609.563,1.54,73.41,0.0,73.41,146.82,05_independent_audit/formal_v2_active_resume14_independent_qc.csv
