compound_id,source_dataset,source_id,source_ids,source_url,raw_smiles,standardized_isomeric_smiles,standardized_parent_smiles,inchi_key,parent_key,processing_status,mw,clogp,tpsa,hbd,hba,rotatable_bonds,heavy_atoms,rings,qed,formal_charge,source_record_count,stereo_form_count
LIB_AABWNUVUEHGWFW,ChEMBL,CHEMBL1079739,CHEMBL1079739,https://www.ebi.ac.uk/chembl/compound_report_card/CHEMBL1079739/,COc1ccc(-c2nc(COc3ccc(OCC(=O)O)c(C)c3)sc2/C=C/c2ccccc2)cc1,COc1ccc(-c2nc(COc3ccc(OCC(=O)O)c(C)c3)sc2/C=C/c2ccccc2)cc1,COc1ccc(-c2nc(COc3ccc(OCC(=O)O)c(C)c3)sc2C=Cc2ccccc2)cc1,AABWNUVUEHGWFW-OVCLIPMQSA-N,AABWNUVUEHGWFW,eligible,487.577,6.34,77.88,1,6,10,35,4,0.2812,0,1,1
LIB_AACCKHROFFBPIY,ChEMBL,CHEMBL102611,CHEMBL102611,https://www.ebi.ac.uk/chembl/compound_report_card/CHEMBL102611/,COc1ccc([C@@H](Cc2ccccc2)NC[C@H](O)c2ccc(O)c(NS(C)(=O)=O)c2)c(OC)n1,COc1ccc([C@@H](Cc2ccccc2)NC[C@H](O)c2ccc(O)c(NS(C)(=O)=O)c2)c(OC)n1,COc1ccc(C(Cc2ccccc2)NCC(O)c2ccc(O)c(NS(C)(=O)=O)c2)c(OC)n1,AACCKHROFFBPIY-KNQAVFIVSA-N,AACCKHROFFBPIY,eligible,487.578,2.783,130.01,4,8,11,34,3,0.3039,0,1,1
LIB_AACJHFPFYOSUIH,ChEMBL,CHEMBL100149,CHEMBL100149,https://www.ebi.ac.uk/chembl/compound_report_card/CHEMBL100149/,OC1(c2ccc3c(c2)OCO3)CCC(N2CCN(Cc3ccc(F)cc3)CC2)CC1,OC1(c2ccc3c(c2)OCO3)CCC(N2CCN(Cc3ccc(F)cc3)CC2)CC1,OC1(c2ccc3c(c2)OCO3)CCC(N2CCN(Cc3ccc(F)cc3)CC2)CC1,AACJHFPFYOSUIH-UHFFFAOYSA-N,AACJHFPFYOSUIH,eligible,412.505,3.502,45.17,1,5,4,30,5,0.8329,0,1,1
LIB_AACWENFRCBQJKI,ChEMBL,CHEMBL1079156,CHEMBL1079156;CHEMBL1079889,https://www.ebi.ac.uk/chembl/compound_report_card/CHEMBL1079156/,Cl.N#Cc1ccc(NC(=O)CN2CCC(N(N)CC(=O)N3CSC[C@H]3C#N)CC2)nc1,N#Cc1ccc(NC(=O)CN2CCC(N(N)CC(=O)N3CSC[C@H]3C#N)CC2)nc1,N#Cc1ccc(NC(=O)CN2CCC(N(N)CC(=O)N3CSCC3C#N)CC2)nc1,AACWENFRCBQJKI-MRXNPFEDSA-N,AACWENFRCBQJKI,eligible,428.522,-0.043,142.38,2,9,6,30,3,0.471,0,2,1
LIB_AAEBDTFRJJEIJL,ChEMBL,CHEMBL1082160,CHEMBL1082160,https://www.ebi.ac.uk/chembl/compound_report_card/CHEMBL1082160/,COc1ccc(Nc2nc3c(S(=O)(=O)c4ccccc4)nnn3c3ccc(Cl)cc23)cc1,COc1ccc(Nc2nc3c(S(=O)(=O)c4ccccc4)nnn3c3ccc(Cl)cc23)cc1,COc1ccc(Nc2nc3c(S(=O)(=O)c4ccccc4)nnn3c3ccc(Cl)cc23)cc1,AAEBDTFRJJEIJL-UHFFFAOYSA-N,AAEBDTFRJJEIJL,eligible,465.922,4.516,98.48,1,7,5,32,5,0.4072,0,1,1
LIB_AAFBBDVVEHDFLQ,ChEMBL,CHEMBL1084592,CHEMBL1084592,https://www.ebi.ac.uk/chembl/compound_report_card/CHEMBL1084592/,CCOC(=O)C1=CN(C2CC2)c2c(cc(N)c(N3CCC4=C(C3)C(O)CCS4)c2C)C1,CCOC(=O)C1=CN(C2CC2)c2c(cc(N)c(N3CCC4=C(C3)C(O)CCS4)c2C)C1,CCOC(=O)C1=CN(C2CC2)c2c(cc(N)c(N3CCC4=C(C3)C(O)CCS4)c2C)C1,AAFBBDVVEHDFLQ-UHFFFAOYSA-N,AAFBBDVVEHDFLQ,eligible,441.597,3.511,79.03,2,7,4,31,5,0.5467,0,1,1
LIB_AAGGENJJHKGQRB,ChEMBL,CHEMBL10248,CHEMBL10248,https://www.ebi.ac.uk/chembl/compound_report_card/CHEMBL10248/,Cc1ccc2c(=O)oc(Nc3ccccc3I)nc2c1,Cc1ccc2c(=O)oc(Nc3ccccc3I)nc2c1,Cc1ccc2c(=O)oc(Nc3ccccc3I)nc2c1,AAGGENJJHKGQRB-UHFFFAOYSA-N,AAGGENJJHKGQRB,eligible,378.169,3.845,55.13,1,4,2,20,3,0.6889,0,1,1
LIB_AAGGLXUSGBNBIU,ChEMBL,CHEMBL107711,CHEMBL107711,https://www.ebi.ac.uk/chembl/compound_report_card/CHEMBL107711/,COc1ccc(Nc2c3ccccc3nc3cc([N+](=O)[O-])ccc23)cc1,COc1ccc(Nc2c3ccccc3nc3cc([N+](=O)[O-])ccc23)cc1,COc1ccc(Nc2c3ccccc3nc3cc([N+](=O)[O-])ccc23)cc1,AAGGLXUSGBNBIU-UHFFFAOYSA-N,AAGGLXUSGBNBIU,eligible,345.358,5.048,77.29,1,5,4,26,4,0.3181,0,1,1
LIB_AAHILKARUXRHIK,ChEMBL,CHEMBL1079636,CHEMBL1079636,https://www.ebi.ac.uk/chembl/compound_report_card/CHEMBL1079636/,COc1ccc2c(-c3ccc(OC)c(OC)c3)cc(=O)oc2c1,COc1ccc2c(-c3ccc(OC)c(OC)c3)cc(=O)oc2c1,COc1ccc2c(-c3ccc(OC)c(OC)c3)cc(=O)oc2c1,AAHILKARUXRHIK-UHFFFAOYSA-N,AAHILKARUXRHIK,eligible,312.321,3.486,57.9,0,5,4,23,3,0.6903,0,1,1
LIB_AAHUBXAXTFBXQM,ChEMBL,CHEMBL1086964,CHEMBL1086964;CHEMBL1087366,https://www.ebi.ac.uk/chembl/compound_report_card/CHEMBL1086964/,CC[C@H](C)[C@]1(CC(=O)O)OCCc2c1[nH]c1c(C)ccc(C#N)c21,CC[C@H](C)[C@]1(CC(=O)O)OCCc2c1[nH]c1c(C)ccc(C#N)c21,CCC(C)C1(CC(=O)O)OCCc2c1[nH]c1c(C)ccc(C#N)c21,AAHUBXAXTFBXQM-BUXKBTBVSA-N,AAHUBXAXTFBXQM,eligible,326.396,3.637,86.11,2,3,4,24,3,0.8979,0,2,2
LIB_AAJVUDYSJCBNEE,ChEMBL,CHEMBL108074,CHEMBL108074,https://www.ebi.ac.uk/chembl/compound_report_card/CHEMBL108074/,CS(=O)(=O)Nc1ccc(Nc2c3ccc(Br)cc3nc3cc(Br)ccc23)cc1,CS(=O)(=O)Nc1ccc(Nc2c3ccc(Br)cc3nc3cc(Br)ccc23)cc1,CS(=O)(=O)Nc1ccc(Nc2c3ccc(Br)cc3nc3cc(Br)ccc23)cc1,AAJVUDYSJCBNEE-UHFFFAOYSA-N,AAJVUDYSJCBNEE,eligible,521.234,6.028,71.09,2,4,4,28,4,0.3222,0,1,1
LIB_AAJYISNLLSSDHA,ChEMBL,CHEMBL100988,CHEMBL100988,https://www.ebi.ac.uk/chembl/compound_report_card/CHEMBL100988/,O=C(NC1CCc2ccccc2C1)c1ccccc1,O=C(NC1CCc2ccccc2C1)c1ccccc1,O=C(NC1CCc2ccccc2C1)c1ccccc1,AAJYISNLLSSDHA-UHFFFAOYSA-N,AAJYISNLLSSDHA,eligible,251.329,2.974,29.1,1,1,2,19,3,0.8732,0,1,1
LIB_AAKBVWNVGBMJLG,ChEMBL,CHEMBL1079965,CHEMBL1079965,https://www.ebi.ac.uk/chembl/compound_report_card/CHEMBL1079965/,Cc1cc(OCc2nc(-c3ccc4c(c3)OCCO4)c(-c3ccc(OC(F)(F)F)cc3)s2)ccc1OCC(=O)O,Cc1cc(OCc2nc(-c3ccc4c(c3)OCCO4)c(-c3ccc(OC(F)(F)F)cc3)s2)ccc1OCC(=O)O,Cc1cc(OCc2nc(-c3ccc4c(c3)OCCO4)c(-c3ccc(OC(F)(F)F)cc3)s2)ccc1OCC(=O)O,AAKBVWNVGBMJLG-UHFFFAOYSA-N,AAKBVWNVGBMJLG,eligible,573.545,6.498,96.34,1,8,9,40,5,0.2426,0,1,1
LIB_AAKJLRGGTJKAMG,ChEMBL,CHEMBL1079742,CHEMBL1079742;CHEMBL553,https://www.ebi.ac.uk/chembl/compound_report_card/CHEMBL1079742/,C#Cc1cccc(Nc2ncnc3cc(OCCOC)c(OCCOC)cc23)c1.Cl,C#Cc1cccc(Nc2ncnc3cc(OCCOC)c(OCCOC)cc23)c1,C#Cc1cccc(Nc2ncnc3cc(OCCOC)c(OCCOC)cc23)c1,AAKJLRGGTJKAMG-UHFFFAOYSA-N,AAKJLRGGTJKAMG,eligible,393.443,3.405,74.73,1,7,10,29,3,0.4179,0,2,1
LIB_AALHNBNOUAEYHF,ChEMBL,CHEMBL1083754,CHEMBL1083754,https://www.ebi.ac.uk/chembl/compound_report_card/CHEMBL1083754/,CNC(=O)Cn1cc(C2CC2)c(Oc2ccc(C#N)cc2)c1C1CC1,CNC(=O)Cn1cc(C2CC2)c(Oc2ccc(C#N)cc2)c1C1CC1,CNC(=O)Cn1cc(C2CC2)c(Oc2ccc(C#N)cc2)c1C1CC1,AALHNBNOUAEYHF-UHFFFAOYSA-N,AALHNBNOUAEYHF,eligible,335.407,3.653,67.05,1,3,6,25,4,0.8759,0,1,1
LIB_AALUMHAEGNRYLF,ChEMBL,CHEMBL105307,CHEMBL105307,https://www.ebi.ac.uk/chembl/compound_report_card/CHEMBL105307/,COC(=O)c1ccc(Cl)c(NC(=O)c2cnc3c(n2)C(C)(C)CCC3(C)C)c1,COC(=O)c1ccc(Cl)c(NC(=O)c2cnc3c(n2)C(C)(C)CCC3(C)C)c1,COC(=O)c1ccc(Cl)c(NC(=O)c2cnc3c(n2)C(C)(C)CCC3(C)C)c1,AALUMHAEGNRYLF-UHFFFAOYSA-N,AALUMHAEGNRYLF,eligible,401.894,4.518,81.18,1,5,3,28,3,0.7645,0,1,1
LIB_AAMCPZNFHTZHHO,ChEMBL,CHEMBL1086153,CHEMBL1086153,https://www.ebi.ac.uk/chembl/compound_report_card/CHEMBL1086153/,NC(=O)CCC(C(=O)O)N1C(=O)C(c2ccccc2)=C(c2ccccc2)C1=O,NC(=O)CCC(C(=O)O)N1C(=O)C(c2ccccc2)=C(c2ccccc2)C1=O,NC(=O)CCC(C(=O)O)N1C(=O)C(c2ccccc2)=C(c2ccccc2)C1=O,AAMCPZNFHTZHHO-UHFFFAOYSA-N,AAMCPZNFHTZHHO,eligible,378.384,1.685,117.77,2,4,7,28,3,0.711,0,1,1
LIB_AANHDPNKSQAGIM,ChEMBL,CHEMBL1083454,CHEMBL1083454,https://www.ebi.ac.uk/chembl/compound_report_card/CHEMBL1083454/,Cn1cc2c(n1)CCc1c-2c2c(c3c4cc(C5CCCCO5)ccc4n(C4CCCC4)c13)CNC2=O,Cn1cc2c(n1)CCc1c-2c2c(c3c4cc(C5CCCCO5)ccc4n(C4CCCC4)c13)CNC2=O,Cn1cc2c(n1)CCc1c-2c2c(c3c4cc(C5CCCCO5)ccc4n(C4CCCC4)c13)CNC2=O,AANHDPNKSQAGIM-UHFFFAOYSA-N,AANHDPNKSQAGIM,eligible,480.612,5.894,61.08,1,3,2,36,8,0.3889,0,1,1
LIB_AAOBJKVPHPJNIH,ChEMBL,CHEMBL1078529,CHEMBL1078529,https://www.ebi.ac.uk/chembl/compound_report_card/CHEMBL1078529/,N#C/N=C(/NCCCc1c[nH]cn1)NCCSc1ccccc1,N#CN=C(NCCCc1c[nH]cn1)NCCSc1ccccc1,N#CN=C(NCCCc1c[nH]cn1)NCCSc1ccccc1,AAOBJKVPHPJNIH-UHFFFAOYSA-N,AAOBJKVPHPJNIH,eligible,328.445,2.151,88.89,3,4,8,23,2,0.2271,0,1,1
LIB_AAONJNLMLWRZJE,ChEMBL,CHEMBL1080117,CHEMBL1080117,https://www.ebi.ac.uk/chembl/compound_report_card/CHEMBL1080117/,Cc1ccc2c(-c3nnc(SCCCN4CC5CC5(c5ccc(Cl)cc5)C4)n3C)cccc2n1,Cc1ccc2c(-c3nnc(SCCCN4CC5CC5(c5ccc(Cl)cc5)C4)n3C)cccc2n1,Cc1ccc2c(-c3nnc(SCCCN4CC5CC5(c5ccc(Cl)cc5)C4)n3C)cccc2n1,AAONJNLMLWRZJE-UHFFFAOYSA-N,AAONJNLMLWRZJE,eligible,490.076,5.748,46.84,0,5,7,34,6,0.2442,0,1,1
LIB_AAOOYQDEFXSCRN,ChEMBL,CHEMBL106566,CHEMBL106566,https://www.ebi.ac.uk/chembl/compound_report_card/CHEMBL106566/,COc1cc(NS(C)(=O)=O)ccc1Nc1c2ccccc2nc2cccc(OC)c12,COc1cc(NS(C)(=O)=O)ccc1Nc1c2ccccc2nc2cccc(OC)c12,COc1cc(NS(C)(=O)=O)ccc1Nc1c2ccccc2nc2cccc(OC)c12,AAOOYQDEFXSCRN-UHFFFAOYSA-N,AAOOYQDEFXSCRN,eligible,423.494,4.52,89.55,2,6,6,30,4,0.4434,0,1,1
LIB_AAOVKJBEBIDNHE,ChEMBL,CHEMBL12,CHEMBL107335;CHEMBL12,https://www.ebi.ac.uk/chembl/compound_report_card/CHEMBL12/,CN1C(=O)CN=C(c2ccccc2)c2cc(Cl)ccc21,CN1C(=O)CN=C(c2ccccc2)c2cc(Cl)ccc21,CN1C(=O)CN=C(c2ccccc2)c2cc(Cl)ccc21,AAOVKJBEBIDNHE-UHFFFAOYSA-N,AAOVKJBEBIDNHE,eligible,284.746,3.154,32.67,0,2,1,20,3,0.7916,0,2,1
LIB_AAPWPJPYGFXASA,ChEMBL,CHEMBL1078664,CHEMBL1078664,https://www.ebi.ac.uk/chembl/compound_report_card/CHEMBL1078664/,CCCCCCCN(C=O)[C@H]1CC[C@H]2[C@@H]3CC[C@H]4N(C)C(=O)CC[C@]4(C)[C@H]3CC[C@]12C,CCCCCCCN(C=O)[C@H]1CC[C@H]2[C@@H]3CC[C@H]4N(C)C(=O)CC[C@]4(C)[C@H]3CC[C@]12C,CCCCCCCN(C=O)C1CCC2C3CCC4N(C)C(=O)CCC4(C)C3CCC21C,AAPWPJPYGFXASA-YXRHCOCTSA-N,AAPWPJPYGFXASA,eligible,430.677,5.647,40.62,0,2,8,31,4,0.3688,0,1,1
LIB_AAQLJZYGMSAENP,ChEMBL,CHEMBL1081848,CHEMBL1081848,https://www.ebi.ac.uk/chembl/compound_report_card/CHEMBL1081848/,O=C(Nc1cccc(NC(=O)C2CCCCC2)c1)c1cccc(Cl)c1,O=C(Nc1cccc(NC(=O)C2CCCCC2)c1)c1cccc(Cl)c1,O=C(Nc1cccc(NC(=O)C2CCCCC2)c1)c1cccc(Cl)c1,AAQLJZYGMSAENP-UHFFFAOYSA-N,AAQLJZYGMSAENP,eligible,356.853,5.111,58.2,2,2,4,25,3,0.7991,0,1,1
LIB_AAQOQKQBGPPFNS,ChEMBL,CHEMBL1095292,CHEMBL1095292;CHEMBL1199080,https://www.ebi.ac.uk/chembl/compound_report_card/CHEMBL1095292/,CC[N+](C)(C)Cc1ccccc1Br.Cc1ccc(S(=O)(=O)[O-])cc1,CC[N+](C)(C)Cc1ccccc1Br,CC[N+](C)(C)Cc1ccccc1Br,AAQOQKQBGPPFNS-UHFFFAOYSA-N,AAQOQKQBGPPFNS,eligible,243.168,3.045,0.0,0,0,3,13,1,0.7156,1,2,1
LIB_AARUDAJTDANRJK,ChEMBL,CHEMBL1082749,CHEMBL1082749,https://www.ebi.ac.uk/chembl/compound_report_card/CHEMBL1082749/,CN(C)C(=O)Oc1cccc(-c2cn3c(C(F)(F)F)cccc3[n+]2C)c1.[Cl-],CN(C)C(=O)Oc1cccc(-c2cn3c(C(F)(F)F)cccc3[n+]2C)c1,CN(C)C(=O)Oc1cccc(-c2cn3c(C(F)(F)F)cccc3[n+]2C)c1,AARUDAJTDANRJK-UHFFFAOYSA-N,AARUDAJTDANRJK,eligible,364.347,3.51,37.83,0,2,2,26,3,0.6529,1,1,1
LIB_AATCBLYHOUOCTO,ChEMBL,CHEMBL1086377,CHEMBL1086377,https://www.ebi.ac.uk/chembl/compound_report_card/CHEMBL1086377/,CCN1CCN(CC(=O)Nc2ccc(-c3cccc4c(=O)cc(N5CCOCC5)oc34)c3sc4ccccc4c23)CC1,CCN1CCN(CC(=O)Nc2ccc(-c3cccc4c(=O)cc(N5CCOCC5)oc34)c3sc4ccccc4c23)CC1,CCN1CCN(CC(=O)Nc2ccc(-c3cccc4c(=O)cc(N5CCOCC5)oc34)c3sc4ccccc4c23)CC1,AATCBLYHOUOCTO-UHFFFAOYSA-N,AATCBLYHOUOCTO,eligible,582.726,5.241,78.26,1,8,6,42,7,0.2934,0,1,1
LIB_AAVJZQHWXNHZLD,ChEMBL,CHEMBL1082514,CHEMBL1082514,https://www.ebi.ac.uk/chembl/compound_report_card/CHEMBL1082514/,Oc1nsnc1N1CCCCC1,O=c1[nH]snc1N1CCCCC1,O=c1[nH]snc1N1CCCCC1,AAVJZQHWXNHZLD-UHFFFAOYSA-N,AAVJZQHWXNHZLD,eligible,185.252,0.822,48.99,1,4,1,12,2,0.7044,0,1,1
LIB_AAWUBULPPJPQDA,ChEMBL,CHEMBL1077778,CHEMBL1077778,https://www.ebi.ac.uk/chembl/compound_report_card/CHEMBL1077778/,C[C@@H](C/C=C/C(C)(C)OO)[C@@H]1CC[C@]2(C)C3=C(C(=O)C[C@@]12C)[C@@]1(C)CC[C@H](O)C(C)(C)[C@@H]1CC3=O,C[C@@H](C/C=C/C(C)(C)OO)[C@@H]1CC[C@]2(C)C3=C(C(=O)C[C@@]12C)[C@@]1(C)CC[C@H](O)C(C)(C)C1CC3=O,CC(CC=CC(C)(C)OO)C1CCC2(C)C3=C(C(=O)CC12C)C1(C)CCC(O)C(C)(C)C1CC3=O,AAWUBULPPJPQDA-LXNUTHORSA-N,AAWUBULPPJPQDA,eligible,486.693,6.305,83.83,2,5,5,35,4,0.2704,0,1,1
LIB_AAWUILGXEAAQRJ,ChEMBL,CHEMBL103949,CHEMBL103949,https://www.ebi.ac.uk/chembl/compound_report_card/CHEMBL103949/,COc1cc(C(C)=O)ccc1OCCCN1CCC(C(C(N)=O)(c2ccc(F)cc2)c2ccc(F)cc2)CC1,COc1cc(C(C)=O)ccc1OCCCN1CCC(C(C(N)=O)(c2ccc(F)cc2)c2ccc(F)cc2)CC1,COc1cc(C(C)=O)ccc1OCCCN1CCC(C(C(N)=O)(c2ccc(F)cc2)c2ccc(F)cc2)CC1,AAWUILGXEAAQRJ-UHFFFAOYSA-N,AAWUILGXEAAQRJ,eligible,536.619,5.129,81.86,1,5,11,39,4,0.2715,0,1,1
LIB_AAXGNXOJOSOUQQ,ChEMBL,CHEMBL100415,CHEMBL100415,https://www.ebi.ac.uk/chembl/compound_report_card/CHEMBL100415/,CCCCN(Cc1cncn1Cc1ccc(C#N)cc1)[C@H]1CCN(Cc2ccccc2)C1=O,CCCCN(Cc1cncn1Cc1ccc(C#N)cc1)C1CCN(Cc2ccccc2)C1=O,CCCCN(Cc1cncn1Cc1ccc(C#N)cc1)C1CCN(Cc2ccccc2)C1=O,AAXGNXOJOSOUQQ-UHFFFAOYSA-N,AAXGNXOJOSOUQQ,eligible,441.579,4.206,65.16,0,4,10,33,4,0.4728,0,1,1
LIB_AAXLOBRJGXXFQF,ChEMBL,CHEMBL1076276,CHEMBL1076276,https://www.ebi.ac.uk/chembl/compound_report_card/CHEMBL1076276/,CC(C)C[C@@H]1CSC(Nc2ccc(CCNc3nc4ccccc4s3)cc2)=N1,CC(C)C[C@@H]1CSC(=Nc2ccc(CCNc3nc4ccccc4s3)cc2)N1,CC(C)CC1CSC(=Nc2ccc(CCNc3nc4ccccc4s3)cc2)N1,AAXLOBRJGXXFQF-GOSISDBHSA-N,AAXLOBRJGXXFQF,eligible,410.612,5.69,49.31,2,5,7,28,4,0.5253,0,1,1
LIB_AAXNUNXDIMWRLT,ChEMBL,CHEMBL107359,CHEMBL107359,https://www.ebi.ac.uk/chembl/compound_report_card/CHEMBL107359/,O=C(NO)C1COC(c2cnn(-c3ccccc3)c2C(F)(F)F)=N1,ON=C(O)C1COC(c2cnn(-c3ccccc3)c2C(F)(F)F)=N1,ON=C(O)C1COC(c2cnn(-c3ccccc3)c2C(F)(F)F)=N1,AAXNUNXDIMWRLT-UHFFFAOYSA-N,AAXNUNXDIMWRLT,eligible,340.261,2.382,92.23,2,5,3,24,3,0.3883,0,1,1
LIB_AAYCSPVJCQPYHO,ChEMBL,CHEMBL100732,CHEMBL100732,https://www.ebi.ac.uk/chembl/compound_report_card/CHEMBL100732/,CN1CCc2nc(C(=O)N3CCN(S(=O)(=O)c4ccc5cc(Cl)ccc5c4)CC3)sc2C1,CN1CCc2nc(C(=O)N3CCN(S(=O)(=O)c4ccc5cc(Cl)ccc5c4)CC3)sc2C1,CN1CCc2nc(C(=O)N3CCN(S(=O)(=O)c4ccc5cc(Cl)ccc5c4)CC3)sc2C1,AAYCSPVJCQPYHO-UHFFFAOYSA-N,AAYCSPVJCQPYHO,eligible,491.038,3.084,73.82,0,6,3,32,5,0.5638,0,1,1
LIB_AAZRGUSAJLVIES,ChEMBL,CHEMBL104675,CHEMBL104675,https://www.ebi.ac.uk/chembl/compound_report_card/CHEMBL104675/,COc1cc(Cc2cnc(N)nc2N)cc(OC)c1OCC(=O)O,COc1cc(Cc2cnc(N)nc2N)cc(OC)c1OCC(=O)O,COc1cc(Cc2cnc(N)nc2N)cc(OC)c1OCC(=O)O,AAZRGUSAJLVIES-UHFFFAOYSA-N,AAZRGUSAJLVIES,eligible,334.332,0.712,142.81,3,8,7,24,2,0.6666,0,1,1
LIB_AAZZTGRXUBEUER,ChEMBL,CHEMBL104343,CHEMBL104343,https://www.ebi.ac.uk/chembl/compound_report_card/CHEMBL104343/,CCCN(CCC)C(=O)Cc1c(-c2ccccc2)nc2ccc(C)cn12,CCCN(CCC)C(=O)Cc1c(-c2ccccc2)nc2ccc(C)cn12,CCCN(CCC)C(=O)Cc1c(-c2ccccc2)nc2ccc(C)cn12,AAZZTGRXUBEUER-UHFFFAOYSA-N,AAZZTGRXUBEUER,eligible,349.478,4.501,37.61,0,2,7,26,3,0.6296,0,1,1
LIB_ABAWTOZNWVBCHD,ChEMBL,CHEMBL107418,CHEMBL107418,https://www.ebi.ac.uk/chembl/compound_report_card/CHEMBL107418/,CCN(CC)CCNc1cc2c(cn1)cc(-c1c(Cl)cccc1Cl)c(=O)n2C,CCN(CC)CCNc1cc2c(cn1)cc(-c1c(Cl)cccc1Cl)c(=O)n2C,CCN(CC)CCNc1cc2c(cn1)cc(-c1c(Cl)cccc1Cl)c(=O)n2C,ABAWTOZNWVBCHD-UHFFFAOYSA-N,ABAWTOZNWVBCHD,eligible,419.356,4.661,50.16,1,4,7,28,3,0.6053,0,1,1
LIB_ABCLYDOXFRWKNB,ChEMBL,CHEMBL1085560,CHEMBL1085560,https://www.ebi.ac.uk/chembl/compound_report_card/CHEMBL1085560/,Cc1nc(C)c(-c2ccc3cc(CCN4CCC[C@H]4C)ccc3n2)cc1C#N,Cc1nc(C)c(-c2ccc3cc(CCN4CCC[C@H]4C)ccc3n2)cc1C#N,Cc1nc(C)c(-c2ccc3cc(CCN4CCCC4C)ccc3n2)cc1C#N,ABCLYDOXFRWKNB-MRXNPFEDSA-N,ABCLYDOXFRWKNB,eligible,370.5,4.812,52.81,0,4,4,28,4,0.6611,0,1,1
LIB_ABDNUFVBMDRYEX,ChEMBL,CHEMBL1087259,CHEMBL1087259,https://www.ebi.ac.uk/chembl/compound_report_card/CHEMBL1087259/,COc1cc(CCC(=O)CC(=O)CCc2ccc(O)c(O)c2)ccc1O,COc1cc(CCC(=O)CC(=O)CCc2ccc(O)c(O)c2)ccc1O,COc1cc(CCC(=O)CC(=O)CCc2ccc(O)c(O)c2)ccc1O,ABDNUFVBMDRYEX-UHFFFAOYSA-N,ABDNUFVBMDRYEX,eligible,358.39,2.906,104.06,3,6,9,26,2,0.4703,0,1,1
LIB_ABJKWBDEJIDSJZ,ChEMBL,CHEMBL1200397,CHEMBL1200397;CHEMBL990,https://www.ebi.ac.uk/chembl/compound_report_card/CHEMBL1200397/,CN(Cc1ccc(C(C)(C)C)cc1)Cc1cccc2ccccc12.Cl,CN(Cc1ccc(C(C)(C)C)cc1)Cc1cccc2ccccc12,CN(Cc1ccc(C(C)(C)C)cc1)Cc1cccc2ccccc12,ABJKWBDEJIDSJZ-UHFFFAOYSA-N,ABJKWBDEJIDSJZ,eligible,317.476,5.769,3.24,0,1,4,24,3,0.5903,0,2,1
LIB_ABKFNWSCLGGDOH,ChEMBL,CHEMBL1086755,CHEMBL1086755,https://www.ebi.ac.uk/chembl/compound_report_card/CHEMBL1086755/,CCn1c(-c2ccccc2)cc(C(=O)NCCCN2CCN(c3cccc(Cl)c3Cl)CC2)c1C,CCn1c(-c2ccccc2)cc(C(=O)NCCCN2CCN(c3cccc(Cl)c3Cl)CC2)c1C,CCn1c(-c2ccccc2)cc(C(=O)NCCCN2CCN(c3cccc(Cl)c3Cl)CC2)c1C,ABKFNWSCLGGDOH-UHFFFAOYSA-N,ABKFNWSCLGGDOH,eligible,499.486,5.732,40.51,1,3,8,34,4,0.4026,0,1,1
LIB_ABLPWXVXZFUMAL,ChEMBL,CHEMBL100660,CHEMBL100660,https://www.ebi.ac.uk/chembl/compound_report_card/CHEMBL100660/,O=S1(=O)NCNc2ncccc21,O=S1(=O)NCNc2ncccc21,O=S1(=O)NCNc2ncccc21,ABLPWXVXZFUMAL-UHFFFAOYSA-N,ABLPWXVXZFUMAL,eligible,185.208,-0.257,71.09,2,4,0,12,2,0.584,0,1,1
LIB_ABNOYMJFPBRWMR,ChEMBL,CHEMBL1085439,CHEMBL1085439,https://www.ebi.ac.uk/chembl/compound_report_card/CHEMBL1085439/,NS(=O)(=O)c1ccc(/N=C/C=C/c2ccccc2)cc1,NS(=O)(=O)c1ccc(/N=C/C=C/c2ccccc2)cc1,NS(=O)(=O)c1ccc(N=CC=Cc2ccccc2)cc1,ABNOYMJFPBRWMR-FZHIPVGDSA-N,ABNOYMJFPBRWMR,eligible,286.356,2.75,72.52,1,3,4,20,2,0.8776,0,1,1
LIB_ABOHSCBQHIUZTF,ChEMBL,CHEMBL1080836,CHEMBL1080836,https://www.ebi.ac.uk/chembl/compound_report_card/CHEMBL1080836/,COc1cc2c(cc1OC)[C@@H]1Cc3ccc(O)c(OC)c3C(=O)N1CC2,COc1cc2c(cc1OC)[C@@H]1Cc3ccc(O)c(OC)c3C(=O)N1CC2,COc1cc2c(cc1OC)C1Cc3ccc(O)c(OC)c3C(=O)N1CC2,ABOHSCBQHIUZTF-AWEZNQCLSA-N,ABOHSCBQHIUZTF,eligible,355.39,2.714,68.23,1,5,3,26,4,0.9169,0,1,1
LIB_ABOSKNBFTLZPNO,ChEMBL,CHEMBL102581,CHEMBL102581,https://www.ebi.ac.uk/chembl/compound_report_card/CHEMBL102581/,O=c1cc(-c2ccc(-c3csc4ccccc34)cc2)sc(N2CCOCC2)c1,O=c1cc(-c2ccc(-c3csc4ccccc34)cc2)sc(N2CCOCC2)c1,O=c1cc(-c2ccc(-c3csc4ccccc34)cc2)sc(N2CCOCC2)c1,ABOSKNBFTLZPNO-UHFFFAOYSA-N,ABOSKNBFTLZPNO,eligible,405.544,5.494,29.54,0,5,3,28,5,0.4511,0,1,1
LIB_ABPFMMHICSXWDB,ChEMBL,CHEMBL104173,CHEMBL104173,https://www.ebi.ac.uk/chembl/compound_report_card/CHEMBL104173/,CC(C)(C)c1ccc(CC(CN/C(S)=N/Cc2ccc(NS(C)(=O)=O)cc2)COC(=O)c2ccccc2)cc1,CC(C)(C)c1ccc(CC(CNC(=S)NCc2ccc(NS(C)(=O)=O)cc2)COC(=O)c2ccccc2)cc1,CC(C)(C)c1ccc(CC(CNC(=S)NCc2ccc(NS(C)(=O)=O)cc2)COC(=O)c2ccccc2)cc1,ABPFMMHICSXWDB-UHFFFAOYSA-N,ABPFMMHICSXWDB,eligible,567.777,5.036,96.53,3,5,11,39,3,0.2208,0,1,1
LIB_ABRFKTAFRQVZBR,ChEMBL,CHEMBL105512,CHEMBL105512,https://www.ebi.ac.uk/chembl/compound_report_card/CHEMBL105512/,CCCN(CCC)C1CCc2nc(N)sc2C1,CCCN(CCC)C1CCc2nc(N)sc2C1,CCCN(CCC)C1CCc2nc(N)sc2C1,ABRFKTAFRQVZBR-UHFFFAOYSA-N,ABRFKTAFRQVZBR,eligible,253.415,2.705,42.15,1,4,5,17,2,0.877,0,1,1
LIB_ABSBPDLMQGHOJQ,ChEMBL,CHEMBL1084327,CHEMBL1084327,https://www.ebi.ac.uk/chembl/compound_report_card/CHEMBL1084327/,O=C(O)CC(=O)N[C@@H]1c2ccccc2C[C@H]1NC(=O)c1cc2sc(Cl)c(Cl)c2[nH]1,O=C(O)CC(=O)N[C@@H]1c2ccccc2C[C@H]1NC(=O)c1cc2sc(Cl)c(Cl)c2[nH]1,O=C(O)CC(=O)NC1c2ccccc2CC1NC(=O)c1cc2sc(Cl)c(Cl)c2[nH]1,ABSBPDLMQGHOJQ-QLJPJBMISA-N,ABSBPDLMQGHOJQ,eligible,452.319,3.523,111.29,4,4,5,29,4,0.4441,0,1,1
LIB_ABSGECIJVBAYGR,ChEMBL,CHEMBL107690,CHEMBL107690,https://www.ebi.ac.uk/chembl/compound_report_card/CHEMBL107690/,CNCc1cccc(NC(=O)CN2CCCCC(NC(=O)c3ccc(-c4ccccc4)cc3)C2=O)c1,CNCc1cccc(NC(=O)CN2CCCCC(NC(=O)c3ccc(-c4ccccc4)cc3)C2=O)c1,CNCc1cccc(NC(=O)CN2CCCCC(NC(=O)c3ccc(-c4ccccc4)cc3)C2=O)c1,ABSGECIJVBAYGR-UHFFFAOYSA-N,ABSGECIJVBAYGR,eligible,484.6,3.823,90.54,3,4,8,36,4,0.4534,0,1,1
LIB_ABSKMPMHVKWFMG,ChEMBL,CHEMBL1079166,CHEMBL1079166,https://www.ebi.ac.uk/chembl/compound_report_card/CHEMBL1079166/,CC(=O)CC[C@H](NC(=O)[C@@H]1CCCN1C(=O)CS)C(N)=O,CC(=O)CCC(NC(=O)C1CCCN1C(=O)CS)C(N)=O,CC(=O)CCC(NC(=O)C1CCCN1C(=O)CS)C(N)=O,ABSKMPMHVKWFMG-UHFFFAOYSA-N,ABSKMPMHVKWFMG,eligible,315.395,-0.753,109.57,3,5,7,21,1,0.5368,0,1,1
LIB_ABSMJNBBBBHGTP,ChEMBL,CHEMBL1076680,CHEMBL1076680;CHEMBL1076685,https://www.ebi.ac.uk/chembl/compound_report_card/CHEMBL1076680/,COc1cc(C(O)c2cccs2)cc(O[11CH3])c1-c1cc(Cl)cc(Cl)c1,COc1cc(C(O)c2cccs2)cc(O[11CH3])c1-c1cc(Cl)cc(Cl)c1,COc1cc(C(O)c2cccs2)cc(OC)c1-c1cc(Cl)cc(Cl)c1,ABSMJNBBBBHGTP-BJUDXGSMSA-N,ABSMJNBBBBHGTP,eligible,394.307,5.821,38.69,1,4,5,25,3,0.5927,0,2,2
LIB_ABTJDYUDDLHWCG,ChEMBL,CHEMBL10781,CHEMBL10781,https://www.ebi.ac.uk/chembl/compound_report_card/CHEMBL10781/,COc1ccc(C2(O)OC(=O)C(c3cc(OC)c4c(c3)OCO4)=C2Cc2cc(OC)c(OC)c(OC)c2)cc1,COc1ccc(C2(O)OC(=O)C(c3cc(OC)c4c(c3)OCO4)=C2Cc2cc(OC)c(OC)c(OC)c2)cc1,COc1ccc(C2(O)OC(=O)C(c3cc(OC)c4c(c3)OCO4)=C2Cc2cc(OC)c(OC)c(OC)c2)cc1,ABTJDYUDDLHWCG-UHFFFAOYSA-N,ABTJDYUDDLHWCG,eligible,536.533,3.857,111.14,1,10,9,39,5,0.4049,0,1,1
LIB_ABUPIKNQYWVPDU,ChEMBL,CHEMBL1087477,CHEMBL1087477,https://www.ebi.ac.uk/chembl/compound_report_card/CHEMBL1087477/,Cn1cc(NC(=O)CCCCCCCCCCO)c(-c2ccccn2)n1,Cn1cc(NC(=O)CCCCCCCCCCO)c(-c2ccccn2)n1,Cn1cc(NC(=O)CCCCCCCCCCO)c(-c2ccccn2)n1,ABUPIKNQYWVPDU-UHFFFAOYSA-N,ABUPIKNQYWVPDU,eligible,358.486,3.924,80.04,2,4,12,26,2,0.5636,0,1,1
LIB_ABVLEDJVQBYJHS,ChEMBL,CHEMBL1080447,CHEMBL1080447,https://www.ebi.ac.uk/chembl/compound_report_card/CHEMBL1080447/,NC(=S)N1N=C(c2ccc(Cl)cc2)CC1c1ccc(Cl)cc1,NC(=S)N1N=C(c2ccc(Cl)cc2)CC1c1ccc(Cl)cc1,NC(=S)N1N=C(c2ccc(Cl)cc2)CC1c1ccc(Cl)cc1,ABVLEDJVQBYJHS-UHFFFAOYSA-N,ABVLEDJVQBYJHS,eligible,350.274,4.388,41.62,1,2,2,22,3,0.8172,0,1,1
LIB_ABWIEWBRXMOWNZ,ChEMBL,CHEMBL101646,CHEMBL101646,https://www.ebi.ac.uk/chembl/compound_report_card/CHEMBL101646/,O=C1C(c2ccccc2)CCN1CC#CCN1CCCC1,O=C1C(c2ccccc2)CCN1CC#CCN1CCCC1,O=C1C(c2ccccc2)CCN1CC#CCN1CCCC1,ABWIEWBRXMOWNZ-UHFFFAOYSA-N,ABWIEWBRXMOWNZ,eligible,282.387,2.102,23.55,0,2,3,21,3,0.7928,0,1,1
LIB_ABWONHBWGCZVOP,ChEMBL,CHEMBL1083341,CHEMBL1083341,https://www.ebi.ac.uk/chembl/compound_report_card/CHEMBL1083341/,Cc1ccc(C(=O)N2CCCC2c2nc(-c3cccc(Cl)c3)no2)s1,Cc1ccc(C(=O)N2CCCC2c2nc(-c3cccc(Cl)c3)no2)s1,Cc1ccc(C(=O)N2CCCC2c2nc(-c3cccc(Cl)c3)no2)s1,ABWONHBWGCZVOP-UHFFFAOYSA-N,ABWONHBWGCZVOP,eligible,373.865,4.737,59.23,0,5,3,25,4,0.665,0,1,1
LIB_ABXCTLZECXQDFH,ChEMBL,CHEMBL104020,CHEMBL104020,https://www.ebi.ac.uk/chembl/compound_report_card/CHEMBL104020/,CCc1nc(N)nc(N)c1-c1ccc(NCc2ccc(C(=O)NC)cc2)c([N+](=O)[O-])c1,CCc1nc(N)nc(N)c1-c1ccc(NCc2ccc(C(=O)NC)cc2)c([N+](=O)[O-])c1,CCc1nc(N)nc(N)c1-c1ccc(NCc2ccc(C(=O)NC)cc2)c([N+](=O)[O-])c1,ABXCTLZECXQDFH-UHFFFAOYSA-N,ABXCTLZECXQDFH,eligible,421.461,2.75,162.09,4,8,7,31,3,0.3342,0,1,1
LIB_ABYRMVVDOJFFOY,ChEMBL,CHEMBL1080545,CHEMBL1080545;CHEMBL1080908;CHEMBL1081213,https://www.ebi.ac.uk/chembl/compound_report_card/CHEMBL1080545/,CN/C(=N\S(=O)(=O)N1CCC(C(F)(F)F)CC1)N1C[C@H](c2ccccc2)C(c2ccc(Cl)cc2)=N1,CN=C(NS(=O)(=O)N1CCC(C(F)(F)F)CC1)N1C[C@H](c2ccccc2)C(c2ccc(Cl)cc2)=N1,CN=C(NS(=O)(=O)N1CCC(C(F)(F)F)CC1)N1CC(c2ccccc2)C(c2ccc(Cl)cc2)=N1,ABYRMVVDOJFFOY-HXUWFJFHSA-N,ABYRMVVDOJFFOY,eligible,528.0,4.238,77.37,1,4,4,35,4,0.4771,0,3,3
LIB_ACAICRIUIMQGMR,ChEMBL,CHEMBL1080324,CHEMBL1080324,https://www.ebi.ac.uk/chembl/compound_report_card/CHEMBL1080324/,COc1ccc(Nc2nc3c(S(=O)(=O)c4ccccc4)nnn3c3ccc(Cl)cc23)cc1OC,COc1ccc(Nc2nc3c(S(=O)(=O)c4ccccc4)nnn3c3ccc(Cl)cc23)cc1OC,COc1ccc(Nc2nc3c(S(=O)(=O)c4ccccc4)nnn3c3ccc(Cl)cc23)cc1OC,ACAICRIUIMQGMR-UHFFFAOYSA-N,ACAICRIUIMQGMR,eligible,495.948,4.525,107.71,1,8,6,34,5,0.366,0,1,1
LIB_ACASJCMNZMOGPH,ChEMBL,CHEMBL1081853,CHEMBL1081853,https://www.ebi.ac.uk/chembl/compound_report_card/CHEMBL1081853/,N[C@H](CNc1ncc(-c2ccc3[nH]c(=O)sc3c2)s1)Cc1ccc(C(F)(F)F)cc1,N[C@H](CNc1ncc(-c2ccc3[nH]c(=O)sc3c2)s1)Cc1ccc(C(F)(F)F)cc1,NC(CNc1ncc(-c2ccc3[nH]c(=O)sc3c2)s1)Cc1ccc(C(F)(F)F)cc1,ACASJCMNZMOGPH-AWEZNQCLSA-N,ACASJCMNZMOGPH,eligible,450.511,4.714,83.8,3,6,6,30,4,0.3972,0,1,1
LIB_ACBIYNTZBKBQKF,ChEMBL,CHEMBL1082008,CHEMBL1082008,https://www.ebi.ac.uk/chembl/compound_report_card/CHEMBL1082008/,CCCN(CCC)c1nc2c(S(=O)(=O)c3ccc(C)cc3)nnn2c2cc(OC)c(OC)cc12,CCCN(CCC)c1nc2c(S(=O)(=O)c3ccc(C)cc3)nnn2c2cc(OC)c(OC)cc12,CCCN(CCC)c1nc2c(S(=O)(=O)c3ccc(C)cc3)nnn2c2cc(OC)c(OC)cc12,ACBIYNTZBKBQKF-UHFFFAOYSA-N,ACBIYNTZBKBQKF,eligible,483.594,4.062,98.92,0,8,9,34,4,0.3514,0,1,1
LIB_ACBJUYCGPOQJND,ChEMBL,CHEMBL100639,CHEMBL100639,https://www.ebi.ac.uk/chembl/compound_report_card/CHEMBL100639/,NC1=NS(=O)(=O)c2cnccc2N1,NC1=NS(=O)(=O)c2cnccc2N1,NC1=NS(=O)(=O)c2cnccc2N1,ACBJUYCGPOQJND-UHFFFAOYSA-N,ACBJUYCGPOQJND,eligible,198.207,-0.49,97.44,2,5,0,13,2,0.5859,0,1,1
LIB_ACCMICIUNVDZSW,ChEMBL,CHEMBL103544,CHEMBL103544,https://www.ebi.ac.uk/chembl/compound_report_card/CHEMBL103544/,O=C1Cc2c(c3c4ccccc4[nH]c3c3[nH]c4ccccc4c23)N1,Oc1cc2c([nH]1)c1c3ccccc3[nH]c1c1[nH]c3ccccc3c21,Oc1cc2c([nH]1)c1c3ccccc3[nH]c1c1[nH]c3ccccc3c21,ACCMICIUNVDZSW-UHFFFAOYSA-N,ACCMICIUNVDZSW,eligible,311.344,5.143,67.6,4,1,0,24,6,0.308,0,1,1
LIB_ACCMWZWAEFYUGZ,ChEMBL,CHEMBL1742423,CHEMBL1742423,https://www.ebi.ac.uk/chembl/compound_report_card/CHEMBL1742423/,CCOCCn1c(C2CCN(CCc3ccc(C(C)(C)C(=O)O)cc3)CC2)nc2ccccc21,CCOCCn1c(C2CCN(CCc3ccc(C(C)(C)C(=O)O)cc3)CC2)nc2ccccc21,CCOCCn1c(C2CCN(CCc3ccc(C(C)(C)C(=O)O)cc3)CC2)nc2ccccc21,ACCMWZWAEFYUGZ-UHFFFAOYSA-N,ACCMWZWAEFYUGZ,eligible,463.622,4.857,67.59,1,4,10,34,4,0.4352,0,1,1
LIB_ACDLOGYGJHTESW,ChEMBL,CHEMBL103438,CHEMBL103438,https://www.ebi.ac.uk/chembl/compound_report_card/CHEMBL103438/,C1=C(c2c[nH]cn2)c2cccc(OCc3ccccc3)c2CC1,C1=C(c2c[nH]cn2)c2cccc(OCc3ccccc3)c2CC1,C1=C(c2c[nH]cn2)c2cccc(OCc3ccccc3)c2CC1,ACDLOGYGJHTESW-UHFFFAOYSA-N,ACDLOGYGJHTESW,eligible,302.377,4.367,37.91,1,2,4,23,4,0.777,0,1,1
LIB_ACFZSCCHXTUVBM,ChEMBL,CHEMBL1085790,CHEMBL1085790,https://www.ebi.ac.uk/chembl/compound_report_card/CHEMBL1085790/,CC(C)n1cnc2c(NCCCO)nc(Cl)nc21,CC(C)n1cnc2c(NCCCO)nc(Cl)nc21,CC(C)n1cnc2c(NCCCO)nc(Cl)nc21,ACFZSCCHXTUVBM-UHFFFAOYSA-N,ACFZSCCHXTUVBM,eligible,269.736,1.855,75.86,2,5,5,18,2,0.64,0,1,1
LIB_ACGDKVXYNVEAGU,ChEMBL,CHEMBL1345,CHEMBL1345;CHEMBL765,https://www.ebi.ac.uk/chembl/compound_report_card/CHEMBL1345/,N=C(N)NCCN1CCCCCCC1.O=S(=O)(O)O,N=C(N)NCCN1CCCCCCC1,N=C(N)NCCN1CCCCCCC1,ACGDKVXYNVEAGU-UHFFFAOYSA-N,ACGDKVXYNVEAGU,eligible,198.314,0.736,65.14,3,2,3,14,1,0.4626,0,2,1
LIB_ACGUYXCXAPNIKK,ChEMBL,CHEMBL496,CHEMBL496,https://www.ebi.ac.uk/chembl/compound_report_card/CHEMBL496/,Oc1c(Cl)cc(Cl)c(Cl)c1Cc1c(O)c(Cl)cc(Cl)c1Cl,Oc1c(Cl)cc(Cl)c(Cl)c1Cc1c(O)c(Cl)cc(Cl)c1Cl,Oc1c(Cl)cc(Cl)c(Cl)c1Cc1c(O)c(Cl)cc(Cl)c1Cl,ACGUYXCXAPNIKK-UHFFFAOYSA-N,ACGUYXCXAPNIKK,eligible,406.907,6.609,40.46,2,2,2,21,2,0.5507,0,1,1
LIB_ACISHMVGWWWZAU,ChEMBL,CHEMBL101052,CHEMBL101052,https://www.ebi.ac.uk/chembl/compound_report_card/CHEMBL101052/,COc1ccc(Nc2ccnc(Nc3ccc(OCC(O)CN(C)C)cc3)n2)cc1,COc1ccc(Nc2ccnc(Nc3ccc(OCC(O)CN(C)C)cc3)n2)cc1,COc1ccc(Nc2ccnc(Nc3ccc(OCC(O)CN(C)C)cc3)n2)cc1,ACISHMVGWWWZAU-UHFFFAOYSA-N,ACISHMVGWWWZAU,eligible,409.49,3.274,91.77,3,8,10,30,3,0.4699,0,1,1
LIB_ACJVEFZYWWBNDC,ChEMBL,CHEMBL1082557,CHEMBL1082557,https://www.ebi.ac.uk/chembl/compound_report_card/CHEMBL1082557/,C[C@H](O)CNc1nccc(-n2ccnc2-c2cccc(NC(=O)Nc3cccc(C(F)(F)F)c3)c2)n1,C[C@H](O)CNc1nccc(-n2ccnc2-c2cccc(NC(=O)Nc3cccc(C(F)(F)F)c3)c2)n1,CC(O)CNc1nccc(-n2ccnc2-c2cccc(NC(=O)Nc3cccc(C(F)(F)F)c3)c2)n1,ACJVEFZYWWBNDC-HNNXBMFYSA-N,ACJVEFZYWWBNDC,eligible,497.481,4.785,116.99,4,6,7,36,4,0.2919,0,1,1
LIB_ACMPQUAKYNONQE,ChEMBL,CHEMBL103001,CHEMBL103001,https://www.ebi.ac.uk/chembl/compound_report_card/CHEMBL103001/,COc1ccc([C@@H]2c3nc(C)ccc3[C@H](c3ccc4c(c3)OCO4)[C@H]2C(=O)O)cc1,COc1ccc([C@@H]2c3nc(C)ccc3[C@H](c3ccc4c(c3)OCO4)C2C(=O)O)cc1,COc1ccc(C2c3nc(C)ccc3C(c3ccc4c(c3)OCO4)C2C(=O)O)cc1,ACMPQUAKYNONQE-LGTSYYJHSA-N,ACMPQUAKYNONQE,eligible,403.434,4.106,77.88,1,5,4,30,5,0.7066,0,1,1
LIB_ACNJLYWBDFAHMX,ChEMBL,CHEMBL101369,CHEMBL101369,https://www.ebi.ac.uk/chembl/compound_report_card/CHEMBL101369/,C/C(=C\c1csc(C)n1)[C@@H]1C[C@H](O)[C@@](C)(Cl)CCC[C@H](C)[C@H](O)[C@@H](C)C(=O)C(C)(C)[C@@H](O)CC(=O)O1,C/C(=C\c1csc(C)n1)[C@@H]1C[C@H](O)[C@@](C)(Cl)CCC[C@H](C)[C@H](O)C(C)C(=O)C(C)(C)[C@@H](O)CC(=O)O1,CC(=Cc1csc(C)n1)C1CC(O)C(C)(Cl)CCCC(C)C(O)C(C)C(=O)C(C)(C)C(O)CC(=O)O1,ACNJLYWBDFAHMX-AILMZELKSA-N,ACNJLYWBDFAHMX,eligible,544.154,4.678,116.95,3,8,2,36,2,0.366,0,1,1
LIB_ACOAEBWKCOUSCQ,ChEMBL,CHEMBL1085836,CHEMBL1085836,https://www.ebi.ac.uk/chembl/compound_report_card/CHEMBL1085836/,COc1ccc(S(=O)(=O)N2CC(C(=O)NC3CCN(Cc4ccccc4)CC3)c3ccccc32)c2ccccc12,COc1ccc(S(=O)(=O)N2CC(C(=O)NC3CCN(Cc4ccccc4)CC3)c3ccccc32)c2ccccc12,COc1ccc(S(=O)(=O)N2CC(C(=O)NC3CCN(Cc4ccccc4)CC3)c3ccccc32)c2ccccc12,ACOAEBWKCOUSCQ-UHFFFAOYSA-N,ACOAEBWKCOUSCQ,eligible,555.7,4.922,78.95,1,5,7,40,6,0.3503,0,1,1
LIB_ACOOMDBVWCJRIF,ChEMBL,CHEMBL10018,CHEMBL10018,https://www.ebi.ac.uk/chembl/compound_report_card/CHEMBL10018/,CN1C(=O)CC[C@]2(C)C3CC[C@@]4(C)C(CC[C@@]4(O)C#CCCCBr)C3CCC12,CN1C(=O)CC[C@]2(C)C3CC[C@@]4(C)C(CC[C@@]4(O)C#CCCCBr)C3CCC12,CN1C(=O)CCC2(C)C3CCC4(C)C(CCC4(O)C#CCCCBr)C3CCC12,ACOOMDBVWCJRIF-FHWBHSKLSA-N,ACOOMDBVWCJRIF,eligible,450.461,4.759,40.54,1,2,2,28,4,0.3745,0,1,1
LIB_ACOQUBGHQYPJFN,ChEMBL,CHEMBL1087133,CHEMBL1087133,https://www.ebi.ac.uk/chembl/compound_report_card/CHEMBL1087133/,CC1=CCC[C@H]2[C@](C)(CC3=C(O)C(=O)C=C(NCCC(C)C)C3=O)[C@@H](C)CC[C@]12C,CC1=CCC[C@H]2[C@](C)(CC3=C(O)C(=O)C=C(NCCC(C)C)C3=O)[C@@H](C)CC[C@]12C,CC1=CCCC2C1(C)CCC(C)C2(C)CC1=C(O)C(=O)C=C(NCCC(C)C)C1=O,ACOQUBGHQYPJFN-DVBYZVISSA-N,ACOQUBGHQYPJFN,eligible,413.602,5.659,66.4,2,4,6,30,3,0.4355,0,1,1
LIB_ACPLCGSGIGQMOO,ChEMBL,CHEMBL10235,CHEMBL10235,https://www.ebi.ac.uk/chembl/compound_report_card/CHEMBL10235/,OC(c1ccccc1Cl)C(O)(Cn1cncn1)c1ccccc1,OC(c1ccccc1Cl)C(O)(Cn1cncn1)c1ccccc1,OC(c1ccccc1Cl)C(O)(Cn1cncn1)c1ccccc1,ACPLCGSGIGQMOO-UHFFFAOYSA-N,ACPLCGSGIGQMOO,eligible,329.787,2.553,71.17,2,4,5,23,3,0.7544,0,1,1
LIB_ACQBMKNMDFBPHO,ChEMBL,CHEMBL1087092,CHEMBL1087092,https://www.ebi.ac.uk/chembl/compound_report_card/CHEMBL1087092/,CCC[C@]1(CC(=O)O)OCCc2c1[nH]c1c(C)c(OCCn3cccn3)cc(C#N)c21,CCC[C@]1(CC(=O)O)OCCc2c1[nH]c1c(C)c(OCCn3cccn3)cc(C#N)c21,CCCC1(CC(=O)O)OCCc2c1[nH]c1c(C)c(OCCn3cccn3)cc(C#N)c21,ACQBMKNMDFBPHO-HSZRJFAPSA-N,ACQBMKNMDFBPHO,eligible,422.485,3.666,113.16,2,5,8,31,4,0.5727,0,1,1
LIB_ACRBNYGEMBDJFD,ChEMBL,CHEMBL104239,CHEMBL104239,https://www.ebi.ac.uk/chembl/compound_report_card/CHEMBL104239/,COc1cc2c(c3c1c(=O)c1cc4ccccc4cc1n3C)C(=O)C(OC(C)=O)C(C)(C)O2,COc1cc2c(c3c1c(=O)c1cc4ccccc4cc1n3C)C(=O)C(OC(C)=O)C(C)(C)O2,COc1cc2c(c3c1c(=O)c1cc4ccccc4cc1n3C)C(=O)C(OC(C)=O)C(C)(C)O2,ACRBNYGEMBDJFD-UHFFFAOYSA-N,ACRBNYGEMBDJFD,eligible,445.471,4.139,83.83,0,6,2,33,5,0.3407,0,1,1
LIB_ACRHBAYQBXXRTO,ChEMBL,CHEMBL2145077,CHEMBL2145077;CHEMBL471737,https://www.ebi.ac.uk/chembl/compound_report_card/CHEMBL2145077/,COc1cc2c(cc1OC)CC(=O)N(CCCN(C)C[C@H]1Cc3cc(OC)c(OC)cc31)CC2.Cl,COc1cc2c(cc1OC)CC(=O)N(CCCN(C)C[C@H]1Cc3cc(OC)c(OC)cc31)CC2,COc1cc2c(cc1OC)CC(=O)N(CCCN(C)CC1Cc3cc(OC)c(OC)cc31)CC2,ACRHBAYQBXXRTO-OAQYLSRUSA-N,ACRHBAYQBXXRTO,eligible,468.594,3.31,60.47,0,6,10,34,4,0.5333,0,2,1
LIB_ACSBRIVFKZTIIB,ChEMBL,CHEMBL10688,CHEMBL10688,https://www.ebi.ac.uk/chembl/compound_report_card/CHEMBL10688/,CN1CCN(CCCN2CCN(C)CC2)CC1,CN1CCN(CCCN2CCN(C)CC2)CC1,CN1CCN(CCCN2CCN(C)CC2)CC1,ACSBRIVFKZTIIB-UHFFFAOYSA-N,ACSBRIVFKZTIIB,eligible,240.395,-0.129,12.96,0,4,4,17,2,0.6786,0,1,1
LIB_ACSFOIGNUQUIGE,ChEMBL,CHEMBL1079111,CHEMBL1079111,https://www.ebi.ac.uk/chembl/compound_report_card/CHEMBL1079111/,C[C@]12CCC(=O)C[C@@H]1CC[C@@H]1[C@@H]2[C@@H](O)C[C@@]2(C)[C@H]1CC[C@]2(O)C(=O)CO,C[C@]12CCC(=O)C[C@@H]1CC[C@@H]1[C@@H]2[C@@H](O)C[C@@]2(C)[C@H]1CC[C@]2(O)C(=O)CO,CC12CCC(=O)CC1CCC1C2C(O)CC2(C)C1CCC2(O)C(=O)CO,ACSFOIGNUQUIGE-SERXDUEGSA-N,ACSFOIGNUQUIGE,eligible,364.482,1.861,94.83,3,5,2,26,4,0.6952,0,1,1
LIB_ACTRVOBWPAIOHC,ChEMBL,CHEMBL1201073,CHEMBL1201073,https://www.ebi.ac.uk/chembl/compound_report_card/CHEMBL1201073/,O=C(O)[C@@H](S)[C@@H](S)C(=O)O,O=C(O)C(S)C(S)C(=O)O,O=C(O)C(S)C(S)C(=O)O,ACTRVOBWPAIOHC-UHFFFAOYSA-N,ACTRVOBWPAIOHC,eligible,182.222,-0.248,74.6,4,4,3,10,0,0.4541,0,1,1
LIB_ACWBQPMHZXGDFX,ChEMBL,CHEMBL1069,CHEMBL1069,https://www.ebi.ac.uk/chembl/compound_report_card/CHEMBL1069/,CCCCC(=O)N(Cc1ccc(-c2ccccc2-c2nnn[nH]2)cc1)[C@H](C(=O)O)C(C)C,CCCCC(=O)N(Cc1ccc(-c2ccccc2-c2nn[nH]n2)cc1)C(C(=O)O)C(C)C,CCCCC(=O)N(Cc1ccc(-c2ccccc2-c2nn[nH]n2)cc1)C(C(=O)O)C(C)C,ACWBQPMHZXGDFX-UHFFFAOYSA-N,ACWBQPMHZXGDFX,eligible,435.528,4.162,112.07,2,5,10,32,3,0.4944,0,1,1
LIB_ACWVMUDVYDJKIZ,ChEMBL,CHEMBL1083199,CHEMBL1083199,https://www.ebi.ac.uk/chembl/compound_report_card/CHEMBL1083199/,CCn1c2ccccc2n2c(=O)c(=O)n(CC(=O)O)nc12,CCn1c2ccccc2n2c(=O)c(=O)n(CC(=O)O)nc12,CCn1c2ccccc2n2c(=O)c(=O)n(CC(=O)O)nc12,ACWVMUDVYDJKIZ-UHFFFAOYSA-N,ACWVMUDVYDJKIZ,eligible,288.263,-0.085,98.6,1,4,3,21,3,0.6794,0,1,1
LIB_ACWZRVQXLIRSDF,ChEMBL,CHEMBL3187723,CHEMBL3187723,https://www.ebi.ac.uk/chembl/compound_report_card/CHEMBL3187723/,Cn1cnc2c(F)c(Nc3ccc(Br)cc3F)c(C(=O)NOCCO)cc21,Cn1cnc2c(F)c(Nc3ccc(Br)cc3F)c(C(=O)NOCCO)cc21,Cn1cnc2c(F)c(Nc3ccc(Br)cc3F)c(C(=O)NOCCO)cc21,ACWZRVQXLIRSDF-UHFFFAOYSA-N,ACWZRVQXLIRSDF,eligible,441.232,3.011,88.41,3,5,6,27,3,0.4046,0,1,1
LIB_ACYUZCPZMAAGRY,ChEMBL,CHEMBL103893,CHEMBL103893,https://www.ebi.ac.uk/chembl/compound_report_card/CHEMBL103893/,CCn1cc(C(=O)O)c(=O)c2cc(N)c(N3CCNCC3)nc21,CCn1cc(C(=O)O)c(=O)c2cc(N)c(N3CCNCC3)nc21,CCn1cc(C(=O)O)c(=O)c2cc(N)c(N3CCNCC3)nc21,ACYUZCPZMAAGRY-UHFFFAOYSA-N,ACYUZCPZMAAGRY,eligible,317.349,0.106,113.48,3,6,3,23,3,0.7358,0,1,1
LIB_ACZBCHAUHNAVHQ,ChEMBL,CHEMBL104728,CHEMBL104728,https://www.ebi.ac.uk/chembl/compound_report_card/CHEMBL104728/,Cc1ccccc1/C=C1\CCCc2ccccc2C1=O,Cc1ccccc1/C=C1\CCCc2ccccc2C1=O,Cc1ccccc1C=C1CCCc2ccccc2C1=O,ACZBCHAUHNAVHQ-GHRIWEEISA-N,ACZBCHAUHNAVHQ,eligible,262.352,4.598,17.07,0,1,1,20,3,0.5421,0,1,1
LIB_ACZBWELNTOVRFG,ChEMBL,CHEMBL102230,CHEMBL102230,https://www.ebi.ac.uk/chembl/compound_report_card/CHEMBL102230/,O=C(Nc1ccccc1)[C@@H]1OC(CO)C(O)C(O)C1O,O=C(Nc1ccccc1)C1OC(CO)C(O)C(O)C1O,O=C(Nc1ccccc1)C1OC(CO)C(O)C(O)C1O,ACZBWELNTOVRFG-UHFFFAOYSA-N,ACZBWELNTOVRFG,eligible,283.28,-1.533,119.25,5,6,3,20,2,0.4589,0,1,1
LIB_ADEBPBSSDYVVLD,ChEMBL,CHEMBL1678,CHEMBL107316;CHEMBL108726;CHEMBL1678;CHEMBL502,https://www.ebi.ac.uk/chembl/compound_report_card/CHEMBL1678/,COc1cc2c(cc1OC)C(=O)C(CC1CCN(Cc3ccccc3)CC1)C2.Cl,COc1cc2c(cc1OC)C(=O)C(CC1CCN(Cc3ccccc3)CC1)C2,COc1cc2c(cc1OC)C(=O)C(CC1CCN(Cc3ccccc3)CC1)C2,ADEBPBSSDYVVLD-UHFFFAOYSA-N,ADEBPBSSDYVVLD,eligible,379.5,4.361,38.77,0,4,6,28,4,0.7475,0,4,1
LIB_ADEDQEZHVQJIPA,ChEMBL,CHEMBL107699,CHEMBL107699,https://www.ebi.ac.uk/chembl/compound_report_card/CHEMBL107699/,CCCCCC1c2[nH]c3ccccc3c2C[C@H]2C(=O)NC(Cc3c[nH]c4ccccc34)C(=O)N12,CCCCCC1c2[nH]c3ccccc3c2CC2C(=O)NC(Cc3c[nH]c4ccccc34)C(=O)N21,CCCCCC1c2[nH]c3ccccc3c2CC2C(=O)NC(Cc3c[nH]c4ccccc34)C(=O)N21,ADEDQEZHVQJIPA-UHFFFAOYSA-N,ADEDQEZHVQJIPA,eligible,454.574,4.765,80.99,3,2,6,34,6,0.3671,0,1,1
LIB_ADEICDVMHGTDPX,ChEMBL,CHEMBL1081446,CHEMBL1081446,https://www.ebi.ac.uk/chembl/compound_report_card/CHEMBL1081446/,COc1ccncc1C1=NNC(=O)/C1=N\Nc1ccc(C(=O)O)cc1,COc1ccncc1-c1[nH][nH]c(=O)c1N=Nc1ccc(C(=O)O)cc1,COc1ccncc1-c1[nH][nH]c(=O)c1N=Nc1ccc(C(=O)O)cc1,ADEICDVMHGTDPX-UHFFFAOYSA-N,ADEICDVMHGTDPX,eligible,339.311,2.887,132.79,3,6,5,25,3,0.6147,0,1,1
LIB_ADEJUWWKVDVCEO,ChEMBL,CHEMBL1086954,CHEMBL1086954,https://www.ebi.ac.uk/chembl/compound_report_card/CHEMBL1086954/,O=C(OCc1ccccc1)[C@@H]1COC(c2ccc(F)cc2[N+](=O)[O-])=N1,O=C(OCc1ccccc1)C1COC(c2ccc(F)cc2[N+](=O)[O-])=N1,O=C(OCc1ccccc1)C1COC(c2ccc(F)cc2[N+](=O)[O-])=N1,ADEJUWWKVDVCEO-UHFFFAOYSA-N,ADEJUWWKVDVCEO,eligible,344.298,2.623,91.03,0,6,5,25,3,0.4723,0,1,1
LIB_ADFOJJHRTBFFOF,ChEMBL,CHEMBL1200721,CHEMBL1200721;CHEMBL1756,https://www.ebi.ac.uk/chembl/compound_report_card/CHEMBL1200721/,C[C@]12CC[C@@H]3c4ccc(OC(=O)N(CCCl)CCCl)cc4CC[C@H]3[C@@H]1CC[C@@H]2OP(=O)([O-])[O-].[Na+].[Na+],C[C@]12CC[C@@H]3c4ccc(OC(=O)N(CCCl)CCCl)cc4CC[C@H]3[C@@H]1CC[C@@H]2OP(=O)(O)O,CC12CCC3c4ccc(OC(=O)N(CCCl)CCCl)cc4CCC3C1CCC2OP(=O)(O)O,ADFOJJHRTBFFOF-RBRWEJTLSA-N,ADFOJJHRTBFFOF,eligible,520.39,5.299,96.3,2,4,7,33,4,0.3744,0,2,1
LIB_ADISYWHBTGIIJN,ChEMBL,CHEMBL101241,CHEMBL101241,https://www.ebi.ac.uk/chembl/compound_report_card/CHEMBL101241/,Cc1nc2cnccc2n1Cc1ccc(S(=O)(=O)N[C@@H](CC(C)C)C(=O)NCc2ccc(N)cc2)cc1,Cc1nc2cnccc2n1Cc1ccc(S(=O)(=O)NC(CC(C)C)C(=O)NCc2ccc(N)cc2)cc1,Cc1nc2cnccc2n1Cc1ccc(S(=O)(=O)NC(CC(C)C)C(=O)NCc2ccc(N)cc2)cc1,ADISYWHBTGIIJN-UHFFFAOYSA-N,ADISYWHBTGIIJN,eligible,520.659,3.38,132.0,3,6,10,37,4,0.2748,0,1,1
LIB_ADIVXZBWEZXVMW,ChEMBL,CHEMBL106643,CHEMBL106643,https://www.ebi.ac.uk/chembl/compound_report_card/CHEMBL106643/,CC(=O)Nc1ccc2c(Nc3ccc(N(C(=O)C(C)C)S(C)(=O)=O)cc3)c3ccccc3nc2c1,CC(=O)Nc1ccc2c(Nc3ccc(N(C(=O)C(C)C)S(C)(=O)=O)cc3)c3ccccc3nc2c1,CC(=O)Nc1ccc2c(Nc3ccc(N(C(=O)C(C)C)S(C)(=O)=O)cc3)c3ccccc3nc2c1,ADIVXZBWEZXVMW-UHFFFAOYSA-N,ADIVXZBWEZXVMW,eligible,490.585,5.039,108.47,2,6,6,35,4,0.3667,0,1,1
LIB_ADKAMMRGIBOIAN,ChEMBL,CHEMBL106833,CHEMBL106833,https://www.ebi.ac.uk/chembl/compound_report_card/CHEMBL106833/,Nc1ccc(SC2c3cccc(O)c3C(=O)c3c(O)cccc32)cc1,Nc1ccc(SC2c3cccc(O)c3C(=O)c3c(O)cccc32)cc1,Nc1ccc(SC2c3cccc(O)c3C(=O)c3c(O)cccc32)cc1,ADKAMMRGIBOIAN-UHFFFAOYSA-N,ADKAMMRGIBOIAN,eligible,349.411,4.106,83.55,3,5,2,25,4,0.6066,0,1,1
LIB_ADKICSRVDIFTQJ,ChEMBL,CHEMBL1077716,CHEMBL1077716,https://www.ebi.ac.uk/chembl/compound_report_card/CHEMBL1077716/,CCCCCCNC(=O)Nc1ccc(S(=O)(=O)Nc2ccccc2)cc1,CCCCCCNC(=O)Nc1ccc(S(=O)(=O)Nc2ccccc2)cc1,CCCCCCNC(=O)Nc1ccc(S(=O)(=O)Nc2ccccc2)cc1,ADKICSRVDIFTQJ-UHFFFAOYSA-N,ADKICSRVDIFTQJ,eligible,375.494,4.189,87.3,3,3,9,26,2,0.5744,0,1,1
LIB_ADKULNIMCFQYLR,ChEMBL,CHEMBL103962,CHEMBL103962,https://www.ebi.ac.uk/chembl/compound_report_card/CHEMBL103962/,Cc1c(Cl)cc2nc(N3CCN(C)CC3)oc2c1Cl,Cc1c(Cl)cc2nc(N3CCN(C)CC3)oc2c1Cl,Cc1c(Cl)cc2nc(N3CCN(C)CC3)oc2c1Cl,ADKULNIMCFQYLR-UHFFFAOYSA-N,ADKULNIMCFQYLR,eligible,300.189,3.195,32.51,0,4,1,19,3,0.8094,0,1,1
LIB_ADOFRAKFUNLXFZ,ChEMBL,CHEMBL102727,CHEMBL102727,https://www.ebi.ac.uk/chembl/compound_report_card/CHEMBL102727/,COc1cc(Nc2c(C#N)cnc3cc(-c4ccc(CN5CCN(CCO)CC5)cc4)ccc23)c(Cl)cc1Cl,COc1cc(Nc2c(C#N)cnc3cc(-c4ccc(CN5CCN(CCO)CC5)cc4)ccc23)c(Cl)cc1Cl,COc1cc(Nc2c(C#N)cnc3cc(-c4ccc(CN5CCN(CCO)CC5)cc4)ccc23)c(Cl)cc1Cl,ADOFRAKFUNLXFZ-UHFFFAOYSA-N,ADOFRAKFUNLXFZ,eligible,562.501,5.942,84.65,2,7,8,39,5,0.275,0,1,1
LIB_ADOJZMMSYUTJST,ChEMBL,CHEMBL1084402,CHEMBL1084402,https://www.ebi.ac.uk/chembl/compound_report_card/CHEMBL1084402/,CC(C)(C)NCCCc1cc(-c2cccc(C(F)(F)F)c2)nc(C#N)n1,CC(C)(C)NCCCc1cc(-c2cccc(C(F)(F)F)c2)nc(C#N)n1,CC(C)(C)NCCCc1cc(-c2cccc(C(F)(F)F)c2)nc(C#N)n1,ADOJZMMSYUTJST-UHFFFAOYSA-N,ADOJZMMSYUTJST,eligible,362.399,4.355,61.6,1,4,5,26,2,0.8033,0,1,1
LIB_ADQGTRKXDRRMKR,ChEMBL,CHEMBL103186,CHEMBL103186,https://www.ebi.ac.uk/chembl/compound_report_card/CHEMBL103186/,Cc1ccc2n(c1)cc(-c1ccc(/C=N/Nc3nc(N)nc(N)n3)cc1)[n+]2C.[I-],Cc1ccc2n(c1)cc(-c1ccc(/C=N/Nc3nc(N)nc(N)n3)cc1)[n+]2C,Cc1ccc2n(c1)cc(-c1ccc(C=NNc3nc(N)nc(N)n3)cc1)[n+]2C,ADQGTRKXDRRMKR-LSFURLLWSA-N,ADQGTRKXDRRMKR,eligible,374.432,1.535,123.39,3,7,4,28,4,0.2827,1,1,1
LIB_ADQIGZIBPUXWSY,ChEMBL,CHEMBL10446,CHEMBL10446,https://www.ebi.ac.uk/chembl/compound_report_card/CHEMBL10446/,OC(c1ccc(F)cc1)C(O)(Cn1cncn1)c1ccc(Cl)cc1,OC(c1ccc(F)cc1)C(O)(Cn1cncn1)c1ccc(Cl)cc1,OC(c1ccc(F)cc1)C(O)(Cn1cncn1)c1ccc(Cl)cc1,ADQIGZIBPUXWSY-UHFFFAOYSA-N,ADQIGZIBPUXWSY,eligible,347.777,2.692,71.17,2,4,5,24,3,0.7441,0,1,1
LIB_ADQMCDSJZCPRNK,ChEMBL,CHEMBL106351,CHEMBL106351,https://www.ebi.ac.uk/chembl/compound_report_card/CHEMBL106351/,Cc1ccc(C(=O)NC(=N)Nc2ccc(OC(C)C)cc2)cc1,Cc1ccc(C(=O)N=C(N)Nc2ccc(OC(C)C)cc2)cc1,Cc1ccc(C(=O)N=C(N)Nc2ccc(OC(C)C)cc2)cc1,ADQMCDSJZCPRNK-UHFFFAOYSA-N,ADQMCDSJZCPRNK,eligible,311.385,3.349,76.71,2,2,4,23,2,0.6704,0,1,1
LIB_ADRQUYQPINKXPW,ChEMBL,CHEMBL1084907,CHEMBL1084907,https://www.ebi.ac.uk/chembl/compound_report_card/CHEMBL1084907/,C/C1=C\C=C(\C(C)C)C[C@](C)(O)[C@H]2CC[C@](C)(O)[C@@H](CC1)O2,C/C1=C\C=C(\C(C)C)C[C@](C)(O)[C@H]2CC[C@](C)(O)[C@@H](CC1)O2,CC1=CC=C(C(C)C)CC(C)(O)C2CCC(C)(O)C(CC1)O2,ADRQUYQPINKXPW-RWOJJBTQSA-N,ADRQUYQPINKXPW,eligible,308.462,3.749,49.69,2,3,1,22,2,0.7754,0,1,1
LIB_ADUPCGXEBYPTPJ,ChEMBL,CHEMBL1082166,CHEMBL1082166,https://www.ebi.ac.uk/chembl/compound_report_card/CHEMBL1082166/,O=c1c2cccnc2oc2cc(OCC3CO3)cc(O)c12,O=c1c2cccnc2oc2cc(OCC3CO3)cc(O)c12,O=c1c2cccnc2oc2cc(OCC3CO3)cc(O)c12,ADUPCGXEBYPTPJ-UHFFFAOYSA-N,ADUPCGXEBYPTPJ,eligible,285.255,1.824,85.09,1,6,3,21,4,0.5834,0,1,1
LIB_ADUPCOZSFKRFSY,ChEMBL,CHEMBL100162,CHEMBL100162,https://www.ebi.ac.uk/chembl/compound_report_card/CHEMBL100162/,CNCCCN(C(=O)c1cc2ccccc2s1)c1ccccc1SCc1ccccc1,CNCCCN(C(=O)c1cc2ccccc2s1)c1ccccc1SCc1ccccc1,CNCCCN(C(=O)c1cc2ccccc2s1)c1ccccc1SCc1ccccc1,ADUPCOZSFKRFSY-UHFFFAOYSA-N,ADUPCOZSFKRFSY,eligible,446.641,6.45,32.34,1,4,9,31,4,0.2368,0,1,1
LIB_ADVCGXWUUOVPPB,ChEMBL,CHEMBL103356,CHEMBL103356,https://www.ebi.ac.uk/chembl/compound_report_card/CHEMBL103356/,Cc1cn([C@H]2C[C@H](N)[C@@H](CO)O2)c(=O)[nH]c1=O,Cc1cn([C@H]2C[C@H](N)[C@@H](CO)O2)c(=O)[nH]c1=O,Cc1cn(C2CC(N)C(CO)O2)c(=O)[nH]c1=O,ADVCGXWUUOVPPB-XLPZGREQSA-N,ADVCGXWUUOVPPB,eligible,241.247,-1.548,110.34,3,5,2,17,2,0.5804,0,1,1
LIB_ADVKDZIXVYBXQX,ChEMBL,CHEMBL106579,CHEMBL106579,https://www.ebi.ac.uk/chembl/compound_report_card/CHEMBL106579/,CCCCCNC1=NCCN1CCc1ccccc1,CCCCCNC1=NCCN1CCc1ccccc1,CCCCCNC1=NCCN1CCc1ccccc1,ADVKDZIXVYBXQX-UHFFFAOYSA-N,ADVKDZIXVYBXQX,eligible,259.397,2.681,27.63,1,3,7,19,2,0.7624,0,1,1
LIB_ADVZBBJOYBSROZ,ChEMBL,CHEMBL101518,CHEMBL101518,https://www.ebi.ac.uk/chembl/compound_report_card/CHEMBL101518/,CN(CCOCCNC(=S)NC(=O)c1ccc(Cl)cc1)Cc1ccccc1,CN(CCOCCNC(=S)NC(=O)c1ccc(Cl)cc1)Cc1ccccc1,CN(CCOCCNC(=S)NC(=O)c1ccc(Cl)cc1)Cc1ccccc1,ADVZBBJOYBSROZ-UHFFFAOYSA-N,ADVZBBJOYBSROZ,eligible,405.951,3.093,53.6,2,4,9,27,2,0.4957,0,1,1
LIB_ADWFEADZGIHPDE,ChEMBL,CHEMBL1078355,CHEMBL1078355,https://www.ebi.ac.uk/chembl/compound_report_card/CHEMBL1078355/,CC(=O)O[C@@H]1C[C@@H]2[C@@]3(C)CCCC(C)(C)[C@@H]3CC[C@@]2(C)[C@@H]2CC=C(C=O)[C@H](C=O)[C@@]12C,CC(=O)O[C@@H]1C[C@@H]2[C@@]3(C)CCCC(C)(C)[C@@H]3CC[C@@]2(C)[C@@H]2CC=C(C=O)C(C=O)[C@@]12C,CC(=O)OC1CC2C3(C)CCCC(C)(C)C3CCC2(C)C2CC=C(C=O)C(C=O)C12C,ADWFEADZGIHPDE-DACALSEZSA-N,ADWFEADZGIHPDE,eligible,428.613,5.537,60.44,0,4,3,31,4,0.4375,0,1,1
LIB_ADWKTVIPQKWCOD,ChEMBL,CHEMBL1076294,CHEMBL1076294,https://www.ebi.ac.uk/chembl/compound_report_card/CHEMBL1076294/,CS(=O)(=O)Nc1ccc2c(c1)S(=O)(=O)N=C(C1=C(O)[C@@H]3C4CCC(CC4)[C@@H]3N(Cc3ccccc3F)C1=O)N2,CS(=O)(=O)Nc1ccc2c(c1)S(=O)(=O)N=C(C1C(=O)C3C4CCC(CC4)[C@@H]3N(Cc3ccccc3F)C1=O)N2,CS(=O)(=O)Nc1ccc2c(c1)S(=O)(=O)N=C(C1C(=O)C3C4CCC(CC4)C3N(Cc3ccccc3F)C1=O)N2,ADWKTVIPQKWCOD-DWCAAQBUSA-N,ADWKTVIPQKWCOD,eligible,574.656,2.742,142.08,2,7,5,39,7,0.5232,0,1,1
LIB_ADYFZNUQNYFYCC,ChEMBL,CHEMBL106493,CHEMBL106493,https://www.ebi.ac.uk/chembl/compound_report_card/CHEMBL106493/,COCCCNCc1cc2cc(S(N)(=O)=O)oc2s1,COCCCNCc1cc2cc(S(N)(=O)=O)oc2s1,COCCCNCc1cc2cc(S(N)(=O)=O)oc2s1,ADYFZNUQNYFYCC-UHFFFAOYSA-N,ADYFZNUQNYFYCC,eligible,304.393,1.268,94.56,2,6,7,19,2,0.7511,0,1,1
LIB_ADZOFZRDWPGJCH,ChEMBL,CHEMBL1084895,CHEMBL1084895,https://www.ebi.ac.uk/chembl/compound_report_card/CHEMBL1084895/,Cn1nccc1-c1cc(NC(=O)c2ccc(C(F)(F)F)cc2)ccc1OCCN1CCCC1,Cn1nccc1-c1cc(NC(=O)c2ccc(C(F)(F)F)cc2)ccc1OCCN1CCCC1,Cn1nccc1-c1cc(NC(=O)c2ccc(C(F)(F)F)cc2)ccc1OCCN1CCCC1,ADZOFZRDWPGJCH-UHFFFAOYSA-N,ADZOFZRDWPGJCH,eligible,458.484,4.833,59.39,1,4,7,33,4,0.551,0,1,1
LIB_AEBDJASMVJXWIR,ChEMBL,CHEMBL1079711,CHEMBL1079711;CHEMBL1081875,https://www.ebi.ac.uk/chembl/compound_report_card/CHEMBL1079711/,C/C=C(\C)C(=O)[C@H]1c2cc(OC)c(OC)c(O)c2-c2c(cc3c(c2OC)OCO3)C[C@@H](C)[C@H]1O,CC=C(C)C(=O)C1c2cc(OC)c(OC)c(O)c2-c2c(cc3c(c2OC)OCO3)C[C@@H](C)[C@H]1O,CC=C(C)C(=O)C1c2cc(OC)c(OC)c(O)c2-c2c(cc3c(c2OC)OCO3)CC(C)C1O,AEBDJASMVJXWIR-GZGNUFMNSA-N,AEBDJASMVJXWIR,eligible,470.518,3.986,103.68,2,8,5,34,4,0.6327,0,2,1
LIB_AECPCHNZJRFNBO,ChEMBL,CHEMBL1077457,CHEMBL1077457,https://www.ebi.ac.uk/chembl/compound_report_card/CHEMBL1077457/,CC(C)=C1Oc2c(ccc(CC(C)O)c2CO)C1=O,CC(C)=c1oc2c(CO)c(=CC(C)O)ccc2c1O,CC(C)=c1oc2c(CO)c(=CC(C)O)ccc2c1O,AECPCHNZJRFNBO-UHFFFAOYSA-N,AECPCHNZJRFNBO,eligible,262.305,0.982,73.83,3,4,2,19,2,0.7541,0,1,1
LIB_AECPTICWHONWNW,ChEMBL,CHEMBL104937,CHEMBL104937,https://www.ebi.ac.uk/chembl/compound_report_card/CHEMBL104937/,N=C(N)c1ccc2cc(C(=O)Nc3ccccc3)ccc2c1,N=C(N)c1ccc2cc(C(=O)Nc3ccccc3)ccc2c1,N=C(N)c1ccc2cc(C(=O)Nc3ccccc3)ccc2c1,AECPTICWHONWNW-UHFFFAOYSA-N,AECPTICWHONWNW,eligible,289.338,3.376,78.97,3,2,3,22,3,0.5103,0,1,1
LIB_AEDMQUAPBVOJNN,ChEMBL,CHEMBL1087015,CHEMBL1087015,https://www.ebi.ac.uk/chembl/compound_report_card/CHEMBL1087015/,OCc1nc(-c2cnc(N3CCC(Oc4ccccc4C(F)(F)F)CC3)s2)no1,OCc1nc(-c2cnc(N3CCC(Oc4ccccc4C(F)(F)F)CC3)s2)no1,OCc1nc(-c2cnc(N3CCC(Oc4ccccc4C(F)(F)F)CC3)s2)no1,AEDMQUAPBVOJNN-UHFFFAOYSA-N,AEDMQUAPBVOJNN,eligible,426.42,3.752,84.51,1,8,5,29,4,0.6651,0,1,1
LIB_AEDPBBOGLHONFN,ChEMBL,CHEMBL102747,CHEMBL102747,https://www.ebi.ac.uk/chembl/compound_report_card/CHEMBL102747/,CC(=O)Nc1ccc(S(=O)(=O)N2[C@@H]3COCOC[C@@H]32)cc1,CC(=O)Nc1ccc(S(=O)(=O)N2[C@@H]3COCOC[C@@H]32)cc1,CC(=O)Nc1ccc(S(=O)(=O)N2C3COCOCC32)cc1,AEDPBBOGLHONFN-NNQSOWQGSA-N,AEDPBBOGLHONFN,eligible,312.347,0.391,84.71,1,5,3,21,3,0.8163,0,1,1
LIB_AEFXNURLAGMDLH,ChEMBL,CHEMBL1080242,CHEMBL1080242,https://www.ebi.ac.uk/chembl/compound_report_card/CHEMBL1080242/,COc1cc2cc(Cc3ccc(O)cc3)c(=O)oc2cc1O,COc1cc2cc(Cc3ccc(O)cc3)c(=O)oc2cc1O,COc1cc2cc(Cc3ccc(O)cc3)c(=O)oc2cc1O,AEFXNURLAGMDLH-UHFFFAOYSA-N,AEFXNURLAGMDLH,eligible,298.294,2.804,79.9,2,5,3,22,3,0.7268,0,1,1
LIB_AEGNZBVDAJJKQJ,ChEMBL,CHEMBL1084165,CHEMBL1084165,https://www.ebi.ac.uk/chembl/compound_report_card/CHEMBL1084165/,CN(C(=O)C(C)(C)c1cc(C(F)(F)F)cc(C(F)(F)F)c1)c1cnc(N(CCO)CCCO)cc1-c1ccccc1Cl,CN(C(=O)C(C)(C)c1cc(C(F)(F)F)cc(C(F)(F)F)c1)c1cnc(N(CCO)CCCO)cc1-c1ccccc1Cl,CN(C(=O)C(C)(C)c1cc(C(F)(F)F)cc(C(F)(F)F)c1)c1cnc(N(CCO)CCCO)cc1-c1ccccc1Cl,AEGNZBVDAJJKQJ-UHFFFAOYSA-N,AEGNZBVDAJJKQJ,eligible,618.018,6.561,76.9,2,5,10,42,3,0.2521,0,1,1
LIB_AEGZZSHIIWIBBQ,ChEMBL,CHEMBL1080571,CHEMBL1080571,https://www.ebi.ac.uk/chembl/compound_report_card/CHEMBL1080571/,CCn1nc(C)c2c1CCN([C@@H](C(=O)NC)c1ccccc1)[C@H]2COc1ccc(C)cc1,CCn1nc(C)c2c1CCN(C(C(=O)NC)c1ccccc1)[C@H]2COc1ccc(C)cc1,CCn1nc(C)c2c1CCN(C(C(=O)NC)c1ccccc1)C2COc1ccc(C)cc1,AEGZZSHIIWIBBQ-LFQPHHBNSA-N,AEGZZSHIIWIBBQ,eligible,432.568,3.985,59.39,1,4,7,32,4,0.6135,0,1,1
LIB_AEHQXGJWNFLWOF,ChEMBL,CHEMBL1085415,CHEMBL1085415,https://www.ebi.ac.uk/chembl/compound_report_card/CHEMBL1085415/,CCC1=CN2CC[C@]34c5ccccc5-n5c3c(cc(C(=O)O)c5=O)[C@H]1C[C@H]24,CCC1=CN2CC[C@]34c5ccccc5-n5c3c(cc(C(=O)O)c5=O)[C@H]1C[C@H]24,CCC1=CN2CCC34c5ccccc5-n5c3c(cc(C(=O)O)c5=O)C1CC24,AEHQXGJWNFLWOF-KVYZTJHFSA-N,AEHQXGJWNFLWOF,eligible,360.413,3.004,62.54,1,3,2,27,6,0.8943,0,1,1
LIB_AEJOEPSMZCEYJN,ChEMBL,CHEMBL106345,CHEMBL106345,https://www.ebi.ac.uk/chembl/compound_report_card/CHEMBL106345/,CN(C(=O)Cc1ccc(Cl)c(Cl)c1)[C@@H](CN1CCCC1)c1ccccc1,CN(C(=O)Cc1ccc(Cl)c(Cl)c1)[C@@H](CN1CCCC1)c1ccccc1,CN(C(=O)Cc1ccc(Cl)c(Cl)c1)C(CN1CCCC1)c1ccccc1,AEJOEPSMZCEYJN-FQEVSTJZSA-N,AEJOEPSMZCEYJN,eligible,391.342,4.831,23.55,0,2,6,26,3,0.7042,0,1,1
LIB_AEKLOSHWBXMALL,ChEMBL,CHEMBL1080236,CHEMBL1080236,https://www.ebi.ac.uk/chembl/compound_report_card/CHEMBL1080236/,COc1cc2c(cc1S(N)(=O)=O)CC[C@@H]1[C@@H]2CC[C@]2(C)C(=O)CC[C@@H]12,COc1cc2c(cc1S(N)(=O)=O)CC[C@@H]1[C@@H]2CC[C@]2(C)C(=O)CC[C@@H]12,COc1cc2c(cc1S(N)(=O)=O)CCC1C2CCC2(C)C(=O)CCC12,AEKLOSHWBXMALL-QPWUGHHJSA-N,AEKLOSHWBXMALL,eligible,363.479,2.768,86.46,1,4,2,25,4,0.8752,0,1,1
LIB_AEKUAHCCPPPTBK,ChEMBL,CHEMBL1086093,CHEMBL1086093,https://www.ebi.ac.uk/chembl/compound_report_card/CHEMBL1086093/,CN1C(=O)c2cccc(CC(=O)Nc3nc(-c4cc(F)c(OC(F)F)c(F)c4)cs3)c2C1=O,CN1C(=O)c2cccc(CC(=O)Nc3nc(-c4cc(F)c(OC(F)F)c(F)c4)cs3)c2C1=O,CN1C(=O)c2cccc(CC(=O)Nc3nc(-c4cc(F)c(OC(F)F)c(F)c4)cs3)c2C1=O,AEKUAHCCPPPTBK-UHFFFAOYSA-N,AEKUAHCCPPPTBK,eligible,479.411,4.097,88.6,1,6,6,33,4,0.425,0,1,1
LIB_AEMRKAJMXFCCAC,ChEMBL,CHEMBL10770,CHEMBL10770,https://www.ebi.ac.uk/chembl/compound_report_card/CHEMBL10770/,O=c1oc(Nc2ccccc2I)nc2cc3ccccc3cc12,O=c1oc(Nc2ccccc2I)nc2cc3ccccc3cc12,O=c1oc(Nc2ccccc2I)nc2cc3ccccc3cc12,AEMRKAJMXFCCAC-UHFFFAOYSA-N,AEMRKAJMXFCCAC,eligible,414.202,4.689,55.13,1,4,2,23,4,0.3822,0,1,1
LIB_AEMVYPWDJUZBJU,ChEMBL,CHEMBL1078656,CHEMBL1078656,https://www.ebi.ac.uk/chembl/compound_report_card/CHEMBL1078656/,CC(C)C[C@H](NC(=O)[C@H](C)NC(=O)CS)C(N)=O,CC(C)CC(NC(=O)C(C)NC(=O)CS)C(N)=O,CC(C)CC(NC(=O)C(C)NC(=O)CS)C(N)=O,AEMVYPWDJUZBJU-UHFFFAOYSA-N,AEMVYPWDJUZBJU,eligible,275.374,-0.563,101.29,4,4,7,18,0,0.4683,0,1,1
LIB_AEOCXXJPGCBFJA,ChEMBL,CHEMBL1441,CHEMBL1441,https://www.ebi.ac.uk/chembl/compound_report_card/CHEMBL1441/,CCc1cc(C(N)=S)ccn1,CCc1cc(C(N)=S)ccn1,CCc1cc(C(N)=S)ccn1,AEOCXXJPGCBFJA-UHFFFAOYSA-N,AEOCXXJPGCBFJA,eligible,166.249,1.278,38.91,1,2,2,11,1,0.6725,0,1,1
LIB_AEQGYUJKXATLBW,ChEMBL,CHEMBL1200909,CHEMBL1200909,https://www.ebi.ac.uk/chembl/compound_report_card/CHEMBL1200909/,CC(C)(C)CC(=O)OCC(=O)[C@@]1(O)CC[C@H]2[C@@H]3CCC4=CC(=O)C=C[C@]4(C)[C@H]3[C@@H](O)C[C@@]21C,CC(C)(C)CC(=O)OCC(=O)[C@@]1(O)CC[C@H]2[C@@H]3CC=C4CC(=O)C=C[C@]4(C)[C@H]3[C@@H](O)C[C@@]21C,CC(C)(C)CC(=O)OCC(=O)C1(O)CCC2C3CC=C4CC(=O)C=CC4(C)C3C(O)CC21C,AEQGYUJKXATLBW-KAJVQRHHSA-N,AEQGYUJKXATLBW,eligible,458.595,3.545,100.9,2,6,4,33,4,0.4936,0,1,1
LIB_AETXHLUBKZXEAA,ChEMBL,CHEMBL1079090,CHEMBL1079090,https://www.ebi.ac.uk/chembl/compound_report_card/CHEMBL1079090/,Clc1ncn2c1Cn1ncnc1-c1cc(C3CC3)ccc1-2,Clc1ncn2c1Cn1ncnc1-c1cc(C3CC3)ccc1-2,Clc1ncn2c1Cn1ncnc1-c1cc(C3CC3)ccc1-2,AETXHLUBKZXEAA-UHFFFAOYSA-N,AETXHLUBKZXEAA,eligible,297.749,3.023,48.53,0,3,1,21,5,0.5425,0,1,1
LIB_AETYXCWWYJOPNZ,ChEMBL,CHEMBL1079007,CHEMBL1079007,https://www.ebi.ac.uk/chembl/compound_report_card/CHEMBL1079007/,CCOc1cc(NC2CCC(Nc3nc4ccccc4s3)CC2)ccc1OC,CCOc1cc(NC2CCC(Nc3nc4ccccc4s3)CC2)ccc1OC,CCOc1cc(NC2CCC(Nc3nc4ccccc4s3)CC2)ccc1OC,AETYXCWWYJOPNZ-UHFFFAOYSA-N,AETYXCWWYJOPNZ,eligible,397.544,5.539,55.41,2,6,7,28,4,0.5482,0,1,1
LIB_AEUTYOVWOVBAKS,ChEMBL,CHEMBL3140361,CHEMBL3140361;CHEMBL44884,https://www.ebi.ac.uk/chembl/compound_report_card/CHEMBL3140361/,CC[C@@H](CO)NCCN[C@@H](CC)CO.Cl.Cl,CC[C@@H](CO)NCCN[C@@H](CC)CO,CCC(CO)NCCNC(CC)CO,AEUTYOVWOVBAKS-UWVGGRQHSA-N,AEUTYOVWOVBAKS,eligible,204.314,-0.293,64.52,4,4,9,14,0,0.3897,0,2,1
LIB_AEWOQASRMPBZPB,ChEMBL,CHEMBL1080501,CHEMBL1080501,https://www.ebi.ac.uk/chembl/compound_report_card/CHEMBL1080501/,CCc1c(C(=O)c2cc(C)cc(C#N)c2)n(CC)c(=O)[nH]c1=O,CCc1c(C(=O)c2cc(C)cc(C#N)c2)n(CC)c(=O)[nH]c1=O,CCc1c(C(=O)c2cc(C)cc(C#N)c2)n(CC)c(=O)[nH]c1=O,AEWOQASRMPBZPB-UHFFFAOYSA-N,AEWOQASRMPBZPB,eligible,311.341,1.53,95.72,1,4,4,23,2,0.8661,0,1,1
LIB_AEXCNVYCEWQTBH,ChEMBL,CHEMBL1080465,CHEMBL1080465,https://www.ebi.ac.uk/chembl/compound_report_card/CHEMBL1080465/,NC(=O)c1ccc2c(n1)nc(NCc1ccccc1Cl)n2CC(O)COc1ccccc1,NC(=O)c1ccc2c(n1)nc(NCc1ccccc1Cl)n2CC(O)COc1ccccc1,NC(=O)c1ccc2c(n1)nc(NCc1ccccc1Cl)n2CC(O)COc1ccccc1,AEXCNVYCEWQTBH-UHFFFAOYSA-N,AEXCNVYCEWQTBH,eligible,451.914,3.236,115.29,3,6,9,32,4,0.3596,0,1,1
LIB_AEXFOTSQBUVBKJ,ChEMBL,CHEMBL1079480,CHEMBL1079480,https://www.ebi.ac.uk/chembl/compound_report_card/CHEMBL1079480/,Cc1cnc(-c2nnc(SCCCN3C[C@@H]4C[C@]4(c4ccc(C(F)(F)F)cc4)C3)n2C)cn1,Cc1cnc(-c2nnc(SCCCN3C[C@@H]4C[C@]4(c4ccc(C(F)(F)F)cc4)C3)n2C)cn1,Cc1cnc(-c2nnc(SCCCN3CC4CC4(c4ccc(C(F)(F)F)cc4)C3)n2C)cn1,AEXFOTSQBUVBKJ-PGRDOPGGSA-N,AEXFOTSQBUVBKJ,eligible,474.556,4.355,59.73,0,6,7,33,5,0.3748,0,1,1
LIB_AFAHHXXITHBNJC,ChEMBL,CHEMBL1076566,CHEMBL1076566,https://www.ebi.ac.uk/chembl/compound_report_card/CHEMBL1076566/,Oc1ccc(Nc2nc(-c3ccc(C(F)(F)F)cc3)cs2)cc1,Oc1ccc(Nc2nc(-c3ccc(C(F)(F)F)cc3)cs2)cc1,Oc1ccc(Nc2nc(-c3ccc(C(F)(F)F)cc3)cs2)cc1,AFAHHXXITHBNJC-UHFFFAOYSA-N,AFAHHXXITHBNJC,eligible,336.338,5.278,45.15,2,4,3,23,3,0.6398,0,1,1
LIB_AFCGFAGUEYAMAO,ChEMBL,CHEMBL1201293,CHEMBL1201293;CHEMBL2068724,https://www.ebi.ac.uk/chembl/compound_report_card/CHEMBL1201293/,CC(=O)NCCCS(=O)(=O)O,CC(=O)NCCCS(=O)(=O)O,CC(=O)NCCCS(=O)(=O)O,AFCGFAGUEYAMAO-UHFFFAOYSA-N,AFCGFAGUEYAMAO,eligible,181.213,-0.6,83.47,2,3,4,11,0,0.4478,0,2,1
LIB_AFECYHQHVIVPNI,ChEMBL,CHEMBL108289,CHEMBL108289,https://www.ebi.ac.uk/chembl/compound_report_card/CHEMBL108289/,COC(=O)c1ccc(CCc2nc3ccccc3n2Cc2ccc(Cl)cc2)cc1,COC(=O)c1ccc(CCc2nc3ccccc3n2Cc2ccc(Cl)cc2)cc1,COC(=O)c1ccc(CCc2nc3ccccc3n2Cc2ccc(Cl)cc2)cc1,AFECYHQHVIVPNI-UHFFFAOYSA-N,AFECYHQHVIVPNI,eligible,404.897,5.31,44.12,0,3,6,29,4,0.4089,0,1,1
LIB_AFGOIFQBIQFJEG,ChEMBL,CHEMBL1081194,CHEMBL1081194,https://www.ebi.ac.uk/chembl/compound_report_card/CHEMBL1081194/,O=C(NCc1cccc(F)c1)c1nc2ccc(-c3cn[nH]c3)cc2s1,O=C(NCc1cccc(F)c1)c1nc2ccc(-c3cn[nH]c3)cc2s1,O=C(NCc1cccc(F)c1)c1nc2ccc(-c3cn[nH]c3)cc2s1,AFGOIFQBIQFJEG-UHFFFAOYSA-N,AFGOIFQBIQFJEG,eligible,352.394,3.756,70.67,2,4,4,25,4,0.5875,0,1,1
LIB_AFHGEFHFGZVRHA,ChEMBL,CHEMBL1084585,CHEMBL1084585,https://www.ebi.ac.uk/chembl/compound_report_card/CHEMBL1084585/,CC(=O)Nc1cccc(-c2nc(NCCCO)c3ncn(C)c3n2)c1,CC(=O)Nc1cccc(-c2nc(NCCCO)c3ncn(C)c3n2)c1,CC(=O)Nc1cccc(-c2nc(NCCCO)c3ncn(C)c3n2)c1,AFHGEFHFGZVRHA-UHFFFAOYSA-N,AFHGEFHFGZVRHA,eligible,340.387,1.783,104.96,3,6,6,25,3,0.5909,0,1,1
LIB_AFHKMEIAAWURJS,ChEMBL,CHEMBL104954,CHEMBL104954,https://www.ebi.ac.uk/chembl/compound_report_card/CHEMBL104954/,CN(C(=O)c1cc(C(F)(F)F)cc(C(F)(F)F)c1)[C@@H](/C=C/C(=O)N[C@@H]1CCCCNC1=O)Cc1ccc(Cl)cc1,CN(C(=O)c1cc(C(F)(F)F)cc(C(F)(F)F)c1)[C@@H](CCC(=O)N=C1CCCCNC1=O)Cc1ccc(Cl)cc1,CN(C(=O)c1cc(C(F)(F)F)cc(C(F)(F)F)c1)C(CCC(=O)N=C1CCCCNC1=O)Cc1ccc(Cl)cc1,AFHKMEIAAWURJS-NRFANRHFSA-N,AFHKMEIAAWURJS,eligible,589.964,6.109,78.84,1,3,7,40,3,0.396,0,1,1
LIB_AFIVBHWCNCTPQG,ChEMBL,CHEMBL105864,CHEMBL105864,https://www.ebi.ac.uk/chembl/compound_report_card/CHEMBL105864/,COC(=O)[C@@H]1Cc2ccc(OC)c(c2)Oc2ccc(cc2)C[C@H](N(C)C(=O)OC(C)(C)C)C(=O)N1,COC(=O)C1Cc2ccc(OC)c(c2)Oc2ccc(cc2)CC(N(C)C(=O)OC(C)(C)C)C(=O)N1,COC(=O)C1Cc2ccc(OC)c(c2)Oc2ccc(cc2)CC(N(C)C(=O)OC(C)(C)C)C(=O)N1,AFIVBHWCNCTPQG-UHFFFAOYSA-N,AFIVBHWCNCTPQG,eligible,484.549,3.479,103.4,1,7,3,35,4,0.6655,0,1,1
LIB_AFJRYPJIKHMNGL,ChEMBL,CHEMBL1080588,CHEMBL1080588,https://www.ebi.ac.uk/chembl/compound_report_card/CHEMBL1080588/,FC(F)c1ncn2c1Cn1ncnc1-c1cc(Br)ccc1-2,FC(F)c1ncn2c1Cn1ncnc1-c1cc(Br)ccc1-2,FC(F)c1ncn2c1Cn1ncnc1-c1cc(Br)ccc1-2,AFJRYPJIKHMNGL-UHFFFAOYSA-N,AFJRYPJIKHMNGL,eligible,352.142,3.193,48.53,0,3,1,21,4,0.5287,0,1,1
LIB_AFJYATQFMYTYBJ,ChEMBL,CHEMBL104548,CHEMBL104548,https://www.ebi.ac.uk/chembl/compound_report_card/CHEMBL104548/,C[n+]1c2ccccc2c(Nc2ccc(S(C)(=O)=O)cc2)c2ccccc21,C[n+]1c2ccccc2c(Nc2ccc(S(C)(=O)=O)cc2)c2ccccc21,C[n+]1c2ccccc2c(Nc2ccc(S(C)(=O)=O)cc2)c2ccccc21,AFJYATQFMYTYBJ-UHFFFAOYSA-O,AFJYATQFMYTYBJ,eligible,363.462,3.965,50.05,1,3,3,26,4,0.4426,1,1,1
LIB_AFKJKIPHDVLHBC,ChEMBL,CHEMBL1077221,CHEMBL1077221,https://www.ebi.ac.uk/chembl/compound_report_card/CHEMBL1077221/,Oc1ccc(/C(Cc2ccc(F)cc2)=N\c2ccc(Cl)cc2)c(O)c1,Oc1ccc(C(Cc2ccc(F)cc2)=Nc2ccc(Cl)cc2)c(O)c1,Oc1ccc(C(Cc2ccc(F)cc2)=Nc2ccc(Cl)cc2)c(O)c1,AFKJKIPHDVLHBC-UHFFFAOYSA-N,AFKJKIPHDVLHBC,eligible,355.796,5.254,52.82,2,3,4,25,3,0.6275,0,1,1
LIB_AFLFKFHDSCQHOL,ChEMBL,CHEMBL3707395,CHEMBL3707395,https://www.ebi.ac.uk/chembl/compound_report_card/CHEMBL3707395/,CSc1ccc(C(=O)/C=C/c2cc(C)c(OC(C)(C)C(=O)O)c(C)c2)cc1,CSc1ccc(C(=O)/C=C/c2cc(C)c(OC(C)(C)C(=O)O)c(C)c2)cc1,CSc1ccc(C(=O)C=Cc2cc(C)c(OC(C)(C)C(=O)O)c(C)c2)cc1,AFLFKFHDSCQHOL-IZZDOVSWSA-N,AFLFKFHDSCQHOL,eligible,384.497,5.163,63.6,1,4,7,27,2,0.4056,0,1,1
LIB_AFLMZANIYHHSAR,ChEMBL,CHEMBL103643,CHEMBL103643,https://www.ebi.ac.uk/chembl/compound_report_card/CHEMBL103643/,COCCO/C(O)=C1\C(C)=NC(C)=C(C(=O)OC)C1C,COCCOC(=O)C1=C(C)N=C(C)C(C(=O)OC)C1C,COCCOC(=O)C1=C(C)N=C(C)C(C(=O)OC)C1C,AFLMZANIYHHSAR-UHFFFAOYSA-N,AFLMZANIYHHSAR,eligible,283.324,1.35,74.19,0,6,5,20,1,0.5622,0,1,1
LIB_AFLPJFUVXSSHKS,ChEMBL,CHEMBL104135,CHEMBL104135,https://www.ebi.ac.uk/chembl/compound_report_card/CHEMBL104135/,CCCN(CCC)CC1CCc2sccc2C1,CCCN(CCC)CC1CCc2sccc2C1,CCCN(CCC)CC1CCc2sccc2C1,AFLPJFUVXSSHKS-UHFFFAOYSA-N,AFLPJFUVXSSHKS,eligible,251.439,3.975,3.24,0,2,6,17,2,0.7391,0,1,1
LIB_AFLZADQGEPFDKF,ChEMBL,CHEMBL1084273,CHEMBL1084273,https://www.ebi.ac.uk/chembl/compound_report_card/CHEMBL1084273/,CC[n+]1ccc(-c2cc[n+](Cc3ccc(CBr)cc3)cc2)cc1.F[P-](F)(F)(F)(F)F.F[P-](F)(F)(F)(F)F,CC[n+]1ccc(-c2cc[n+](Cc3ccc(CBr)cc3)cc2)cc1,CC[n+]1ccc(-c2cc[n+](Cc3ccc(CBr)cc3)cc2)cc1,AFLZADQGEPFDKF-UHFFFAOYSA-N,AFLZADQGEPFDKF,eligible,369.306,3.892,7.76,0,0,5,23,3,0.4763,2,1,1
LIB_AFMXVBAHMGWYAZ,ChEMBL,CHEMBL1079113,CHEMBL1079113,https://www.ebi.ac.uk/chembl/compound_report_card/CHEMBL1079113/,Cc1ccc(-c2ccnc(Nc3cc(NC(=O)c4ccc(CN5CCN(C)CC5)cc4)ccc3C)n2)cn1,Cc1ccc(-c2ccnc(Nc3cc(NC(=O)c4ccc(CN5CCN(C)CC5)cc4)ccc3C)n2)cn1,Cc1ccc(-c2ccnc(Nc3cc(NC(=O)c4ccc(CN5CCN(C)CC5)cc4)ccc3C)n2)cn1,AFMXVBAHMGWYAZ-UHFFFAOYSA-N,AFMXVBAHMGWYAZ,eligible,507.642,4.899,86.28,2,7,7,38,5,0.368,0,1,1
LIB_AFNXATANNDIXLG,ChEMBL,CHEMBL1200348,CHEMBL1200348;CHEMBL1221,https://www.ebi.ac.uk/chembl/compound_report_card/CHEMBL1200348/,Clc1ccc(CSC(Cn2ccnc2)c2ccc(Cl)cc2Cl)cc1.O=[N+]([O-])O,Clc1ccc(CSC(Cn2ccnc2)c2ccc(Cl)cc2Cl)cc1,Clc1ccc(CSC(Cn2ccnc2)c2ccc(Cl)cc2Cl)cc1,AFNXATANNDIXLG-UHFFFAOYSA-N,AFNXATANNDIXLG,eligible,397.758,6.518,17.82,0,2,6,24,3,0.4711,0,2,1
LIB_AFOGUCKEGAZFKY,ChEMBL,CHEMBL101957,CHEMBL101957,https://www.ebi.ac.uk/chembl/compound_report_card/CHEMBL101957/,C#CC(c1cccnc1C)N1CCN(C(=O)CNC(c2ccccc2)c2ccccc2)CC1,C#CC(c1cccnc1C)N1CCN(C(=O)CNC(c2ccccc2)c2ccccc2)CC1,C#CC(c1cccnc1C)N1CCN(C(=O)CNC(c2ccccc2)c2ccccc2)CC1,AFOGUCKEGAZFKY-UHFFFAOYSA-N,AFOGUCKEGAZFKY,eligible,438.575,3.588,48.47,1,4,7,33,4,0.5731,0,1,1
LIB_AFOWLWUUXGWUGA,ChEMBL,CHEMBL1082391,CHEMBL1082391,https://www.ebi.ac.uk/chembl/compound_report_card/CHEMBL1082391/,COc1ccc(N2CCOCC2)c2oc(C(=O)Nc3ccncc3)cc12,COc1ccc(N2CCOCC2)c2oc(C(=O)Nc3ccncc3)cc12,COc1ccc(N2CCOCC2)c2oc(C(=O)Nc3ccncc3)cc12,AFOWLWUUXGWUGA-UHFFFAOYSA-N,AFOWLWUUXGWUGA,eligible,353.378,2.925,76.83,1,6,4,26,4,0.7771,0,1,1
LIB_AFPODXVEPNVDCE,ChEMBL,CHEMBL1086514,CHEMBL1086514,https://www.ebi.ac.uk/chembl/compound_report_card/CHEMBL1086514/,C[C@@H]1CCCN1CCc1ccc2nc(-c3ccc(-n4ccc(=O)cc4)cc3)ccc2c1,C[C@@H]1CCCN1CCc1ccc2nc(-c3ccc(-n4ccc(=O)cc4)cc3)ccc2c1,CC1CCCN1CCc1ccc2nc(-c3ccc(-n4ccc(=O)cc4)cc3)ccc2c1,AFPODXVEPNVDCE-HXUWFJFHSA-N,AFPODXVEPNVDCE,eligible,409.533,5.08,38.13,0,3,5,31,5,0.4614,0,1,1
LIB_AFQBXLFNKPLFPM,ChEMBL,CHEMBL101991,CHEMBL101991,https://www.ebi.ac.uk/chembl/compound_report_card/CHEMBL101991/,COC(c1ccc(F)cc1)C1CCN(CCCOc2ccc(F)cc2)CC1,COC(c1ccc(F)cc1)C1CCN(CCCOc2ccc(F)cc2)CC1,COC(c1ccc(F)cc1)C1CCN(CCCOc2ccc(F)cc2)CC1,AFQBXLFNKPLFPM-UHFFFAOYSA-N,AFQBXLFNKPLFPM,eligible,375.459,4.833,21.7,0,3,8,27,3,0.6168,0,1,1
LIB_AFTKXLGGILZMHW,ChEMBL,CHEMBL1080694,CHEMBL1080694,https://www.ebi.ac.uk/chembl/compound_report_card/CHEMBL1080694/,O=S(=O)(c1cccc(F)c1)c1cn(C2CCNC2)c2cc(Cl)ccc12,O=S(=O)(c1cccc(F)c1)c1cn(C2CCNC2)c2cc(Cl)ccc12,O=S(=O)(c1cccc(F)c1)c1cn(C2CCNC2)c2cc(Cl)ccc12,AFTKXLGGILZMHW-UHFFFAOYSA-N,AFTKXLGGILZMHW,eligible,378.856,3.801,51.1,1,3,3,25,4,0.7538,0,1,1
LIB_AFTWAHVWWPISSD,ChEMBL,CHEMBL1076717,CHEMBL1076717;CHEMBL1081442,https://www.ebi.ac.uk/chembl/compound_report_card/CHEMBL1076717/,C[C@@H](Cc1ccc2c(c1)OCO2)CN1C[C@@H]2CCCC[C@@H]2[C@H](C(=O)N2CCN(c3ccc(F)c(F)c3)CC2)C1,C[C@@H](Cc1ccc2c(c1)OCO2)CN1CC(C(=O)N2CCN(c3ccc(F)c(F)c3)CC2)[C@H]2CCCC[C@H]2C1,CC(Cc1ccc2c(c1)OCO2)CN1CC2CCCCC2C(C(=O)N2CCN(c3ccc(F)c(F)c3)CC2)C1,AFTWAHVWWPISSD-DGSNWPQNSA-N,AFTWAHVWWPISSD,eligible,539.667,4.959,45.25,0,5,6,39,6,0.5195,0,2,2
LIB_AFUVSAADCXPBTR,ChEMBL,CHEMBL105907,CHEMBL105907,https://www.ebi.ac.uk/chembl/compound_report_card/CHEMBL105907/,C[C@@H](Nc1ncnc2ccccc12)C1CCCCC1,C[C@@H](Nc1ncnc2ccccc12)C1CCCCC1,CC(Nc1ncnc2ccccc12)C1CCCCC1,AFUVSAADCXPBTR-GFCCVEGCSA-N,AFUVSAADCXPBTR,eligible,255.365,4.011,37.81,1,3,3,19,3,0.9001,0,1,1
LIB_AFUXQNIXEDBRMY,ChEMBL,CHEMBL1086325,CHEMBL1086325,https://www.ebi.ac.uk/chembl/compound_report_card/CHEMBL1086325/,COc1cccc(S(=O)(=O)c2ccc3c(c2)CCC[C@H]3CN)c1,COc1cccc(S(=O)(=O)c2ccc3c(c2)CCC[C@H]3CN)c1,COc1cccc(S(=O)(=O)c2ccc3c(c2)CCCC3CN)c1,AFUXQNIXEDBRMY-AWEZNQCLSA-N,AFUXQNIXEDBRMY,eligible,331.437,2.907,69.39,1,4,4,23,3,0.9351,0,1,1
LIB_AFWGTQNLSWWEGI,ChEMBL,CHEMBL1076164,CHEMBL1076164,https://www.ebi.ac.uk/chembl/compound_report_card/CHEMBL1076164/,CN1C(=O)/C(=C/c2ccc3c(c2)OCO3)N=C1NCC/N=C/c1ccc(Cl)cc1,CN1C(=O)C(=Cc2ccc3c(c2)OCO3)N=C1NCC/N=C/c1ccc(Cl)cc1,CN1C(=O)C(=Cc2ccc3c(c2)OCO3)N=C1NCCN=Cc1ccc(Cl)cc1,AFWGTQNLSWWEGI-GVHXKRKMSA-N,AFWGTQNLSWWEGI,eligible,410.861,2.946,75.52,1,6,5,29,4,0.4669,0,1,1
LIB_AFWKBSMFXWNGRE,ChEMBL,CHEMBL106509,CHEMBL106509,https://www.ebi.ac.uk/chembl/compound_report_card/CHEMBL106509/,COc1cc(/C=C/C(C)=O)ccc1O,COc1cc(C=CC(C)=O)ccc1O,COc1cc(C=CC(C)=O)ccc1O,AFWKBSMFXWNGRE-UHFFFAOYSA-N,AFWKBSMFXWNGRE,eligible,192.214,2.003,46.53,1,3,3,14,1,0.7449,0,1,1
LIB_AFWYNOWVYKOMGZ,ChEMBL,CHEMBL102303,CHEMBL102303,https://www.ebi.ac.uk/chembl/compound_report_card/CHEMBL102303/,Nc1nc(N)c2nc(Cc3ccccc3)[nH]c2n1,Nc1nc(N)c2[nH]c(Cc3ccccc3)nc2n1,Nc1nc(N)c2[nH]c(Cc3ccccc3)nc2n1,AFWYNOWVYKOMGZ-UHFFFAOYSA-N,AFWYNOWVYKOMGZ,eligible,240.27,1.108,106.5,3,5,2,18,3,0.6216,0,1,1
LIB_AFXAYKFMNPIDLT,ChEMBL,CHEMBL106826,CHEMBL106826,https://www.ebi.ac.uk/chembl/compound_report_card/CHEMBL106826/,CCCCn1nc(C2=NC(C(=O)NO)CO2)c2ccccc21,CCCCn1nc(C2=NC(C(O)=NO)CO2)c2ccccc21,CCCCn1nc(C2=NC(C(O)=NO)CO2)c2ccccc21,AFXAYKFMNPIDLT-UHFFFAOYSA-N,AFXAYKFMNPIDLT,eligible,302.334,2.328,92.23,2,5,5,22,3,0.3836,0,1,1
LIB_AFYBJXZRTAPZHV,ChEMBL,CHEMBL103260,CHEMBL103260,https://www.ebi.ac.uk/chembl/compound_report_card/CHEMBL103260/,CC(=O)SCCOP(=O)(OCCSC(C)=O)OCC1C=CC(n2cc(C)c(=O)[nH]c2=O)O1,CC(=O)SCCOP(=O)(OCCSC(C)=O)OCC1C=CC(n2cc(C)c(=O)[nH]c2=O)O1,CC(=O)SCCOP(=O)(OCCSC(C)=O)OCC1C=CC(n2cc(C)c(=O)[nH]c2=O)O1,AFYBJXZRTAPZHV-UHFFFAOYSA-N,AFYBJXZRTAPZHV,eligible,508.511,2.016,142.99,1,11,12,32,2,0.2515,0,1,1
LIB_AFYKDIKAZAWWLP,ChEMBL,CHEMBL102696,CHEMBL102696,https://www.ebi.ac.uk/chembl/compound_report_card/CHEMBL102696/,COc1ccccc1OCCCN1CCC(C(c2ccc(F)cc2)c2ccc(F)cc2)CC1,COc1ccccc1OCCCN1CCC(C(c2ccc(F)cc2)c2ccc(F)cc2)CC1,COc1ccccc1OCCCN1CCC(C(c2ccc(F)cc2)c2ccc(F)cc2)CC1,AFYKDIKAZAWWLP-UHFFFAOYSA-N,AFYKDIKAZAWWLP,eligible,451.557,6.286,21.7,0,3,9,33,4,0.3572,0,1,1
LIB_AFZFFLVORLEPPO,ChEMBL,CHEMBL454446,CHEMBL454446,https://www.ebi.ac.uk/chembl/compound_report_card/CHEMBL454446/,CO/N=C(\C(=O)N[C@@H]1C(=O)N2C(C(=O)OCOC(=O)C(C)(C)C)=C(/C=C\c3scnc3C)CS[C@H]12)c1csc(N)n1,CON=C(C(=O)NC1C(=O)N2C(C(=O)OCOC(=O)C(C)(C)C)=C(/C=C\c3scnc3C)CS[C@H]12)c1csc(N)n1,CON=C(C(=O)NC1C(=O)N2C(C(=O)OCOC(=O)C(C)(C)C)=C(C=Cc3scnc3C)CSC12)c1csc(N)n1,AFZFFLVORLEPPO-RDWHVLTKSA-N,AFZFFLVORLEPPO,eligible,620.735,2.298,175.4,2,14,9,41,4,0.1383,0,1,1
LIB_AFZSZVWTPJVSMZ,ChEMBL,CHEMBL10860,CHEMBL10860,https://www.ebi.ac.uk/chembl/compound_report_card/CHEMBL10860/,COc1ccc(C2(O)OC(=O)C(c3ccc4c(c3)OCO4)=C2Cc2nccc3ccccc23)cc1,COc1ccc(C2(O)OC(=O)C(c3ccc4c(c3)OCO4)=C2Cc2nccc3ccccc23)cc1,COc1ccc(C2(O)OC(=O)C(c3ccc4c(c3)OCO4)=C2Cc2nccc3ccccc23)cc1,AFZSZVWTPJVSMZ-UHFFFAOYSA-N,AFZSZVWTPJVSMZ,eligible,467.477,4.371,87.11,1,7,5,35,6,0.4363,0,1,1
LIB_AFZWQGQXULEOCF,ChEMBL,CHEMBL1078188,CHEMBL1078188,https://www.ebi.ac.uk/chembl/compound_report_card/CHEMBL1078188/,CC(C)NC(=O)N(C1CC1)[C@H]1CC[C@H]2[C@@H]3CC[C@H]4N(C)C(=O)CC[C@]4(C)[C@H]3CC[C@]12C,CC(C)NC(=O)N(C1CC1)[C@H]1CC[C@H]2[C@@H]3CC[C@H]4N(C)C(=O)CC[C@]4(C)[C@H]3CC[C@]12C,CC(C)NC(=O)N(C1CC1)C1CCC2C3CCC4N(C)C(=O)CCC4(C)C3CCC21C,AFZWQGQXULEOCF-LPMWSONSSA-N,AFZWQGQXULEOCF,eligible,429.649,4.801,52.65,1,2,3,31,5,0.7005,0,1,1
LIB_AGADFQNWGUDFRP,ChEMBL,CHEMBL103650,CHEMBL103650,https://www.ebi.ac.uk/chembl/compound_report_card/CHEMBL103650/,Oc1ccc2c(c1)CCN(c1ccccc1)C2c1ccc(F)cc1,Oc1ccc2c(c1)CCN(c1ccccc1)C2c1ccc(F)cc1,Oc1ccc2c(c1)CCN(c1ccccc1)C2c1ccc(F)cc1,AGADFQNWGUDFRP-UHFFFAOYSA-N,AGADFQNWGUDFRP,eligible,319.379,4.683,23.47,1,2,2,24,4,0.7409,0,1,1
LIB_AGBZRKHLYUXLNW,ChEMBL,CHEMBL1087121,CHEMBL1087121,https://www.ebi.ac.uk/chembl/compound_report_card/CHEMBL1087121/,CON=C1C2CC(C)CC1C(c1ccc(Cl)cc1)NC2c1ccc(Cl)cc1,CON=C1C2CC(C)CC1C(c1ccc(Cl)cc1)NC2c1ccc(Cl)cc1,CON=C1C2CC(C)CC1C(c1ccc(Cl)cc1)NC2c1ccc(Cl)cc1,AGBZRKHLYUXLNW-UHFFFAOYSA-N,AGBZRKHLYUXLNW,eligible,403.353,6.044,33.62,1,3,3,27,4,0.6339,0,1,1
LIB_AGDVFPLNDDIXBY,ChEMBL,CHEMBL1084616,CHEMBL1084616,https://www.ebi.ac.uk/chembl/compound_report_card/CHEMBL1084616/,C[C@@H]1CCCN1CCc1ccc2nc(-c3ccn4ncnc4n3)ccc2c1,C[C@@H]1CCCN1CCc1ccc2nc(-c3ccn4ncnc4n3)ccc2c1,CC1CCCN1CCc1ccc2nc(-c3ccn4ncnc4n3)ccc2c1,AGDVFPLNDDIXBY-OAHLLOKOSA-N,AGDVFPLNDDIXBY,eligible,358.449,3.366,59.21,0,5,4,27,5,0.5597,0,1,1
LIB_AGEAXLPBKHYYJE,ChEMBL,CHEMBL105243,CHEMBL105243,https://www.ebi.ac.uk/chembl/compound_report_card/CHEMBL105243/,[O-][n+]1ccc(CC(c2ccc(C(O)(C(F)(F)F)C(F)(F)F)cc2)c2ccc(OC(F)F)c(OC(F)F)c2)c(CO)c1,[O-][n+]1ccc(CC(c2ccc(C(O)(C(F)(F)F)C(F)(F)F)cc2)c2ccc(OC(F)F)c(OC(F)F)c2)c(CO)c1,[O-][n+]1ccc(CC(c2ccc(C(O)(C(F)(F)F)C(F)(F)F)cc2)c2ccc(OC(F)F)c(OC(F)F)c2)c(CO)c1,AGEAXLPBKHYYJE-UHFFFAOYSA-N,AGEAXLPBKHYYJE,eligible,603.409,5.702,85.86,2,5,10,41,3,0.1765,0,1,1
LIB_AGEZXYOZHKGVCM,ChEMBL,CHEMBL1085946,CHEMBL1085946,https://www.ebi.ac.uk/chembl/compound_report_card/CHEMBL1085946/,BrCc1ccccc1,BrCc1ccccc1,BrCc1ccccc1,AGEZXYOZHKGVCM-UHFFFAOYSA-N,AGEZXYOZHKGVCM,eligible,171.037,2.582,0.0,0,0,1,8,1,0.5693,0,1,1
LIB_AGHANLSBXUWXTB,ChEMBL,CHEMBL267744,CHEMBL267744,https://www.ebi.ac.uk/chembl/compound_report_card/CHEMBL267744/,O=C(O)COc1ccc(C(=O)c2cccs2)c(Cl)c1Cl,O=C(O)COc1ccc(C(=O)c2cccs2)c(Cl)c1Cl,O=C(O)COc1ccc(C(=O)c2cccs2)c(Cl)c1Cl,AGHANLSBXUWXTB-UHFFFAOYSA-N,AGHANLSBXUWXTB,eligible,331.176,3.749,63.6,1,4,5,20,2,0.8478,0,1,1
LIB_AGHKRGKRLNLFJD,ChEMBL,CHEMBL1077024,CHEMBL1077024,https://www.ebi.ac.uk/chembl/compound_report_card/CHEMBL1077024/,CCCCO[C@H]1Cc2c(O)cc(O)cc2O[C@@H]1c1ccc(O)c(O)c1,CCCCO[C@H]1Cc2c(O)cc(O)cc2O[C@@H]1c1ccc(O)c(O)c1,CCCCOC1Cc2c(O)cc(O)cc2OC1c1ccc(O)c(O)c1,AGHKRGKRLNLFJD-RBUKOAKNSA-N,AGHKRGKRLNLFJD,eligible,346.379,3.371,99.38,4,6,5,25,3,0.4893,0,1,1
LIB_AGHMFOBRJGGWOS,ChEMBL,CHEMBL1078260,CHEMBL1078260,https://www.ebi.ac.uk/chembl/compound_report_card/CHEMBL1078260/,Cc1cc(C)c(N(C)C(=O)SCC(=O)Nc2ccc(S(N)(=O)=O)cc2Cl)c(C)c1,Cc1cc(C)c(N(C)C(=O)SCC(=O)Nc2ccc(S(N)(=O)=O)cc2Cl)c(C)c1,Cc1cc(C)c(N(C)C(=O)SCC(=O)Nc2ccc(S(N)(=O)=O)cc2Cl)c(C)c1,AGHMFOBRJGGWOS-UHFFFAOYSA-N,AGHMFOBRJGGWOS,eligible,455.989,3.841,109.57,2,5,5,29,2,0.7112,0,1,1
LIB_AGKOAFGRVCVBFH,ChEMBL,CHEMBL103189,CHEMBL103189,https://www.ebi.ac.uk/chembl/compound_report_card/CHEMBL103189/,O=C1Nc2cccnc2N(C(=S)CC2CCCN3CCCC[C@@H]23)c2ccccc21,O=C1Nc2cccnc2N(C(=S)CC2CCCN3CCCC[C@@H]23)c2ccccc21,O=C1Nc2cccnc2N(C(=S)CC2CCCN3CCCCC23)c2ccccc21,AGKOAFGRVCVBFH-CVMIBEPCSA-N,AGKOAFGRVCVBFH,eligible,406.555,4.767,48.47,1,4,2,29,5,0.7284,0,1,1
LIB_AGKWHRMVKUZWSB,ChEMBL,CHEMBL107409,CHEMBL107409,https://www.ebi.ac.uk/chembl/compound_report_card/CHEMBL107409/,C#CCCCC=C(c1cc(Cl)c(OC)c(C(=O)OC)c1)c1cc(Cl)c(OC)c(C(=O)OC)c1,C#CCCCC=C(c1cc(Cl)c(OC)c(C(=O)OC)c1)c1cc(Cl)c(OC)c(C(=O)OC)c1,C#CCCCC=C(c1cc(Cl)c(OC)c(C(=O)OC)c1)c1cc(Cl)c(OC)c(C(=O)OC)c1,AGKWHRMVKUZWSB-UHFFFAOYSA-N,AGKWHRMVKUZWSB,eligible,491.367,5.819,71.06,0,6,9,33,2,0.2502,0,1,1
LIB_AGLYKFTUNLOGBT,ChEMBL,CHEMBL102441,CHEMBL102441,https://www.ebi.ac.uk/chembl/compound_report_card/CHEMBL102441/,COc1ccc(S(=O)(=O)N(CC(C)C)C(CCSCc2c(F)c(F)c(F)c(F)c2F)C(=O)NO)cc1,COc1ccc(S(=O)(=O)N(CC(C)C)C(CCSCc2c(F)c(F)c(F)c(F)c2F)C(O)=NO)cc1,COc1ccc(S(=O)(=O)N(CC(C)C)C(CCSCc2c(F)c(F)c(F)c(F)c2F)C(O)=NO)cc1,AGLYKFTUNLOGBT-UHFFFAOYSA-N,AGLYKFTUNLOGBT,eligible,556.575,5.075,99.43,2,6,12,36,2,0.0553,0,1,1
LIB_AGMMTXLNIQSRCG,ChEMBL,CHEMBL1532,CHEMBL1532,https://www.ebi.ac.uk/chembl/compound_report_card/CHEMBL1532/,CCC1NC(=O)c2cc(S(N)(=O)=O)c(Cl)cc2N1,CCC1NC(=O)c2cc(S(N)(=O)=O)c(Cl)cc2N1,CCC1NC(=O)c2cc(S(N)(=O)=O)c(Cl)cc2N1,AGMMTXLNIQSRCG-UHFFFAOYSA-N,AGMMTXLNIQSRCG,eligible,289.744,0.879,101.29,3,4,2,18,2,0.752,0,1,1
LIB_AGMNPVMHDNNHHQ,ChEMBL,CHEMBL1084697,CHEMBL1084697,https://www.ebi.ac.uk/chembl/compound_report_card/CHEMBL1084697/,O=C(O)c1ccccc1-c1ccc(CCc2ncc(CC3CC3)[nH]2)cc1,O=C(O)c1ccccc1-c1ccc(CCc2nc(CC3CC3)c[nH]2)cc1,O=C(O)c1ccccc1-c1ccc(CCc2nc(CC3CC3)c[nH]2)cc1,AGMNPVMHDNNHHQ-UHFFFAOYSA-N,AGMNPVMHDNNHHQ,eligible,346.43,4.513,65.98,2,2,7,26,4,0.6612,0,1,1
LIB_AGMOCPFJNJCUEI,ChEMBL,CHEMBL1086087,CHEMBL1086087,https://www.ebi.ac.uk/chembl/compound_report_card/CHEMBL1086087/,CC(C)(C)CC(=O)Nc1ccc2c(c1)CCc1cnc(Nc3ccc(S(N)(=O)=O)cc3)nc1-2,CC(C)(C)CC(=O)Nc1ccc2c(c1)CCc1cnc(Nc3ccc(S(N)(=O)=O)cc3)nc1-2,CC(C)(C)CC(=O)Nc1ccc2c(c1)CCc1cnc(Nc3ccc(S(N)(=O)=O)cc3)nc1-2,AGMOCPFJNJCUEI-UHFFFAOYSA-N,AGMOCPFJNJCUEI,eligible,465.579,4.008,127.07,3,6,5,33,4,0.5225,0,1,1
LIB_AGNQRCZHJFDENL,ChEMBL,CHEMBL105478,CHEMBL105478,https://www.ebi.ac.uk/chembl/compound_report_card/CHEMBL105478/,CCCN1CCC(c2c[nH]c3ccc(NC(=O)c4ccc(F)cc4)nc23)CC1,CCCN1CCC(c2c[nH]c3ccc(NC(=O)c4ccc(F)cc4)nc23)CC1,CCCN1CCC(c2c[nH]c3ccc(NC(=O)c4ccc(F)cc4)nc23)CC1,AGNQRCZHJFDENL-UHFFFAOYSA-N,AGNQRCZHJFDENL,eligible,380.467,4.544,61.02,2,3,5,28,4,0.6829,0,1,1
LIB_AGNYLCYZRJEYLT,ChEMBL,CHEMBL105500,CHEMBL105500,https://www.ebi.ac.uk/chembl/compound_report_card/CHEMBL105500/,CCOC(=O)C1=C(c2ccc(-c3ocnc3C)cc2)NC(C)=C(C(=O)Nc2ccccn2)C1c1ccccc1Cl,CCOC(=O)C1=C(c2ccc(-c3ocnc3C)cc2)N=C(C)C(C(=O)Nc2ccccn2)C1c1ccccc1Cl,CCOC(=O)C1=C(c2ccc(-c3ocnc3C)cc2)N=C(C)C(C(=O)Nc2ccccn2)C1c1ccccc1Cl,AGNYLCYZRJEYLT-UHFFFAOYSA-N,AGNYLCYZRJEYLT,eligible,555.034,6.486,106.68,1,7,7,40,5,0.2618,0,1,1
LIB_AGOJNUPIGRPSJZ,ChEMBL,CHEMBL104481,CHEMBL104481,https://www.ebi.ac.uk/chembl/compound_report_card/CHEMBL104481/,O=C(NC1CCCCC1)N1CCC(Nc2ccc(CCNC[C@H](O)COc3ccc(O)cc3)cc2)CC1,O=C(NC1CCCCC1)N1CCC(Nc2ccc(CCNC[C@H](O)COc3ccc(O)cc3)cc2)CC1,O=C(NC1CCCCC1)N1CCC(Nc2ccc(CCNCC(O)COc3ccc(O)cc3)cc2)CC1,AGOJNUPIGRPSJZ-MHZLTWQESA-N,AGOJNUPIGRPSJZ,eligible,510.679,3.883,106.09,5,6,11,37,4,0.2939,0,1,1
LIB_AGPFTBRVGPRNQR,ChEMBL,CHEMBL104491,CHEMBL104491,https://www.ebi.ac.uk/chembl/compound_report_card/CHEMBL104491/,CCn1c(=O)c2nc(C34CC5CC(CC3C5)C4)[nH]c2n(CC)c1=O,CCn1c(=O)c2[nH]c(C34CC5CC(CC3C5)C4)nc2n(CC)c1=O,CCn1c(=O)c2[nH]c(C34CC5CC(CC3C5)C4)nc2n(CC)c1=O,AGPFTBRVGPRNQR-UHFFFAOYSA-N,AGPFTBRVGPRNQR,eligible,328.416,2.004,72.68,1,3,3,24,6,0.9365,0,1,1
LIB_AGQQNOVBAXTRNP,ChEMBL,CHEMBL1086351,CHEMBL1086351,https://www.ebi.ac.uk/chembl/compound_report_card/CHEMBL1086351/,CC1CSC2=C(CN(c3cc4c(cc3N)c(=O)c(C(=O)O)cn4C3CC3)CC2)C1=O,CC1CSC2=C(CN(c3cc4c(cc3N)c(=O)c(C(=O)O)cn4C3CC3)CC2)C1=O,CC1CSC2=C(CN(c3cc4c(cc3N)c(=O)c(C(=O)O)cn4C3CC3)CC2)C1=O,AGQQNOVBAXTRNP-UHFFFAOYSA-N,AGQQNOVBAXTRNP,eligible,425.51,3.033,105.63,2,6,3,30,5,0.7283,0,1,1
LIB_AGQUDCRTNWWCQM,ChEMBL,CHEMBL1085614,CHEMBL1085614,https://www.ebi.ac.uk/chembl/compound_report_card/CHEMBL1085614/,COc1ccccc1-n1nncc1CCC(=O)c1ccccc1,COc1ccccc1-n1nncc1CCC(=O)c1ccccc1,COc1ccccc1-n1nncc1CCC(=O)c1ccccc1,AGQUDCRTNWWCQM-UHFFFAOYSA-N,AGQUDCRTNWWCQM,eligible,307.353,3.091,57.01,0,4,6,23,3,0.6567,0,1,1
LIB_AGRCNVHPMXKQRD,ChEMBL,CHEMBL108689,CHEMBL108689,https://www.ebi.ac.uk/chembl/compound_report_card/CHEMBL108689/,CCc1sc(NS(=O)(=O)/C=C/c2ccc([N+](=O)[O-])cc2)nc1-c1ccccc1,CCc1sc(NS(=O)(=O)/C=C/c2ccc([N+](=O)[O-])cc2)nc1-c1ccccc1,CCc1sc(NS(=O)(=O)C=Cc2ccc([N+](=O)[O-])cc2)nc1-c1ccccc1,AGRCNVHPMXKQRD-OUKQBFOZSA-N,AGRCNVHPMXKQRD,eligible,415.496,4.693,102.2,1,6,7,28,3,0.4453,0,1,1
LIB_AGSDLYBCGSIBPP,ChEMBL,CHEMBL1081406,CHEMBL1081406,https://www.ebi.ac.uk/chembl/compound_report_card/CHEMBL1081406/,O=C(/C=C/c1ccc(F)cc1)N[C@@H](CO)C(=O)N[C@@H](Cc1ccccc1)C(=O)N[C@@H](CO)C(=O)O,O=C(CCc1ccc(F)cc1)N=C(CO)C(=O)NC(Cc1ccccc1)C(=O)NC(CO)C(=O)O,O=C(CCc1ccc(F)cc1)N=C(CO)C(=O)NC(Cc1ccccc1)C(=O)NC(CO)C(=O)O,AGSDLYBCGSIBPP-UHFFFAOYSA-N,AGSDLYBCGSIBPP,eligible,487.484,0.007,165.39,5,6,12,35,2,0.2631,0,1,1
LIB_AGSIRJFXAANBMW,ChEMBL,CHEMBL2106794,CHEMBL2106794,https://www.ebi.ac.uk/chembl/compound_report_card/CHEMBL2106794/,NC(=O)N/N=C1\C=Cc2ccccc2C1=O,NC(=O)N=Nc1ccc2ccccc2c1O,NC(=O)N=Nc1ccc2ccccc2c1O,AGSIRJFXAANBMW-UHFFFAOYSA-N,AGSIRJFXAANBMW,eligible,215.212,2.708,88.04,2,3,1,16,2,0.716,0,1,1
LIB_AGTHIPJXKUQMFD,ChEMBL,CHEMBL103644,CHEMBL103644,https://www.ebi.ac.uk/chembl/compound_report_card/CHEMBL103644/,CCOC(=O)C(=O)Nc1nc2ncn(C)c(=S)n2n1,CCOC(=O)C(=O)Nc1nc2ncn(C)c(=S)n2n1,CCOC(=O)C(=O)Nc1nc2ncn(C)c(=S)n2n1,AGTHIPJXKUQMFD-UHFFFAOYSA-N,AGTHIPJXKUQMFD,eligible,282.285,-0.306,103.41,1,7,2,19,2,0.4577,0,1,1
LIB_AGTUUZMFMGDKFY,ChEMBL,CHEMBL1083747,CHEMBL1083747,https://www.ebi.ac.uk/chembl/compound_report_card/CHEMBL1083747/,O=C(Nc1cc2cc[nH]c(=O)c2cc1Cl)C1CNCC1c1cccc(Br)c1,O=C(Nc1cc2cc[nH]c(=O)c2cc1Cl)C1CNCC1c1cccc(Br)c1,O=C(Nc1cc2cc[nH]c(=O)c2cc1Cl)C1CNCC1c1cccc(Br)c1,AGTUUZMFMGDKFY-UHFFFAOYSA-N,AGTUUZMFMGDKFY,eligible,446.732,3.886,73.99,3,3,3,27,4,0.5714,0,1,1
LIB_AGULYBLZVBCKNH,ChEMBL,CHEMBL1084045,CHEMBL1084045,https://www.ebi.ac.uk/chembl/compound_report_card/CHEMBL1084045/,O=C(CCc1cnnn1-c1ccccc1)c1cccc(Cl)c1,O=C(CCc1cnnn1-c1ccccc1)c1cccc(Cl)c1,O=C(CCc1cnnn1-c1ccccc1)c1cccc(Cl)c1,AGULYBLZVBCKNH-UHFFFAOYSA-N,AGULYBLZVBCKNH,eligible,311.772,3.736,47.78,0,3,5,22,3,0.6744,0,1,1
LIB_AGUNHRMMKYCFLG,ChEMBL,CHEMBL103959,CHEMBL103959,https://www.ebi.ac.uk/chembl/compound_report_card/CHEMBL103959/,CCc1ccc(SC(=O)OCC[N+](C)(C)C)cc1.[Cl-],CCc1ccc(SC(=O)OCC[N+](C)(C)C)cc1,CCc1ccc(SC(=O)OCC[N+](C)(C)C)cc1,AGUNHRMMKYCFLG-UHFFFAOYSA-N,AGUNHRMMKYCFLG,eligible,268.402,3.184,26.3,0,3,5,18,1,0.4659,1,1,1
LIB_AGUXGNJNKDLAHB,ChEMBL,CHEMBL1078533,CHEMBL1078533,https://www.ebi.ac.uk/chembl/compound_report_card/CHEMBL1078533/,CCCCCCNC(=O)Nc1ccc(S(=O)(=O)Nc2ccc(CN)cc2)cc1,CCCCCCNC(=O)Nc1ccc(S(=O)(=O)Nc2ccc(CN)cc2)cc1,CCCCCCNC(=O)Nc1ccc(S(=O)(=O)Nc2ccc(CN)cc2)cc1,AGUXGNJNKDLAHB-UHFFFAOYSA-N,AGUXGNJNKDLAHB,eligible,404.536,3.648,113.32,4,4,10,28,2,0.4527,0,1,1
LIB_AGVRSARENXIYBU,ChEMBL,CHEMBL1085467,CHEMBL1085467,https://www.ebi.ac.uk/chembl/compound_report_card/CHEMBL1085467/,CCC(C)C(=O)Nc1ccc(S(N)(=O)=O)cc1,CCC(C)C(=O)Nc1ccc(S(N)(=O)=O)cc1,CCC(C)C(=O)Nc1ccc(S(N)(=O)=O)cc1,AGVRSARENXIYBU-UHFFFAOYSA-N,AGVRSARENXIYBU,eligible,256.327,1.319,89.26,2,3,4,17,1,0.8509,0,1,1
LIB_AHAAUELAGORQAF,ChEMBL,CHEMBL1080536,CHEMBL1080536,https://www.ebi.ac.uk/chembl/compound_report_card/CHEMBL1080536/,CC1=CC(=O)[C@@H](O)[C@]2(C)[C@H]3[C@]4(O)OC[C@@]35[C@@H](C[C@@H]12)OC(=O)[C@H](O)[C@]5(O)[C@@H](C)[C@H]4O,CC1CC(=O)C(=O)[C@@]2(C)C1C[C@H]1OC(=O)C(O)[C@]3(O)[C@@H](C)[C@@H](O)[C@@]4(O)OC[C@]13[C@H]42,CC1CC(=O)C(=O)C2(C)C1CC1OC(=O)C(O)C3(O)C(C)C(O)C4(O)OCC13C42,AHAAUELAGORQAF-MHIQEBSBSA-N,AHAAUELAGORQAF,eligible,410.419,-1.46,150.59,4,9,0,29,5,0.2774,0,1,1
LIB_AHAQASQWEHMCHG,ChEMBL,CHEMBL100980,CHEMBL100980,https://www.ebi.ac.uk/chembl/compound_report_card/CHEMBL100980/,CCN1c2ncc(CSc3ccncc3)cc2C(=O)N(C)c2ccc(Cl)nc21,CCN1c2ncc(CSc3ccncc3)cc2C(=O)N(C)c2ccc(Cl)nc21,CCN1c2ncc(CSc3ccncc3)cc2C(=O)N(C)c2ccc(Cl)nc21,AHAQASQWEHMCHG-UHFFFAOYSA-N,AHAQASQWEHMCHG,eligible,411.918,4.565,62.22,0,6,4,28,4,0.4627,0,1,1
LIB_AHCOXERXKVTVOT,ChEMBL,CHEMBL1079309,CHEMBL1079309,https://www.ebi.ac.uk/chembl/compound_report_card/CHEMBL1079309/,Cc1cc(OCc2ccc(F)cc2F)c(Br)c(=O)n1Cc1cccc(CN)c1,Cc1cc(OCc2ccc(F)cc2F)c(Br)c(=O)n1Cc1cccc(CN)c1,Cc1cc(OCc2ccc(F)cc2F)c(Br)c(=O)n1Cc1cccc(CN)c1,AHCOXERXKVTVOT-UHFFFAOYSA-N,AHCOXERXKVTVOT,eligible,449.295,4.283,57.25,1,3,6,28,3,0.6114,0,1,1
LIB_AHFJGTXTMYINQC,ChEMBL,CHEMBL1078673,CHEMBL1078673,https://www.ebi.ac.uk/chembl/compound_report_card/CHEMBL1078673/,CSCC[C@H](NC(=O)CS)C(=O)N[C@@H](CCCNC(=N)N)C(N)=O,CSCCC(NC(=O)CS)C(=O)NC(CCCN=C(N)N)C(N)=O,CSCCC(NC(=O)CS)C(=O)NC(CCCN=C(N)N)C(N)=O,AHFJGTXTMYINQC-UHFFFAOYSA-N,AHFJGTXTMYINQC,eligible,378.524,-1.822,165.69,6,6,12,24,0,0.1012,0,1,1
LIB_AHFWIQIYAXSLBA,ChEMBL,CHEMBL2018096,CHEMBL2018096,https://www.ebi.ac.uk/chembl/compound_report_card/CHEMBL2018096/,OC[C@H]1O[C@@H](c2ccc(F)c(Cc3cc4ccccc4s3)c2)[C@H](O)[C@@H](O)[C@@H]1O,OC[C@H]1O[C@@H](c2ccc(F)c(Cc3cc4ccccc4s3)c2)[C@H](O)[C@@H](O)[C@@H]1O,OCC1OC(c2ccc(F)c(Cc3cc4ccccc4s3)c2)C(O)C(O)C1O,AHFWIQIYAXSLBA-RQXATKFSSA-N,AHFWIQIYAXSLBA,eligible,404.459,2.146,90.15,4,6,4,28,4,0.5351,0,1,1
LIB_AHHFGEKSWVBFGA,ChEMBL,CHEMBL1081243,CHEMBL1081243,https://www.ebi.ac.uk/chembl/compound_report_card/CHEMBL1081243/,CN1C(=O)/C(=C/c2ccc3c(c2)OCO3)N=C1NCCN.Cl,CN1C(=O)C(=Cc2ccc3c(c2)OCO3)N=C1NCCN,CN1C(=O)C(=Cc2ccc3c(c2)OCO3)N=C1NCCN,AHHFGEKSWVBFGA-UHFFFAOYSA-N,AHHFGEKSWVBFGA,eligible,288.307,0.132,89.18,2,6,3,21,3,0.7719,0,1,1
LIB_AHJJCDWRBWUNDK,ChEMBL,CHEMBL108344,CHEMBL108344,https://www.ebi.ac.uk/chembl/compound_report_card/CHEMBL108344/,CN(C(=O)Cc1ccc(Cl)c(Cl)c1)[C@H](CN1CC=CC1)c1ccccc1,CN(C(=O)Cc1ccc(Cl)c(Cl)c1)[C@H](CN1CC=CC1)c1ccccc1,CN(C(=O)Cc1ccc(Cl)c(Cl)c1)C(CN1CC=CC1)c1ccccc1,AHJJCDWRBWUNDK-HXUWFJFHSA-N,AHJJCDWRBWUNDK,eligible,389.326,4.607,23.55,0,2,6,26,3,0.6742,0,1,1
LIB_AHJKICYXRRBUAQ,ChEMBL,CHEMBL1082752,CHEMBL1082752,https://www.ebi.ac.uk/chembl/compound_report_card/CHEMBL1082752/,BrCC[n+]1ccc(-c2cc[n+](CCBr)cc2)cc1.F[P-](F)(F)(F)(F)F.F[P-](F)(F)(F)(F)F,BrCC[n+]1ccc(-c2cc[n+](CCBr)cc2)cc1,BrCC[n+]1ccc(-c2cc[n+](CCBr)cc2)cc1,AHJKICYXRRBUAQ-UHFFFAOYSA-N,AHJKICYXRRBUAQ,eligible,372.104,2.718,7.76,0,0,5,18,2,0.5636,2,1,1
LIB_AHJRHEGDXFFMBM,ChEMBL,CHEMBL189963,CHEMBL189963,https://www.ebi.ac.uk/chembl/compound_report_card/CHEMBL189963/,CC(=O)c1c(C)c2cnc(Nc3ccc(N4CCNCC4)cn3)nc2n(C2CCCC2)c1=O,CC(=O)c1c(C)c2cnc(Nc3ccc(N4CCNCC4)cn3)nc2n(C2CCCC2)c1=O,CC(=O)c1c(C)c2cnc(Nc3ccc(N4CCNCC4)cn3)nc2n(C2CCCC2)c1=O,AHJRHEGDXFFMBM-UHFFFAOYSA-N,AHJRHEGDXFFMBM,eligible,447.543,2.966,105.04,2,8,5,33,5,0.5754,0,1,1
LIB_AHKJINZMZVYNAU,ChEMBL,CHEMBL1080523,CHEMBL1080523,https://www.ebi.ac.uk/chembl/compound_report_card/CHEMBL1080523/,C=C(C)[C@H]1CC(=O)C(C)=C2[C@@H](C(=O)OCC)O[C@@H](c3cccc(Cl)c3Cl)[C@@H]21,C=C(C)[C@H]1CC(=O)C(C)=C2C(C(=O)OCC)O[C@@H](c3cccc(Cl)c3Cl)C21,C=C(C)C1CC(=O)C(C)=C2C(C(=O)OCC)OC(c3cccc(Cl)c3Cl)C21,AHKJINZMZVYNAU-HZZCFWTKSA-N,AHKJINZMZVYNAU,eligible,409.309,5.094,52.6,0,4,4,27,3,0.5134,0,1,1
LIB_AHKUREVOSVZKAB,ChEMBL,CHEMBL1082310,CHEMBL1082310,https://www.ebi.ac.uk/chembl/compound_report_card/CHEMBL1082310/,Cc1ccc([C@H]2Nc3ccc(C(=O)O)cc3[C@@H]3C=CC[C@H]23)c(C)c1,Cc1ccc([C@H]2Nc3ccc(C(=O)O)cc3[C@@H]3C=CC[C@H]23)c(C)c1,Cc1ccc(C2Nc3ccc(C(=O)O)cc3C3C=CCC32)c(C)c1,AHKUREVOSVZKAB-FUHIMQAGSA-N,AHKUREVOSVZKAB,eligible,319.404,4.828,49.33,2,2,2,24,4,0.7796,0,1,1
LIB_AHLAVTICAUSHAX,ChEMBL,CHEMBL103111,CHEMBL103111,https://www.ebi.ac.uk/chembl/compound_report_card/CHEMBL103111/,Cc1ncc(CO)c(/C=N/NC(=O)c2ccncc2)c1O,C=c1[nH]cc(CO)c(=CNNC(=O)c2ccncc2)c1=O,C=c1[nH]cc(CO)c(=CNNC(=O)c2ccncc2)c1=O,AHLAVTICAUSHAX-UHFFFAOYSA-N,AHLAVTICAUSHAX,eligible,286.291,-1.655,107.11,4,5,4,21,2,0.5036,0,1,1
LIB_AHLCUADEUTYVKB,ChEMBL,CHEMBL1081988,CHEMBL1081988,https://www.ebi.ac.uk/chembl/compound_report_card/CHEMBL1081988/,NC(=O)c1ccc2c(c1)nc(NCc1ccccc1Cl)n2C[C@H]1CCCCC[C@H]1O,NC(=O)c1ccc2c(c1)nc(NCc1ccccc1Cl)n2C[C@H]1CCCCC[C@H]1O,NC(=O)c1ccc2c(c1)nc(NCc1ccccc1Cl)n2CC1CCCCCC1O,AHLCUADEUTYVKB-DYESRHJHSA-N,AHLCUADEUTYVKB,eligible,426.948,4.342,93.17,3,4,6,30,4,0.5108,0,1,1
LIB_AHMFXDVNFSUGOJ,ChEMBL,CHEMBL1085258,CHEMBL1085258,https://www.ebi.ac.uk/chembl/compound_report_card/CHEMBL1085258/,COc1ccc(S(=O)(=O)N(Cc2ccccc2)Cc2ccc(C(=O)NCc3ccccc3)cc2)cc1,COc1ccc(S(=O)(=O)N(Cc2ccccc2)Cc2ccc(C(=O)NCc3ccccc3)cc2)cc1,COc1ccc(S(=O)(=O)N(Cc2ccccc2)Cc2ccc(C(=O)NCc3ccccc3)cc2)cc1,AHMFXDVNFSUGOJ-UHFFFAOYSA-N,AHMFXDVNFSUGOJ,eligible,500.62,5.016,75.71,1,4,10,36,4,0.3319,0,1,1
LIB_AHMUWPVLRBAHNY,ChEMBL,CHEMBL1078980,CHEMBL1078980,https://www.ebi.ac.uk/chembl/compound_report_card/CHEMBL1078980/,Cc1cc(-c2nc(-c3ccncc3)n[nH]2)ccn1,Cc1cc(-c2n[nH]c(-c3ccncc3)n2)ccn1,Cc1cc(-c2n[nH]c(-c3ccncc3)n2)ccn1,AHMUWPVLRBAHNY-UHFFFAOYSA-N,AHMUWPVLRBAHNY,eligible,237.266,2.237,67.35,1,4,2,18,3,0.7418,0,1,1
LIB_AHNXYKDXKMLDCR,ChEMBL,CHEMBL1082015,CHEMBL1082015,https://www.ebi.ac.uk/chembl/compound_report_card/CHEMBL1082015/,O=C(Nc1ccc(-c2ccc(Cl)c(Cl)c2)nc1)C1=C(O)c2ccccc2S(=O)(=O)N1,O=C(Nc1ccc(-c2ccc(Cl)c(Cl)c2)nc1)C1NS(=O)(=O)c2ccccc2C1=O,O=C(Nc1ccc(-c2ccc(Cl)c(Cl)c2)nc1)C1NS(=O)(=O)c2ccccc2C1=O,AHNXYKDXKMLDCR-UHFFFAOYSA-N,AHNXYKDXKMLDCR,eligible,462.314,3.537,105.23,2,5,3,30,4,0.5798,0,1,1
LIB_AHOSTJOZMPTPLO,ChEMBL,CHEMBL107637,CHEMBL107637,https://www.ebi.ac.uk/chembl/compound_report_card/CHEMBL107637/,Cc1ccccc1-n1cc2c(n1)c(N)nc1ccccc12,Cc1ccccc1-n1cc2c(n1)c(N)nc1ccccc12,Cc1ccccc1-n1cc2c(n1)c(N)nc1ccccc12,AHOSTJOZMPTPLO-UHFFFAOYSA-N,AHOSTJOZMPTPLO,eligible,274.327,3.464,56.73,1,3,1,21,4,0.578,0,1,1
LIB_AHOUBRCZNHFOSL,ChEMBL,CHEMBL1200609,CHEMBL104677;CHEMBL1200609;CHEMBL490;CHEMBL6067650,https://www.ebi.ac.uk/chembl/compound_report_card/CHEMBL1200609/,CS(=O)(=O)O.Fc1ccc([C@@H]2CCNC[C@H]2COc2ccc3c(c2)OCO3)cc1,Fc1ccc([C@@H]2CCNC[C@H]2COc2ccc3c(c2)OCO3)cc1,Fc1ccc(C2CCNCC2COc2ccc3c(c2)OCO3)cc1,AHOUBRCZNHFOSL-YOEHRIQHSA-N,AHOUBRCZNHFOSL,eligible,329.371,3.327,39.72,1,4,4,24,4,0.9339,0,4,2
LIB_AHPJUSSESRHGJN,ChEMBL,CHEMBL108552,CHEMBL108552,https://www.ebi.ac.uk/chembl/compound_report_card/CHEMBL108552/,CCCn1c(=O)c2nc(C3CCCCC3)[nH]c2n(CCCCC(=O)c2ccc(S(=O)(=O)F)cc2)c1=O,CCCn1c(=O)c2[nH]c(C3CCCCC3)nc2n(CCCCC(=O)c2ccc(S(=O)(=O)F)cc2)c1=O,CCCn1c(=O)c2[nH]c(C3CCCCC3)nc2n(CCCCC(=O)c2ccc(S(=O)(=O)F)cc2)c1=O,AHPJUSSESRHGJN-UHFFFAOYSA-N,AHPJUSSESRHGJN,eligible,518.611,4.055,123.89,1,6,10,36,4,0.2453,0,1,1
LIB_AHPOCUVTEUTPAN,ChEMBL,CHEMBL100808,CHEMBL100808,https://www.ebi.ac.uk/chembl/compound_report_card/CHEMBL100808/,O=C(NC(=S)N(CCO)CCO)c1ccccc1,O=C(NC(=S)N(CCO)CCO)c1ccccc1,O=C(NC(=S)N(CCO)CCO)c1ccccc1,AHPOCUVTEUTPAN-UHFFFAOYSA-N,AHPOCUVTEUTPAN,eligible,268.338,-0.012,72.8,3,4,5,18,1,0.655,0,1,1
LIB_AHPOODNBWXPMQB,ChEMBL,CHEMBL1080981,CHEMBL1080981,https://www.ebi.ac.uk/chembl/compound_report_card/CHEMBL1080981/,FC(F)(F)c1cccc(Nc2nc3ccc(CCNc4ncnc5ccsc45)cc3[nH]2)c1,FC(F)(F)c1cccc(Nc2nc3cc(CCNc4ncnc5ccsc45)ccc3[nH]2)c1,FC(F)(F)c1cccc(Nc2nc3cc(CCNc4ncnc5ccsc45)ccc3[nH]2)c1,AHPOODNBWXPMQB-UHFFFAOYSA-N,AHPOODNBWXPMQB,eligible,454.481,5.985,78.52,3,6,6,32,5,0.294,0,1,1
LIB_AHQVZQVSHSOLDM,ChEMBL,CHEMBL1080438,CHEMBL1080438,https://www.ebi.ac.uk/chembl/compound_report_card/CHEMBL1080438/,O=C(Nc1ccc(F)c(-c2ccnc3c(-c4cn[nH]c4)cnn23)c1)c1cccc(C(F)(F)F)c1,O=C(Nc1ccc(F)c(-c2ccnc3c(-c4cn[nH]c4)cnn23)c1)c1cccc(C(F)(F)F)c1,O=C(Nc1ccc(F)c(-c2ccnc3c(-c4cn[nH]c4)cnn23)c1)c1cccc(C(F)(F)F)c1,AHQVZQVSHSOLDM-UHFFFAOYSA-N,AHQVZQVSHSOLDM,eligible,466.398,5.197,87.97,2,4,4,34,5,0.3568,0,1,1
LIB_AHUAPKLHAYLLNE,ChEMBL,CHEMBL100718,CHEMBL100718,https://www.ebi.ac.uk/chembl/compound_report_card/CHEMBL100718/,CN(CCOCCNC(=S)NC(=O)C1=CC2C(=O)c3ccccc3C(=O)C2C=C1)Cc1ccccc1,CN(CCOCCNC(=S)NC(=O)c1ccc2c(O)c3ccccc3c(O)c2c1)Cc1ccccc1,CN(CCOCCNC(=S)NC(=O)c1ccc2c(O)c3ccccc3c(O)c2c1)Cc1ccccc1,AHUAPKLHAYLLNE-UHFFFAOYSA-N,AHUAPKLHAYLLNE,eligible,503.624,4.157,94.06,4,6,9,36,4,0.118,0,1,1
LIB_AHUJWMNUJZYLEX,ChEMBL,CHEMBL1079410,CHEMBL1079410,https://www.ebi.ac.uk/chembl/compound_report_card/CHEMBL1079410/,C[C@H](NC(=O)OCc1ccccc1)C(=O)N1CCC[C@H]1C#N,CC(NC(=O)OCc1ccccc1)C(=O)N1CCC[C@H]1C#N,CC(NC(=O)OCc1ccccc1)C(=O)N1CCCC1C#N,AHUJWMNUJZYLEX-PYMCNQPYSA-N,AHUJWMNUJZYLEX,eligible,301.346,1.816,82.43,1,4,4,22,2,0.9192,0,1,1
LIB_AHUKRUJXYQDJKJ,ChEMBL,CHEMBL106008,CHEMBL106008,https://www.ebi.ac.uk/chembl/compound_report_card/CHEMBL106008/,COC(=O)Nc1cc(N)c2c(c1)NCC(c1ccccc1)=N2,COC(=O)Nc1cc(N)c2c(c1)N=CC(c1ccccc1)N2,COC(=O)Nc1cc(N)c2c(c1)N=CC(c1ccccc1)N2,AHUKRUJXYQDJKJ-UHFFFAOYSA-N,AHUKRUJXYQDJKJ,eligible,296.33,3.316,88.74,3,5,2,22,3,0.7417,0,1,1
LIB_AHULKOSUWKLHJH,ChEMBL,CHEMBL1077909,CHEMBL1077909,https://www.ebi.ac.uk/chembl/compound_report_card/CHEMBL1077909/,CC(=N\NC(=O)c1oc2ccccc2c1C)/C(Cl)=N/Nc1ccc(C)cc1,CC(=NNC(=O)c1oc2ccccc2c1C)C(Cl)=NNc1ccc(C)cc1,CC(=NNC(=O)c1oc2ccccc2c1C)C(Cl)=NNc1ccc(C)cc1,AHULKOSUWKLHJH-UHFFFAOYSA-N,AHULKOSUWKLHJH,eligible,382.851,4.82,78.99,2,5,5,27,3,0.4901,0,1,1
LIB_AHVDPZLQANCRDN,ChEMBL,CHEMBL104295,CHEMBL104295,https://www.ebi.ac.uk/chembl/compound_report_card/CHEMBL104295/,CC(C)c1ccc(-c2cccc(F)c2)n1CC[C@@H]1C[C@@H](O)CC(=O)O1,CC(C)c1ccc(-c2cccc(F)c2)n1CC[C@@H]1C[C@@H](O)CC(=O)O1,CC(C)c1ccc(-c2cccc(F)c2)n1CCC1CC(O)CC(=O)O1,AHVDPZLQANCRDN-IAGOWNOFSA-N,AHVDPZLQANCRDN,eligible,345.414,3.874,51.46,1,3,5,25,3,0.837,0,1,1
LIB_AHXGZLJBINZPQZ,ChEMBL,CHEMBL1077579,CHEMBL1077579;CHEMBL1078279,https://www.ebi.ac.uk/chembl/compound_report_card/CHEMBL1077579/,C[C@H]1[C@H](c2ccccc2)[C@]1(NS(=O)(=O)c1ccc(-c2ccc(Cl)cc2)s1)C(=O)O,C[C@H]1[C@H](c2ccccc2)[C@]1(NS(=O)(=O)c1ccc(-c2ccc(Cl)cc2)s1)C(=O)O,CC1C(c2ccccc2)C1(NS(=O)(=O)c1ccc(-c2ccc(Cl)cc2)s1)C(=O)O,AHXGZLJBINZPQZ-NQZBTDCJSA-N,AHXGZLJBINZPQZ,eligible,447.965,4.604,83.47,2,4,6,29,4,0.5778,0,2,2
LIB_AHYMHWXQRWRBKT,ChEMBL,CHEMBL3402762,CHEMBL3402762;CHEMBL4594292,https://www.ebi.ac.uk/chembl/compound_report_card/CHEMBL3402762/,CN1CCC(COc2cnc(-c3cccc(Cn4nc(-c5cccc(C#N)c5)ccc4=O)c3)nc2)CC1,CN1CCC(COc2cnc(-c3cccc(Cn4nc(-c5cccc(C#N)c5)ccc4=O)c3)nc2)CC1,CN1CCC(COc2cnc(-c3cccc(Cn4nc(-c5cccc(C#N)c5)ccc4=O)c3)nc2)CC1,AHYMHWXQRWRBKT-UHFFFAOYSA-N,AHYMHWXQRWRBKT,eligible,492.583,4.008,96.93,0,7,7,37,5,0.3845,0,2,1
LIB_AHZBEVXBKNYXPU,ChEMBL,CHEMBL1098285,CHEMBL1098285;CHEMBL1199307,https://www.ebi.ac.uk/chembl/compound_report_card/CHEMBL1098285/,CN(CCCCCCN(C)C(=O)Oc1ccc[n+](C)c1)C(=O)Oc1ccc[n+](C)c1.[Br-].[Br-],CN(CCCCCCN(C)C(=O)Oc1ccc[n+](C)c1)C(=O)Oc1ccc[n+](C)c1,CN(CCCCCCN(C)C(=O)Oc1ccc[n+](C)c1)C(=O)Oc1ccc[n+](C)c1,AHZBEVXBKNYXPU-UHFFFAOYSA-N,AHZBEVXBKNYXPU,eligible,416.522,2.457,66.84,0,4,9,30,2,0.4653,2,2,1
LIB_AHZFTGSSQMKODQ,ChEMBL,CHEMBL106706,CHEMBL106706,https://www.ebi.ac.uk/chembl/compound_report_card/CHEMBL106706/,CCOC(=O)[C@@H]1CCCN1C(=O)C(=O)C1(OC)CCCCC1,CCOC(=O)C1CCCN1C(=O)C(=O)C1(OC)CCCCC1,CCOC(=O)C1CCCN1C(=O)C(=O)C1(OC)CCCCC1,AHZFTGSSQMKODQ-UHFFFAOYSA-N,AHZFTGSSQMKODQ,eligible,311.378,1.459,72.91,0,5,5,22,2,0.5675,0,1,1
LIB_AHZSJVDWGGSBIB,ChEMBL,CHEMBL102592,CHEMBL102592,https://www.ebi.ac.uk/chembl/compound_report_card/CHEMBL102592/,CO[C@@H]1[C@H](OC(=O)NC(=O)CCl)CO[C@]2(COC(C)(C)O2)[C@]1(CCCCCc1ccccc1)OC(=O)NC(=O)CCl,CO[C@@H]1[C@H](OC(=O)NC(=O)CCl)CO[C@]2(COC(C)(C)O2)[C@]1(CCCCCc1ccccc1)OC(=O)NC(=O)CCl,COC1C(OC(=O)NC(=O)CCl)COC2(COC(C)(C)O2)C1(CCCCCc1ccccc1)OC(=O)NC(=O)CCl,AHZSJVDWGGSBIB-GIYNMQSDSA-N,AHZSJVDWGGSBIB,eligible,619.495,3.405,147.72,2,10,11,41,3,0.2791,0,1,1
LIB_AHZWSAWFJSAERL,ChEMBL,CHEMBL1087326,CHEMBL1087326,https://www.ebi.ac.uk/chembl/compound_report_card/CHEMBL1087326/,O=[N+]([O-])c1cc(O)ccc1/C=C/c1ccc(O)cc1,O=[N+]([O-])c1cc(O)ccc1C=Cc1ccc(O)cc1,O=[N+]([O-])c1cc(O)ccc1C=Cc1ccc(O)cc1,AHZWSAWFJSAERL-UHFFFAOYSA-N,AHZWSAWFJSAERL,eligible,257.245,3.176,83.6,2,4,3,19,2,0.5022,0,1,1
LIB_AIDCSWYNABJDHJ,ChEMBL,CHEMBL1087432,CHEMBL1087432,https://www.ebi.ac.uk/chembl/compound_report_card/CHEMBL1087432/,C[C@@H](NC(=O)c1cc(C(=O)NCC(O)(CO)Cc2ccccc2)cc(N(C)S(C)(=O)=O)c1)c1ccc(F)cc1,C[C@@H](NC(=O)c1cc(C(=O)NCC(O)(CO)Cc2ccccc2)cc(N(C)S(C)(=O)=O)c1)c1ccc(F)cc1,CC(NC(=O)c1cc(C(=O)NCC(O)(CO)Cc2ccccc2)cc(N(C)S(C)(=O)=O)c1)c1ccc(F)cc1,AIDCSWYNABJDHJ-OJQMSQGESA-N,AIDCSWYNABJDHJ,eligible,557.644,2.408,136.04,4,6,11,39,3,0.286,0,1,1
LIB_AIEPZCFSGUKURU,ChEMBL,CHEMBL1076715,CHEMBL1076715,https://www.ebi.ac.uk/chembl/compound_report_card/CHEMBL1076715/,CC(Cc1ccc2c(c1)OCO2)CN1CC2CCCCC2C(C(=O)N2CCN(c3ccc4nccnc4n3)CC2)C1,CC(Cc1ccc2c(c1)OCO2)CN1CC2CCCCC2C(C(=O)N2CCN(c3ccc4nccnc4n3)CC2)C1,CC(Cc1ccc2c(c1)OCO2)CN1CC2CCCCC2C(C(=O)N2CCN(c3ccc4nccnc4n3)CC2)C1,AIEPZCFSGUKURU-UHFFFAOYSA-N,AIEPZCFSGUKURU,eligible,556.711,4.019,83.92,0,8,6,41,7,0.4504,0,1,1
LIB_AIFWSSWVFCKBHO,ChEMBL,CHEMBL101807,CHEMBL101807,https://www.ebi.ac.uk/chembl/compound_report_card/CHEMBL101807/,CC1(c2ccc(OCCN3CCCCC3)cc2)c2ccc(O)cc2CCN1c1ccccc1,CC1(c2ccc(OCCN3CCCCC3)cc2)c2ccc(O)cc2CCN1c1ccccc1,CC1(c2ccc(OCCN3CCCCC3)cc2)c2ccc(O)cc2CCN1c1ccccc1,AIFWSSWVFCKBHO-UHFFFAOYSA-N,AIFWSSWVFCKBHO,eligible,442.603,5.583,35.94,1,4,6,33,5,0.5404,0,1,1
LIB_AIHATKMPAGBKRW,ChEMBL,CHEMBL1087341,CHEMBL1087341,https://www.ebi.ac.uk/chembl/compound_report_card/CHEMBL1087341/,CO[C@H]1O[C@H](COc2ccc(-c3ccccc3)cc2)[C@@H](O)[C@H](O)[C@H]1Oc1ccc2c(c1)-c1ccccc1S2(=O)=O,CO[C@H]1O[C@H](COc2ccc(-c3ccccc3)cc2)[C@@H](O)[C@H](O)[C@H]1Oc1ccc2c(c1)-c1ccccc1S2(=O)=O,COC1OC(COc2ccc(-c3ccccc3)cc2)C(O)C(O)C1Oc1ccc2c(c1)-c1ccccc1S2(=O)=O,AIHATKMPAGBKRW-GQZMCTKHSA-N,AIHATKMPAGBKRW,eligible,560.624,4.086,111.52,2,8,7,40,6,0.3064,0,1,1
LIB_AIHISFRJMKGSQU,ChEMBL,CHEMBL1079144,CHEMBL1079144,https://www.ebi.ac.uk/chembl/compound_report_card/CHEMBL1079144/,COc1cc2c(cc1NC(N)=O)CC[C@@H]1[C@@H]2CC[C@]2(C)C(=O)CC[C@@H]12,COc1cc2c(cc1NC(N)=O)CC[C@@H]1[C@@H]2CC[C@]2(C)C(=O)CC[C@@H]12,COc1cc2c(cc1NC(N)=O)CCC1C2CCC2(C)C(=O)CCC12,AIHISFRJMKGSQU-OOVWBHHBSA-N,AIHISFRJMKGSQU,eligible,342.439,3.611,81.42,2,3,2,25,4,0.8612,0,1,1
LIB_AIJJGHXRGHAKEG,ChEMBL,CHEMBL102825,CHEMBL102825,https://www.ebi.ac.uk/chembl/compound_report_card/CHEMBL102825/,COc1ccc([C@@H]2c3ncccc3[C@H](c3ccc4c(c3)OCO4)[C@H]2C(=O)O)cc1,COc1ccc([C@@H]2c3ncccc3[C@H](c3ccc4c(c3)OCO4)C2C(=O)O)cc1,COc1ccc(C2c3ncccc3C(c3ccc4c(c3)OCO4)C2C(=O)O)cc1,AIJJGHXRGHAKEG-AHTKWCMKSA-N,AIJJGHXRGHAKEG,eligible,389.407,3.797,77.88,1,5,4,29,5,0.7314,0,1,1
LIB_AIJTTZAVMXIJGM,ChEMBL,CHEMBL1200393,CHEMBL1200393;CHEMBL583,https://www.ebi.ac.uk/chembl/compound_report_card/CHEMBL1200393/,Cc1c(F)c(N2CCNC(C)C2)cc2c1c(=O)c(C(=O)O)cn2C1CC1.Cl,Cc1c(F)c(N2CCNC(C)C2)cc2c1c(=O)c(C(=O)O)cn2C1CC1,Cc1c(F)c(N2CCNC(C)C2)cc2c1c(=O)c(C(=O)O)cn2C1CC1,AIJTTZAVMXIJGM-UHFFFAOYSA-N,AIJTTZAVMXIJGM,eligible,359.401,2.28,74.57,2,4,3,26,4,0.8795,0,2,1
LIB_AILKHTAQGWNFNC,ChEMBL,CHEMBL107864,CHEMBL107864,https://www.ebi.ac.uk/chembl/compound_report_card/CHEMBL107864/,O=C(CN1c2ccccc2C(=O)N(Cc2ccccc2)S1(=O)=O)c1ccccc1,O=C(CN1c2ccccc2C(=O)N(Cc2ccccc2)S1(=O)=O)c1ccccc1,O=C(CN1c2ccccc2C(=O)N(Cc2ccccc2)S1(=O)=O)c1ccccc1,AILKHTAQGWNFNC-UHFFFAOYSA-N,AILKHTAQGWNFNC,eligible,406.463,3.277,74.76,0,4,5,29,4,0.6097,0,1,1
LIB_AILRADAXUVEEIR,ChEMBL,CHEMBL3545311,CHEMBL3545311,https://www.ebi.ac.uk/chembl/compound_report_card/CHEMBL3545311/,COc1cc(N2CCC(N3CCN(C)CC3)CC2)ccc1Nc1ncc(Cl)c(Nc2ccccc2P(C)(C)=O)n1,COc1cc(N2CCC(N3CCN(C)CC3)CC2)ccc1Nc1ncc(Cl)c(Nc2ccccc2P(C)(C)=O)n1,COc1cc(N2CCC(N3CCN(C)CC3)CC2)ccc1Nc1ncc(Cl)c(Nc2ccccc2P(C)(C)=O)n1,AILRADAXUVEEIR-UHFFFAOYSA-N,AILRADAXUVEEIR,eligible,584.105,5.09,85.86,2,9,8,40,5,0.3522,0,1,1
LIB_AIOHJGSPWFLIAI,ChEMBL,CHEMBL100370,CHEMBL100370,https://www.ebi.ac.uk/chembl/compound_report_card/CHEMBL100370/,N[C@@H](CCNCc1ccc(Cl)cc1)C(=O)N1CC=CCC1,NC(CCNCc1ccc(Cl)cc1)C(=O)N1CC=CCC1,NC(CCNCc1ccc(Cl)cc1)C(=O)N1CC=CCC1,AIOHJGSPWFLIAI-UHFFFAOYSA-N,AIOHJGSPWFLIAI,eligible,307.825,1.935,58.36,2,3,6,21,2,0.6236,0,1,1
LIB_AIPSXDXZFKITIG,ChEMBL,CHEMBL1504,CHEMBL1504,https://www.ebi.ac.uk/chembl/compound_report_card/CHEMBL1504/,CC1(C)O[C@@H]2C[C@H]3[C@@H]4CCC5=CC(=O)C=C[C@]5(C)[C@@]4(F)[C@@H](O)C[C@]3(C)[C@]2(C(=O)CO)O1,CC1(C)O[C@@H]2C[C@H]3[C@@H]4CC=C5CC(=O)C=C[C@]5(C)[C@@]4(F)[C@@H](O)C[C@]3(C)[C@]2(C(=O)CO)O1,CC1(C)OC2CC3C4CC=C5CC(=O)C=CC5(C)C4(F)C(O)CC3(C)C2(C(=O)CO)O1,AIPSXDXZFKITIG-JNQJZLCISA-N,AIPSXDXZFKITIG,eligible,434.504,2.419,93.06,2,6,2,31,5,0.6487,0,1,1
LIB_AIPXZCQJTXUFHL,ChEMBL,CHEMBL1081720,CHEMBL1081720,https://www.ebi.ac.uk/chembl/compound_report_card/CHEMBL1081720/,CC(C)CCC(C)NC(=O)OCCCc1c[nH]cn1,CC(C)CCC(C)NC(=O)OCCCc1c[nH]cn1,CC(C)CCC(C)NC(=O)OCCCc1c[nH]cn1,AIPXZCQJTXUFHL-UHFFFAOYSA-N,AIPXZCQJTXUFHL,eligible,267.373,2.893,67.01,2,3,8,19,1,0.7116,0,1,1
LIB_AIQGGWZPGKNVFO,ChEMBL,CHEMBL1084548,CHEMBL1084548,https://www.ebi.ac.uk/chembl/compound_report_card/CHEMBL1084548/,CC(C)(Oc1ccc(CN(CC(=O)Nc2ccccn2)Cc2ccco2)cc1)C(=O)O,CC(C)(Oc1ccc(CN(CC(=O)Nc2ccccn2)Cc2ccco2)cc1)C(=O)O,CC(C)(Oc1ccc(CN(CC(=O)Nc2ccccn2)Cc2ccco2)cc1)C(=O)O,AIQGGWZPGKNVFO-UHFFFAOYSA-N,AIQGGWZPGKNVFO,eligible,423.469,3.558,104.9,2,6,10,31,3,0.5137,0,1,1
LIB_AIQPKXWIKLCGGM,ChEMBL,CHEMBL1083494,CHEMBL1083494,https://www.ebi.ac.uk/chembl/compound_report_card/CHEMBL1083494/,Nc1cc2c3c(cccc3c1)C(=O)N(C1CCC(=O)NC1=O)C2=O,Nc1cc2c3c(cccc3c1)C(=O)N(C1CCC(=O)NC1=O)C2=O,Nc1cc2c3c(cccc3c1)C(=O)N(C1CCC(=O)NC1=O)C2=O,AIQPKXWIKLCGGM-UHFFFAOYSA-N,AIQPKXWIKLCGGM,eligible,323.308,0.823,109.57,2,5,1,24,4,0.5963,0,1,1
LIB_AIRWQVHAGWAKME,ChEMBL,CHEMBL1087388,CHEMBL1087388,https://www.ebi.ac.uk/chembl/compound_report_card/CHEMBL1087388/,Cn1c(=O)c2c(-c3ccccc3)n3c(c2n(C)c1=O)C(c1ccc(F)cc1)Nc1ccccc1-3,Cn1c(=O)c2c(-c3ccccc3)n3c(c2n(C)c1=O)C(c1ccc(F)cc1)Nc1ccccc1-3,Cn1c(=O)c2c(-c3ccccc3)n3c(c2n(C)c1=O)C(c1ccc(F)cc1)Nc1ccccc1-3,AIRWQVHAGWAKME-UHFFFAOYSA-N,AIRWQVHAGWAKME,eligible,452.489,4.349,60.96,1,3,2,34,6,0.4333,0,1,1
LIB_AITABRKLBNEREF,ChEMBL,CHEMBL108718,CHEMBL108718,https://www.ebi.ac.uk/chembl/compound_report_card/CHEMBL108718/,CCC(C)(C)C(=O)C(=O)N1CCCCC1C(=O)OCCc1c[nH]c2ccccc12,CCC(C)(C)C(=O)C(=O)N1CCCCC1C(=O)OCCc1c[nH]c2ccccc12,CCC(C)(C)C(=O)C(=O)N1CCCCC1C(=O)OCCc1c[nH]c2ccccc12,AITABRKLBNEREF-UHFFFAOYSA-N,AITABRKLBNEREF,eligible,398.503,3.64,79.47,1,4,7,29,3,0.5704,0,1,1
LIB_AIULGWRVYCMKMZ,ChEMBL,CHEMBL1079668,CHEMBL1079668,https://www.ebi.ac.uk/chembl/compound_report_card/CHEMBL1079668/,COc1ccc(-c2nc(COc3ccc(OCC(=O)O)c(C)c3)sc2-c2ccc(OC)c(Cl)c2)cc1,COc1ccc(-c2nc(COc3ccc(OCC(=O)O)c(C)c3)sc2-c2ccc(OC)c(Cl)c2)cc1,COc1ccc(-c2nc(COc3ccc(OCC(=O)O)c(C)c3)sc2-c2ccc(OC)c(Cl)c2)cc1,AIULGWRVYCMKMZ-UHFFFAOYSA-N,AIULGWRVYCMKMZ,eligible,526.01,6.499,87.11,1,7,10,36,4,0.2527,0,1,1
LIB_AIVSTYJBVSTHOE,ChEMBL,CHEMBL1087158,CHEMBL1087158,https://www.ebi.ac.uk/chembl/compound_report_card/CHEMBL1087158/,COc1ccc(-c2nnc(-c3cc(C)on3)o2)c(F)c1,COc1ccc(-c2nnc(-c3cc(C)on3)o2)c(F)c1,COc1ccc(-c2nnc(-c3cc(C)on3)o2)c(F)c1,AIVSTYJBVSTHOE-UHFFFAOYSA-N,AIVSTYJBVSTHOE,eligible,275.239,2.848,74.18,0,6,3,20,3,0.7313,0,1,1
LIB_AIWJVLQNYNCDSL,ChEMBL,CHEMBL1087397,CHEMBL1087397,https://www.ebi.ac.uk/chembl/compound_report_card/CHEMBL1087397/,CN(C)Cc1ccc(-c2cnn3c(-c4cccc(NC(=O)c5cccc(C(F)(F)F)c5)c4)ccnc23)cc1,CN(C)Cc1ccc(-c2cnn3c(-c4cccc(NC(=O)c5cccc(C(F)(F)F)c5)c4)ccnc23)cc1,CN(C)Cc1ccc(-c2cnn3c(-c4cccc(NC(=O)c5cccc(C(F)(F)F)c5)c4)ccnc23)cc1,AIWJVLQNYNCDSL-UHFFFAOYSA-N,AIWJVLQNYNCDSL,eligible,515.539,6.396,62.53,1,4,6,38,5,0.2845,0,1,1
LIB_AIZHVELOTPTXKB,ChEMBL,CHEMBL107052,CHEMBL107052,https://www.ebi.ac.uk/chembl/compound_report_card/CHEMBL107052/,CCOC(=O)c1cc2cc(F)c(O)c(F)c2oc1=O,CCOC(=O)c1cc2cc(F)c(O)c(F)c2oc1=O,CCOC(=O)c1cc2cc(F)c(O)c(F)c2oc1=O,AIZHVELOTPTXKB-UHFFFAOYSA-N,AIZHVELOTPTXKB,eligible,270.187,1.954,76.74,1,5,2,19,2,0.6663,0,1,1
LIB_AJBFTKKXGPDMJF,ChEMBL,CHEMBL10715,CHEMBL10715,https://www.ebi.ac.uk/chembl/compound_report_card/CHEMBL10715/,CCCCC(O)(c1ccccc1)C(O)(Cn1cncn1)c1ccc(Cl)cc1Cl,CCCCC(O)(c1ccccc1)C(O)(Cn1cncn1)c1ccc(Cl)cc1Cl,CCCCC(O)(c1ccccc1)C(O)(Cn1cncn1)c1ccc(Cl)cc1Cl,AJBFTKKXGPDMJF-UHFFFAOYSA-N,AJBFTKKXGPDMJF,eligible,420.34,4.551,71.17,2,4,8,28,3,0.561,0,1,1
LIB_AJCYFMRRWMACNE,ChEMBL,CHEMBL101598,CHEMBL101598,https://www.ebi.ac.uk/chembl/compound_report_card/CHEMBL101598/,CC(C)C(=O)Nc1nc(NC(=O)C(C)C)c2nc(-c3ccccc3)c(-c3ccccc3)nc2n1,CC(C)C(=O)Nc1nc(NC(=O)C(C)C)c2nc(-c3ccccc3)c(-c3ccccc3)nc2n1,CC(C)C(=O)Nc1nc(NC(=O)C(C)C)c2nc(-c3ccccc3)c(-c3ccccc3)nc2n1,AJCYFMRRWMACNE-UHFFFAOYSA-N,AJCYFMRRWMACNE,eligible,454.534,4.943,109.76,2,6,6,34,4,0.4269,0,1,1
LIB_AJCZKSKCXVCTMF,ChEMBL,CHEMBL100629,CHEMBL100629,https://www.ebi.ac.uk/chembl/compound_report_card/CHEMBL100629/,CCN1c2ncc(/C=C\c3ccccc3)cc2C(=O)N(C)c2cccnc21,CCN1c2ncc(/C=C\c3ccccc3)cc2C(=O)N(C)c2cccnc21,CCN1c2ncc(C=Cc3ccccc3)cc2C(=O)N(C)c2cccnc21,AJCZKSKCXVCTMF-QXMHVHEDSA-N,AJCZKSKCXVCTMF,eligible,356.429,4.395,49.33,0,4,3,27,4,0.6981,0,1,1
LIB_AJEOBDIJJRDKKW,ChEMBL,CHEMBL1085216,CHEMBL1085216,https://www.ebi.ac.uk/chembl/compound_report_card/CHEMBL1085216/,O=C(CCc1nnnn1C1CC1)c1ccccc1,O=C(CCc1nnnn1C1CC1)c1ccccc1,O=C(CCc1nnnn1C1CC1)c1ccccc1,AJEOBDIJJRDKKW-UHFFFAOYSA-N,AJEOBDIJJRDKKW,eligible,242.282,1.823,60.67,0,4,5,18,3,0.7503,0,1,1
LIB_AJEWXUIXKDZAJB,ChEMBL,CHEMBL1080899,CHEMBL1080899,https://www.ebi.ac.uk/chembl/compound_report_card/CHEMBL1080899/,CN1CCC(n2cc(S(=O)(=O)c3cccc4cccnc34)c3ccccc32)C1,CN1CCC(n2cc(S(=O)(=O)c3cccc4cccnc34)c3ccccc32)C1,CN1CCC(n2cc(S(=O)(=O)c3cccc4cccnc34)c3ccccc32)C1,AJEWXUIXKDZAJB-UHFFFAOYSA-N,AJEWXUIXKDZAJB,eligible,391.496,3.899,55.2,0,4,3,28,5,0.5315,0,1,1
LIB_AJILMOOTMGLEHE,ChEMBL,CHEMBL106589,CHEMBL106589,https://www.ebi.ac.uk/chembl/compound_report_card/CHEMBL106589/,CC(=O)Nc1ccc2c(Nc3ccccc3)c3ccccc3[n+](C)c2c1,CC(=O)Nc1ccc2c(Nc3ccccc3)c3ccccc3[n+](C)c2c1,CC(=O)Nc1ccc2c(Nc3ccccc3)c3ccccc3[n+](C)c2c1,AJILMOOTMGLEHE-UHFFFAOYSA-O,AJILMOOTMGLEHE,eligible,342.422,4.52,45.01,2,2,3,26,4,0.4246,1,1,1
LIB_AJIPIJNNOJSSQC,ChEMBL,CHEMBL1230314,CHEMBL1230314;CHEMBL6068423,https://www.ebi.ac.uk/chembl/compound_report_card/CHEMBL1230314/,C[C@]12CC[C@@H]3c4ccc(O)cc4CC[C@H]3[C@@H]1[C@@H](O)[C@@H](O)[C@@H]2O,C[C@]12CC[C@@H]3c4ccc(O)cc4CC[C@H]3[C@@H]1[C@@H](O)[C@@H](O)[C@@H]2O,CC12CCC3c4ccc(O)cc4CCC3C1C(O)C(O)C2O,AJIPIJNNOJSSQC-NYLIRDPKSA-N,AJIPIJNNOJSSQC,eligible,304.386,1.551,80.92,4,4,0,22,4,0.5861,0,2,1
LIB_AJIUZQXFIWGVET,ChEMBL,CHEMBL105234,CHEMBL105234,https://www.ebi.ac.uk/chembl/compound_report_card/CHEMBL105234/,CCCc1ccccc1OCC1CN(Cc2ccc(Cl)cc2)CCO1,CCCc1ccccc1OCC1CN(Cc2ccc(Cl)cc2)CCO1,CCCc1ccccc1OCC1CN(Cc2ccc(Cl)cc2)CCO1,AJIUZQXFIWGVET-UHFFFAOYSA-N,AJIUZQXFIWGVET,eligible,359.897,4.572,21.7,0,3,7,25,3,0.7223,0,1,1
LIB_AJJGPEYPBZRNCG,ChEMBL,CHEMBL101736,CHEMBL101736,https://www.ebi.ac.uk/chembl/compound_report_card/CHEMBL101736/,Nc1ccc2c(c1)S(=O)(=O)NC(NC1CCC1)=N2,Nc1ccc2c(c1)S(=O)(=O)N=C(NC1CCC1)N2,Nc1ccc2c(c1)S(=O)(=O)N=C(NC1CCC1)N2,AJJGPEYPBZRNCG-UHFFFAOYSA-N,AJJGPEYPBZRNCG,eligible,266.326,0.881,96.58,3,5,1,18,3,0.6556,0,1,1
LIB_AJKKMBXXQSLREA,ChEMBL,CHEMBL105361,CHEMBL105361,https://www.ebi.ac.uk/chembl/compound_report_card/CHEMBL105361/,Br.Cc1ccn2cc(-c3ccc(/C=N/NC(=N)N4CCCC4)cc3)[n+](C)c2c1.[Br-],Cc1ccn2cc(-c3ccc(/C=N/N=C(N)N4CCCC4)cc3)[n+](C)c2c1,Cc1ccn2cc(-c3ccc(C=NN=C(N)N4CCCC4)cc3)[n+](C)c2c1,AJKKMBXXQSLREA-OEAKJJBVSA-N,AJKKMBXXQSLREA,eligible,361.473,2.484,62.27,1,2,3,27,4,0.3371,1,1,1
LIB_AJRDBNMKOGTTMP,ChEMBL,CHEMBL1085242,CHEMBL1085242,https://www.ebi.ac.uk/chembl/compound_report_card/CHEMBL1085242/,CC(=O)c1cn(S(=O)(=O)c2ccc(C)cc2)c2cc(C)ccc12,CC(=O)c1cn(S(=O)(=O)c2ccc(C)cc2)c2cc(C)ccc12,CC(=O)c1cn(S(=O)(=O)c2ccc(C)cc2)c2cc(C)ccc12,AJRDBNMKOGTTMP-UHFFFAOYSA-N,AJRDBNMKOGTTMP,eligible,327.405,3.698,56.14,0,3,3,23,3,0.6893,0,1,1
LIB_AJVVIRONQIMYOI,ChEMBL,CHEMBL105502,CHEMBL105502,https://www.ebi.ac.uk/chembl/compound_report_card/CHEMBL105502/,CCSc1ccc2n(c1)cc(-c1ccc(/C=N/NC(=N)N)cc1)[n+]2C.Cc1ccc(S(=O)(=O)O)cc1.Cc1ccc(S(=O)(=O)[O-])cc1,CCSc1ccc2n(c1)cc(-c1ccc(/C=N/N=C(N)N)cc1)[n+]2C,CCSc1ccc2n(c1)cc(-c1ccc(C=NN=C(N)N)cc1)[n+]2C,AJVVIRONQIMYOI-UFFVCSGVSA-N,AJVVIRONQIMYOI,eligible,353.475,2.15,85.05,2,3,5,25,3,0.2423,1,1,1
LIB_AJWIUYZZRKCLRT,ChEMBL,CHEMBL106280,CHEMBL106280,https://www.ebi.ac.uk/chembl/compound_report_card/CHEMBL106280/,CN(C)CCCCCC(=O)C(O)(c1ccccc1)C1CCCCC1,CN(C)CCCCCC(=O)C(O)(c1ccccc1)C1CCCCC1,CN(C)CCCCCC(=O)C(O)(c1ccccc1)C1CCCCC1,AJWIUYZZRKCLRT-UHFFFAOYSA-N,AJWIUYZZRKCLRT,eligible,331.5,4.146,40.54,1,3,9,24,2,0.6913,0,1,1
LIB_AJXPJJZHWIXJCJ,ChEMBL,CHEMBL697,CHEMBL697,https://www.ebi.ac.uk/chembl/compound_report_card/CHEMBL697/,CN1C(=O)CC(C)(c2ccccc2)C1=O,CN1C(=O)CC(C)(c2ccccc2)C1=O,CN1C(=O)CC(C)(c2ccccc2)C1=O,AJXPJJZHWIXJCJ-UHFFFAOYSA-N,AJXPJJZHWIXJCJ,eligible,203.241,1.333,37.38,0,2,1,15,2,0.6457,0,1,1
LIB_AJXYMDJBIXFLCO,ChEMBL,CHEMBL101413,CHEMBL101413,https://www.ebi.ac.uk/chembl/compound_report_card/CHEMBL101413/,COc1ccc(S(=O)(=O)N(C)c2c(Cn3ccnc3)cccc2C(=O)NO)cc1,COc1ccc(S(=O)(=O)N(C)c2c(Cn3ccnc3)cccc2C(O)=NO)cc1,COc1ccc(S(=O)(=O)N(C)c2c(Cn3ccnc3)cccc2C(O)=NO)cc1,AJXYMDJBIXFLCO-UHFFFAOYSA-N,AJXYMDJBIXFLCO,eligible,416.459,2.459,117.25,2,6,7,29,3,0.2644,0,1,1
LIB_AJYARMNKTAKAGT,ChEMBL,CHEMBL102323,CHEMBL102323,https://www.ebi.ac.uk/chembl/compound_report_card/CHEMBL102323/,CCNCCCCCCCN=C(N)N,CCNCCCCCCCN=C(N)N,CCNCCCCCCCN=C(N)N,AJYARMNKTAKAGT-UHFFFAOYSA-N,AJYARMNKTAKAGT,eligible,200.33,0.82,76.43,3,2,9,14,0,0.2929,0,1,1
LIB_AJYIVEPAKGLEQL,ChEMBL,CHEMBL1082076,CHEMBL1082076,https://www.ebi.ac.uk/chembl/compound_report_card/CHEMBL1082076/,COc1ccccc1C(=O)Nc1cccc(NC(=O)c2ccc(Cl)cc2)c1,COc1ccccc1C(=O)Nc1cccc(NC(=O)c2ccc(Cl)cc2)c1,COc1ccccc1C(=O)Nc1cccc(NC(=O)c2ccc(Cl)cc2)c1,AJYIVEPAKGLEQL-UHFFFAOYSA-N,AJYIVEPAKGLEQL,eligible,380.831,4.853,67.43,2,3,5,27,3,0.6642,0,1,1
LIB_AJZWAGWWZCXPPF,ChEMBL,CHEMBL1078475,CHEMBL1078475,https://www.ebi.ac.uk/chembl/compound_report_card/CHEMBL1078475/,C[C@@H]1CN(c2nc(N3CCOCC3)c3ccc(-c4ccncc4)nc3n2)C[C@H](C)O1,C[C@@H]1CN(c2nc(N3CCOCC3)c3ccc(-c4ccncc4)nc3n2)C[C@H](C)O1,CC1CN(c2nc(N3CCOCC3)c3ccc(-c4ccncc4)nc3n2)CC(C)O1,AJZWAGWWZCXPPF-IYBDPMFKSA-N,AJZWAGWWZCXPPF,eligible,406.49,2.537,76.5,0,8,3,30,5,0.6568,0,1,1
LIB_AKALUEITJGCFEJ,ChEMBL,CHEMBL1087241,CHEMBL1087241,https://www.ebi.ac.uk/chembl/compound_report_card/CHEMBL1087241/,Cc1ccc(S(=O)(=O)Nc2ccc(C(=O)c3cc4ccc(O)cc4oc3=O)cc2)cc1,Cc1ccc(S(=O)(=O)Nc2ccc(C(=O)c3cc4ccc(O)cc4oc3=O)cc2)cc1,Cc1ccc(S(=O)(=O)Nc2ccc(C(=O)c3cc4ccc(O)cc4oc3=O)cc2)cc1,AKALUEITJGCFEJ-UHFFFAOYSA-N,AKALUEITJGCFEJ,eligible,435.457,3.839,113.68,2,6,5,31,4,0.3637,0,1,1
LIB_AKAUSOQEQIKBNW,ChEMBL,CHEMBL1084062,CHEMBL1084062,https://www.ebi.ac.uk/chembl/compound_report_card/CHEMBL1084062/,CC(C)n1c2ccc(C3CCCCO3)cc2c2c3c(c4c(c21)CCc1nn(C)cc1-4)C(=O)NC3,CC(C)n1c2ccc(C3CCCCO3)cc2c2c3c(c4c(c21)CCc1nn(C)cc1-4)C(=O)NC3,CC(C)n1c2ccc(C3CCCCO3)cc2c2c3c(c4c(c21)CCc1nn(C)cc1-4)C(=O)NC3,AKAUSOQEQIKBNW-UHFFFAOYSA-N,AKAUSOQEQIKBNW,eligible,454.574,5.36,61.08,1,3,2,34,7,0.4436,0,1,1
LIB_AKCKRZRPYZPWJE,ChEMBL,CHEMBL1080254,CHEMBL1080254,https://www.ebi.ac.uk/chembl/compound_report_card/CHEMBL1080254/,C[C@@H]1C[C@H]2OC(=O)[C@@]3(C)CCC[C@@](C)([C@@H]23)[C@@]12CCCC(=O)O2,C[C@@H]1C[C@H]2OC(=O)[C@@]3(C)CCC[C@@](C)([C@@H]23)[C@@]12CCCC(=O)O2,CC1CC2OC(=O)C3(C)CCCC(C)(C23)C12CCCC(=O)O2,AKCKRZRPYZPWJE-GCTGDKDVSA-N,AKCKRZRPYZPWJE,eligible,306.402,3.23,52.6,0,4,0,22,4,0.6448,0,1,1
LIB_AKCWSUVKFHWHAO,ChEMBL,CHEMBL106198,CHEMBL106198,https://www.ebi.ac.uk/chembl/compound_report_card/CHEMBL106198/,CC(=O)S[C@@H](C(=O)NC1(C(=O)N[C@@H](Cc2ccc(O)cc2)C(=O)OC2CCCC2)CCCC1)C(C)C,CC(=O)SC(C(=O)NC1(C(=O)NC(Cc2ccc(O)cc2)C(=O)OC2CCCC2)CCCC1)C(C)C,CC(=O)SC(C(=O)NC1(C(=O)NC(Cc2ccc(O)cc2)C(=O)OC2CCCC2)CCCC1)C(C)C,AKCWSUVKFHWHAO-UHFFFAOYSA-N,AKCWSUVKFHWHAO,eligible,518.676,3.639,121.8,3,7,10,36,3,0.4044,0,1,1
LIB_AKETZYLTCMETAG,ChEMBL,CHEMBL1086349,CHEMBL1086349,https://www.ebi.ac.uk/chembl/compound_report_card/CHEMBL1086349/,Cn1c2cc([N+](=O)[O-])sc2c2cnn(Cc3ccccc3F)c(=O)c21,Cn1c2cc([N+](=O)[O-])sc2c2cnn(Cc3ccccc3F)c(=O)c21,Cn1c2cc([N+](=O)[O-])sc2c2cnn(Cc3ccccc3F)c(=O)c21,AKETZYLTCMETAG-UHFFFAOYSA-N,AKETZYLTCMETAG,eligible,358.354,3.045,82.96,0,5,3,25,4,0.4162,0,1,1
LIB_AKFKVWRGZGPBHW,ChEMBL,CHEMBL106790,CHEMBL106790,https://www.ebi.ac.uk/chembl/compound_report_card/CHEMBL106790/,CNC(=O)CO/N=C(\c1ccc(Br)cc1)C1CCN(C2(C)CCN(C(=O)c3c(C)cccc3C)CC2)CC1,CNC(=O)CO/N=C(\c1ccc(Br)cc1)C1CCN(C2(C)CCN(C(=O)c3c(C)cccc3C)CC2)CC1,CNC(=O)CON=C(c1ccc(Br)cc1)C1CCN(C2(C)CCN(C(=O)c3c(C)cccc3C)CC2)CC1,AKFKVWRGZGPBHW-PJJLUWSFSA-N,AKFKVWRGZGPBHW,eligible,583.571,4.94,74.24,1,5,7,38,4,0.3705,0,1,1
LIB_AKFSIRURRSIJQR,ChEMBL,CHEMBL1087323,CHEMBL1087323,https://www.ebi.ac.uk/chembl/compound_report_card/CHEMBL1087323/,O=C(/C=C/c1ccc(O)cc1)c1ccc(NS(=O)(=O)c2ccc(O)cc2)cc1,O=C(C=Cc1ccc(O)cc1)c1ccc(NS(=O)(=O)c2ccc(O)cc2)cc1,O=C(C=Cc1ccc(O)cc1)c1ccc(NS(=O)(=O)c2ccc(O)cc2)cc1,AKFSIRURRSIJQR-UHFFFAOYSA-N,AKFSIRURRSIJQR,eligible,395.436,3.795,103.7,3,5,6,28,3,0.4351,0,1,1
LIB_AKGYFGPTGCPJOY,ChEMBL,CHEMBL1081617,CHEMBL1081617,https://www.ebi.ac.uk/chembl/compound_report_card/CHEMBL1081617/,COc1cccc(C2=C(c3cn(C)c4ccc(Cl)cc34)C(=O)NC2=O)c1,COc1cccc(C2=C(c3cn(C)c4ccc(Cl)cc34)C(=O)NC2=O)c1,COc1cccc(C2=C(c3cn(C)c4ccc(Cl)cc34)C(=O)NC2=O)c1,AKGYFGPTGCPJOY-UHFFFAOYSA-N,AKGYFGPTGCPJOY,eligible,366.804,3.408,60.33,1,3,3,26,4,0.7225,0,1,1
LIB_AKHFOAQLUXPFBJ,ChEMBL,CHEMBL1086079,CHEMBL1086079,https://www.ebi.ac.uk/chembl/compound_report_card/CHEMBL1086079/,N=C(N)NCC1CCCc2cc(S(=O)(=O)c3ccccc3)ccc21,N=C(N)NCC1CCCc2cc(S(=O)(=O)c3ccccc3)ccc21,N=C(N)NCC1CCCc2cc(S(=O)(=O)c3ccccc3)ccc21,AKHFOAQLUXPFBJ-UHFFFAOYSA-N,AKHFOAQLUXPFBJ,eligible,343.452,2.422,96.04,3,3,4,24,3,0.5866,0,1,1
LIB_AKJKYYDGUADZBI,ChEMBL,CHEMBL1079100,CHEMBL1079100,https://www.ebi.ac.uk/chembl/compound_report_card/CHEMBL1079100/,CCCc1cc(-c2ccc(Cl)c(C(F)(F)F)c2)nc(C#N)n1,CCCc1cc(-c2ccc(Cl)c(C(F)(F)F)c2)nc(C#N)n1,CCCc1cc(-c2ccc(Cl)c(C(F)(F)F)c2)nc(C#N)n1,AKJKYYDGUADZBI-UHFFFAOYSA-N,AKJKYYDGUADZBI,eligible,325.721,4.64,49.57,0,3,3,22,2,0.8256,0,1,1
LIB_AKJMZBZOEQVXLJ,ChEMBL,CHEMBL103825,CHEMBL103825,https://www.ebi.ac.uk/chembl/compound_report_card/CHEMBL103825/,Cc1cc(-c2ccccc2)cc(C)[n+]1CC(=O)Nc1nccc(Nc2ccc(S(N)(=O)=O)cc2)n1.[O-][Cl+3]([O-])([O-])[O-],Cc1cc(-c2ccccc2)cc(C)[n+]1CC(=O)Nc1nccc(Nc2ccc(S(N)(=O)=O)cc2)n1,Cc1cc(-c2ccccc2)cc(C)[n+]1CC(=O)Nc1nccc(Nc2ccc(S(N)(=O)=O)cc2)n1,AKJMZBZOEQVXLJ-UHFFFAOYSA-O,AKJMZBZOEQVXLJ,eligible,489.581,3.078,130.95,3,6,7,35,4,0.3421,1,1,1
LIB_AKKGRTXQCJCVRL,ChEMBL,CHEMBL1078196,CHEMBL1078196,https://www.ebi.ac.uk/chembl/compound_report_card/CHEMBL1078196/,COC(=O)[C@@H]1C[C@@]23C(=O)[C@@H]4C[C@H]5N(C[C@@H](CCC6=C2[C@@H]1CC6)[C@]53COC(C)=O)C[C@H]4C,COC(=O)C1C[C@@]23C(=O)C4C[C@H]5N(C[C@@H](CCC6=C2[C@@H]1CC6)[C@]53COC(C)=O)C[C@H]4C,COC(=O)C1CC23C(=O)C4CC5N(CC4C)CC(CCC4=C2C1CC4)C53COC(C)=O,AKKGRTXQCJCVRL-DJJFDFANSA-N,AKKGRTXQCJCVRL,eligible,427.541,2.755,72.91,0,6,3,31,6,0.5094,0,1,1
LIB_AKKRSTJTLDPQNP,ChEMBL,CHEMBL105897,CHEMBL105897,https://www.ebi.ac.uk/chembl/compound_report_card/CHEMBL105897/,Oc1ccc(C2=CCNCC2)cc1O,Oc1ccc(C2=CCNCC2)cc1O,Oc1ccc(C2=CCNCC2)cc1O,AKKRSTJTLDPQNP-UHFFFAOYSA-N,AKKRSTJTLDPQNP,eligible,191.23,1.474,52.49,3,3,1,14,2,0.5891,0,1,1
LIB_AKLCEAZEZRTKJE,ChEMBL,CHEMBL1081612,CHEMBL1081612,https://www.ebi.ac.uk/chembl/compound_report_card/CHEMBL1081612/,Cc1ccccc1-c1ccc(C(=O)N2CCN(C(=O)c3ccc4cc[nH]c4c3)[C@@H](C)C2)cc1F,Cc1ccccc1-c1ccc(C(=O)N2CCN(C(=O)c3ccc4cc[nH]c4c3)[C@@H](C)C2)cc1F,Cc1ccccc1-c1ccc(C(=O)N2CCN(C(=O)c3ccc4cc[nH]c4c3)C(C)C2)cc1F,AKLCEAZEZRTKJE-IBGZPJMESA-N,AKLCEAZEZRTKJE,eligible,455.533,5.269,56.41,1,2,3,34,5,0.4576,0,1,1
LIB_AKMKIDQMKPFYDJ,ChEMBL,CHEMBL1082972,CHEMBL1082972;CHEMBL1083281,https://www.ebi.ac.uk/chembl/compound_report_card/CHEMBL1082972/,C[N+]1(C)C[C@H]2C[C@@H]1CN2c1ccc(-c2ccccc2)nn1.[I-],C[N+]1(C)C[C@H]2C[C@@H]1CN2c1ccc(-c2ccccc2)nn1,C[N+]1(C)CC2CC1CN2c1ccc(-c2ccccc2)nn1,AKMKIDQMKPFYDJ-HUUCEWRRSA-N,AKMKIDQMKPFYDJ,eligible,281.383,2.181,29.02,0,3,2,21,4,0.7902,1,2,2
LIB_AKNNEGZIBPJZJG,ChEMBL,CHEMBL2106732,CHEMBL2106732;CHEMBL364713,https://www.ebi.ac.uk/chembl/compound_report_card/CHEMBL2106732/,COc1ccc2c(c1OC)C(=O)O[C@@H]2[C@H]1c2c(cc3c(c2OC)OCO3)CCN1C.Cl,COc1ccc2c(c1OC)C(=O)O[C@@H]2[C@H]1c2c(cc3c(c2OC)OCO3)CCN1C,COc1ccc2c(c1OC)C(=O)OC2C1c2c(cc3c(c2OC)OCO3)CCN1C,AKNNEGZIBPJZJG-MSOLQXFVSA-N,AKNNEGZIBPJZJG,eligible,413.426,2.882,75.69,0,8,4,30,5,0.7087,0,2,1
LIB_AKNNLKCBKRCSFS,ChEMBL,CHEMBL1079297,CHEMBL1079297,https://www.ebi.ac.uk/chembl/compound_report_card/CHEMBL1079297/,Cc1c(C)c2cc3c(C)coc3cc2oc1=O,Cc1c(C)c2cc3c(C)coc3cc2oc1=O,Cc1c(C)c2cc3c(C)coc3cc2oc1=O,AKNNLKCBKRCSFS-UHFFFAOYSA-N,AKNNLKCBKRCSFS,eligible,228.247,3.464,43.35,0,3,0,17,3,0.5532,0,1,1
LIB_AKNZNOUVMDGJGW,ChEMBL,CHEMBL1081996,CHEMBL1081996,https://www.ebi.ac.uk/chembl/compound_report_card/CHEMBL1081996/,FC(F)(F)c1ccccc1OC1CCN(c2ncc(-c3ncco3)s2)CC1,FC(F)(F)c1ccccc1OC1CCN(c2ncc(-c3ncco3)s2)CC1,FC(F)(F)c1ccccc1OC1CCN(c2ncc(-c3ncco3)s2)CC1,AKNZNOUVMDGJGW-UHFFFAOYSA-N,AKNZNOUVMDGJGW,eligible,395.406,4.865,51.39,0,6,4,27,4,0.6312,0,1,1
LIB_AKONFVDGMSCXDM,ChEMBL,CHEMBL1087063,CHEMBL1087063,https://www.ebi.ac.uk/chembl/compound_report_card/CHEMBL1087063/,O=C(O)CC1(C2CCCC2)OCCc2c1[nH]c1c(Cl)ccc(Cl)c21,O=C(O)CC1(C2CCCC2)OCCc2c1[nH]c1c(Cl)ccc(Cl)c21,O=C(O)CC1(C2CCCC2)OCCc2c1[nH]c1c(Cl)ccc(Cl)c21,AKONFVDGMSCXDM-UHFFFAOYSA-N,AKONFVDGMSCXDM,eligible,368.26,4.908,62.32,2,2,3,24,4,0.8095,0,1,1
LIB_AKPLGRUEOUJFCH,ChEMBL,CHEMBL101449,CHEMBL101449,https://www.ebi.ac.uk/chembl/compound_report_card/CHEMBL101449/,CC1=CC(=O)c2nc3n(c2C1=O)CCC3OC(N)=O,CC1=CC(=O)c2nc3n(c2C1=O)CCC3OC(N)=O,CC1=CC(=O)c2nc3n(c2C1=O)CCC3OC(N)=O,AKPLGRUEOUJFCH-UHFFFAOYSA-N,AKPLGRUEOUJFCH,eligible,261.237,0.748,104.28,1,5,1,19,3,0.8027,0,1,1
LIB_AKQHDWUSOSICGI,ChEMBL,CHEMBL1083493,CHEMBL1083493,https://www.ebi.ac.uk/chembl/compound_report_card/CHEMBL1083493/,CCC(CC)CN1C(=O)/C(=C/C(=O)N2CCOCC2)c2cccc(F)c21,CCC(CC)CN1C(=O)/C(=C/C(=O)N2CCOCC2)c2cccc(F)c21,CCC(CC)CN1C(=O)C(=CC(=O)N2CCOCC2)c2cccc(F)c21,AKQHDWUSOSICGI-FOWTUZBSSA-N,AKQHDWUSOSICGI,eligible,360.429,2.851,49.85,0,3,5,26,3,0.7589,0,1,1
LIB_AKRPUMDJXZZYRZ,ChEMBL,CHEMBL1078695,CHEMBL1078695,https://www.ebi.ac.uk/chembl/compound_report_card/CHEMBL1078695/,O=C(Nc1ccc(CCNC[C@H](O)c2cccnc2)cc1)c1ccc(CCc2ccccc2)cc1,O=C(Nc1ccc(CCNC[C@H](O)c2cccnc2)cc1)c1ccc(CCc2ccccc2)cc1,O=C(Nc1ccc(CCNCC(O)c2cccnc2)cc1)c1ccc(CCc2ccccc2)cc1,AKRPUMDJXZZYRZ-LJAQVGFWSA-N,AKRPUMDJXZZYRZ,eligible,465.597,4.985,74.25,3,4,11,35,4,0.2731,0,1,1
LIB_AKRPXDOXNZCPCY,ChEMBL,CHEMBL1078210,CHEMBL1078210,https://www.ebi.ac.uk/chembl/compound_report_card/CHEMBL1078210/,N#C/N=C(\NCCCc1ccccc1)NCCCc1c[nH]cn1,N#CN=C(NCCCc1ccccc1)NCCCc1c[nH]cn1,N#CN=C(NCCCc1ccccc1)NCCCc1c[nH]cn1,AKRPXDOXNZCPCY-UHFFFAOYSA-N,AKRPXDOXNZCPCY,eligible,310.405,1.991,88.89,3,3,8,23,2,0.301,0,1,1
LIB_AKTJYVOKJFGMFU,ChEMBL,CHEMBL1077200,CHEMBL1077200,https://www.ebi.ac.uk/chembl/compound_report_card/CHEMBL1077200/,CN(C)CCCNC(=O)c1ccc2c(c1)CC(c1nc3ccc(-c4ccnc(N)n4)cc3[nH]1)CO2,CN(C)CCCNC(=O)c1ccc2c(c1)CC(c1nc3cc(-c4ccnc(N)n4)ccc3[nH]1)CO2,CN(C)CCCNC(=O)c1ccc2c(c1)CC(c1nc3cc(-c4ccnc(N)n4)ccc3[nH]1)CO2,AKTJYVOKJFGMFU-UHFFFAOYSA-N,AKTJYVOKJFGMFU,eligible,471.565,3.002,122.05,3,7,7,35,5,0.3542,0,1,1
LIB_AKUBLUMIJSKTMY,ChEMBL,CHEMBL1076551,CHEMBL1076551,https://www.ebi.ac.uk/chembl/compound_report_card/CHEMBL1076551/,COc1nc(O)c(C(=O)c2ccc(Cl)cc2)c(O)c1OC,COc1[nH]c(=O)c(C(=O)c2ccc(Cl)cc2)c(O)c1OC,COc1[nH]c(=O)c(C(=O)c2ccc(Cl)cc2)c(O)c1OC,AKUBLUMIJSKTMY-UHFFFAOYSA-N,AKUBLUMIJSKTMY,eligible,309.705,1.982,88.62,2,5,4,21,2,0.8431,0,1,1
LIB_AKUBXBWCGDYKPX,ChEMBL,CHEMBL1081990,CHEMBL1081990,https://www.ebi.ac.uk/chembl/compound_report_card/CHEMBL1081990/,O=C(NC1CC1)c1ccc(Cl)c(Nc2nncc3c2cnn3-c2cc(F)ccc2F)c1,O=C(NC1CC1)c1ccc(Cl)c(Nc2nncc3c2cnn3-c2cc(F)ccc2F)c1,O=C(NC1CC1)c1ccc(Cl)c(Nc2nncc3c2cnn3-c2cc(F)ccc2F)c1,AKUBXBWCGDYKPX-UHFFFAOYSA-N,AKUBXBWCGDYKPX,eligible,440.841,4.383,84.73,2,5,5,31,5,0.4807,0,1,1
LIB_AKVZBOMXDOBEDJ,ChEMBL,CHEMBL101746,CHEMBL101746,https://www.ebi.ac.uk/chembl/compound_report_card/CHEMBL101746/,Cc1nc2cnccc2n1Cc1ccc(S(=O)(=O)N(C)c2cccc(N)c2)cc1,Cc1nc2cnccc2n1Cc1ccc(S(=O)(=O)N(C)c2cccc(N)c2)cc1,Cc1nc2cnccc2n1Cc1ccc(S(=O)(=O)N(C)c2cccc(N)c2)cc1,AKVZBOMXDOBEDJ-UHFFFAOYSA-N,AKVZBOMXDOBEDJ,eligible,407.499,3.195,94.11,1,5,5,29,4,0.5129,0,1,1
LIB_AKWFEANKAWGNIH,ChEMBL,CHEMBL106300,CHEMBL106300;CHEMBL107306,https://www.ebi.ac.uk/chembl/compound_report_card/CHEMBL106300/,Cc1cc(C)cc(C(=O)N2CCN(C(=O)CNC3CCN(C(=O)[C@@H](N)c4ccccc4)CC3)[C@H](c3ccc(Cl)c(Cl)c3)C2)c1,Cc1cc(C)cc(C(=O)N2CCN(C(=O)CNC3CCN(C(=O)C(N)c4ccccc4)CC3)[C@H](c3ccc(Cl)c(Cl)c3)C2)c1,Cc1cc(C)cc(C(=O)N2CCN(C(=O)CNC3CCN(C(=O)C(N)c4ccccc4)CC3)C(c3ccc(Cl)c(Cl)c3)C2)c1,AKWFEANKAWGNIH-TZYYSAMKSA-N,AKWFEANKAWGNIH,eligible,636.624,4.917,98.98,2,5,7,44,5,0.3841,0,2,1
LIB_AKYFJTRMYYHEJM,ChEMBL,CHEMBL1085901,CHEMBL1085901,https://www.ebi.ac.uk/chembl/compound_report_card/CHEMBL1085901/,Cc1c(C(=O)NN/C=C(\NNC(=O)c2oc3ccccc3c2C)c2ccc(Cl)cc2)oc2ccccc12,Cc1c(C(=O)NN/C=C(\NNC(=O)c2oc3ccccc3c2C)c2ccc(Cl)cc2)oc2ccccc12,Cc1c(C(=O)NNC=C(NNC(=O)c2oc3ccccc3c2C)c2ccc(Cl)cc2)oc2ccccc12,AKYFJTRMYYHEJM-JCMHNJIXSA-N,AKYFJTRMYYHEJM,eligible,514.969,5.617,108.54,4,6,7,37,5,0.21,0,1,1
LIB_AKYIEPLSCWRCPO,ChEMBL,CHEMBL105152,CHEMBL105152,https://www.ebi.ac.uk/chembl/compound_report_card/CHEMBL105152/,COc1cc(CC(C)N)ccc1CCCc1ccccc1,COc1cc(CC(C)N)ccc1CCCc1ccccc1,COc1cc(CC(C)N)ccc1CCCc1ccccc1,AKYIEPLSCWRCPO-UHFFFAOYSA-N,AKYIEPLSCWRCPO,eligible,283.415,3.76,35.25,1,2,7,21,2,0.8394,0,1,1
LIB_AKYKXMGNIITTBX,ChEMBL,CHEMBL101925,CHEMBL101925,https://www.ebi.ac.uk/chembl/compound_report_card/CHEMBL101925/,CC(C)C[C@H](COP(=O)([O-])OCC[N+](C)(C)C)NC(=O)Cc1ccc2ccccc2c1,CC(C)C[C@H](COP(=O)([O-])OCC[N+](C)(C)C)NC(=O)Cc1ccc2ccccc2c1,CC(C)CC(COP(=O)([O-])OCC[N+](C)(C)C)NC(=O)Cc1ccc2ccccc2c1,AKYKXMGNIITTBX-JOCHJYFZSA-N,AKYKXMGNIITTBX,eligible,450.516,3.121,87.69,1,5,12,31,2,0.3966,0,1,1
LIB_AKYLRDOWENYZPT,ChEMBL,CHEMBL108001,CHEMBL108001,https://www.ebi.ac.uk/chembl/compound_report_card/CHEMBL108001/,CC[C@H]1CN2CCc3c([nH]c4ccccc34)[C@H]2C[C@@H]1/C(=C/OC)C(=O)O,CC[C@H]1CN2CCc3c([nH]c4ccccc34)[C@H]2C[C@@H]1/C(=C/OC)C(=O)O,CCC1CN2CCc3c([nH]c4ccccc34)C2CC1C(=COC)C(=O)O,AKYLRDOWENYZPT-MPIYBWNCSA-N,AKYLRDOWENYZPT,eligible,354.45,3.728,65.56,2,3,4,26,4,0.6486,0,1,1
LIB_AKZYPVWPMITAQX,ChEMBL,CHEMBL10586,CHEMBL10586,https://www.ebi.ac.uk/chembl/compound_report_card/CHEMBL10586/,CCN(CC)CCNC(=O)c1cc(Cl)c(NC(=O)CSc2ccccc2)cc1OC,CCN(CC)CCNC(=O)c1cc(Cl)c(NC(=O)CSc2ccccc2)cc1OC,CCN(CC)CCNC(=O)c1cc(Cl)c(NC(=O)CSc2ccccc2)cc1OC,AKZYPVWPMITAQX-UHFFFAOYSA-N,AKZYPVWPMITAQX,eligible,450.004,4.151,70.67,2,5,11,30,2,0.5041,0,1,1
LIB_ALARQZQTBTVLJV,ChEMBL,CHEMBL45029,CHEMBL45029,https://www.ebi.ac.uk/chembl/compound_report_card/CHEMBL45029/,CCC1(c2ccccc2)C(=O)NC(=O)N(C)C1=O,CCC1(c2ccccc2)C(=O)NC(=O)N(C)C1=O,CCC1(c2ccccc2)C(=O)NC(=O)N(C)C1=O,ALARQZQTBTVLJV-UHFFFAOYSA-N,ALARQZQTBTVLJV,eligible,246.266,1.043,66.48,1,3,2,18,2,0.7928,0,1,1
LIB_ALAWEPCLEBECQL,ChEMBL,CHEMBL102859,CHEMBL102859,https://www.ebi.ac.uk/chembl/compound_report_card/CHEMBL102859/,CCn1c(=O)c2nc(C3CCCC3)[nH]c2n(CC)c1=O,CCn1c(=O)c2[nH]c(C3CCCC3)nc2n(CC)c1=O,CCn1c(=O)c2[nH]c(C3CCCC3)nc2n(CC)c1=O,ALAWEPCLEBECQL-UHFFFAOYSA-N,ALAWEPCLEBECQL,eligible,276.34,1.584,72.68,1,3,3,20,3,0.9248,0,1,1
LIB_ALCFUSUGGOBEMN,ChEMBL,CHEMBL1076282,CHEMBL1076282,https://www.ebi.ac.uk/chembl/compound_report_card/CHEMBL1076282/,Cc1ccc(CN2C(=O)C(C3=NS(=O)(=O)c4cc(NS(C)(=O)=O)ccc4N3)=C(O)[C@@H]3C4CCC(CC4)[C@@H]32)cc1F,Cc1ccc(CN2C(=O)C(C3=NS(=O)(=O)c4cc(NS(C)(=O)=O)ccc4N3)C(=O)C3C4CCC(CC4)[C@@H]32)cc1F,Cc1ccc(CN2C(=O)C(C3=NS(=O)(=O)c4cc(NS(C)(=O)=O)ccc4N3)C(=O)C3C4CCC(CC4)C32)cc1F,ALCFUSUGGOBEMN-UHVVJZCISA-N,ALCFUSUGGOBEMN,eligible,588.683,3.051,142.08,2,7,5,40,7,0.5115,0,1,1
LIB_ALDMYQMUDBRHHM,ChEMBL,CHEMBL1080017,CHEMBL1080017,https://www.ebi.ac.uk/chembl/compound_report_card/CHEMBL1080017/,O=C(Nc1nccs1)c1ccc(C(F)(F)P(=O)(O)O)cc1,O=C(Nc1nccs1)c1ccc(C(F)(F)P(=O)(O)O)cc1,O=C(Nc1nccs1)c1ccc(C(F)(F)P(=O)(O)O)cc1,ALDMYQMUDBRHHM-UHFFFAOYSA-N,ALDMYQMUDBRHHM,eligible,334.24,2.622,99.52,3,4,4,21,2,0.7466,0,1,1
LIB_ALELTFCQZDXAMQ,ChEMBL,CHEMBL2110816,CHEMBL2110816,https://www.ebi.ac.uk/chembl/compound_report_card/CHEMBL2110816/,CC(CC1c2ccccc2CCc2ccccc21)CN(C)C,CC(CC1c2ccccc2CCc2ccccc21)CN(C)C,CC(CC1c2ccccc2CCc2ccccc21)CN(C)C,ALELTFCQZDXAMQ-UHFFFAOYSA-N,ALELTFCQZDXAMQ,eligible,293.454,4.505,3.24,0,1,4,22,3,0.8017,0,1,1
LIB_ALENSGWGHGELMK,ChEMBL,CHEMBL1086142,CHEMBL1086142,https://www.ebi.ac.uk/chembl/compound_report_card/CHEMBL1086142/,CCCCN(CC)Cc1c(C(F)(F)F)nc2n(-c3c(C)cc(C)cc3C)c(Cl)cn12,CCCCN(CC)Cc1c(C(F)(F)F)nc2n(-c3c(C)cc(C)cc3C)c(Cl)cn12,CCCCN(CC)Cc1c(C(F)(F)F)nc2n(-c3c(C)cc(C)cc3C)c(Cl)cn12,ALENSGWGHGELMK-UHFFFAOYSA-N,ALENSGWGHGELMK,eligible,440.941,6.344,25.47,0,2,7,30,3,0.4277,0,1,1
LIB_ALESBZWZJZPACS,ChEMBL,CHEMBL104532,CHEMBL104532,https://www.ebi.ac.uk/chembl/compound_report_card/CHEMBL104532/,CN1CCN(CCCNc2ccc3cc(-c4c(Cl)cccc4Cl)c(=O)n(C)c3n2)CC1,CN1CCN(CCCNc2ccc3cc(-c4c(Cl)cccc4Cl)c(=O)n(C)c3n2)CC1,CN1CCN(CCCNc2ccc3cc(-c4c(Cl)cccc4Cl)c(=O)n(C)c3n2)CC1,ALESBZWZJZPACS-UHFFFAOYSA-N,ALESBZWZJZPACS,eligible,460.409,3.957,53.4,1,5,6,31,4,0.5649,0,1,1
LIB_ALEYRQPFVFNLMN,ChEMBL,CHEMBL1085132,CHEMBL1085132,https://www.ebi.ac.uk/chembl/compound_report_card/CHEMBL1085132/,Cc1cc(CN2CCN(c3c(Br)cnc4[nH]c(-c5ccc(OCCO)cc5)nc34)CC2)no1,Cc1cc(CN2CCN(c3c(Br)cnc4[nH]c(-c5ccc(OCCO)cc5)nc34)CC2)no1,Cc1cc(CN2CCN(c3c(Br)cnc4[nH]c(-c5ccc(OCCO)cc5)nc34)CC2)no1,ALEYRQPFVFNLMN-UHFFFAOYSA-N,ALEYRQPFVFNLMN,eligible,513.396,3.377,103.54,2,8,7,33,5,0.388,0,1,1
LIB_ALFVRDAMPYOPQO,ChEMBL,CHEMBL1087551,CHEMBL1087551,https://www.ebi.ac.uk/chembl/compound_report_card/CHEMBL1087551/,C[C@H]1CC[C@H]2[C@@H](C=C[C@@H]3CO[C@@](O)(CO)C(=O)[C@@]32C)C1,C[C@H]1CC[C@H]2[C@@H](C=C[C@@H]3CO[C@@](O)(CO)C(=O)[C@@]32C)C1,CC1CCC2C(C=CC3COC(O)(CO)C(=O)C32C)C1,ALFVRDAMPYOPQO-VHPSDLRFSA-N,ALFVRDAMPYOPQO,eligible,280.364,1.511,66.76,2,4,1,20,3,0.7146,0,1,1
LIB_ALFVRYXSTFHIKR,ChEMBL,CHEMBL1078353,CHEMBL1078353,https://www.ebi.ac.uk/chembl/compound_report_card/CHEMBL1078353/,CC1(c2ccccc2)CCCN(C(=O)NCCCc2cccnc2)C1,CC1(c2ccccc2)CCCN(C(=O)NCCCc2cccnc2)C1,CC1(c2ccccc2)CCCN(C(=O)NCCCc2cccnc2)C1,ALFVRYXSTFHIKR-UHFFFAOYSA-N,ALFVRYXSTFHIKR,eligible,337.467,3.778,45.23,1,2,5,25,3,0.8441,0,1,1
LIB_ALIFBGCDGDBHLU,ChEMBL,CHEMBL1082071,CHEMBL1082071,https://www.ebi.ac.uk/chembl/compound_report_card/CHEMBL1082071/,C=C1[C@@H]2C[C@H](O)[C@@H]3[C@](C2)(C(=O)O[C@H]2C[C@H](O)C(C)(C)[C@H]4[C@H](O)OC[C@@]243)[C@@H]1OC(C)=O,C=C1[C@@H]2C[C@H](O)[C@@H]3[C@](C2)(C(=O)O[C@H]2C[C@H](O)C(C)(C)[C@H]4[C@H](O)OC[C@@]243)[C@@H]1OC(C)=O,C=C1C2CC(O)C3C(C2)(C(=O)OC2CC(O)C(C)(C)C4C(O)OCC243)C1OC(C)=O,ALIFBGCDGDBHLU-NOSYHTNISA-N,ALIFBGCDGDBHLU,eligible,422.474,0.529,122.52,3,8,1,30,5,0.4132,0,1,1
LIB_ALKLHNWCXXLKRQ,ChEMBL,CHEMBL106358,CHEMBL106358,https://www.ebi.ac.uk/chembl/compound_report_card/CHEMBL106358/,COc1cc(CCc2ccc(-c3cc4ccccc4c4nnc(C)n34)cc2)cc(OC)c1OC,COc1cc(CCc2ccc(-c3cc4ccccc4c4nnc(C)n34)cc2)cc(OC)c1OC,COc1cc(CCc2ccc(-c3cc4ccccc4c4nnc(C)n34)cc2)cc(OC)c1OC,ALKLHNWCXXLKRQ-UHFFFAOYSA-N,ALKLHNWCXXLKRQ,eligible,453.542,5.669,57.88,0,5,7,34,5,0.3178,0,1,1
LIB_ALKMBIXEONKULX,ChEMBL,CHEMBL1079375,CHEMBL1079375,https://www.ebi.ac.uk/chembl/compound_report_card/CHEMBL1079375/,Fc1cccc(Nc2ncnc3ccc(Br)cc23)c1,Fc1cccc(Nc2ncnc3ccc(Br)cc23)c1,Fc1cccc(Nc2ncnc3ccc(Br)cc23)c1,ALKMBIXEONKULX-UHFFFAOYSA-N,ALKMBIXEONKULX,eligible,318.149,4.275,37.81,1,3,2,19,3,0.7664,0,1,1
LIB_ALKYOUVXQILADL,ChEMBL,CHEMBL107890,CHEMBL107890,https://www.ebi.ac.uk/chembl/compound_report_card/CHEMBL107890/,CC(C)Cn1cnc2c(N(C)C)ncnc21,CC(C)Cn1cnc2c(N(C)C)ncnc21,CC(C)Cn1cnc2c(N(C)C)ncnc21,ALKYOUVXQILADL-UHFFFAOYSA-N,ALKYOUVXQILADL,eligible,219.292,1.548,46.84,0,4,3,16,2,0.7854,0,1,1
LIB_ALNJIRVGTQKZMG,ChEMBL,CHEMBL104467,CHEMBL104467,https://www.ebi.ac.uk/chembl/compound_report_card/CHEMBL104467/,Nc1cc(OCC2CCCCC2)nc(Nc2ccc(S(N)(=O)=O)cc2)n1,Nc1cc(OCC2CCCCC2)nc(Nc2ccc(S(N)(=O)=O)cc2)n1,Nc1cc(OCC2CCCCC2)nc(Nc2ccc(S(N)(=O)=O)cc2)n1,ALNJIRVGTQKZMG-UHFFFAOYSA-N,ALNJIRVGTQKZMG,eligible,377.47,2.409,133.22,3,7,6,26,3,0.7036,0,1,1
LIB_ALPBOUKITXBOCV,ChEMBL,CHEMBL1082027,CHEMBL1082027,https://www.ebi.ac.uk/chembl/compound_report_card/CHEMBL1082027/,O=C1CCCN1CCCNc1nc2c(S(=O)(=O)c3ccc(Br)cc3)nnn2c2ccccc12,O=C1CCCN1CCCNc1nc2c(S(=O)(=O)c3ccc(Br)cc3)nnn2c2ccccc12,O=C1CCCN1CCCNc1nc2c(S(=O)(=O)c3ccc(Br)cc3)nnn2c2ccccc12,ALPBOUKITXBOCV-UHFFFAOYSA-N,ALPBOUKITXBOCV,eligible,529.42,3.297,109.56,1,7,7,33,5,0.3661,0,1,1
LIB_ALPQYURZBRREHP,ChEMBL,CHEMBL1079731,CHEMBL1079731,https://www.ebi.ac.uk/chembl/compound_report_card/CHEMBL1079731/,c1cc(CCNc2nc3ccccc3s2)cc(NC2=NCCS2)c1,c1cc(CCNc2nc3ccccc3s2)cc(N=C2NCCS2)c1,c1cc(CCNc2nc3ccccc3s2)cc(N=C2NCCS2)c1,ALPQYURZBRREHP-UHFFFAOYSA-N,ALPQYURZBRREHP,eligible,354.504,4.275,49.31,2,5,5,24,4,0.7181,0,1,1
LIB_ALPVVQDNPOPUTQ,ChEMBL,CHEMBL102291,CHEMBL102291,https://www.ebi.ac.uk/chembl/compound_report_card/CHEMBL102291/,CCC(C)(C)NCC(O)c1ccc(O)c(NS(C)(=O)=O)c1,CCC(C)(C)NCC(O)c1ccc(O)c(NS(C)(=O)=O)c1,CCC(C)(C)NCC(O)c1ccc(O)c(NS(C)(=O)=O)c1,ALPVVQDNPOPUTQ-UHFFFAOYSA-N,ALPVVQDNPOPUTQ,eligible,316.423,1.575,98.66,4,5,7,21,1,0.5725,0,1,1
LIB_ALQPNLIBLXFECQ,ChEMBL,CHEMBL108738,CHEMBL108738,https://www.ebi.ac.uk/chembl/compound_report_card/CHEMBL108738/,COC(=O)N[C@@H](C)C(=O)N[C@@H](CC(=O)O)C(=O)COC(=O)c1c(Cl)cccc1Cl,COC(=O)NC(C)C(=O)NC(CC(=O)O)C(=O)COC(=O)c1c(Cl)cccc1Cl,COC(=O)NC(C)C(=O)NC(CC(=O)O)C(=O)COC(=O)c1c(Cl)cccc1Cl,ALQPNLIBLXFECQ-UHFFFAOYSA-N,ALQPNLIBLXFECQ,eligible,449.243,1.423,148.1,3,7,9,29,1,0.4798,0,1,1
LIB_ALRUDUYFOUUQSJ,ChEMBL,CHEMBL1087487,CHEMBL1087487,https://www.ebi.ac.uk/chembl/compound_report_card/CHEMBL1087487/,Nc1ccc(C2SCC(=O)N2NC(=O)CSc2nc3ccccc3[nH]2)cc1,Nc1ccc(C2SCC(=O)N2NC(=O)CSc2nc3ccccc3[nH]2)cc1,Nc1ccc(C2SCC(=O)N2NC(=O)CSc2nc3ccccc3[nH]2)cc1,ALRUDUYFOUUQSJ-UHFFFAOYSA-N,ALRUDUYFOUUQSJ,eligible,399.501,2.543,104.11,3,6,5,27,4,0.4499,0,1,1
LIB_ALSZSBJXLWUUGS,ChEMBL,CHEMBL10481,CHEMBL10481,https://www.ebi.ac.uk/chembl/compound_report_card/CHEMBL10481/,CC(O)(c1ccccc1)C(O)(Cn1cncn1)c1ccc(Cl)cc1Cl,CC(O)(c1ccccc1)C(O)(Cn1cncn1)c1ccc(Cl)cc1Cl,CC(O)(c1ccccc1)C(O)(Cn1cncn1)c1ccc(Cl)cc1Cl,ALSZSBJXLWUUGS-UHFFFAOYSA-N,ALSZSBJXLWUUGS,eligible,378.259,3.38,71.17,2,4,5,25,3,0.7142,0,1,1
LIB_ALUUTSZMHKEPEI,ChEMBL,CHEMBL1081314,CHEMBL1081314,https://www.ebi.ac.uk/chembl/compound_report_card/CHEMBL1081314/,CO[C@@H]1O[C@@H](O)[C@H]2C3C[C@H]4c5[nH]c6ccccc6c5C[C@@H]([C@@H]31)N4[C@H]2C,CO[C@@H]1O[C@@H](O)[C@H]2C3C[C@H]4c5[nH]c6ccccc6c5C[C@@H]([C@@H]31)N4[C@H]2C,COC1OC(O)C2C3CC4c5[nH]c6ccccc6c5CC(C13)N4C2C,ALUUTSZMHKEPEI-XQZKUMGPSA-N,ALUUTSZMHKEPEI,eligible,340.423,2.411,57.72,2,4,1,25,7,0.837,0,1,1
LIB_ALWKGYPQUAPLQC,ChEMBL,CHEMBL211471,CHEMBL211471;CHEMBL278020,https://www.ebi.ac.uk/chembl/compound_report_card/CHEMBL211471/,CN(C)C(=O)Oc1cccc([N+](C)(C)C)c1.COS(=O)(=O)[O-],CN(C)C(=O)Oc1cccc([N+](C)(C)C)c1,CN(C)C(=O)Oc1cccc([N+](C)(C)C)c1,ALWKGYPQUAPLQC-UHFFFAOYSA-N,ALWKGYPQUAPLQC,eligible,223.296,1.944,29.54,0,2,2,16,1,0.7171,1,2,1
LIB_ALYLZBHAZKKANS,ChEMBL,CHEMBL1086508,CHEMBL1086508,https://www.ebi.ac.uk/chembl/compound_report_card/CHEMBL1086508/,Cc1nc(Nc2c(Cl)cc(C(F)(F)F)cc2Cl)c(=O)n(C(C)C2CC2)n1,Cc1nc(Nc2c(Cl)cc(C(F)(F)F)cc2Cl)c(=O)n(C(C)C2CC2)n1,Cc1nc(Nc2c(Cl)cc(C(F)(F)F)cc2Cl)c(=O)n(C(C)C2CC2)n1,ALYLZBHAZKKANS-UHFFFAOYSA-N,ALYLZBHAZKKANS,eligible,407.223,4.987,59.81,1,4,4,26,3,0.7763,0,1,1
LIB_ALYOWQBRPGWMST,ChEMBL,CHEMBL1084807,CHEMBL1084807,https://www.ebi.ac.uk/chembl/compound_report_card/CHEMBL1084807/,CN(CC1CCNCC1)S(=O)(=O)c1ccccc1-c1cccc(Cl)c1,CN(CC1CCNCC1)S(=O)(=O)c1ccccc1-c1cccc(Cl)c1,CN(CC1CCNCC1)S(=O)(=O)c1ccccc1-c1cccc(Cl)c1,ALYOWQBRPGWMST-UHFFFAOYSA-N,ALYOWQBRPGWMST,eligible,378.925,3.627,49.41,1,3,5,25,3,0.8638,0,1,1
LIB_AMBFNDRKYCJLNH,ChEMBL,CHEMBL10598,CHEMBL10598,https://www.ebi.ac.uk/chembl/compound_report_card/CHEMBL10598/,C1CCN(CCCN2CCCCC2)CC1,C1CCN(CCCN2CCCCC2)CC1,C1CCN(CCCN2CCCCC2)CC1,AMBFNDRKYCJLNH-UHFFFAOYSA-N,AMBFNDRKYCJLNH,eligible,210.365,2.348,6.48,0,2,4,15,2,0.7026,0,1,1
LIB_AMCHTRQFBMRLJJ,ChEMBL,CHEMBL10232,CHEMBL10232,https://www.ebi.ac.uk/chembl/compound_report_card/CHEMBL10232/,CCSc1ccnc(C[S+]([O-])c2nc3ccccc3n2COC(=O)C(C)(C)C)c1C,CCSc1ccnc(C[S+]([O-])c2nc3ccccc3n2COC(=O)C(C)(C)C)c1C,CCSc1ccnc(C[S+]([O-])c2nc3ccccc3n2COC(=O)C(C)(C)C)c1C,AMCHTRQFBMRLJJ-UHFFFAOYSA-N,AMCHTRQFBMRLJJ,eligible,445.61,4.706,80.07,0,6,7,30,3,0.2977,0,1,1
LIB_AMDMXQGFNNEHFL,ChEMBL,CHEMBL1084103,CHEMBL1084103,https://www.ebi.ac.uk/chembl/compound_report_card/CHEMBL1084103/,O=C(O)/C=C1/C(=O)N(CC2CCCC2)c2c(F)cccc21,O=C(O)/C=C1/C(=O)N(CC2CCCC2)c2c(F)cccc21,O=C(O)C=C1C(=O)N(CC2CCCC2)c2c(F)cccc21,AMDMXQGFNNEHFL-XYOKQWHBSA-N,AMDMXQGFNNEHFL,eligible,289.306,2.831,57.61,1,2,3,21,3,0.8705,0,1,1
LIB_AMGFGFJRZMRLQW,ChEMBL,CHEMBL102542,CHEMBL102542,https://www.ebi.ac.uk/chembl/compound_report_card/CHEMBL102542/,CC(C)C#C[C@]1(C(F)(F)F)OC(=O)Nc2ccc([N+](=O)[O-])cc21,CC(C)C#C[C@]1(C(F)(F)F)OC(=O)Nc2ccc([N+](=O)[O-])cc21,CC(C)C#CC1(C(F)(F)F)OC(=O)Nc2ccc([N+](=O)[O-])cc21,AMGFGFJRZMRLQW-ZDUSSCGKSA-N,AMGFGFJRZMRLQW,eligible,328.246,3.574,81.47,1,4,1,23,2,0.4853,0,1,1
LIB_AMHTXZYACHSBPO,ChEMBL,CHEMBL1086426,CHEMBL1086426,https://www.ebi.ac.uk/chembl/compound_report_card/CHEMBL1086426/,CCCC(=O)Nc1n[nH]c2cc(-c3ccc(Cl)cc3)ccc12,CCCC(=O)Nc1[nH]nc2cc(-c3ccc(Cl)cc3)ccc12,CCCC(=O)Nc1[nH]nc2cc(-c3ccc(Cl)cc3)ccc12,AMHTXZYACHSBPO-UHFFFAOYSA-N,AMHTXZYACHSBPO,eligible,313.788,4.622,57.78,2,2,4,22,3,0.7379,0,1,1
LIB_AMJAPVGWRMDUBI,ChEMBL,CHEMBL1080494,CHEMBL1080494,https://www.ebi.ac.uk/chembl/compound_report_card/CHEMBL1080494/,O=C(Nc1ccc(C(F)(F)F)cc1)c1ccc(C(F)(F)P(=O)(O)O)cc1,O=C(Nc1ccc(C(F)(F)F)cc1)c1ccc(C(F)(F)P(=O)(O)O)cc1,O=C(Nc1ccc(C(F)(F)F)cc1)c1ccc(C(F)(F)P(=O)(O)O)cc1,AMJAPVGWRMDUBI-UHFFFAOYSA-N,AMJAPVGWRMDUBI,eligible,395.22,4.185,86.63,3,2,4,26,2,0.5355,0,1,1
LIB_AMJHQUUPKWXGCD,ChEMBL,CHEMBL1083470,CHEMBL1083470,https://www.ebi.ac.uk/chembl/compound_report_card/CHEMBL1083470/,O=C(COc1ccc(OCCOc2ccccc2)cc1)Cn1ccc2cc(C(=O)O)ccc21,O=C(COc1ccc(OCCOc2ccccc2)cc1)Cn1ccc2cc(C(=O)O)ccc21,O=C(COc1ccc(OCCOc2ccccc2)cc1)Cn1ccc2cc(C(=O)O)ccc21,AMJHQUUPKWXGCD-UHFFFAOYSA-N,AMJHQUUPKWXGCD,eligible,445.471,4.445,86.99,1,5,11,33,4,0.3435,0,1,1
LIB_AMJISXIYLMPLLU,ChEMBL,CHEMBL1087387,CHEMBL1087387,https://www.ebi.ac.uk/chembl/compound_report_card/CHEMBL1087387/,COc1ccc(-c2c3c(=O)n(C)c(=O)n(C)c3c3n2-c2ccccc2NC3c2cc(O)ccc2O)cc1,COc1ccc(-c2c3c(=O)n(C)c(=O)n(C)c3c3n2-c2ccccc2NC3c2cc(O)ccc2O)cc1,COc1ccc(-c2c3c(=O)n(C)c(=O)n(C)c3c3n2-c2ccccc2NC3c2cc(O)ccc2O)cc1,AMJISXIYLMPLLU-UHFFFAOYSA-N,AMJISXIYLMPLLU,eligible,496.523,3.63,110.65,3,6,3,37,6,0.3292,0,1,1
LIB_AMJXDVGSNMIOFV,ChEMBL,CHEMBL1085360,CHEMBL1085360,https://www.ebi.ac.uk/chembl/compound_report_card/CHEMBL1085360/,CC(=O)c1ccc(/C=C/C(=O)Nc2ccc(-c3nc4ccc(C#N)cc4n3O)cc2)cc1,CC(=O)c1ccc(/C=C/C(=O)Nc2ccc(-c3nc4ccc(C#N)cc4n3O)cc2)cc1,CC(=O)c1ccc(C=CC(=O)Nc2ccc(-c3nc4ccc(C#N)cc4n3O)cc2)cc1,AMJXDVGSNMIOFV-WLRTZDKTSA-N,AMJXDVGSNMIOFV,eligible,422.444,4.667,108.01,2,5,5,32,4,0.2761,0,1,1
LIB_AMKIVZZYMQEORC,ChEMBL,CHEMBL1080618,CHEMBL1080618,https://www.ebi.ac.uk/chembl/compound_report_card/CHEMBL1080618/,O=C1Nc2ccccc2/C1=N/NC(=O)c1cc([N+](=O)[O-])ccc1O,O=C(N=Nc1c(O)[nH]c2ccccc12)c1cc([N+](=O)[O-])ccc1O,O=C(N=Nc1c(O)[nH]c2ccccc12)c1cc([N+](=O)[O-])ccc1O,AMKIVZZYMQEORC-UHFFFAOYSA-N,AMKIVZZYMQEORC,eligible,326.268,3.411,141.18,3,6,3,24,3,0.3839,0,1,1
LIB_AMKKYYBUIIENSF,ChEMBL,CHEMBL107781,CHEMBL107781,https://www.ebi.ac.uk/chembl/compound_report_card/CHEMBL107781/,O=C(O)CCCCCCc1csc(CCCc2ccc(O)cc2)c1,O=C(O)CCCCCCc1csc(CCCc2ccc(O)cc2)c1,O=C(O)CCCCCCc1csc(CCCc2ccc(O)cc2)c1,AMKKYYBUIIENSF-UHFFFAOYSA-N,AMKKYYBUIIENSF,eligible,346.492,5.207,57.53,2,3,11,24,2,0.5494,0,1,1
LIB_AMKVXSZCKVJAGH,ChEMBL,CHEMBL1200601,CHEMBL1200601;CHEMBL1278,https://www.ebi.ac.uk/chembl/compound_report_card/CHEMBL1200601/,CNS(=O)(=O)CCc1ccc2[nH]cc(C3CCN(C)CC3)c2c1.Cl,CNS(=O)(=O)CCc1ccc2[nH]cc(C3CCN(C)CC3)c2c1,CNS(=O)(=O)CCc1ccc2[nH]cc(C3CCN(C)CC3)c2c1,AMKVXSZCKVJAGH-UHFFFAOYSA-N,AMKVXSZCKVJAGH,eligible,335.473,2.069,65.2,2,3,5,23,3,0.879,0,2,1
LIB_AMLLKGOZJKLVGB,ChEMBL,CHEMBL102503,CHEMBL102503,https://www.ebi.ac.uk/chembl/compound_report_card/CHEMBL102503/,Cc1cn(CC2CCCCCC2)c2cc(C(=O)Nc3c(Cl)c[n+]([O-])cc3Cl)ccc12,Cc1cn(CC2CCCCCC2)c2cc(C(=O)Nc3c(Cl)c[n+]([O-])cc3Cl)ccc12,Cc1cn(CC2CCCCCC2)c2cc(C(=O)Nc3c(Cl)c[n+]([O-])cc3Cl)ccc12,AMLLKGOZJKLVGB-UHFFFAOYSA-N,AMLLKGOZJKLVGB,eligible,446.378,6.113,60.97,1,2,4,30,4,0.2986,0,1,1
LIB_AMMPGYPPRLWMLW,ChEMBL,CHEMBL108064,CHEMBL108064,https://www.ebi.ac.uk/chembl/compound_report_card/CHEMBL108064/,CCOc1ccc([N+](=O)[O-])cc1N,CCOc1ccc([N+](=O)[O-])cc1N,CCOc1ccc([N+](=O)[O-])cc1N,AMMPGYPPRLWMLW-UHFFFAOYSA-N,AMMPGYPPRLWMLW,eligible,182.179,1.576,78.39,1,4,3,13,1,0.4369,0,1,1
LIB_AMNUPFUBKBXYOX,ChEMBL,CHEMBL104624,CHEMBL104624,https://www.ebi.ac.uk/chembl/compound_report_card/CHEMBL104624/,Cc1nc2ccc(CN(CCO)c3ccc(C(=O)N[C@@H](CCC(=O)O)C(=O)O)cc3F)cc2c(=O)[nH]1,Cc1nc(=O)c2cc(CN(CCO)c3ccc(C(=O)NC(CCC(=O)O)C(=O)O)cc3F)ccc2[nH]1,Cc1nc(=O)c2cc(CN(CCO)c3ccc(C(=O)NC(CCC(=O)O)C(=O)O)cc3F)ccc2[nH]1,AMNUPFUBKBXYOX-UHFFFAOYSA-N,AMNUPFUBKBXYOX,eligible,500.483,1.417,172.92,5,7,11,36,3,0.2609,0,1,1
LIB_AMPDVLJTHKQJOP,ChEMBL,CHEMBL104568,CHEMBL104568,https://www.ebi.ac.uk/chembl/compound_report_card/CHEMBL104568/,Oc1c(-c2ccsc2)cnc2c(-c3ccccn3)cnn12,O=c1c(-c2ccsc2)c[nH]c2c(-c3ccccn3)cnn12,O=c1c(-c2ccsc2)c[nH]c2c(-c3ccccn3)cnn12,AMPDVLJTHKQJOP-UHFFFAOYSA-N,AMPDVLJTHKQJOP,eligible,294.339,2.813,63.05,1,4,2,21,4,0.6181,0,1,1
LIB_AMQVSNYSXMXKSD,ChEMBL,CHEMBL1086915,CHEMBL1086915,https://www.ebi.ac.uk/chembl/compound_report_card/CHEMBL1086915/,Cc1ccc2c(c1)C1(Nc3ccccc3S1)C(=O)N2C,Cc1ccc2c(c1)C1(Nc3ccccc3S1)C(=O)N2C,Cc1ccc2c(c1)C1(Nc3ccccc3S1)C(=O)N2C,AMQVSNYSXMXKSD-UHFFFAOYSA-N,AMQVSNYSXMXKSD,eligible,282.368,3.342,32.34,1,3,0,20,4,0.804,0,1,1
LIB_AMQWUBPMEUNWCK,ChEMBL,CHEMBL1082386,CHEMBL1082386,https://www.ebi.ac.uk/chembl/compound_report_card/CHEMBL1082386/,N#Cc1cccc(-c2nnc(N3CCN(C(=O)c4ccccc4)CC3)c3ccccc23)c1,N#Cc1cccc(-c2nnc(N3CCN(C(=O)c4ccccc4)CC3)c3ccccc23)c1,N#Cc1cccc(-c2nnc(N3CCN(C(=O)c4ccccc4)CC3)c3ccccc23)c1,AMQWUBPMEUNWCK-UHFFFAOYSA-N,AMQWUBPMEUNWCK,eligible,419.488,4.131,73.12,0,5,3,32,5,0.4992,0,1,1
LIB_AMRRXWBRMUATPJ,ChEMBL,CHEMBL107627,CHEMBL107627,https://www.ebi.ac.uk/chembl/compound_report_card/CHEMBL107627/,CN(C)C(=O)N1CCN(C(=O)[C@@H](Cc2cccc(C(=N)N)c2)NS(=O)(=O)c2ccc3ccccc3c2)CC1,CN(C)C(=O)N1CCN(C(=O)C(Cc2cccc(C(=N)N)c2)NS(=O)(=O)c2ccc3ccccc3c2)CC1,CN(C)C(=O)N1CCN(C(=O)C(Cc2cccc(C(=N)N)c2)NS(=O)(=O)c2ccc3ccccc3c2)CC1,AMRRXWBRMUATPJ-UHFFFAOYSA-N,AMRRXWBRMUATPJ,eligible,536.658,1.839,139.9,3,5,7,38,4,0.3123,0,1,1
LIB_AMRZCARGTNPWTE,ChEMBL,CHEMBL1083741,CHEMBL1083741;CHEMBL1085233,https://www.ebi.ac.uk/chembl/compound_report_card/CHEMBL1083741/,CNC[C@H](C)CN1c2ccccc2N(c2ccccc2F)S1(=O)=O,CNC[C@H](C)CN1c2ccccc2N(c2ccccc2F)S1(=O)=O,CNCC(C)CN1c2ccccc2N(c2ccccc2F)S1(=O)=O,AMRZCARGTNPWTE-ZDUSSCGKSA-N,AMRZCARGTNPWTE,eligible,349.431,2.884,52.65,1,3,5,24,3,0.903,0,2,2
LIB_AMSBRQDLADKBGS,ChEMBL,CHEMBL2103774,CHEMBL2103774,https://www.ebi.ac.uk/chembl/compound_report_card/CHEMBL2103774/,C#C[C@]1(O)CC[C@H]2[C@@H]3[C@H](C)CC4=C(CCC(=O)C4)[C@H]3CC[C@@]21C,C#C[C@]1(O)CC[C@H]2[C@@H]3[C@H](C)C=C4CC(=O)CCC4[C@H]3CC[C@@]21C,C#CC1(O)CCC2C3C(C)C=C4CC(=O)CCC4C3CCC21C,AMSBRQDLADKBGS-WKBNKQBUSA-N,AMSBRQDLADKBGS,eligible,312.453,3.739,37.3,1,2,0,23,4,0.5464,0,1,1
LIB_AMSDLHMBLLSAKF,ChEMBL,CHEMBL1079942,CHEMBL1079942,https://www.ebi.ac.uk/chembl/compound_report_card/CHEMBL1079942/,CNC(=O)CN1N=C(c2ccccc2)C2(CCN(C3CCC4CCCCC4C3)CC2)C1=O,CNC(=O)CN1N=C(c2ccccc2)C2(CCN(C3CCC4CCCCC4C3)CC2)C1=O,CNC(=O)CN1N=C(c2ccccc2)C2(CCN(C3CCC4CCCCC4C3)CC2)C1=O,AMSDLHMBLLSAKF-UHFFFAOYSA-N,AMSDLHMBLLSAKF,eligible,436.6,3.42,65.01,1,4,4,32,5,0.7866,0,1,1
LIB_AMSFCOQDMBAQPY,ChEMBL,CHEMBL107776,CHEMBL107776,https://www.ebi.ac.uk/chembl/compound_report_card/CHEMBL107776/,c1ccc(C2Cc3ccccc3OC2c2ccc(OCCN3CCCC3)cc2)cc1,c1ccc(C2Cc3ccccc3OC2c2ccc(OCCN3CCCC3)cc2)cc1,c1ccc(C2Cc3ccccc3OC2c2ccc(OCCN3CCCC3)cc2)cc1,AMSFCOQDMBAQPY-UHFFFAOYSA-N,AMSFCOQDMBAQPY,eligible,399.534,5.621,21.7,0,3,6,30,5,0.5368,0,1,1
LIB_AMSHQIJWLNTKFM,ChEMBL,CHEMBL100346,CHEMBL100346,https://www.ebi.ac.uk/chembl/compound_report_card/CHEMBL100346/,CCCn1c(=O)c2c(nnn2C2CCCC2)n(CCC)c1=O,CCCn1c(=O)c2c(nnn2C2CCCC2)n(CCC)c1=O,CCCn1c(=O)c2c(nnn2C2CCCC2)n(CCC)c1=O,AMSHQIJWLNTKFM-UHFFFAOYSA-N,AMSHQIJWLNTKFM,eligible,305.382,1.69,74.71,0,4,5,22,3,0.8422,0,1,1
LIB_AMSLPJFEACTIPG,ChEMBL,CHEMBL100627,CHEMBL100627,https://www.ebi.ac.uk/chembl/compound_report_card/CHEMBL100627/,CCOCCC(O)(C(=O)OC1CN2CCC1CC2)c1ccccc1,CCOCCC(O)(C(=O)OC1CN2CCC1CC2)c1ccccc1,CCOCCC(O)(C(=O)OC1CN2CCC1CC2)c1ccccc1,AMSLPJFEACTIPG-UHFFFAOYSA-N,AMSLPJFEACTIPG,eligible,333.428,1.938,59.0,1,5,7,24,4,0.6103,0,1,1
LIB_AMSOYQJUEOSAIM,ChEMBL,CHEMBL1085586,CHEMBL1085586,https://www.ebi.ac.uk/chembl/compound_report_card/CHEMBL1085586/,COc1ccc(Cn2ncc3c4sc(C)cc4n(C)c3c2=O)cc1F,COc1ccc(Cn2ncc3c4sc(C)cc4n(C)c3c2=O)cc1F,COc1ccc(Cn2ncc3c4sc(C)cc4n(C)c3c2=O)cc1F,AMSOYQJUEOSAIM-UHFFFAOYSA-N,AMSOYQJUEOSAIM,eligible,357.41,3.454,49.05,0,4,3,25,4,0.5642,0,1,1
LIB_AMTIHSCEDFXUFY,ChEMBL,CHEMBL1083964,CHEMBL1083964,https://www.ebi.ac.uk/chembl/compound_report_card/CHEMBL1083964/,O=C(O)c1ccc(N2C(=O)c3ccc(C(=O)Nc4cc(Cl)ccc4C(=O)O)cc3C2=O)cc1,O=C(O)c1ccc(N2C(=O)c3ccc(C(=O)Nc4cc(Cl)ccc4C(=O)O)cc3C2=O)cc1,O=C(O)c1ccc(N2C(=O)c3ccc(C(=O)Nc4cc(Cl)ccc4C(=O)O)cc3C2=O)cc1,AMTIHSCEDFXUFY-UHFFFAOYSA-N,AMTIHSCEDFXUFY,eligible,464.817,3.789,141.08,3,5,5,33,4,0.4875,0,1,1
LIB_AMTUZBQEVMVBAQ,ChEMBL,CHEMBL104687,CHEMBL104687,https://www.ebi.ac.uk/chembl/compound_report_card/CHEMBL104687/,O=S(=O)(O)Cc1ccc(Nc2c3ccccc3nc3ccccc23)cc1,O=S(=O)(O)Cc1ccc(Nc2c3ccccc3nc3ccccc23)cc1,O=S(=O)(O)Cc1ccc(Nc2c3ccccc3nc3ccccc23)cc1,AMTUZBQEVMVBAQ-UHFFFAOYSA-N,AMTUZBQEVMVBAQ,eligible,364.426,4.519,79.29,2,4,4,26,4,0.4111,0,1,1
LIB_AMULEMYYQGJZNA,ChEMBL,CHEMBL1085875,CHEMBL1085875,https://www.ebi.ac.uk/chembl/compound_report_card/CHEMBL1085875/,CC(Cc1ccn(-c2ccc(O)cn2)n1)C(=O)Nc1ccccc1C(=O)O,CC(Cc1ccn(-c2ccc(O)cn2)n1)C(=O)Nc1ccccc1C(=O)O,CC(Cc1ccn(-c2ccc(O)cn2)n1)C(=O)Nc1ccccc1C(=O)O,AMULEMYYQGJZNA-UHFFFAOYSA-N,AMULEMYYQGJZNA,eligible,366.377,2.488,117.34,3,5,6,27,3,0.6169,0,1,1
LIB_AMVNYDVJRLXRQL,ChEMBL,CHEMBL1084229,CHEMBL1084229,https://www.ebi.ac.uk/chembl/compound_report_card/CHEMBL1084229/,O=C(O)C[C@@H]1c2ccccc2C[C@H]1NC(=O)c1cc2cc(Cl)c(F)cc2[nH]1,O=C(O)C[C@@H]1c2ccccc2C[C@H]1NC(=O)c1cc2cc(Cl)c(F)cc2[nH]1,O=C(O)CC1c2ccccc2CC1NC(=O)c1cc2cc(Cl)c(F)cc2[nH]1,AMVNYDVJRLXRQL-CXAGYDPISA-N,AMVNYDVJRLXRQL,eligible,386.81,3.873,82.19,3,2,4,27,4,0.6361,0,1,1
LIB_AMYLLOJWQBBTOY,ChEMBL,CHEMBL1081892,CHEMBL1081892,https://www.ebi.ac.uk/chembl/compound_report_card/CHEMBL1081892/,O=C(Nc1ccc(Cl)c(-c2nc3ccccc3[nH]2)c1)c1ccc(Br)o1,O=C(Nc1ccc(Cl)c(-c2nc3ccccc3[nH]2)c1)c1ccc(Br)o1,O=C(Nc1ccc(Cl)c(-c2nc3ccccc3[nH]2)c1)c1ccc(Br)o1,AMYLLOJWQBBTOY-UHFFFAOYSA-N,AMYLLOJWQBBTOY,eligible,416.662,5.491,70.92,2,3,3,25,4,0.4637,0,1,1
LIB_AMZWJMVHRUVIEY,ChEMBL,CHEMBL101463,CHEMBL101463,https://www.ebi.ac.uk/chembl/compound_report_card/CHEMBL101463/,COc1cc(N/C(=N/c2cccc(CNC(=O)O[C@H]3CCOC3)c2)NC#N)ccc1-c1cnco1,COc1cc(N=C(NC#N)Nc2cccc(CNC(=O)O[C@H]3CCOC3)c2)ccc1-c1cnco1,COc1cc(N=C(NC#N)Nc2cccc(CNC(=O)OC3CCOC3)c2)ccc1-c1cnco1,AMZWJMVHRUVIEY-IBGZPJMESA-N,AMZWJMVHRUVIEY,eligible,476.493,3.536,143.03,3,8,7,35,4,0.2019,0,1,1
LIB_ANALMOIRDVWBSA,ChEMBL,CHEMBL1081370,CHEMBL1081370,https://www.ebi.ac.uk/chembl/compound_report_card/CHEMBL1081370/,CC[N+](C)(CC)CCCNC(=O)C1=C(O)c2ccccc2S(=O)(=O)N1C.[I-],CC[N+](C)(CC)CCCNC(=O)C1C(=O)c2ccccc2S(=O)(=O)N1C,CC[N+](C)(CC)CCCNC(=O)C1C(=O)c2ccccc2S(=O)(=O)N1C,ANALMOIRDVWBSA-UHFFFAOYSA-O,ANALMOIRDVWBSA,eligible,382.506,0.865,83.55,1,4,7,26,2,0.4308,1,1,1
LIB_ANARSAAFHJUWIH,ChEMBL,CHEMBL1080135,CHEMBL1080135,https://www.ebi.ac.uk/chembl/compound_report_card/CHEMBL1080135/,c1ccc2c(c1)CC(c1nc3ccc(-c4ccncc4)cc3s1)CO2,c1ccc2c(c1)CC(c1nc3ccc(-c4ccncc4)cc3s1)CO2,c1ccc2c(c1)CC(c1nc3ccc(-c4ccncc4)cc3s1)CO2,ANARSAAFHJUWIH-UHFFFAOYSA-N,ANARSAAFHJUWIH,eligible,344.439,5.077,35.01,0,4,2,25,5,0.5087,0,1,1
LIB_ANBDOUDERJFOEE,ChEMBL,CHEMBL100351,CHEMBL100351,https://www.ebi.ac.uk/chembl/compound_report_card/CHEMBL100351/,CS(=O)(=O)Nc1cc([C@@H](O)CNCC2CCN(S(=O)(=O)c3ccc(-n4ccc5c(C(=O)O)cccc54)cc3)CC2)ccc1O,CS(=O)(=O)Nc1cc([C@@H](O)CNCC2CCN(S(=O)(=O)c3ccc(-n4ccc5c(C(=O)O)cccc54)cc3)CC2)ccc1O,CS(=O)(=O)Nc1cc(C(O)CNCC2CCN(S(=O)(=O)c3ccc(-n4ccc5c(C(=O)O)cccc54)cc3)CC2)ccc1O,ANBDOUDERJFOEE-LJAQVGFWSA-N,ANBDOUDERJFOEE,eligible,642.756,3.13,178.27,5,8,11,44,5,0.1538,0,1,1
LIB_ANCZDJPRPQIWHV,ChEMBL,CHEMBL105776,CHEMBL105776,https://www.ebi.ac.uk/chembl/compound_report_card/CHEMBL105776/,COc1ccc(CC2=CCC(C)CC2)cc1,COc1ccc(CC2=CCC(C)CC2)cc1,COc1ccc(CC2=CCC(C)CC2)cc1,ANCZDJPRPQIWHV-UHFFFAOYSA-N,ANCZDJPRPQIWHV,eligible,216.324,3.984,9.23,0,1,3,16,2,0.6942,0,1,1
LIB_ANEFFJLFCWAALP,ChEMBL,CHEMBL104312,CHEMBL104312,https://www.ebi.ac.uk/chembl/compound_report_card/CHEMBL104312/,NCc1ccc(NC(=O)Nc2ccc(Nc3c4ccccc4nc4ccccc34)cc2)cc1,NCc1ccc(NC(=O)Nc2ccc(Nc3c4ccccc4nc4ccccc34)cc2)cc1,NCc1ccc(NC(=O)Nc2ccc(Nc3c4ccccc4nc4ccccc34)cc2)cc1,ANEFFJLFCWAALP-UHFFFAOYSA-N,ANEFFJLFCWAALP,eligible,433.515,6.234,92.07,4,4,5,33,5,0.2471,0,1,1
LIB_ANFLEJCWDWZJHQ,ChEMBL,CHEMBL1076224,CHEMBL1076224,https://www.ebi.ac.uk/chembl/compound_report_card/CHEMBL1076224/,COc1ccc(-c2cc(C(=O)N3CCN(C4CCN(C(=O)C5CCN(C(C)=O)CC5)CC4)CC3)cc(-c3ccc(OC)cc3)n2)cc1,COc1ccc(-c2cc(C(=O)N3CCN(C4CCN(C(=O)C5CCN(C(C)=O)CC5)CC4)CC3)cc(-c3ccc(OC)cc3)n2)cc1,COc1ccc(-c2cc(C(=O)N3CCN(C4CCN(C(=O)C5CCN(C(C)=O)CC5)CC4)CC3)cc(-c3ccc(OC)cc3)n2)cc1,ANFLEJCWDWZJHQ-UHFFFAOYSA-N,ANFLEJCWDWZJHQ,eligible,639.797,4.44,95.52,0,7,7,47,6,0.3774,0,1,1
LIB_ANGKOCUUWGHLCE,ChEMBL,CHEMBL1201027,CHEMBL1201027;CHEMBL1201335;CHEMBL3707243,https://www.ebi.ac.uk/chembl/compound_report_card/CHEMBL1201027/,C[N+]1(C)CCC(OC(=O)C(O)(c2ccccc2)C2CCCC2)C1.[Br-],C[N+]1(C)CCC(OC(=O)C(O)(c2ccccc2)C2CCCC2)C1,C[N+]1(C)CCC(OC(=O)C(O)(c2ccccc2)C2CCCC2)C1,ANGKOCUUWGHLCE-UHFFFAOYSA-N,ANGKOCUUWGHLCE,eligible,318.437,2.456,46.53,1,3,4,23,3,0.6851,1,3,1
LIB_ANGLIRBRVUCNTD,ChEMBL,CHEMBL1077095,CHEMBL1077095,https://www.ebi.ac.uk/chembl/compound_report_card/CHEMBL1077095/,CC1=C(C(=O)Nc2cccc([N+](=O)[O-])c2)C(c2ccc(O)cc2O)NC(NN)=N1,CC1=NC(NN)=NC(c2ccc(O)cc2O)C1C(=O)Nc1cccc([N+](=O)[O-])c1,CC1=NC(NN)=NC(c2ccc(O)cc2O)C1C(=O)Nc1cccc([N+](=O)[O-])c1,ANGLIRBRVUCNTD-UHFFFAOYSA-N,ANGLIRBRVUCNTD,eligible,398.379,1.596,175.47,5,9,4,29,3,0.295,0,1,1
LIB_ANHWCAHXALYTNY,ChEMBL,CHEMBL1085434,CHEMBL1085434,https://www.ebi.ac.uk/chembl/compound_report_card/CHEMBL1085434/,O=C(O)c1ccccc1-c1ccc(CCc2ncc(Cc3ccccc3)[nH]2)cc1,O=C(O)c1ccccc1-c1ccc(CCc2nc(Cc3ccccc3)c[nH]2)cc1,O=C(O)c1ccccc1-c1ccc(CCc2nc(Cc3ccccc3)c[nH]2)cc1,ANHWCAHXALYTNY-UHFFFAOYSA-N,ANHWCAHXALYTNY,eligible,382.463,5.151,65.98,2,2,7,29,4,0.4644,0,1,1
LIB_ANJHIOPHDYRPPG,ChEMBL,CHEMBL102618,CHEMBL102618,https://www.ebi.ac.uk/chembl/compound_report_card/CHEMBL102618/,CCn1cc(C(=O)O)c(=O)c2cc(F)c(N3CCN(c4ccccc4)CC3)nc21,CCn1cc(C(=O)O)c(=O)c2cc(F)c(N3CCN(c4ccccc4)CC3)nc21,CCn1cc(C(=O)O)c(=O)c2cc(F)c(N3CCN(c4ccccc4)CC3)nc21,ANJHIOPHDYRPPG-UHFFFAOYSA-N,ANJHIOPHDYRPPG,eligible,396.422,2.58,78.67,1,5,4,29,4,0.7304,0,1,1
LIB_ANJWGYQQGXYHGI,ChEMBL,CHEMBL1083053,CHEMBL1083053,https://www.ebi.ac.uk/chembl/compound_report_card/CHEMBL1083053/,CC(C)c1ccccc1OCC(O)CN1CCN(CCN2C(=O)c3cccc4cccc(c34)C2=O)CC1,CC(C)c1ccccc1OCC(O)CN1CCN(CCN2C(=O)c3cccc4cccc(c34)C2=O)CC1,CC(C)c1ccccc1OCC(O)CN1CCN(CCN2C(=O)c3cccc4cccc(c34)C2=O)CC1,ANJWGYQQGXYHGI-UHFFFAOYSA-N,ANJWGYQQGXYHGI,eligible,501.627,3.617,73.32,1,6,9,37,5,0.4518,0,1,1
LIB_ANKIDBINXHGJGY,ChEMBL,CHEMBL1081793,CHEMBL1081793,https://www.ebi.ac.uk/chembl/compound_report_card/CHEMBL1081793/,CCN1CCCC(n2cc(S(=O)(=O)c3cccc(F)c3)c3cc(OC)ccc32)C1,CCN1CCCC(n2cc(S(=O)(=O)c3cccc(F)c3)c3cc(OC)ccc32)C1,CCN1CCCC(n2cc(S(=O)(=O)c3cccc(F)c3)c3cc(OC)ccc32)C1,ANKIDBINXHGJGY-UHFFFAOYSA-N,ANKIDBINXHGJGY,eligible,416.518,4.279,51.54,0,4,5,29,4,0.623,0,1,1
LIB_ANKJWJIXGDRTCM,ChEMBL,CHEMBL106488,CHEMBL106488,https://www.ebi.ac.uk/chembl/compound_report_card/CHEMBL106488/,CN(CCc1ccccc1)C1CCN(C(=O)c2ccc3c(c2)NC(=O)CC3)CC1,CN(CCc1ccccc1)C1CCN(C(=O)c2ccc3c(c2)NC(=O)CC3)CC1,CN(CCc1ccccc1)C1CCN(C(=O)c2ccc3c(c2)NC(=O)CC3)CC1,ANKJWJIXGDRTCM-UHFFFAOYSA-N,ANKJWJIXGDRTCM,eligible,391.515,3.35,52.65,1,3,5,29,4,0.8504,0,1,1
LIB_ANLDBEZHIRNLQU,ChEMBL,CHEMBL10050,CHEMBL10050,https://www.ebi.ac.uk/chembl/compound_report_card/CHEMBL10050/,O=c1oc(Nc2ccccc2Cl)nc2ccccc12,O=c1oc(Nc2ccccc2Cl)nc2ccccc12,O=c1oc(Nc2ccccc2Cl)nc2ccccc12,ANLDBEZHIRNLQU-UHFFFAOYSA-N,ANLDBEZHIRNLQU,eligible,272.691,3.585,55.13,1,4,2,19,3,0.7745,0,1,1
LIB_ANLNFRWXCULLSI,ChEMBL,CHEMBL102311,CHEMBL102311,https://www.ebi.ac.uk/chembl/compound_report_card/CHEMBL102311/,COc1ccccc1C(=O)Nc1ccc(C(=O)N2CCC3(C=CCCC3)Cc3ccccc32)cc1,COc1ccccc1C(=O)Nc1ccc(C(=O)N2CCC3(C=CCCC3)Cc3ccccc32)cc1,COc1ccccc1C(=O)Nc1ccc(C(=O)N2CCC3(C=CCCC3)Cc3ccccc32)cc1,ANLNFRWXCULLSI-UHFFFAOYSA-N,ANLNFRWXCULLSI,eligible,466.581,6.267,58.64,1,3,4,35,5,0.4614,0,1,1
LIB_ANMLJLFWUCQGKZ,ChEMBL,CHEMBL1081506,CHEMBL1081506,https://www.ebi.ac.uk/chembl/compound_report_card/CHEMBL1081506/,O=C1OC(OC(=O)c2cccnc2Nc2cccc(C(F)(F)F)c2)c2ccccc21,O=C1OC(OC(=O)c2cccnc2Nc2cccc(C(F)(F)F)c2)c2ccccc21,O=C1OC(OC(=O)c2cccnc2Nc2cccc(C(F)(F)F)c2)c2ccccc21,ANMLJLFWUCQGKZ-UHFFFAOYSA-N,ANMLJLFWUCQGKZ,eligible,414.339,4.87,77.52,1,6,4,30,4,0.6141,0,1,1
LIB_ANNNOIZFDGPVNC,ChEMBL,CHEMBL1080313,CHEMBL1080313,https://www.ebi.ac.uk/chembl/compound_report_card/CHEMBL1080313/,CC(=O)O[C@H]1CC[C@@]2(C)[C@H](CC[C@@H]3[C@@H]2CC[C@]2(C)[C@@H](C4=CC(=O)OC4)[C@@H](OC(C)=O)C[C@]32O)C1,CC(=O)O[C@H]1CC[C@@]2(C)[C@H](CC[C@@H]3[C@@H]2CC[C@]2(C)[C@@H](C4=CC(=O)OC4)[C@@H](OC(C)=O)C[C@]32O)C1,CC(=O)OC1CCC2(C)C(CCC3C2CCC2(C)C(C4=CC(=O)OC4)C(OC(C)=O)CC32O)C1,ANNNOIZFDGPVNC-ICIBFRGGSA-N,ANNNOIZFDGPVNC,eligible,474.594,3.717,99.13,1,7,3,34,5,0.4916,0,1,1
LIB_ANNYOXHYWHWCPU,ChEMBL,CHEMBL1077155,CHEMBL1077155,https://www.ebi.ac.uk/chembl/compound_report_card/CHEMBL1077155/,CCCCN(CC)C(=O)c1c(CC)nc2n1CCC(=O)N2c1c(C)cc(C)cc1C,CCCCN(CC)C(=O)c1c(CC)nc2n1CCC(=O)N2c1c(C)cc(C)cc1C,CCCCN(CC)C(=O)c1c(CC)nc2n1CCC(=O)N2c1c(C)cc(C)cc1C,ANNYOXHYWHWCPU-UHFFFAOYSA-N,ANNYOXHYWHWCPU,eligible,410.562,4.701,58.44,0,3,7,30,3,0.6646,0,1,1
LIB_ANOATQMQNXWZDT,ChEMBL,CHEMBL1078532,CHEMBL1078532,https://www.ebi.ac.uk/chembl/compound_report_card/CHEMBL1078532/,CC(C)C[C@H](NC(=O)CS)C(=O)N[C@H](C(N)=O)C(C)C,CC(C)CC(NC(=O)CS)C(=O)NC(C(N)=O)C(C)C,CC(C)CC(NC(=O)CS)C(=O)NC(C(N)=O)C(C)C,ANOATQMQNXWZDT-UHFFFAOYSA-N,ANOATQMQNXWZDT,eligible,303.428,0.073,101.29,4,4,8,20,0,0.4774,0,1,1
LIB_ANRFQNJNXPRQGM,ChEMBL,CHEMBL1079246,CHEMBL1079246,https://www.ebi.ac.uk/chembl/compound_report_card/CHEMBL1079246/,CNC(=O)CCC1(c2ccccc2)CCCN(C(=O)Nc2ccc(Cl)cc2)C1,CNC(=O)CCC1(c2ccccc2)CCCN(C(=O)Nc2ccc(Cl)cc2)C1,CNC(=O)CCC1(c2ccccc2)CCCN(C(=O)Nc2ccc(Cl)cc2)C1,ANRFQNJNXPRQGM-UHFFFAOYSA-N,ANRFQNJNXPRQGM,eligible,399.922,4.432,61.44,2,2,5,28,3,0.7807,0,1,1
LIB_ANRZFCUWSFUDGX,ChEMBL,CHEMBL107826,CHEMBL107826,https://www.ebi.ac.uk/chembl/compound_report_card/CHEMBL107826/,O=[N+]([O-])c1ccc2nc(Nc3c(Cl)cccc3Cl)c3cncn3c2c1,O=[N+]([O-])c1ccc2nc(Nc3c(Cl)cccc3Cl)c3cncn3c2c1,O=[N+]([O-])c1ccc2nc(Nc3c(Cl)cccc3Cl)c3cncn3c2c1,ANRZFCUWSFUDGX-UHFFFAOYSA-N,ANRZFCUWSFUDGX,eligible,374.187,4.841,85.36,1,5,3,25,4,0.4097,0,1,1
LIB_ANRZFPBTBSBBFR,ChEMBL,CHEMBL105042,CHEMBL105042,https://www.ebi.ac.uk/chembl/compound_report_card/CHEMBL105042/,CN1CCN(c2nc3cc(Br)ccc3o2)CC1,CN1CCN(c2nc3cc(Br)ccc3o2)CC1,CN1CCN(c2nc3cc(Br)ccc3o2)CC1,ANRZFPBTBSBBFR-UHFFFAOYSA-N,ANRZFPBTBSBBFR,eligible,296.168,2.342,32.51,0,4,1,17,3,0.8084,0,1,1
LIB_ANSMNUDVLLXIEM,ChEMBL,CHEMBL104452,CHEMBL104452,https://www.ebi.ac.uk/chembl/compound_report_card/CHEMBL104452/,CC(=O)/C=C/c1ccc2ccccc2c1,CC(=O)/C=C/c1ccc2ccccc2c1,CC(=O)C=Cc1ccc2ccccc2c1,ANSMNUDVLLXIEM-VOTSOKGWSA-N,ANSMNUDVLLXIEM,eligible,196.249,3.442,17.07,0,1,2,15,2,0.6723,0,1,1
LIB_ANSRIEKSLLWAIF,ChEMBL,CHEMBL107552,CHEMBL107552,https://www.ebi.ac.uk/chembl/compound_report_card/CHEMBL107552/,CC(=O)OCOC(=O)N(CC(O)COc1nsnc1N1CCOCC1)C(C)(C)C,CC(=O)OCOC(=O)N(CC(O)COc1nsnc1N1CCOCC1)C(C)(C)C,CC(=O)OCOC(=O)N(CC(O)COc1nsnc1N1CCOCC1)C(C)(C)C,ANSRIEKSLLWAIF-UHFFFAOYSA-N,ANSRIEKSLLWAIF,eligible,432.499,0.872,123.55,1,11,8,29,2,0.4673,0,1,1
LIB_ANSZYEVHHKJKNE,ChEMBL,CHEMBL1081135,CHEMBL1081135,https://www.ebi.ac.uk/chembl/compound_report_card/CHEMBL1081135/,COc1cc(O)c2c(c1)/C=C/C[C@H](O)[C@H](O)/C=C\[C@@H](C)CNC2=O,COc1cc(O)c2c(c1)C=CC[C@H](O)[C@H](O)/C=C\[C@@H](C)CNC2=O,COc1cc(O)c2c(c1)C=CCC(O)C(O)C=CC(C)CNC2=O,ANSZYEVHHKJKNE-OOGQBCALSA-N,ANSZYEVHHKJKNE,eligible,333.384,1.462,99.02,4,5,1,24,2,0.5833,0,1,1
LIB_ANTABENSPIZNNB,ChEMBL,CHEMBL1082759,CHEMBL1082759,https://www.ebi.ac.uk/chembl/compound_report_card/CHEMBL1082759/,OC[C@H]1O[C@@H](c2ccc(Cl)c(Cc3ccc(Cl)nn3)c2)[C@H](O)[C@@H](O)[C@@H]1O,OC[C@H]1O[C@@H](c2ccc(Cl)c(Cc3ccc(Cl)nn3)c2)[C@H](O)[C@@H](O)[C@@H]1O,OCC1OC(c2ccc(Cl)c(Cc3ccc(Cl)nn3)c2)C(O)C(O)C1O,ANTABENSPIZNNB-CMZRPVNOSA-N,ANTABENSPIZNNB,eligible,401.246,0.889,115.93,4,7,4,26,3,0.6015,0,1,1
LIB_ANTSCNMPPGJYLG,ChEMBL,CHEMBL1200703,CHEMBL1200703;CHEMBL451,https://www.ebi.ac.uk/chembl/compound_report_card/CHEMBL1200703/,CNC1=Nc2ccc(Cl)cc2C(c2ccccc2)=[N+]([O-])C1.Cl,CN=C1C[N+]([O-])=C(c2ccccc2)c2cc(Cl)ccc2N1,CN=C1C[N+]([O-])=C(c2ccccc2)c2cc(Cl)ccc2N1,ANTSCNMPPGJYLG-UHFFFAOYSA-N,ANTSCNMPPGJYLG,eligible,299.761,3.142,50.46,1,2,1,21,3,0.6495,0,2,1
LIB_ANUGHVUWMRMVTL,ChEMBL,CHEMBL1082482,CHEMBL1082482,https://www.ebi.ac.uk/chembl/compound_report_card/CHEMBL1082482/,CC(=O)OCCOCn1nc(C(N)=O)nc1Sc1cccc(F)c1,CC(=O)OCCOCn1nc(C(N)=O)nc1Sc1cccc(F)c1,CC(=O)OCCOCn1nc(C(N)=O)nc1Sc1cccc(F)c1,ANUGHVUWMRMVTL-UHFFFAOYSA-N,ANUGHVUWMRMVTL,eligible,354.363,1.204,109.33,1,7,8,24,2,0.5602,0,1,1
LIB_ANVILPUCTSJNHG,ChEMBL,CHEMBL107292,CHEMBL107292,https://www.ebi.ac.uk/chembl/compound_report_card/CHEMBL107292/,CC(C)C(=O)N(c1ccc(Nc2c3ccccc3nc3ccccc23)cc1)S(C)(=O)=O,CC(C)C(=O)N(c1ccc(Nc2c3ccccc3nc3ccccc23)cc1)S(C)(=O)=O,CC(C)C(=O)N(c1ccc(Nc2c3ccccc3nc3ccccc23)cc1)S(C)(=O)=O,ANVILPUCTSJNHG-UHFFFAOYSA-N,ANVILPUCTSJNHG,eligible,433.533,5.08,79.37,1,5,5,31,4,0.4441,0,1,1
LIB_ANYCWFADTHVOPB,ChEMBL,CHEMBL1081426,CHEMBL1081426,https://www.ebi.ac.uk/chembl/compound_report_card/CHEMBL1081426/,CCc1n[nH]c2ccc(-c3nnc(NC[C@@H](N)Cc4ccccc4)s3)cc12,CCc1[nH]nc2ccc(-c3nnc(NC[C@@H](N)Cc4ccccc4)s3)cc12,CCc1[nH]nc2ccc(-c3nnc(NCC(N)Cc4ccccc4)s3)cc12,ANYCWFADTHVOPB-HNNXBMFYSA-N,ANYCWFADTHVOPB,eligible,378.505,3.626,92.51,3,6,7,27,4,0.4566,0,1,1
LIB_ANYJYMDHMSMVDX,ChEMBL,CHEMBL102867,CHEMBL102867,https://www.ebi.ac.uk/chembl/compound_report_card/CHEMBL102867/,CC(C)CCN1C(=O)C(NC(=O)Nc2ccccc2)C(=O)N(c2ccccc2)c2cc(Cl)c(Cl)cc21,CC(C)CCN1C(=O)C(NC(=O)Nc2ccccc2)C(=O)N(c2ccccc2)c2cc(Cl)c(Cl)cc21,CC(C)CCN1C(=O)C(NC(=O)Nc2ccccc2)C(=O)N(c2ccccc2)c2cc(Cl)c(Cl)cc21,ANYJYMDHMSMVDX-UHFFFAOYSA-N,ANYJYMDHMSMVDX,eligible,525.436,6.241,81.75,2,3,6,36,4,0.374,0,1,1
LIB_ANZDEWUXVOGMOY,ChEMBL,CHEMBL1082339,CHEMBL1082339,https://www.ebi.ac.uk/chembl/compound_report_card/CHEMBL1082339/,Cc1cc(C)c(-n2c(Cl)cn3c(CN(C)Cc4ccccc4)c(C(F)(F)F)nc23)c(C)c1,Cc1cc(C)c(-n2c(Cl)cn3c(CN(C)Cc4ccccc4)c(C(F)(F)F)nc23)c(C)c1,Cc1cc(C)c(-n2c(Cl)cn3c(CN(C)Cc4ccccc4)c(C(F)(F)F)nc23)c(C)c1,ANZDEWUXVOGMOY-UHFFFAOYSA-N,ANZDEWUXVOGMOY,eligible,460.931,6.354,25.47,0,2,5,32,4,0.3463,0,1,1
LIB_AOCBJDJDPSZWIG,ChEMBL,CHEMBL1078600,CHEMBL1078600,https://www.ebi.ac.uk/chembl/compound_report_card/CHEMBL1078600/,COc1cc2c(cc1NS(=O)(=O)C(F)(F)F)CC[C@@H]1[C@@H]2CC[C@]2(C)[C@@H](O)CC[C@@H]12,COc1cc2c(cc1NS(=O)(=O)C(F)(F)F)CC[C@@H]1[C@@H]2CC[C@]2(C)[C@@H](O)CC[C@@H]12,COc1cc2c(cc1NS(=O)(=O)C(F)(F)F)CCC1C2CCC2(C)C(O)CCC12,AOCBJDJDPSZWIG-SSTWWWIQSA-N,AOCBJDJDPSZWIG,eligible,433.492,4.174,75.63,2,4,3,29,4,0.7502,0,1,1
LIB_AODJWALCDYOGLQ,ChEMBL,CHEMBL104219,CHEMBL104219,https://www.ebi.ac.uk/chembl/compound_report_card/CHEMBL104219/,NS(=O)(=O)c1ccc(SCCO)c(C(=O)O)c1,NS(=O)(=O)c1ccc(SCCO)c(C(=O)O)c1,NS(=O)(=O)c1ccc(SCCO)c(C(=O)O)c1,AODJWALCDYOGLQ-UHFFFAOYSA-N,AODJWALCDYOGLQ,eligible,277.323,0.117,117.69,3,5,5,17,1,0.6577,0,1,1
LIB_AOEDATHTUPXYIO,ChEMBL,CHEMBL1085364,CHEMBL1085364,https://www.ebi.ac.uk/chembl/compound_report_card/CHEMBL1085364/,O=C(O)c1nc(Cc2ccc(F)cc2)[nH]c(=O)c1O,O=C(O)c1[nH]c(Cc2ccc(F)cc2)nc(=O)c1O,O=C(O)c1[nH]c(Cc2ccc(F)cc2)nc(=O)c1O,AOEDATHTUPXYIO-UHFFFAOYSA-N,AOEDATHTUPXYIO,eligible,264.212,0.904,103.28,3,4,3,19,2,0.7639,0,1,1
LIB_AOFDGHNHQMXBPU,ChEMBL,CHEMBL1079939,CHEMBL1079939,https://www.ebi.ac.uk/chembl/compound_report_card/CHEMBL1079939/,N#CC1CCCCN1C(=O)CNC(=O)OCc1ccccc1,N#CC1CCCCN1C(=O)CNC(=O)OCc1ccccc1,N#CC1CCCCN1C(=O)CNC(=O)OCc1ccccc1,AOFDGHNHQMXBPU-UHFFFAOYSA-N,AOFDGHNHQMXBPU,eligible,301.346,1.817,82.43,1,4,4,22,2,0.9192,0,1,1
LIB_AOGOUTMDEVCZHA,ChEMBL,CHEMBL103059,CHEMBL103059,https://www.ebi.ac.uk/chembl/compound_report_card/CHEMBL103059/,C#CCN(Cc1ccc2nc[nH]c(=O)c2c1)c1ccc(C(=O)N[C@@H](CCC(=O)O)C(=O)O)cc1,C#CCN(Cc1ccc2[nH]cnc(=O)c2c1)c1ccc(C(=O)NC(CCC(=O)O)C(=O)O)cc1,C#CCN(Cc1ccc2[nH]cnc(=O)c2c1)c1ccc(C(=O)NC(CCC(=O)O)C(=O)O)cc1,AOGOUTMDEVCZHA-UHFFFAOYSA-N,AOGOUTMDEVCZHA,eligible,462.462,1.611,152.69,4,6,10,34,3,0.3316,0,1,1
LIB_AOLKGXWFXWMNJO,ChEMBL,CHEMBL1086510,CHEMBL1086510,https://www.ebi.ac.uk/chembl/compound_report_card/CHEMBL1086510/,COCC(C1CC1)n1nc(C)nc(Nc2c(Cl)cc(C(F)(F)F)cc2Cl)c1=O,COCC(C1CC1)n1nc(C)nc(Nc2c(Cl)cc(C(F)(F)F)cc2Cl)c1=O,COCC(C1CC1)n1nc(C)nc(Nc2c(Cl)cc(C(F)(F)F)cc2Cl)c1=O,AOLKGXWFXWMNJO-UHFFFAOYSA-N,AOLKGXWFXWMNJO,eligible,437.249,4.613,69.04,1,5,6,28,3,0.715,0,1,1
LIB_AOMXMOCNKJTRQP,ChEMBL,CHEMBL1800159,CHEMBL1800159,https://www.ebi.ac.uk/chembl/compound_report_card/CHEMBL1800159/,CONC(=O)Nc1ccc(-c2sc3c(c2CN(C)C)c(=O)n(-c2ccc(OC)nn2)c(=O)n3Cc2c(F)cccc2F)cc1,CONC(=O)Nc1ccc(-c2sc3c(c2CN(C)C)c(=O)n(-c2ccc(OC)nn2)c(=O)n3Cc2c(F)cccc2F)cc1,CONC(=O)Nc1ccc(-c2sc3c(c2CN(C)C)c(=O)n(-c2ccc(OC)nn2)c(=O)n3Cc2c(F)cccc2F)cc1,AOMXMOCNKJTRQP-UHFFFAOYSA-N,AOMXMOCNKJTRQP,eligible,623.642,3.751,132.61,2,9,9,44,5,0.2375,0,1,1
LIB_AOMXURITGZJPKB,ChEMBL,CHEMBL107528,CHEMBL107528,https://www.ebi.ac.uk/chembl/compound_report_card/CHEMBL107528/,CCCNC(=N)NCCC[C@H](N)C(=O)O,CCCN=C(N)NCCCC(N)C(=O)O,CCCN=C(N)NCCCC(N)C(=O)O,AOMXURITGZJPKB-UHFFFAOYSA-N,AOMXURITGZJPKB,eligible,216.285,-0.507,113.73,4,3,7,15,0,0.2599,0,1,1
LIB_AOOCBUVEVHODAI,ChEMBL,CHEMBL1086694,CHEMBL1086694,https://www.ebi.ac.uk/chembl/compound_report_card/CHEMBL1086694/,O=C(Nc1ccc(Cl)cc1)Nc1ccc(C(=O)NCCN2CCOCC2)cc1,O=C(Nc1ccc(Cl)cc1)Nc1ccc(C(=O)NCCN2CCOCC2)cc1,O=C(Nc1ccc(Cl)cc1)Nc1ccc(C(=O)NCCN2CCOCC2)cc1,AOOCBUVEVHODAI-UHFFFAOYSA-N,AOOCBUVEVHODAI,eligible,402.882,3.046,82.7,3,4,6,28,3,0.6931,0,1,1
LIB_AOOOAFRVIKPTRE,ChEMBL,CHEMBL103580,CHEMBL103580,https://www.ebi.ac.uk/chembl/compound_report_card/CHEMBL103580/,Cc1[nH]c2ccc(CCC(=O)O)cc2c1Cc1ccncc1,Cc1[nH]c2ccc(CCC(=O)O)cc2c1Cc1ccncc1,Cc1[nH]c2ccc(CCC(=O)O)cc2c1Cc1ccncc1,AOOOAFRVIKPTRE-UHFFFAOYSA-N,AOOOAFRVIKPTRE,eligible,294.354,3.479,65.98,2,2,5,22,3,0.7568,0,1,1
LIB_AOOOKEUJBKRFHK,ChEMBL,CHEMBL100306,CHEMBL100306,https://www.ebi.ac.uk/chembl/compound_report_card/CHEMBL100306/,COc1ccccc1N1CCN(c2[nH]nc(-n3nc(C)cc3C)c3nc4ccccc4c2-3)CC1,COc1ccccc1N1CCN(c2nnc(-n3nc(C)cc3C)c3[nH]c4ccccc4c23)CC1,COc1ccccc1N1CCN(c2nnc(-n3nc(C)cc3C)c3[nH]c4ccccc4c23)CC1,AOOOKEUJBKRFHK-UHFFFAOYSA-N,AOOOKEUJBKRFHK,eligible,453.55,4.249,75.1,1,6,4,34,6,0.4386,0,1,1
LIB_AOPRJWFRZNYGTR,ChEMBL,CHEMBL1078197,CHEMBL1078197,https://www.ebi.ac.uk/chembl/compound_report_card/CHEMBL1078197/,CC[C@@]12CC(C(=O)OC)=C3Nc4cc(OC)ccc4[C@@]34CCN(C(=O)[C@@H]3O[C@@H]31)[C@@H]24,CC[C@@]12CC(C(=O)OC)C3=Nc4cc(OC)ccc4[C@@]34CCN(C(=O)C3O[C@@H]31)[C@@H]24,CCC12CC(C(=O)OC)C3=Nc4cc(OC)ccc4C34CCN(C(=O)C3OC31)C42,AOPRJWFRZNYGTR-AWYMWTQBSA-N,AOPRJWFRZNYGTR,eligible,396.443,1.99,80.73,0,6,3,29,6,0.5766,0,1,1
LIB_AOPUCXJOQDSGGJ,ChEMBL,CHEMBL1086919,CHEMBL1086919,https://www.ebi.ac.uk/chembl/compound_report_card/CHEMBL1086919/,CN(C)CCN1C(=O)CCC(N2C(=O)C(c3ccccc3)=C(c3ccccc3)C2=O)C1=O,CN(C)CCN1C(=O)CCC(N2C(=O)C(c3ccccc3)=C(c3ccccc3)C2=O)C1=O,CN(C)CCN1C(=O)CCC(N2C(=O)C(c3ccccc3)=C(c3ccccc3)C2=O)C1=O,AOPUCXJOQDSGGJ-UHFFFAOYSA-N,AOPUCXJOQDSGGJ,eligible,431.492,2.045,78.0,0,5,6,32,4,0.6545,0,1,1
LIB_AOPUWJSVHVBBGH,ChEMBL,CHEMBL1078813,CHEMBL1078813,https://www.ebi.ac.uk/chembl/compound_report_card/CHEMBL1078813/,C[C@@H]1C(=O)[C@@]2(C)CC[C@]34C[C@]56OC(=O)C[C@H]5O[C@@](C)(CO)[C@@H]6[C@@H](O)C[C@H]3C(=O)[C@]3(O4)O[C@@]4(C[C@H](C)C(=O)O4)[C@@H]1[C@H]32,CC1C[C@]2(OC1=O)O[C@]13O[C@@]4(CC[C@]5(C)C(=O)C(C)[C@H]2[C@H]15)C[C@]12OC(=O)C[C@H]1O[C@@](C)(CO)[C@@H]2[C@@H](O)CC4C3=O,CC1CC2(OC1=O)OC13OC4(CCC5(C)C(=O)C(C)C2C51)CC12OC(=O)CC1OC(C)(CO)C2C(O)CC4C3=O,AOPUWJSVHVBBGH-CUFPUPJOSA-N,AOPUWJSVHVBBGH,eligible,560.596,0.804,154.89,2,11,1,40,8,0.4378,0,1,1
LIB_AOQLPTRSBBZUOM,ChEMBL,CHEMBL104542,CHEMBL104542,https://www.ebi.ac.uk/chembl/compound_report_card/CHEMBL104542/,COc1cc(OC)c(-n2sc3ncccc3c2=O)c(OC)c1,COc1cc(OC)c(-n2sc3ncccc3c2=O)c(OC)c1,COc1cc(OC)c(-n2sc3ncccc3c2=O)c(OC)c1,AOQLPTRSBBZUOM-UHFFFAOYSA-N,AOQLPTRSBBZUOM,eligible,318.354,2.473,62.58,0,6,4,22,3,0.7393,0,1,1
LIB_AOQQKTHZPHMBIX,ChEMBL,CHEMBL1087161,CHEMBL1087161,https://www.ebi.ac.uk/chembl/compound_report_card/CHEMBL1087161/,Cc1cc2oc(=O)cc(CN=[N+]=[N-])c2cc1S(=O)(=O)Nc1cccc2ccccc12,Cc1cc2oc(=O)cc(CN=[N+]=[N-])c2cc1S(=O)(=O)Nc1cccc2ccccc12,Cc1cc2oc(=O)cc(CN=[N+]=[N-])c2cc1S(=O)(=O)Nc1cccc2ccccc12,AOQQKTHZPHMBIX-UHFFFAOYSA-N,AOQQKTHZPHMBIX,eligible,420.45,4.866,125.14,1,5,5,30,4,0.214,0,1,1
LIB_AORMSLQVQCQSJU,ChEMBL,CHEMBL1082775,CHEMBL1082775,https://www.ebi.ac.uk/chembl/compound_report_card/CHEMBL1082775/,Fc1ccc(-c2nc(-c3c[nH]c4ccc(Br)cc34)[nH]c2-c2ccccc2)cc1,Fc1ccc(-c2[nH]c(-c3c[nH]c4ccc(Br)cc34)nc2-c2ccccc2)cc1,Fc1ccc(-c2[nH]c(-c3c[nH]c4ccc(Br)cc34)nc2-c2ccccc2)cc1,AORMSLQVQCQSJU-UHFFFAOYSA-N,AORMSLQVQCQSJU,eligible,432.296,6.794,44.47,2,1,3,28,5,0.3239,0,1,1
LIB_AOSJXSAUANWNRE,ChEMBL,CHEMBL1086276,CHEMBL1086276,https://www.ebi.ac.uk/chembl/compound_report_card/CHEMBL1086276/,CC(C)c1cc(C(F)(F)F)ccc1CNC(=O)Nc1cccc2[nH]ncc12,CC(C)c1cc(C(F)(F)F)ccc1CNC(=O)Nc1cccc2[nH]ncc12,CC(C)c1cc(C(F)(F)F)ccc1CNC(=O)Nc1cccc2[nH]ncc12,AOSJXSAUANWNRE-UHFFFAOYSA-N,AOSJXSAUANWNRE,eligible,376.382,5.027,69.81,3,2,4,27,3,0.5979,0,1,1
LIB_AOSRCFXXOGHDIG,ChEMBL,CHEMBL105796,CHEMBL105796,https://www.ebi.ac.uk/chembl/compound_report_card/CHEMBL105796/,C[C@H](O)CNC(C)(C)CNC(=O)N[C@@H]1CCc2ccccc2N(Cc2ccc(-c3ccccc3-c3nn[nH]n3)cc2)C1=O,C[C@H](O)CNC(C)(C)CNC(=O)NC1CCc2ccccc2N(Cc2ccc(-c3ccccc3-c3nn[nH]n3)cc2)C1=O,CC(O)CNC(C)(C)CNC(=O)NC1CCc2ccccc2N(Cc2ccc(-c3ccccc3-c3nn[nH]n3)cc2)C1=O,AOSRCFXXOGHDIG-LWAJAQLZSA-N,AOSRCFXXOGHDIG,eligible,582.709,3.43,148.16,5,7,10,43,5,0.1924,0,1,1
LIB_AOTGAOATANPWSW,ChEMBL,CHEMBL104112,CHEMBL104112,https://www.ebi.ac.uk/chembl/compound_report_card/CHEMBL104112/,CCCCCCC(=O)N(c1ccc(Nc2c3ccccc3nc3cc(N)ccc23)cc1)S(C)(=O)=O,CCCCCCC(=O)N(c1ccc(Nc2c3ccccc3nc3cc(N)ccc23)cc1)S(C)(=O)=O,CCCCCCC(=O)N(c1ccc(Nc2c3ccccc3nc3cc(N)ccc23)cc1)S(C)(=O)=O,AOTGAOATANPWSW-UHFFFAOYSA-N,AOTGAOATANPWSW,eligible,490.629,5.977,105.39,2,6,9,35,4,0.1699,0,1,1
LIB_AOUFLZQXBYFGOZ,ChEMBL,CHEMBL101145,CHEMBL101145,https://www.ebi.ac.uk/chembl/compound_report_card/CHEMBL101145/,CC(C)C(NC(=O)COc1c(C(=O)O)ccc2ccccc12)C(=O)N[C@H]1CC(=O)OC1O,CC(C)C(NC(=O)COc1c(C(=O)O)ccc2ccccc12)C(=O)N[C@H]1CC(=O)OC1O,CC(C)C(NC(=O)COc1c(C(=O)O)ccc2ccccc12)C(=O)NC1CC(=O)OC1O,AOUFLZQXBYFGOZ-DBXLBAIQSA-N,AOUFLZQXBYFGOZ,eligible,444.44,0.808,151.26,4,7,8,32,3,0.4368,0,1,1
LIB_AOWVWMIRQMKTRP,ChEMBL,CHEMBL108267,CHEMBL108267,https://www.ebi.ac.uk/chembl/compound_report_card/CHEMBL108267/,C=CCCCC=C(c1cc(Br)c(OC)c(C(=O)OC)c1)c1cc(Br)c(OC)c(C(=O)OC)c1,C=CCCCC=C(c1cc(Br)c(OC)c(C(=O)OC)c1)c1cc(Br)c(OC)c(C(=O)OC)c1,C=CCCCC=C(c1cc(Br)c(OC)c(C(=O)OC)c1)c1cc(Br)c(OC)c(C(=O)OC)c1,AOWVWMIRQMKTRP-UHFFFAOYSA-N,AOWVWMIRQMKTRP,eligible,582.285,6.59,71.06,0,6,10,33,2,0.179,0,1,1
LIB_AOXRBFRFYPMWLR,ChEMBL,CHEMBL1200623,CHEMBL1200623,https://www.ebi.ac.uk/chembl/compound_report_card/CHEMBL1200623/,CC[C@]1(O)CC[C@H]2[C@@H]3CCC4=CCCC[C@@H]4[C@H]3CC[C@@]21C,CC[C@]1(O)CC[C@H]2[C@@H]3CCC4=CCCC[C@@H]4[C@H]3CC[C@@]21C,CCC1(O)CCC2C3CCC4=CCCCC4C3CCC21C,AOXRBFRFYPMWLR-XGXHKTLJSA-N,AOXRBFRFYPMWLR,eligible,288.475,5.09,20.23,1,1,1,21,4,0.6663,0,1,1
LIB_APAWDSLNWRMJAD,ChEMBL,CHEMBL101654,CHEMBL101654,https://www.ebi.ac.uk/chembl/compound_report_card/CHEMBL101654/,CC(C)[C@@H](NC(=O)c1cccc(C(=N)N)c1)C(=O)Nc1ccc(-c2ccccc2S(N)(=O)=O)cc1,CC(C)C(NC(=O)c1cccc(C(=N)N)c1)C(=O)Nc1ccc(-c2ccccc2S(N)(=O)=O)cc1,CC(C)C(NC(=O)c1cccc(C(=N)N)c1)C(=O)Nc1ccc(-c2ccccc2S(N)(=O)=O)cc1,APAWDSLNWRMJAD-UHFFFAOYSA-N,APAWDSLNWRMJAD,eligible,493.589,2.678,168.23,5,5,8,35,3,0.2397,0,1,1
LIB_APBSKHYXXKHJFK,ChEMBL,CHEMBL1909282,CHEMBL1909282,https://www.ebi.ac.uk/chembl/compound_report_card/CHEMBL1909282/,O=C(O)Cc1csc(-c2ccc(Cl)cc2)n1,O=C(O)Cc1csc(-c2ccc(Cl)cc2)n1,O=C(O)Cc1csc(-c2ccc(Cl)cc2)n1,APBSKHYXXKHJFK-UHFFFAOYSA-N,APBSKHYXXKHJFK,eligible,253.71,3.091,50.19,1,3,3,16,2,0.9145,0,1,1
LIB_APCBFBXFMHLHOZ,ChEMBL,CHEMBL106498,CHEMBL106498;CHEMBL107937,https://www.ebi.ac.uk/chembl/compound_report_card/CHEMBL106498/,CN(C(=O)CCCOc1ccc2c(c1)CN1C(=N2)NC(=O)[C@@H]1CO)C1CCCCC1,CN(C(=O)CCCOc1ccc2c(c1)Cn1c(nc(O)c1CO)N2)C1CCCCC1,CN(C(=O)CCCOc1ccc2c(c1)Cn1c(nc(O)c1CO)N2)C1CCCCC1,APCBFBXFMHLHOZ-UHFFFAOYSA-N,APCBFBXFMHLHOZ,eligible,414.506,3.136,99.85,3,6,7,30,4,0.5138,0,2,1
LIB_APCWFZNDCFEDOA,ChEMBL,CHEMBL102223,CHEMBL102223,https://www.ebi.ac.uk/chembl/compound_report_card/CHEMBL102223/,[N-]=[N+]=Nc1ccc(C2=C(c3ccccc3)C(=O)OC2)cc1,[N-]=[N+]=Nc1ccc(C2=C(c3ccccc3)C(=O)OC2)cc1,[N-]=[N+]=Nc1ccc(C2=C(c3ccccc3)C(=O)OC2)cc1,APCWFZNDCFEDOA-UHFFFAOYSA-N,APCWFZNDCFEDOA,eligible,277.283,4.096,75.06,0,3,3,21,3,0.3664,0,1,1
LIB_APDFBNVDTYKUDI,ChEMBL,CHEMBL1079186,CHEMBL1079186,https://www.ebi.ac.uk/chembl/compound_report_card/CHEMBL1079186/,CCCCc1ccc(S(=O)(=O)Nc2ccc3c(c2)CCN(Cc2[nH]cnc2C)CC3)cc1,CCCCc1ccc(S(=O)(=O)Nc2ccc3c(c2)CCN(Cc2[nH]cnc2C)CC3)cc1,CCCCc1ccc(S(=O)(=O)Nc2ccc3c(c2)CCN(Cc2[nH]cnc2C)CC3)cc1,APDFBNVDTYKUDI-UHFFFAOYSA-N,APDFBNVDTYKUDI,eligible,452.624,4.462,78.09,2,4,8,32,4,0.5289,0,1,1
LIB_APDXJRQFTOOIBK,ChEMBL,CHEMBL1079404,CHEMBL1079404,https://www.ebi.ac.uk/chembl/compound_report_card/CHEMBL1079404/,Fc1ccc2ncnc(Nc3ccc(Cl)cc3F)c2c1,Fc1ccc2ncnc(Nc3ccc(Cl)cc3F)c2c1,Fc1ccc2ncnc(Nc3ccc(Cl)cc3F)c2c1,APDXJRQFTOOIBK-UHFFFAOYSA-N,APDXJRQFTOOIBK,eligible,291.688,4.305,37.81,1,3,2,20,3,0.7645,0,1,1
LIB_APEGWIFEFCAQQV,ChEMBL,CHEMBL1079331,CHEMBL1079331,https://www.ebi.ac.uk/chembl/compound_report_card/CHEMBL1079331/,Cc1cc(-c2nc(-c3ccc(Cl)c([N+](=O)[O-])c3)n[nH]2)ccn1,Cc1cc(-c2n[nH]c(-c3ccc(Cl)c([N+](=O)[O-])c3)n2)ccn1,Cc1cc(-c2n[nH]c(-c3ccc(Cl)c([N+](=O)[O-])c3)n2)ccn1,APEGWIFEFCAQQV-UHFFFAOYSA-N,APEGWIFEFCAQQV,eligible,315.72,3.404,97.6,1,5,3,22,3,0.5897,0,1,1
LIB_APEXWSYWURSQFH,ChEMBL,CHEMBL102142,CHEMBL102142,https://www.ebi.ac.uk/chembl/compound_report_card/CHEMBL102142/,Cc1ccc(C(=O)NC(=S)NCCOCCN(C)Cc2ccccc2)cc1,Cc1ccc(C(=O)NC(=S)NCCOCCN(C)Cc2ccccc2)cc1,Cc1ccc(C(=O)NC(=S)NCCOCCN(C)Cc2ccccc2)cc1,APEXWSYWURSQFH-UHFFFAOYSA-N,APEXWSYWURSQFH,eligible,385.533,2.748,53.6,2,4,9,27,2,0.5135,0,1,1
LIB_APFXOJOOVSZMMY,ChEMBL,CHEMBL10500,CHEMBL10500,https://www.ebi.ac.uk/chembl/compound_report_card/CHEMBL10500/,c1ccc(COC2(C3=NCCN3)COc3ccccc3O2)cc1,c1ccc(COC2(C3=NCCN3)COc3ccccc3O2)cc1,c1ccc(COC2(C3=NCCN3)COc3ccccc3O2)cc1,APFXOJOOVSZMMY-UHFFFAOYSA-N,APFXOJOOVSZMMY,eligible,310.353,2.373,52.08,1,5,4,23,4,0.9418,0,1,1
LIB_APHXKHUFVKITGC,ChEMBL,CHEMBL1076586,CHEMBL1076586,https://www.ebi.ac.uk/chembl/compound_report_card/CHEMBL1076586/,O=C(c1ccc(-c2ccccc2)cc1)N1CCN(C(=O)c2ccc3cc[nH]c3c2)CC1,O=C(c1ccc(-c2ccccc2)cc1)N1CCN(C(=O)c2ccc3cc[nH]c3c2)CC1,O=C(c1ccc(-c2ccccc2)cc1)N1CCN(C(=O)c2ccc3cc[nH]c3c2)CC1,APHXKHUFVKITGC-UHFFFAOYSA-N,APHXKHUFVKITGC,eligible,409.489,4.433,56.41,1,2,3,31,5,0.5441,0,1,1
LIB_APLQHKFABMHWHP,ChEMBL,CHEMBL1086588,CHEMBL1086588,https://www.ebi.ac.uk/chembl/compound_report_card/CHEMBL1086588/,O=C(NC(Sc1ccc(Cl)cc1)C(Cl)(Cl)Cl)c1ccc(Br)cc1,O=C(NC(Sc1ccc(Cl)cc1)C(Cl)(Cl)Cl)c1ccc(Br)cc1,O=C(NC(Sc1ccc(Cl)cc1)C(Cl)(Cl)Cl)c1ccc(Br)cc1,APLQHKFABMHWHP-UHFFFAOYSA-N,APLQHKFABMHWHP,eligible,474.034,6.321,29.1,1,2,4,23,2,0.3195,0,1,1
LIB_APMUVXPIJNPXQE,ChEMBL,CHEMBL1087522,CHEMBL1087522,https://www.ebi.ac.uk/chembl/compound_report_card/CHEMBL1087522/,O=C(Nc1cccc(-c2ccnc3c(-c4ccc(CN5CCCC5)cc4)cnn23)c1)c1cccc(C(F)(F)F)c1,O=C(Nc1cccc(-c2ccnc3c(-c4ccc(CN5CCCC5)cc4)cnn23)c1)c1cccc(C(F)(F)F)c1,O=C(Nc1cccc(-c2ccnc3c(-c4ccc(CN5CCCC5)cc4)cnn23)c1)c1cccc(C(F)(F)F)c1,APMUVXPIJNPXQE-UHFFFAOYSA-N,APMUVXPIJNPXQE,eligible,541.577,6.93,62.53,1,4,6,40,6,0.2533,0,1,1
LIB_APNHVWQATLNLSM,ChEMBL,CHEMBL1077823,CHEMBL1077823,https://www.ebi.ac.uk/chembl/compound_report_card/CHEMBL1077823/,CCOc1ccc(-n2c([C@@H](C)N(Cc3cc(C)no3)C(=O)Cc3ccc(F)c(C(F)(F)F)c3)nc3ncccc3c2=O)cc1,CCOc1ccc(-n2c([C@@H](C)N(Cc3cc(C)no3)C(=O)Cc3ccc(F)c(C(F)(F)F)c3)nc3ncccc3c2=O)cc1,CCOc1ccc(-n2c(C(C)N(Cc3cc(C)no3)C(=O)Cc3ccc(F)c(C(F)(F)F)c3)nc3ncccc3c2=O)cc1,APNHVWQATLNLSM-LJQANCHMSA-N,APNHVWQATLNLSM,eligible,609.58,5.966,103.35,0,7,9,44,5,0.1899,0,1,1
LIB_APNWRWKPGBJTMO,ChEMBL,CHEMBL1081534,CHEMBL1081534;CHEMBL1081535,https://www.ebi.ac.uk/chembl/compound_report_card/CHEMBL1081534/,CC(=O)N(c1ccccc1)[C@@H]1C[C@H](C)N(C(=O)c2cccc(OC(F)(F)F)c2)c2ccccc21,CC(=O)N(c1ccccc1)[C@@H]1C[C@H](C)N(C(=O)c2cccc(OC(F)(F)F)c2)c2ccccc21,CC(=O)N(c1ccccc1)C1CC(C)N(C(=O)c2cccc(OC(F)(F)F)c2)c2ccccc21,APNWRWKPGBJTMO-BXKMTCNYSA-N,APNWRWKPGBJTMO,eligible,468.475,6.118,49.85,0,3,4,34,4,0.4637,0,2,2
LIB_APOKQUAPTSDYSL,ChEMBL,CHEMBL1079934,CHEMBL1079934,https://www.ebi.ac.uk/chembl/compound_report_card/CHEMBL1079934/,Brc1cccc(Sc2ncnc3ccc(Br)cc23)c1,Brc1cccc(Sc2ncnc3ccc(Br)cc23)c1,Brc1cccc(Sc2ncnc3ccc(Br)cc23)c1,APOKQUAPTSDYSL-UHFFFAOYSA-N,APOKQUAPTSDYSL,eligible,396.107,5.306,25.78,0,3,2,19,3,0.5498,0,1,1
LIB_APPDUCKVIFCUFC,ChEMBL,CHEMBL105435,CHEMBL105435,https://www.ebi.ac.uk/chembl/compound_report_card/CHEMBL105435/,CCN(Cc1ccc2nc(C)[nH]c(=O)c2c1)c1ccc(C(=O)N[C@@H](CCC(=O)O)C(=O)O)c(OC)c1,CCN(Cc1ccc2[nH]c(C)nc(=O)c2c1)c1ccc(C(=O)NC(CCC(=O)O)C(=O)O)c(OC)c1,CCN(Cc1ccc2[nH]c(C)nc(=O)c2c1)c1ccc(C(=O)NC(CCC(=O)O)C(=O)O)c(OC)c1,APPDUCKVIFCUFC-UHFFFAOYSA-N,APPDUCKVIFCUFC,eligible,496.52,2.314,161.92,4,7,11,36,3,0.312,0,1,1
LIB_APPGZRLZMJUSSA,ChEMBL,CHEMBL108669,CHEMBL108669,https://www.ebi.ac.uk/chembl/compound_report_card/CHEMBL108669/,Cc1ccc2c(Nc3ccc(NS(=O)(=O)CCNC(N)=O)cc3)c3cccc(C)c3nc2c1,Cc1ccc2c(Nc3ccc(NS(=O)(=O)CCNC(N)=O)cc3)c3cccc(C)c3nc2c1,Cc1ccc2c(Nc3ccc(NS(=O)(=O)CCNC(N)=O)cc3)c3cccc(C)c3nc2c1,APPGZRLZMJUSSA-UHFFFAOYSA-N,APPGZRLZMJUSSA,eligible,463.563,4.158,126.21,4,5,7,33,4,0.3063,0,1,1
LIB_APRNMJWYFKJVAT,ChEMBL,CHEMBL1078960,CHEMBL1078960,https://www.ebi.ac.uk/chembl/compound_report_card/CHEMBL1078960/,Cc1ccc(NC(=O)Nc2ccc(S(=O)(=O)Nc3ccc(CC(C)(C)N)cc3)cc2)cc1,Cc1ccc(NC(=O)Nc2ccc(S(=O)(=O)Nc3ccc(CC(C)(C)N)cc3)cc2)cc1,Cc1ccc(NC(=O)Nc2ccc(S(=O)(=O)Nc3ccc(CC(C)(C)N)cc3)cc2)cc1,APRNMJWYFKJVAT-UHFFFAOYSA-N,APRNMJWYFKJVAT,eligible,452.58,4.72,113.32,4,4,7,32,3,0.4153,0,1,1
LIB_APSDZQHWEQIJAG,ChEMBL,CHEMBL102834,CHEMBL102834,https://www.ebi.ac.uk/chembl/compound_report_card/CHEMBL102834/,O=C1c2cc(-c3cccc([N+](=O)[O-])c3)ccc2N=C[C@@H]2CCCN12,O=C1c2cc(-c3cccc([N+](=O)[O-])c3)ccc2N=CC2CCCN12,O=C1c2cc(-c3cccc([N+](=O)[O-])c3)ccc2N=CC2CCCN12,APSDZQHWEQIJAG-UHFFFAOYSA-N,APSDZQHWEQIJAG,eligible,321.336,3.582,75.81,0,4,2,24,4,0.6264,0,1,1
LIB_APYJVSFAGHRWFY,ChEMBL,CHEMBL10337,CHEMBL10337,https://www.ebi.ac.uk/chembl/compound_report_card/CHEMBL10337/,O=c1oc(NCC(F)(F)F)nc2ccccc12,O=c1oc(NCC(F)(F)F)nc2ccccc12,O=c1oc(NCC(F)(F)F)nc2ccccc12,APYJVSFAGHRWFY-UHFFFAOYSA-N,APYJVSFAGHRWFY,eligible,244.172,2.162,55.13,1,4,2,17,2,0.879,0,1,1
LIB_APYSKYLARBAPNP,ChEMBL,CHEMBL108255,CHEMBL108255,https://www.ebi.ac.uk/chembl/compound_report_card/CHEMBL108255/,Cc1cn(C2CC(N=[N+]=[N-])C(CCP(=O)(O)Oc3ccccc3)O2)c(=O)[nH]c1=O,Cc1cn(C2CC(N=[N+]=[N-])C(CCP(=O)(O)Oc3ccccc3)O2)c(=O)[nH]c1=O,Cc1cn(C2CC(N=[N+]=[N-])C(CCP(=O)(O)Oc3ccccc3)O2)c(=O)[nH]c1=O,APYSKYLARBAPNP-UHFFFAOYSA-N,APYSKYLARBAPNP,eligible,421.35,2.466,159.38,2,6,7,29,3,0.3022,0,1,1
LIB_APZWBNRDCMKFNG,ChEMBL,CHEMBL1086022,CHEMBL1086022,https://www.ebi.ac.uk/chembl/compound_report_card/CHEMBL1086022/,Cn1cnc2c(NCCCO)nc(Nc3ccccc3)nc21,Cn1cnc2c(NCCCO)nc(Nc3ccccc3)nc21,Cn1cnc2c(NCCCO)nc(Nc3ccccc3)nc21,APZWBNRDCMKFNG-UHFFFAOYSA-N,APZWBNRDCMKFNG,eligible,298.35,1.901,87.89,3,6,6,22,3,0.6024,0,1,1
LIB_AQAQDMCJHAROPH,ChEMBL,CHEMBL1079954,CHEMBL1079954,https://www.ebi.ac.uk/chembl/compound_report_card/CHEMBL1079954/,NC(=O)c1cc(N)c2c(c1)nc(NCc1ccccc1Cl)n2C[C@H]1CCCCC[C@H]1O,NC(=O)c1cc(N)c2c(c1)nc(NCc1ccccc1Cl)n2C[C@H]1CCCCC[C@H]1O,NC(=O)c1cc(N)c2c(c1)nc(NCc1ccccc1Cl)n2CC1CCCCCC1O,AQAQDMCJHAROPH-FOIQADDNSA-N,AQAQDMCJHAROPH,eligible,441.963,3.924,119.19,4,5,6,31,4,0.3411,0,1,1
LIB_AQBGDLXDLQRJNJ,ChEMBL,CHEMBL1084418,CHEMBL1084418,https://www.ebi.ac.uk/chembl/compound_report_card/CHEMBL1084418/,COc1cc(C(C)C)ccc(Cn2cc(Cc3ccccc3)nn2)c1=O,COc1cc(C(C)C)ccc(Cn2cc(Cc3ccccc3)nn2)c1=O,COc1cc(C(C)C)ccc(Cn2cc(Cc3ccccc3)nn2)c1=O,AQBGDLXDLQRJNJ-UHFFFAOYSA-N,AQBGDLXDLQRJNJ,eligible,349.434,3.409,57.01,0,4,6,26,3,0.6842,0,1,1
LIB_AQCHWTWZEMGIFD,ChEMBL,CHEMBL878,CHEMBL878,https://www.ebi.ac.uk/chembl/compound_report_card/CHEMBL878/,Cc1ccccc1N1C(=O)c2cc(S(N)(=O)=O)c(Cl)cc2NC1C,Cc1ccccc1N1C(=O)c2cc(S(N)(=O)=O)c(Cl)cc2NC1C,Cc1ccccc1N1C(=O)c2cc(S(N)(=O)=O)c(Cl)cc2NC1C,AQCHWTWZEMGIFD-UHFFFAOYSA-N,AQCHWTWZEMGIFD,eligible,365.842,2.714,92.5,2,4,2,24,3,0.8553,0,1,1
LIB_AQCPEGWJJANDHC,ChEMBL,CHEMBL100775,CHEMBL100775,https://www.ebi.ac.uk/chembl/compound_report_card/CHEMBL100775/,Cc1cnc(Nc2ccccn2)s1,Cc1cnc(Nc2ccccn2)s1,Cc1cnc(Nc2ccccn2)s1,AQCPEGWJJANDHC-UHFFFAOYSA-N,AQCPEGWJJANDHC,eligible,191.259,2.59,37.81,1,4,2,13,2,0.7924,0,1,1
LIB_AQDIORAYAFJBDK,ChEMBL,CHEMBL103982,CHEMBL103982,https://www.ebi.ac.uk/chembl/compound_report_card/CHEMBL103982/,CN1CCN(c2nc3ccccc3o2)CC1,CN1CCN(c2nc3ccccc3o2)CC1,CN1CCN(c2nc3ccccc3o2)CC1,AQDIORAYAFJBDK-UHFFFAOYSA-N,AQDIORAYAFJBDK,eligible,217.272,1.58,32.51,0,4,1,16,3,0.7257,0,1,1
LIB_AQESPBZWDBWWCA,ChEMBL,CHEMBL1080782,CHEMBL1080782,https://www.ebi.ac.uk/chembl/compound_report_card/CHEMBL1080782/,Cc1nc(NC(=O)CN2CCC(N(N)CC(=O)N3CSC[C@H]3C#N)CC2)sc1C.O=C(O)C(F)(F)F,Cc1nc(NC(=O)CN2CCC(N(N)CC(=O)N3CSC[C@H]3C#N)CC2)sc1C,Cc1nc(NC(=O)CN2CCC(N(N)CC(=O)N3CSCC3C#N)CC2)sc1C,AQESPBZWDBWWCA-OAHLLOKOSA-N,AQESPBZWDBWWCA,eligible,437.595,0.764,118.59,2,9,6,29,3,0.4947,0,1,1
LIB_AQEWYBHXBBBFNY,ChEMBL,CHEMBL102969,CHEMBL102969,https://www.ebi.ac.uk/chembl/compound_report_card/CHEMBL102969/,CCCCc1ccc2c(n1)[C@@H](c1ccc(OC)cc1)[C@H](C(=O)O)[C@H]2c1ccc2c(c1)OCO2,CCCCc1ccc2c(n1)[C@@H](c1ccc(OC)cc1)C(C(=O)O)[C@H]2c1ccc2c(c1)OCO2,CCCCc1ccc2c(n1)C(c1ccc(OC)cc1)C(C(=O)O)C2c1ccc2c(c1)OCO2,AQEWYBHXBBBFNY-JWDFLIAJSA-N,AQEWYBHXBBBFNY,eligible,445.515,5.14,77.88,1,5,7,33,5,0.5426,0,1,1
LIB_AQFBDCAGEIMHAX,ChEMBL,CHEMBL101175,CHEMBL101175,https://www.ebi.ac.uk/chembl/compound_report_card/CHEMBL101175/,COc1ccc(C[C@@H](C)[C@@H](C)Cc2ccc(O)c(O)c2)cc1O,COc1ccc(CC(C)C(C)Cc2ccc(O)c(O)c2)cc1O,COc1ccc(CC(C)C(C)Cc2ccc(O)c(O)c2)cc1O,AQFBDCAGEIMHAX-UHFFFAOYSA-N,AQFBDCAGEIMHAX,eligible,316.397,3.869,69.92,3,4,6,23,2,0.7076,0,1,1
LIB_AQGRUVIDIWOMIH,ChEMBL,CHEMBL1083706,CHEMBL1083706,https://www.ebi.ac.uk/chembl/compound_report_card/CHEMBL1083706/,c1ccc(C(Cc2ccccc2OCC2CC2)N2CCNCC2)cc1,c1ccc(C(Cc2ccccc2OCC2CC2)N2CCNCC2)cc1,c1ccc(C(Cc2ccccc2OCC2CC2)N2CCNCC2)cc1,AQGRUVIDIWOMIH-UHFFFAOYSA-N,AQGRUVIDIWOMIH,eligible,336.479,3.664,24.5,1,3,7,25,4,0.8349,0,1,1
LIB_AQHHHDLHHXJYJD,ChEMBL,CHEMBL1671,CHEMBL1671;CHEMBL27,https://www.ebi.ac.uk/chembl/compound_report_card/CHEMBL1671/,CC(C)NCC(O)COc1cccc2ccccc12.Cl,CC(C)NCC(O)COc1cccc2ccccc12,CC(C)NCC(O)COc1cccc2ccccc12,AQHHHDLHHXJYJD-UHFFFAOYSA-N,AQHHHDLHHXJYJD,eligible,259.349,2.578,41.49,2,3,6,19,2,0.8375,0,2,1
LIB_AQIXAKUUQRKLND,ChEMBL,CHEMBL1201051,CHEMBL1201051;CHEMBL30,https://www.ebi.ac.uk/chembl/compound_report_card/CHEMBL1201051/,CN/C(=N\CCSCc1nc[nH]c1C)NC#N.Cl,CN=C(NC#N)NCCSCc1[nH]cnc1C,CN=C(NC#N)NCCSCc1[nH]cnc1C,AQIXAKUUQRKLND-UHFFFAOYSA-N,AQIXAKUUQRKLND,eligible,252.347,0.597,88.89,3,4,5,17,1,0.2347,0,2,1
LIB_AQJMQHHHIHGOCQ,ChEMBL,CHEMBL106776,CHEMBL106776,https://www.ebi.ac.uk/chembl/compound_report_card/CHEMBL106776/,CC(C)(C)OC(=O)N[C@@H](Cc1ccccc1)[C@@H](O)C[C@@H](Cc1ccccc1)c1nc(C=O)c[nH]1,CC(C)(C)OC(=O)N[C@@H](Cc1ccccc1)[C@@H](O)CC(Cc1ccccc1)c1nc(C=O)c[nH]1,CC(C)(C)OC(=O)NC(Cc1ccccc1)C(O)CC(Cc1ccccc1)c1nc(C=O)c[nH]1,AQJMQHHHIHGOCQ-BCXZNTRWSA-N,AQJMQHHHIHGOCQ,eligible,463.578,4.436,104.31,3,5,10,34,3,0.3858,0,1,1
LIB_AQKCJDFMDAPELP,ChEMBL,CHEMBL568,CHEMBL568,https://www.ebi.ac.uk/chembl/compound_report_card/CHEMBL568/,O=C1Nc2ccc(Cl)cc2C(c2ccccc2)=NC1O,O=C1N=C(c2ccccc2)c2cc(Cl)ccc2NC1O,O=C1N=C(c2ccccc2)c2cc(Cl)ccc2NC1O,AQKCJDFMDAPELP-UHFFFAOYSA-N,AQKCJDFMDAPELP,eligible,286.718,2.448,61.69,2,3,1,20,3,0.8463,0,1,1
LIB_AQLTYJMQNXJCFS,ChEMBL,CHEMBL10477,CHEMBL10477,https://www.ebi.ac.uk/chembl/compound_report_card/CHEMBL10477/,COc1ccc(/C=C(C)/C=C/C(O)=C2\C(=O)CN(C)C2=O)c2ccccc12,COc1ccc(/C=C(\C)C=CC(=O)c2c(O)cn(C)c2O)c2ccccc12,COc1ccc(C=C(C)C=CC(=O)c2c(O)cn(C)c2O)c2ccccc12,AQLTYJMQNXJCFS-ZMIWSCJLSA-N,AQLTYJMQNXJCFS,eligible,363.413,4.441,71.69,2,4,5,27,3,0.3993,0,1,1
LIB_AQLYSRPRJCVCFC,ChEMBL,CHEMBL1085163,CHEMBL1085163,https://www.ebi.ac.uk/chembl/compound_report_card/CHEMBL1085163/,COc1ccc(C2C(C#N)=C(N)OC3=C2C(=O)CC(C)(C)C3)cc1,COc1ccc(C2C(C#N)C(=N)OC3=CC(C)(C)CC(=O)C32)cc1,COc1ccc(C2C(C#N)C(=N)OC3=CC(C)(C)CC(=O)C32)cc1,AQLYSRPRJCVCFC-UHFFFAOYSA-N,AQLYSRPRJCVCFC,eligible,324.38,3.425,83.17,1,5,2,24,3,0.9032,0,1,1
LIB_AQNDDEOPVVGCPG,ChEMBL,CHEMBL1201115,CHEMBL1201115;CHEMBL768,https://www.ebi.ac.uk/chembl/compound_report_card/CHEMBL1201115/,COC(=O)CCc1ccc(OCC(O)CNC(C)C)cc1.Cl,COC(=O)CCc1ccc(OCC(O)CNC(C)C)cc1,COC(=O)CCc1ccc(OCC(O)CNC(C)C)cc1,AQNDDEOPVVGCPG-UHFFFAOYSA-N,AQNDDEOPVVGCPG,eligible,295.379,1.53,67.79,2,5,9,21,1,0.6763,0,2,1
LIB_AQNZXINGTMSAJY,ChEMBL,CHEMBL1079977,CHEMBL1079977,https://www.ebi.ac.uk/chembl/compound_report_card/CHEMBL1079977/,O=S(=O)(c1cn(C2CCCNC2)c2ccccc12)c1cccc2cccnc12,O=S(=O)(c1cn(C2CCCNC2)c2ccccc12)c1cccc2cccnc12,O=S(=O)(c1cn(C2CCCNC2)c2ccccc12)c1cccc2cccnc12,AQNZXINGTMSAJY-UHFFFAOYSA-N,AQNZXINGTMSAJY,eligible,391.496,3.947,63.99,1,4,3,28,5,0.5744,0,1,1
LIB_AQOKCDNYWBIDND,ChEMBL,CHEMBL1200963,CHEMBL1200963,https://www.ebi.ac.uk/chembl/compound_report_card/CHEMBL1200963/,CCNC(=O)CCC/C=C\C[C@@H]1[C@@H](/C=C/[C@@H](O)CCc2ccccc2)[C@H](O)C[C@@H]1O,CCNC(=O)CCC/C=C\C[C@@H]1[C@@H](/C=C/[C@@H](O)CCc2ccccc2)[C@H](O)C[C@@H]1O,CCNC(=O)CCCC=CCC1C(O)CC(O)C1C=CC(O)CCc1ccccc1,AQOKCDNYWBIDND-FTOWTWDKSA-N,AQOKCDNYWBIDND,eligible,415.574,3.147,89.79,4,4,12,30,2,0.3118,0,1,1
LIB_AQQJKZQCFJQLOU,ChEMBL,CHEMBL101018,CHEMBL101018,https://www.ebi.ac.uk/chembl/compound_report_card/CHEMBL101018/,CCCC1(CCC)CCC2(CCN(CCCN(C)C)C2)CC1,CCCC1(CCC)CCC2(CCN(CCCN(C)C)C2)CC1,CCCC1(CCC)CCC2(CCN(CCCN(C)C)C2)CC1,AQQJKZQCFJQLOU-UHFFFAOYSA-N,AQQJKZQCFJQLOU,eligible,308.554,4.791,6.48,0,2,8,22,2,0.6358,0,1,1
LIB_AQTDJQCRNVQKEW,ChEMBL,CHEMBL1075766,CHEMBL1075766,https://www.ebi.ac.uk/chembl/compound_report_card/CHEMBL1075766/,COC(=O)C[C@H]1C(C)(C)[C@H](OC(C)=O)[C@@H]2C=C3[C@H]([C@H](OC(C)=O)C[C@]4(C)[C@H]3CC(=O)O[C@H]4c3ccoc3)[C@@]1(C)C2=O,COC(=O)C[C@H]1C(C)(C)[C@H](OC(C)=O)C2=CC3[C@H]([C@H](OC(C)=O)C[C@@]4(C)[C@H](c5ccoc5)OC(=O)C[C@@H]34)[C@@]1(C)C2=O,COC(=O)CC1C(C)(C)C(OC(C)=O)C2=CC3C4CC(=O)OC(c5ccoc5)C4(C)CC(OC(C)=O)C3C1(C)C2=O,AQTDJQCRNVQKEW-BRMQAHLHSA-N,AQTDJQCRNVQKEW,eligible,570.635,4.124,135.41,0,10,5,41,5,0.3756,0,1,1
LIB_AQXRKTBOPBHPDL,ChEMBL,CHEMBL106180,CHEMBL106180,https://www.ebi.ac.uk/chembl/compound_report_card/CHEMBL106180/,CCn1c(=O)c2c(nc(NC3CCCCC3)n2Cc2ccc(OC)c(Cl)c2)n(CC)c1=O,CCn1c(=O)c2c(nc(NC3CCCCC3)n2Cc2ccc(OC)c(Cl)c2)n(CC)c1=O,CCn1c(=O)c2c(nc(NC3CCCCC3)n2Cc2ccc(OC)c(Cl)c2)n(CC)c1=O,AQXRKTBOPBHPDL-UHFFFAOYSA-N,AQXRKTBOPBHPDL,eligible,459.978,3.854,83.08,1,5,7,32,4,0.5798,0,1,1
LIB_AQXSSJVLMRLLQD,ChEMBL,CHEMBL1086603,CHEMBL1086603,https://www.ebi.ac.uk/chembl/compound_report_card/CHEMBL1086603/,[Br-].[Br-].c1cc[n+](CC[n+]2ccccc2)cc1,c1cc[n+](CC[n+]2ccccc2)cc1,c1cc[n+](CC[n+]2ccccc2)cc1,AQXSSJVLMRLLQD-UHFFFAOYSA-N,AQXSSJVLMRLLQD,eligible,186.258,0.962,7.76,0,0,3,14,2,0.6308,2,1,1
LIB_ARBHZAIGPOZDTK,ChEMBL,CHEMBL106459,CHEMBL106459,https://www.ebi.ac.uk/chembl/compound_report_card/CHEMBL106459/,Cc1ccccc1C(=O)NC(=N)NCCCCc1ccccc1,Cc1ccccc1C(=O)N=C(N)NCCCCc1ccccc1,Cc1ccccc1C(=O)N=C(N)NCCCCc1ccccc1,ARBHZAIGPOZDTK-UHFFFAOYSA-N,ARBHZAIGPOZDTK,eligible,309.413,3.062,67.48,2,1,6,23,2,0.4894,0,1,1
LIB_ARCDQGFDKPSFGX,ChEMBL,CHEMBL107235,CHEMBL107235,https://www.ebi.ac.uk/chembl/compound_report_card/CHEMBL107235/,Cc1c(C(C)C)c(=O)on1C(=O)N(C)c1ccc(Cl)cc1,Cc1c(C(C)C)c(=O)on1C(=O)N(C)c1ccc(Cl)cc1,Cc1c(C(C)C)c(=O)on1C(=O)N(C)c1ccc(Cl)cc1,ARCDQGFDKPSFGX-UHFFFAOYSA-N,ARCDQGFDKPSFGX,eligible,308.765,3.631,55.45,0,3,2,21,2,0.8509,0,1,1
LIB_ARCROKJASMENMS,ChEMBL,CHEMBL105790,CHEMBL105790,https://www.ebi.ac.uk/chembl/compound_report_card/CHEMBL105790/,CC1(CS)C(=O)N2CCCC(C(=O)O)N2C1=O,CC1(CS)C(=O)N2CCCC(C(=O)O)N2C1=O,CC1(CS)C(=O)N2CCCC(C(=O)O)N2C1=O,ARCROKJASMENMS-UHFFFAOYSA-N,ARCROKJASMENMS,eligible,258.299,-0.245,77.92,2,4,2,17,2,0.5289,0,1,1
LIB_ARCYHALPQHNTIU,ChEMBL,CHEMBL1085273,CHEMBL1085273,https://www.ebi.ac.uk/chembl/compound_report_card/CHEMBL1085273/,Cc1cnc(-c2ccc(Cc3cc([C@@H]4O[C@H](CO)[C@@H](O)[C@H](O)[C@H]4O)ccc3Cl)nn2)o1,Cc1cnc(-c2ccc(Cc3cc([C@@H]4O[C@H](CO)[C@@H](O)[C@H](O)[C@H]4O)ccc3Cl)nn2)o1,Cc1cnc(-c2ccc(Cc3cc(C4OC(CO)C(O)C(O)C4O)ccc3Cl)nn2)o1,ARCYHALPQHNTIU-OBKDMQGPSA-N,ARCYHALPQHNTIU,eligible,447.875,1.199,141.96,4,9,5,31,4,0.4533,0,1,1
LIB_ARDLYEQBIROAPF,ChEMBL,CHEMBL1075895,CHEMBL1075895,https://www.ebi.ac.uk/chembl/compound_report_card/CHEMBL1075895/,Cc1cc(OCc2nc(-c3cnc(N4CCOCC4)nc3)c(-c3ccc(OC(F)(F)F)cc3)o2)ccc1OCC(=O)O,Cc1cc(OCc2nc(-c3cnc(N4CCOCC4)nc3)c(-c3ccc(OC(F)(F)F)cc3)o2)ccc1OCC(=O)O,Cc1cc(OCc2nc(-c3cnc(N4CCOCC4)nc3)c(-c3ccc(OC(F)(F)F)cc3)o2)ccc1OCC(=O)O,ARDLYEQBIROAPF-UHFFFAOYSA-N,ARDLYEQBIROAPF,eligible,586.523,4.885,129.27,1,10,10,42,5,0.2728,0,1,1
LIB_AREYZFZATPKFNP,ChEMBL,CHEMBL1085903,CHEMBL1085903,https://www.ebi.ac.uk/chembl/compound_report_card/CHEMBL1085903/,O=C1N(CC2CCCCN2)CCN1c1cccc(C(F)(F)F)c1,O=C1N(CC2CCCCN2)CCN1c1cccc(C(F)(F)F)c1,O=C1N(CC2CCCCN2)CCN1c1cccc(C(F)(F)F)c1,AREYZFZATPKFNP-UHFFFAOYSA-N,AREYZFZATPKFNP,eligible,327.35,3.09,35.58,1,2,3,23,3,0.9259,0,1,1
LIB_ARFHIAQFJWUCFH,ChEMBL,CHEMBL290960,CHEMBL290960,https://www.ebi.ac.uk/chembl/compound_report_card/CHEMBL290960/,CC1CS(=O)(=O)CCN1/N=C/c1ccc([N+](=O)[O-])o1,CC1CS(=O)(=O)CCN1/N=C/c1ccc([N+](=O)[O-])o1,CC1CS(=O)(=O)CCN1N=Cc1ccc([N+](=O)[O-])o1,ARFHIAQFJWUCFH-IZZDOVSWSA-N,ARFHIAQFJWUCFH,eligible,287.297,0.641,106.02,0,7,3,19,2,0.4586,0,1,1
LIB_ARHWPKZXBHOEEE,ChEMBL,CHEMBL94081,CHEMBL94081,https://www.ebi.ac.uk/chembl/compound_report_card/CHEMBL94081/,C=CCOc1ccc(CC(=O)O)cc1Cl,C=CCOc1ccc(CC(=O)O)cc1Cl,C=CCOc1ccc(CC(=O)O)cc1Cl,ARHWPKZXBHOEEE-UHFFFAOYSA-N,ARHWPKZXBHOEEE,eligible,226.659,2.532,46.53,1,2,5,15,1,0.7852,0,1,1
LIB_ARIUEUFAWPJWQT,ChEMBL,CHEMBL106637,CHEMBL106637,https://www.ebi.ac.uk/chembl/compound_report_card/CHEMBL106637/,Oc1nc2nonc2nc1-c1cccc(F)c1,O=c1[nH]c2nonc2nc1-c1cccc(F)c1,O=c1[nH]c2nonc2nc1-c1cccc(F)c1,ARIUEUFAWPJWQT-UHFFFAOYSA-N,ARIUEUFAWPJWQT,eligible,232.174,1.112,84.67,1,5,1,17,3,0.6789,0,1,1
LIB_ARJMVZJVCUBKTH,ChEMBL,CHEMBL105924,CHEMBL105924,https://www.ebi.ac.uk/chembl/compound_report_card/CHEMBL105924/,CCCCCS(=O)(=O)Nc1ccc(Nc2c3ccccc3nc3cc(NC(C)=O)ccc23)cc1,CCCCCS(=O)(=O)Nc1ccc(Nc2c3ccccc3nc3cc(NC(C)=O)ccc23)cc1,CCCCCS(=O)(=O)Nc1ccc(Nc2c3ccccc3nc3cc(NC(C)=O)ccc23)cc1,ARJMVZJVCUBKTH-UHFFFAOYSA-N,ARJMVZJVCUBKTH,eligible,476.602,6.022,100.19,3,5,9,34,4,0.2025,0,1,1
LIB_ARKCCSLVZRHANZ,ChEMBL,CHEMBL104741,CHEMBL104741,https://www.ebi.ac.uk/chembl/compound_report_card/CHEMBL104741/,N[C@@H](Cc1c[nH]c2ccccc12)C(=O)N[C@@H](Cc1c[nH]c2ccc(Br)cc12)C(=O)O,NC(Cc1c[nH]c2ccccc12)C(=O)NC(Cc1c[nH]c2ccc(Br)cc12)C(=O)O,NC(Cc1c[nH]c2ccccc12)C(=O)NC(Cc1c[nH]c2ccc(Br)cc12)C(=O)O,ARKCCSLVZRHANZ-UHFFFAOYSA-N,ARKCCSLVZRHANZ,eligible,469.339,3.094,124.0,5,3,7,30,4,0.2854,0,1,1
LIB_ARKKFYUXHFNQLU,ChEMBL,CHEMBL105847,CHEMBL105847,https://www.ebi.ac.uk/chembl/compound_report_card/CHEMBL105847/,CN(Cc1ccccc1)C(=O)[C@H](Cc1ccc(-c2ccccc2)cc1)NC(=O)[C@@H]1CCCN1/C(S)=N/Cc1ccccc1Cl,CN(Cc1ccccc1)C(=O)C(Cc1ccc(-c2ccccc2)cc1)NC(=O)C1CCCN1C(=S)NCc1ccccc1Cl,CN(Cc1ccccc1)C(=O)C(Cc1ccc(-c2ccccc2)cc1)NC(=O)C1CCCN1C(=S)NCc1ccccc1Cl,ARKKFYUXHFNQLU-UHFFFAOYSA-N,ARKKFYUXHFNQLU,eligible,625.238,6.232,64.68,2,3,10,44,5,0.2049,0,1,1
LIB_ARKRGZWOQNQDPH,ChEMBL,CHEMBL1079085,CHEMBL1079085,https://www.ebi.ac.uk/chembl/compound_report_card/CHEMBL1079085/,COc1cc(O)c2c(c1)/C=C/C[C@H](O)[C@H](O)C(=O)/C=C\C[C@H](c1ccccc1)OC2=O,COc1cc(O)c2c(c1)C=CCC(=O)C(=O)C(O)CCC[C@H](c1ccccc1)OC2=O,COc1cc(O)c2c(c1)C=CCC(=O)C(=O)C(O)CCCC(c1ccccc1)OC2=O,ARKRGZWOQNQDPH-VGAJERRHSA-N,ARKRGZWOQNQDPH,eligible,424.449,3.385,110.13,2,7,2,31,3,0.5616,0,1,1
LIB_ARNDMJXDENKTCS,ChEMBL,CHEMBL101870,CHEMBL101870,https://www.ebi.ac.uk/chembl/compound_report_card/CHEMBL101870/,O=C(O)CCCC/C=C(/c1ccccc1)c1ccccn1,O=C(O)CCCC/C=C(/c1ccccc1)c1ccccn1,O=C(O)CCCCC=C(c1ccccc1)c1ccccn1,ARNDMJXDENKTCS-WJDWOHSUSA-N,ARNDMJXDENKTCS,eligible,281.355,4.158,50.19,1,2,7,21,2,0.7752,0,1,1
LIB_ARNPHBDRILPRAA,ChEMBL,CHEMBL1082895,CHEMBL1082895,https://www.ebi.ac.uk/chembl/compound_report_card/CHEMBL1082895/,CC(C)(C)NC(=O)N[C@H](C(=O)N1CC2(C[C@H]1C(=O)NC(CC1CCC1)C(=O)C(N)=O)SCCS2)C1CCCCC1,CC(C)(C)NC(=O)NC(C(=O)N1CC2(CC1C(=O)NC(CC1CCC1)C(=O)C(N)=O)SCCS2)C1CCCCC1,CC(C)(C)NC(=O)NC(C(=O)N1CC2(CC1C(=O)NC(CC1CCC1)C(=O)C(N)=O)SCCS2)C1CCCCC1,ARNPHBDRILPRAA-UHFFFAOYSA-N,ARNPHBDRILPRAA,eligible,595.832,2.54,150.7,4,7,9,40,4,0.2992,0,1,1
LIB_AROPQFAAOZECLL,ChEMBL,CHEMBL1086234,CHEMBL1086234,https://www.ebi.ac.uk/chembl/compound_report_card/CHEMBL1086234/,N#Cc1c(-c2ccc(Cl)cc2)nc(SCCc2ccccc2)[nH]c1=O,N#Cc1c(-c2ccc(Cl)cc2)[nH]c(SCCc2ccccc2)nc1=O,N#Cc1c(-c2ccc(Cl)cc2)[nH]c(SCCc2ccccc2)nc1=O,AROPQFAAOZECLL-UHFFFAOYSA-N,AROPQFAAOZECLL,eligible,367.861,4.297,69.54,1,4,5,25,3,0.5389,0,1,1
LIB_AROTXIUFXQZGLT,ChEMBL,CHEMBL1086439,CHEMBL1086439,https://www.ebi.ac.uk/chembl/compound_report_card/CHEMBL1086439/,C/C(=C\Cc1c(O)cc2occ(-c3ccc(O)cc3)c(=O)c2c1O)CO,C/C(=C\Cc1c(O)cc2occ(-c3ccc(O)cc3)c(=O)c2c1O)CO,CC(=CCc1c(O)cc2occ(-c3ccc(O)cc3)c(=O)c2c1O)CO,AROTXIUFXQZGLT-BIIKFXOESA-N,AROTXIUFXQZGLT,eligible,354.358,3.058,111.13,4,6,4,26,3,0.536,0,1,1
LIB_ARPGIRZFNMNODV,ChEMBL,CHEMBL1076862,CHEMBL1076862,https://www.ebi.ac.uk/chembl/compound_report_card/CHEMBL1076862/,C[C@]1(O)OC(=O)C=C1[C@@H]1CC[C@@](C)(Cl)[C@H](Br)C1,C[C@]1(O)OC(=O)C=C1[C@@H]1CC[C@@](C)(Cl)[C@H](Br)C1,CC1(O)OC(=O)C=C1C1CCC(C)(Cl)C(Br)C1,ARPGIRZFNMNODV-QNKRVWAESA-N,ARPGIRZFNMNODV,eligible,323.614,2.739,46.53,1,3,1,17,2,0.596,0,1,1
LIB_ARPRGXDVFSWDRL,ChEMBL,CHEMBL1085096,CHEMBL1085096,https://www.ebi.ac.uk/chembl/compound_report_card/CHEMBL1085096/,CN(O)C(=O)CCC(F)P(=O)(O)O.N.N,CN(O)C(=O)CCC(F)P(=O)(O)O,CN(O)C(=O)CCC(F)P(=O)(O)O,ARPRGXDVFSWDRL-UHFFFAOYSA-N,ARPRGXDVFSWDRL,eligible,215.117,0.088,98.07,3,3,4,13,0,0.3504,0,1,1
LIB_ARQDBOVVOYEJFM,ChEMBL,CHEMBL108613,CHEMBL108613,https://www.ebi.ac.uk/chembl/compound_report_card/CHEMBL108613/,CCCCNC1=NS(=O)(=O)c2cnccc2N1,CCCCNC1=NS(=O)(=O)c2cnccc2N1,CCCCNC1=NS(=O)(=O)c2cnccc2N1,ARQDBOVVOYEJFM-UHFFFAOYSA-N,ARQDBOVVOYEJFM,eligible,254.315,0.942,83.45,2,5,3,17,2,0.7843,0,1,1
LIB_ARRNZUHFFUCBML,ChEMBL,CHEMBL1083925,CHEMBL1083925;CHEMBL1083926,https://www.ebi.ac.uk/chembl/compound_report_card/CHEMBL1083925/,C[C@H]1CNCC[C@@H]1CNC(=O)c1c(F)cccc1-c1cccc(Cl)c1,C[C@H]1CNCC[C@@H]1CNC(=O)c1c(F)cccc1-c1cccc(Cl)c1,CC1CNCCC1CNC(=O)c1c(F)cccc1-c1cccc(Cl)c1,ARRNZUHFFUCBML-DZGCQCFKSA-N,ARRNZUHFFUCBML,eligible,360.86,4.122,41.13,2,2,4,25,3,0.8606,0,2,2
LIB_ARRWGFAZPMUOQP,ChEMBL,CHEMBL1078832,CHEMBL1078832,https://www.ebi.ac.uk/chembl/compound_report_card/CHEMBL1078832/,CC(C)C[C@H](NC(=O)CS)C(=O)N[C@@H](CCCCN)C(N)=O,CC(C)CC(NC(=O)CS)C(=O)NC(CCCCN)C(N)=O,CC(C)CC(NC(=O)CS)C(=O)NC(CCCCN)C(N)=O,ARRWGFAZPMUOQP-UHFFFAOYSA-N,ARRWGFAZPMUOQP,eligible,332.47,-0.454,127.31,5,5,11,22,0,0.2592,0,1,1
LIB_ARSCWVMYFYXWGC,ChEMBL,CHEMBL1081616,CHEMBL1081616,https://www.ebi.ac.uk/chembl/compound_report_card/CHEMBL1081616/,COc1cccc(C2=C(c3cn(C)c4cc(F)ccc34)C(=O)NC2=O)c1,COc1cccc(C2=C(c3cn(C)c4cc(F)ccc34)C(=O)NC2=O)c1,COc1cccc(C2=C(c3cn(C)c4cc(F)ccc34)C(=O)NC2=O)c1,ARSCWVMYFYXWGC-UHFFFAOYSA-N,ARSCWVMYFYXWGC,eligible,350.349,2.893,60.33,1,3,3,26,4,0.7391,0,1,1
LIB_ARSPFAPDBRQSDD,ChEMBL,CHEMBL101609,CHEMBL101609,https://www.ebi.ac.uk/chembl/compound_report_card/CHEMBL101609/,C=C(c1ccc(C(=O)O)cc1)c1cc2c(cc1Cl)C(C)(C)CCC2(C)C,C=C(c1ccc(C(=O)O)cc1)c1cc2c(cc1Cl)C(C)(C)CCC2(C)C,C=C(c1ccc(C(=O)O)cc1)c1cc2c(cc1Cl)C(C)(C)CCC2(C)C,ARSPFAPDBRQSDD-UHFFFAOYSA-N,ARSPFAPDBRQSDD,eligible,368.904,6.449,37.3,1,1,3,26,3,0.6755,0,1,1
LIB_ARUGHEGZEIWGIY,ChEMBL,CHEMBL1086972,CHEMBL1086972,https://www.ebi.ac.uk/chembl/compound_report_card/CHEMBL1086972/,Nc1[nH]ncc1-c1nnc(Nc2ccc3c(c2)OCO3)o1,Nc1[nH]ncc1-c1nnc(Nc2ccc3c(c2)OCO3)o1,Nc1[nH]ncc1-c1nnc(Nc2ccc3c(c2)OCO3)o1,ARUGHEGZEIWGIY-UHFFFAOYSA-N,ARUGHEGZEIWGIY,eligible,286.251,1.514,124.11,3,8,3,21,4,0.6615,0,1,1
LIB_ARWHDIBGMBNMNF,ChEMBL,CHEMBL1079703,CHEMBL1079703,https://www.ebi.ac.uk/chembl/compound_report_card/CHEMBL1079703/,Cc1cccc(C)c1CNc1ccnc2c1cc(C)n2C,Cc1cccc(C)c1CNc1ccnc2c1cc(C)n2C,Cc1cccc(C)c1CNc1ccnc2c1cc(C)n2C,ARWHDIBGMBNMNF-UHFFFAOYSA-N,ARWHDIBGMBNMNF,eligible,279.387,4.111,29.85,1,2,3,21,3,0.7816,0,1,1
LIB_ARXUIYQSARAZGV,ChEMBL,CHEMBL1086236,CHEMBL1086236,https://www.ebi.ac.uk/chembl/compound_report_card/CHEMBL1086236/,O=C(NCC1CC1)c1ccc(CN(Cc2ccccn2)S(=O)(=O)c2ccc(Cl)cc2)cc1,O=C(NCC1CC1)c1ccc(CN(Cc2ccccn2)S(=O)(=O)c2ccc(Cl)cc2)cc1,O=C(NCC1CC1)c1ccc(CN(Cc2ccccn2)S(=O)(=O)c2ccc(Cl)cc2)cc1,ARXUIYQSARAZGV-UHFFFAOYSA-N,ARXUIYQSARAZGV,eligible,469.994,4.266,79.37,1,4,9,32,4,0.5073,0,1,1
LIB_ARXWWLXUEVSQKA,ChEMBL,CHEMBL1084201,CHEMBL1084201,https://www.ebi.ac.uk/chembl/compound_report_card/CHEMBL1084201/,CC(C)(Cc1ccc2ccccc2c1)NC[C@@H](O)COC(c1ccccc1)C1CCCCC1,CC(C)(Cc1ccc2ccccc2c1)NC[C@@H](O)COC(c1ccccc1)C1CCCCC1,CC(C)(Cc1ccc2ccccc2c1)NCC(O)COC(c1ccccc1)C1CCCCC1,ARXWWLXUEVSQKA-FICMROCWSA-N,ARXWWLXUEVSQKA,eligible,445.647,6.45,41.49,2,3,10,33,4,0.3767,0,1,1
LIB_ARYHQYJCEGJCPK,ChEMBL,CHEMBL1079165,CHEMBL1079165,https://www.ebi.ac.uk/chembl/compound_report_card/CHEMBL1079165/,NC(=O)[C@H](CC(=O)O)NC(=O)[C@@H]1CCCN1C(=O)CS,NC(=O)C(CC(=O)O)NC(=O)C1CCCN1C(=O)CS,NC(=O)C(CC(=O)O)NC(=O)C1CCCN1C(=O)CS,ARYHQYJCEGJCPK-UHFFFAOYSA-N,ARYHQYJCEGJCPK,eligible,303.34,-1.648,129.8,4,5,6,20,1,0.4369,0,1,1
LIB_ARZDSVFJNIANND,ChEMBL,CHEMBL102563,CHEMBL102563,https://www.ebi.ac.uk/chembl/compound_report_card/CHEMBL102563/,O=C(O)c1cn(-c2ccccc2F)c2cc(N3CCNCC3)c(F)cc2c1=O,O=C(O)c1cn(-c2ccccc2F)c2cc(N3CCNCC3)c(F)cc2c1=O,O=C(O)c1cn(-c2ccccc2F)c2cc(N3CCNCC3)c(F)cc2c1=O,ARZDSVFJNIANND-UHFFFAOYSA-N,ARZDSVFJNIANND,eligible,385.37,2.377,74.57,2,4,3,28,4,0.7243,0,1,1
LIB_ASCLGBCMRAJHLB,ChEMBL,CHEMBL100098,CHEMBL100098,https://www.ebi.ac.uk/chembl/compound_report_card/CHEMBL100098/,O=C(/C=C/C#Cc1cccc(NS(=O)(=O)c2ccc([N+](=O)[O-])cc2)c1)NO,O=[N+]([O-])c1ccc(S(=O)(=O)Nc2cccc(C#C/C=C/C(O)=NO)c2)cc1,O=[N+]([O-])c1ccc(S(=O)(=O)Nc2cccc(C#CC=CC(O)=NO)c2)cc1,ASCLGBCMRAJHLB-FARCUNLSSA-N,ASCLGBCMRAJHLB,eligible,387.373,2.649,142.13,3,6,5,27,2,0.1797,0,1,1
LIB_ASFKGJZCLKKUJO,ChEMBL,CHEMBL100929,CHEMBL100929,https://www.ebi.ac.uk/chembl/compound_report_card/CHEMBL100929/,COc1cc(NC(=O)c2cc(C)c(C)o2)ccc1-c1cnco1,COc1cc(NC(=O)c2cc(C)c(C)o2)ccc1-c1cnco1,COc1cc(NC(=O)c2cc(C)c(C)o2)ccc1-c1cnco1,ASFKGJZCLKKUJO-UHFFFAOYSA-N,ASFKGJZCLKKUJO,eligible,312.325,3.812,77.5,1,5,4,23,3,0.7923,0,1,1
LIB_ASFRYMKNZGDSTP,ChEMBL,CHEMBL1082857,CHEMBL1082857,https://www.ebi.ac.uk/chembl/compound_report_card/CHEMBL1082857/,CCCc1cc(-c2cccc(C3CCCC3)c2)nc(C#N)n1,CCCc1cc(-c2cccc(C3CCCC3)c2)nc(C#N)n1,CCCc1cc(-c2cccc(C3CCCC3)c2)nc(C#N)n1,ASFRYMKNZGDSTP-UHFFFAOYSA-N,ASFRYMKNZGDSTP,eligible,291.398,4.625,49.57,0,3,4,22,3,0.8251,0,1,1
LIB_ASGPPKHUWWRTLM,ChEMBL,CHEMBL107529,CHEMBL107529,https://www.ebi.ac.uk/chembl/compound_report_card/CHEMBL107529/,c1ccc(CN2CCC(n3ccc(-c4cnco4)c3)CC2)cc1,c1ccc(CN2CCC(n3ccc(-c4cnco4)c3)CC2)cc1,c1ccc(CN2CCC(n3ccc(-c4cnco4)c3)CC2)cc1,ASGPPKHUWWRTLM-UHFFFAOYSA-N,ASGPPKHUWWRTLM,eligible,307.397,3.98,34.2,0,3,4,23,4,0.7309,0,1,1
LIB_ASHJGVAKJNCVRA,ChEMBL,CHEMBL106395,CHEMBL106395,https://www.ebi.ac.uk/chembl/compound_report_card/CHEMBL106395/,CC(C)c1cc(C(C)C)c(S(=O)(=O)NC(Cc2cccc(C(=N)N)c2)C(=O)N2CCCCC2C(=O)O)c(C(C)C)c1,CC(C)c1cc(C(C)C)c(S(=O)(=O)NC(Cc2cccc(C(=N)N)c2)C(=O)N2CCCCC2C(=O)O)c(C(C)C)c1,CC(C)c1cc(C(C)C)c(S(=O)(=O)NC(Cc2cccc(C(=N)N)c2)C(=O)N2CCCCC2C(=O)O)c(C(C)C)c1,ASHJGVAKJNCVRA-UHFFFAOYSA-N,ASHJGVAKJNCVRA,eligible,584.783,4.696,153.65,4,5,11,41,3,0.2219,0,1,1
LIB_ASIGVUKHFQVAFS,ChEMBL,CHEMBL1081700,CHEMBL1081700,https://www.ebi.ac.uk/chembl/compound_report_card/CHEMBL1081700/,CC1(C)CCC[C@]2(C)[C@H]3C[C@@H](O)[C@]4(C)c5cocc5C=C[C@H]4[C@]3(C)CC[C@@H]12,CC1(C)CCC[C@]2(C)[C@H]3C[C@@H](O)[C@]4(C)c5cocc5C=C[C@H]4[C@]3(C)CC[C@@H]12,CC1(C)CCCC2(C)C1CCC1(C)C2CC(O)C2(C)c3cocc3C=CC12,ASIGVUKHFQVAFS-XTKXXMFCSA-N,ASIGVUKHFQVAFS,eligible,368.561,6.194,33.37,1,2,0,27,5,0.5918,0,1,1
LIB_ASJKYEJUWNLBKH,ChEMBL,CHEMBL1081857,CHEMBL1081857,https://www.ebi.ac.uk/chembl/compound_report_card/CHEMBL1081857/,O=C(Cc1ccccc1Cl)Nc1cscc1-c1nc(O)c(O)c(C(=O)O)n1,O=C(Cc1ccccc1Cl)Nc1cscc1-c1nc(=O)c(O)c(C(=O)O)[nH]1,O=C(Cc1ccccc1Cl)Nc1cscc1-c1nc(=O)c(O)c(C(=O)O)[nH]1,ASJKYEJUWNLBKH-UHFFFAOYSA-N,ASJKYEJUWNLBKH,eligible,405.819,2.737,132.38,4,6,5,27,3,0.5156,0,1,1
LIB_ASKZRYGFUPSJPN,ChEMBL,CHEMBL4297528,CHEMBL4297528,https://www.ebi.ac.uk/chembl/compound_report_card/CHEMBL4297528/,Cc1cn2nc(-c3cc(=O)n4cc(N5CCNC6(CC6)C5)ccc4n3)cc(C)c2n1,Cc1cn2nc(-c3cc(=O)n4cc(N5CCNC6(CC6)C5)ccc4n3)cc(C)c2n1,Cc1cn2nc(-c3cc(=O)n4cc(N5CCNC6(CC6)C5)ccc4n3)cc(C)c2n1,ASKZRYGFUPSJPN-UHFFFAOYSA-N,ASKZRYGFUPSJPN,eligible,401.474,1.963,79.83,1,6,2,30,6,0.5532,0,1,1
LIB_ASLBMNKEVTVLHM,ChEMBL,CHEMBL100294,CHEMBL100294,https://www.ebi.ac.uk/chembl/compound_report_card/CHEMBL100294/,OCc1cn(Cc2ccccc2Cl)cc1-c1ccc(Cl)cc1,OCc1cn(Cc2ccccc2Cl)cc1-c1ccc(Cl)cc1,OCc1cn(Cc2ccccc2Cl)cc1-c1ccc(Cl)cc1,ASLBMNKEVTVLHM-UHFFFAOYSA-N,ASLBMNKEVTVLHM,eligible,332.23,5.003,25.16,1,1,4,22,3,0.7143,0,1,1
LIB_ASLCFRWVLZGOAR,ChEMBL,CHEMBL101803,CHEMBL101803,https://www.ebi.ac.uk/chembl/compound_report_card/CHEMBL101803/,CCCC[C@@H](NC(=O)Nc1cccc(C)c1)C(=O)N1CCC(C(=O)c2ccccc2)CC1,CCCCC(NC(=O)Nc1cccc(C)c1)C(=O)N1CCC(C(=O)c2ccccc2)CC1,CCCCC(NC(=O)Nc1cccc(C)c1)C(=O)N1CCC(C(=O)c2ccccc2)CC1,ASLCFRWVLZGOAR-UHFFFAOYSA-N,ASLCFRWVLZGOAR,eligible,435.568,4.797,78.51,2,3,8,32,3,0.585,0,1,1
LIB_ASLZCBIIUIAPEE,ChEMBL,CHEMBL1085440,CHEMBL1085440,https://www.ebi.ac.uk/chembl/compound_report_card/CHEMBL1085440/,O=C(N[C@@H](Cc1c[nH]c2ccc(O)cc12)C(=O)O)c1ccc2c(c1)nc(-c1ccsc1)n2C1CCCCC1,O=C(NC(Cc1c[nH]c2ccc(O)cc12)C(=O)O)c1ccc2c(c1)nc(-c1ccsc1)n2C1CCCCC1,O=C(NC(Cc1c[nH]c2ccc(O)cc12)C(=O)O)c1ccc2c(c1)nc(-c1ccsc1)n2C1CCCCC1,ASLZCBIIUIAPEE-UHFFFAOYSA-N,ASLZCBIIUIAPEE,eligible,528.634,5.883,120.24,4,5,7,38,6,0.2102,0,1,1
LIB_ASMGFLAYDQSOPU,ChEMBL,CHEMBL101886,CHEMBL101886,https://www.ebi.ac.uk/chembl/compound_report_card/CHEMBL101886/,CN(CCCOc1ccccc1)CCC(O)(P(=O)(O)O)P(=O)(O)O,CN(CCCOc1ccccc1)CCC(O)(P(=O)(O)O)P(=O)(O)O,CN(CCCOc1ccccc1)CCC(O)(P(=O)(O)O)P(=O)(O)O,ASMGFLAYDQSOPU-UHFFFAOYSA-N,ASMGFLAYDQSOPU,eligible,383.274,0.779,147.76,5,5,10,24,1,0.2919,0,1,1
LIB_ASMSNIHFROSTMQ,ChEMBL,CHEMBL1082013,CHEMBL1082013,https://www.ebi.ac.uk/chembl/compound_report_card/CHEMBL1082013/,Cc1cccc(O)c1C(=O)C1=CCN2CCC[C@@H]12,Cc1cccc(O)c1C(=O)C1=CCN2CCC[C@@H]12,Cc1cccc(O)c1C(=O)C1=CCN2CCCC12,ASMSNIHFROSTMQ-LBPRGKRZSA-N,ASMSNIHFROSTMQ,eligible,243.306,2.288,40.54,1,3,2,18,3,0.8101,0,1,1
LIB_ASMXXROZKSBQIH,ChEMBL,CHEMBL1194325,CHEMBL1194325;CHEMBL551466,https://www.ebi.ac.uk/chembl/compound_report_card/CHEMBL1194325/,O=C(O[C@H]1C[N+]2(CCCOc3ccccc3)CCC1CC2)C(O)(c1cccs1)c1cccs1,O=C(O[C@H]1C[N+]2(CCCOc3ccccc3)CCC1CC2)C(O)(c1cccs1)c1cccs1,O=C(OC1C[N+]2(CCCOc3ccccc3)CCC1CC2)C(O)(c1cccs1)c1cccs1,ASMXXROZKSBQIH-VITNCHFBSA-N,ASMXXROZKSBQIH,eligible,484.663,4.667,55.76,1,6,9,33,6,0.2725,1,2,1
LIB_ASNWYWPYLSXBIM,ChEMBL,CHEMBL1076326,CHEMBL1076326;CHEMBL1076409,https://www.ebi.ac.uk/chembl/compound_report_card/CHEMBL1076326/,CS(=O)(=O)Nc1ccc2c(c1)S(=O)(=O)N=C(C1=C(O)[C@@H]3[C@@H]4CC[C@@H](C4)[C@@H]3N(Cc3ccc(F)c(F)c3)C1=O)N2,CS(=O)(=O)Nc1ccc2c(c1)S(=O)(=O)N=C(C1C(=O)C3[C@@H]4CC[C@@H](C4)[C@@H]3N(Cc3ccc(F)c(F)c3)C1=O)N2,CS(=O)(=O)Nc1ccc2c(c1)S(=O)(=O)N=C(C1C(=O)C3C4CCC(C4)C3N(Cc3ccc(F)c(F)c3)C1=O)N2,ASNWYWPYLSXBIM-KISNDHBISA-N,ASNWYWPYLSXBIM,eligible,578.619,2.491,142.08,2,7,5,39,6,0.5194,0,2,2
LIB_ASOADIZOVZTJSR,ChEMBL,CHEMBL1089318,CHEMBL1089318,https://www.ebi.ac.uk/chembl/compound_report_card/CHEMBL1089318/,Cc1c(Cl)c(C)[n+]([O-])c(Cl)c1-c1noc(-c2cc(O)c(O)c([N+](=O)[O-])c2)n1,Cc1c(Cl)c(C)[n+]([O-])c(Cl)c1-c1noc(-c2cc(O)c(O)c([N+](=O)[O-])c2)n1,Cc1c(Cl)c(C)[n+]([O-])c(Cl)c1-c1noc(-c2cc(O)c(O)c([N+](=O)[O-])c2)n1,ASOADIZOVZTJSR-UHFFFAOYSA-N,ASOADIZOVZTJSR,eligible,413.173,3.28,149.46,2,8,3,27,3,0.1659,0,1,1
LIB_ASPGWFIMJWAWGW,ChEMBL,CHEMBL10015,CHEMBL10015,https://www.ebi.ac.uk/chembl/compound_report_card/CHEMBL10015/,CCN(c1nc(C)cc(-c2ccccc2C(F)(F)F)n1)c1c(Br)cc(N(C)C)cc1OC,CCN(c1nc(C)cc(-c2ccccc2C(F)(F)F)n1)c1c(Br)cc(N(C)C)cc1OC,CCN(c1nc(C)cc(-c2ccccc2C(F)(F)F)n1)c1c(Br)cc(N(C)C)cc1OC,ASPGWFIMJWAWGW-UHFFFAOYSA-N,ASPGWFIMJWAWGW,eligible,509.37,6.466,41.49,0,5,6,32,3,0.3814,0,1,1
LIB_ASQCYBXJIGCHCM,ChEMBL,CHEMBL1081710,CHEMBL1081710,https://www.ebi.ac.uk/chembl/compound_report_card/CHEMBL1081710/,CC(C)S(=O)(=O)c1cc(C(N)=O)cc2nc(NCc3ccccc3Cl)n(C[C@H]3CCCCC[C@H]3O)c12,CC(C)S(=O)(=O)c1cc(C(N)=O)cc2nc(NCc3ccccc3Cl)n(C[C@H]3CCCCC[C@H]3O)c12,CC(C)S(=O)(=O)c1cc(C(N)=O)cc2nc(NCc3ccccc3Cl)n(CC3CCCCCC3O)c12,ASQCYBXJIGCHCM-XMSQKQJNSA-N,ASQCYBXJIGCHCM,eligible,533.094,4.524,127.31,3,6,8,36,4,0.3658,0,1,1
LIB_ASSVMZXJIAJLTL,ChEMBL,CHEMBL1082756,CHEMBL1082756,https://www.ebi.ac.uk/chembl/compound_report_card/CHEMBL1082756/,CCOCCn1c2ccc(C3CCCCO3)cc2c2c3c(c4c(c21)CCc1nn(C)cc1-4)C(=O)NC3,CCOCCn1c2ccc(C3CCCCO3)cc2c2c3c(c4c(c21)CCc1nn(C)cc1-4)C(=O)NC3,CCOCCn1c2ccc(C3CCCCO3)cc2c2c3c(c4c(c21)CCc1nn(C)cc1-4)C(=O)NC3,ASSVMZXJIAJLTL-UHFFFAOYSA-N,ASSVMZXJIAJLTL,eligible,484.6,4.815,70.31,1,4,5,36,7,0.4127,0,1,1
LIB_ASTAPGJBBBKTEX,ChEMBL,CHEMBL1086292,CHEMBL1086292,https://www.ebi.ac.uk/chembl/compound_report_card/CHEMBL1086292/,Cc1nc(-c2cccs2)sc1-c1ccc2cc(CCN3CCC[C@H]3C)ccc2n1,Cc1nc(-c2cccs2)sc1-c1ccc2cc(CCN3CCC[C@H]3C)ccc2n1,Cc1nc(-c2cccs2)sc1-c1ccc2cc(CCN3CCCC3C)ccc2n1,ASTAPGJBBBKTEX-MRXNPFEDSA-N,ASTAPGJBBBKTEX,eligible,419.619,6.422,29.02,0,5,5,29,5,0.3735,0,1,1
LIB_ASUJAYPHKLXKKQ,ChEMBL,CHEMBL106403,CHEMBL106403,https://www.ebi.ac.uk/chembl/compound_report_card/CHEMBL106403/,O=C(O)CCCCCCc1ccc(CCCc2ccc(O)cc2)s1,O=C(O)CCCCCCc1ccc(CCCc2ccc(O)cc2)s1,O=C(O)CCCCCCc1ccc(CCCc2ccc(O)cc2)s1,ASUJAYPHKLXKKQ-UHFFFAOYSA-N,ASUJAYPHKLXKKQ,eligible,346.492,5.207,57.53,2,3,11,24,2,0.5494,0,1,1
LIB_ASUPXZZZUXUWIR,ChEMBL,CHEMBL1077722,CHEMBL1077722,https://www.ebi.ac.uk/chembl/compound_report_card/CHEMBL1077722/,CCOc1cc(CN2CCC(Nc3nc4ccncc4o3)CC2)ccc1OC,CCOc1cc(CN2CCC(Nc3nc4ccncc4o3)CC2)ccc1OC,CCOc1cc(CN2CCC(Nc3nc4ccncc4o3)CC2)ccc1OC,ASUPXZZZUXUWIR-UHFFFAOYSA-N,ASUPXZZZUXUWIR,eligible,382.464,3.707,72.65,1,7,7,28,4,0.6677,0,1,1
LIB_ASUSNOUQHQMQFW,ChEMBL,CHEMBL10696,CHEMBL10696,https://www.ebi.ac.uk/chembl/compound_report_card/CHEMBL10696/,CC(=O)NC(Cc1ccccc1)C(=O)NC/C=C/C(=O)O,CC(=O)NC(Cc1ccccc1)C(=O)NC/C=C/C(=O)O,CC(=O)NC(Cc1ccccc1)C(=O)NCC=CC(=O)O,ASUSNOUQHQMQFW-VMPITWQZSA-N,ASUSNOUQHQMQFW,eligible,290.319,0.491,95.5,3,3,7,21,1,0.6369,0,1,1
LIB_ASUTZQLVASHGKV,ChEMBL,CHEMBL1555,CHEMBL1555;CHEMBL659,https://www.ebi.ac.uk/chembl/compound_report_card/CHEMBL1555/,Br.COc1ccc2c3c1O[C@H]1C[C@@H](O)C=C[C@@]31CCN(C)C2,COc1ccc2c3c1O[C@H]1C[C@@H](O)C=C[C@@]31CCN(C)C2,COc1ccc2c3c1OC1CC(O)C=CC31CCN(C)C2,ASUTZQLVASHGKV-JDFRZJQESA-N,ASUTZQLVASHGKV,eligible,287.359,1.85,41.93,1,4,1,21,4,0.8005,0,2,1
LIB_ASWUBISYJRGUGG,ChEMBL,CHEMBL1077229,CHEMBL1077229,https://www.ebi.ac.uk/chembl/compound_report_card/CHEMBL1077229/,C[C@H](O)CNc1nccc(-n2ccnc2-c2cccc(NC(=O)Nc3ccc(N4CCOCC4)c(C(F)(F)F)c3)c2)n1,C[C@H](O)CNc1nccc(-n2ccnc2-c2cccc(NC(=O)Nc3ccc(N4CCOCC4)c(C(F)(F)F)c3)c2)n1,CC(O)CNc1nccc(-n2ccnc2-c2cccc(NC(=O)Nc3ccc(N4CCOCC4)c(C(F)(F)F)c3)c2)n1,ASWUBISYJRGUGG-SFHVURJKSA-N,ASWUBISYJRGUGG,eligible,582.587,4.621,129.46,4,8,8,42,5,0.237,0,1,1
LIB_ASWVTGNCAZCNNR,ChEMBL,CHEMBL446,CHEMBL446,https://www.ebi.ac.uk/chembl/compound_report_card/CHEMBL446/,Cc1cc(C)nc(NS(=O)(=O)c2ccc(N)cc2)n1,Cc1cc(C)nc(NS(=O)(=O)c2ccc(N)cc2)n1,Cc1cc(C)nc(NS(=O)(=O)c2ccc(N)cc2)n1,ASWVTGNCAZCNNR-UHFFFAOYSA-N,ASWVTGNCAZCNNR,eligible,278.337,1.476,97.97,2,5,3,19,2,0.8285,0,1,1
LIB_ASXMFJUHDKLPJP,ChEMBL,CHEMBL1082451,CHEMBL1082451,https://www.ebi.ac.uk/chembl/compound_report_card/CHEMBL1082451/,CC(C)C1c2cn[nH]c2C(F)(F)CN1S(=O)(=O)c1ccc(Cl)cc1,CC(C)C1c2c[nH]nc2C(F)(F)CN1S(=O)(=O)c1ccc(Cl)cc1,CC(C)C1c2c[nH]nc2C(F)(F)CN1S(=O)(=O)c1ccc(Cl)cc1,ASXMFJUHDKLPJP-UHFFFAOYSA-N,ASXMFJUHDKLPJP,eligible,375.828,3.557,66.06,1,3,3,24,3,0.8916,0,1,1
LIB_ASZYETVAMIJHQV,ChEMBL,CHEMBL1080959,CHEMBL1080959,https://www.ebi.ac.uk/chembl/compound_report_card/CHEMBL1080959/,COc1ccn2ncc(C(=O)Nc3ccccc3Cl)c2c1,COc1ccn2ncc(C(=O)Nc3ccccc3Cl)c2c1,COc1ccn2ncc(C(=O)Nc3ccccc3Cl)c2c1,ASZYETVAMIJHQV-UHFFFAOYSA-N,ASZYETVAMIJHQV,eligible,301.733,3.249,55.63,1,3,3,21,3,0.8077,0,1,1
LIB_ATAJBGDODILWMK,ChEMBL,CHEMBL1087176,CHEMBL1087176,https://www.ebi.ac.uk/chembl/compound_report_card/CHEMBL1087176/,CC(=O)c1nn(-c2ccccc2)cc1C(=O)c1nn(-c2ccc(Cl)cc2)cc1C(=O)c1ccccc1,CC(=O)c1nn(-c2ccccc2)cc1C(=O)c1nn(-c2ccc(Cl)cc2)cc1C(=O)c1ccccc1,CC(=O)c1nn(-c2ccccc2)cc1C(=O)c1nn(-c2ccc(Cl)cc2)cc1C(=O)c1ccccc1,ATAJBGDODILWMK-UHFFFAOYSA-N,ATAJBGDODILWMK,eligible,494.938,5.376,86.85,0,5,7,36,5,0.2836,0,1,1
LIB_ATALOFNDEOCMKK,ChEMBL,CHEMBL1471,CHEMBL1471,https://www.ebi.ac.uk/chembl/compound_report_card/CHEMBL1471/,C[C@@H](O[C@H]1OCCN(Cc2n[nH]c(=O)[nH]2)[C@H]1c1ccc(F)cc1)c1cc(C(F)(F)F)cc(C(F)(F)F)c1,C[C@@H](O[C@H]1OCCN(Cc2n[nH]c(=O)[nH]2)[C@H]1c1ccc(F)cc1)c1cc(C(F)(F)F)cc(C(F)(F)F)c1,CC(OC1OCCN(Cc2n[nH]c(=O)[nH]2)C1c1ccc(F)cc1)c1cc(C(F)(F)F)cc(C(F)(F)F)c1,ATALOFNDEOCMKK-OITMNORJSA-N,ATALOFNDEOCMKK,eligible,534.432,4.952,83.24,2,5,6,37,4,0.4376,0,1,1
LIB_ATDZXRDAHGDCQE,ChEMBL,CHEMBL108405,CHEMBL108405,https://www.ebi.ac.uk/chembl/compound_report_card/CHEMBL108405/,CCC(=O)N(c1ccc(Nc2c3ccccc3nc3cc(N)ccc23)cc1)S(C)(=O)=O,CCC(=O)N(c1ccc(Nc2c3ccccc3nc3cc(N)ccc23)cc1)S(C)(=O)=O,CCC(=O)N(c1ccc(Nc2c3ccccc3nc3cc(N)ccc23)cc1)S(C)(=O)=O,ATDZXRDAHGDCQE-UHFFFAOYSA-N,ATDZXRDAHGDCQE,eligible,434.521,4.416,105.39,2,6,5,31,4,0.3559,0,1,1
LIB_ATEICZYCTQETKF,ChEMBL,CHEMBL10472,CHEMBL10472,https://www.ebi.ac.uk/chembl/compound_report_card/CHEMBL10472/,CC1CC2C3CCC4=CC(=O)C=CC4(C)[C@@]3(Cl)C(Cl)CC2(C)[C@@]1(OC(=O)c1ccoc1)C(=O)CCl,CC1CC2C3CC=C4CC(=O)C=CC4(C)[C@@]3(Cl)C(Cl)CC2(C)[C@@]1(OC(=O)c1ccoc1)C(=O)CCl,CC1CC2C3CC=C4CC(=O)C=CC4(C)C3(Cl)C(Cl)CC2(C)C1(OC(=O)c1ccoc1)C(=O)CCl,ATEICZYCTQETKF-DNCDQGLSSA-N,ATEICZYCTQETKF,eligible,539.883,6.116,73.58,0,5,4,35,5,0.2619,0,1,1
LIB_ATEZFHHLPZOZKY,ChEMBL,CHEMBL1083124,CHEMBL1083124,https://www.ebi.ac.uk/chembl/compound_report_card/CHEMBL1083124/,COc1ccc(-c2nc(SCc3ccccc3)[nH]c(=O)c2C#N)cc1,COc1ccc(-c2[nH]c(SCc3ccccc3)nc(=O)c2C#N)cc1,COc1ccc(-c2[nH]c(SCc3ccccc3)nc(=O)c2C#N)cc1,ATEZFHHLPZOZKY-UHFFFAOYSA-N,ATEZFHHLPZOZKY,eligible,349.415,3.609,78.77,1,5,5,25,3,0.5622,0,1,1
LIB_ATFCZBWLRVVWDU,ChEMBL,CHEMBL1083771,CHEMBL1083771,https://www.ebi.ac.uk/chembl/compound_report_card/CHEMBL1083771/,CN(C)c1ccc(-c2nc3c(N4CCN(CC(=O)Nc5ccccc5)CC4)c(Cl)cnc3[nH]2)cc1,CN(C)c1ccc(-c2nc3c(N4CCN(CC(=O)Nc5ccccc5)CC4)c(Cl)cnc3[nH]2)cc1,CN(C)c1ccc(-c2nc3c(N4CCN(CC(=O)Nc5ccccc5)CC4)c(Cl)cnc3[nH]2)cc1,ATFCZBWLRVVWDU-UHFFFAOYSA-N,ATFCZBWLRVVWDU,eligible,490.011,4.105,80.39,2,6,6,35,5,0.4241,0,1,1
LIB_ATGNBOMVABHJMU,ChEMBL,CHEMBL100670,CHEMBL100670,https://www.ebi.ac.uk/chembl/compound_report_card/CHEMBL100670/,CCC(CO)Nc1nc(NCc2ccccc2)c2nc(O)n(C(C)C)c2n1,CCC(CO)Nc1nc(NCc2ccccc2)c2[nH]c(=O)n(C(C)C)c2n1,CCC(CO)Nc1nc(NCc2ccccc2)c2[nH]c(=O)n(C(C)C)c2n1,ATGNBOMVABHJMU-UHFFFAOYSA-N,ATGNBOMVABHJMU,eligible,370.457,2.495,107.86,4,6,8,27,3,0.4852,0,1,1
LIB_ATIAZZHHFGJINP,ChEMBL,CHEMBL1085264,CHEMBL1085264,https://www.ebi.ac.uk/chembl/compound_report_card/CHEMBL1085264/,COc1ccc(OC)c(C2CCN(c3ccc(S(=O)(=O)C4(C(=O)NO)CCOCC4)cc3)CC2)c1,COc1ccc(OC)c(C2CCN(c3ccc(S(=O)(=O)C4(C(O)=NO)CCOCC4)cc3)CC2)c1,COc1ccc(OC)c(C2CCN(c3ccc(S(=O)(=O)C4(C(O)=NO)CCOCC4)cc3)CC2)c1,ATIAZZHHFGJINP-UHFFFAOYSA-N,ATIAZZHHFGJINP,eligible,504.605,3.756,117.89,2,8,7,35,4,0.2533,0,1,1
LIB_ATJLAXPLVFCXTQ,ChEMBL,CHEMBL102268,CHEMBL102268,https://www.ebi.ac.uk/chembl/compound_report_card/CHEMBL102268/,COc1cc(CC(C)N)cc(OC)c1CCCc1ccccc1,COc1cc(CC(C)N)cc(OC)c1CCCc1ccccc1,COc1cc(CC(C)N)cc(OC)c1CCCc1ccccc1,ATJLAXPLVFCXTQ-UHFFFAOYSA-N,ATJLAXPLVFCXTQ,eligible,313.441,3.769,44.48,1,3,8,23,2,0.8066,0,1,1
LIB_ATJUNJLOOOPBEA,ChEMBL,CHEMBL105433,CHEMBL105433,https://www.ebi.ac.uk/chembl/compound_report_card/CHEMBL105433/,CC(C)C1=CC2C(CC[C@]2(C)O)[C@@](O)(CS(=O)(=O)O)CC1,CC(C)C1=CC2C(CC[C@]2(C)O)[C@@](O)(CS(=O)(=O)O)CC1,CC(C)C1=CC2C(CCC2(C)O)C(O)(CS(=O)(=O)O)CC1,ATJUNJLOOOPBEA-WUCCLRPBSA-N,ATJUNJLOOOPBEA,eligible,318.435,1.759,94.83,3,4,3,21,2,0.5443,0,1,1
LIB_ATNIXNOZVBVAAE,ChEMBL,CHEMBL101620,CHEMBL101620,https://www.ebi.ac.uk/chembl/compound_report_card/CHEMBL101620/,Nc1nc(N)c2nc(COC(=O)C(Cc3ccccc3)NC(=O)OCc3ccccc3)cnc2n1,Nc1nc(N)c2nc(COC(=O)C(Cc3ccccc3)NC(=O)OCc3ccccc3)cnc2n1,Nc1nc(N)c2nc(COC(=O)C(Cc3ccccc3)NC(=O)OCc3ccccc3)cnc2n1,ATNIXNOZVBVAAE-UHFFFAOYSA-N,ATNIXNOZVBVAAE,eligible,473.493,2.165,168.23,3,10,8,35,4,0.3224,0,1,1
LIB_ATODTSRMPBDUGC,ChEMBL,CHEMBL107382,CHEMBL107382,https://www.ebi.ac.uk/chembl/compound_report_card/CHEMBL107382/,O=C(NCc1cc(F)ccc1F)N1CCC(Nc2ccc(CCNC[C@H](O)COc3ccc(O)cc3)cc2)CC1,O=C(NCc1cc(F)ccc1F)N1CCC(Nc2ccc(CCNC[C@H](O)COc3ccc(O)cc3)cc2)CC1,O=C(NCc1cc(F)ccc1F)N1CCC(Nc2ccc(CCNCC(O)COc3ccc(O)cc3)cc2)CC1,ATODTSRMPBDUGC-MHZLTWQESA-N,ATODTSRMPBDUGC,eligible,554.638,4.029,106.09,5,6,12,40,4,0.2167,0,1,1
LIB_ATOSGIFYDWFVGT,ChEMBL,CHEMBL105387,CHEMBL105387,https://www.ebi.ac.uk/chembl/compound_report_card/CHEMBL105387/,Br.CCCCSc1ccc2n(c1)cc(-c1ccc(/C=N/NC(=N)NO)cc1)[n+]2C.[Br-],CCCCSc1ccc2n(c1)cc(-c1ccc(/C=N/NC(N)=NO)cc1)[n+]2C,CCCCSc1ccc2n(c1)cc(-c1ccc(C=NNC(N)=NO)cc1)[n+]2C,ATOSGIFYDWFVGT-WSDLNYQXSA-O,ATOSGIFYDWFVGT,eligible,397.528,2.95,91.29,3,4,7,28,3,0.1087,1,1,1
LIB_ATRWKMRSGLIGPZ,ChEMBL,CHEMBL1084116,CHEMBL1084116,https://www.ebi.ac.uk/chembl/compound_report_card/CHEMBL1084116/,CC(C)(C)c1ccc2c(c1)[C@H]1OCCC[C@H]1[C@H](c1ccc(Cl)s1)N2,CC(C)(C)c1ccc2c(c1)[C@H]1OCCC[C@H]1[C@H](c1ccc(Cl)s1)N2,CC(C)(C)c1ccc2c(c1)C1OCCCC1C(c1ccc(Cl)s1)N2,ATRWKMRSGLIGPZ-BKTGTZMESA-N,ATRWKMRSGLIGPZ,eligible,361.938,6.334,21.26,1,3,1,24,4,0.64,0,1,1
LIB_ATTSGKXQLOBIQJ,ChEMBL,CHEMBL100444,CHEMBL100444,https://www.ebi.ac.uk/chembl/compound_report_card/CHEMBL100444/,COc1ccc(/C=C/C(=O)N2C[C@@H](CCl)C3C2=CC(O)c2[nH]c(C)c(CN(C)C)c23)cc1,COc1ccc(/C=C/C(=O)N2C[C@@H](CCl)C3C2=CC(O)c2[nH]c(C)c(CN(C)C)c23)cc1,COc1ccc(C=CC(=O)N2CC(CCl)C3C2=CC(O)c2[nH]c(C)c(CN(C)C)c23)cc1,ATTSGKXQLOBIQJ-IZJUOINWSA-N,ATTSGKXQLOBIQJ,eligible,455.986,3.818,68.8,2,4,6,32,4,0.5129,0,1,1
LIB_ATUFLYZIGVYGQQ,ChEMBL,CHEMBL1087145,CHEMBL1087145,https://www.ebi.ac.uk/chembl/compound_report_card/CHEMBL1087145/,CC(=O)O[C@H]1C[C@H](Br)C(C)(C)O[C@@]1(C)[C@H]1C[C@@H](Br)[C@](C)(Cl)C[C@@H]1O,CC(=O)O[C@H]1C[C@H](Br)C(C)(C)O[C@@]1(C)[C@H]1C[C@@H](Br)[C@](C)(Cl)C[C@@H]1O,CC(=O)OC1CC(Br)C(C)(C)OC1(C)C1CC(Br)C(C)(Cl)CC1O,ATUFLYZIGVYGQQ-NCIZBFQTSA-N,ATUFLYZIGVYGQQ,eligible,490.66,4.171,55.76,1,4,2,24,2,0.4664,0,1,1
LIB_ATUNNTPMYDCPAZ,ChEMBL,CHEMBL103823,CHEMBL103823,https://www.ebi.ac.uk/chembl/compound_report_card/CHEMBL103823/,Cn1cnc2ncnn2c1=S,Cn1cnc2ncnn2c1=S,Cn1cnc2ncnn2c1=S,ATUNNTPMYDCPAZ-UHFFFAOYSA-N,ATUNNTPMYDCPAZ,eligible,167.197,0.192,48.01,0,4,0,11,2,0.5255,0,1,1
LIB_ATWIUYDNVYALLJ,ChEMBL,CHEMBL1086951,CHEMBL1086951,https://www.ebi.ac.uk/chembl/compound_report_card/CHEMBL1086951/,O=C1Nc2ccc(OC(F)(F)F)cc2/C1=C1/Nc2ccc(Cl)cc2/C1=N/O,O=Nc1c(-c2c(O)[nH]c3ccc(OC(F)(F)F)cc23)[nH]c2ccc(Cl)cc12,O=Nc1c(-c2c(O)[nH]c3ccc(OC(F)(F)F)cc23)[nH]c2ccc(Cl)cc12,ATWIUYDNVYALLJ-UHFFFAOYSA-N,ATWIUYDNVYALLJ,eligible,395.724,5.972,90.47,3,4,3,27,4,0.373,0,1,1
LIB_ATZADORLXNSGND,ChEMBL,CHEMBL1076652,CHEMBL1076652;CHEMBL1076653;CHEMBL1076654,https://www.ebi.ac.uk/chembl/compound_report_card/CHEMBL1076652/,CC(Cc1ccc2c(c1)OCO2)CN1C[C@H](C(=O)N2CCN(c3ccc([N+](=O)[O-])cc3)CC2)C[C@@H]2CCCC[C@@H]21,CC(Cc1ccc2c(c1)OCO2)CN1CC(C(=O)N2CCN(c3ccc([N+](=O)[O-])cc3)CC2)C[C@@H]2CCCC[C@@H]21,CC(Cc1ccc2c(c1)OCO2)CN1CC(C(=O)N2CCN(c3ccc([N+](=O)[O-])cc3)CC2)CC2CCCCC21,ATZADORLXNSGND-JQBLWOPDSA-N,ATZADORLXNSGND,eligible,548.684,4.732,88.39,0,7,7,40,6,0.3651,0,3,2
LIB_ATZVSSYRFNGGBF,ChEMBL,CHEMBL1081005,CHEMBL1081005,https://www.ebi.ac.uk/chembl/compound_report_card/CHEMBL1081005/,Nc1nc(=O)n([C@H]2CC[C@H](NS(=O)(=O)c3cccc(Br)c3)C2)cc1F,Nc1nc(=O)n([C@H]2CC[C@H](NS(=O)(=O)c3cccc(Br)c3)C2)cc1F,Nc1nc(=O)n(C2CCC(NS(=O)(=O)c3cccc(Br)c3)C2)cc1F,ATZVSSYRFNGGBF-QWRGUYRKSA-N,ATZVSSYRFNGGBF,eligible,431.287,1.799,107.08,2,5,4,25,3,0.7681,0,1,1
LIB_AUFUWRKPQLGTGF,ChEMBL,CHEMBL2107381,CHEMBL2107381,https://www.ebi.ac.uk/chembl/compound_report_card/CHEMBL2107381/,CC(=O)OC[C@H]1O[C@@H](n2ccc(=O)[nH]c2=O)[C@H](OC(C)=O)[C@@H]1OC(C)=O,CC(=O)OC[C@H]1O[C@@H](n2ccc(=O)[nH]c2=O)[C@H](OC(C)=O)[C@@H]1OC(C)=O,CC(=O)OCC1OC(n2ccc(=O)[nH]c2=O)C(OC(C)=O)C1OC(C)=O,AUFUWRKPQLGTGF-FMKGYKFTSA-N,AUFUWRKPQLGTGF,eligible,370.314,-1.139,142.99,1,9,5,26,2,0.5023,0,1,1
LIB_AUHYONHOZDSKGH,ChEMBL,CHEMBL1080511,CHEMBL1080511,https://www.ebi.ac.uk/chembl/compound_report_card/CHEMBL1080511/,CCn1c(Oc2cc(C)cc(C#N)c2)c(C(C)C)c(=O)[nH]c1=O,CCn1c(Oc2cc(C)cc(C#N)c2)c(C(C)C)c(=O)[nH]c1=O,CCn1c(Oc2cc(C)cc(C#N)c2)c(C(C)C)c(=O)[nH]c1=O,AUHYONHOZDSKGH-UHFFFAOYSA-N,AUHYONHOZDSKGH,eligible,313.357,2.652,87.88,1,4,4,23,2,0.9396,0,1,1
LIB_AUKDHITYOZWWGZ,ChEMBL,CHEMBL107548,CHEMBL107548,https://www.ebi.ac.uk/chembl/compound_report_card/CHEMBL107548/,C[C@@H](/N=C(\NC#N)Nc1cc(C(F)(F)F)cc(C(F)(F)F)c1)C(C)(C)C,C[C@@H](N=C(NC#N)Nc1cc(C(F)(F)F)cc(C(F)(F)F)c1)C(C)(C)C,CC(N=C(NC#N)Nc1cc(C(F)(F)F)cc(C(F)(F)F)c1)C(C)(C)C,AUKDHITYOZWWGZ-SECBINFHSA-N,AUKDHITYOZWWGZ,eligible,380.336,4.997,60.21,2,2,2,26,1,0.2496,0,1,1
LIB_AUMHDRMJJNZTPB,ChEMBL,CHEMBL832,CHEMBL832,https://www.ebi.ac.uk/chembl/compound_report_card/CHEMBL832/,O=C1C(CC[S+]([O-])c2ccccc2)C(=O)N(c2ccccc2)N1c1ccccc1,O=c1c(CC[S+]([O-])c2ccccc2)c(O)n(-c2ccccc2)n1-c1ccccc1,O=c1c(CC[S+]([O-])c2ccccc2)c(O)n(-c2ccccc2)n1-c1ccccc1,AUMHDRMJJNZTPB-UHFFFAOYSA-N,AUMHDRMJJNZTPB,eligible,404.491,3.684,70.22,1,3,6,29,4,0.4985,0,1,1
LIB_AUNGANRZJHBGPY,ChEMBL,CHEMBL1534,CHEMBL1534,https://www.ebi.ac.uk/chembl/compound_report_card/CHEMBL1534/,Cc1cc2nc3c(=O)[nH]c(=O)nc-3n(C[C@H](O)[C@H](O)[C@H](O)CO)c2cc1C,Cc1cc2nc3c(=O)[nH]c(=O)nc-3n(C[C@H](O)[C@H](O)[C@H](O)CO)c2cc1C,Cc1cc2nc3c(=O)[nH]c(=O)nc-3n(CC(O)C(O)C(O)CO)c2cc1C,AUNGANRZJHBGPY-SCRDCRAPSA-N,AUNGANRZJHBGPY,eligible,376.369,-1.724,161.56,5,8,5,27,3,0.3284,0,1,1
LIB_AUNYARXEWYHZQE,ChEMBL,CHEMBL1081092,CHEMBL1081092,https://www.ebi.ac.uk/chembl/compound_report_card/CHEMBL1081092/,COc1nc(O)c(C(=O)C(c2ccccc2)c2ccccc2)c(O)c1OC,COc1[nH]c(=O)c(C(=O)C(c2ccccc2)c2ccccc2)c(O)c1OC,COc1[nH]c(=O)c(C(=O)C(c2ccccc2)c2ccccc2)c(O)c1OC,AUNYARXEWYHZQE-UHFFFAOYSA-N,AUNYARXEWYHZQE,eligible,365.385,3.113,88.62,2,5,6,27,3,0.6554,0,1,1
LIB_AUOITVULWUFCQN,ChEMBL,CHEMBL1078522,CHEMBL1078522,https://www.ebi.ac.uk/chembl/compound_report_card/CHEMBL1078522/,CCC1(CC)CC[C@@]2(CC[C@H]3[C@@H]4CCc5cc(O)ccc5[C@H]4CC[C@@]32C)OC1=O,CCC1(CC)CC[C@@]2(CC[C@H]3[C@@H]4CCc5cc(O)ccc5[C@H]4CC[C@@]32C)OC1=O,CCC1(CC)CCC2(CCC3C4CCc5cc(O)ccc5C4CCC32C)OC1=O,AUOITVULWUFCQN-ISKHGZDKSA-N,AUOITVULWUFCQN,eligible,396.571,6.131,46.53,1,3,2,29,5,0.6117,0,1,1
LIB_AUOLDENOEKVWQS,ChEMBL,CHEMBL1085610,CHEMBL1085610,https://www.ebi.ac.uk/chembl/compound_report_card/CHEMBL1085610/,C[C@@H]1C[C@@H]2[C@@H](CC[C@@]3(S(=O)(=O)c4ccc(C(F)(F)F)cc4)c4c(F)ccc(F)c4OC[C@@H]23)NS1(=O)=O,C[C@@H]1C[C@@H]2[C@@H](CC[C@@]3(S(=O)(=O)c4ccc(C(F)(F)F)cc4)c4c(F)ccc(F)c4OC[C@@H]23)NS1(=O)=O,CC1CC2C(CCC3(S(=O)(=O)c4ccc(C(F)(F)F)cc4)c4c(F)ccc(F)c4OCC23)NS1(=O)=O,AUOLDENOEKVWQS-XOCNHOQBSA-N,AUOLDENOEKVWQS,eligible,551.555,4.152,89.54,1,5,2,36,5,0.5669,0,1,1
LIB_AUPLHCATCBBVFA,ChEMBL,CHEMBL1082866,CHEMBL1082866,https://www.ebi.ac.uk/chembl/compound_report_card/CHEMBL1082866/,COc1cc2c(cc1Cl)C(c1ccc(F)cc1)=NCC2,COc1cc2c(cc1Cl)C(c1ccc(F)cc1)=NCC2,COc1cc2c(cc1Cl)C(c1ccc(F)cc1)=NCC2,AUPLHCATCBBVFA-UHFFFAOYSA-N,AUPLHCATCBBVFA,eligible,289.737,3.881,21.59,0,2,2,20,3,0.822,0,1,1
LIB_AUQBDVFQGQPNMV,ChEMBL,CHEMBL1085611,CHEMBL1085611,https://www.ebi.ac.uk/chembl/compound_report_card/CHEMBL1085611/,CC[C@@H]1C[C@@H]2[C@@H](CC[C@@]3(S(=O)(=O)c4ccc(C(F)(F)F)cc4)c4c(F)ccc(F)c4OC[C@@H]23)NS1(=O)=O,CC[C@@H]1C[C@@H]2[C@@H](CC[C@@]3(S(=O)(=O)c4ccc(C(F)(F)F)cc4)c4c(F)ccc(F)c4OC[C@@H]23)NS1(=O)=O,CCC1CC2C(CCC3(S(=O)(=O)c4ccc(C(F)(F)F)cc4)c4c(F)ccc(F)c4OCC23)NS1(=O)=O,AUQBDVFQGQPNMV-ZTJBWJTDSA-N,AUQBDVFQGQPNMV,eligible,565.582,4.542,89.54,1,5,3,37,5,0.5524,0,1,1
LIB_AURAUMNYCSFCEU,ChEMBL,CHEMBL1079622,CHEMBL1079622,https://www.ebi.ac.uk/chembl/compound_report_card/CHEMBL1079622/,C[C@H]1CN(C(=O)c2ccc(-c3ccccc3Cl)cn2)CCN1C(=O)c1ccc2cc[nH]c2c1,C[C@H]1CN(C(=O)c2ccc(-c3ccccc3Cl)cn2)CCN1C(=O)c1ccc2cc[nH]c2c1,CC1CN(C(=O)c2ccc(-c3ccccc3Cl)cn2)CCN1C(=O)c1ccc2cc[nH]c2c1,AURAUMNYCSFCEU-KRWDZBQOSA-N,AURAUMNYCSFCEU,eligible,458.949,4.87,69.3,1,3,3,33,5,0.4758,0,1,1
LIB_AURFZBICLPNKBZ,ChEMBL,CHEMBL207538,CHEMBL207538,https://www.ebi.ac.uk/chembl/compound_report_card/CHEMBL207538/,CC(=O)[C@H]1CC[C@H]2[C@@H]3CC[C@H]4C[C@H](O)CC[C@]4(C)[C@H]3CC[C@]12C,CC(=O)C1CC[C@H]2[C@@H]3CC[C@H]4C[C@H](O)CC[C@]4(C)[C@H]3CC[C@]12C,CC(=O)C1CCC2C3CCC4CC(O)CCC4(C)C3CCC12C,AURFZBICLPNKBZ-HTCJESOCSA-N,AURFZBICLPNKBZ,eligible,318.501,4.595,37.3,1,2,1,23,4,0.7672,0,1,1
LIB_AUSNSOZGIUAIGQ,ChEMBL,CHEMBL1083340,CHEMBL1083340,https://www.ebi.ac.uk/chembl/compound_report_card/CHEMBL1083340/,Cc1ccc(C(=O)N2CSCC2c2nc(-c3cccc(Cl)c3)no2)s1,Cc1ccc(C(=O)N2CSCC2c2nc(-c3cccc(Cl)c3)no2)s1,Cc1ccc(C(=O)N2CSCC2c2nc(-c3cccc(Cl)c3)no2)s1,AUSNSOZGIUAIGQ-UHFFFAOYSA-N,AUSNSOZGIUAIGQ,eligible,391.905,4.648,59.23,0,6,3,25,4,0.65,0,1,1
LIB_AUTHKZLYTZFVJC,ChEMBL,CHEMBL10485,CHEMBL10485,https://www.ebi.ac.uk/chembl/compound_report_card/CHEMBL10485/,CCOC(C)n1c([S+]([O-])Cc2ncc(C)c(OC)c2C)nc2ccccc21,CCOC(C)n1c([S+]([O-])Cc2ncc(C)c(OC)c2C)nc2ccccc21,CCOC(C)n1c([S+]([O-])Cc2ncc(C)c(OC)c2C)nc2ccccc21,AUTHKZLYTZFVJC-UHFFFAOYSA-N,AUTHKZLYTZFVJC,eligible,387.505,3.92,72.23,0,5,7,27,3,0.5747,0,1,1
LIB_AUTOWHLXPINZPL,ChEMBL,CHEMBL1076857,CHEMBL1076857,https://www.ebi.ac.uk/chembl/compound_report_card/CHEMBL1076857/,CO[C@H]1/C=C/C=C(\C)C[C@H](C)[C@H](O)[C@H](C)/C=C(C)/C=C(\C)C(=O)O[C@@H]1[C@@H](C)[C@@H](O)[C@H](C)[C@@]1(OC)C[C@@H](OC)[C@H](C)[C@@H](C(C)C)O1,CO[C@H]1/C=C/C=C(\C)C[C@H](C)[C@H](O)C(C)=CC(C)=CC(C)C(=O)O[C@@H]1[C@@H](C)[C@@H](O)[C@H](C)[C@@]1(OC)C[C@@H](OC)[C@H](C)[C@@H](C(C)C)O1,COC1C=CC=C(C)CC(C)C(O)C(C)=CC(C)=CC(C)C(=O)OC1C(C)C(O)C(C)C1(OC)CC(OC)C(C)C(C(C)C)O1,AUTOWHLXPINZPL-WHBPMFEPSA-N,AUTOWHLXPINZPL,eligible,634.895,6.417,103.68,2,8,8,45,2,0.2952,0,1,1
LIB_AUUBSEVTDIKILH,ChEMBL,CHEMBL101143,CHEMBL101143,https://www.ebi.ac.uk/chembl/compound_report_card/CHEMBL101143/,Oc1[nH]c(Nc2ccc(Cl)cc2)nc2ncnc1-2,O=c1[nH]c(Nc2ccc(Cl)cc2)nc2[nH]cnc12,O=c1[nH]c(Nc2ccc(Cl)cc2)nc2[nH]cnc12,AUUBSEVTDIKILH-UHFFFAOYSA-N,AUUBSEVTDIKILH,eligible,261.672,2.043,86.46,3,4,2,18,3,0.6588,0,1,1
LIB_AUVVAXYIELKVAI,ChEMBL,CHEMBL50588,CHEMBL50588,https://www.ebi.ac.uk/chembl/compound_report_card/CHEMBL50588/,CC[C@H]1CN2CCc3cc(OC)c(OC)cc3[C@@H]2C[C@@H]1C[C@H]1NCCc2cc(OC)c(OC)cc21,CC[C@H]1CN2CCc3cc(OC)c(OC)cc3[C@@H]2C[C@@H]1C[C@H]1NCCc2cc(OC)c(OC)cc21,CCC1CN2CCc3cc(OC)c(OC)cc3C2CC1CC1NCCc2cc(OC)c(OC)cc21,AUVVAXYIELKVAI-CKBKHPSWSA-N,AUVVAXYIELKVAI,eligible,480.649,4.943,52.19,1,6,7,35,5,0.6057,0,1,1
LIB_AUXCJMRKPAJUAB,ChEMBL,CHEMBL100443,CHEMBL100443,https://www.ebi.ac.uk/chembl/compound_report_card/CHEMBL100443/,Cc1cnc(NCC2(c3ccccn3)CC2)c(=O)n1CC(=O)NCc1ccc2c(N)noc2c1,Cc1cnc(NCC2(c3ccccn3)CC2)c(=O)n1CC(=O)NCc1ccc2c(N)noc2c1,Cc1cnc(NCC2(c3ccccn3)CC2)c(=O)n1CC(=O)NCc1ccc2c(N)noc2c1,AUXCJMRKPAJUAB-UHFFFAOYSA-N,AUXCJMRKPAJUAB,eligible,459.51,2.13,140.96,3,8,8,34,5,0.3639,0,1,1
LIB_AUYFTJKFJWHZPT,ChEMBL,CHEMBL106327,CHEMBL106327,https://www.ebi.ac.uk/chembl/compound_report_card/CHEMBL106327/,Cc1cc(/C=C/c2ccc(CO)cc2)c2c(C)ccc(C(C)C)cc1-2,Cc1cc(/C=C/c2ccc(CO)cc2)c2c(C)ccc(C(C)C)cc1-2,Cc1cc(C=Cc2ccc(CO)cc2)c2c(C)ccc(C(C)C)cc1-2,AUYFTJKFJWHZPT-ZRDIBKRKSA-N,AUYFTJKFJWHZPT,eligible,330.471,6.194,20.23,1,1,4,25,3,0.6041,0,1,1
LIB_AUYLVPGDOVEOML,ChEMBL,CHEMBL1079109,CHEMBL1079109,https://www.ebi.ac.uk/chembl/compound_report_card/CHEMBL1079109/,O=C(c1ccc(OCN2CCCCC2)cc1)c1c(-c2ccc(O)cc2)sc2cc(O)ccc12,O=C(c1ccc(OCN2CCCCC2)cc1)c1c(-c2ccc(O)cc2)sc2cc(O)ccc12,O=C(c1ccc(OCN2CCCCC2)cc1)c1c(-c2ccc(O)cc2)sc2cc(O)ccc12,AUYLVPGDOVEOML-UHFFFAOYSA-N,AUYLVPGDOVEOML,eligible,459.567,6.033,70.0,2,6,6,33,5,0.3445,0,1,1
LIB_AUYQRPCINYAISL,ChEMBL,CHEMBL1079263,CHEMBL1079263,https://www.ebi.ac.uk/chembl/compound_report_card/CHEMBL1079263/,O=C(c1cccc(Cl)c1Cl)N(C1=CCOC=C1)[C@H]1CCNC1,O=C(c1cccc(Cl)c1Cl)N(C1=CCOC=C1)[C@H]1CCNC1,O=C(c1cccc(Cl)c1Cl)N(C1=CCOC=C1)C1CCNC1,AUYQRPCINYAISL-LBPRGKRZSA-N,AUYQRPCINYAISL,eligible,339.222,3.225,41.57,1,3,3,22,3,0.9194,0,1,1
LIB_AUZFWDQAVYWVTD,ChEMBL,CHEMBL1085880,CHEMBL1085880,https://www.ebi.ac.uk/chembl/compound_report_card/CHEMBL1085880/,CN(C)CCNS(=O)(=O)c1ccc(Nc2nccc(-c3ccsc3)n2)cc1,CN(C)CCNS(=O)(=O)c1ccc(Nc2nccc(-c3ccsc3)n2)cc1,CN(C)CCNS(=O)(=O)c1ccc(Nc2nccc(-c3ccsc3)n2)cc1,AUZFWDQAVYWVTD-UHFFFAOYSA-N,AUZFWDQAVYWVTD,eligible,403.533,2.789,87.22,2,7,8,27,3,0.6014,0,1,1
LIB_AUZONCFQVSMFAP,ChEMBL,CHEMBL964,CHEMBL964,https://www.ebi.ac.uk/chembl/compound_report_card/CHEMBL964/,CCN(CC)C(=S)SSC(=S)N(CC)CC,CCN(CC)C(=S)SSC(=S)N(CC)CC,CCN(CC)C(=S)SSC(=S)N(CC)CC,AUZONCFQVSMFAP-UHFFFAOYSA-N,AUZONCFQVSMFAP,eligible,296.552,3.621,6.48,0,4,4,16,0,0.5731,0,1,1
LIB_AUZUZIZPNYPPHU,ChEMBL,CHEMBL102871,CHEMBL102871,https://www.ebi.ac.uk/chembl/compound_report_card/CHEMBL102871/,CC(C)n1cnc2c(Nc3cccc(Cl)c3)nc(NC3CCC(N)CC3)nc21,CC(C)n1cnc2c(Nc3cccc(Cl)c3)nc(NC3CCC(N)CC3)nc21,CC(C)n1cnc2c(Nc3cccc(Cl)c3)nc(NC3CCC(N)CC3)nc21,AUZUZIZPNYPPHU-UHFFFAOYSA-N,AUZUZIZPNYPPHU,eligible,399.93,4.486,93.68,3,6,5,28,4,0.5849,0,1,1
LIB_AVAACINZEOAHHE,ChEMBL,CHEMBL4303454,CHEMBL4303454;CHEMBL491571,https://www.ebi.ac.uk/chembl/compound_report_card/CHEMBL4303454/,C[C@@H](O)[C@H]1C(=O)N2C(C(=O)O)=C(S[C@@H]3CN[C@H](CNS(N)(=O)=O)C3)[C@H](C)[C@H]12.O,C[C@@H](O)C1C(=O)N2C(C(=O)O)=C(S[C@@H]3CN[C@H](CNS(N)(=O)=O)C3)[C@H](C)[C@H]12,CC(O)C1C(=O)N2C(C(=O)O)=C(SC3CNC(CNS(N)(=O)=O)C3)C(C)C12,AVAACINZEOAHHE-LWNFTTDPSA-N,AVAACINZEOAHHE,eligible,420.513,-1.603,162.06,5,7,7,27,3,0.3075,0,2,1
LIB_AVACRGXQKYUNIL,ChEMBL,CHEMBL1079875,CHEMBL1079875,https://www.ebi.ac.uk/chembl/compound_report_card/CHEMBL1079875/,COc1cccc(Nc2cnccc2NS(=O)(=O)C(F)(F)F)c1,COc1cccc(Nc2cnccc2NS(=O)(=O)C(F)(F)F)c1,COc1cccc(Nc2cnccc2NS(=O)(=O)C(F)(F)F)c1,AVACRGXQKYUNIL-UHFFFAOYSA-N,AVACRGXQKYUNIL,eligible,347.318,3.095,80.32,2,5,5,23,2,0.8687,0,1,1
LIB_AVAFJTWXTNBJNG,ChEMBL,CHEMBL1084882,CHEMBL1084882,https://www.ebi.ac.uk/chembl/compound_report_card/CHEMBL1084882/,CCCCCCCNC(=O)Oc1ccc2c(c1)[C@]1(C)CCN(Cc3ccccc3)[C@@H]1C2,CCCCCCCNC(=O)Oc1ccc2c(c1)[C@]1(C)CCN(Cc3ccccc3)[C@@H]1C2,CCCCCCCNC(=O)Oc1ccc2c(c1)C1(C)CCN(Cc3ccccc3)C1C2,AVAFJTWXTNBJNG-VPUSJEBWSA-N,AVAFJTWXTNBJNG,eligible,420.597,5.834,41.57,1,3,9,31,4,0.5187,0,1,1
LIB_AVBJDAGBNFAPAJ,ChEMBL,CHEMBL101227,CHEMBL101227,https://www.ebi.ac.uk/chembl/compound_report_card/CHEMBL101227/,Nc1cc2c(N3CCN(/C(S)=N\Cc4ccccc4)CC3)ncnc2cc1Cl,Nc1cc2c(N3CCN(C(=S)NCc4ccccc4)CC3)ncnc2cc1Cl,Nc1cc2c(N3CCN(C(=S)NCc4ccccc4)CC3)ncnc2cc1Cl,AVBJDAGBNFAPAJ-UHFFFAOYSA-N,AVBJDAGBNFAPAJ,eligible,412.95,3.062,70.31,2,5,3,28,4,0.5057,0,1,1
LIB_AVBLRDPSTANKJB,ChEMBL,CHEMBL101624,CHEMBL101624,https://www.ebi.ac.uk/chembl/compound_report_card/CHEMBL101624/,C/N=C(\S)n1nc(-c2ccc(-c3ccccc3)cc2)nc1N,CNC(=S)n1nc(-c2ccc(-c3ccccc3)cc2)nc1N,CNC(=S)n1nc(-c2ccc(-c3ccccc3)cc2)nc1N,AVBLRDPSTANKJB-UHFFFAOYSA-N,AVBLRDPSTANKJB,eligible,309.398,2.547,68.76,2,4,2,22,3,0.7121,0,1,1
LIB_AVBLSPPEZPLINV,ChEMBL,CHEMBL1079143,CHEMBL1079143,https://www.ebi.ac.uk/chembl/compound_report_card/CHEMBL1079143/,CC(O)C(O)/C=C/C=C/C(=O)O[C@@H]1C=C2COC(=O)[C@]2(O)[C@@]2(C)CCCC(C)(C)[C@H]12,CC(O)C(O)/C=C/C=C/C(=O)O[C@@H]1C=C2COC(=O)[C@]2(O)[C@@]2(C)CCCC(C)(C)[C@H]12,CC(O)C(O)C=CC=CC(=O)OC1C=C2COC(=O)C2(O)C2(C)CCCC(C)(C)C12,AVBLSPPEZPLINV-CKEJRYFFSA-N,AVBLSPPEZPLINV,eligible,420.502,1.813,113.29,3,7,5,30,3,0.269,0,1,1
LIB_AVCFXYYRWRZONV,ChEMBL,CHEMBL1077879,CHEMBL1077879,https://www.ebi.ac.uk/chembl/compound_report_card/CHEMBL1077879/,COc1cc2c(cc1OC)[C@H]1CC[C@]3(C)[C@@H](O)CC[C@H]3[C@@H]1CC2,COc1cc2c(cc1OC)[C@H]1CC[C@]3(C)[C@@H](O)CC[C@H]3[C@@H]1CC2,COc1cc2c(cc1OC)C1CCC3(C)C(O)CCC3C1CC2,AVCFXYYRWRZONV-BKRJIHRRSA-N,AVCFXYYRWRZONV,eligible,316.441,3.921,38.69,1,3,2,23,4,0.8985,0,1,1
LIB_AVDHTPQNOXJVPG,ChEMBL,CHEMBL1086176,CHEMBL1086176,https://www.ebi.ac.uk/chembl/compound_report_card/CHEMBL1086176/,C/C=C/c1ccc2c(NC(=O)CCC)n[nH]c2c1,CC=CC(=O)Nc1[nH]nc2cc(CCC)ccc12,CC=CC(=O)Nc1[nH]nc2cc(CCC)ccc12,AVDHTPQNOXJVPG-UHFFFAOYSA-N,AVDHTPQNOXJVPG,eligible,243.31,3.03,57.78,2,2,4,18,2,0.8108,0,1,1
LIB_AVFDJMFSWGPFFE,ChEMBL,CHEMBL101614,CHEMBL101614,https://www.ebi.ac.uk/chembl/compound_report_card/CHEMBL101614/,CC[C@H](C)[C@@H](/C=C/c1ccccc1)NC(=O)[C@@H]1CCCCN1CC(=O)c1ccc2c(c1)OCO2,CC[C@H](C)[C@@H](/C=C/c1ccccc1)NC(=O)C1CCCCN1CC(=O)c1ccc2c(c1)OCO2,CCC(C)C(C=Cc1ccccc1)NC(=O)C1CCCCN1CC(=O)c1ccc2c(c1)OCO2,AVFDJMFSWGPFFE-RTBSJQNNSA-N,AVFDJMFSWGPFFE,eligible,462.59,4.697,67.87,1,5,9,34,4,0.5475,0,1,1
LIB_AVFNYXHRDYAHNF,ChEMBL,CHEMBL1078436,CHEMBL1078436,https://www.ebi.ac.uk/chembl/compound_report_card/CHEMBL1078436/,CC(C)=C[C@H](O)C[C@@H](C)[C@H]1CC[C@@]2(C)[C@@H]3[C@@H](O)C=C4[C@@H](CC[C@H](O)[C@]4(C)CO)[C@]3(C)CC[C@]12C,CC(C)=C[C@H](O)C[C@@H](C)[C@H]1CC[C@@]2(C)[C@@H]3[C@@H](O)C=C4[C@@H](CC[C@H](O)[C@]4(C)CO)[C@]3(C)CC[C@]12C,CC(C)=CC(O)CC(C)C1CCC2(C)C3C(O)C=C4C(CCC(O)C4(C)CO)C3(C)CCC12C,AVFNYXHRDYAHNF-HEVJPHJFSA-N,AVFNYXHRDYAHNF,eligible,474.726,5.249,80.92,4,4,5,34,4,0.4104,0,1,1
LIB_AVHHJLURQYHHDR,ChEMBL,CHEMBL1080005,CHEMBL1080005,https://www.ebi.ac.uk/chembl/compound_report_card/CHEMBL1080005/,COc1ccc(/C=C/C(=O)Nc2ccccc2C(=O)O)cc1O,COc1ccc(/C=C/C(=O)Nc2ccccc2C(=O)O)cc1O,COc1ccc(C=CC(=O)Nc2ccccc2C(=O)O)cc1O,AVHHJLURQYHHDR-VQHVLOKHSA-N,AVHHJLURQYHHDR,eligible,313.309,2.751,95.86,3,4,5,23,2,0.7376,0,1,1
LIB_AVIUTYMRHHBXPB,ChEMBL,CHEMBL1079881,CHEMBL1079881,https://www.ebi.ac.uk/chembl/compound_report_card/CHEMBL1079881/,COc1ccc(C(C)=O)c(O[C@@H]2O[C@H](CO)[C@@H](O)[C@H](O)[C@H]2O)c1,COc1ccc(C(C)=O)c(O[C@@H]2O[C@H](CO)[C@@H](O)[C@H](O)[C@H]2O)c1,COc1ccc(C(C)=O)c(OC2OC(CO)C(O)C(O)C2O)c1,AVIUTYMRHHBXPB-UXXRCYHCSA-N,AVIUTYMRHHBXPB,eligible,328.317,-0.924,125.68,4,8,5,23,2,0.5113,0,1,1
LIB_AVJDSQQZGDSHKX,ChEMBL,CHEMBL1083886,CHEMBL1083886,https://www.ebi.ac.uk/chembl/compound_report_card/CHEMBL1083886/,CC(=O)NC[C@@H]1CCCc2cc(S(=O)(=O)c3cccc(F)c3)ccc21,CC(=O)NC[C@@H]1CCCc2cc(S(=O)(=O)c3cccc(F)c3)ccc21,CC(=O)NCC1CCCc2cc(S(=O)(=O)c3cccc(F)c3)ccc21,AVJDSQQZGDSHKX-HNNXBMFYSA-N,AVJDSQQZGDSHKX,eligible,361.438,3.215,63.24,1,3,4,25,3,0.9095,0,1,1
LIB_AVKHCKXGKPAGEI,ChEMBL,CHEMBL1593719,CHEMBL1593719,https://www.ebi.ac.uk/chembl/compound_report_card/CHEMBL1593719/,NC(=O)NNc1ccccc1,NC(=O)NNc1ccccc1,NC(=O)NNc1ccccc1,AVKHCKXGKPAGEI-UHFFFAOYSA-N,AVKHCKXGKPAGEI,eligible,151.169,0.682,67.15,3,2,2,11,1,0.544,0,1,1
LIB_AVKUERGKIZMTKX,ChEMBL,CHEMBL1200758,CHEMBL1078033;CHEMBL1200758;CHEMBL174,https://www.ebi.ac.uk/chembl/compound_report_card/CHEMBL1200758/,CC1(C)S[C@@H]2[C@H](NC(=O)[C@H](N)c3ccccc3)C(=O)N2[C@H]1C(=O)[O-].[Na+],CC1(C)S[C@@H]2C(NC(=O)C(N)c3ccccc3)C(=O)N2C1C(=O)O,CC1(C)SC2C(NC(=O)C(N)c3ccccc3)C(=O)N2C1C(=O)O,AVKUERGKIZMTKX-FOQMGDCRSA-N,AVKUERGKIZMTKX,eligible,349.412,0.318,112.73,3,5,4,24,3,0.6749,0,3,1
LIB_AVOGZFCXVGYVQZ,ChEMBL,CHEMBL104241,CHEMBL104241,https://www.ebi.ac.uk/chembl/compound_report_card/CHEMBL104241/,N=C(N)c1cccc(CC(NS(=O)(=O)c2ccc3ccccc3c2)C(=O)N2CCCCC2)c1,N=C(N)c1cccc(CC(NS(=O)(=O)c2ccc3ccccc3c2)C(=O)N2CCCCC2)c1,N=C(N)c1cccc(CC(NS(=O)(=O)c2ccc3ccccc3c2)C(=O)N2CCCCC2)c1,AVOGZFCXVGYVQZ-UHFFFAOYSA-N,AVOGZFCXVGYVQZ,eligible,464.591,3.026,116.35,3,4,7,33,4,0.368,0,1,1
LIB_AVOLMBLBETYQHX,ChEMBL,CHEMBL1200487,CHEMBL1200487;CHEMBL456,https://www.ebi.ac.uk/chembl/compound_report_card/CHEMBL1200487/,C=C(CC)C(=O)c1ccc(OCC(=O)[O-])c(Cl)c1Cl.[Na+],C=C(CC)C(=O)c1ccc(OCC(=O)O)c(Cl)c1Cl,C=C(CC)C(=O)c1ccc(OCC(=O)O)c(Cl)c1Cl,AVOLMBLBETYQHX-UHFFFAOYSA-N,AVOLMBLBETYQHX,eligible,303.141,3.606,63.6,1,3,6,19,1,0.6439,0,2,1
LIB_AVOVCWHTBKAYRG,ChEMBL,CHEMBL107358,CHEMBL107358,https://www.ebi.ac.uk/chembl/compound_report_card/CHEMBL107358/,CNC[C@H](C(C)C)N(C)C(=O)Cc1ccc(Cl)c(Cl)c1,CNC[C@H](C(C)C)N(C)C(=O)Cc1ccc(Cl)c(Cl)c1,CNCC(C(C)C)N(C)C(=O)Cc1ccc(Cl)c(Cl)c1,AVOVCWHTBKAYRG-CQSZACIVSA-N,AVOVCWHTBKAYRG,eligible,317.26,3.238,32.34,1,2,6,20,1,0.8735,0,1,1
LIB_AVQUDVSCNKMYFQ,ChEMBL,CHEMBL100763,CHEMBL100763,https://www.ebi.ac.uk/chembl/compound_report_card/CHEMBL100763/,CC1(c2ccc(OCCN3CCCC3)cc2)c2ccc(O)cc2CCN1c1ccc(Cl)cc1,CC1(c2ccc(OCCN3CCCC3)cc2)c2ccc(O)cc2CCN1c1ccc(Cl)cc1,CC1(c2ccc(OCCN3CCCC3)cc2)c2ccc(O)cc2CCN1c1ccc(Cl)cc1,AVQUDVSCNKMYFQ-UHFFFAOYSA-N,AVQUDVSCNKMYFQ,eligible,463.021,5.846,35.94,1,4,6,33,5,0.4984,0,1,1
LIB_AVRDZUXPBKGOFR,ChEMBL,CHEMBL107185,CHEMBL107185,https://www.ebi.ac.uk/chembl/compound_report_card/CHEMBL107185/,CC(Oc1ccc(Oc2ccc3ccc(F)cc3n2)cc1)C(=O)O,CC(Oc1ccc(Oc2ccc3ccc(F)cc3n2)cc1)C(=O)O,CC(Oc1ccc(Oc2ccc3ccc(F)cc3n2)cc1)C(=O)O,AVRDZUXPBKGOFR-UHFFFAOYSA-N,AVRDZUXPBKGOFR,eligible,327.311,4.018,68.65,1,4,5,24,3,0.7664,0,1,1
LIB_AVRJMHGSIAZZQT,ChEMBL,CHEMBL106492,CHEMBL106492,https://www.ebi.ac.uk/chembl/compound_report_card/CHEMBL106492/,O=C1CCC(O)(c2cccc(C(F)(F)F)c2)N1,O=C1CCC(O)(c2cccc(C(F)(F)F)c2)N1,O=C1CCC(O)(c2cccc(C(F)(F)F)c2)N1,AVRJMHGSIAZZQT-UHFFFAOYSA-N,AVRJMHGSIAZZQT,eligible,245.2,1.76,49.33,2,2,1,17,2,0.7916,0,1,1
LIB_AVSJOAGBKLJMBP,ChEMBL,CHEMBL104145,CHEMBL104145,https://www.ebi.ac.uk/chembl/compound_report_card/CHEMBL104145/,O=C(O)c1cn(C2CC2)c2c(OC(F)F)c(N3CCN(c4ccccn4)CC3)c(F)cc2c1=O,O=C(O)c1cn(C2CC2)c2c(OC(F)F)c(N3CCN(c4ccccn4)CC3)c(F)cc2c1=O,O=C(O)c1cn(C2CC2)c2c(OC(F)F)c(N3CCN(c4ccccn4)CC3)c(F)cc2c1=O,AVSJOAGBKLJMBP-UHFFFAOYSA-N,AVSJOAGBKLJMBP,eligible,474.439,3.497,87.9,1,6,6,34,5,0.5852,0,1,1
LIB_AVTDTIXTCDVJBC,ChEMBL,CHEMBL10724,CHEMBL10724,https://www.ebi.ac.uk/chembl/compound_report_card/CHEMBL10724/,CC[C@@]1(O)C(=O)OCc2c1cc1n(c2=O)Cc2cc3cc(C#N)ccc3nc2-1,CC[C@@]1(O)C(=O)OCc2c1cc1n(c2=O)Cc2cc3cc(C#N)ccc3nc2-1,CCC1(O)C(=O)OCc2c1cc1n(c2=O)Cc2cc3cc(C#N)ccc3nc2-1,AVTDTIXTCDVJBC-NRFANRHFSA-N,AVTDTIXTCDVJBC,eligible,373.368,1.951,105.21,1,6,1,28,5,0.5114,0,1,1
LIB_AVTGFEDSQVZGNK,ChEMBL,CHEMBL106442,CHEMBL106442,https://www.ebi.ac.uk/chembl/compound_report_card/CHEMBL106442/,Cn1c(=O)c(-c2c(Cl)cccc2Cl)cc2cnc(Nc3cccc(P(=O)(O)CP(=O)(O)O)c3)nc21,Cn1c(=O)c(-c2c(Cl)cccc2Cl)cc2cnc(Nc3cccc(P(=O)(O)CP(=O)(O)O)c3)nc21,Cn1c(=O)c(-c2c(Cl)cccc2Cl)cc2cnc(Nc3cccc(P(=O)(O)CP(=O)(O)O)c3)nc21,AVTGFEDSQVZGNK-UHFFFAOYSA-N,AVTGFEDSQVZGNK,eligible,555.251,4.077,154.64,4,6,6,35,4,0.2578,0,1,1
LIB_AVTITURLDNGPIM,ChEMBL,CHEMBL103501,CHEMBL103501,https://www.ebi.ac.uk/chembl/compound_report_card/CHEMBL103501/,COc1ccc(C2(OC(=O)N[C@@H](C)c3ccccc3)OC(=O)C(c3ccc4c(c3)OCO4)=C2Cc2ccccc2)cc1,COc1ccc(C2(OC(=O)N[C@@H](C)c3ccccc3)OC(=O)C(c3ccc4c(c3)OCO4)=C2Cc2ccccc2)cc1,COc1ccc(C2(OC(=O)NC(C)c3ccccc3)OC(=O)C(c3ccc4c(c3)OCO4)=C2Cc2ccccc2)cc1,AVTITURLDNGPIM-DAXAVGQISA-N,AVTITURLDNGPIM,eligible,563.606,6.317,92.32,1,7,8,42,6,0.251,0,1,1
LIB_AVTONHYDPSFOLQ,ChEMBL,CHEMBL1079837,CHEMBL1079837,https://www.ebi.ac.uk/chembl/compound_report_card/CHEMBL1079837/,COc1ccc(C23CC2CN(CCCSc2nnc(-c4ocnc4C)n2C)C3)cc1,COc1ccc(C23CC2CN(CCCSc2nnc(-c4ocnc4C)n2C)C3)cc1,COc1ccc(C23CC2CN(CCCSc2nnc(-c4ocnc4C)n2C)C3)cc1,AVTONHYDPSFOLQ-UHFFFAOYSA-N,AVTONHYDPSFOLQ,eligible,425.558,3.543,69.21,0,7,8,30,5,0.4038,0,1,1
LIB_AVTQGGVDIQOXSO,ChEMBL,CHEMBL1085339,CHEMBL1085339,https://www.ebi.ac.uk/chembl/compound_report_card/CHEMBL1085339/,CNC(C)CCN1c2ccccc2N(c2ccccc2F)S1(=O)=O,CNC(C)CCN1c2ccccc2N(c2ccccc2F)S1(=O)=O,CNC(C)CCN1c2ccccc2N(c2ccccc2F)S1(=O)=O,AVTQGGVDIQOXSO-UHFFFAOYSA-N,AVTQGGVDIQOXSO,eligible,349.431,3.027,52.65,1,3,5,24,3,0.9027,0,1,1
LIB_AVTQSDUNQOANPK,ChEMBL,CHEMBL1085849,CHEMBL1085849,https://www.ebi.ac.uk/chembl/compound_report_card/CHEMBL1085849/,CC1(C)CCC[C@]2(C)[C@@H](CC/C=C(/C=O)CC=O)[C@@H](C=O)CC[C@@H]12,CC1(C)CCC[C@]2(C)[C@@H](CC/C=C(/C=O)CC=O)C(C=O)CC[C@@H]12,CC1(C)CCCC2(C)C(CCC=C(C=O)CC=O)C(C=O)CCC12,AVTQSDUNQOANPK-OEDMYZQXSA-N,AVTQSDUNQOANPK,eligible,332.484,4.539,51.21,0,3,7,24,2,0.5079,0,1,1
LIB_AVUNZQVPUJFUDR,ChEMBL,CHEMBL1080322,CHEMBL1080322,https://www.ebi.ac.uk/chembl/compound_report_card/CHEMBL1080322/,O=c1[nH]c2cnc(-n3cnc4ccc(Cl)cc43)nc2n1C1CCOCC1,O=c1[nH]c2cnc(-n3cnc4ccc(Cl)cc43)nc2n1C1CCOCC1,O=c1[nH]c2cnc(-n3cnc4ccc(Cl)cc43)nc2n1C1CCOCC1,AVUNZQVPUJFUDR-UHFFFAOYSA-N,AVUNZQVPUJFUDR,eligible,370.8,2.463,90.62,1,5,2,26,5,0.585,0,1,1
LIB_AVVKTEHJYRDLLI,ChEMBL,CHEMBL1078155,CHEMBL1078155,https://www.ebi.ac.uk/chembl/compound_report_card/CHEMBL1078155/,COc1cccc(-n2c(-c3nonc3N)nc3ccccc32)c1,COc1cccc(-n2c(-c3nonc3N)nc3ccccc32)c1,COc1cccc(-n2c(-c3nonc3N)nc3ccccc32)c1,AVVKTEHJYRDLLI-UHFFFAOYSA-N,AVVKTEHJYRDLLI,eligible,307.313,2.666,91.99,1,6,3,23,4,0.6253,0,1,1
LIB_AVVPKERRLYTNNY,ChEMBL,CHEMBL102386,CHEMBL102386,https://www.ebi.ac.uk/chembl/compound_report_card/CHEMBL102386/,Fc1ccc(C(c2ccc(F)cc2)C2CCN(CCCOc3ccc(Cl)cc3)CC2)cc1,Fc1ccc(C(c2ccc(F)cc2)C2CCN(CCCOc3ccc(Cl)cc3)CC2)cc1,Fc1ccc(C(c2ccc(F)cc2)C2CCN(CCCOc3ccc(Cl)cc3)CC2)cc1,AVVPKERRLYTNNY-UHFFFAOYSA-N,AVVPKERRLYTNNY,eligible,455.976,6.931,12.47,0,2,8,32,4,0.3413,0,1,1
LIB_AVYPGVSZDDYIPB,ChEMBL,CHEMBL1084695,CHEMBL1084695,https://www.ebi.ac.uk/chembl/compound_report_card/CHEMBL1084695/,O=C(NC1CCCCC1)N1CCN(C(c2ccc(F)cc2)c2ccc(Cl)cc2Cl)CC1,O=C(NC1CCCCC1)N1CCN(C(c2ccc(F)cc2)c2ccc(Cl)cc2Cl)CC1,O=C(NC1CCCCC1)N1CCN(C(c2ccc(F)cc2)c2ccc(Cl)cc2Cl)CC1,AVYPGVSZDDYIPB-UHFFFAOYSA-N,AVYPGVSZDDYIPB,eligible,464.412,5.882,35.58,1,2,4,31,4,0.6134,0,1,1
LIB_AWAKIULNKVOBKE,ChEMBL,CHEMBL1078535,CHEMBL1078535,https://www.ebi.ac.uk/chembl/compound_report_card/CHEMBL1078535/,Cc1ccc2c(c1)CCCN2C(=O)SCC(=O)Nc1ccc(S(N)(=O)=O)cc1Cl,Cc1ccc2c(c1)CCCN2C(=O)SCC(=O)Nc1ccc(S(N)(=O)=O)cc1Cl,Cc1ccc2c(c1)CCCN2C(=O)SCC(=O)Nc1ccc(S(N)(=O)=O)cc1Cl,AWAKIULNKVOBKE-UHFFFAOYSA-N,AWAKIULNKVOBKE,eligible,453.973,3.54,109.57,2,5,4,29,3,0.7352,0,1,1
LIB_AWCONWOURUJNOX,ChEMBL,CHEMBL102777,CHEMBL102777,https://www.ebi.ac.uk/chembl/compound_report_card/CHEMBL102777/,O=[N+]([O-])c1c(O)nc(O)nc1NCCCCO,O=c1[nH]c(NCCCCO)c([N+](=O)[O-])c(=O)[nH]1,O=c1[nH]c(NCCCCO)c([N+](=O)[O-])c(=O)[nH]1,AWCONWOURUJNOX-UHFFFAOYSA-N,AWCONWOURUJNOX,eligible,244.207,-0.844,141.12,4,6,6,17,1,0.2917,0,1,1
LIB_AWDJPCNXSYKBPU,ChEMBL,CHEMBL1080088,CHEMBL1080088,https://www.ebi.ac.uk/chembl/compound_report_card/CHEMBL1080088/,C=CCn1c(C)c(C)c2cc(-n3ccccc3=O)nc(NCc3c(C)cccc3C)c21,C=CCn1c(C)c(C)c2cc(-n3ccccc3=O)nc(NCc3c(C)cccc3C)c21,C=CCn1c(C)c(C)c2cc(-n3ccccc3=O)nc(NCc3c(C)cccc3C)c21,AWDJPCNXSYKBPU-UHFFFAOYSA-N,AWDJPCNXSYKBPU,eligible,412.537,5.219,51.85,1,3,6,31,4,0.4419,0,1,1
LIB_AWDORCFLUJZUQS,ChEMBL,CHEMBL1082440,CHEMBL1082440,https://www.ebi.ac.uk/chembl/compound_report_card/CHEMBL1082440/,Cc1cncc2cccc(S(=O)(=O)N3CCCNCC3C)c12,Cc1cncc2cccc(S(=O)(=O)N3CCCNCC3C)c12,Cc1cncc2cccc(S(=O)(=O)N3CCCNCC3C)c12,AWDORCFLUJZUQS-UHFFFAOYSA-N,AWDORCFLUJZUQS,eligible,319.43,1.916,62.3,1,4,2,22,3,0.9184,0,1,1
LIB_AWDSUFIHUSMPAR,ChEMBL,CHEMBL10296,CHEMBL10296,https://www.ebi.ac.uk/chembl/compound_report_card/CHEMBL10296/,O=C(Nc1ccc(S(=O)(=O)NC(CC#CCN2CCOCC2)C(=O)O)cc1)c1ccc(Br)cc1,O=C(Nc1ccc(S(=O)(=O)NC(CC#CCN2CCOCC2)C(=O)O)cc1)c1ccc(Br)cc1,O=C(Nc1ccc(S(=O)(=O)NC(CC#CCN2CCOCC2)C(=O)O)cc1)c1ccc(Br)cc1,AWDSUFIHUSMPAR-UHFFFAOYSA-N,AWDSUFIHUSMPAR,eligible,550.431,2.159,125.04,3,6,8,34,3,0.4306,0,1,1
LIB_AWDZLFOJMUGNPS,ChEMBL,CHEMBL100134,CHEMBL100134,https://www.ebi.ac.uk/chembl/compound_report_card/CHEMBL100134/,CCN(CC)CC#CCN(c1c(C)cc(Br)cc1C(=O)NO)S(=O)(=O)c1ccc(OC)cc1,CCN(CC)CC#CCN(c1c(C)cc(Br)cc1C(O)=NO)S(=O)(=O)c1ccc(OC)cc1,CCN(CC)CC#CCN(c1c(C)cc(Br)cc1C(O)=NO)S(=O)(=O)c1ccc(OC)cc1,AWDZLFOJMUGNPS-UHFFFAOYSA-N,AWDZLFOJMUGNPS,eligible,538.464,4.0,102.67,2,6,9,33,2,0.1646,0,1,1
LIB_AWFQOVKIRYDOSH,ChEMBL,CHEMBL1079528,CHEMBL1079528,https://www.ebi.ac.uk/chembl/compound_report_card/CHEMBL1079528/,N#Cc1ccc(NC(=O)CN2CCC(N(N)CC(=O)N3CSC[C@H]3C#N)CC2)cc1.O=C(O)C(F)(F)F,N#Cc1ccc(NC(=O)CN2CCC(N(N)CC(=O)N3CSC[C@H]3C#N)CC2)cc1,N#Cc1ccc(NC(=O)CN2CCC(N(N)CC(=O)N3CSCC3C#N)CC2)cc1,AWFQOVKIRYDOSH-GOSISDBHSA-N,AWFQOVKIRYDOSH,eligible,427.534,0.562,129.49,2,8,6,30,3,0.4976,0,1,1
LIB_AWFYYSZGMBMKRI,ChEMBL,CHEMBL10322,CHEMBL10322,https://www.ebi.ac.uk/chembl/compound_report_card/CHEMBL10322/,CC(/C=C/C(=O)C1=C(O)CN(C)C1=O)=C\C1CCc2ccccc2C1,CC(=CCC(=O)c1c(O)cn(C)c1O)C=C1CCc2ccccc2C1,CC(=CCC(=O)c1c(O)cn(C)c1O)C=C1CCc2ccccc2C1,AWFYYSZGMBMKRI-UHFFFAOYSA-N,AWFYYSZGMBMKRI,eligible,337.419,4.071,62.46,2,3,4,25,3,0.8268,0,1,1
LIB_AWIKWHZEOQFUQO,ChEMBL,CHEMBL1085165,CHEMBL1085165,https://www.ebi.ac.uk/chembl/compound_report_card/CHEMBL1085165/,CC1(C)CC(=O)C2=C(C1)OC(N)=C(C#N)C2c1ccc([N+](=O)[O-])cc1,CC1(C)C=C2OC(=N)C(C#N)C(c3ccc([N+](=O)[O-])cc3)C2C(=O)C1,CC1(C)C=C2OC(=N)C(C#N)C(c3ccc([N+](=O)[O-])cc3)C2C(=O)C1,AWIKWHZEOQFUQO-UHFFFAOYSA-N,AWIKWHZEOQFUQO,eligible,339.351,3.325,117.08,1,6,2,25,3,0.6548,0,1,1
LIB_AWIPPEDSKGOSFN,ChEMBL,CHEMBL103603,CHEMBL103603,https://www.ebi.ac.uk/chembl/compound_report_card/CHEMBL103603/,CC(=O)NCC1CC(c2ccc(N3CCN(C(=O)CO)CC3)cc2)=NO1,CC(=O)NCC1CC(c2ccc(N3CCN(C(=O)CO)CC3)cc2)=NO1,CC(=O)NCC1CC(c2ccc(N3CCN(C(=O)CO)CC3)cc2)=NO1,AWIPPEDSKGOSFN-UHFFFAOYSA-N,AWIPPEDSKGOSFN,eligible,360.414,-0.043,94.47,2,6,5,26,3,0.7682,0,1,1
LIB_AWJOAMPQOUEKCN,ChEMBL,CHEMBL1080293,CHEMBL1080293;CHEMBL1081685,https://www.ebi.ac.uk/chembl/compound_report_card/CHEMBL1080293/,Cc1ccc2c(-c3nnc(SCCCN4CC5CC5(c5ccc(C(F)(F)F)cc5)C4)n3C)cccc2n1,Cc1ccc2c(-c3nnc(SCCCN4CC5CC5(c5ccc(C(F)(F)F)cc5)C4)n3C)cccc2n1,Cc1ccc2c(-c3nnc(SCCCN4CC5CC5(c5ccc(C(F)(F)F)cc5)C4)n3C)cccc2n1,AWJOAMPQOUEKCN-UHFFFAOYSA-N,AWJOAMPQOUEKCN,eligible,523.628,6.113,46.84,0,5,7,37,6,0.216,0,2,2
LIB_AWKHHQUOEKSJQX,ChEMBL,CHEMBL1086941,CHEMBL1086941,https://www.ebi.ac.uk/chembl/compound_report_card/CHEMBL1086941/,CCOC(=O)c1cc(-c2sc(-c3ccccc3)nc2N2CCOCC2)n[nH]1,CCOC(=O)c1cc(-c2sc(-c3ccccc3)nc2N2CCOCC2)[nH]n1,CCOC(=O)c1cc(-c2sc(-c3ccccc3)nc2N2CCOCC2)[nH]n1,AWKHHQUOEKSJQX-UHFFFAOYSA-N,AWKHHQUOEKSJQX,eligible,384.461,3.214,80.34,1,7,5,27,4,0.6806,0,1,1
LIB_AWMWSBIXMZKDGN,ChEMBL,CHEMBL1079370,CHEMBL1079370,https://www.ebi.ac.uk/chembl/compound_report_card/CHEMBL1079370/,N#C[C@@H]1CSCN1C(=O)CN(N)C1CCN(CC(=O)Nc2ccc(Cl)cc2)CC1.O=C(O)C(F)(F)F,N#C[C@@H]1CSCN1C(=O)CN(N)C1CCN(CC(=O)Nc2ccc(Cl)cc2)CC1,N#CC1CSCN1C(=O)CN(N)C1CCN(CC(=O)Nc2ccc(Cl)cc2)CC1,AWMWSBIXMZKDGN-QGZVFWFLSA-N,AWMWSBIXMZKDGN,eligible,436.969,1.344,105.7,2,7,6,29,3,0.5116,0,1,1
LIB_AWNHFVHHFPMEPJ,ChEMBL,CHEMBL1081819,CHEMBL1081819,https://www.ebi.ac.uk/chembl/compound_report_card/CHEMBL1081819/,CCOC(=O)c1nnn2c1nc(N(CC)CC)c1ccccc12,CCOC(=O)c1nnn2c1nc(N(CC)CC)c1ccccc12,CCOC(=O)c1nnn2c1nc(N(CC)CC)c1ccccc12,AWNHFVHHFPMEPJ-UHFFFAOYSA-N,AWNHFVHHFPMEPJ,eligible,313.361,2.3,72.62,0,6,5,23,3,0.673,0,1,1
LIB_AWOXPJKLDJGFMS,ChEMBL,CHEMBL1077194,CHEMBL1077194,https://www.ebi.ac.uk/chembl/compound_report_card/CHEMBL1077194/,CCCc1cc(C2CCCCCCC2)nc(C#N)n1,CCCc1cc(C2CCCCCCC2)nc(C#N)n1,CCCc1cc(C2CCCCCCC2)nc(C#N)n1,AWOXPJKLDJGFMS-UHFFFAOYSA-N,AWOXPJKLDJGFMS,eligible,257.381,4.129,49.57,0,3,3,19,2,0.8177,0,1,1
LIB_AWQGJTFYTNIXHW,ChEMBL,CHEMBL101380,CHEMBL101380,https://www.ebi.ac.uk/chembl/compound_report_card/CHEMBL101380/,CC(C)c1cc(-c2ccc(F)cc2)cc(-c2ccc(F)cc2)c1OCC1C[C@@H](O)CC(=O)O1,CC(C)c1cc(-c2ccc(F)cc2)cc(-c2ccc(F)cc2)c1OCC1C[C@@H](O)CC(=O)O1,CC(C)c1cc(-c2ccc(F)cc2)cc(-c2ccc(F)cc2)c1OCC1CC(O)CC(=O)O1,AWQGJTFYTNIXHW-WTQRLHSKSA-N,AWQGJTFYTNIXHW,eligible,452.497,5.868,55.76,1,4,6,33,4,0.4756,0,1,1
LIB_AWQXHPOIWPEBNU,ChEMBL,CHEMBL105239,CHEMBL105239,https://www.ebi.ac.uk/chembl/compound_report_card/CHEMBL105239/,COc1cc2ncnc(N3CCN(/C(S)=N\c4ccc(Br)cc4)CC3)c2cc1OC,COc1cc2ncnc(N3CCN(C(=S)Nc4ccc(Br)cc4)CC3)c2cc1OC,COc1cc2ncnc(N3CCN(C(=S)Nc4ccc(Br)cc4)CC3)c2cc1OC,AWQXHPOIWPEBNU-UHFFFAOYSA-N,AWQXHPOIWPEBNU,eligible,488.411,3.929,62.75,1,6,4,30,4,0.5549,0,1,1
LIB_AWRPFVAKSARDKW,ChEMBL,CHEMBL1084902,CHEMBL1084902,https://www.ebi.ac.uk/chembl/compound_report_card/CHEMBL1084902/,Cc1c(C2c3ccccc3S(=O)(=O)N2CCc2ccccc2)c2ccccc2n1CC(=O)O,Cc1c(C2c3ccccc3S(=O)(=O)N2CCc2ccccc2)c2ccccc2n1CC(=O)O,Cc1c(C2c3ccccc3S(=O)(=O)N2CCc2ccccc2)c2ccccc2n1CC(=O)O,AWRPFVAKSARDKW-UHFFFAOYSA-N,AWRPFVAKSARDKW,eligible,460.555,4.371,79.61,1,3,6,33,5,0.4634,0,1,1
LIB_AWTCYYOBPHDYEC,ChEMBL,CHEMBL1084425,CHEMBL1084425,https://www.ebi.ac.uk/chembl/compound_report_card/CHEMBL1084425/,CN[C@@H]1CCN(c2nc(N)nc3c2CCCC3c2ccccc2)C1,CN[C@@H]1CCN(c2nc(N)nc3c2CCCC3c2ccccc2)C1,CNC1CCN(c2nc(N)nc3c2CCCC3c2ccccc2)C1,AWTCYYOBPHDYEC-GICMACPYSA-N,AWTCYYOBPHDYEC,eligible,323.444,2.325,67.07,2,5,3,24,4,0.9073,0,1,1
LIB_AWUMJLOVUGWIFT,ChEMBL,CHEMBL105686,CHEMBL105686,https://www.ebi.ac.uk/chembl/compound_report_card/CHEMBL105686/,CCOc1cc(I)ccc1OCC1CN(Cc2ccc(Cl)cc2)CCO1,CCOc1cc(I)ccc1OCC1CN(Cc2ccc(Cl)cc2)CCO1,CCOc1cc(I)ccc1OCC1CN(Cc2ccc(Cl)cc2)CCO1,AWUMJLOVUGWIFT-UHFFFAOYSA-N,AWUMJLOVUGWIFT,eligible,487.765,4.623,30.93,0,4,7,26,3,0.5333,0,1,1
LIB_AWVLDSVVRRXORC,ChEMBL,CHEMBL1085437,CHEMBL1085437,https://www.ebi.ac.uk/chembl/compound_report_card/CHEMBL1085437/,CS(=O)(=O)c1ccc(CC/N=C/c2ccccc2Cl)cc1,CS(=O)(=O)c1ccc(CC/N=C/c2ccccc2Cl)cc1,CS(=O)(=O)c1ccc(CCN=Cc2ccccc2Cl)cc1,AWVLDSVVRRXORC-LDADJPATSA-N,AWVLDSVVRRXORC,eligible,321.829,3.405,46.5,0,3,5,21,2,0.7923,0,1,1
LIB_AWVPSIKOANTOTA,ChEMBL,CHEMBL10639,CHEMBL10639,https://www.ebi.ac.uk/chembl/compound_report_card/CHEMBL10639/,O=C(O)CC/C=C\C[C@H]1[C@H](CNS(=O)(=O)c2ccc(F)cc2)C2CC1(c1ccc(-c3ccccc3)cc1)CO2,O=C(O)CC/C=C\C[C@H]1[C@H](CNS(=O)(=O)c2ccc(F)cc2)C2CC1(c1ccc(-c3ccccc3)cc1)CO2,O=C(O)CCC=CCC1C(CNS(=O)(=O)c2ccc(F)cc2)C2CC1(c1ccc(-c3ccccc3)cc1)CO2,AWVPSIKOANTOTA-OEJIHBKXSA-N,AWVPSIKOANTOTA,eligible,549.664,5.555,92.7,2,4,11,39,5,0.3059,0,1,1
LIB_AWWBIVKEAWOPAG,ChEMBL,CHEMBL1080187,CHEMBL1080187,https://www.ebi.ac.uk/chembl/compound_report_card/CHEMBL1080187/,COc1ccc(-c2nc(Sc3ccc(OCC(=O)O)c(C)c3)sc2-c2ccc(OC)cc2)cc1,COc1ccc(-c2nc(Sc3ccc(OCC(=O)O)c(C)c3)sc2-c2ccc(OC)cc2)cc1,COc1ccc(-c2nc(Sc3ccc(OCC(=O)O)c(C)c3)sc2-c2ccc(OC)cc2)cc1,AWWBIVKEAWOPAG-UHFFFAOYSA-N,AWWBIVKEAWOPAG,eligible,493.606,6.417,77.88,1,7,9,34,4,0.2883,0,1,1
LIB_AWWKJLYPHDHQCH,ChEMBL,CHEMBL1077922,CHEMBL1077922,https://www.ebi.ac.uk/chembl/compound_report_card/CHEMBL1077922/,Cc1cc(=O)oc2c3c(ccc12)OCC(CO)(CN1CCOCC1)C3=O,Cc1cc(=O)oc2c3c(ccc12)OCC(CO)(CN1CCOCC1)C3=O,Cc1cc(=O)oc2c3c(ccc12)OCC(CO)(CN1CCOCC1)C3=O,AWWKJLYPHDHQCH-UHFFFAOYSA-N,AWWKJLYPHDHQCH,eligible,359.378,0.987,89.21,1,7,3,26,4,0.8175,0,1,1
LIB_AWXPOSGSJYPPKM,ChEMBL,CHEMBL1085279,CHEMBL1085279,https://www.ebi.ac.uk/chembl/compound_report_card/CHEMBL1085279/,CN(C)C(=O)Oc1cccc(-c2cn3c(Cl)cccc3[n+]2C)c1.[Cl-],CN(C)C(=O)Oc1cccc(-c2cn3c(Cl)cccc3[n+]2C)c1,CN(C)C(=O)Oc1cccc(-c2cn3c(Cl)cccc3[n+]2C)c1,AWXPOSGSJYPPKM-UHFFFAOYSA-N,AWXPOSGSJYPPKM,eligible,330.795,3.145,37.83,0,2,2,23,3,0.5345,1,1,1
LIB_AWYBUVIAIMRQPX,ChEMBL,CHEMBL1080110,CHEMBL1080110,https://www.ebi.ac.uk/chembl/compound_report_card/CHEMBL1080110/,O=c1[nH]c2cnc(-n3cnc4ccccc43)nc2n1C1CCOc2cc(F)ccc21,O=c1[nH]c2cnc(-n3cnc4ccccc43)nc2n1C1CCOc2cc(F)ccc21,O=c1[nH]c2cnc(-n3cnc4ccccc43)nc2n1C1CCOc2cc(F)ccc21,AWYBUVIAIMRQPX-UHFFFAOYSA-N,AWYBUVIAIMRQPX,eligible,402.389,2.97,90.62,1,5,2,30,6,0.4903,0,1,1
LIB_AWYCCRZTSMLVMP,ChEMBL,CHEMBL1085530,CHEMBL1085530,https://www.ebi.ac.uk/chembl/compound_report_card/CHEMBL1085530/,Cc1ccc(N2C(=S)N(c3ccc(C#N)c(C(F)(F)F)c3)C(=O)C23CCN(C)CC3)cc1,Cc1ccc(N2C(=S)N(c3ccc(C#N)c(C(F)(F)F)c3)C(=O)C23CCN(C)CC3)cc1,Cc1ccc(N2C(=S)N(c3ccc(C#N)c(C(F)(F)F)c3)C(=O)C23CCN(C)CC3)cc1,AWYCCRZTSMLVMP-UHFFFAOYSA-N,AWYCCRZTSMLVMP,eligible,458.509,4.488,50.58,0,4,2,32,4,0.6211,0,1,1
LIB_AWZJFZMWSUBJAJ,ChEMBL,CHEMBL103789,CHEMBL103789,https://www.ebi.ac.uk/chembl/compound_report_card/CHEMBL103789/,O=C(O)CSc1c(F)c(F)c(C(=O)O)c(-c2c3cc(F)c(=O)cc-3oc3cc(O)c(F)cc23)c1F,O=C(O)CSc1c(F)c(F)c(C(=O)O)c(-c2c3cc(F)c(=O)cc-3oc3cc(O)c(F)cc23)c1F,O=C(O)CSc1c(F)c(F)c(C(=O)O)c(-c2c3cc(F)c(=O)cc-3oc3cc(O)c(F)cc23)c1F,AWZJFZMWSUBJAJ-UHFFFAOYSA-N,AWZJFZMWSUBJAJ,eligible,512.364,4.841,125.04,3,6,5,35,4,0.1502,0,1,1
LIB_AXARTCGXCFZIKI,ChEMBL,CHEMBL106905,CHEMBL106905,https://www.ebi.ac.uk/chembl/compound_report_card/CHEMBL106905/,CC(C)(C)NC(=O)C1(CCc2ccccc2)OC(O)=C(c2ccc(-c3ccccc3)cc2)C1=O,CC(C)(C)NC(=O)C1(CCc2ccccc2)OC(=O)C(c2ccc(-c3ccccc3)cc2)C1=O,CC(C)(C)NC(=O)C1(CCc2ccccc2)OC(=O)C(c2ccc(-c3ccccc3)cc2)C1=O,AXARTCGXCFZIKI-UHFFFAOYSA-N,AXARTCGXCFZIKI,eligible,455.554,4.849,72.47,1,4,6,34,4,0.4261,0,1,1
LIB_AXBCCEYICCHJCI,ChEMBL,CHEMBL105773,CHEMBL105773,https://www.ebi.ac.uk/chembl/compound_report_card/CHEMBL105773/,COC(=O)[C@@H]1Cc2ccc(OC)c(c2)Oc2ccc(cc2)CCC(=O)N1,COC(=O)C1Cc2ccc(OC)c(c2)Oc2ccc(cc2)CCC(=O)N1,COC(=O)C1Cc2ccc(OC)c(c2)Oc2ccc(cc2)CCC(=O)N1,AXBCCEYICCHJCI-UHFFFAOYSA-N,AXBCCEYICCHJCI,eligible,355.39,2.634,73.86,1,5,2,26,4,0.8386,0,1,1
LIB_AXBFSSCCVFPFFC,ChEMBL,CHEMBL105422,CHEMBL105422,https://www.ebi.ac.uk/chembl/compound_report_card/CHEMBL105422/,COc1ccc(S(=O)(=O)N(CC(=O)N2CCOCC2)C(CCSCc2ccccc2)C(=O)NO)cc1,COc1ccc(S(=O)(=O)N(CC(=O)N2CCOCC2)C(CCSCc2ccccc2)C(O)=NO)cc1,COc1ccc(S(=O)(=O)N(CC(=O)N2CCOCC2)C(CCSCc2ccccc2)C(O)=NO)cc1,AXBFSSCCVFPFFC-UHFFFAOYSA-N,AXBFSSCCVFPFFC,eligible,537.66,2.582,128.97,2,8,12,36,3,0.139,0,1,1
LIB_AXBOHNQOTHBMQB,ChEMBL,CHEMBL1080378,CHEMBL1080378,https://www.ebi.ac.uk/chembl/compound_report_card/CHEMBL1080378/,O=C(Nn1c(CCc2ccccc2)nc2c(-c3ccc(Cl)cc3)n[nH]c2c1=O)c1ccccc1,O=C(Nn1c(CCc2ccccc2)nc2c(-c3ccc(Cl)cc3)[nH]nc2c1=O)c1ccccc1,O=C(Nn1c(CCc2ccccc2)nc2c(-c3ccc(Cl)cc3)[nH]nc2c1=O)c1ccccc1,AXBOHNQOTHBMQB-UHFFFAOYSA-N,AXBOHNQOTHBMQB,eligible,469.932,4.609,92.67,2,4,6,34,5,0.3796,0,1,1
LIB_AXBVNGBOYORTED,ChEMBL,CHEMBL104939,CHEMBL104939,https://www.ebi.ac.uk/chembl/compound_report_card/CHEMBL104939/,COc1cc2c(=O)n(-c3ccccc3)sc2c(OC)n1,COc1cc2c(=O)n(-c3ccccc3)sc2c(OC)n1,COc1cc2c(=O)n(-c3ccccc3)sc2c(OC)n1,AXBVNGBOYORTED-UHFFFAOYSA-N,AXBVNGBOYORTED,eligible,288.328,2.464,53.35,0,5,3,20,3,0.7427,0,1,1
LIB_AXCUBEWIUVOPBX,ChEMBL,CHEMBL1085682,CHEMBL1085682,https://www.ebi.ac.uk/chembl/compound_report_card/CHEMBL1085682/,Nc1ccc(Cn2c3ccccc3n3c(=O)c(=O)n(CC(=O)O)nc23)cc1,Nc1ccc(Cn2c3ccccc3n3c(=O)c(=O)n(CC(=O)O)nc23)cc1,Nc1ccc(Cn2c3ccccc3n3c(=O)c(=O)n(CC(=O)O)nc23)cc1,AXCUBEWIUVOPBX-UHFFFAOYSA-N,AXCUBEWIUVOPBX,eligible,365.349,0.526,124.62,2,5,4,27,4,0.4014,0,1,1
LIB_AXDNELHYOHIRLD,ChEMBL,CHEMBL10674,CHEMBL10674,https://www.ebi.ac.uk/chembl/compound_report_card/CHEMBL10674/,CO[C@H](C#Cc1ccccc1)C(NS(=O)(=O)c1ccc(-c2ccc(SC)cc2)cc1)C(=O)O,CO[C@H](C#Cc1ccccc1)C(NS(=O)(=O)c1ccc(-c2ccc(SC)cc2)cc1)C(=O)O,COC(C#Cc1ccccc1)C(NS(=O)(=O)c1ccc(-c2ccc(SC)cc2)cc1)C(=O)O,AXDNELHYOHIRLD-MIHMCVIASA-N,AXDNELHYOHIRLD,eligible,481.595,3.874,92.7,2,5,8,33,3,0.3748,0,1,1
LIB_AXDSJPSPYMTGDH,ChEMBL,CHEMBL1078344,CHEMBL1078344,https://www.ebi.ac.uk/chembl/compound_report_card/CHEMBL1078344/,O=S(=O)(Cc1ccc2c(c1)CCNCC2)c1ccc(-c2ccc(Cl)cc2)cc1,O=S(=O)(Cc1ccc2c(c1)CCNCC2)c1ccc(-c2ccc(Cl)cc2)cc1,O=S(=O)(Cc1ccc2c(c1)CCNCC2)c1ccc(-c2ccc(Cl)cc2)cc1,AXDSJPSPYMTGDH-UHFFFAOYSA-N,AXDSJPSPYMTGDH,eligible,411.954,4.669,46.17,1,3,4,28,4,0.6782,0,1,1
LIB_AXENEUFTWPPYSF,ChEMBL,CHEMBL1084992,CHEMBL1084992,https://www.ebi.ac.uk/chembl/compound_report_card/CHEMBL1084992/,COC(=O)c1nc(Sc2ccc(Cl)cc2)n(COCCOC(C)=O)n1,COC(=O)c1nc(Sc2ccc(Cl)cc2)n(COCCOC(C)=O)n1,COC(=O)c1nc(Sc2ccc(Cl)cc2)n(COCCOC(C)=O)n1,AXENEUFTWPPYSF-UHFFFAOYSA-N,AXENEUFTWPPYSF,eligible,385.829,2.407,92.54,0,8,8,25,2,0.5049,0,1,1
LIB_AXEQDNRVEUBEKN,ChEMBL,CHEMBL1080902,CHEMBL1080902,https://www.ebi.ac.uk/chembl/compound_report_card/CHEMBL1080902/,COc1ccc(C2=NNC(=O)/C2=N\Nc2cccc(OC)c2)cc1,COc1ccc(-c2[nH][nH]c(=O)c2N=Nc2cccc(OC)c2)cc1,COc1ccc(-c2[nH][nH]c(=O)c2N=Nc2cccc(OC)c2)cc1,AXEQDNRVEUBEKN-UHFFFAOYSA-N,AXEQDNRVEUBEKN,eligible,324.34,3.803,91.83,2,5,5,24,3,0.6991,0,1,1
LIB_AXFARURNJIJQNK,ChEMBL,CHEMBL1085357,CHEMBL1085357,https://www.ebi.ac.uk/chembl/compound_report_card/CHEMBL1085357/,COc1ccc(-c2nc3c(N4CCN(CC(=O)Nc5nccs5)CC4)c(C4CC4)cnc3[nH]2)cc1,COc1ccc(-c2nc3c(N4CCN(CC(=O)Nc5nccs5)CC4)c(C4CC4)cnc3[nH]2)cc1,COc1ccc(-c2nc3c(N4CCN(CC(=O)Nc5nccs5)CC4)c(C4CC4)cnc3[nH]2)cc1,AXFARURNJIJQNK-UHFFFAOYSA-N,AXFARURNJIJQNK,eligible,489.605,3.728,99.27,2,8,7,35,6,0.4081,0,1,1
LIB_AXFIIVHPUHXMCS,ChEMBL,CHEMBL106740,CHEMBL106740,https://www.ebi.ac.uk/chembl/compound_report_card/CHEMBL106740/,Oc1nc2ccccc2c2cn(-c3ccc(Cl)cc3)nc12,O=c1[nH]c2ccccc2c2cn(-c3ccc(Cl)cc3)nc12,O=c1[nH]c2ccccc2c2cn(-c3ccc(Cl)cc3)nc12,AXFIIVHPUHXMCS-UHFFFAOYSA-N,AXFIIVHPUHXMCS,eligible,295.729,3.52,50.68,1,2,1,21,4,0.5839,0,1,1
LIB_AXFYZIQGQSZFPB,ChEMBL,CHEMBL106599,CHEMBL106599,https://www.ebi.ac.uk/chembl/compound_report_card/CHEMBL106599/,CCOc1ccccc1OCC1CN(Cc2ccc(Cl)cc2)CCO1,CCOc1ccccc1OCC1CN(Cc2ccc(Cl)cc2)CCO1,CCOc1ccccc1OCC1CN(Cc2ccc(Cl)cc2)CCO1,AXFYZIQGQSZFPB-UHFFFAOYSA-N,AXFYZIQGQSZFPB,eligible,361.869,4.019,30.93,0,4,7,25,3,0.745,0,1,1
LIB_AXGGLNIULOYTOM,ChEMBL,CHEMBL101132,CHEMBL101132,https://www.ebi.ac.uk/chembl/compound_report_card/CHEMBL101132/,O=C(Nc1ccc(S(=O)(=O)N2CCC(CNC[C@H](O)COc3ccc(O)cc3)CC2)cc1)Nc1ccccn1,O=C(Nc1ccc(S(=O)(=O)N2CCC(CNC[C@H](O)COc3ccc(O)cc3)CC2)cc1)Nc1ccccn1,O=C(Nc1ccc(S(=O)(=O)N2CCC(CNCC(O)COc3ccc(O)cc3)CC2)cc1)Nc1ccccn1,AXGGLNIULOYTOM-QHCPKHFHSA-N,AXGGLNIULOYTOM,eligible,555.657,2.861,153.12,5,8,11,39,4,0.2421,0,1,1
LIB_AXHPPPQCABHOLG,ChEMBL,CHEMBL1083711,CHEMBL1083711,https://www.ebi.ac.uk/chembl/compound_report_card/CHEMBL1083711/,CCN(CC)Cc1ccc(OCCCCN2CCN(C)CC2)cc1,CCN(CC)Cc1ccc(OCCCCN2CCN(C)CC2)cc1,CCN(CC)Cc1ccc(OCCCCN2CCN(C)CC2)cc1,AXHPPPQCABHOLG-UHFFFAOYSA-N,AXHPPPQCABHOLG,eligible,333.52,2.935,18.95,0,4,10,24,2,0.6129,0,1,1
LIB_AXHWESODWDIJCC,ChEMBL,CHEMBL103045,CHEMBL103045,https://www.ebi.ac.uk/chembl/compound_report_card/CHEMBL103045/,CCN1CCN(CCCOc2cc3ncc(C#N)c(Nc4ccc(Sc5nccn5C)c(Cl)c4)c3cc2OC)CC1,CCN1CCN(CCCOc2cc3ncc(C#N)c(Nc4ccc(Sc5nccn5C)c(Cl)c4)c3cc2OC)CC1,CCN1CCN(CCCOc2cc3ncc(C#N)c(Nc4ccc(Sc5nccn5C)c(Cl)c4)c3cc2OC)CC1,AXHWESODWDIJCC-UHFFFAOYSA-N,AXHWESODWDIJCC,eligible,592.169,5.803,91.47,1,9,11,41,5,0.2171,0,1,1
LIB_AXHXSOYRYGSQHK,ChEMBL,CHEMBL1079489,CHEMBL1079489,https://www.ebi.ac.uk/chembl/compound_report_card/CHEMBL1079489/,Cc1cc(OCc2nc(-c3ccc(-c4ccccc4)cc3)cs2)ccc1OCC(=O)O,Cc1cc(OCc2nc(-c3ccc(-c4ccccc4)cc3)cs2)ccc1OCC(=O)O,Cc1cc(OCc2nc(-c3ccc(-c4ccccc4)cc3)cs2)ccc1OCC(=O)O,AXHXSOYRYGSQHK-UHFFFAOYSA-N,AXHXSOYRYGSQHK,eligible,431.513,5.828,68.65,1,5,8,31,4,0.3802,0,1,1
LIB_AXIFLPLKZRNVDP,ChEMBL,CHEMBL1087089,CHEMBL1087089,https://www.ebi.ac.uk/chembl/compound_report_card/CHEMBL1087089/,CN1CCCC(c2nc3ccccc3n2Cc2ccc(F)cc2)C1,CN1CCCC(c2nc3ccccc3n2Cc2ccc(F)cc2)C1,CN1CCCC(c2nc3ccccc3n2Cc2ccc(F)cc2)C1,AXIFLPLKZRNVDP-UHFFFAOYSA-N,AXIFLPLKZRNVDP,eligible,323.415,4.033,21.06,0,2,3,24,4,0.7254,0,1,1
LIB_AXIFZHIVFVUSLT,ChEMBL,CHEMBL1076667,CHEMBL1076667,https://www.ebi.ac.uk/chembl/compound_report_card/CHEMBL1076667/,C[C@@H]1C(=O)O[C@H]2[C@@H]1O[C@]13O[C@@]4(CC[C@]5(C)C(=O)[C@@H](C)[C@H]2[C@H]15)C[C@]12OC(=O)C[C@H]1OC(C)(C)[C@@H]2C[C@@H]1O[C@@]14C3=O,CC1C(=O)[C@@]2(C)CC[C@]34C[C@]56OC(=O)C[C@H]5OC(C)(C)[C@@H]6C[C@@H]5O[C@@]53C(=O)[C@@]3(O[C@@H]5C(C)C(=O)O[C@@H]5[C@@H]1[C@H]32)O4,CC1C(=O)OC2C1OC13OC4(CCC5(C)C(=O)C(C)C2C51)CC12OC(=O)CC1OC(C)(C)C2CC1OC14C3=O,AXIFZHIVFVUSLT-NBOBCWPSSA-N,AXIFZHIVFVUSLT,eligible,542.581,1.643,126.96,0,10,0,39,9,0.3293,0,1,1
LIB_AXJLAJQUZFMOGM,ChEMBL,CHEMBL106066,CHEMBL106066,https://www.ebi.ac.uk/chembl/compound_report_card/CHEMBL106066/,CC(C)C(NC(=O)Cn1cc(Cc2cccc(F)c2)cc(NC(=O)OCc2ccccc2)c1=O)C(=O)C(F)(F)F,CC(C)C(NC(=O)Cn1cc(Cc2cccc(F)c2)cc(NC(=O)OCc2ccccc2)c1=O)C(=O)C(F)(F)F,CC(C)C(NC(=O)Cn1cc(Cc2cccc(F)c2)cc(NC(=O)OCc2ccccc2)c1=O)C(=O)C(F)(F)F,AXJLAJQUZFMOGM-UHFFFAOYSA-N,AXJLAJQUZFMOGM,eligible,561.532,4.599,106.5,2,5,10,40,3,0.3522,0,1,1
LIB_AXJTXAKFWQGTLR,ChEMBL,CHEMBL102790,CHEMBL102790,https://www.ebi.ac.uk/chembl/compound_report_card/CHEMBL102790/,Cn1cnc2ncnc-2c1S,Cn1cnc2[nH]cnc2c1=S,Cn1cnc2[nH]cnc2c1=S,AXJTXAKFWQGTLR-UHFFFAOYSA-N,AXJTXAKFWQGTLR,eligible,166.209,1.026,46.5,1,3,0,11,2,0.5944,0,1,1
LIB_AXMIKEXHZANEIP,ChEMBL,CHEMBL101833,CHEMBL101833,https://www.ebi.ac.uk/chembl/compound_report_card/CHEMBL101833/,C#C[C@]1(O)CCC2C3CCC4=CC(=O)CCC4C3[C@H]3C[C@H](C)[C@]21C3,C#C[C@]1(O)CCC2C3CC=C4CC(=O)CCC4C3[C@H]3C[C@H](C)[C@]21C3,C#CC1(O)CCC2C3CC=C4CC(=O)CCC4C3C3CC(C)C21C3,AXMIKEXHZANEIP-WBUDUHDWSA-N,AXMIKEXHZANEIP,eligible,324.464,3.739,37.3,1,2,0,24,5,0.5443,0,1,1
LIB_AXMYGQXGTRHHES,ChEMBL,CHEMBL100270,CHEMBL100270,https://www.ebi.ac.uk/chembl/compound_report_card/CHEMBL100270/,CC(C)(C)OC(=O)N1CCC[C@H]1C(=O)N[C@@H](Cc1ccc(O)cc1)C(N)=O,CC(C)(C)OC(=O)N1CCCC1C(=O)NC(Cc1ccc(O)cc1)C(N)=O,CC(C)(C)OC(=O)N1CCCC1C(=O)NC(Cc1ccc(O)cc1)C(N)=O,AXMYGQXGTRHHES-UHFFFAOYSA-N,AXMYGQXGTRHHES,eligible,377.441,1.304,121.96,3,5,5,27,2,0.714,0,1,1
LIB_AXNJWHYVWXFMPK,ChEMBL,CHEMBL1081950,CHEMBL1081950,https://www.ebi.ac.uk/chembl/compound_report_card/CHEMBL1081950/,COc1ccc(-c2nc(SCCOc3ccc(OCC(=O)O)c(C)c3)sc2-c2ccc(OC)cc2)cc1,COc1ccc(-c2nc(SCCOc3ccc(OCC(=O)O)c(C)c3)sc2-c2ccc(OC)cc2)cc1,COc1ccc(-c2nc(SCCOc3ccc(OCC(=O)O)c(C)c3)sc2-c2ccc(OC)cc2)cc1,AXNJWHYVWXFMPK-UHFFFAOYSA-N,AXNJWHYVWXFMPK,eligible,537.659,6.437,87.11,1,8,12,37,4,0.1633,0,1,1
LIB_AXOIZCJOOAYSMI,ChEMBL,CHEMBL703,CHEMBL703;CHEMBL983,https://www.ebi.ac.uk/chembl/compound_report_card/CHEMBL703/,C[N+](C)(C)CCOC(=O)CCC(=O)OCC[N+](C)(C)C,C[N+](C)(C)CCOC(=O)CCC(=O)OCC[N+](C)(C)C,C[N+](C)(C)CCOC(=O)CCC(=O)OCC[N+](C)(C)C,AXOIZCJOOAYSMI-UHFFFAOYSA-N,AXOIZCJOOAYSMI,eligible,290.404,0.265,52.6,0,4,9,20,0,0.4516,2,2,1
LIB_AXOKQRAETZYQKZ,ChEMBL,CHEMBL1083316,CHEMBL1083316,https://www.ebi.ac.uk/chembl/compound_report_card/CHEMBL1083316/,O=C(NCc1cccs1)c1ccc(CN(Cc2ccccc2)S(=O)(=O)c2ccc(Cl)cc2)cc1,O=C(NCc1cccs1)c1ccc(CN(Cc2ccccc2)S(=O)(=O)c2ccc(Cl)cc2)cc1,O=C(NCc1cccs1)c1ccc(CN(Cc2ccccc2)S(=O)(=O)c2ccc(Cl)cc2)cc1,AXOKQRAETZYQKZ-UHFFFAOYSA-N,AXOKQRAETZYQKZ,eligible,511.068,5.723,66.48,1,4,9,34,4,0.3128,0,1,1
LIB_AXPDGDWWEWKWCL,ChEMBL,CHEMBL1075725,CHEMBL1075725,https://www.ebi.ac.uk/chembl/compound_report_card/CHEMBL1075725/,Cc1cc(OCc2nc(-c3ccc(C(=O)N4CCCCC4)cc3)c(-c3ccc(OC(F)(F)F)cc3)o2)ccc1OCC(=O)O,Cc1cc(OCc2nc(-c3ccc(C(=O)N4CCCCC4)cc3)c(-c3ccc(OC(F)(F)F)cc3)o2)ccc1OCC(=O)O,Cc1cc(OCc2nc(-c3ccc(C(=O)N4CCCCC4)cc3)c(-c3ccc(OC(F)(F)F)cc3)o2)ccc1OCC(=O)O,AXPDGDWWEWKWCL-UHFFFAOYSA-N,AXPDGDWWEWKWCL,eligible,610.585,6.884,111.33,1,7,10,44,5,0.2068,0,1,1
LIB_AXPWXKFQWMGHHC,ChEMBL,CHEMBL1079148,CHEMBL1079148,https://www.ebi.ac.uk/chembl/compound_report_card/CHEMBL1079148/,CSc1ccc(CC(C)NC(C)C)cc1,CSc1ccc(CC(C)NC(C)C)cc1,CSc1ccc(CC(C)NC(C)C)cc1,AXPWXKFQWMGHHC-UHFFFAOYSA-N,AXPWXKFQWMGHHC,eligible,223.385,3.338,12.03,1,2,5,15,1,0.7684,0,1,1
LIB_AXRHJNPWSRJZKN,ChEMBL,CHEMBL102032,CHEMBL102032,https://www.ebi.ac.uk/chembl/compound_report_card/CHEMBL102032/,C[C@@H](O[C@H]1CCCN[C@H]1c1ccccc1)c1cc(C(F)(F)F)cc(C(F)(F)F)c1,C[C@@H](O[C@H]1CCCN[C@H]1c1ccccc1)c1cc(C(F)(F)F)cc(C(F)(F)F)c1,CC(OC1CCCNC1c1ccccc1)c1cc(C(F)(F)F)cc(C(F)(F)F)c1,AXRHJNPWSRJZKN-VMDGZTHMSA-N,AXRHJNPWSRJZKN,eligible,417.393,6.295,21.26,1,2,4,29,3,0.5902,0,1,1
LIB_AXRLOUATLDLSKJ,ChEMBL,CHEMBL100917,CHEMBL100917,https://www.ebi.ac.uk/chembl/compound_report_card/CHEMBL100917/,CCCCc1ccccc1/N=C/NO,CCCCc1ccccc1NC=NO,CCCCc1ccccc1NC=NO,AXRLOUATLDLSKJ-UHFFFAOYSA-N,AXRLOUATLDLSKJ,eligible,192.262,2.859,44.62,2,2,5,14,1,0.3259,0,1,1
LIB_AXTKOQUMMGAEDS,ChEMBL,CHEMBL103988,CHEMBL103988,https://www.ebi.ac.uk/chembl/compound_report_card/CHEMBL103988/,C/C(=C\c1csc(C)n1)[C@@H]1C[C@H]2OCC[C@H](O)C(C)(C)C(=O)[C@H](C)[C@@H](O)[C@@H](C)CCC[C@H]2O1,C/C(=C\c1csc(C)n1)[C@@H]1C[C@H]2OCC[C@H](O)C(C)(C)C(=O)C(C)[C@@H](O)[C@@H](C)CCC[C@H]2O1,CC(=Cc1csc(C)n1)C1CC2OCCC(O)C(C)(C)C(=O)C(C)C(O)C(C)CCCC2O1,AXTKOQUMMGAEDS-HJBKHGBJSA-N,AXTKOQUMMGAEDS,eligible,479.683,4.561,88.88,2,7,2,33,3,0.6464,0,1,1
LIB_AXVANMLUKNGODF,ChEMBL,CHEMBL100546,CHEMBL100546,https://www.ebi.ac.uk/chembl/compound_report_card/CHEMBL100546/,CC(C)[C@@H]1Nc2cccc3[nH]cc(c23)C[C@@H](CO)NC1=O,CC(C)C1Nc2cccc3[nH]cc(c23)C[C@@H](CO)NC1=O,CC(C)C1Nc2cccc3[nH]cc(c23)CC(CO)NC1=O,AXVANMLUKNGODF-VPHXOMNUSA-N,AXVANMLUKNGODF,eligible,287.363,1.638,77.15,4,3,2,21,3,0.6779,0,1,1
LIB_AXVDQOXRBHQTCS,ChEMBL,CHEMBL108606,CHEMBL108606,https://www.ebi.ac.uk/chembl/compound_report_card/CHEMBL108606/,CC(C)CCC(NC(C)C(=O)N1CCCC1C(=O)O)C(=O)O,CC(C)CCC(NC(C)C(=O)N1CCCC1C(=O)O)C(=O)O,CC(C)CCC(NC(C)C(=O)N1CCCC1C(=O)O)C(=O)O,AXVDQOXRBHQTCS-UHFFFAOYSA-N,AXVDQOXRBHQTCS,eligible,314.382,0.93,106.94,3,4,8,22,1,0.6151,0,1,1
LIB_AXXFOVLMZSBWPH,ChEMBL,CHEMBL1078605,CHEMBL1078605,https://www.ebi.ac.uk/chembl/compound_report_card/CHEMBL1078605/,CCCNC(=O)N(C)[C@H]1CC[C@H]2[C@@H]3CC[C@H]4N(C)C(=O)CC[C@]4(C)[C@H]3CC[C@]12C,CCCNC(=O)N(C)[C@H]1CC[C@H]2[C@@H]3CC[C@H]4N(C)C(=O)CC[C@]4(C)[C@H]3CC[C@]12C,CCCNC(=O)N(C)C1CCC2C3CCC4N(C)C(=O)CCC4(C)C3CCC21C,AXXFOVLMZSBWPH-FOHPXRQLSA-N,AXXFOVLMZSBWPH,eligible,403.611,4.27,52.65,1,2,3,29,4,0.765,0,1,1
LIB_AXYULVXJKZSRBJ,ChEMBL,CHEMBL1081075,CHEMBL1081075,https://www.ebi.ac.uk/chembl/compound_report_card/CHEMBL1081075/,COc1ccccc1CNc1nc2c(S(=O)(=O)c3ccccc3)nnn2c2ccc(Cl)cc12,COc1ccccc1CNc1nc2c(S(=O)(=O)c3ccccc3)nnn2c2ccc(Cl)cc12,COc1ccccc1CNc1nc2c(S(=O)(=O)c3ccccc3)nnn2c2ccc(Cl)cc12,AXYULVXJKZSRBJ-UHFFFAOYSA-N,AXYULVXJKZSRBJ,eligible,479.949,4.384,98.48,1,7,6,33,5,0.3854,0,1,1
LIB_AXYXAQVGBGAEQV,ChEMBL,CHEMBL1082243,CHEMBL1082243,https://www.ebi.ac.uk/chembl/compound_report_card/CHEMBL1082243/,CC1=C(C#N)c2nc(N)c(C#N)c(C)c2/C1=C/c1cccc([N+](=O)[O-])c1,CC1=C(C#N)c2nc(N)c(C#N)c(C)c2C1=Cc1cccc([N+](=O)[O-])c1,CC1=C(C#N)c2nc(N)c(C#N)c(C)c2C1=Cc1cccc([N+](=O)[O-])c1,AXYXAQVGBGAEQV-UHFFFAOYSA-N,AXYXAQVGBGAEQV,eligible,343.346,3.603,129.63,1,6,2,26,3,0.6546,0,1,1
LIB_AXZCNBVMHHTPKA,ChEMBL,CHEMBL1079645,CHEMBL1079645,https://www.ebi.ac.uk/chembl/compound_report_card/CHEMBL1079645/,COc1c(Cl)c(C)c2c(c1Cl)OC(=O)c1c(C)c(Cl)c(O)c(Cl)c1O2,COc1c(Cl)c(C)c2c(c1Cl)OC(=O)c1c(C)c(Cl)c(O)c(Cl)c1O2,COc1c(Cl)c(C)c2c(c1Cl)OC(=O)c1c(C)c(Cl)c(O)c(Cl)c1O2,AXZCNBVMHHTPKA-UHFFFAOYSA-N,AXZCNBVMHHTPKA,eligible,424.063,5.956,64.99,1,5,1,25,3,0.4526,0,1,1
LIB_AXZYTCWKTSFFPH,ChEMBL,CHEMBL10573,CHEMBL10573,https://www.ebi.ac.uk/chembl/compound_report_card/CHEMBL10573/,COc1cc(NC(=O)COc2ccc(Cl)cc2)c(Cl)cc1C(=O)NCc1cccnc1,COc1cc(NC(=O)COc2ccc(Cl)cc2)c(Cl)cc1C(=O)NCc1cccnc1,COc1cc(NC(=O)COc2ccc(Cl)cc2)c(Cl)cc1C(=O)NCc1cccnc1,AXZYTCWKTSFFPH-UHFFFAOYSA-N,AXZYTCWKTSFFPH,eligible,460.317,4.345,89.55,2,5,8,31,3,0.5221,0,1,1
LIB_AYBVVIKCDCRTOX,ChEMBL,CHEMBL104934,CHEMBL104934,https://www.ebi.ac.uk/chembl/compound_report_card/CHEMBL104934/,O=[P@]1(N(CCCl)CCCl)N[C@H](OO)C[C@@H](c2ccc(F)cc2)O1,O=[P@]1(N(CCCl)CCCl)N[C@H](OO)C[C@@H](c2ccc(F)cc2)O1,O=P1(N(CCCl)CCCl)NC(OO)CC(c2ccc(F)cc2)O1,AYBVVIKCDCRTOX-WDVBMNPBSA-N,AYBVVIKCDCRTOX,eligible,387.175,3.58,71.03,2,4,7,23,2,0.3227,0,1,1
LIB_AYCHOLUFFJBVQG,ChEMBL,CHEMBL1078383,CHEMBL1078383,https://www.ebi.ac.uk/chembl/compound_report_card/CHEMBL1078383/,CC1(C)C[C@@]2(CC[C@H]3[C@@H]4CCc5cc(O)ccc5[C@H]4CC[C@@]32C)OC1=O,CC1(C)C[C@@]2(CC[C@H]3[C@@H]4CCc5cc(O)ccc5[C@H]4CC[C@@]32C)OC1=O,CC1(C)CC2(CCC3C4CCc5cc(O)ccc5C4CCC32C)OC1=O,AYCHOLUFFJBVQG-ILCQWTCRSA-N,AYCHOLUFFJBVQG,eligible,354.49,4.96,46.53,1,3,0,26,5,0.6699,0,1,1
LIB_AYDBBWJGHVYDQE,ChEMBL,CHEMBL1081411,CHEMBL1081411,https://www.ebi.ac.uk/chembl/compound_report_card/CHEMBL1081411/,COc1cc2c(c(C)c1Cl)Oc1cc(OC)c(Cl)c(C)c1C(=O)O2,COc1cc2c(c(C)c1Cl)Oc1cc(OC)c(Cl)c(C)c1C(=O)O2,COc1cc2c(c(C)c1Cl)Oc1cc(OC)c(Cl)c(C)c1C(=O)O2,AYDBBWJGHVYDQE-UHFFFAOYSA-N,AYDBBWJGHVYDQE,eligible,369.2,4.952,53.99,0,5,2,24,3,0.5537,0,1,1
LIB_AYDMSHZMTHUMIV,ChEMBL,CHEMBL1076863,CHEMBL1076863,https://www.ebi.ac.uk/chembl/compound_report_card/CHEMBL1076863/,COc1ccc(-c2nnc(-c3cc(Cl)ccc3Br)o2)c(F)c1,COc1ccc(-c2nnc(-c3cc(Cl)ccc3Br)o2)c(F)c1,COc1ccc(-c2nnc(-c3cc(Cl)ccc3Br)o2)c(F)c1,AYDMSHZMTHUMIV-UHFFFAOYSA-N,AYDMSHZMTHUMIV,eligible,383.604,4.967,48.15,0,4,3,22,3,0.6407,0,1,1
LIB_AYEAMZDTWLXZIJ,ChEMBL,CHEMBL102620,CHEMBL102620,https://www.ebi.ac.uk/chembl/compound_report_card/CHEMBL102620/,Cc1nc2cnccc2n1CC1CCN(C(=O)/C=C(/c2ccccc2)c2ccc(/N=N\c3ccc(O)c(C(=O)O)c3)cc2)CC1,Cc1nc2cnccc2n1CC1CCN(C(=O)C=C(c2ccccc2)c2ccc(N=Nc3ccc(O)c(C(=O)O)c3)cc2)CC1,Cc1nc2cnccc2n1CC1CCN(C(=O)C=C(c2ccccc2)c2ccc(N=Nc3ccc(O)c(C(=O)O)c3)cc2)CC1,AYEAMZDTWLXZIJ-UHFFFAOYSA-N,AYEAMZDTWLXZIJ,eligible,600.679,6.929,133.27,2,7,8,45,6,0.1466,0,1,1
LIB_AYFOSESUCBCXAL,ChEMBL,CHEMBL102539,CHEMBL102539,https://www.ebi.ac.uk/chembl/compound_report_card/CHEMBL102539/,CSC(=S)n1ncnc1N,CSC(=S)n1ncnc1N,CSC(=S)n1ncnc1N,AYFOSESUCBCXAL-UHFFFAOYSA-N,AYFOSESUCBCXAL,eligible,174.254,0.356,56.73,1,5,0,10,1,0.5753,0,1,1
LIB_AYFPLBIYHZLNPS,ChEMBL,CHEMBL1087454,CHEMBL1087454,https://www.ebi.ac.uk/chembl/compound_report_card/CHEMBL1087454/,O=C1CCc2ccc(OCCCCN3CCN(c4cccc5[nH]c(=O)oc45)CC3)cc2N1,O=C1CCc2ccc(OCCCCN3CCN(c4cccc5[nH]c(=O)oc45)CC3)cc2N1,O=C1CCc2ccc(OCCCCN3CCN(c4cccc5[nH]c(=O)oc45)CC3)cc2N1,AYFPLBIYHZLNPS-UHFFFAOYSA-N,AYFPLBIYHZLNPS,eligible,436.512,2.987,90.81,2,6,7,32,5,0.5536,0,1,1
LIB_AYGAZNIMFAQJIL,ChEMBL,CHEMBL1078820,CHEMBL1078820,https://www.ebi.ac.uk/chembl/compound_report_card/CHEMBL1078820/,Nc1nonc1-c1nc2ccccc2n1CC1CCC1,Nc1nonc1-c1nc2ccccc2n1CC1CCC1,Nc1nonc1-c1nc2ccccc2n1CC1CCC1,AYGAZNIMFAQJIL-UHFFFAOYSA-N,AYGAZNIMFAQJIL,eligible,269.308,2.469,82.76,1,5,3,20,4,0.7893,0,1,1
LIB_AYICDACQBONIRV,ChEMBL,CHEMBL1077320,CHEMBL1077320,https://www.ebi.ac.uk/chembl/compound_report_card/CHEMBL1077320/,Cn1cccc1-c1nc2cc(C(=O)NC3(C(=O)Nc4ccc(/C=C/C(=O)O)cc4)CCC3)ccc2n1C1CCCCC1,Cn1cccc1-c1nc2cc(C(=O)NC3(C(=O)Nc4ccc(C=CC(=O)O)cc4)CCC3)ccc2n1C1CCCCC1,Cn1cccc1-c1nc2cc(C(=O)NC3(C(=O)Nc4ccc(C=CC(=O)O)cc4)CCC3)ccc2n1C1CCCCC1,AYICDACQBONIRV-UHFFFAOYSA-N,AYICDACQBONIRV,eligible,565.674,5.936,118.25,3,4,8,42,6,0.2288,0,1,1
LIB_AYJNNXGJVXIDJJ,ChEMBL,CHEMBL108720,CHEMBL108720,https://www.ebi.ac.uk/chembl/compound_report_card/CHEMBL108720/,COc1ccc(NC(=O)C2CC(C)(C)C=CC2=O)cc1,COc1ccc(NC(=O)C2CC(C)(C)C=CC2=O)cc1,COc1ccc(NC(=O)C2CC(C)(C)C=CC2=O)cc1,AYJNNXGJVXIDJJ-UHFFFAOYSA-N,AYJNNXGJVXIDJJ,eligible,273.332,2.805,55.4,1,3,3,20,2,0.8615,0,1,1
LIB_AYLLMRKBBYQUGB,ChEMBL,CHEMBL104380,CHEMBL104380,https://www.ebi.ac.uk/chembl/compound_report_card/CHEMBL104380/,O=S1(=O)Cc2ccccc2N1CCCN1CCN(Cc2ccc(Cl)cc2)CC1,O=S1(=O)Cc2ccccc2N1CCCN1CCN(Cc2ccc(Cl)cc2)CC1,O=S1(=O)Cc2ccccc2N1CCCN1CCN(Cc2ccc(Cl)cc2)CC1,AYLLMRKBBYQUGB-UHFFFAOYSA-N,AYLLMRKBBYQUGB,eligible,419.978,3.198,43.86,0,4,6,28,4,0.7208,0,1,1
LIB_AYNWBTZPYNOUOG,ChEMBL,CHEMBL102888,CHEMBL102888,https://www.ebi.ac.uk/chembl/compound_report_card/CHEMBL102888/,O=C1NC(=O)c2c1c1c3ccccc3ccc1c1c2c2cccc3c2n1CC(CO)C3,O=C1NC(=O)c2c1c1c3ccccc3ccc1c1c2c2cccc3c2n1CC(CO)C3,O=C1NC(=O)c2c1c1c3ccccc3ccc1c1c2c2cccc3c2n1CC(CO)C3,AYNWBTZPYNOUOG-UHFFFAOYSA-N,AYNWBTZPYNOUOG,eligible,406.441,4.149,71.33,2,3,1,31,7,0.3245,0,1,1
LIB_AYPFKZQQTSLEJG,ChEMBL,CHEMBL102362,CHEMBL102362,https://www.ebi.ac.uk/chembl/compound_report_card/CHEMBL102362/,O=C(O)c1cc(/C=C/c2cc(O)ccc2O)ccc1O,O=C(O)c1cc(C=Cc2cc(O)ccc2O)ccc1O,O=C(O)c1cc(C=Cc2cc(O)ccc2O)ccc1O,AYPFKZQQTSLEJG-UHFFFAOYSA-N,AYPFKZQQTSLEJG,eligible,272.256,2.672,97.99,4,4,3,20,2,0.5084,0,1,1
LIB_AYPIJAMXGVYYRQ,ChEMBL,CHEMBL1081658,CHEMBL1081658,https://www.ebi.ac.uk/chembl/compound_report_card/CHEMBL1081658/,CCn1c(C(=O)c2cc(C)cc(C#N)c2)c(C(C)C)c(=O)[nH]c1=O,CCn1c(C(=O)c2cc(C)cc(C#N)c2)c(C(C)C)c(=O)[nH]c1=O,CCn1c(C(=O)c2cc(C)cc(C#N)c2)c(C(C)C)c(=O)[nH]c1=O,AYPIJAMXGVYYRQ-UHFFFAOYSA-N,AYPIJAMXGVYYRQ,eligible,325.368,2.091,95.72,1,4,4,24,2,0.8706,0,1,1
LIB_AYQXXWRYLGZZSD,ChEMBL,CHEMBL1080840,CHEMBL1080840,https://www.ebi.ac.uk/chembl/compound_report_card/CHEMBL1080840/,FC(F)(F)c1ccc(Nc2nccc(-c3cnc4ccccc4c3)n2)cc1,FC(F)(F)c1ccc(Nc2nccc(-c3cnc4ccccc4c3)n2)cc1,FC(F)(F)c1ccc(Nc2nccc(-c3cnc4ccccc4c3)n2)cc1,AYQXXWRYLGZZSD-UHFFFAOYSA-N,AYQXXWRYLGZZSD,eligible,366.346,5.454,50.7,1,4,3,27,4,0.5235,0,1,1
LIB_AYSLVYZBAPLVTK,ChEMBL,CHEMBL1081043,CHEMBL1081043,https://www.ebi.ac.uk/chembl/compound_report_card/CHEMBL1081043/,O=C(Nc1ccc(F)cc1)c1cccc(N2C(=O)c3ccccc3C2=O)c1,O=C(Nc1ccc(F)cc1)c1cccc(N2C(=O)c3ccccc3C2=O)c1,O=C(Nc1ccc(F)cc1)c1cccc(N2C(=O)c3ccccc3C2=O)c1,AYSLVYZBAPLVTK-UHFFFAOYSA-N,AYSLVYZBAPLVTK,eligible,360.344,3.879,66.48,1,3,3,27,4,0.7211,0,1,1
LIB_AYSXFDJDKIYSHO,ChEMBL,CHEMBL1080147,CHEMBL1080147,https://www.ebi.ac.uk/chembl/compound_report_card/CHEMBL1080147/,Cc1ccc(C)c(N2CCN(c3nc4c(S(=O)(=O)c5ccccc5)nnn4c4ccc(Cl)cc34)CC2)c1,Cc1ccc(C)c(N2CCN(c3nc4c(S(=O)(=O)c5ccccc5)nnn4c4ccc(Cl)cc34)CC2)c1,Cc1ccc(C)c(N2CCN(c3nc4c(S(=O)(=O)c5ccccc5)nnn4c4ccc(Cl)cc34)CC2)c1,AYSXFDJDKIYSHO-UHFFFAOYSA-N,AYSXFDJDKIYSHO,eligible,533.057,4.707,83.7,0,7,4,37,6,0.3313,0,1,1
LIB_AYTBHOFELXSNHQ,ChEMBL,CHEMBL1081464,CHEMBL1081464,https://www.ebi.ac.uk/chembl/compound_report_card/CHEMBL1081464/,CN1CC[C@@]2(C)c3cc(OC(=O)Nc4cccc(C#N)c4)ccc3N(C)[C@@H]12,CN1CC[C@@]2(C)c3cc(OC(=O)Nc4cccc(C#N)c4)ccc3N(C)[C@@H]12,CN1CCC2(C)c3cc(OC(=O)Nc4cccc(C#N)c4)ccc3N(C)C12,AYTBHOFELXSNHQ-CTNGQTDRSA-N,AYTBHOFELXSNHQ,eligible,362.433,3.538,68.6,1,5,2,27,4,0.8849,0,1,1
LIB_AYTBQOODKYBHGK,ChEMBL,CHEMBL1078009,CHEMBL1078009,https://www.ebi.ac.uk/chembl/compound_report_card/CHEMBL1078009/,NS(=O)(=O)Oc1c(F)cccc1F,NS(=O)(=O)Oc1c(F)cccc1F,NS(=O)(=O)Oc1c(F)cccc1F,AYTBQOODKYBHGK-UHFFFAOYSA-N,AYTBQOODKYBHGK,eligible,209.173,0.547,69.39,1,3,2,13,1,0.7726,0,1,1
LIB_AYTQUUQISQAOLQ,ChEMBL,CHEMBL1086043,CHEMBL1086043,https://www.ebi.ac.uk/chembl/compound_report_card/CHEMBL1086043/,Cn1cnc2c(NCCCO)nc(-c3cccc(C(F)(F)F)c3)nc21,Cn1cnc2c(NCCCO)nc(-c3cccc(C(F)(F)F)c3)nc21,Cn1cnc2c(NCCCO)nc(-c3cccc(C(F)(F)F)c3)nc21,AYTQUUQISQAOLQ-UHFFFAOYSA-N,AYTQUUQISQAOLQ,eligible,351.332,2.843,75.86,2,5,5,25,3,0.6915,0,1,1
LIB_AYXYPKUFHZROOJ,ChEMBL,CHEMBL1059,CHEMBL1059,https://www.ebi.ac.uk/chembl/compound_report_card/CHEMBL1059/,CC(C)C[C@H](CN)CC(=O)O,CC(C)C[C@H](CN)CC(=O)O,CC(C)CC(CN)CC(=O)O,AYXYPKUFHZROOJ-ZETCQYMHSA-N,AYXYPKUFHZROOJ,eligible,159.229,1.082,63.32,2,2,5,11,0,0.6306,0,1,1
LIB_AYYQAUIZWAMKPD,ChEMBL,CHEMBL1087094,CHEMBL1087094,https://www.ebi.ac.uk/chembl/compound_report_card/CHEMBL1087094/,CCOC(=O)c1ccc2c(c1)c1c(c(-c3ccc(Cl)cc3)[n+]2C)CCO1.[I-],CCOC(=O)c1ccc2c(c1)c1c(c(-c3ccc(Cl)cc3)[n+]2C)CCO1,CCOC(=O)c1ccc2c(c1)c1c(c(-c3ccc(Cl)cc3)[n+]2C)CCO1,AYYQAUIZWAMKPD-UHFFFAOYSA-N,AYYQAUIZWAMKPD,eligible,368.84,4.096,39.41,0,3,3,26,4,0.5159,1,1,1
LIB_AYZBGELVIWCHIM,ChEMBL,CHEMBL1080299,CHEMBL1080299,https://www.ebi.ac.uk/chembl/compound_report_card/CHEMBL1080299/,Cc1cccc(C(=O)Nc2ccc(C)c(Nc3nc4ccccc4n3-c3cc(N)ncn3)c2)c1,Cc1cccc(C(=O)Nc2ccc(C)c(Nc3nc4ccccc4n3-c3cc(N)ncn3)c2)c1,Cc1cccc(C(=O)Nc2ccc(C)c(Nc3nc4ccccc4n3-c3cc(N)ncn3)c2)c1,AYZBGELVIWCHIM-UHFFFAOYSA-N,AYZBGELVIWCHIM,eligible,449.518,5.01,110.75,3,6,5,34,5,0.3478,0,1,1
LIB_AZAUTYQZRMUVAQ,ChEMBL,CHEMBL1080852,CHEMBL1080852,https://www.ebi.ac.uk/chembl/compound_report_card/CHEMBL1080852/,COc1ccc2c(c1)C(O)=C(C(=O)Nc1ccc(-c3ccc(Cl)c(Cl)c3)cc1)NS2(=O)=O,COc1ccc2c(c1)C(=O)C(C(=O)Nc1ccc(-c3ccc(Cl)c(Cl)c3)cc1)NS2(=O)=O,COc1ccc2c(c1)C(=O)C(C(=O)Nc1ccc(-c3ccc(Cl)c(Cl)c3)cc1)NS2(=O)=O,AZAUTYQZRMUVAQ-UHFFFAOYSA-N,AZAUTYQZRMUVAQ,eligible,491.352,4.151,101.57,2,5,4,32,4,0.5344,0,1,1
LIB_AZCHRUXHCCULJI,ChEMBL,CHEMBL1079386,CHEMBL1079386,https://www.ebi.ac.uk/chembl/compound_report_card/CHEMBL1079386/,Cc1ncc([N+](=O)[O-])n1CCOC(=O)CCn1ccnc1[N+](=O)[O-],Cc1ncc([N+](=O)[O-])n1CCOC(=O)CCn1ccnc1[N+](=O)[O-],Cc1ncc([N+](=O)[O-])n1CCOC(=O)CCn1ccnc1[N+](=O)[O-],AZCHRUXHCCULJI-UHFFFAOYSA-N,AZCHRUXHCCULJI,eligible,338.28,0.838,148.22,0,8,8,24,2,0.3903,0,1,1
LIB_AZCMQMPXFQYKKJ,ChEMBL,CHEMBL1080674,CHEMBL1080674,https://www.ebi.ac.uk/chembl/compound_report_card/CHEMBL1080674/,Cc1cccc(O)c1C(=O)C1=CCCCN2CCC[C@@H]12,Cc1cccc(O)c1C(=O)C1=CCCCN2CCC[C@@H]12,Cc1cccc(O)c1C(=O)C1=CCCCN2CCCC12,AZCMQMPXFQYKKJ-AWEZNQCLSA-N,AZCMQMPXFQYKKJ,eligible,271.36,3.068,40.54,1,3,2,20,3,0.8404,0,1,1
LIB_AZFGCYKKRIPXTL,ChEMBL,CHEMBL1084291,CHEMBL1084291,https://www.ebi.ac.uk/chembl/compound_report_card/CHEMBL1084291/,O=S1(=O)N(CCC(O)CNC2CC2)c2ccccc2N1c1ccccc1,O=S1(=O)N(CCC(O)CNC2CC2)c2ccccc2N1c1ccccc1,O=S1(=O)N(CCC(O)CNC2CC2)c2ccccc2N1c1ccccc1,AZFGCYKKRIPXTL-UHFFFAOYSA-N,AZFGCYKKRIPXTL,eligible,373.478,2.393,72.88,2,4,7,26,4,0.7817,0,1,1
LIB_AZGZBAOEVIOOGR,ChEMBL,CHEMBL103571,CHEMBL103571,https://www.ebi.ac.uk/chembl/compound_report_card/CHEMBL103571/,Cc1ncccc1C(C#N)N1CCN(C(=O)CN(C=O)C(c2ccccc2)c2ccccc2)CC1,Cc1ncccc1C(C#N)N1CCN(C(=O)CN(C=O)C(c2ccccc2)c2ccccc2)CC1,Cc1ncccc1C(C#N)N1CCN(C(=O)CN(C=O)C(c2ccccc2)c2ccccc2)CC1,AZGZBAOEVIOOGR-UHFFFAOYSA-N,AZGZBAOEVIOOGR,eligible,467.573,3.347,80.54,0,5,8,35,4,0.4749,0,1,1
LIB_AZHPQDXIVJOSHB,ChEMBL,CHEMBL100090,CHEMBL100090,https://www.ebi.ac.uk/chembl/compound_report_card/CHEMBL100090/,S=C(N1CCOCC1)C1(c2ccccn2)CCCS1,S=C(N1CCOCC1)C1(c2ccccn2)CCCS1,S=C(N1CCOCC1)C1(c2ccccn2)CCCS1,AZHPQDXIVJOSHB-UHFFFAOYSA-N,AZHPQDXIVJOSHB,eligible,294.445,2.464,25.36,0,4,2,19,3,0.7806,0,1,1
LIB_AZHXFKCTCUPFGL,ChEMBL,CHEMBL103355,CHEMBL103355,https://www.ebi.ac.uk/chembl/compound_report_card/CHEMBL103355/,Cc1ccc(F)c(Nc2ccnc(Nc3ccc(S(N)(=O)=O)cc3)n2)c1,Cc1ccc(F)c(Nc2ccnc(Nc3ccc(S(N)(=O)=O)cc3)n2)c1,Cc1ccc(F)c(Nc2ccnc(Nc3ccc(S(N)(=O)=O)cc3)n2)c1,AZHXFKCTCUPFGL-UHFFFAOYSA-N,AZHXFKCTCUPFGL,eligible,373.413,3.059,110.0,3,6,5,26,3,0.634,0,1,1
LIB_AZILVXWVABGTDD,ChEMBL,CHEMBL104489,CHEMBL104489,https://www.ebi.ac.uk/chembl/compound_report_card/CHEMBL104489/,CC(SC1c2cccc(O)c2C(=O)c2c(O)cccc21)C(=O)O,CC(SC1c2cccc(O)c2C(=O)c2c(O)cccc21)C(=O)O,CC(SC1c2cccc(O)c2C(=O)c2c(O)cccc21)C(=O)O,AZILVXWVABGTDD-UHFFFAOYSA-N,AZILVXWVABGTDD,eligible,330.361,2.938,94.83,3,5,3,23,3,0.8008,0,1,1
LIB_AZLFXTDKWCBSKH,ChEMBL,CHEMBL100899,CHEMBL100899,https://www.ebi.ac.uk/chembl/compound_report_card/CHEMBL100899/,CCC(C)c1ccc(N/C=N/O)cc1,CCC(C)c1ccc(NC=NO)cc1,CCC(C)c1ccc(NC=NO)cc1,AZLFXTDKWCBSKH-UHFFFAOYSA-N,AZLFXTDKWCBSKH,eligible,192.262,3.03,44.62,2,2,4,14,1,0.3331,0,1,1
LIB_AZLOYNFUMMUBKL,ChEMBL,CHEMBL1082342,CHEMBL1082342,https://www.ebi.ac.uk/chembl/compound_report_card/CHEMBL1082342/,CC1(C)CC(CNC(=O)c2ccccc2-c2nc(Cl)cs2)CC(C)(C)N1,CC1(C)CC(CNC(=O)c2ccccc2-c2nc(Cl)cs2)CC(C)(C)N1,CC1(C)CC(CNC(=O)c2ccccc2-c2nc(Cl)cs2)CC(C)(C)N1,AZLOYNFUMMUBKL-UHFFFAOYSA-N,AZLOYNFUMMUBKL,eligible,391.968,4.75,54.02,2,4,4,26,3,0.7902,0,1,1
LIB_AZMMYIIBJQULQS,ChEMBL,CHEMBL1084406,CHEMBL1084406,https://www.ebi.ac.uk/chembl/compound_report_card/CHEMBL1084406/,COC(=O)c1ccc2c(c1)S(=O)(=O)N=C(c1c(O)c3ccccc3n(CCC(C)C)c1=O)N2,COC(=O)c1ccc2c(c1)S(=O)(=O)N=C(c1c(O)c3ccccc3n(CCC(C)C)c1=O)N2,COC(=O)c1ccc2c(c1)S(=O)(=O)N=C(c1c(O)c3ccccc3n(CCC(C)C)c1=O)N2,AZMMYIIBJQULQS-UHFFFAOYSA-N,AZMMYIIBJQULQS,eligible,469.519,3.101,127.06,2,7,5,33,4,0.5498,0,1,1
LIB_AZNDZKQTYKZVSR,ChEMBL,CHEMBL1080364,CHEMBL1080364,https://www.ebi.ac.uk/chembl/compound_report_card/CHEMBL1080364/,C#CCOc1cc(/C=C/C(=O)Nc2ccccc2C(=O)O)ccc1OC,C#CCOc1cc(/C=C/C(=O)Nc2ccccc2C(=O)O)ccc1OC,C#CCOc1cc(C=CC(=O)Nc2ccccc2C(=O)O)ccc1OC,AZNDZKQTYKZVSR-PKNBQFBNSA-N,AZNDZKQTYKZVSR,eligible,351.358,3.057,84.86,2,4,7,26,2,0.5915,0,1,1
LIB_AZOSVFXKJSCQGZ,ChEMBL,CHEMBL105527,CHEMBL105527,https://www.ebi.ac.uk/chembl/compound_report_card/CHEMBL105527/,Cc1cccc(NC(=O)N[C@H](CCc2ccccc2)C(=O)N2CCC(C(=O)c3ccccc3)CC2)c1,Cc1cccc(NC(=O)NC(CCc2ccccc2)C(=O)N2CCC(C(=O)c3ccccc3)CC2)c1,Cc1cccc(NC(=O)NC(CCc2ccccc2)C(=O)N2CCC(C(=O)c3ccccc3)CC2)c1,AZOSVFXKJSCQGZ-UHFFFAOYSA-N,AZOSVFXKJSCQGZ,eligible,483.612,5.239,78.51,2,3,8,36,4,0.4303,0,1,1
LIB_AZOXTSAKHFHPFD,ChEMBL,CHEMBL1079561,CHEMBL1079561,https://www.ebi.ac.uk/chembl/compound_report_card/CHEMBL1079561/,CNC(=O)Cn1c(=O)n(C2CCN(Cc3ccc4ccccc4c3)CC2)c2ccccc21,CNC(=O)Cn1c(=O)n(C2CCN(Cc3ccc4ccccc4c3)CC2)c2ccccc21,CNC(=O)Cn1c(=O)n(C2CCN(Cc3ccc4ccccc4c3)CC2)c2ccccc21,AZOXTSAKHFHPFD-UHFFFAOYSA-N,AZOXTSAKHFHPFD,eligible,428.536,3.539,59.27,1,3,5,32,5,0.529,0,1,1
LIB_AZQWTMXWSAEHDK,ChEMBL,CHEMBL1087020,CHEMBL1087020,https://www.ebi.ac.uk/chembl/compound_report_card/CHEMBL1087020/,COc1ccc(-c2nc(-c3c[nH]c4ccccc34)co2)cc1,COc1ccc(-c2nc(-c3c[nH]c4ccccc34)co2)cc1,COc1ccc(-c2nc(-c3c[nH]c4ccccc34)co2)cc1,AZQWTMXWSAEHDK-UHFFFAOYSA-N,AZQWTMXWSAEHDK,eligible,290.322,4.499,51.05,1,3,3,22,4,0.6041,0,1,1
LIB_AZRLDFPSQPRAGI,ChEMBL,CHEMBL1079821,CHEMBL1079821,https://www.ebi.ac.uk/chembl/compound_report_card/CHEMBL1079821/,Cc1cc(OCc2nc(-c3cncnc3)c(-c3ccc(OC(F)(F)F)cc3)s2)ccc1OCC(=O)O,Cc1cc(OCc2nc(-c3cncnc3)c(-c3ccc(OC(F)(F)F)cc3)s2)ccc1OCC(=O)O,Cc1cc(OCc2nc(-c3cncnc3)c(-c3ccc(OC(F)(F)F)cc3)s2)ccc1OCC(=O)O,AZRLDFPSQPRAGI-UHFFFAOYSA-N,AZRLDFPSQPRAGI,eligible,517.485,5.517,103.66,1,8,9,36,4,0.3098,0,1,1
LIB_AZSJYUNXTSRXEI,ChEMBL,CHEMBL103436,CHEMBL103436,https://www.ebi.ac.uk/chembl/compound_report_card/CHEMBL103436/,COc1ccc(OC)c(CC(C)N(C)C)c1,COc1ccc(OC)c(CC(C)N(C)C)c1,COc1ccc(OC)c(CC(C)N(C)C)c1,AZSJYUNXTSRXEI-UHFFFAOYSA-N,AZSJYUNXTSRXEI,eligible,223.316,2.196,21.7,0,3,5,16,1,0.7635,0,1,1
LIB_AZSKJKSQZWHDOK,ChEMBL,CHEMBL1080745,CHEMBL1080745,https://www.ebi.ac.uk/chembl/compound_report_card/CHEMBL1080745/,Cc1c(C(=O)NCCCN2CCN(c3cccc(Cl)c3)CC2)cc(-c2ccccc2)n1CC(C)C,Cc1c(C(=O)NCCCN2CCN(c3cccc(Cl)c3)CC2)cc(-c2ccccc2)n1CC(C)C,Cc1c(C(=O)NCCCN2CCN(c3cccc(Cl)c3)CC2)cc(-c2ccccc2)n1CC(C)C,AZSKJKSQZWHDOK-UHFFFAOYSA-N,AZSKJKSQZWHDOK,eligible,493.095,5.715,40.51,1,3,9,35,4,0.3885,0,1,1
LIB_AZSRSNUQCUDCGG,ChEMBL,CHEMBL4650319,CHEMBL4650319;CHEMBL4802239,https://www.ebi.ac.uk/chembl/compound_report_card/CHEMBL4650319/,C=CC(=O)Nc1cc(Nc2ncc(C(=O)OC(C)C)c(-c3cn(C)c4ccccc34)n2)c(OC)cc1N(C)CCN(C)C,C=CC(=O)Nc1cc(Nc2ncc(C(=O)OC(C)C)c(-c3cn(C)c4ccccc34)n2)c(OC)cc1N(C)CCN(C)C,C=CC(=O)Nc1cc(Nc2ncc(C(=O)OC(C)C)c(-c3cn(C)c4ccccc34)n2)c(OC)cc1N(C)CCN(C)C,AZSRSNUQCUDCGG-UHFFFAOYSA-N,AZSRSNUQCUDCGG,eligible,585.709,5.075,113.85,2,9,12,43,4,0.1737,0,2,1
LIB_AZUDKTWLENPMEO,ChEMBL,CHEMBL1085509,CHEMBL1085509,https://www.ebi.ac.uk/chembl/compound_report_card/CHEMBL1085509/,N#Cc1ccc(S(=O)(=O)N(Cc2ccc(-c3nnn[nH]3)c(F)c2)Cc2ccccc2F)cc1,N#Cc1ccc(S(=O)(=O)N(Cc2ccc(-c3nn[nH]n3)c(F)c2)Cc2ccccc2F)cc1,N#Cc1ccc(S(=O)(=O)N(Cc2ccc(-c3nn[nH]n3)c(F)c2)Cc2ccccc2F)cc1,AZUDKTWLENPMEO-UHFFFAOYSA-N,AZUDKTWLENPMEO,eligible,466.473,3.408,115.63,1,6,7,33,4,0.4463,0,1,1
LIB_AZUISCSNVPLGBW,ChEMBL,CHEMBL104372,CHEMBL104372,https://www.ebi.ac.uk/chembl/compound_report_card/CHEMBL104372/,COc1cc2ncc(NC3CCC(C(=O)N4CCN(C)CC4)CC3)nc2cc1OC,COc1cc2ncc(NC3CCC(C(=O)N4CCN(C)CC4)CC3)nc2cc1OC,COc1cc2ncc(NC3CCC(C(=O)N4CCN(C)CC4)CC3)nc2cc1OC,AZUISCSNVPLGBW-UHFFFAOYSA-N,AZUISCSNVPLGBW,eligible,413.522,2.392,79.82,1,7,5,30,4,0.8062,0,1,1
LIB_AZVWYXUTXSTOQY,ChEMBL,CHEMBL1079062,CHEMBL1079062;CHEMBL1085182,https://www.ebi.ac.uk/chembl/compound_report_card/CHEMBL1079062/,O=C(O)/C=C\C(=O)Nc1ccc([N+](=O)[O-])cc1,O=C(O)/C=C\C(=O)Nc1ccc([N+](=O)[O-])cc1,O=C(O)C=CC(=O)Nc1ccc([N+](=O)[O-])cc1,AZVWYXUTXSTOQY-WAYWQWQTSA-N,AZVWYXUTXSTOQY,eligible,236.183,1.174,109.54,2,4,4,17,1,0.4629,0,2,2
LIB_AZWBRVJQJIHTAP,ChEMBL,CHEMBL102873,CHEMBL102873,https://www.ebi.ac.uk/chembl/compound_report_card/CHEMBL102873/,CC(Cc1ccccc1)(C(=O)NO)C(=O)NCCc1ccccc1,CC(Cc1ccccc1)(C(=O)NCCc1ccccc1)C(O)=NO,CC(Cc1ccccc1)(C(=O)NCCc1ccccc1)C(O)=NO,AZWBRVJQJIHTAP-UHFFFAOYSA-N,AZWBRVJQJIHTAP,eligible,326.396,2.94,81.92,3,3,7,24,2,0.3166,0,1,1
LIB_AZWIYXDHKVQUIN,ChEMBL,CHEMBL1083296,CHEMBL1083296,https://www.ebi.ac.uk/chembl/compound_report_card/CHEMBL1083296/,COc1ccc(C2C(Cl)C(=O)N2c2ccc(O)c3ncccc23)cc1,COc1ccc(C2C(Cl)C(=O)N2c2ccc(O)c3ncccc23)cc1,COc1ccc(C2C(Cl)C(=O)N2c2ccc(O)c3ncccc23)cc1,AZWIYXDHKVQUIN-UHFFFAOYSA-N,AZWIYXDHKVQUIN,eligible,354.793,3.644,62.66,1,4,3,25,4,0.5758,0,1,1
LIB_AZWSVINLFDCANS,ChEMBL,CHEMBL100305,CHEMBL100305,https://www.ebi.ac.uk/chembl/compound_report_card/CHEMBL100305/,COc1cc(OC)c2ncnc(N3CCN(C(=O)Nc4ccc(Oc5ccccc5)cc4)CC3)c2c1,COc1cc(OC)c2ncnc(N3CCN(C(=O)Nc4ccc(Oc5ccccc5)cc4)CC3)c2c1,COc1cc(OC)c2ncnc(N3CCN(C(=O)Nc4ccc(Oc5ccccc5)cc4)CC3)c2c1,AZWSVINLFDCANS-UHFFFAOYSA-N,AZWSVINLFDCANS,eligible,485.544,4.793,89.05,1,7,6,36,5,0.4199,0,1,1
LIB_AZWZBCSCXMKTAF,ChEMBL,CHEMBL108654,CHEMBL108654,https://www.ebi.ac.uk/chembl/compound_report_card/CHEMBL108654/,O=C(O)c1cn2c3c(c(N4CCN(C5CC5)CC4)c(F)cc3c1=O)OC1=C2CCC1,O=C(O)c1cn2c3c(c(N4CCN(C5CC5)CC4)c(F)cc3c1=O)OC1=C2CCC1,O=C(O)c1cn2c3c(c(N4CCN(C5CC5)CC4)c(F)cc3c1=O)OC1=C2CCC1,AZWZBCSCXMKTAF-UHFFFAOYSA-N,AZWZBCSCXMKTAF,eligible,411.433,2.868,75.01,1,5,3,30,6,0.8373,0,1,1
LIB_AZXHEQRKMBEFRI,ChEMBL,CHEMBL108490,CHEMBL108490,https://www.ebi.ac.uk/chembl/compound_report_card/CHEMBL108490/,CN(Cc1nc2ccccc2[nH]1)C(=O)c1ccc2c(c1)CN(CCC(C)(C)C)C(=O)[C@H](CC(=O)O)N2,CN(Cc1nc2ccccc2[nH]1)C(=O)c1ccc2c(c1)CN(CCC(C)(C)C)C(=O)C(CC(=O)O)N2,CN(Cc1nc2ccccc2[nH]1)C(=O)c1ccc2c(c1)CN(CCC(C)(C)C)C(=O)C(CC(=O)O)N2,AZXHEQRKMBEFRI-UHFFFAOYSA-N,AZXHEQRKMBEFRI,eligible,491.592,3.869,118.63,3,5,7,36,4,0.4617,0,1,1
LIB_AZYYMSCKADOXME,ChEMBL,CHEMBL1085855,CHEMBL1085855,https://www.ebi.ac.uk/chembl/compound_report_card/CHEMBL1085855/,O=C(Oc1nsnc1N1CCCC1)N1CCCCC1,O=C(Oc1nsnc1N1CCCC1)N1CCCCC1,O=C(Oc1nsnc1N1CCCC1)N1CCCCC1,AZYYMSCKADOXME-UHFFFAOYSA-N,AZYYMSCKADOXME,eligible,282.369,2.123,58.56,0,6,2,19,3,0.8313,0,1,1
LIB_AZZAETOIWLMYBJ,ChEMBL,CHEMBL1081672,CHEMBL1081672,https://www.ebi.ac.uk/chembl/compound_report_card/CHEMBL1081672/,Cc1cc(=O)oc2c3c(ccc12)OCC(CO)(CN1CCCCC1)C3=O,Cc1cc(=O)oc2c3c(ccc12)OCC(CO)(CN1CCCCC1)C3=O,Cc1cc(=O)oc2c3c(ccc12)OCC(CO)(CN1CCCCC1)C3=O,AZZAETOIWLMYBJ-UHFFFAOYSA-N,AZZAETOIWLMYBJ,eligible,357.406,2.141,79.98,1,6,3,26,4,0.8481,0,1,1
LIB_BAAPWYVBVRUONA,ChEMBL,CHEMBL102556,CHEMBL102556,https://www.ebi.ac.uk/chembl/compound_report_card/CHEMBL102556/,C[n+]1cccc(COc2ccc(/C=N/NC(=N)N)cc2)c1.Cc1ccc(S(=O)(=O)O)cc1.Cc1ccc(S(=O)(=O)[O-])cc1,C[n+]1cccc(COc2ccc(/C=N/N=C(N)N)cc2)c1,C[n+]1cccc(COc2ccc(C=NN=C(N)N)cc2)c1,BAAPWYVBVRUONA-GIJQJNRQSA-N,BAAPWYVBVRUONA,eligible,284.343,0.697,89.87,2,3,5,21,2,0.3663,1,1,1
LIB_BAARGQXTUQRRII,ChEMBL,CHEMBL102719,CHEMBL102719,https://www.ebi.ac.uk/chembl/compound_report_card/CHEMBL102719/,COc1cc(C(=O)O)ccc1OCCCN1CCC(C(c2ccc(F)cc2)c2ccc(F)cc2)CC1,COc1cc(C(=O)O)ccc1OCCCN1CCC(C(c2ccc(F)cc2)c2ccc(F)cc2)CC1,COc1cc(C(=O)O)ccc1OCCCN1CCC(C(c2ccc(F)cc2)c2ccc(F)cc2)CC1,BAARGQXTUQRRII-UHFFFAOYSA-N,BAARGQXTUQRRII,eligible,495.566,5.985,59.0,1,4,10,36,4,0.3506,0,1,1
LIB_BAASZDMCYFWYFM,ChEMBL,CHEMBL1083822,CHEMBL1083822,https://www.ebi.ac.uk/chembl/compound_report_card/CHEMBL1083822/,CCCN(Cc1ccccc1)C(=O)c1c(C)nc2n1CCCN2c1c(C)cc(C)cc1C,CCCN(Cc1ccccc1)C(=O)c1c(C)nc2n1CCCN2c1c(C)cc(C)cc1C,CCCN(Cc1ccccc1)C(=O)c1c(C)nc2n1CCCN2c1c(C)cc(C)cc1C,BAASZDMCYFWYFM-UHFFFAOYSA-N,BAASZDMCYFWYFM,eligible,430.596,5.711,41.37,0,3,6,32,4,0.5028,0,1,1
LIB_BAAUCXCLMDAZEL,ChEMBL,CHEMBL106285,CHEMBL106285,https://www.ebi.ac.uk/chembl/compound_report_card/CHEMBL106285/,Nc1cc([N+](=O)[O-])ccc1Br,Nc1cc([N+](=O)[O-])ccc1Br,Nc1cc([N+](=O)[O-])ccc1Br,BAAUCXCLMDAZEL-UHFFFAOYSA-N,BAAUCXCLMDAZEL,eligible,217.022,1.94,69.16,1,3,1,11,1,0.4435,0,1,1
LIB_BABMFYTZKHXRGO,ChEMBL,CHEMBL1086718,CHEMBL1086718,https://www.ebi.ac.uk/chembl/compound_report_card/CHEMBL1086718/,COc1ccc2c(c1)P(=O)(O)OC(c1ccccc1)=C2Br,COc1ccc2c(c1)P(=O)(O)OC(c1ccccc1)=C2Br,COc1ccc2c(c1)P(=O)(O)OC(c1ccccc1)=C2Br,BABMFYTZKHXRGO-UHFFFAOYSA-N,BABMFYTZKHXRGO,eligible,367.135,3.757,55.76,1,3,2,21,3,0.8218,0,1,1
LIB_BADHAWRYSSJDAG,ChEMBL,CHEMBL1083932,CHEMBL1083932,https://www.ebi.ac.uk/chembl/compound_report_card/CHEMBL1083932/,O=C(NO)C1(S(=O)(=O)c2ccc(N3CCC(c4ccccc4)CC3)cc2)CCOCC1,O=S(=O)(c1ccc(N2CCC(c3ccccc3)CC2)cc1)C1(C(O)=NO)CCOCC1,O=S(=O)(c1ccc(N2CCC(c3ccccc3)CC2)cc1)C1(C(O)=NO)CCOCC1,BADHAWRYSSJDAG-UHFFFAOYSA-N,BADHAWRYSSJDAG,eligible,444.553,3.739,99.43,2,6,5,31,4,0.3155,0,1,1
LIB_BAFSLDDOOCWFLC,ChEMBL,CHEMBL105313,CHEMBL105313,https://www.ebi.ac.uk/chembl/compound_report_card/CHEMBL105313/,COC(=O)c1cccc(NC(=O)c2cnc3c(n2)C(C)(C)CC3(C)C)c1,COC(=O)c1cccc(NC(=O)c2cnc3c(n2)C(C)(C)CC3(C)C)c1,COC(=O)c1cccc(NC(=O)c2cnc3c(n2)C(C)(C)CC3(C)C)c1,BAFSLDDOOCWFLC-UHFFFAOYSA-N,BAFSLDDOOCWFLC,eligible,353.422,3.474,81.18,1,5,3,26,3,0.8546,0,1,1
LIB_BAIISSWGEDKHNE,ChEMBL,CHEMBL105713,CHEMBL105713,https://www.ebi.ac.uk/chembl/compound_report_card/CHEMBL105713/,CC(C)CNCc1cc2cc(S(N)(=O)=O)oc2s1,CC(C)CNCc1cc2cc(S(N)(=O)=O)oc2s1,CC(C)CNCc1cc2cc(S(N)(=O)=O)oc2s1,BAIISSWGEDKHNE-UHFFFAOYSA-N,BAIISSWGEDKHNE,eligible,288.394,1.887,85.33,2,5,5,18,2,0.8794,0,1,1
LIB_BAJPVZCGJJFQBD,ChEMBL,CHEMBL105647,CHEMBL105647,https://www.ebi.ac.uk/chembl/compound_report_card/CHEMBL105647/,N=C(N)NCCCOCCCNC(=N)N,N=C(N)NCCCOCCCN=C(N)N,N=C(N)NCCCOCCCN=C(N)N,BAJPVZCGJJFQBD-UHFFFAOYSA-N,BAJPVZCGJJFQBD,eligible,216.289,-1.46,135.53,5,3,8,15,0,0.1918,0,1,1
LIB_BAJPZPVDFZJCFZ,ChEMBL,CHEMBL104471,CHEMBL104471,https://www.ebi.ac.uk/chembl/compound_report_card/CHEMBL104471/,CC(C)=CCCC(C)C1=C(O)C(CCc2ccccc2)(C(=O)NC(C)(C)C)OC1=O,CC(C)=CCCC(C)C1C(=O)OC(CCc2ccccc2)(C(=O)NC(C)(C)C)C1=O,CC(C)=CCCC(C)C1C(=O)OC(CCc2ccccc2)(C(=O)NC(C)(C)C)C1=O,BAJPZPVDFZJCFZ-UHFFFAOYSA-N,BAJPZPVDFZJCFZ,eligible,413.558,4.397,72.47,1,4,8,30,2,0.3895,0,1,1
LIB_BALLNEJQLSTPIO,ChEMBL,CHEMBL4303214,CHEMBL4303214,https://www.ebi.ac.uk/chembl/compound_report_card/CHEMBL4303214/,CNC(=O)c1c(C)oc2cc(Oc3ncnc4cc(OC)c(OC)cc34)ccc12,CNC(=O)c1c(C)oc2cc(Oc3ncnc4cc(OC)c(OC)cc34)ccc12,CNC(=O)c1c(C)oc2cc(Oc3ncnc4cc(OC)c(OC)cc34)ccc12,BALLNEJQLSTPIO-UHFFFAOYSA-N,BALLNEJQLSTPIO,eligible,393.399,3.854,95.71,1,7,5,29,4,0.55,0,1,1
LIB_BANPEMKDTXIFRE,ChEMBL,CHEMBL1077668,CHEMBL1077668,https://www.ebi.ac.uk/chembl/compound_report_card/CHEMBL1077668/,C[C@@]12CC(=O)[C@H]3C[C@]1(O)O[C@H](O2)[C@@H]3COC(=O)c1ccccc1,C[C@@]12CC(=O)C3C[C@]1(O)O[C@H](O2)[C@@H]3COC(=O)c1ccccc1,CC12CC(=O)C3CC1(O)OC(O2)C3COC(=O)c1ccccc1,BANPEMKDTXIFRE-HRCQFKIOSA-N,BANPEMKDTXIFRE,eligible,318.325,1.272,82.06,1,6,3,23,4,0.8454,0,1,1
LIB_BANYVCVZKRCIQR,ChEMBL,CHEMBL10013,CHEMBL10013,https://www.ebi.ac.uk/chembl/compound_report_card/CHEMBL10013/,CCSc1ccnc(C[S+]([O-])c2nc3ccccc3n2C(C)OC(C)=O)c1C,CCSc1ccnc(C[S+]([O-])c2nc3ccccc3n2C(C)OC(C)=O)c1C,CCSc1ccnc(C[S+]([O-])c2nc3ccccc3n2C(C)OC(C)=O)c1C,BANYVCVZKRCIQR-UHFFFAOYSA-N,BANYVCVZKRCIQR,eligible,417.556,4.241,80.07,0,6,7,28,3,0.3249,0,1,1
LIB_BAOWEJYUGUDTDA,ChEMBL,CHEMBL101199,CHEMBL101199,https://www.ebi.ac.uk/chembl/compound_report_card/CHEMBL101199/,c1ccc2c(c1)[nH]c1c(-c3ncc[nH]3)nnc(-c3ncc[nH]3)c12,c1ccc2c(c1)[nH]c1c(-c3ncc[nH]3)nnc(-c3ncc[nH]3)c12,c1ccc2c(c1)[nH]c1c(-c3ncc[nH]3)nnc(-c3ncc[nH]3)c12,BAOWEJYUGUDTDA-UHFFFAOYSA-N,BAOWEJYUGUDTDA,eligible,301.313,2.891,98.93,3,4,2,23,5,0.4666,0,1,1
LIB_BAOYJOYLDRTITD,ChEMBL,CHEMBL103015,CHEMBL103015,https://www.ebi.ac.uk/chembl/compound_report_card/CHEMBL103015/,CCc1cc(-c2ccccc2)cc(CC)[n+]1CC(=O)NCCC(=O)Nc1nnc(S(N)(=O)=O)s1.[O-][Cl+3]([O-])([O-])[O-],CCc1cc(-c2ccccc2)cc(CC)[n+]1CC(=O)NCCC(=O)Nc1nnc(S(N)(=O)=O)s1,CCc1cc(-c2ccccc2)cc(CC)[n+]1CC(=O)NCCC(=O)Nc1nnc(S(N)(=O)=O)s1,BAOYJOYLDRTITD-UHFFFAOYSA-O,BAOYJOYLDRTITD,eligible,503.63,1.41,148.02,3,7,10,34,3,0.2814,1,1,1
LIB_BAPRFIAOIMSDCI,ChEMBL,CHEMBL102240,CHEMBL102240,https://www.ebi.ac.uk/chembl/compound_report_card/CHEMBL102240/,Cc1nn(-c2ccccc2N)c2c1c(=O)oc1ccccc12,Cc1nn(-c2ccccc2N)c2c1c(=O)oc1ccccc12,Cc1nn(-c2ccccc2N)c2c1c(=O)oc1ccccc12,BAPRFIAOIMSDCI-UHFFFAOYSA-N,BAPRFIAOIMSDCI,eligible,291.31,3.023,74.05,1,4,1,22,4,0.4319,0,1,1
LIB_BAQPVHASJGXGTQ,ChEMBL,CHEMBL10282,CHEMBL10282,https://www.ebi.ac.uk/chembl/compound_report_card/CHEMBL10282/,CCCC(O)C(O)(Cn1cncn1)c1ccc(Cl)cc1,CCCC(O)C(O)(Cn1cncn1)c1ccc(Cl)cc1,CCCC(O)C(O)(Cn1cncn1)c1ccc(Cl)cc1,BAQPVHASJGXGTQ-UHFFFAOYSA-N,BAQPVHASJGXGTQ,eligible,295.77,1.98,71.17,2,4,6,20,2,0.8547,0,1,1
LIB_BARDROPHSZEBKC,ChEMBL,CHEMBL1199324,CHEMBL1199324;CHEMBL1201782,https://www.ebi.ac.uk/chembl/compound_report_card/CHEMBL1199324/,C[C@@H](O[C@H]1OCCN(Cc2nn(P(=O)(O)O)c(=O)[nH]2)[C@H]1c1ccc(F)cc1)c1cc(C(F)(F)F)cc(C(F)(F)F)c1,C[C@@H](O[C@H]1OCCN(Cc2nc(=O)n(P(=O)(O)O)[nH]2)[C@H]1c1ccc(F)cc1)c1cc(C(F)(F)F)cc(C(F)(F)F)c1,CC(OC1OCCN(Cc2nc(=O)n(P(=O)(O)O)[nH]2)C1c1ccc(F)cc1)c1cc(C(F)(F)F)cc(C(F)(F)F)c1,BARDROPHSZEBKC-OITMNORJSA-N,BARDROPHSZEBKC,eligible,614.411,4.366,129.91,3,6,7,41,4,0.2646,0,2,1
LIB_BASWNBKSVYGKDM,ChEMBL,CHEMBL108710,CHEMBL108710,https://www.ebi.ac.uk/chembl/compound_report_card/CHEMBL108710/,CCOC(=O)CCCn1ccc2cc(OC(=O)OCC)c(OC(=O)OCC)cc2c1=O,CCOC(=O)CCCn1ccc2cc(OC(=O)OCC)c(OC(=O)OCC)cc2c1=O,CCOC(=O)CCCn1ccc2cc(OC(=O)OCC)c(OC(=O)OCC)cc2c1=O,BASWNBKSVYGKDM-UHFFFAOYSA-N,BASWNBKSVYGKDM,eligible,435.429,3.415,119.36,0,9,9,31,2,0.3314,0,1,1
LIB_BAXFELSGNNLVRE,ChEMBL,CHEMBL1085554,CHEMBL1085554;CHEMBL1086482,https://www.ebi.ac.uk/chembl/compound_report_card/CHEMBL1085554/,C=CS(=O)(=O)C1=C[C@H](OC)O[C@@H]1COCc1ccccc1,C=CS(=O)(=O)C1=C[C@H](OC)O[C@@H]1COCc1ccccc1,C=CS(=O)(=O)C1=CC(OC)OC1COCc1ccccc1,BAXFELSGNNLVRE-UKRRQHHQSA-N,BAXFELSGNNLVRE,eligible,310.371,2.017,61.83,0,5,7,21,2,0.7708,0,2,2
LIB_BAXFHZTZXORGEP,ChEMBL,CHEMBL1078015,CHEMBL1078015,https://www.ebi.ac.uk/chembl/compound_report_card/CHEMBL1078015/,CCCCC1CN(CC2CCOCC2)C(=O)OC12CCN(C1CCN(C(=O)c3c(C)ncnc3C)CC1)CC2,CCCCC1CN(CC2CCOCC2)C(=O)OC12CCN(C1CCN(C(=O)c3c(C)ncnc3C)CC1)CC2,CCCCC1CN(CC2CCOCC2)C(=O)OC12CCN(C1CCN(C(=O)c3c(C)ncnc3C)CC1)CC2,BAXFHZTZXORGEP-UHFFFAOYSA-N,BAXFHZTZXORGEP,eligible,541.737,4.218,88.1,0,7,7,39,5,0.5108,0,1,1
LIB_BAXPFBZZMCCNTO,ChEMBL,CHEMBL1083320,CHEMBL1083320,https://www.ebi.ac.uk/chembl/compound_report_card/CHEMBL1083320/,Cc1cc(C)c(-n2c(Cl)cn3c(CN(CCC(F)(F)F)CC4CC4)c(C(F)(F)F)nc23)c(C)c1,Cc1cc(C)c(-n2c(Cl)cn3c(CN(CCC(F)(F)F)CC4CC4)c(C(F)(F)F)nc23)c(C)c1,Cc1cc(C)c(-n2c(Cl)cn3c(CN(CCC(F)(F)F)CC4CC4)c(C(F)(F)F)nc23)c(C)c1,BAXPFBZZMCCNTO-UHFFFAOYSA-N,BAXPFBZZMCCNTO,eligible,506.922,6.887,25.47,0,2,7,34,4,0.3261,0,1,1
LIB_BAYFCNHVRYMODQ,ChEMBL,CHEMBL104313,CHEMBL104313,https://www.ebi.ac.uk/chembl/compound_report_card/CHEMBL104313/,COc1cc(-c2ccccc2)nc(Nc2ccc(-c3cnco3)c(OC)c2)n1,COc1cc(-c2ccccc2)nc(Nc2ccc(-c3cnco3)c(OC)c2)n1,COc1cc(-c2ccccc2)nc(Nc2ccc(-c3cnco3)c(OC)c2)n1,BAYFCNHVRYMODQ-UHFFFAOYSA-N,BAYFCNHVRYMODQ,eligible,374.4,4.559,82.3,1,7,6,28,4,0.5296,0,1,1
LIB_BAZMDWORPAMNJS,ChEMBL,CHEMBL1084683,CHEMBL1084683,https://www.ebi.ac.uk/chembl/compound_report_card/CHEMBL1084683/,CCCC(=O)Nc1n[nH]c2cc(-c3ccc(OC(F)(F)F)cc3)ccc12,CCCC(=O)Nc1[nH]nc2cc(-c3ccc(OC(F)(F)F)cc3)ccc12,CCCC(=O)Nc1[nH]nc2cc(-c3ccc(OC(F)(F)F)cc3)ccc12,BAZMDWORPAMNJS-UHFFFAOYSA-N,BAZMDWORPAMNJS,eligible,363.339,4.867,67.01,2,3,5,26,3,0.6798,0,1,1
LIB_BBDLJCRCTPAJNG,ChEMBL,CHEMBL101410,CHEMBL101410,https://www.ebi.ac.uk/chembl/compound_report_card/CHEMBL101410/,COc1ccc([C@@H]2C[C@@H](CCCc3ccccc3)C(=O)N2c2ccc(OC)cc2)cc1,COc1ccc([C@@H]2CC(CCCc3ccccc3)C(=O)N2c2ccc(OC)cc2)cc1,COc1ccc(C2CC(CCCc3ccccc3)C(=O)N2c2ccc(OC)cc2)cc1,BBDLJCRCTPAJNG-XGCAABAXSA-N,BBDLJCRCTPAJNG,eligible,415.533,5.821,38.77,0,3,8,31,4,0.4652,0,1,1
LIB_BBEJUTANZFWOIH,ChEMBL,CHEMBL1078291,CHEMBL1078291,https://www.ebi.ac.uk/chembl/compound_report_card/CHEMBL1078291/,CCCCC/C=C\C1=N[C@H]1C(=O)OC,CCCCC=CCC1=NC1C(=O)OC,CCCCC=CCC1=NC1C(=O)OC,BBEJUTANZFWOIH-UHFFFAOYSA-N,BBEJUTANZFWOIH,eligible,195.262,2.119,38.66,0,3,6,14,1,0.3697,0,1,1
LIB_BBFOPCOGPUQYLX,ChEMBL,CHEMBL102716,CHEMBL102716,https://www.ebi.ac.uk/chembl/compound_report_card/CHEMBL102716/,C/C(=C\c1csc(C)n1)[C@@H]1CCCCCC[C@H](C)[C@H](O)[C@@H](C)C(=O)C(C)(C)C(O)CC(=O)O1,C/C(=C\c1csc(C)n1)[C@@H]1CCCCCC[C@H](C)[C@H](O)C(C)C(=O)C(C)(C)C(O)CC(=O)O1,CC(=Cc1csc(C)n1)C1CCCCCCC(C)C(O)C(C)C(=O)C(C)(C)C(O)CC(=O)O1,BBFOPCOGPUQYLX-GWFFUYTGSA-N,BBFOPCOGPUQYLX,eligible,479.683,5.1,96.72,2,7,2,33,2,0.573,0,1,1
LIB_BBGHGXDFMUZCHT,ChEMBL,CHEMBL1085133,CHEMBL1085133,https://www.ebi.ac.uk/chembl/compound_report_card/CHEMBL1085133/,CN(C)c1ccc(-c2nc3c(N4CCN(C(=O)Nc5ccccc5)CC4)c(Br)cnc3[nH]2)cc1,CN(C)c1ccc(-c2nc3c(N4CCN(C(=O)Nc5ccccc5)CC4)c(Br)cnc3[nH]2)cc1,CN(C)c1ccc(-c2nc3c(N4CCN(C(=O)Nc5ccccc5)CC4)c(Br)cnc3[nH]2)cc1,BBGHGXDFMUZCHT-UHFFFAOYSA-N,BBGHGXDFMUZCHT,eligible,520.435,4.808,80.39,2,5,4,34,5,0.404,0,1,1
LIB_BBJVEASJHDPHCO,ChEMBL,CHEMBL106807,CHEMBL106807,https://www.ebi.ac.uk/chembl/compound_report_card/CHEMBL106807/,Cc1ccccc1N1CCN(C(=O)COc2ccc(Cl)c(N3CCN(C)CC3)c2)CC1.O=C(O)/C=C/C(=O)O,Cc1ccccc1N1CCN(C(=O)COc2ccc(Cl)c(N3CCN(C)CC3)c2)CC1,Cc1ccccc1N1CCN(C(=O)COc2ccc(Cl)c(N3CCN(C)CC3)c2)CC1,BBJVEASJHDPHCO-UHFFFAOYSA-N,BBJVEASJHDPHCO,eligible,442.991,3.128,39.26,0,5,5,31,4,0.711,0,1,1
LIB_BBKNNMKRHDPZGZ,ChEMBL,CHEMBL1079210,CHEMBL1079210,https://www.ebi.ac.uk/chembl/compound_report_card/CHEMBL1079210/,COc1cc(/C=C2/SC(=O)NC2=O)ccc1OCC(=O)Nc1ccccc1,COc1cc(/C=C2/SC(=O)NC2=O)ccc1OCC(=O)Nc1ccccc1,COc1cc(C=C2SC(=O)NC2=O)ccc1OCC(=O)Nc1ccccc1,BBKNNMKRHDPZGZ-MHWRWJLKSA-N,BBKNNMKRHDPZGZ,eligible,384.413,3.037,93.73,2,6,6,27,3,0.7438,0,1,1
LIB_BBKNZDXWDHCIOQ,ChEMBL,CHEMBL1078014,CHEMBL1078014,https://www.ebi.ac.uk/chembl/compound_report_card/CHEMBL1078014/,CCCCC1CN(CC2CCOCC2)C(=O)OC12CCN(C1CCN(C(=O)c3c(C)cccc3C)CC1)CC2,CCCCC1CN(CC2CCOCC2)C(=O)OC12CCN(C1CCN(C(=O)c3c(C)cccc3C)CC1)CC2,CCCCC1CN(CC2CCOCC2)C(=O)OC12CCN(C1CCN(C(=O)c3c(C)cccc3C)CC1)CC2,BBKNZDXWDHCIOQ-UHFFFAOYSA-N,BBKNZDXWDHCIOQ,eligible,539.761,5.428,62.32,0,5,7,39,5,0.4626,0,1,1
LIB_BBLFIAZNZVOSFP,ChEMBL,CHEMBL1086290,CHEMBL1086290,https://www.ebi.ac.uk/chembl/compound_report_card/CHEMBL1086290/,CC(=O)c1cn(S(=O)(=O)c2ccccc2)c2ccc(C#N)cc12,CC(=O)c1cn(S(=O)(=O)c2ccccc2)c2ccc(C#N)cc12,CC(=O)c1cn(S(=O)(=O)c2ccccc2)c2ccc(C#N)cc12,BBLFIAZNZVOSFP-UHFFFAOYSA-N,BBLFIAZNZVOSFP,eligible,324.361,2.953,79.93,0,4,3,23,3,0.6938,0,1,1
LIB_BBLHZQWGGTWBBF,ChEMBL,CHEMBL1082992,CHEMBL1082992,https://www.ebi.ac.uk/chembl/compound_report_card/CHEMBL1082992/,O=C(NCC1CNCCO1)c1ccccc1-c1nc(Cl)cs1,O=C(NCC1CNCCO1)c1ccccc1-c1nc(Cl)cs1,O=C(NCC1CNCCO1)c1ccccc1-c1nc(Cl)cs1,BBLHZQWGGTWBBF-UHFFFAOYSA-N,BBLHZQWGGTWBBF,eligible,337.832,2.182,63.25,2,5,4,22,3,0.8973,0,1,1
LIB_BBMAAFOUTCFMCD,ChEMBL,CHEMBL100516,CHEMBL100516,https://www.ebi.ac.uk/chembl/compound_report_card/CHEMBL100516/,COc1cc(C)c(Cl)cc1C(=O)Nc1cccc2c1CCN(C)C2,COc1cc(C)c(Cl)cc1C(=O)Nc1cccc2c1CCN(C)C2,COc1cc(C)c(Cl)cc1C(=O)Nc1cccc2c1CCN(C)C2,BBMAAFOUTCFMCD-UHFFFAOYSA-N,BBMAAFOUTCFMCD,eligible,344.842,3.897,41.57,1,3,3,24,3,0.9178,0,1,1
LIB_BBNQSWZLWJBJIN,ChEMBL,CHEMBL1086782,CHEMBL1086782,https://www.ebi.ac.uk/chembl/compound_report_card/CHEMBL1086782/,CCCC(=O)Nc1n[nH]c2cc(-c3ccncc3)ccc12,CCCC(=O)Nc1[nH]nc2cc(-c3ccncc3)ccc12,CCCC(=O)Nc1[nH]nc2cc(-c3ccncc3)ccc12,BBNQSWZLWJBJIN-UHFFFAOYSA-N,BBNQSWZLWJBJIN,eligible,280.331,3.364,70.67,2,3,4,21,3,0.7694,0,1,1
LIB_BBOFNCQUXODCAO,ChEMBL,CHEMBL1083198,CHEMBL1083198,https://www.ebi.ac.uk/chembl/compound_report_card/CHEMBL1083198/,O=[N+]([O-])c1c(CBr)nc2sccn12,O=[N+]([O-])c1c(CBr)nc2sccn12,O=[N+]([O-])c1c(CBr)nc2sccn12,BBOFNCQUXODCAO-UHFFFAOYSA-N,BBOFNCQUXODCAO,eligible,262.088,2.199,60.44,0,4,2,13,2,0.4732,0,1,1
LIB_BBORJSJIGHHHFN,ChEMBL,CHEMBL100129,CHEMBL100129,https://www.ebi.ac.uk/chembl/compound_report_card/CHEMBL100129/,O=[N+]([O-])c1c[nH]cc1-c1cccc(Cl)c1Cl,O=[N+]([O-])c1c[nH]cc1-c1cccc(Cl)c1Cl,O=[N+]([O-])c1c[nH]cc1-c1cccc(Cl)c1Cl,BBORJSJIGHHHFN-UHFFFAOYSA-N,BBORJSJIGHHHFN,eligible,257.076,3.897,58.93,1,2,2,16,2,0.6547,0,1,1
LIB_BBSJLSSZMQQJCX,ChEMBL,CHEMBL105438,CHEMBL105438,https://www.ebi.ac.uk/chembl/compound_report_card/CHEMBL105438/,COc1ccc2c(c1)c(/C=C1\C(=O)Nc3ccc(S(N)(=O)=O)cc31)cn2CCCCC(=O)O,COc1ccc2c(c1)c(/C=C1\C(=O)Nc3ccc(S(N)(=O)=O)cc31)cn2CCCCC(=O)O,COc1ccc2c(c1)c(C=C1C(=O)Nc3ccc(S(N)(=O)=O)cc31)cn2CCCCC(=O)O,BBSJLSSZMQQJCX-GRSHGNNSSA-N,BBSJLSSZMQQJCX,eligible,469.519,3.045,140.72,3,5,8,33,4,0.3421,0,1,1
LIB_BBWVGSGDNCLHEF,ChEMBL,CHEMBL1082446,CHEMBL1082446,https://www.ebi.ac.uk/chembl/compound_report_card/CHEMBL1082446/,Cc1ccc(CNC(=O)Nc2cccc3[nH]ncc23)c(N2CCOCC2)n1,Cc1ccc(CNC(=O)Nc2cccc3[nH]ncc23)c(N2CCOCC2)n1,Cc1ccc(CNC(=O)Nc2cccc3[nH]ncc23)c(N2CCOCC2)n1,BBWVGSGDNCLHEF-UHFFFAOYSA-N,BBWVGSGDNCLHEF,eligible,366.425,2.425,95.17,3,5,4,27,4,0.6591,0,1,1
LIB_BBXLNMHPPGLPDM,ChEMBL,CHEMBL1083744,CHEMBL1083744,https://www.ebi.ac.uk/chembl/compound_report_card/CHEMBL1083744/,CCCc1nc(C)c2c(N(S(C)(=O)=O)S(C)(=O)=O)nc3ccc(OC)nc3n12,CCCc1nc(C)c2c(N(S(C)(=O)=O)S(C)(=O)=O)nc3ccc(OC)nc3n12,CCCc1nc(C)c2c(N(S(C)(=O)=O)S(C)(=O)=O)nc3ccc(OC)nc3n12,BBXLNMHPPGLPDM-UHFFFAOYSA-N,BBXLNMHPPGLPDM,eligible,427.508,1.273,123.83,0,8,6,28,3,0.576,0,1,1
LIB_BBXQNKGWZJNUKH,ChEMBL,CHEMBL1077731,CHEMBL1077731,https://www.ebi.ac.uk/chembl/compound_report_card/CHEMBL1077731/,Cc1ccccc1OCCCCN(C)CC(O)(Cn1cncn1)c1ccc(F)cc1F,Cc1ccccc1OCCCCN(C)CC(O)(Cn1cncn1)c1ccc(F)cc1F,Cc1ccccc1OCCCCN(C)CC(O)(Cn1cncn1)c1ccc(F)cc1F,BBXQNKGWZJNUKH-UHFFFAOYSA-N,BBXQNKGWZJNUKH,eligible,430.499,3.544,63.41,1,5,11,31,3,0.4717,0,1,1
LIB_BBYIZUORJHYAIY,ChEMBL,CHEMBL1087013,CHEMBL1087013,https://www.ebi.ac.uk/chembl/compound_report_card/CHEMBL1087013/,CN1C[C@@H]2C[C@H]1CN2c1ccc(-c2ccnc3c(-c4cccc(O)c4)c(-c4ccncc4)nn23)c(F)c1,CN1C[C@@H]2C[C@H]1CN2c1ccc(-c2ccnc3c(-c4cccc(O)c4)c(-c4ccncc4)nn23)c(F)c1,CN1CC2CC1CN2c1ccc(-c2ccnc3c(-c4cccc(O)c4)c(-c4ccncc4)nn23)c(F)c1,BBYIZUORJHYAIY-VXKWHMMOSA-N,BBYIZUORJHYAIY,eligible,492.558,4.863,69.79,1,6,4,37,7,0.3864,0,1,1
LIB_BBYYDINTRXZVIU,ChEMBL,CHEMBL1082657,CHEMBL1082657,https://www.ebi.ac.uk/chembl/compound_report_card/CHEMBL1082657/,CC(=O)N1CCN(C(=O)C2CCN(c3ccc(S(=O)(=O)C4(C(=O)NO)CCOCC4)cc3)CC2)CC1,CC(=O)N1CCN(C(=O)C2CCN(c3ccc(S(=O)(=O)C4(C(O)=NO)CCOCC4)cc3)CC2)CC1,CC(=O)N1CCN(C(=O)C2CCN(c3ccc(S(=O)(=O)C4(C(O)=NO)CCOCC4)cc3)CC2)CC1,BBYYDINTRXZVIU-UHFFFAOYSA-N,BBYYDINTRXZVIU,eligible,522.624,1.262,140.05,2,8,5,36,4,0.255,0,1,1
LIB_BBZXZVVYISSTEY,ChEMBL,CHEMBL1080248,CHEMBL1080248,https://www.ebi.ac.uk/chembl/compound_report_card/CHEMBL1080248/,O=C(NCCO)c1cc2ccc3occc3c2oc1=O,O=C(NCCO)c1cc2ccc3occc3c2oc1=O,O=C(NCCO)c1cc2ccc3occc3c2oc1=O,BBZXZVVYISSTEY-UHFFFAOYSA-N,BBZXZVVYISSTEY,eligible,273.244,1.261,92.68,2,5,3,20,3,0.7007,0,1,1
LIB_BCBYDXWZQWFDMJ,ChEMBL,CHEMBL1087255,CHEMBL1087255,https://www.ebi.ac.uk/chembl/compound_report_card/CHEMBL1087255/,CC(C)(C)c1ccc(C(=O)Nn2c(CCC3CCCC3)nc3c(-c4ccc(Cl)cc4)n[nH]c3c2=O)cc1,CC(C)(C)c1ccc(C(=O)Nn2c(CCC3CCCC3)nc3c(-c4ccc(Cl)cc4)[nH]nc3c2=O)cc1,CC(C)(C)c1ccc(C(=O)Nn2c(CCC3CCCC3)nc3c(-c4ccc(Cl)cc4)[nH]nc3c2=O)cc1,BCBYDXWZQWFDMJ-UHFFFAOYSA-N,BCBYDXWZQWFDMJ,eligible,518.061,6.244,92.67,2,4,6,37,5,0.3162,0,1,1
LIB_BCDKQQVLNARLAI,ChEMBL,CHEMBL105923,CHEMBL105923,https://www.ebi.ac.uk/chembl/compound_report_card/CHEMBL105923/,COc1cccc(C(CN2CCCC2)N(C)C(=O)Cc2ccc(Cl)c(Cl)c2)c1,COc1cccc(C(CN2CCCC2)N(C)C(=O)Cc2ccc(Cl)c(Cl)c2)c1,COc1cccc(C(CN2CCCC2)N(C)C(=O)Cc2ccc(Cl)c(Cl)c2)c1,BCDKQQVLNARLAI-UHFFFAOYSA-N,BCDKQQVLNARLAI,eligible,421.368,4.84,32.78,0,3,7,28,3,0.6416,0,1,1
LIB_BCEDCYOCCOCEEY,ChEMBL,CHEMBL1083127,CHEMBL1083127,https://www.ebi.ac.uk/chembl/compound_report_card/CHEMBL1083127/,CCCc1nc(C)c2c(OCCc3ccccc3)nc3ccc(OC)nc3n12,CCCc1nc(C)c2c(OCCc3ccccc3)nc3ccc(OC)nc3n12,CCCc1nc(C)c2c(OCCc3ccccc3)nc3ccc(OC)nc3n12,BCEDCYOCCOCEEY-UHFFFAOYSA-N,BCEDCYOCCOCEEY,eligible,376.46,4.169,61.54,0,5,7,28,4,0.4844,0,1,1
LIB_BCEFOWAVZYKANB,ChEMBL,CHEMBL10358,CHEMBL10358,https://www.ebi.ac.uk/chembl/compound_report_card/CHEMBL10358/,O=C(O)CCCCCCCOc1ccc(NC(=O)c2c(O)nc3cccc(Cl)c3c2O)cc1,O=C(O)CCCCCCCOc1ccc(NC(=O)c2c(O)[nH]c3cccc(Cl)c3c2=O)cc1,O=C(O)CCCCCCCOc1ccc(NC(=O)c2c(O)[nH]c3cccc(Cl)c3c2=O)cc1,BCEFOWAVZYKANB-UHFFFAOYSA-N,BCEFOWAVZYKANB,eligible,472.925,4.943,128.72,4,5,11,33,3,0.2923,0,1,1
LIB_BCEHBSKCWLPMDN,ChEMBL,CHEMBL638,CHEMBL638,https://www.ebi.ac.uk/chembl/compound_report_card/CHEMBL638/,C[C@@H](c1ncncc1F)[C@](O)(Cn1cncn1)c1ccc(F)cc1F,CC(c1ncncc1F)[C@](O)(Cn1cncn1)c1ccc(F)cc1F,CC(c1ncncc1F)C(O)(Cn1cncn1)c1ccc(F)cc1F,BCEHBSKCWLPMDN-YRQZNCJOSA-N,BCEHBSKCWLPMDN,eligible,349.316,2.177,76.72,1,5,5,25,3,0.764,0,1,1
LIB_BCESLUSANYXCOI,ChEMBL,CHEMBL1086494,CHEMBL1086494,https://www.ebi.ac.uk/chembl/compound_report_card/CHEMBL1086494/,O=C(CO)NC1CC2(CCCCC2)Oc2nc(-c3ccccc3Cl)c(-c3ccc(Cl)cc3)cc21,O=C(CO)NC1CC2(CCCCC2)Oc2nc(-c3ccccc3Cl)c(-c3ccc(Cl)cc3)cc21,O=C(CO)NC1CC2(CCCCC2)Oc2nc(-c3ccccc3Cl)c(-c3ccc(Cl)cc3)cc21,BCESLUSANYXCOI-UHFFFAOYSA-N,BCESLUSANYXCOI,eligible,497.422,6.357,71.45,2,4,4,34,5,0.4403,0,1,1
LIB_BCFAOZSYFUNSAJ,ChEMBL,CHEMBL108712,CHEMBL108712,https://www.ebi.ac.uk/chembl/compound_report_card/CHEMBL108712/,Cc1cn(C2CC(N=[N+]=[N-])C(CCP(=O)(O)O)O2)c(=O)[nH]c1=O,Cc1cn(C2CC(N=[N+]=[N-])C(CCP(=O)(O)O)O2)c(=O)[nH]c1=O,Cc1cn(C2CC(N=[N+]=[N-])C(CCP(=O)(O)O)O2)c(=O)[nH]c1=O,BCFAOZSYFUNSAJ-UHFFFAOYSA-N,BCFAOZSYFUNSAJ,eligible,345.252,0.379,170.38,3,5,5,23,2,0.3012,0,1,1
LIB_BCFGMOOMADDAQU,ChEMBL,CHEMBL1201179,CHEMBL1076241;CHEMBL1201179;CHEMBL554,https://www.ebi.ac.uk/chembl/compound_report_card/CHEMBL1201179/,CS(=O)(=O)CCNCc1ccc(-c2ccc3ncnc(Nc4ccc(OCc5cccc(F)c5)c(Cl)c4)c3c2)o1.Cc1ccc(S(=O)(=O)O)cc1.Cc1ccc(S(=O)(=O)O)cc1.O,CS(=O)(=O)CCNCc1ccc(-c2ccc3ncnc(Nc4ccc(OCc5cccc(F)c5)c(Cl)c4)c3c2)o1,CS(=O)(=O)CCNCc1ccc(-c2ccc3ncnc(Nc4ccc(OCc5cccc(F)c5)c(Cl)c4)c3c2)o1,BCFGMOOMADDAQU-UHFFFAOYSA-N,BCFGMOOMADDAQU,eligible,581.069,6.139,106.35,2,8,11,40,5,0.1795,0,3,1
LIB_BCFJYKHFHKDCKL,ChEMBL,CHEMBL1084181,CHEMBL1084181,https://www.ebi.ac.uk/chembl/compound_report_card/CHEMBL1084181/,COc1cc2c(cc1OCCCN1CCN(C(=O)c3ccccc3NCc3ccc4ccccc4c3)CC1)N=C[C@@H]1CCCN1C2=O,COc1cc2c(cc1OCCCN1CCN(C(=O)c3ccccc3NCc3ccc4ccccc4c3)CC1)N=CC1CCCN1C2=O,COc1cc2c(cc1OCCCN1CCN(C(=O)c3ccccc3NCc3ccc4ccccc4c3)CC1)N=CC1CCCN1C2=O,BCFJYKHFHKDCKL-UHFFFAOYSA-N,BCFJYKHFHKDCKL,eligible,631.777,6.008,86.71,1,7,10,47,7,0.216,0,1,1
LIB_BCGWQEUPMDMJNV,ChEMBL,CHEMBL11,CHEMBL11;CHEMBL1692,https://www.ebi.ac.uk/chembl/compound_report_card/CHEMBL11/,CN(C)CCCN1c2ccccc2CCc2ccccc21,CN(C)CCCN1c2ccccc2CCc2ccccc21,CN(C)CCCN1c2ccccc2CCc2ccccc21,BCGWQEUPMDMJNV-UHFFFAOYSA-N,BCGWQEUPMDMJNV,eligible,280.415,3.875,6.48,0,2,4,21,3,0.8385,0,2,1
LIB_BCKDXTZTXHTKQP,ChEMBL,CHEMBL1079724,CHEMBL1079724,https://www.ebi.ac.uk/chembl/compound_report_card/CHEMBL1079724/,C=C1CC=C[C@]2(C)C[C@]3(O)OC(=O)C(C)C3=C[C@@H]12,C=C1CC=C[C@]2(C)C[C@]3(O)OC(=O)C(C)C3=C[C@@H]12,C=C1CC=CC2(C)CC3(O)OC(=O)C(C)C3=CC12,BCKDXTZTXHTKQP-BDHHQKMPSA-N,BCKDXTZTXHTKQP,eligible,246.306,2.337,46.53,1,3,0,18,3,0.5269,0,1,1
LIB_BCKLKOYFMACAMZ,ChEMBL,CHEMBL107054,CHEMBL107054,https://www.ebi.ac.uk/chembl/compound_report_card/CHEMBL107054/,CC1(C)CCC(C)(C)c2cc(C(=O)Nc3cc(F)c(C(=O)O)c(F)c3)c(O)cc21,CC1(C)CCC(C)(C)c2cc(C(=O)Nc3cc(F)c(C(=O)O)c(F)c3)c(O)cc21,CC1(C)CCC(C)(C)c2cc(C(=O)Nc3cc(F)c(C(=O)O)c(F)c3)c(O)cc21,BCKLKOYFMACAMZ-UHFFFAOYSA-N,BCKLKOYFMACAMZ,eligible,403.425,4.97,86.63,3,3,3,29,3,0.6753,0,1,1
LIB_BCKQSIZBCMVWRU,ChEMBL,CHEMBL108612,CHEMBL108612,https://www.ebi.ac.uk/chembl/compound_report_card/CHEMBL108612/,C[C@]12C=CC(=O)NC1CCC1C2CC[C@]2(C)C(C(=O)Nc3ccccc3N)CCC12,C[C@]12C=CC(=O)NC1CCC1C2CC[C@]2(C)C(C(=O)Nc3ccccc3N)CCC12,CC12C=CC(=O)NC1CCC1C2CCC2(C)C(C(=O)Nc3ccccc3N)CCC12,BCKQSIZBCMVWRU-JAKPRZHHSA-N,BCKQSIZBCMVWRU,eligible,407.558,4.121,84.22,3,3,2,30,5,0.6449,0,1,1
LIB_BCLGQQKRFXNLSM,ChEMBL,CHEMBL1086641,CHEMBL1086641,https://www.ebi.ac.uk/chembl/compound_report_card/CHEMBL1086641/,Oc1ccc(/C(Cc2ccc(F)cc2)=N\c2ccc(Br)cc2)c(O)c1O,Oc1ccc(C(Cc2ccc(F)cc2)=Nc2ccc(Br)cc2)c(O)c1O,Oc1ccc(C(Cc2ccc(F)cc2)=Nc2ccc(Br)cc2)c(O)c1O,BCLGQQKRFXNLSM-UHFFFAOYSA-N,BCLGQQKRFXNLSM,eligible,416.246,5.069,73.05,3,4,4,26,3,0.4109,0,1,1
LIB_BCMXMVXAEGSTPK,ChEMBL,CHEMBL1077905,CHEMBL1077905,https://www.ebi.ac.uk/chembl/compound_report_card/CHEMBL1077905/,COc1ccc(-c2cc(-c3ccc4c(c3)CCCC4)nc3[nH]nc(N)c23)cc1OC,COc1ccc(-c2cc(-c3ccc4c(c3)CCCC4)nc3[nH]nc(N)c23)cc1OC,COc1ccc(-c2cc(-c3ccc4c(c3)CCCC4)nc3[nH]nc(N)c23)cc1OC,BCMXMVXAEGSTPK-UHFFFAOYSA-N,BCMXMVXAEGSTPK,eligible,400.482,4.77,86.05,2,5,4,30,5,0.5153,0,1,1
LIB_BCNXUFFSRWFFQA,ChEMBL,CHEMBL1076203,CHEMBL1076203,https://www.ebi.ac.uk/chembl/compound_report_card/CHEMBL1076203/,Cc1ccc(C(=O)Nc2cccc(C(F)(F)F)c2)cc1Nc1nc2ccccc2n1-c1ncnc(NCCCN2CCN(C)CC2)n1,Cc1ccc(C(=O)Nc2cccc(C(F)(F)F)c2)cc1Nc1nc2ccccc2n1-c1ncnc(NCCCN2CCN(C)CC2)n1,Cc1ccc(C(=O)Nc2cccc(C(F)(F)F)c2)cc1Nc1nc2ccccc2n1-c1ncnc(NCCCN2CCN(C)CC2)n1,BCNXUFFSRWFFQA-UHFFFAOYSA-N,BCNXUFFSRWFFQA,eligible,644.706,5.583,116.13,3,9,10,47,6,0.1676,0,1,1
LIB_BCODCVMBVICQAV,ChEMBL,CHEMBL1078929,CHEMBL1078929,https://www.ebi.ac.uk/chembl/compound_report_card/CHEMBL1078929/,Nc1nonc1-c1nc2ccccc2n1C1CCCCC1,Nc1nonc1-c1nc2ccccc2n1C1CCCCC1,Nc1nonc1-c1nc2ccccc2n1C1CCCCC1,BCODCVMBVICQAV-UHFFFAOYSA-N,BCODCVMBVICQAV,eligible,283.335,3.174,82.76,1,5,2,21,4,0.7806,0,1,1
LIB_BCOZTAXOTDBLEA,ChEMBL,CHEMBL105070,CHEMBL105070,https://www.ebi.ac.uk/chembl/compound_report_card/CHEMBL105070/,CN(C)CC#CCCC(=O)C(O)(c1ccccc1)C1CCC1,CN(C)CC#CCCC(=O)C(O)(c1ccccc1)C1CCC1,CN(C)CC#CCCC(=O)C(O)(c1ccccc1)C1CCC1,BCOZTAXOTDBLEA-UHFFFAOYSA-N,BCOZTAXOTDBLEA,eligible,299.414,2.589,40.54,1,3,6,22,2,0.8209,0,1,1
LIB_BCPSDKWCITVQOP,ChEMBL,CHEMBL1081885,CHEMBL1081885,https://www.ebi.ac.uk/chembl/compound_report_card/CHEMBL1081885/,CO[C@@]12C[C@@H]3C(=O)[C@@](C)(C1)OC(O2)[C@H]3COC(=O)c1ccccc1,CO[C@@]12C[C@@H]3C(=O)[C@@](C)(C1)OC(O2)[C@H]3COC(=O)c1ccccc1,COC12CC3C(=O)C(C)(C1)OC(O2)C3COC(=O)c1ccccc1,BCPSDKWCITVQOP-IDNXCJIVSA-N,BCPSDKWCITVQOP,eligible,332.352,1.927,71.06,0,6,4,24,5,0.7847,0,1,1
LIB_BCQBJOAEHSUDBF,ChEMBL,CHEMBL1079931,CHEMBL1079931,https://www.ebi.ac.uk/chembl/compound_report_card/CHEMBL1079931/,Clc1ccc2ncnc(Sc3cccc(Br)c3)c2c1,Clc1ccc2ncnc(Sc3cccc(Br)c3)c2c1,Clc1ccc2ncnc(Sc3cccc(Br)c3)c2c1,BCQBJOAEHSUDBF-UHFFFAOYSA-N,BCQBJOAEHSUDBF,eligible,351.656,5.197,25.78,0,3,2,19,3,0.5937,0,1,1
LIB_BCQMVAGCLCXMHX,ChEMBL,CHEMBL1087246,CHEMBL1087246,https://www.ebi.ac.uk/chembl/compound_report_card/CHEMBL1087246/,COc1ccc(C2=NNC(=O)/C2=N\Nc2ccncc2)cc1OC,COc1ccc(-c2[nH][nH]c(=O)c2N=Nc2ccncc2)cc1OC,COc1ccc(-c2[nH][nH]c(=O)c2N=Nc2ccncc2)cc1OC,BCQMVAGCLCXMHX-UHFFFAOYSA-N,BCQMVAGCLCXMHX,eligible,325.328,3.198,104.72,2,6,5,24,3,0.7027,0,1,1
LIB_BCQZXOMGPXTTIC,ChEMBL,CHEMBL931,CHEMBL931,https://www.ebi.ac.uk/chembl/compound_report_card/CHEMBL931/,FC(F)(F)C(Cl)Br,FC(F)(F)C(Cl)Br,FC(F)(F)C(Cl)Br,BCQZXOMGPXTTIC-UHFFFAOYSA-N,BCQZXOMGPXTTIC,eligible,197.381,2.508,0.0,0,0,0,7,0,0.5235,0,1,1
LIB_BCRVGEKAHQXODB,ChEMBL,CHEMBL106221,CHEMBL106221,https://www.ebi.ac.uk/chembl/compound_report_card/CHEMBL106221/,CCc1c(N2CCC(N)C2)c(F)cn2c(=O)c(C(=O)O)cc(C3CC3)c12,CCc1c(N2CCC(N)C2)c(F)cn2c(=O)c(C(=O)O)cc(C3CC3)c12,CCc1c(N2CCC(N)C2)c(F)cn2c(=O)c(C(=O)O)cc(C3CC3)c12,BCRVGEKAHQXODB-UHFFFAOYSA-N,BCRVGEKAHQXODB,eligible,359.401,2.114,88.04,2,4,4,26,4,0.8729,0,1,1
LIB_BCSPALWWQLYRIR,ChEMBL,CHEMBL1084383,CHEMBL1084383,https://www.ebi.ac.uk/chembl/compound_report_card/CHEMBL1084383/,Cc1c(-c2ccc3cc(CCN4CCC[C@H]4C)ccc3n2)sc2ncnn12,Cc1c(-c2ccc3cc(CCN4CCC[C@H]4C)ccc3n2)sc2ncnn12,Cc1c(-c2ccc3cc(CCN4CCCC4C)ccc3n2)sc2ncnn12,BCSPALWWQLYRIR-CQSZACIVSA-N,BCSPALWWQLYRIR,eligible,377.517,4.341,46.32,0,5,4,27,5,0.5307,0,1,1
LIB_BCSVCWVQNOXFGL,ChEMBL,CHEMBL10372,CHEMBL10372,https://www.ebi.ac.uk/chembl/compound_report_card/CHEMBL10372/,O=C(O)Cc1nn(Cc2nc3cc(C(F)(F)F)ccc3s2)c(=O)c2ccccc12,O=C(O)Cc1nn(Cc2nc3cc(C(F)(F)F)ccc3s2)c(=O)c2ccccc12,O=C(O)Cc1nn(Cc2nc3cc(C(F)(F)F)ccc3s2)c(=O)c2ccccc12,BCSVCWVQNOXFGL-UHFFFAOYSA-N,BCSVCWVQNOXFGL,eligible,419.384,3.7,85.08,1,5,4,29,4,0.5453,0,1,1
LIB_BCTGWINDWUUVQL,ChEMBL,CHEMBL1086026,CHEMBL1086026,https://www.ebi.ac.uk/chembl/compound_report_card/CHEMBL1086026/,CC(=O)c1cn(S(=O)(=O)c2ccccc2)c2ccccc12,CC(=O)c1cn(S(=O)(=O)c2ccccc2)c2ccccc12,CC(=O)c1cn(S(=O)(=O)c2ccccc2)c2ccccc12,BCTGWINDWUUVQL-UHFFFAOYSA-N,BCTGWINDWUUVQL,eligible,299.351,3.081,56.14,0,3,3,21,3,0.6983,0,1,1
LIB_BCTONXHZFGFJIT,ChEMBL,CHEMBL1081505,CHEMBL1081505,https://www.ebi.ac.uk/chembl/compound_report_card/CHEMBL1081505/,Cc1cccc(C)c1CNc1cccc2c1nc(C)n2C,Cc1cccc(C)c1CNc1cccc2c1nc(C)n2C,Cc1cccc(C)c1CNc1cccc2c1nc(C)n2C,BCTONXHZFGFJIT-UHFFFAOYSA-N,BCTONXHZFGFJIT,eligible,279.387,4.111,29.85,1,2,3,21,3,0.7816,0,1,1
LIB_BCVHNJRRKGCIDI,ChEMBL,CHEMBL1078838,CHEMBL1078838,https://www.ebi.ac.uk/chembl/compound_report_card/CHEMBL1078838/,CC1=CC(=O)[C@@H]2C(C)(C)C(=O)CC[C@@]2(C)[C@@H]1COc1ccc2ccc(=O)oc2c1,CC1=C(COc2ccc3ccc(=O)oc3c2)[C@]2(C)CCC(=O)C(C)(C)C2C(=O)C1,CC1=C(COc2ccc3ccc(=O)oc3c2)C2(C)CCC(=O)C(C)(C)C2C(=O)C1,BCVHNJRRKGCIDI-GITCGBDTSA-N,BCVHNJRRKGCIDI,eligible,394.467,4.473,73.58,0,5,3,29,4,0.5671,0,1,1
LIB_BCWBVYONIOEKQB,ChEMBL,CHEMBL1081882,CHEMBL1081882,https://www.ebi.ac.uk/chembl/compound_report_card/CHEMBL1081882/,C[C@@H]1CC(=O)[C@H]2C[C@]1(O)[C@]2(C)COC(=O)c1cc(O)c(O)c(O)c1,C[C@@H]1CC(=O)C2C[C@]1(O)[C@]2(C)COC(=O)c1cc(O)c(O)c(O)c1,CC1CC(=O)C2CC1(O)C2(C)COC(=O)c1cc(O)c(O)c(O)c1,BCWBVYONIOEKQB-QKHUYUKZSA-N,BCWBVYONIOEKQB,eligible,336.34,1.326,124.29,4,7,3,24,4,0.4846,0,1,1
LIB_BCWCCLBORNOQJZ,ChEMBL,CHEMBL106377,CHEMBL106377,https://www.ebi.ac.uk/chembl/compound_report_card/CHEMBL106377/,COc1cc(C(=O)O)ccc1Nc1c2ccccc2nc2ccccc12,COc1cc(C(=O)O)ccc1Nc1c2ccccc2nc2ccccc12,COc1cc(C(=O)O)ccc1Nc1c2ccccc2nc2ccccc12,BCWCCLBORNOQJZ-UHFFFAOYSA-N,BCWCCLBORNOQJZ,eligible,344.37,4.838,71.45,2,4,4,26,4,0.5185,0,1,1
LIB_BCWLXOBLHXTWME,ChEMBL,CHEMBL104180,CHEMBL104180,https://www.ebi.ac.uk/chembl/compound_report_card/CHEMBL104180/,O=S(=O)(Nc1ccc(CCNC[C@H](O)c2cccnc2)cc1)c1ccccc1,O=S(=O)(Nc1ccc(CCNC[C@H](O)c2cccnc2)cc1)c1ccccc1,O=S(=O)(Nc1ccc(CCNCC(O)c2cccnc2)cc1)c1ccccc1,BCWLXOBLHXTWME-NRFANRHFSA-N,BCWLXOBLHXTWME,eligible,397.5,2.748,91.32,3,5,9,28,3,0.4831,0,1,1
LIB_BCWUBVCTPGTFQT,ChEMBL,CHEMBL1086807,CHEMBL1086807,https://www.ebi.ac.uk/chembl/compound_report_card/CHEMBL1086807/,O=S(=O)(Nc1ccc(O)cc1)c1ccc(O)cc1,O=S(=O)(Nc1ccc(O)cc1)c1ccc(O)cc1,O=S(=O)(Nc1ccc(O)cc1)c1ccc(O)cc1,BCWUBVCTPGTFQT-UHFFFAOYSA-N,BCWUBVCTPGTFQT,eligible,265.29,1.899,86.63,3,4,3,18,2,0.7396,0,1,1
LIB_BCXBZRRBUCACID,ChEMBL,CHEMBL106577,CHEMBL106577,https://www.ebi.ac.uk/chembl/compound_report_card/CHEMBL106577/,CCn1c2ccccc2c2cc(/C=N/NC(=O)c3ccc(O)c(OC)c3)ccc21,CCn1c2ccccc2c2cc(/C=N/NC(=O)c3ccc(O)c(OC)c3)ccc21,CCn1c2ccccc2c2cc(C=NNC(=O)c3ccc(O)c(OC)c3)ccc21,BCXBZRRBUCACID-ZVHZXABRSA-N,BCXBZRRBUCACID,eligible,387.439,4.293,75.85,2,4,5,29,4,0.3961,0,1,1
LIB_BCZFDPQIRPGIJS,ChEMBL,CHEMBL108090,CHEMBL108090,https://www.ebi.ac.uk/chembl/compound_report_card/CHEMBL108090/,CC(C)CC1c2[nH]c3ccccc3c2C[C@H]2C(=O)NC(CCC(=O)OC(C)(C)C)C(=O)N12,CC(C)CC1c2[nH]c3ccccc3c2CC2C(=O)NC(CCC(=O)OC(C)(C)C)C(=O)N21,CC(C)CC1c2[nH]c3ccccc3c2CC2C(=O)NC(CCC(=O)OC(C)(C)C)C(=O)N21,BCZFDPQIRPGIJS-UHFFFAOYSA-N,BCZFDPQIRPGIJS,eligible,439.556,3.629,91.5,2,4,5,32,4,0.6962,0,1,1
LIB_BDBQKEQJJZXSDB,ChEMBL,CHEMBL1077861,CHEMBL1077861,https://www.ebi.ac.uk/chembl/compound_report_card/CHEMBL1077861/,N#C/N=C(\N)NCCCCc1c[nH]cn1,N#CN=C(N)NCCCCc1c[nH]cn1,N#CN=C(N)NCCCCc1c[nH]cn1,BDBQKEQJJZXSDB-UHFFFAOYSA-N,BDBQKEQJJZXSDB,eligible,206.253,0.118,102.88,3,3,5,15,1,0.2753,0,1,1
LIB_BDCJAGQAAOPKLF,ChEMBL,CHEMBL101563,CHEMBL101563,https://www.ebi.ac.uk/chembl/compound_report_card/CHEMBL101563/,Cc1cnc(NCCc2ccccc2)c(=O)n1CC(=O)NCc1ccc2[nH]cnc2c1,Cc1cnc(NCCc2ccccc2)c(=O)n1CC(=O)NCc1ccc2[nH]cnc2c1,Cc1cnc(NCCc2ccccc2)c(=O)n1CC(=O)NCc1ccc2[nH]cnc2c1,BDCJAGQAAOPKLF-UHFFFAOYSA-N,BDCJAGQAAOPKLF,eligible,416.485,2.399,104.7,3,5,8,31,4,0.4091,0,1,1
LIB_BDFHLRURZGTVEZ,ChEMBL,CHEMBL10776,CHEMBL10776,https://www.ebi.ac.uk/chembl/compound_report_card/CHEMBL10776/,CCCCC(=O)C(O)(Cn1ccnc1)c1ccc(Cl)cc1Cl,CCCCC(=O)C(O)(Cn1ccnc1)c1ccc(Cl)cc1Cl,CCCCC(=O)C(O)(Cn1ccnc1)c1ccc(Cl)cc1Cl,BDFHLRURZGTVEZ-UHFFFAOYSA-N,BDFHLRURZGTVEZ,eligible,341.238,3.837,55.12,1,3,7,22,2,0.8325,0,1,1
LIB_BDFUSNFQDJPSLX,ChEMBL,CHEMBL107848,CHEMBL107848,https://www.ebi.ac.uk/chembl/compound_report_card/CHEMBL107848/,Cc1ccccc1-c1c(C(=O)NCc2cc(C(F)(F)F)cc(C(F)(F)F)c2)n(C)c(=O)c2ccccc12,Cc1ccccc1-c1c(C(=O)NCc2cc(C(F)(F)F)cc(C(F)(F)F)c2)n(C)c(=O)c2ccccc12,Cc1ccccc1-c1c(C(=O)NCc2cc(C(F)(F)F)cc(C(F)(F)F)c2)n(C)c(=O)c2ccccc12,BDFUSNFQDJPSLX-UHFFFAOYSA-N,BDFUSNFQDJPSLX,eligible,518.457,6.482,51.1,1,2,4,37,4,0.3146,0,1,1
LIB_BDHPBNDYZSJFEG,ChEMBL,CHEMBL1082636,CHEMBL1082636,https://www.ebi.ac.uk/chembl/compound_report_card/CHEMBL1082636/,O=C(c1ccco1)N1CSCC1c1nc(-c2cccc(Cl)c2)no1,O=C(c1ccco1)N1CSCC1c1nc(-c2cccc(Cl)c2)no1,O=C(c1ccco1)N1CSCC1c1nc(-c2cccc(Cl)c2)no1,BDHPBNDYZSJFEG-UHFFFAOYSA-N,BDHPBNDYZSJFEG,eligible,361.81,3.871,72.37,0,6,3,24,4,0.7047,0,1,1
LIB_BDIDSZSQSQZXNC,ChEMBL,CHEMBL103566,CHEMBL103566,https://www.ebi.ac.uk/chembl/compound_report_card/CHEMBL103566/,CCCCCc1ccc(C2CCCN2C)cn1,CCCCCc1ccc(C2CCCN2C)cn1,CCCCCc1ccc(C2CCCN2C)cn1,BDIDSZSQSQZXNC-UHFFFAOYSA-N,BDIDSZSQSQZXNC,eligible,232.371,3.581,16.13,0,2,5,17,2,0.7213,0,1,1
LIB_BDIUUKLMBSBKIT,ChEMBL,CHEMBL1079063,CHEMBL1079063;CHEMBL1085184,https://www.ebi.ac.uk/chembl/compound_report_card/CHEMBL1079063/,Cc1cccc(C)c1NC(=O)/C=C\C(=O)O,Cc1cccc(C)c1NC(=O)/C=C\C(=O)O,Cc1cccc(C)c1NC(=O)C=CC(=O)O,BDIUUKLMBSBKIT-SREVYHEPSA-N,BDIUUKLMBSBKIT,eligible,219.24,1.883,66.4,2,2,3,16,1,0.7626,0,2,2
LIB_BDJRBEYXGGNYIS,ChEMBL,CHEMBL1238,CHEMBL1238,https://www.ebi.ac.uk/chembl/compound_report_card/CHEMBL1238/,O=C(O)CCCCCCCC(=O)O,O=C(O)CCCCCCCC(=O)O,O=C(O)CCCCCCCC(=O)O,BDJRBEYXGGNYIS-UHFFFAOYSA-N,BDJRBEYXGGNYIS,eligible,188.223,1.886,74.6,2,2,8,13,0,0.5702,0,1,1
LIB_BDJWEDZATUQOAA,ChEMBL,CHEMBL108673,CHEMBL108673,https://www.ebi.ac.uk/chembl/compound_report_card/CHEMBL108673/,CCCN(c1nc(-c2ccc(Br)cc2C)n(C)n1)C(C1CC1)C1CC1,CCCN(c1nc(-c2ccc(Br)cc2C)n(C)n1)C(C1CC1)C1CC1,CCCN(c1nc(-c2ccc(Br)cc2C)n(C)n1)C(C1CC1)C1CC1,BDJWEDZATUQOAA-UHFFFAOYSA-N,BDJWEDZATUQOAA,eligible,403.368,4.958,33.95,0,3,7,25,4,0.6556,0,1,1
LIB_BDLMXHQRTQCETQ,ChEMBL,CHEMBL1078481,CHEMBL1078481,https://www.ebi.ac.uk/chembl/compound_report_card/CHEMBL1078481/,O=C1C=CC(=C(Br)Br)O1,O=C1C=CC(=C(Br)Br)O1,O=C1C=CC(=C(Br)Br)O1,BDLMXHQRTQCETQ-UHFFFAOYSA-N,BDLMXHQRTQCETQ,eligible,253.877,2.058,26.3,0,2,0,9,1,0.6181,0,1,1
LIB_BDLQOARHOQUOHU,ChEMBL,CHEMBL1087353,CHEMBL1087353,https://www.ebi.ac.uk/chembl/compound_report_card/CHEMBL1087353/,COc1ccc(CNC(=O)c2coc(-c3cccc(Cl)c3)n2)cc1OC,COc1ccc(CNC(=O)c2coc(-c3cccc(Cl)c3)n2)cc1OC,COc1ccc(CNC(=O)c2coc(-c3cccc(Cl)c3)n2)cc1OC,BDLQOARHOQUOHU-UHFFFAOYSA-N,BDLQOARHOQUOHU,eligible,372.808,3.942,73.59,1,5,6,26,3,0.709,0,1,1
LIB_BDNDOZRIKYDPKJ,ChEMBL,CHEMBL1075667,CHEMBL1075667,https://www.ebi.ac.uk/chembl/compound_report_card/CHEMBL1075667/,CCOc1cc(OCC)c(C(F)(F)F)cc1NC(=O)Nc1cccc(-c2cn3ccnc3c(NCc3ccncc3)n2)c1,CCOc1cc(OCC)c(C(F)(F)F)cc1NC(=O)Nc1cccc(-c2cn3ccnc3c(NCc3ccncc3)n2)c1,CCOc1cc(OCC)c(C(F)(F)F)cc1NC(=O)Nc1cccc(-c2cn3ccnc3c(NCc3ccncc3)n2)c1,BDNDOZRIKYDPKJ-UHFFFAOYSA-N,BDNDOZRIKYDPKJ,eligible,591.594,6.864,114.7,3,7,10,43,5,0.1625,0,1,1
LIB_BDPRKURSFHIECR,ChEMBL,CHEMBL106056,CHEMBL106056,https://www.ebi.ac.uk/chembl/compound_report_card/CHEMBL106056/,CC(=O)N1CCCCCC1C#CC[N+](C)(C)C,CC(=O)N1CCCCCC1C#CC[N+](C)(C)C,CC(=O)N1CCCCCC1C#CC[N+](C)(C)C,BDPRKURSFHIECR-UHFFFAOYSA-N,BDPRKURSFHIECR,eligible,237.367,1.487,20.31,0,1,1,17,1,0.4996,1,1,1
LIB_BDPSOCPHGPMKJX,ChEMBL,CHEMBL1084017,CHEMBL1084017,https://www.ebi.ac.uk/chembl/compound_report_card/CHEMBL1084017/,CCCc1nc(C)c2c(NC(=O)CC)nc3ccc(OC)nc3n12,CCCc1nc(C)c2c(NC(=O)CC)nc3ccc(OC)nc3n12,CCCc1nc(C)c2c(NC(=O)CC)nc3ccc(OC)nc3n12,BDPSOCPHGPMKJX-UHFFFAOYSA-N,BDPSOCPHGPMKJX,eligible,327.388,2.896,81.41,1,5,5,24,3,0.779,0,1,1
LIB_BDQKQZBSECLBLP,ChEMBL,CHEMBL101292,CHEMBL101292,https://www.ebi.ac.uk/chembl/compound_report_card/CHEMBL101292/,O=C(OCc1ccc(Cl)cc1)C(c1ccc2c(c1)OCO2)c1c2ccccc2nc2ccccc12,O=C(OCc1ccc(Cl)cc1)C(c1ccc2c(c1)OCO2)c1c2ccccc2nc2ccccc12,O=C(OCc1ccc(Cl)cc1)C(c1ccc2c(c1)OCO2)c1c2ccccc2nc2ccccc12,BDQKQZBSECLBLP-UHFFFAOYSA-N,BDQKQZBSECLBLP,eligible,481.935,6.645,57.65,0,5,5,35,6,0.2077,0,1,1
LIB_BDSYKGHYMJNPAB,ChEMBL,CHEMBL1200908,CHEMBL1200908,https://www.ebi.ac.uk/chembl/compound_report_card/CHEMBL1200908/,CCC(=O)O[C@]1(C(=O)CCl)[C@@H](C)C[C@H]2[C@@H]3C[C@H](F)C4=CC(=O)C=C[C@]4(C)[C@@]3(F)[C@@H](O)C[C@@]21C,CCC(=O)O[C@]1(C(=O)CCl)[C@@H](C)C[C@H]2[C@@H]3C[C@H](F)C4=CC(=O)C=C[C@]4(C)[C@@]3(F)[C@@H](O)C[C@@]21C,CCC(=O)OC1(C(=O)CCl)C(C)CC2C3CC(F)C4=CC(=O)C=CC4(C)C3(F)C(O)CC21C,BDSYKGHYMJNPAB-LICBFIPMSA-N,BDSYKGHYMJNPAB,eligible,484.967,4.051,80.67,1,5,4,33,4,0.4807,0,1,1
LIB_BDUFSRWYMLBPMN,ChEMBL,CHEMBL102730,CHEMBL102730,https://www.ebi.ac.uk/chembl/compound_report_card/CHEMBL102730/,Cn1c(-c2ccc(Cl)cc2)c(CCC(=O)N2CCN(C3CCCCC3)CC2)c2cc(Cl)ccc21,Cn1c(-c2ccc(Cl)cc2)c(CCC(=O)N2CCN(C3CCCCC3)CC2)c2cc(Cl)ccc21,Cn1c(-c2ccc(Cl)cc2)c(CCC(=O)N2CCN(C3CCCCC3)CC2)c2cc(Cl)ccc21,BDUFSRWYMLBPMN-UHFFFAOYSA-N,BDUFSRWYMLBPMN,eligible,498.498,6.562,28.48,0,2,5,34,5,0.3986,0,1,1
LIB_BDUYLUFNRITWFA,ChEMBL,CHEMBL1076194,CHEMBL1076194,https://www.ebi.ac.uk/chembl/compound_report_card/CHEMBL1076194/,Cc1cccc(NC(=O)c2ccc(C)c(Nc3nc4ccccc4n3-c3cc(NCCCCN(C)C)ncn3)c2)c1,Cc1cccc(NC(=O)c2ccc(C)c(Nc3nc4ccccc4n3-c3cc(NCCCCN(C)C)ncn3)c2)c1,Cc1cccc(NC(=O)c2ccc(C)c(Nc3nc4ccccc4n3-c3cc(NCCCCN(C)C)ncn3)c2)c1,BDUYLUFNRITWFA-UHFFFAOYSA-N,BDUYLUFNRITWFA,eligible,548.695,6.182,100.0,3,7,11,41,5,0.1695,0,1,1
LIB_BDXJXNZKZVXYJA,ChEMBL,CHEMBL104907,CHEMBL104907,https://www.ebi.ac.uk/chembl/compound_report_card/CHEMBL104907/,N=C(N)CCCCCC(=N)N,N=C(N)CCCCCC(=N)N,N=C(N)CCCCCC(=N)N,BDXJXNZKZVXYJA-UHFFFAOYSA-N,BDXJXNZKZVXYJA,eligible,156.233,0.809,99.74,4,2,6,11,0,0.2597,0,1,1
LIB_BDYSQEXWGFDXQT,ChEMBL,CHEMBL1082678,CHEMBL1082678,https://www.ebi.ac.uk/chembl/compound_report_card/CHEMBL1082678/,COC(=O)c1nc(Sc2ccc(C(F)(F)F)cc2)n(COCCOC(C)=O)n1,COC(=O)c1nc(Sc2ccc(C(F)(F)F)cc2)n(COCCOC(C)=O)n1,COC(=O)c1nc(Sc2ccc(C(F)(F)F)cc2)n(COCCOC(C)=O)n1,BDYSQEXWGFDXQT-UHFFFAOYSA-N,BDYSQEXWGFDXQT,eligible,419.381,2.772,92.54,0,8,8,28,2,0.4765,0,1,1
LIB_BDZQPJJLIYKDCM,ChEMBL,CHEMBL1077002,CHEMBL1077002,https://www.ebi.ac.uk/chembl/compound_report_card/CHEMBL1077002/,CCCC[C@H](NC(=O)O[C@@H]1CN(C(=O)Oc2ccc3ccccc3c2)CC1(C)C)C(=O)C(=O)N[C@H](C)c1ccccc1,CCCCC(NC(=O)O[C@@H]1CN(C(=O)Oc2ccc3ccccc3c2)CC1(C)C)C(=O)C(=O)N[C@H](C)c1ccccc1,CCCCC(NC(=O)OC1CN(C(=O)Oc2ccc3ccccc3c2)CC1(C)C)C(=O)C(=O)NC(C)c1ccccc1,BDZQPJJLIYKDCM-BDUSJWJZSA-N,BDZQPJJLIYKDCM,eligible,573.69,5.781,114.04,2,6,10,42,4,0.2973,0,1,1
LIB_BDZUPJJQFOSZOV,ChEMBL,CHEMBL1084579,CHEMBL1084579,https://www.ebi.ac.uk/chembl/compound_report_card/CHEMBL1084579/,O=c1[nH]nc(SCCS(=O)(=O)c2ccc(Cl)cc2Cl)n1-c1ccc2c(c1)OCCO2,O=c1[nH]nc(SCCS(=O)(=O)c2ccc(Cl)cc2Cl)n1-c1ccc2c(c1)OCCO2,O=c1[nH]nc(SCCS(=O)(=O)c2ccc(Cl)cc2Cl)n1-c1ccc2c(c1)OCCO2,BDZUPJJQFOSZOV-UHFFFAOYSA-N,BDZUPJJQFOSZOV,eligible,488.374,3.205,103.28,1,7,6,30,4,0.5318,0,1,1
LIB_BEAVRSYUHUFSJY,ChEMBL,CHEMBL106915,CHEMBL106915,https://www.ebi.ac.uk/chembl/compound_report_card/CHEMBL106915/,COC1=CC(=O)c2ccc(C)cc2C1=O,COC1=CC(=O)c2ccc(C)cc2C1=O,COC1=CC(=O)c2ccc(C)cc2C1=O,BEAVRSYUHUFSJY-UHFFFAOYSA-N,BEAVRSYUHUFSJY,eligible,202.209,1.904,43.37,0,3,1,15,2,0.6982,0,1,1
LIB_BEBFKCHODJKWSQ,ChEMBL,CHEMBL1079419,CHEMBL1079419,https://www.ebi.ac.uk/chembl/compound_report_card/CHEMBL1079419/,CNC(=O)NC[C@H]1O[C@@H](n2cnc3c(NC(=O)Nc4ccccc4)ncnc32)[C@@H]2OC(=O)C[C@@H]21,CNC(=O)NC[C@H]1O[C@@H](n2cnc3c(NC(=O)Nc4ccccc4)ncnc32)[C@@H]2OC(=O)C[C@@H]21,CNC(=O)NCC1OC(n2cnc3c(NC(=O)Nc4ccccc4)ncnc32)C2OC(=O)CC12,BEBFKCHODJKWSQ-XBQLXHJASA-N,BEBFKCHODJKWSQ,eligible,466.458,1.228,161.39,4,8,5,34,5,0.4083,0,1,1
LIB_BECCNIRDZOEIMJ,ChEMBL,CHEMBL1080225,CHEMBL1080225,https://www.ebi.ac.uk/chembl/compound_report_card/CHEMBL1080225/,CC(=O)CC[C@H](NC(=O)[C@H](CCCCN)NC(=O)CS)C(N)=O,CC(=O)CCC(NC(=O)C(CCCCN)NC(=O)CS)C(N)=O,CC(=O)CCC(NC(=O)C(CCCCN)NC(=O)CS)C(N)=O,BECCNIRDZOEIMJ-UHFFFAOYSA-N,BECCNIRDZOEIMJ,eligible,346.453,-1.131,144.38,5,6,12,23,0,0.2242,0,1,1
LIB_BEDWMXUFZPWAOL,ChEMBL,CHEMBL1081397,CHEMBL1081397;CHEMBL1081759,https://www.ebi.ac.uk/chembl/compound_report_card/CHEMBL1081397/,CCOC(=O)[C@](O)(c1c[nH]c2ccc(I)cc12)C(F)(F)F,CCOC(=O)[C@](O)(c1c[nH]c2ccc(I)cc12)C(F)(F)F,CCOC(=O)C(O)(c1c[nH]c2ccc(I)cc12)C(F)(F)F,BEDWMXUFZPWAOL-GFCCVEGCSA-N,BEDWMXUFZPWAOL,eligible,413.133,3.086,62.32,2,3,3,21,2,0.601,0,2,2
LIB_BEEQTEQZJQMWBW,ChEMBL,CHEMBL1086322,CHEMBL1086322,https://www.ebi.ac.uk/chembl/compound_report_card/CHEMBL1086322/,Cc1c(-c2ccnc(N)n2)sc2ccccc12,Cc1c(-c2ccnc(N)n2)sc2ccccc12,Cc1c(-c2ccnc(N)n2)sc2ccccc12,BEEQTEQZJQMWBW-UHFFFAOYSA-N,BEEQTEQZJQMWBW,eligible,241.319,3.249,51.8,1,4,1,17,3,0.7112,0,1,1
LIB_BEESLPAFNGNTIJ,ChEMBL,CHEMBL1081904,CHEMBL1081904,https://www.ebi.ac.uk/chembl/compound_report_card/CHEMBL1081904/,COc1ccc(Oc2ncnc(N3CCC(Oc4ncc(F)c(N)n4)CC3)c2F)c(C#N)c1,COc1ccc(Oc2ncnc(N3CCC(Oc4ncc(F)c(N)n4)CC3)c2F)c(C#N)c1,COc1ccc(Oc2ncnc(N3CCC(Oc4ncc(F)c(N)n4)CC3)c2F)c(C#N)c1,BEESLPAFNGNTIJ-UHFFFAOYSA-N,BEESLPAFNGNTIJ,eligible,455.425,2.847,132.3,1,10,6,33,4,0.5915,0,1,1
LIB_BEFUAVPFBGOHKT,ChEMBL,CHEMBL104477,CHEMBL104477,https://www.ebi.ac.uk/chembl/compound_report_card/CHEMBL104477/,COc1cc2ncc(OC3CCCCC3)nc2cc1OC,COc1cc2ncc(OC3CCCCC3)nc2cc1OC,COc1cc2ncc(OC3CCCCC3)nc2cc1OC,BEFUAVPFBGOHKT-UHFFFAOYSA-N,BEFUAVPFBGOHKT,eligible,288.347,3.359,53.47,0,5,4,21,3,0.8631,0,1,1
LIB_BEHDVQNYCZMGCM,ChEMBL,CHEMBL104174,CHEMBL104174,https://www.ebi.ac.uk/chembl/compound_report_card/CHEMBL104174/,CCCN(CCC)C(=O)Cc1c(-c2ccccc2)nc2ccc(Cl)cn12,CCCN(CCC)C(=O)Cc1c(-c2ccccc2)nc2ccc(Cl)cn12,CCCN(CCC)C(=O)Cc1c(-c2ccccc2)nc2ccc(Cl)cn12,BEHDVQNYCZMGCM-UHFFFAOYSA-N,BEHDVQNYCZMGCM,eligible,369.896,4.846,37.61,0,2,7,26,3,0.5969,0,1,1
LIB_BEIZFHXFUBNIFJ,ChEMBL,CHEMBL1079358,CHEMBL1079358,https://www.ebi.ac.uk/chembl/compound_report_card/CHEMBL1079358/,C=C1[C@@H]2C[C@H](O)[C@@H]3[C@](C2)(C(=O)OC2O[C@H](O)[C@@H]4[C@@](C)(CO)CC[C@H](O)[C@]243)[C@@H]1O,C=C1[C@@H]2C[C@H](O)[C@@H]3[C@](C2)(C(=O)OC2O[C@H](O)[C@@H]4[C@@](C)(CO)CC[C@H](O)[C@]243)[C@@H]1O,C=C1C2CC(O)C3C(C2)(C(=O)OC2OC(O)C4C(C)(CO)CCC(O)C243)C1O,BEIZFHXFUBNIFJ-DAYWUOASSA-N,BEIZFHXFUBNIFJ,eligible,396.436,-0.722,136.68,5,8,1,28,5,0.2893,0,1,1
LIB_BEKYTVSHBMXCAV,ChEMBL,CHEMBL1087348,CHEMBL1087348,https://www.ebi.ac.uk/chembl/compound_report_card/CHEMBL1087348/,O=C([C@@H]1CCCN1C(=O)OCc1ccccc1)N1CC[S+]([O-])C1,O=C(C1CCCN1C(=O)OCc1ccccc1)N1CC[S+]([O-])C1,O=C(C1CCCN1C(=O)OCc1ccccc1)N1CC[S+]([O-])C1,BEKYTVSHBMXCAV-UHFFFAOYSA-N,BEKYTVSHBMXCAV,eligible,336.413,1.336,72.91,0,4,3,23,3,0.7809,0,1,1
LIB_BEMRWFAUJDRLIY,ChEMBL,CHEMBL102429,CHEMBL102429,https://www.ebi.ac.uk/chembl/compound_report_card/CHEMBL102429/,CN(C)c1ccc2c(O)cc(-c3ccccc3)nc2n1,CN(C)c1ccc2c(=O)cc(-c3ccccc3)[nH]c2n1,CN(C)c1ccc2c(=O)cc(-c3ccccc3)[nH]c2n1,BEMRWFAUJDRLIY-UHFFFAOYSA-N,BEMRWFAUJDRLIY,eligible,265.316,2.656,48.99,1,3,2,20,3,0.7746,0,1,1
LIB_BENDTRBVBYXEFO,ChEMBL,CHEMBL102215,CHEMBL102215,https://www.ebi.ac.uk/chembl/compound_report_card/CHEMBL102215/,CN(C)C1Cc2ccccc2C(c2ccc(F)cc2)C1,CN(C)C1Cc2ccccc2C(c2ccc(F)cc2)C1,CN(C)C1Cc2ccccc2C(c2ccc(F)cc2)C1,BENDTRBVBYXEFO-UHFFFAOYSA-N,BENDTRBVBYXEFO,eligible,269.363,3.834,3.24,0,1,2,20,3,0.8005,0,1,1
LIB_BENFTLSGZLBRJY,ChEMBL,CHEMBL1077907,CHEMBL1077907;CHEMBL1079050,https://www.ebi.ac.uk/chembl/compound_report_card/CHEMBL1077907/,COC(=O)[C@H](CCSC)NC(=O)c1ccc(C(=O)NC[C@H]2COc3ccccc3O2)cc1-c1ccccc1C,COC(=O)C(CCSC)NC(=O)c1ccc(C(=O)NC[C@H]2COc3ccccc3O2)cc1-c1ccccc1C,COC(=O)C(CCSC)NC(=O)c1ccc(C(=O)NCC2COc3ccccc3O2)cc1-c1ccccc1C,BENFTLSGZLBRJY-BWDMCYIDSA-N,BENFTLSGZLBRJY,eligible,548.661,4.256,102.96,2,7,10,39,4,0.3652,0,2,2
LIB_BENGNCWKMYOLLX,ChEMBL,CHEMBL107577,CHEMBL107577,https://www.ebi.ac.uk/chembl/compound_report_card/CHEMBL107577/,COc1ccc(Nc2c3ccccc3nc3cc(N)ccc23)cc1,COc1ccc(Nc2c3ccccc3nc3cc(N)ccc23)cc1,COc1ccc(Nc2c3ccccc3nc3cc(N)ccc23)cc1,BENGNCWKMYOLLX-UHFFFAOYSA-N,BENGNCWKMYOLLX,eligible,315.376,4.722,60.17,2,4,3,24,4,0.424,0,1,1
LIB_BENQQKWGAOTNGU,ChEMBL,CHEMBL107785,CHEMBL107785,https://www.ebi.ac.uk/chembl/compound_report_card/CHEMBL107785/,CCCN(CCC)C(=O)Cc1c(-c2ccccc2)nc2ccc(Br)cn12,CCCN(CCC)C(=O)Cc1c(-c2ccccc2)nc2ccc(Br)cn12,CCCN(CCC)C(=O)Cc1c(-c2ccccc2)nc2ccc(Br)cn12,BENQQKWGAOTNGU-UHFFFAOYSA-N,BENQQKWGAOTNGU,eligible,414.347,4.955,37.61,0,2,7,26,3,0.5485,0,1,1
LIB_BENVZSMFIFYRBO,ChEMBL,CHEMBL101949,CHEMBL101949,https://www.ebi.ac.uk/chembl/compound_report_card/CHEMBL101949/,O=C(Nc1cc(CN2CCOCC2)c(O)c(CN2CCOCC2)c1)c1ccccc1,O=C(Nc1cc(CN2CCOCC2)c(O)c(CN2CCOCC2)c1)c1ccccc1,O=C(Nc1cc(CN2CCOCC2)c(O)c(CN2CCOCC2)c1)c1ccccc1,BENVZSMFIFYRBO-UHFFFAOYSA-N,BENVZSMFIFYRBO,eligible,411.502,2.309,74.27,2,6,6,30,4,0.711,0,1,1
LIB_BEOHWBPWDWPPRS,ChEMBL,CHEMBL108176,CHEMBL108176,https://www.ebi.ac.uk/chembl/compound_report_card/CHEMBL108176/,Cc1ccccc1CC1=CCC(C)CC1,Cc1ccccc1CC1=CCC(C)CC1,Cc1ccccc1CC1=CCC(C)CC1,BEOHWBPWDWPPRS-UHFFFAOYSA-N,BEOHWBPWDWPPRS,eligible,200.325,4.284,0.0,0,0,2,15,2,0.6249,0,1,1
LIB_BEOPGQZLRRYYIV,ChEMBL,CHEMBL10114,CHEMBL10114,https://www.ebi.ac.uk/chembl/compound_report_card/CHEMBL10114/,COc1ccc2c3c1OC1[C@@H](O)[C@](C)(CCCCc4ccccc4)CC4C(C2)N(CC2CCC2)CCC341,COc1ccc2c3c1OC1[C@@H](O)[C@](C)(CCCCc4ccccc4)CC4C(C2)N(CC2CCC2)CCC341,COc1ccc2c3c1OC1C(O)C(C)(CCCCc4ccccc4)CC4C(C2)N(CC2CCC2)CCC341,BEOPGQZLRRYYIV-HQXUJJANSA-N,BEOPGQZLRRYYIV,eligible,501.711,5.925,41.93,1,4,8,37,7,0.4558,0,1,1
LIB_BEQXJHMZBYNJFE,ChEMBL,CHEMBL1083105,CHEMBL1083105,https://www.ebi.ac.uk/chembl/compound_report_card/CHEMBL1083105/,CC(=O)c1cn(S(=O)(=O)c2ccccc2)c2cc(C)ccc12,CC(=O)c1cn(S(=O)(=O)c2ccccc2)c2cc(C)ccc12,CC(=O)c1cn(S(=O)(=O)c2ccccc2)c2cc(C)ccc12,BEQXJHMZBYNJFE-UHFFFAOYSA-N,BEQXJHMZBYNJFE,eligible,313.378,3.389,56.14,0,3,3,22,3,0.6965,0,1,1
LIB_BEQZHFIKTBVCAU,ChEMBL,CHEMBL1039,CHEMBL1039,https://www.ebi.ac.uk/chembl/compound_report_card/CHEMBL1039/,NC1(c2ccccc2Cl)CCCCC1=O,NC1(c2ccccc2Cl)CCCCC1=O,NC1(c2ccccc2Cl)CCCCC1=O,BEQZHFIKTBVCAU-UHFFFAOYSA-N,BEQZHFIKTBVCAU,eligible,223.703,2.637,43.09,1,2,1,15,2,0.7956,0,1,1
LIB_BETBSBSKTMIORB,ChEMBL,CHEMBL1078482,CHEMBL1078482,https://www.ebi.ac.uk/chembl/compound_report_card/CHEMBL1078482/,CC(C)[C@H](NC(=O)[C@H](Cc1c[nH]cn1)NC(=O)CS)C(N)=O,CC(C)C(NC(=O)C(Cc1c[nH]cn1)NC(=O)CS)C(N)=O,CC(C)C(NC(=O)C(Cc1c[nH]cn1)NC(=O)CS)C(N)=O,BETBSBSKTMIORB-UHFFFAOYSA-N,BETBSBSKTMIORB,eligible,327.41,-1.007,129.97,5,5,8,22,1,0.3917,0,1,1
LIB_BETPLGQRWYWUDW,ChEMBL,CHEMBL1080403,CHEMBL1080403,https://www.ebi.ac.uk/chembl/compound_report_card/CHEMBL1080403/,C/C(=C/c1coc2nc(N)nc(N)c12)c1cccc2ccccc12,C/C(=C/c1coc2nc(N)nc(N)c12)c1cccc2ccccc12,CC(=Cc1coc2nc(N)nc(N)c12)c1cccc2ccccc12,BETPLGQRWYWUDW-LUAWRHEFSA-N,BETPLGQRWYWUDW,eligible,316.364,4.101,90.96,2,5,2,24,4,0.5807,0,1,1
LIB_BEXBGVODFKVSFV,ChEMBL,CHEMBL1087247,CHEMBL1087247,https://www.ebi.ac.uk/chembl/compound_report_card/CHEMBL1087247/,O=C(Nc1cn2cc(I)ccc2n1)C(F)(F)F,O=C(Nc1cn2cc(I)ccc2n1)C(F)(F)F,O=C(Nc1cn2cc(I)ccc2n1)C(F)(F)F,BEXBGVODFKVSFV-UHFFFAOYSA-N,BEXBGVODFKVSFV,eligible,355.057,2.44,46.4,1,2,1,17,2,0.7993,0,1,1
LIB_BEYBHILIDYTJTL,ChEMBL,CHEMBL105620,CHEMBL105620,https://www.ebi.ac.uk/chembl/compound_report_card/CHEMBL105620/,CN1CCOCCOCCN(C)CCn2cc(c3ccccc32)C2=C(C(=O)NC2=O)c2cn(c3ccccc23)CC1,CN1CCOCCOCCN(C)CCn2cc(c3ccccc32)C2=C(C(=O)NC2=O)c2cn(c3ccccc23)CC1,CN1CCOCCOCCN(C)CCn2cc(c3ccccc32)C2=C(C(=O)NC2=O)c2cn(c3ccccc23)CC1,BEYBHILIDYTJTL-UHFFFAOYSA-N,BEYBHILIDYTJTL,eligible,555.679,3.074,80.97,1,6,0,41,6,0.3362,0,1,1
LIB_BEZFZZBGELYBLY,ChEMBL,CHEMBL1084428,CHEMBL1084428,https://www.ebi.ac.uk/chembl/compound_report_card/CHEMBL1084428/,Cc1noc(NS(=O)(=O)c2ccc(/N=C/c3c[nH]c4ccccc34)cc2)c1C,Cc1noc(NS(=O)(=O)c2ccc(N=Cc3c[nH]c4ccccc34)cc2)c1C,Cc1noc(NS(=O)(=O)c2ccc(N=Cc3c[nH]c4ccccc34)cc2)c1C,BEZFZZBGELYBLY-UHFFFAOYSA-N,BEZFZZBGELYBLY,eligible,394.456,4.324,100.35,2,5,5,28,4,0.4922,0,1,1
LIB_BEZKTMSNOYIAGD,ChEMBL,CHEMBL1085433,CHEMBL1085433,https://www.ebi.ac.uk/chembl/compound_report_card/CHEMBL1085433/,CC(=O)Oc1c2c(c(OC(C)=O)c3ccccc13)[C@]1(C)C=C[C@]2(C)C1,CC(=O)Oc1c2c(c(OC(C)=O)c3ccccc13)[C@]1(C)C=C[C@]2(C)C1,CC(=O)Oc1c2c(c(OC(C)=O)c3ccccc13)C1(C)C=CC2(C)C1,BEZKTMSNOYIAGD-NHCUHLMSSA-N,BEZKTMSNOYIAGD,eligible,336.387,4.179,52.6,0,4,2,25,4,0.4689,0,1,1
LIB_BFADHOWLTGTXAP,ChEMBL,CHEMBL1080449,CHEMBL1080449,https://www.ebi.ac.uk/chembl/compound_report_card/CHEMBL1080449/,NC(=S)N1N=C(c2ccco2)CC1c1ccc(F)cc1,NC(=S)N1N=C(c2ccco2)CC1c1ccc(F)cc1,NC(=S)N1N=C(c2ccco2)CC1c1ccc(F)cc1,BFADHOWLTGTXAP-UHFFFAOYSA-N,BFADHOWLTGTXAP,eligible,289.335,2.813,54.76,1,3,2,20,3,0.8638,0,1,1
LIB_BFCDFTHTSVTWOG,ChEMBL,CHEMBL404849,CHEMBL404849,https://www.ebi.ac.uk/chembl/compound_report_card/CHEMBL404849/,CCCCCCCCNC(C)C(O)c1ccc(SC(C)C)cc1,CCCCCCCCNC(C)C(O)c1ccc(SC(C)C)cc1,CCCCCCCCNC(C)C(O)c1ccc(SC(C)C)cc1,BFCDFTHTSVTWOG-UHFFFAOYSA-N,BFCDFTHTSVTWOG,eligible,337.573,5.559,32.26,2,3,12,23,1,0.3867,0,1,1
LIB_BFCMQPVSEDRDMU,ChEMBL,CHEMBL105687,CHEMBL105687,https://www.ebi.ac.uk/chembl/compound_report_card/CHEMBL105687/,CC(=O)OCCCc1ccc(S(N)(=O)=O)cc1F,CC(=O)OCCCc1ccc(S(N)(=O)=O)cc1F,CC(=O)OCCCc1ccc(S(N)(=O)=O)cc1F,BFCMQPVSEDRDMU-UHFFFAOYSA-N,BFCMQPVSEDRDMU,eligible,275.301,0.969,86.46,1,4,5,18,1,0.6405,0,1,1
LIB_BFCOJXSJGZXOOA,ChEMBL,CHEMBL102564,CHEMBL102564,https://www.ebi.ac.uk/chembl/compound_report_card/CHEMBL102564/,COC(=O)c1ccc(OCCCN2CCC(C(c3ccc(F)cc3)c3ccc(F)cc3)CC2)c(OC)c1,COC(=O)c1ccc(OCCCN2CCC(C(c3ccc(F)cc3)c3ccc(F)cc3)CC2)c(OC)c1,COC(=O)c1ccc(OCCCN2CCC(C(c3ccc(F)cc3)c3ccc(F)cc3)CC2)c(OC)c1,BFCOJXSJGZXOOA-UHFFFAOYSA-N,BFCOJXSJGZXOOA,eligible,509.593,6.073,48.0,0,5,10,37,4,0.2452,0,1,1
LIB_BFDBKMOZYNOTPK,ChEMBL,CHEMBL2064032,CHEMBL2064032;CHEMBL2079130,https://www.ebi.ac.uk/chembl/compound_report_card/CHEMBL2064032/,CNCc1cc(-c2ccccc2F)n(S(=O)(=O)c2cccnc2)c1.O=C(O)/C=C/C(=O)O,CNCc1cc(-c2ccccc2F)n(S(=O)(=O)c2cccnc2)c1,CNCc1cc(-c2ccccc2F)n(S(=O)(=O)c2cccnc2)c1,BFDBKMOZYNOTPK-UHFFFAOYSA-N,BFDBKMOZYNOTPK,eligible,345.399,2.646,63.99,1,4,5,24,3,0.7721,0,2,1
LIB_BFDUPMSTYVRARD,ChEMBL,CHEMBL1082667,CHEMBL1082667,https://www.ebi.ac.uk/chembl/compound_report_card/CHEMBL1082667/,O=C(c1cccs1)N1CCCC(c2nnn(-c3cccc(Cl)c3)n2)C1,O=C(c1cccs1)N1CCCC(c2nnn(-c3cccc(Cl)c3)n2)C1,O=C(c1cccs1)N1CCCC(c2nnn(-c3cccc(Cl)c3)n2)C1,BFDUPMSTYVRARD-UHFFFAOYSA-N,BFDUPMSTYVRARD,eligible,373.869,3.397,63.91,0,5,3,25,4,0.7054,0,1,1
LIB_BFEVMCZTMCQMQX,ChEMBL,CHEMBL102047,CHEMBL102047,https://www.ebi.ac.uk/chembl/compound_report_card/CHEMBL102047/,CN(C)CC(O)COc1ccc(Nc2nccc(Nc3ccccc3)n2)cc1,CN(C)CC(O)COc1ccc(Nc2nccc(Nc3ccccc3)n2)cc1,CN(C)CC(O)COc1ccc(Nc2nccc(Nc3ccccc3)n2)cc1,BFEVMCZTMCQMQX-UHFFFAOYSA-N,BFEVMCZTMCQMQX,eligible,379.464,3.265,82.54,3,7,9,28,3,0.5263,0,1,1
LIB_BFGLHQCVAFNZCT,ChEMBL,CHEMBL1082364,CHEMBL1082364,https://www.ebi.ac.uk/chembl/compound_report_card/CHEMBL1082364/,CCN(CC)Cc1nc2c(N)nc3ccccc3c2n1CC(C)(C)O,CCN(CC)Cc1nc2c(N)nc3ccccc3c2n1CC(C)(C)O,CCN(CC)Cc1nc2c(N)nc3ccccc3c2n1CC(C)(C)O,BFGLHQCVAFNZCT-UHFFFAOYSA-N,BFGLHQCVAFNZCT,eligible,341.459,2.779,80.2,2,5,6,25,3,0.7205,0,1,1
LIB_BFGMYVDTHQYEGR,ChEMBL,CHEMBL100550,CHEMBL100550,https://www.ebi.ac.uk/chembl/compound_report_card/CHEMBL100550/,O=C1C[C@H](O)CC(COc2c(Cl)cc(Cl)cc2CC2CCCCC2)O1,O=C1C[C@H](O)CC(COc2c(Cl)cc(Cl)cc2CC2CCCCC2)O1,O=C1CC(O)CC(COc2c(Cl)cc(Cl)cc2CC2CCCCC2)O1,BFGMYVDTHQYEGR-AAFJCEBUSA-N,BFGMYVDTHQYEGR,eligible,387.303,4.562,55.76,1,4,5,25,3,0.7529,0,1,1
LIB_BFGUYLRYXCFHGG,ChEMBL,CHEMBL102314,CHEMBL102314,https://www.ebi.ac.uk/chembl/compound_report_card/CHEMBL102314/,COc1ccc([C@@H]2c3nc(CC(C)C)ccc3[C@H](c3ccc4c(c3)OCO4)[C@H]2C(=O)O)cc1,COc1ccc([C@@H]2c3nc(CC(C)C)ccc3[C@H](c3ccc4c(c3)OCO4)C2C(=O)O)cc1,COc1ccc(C2c3nc(CC(C)C)ccc3C(c3ccc4c(c3)OCO4)C2C(=O)O)cc1,BFGUYLRYXCFHGG-JWDFLIAJSA-N,BFGUYLRYXCFHGG,eligible,445.515,4.996,77.88,1,5,6,33,5,0.5756,0,1,1
LIB_BFHPVMKGRSCXPW,ChEMBL,CHEMBL1082651,CHEMBL1082651,https://www.ebi.ac.uk/chembl/compound_report_card/CHEMBL1082651/,O=S(=O)(NC[C@@H]1CCC[C@@]2(S(=O)(=O)c3ccc(Cl)cc3)c3c(F)ccc(F)c3OC[C@@H]12)c1cccs1,O=S(=O)(NC[C@@H]1CCC[C@@]2(S(=O)(=O)c3ccc(Cl)cc3)c3c(F)ccc(F)c3OC[C@@H]12)c1cccs1,O=S(=O)(NCC1CCCC2(S(=O)(=O)c3ccc(Cl)cc3)c3c(F)ccc(F)c3OCC12)c1cccs1,BFHPVMKGRSCXPW-RGUAHJAXSA-N,BFHPVMKGRSCXPW,eligible,574.092,5.136,89.54,1,6,6,36,5,0.4412,0,1,1
LIB_BFIZLQDLVNGPIV,ChEMBL,CHEMBL1086259,CHEMBL1086259,https://www.ebi.ac.uk/chembl/compound_report_card/CHEMBL1086259/,CCCN(CC1CC1)C(=O)c1c(C)nc2n(-c3c(C)cc(C)cc3C)c(Cl)cn12,CCCN(CC1CC1)C(=O)c1c(C)nc2n(-c3c(C)cc(C)cc3C)c(Cl)cn12,CCCN(CC1CC1)C(=O)c1c(C)nc2n(-c3c(C)cc(C)cc3C)c(Cl)cn12,BFIZLQDLVNGPIV-UHFFFAOYSA-N,BFIZLQDLVNGPIV,eligible,412.965,5.274,42.54,0,2,6,29,4,0.5527,0,1,1
LIB_BFKCJJPIXPDYOY,ChEMBL,CHEMBL1082804,CHEMBL1082804,https://www.ebi.ac.uk/chembl/compound_report_card/CHEMBL1082804/,CC(=O)OCCOCn1nc(C(N)=O)nc1Sc1ccccc1C(F)(F)F,CC(=O)OCCOCn1nc(C(N)=O)nc1Sc1ccccc1C(F)(F)F,CC(=O)OCCOCn1nc(C(N)=O)nc1Sc1ccccc1C(F)(F)F,BFKCJJPIXPDYOY-UHFFFAOYSA-N,BFKCJJPIXPDYOY,eligible,404.37,2.084,109.33,1,7,8,27,2,0.5299,0,1,1
LIB_BFLHFQJXLDEGFG,ChEMBL,CHEMBL1078762,CHEMBL1078762,https://www.ebi.ac.uk/chembl/compound_report_card/CHEMBL1078762/,Fc1cc(-c2n[nH]c(-c3ccncc3)n2)ccn1,Fc1cc(-c2n[nH]c(-c3ccncc3)n2)ccn1,Fc1cc(-c2n[nH]c(-c3ccncc3)n2)ccn1,BFLHFQJXLDEGFG-UHFFFAOYSA-N,BFLHFQJXLDEGFG,eligible,241.229,2.068,67.35,1,4,2,18,3,0.6972,0,1,1
LIB_BFLMKJRVPWWRGY,ChEMBL,CHEMBL1079744,CHEMBL1079744,https://www.ebi.ac.uk/chembl/compound_report_card/CHEMBL1079744/,NC(=O)c1ccc2c(n1)nc(NCc1ccccc1Cl)n2CC1CCCCC1,NC(=O)c1ccc2c(n1)nc(NCc1ccccc1Cl)n2CC1CCCCC1,NC(=O)c1ccc2c(n1)nc(NCc1ccccc1Cl)n2CC1CCCCC1,BFLMKJRVPWWRGY-UHFFFAOYSA-N,BFLMKJRVPWWRGY,eligible,397.91,4.376,85.83,2,4,6,28,4,0.646,0,1,1
LIB_BFMMASBZIJFKBE,ChEMBL,CHEMBL1086842,CHEMBL1086842,https://www.ebi.ac.uk/chembl/compound_report_card/CHEMBL1086842/,c1cc(CNc2csnc2-c2nnc(Nc3ccc4c(c3)OCCO4)o2)ccn1,c1cc(CNc2csnc2-c2nnc(Nc3ccc4c(c3)OCCO4)o2)ccn1,c1cc(CNc2csnc2-c2nnc(Nc3ccc4c(c3)OCCO4)o2)ccn1,BFMMASBZIJFKBE-UHFFFAOYSA-N,BFMMASBZIJFKBE,eligible,408.443,3.715,107.22,2,10,6,29,5,0.4934,0,1,1
LIB_BFMPUFFBVZOFNK,ChEMBL,CHEMBL101402,CHEMBL101402,https://www.ebi.ac.uk/chembl/compound_report_card/CHEMBL101402/,CC(=O)N[C@@H](/C=C/C(C)=C/c1ccccc1Cc1ccccc1)[C@H](C)C(=O)N[C@H](C)C(=O)O,CC(=O)N[C@@H](/C=C/C(C)=C/c1ccccc1Cc1ccccc1)C(C)C(=O)NC(C)C(=O)O,CC(=O)NC(C=CC(C)=Cc1ccccc1Cc1ccccc1)C(C)C(=O)NC(C)C(=O)O,BFMPUFFBVZOFNK-DDHFRJTMSA-N,BFMPUFFBVZOFNK,eligible,448.563,3.967,95.5,3,3,10,33,2,0.4795,0,1,1
LIB_BFMQGPAOIVIBTF,ChEMBL,CHEMBL1087496,CHEMBL1087496,https://www.ebi.ac.uk/chembl/compound_report_card/CHEMBL1087496/,C[C@H](N)C(=O)Nc1cn(C)nc1-c1ccccn1,CC(N)C(=O)Nc1cn(C)nc1-c1ccccn1,CC(N)C(=O)Nc1cn(C)nc1-c1ccccn1,BFMQGPAOIVIBTF-UHFFFAOYSA-N,BFMQGPAOIVIBTF,eligible,245.286,0.768,85.83,2,4,3,18,2,0.8358,0,1,1
LIB_BFMYTGBBJKQNSX,ChEMBL,CHEMBL1079599,CHEMBL1079599,https://www.ebi.ac.uk/chembl/compound_report_card/CHEMBL1079599/,Fc1ccc2ncnc(Nc3cccc(C(F)(F)F)c3)c2c1,Fc1ccc2ncnc(Nc3cccc(C(F)(F)F)c3)c2c1,Fc1ccc2ncnc(Nc3cccc(C(F)(F)F)c3)c2c1,BFMYTGBBJKQNSX-UHFFFAOYSA-N,BFMYTGBBJKQNSX,eligible,307.25,4.531,37.81,1,3,2,22,3,0.7068,0,1,1
LIB_BFNPREZASZQRTJ,ChEMBL,CHEMBL1083150,CHEMBL1083150,https://www.ebi.ac.uk/chembl/compound_report_card/CHEMBL1083150/,CNc1ccc(Nc2nccc(-c3sc(C)nc3C)n2)cc1,CNc1ccc(Nc2nccc(-c3sc(C)nc3C)n2)cc1,CNc1ccc(Nc2nccc(-c3sc(C)nc3C)n2)cc1,BFNPREZASZQRTJ-UHFFFAOYSA-N,BFNPREZASZQRTJ,eligible,311.414,4.002,62.73,2,6,4,22,3,0.7622,0,1,1
LIB_BFPSDSIWYFKGBC,ChEMBL,CHEMBL1200761,CHEMBL1200761,https://www.ebi.ac.uk/chembl/compound_report_card/CHEMBL1200761/,COc1ccc(C(Cl)=C(c2ccc(OC)cc2)c2ccc(OC)cc2)cc1,COc1ccc(C(Cl)=C(c2ccc(OC)cc2)c2ccc(OC)cc2)cc1,COc1ccc(C(Cl)=C(c2ccc(OC)cc2)c2ccc(OC)cc2)cc1,BFPSDSIWYFKGBC-UHFFFAOYSA-N,BFPSDSIWYFKGBC,eligible,380.871,5.868,27.69,0,3,6,27,3,0.5005,0,1,1
LIB_BFPUIOQNJUXNHM,ChEMBL,CHEMBL100788,CHEMBL100788,https://www.ebi.ac.uk/chembl/compound_report_card/CHEMBL100788/,CC(C)C[C@H](NC(=O)COc1ccc(OCc2ccccc2)cc1)C(=O)N[C@H]1CC(=O)OC1O,CC(C)CC(NC(=O)COc1ccc(OCc2ccccc2)cc1)C(=O)N[C@H]1CC(=O)OC1O,CC(C)CC(NC(=O)COc1ccc(OCc2ccccc2)cc1)C(=O)NC1CC(=O)OC1O,BFPUIOQNJUXNHM-JQJXBVGUSA-N,BFPUIOQNJUXNHM,eligible,470.522,1.925,123.19,3,7,11,34,3,0.4289,0,1,1
LIB_BFPYWIDHMRZLRN,ChEMBL,CHEMBL691,CHEMBL691,https://www.ebi.ac.uk/chembl/compound_report_card/CHEMBL691/,C#C[C@]1(O)CC[C@H]2[C@@H]3CCc4cc(O)ccc4[C@H]3CC[C@@]21C,C#C[C@]1(O)CC[C@H]2[C@@H]3CCc4cc(O)ccc4[C@H]3CC[C@@]21C,C#CC1(O)CCC2C3CCc4cc(O)ccc4C3CCC21C,BFPYWIDHMRZLRN-SLHNCBLASA-N,BFPYWIDHMRZLRN,eligible,296.41,3.613,40.46,2,2,0,22,4,0.718,0,1,1
LIB_BFQCFZRCYZRCMI,ChEMBL,CHEMBL106204,CHEMBL106204,https://www.ebi.ac.uk/chembl/compound_report_card/CHEMBL106204/,CC(=O)CSc1nc(O)c(C)c(Cc2cccc3ccccc23)n1,CC(=O)CSc1nc(=O)c(C)c(Cc2cccc3ccccc23)[nH]1,CC(=O)CSc1nc(=O)c(C)c(Cc2cccc3ccccc23)[nH]1,BFQCFZRCYZRCMI-UHFFFAOYSA-N,BFQCFZRCYZRCMI,eligible,338.432,3.503,62.82,1,4,5,24,3,0.5711,0,1,1
LIB_BFQPSHJBAAUGPZ,ChEMBL,CHEMBL1078698,CHEMBL1078698,https://www.ebi.ac.uk/chembl/compound_report_card/CHEMBL1078698/,COc1cc(O)c2c(c1)/C=C/C[C@H](O)[C@H](O)C(=O)/C=C\[C@@H](C)[C@H](C)OC2=O,COc1cc(O)c2c(c1)C=CCC(=O)C(=O)C(O)CCC(C)[C@H](C)OC2=O,COc1cc(O)c2c(c1)C=CCC(=O)C(=O)C(O)CCC(C)C(C)OC2=O,BFQPSHJBAAUGPZ-BGMSHATGSA-N,BFQPSHJBAAUGPZ,eligible,376.405,2.278,110.13,2,7,1,27,2,0.5713,0,1,1
LIB_BFQPXDHVRAQYRZ,ChEMBL,CHEMBL1079953,CHEMBL1079953,https://www.ebi.ac.uk/chembl/compound_report_card/CHEMBL1079953/,CS(=O)(=O)Nc1ccc2c(c1)S(=O)(=O)N=C(C1=C(O)[C@@H]3C4CCC(CC4)[C@@H]3N(Cc3nccs3)C1=O)N2,CS(=O)(=O)Nc1ccc2c(c1)S(=O)(=O)N=C(C1C(=O)C3C4CCC(CC4)[C@@H]3N(Cc3nccs3)C1=O)N2,CS(=O)(=O)Nc1ccc2c(c1)S(=O)(=O)N=C(C1C(=O)C3C4CCC(CC4)C3N(Cc3nccs3)C1=O)N2,BFQPXDHVRAQYRZ-WQJNMMAASA-N,BFQPXDHVRAQYRZ,eligible,563.683,2.06,154.97,2,9,5,37,7,0.524,0,1,1
LIB_BFSMGDJOXZAERB,ChEMBL,CHEMBL2028663,CHEMBL2028663;CHEMBL2105729,https://www.ebi.ac.uk/chembl/compound_report_card/CHEMBL2028663/,CC(C)(C)c1nc(-c2cccc(NS(=O)(=O)c3c(F)cccc3F)c2F)c(-c2ccnc(N)n2)s1,CC(C)(C)c1nc(-c2cccc(NS(=O)(=O)c3c(F)cccc3F)c2F)c(-c2ccnc(N)n2)s1,CC(C)(C)c1nc(-c2cccc(NS(=O)(=O)c3c(F)cccc3F)c2F)c(-c2ccnc(N)n2)s1,BFSMGDJOXZAERB-UHFFFAOYSA-N,BFSMGDJOXZAERB,eligible,519.574,5.365,110.86,2,7,5,35,4,0.367,0,2,1
LIB_BFSXRRVPTIOSJL,ChEMBL,CHEMBL106620,CHEMBL106620,https://www.ebi.ac.uk/chembl/compound_report_card/CHEMBL106620/,NCCC(=O)NCCS(=O)(=O)Nc1ccc(Nc2c3ccccc3nc3ccccc23)cc1,NCCC(=O)NCCS(=O)(=O)Nc1ccc(Nc2c3ccccc3nc3ccccc23)cc1,NCCC(=O)NCCS(=O)(=O)Nc1ccc(Nc2c3ccccc3nc3ccccc23)cc1,BFSXRRVPTIOSJL-UHFFFAOYSA-N,BFSXRRVPTIOSJL,eligible,463.563,3.338,126.21,4,6,9,33,4,0.2821,0,1,1
LIB_BFTCKWLYJYEVHA,ChEMBL,CHEMBL10053,CHEMBL10053,https://www.ebi.ac.uk/chembl/compound_report_card/CHEMBL10053/,O=C(c1ccccc1)C(O)(Cn1ccnc1)c1ccc(Cl)cc1Cl,O=C(c1ccccc1)C(O)(Cn1ccnc1)c1ccc(Cl)cc1Cl,O=C(c1ccccc1)C(O)(Cn1ccnc1)c1ccc(Cl)cc1Cl,BFTCKWLYJYEVHA-UHFFFAOYSA-N,BFTCKWLYJYEVHA,eligible,361.228,3.961,55.12,1,3,5,24,3,0.7002,0,1,1
LIB_BFTGZENXFFDRLJ,ChEMBL,CHEMBL1085036,CHEMBL1085036,https://www.ebi.ac.uk/chembl/compound_report_card/CHEMBL1085036/,CNC(=O)CNC[C@@H]1CCCc2cc(S(=O)(=O)c3cccc(F)c3)ccc21,CNC(=O)CNC[C@@H]1CCCc2cc(S(=O)(=O)c3cccc(F)c3)ccc21,CNC(=O)CNCC1CCCc2cc(S(=O)(=O)c3cccc(F)c3)ccc21,BFTGZENXFFDRLJ-HNNXBMFYSA-N,BFTGZENXFFDRLJ,eligible,390.48,2.414,75.27,2,4,6,27,3,0.7944,0,1,1
LIB_BFUFVSBGSHVEOT,ChEMBL,CHEMBL103221,CHEMBL103221,https://www.ebi.ac.uk/chembl/compound_report_card/CHEMBL103221/,Cc1cc(C)cc(C(=O)N2CC[C@H](NCc3ccnc4ccccc34)C[C@H]2Cc2ccc(C#N)cc2)c1,Cc1cc(C)cc(C(=O)N2CC[C@H](NCc3ccnc4ccccc34)C[C@H]2Cc2ccc(C#N)cc2)c1,Cc1cc(C)cc(C(=O)N2CCC(NCc3ccnc4ccccc34)CC2Cc2ccc(C#N)cc2)c1,BFUFVSBGSHVEOT-URLMMPGGSA-N,BFUFVSBGSHVEOT,eligible,488.635,5.729,69.02,1,4,6,37,5,0.3764,0,1,1
LIB_BFUJHVVEMMWLHC,ChEMBL,CHEMBL254857,CHEMBL254857,https://www.ebi.ac.uk/chembl/compound_report_card/CHEMBL254857/,O=C(COc1ccc(Cl)cc1)N1CCN(Cc2ccc3c(c2)OCO3)CC1,O=C(COc1ccc(Cl)cc1)N1CCN(Cc2ccc3c(c2)OCO3)CC1,O=C(COc1ccc(Cl)cc1)N1CCN(Cc2ccc3c(c2)OCO3)CC1,BFUJHVVEMMWLHC-UHFFFAOYSA-N,BFUJHVVEMMWLHC,eligible,388.851,2.792,51.24,0,5,5,27,4,0.788,0,1,1
LIB_BFUKUGCTUIVTRG,ChEMBL,CHEMBL1077322,CHEMBL1077322,https://www.ebi.ac.uk/chembl/compound_report_card/CHEMBL1077322/,O=C(O)/C=C/c1ccc(NC(=O)C2(NC(=O)c3ccc4c(c3)nc(-c3ccccn3)n4C3CCCCC3)CCC2)cc1,O=C(O)C=Cc1ccc(NC(=O)C2(NC(=O)c3ccc4c(c3)nc(-c3ccccn3)n4C3CCCCC3)CCC2)cc1,O=C(O)C=Cc1ccc(NC(=O)C2(NC(=O)c3ccc4c(c3)nc(-c3ccccn3)n4C3CCCCC3)CCC2)cc1,BFUKUGCTUIVTRG-UHFFFAOYSA-N,BFUKUGCTUIVTRG,eligible,563.658,5.993,126.21,3,5,8,42,6,0.2261,0,1,1
LIB_BFUODBVHKFEZLP,ChEMBL,CHEMBL105579,CHEMBL105579,https://www.ebi.ac.uk/chembl/compound_report_card/CHEMBL105579/,N#CN/C(=N\CCCCCCOc1ccccc1[N+](=O)[O-])Nc1ccncc1,N#CN=C(N=c1cc[nH]cc1)NCCCCCCOc1ccccc1[N+](=O)[O-],N#CN=C(N=c1cc[nH]cc1)NCCCCCCOc1ccccc1[N+](=O)[O-],BFUODBVHKFEZLP-UHFFFAOYSA-N,BFUODBVHKFEZLP,eligible,382.424,2.89,128.7,2,5,9,28,2,0.172,0,1,1
LIB_BFVLFPVPYIANCM,ChEMBL,CHEMBL1075707,CHEMBL1075707,https://www.ebi.ac.uk/chembl/compound_report_card/CHEMBL1075707/,O=C(NC1CC1)c1cccc(N2C(=O)c3ccccc3C2=O)c1,O=C(NC1CC1)c1cccc(N2C(=O)c3ccccc3C2=O)c1,O=C(NC1CC1)c1cccc(N2C(=O)c3ccccc3C2=O)c1,BFVLFPVPYIANCM-UHFFFAOYSA-N,BFVLFPVPYIANCM,eligible,306.321,2.379,66.48,1,3,3,23,4,0.8854,0,1,1
LIB_BFVQOFGCQSYDNC,ChEMBL,CHEMBL103513,CHEMBL103513,https://www.ebi.ac.uk/chembl/compound_report_card/CHEMBL103513/,O=C(O)CC1c2ccccc2C(=O)N(CC(=O)NCc2ccc(NC(=O)CCc3ccccc3)cc2)c2ccccc21,O=C(O)CC1c2ccccc2C(=O)N(CC(=O)NCc2ccc(NC(=O)CCc3ccccc3)cc2)c2ccccc21,O=C(O)CC1c2ccccc2C(=O)N(CC(=O)NCc2ccc(NC(=O)CCc3ccccc3)cc2)c2ccccc21,BFVQOFGCQSYDNC-UHFFFAOYSA-N,BFVQOFGCQSYDNC,eligible,561.638,5.141,115.81,3,4,10,42,5,0.248,0,1,1
LIB_BFWDNIWHEHFQME,ChEMBL,CHEMBL1077663,CHEMBL1077663,https://www.ebi.ac.uk/chembl/compound_report_card/CHEMBL1077663/,O=S(=O)(c1ccc(Cl)cc1)c1ccc(C2=NN3C(c4ccc(Br)cc4)=CSC3N2)cc1,O=S(=O)(c1ccc(Cl)cc1)c1ccc(C2=NC3SC=C(c4ccc(Br)cc4)N3N2)cc1,O=S(=O)(c1ccc(Cl)cc1)c1ccc(C2=NC3SC=C(c4ccc(Br)cc4)N3N2)cc1,BFWDNIWHEHFQME-UHFFFAOYSA-N,BFWDNIWHEHFQME,eligible,532.872,5.531,61.77,1,6,4,31,5,0.4786,0,1,1
LIB_BFWRMABENNLHFK,ChEMBL,CHEMBL108231,CHEMBL108231,https://www.ebi.ac.uk/chembl/compound_report_card/CHEMBL108231/,CCN(CCCCCN1C(=O)c2ccc([N+](=O)[O-])cc2C1=O)CC1CCCCC1,CCN(CCCCCN1C(=O)c2ccc([N+](=O)[O-])cc2C1=O)CC1CCCCC1,CCN(CCCCCN1C(=O)c2ccc([N+](=O)[O-])cc2C1=O)CC1CCCCC1,BFWRMABENNLHFK-UHFFFAOYSA-N,BFWRMABENNLHFK,eligible,401.507,4.263,83.76,0,5,10,29,3,0.2531,0,1,1
LIB_BFYIZQONLCFLEV,ChEMBL,CHEMBL1200374,CHEMBL1200374,https://www.ebi.ac.uk/chembl/compound_report_card/CHEMBL1200374/,C=C1C[C@@H]2[C@H](CC[C@]3(C)C(=O)CC[C@@H]23)[C@@]2(C)C=CC(=O)C=C12,C=C1C[C@@H]2[C@H](CC[C@]3(C)C(=O)CC[C@@H]23)[C@@]2(C)C=CC(=O)C=C12,C=C1CC2C(CCC3(C)C(=O)CCC23)C2(C)C=CC(=O)C=C12,BFYIZQONLCFLEV-DAELLWKTSA-N,BFYIZQONLCFLEV,eligible,296.41,4.03,34.14,0,2,0,22,4,0.6761,0,1,1
LIB_BFYWJELXORKNFO,ChEMBL,CHEMBL1077602,CHEMBL1077602,https://www.ebi.ac.uk/chembl/compound_report_card/CHEMBL1077602/,CC(C)(O)C1CC=C(C(=O)O)CC1,CC(C)(O)C1CC=C(C(=O)O)CC1,CC(C)(O)C1CC=C(C(=O)O)CC1,BFYWJELXORKNFO-UHFFFAOYSA-N,BFYWJELXORKNFO,eligible,184.235,1.568,57.53,2,2,2,13,1,0.6845,0,1,1
LIB_BGADFHJEBWKORI,ChEMBL,CHEMBL100440,CHEMBL100440,https://www.ebi.ac.uk/chembl/compound_report_card/CHEMBL100440/,CCCn1c(=O)c2c(nnn2C2CCCCC2O)n(CCC)c1=O,CCCn1c(=O)c2c(nnn2C2CCCCC2O)n(CCC)c1=O,CCCn1c(=O)c2c(nnn2C2CCCCC2O)n(CCC)c1=O,BGADFHJEBWKORI-UHFFFAOYSA-N,BGADFHJEBWKORI,eligible,335.408,1.051,94.94,1,5,5,24,3,0.8811,0,1,1
LIB_BGCSDXFDUOTODX,ChEMBL,CHEMBL1080082,CHEMBL1080082,https://www.ebi.ac.uk/chembl/compound_report_card/CHEMBL1080082/,C/C=C(\CC[C@](C)(O)[C@H]1[C@@H](O)C[C@H]2[C@@H]3CCc4cc(OS(=O)(=O)[O-])ccc4[C@H]3CC[C@@]21C)C(C)C.[Na+],C/C=C(\CC[C@](C)(O)[C@H]1[C@@H](O)C[C@H]2[C@@H]3CCc4cc(OS(=O)(=O)O)ccc4[C@H]3CC[C@@]21C)C(C)C,CC=C(CCC(C)(O)C1C(O)CC2C3CCc4cc(OS(=O)(=O)O)ccc4C3CCC21C)C(C)C,BGCSDXFDUOTODX-NMDKGTOKSA-N,BGCSDXFDUOTODX,eligible,506.705,5.445,104.06,3,5,7,35,4,0.3358,0,1,1
LIB_BGDKAVGWHJFAGW,ChEMBL,CHEMBL1200604,CHEMBL1200604,https://www.ebi.ac.uk/chembl/compound_report_card/CHEMBL1200604/,CCN(Cc1ccncc1)C(=O)C(CO)c1ccccc1,CCN(Cc1ccncc1)C(=O)C(CO)c1ccccc1,CCN(Cc1ccncc1)C(=O)C(CO)c1ccccc1,BGDKAVGWHJFAGW-UHFFFAOYSA-N,BGDKAVGWHJFAGW,eligible,284.359,2.206,53.43,1,3,6,21,2,0.8845,0,1,1
LIB_BGDLFFRYZTVYMU,ChEMBL,CHEMBL1087409,CHEMBL1087409,https://www.ebi.ac.uk/chembl/compound_report_card/CHEMBL1087409/,NC(=O)c1ccc2c(c1)nc(NCc1ccccc1Cl)n2CCc1ccccc1,NC(=O)c1ccc2c(c1)nc(NCc1ccccc1Cl)n2CCc1ccccc1,NC(=O)c1ccc2c(c1)nc(NCc1ccccc1Cl)n2CCc1ccccc1,BGDLFFRYZTVYMU-UHFFFAOYSA-N,BGDLFFRYZTVYMU,eligible,404.901,4.643,72.94,2,3,7,29,4,0.4708,0,1,1
LIB_BGDRUAGMTCFTCY,ChEMBL,CHEMBL100494,CHEMBL100494,https://www.ebi.ac.uk/chembl/compound_report_card/CHEMBL100494/,CCOC(=O)N(CC(=O)N1CCC(Cn2c(C)nc3cnccc32)CC1)c1ccc(N)cc1,CCOC(=O)N(CC(=O)N1CCC(Cn2c(C)nc3cnccc32)CC1)c1ccc(N)cc1,CCOC(=O)N(CC(=O)N1CCC(Cn2c(C)nc3cnccc32)CC1)c1ccc(N)cc1,BGDRUAGMTCFTCY-UHFFFAOYSA-N,BGDRUAGMTCFTCY,eligible,450.543,3.224,106.58,1,6,6,33,4,0.5781,0,1,1
LIB_BGEZYYRGWIHCGE,ChEMBL,CHEMBL105950,CHEMBL105950,https://www.ebi.ac.uk/chembl/compound_report_card/CHEMBL105950/,Cc1cc(C)c2c(c1NC(=O)C(C)(C)CCCCCOc1ccc(Cl)cc1)OCCC2=O,Cc1cc(C)c2c(c1NC(=O)C(C)(C)CCCCCOc1ccc(Cl)cc1)OCCC2=O,Cc1cc(C)c2c(c1NC(=O)C(C)(C)CCCCCOc1ccc(Cl)cc1)OCCC2=O,BGEZYYRGWIHCGE-UHFFFAOYSA-N,BGEZYYRGWIHCGE,eligible,457.998,6.526,64.63,1,4,9,32,3,0.4347,0,1,1
LIB_BGFWYEFBAHLCNL,ChEMBL,CHEMBL1079258,CHEMBL1079258,https://www.ebi.ac.uk/chembl/compound_report_card/CHEMBL1079258/,O=C(O)CCC1(c2cccc(C(F)(F)F)c2)CCCN(C(=O)Nc2ccc(Cl)cc2)C1,O=C(O)CCC1(c2cccc(C(F)(F)F)c2)CCCN(C(=O)Nc2ccc(Cl)cc2)C1,O=C(O)CCC1(c2cccc(C(F)(F)F)c2)CCCN(C(=O)Nc2ccc(Cl)cc2)C1,BGFWYEFBAHLCNL-UHFFFAOYSA-N,BGFWYEFBAHLCNL,eligible,454.876,5.789,69.64,2,2,5,31,3,0.6005,0,1,1
LIB_BGGMJBAZWROVFT,ChEMBL,CHEMBL107040,CHEMBL107040,https://www.ebi.ac.uk/chembl/compound_report_card/CHEMBL107040/,CC1(C)[C@H](n2cnc3ccccc3c2=O)C(=O)C[C@H]2[C@@H](O)CCCN21,CC1(C)C(n2cnc3ccccc3c2=O)C(=O)C[C@H]2[C@@H](O)CCCN21,CC1(C)C(n2cnc3ccccc3c2=O)C(=O)CC2C(O)CCCN21,BGGMJBAZWROVFT-GIIGEWEBSA-N,BGGMJBAZWROVFT,eligible,341.411,1.514,75.43,1,5,1,25,4,0.851,0,1,1
LIB_BGHQPXFERWTACA,ChEMBL,CHEMBL1081654,CHEMBL1081654,https://www.ebi.ac.uk/chembl/compound_report_card/CHEMBL1081654/,Cc1cc(O)ccc1NC(=O)c1cc(NC2CCCCC2)ncn1,Cc1cc(O)ccc1NC(=O)c1cc(NC2CCCCC2)ncn1,Cc1cc(O)ccc1NC(=O)c1cc(NC2CCCCC2)ncn1,BGHQPXFERWTACA-UHFFFAOYSA-N,BGHQPXFERWTACA,eligible,326.4,3.488,87.14,3,5,4,24,3,0.7487,0,1,1
LIB_BGIBGLTWGAHEGH,ChEMBL,CHEMBL1078849,CHEMBL1078849,https://www.ebi.ac.uk/chembl/compound_report_card/CHEMBL1078849/,N=C(N)NCCC[C@H](NC(=O)c1cccs1)C(=O)O,N=C(N)NCCCC(NC(=O)c1cccs1)C(=O)O,N=C(N)NCCCC(NC(=O)c1cccs1)C(=O)O,BGIBGLTWGAHEGH-UHFFFAOYSA-N,BGIBGLTWGAHEGH,eligible,284.341,0.194,128.3,5,4,7,19,1,0.2773,0,1,1
LIB_BGIQDZYSSRBQDE,ChEMBL,CHEMBL1082885,CHEMBL1082885,https://www.ebi.ac.uk/chembl/compound_report_card/CHEMBL1082885/,O=C1Nc2ccc(Cl)cc2C12Nc1ccccc1S2,O=C1Nc2ccc(Cl)cc2C12Nc1ccccc1S2,O=C1Nc2ccc(Cl)cc2C12Nc1ccccc1S2,BGIQDZYSSRBQDE-UHFFFAOYSA-N,BGIQDZYSSRBQDE,eligible,288.759,3.663,41.13,2,3,0,19,4,0.7771,0,1,1
LIB_BGJYOLBNUMRPNE,ChEMBL,CHEMBL1084577,CHEMBL1084577,https://www.ebi.ac.uk/chembl/compound_report_card/CHEMBL1084577/,Fc1cccc(C(Cc2ccccc2OC(F)F)N2CCNCC2)c1,Fc1cccc(C(Cc2ccccc2OC(F)F)N2CCNCC2)c1,Fc1cccc(C(Cc2ccccc2OC(F)F)N2CCNCC2)c1,BGJYOLBNUMRPNE-UHFFFAOYSA-N,BGJYOLBNUMRPNE,eligible,350.384,3.616,24.5,1,3,6,25,3,0.8613,0,1,1
LIB_BGLNHGYQNVKDBL,ChEMBL,CHEMBL1079888,CHEMBL1079888,https://www.ebi.ac.uk/chembl/compound_report_card/CHEMBL1079888/,N#C[C@H](Cc1ccc(-c2ccccc2)s1)NC(=O)[C@@H](N)Cc1cccs1,N#C[C@H](Cc1ccc(-c2ccccc2)s1)NC(=O)C(N)Cc1cccs1,N#CC(Cc1ccc(-c2ccccc2)s1)NC(=O)C(N)Cc1cccs1,BGLNHGYQNVKDBL-BUSXIPJBSA-N,BGLNHGYQNVKDBL,eligible,381.526,3.597,78.91,2,5,7,26,3,0.6562,0,1,1
LIB_BGLQERYPICKIOT,ChEMBL,CHEMBL1083631,CHEMBL1083631,https://www.ebi.ac.uk/chembl/compound_report_card/CHEMBL1083631/,Cc1[nH]c2ccccc2c1-c1nc(-c2ccc(Br)cc2)c(-c2ccccc2)[nH]1,Cc1[nH]c2ccccc2c1-c1nc(-c2ccc(Br)cc2)c(-c2ccccc2)[nH]1,Cc1[nH]c2ccccc2c1-c1nc(-c2ccc(Br)cc2)c(-c2ccccc2)[nH]1,BGLQERYPICKIOT-UHFFFAOYSA-N,BGLQERYPICKIOT,eligible,428.333,6.963,44.47,2,1,3,28,5,0.3205,0,1,1
LIB_BGMIWORIAHINBP,ChEMBL,CHEMBL105495,CHEMBL105495,https://www.ebi.ac.uk/chembl/compound_report_card/CHEMBL105495/,O=S(=O)(NCCCCCCCc1c[nH]cn1)NCc1ccc(Cl)cc1,O=S(=O)(NCCCCCCCc1c[nH]cn1)NCc1ccc(Cl)cc1,O=S(=O)(NCCCCCCCc1c[nH]cn1)NCc1ccc(Cl)cc1,BGMIWORIAHINBP-UHFFFAOYSA-N,BGMIWORIAHINBP,eligible,384.933,3.18,86.88,3,3,12,25,2,0.491,0,1,1
LIB_BGNNEWQGTGKYFG,ChEMBL,CHEMBL1084074,CHEMBL1084074,https://www.ebi.ac.uk/chembl/compound_report_card/CHEMBL1084074/,COC(=O)C(C)c1nsnc1N1CCOCC1,COC(=O)C(C)c1nsnc1N1CCOCC1,COC(=O)C(C)c1nsnc1N1CCOCC1,BGNNEWQGTGKYFG-UHFFFAOYSA-N,BGNNEWQGTGKYFG,eligible,257.315,0.651,64.55,0,7,3,17,2,0.7408,0,1,1
LIB_BGRIGYBFPYMUJC,ChEMBL,CHEMBL1081219,CHEMBL1081219,https://www.ebi.ac.uk/chembl/compound_report_card/CHEMBL1081219/,CN1C(=O)/C(=C/c2ccc3c(c2)OCO3)N=C1NCCNCc1ccc2c(c1)OCCO2,CN1C(=O)C(=Cc2ccc3c(c2)OCO3)N=C1NCCNCc1ccc2c(c1)OCCO2,CN1C(=O)C(=Cc2ccc3c(c2)OCO3)N=C1NCCNCc1ccc2c(c1)OCCO2,BGRIGYBFPYMUJC-UHFFFAOYSA-N,BGRIGYBFPYMUJC,eligible,436.468,1.735,93.65,2,8,6,32,5,0.5263,0,1,1
LIB_BGRJTUBHPOOWDU,ChEMBL,CHEMBL26,CHEMBL26,https://www.ebi.ac.uk/chembl/compound_report_card/CHEMBL26/,CCN1CCCC1CNC(=O)c1cc(S(N)(=O)=O)ccc1OC,CCN1CCCC1CNC(=O)c1cc(S(N)(=O)=O)ccc1OC,CCN1CCCC1CNC(=O)c1cc(S(N)(=O)=O)ccc1OC,BGRJTUBHPOOWDU-UHFFFAOYSA-N,BGRJTUBHPOOWDU,eligible,341.433,0.557,101.73,2,5,6,23,2,0.7869,0,1,1
LIB_BGSNAIYFQBPJHM,ChEMBL,CHEMBL103535,CHEMBL103535,https://www.ebi.ac.uk/chembl/compound_report_card/CHEMBL103535/,CCn1cc(C(=O)O)c(=O)c2cc(F)c(N3CCSCC3)nc21,CCn1cc(C(=O)O)c(=O)c2cc(F)c(N3CCSCC3)nc21,CCn1cc(C(=O)O)c(=O)c2cc(F)c(N3CCSCC3)nc21,BGSNAIYFQBPJHM-UHFFFAOYSA-N,BGSNAIYFQBPJHM,eligible,337.376,1.807,75.43,1,5,3,23,3,0.9205,0,1,1
LIB_BGSOJVFOEQLVMH,ChEMBL,CHEMBL1200968,CHEMBL1200968;CHEMBL1641,https://www.ebi.ac.uk/chembl/compound_report_card/CHEMBL1200968/,C[C@]12CCC(=O)C=C1CC[C@@H]1[C@@H]2[C@@H](O)C[C@@]2(C)[C@H]1CC[C@]2(O)C(=O)COP(=O)([O-])[O-].[Na+].[Na+],C[C@]12CCC(=O)C=C1CC[C@@H]1[C@@H]2[C@@H](O)C[C@@]2(C)[C@H]1CC[C@]2(O)C(=O)COP(=O)(O)O,CC12CCC(=O)C=C1CCC1C2C(O)CC2(C)C1CCC2(O)C(=O)COP(=O)(O)O,BGSOJVFOEQLVMH-VWUMJDOOSA-N,BGSOJVFOEQLVMH,eligible,442.445,1.899,141.36,4,6,4,30,4,0.4839,0,2,1
LIB_BGSZAXLLHYERSY,ChEMBL,CHEMBL1200629,CHEMBL1200629;CHEMBL1201219,https://www.ebi.ac.uk/chembl/compound_report_card/CHEMBL1200629/,CC(=O)O[C@H]1C[C@@H]2CC[C@@H]3[C@H](CC[C@@]4(C)[C@H]3C[C@H]([N+]3(C)CCCCC3)[C@@H]4OC(C)=O)[C@@]2(C)C[C@@H]1N1CCCCC1.[Br-],CC(=O)O[C@H]1C[C@@H]2CC[C@@H]3[C@H](CC[C@@]4(C)[C@H]3C[C@H]([N+]3(C)CCCCC3)[C@@H]4OC(C)=O)[C@@]2(C)C[C@@H]1N1CCCCC1,CC(=O)OC1CC2CCC3C(CCC4(C)C3CC([N+]3(C)CCCCC3)C4OC(C)=O)C2(C)CC1N1CCCCC1,BGSZAXLLHYERSY-XQIGCQGXSA-N,BGSZAXLLHYERSY,eligible,557.84,5.966,55.84,0,5,4,40,6,0.3151,1,2,1
LIB_BGTHTPMAJDBVBB,ChEMBL,CHEMBL106838,CHEMBL106838,https://www.ebi.ac.uk/chembl/compound_report_card/CHEMBL106838/,CCOC(=O)COC1CCN(C(=O)[C@H](Cc2ccc(O)cc2)NC(=O)c2ccc(C(=N)NC(=O)OCC)cc2)CC1,CCOC(=O)COC1CCN(C(=O)C(Cc2ccc(O)cc2)NC(=O)c2ccc(C(=N)NC(=O)OCC)cc2)CC1,CCOC(=O)COC1CCN(C(=O)C(Cc2ccc(O)cc2)NC(=O)c2ccc(C(=N)NC(=O)OCC)cc2)CC1,BGTHTPMAJDBVBB-UHFFFAOYSA-N,BGTHTPMAJDBVBB,eligible,568.627,2.375,167.35,4,9,11,41,3,0.1821,0,1,1
LIB_BGTORMVZEVJCTP,ChEMBL,CHEMBL1082099,CHEMBL1082099,https://www.ebi.ac.uk/chembl/compound_report_card/CHEMBL1082099/,CC(=O)NC[C@H]1CN(c2ccc(N3CCN(C(=O)C(=O)/C=C/c4ccc(Cl)cc4)CC3)c(F)c2)C(=O)O1,CC(=O)NC[C@H]1CN(c2ccc(N3CCN(C(=O)C(=O)/C=C/c4ccc(Cl)cc4)CC3)c(F)c2)C(=O)O1,CC(=O)NCC1CN(c2ccc(N3CCN(C(=O)C(=O)C=Cc4ccc(Cl)cc4)CC3)c(F)c2)C(=O)O1,BGTORMVZEVJCTP-ZSIUJALASA-N,BGTORMVZEVJCTP,eligible,528.968,2.872,99.26,1,6,7,37,4,0.4381,0,1,1
LIB_BGVBEHUAEVCURQ,ChEMBL,CHEMBL10626,CHEMBL10626,https://www.ebi.ac.uk/chembl/compound_report_card/CHEMBL10626/,CC(C)C(O)(Cn1cncn1)C(O)(c1ccc(Cl)cc1)c1ccc(Cl)cc1,CC(C)C(O)(Cn1cncn1)C(O)(c1ccc(Cl)cc1)c1ccc(Cl)cc1,CC(C)C(O)(Cn1cncn1)C(O)(c1ccc(Cl)cc1)c1ccc(Cl)cc1,BGVBEHUAEVCURQ-UHFFFAOYSA-N,BGVBEHUAEVCURQ,eligible,406.313,3.908,71.17,2,4,6,27,3,0.6514,0,1,1
LIB_BGVJFYPWEWEHMP,ChEMBL,CHEMBL1085500,CHEMBL1085500,https://www.ebi.ac.uk/chembl/compound_report_card/CHEMBL1085500/,COC(=O)CCCCCNc1ccn(O)c(=O)n1,COC(=O)CCCCCNc1ccn(O)c(=O)n1,COC(=O)CCCCCNc1ccn(O)c(=O)n1,BGVJFYPWEWEHMP-UHFFFAOYSA-N,BGVJFYPWEWEHMP,eligible,255.274,0.626,93.45,2,6,7,18,1,0.4214,0,1,1
LIB_BGVKBMSYUQOTAK,ChEMBL,CHEMBL1085522,CHEMBL1085522,https://www.ebi.ac.uk/chembl/compound_report_card/CHEMBL1085522/,CC(C)NC(=O)N1C[C@H]2C[C@@H](NCC(=O)N3CCC[C@H]3C#N)C[C@H]2C1,CC(C)NC(=O)N1C[C@H]2C[C@@H](NCC(=O)N3CCC[C@H]3C#N)C[C@H]2C1,CC(C)NC(=O)N1CC2CC(NCC(=O)N3CCCC3C#N)CC2C1,BGVKBMSYUQOTAK-FZKCQIBNSA-N,BGVKBMSYUQOTAK,eligible,347.463,0.919,88.47,2,4,4,25,3,0.7914,0,1,1
LIB_BGVQPQHIUOTLBT,ChEMBL,CHEMBL1079545,CHEMBL1079545,https://www.ebi.ac.uk/chembl/compound_report_card/CHEMBL1079545/,CC(C)(C)c1cc(NC(=O)Nc2ccc(NC(=O)c3ncccc3O)cc2)no1,CC(C)(C)c1cc(NC(=O)Nc2ccc(NC(=O)c3ncccc3O)cc2)no1,CC(C)(C)c1cc(NC(=O)Nc2ccc(NC(=O)c3ncccc3O)cc2)no1,BGVQPQHIUOTLBT-UHFFFAOYSA-N,BGVQPQHIUOTLBT,eligible,395.419,3.969,129.38,4,6,4,29,3,0.5289,0,1,1
LIB_BGYDDVRMCVTECM,ChEMBL,CHEMBL1083115,CHEMBL1083115,https://www.ebi.ac.uk/chembl/compound_report_card/CHEMBL1083115/,NC(C(=O)Nc1cc2cc[nH]c(=O)c2cc1Cl)c1cccc(Cl)c1,NC(C(=O)Nc1cc2cc[nH]c(=O)c2cc1Cl)c1cccc(Cl)c1,NC(C(=O)Nc1cc2cc[nH]c(=O)c2cc1Cl)c1cccc(Cl)c1,BGYDDVRMCVTECM-UHFFFAOYSA-N,BGYDDVRMCVTECM,eligible,362.216,3.473,87.98,3,3,3,24,3,0.6667,0,1,1
LIB_BGYIAIXLVPBNMX,ChEMBL,CHEMBL1078255,CHEMBL1078255,https://www.ebi.ac.uk/chembl/compound_report_card/CHEMBL1078255/,CN(CCCCOc1ccc(C(C)(C)C)cc1)CC(O)(Cn1cncn1)c1ccc(F)cc1F,CN(CCCCOc1ccc(C(C)(C)C)cc1)CC(O)(Cn1cncn1)c1ccc(F)cc1F,CN(CCCCOc1ccc(C(C)(C)C)cc1)CC(O)(Cn1cncn1)c1ccc(F)cc1F,BGYIAIXLVPBNMX-UHFFFAOYSA-N,BGYIAIXLVPBNMX,eligible,472.58,4.533,63.41,1,5,11,34,3,0.4156,0,1,1
LIB_BGYKFVBCGOCJTA,ChEMBL,CHEMBL103404,CHEMBL103404,https://www.ebi.ac.uk/chembl/compound_report_card/CHEMBL103404/,CCO/C(O)=C1\C(C)=NC(C)=C(C(=O)OC)C1C,CCOC(=O)C1=C(C)N=C(C)C(C(=O)OC)C1C,CCOC(=O)C1=C(C)N=C(C)C(C(=O)OC)C1C,BGYKFVBCGOCJTA-UHFFFAOYSA-N,BGYKFVBCGOCJTA,eligible,253.298,1.723,64.96,0,5,3,18,1,0.7183,0,1,1
LIB_BGZQWRRBJIJNFC,ChEMBL,CHEMBL102479,CHEMBL102479,https://www.ebi.ac.uk/chembl/compound_report_card/CHEMBL102479/,Cc1cn([C@@H]2O[C@H](CI)[C@@H](N=[N+]=[N-])[C@H]2O)c(=O)[nH]c1=O,Cc1cn([C@@H]2O[C@H](CI)[C@@H](N=[N+]=[N-])[C@H]2O)c(=O)[nH]c1=O,Cc1cn(C2OC(CI)C(N=[N+]=[N-])C2O)c(=O)[nH]c1=O,BGZQWRRBJIJNFC-JXOAFFINSA-N,BGZQWRRBJIJNFC,eligible,393.141,0.217,133.08,2,5,3,20,2,0.2499,0,1,1
LIB_BHANUVTZCWAOOM,ChEMBL,CHEMBL1083295,CHEMBL1083295,https://www.ebi.ac.uk/chembl/compound_report_card/CHEMBL1083295/,O=C1C(Cl)C(c2ccc(Br)cc2)N1c1ccc(O)c2ncccc12,O=C1C(Cl)C(c2ccc(Br)cc2)N1c1ccc(O)c2ncccc12,O=C1C(Cl)C(c2ccc(Br)cc2)N1c1ccc(O)c2ncccc12,BHANUVTZCWAOOM-UHFFFAOYSA-N,BHANUVTZCWAOOM,eligible,403.663,4.398,53.43,1,3,2,24,4,0.5096,0,1,1
LIB_BHBDWYPJWSZZNQ,ChEMBL,CHEMBL1079832,CHEMBL1079832,https://www.ebi.ac.uk/chembl/compound_report_card/CHEMBL1079832/,CC1CC(N(c2ccccc2)S(=O)(=O)c2ccccc2)c2ccccc2N1C(=O)c1ccccc1,CC1CC(N(c2ccccc2)S(=O)(=O)c2ccccc2)c2ccccc2N1C(=O)c1ccccc1,CC1CC(N(c2ccccc2)S(=O)(=O)c2ccccc2)c2ccccc2N1C(=O)c1ccccc1,BHBDWYPJWSZZNQ-UHFFFAOYSA-N,BHBDWYPJWSZZNQ,eligible,482.605,6.062,57.69,0,3,5,35,5,0.3473,0,1,1
LIB_BHBPVVOUUXIZBX,ChEMBL,CHEMBL104311,CHEMBL104311,https://www.ebi.ac.uk/chembl/compound_report_card/CHEMBL104311/,NS(=O)(=O)c1ccc(SCCCO)cc1,NS(=O)(=O)c1ccc(SCCCO)cc1,NS(=O)(=O)c1ccc(SCCCO)cc1,BHBPVVOUUXIZBX-UHFFFAOYSA-N,BHBPVVOUUXIZBX,eligible,247.341,0.809,80.39,2,4,5,15,1,0.5957,0,1,1
LIB_BHEULCHLEQZIPU,ChEMBL,CHEMBL1080171,CHEMBL1080171,https://www.ebi.ac.uk/chembl/compound_report_card/CHEMBL1080171/,COc1ccc(/C=C/C(=O)Nc2ccccc2)cc1OC,COc1ccc(/C=C/C(=O)Nc2ccccc2)cc1OC,COc1ccc(C=CC(=O)Nc2ccccc2)cc1OC,BHEULCHLEQZIPU-PKNBQFBNSA-N,BHEULCHLEQZIPU,eligible,283.327,3.356,47.56,1,3,5,21,2,0.8559,0,1,1
LIB_BHFICDSSZKJOFA,ChEMBL,CHEMBL1077119,CHEMBL1077119,https://www.ebi.ac.uk/chembl/compound_report_card/CHEMBL1077119/,C[C@@]12CC[C@@H]3O[C@H](CO)[C@@H](O)C[C@H]3O[C@H]1C[C@H]1O[C@@H](CCOCc3ccccc3)[C@H](OCc3ccccc3)C[C@@H]1O2,C[C@@]12CC[C@@H]3O[C@H](CO)[C@@H](O)C[C@H]3O[C@H]1C[C@H]1O[C@@H](CCOCc3ccccc3)[C@H](OCc3ccccc3)C[C@@H]1O2,CC12CCC3OC(CO)C(O)CC3OC1CC1OC(CCOCc3ccccc3)C(OCc3ccccc3)CC1O2,BHFICDSSZKJOFA-XEYLFFAPSA-N,BHFICDSSZKJOFA,eligible,568.707,3.942,95.84,2,8,9,41,6,0.4396,0,1,1
LIB_BHHGCRMRDBRTQS,ChEMBL,CHEMBL1079512,CHEMBL1079512,https://www.ebi.ac.uk/chembl/compound_report_card/CHEMBL1079512/,CCCCCCCCCCN(C=O)C1CC[C@H]2[C@@H]3CC[C@H]4N(C)C(=O)CC[C@]4(C)[C@H]3CC[C@]12C,CCCCCCCCCCN(C=O)C1CC[C@H]2[C@@H]3CC[C@H]4N(C)C(=O)CC[C@]4(C)[C@H]3CC[C@]12C,CCCCCCCCCCN(C=O)C1CCC2C3CCC4N(C)C(=O)CCC4(C)C3CCC21C,BHHGCRMRDBRTQS-WFQJRKAESA-N,BHHGCRMRDBRTQS,eligible,472.758,6.818,40.62,0,2,11,34,4,0.2445,0,1,1
LIB_BHHHVBQTPZIDOR,ChEMBL,CHEMBL1084073,CHEMBL1084073,https://www.ebi.ac.uk/chembl/compound_report_card/CHEMBL1084073/,O=C1Nc2ccc(Cl)cc2C12NCCCCc1c2[nH]c2ccccc12,O=C1Nc2ccc(Cl)cc2C12NCCCCc1c2[nH]c2ccccc12,O=C1Nc2ccc(Cl)cc2C12NCCCCc1c2[nH]c2ccccc12,BHHHVBQTPZIDOR-UHFFFAOYSA-N,BHHHVBQTPZIDOR,eligible,351.837,3.943,56.92,3,2,0,25,5,0.5742,0,1,1
LIB_BHIWBHXJQRREGM,ChEMBL,CHEMBL1085316,CHEMBL1085316,https://www.ebi.ac.uk/chembl/compound_report_card/CHEMBL1085316/,CN1CCN(c2cccc(-c3cnn4c(N)c(-c5ccc(NC(=O)CCC6CCCC6)cc5)cnc34)c2)CC1,CN1CCN(c2cccc(-c3cnn4c(N)c(-c5ccc(NC(=O)CCC6CCCC6)cc5)cnc34)c2)CC1,CN1CCN(c2cccc(-c3cnn4c(N)c(-c5ccc(NC(=O)CCC6CCCC6)cc5)cnc34)c2)CC1,BHIWBHXJQRREGM-UHFFFAOYSA-N,BHIWBHXJQRREGM,eligible,523.685,5.306,91.79,2,6,7,39,6,0.3413,0,1,1
LIB_BHKRJDURAJRUDD,ChEMBL,CHEMBL102200,CHEMBL102200,https://www.ebi.ac.uk/chembl/compound_report_card/CHEMBL102200/,O=C(O)CCCC/C=C(/CCCc1ccccc1)c1cccnc1,O=C(O)CCCC/C=C(/CCCc1ccccc1)c1cccnc1,O=C(O)CCCCC=C(CCCc1ccccc1)c1cccnc1,BHKRJDURAJRUDD-UNOMPAQXSA-N,BHKRJDURAJRUDD,eligible,323.436,5.133,50.19,1,2,10,24,2,0.6164,0,1,1
LIB_BHMIRPVVPZIEGW,ChEMBL,CHEMBL1081028,CHEMBL1081028,https://www.ebi.ac.uk/chembl/compound_report_card/CHEMBL1081028/,NC(=O)c1ccc(-c2cnc(NC[C@@H](N)Cc3ccc(C(F)(F)F)cc3)s2)cc1,NC(=O)c1ccc(-c2cnc(NC[C@@H](N)Cc3ccc(C(F)(F)F)cc3)s2)cc1,NC(=O)c1ccc(-c2cnc(NCC(N)Cc3ccc(C(F)(F)F)cc3)s2)cc1,BHMIRPVVPZIEGW-INIZCTEOSA-N,BHMIRPVVPZIEGW,eligible,420.46,3.91,94.03,3,5,7,29,3,0.5402,0,1,1
LIB_BHMKPPGZJJEFPF,ChEMBL,CHEMBL101808,CHEMBL101808,https://www.ebi.ac.uk/chembl/compound_report_card/CHEMBL101808/,O=C(O)/C=C/c1ccc(C(=O)NC(C(=O)NCc2ccccc2)c2ccccc2)cc1,O=C(O)/C=C/c1ccc(C(=O)NC(C(=O)NCc2ccccc2)c2ccccc2)cc1,O=C(O)C=Cc1ccc(C(=O)NC(C(=O)NCc2ccccc2)c2ccccc2)cc1,BHMKPPGZJJEFPF-DTQAZKPQSA-N,BHMKPPGZJJEFPF,eligible,414.461,3.572,95.5,3,3,8,31,3,0.4912,0,1,1
LIB_BHMZJUVAVWRNLN,ChEMBL,CHEMBL101135,CHEMBL101135,https://www.ebi.ac.uk/chembl/compound_report_card/CHEMBL101135/,Cc1cn(C/C=C\COC(c2ccccc2)(c2ccccc2)c2ccccc2)c(=O)[nH]c1=O,Cc1cn(C/C=C\COC(c2ccccc2)(c2ccccc2)c2ccccc2)c(=O)[nH]c1=O,Cc1cn(CC=CCOC(c2ccccc2)(c2ccccc2)c2ccccc2)c(=O)[nH]c1=O,BHMZJUVAVWRNLN-QXMHVHEDSA-N,BHMZJUVAVWRNLN,eligible,438.527,4.41,64.09,1,3,8,33,4,0.3274,0,1,1
LIB_BHNVUCJQPIZNKV,ChEMBL,CHEMBL1083900,CHEMBL1083900;CHEMBL1083901,https://www.ebi.ac.uk/chembl/compound_report_card/CHEMBL1083900/,CC(C)(C)[C@@H](NC(=O)OC1CCCC1)C(=O)N1C[C@H](Oc2nccc3ccccc23)C[C@H]1C(=O)N[C@H]1CCOB1O,CC(C)(C)C(NC(=O)OC1CCCC1)C(=O)N1C[C@H](Oc2nccc3ccccc23)CC1C(=O)N[C@H]1CCOB1O,CC(C)(C)C(NC(=O)OC1CCCC1)C(=O)N1CC(Oc2nccc3ccccc23)CC1C(=O)NC1CCOB1O,BHNVUCJQPIZNKV-FYJROPJGSA-N,BHNVUCJQPIZNKV,eligible,566.464,2.591,139.32,3,8,7,41,5,0.4351,0,2,2
LIB_BHOARRSJYVRMPI,ChEMBL,CHEMBL1080094,CHEMBL1080094;CHEMBL1080620,https://www.ebi.ac.uk/chembl/compound_report_card/CHEMBL1080094/,CS(=O)(=O)Nc1ccc2c(c1)S(=O)(=O)N=C(C1=C(O)[C@@H]3[C@H]4CC[C@H](C4)[C@@H]3N(Cc3nccs3)C1=O)N2,CS(=O)(=O)Nc1ccc2c(c1)S(=O)(=O)N=C(C1C(=O)C3[C@H]4CC[C@H](C4)[C@@H]3N(Cc3nccs3)C1=O)N2,CS(=O)(=O)Nc1ccc2c(c1)S(=O)(=O)N=C(C1C(=O)C3C4CCC(C4)C3N(Cc3nccs3)C1=O)N2,BHOARRSJYVRMPI-RGNUWBBGSA-N,BHOARRSJYVRMPI,eligible,549.656,1.67,154.97,2,9,5,36,6,0.5339,0,2,2
LIB_BHOLRSHAOLPRGS,ChEMBL,CHEMBL102209,CHEMBL102209,https://www.ebi.ac.uk/chembl/compound_report_card/CHEMBL102209/,CN(CCCSc1ccc(Cl)cc1)CCC(O)(P(=O)(O)O)P(=O)(O)O,CN(CCCSc1ccc(Cl)cc1)CCC(O)(P(=O)(O)O)P(=O)(O)O,CN(CCCSc1ccc(Cl)cc1)CCC(O)(P(=O)(O)O)P(=O)(O)O,BHOLRSHAOLPRGS-UHFFFAOYSA-N,BHOLRSHAOLPRGS,eligible,433.787,2.146,138.53,5,5,10,25,1,0.2132,0,1,1
LIB_BHPBVWCEAQVCTJ,ChEMBL,CHEMBL101761,CHEMBL101761,https://www.ebi.ac.uk/chembl/compound_report_card/CHEMBL101761/,COc1ccc(C(=O)c2ccccc2)c(O)c1NCc1ccccc1,COc1ccc(C(=O)c2ccccc2)c(O)c1NCc1ccccc1,COc1ccc(C(=O)c2ccccc2)c(O)c1NCc1ccccc1,BHPBVWCEAQVCTJ-UHFFFAOYSA-N,BHPBVWCEAQVCTJ,eligible,333.387,4.244,58.56,2,4,6,25,3,0.5231,0,1,1
LIB_BHQCQFFYRZLCQQ,ChEMBL,CHEMBL205596,CHEMBL205596,https://www.ebi.ac.uk/chembl/compound_report_card/CHEMBL205596/,C[C@H](CCC(=O)O)[C@H]1CC[C@H]2[C@@H]3[C@H](O)C[C@@H]4C[C@H](O)CC[C@]4(C)[C@H]3C[C@H](O)[C@]12C,C[C@H](CCC(=O)O)[C@H]1CC[C@H]2[C@@H]3[C@H](O)C[C@@H]4C[C@H](O)CC[C@]4(C)[C@H]3C[C@H](O)[C@]12C,CC(CCC(=O)O)C1CCC2C3C(O)CC4CC(O)CCC4(C)C3CC(O)C12C,BHQCQFFYRZLCQQ-OELDTZBJSA-N,BHQCQFFYRZLCQQ,eligible,408.579,3.449,97.99,4,4,4,29,4,0.5711,0,1,1
LIB_BHQIUNWOBDWNGS,ChEMBL,CHEMBL1078939,CHEMBL1078939,https://www.ebi.ac.uk/chembl/compound_report_card/CHEMBL1078939/,COc1cc2c(cc1F)CC[C@@H]1[C@@H]2CC[C@]2(C)[C@@H](O)CC[C@@H]12,COc1cc2c(cc1F)CC[C@@H]1[C@@H]2CC[C@]2(C)[C@@H](O)CC[C@@H]12,COc1cc2c(cc1F)CCC1C2CCC2(C)C(O)CCC12,BHQIUNWOBDWNGS-SSTWWWIQSA-N,BHQIUNWOBDWNGS,eligible,304.405,4.051,29.46,1,2,1,22,4,0.8479,0,1,1
LIB_BHQYVWUDUZACCC,ChEMBL,CHEMBL1079591,CHEMBL1079591,https://www.ebi.ac.uk/chembl/compound_report_card/CHEMBL1079591/,CCCCOc1ccc(-c2ccc(C(=O)O)o2)cc1CNC(=O)c1ccc(C(F)(F)F)cc1F,CCCCOc1ccc(-c2ccc(C(=O)O)o2)cc1CNC(=O)c1ccc(C(F)(F)F)cc1F,CCCCOc1ccc(-c2ccc(C(=O)O)o2)cc1CNC(=O)c1ccc(C(F)(F)F)cc1F,BHQYVWUDUZACCC-UHFFFAOYSA-N,BHQYVWUDUZACCC,eligible,479.426,5.912,88.77,2,4,9,34,3,0.2942,0,1,1
LIB_BHSWGNCHNWRXBG,ChEMBL,CHEMBL105646,CHEMBL105646,https://www.ebi.ac.uk/chembl/compound_report_card/CHEMBL105646/,CCCN1CCOC(c2cccc(Cl)c2)C1,CCCN1CCOC(c2cccc(Cl)c2)C1,CCCN1CCOC(c2cccc(Cl)c2)C1,BHSWGNCHNWRXBG-UHFFFAOYSA-N,BHSWGNCHNWRXBG,eligible,239.746,3.123,12.47,0,2,3,16,2,0.8038,0,1,1
LIB_BHTRKEVKTKCXOH,ChEMBL,CHEMBL272427,CHEMBL272427,https://www.ebi.ac.uk/chembl/compound_report_card/CHEMBL272427/,C[C@H](CCC(=O)NCCS(=O)(=O)O)[C@H]1CC[C@H]2[C@@H]3[C@@H](O)C[C@@H]4C[C@H](O)CC[C@]4(C)[C@H]3CC[C@]12C,C[C@H](CCC(=O)NCCS(=O)(=O)O)[C@H]1CC[C@H]2[C@@H]3[C@@H](O)C[C@@H]4C[C@H](O)CC[C@]4(C)[C@H]3CC[C@]12C,CC(CCC(=O)NCCS(=O)(=O)O)C1CCC2C3C(O)CC4CC(O)CCC4(C)C3CCC12C,BHTRKEVKTKCXOH-LBSADWJPSA-N,BHTRKEVKTKCXOH,eligible,499.714,3.397,123.93,4,5,7,34,4,0.3982,0,1,1
LIB_BHVLKNXTDWOMMA,ChEMBL,CHEMBL1085397,CHEMBL1085397,https://www.ebi.ac.uk/chembl/compound_report_card/CHEMBL1085397/,C[C@@H]1CCCN1CCc1ccc2nc(-c3c(-c4ccccc4)nn(C)c3Cl)ccc2c1,C[C@@H]1CCCN1CCc1ccc2nc(-c3c(-c4ccccc4)nn(C)c3Cl)ccc2c1,CC1CCCN1CCc1ccc2nc(-c3c(-c4ccccc4)nn(C)c3Cl)ccc2c1,BHVLKNXTDWOMMA-GOSISDBHSA-N,BHVLKNXTDWOMMA,eligible,430.983,5.983,33.95,0,3,5,31,5,0.3901,0,1,1
LIB_BHXKFIQPVUMOPS,ChEMBL,CHEMBL1082422,CHEMBL1082422,https://www.ebi.ac.uk/chembl/compound_report_card/CHEMBL1082422/,CCOC(=O)C1=C(N)Oc2cc(O)ccc2C1c1ccc(F)cc1F,CCOC(=O)C1C(=N)Oc2cc(O)ccc2C1c1ccc(F)cc1F,CCOC(=O)C1C(=N)Oc2cc(O)ccc2C1c1ccc(F)cc1F,BHXKFIQPVUMOPS-UHFFFAOYSA-N,BHXKFIQPVUMOPS,eligible,347.317,3.351,79.61,2,5,3,25,3,0.8347,0,1,1
LIB_BHYRKTMHKRROFV,ChEMBL,CHEMBL101173,CHEMBL101173,https://www.ebi.ac.uk/chembl/compound_report_card/CHEMBL101173/,CN1CC[C@H](c2ccc(Cl)cc2)C(C(=O)N2CCCC2)C1,CN1CC[C@H](c2ccc(Cl)cc2)C(C(=O)N2CCCC2)C1,CN1CCC(c2ccc(Cl)cc2)C(C(=O)N2CCCC2)C1,BHYRKTMHKRROFV-AAFJCEBUSA-N,BHYRKTMHKRROFV,eligible,306.837,2.998,23.55,0,2,2,21,3,0.8384,0,1,1
LIB_BHZCGCMWEVHUBA,ChEMBL,CHEMBL1276308,CHEMBL1276308,https://www.ebi.ac.uk/chembl/compound_report_card/CHEMBL1276308/,CC#C[C@]1(O)CC[C@H]2[C@@H]3CCC4=CC(=O)CCC4=C3[C@@H](c3ccc(N(C)C)cc3)C[C@@]21C,CC#C[C@]1(O)CC[C@H]2C3=C(C4=C(CC3)CC(=O)CC4)C(c3ccc(N(C)C)cc3)C[C@@]21C,CC#CC1(O)CCC2C3=C(C4=C(CC3)CC(=O)CC4)C(c3ccc(N(C)C)cc3)CC21C,BHZCGCMWEVHUBA-ZLMDOPAYSA-N,BHZCGCMWEVHUBA,eligible,429.604,5.551,40.54,1,3,2,32,5,0.6267,0,1,1
LIB_BHZSSYKATBTKQN,ChEMBL,CHEMBL107595,CHEMBL107595,https://www.ebi.ac.uk/chembl/compound_report_card/CHEMBL107595/,O=C(O)c1c(=O)c2cc(F)c(N3C[C@@H]4CCCN[C@@H]4C3)c3c2n2c(csc12)CS3,O=C(O)c1c(=O)c2cc(F)c(N3C[C@@H]4CCCN[C@@H]4C3)c3c2n2c(csc12)CS3,O=C(O)c1c(=O)c2cc(F)c(N3CC4CCCNC4C3)c3c2n2c(csc12)CS3,BHZSSYKATBTKQN-TVQRCGJNSA-N,BHZSSYKATBTKQN,eligible,431.514,3.145,74.05,2,6,2,29,6,0.6495,0,1,1
LIB_BIAGWLDERXRFAW,ChEMBL,CHEMBL1076440,CHEMBL1076440,https://www.ebi.ac.uk/chembl/compound_report_card/CHEMBL1076440/,CN(C)CC(=O)Nc1ccc(-c2cnn3c(-c4cccc(NC(=O)c5cccc(C(F)(F)F)c5)c4)ccnc23)cc1,CN(C)CC(=O)Nc1ccc(-c2cnn3c(-c4cccc(NC(=O)c5cccc(C(F)(F)F)c5)c4)ccnc23)cc1,CN(C)CC(=O)Nc1ccc(-c2cnn3c(-c4cccc(NC(=O)c5cccc(C(F)(F)F)c5)c4)ccnc23)cc1,BIAGWLDERXRFAW-UHFFFAOYSA-N,BIAGWLDERXRFAW,eligible,558.564,5.835,91.63,2,5,7,41,5,0.2622,0,1,1
LIB_BIAVGWDGIJKWRM,ChEMBL,CHEMBL10188,CHEMBL10188,https://www.ebi.ac.uk/chembl/compound_report_card/CHEMBL10188/,CC[C@H](NC(=O)c1c(O)c(-c2ccccc2)nc2ccccc12)c1ccccc1,CC[C@H](NC(=O)c1c(O)c(-c2ccccc2)nc2ccccc12)c1ccccc1,CCC(NC(=O)c1c(O)c(-c2ccccc2)nc2ccccc12)c1ccccc1,BIAVGWDGIJKWRM-FQEVSTJZSA-N,BIAVGWDGIJKWRM,eligible,382.463,5.489,62.22,2,3,5,29,4,0.4798,0,1,1
LIB_BIEGVTQMNNLUOU,ChEMBL,CHEMBL102332,CHEMBL102332,https://www.ebi.ac.uk/chembl/compound_report_card/CHEMBL102332/,COc1ccc(C(=O)N2CC3C(=O)N(Cc4cc(C(F)(F)F)cc(C(F)(F)F)c4)C(=O)C3C23CCNCC3)cc1OC,COc1ccc(C(=O)N2Cc3c(c(O)n(Cc4cc(C(F)(F)F)cc(C(F)(F)F)c4)c3O)C23CCNCC3)cc1OC,COc1ccc(C(=O)N2Cc3c(c(O)n(Cc4cc(C(F)(F)F)cc(C(F)(F)F)c4)c3O)C23CCNCC3)cc1OC,BIEGVTQMNNLUOU-UHFFFAOYSA-N,BIEGVTQMNNLUOU,eligible,599.528,5.237,96.19,3,6,5,42,5,0.3477,0,1,1
LIB_BIEUWAKZMBRDGP,ChEMBL,CHEMBL101546,CHEMBL101546,https://www.ebi.ac.uk/chembl/compound_report_card/CHEMBL101546/,CN1CN(C)S(=O)(=O)c2ncccc21,CN1CN(C)S(=O)(=O)c2ncccc21,CN1CN(C)S(=O)(=O)c2ncccc21,BIEUWAKZMBRDGP-UHFFFAOYSA-N,BIEUWAKZMBRDGP,eligible,213.262,0.109,53.51,0,4,0,14,2,0.6135,0,1,1
LIB_BIFXILGAVVXNFT,ChEMBL,CHEMBL107357,CHEMBL107357,https://www.ebi.ac.uk/chembl/compound_report_card/CHEMBL107357/,Cc1csc2nc(Cc3ccc(C(=O)c4ccc(CO)cc4)cc3)oc(=O)c12,Cc1csc2nc(Cc3ccc(C(=O)c4ccc(CO)cc4)cc3)oc(=O)c12,Cc1csc2nc(Cc3ccc(C(=O)c4ccc(CO)cc4)cc3)oc(=O)c12,BIFXILGAVVXNFT-UHFFFAOYSA-N,BIFXILGAVVXNFT,eligible,391.448,3.872,80.4,1,6,5,28,4,0.5225,0,1,1
LIB_BIGBADKFHAJMCP,ChEMBL,CHEMBL1081863,CHEMBL1081863,https://www.ebi.ac.uk/chembl/compound_report_card/CHEMBL1081863/,N=C(N)NCCC[C@@H](/C=C/S(=O)(=O)c1ccccc1)NC(=O)OCc1ccccc1,N=C(N)NCCC[C@@H](/C=C/S(=O)(=O)c1ccccc1)NC(=O)OCc1ccccc1,N=C(N)NCCCC(C=CS(=O)(=O)c1ccccc1)NC(=O)OCc1ccccc1,BIGBADKFHAJMCP-DUVHGLKDSA-N,BIGBADKFHAJMCP,eligible,430.53,2.532,134.37,4,5,10,30,2,0.2599,0,1,1
LIB_BIGFIHWLLJWDAA,ChEMBL,CHEMBL1081081,CHEMBL1081081,https://www.ebi.ac.uk/chembl/compound_report_card/CHEMBL1081081/,Cc1cc(O)ccc1NC(=O)c1cc(NC(C)(C)C)ncn1,Cc1cc(O)ccc1NC(=O)c1cc(NC(C)(C)C)ncn1,Cc1cc(O)ccc1NC(=O)c1cc(NC(C)(C)C)ncn1,BIGFIHWLLJWDAA-UHFFFAOYSA-N,BIGFIHWLLJWDAA,eligible,300.362,2.953,87.14,3,5,3,22,2,0.7586,0,1,1
LIB_BIGNZUAOMJYPRO,ChEMBL,CHEMBL10731,CHEMBL10731,https://www.ebi.ac.uk/chembl/compound_report_card/CHEMBL10731/,C[N+]1(C)CCOC(O)(c2ccccc2)C1,C[N+]1(C)CCOC(O)(c2ccccc2)C1,C[N+]1(C)CCOC(O)(c2ccccc2)C1,BIGNZUAOMJYPRO-UHFFFAOYSA-N,BIGNZUAOMJYPRO,eligible,208.281,0.938,29.46,1,2,1,15,2,0.6959,1,1,1
LIB_BIGZYTUFFUUZFA,ChEMBL,CHEMBL104518,CHEMBL104518,https://www.ebi.ac.uk/chembl/compound_report_card/CHEMBL104518/,CCOC(=O)NC(=N)c1ccc(C(=O)N[C@@H](Cc2ccc(OC(C)=O)cc2)C(=O)N2CCC(OCC(=O)OC(C)C)CC2)cc1,CCOC(=O)N=C(N)c1ccc(C(=O)NC(Cc2ccc(OC(C)=O)cc2)C(=O)N2CCC(OCC(=O)OC(C)C)CC2)cc1,CCOC(=O)N=C(N)c1ccc(C(=O)NC(Cc2ccc(OC(C)=O)cc2)C(=O)N2CCC(OCC(=O)OC(C)C)CC2)cc1,BIGZYTUFFUUZFA-UHFFFAOYSA-N,BIGZYTUFFUUZFA,eligible,624.691,2.774,175.92,2,9,12,45,3,0.1546,0,1,1
LIB_BIJYEYOCTGXNJX,ChEMBL,CHEMBL107636,CHEMBL107636,https://www.ebi.ac.uk/chembl/compound_report_card/CHEMBL107636/,COc1cc2ccc(=O)oc2cc1OC/C=C(\C)C1=CC(=O)C(C)(C)O1,COc1cc2ccc(=O)oc2cc1OC/C=C(\C)C1=CC(=O)C(C)(C)O1,COc1cc2ccc(=O)oc2cc1OCC=C(C)C1=CC(=O)C(C)(C)O1,BIJYEYOCTGXNJX-KPKJPENVSA-N,BIJYEYOCTGXNJX,eligible,356.374,3.389,74.97,0,6,5,26,3,0.7647,0,1,1
LIB_BILREOZCVCVBSU,ChEMBL,CHEMBL100361,CHEMBL100361,https://www.ebi.ac.uk/chembl/compound_report_card/CHEMBL100361/,COc1c(Br)cc2cc1Oc1ccc(cc1)CC(O)COC(=O)CC2,COc1c(Br)cc2cc1Oc1ccc(cc1)CC(O)COC(=O)CC2,COc1c(Br)cc2cc1Oc1ccc(cc1)CC(O)COC(=O)CC2,BILREOZCVCVBSU-UHFFFAOYSA-N,BILREOZCVCVBSU,eligible,407.26,3.643,64.99,1,5,1,25,4,0.7318,0,1,1
LIB_BINIRIGZTGEDBI,ChEMBL,CHEMBL1085825,CHEMBL1085825,https://www.ebi.ac.uk/chembl/compound_report_card/CHEMBL1085825/,OCC12CC3CC(C1)[C@]1(OO[C@]4(CCCCC4)O1)C(C3)C2,OCC12CC3CC(C1)[C@]1(OO[C@]4(CCCCC4)O1)C(C3)C2,OCC12CC3CC(C1)C1(OOC4(CCCCC4)O1)C(C3)C2,BINIRIGZTGEDBI-OQVNMZSDSA-N,BINIRIGZTGEDBI,eligible,294.391,3.14,47.92,1,4,1,21,6,0.7548,0,1,1
LIB_BIPHWNKLZIEACU,ChEMBL,CHEMBL1085891,CHEMBL1085891,https://www.ebi.ac.uk/chembl/compound_report_card/CHEMBL1085891/,CC(C)CCn1c(=O)c(C2=NS(=O)(=O)c3cc(CCN(C)C)ccc3N2)c(O)c2ccccc21,CC(C)CCn1c(=O)c(C2=NS(=O)(=O)c3cc(CCN(C)C)ccc3N2)c(O)c2ccccc21,CC(C)CCn1c(=O)c(C2=NS(=O)(=O)c3cc(CCN(C)C)ccc3N2)c(O)c2ccccc21,BIPHWNKLZIEACU-UHFFFAOYSA-N,BIPHWNKLZIEACU,eligible,482.606,3.418,104.0,2,6,7,34,4,0.5348,0,1,1
LIB_BIRAZHDFRBLHTD,ChEMBL,CHEMBL106139,CHEMBL106139,https://www.ebi.ac.uk/chembl/compound_report_card/CHEMBL106139/,COc1ccc2nc3cc(N)ccc3c(Nc3ccc(NS(C)(=O)=O)cc3)c2c1,COc1ccc2nc3cc(N)ccc3c(Nc3ccc(NS(C)(=O)=O)cc3)c2c1,COc1ccc2nc3cc(N)ccc3c(Nc3ccc(NS(C)(=O)=O)cc3)c2c1,BIRAZHDFRBLHTD-UHFFFAOYSA-N,BIRAZHDFRBLHTD,eligible,408.483,4.094,106.34,3,6,5,29,4,0.3391,0,1,1
LIB_BISPBXFUKNXOQY,ChEMBL,CHEMBL4297378,CHEMBL4297378;CHEMBL4298137,https://www.ebi.ac.uk/chembl/compound_report_card/CHEMBL4297378/,CC1=C[C@@H]2CN(C(=O)N2OS(=O)(=O)[O-])[C@@H]1C(N)=O.[Na+],CC1=C[C@@H]2CN(C(=O)N2OS(=O)(=O)O)C1C(N)=O,CC1=CC2CN(C(=O)N2OS(=O)(=O)O)C1C(N)=O,BISPBXFUKNXOQY-LWOQYNTDSA-N,BISPBXFUKNXOQY,eligible,277.258,-1.359,130.24,2,5,3,18,2,0.4837,0,2,1
LIB_BIUCBVHMYZOBBL,ChEMBL,CHEMBL1081330,CHEMBL1081330,https://www.ebi.ac.uk/chembl/compound_report_card/CHEMBL1081330/,C[C@@H]1CCOC(=O)/C=C/C=C\C(=O)O[C@@H]2C[C@H]3O[C@@H]4[C@@H](Br)[C@](C)(O)CC[C@]4(COC(=O)[C@H]1O)[C@]2(C)[C@]31CO1,CC1CCOC(=O)/C=C/C=C\C(=O)O[C@@H]2C[C@H]3O[C@@H]4[C@@H](Br)[C@](C)(O)CC[C@]4(COC(=O)C1O)[C@]2(C)[C@]31CO1,CC1CCOC(=O)C=CC=CC(=O)OC2CC3OC4C(Br)C(C)(O)CCC4(COC(=O)C1O)C2(C)C31CO1,BIUCBVHMYZOBBL-QASXZGQASA-N,BIUCBVHMYZOBBL,eligible,599.471,1.739,141.12,2,10,0,38,5,0.1832,0,1,1
LIB_BIVUXGQVNZQBIR,ChEMBL,CHEMBL1086470,CHEMBL1086470,https://www.ebi.ac.uk/chembl/compound_report_card/CHEMBL1086470/,CNC(=O)c1cc2c(N3CCOCC3)ccc(OC)c2o1,CNC(=O)c1cc2c(N3CCOCC3)ccc(OC)c2o1,CNC(=O)c1cc2c(N3CCOCC3)ccc(OC)c2o1,BIVUXGQVNZQBIR-UHFFFAOYSA-N,BIVUXGQVNZQBIR,eligible,290.319,1.638,63.94,1,5,3,21,3,0.9307,0,1,1
LIB_BIWQPTOYHBSGJY,ChEMBL,CHEMBL102634,CHEMBL102634,https://www.ebi.ac.uk/chembl/compound_report_card/CHEMBL102634/,CN(C)C(=O)Cn1c(-c2ccccn2)nc2cccnc21,CN(C)C(=O)Cn1c(-c2ccccn2)nc2cccnc21,CN(C)C(=O)Cn1c(-c2ccccn2)nc2cccnc21,BIWQPTOYHBSGJY-UHFFFAOYSA-N,BIWQPTOYHBSGJY,eligible,281.319,1.581,63.91,0,4,3,21,3,0.7309,0,1,1
LIB_BIWXGVWTQPKBEU,ChEMBL,CHEMBL1084964,CHEMBL1084964,https://www.ebi.ac.uk/chembl/compound_report_card/CHEMBL1084964/,CCCc1nc(C)c2c(CC)nc3ccc(OC)nc3n12,CCCc1nc(C)c2c(CC)nc3ccc(OC)nc3n12,CCCc1nc(C)c2c(CC)nc3ccc(OC)nc3n12,BIWXGVWTQPKBEU-UHFFFAOYSA-N,BIWXGVWTQPKBEU,eligible,284.363,3.109,52.31,0,4,4,21,3,0.7384,0,1,1
LIB_BIXFRKNHPIGXRO,ChEMBL,CHEMBL1084742,CHEMBL1084742,https://www.ebi.ac.uk/chembl/compound_report_card/CHEMBL1084742/,CCCCCC(=O)Nc1sc([N+](=O)[O-])cc1[N+](=O)[O-],CCCCCC(=O)Nc1sc([N+](=O)[O-])cc1[N+](=O)[O-],CCCCCC(=O)Nc1sc([N+](=O)[O-])cc1[N+](=O)[O-],BIXFRKNHPIGXRO-UHFFFAOYSA-N,BIXFRKNHPIGXRO,eligible,287.297,3.083,115.38,1,6,7,19,1,0.4697,0,1,1
LIB_BIXNVCGHAZAOLY,ChEMBL,CHEMBL10733,CHEMBL10733,https://www.ebi.ac.uk/chembl/compound_report_card/CHEMBL10733/,COc1ccc(C2(O)OC(=O)C(c3ccc4c(c3)OCO4)=C2Cc2ccc(Cl)cc2)cc1,COc1ccc(C2(O)OC(=O)C(c3ccc4c(c3)OCO4)=C2Cc2ccc(Cl)cc2)cc1,COc1ccc(C2(O)OC(=O)C(c3ccc4c(c3)OCO4)=C2Cc2ccc(Cl)cc2)cc1,BIXNVCGHAZAOLY-UHFFFAOYSA-N,BIXNVCGHAZAOLY,eligible,450.874,4.476,74.22,1,6,5,32,5,0.5778,0,1,1
LIB_BIXSTJUYDSCGLQ,ChEMBL,CHEMBL1078746,CHEMBL1078746,https://www.ebi.ac.uk/chembl/compound_report_card/CHEMBL1078746/,NC(=O)/N=C(/NCCCCc1ccccc1)NCCCc1c[nH]cn1,NC(=O)N=C(NCCCCc1ccccc1)NCCCc1c[nH]cn1,NC(=O)N=C(NCCCCc1ccccc1)NCCCc1c[nH]cn1,BIXSTJUYDSCGLQ-UHFFFAOYSA-N,BIXSTJUYDSCGLQ,eligible,342.447,1.979,108.19,4,2,9,25,2,0.3173,0,1,1
LIB_BIZAJDCIOZNYLQ,ChEMBL,CHEMBL1084916,CHEMBL1084916,https://www.ebi.ac.uk/chembl/compound_report_card/CHEMBL1084916/,O=C(CCc1ccc(O)cc1)c1ccc(O[C@@H]2O[C@H](CO)[C@@H](O)[C@H](O)[C@H]2O)cc1O,O=C(CCc1ccc(O)cc1)c1ccc(O[C@@H]2O[C@H](CO)[C@@H](O)[C@H](O)[C@H]2O)cc1O,O=C(CCc1ccc(O)cc1)c1ccc(OC2OC(CO)C(O)C(O)C2O)cc1O,BIZAJDCIOZNYLQ-YMQHIKHWSA-N,BIZAJDCIOZNYLQ,eligible,420.414,0.092,156.91,6,9,7,30,3,0.3417,0,1,1
LIB_BIZAQJIRMUXGHM,ChEMBL,CHEMBL108192,CHEMBL108192,https://www.ebi.ac.uk/chembl/compound_report_card/CHEMBL108192/,CCOC(=O)C1CCCCN1C(=O)C(=O)C1(O)CCCCC1,CCOC(=O)C1CCCCN1C(=O)C(=O)C1(O)CCCCC1,CCOC(=O)C1CCCCN1C(=O)C(=O)C1(O)CCCCC1,BIZAQJIRMUXGHM-UHFFFAOYSA-N,BIZAQJIRMUXGHM,eligible,311.378,1.195,83.91,1,5,4,22,2,0.6227,0,1,1
LIB_BJADGMWGANECBM,ChEMBL,CHEMBL1076695,CHEMBL1076695,https://www.ebi.ac.uk/chembl/compound_report_card/CHEMBL1076695/,COc1cccc(C2=NNC(=O)/C2=N\Nc2ccc(Cl)cc2)c1,COc1cccc(-c2[nH][nH]c(=O)c2N=Nc2ccc(Cl)cc2)c1,COc1cccc(-c2[nH][nH]c(=O)c2N=Nc2ccc(Cl)cc2)c1,BJADGMWGANECBM-UHFFFAOYSA-N,BJADGMWGANECBM,eligible,328.759,4.447,82.6,2,4,4,23,3,0.6935,0,1,1
LIB_BJBJKLHEXNYDIT,ChEMBL,CHEMBL105622,CHEMBL105622,https://www.ebi.ac.uk/chembl/compound_report_card/CHEMBL105622/,COc1cc2ncnc(N3CCN(C(=O)Nc4ccc(Oc5ccccc5OC)cc4)CC3)c2cc1OC,COc1cc2ncnc(N3CCN(C(=O)Nc4ccc(Oc5ccccc5OC)cc4)CC3)c2cc1OC,COc1cc2ncnc(N3CCN(C(=O)Nc4ccc(Oc5ccccc5OC)cc4)CC3)c2cc1OC,BJBJKLHEXNYDIT-UHFFFAOYSA-N,BJBJKLHEXNYDIT,eligible,515.57,4.802,98.28,1,8,7,38,5,0.3748,0,1,1
LIB_BJCDGEPFKSLHPU,ChEMBL,CHEMBL1081905,CHEMBL1081905,https://www.ebi.ac.uk/chembl/compound_report_card/CHEMBL1081905/,O=C(Oc1cccc(-c2ccccc2)c1)N1CCN(c2ncccc2C(F)(F)F)CC1,O=C(Oc1cccc(-c2ccccc2)c1)N1CCN(c2ncccc2C(F)(F)F)CC1,O=C(Oc1cccc(-c2ccccc2)c1)N1CCN(c2ncccc2C(F)(F)F)CC1,BJCDGEPFKSLHPU-UHFFFAOYSA-N,BJCDGEPFKSLHPU,eligible,427.426,5.088,45.67,0,4,3,31,4,0.5844,0,1,1
LIB_BJCYIUFNJBZZJG,ChEMBL,CHEMBL107964,CHEMBL107964,https://www.ebi.ac.uk/chembl/compound_report_card/CHEMBL107964/,CN(CC(=O)O)NC(=O)C[C@H](N)Cc1csc(CCNC(=O)OC(C)(C)C)n1,CN(CC(=O)O)NC(=O)C[C@H](N)Cc1csc(CCNC(=O)OC(C)(C)C)n1,CN(CC(=O)O)NC(=O)CC(N)Cc1csc(CCNC(=O)OC(C)(C)C)n1,BJCYIUFNJBZZJG-LLVKDONJSA-N,BJCYIUFNJBZZJG,eligible,415.516,0.518,146.88,4,8,10,28,1,0.4044,0,1,1
LIB_BJDCWCLMFKKGEE,ChEMBL,CHEMBL307261,CHEMBL307261,https://www.ebi.ac.uk/chembl/compound_report_card/CHEMBL307261/,C[C@H]1[C@@H](O)O[C@@H]2O[C@@]3(C)CC[C@H]4[C@H](C)CC[C@@H]1[C@@]24OO3,C[C@H]1[C@@H](O)O[C@@H]2O[C@@]3(C)CC[C@H]4[C@H](C)CC[C@@H]1[C@@]24OO3,CC1CCC2C(C)C(O)OC3OC4(C)CCC1C32OO4,BJDCWCLMFKKGEE-ISOSDAIHSA-N,BJDCWCLMFKKGEE,eligible,284.352,2.187,57.15,1,5,0,20,5,0.691,0,1,1
LIB_BJDMHAYLPGRUFH,ChEMBL,CHEMBL1085427,CHEMBL1085427,https://www.ebi.ac.uk/chembl/compound_report_card/CHEMBL1085427/,CC(OC(=O)/C=C\c1ccc(O)cc1)C(=O)[C@H]1C[C@@H]1[C@H](O)[C@H]1CC=CC(=O)O1,CC(OC(=O)C=Cc1ccc(O)cc1)C(=O)C1C[C@@H]1[C@H](O)[C@H]1CC=CC(=O)O1,CC(OC(=O)C=Cc1ccc(O)cc1)C(=O)C1CC1C(O)C1CC=CC(=O)O1,BJDMHAYLPGRUFH-NROWQKGHSA-N,BJDMHAYLPGRUFH,eligible,386.4,1.775,110.13,2,7,7,28,3,0.5428,0,1,1
LIB_BJELFHYWVLRPQI,ChEMBL,CHEMBL1084167,CHEMBL1084167,https://www.ebi.ac.uk/chembl/compound_report_card/CHEMBL1084167/,CC(=O)Nc1cccc2n1cc(-c1ccc(OC(=O)N(C)C)cc1)[n+]2C.[Cl-],CC(=O)Nc1cccc2n1cc(-c1ccc(OC(=O)N(C)C)cc1)[n+]2C,CC(=O)Nc1cccc2n1cc(-c1ccc(OC(=O)N(C)C)cc1)[n+]2C,BJELFHYWVLRPQI-UHFFFAOYSA-O,BJELFHYWVLRPQI,eligible,353.402,2.45,66.93,1,3,3,26,3,0.7357,1,1,1
LIB_BJFMFEYQCRMJSU,ChEMBL,CHEMBL107677,CHEMBL107677,https://www.ebi.ac.uk/chembl/compound_report_card/CHEMBL107677/,COc1cc2ncc(NC3CCCC(C)C3)nc2cc1OC,COc1cc2ncc(NC3CCCC(C)C3)nc2cc1OC,COc1cc2ncc(NC3CCCC(C)C3)nc2cc1OC,BJFMFEYQCRMJSU-UHFFFAOYSA-N,BJFMFEYQCRMJSU,eligible,301.39,3.638,56.27,1,5,4,22,3,0.9341,0,1,1
LIB_BJFMJOVUIYXTOP,ChEMBL,CHEMBL106433,CHEMBL106433,https://www.ebi.ac.uk/chembl/compound_report_card/CHEMBL106433/,CCOC(=O)c1nc2c(O)nc3cc(-n4cnnc4)ccc3n2n1,CCOC(=O)c1nc2c(=O)[nH]c3cc(-n4cnnc4)ccc3n2n1,CCOC(=O)c1nc2c(=O)[nH]c3cc(-n4cnnc4)ccc3n2n1,BJFMJOVUIYXTOP-UHFFFAOYSA-N,BJFMJOVUIYXTOP,eligible,325.288,0.328,120.06,1,7,3,24,4,0.5387,0,1,1
LIB_BJFQJSHIKCEXET,ChEMBL,CHEMBL1083630,CHEMBL1083630,https://www.ebi.ac.uk/chembl/compound_report_card/CHEMBL1083630/,O=C(O)c1ccc2c(c1)[C@@H]1C=CC[C@@H]1[C@@H](c1ccc(Cl)cc1)N2,O=C(O)c1ccc2c(c1)[C@@H]1C=CC[C@@H]1[C@@H](c1ccc(Cl)cc1)N2,O=C(O)c1ccc2c(c1)C1C=CCC1C(c1ccc(Cl)cc1)N2,BJFQJSHIKCEXET-RVKKMQEKSA-N,BJFQJSHIKCEXET,eligible,325.795,4.865,49.33,2,2,2,23,4,0.7748,0,1,1
LIB_BJHATVOJVIMORR,ChEMBL,CHEMBL1078821,CHEMBL1078821,https://www.ebi.ac.uk/chembl/compound_report_card/CHEMBL1078821/,CN(CCCCOc1cccc([N+](=O)[O-])c1)CC(O)(Cn1cncn1)c1ccc(F)cc1F,CN(CCCCOc1cccc([N+](=O)[O-])c1)CC(O)(Cn1cncn1)c1ccc(F)cc1F,CN(CCCCOc1cccc([N+](=O)[O-])c1)CC(O)(Cn1cncn1)c1ccc(F)cc1F,BJHATVOJVIMORR-UHFFFAOYSA-N,BJHATVOJVIMORR,eligible,461.469,3.143,106.55,1,7,12,33,3,0.2509,0,1,1
LIB_BJIPVHLRWSDKOS,ChEMBL,CHEMBL1079460,CHEMBL1079460,https://www.ebi.ac.uk/chembl/compound_report_card/CHEMBL1079460/,O=S1(=O)N(CCN2CC=C(c3c[nH]c4cc(F)ccc34)CC2)c2cccc3c2N1CCC3,O=S1(=O)N(CCN2CC=C(c3c[nH]c4cc(F)ccc34)CC2)c2cccc3c2N1CCC3,O=S1(=O)N(CCN2CC=C(c3c[nH]c4cc(F)ccc34)CC2)c2cccc3c2N1CCC3,BJIPVHLRWSDKOS-UHFFFAOYSA-N,BJIPVHLRWSDKOS,eligible,452.555,3.914,59.65,1,3,4,32,6,0.653,0,1,1
LIB_BJLFAWYQMLKBLH,ChEMBL,CHEMBL1077086,CHEMBL1077086,https://www.ebi.ac.uk/chembl/compound_report_card/CHEMBL1077086/,CC1=C(C(=O)Nc2cccc([N+](=O)[O-])c2)C(c2ccc(O)cc2O)NC(NN2C(=O)/C(=C\c3ccccc3)SC2=S)=N1,CC1=NC(NN2C(=O)/C(=C\c3ccccc3)SC2=S)=NC(c2ccc(O)cc2O)C1C(=O)Nc1cccc([N+](=O)[O-])c1,CC1=NC(NN2C(=O)C(=Cc3ccccc3)SC2=S)=NC(c2ccc(O)cc2O)C1C(=O)Nc1cccc([N+](=O)[O-])c1,BJLFAWYQMLKBLH-WSDLNYQXSA-N,BJLFAWYQMLKBLH,eligible,602.654,4.539,169.76,4,11,6,42,5,0.1369,0,1,1
LIB_BJMIKZWUVZZRBG,ChEMBL,CHEMBL107834,CHEMBL107834,https://www.ebi.ac.uk/chembl/compound_report_card/CHEMBL107834/,NC(=NCCCC(=O)O)NO,NC(=NO)NCCCC(=O)O,NC(=NO)NCCCC(=O)O,BJMIKZWUVZZRBG-UHFFFAOYSA-N,BJMIKZWUVZZRBG,eligible,161.161,-0.855,107.94,4,3,4,11,0,0.141,0,1,1
LIB_BJOFGKRNOGKOBE,ChEMBL,CHEMBL107866,CHEMBL107866,https://www.ebi.ac.uk/chembl/compound_report_card/CHEMBL107866/,O=C(C(=O)N1CCCCC1C(=O)NCCCc1ccccc1)C1CCCCC1,O=C(C(=O)N1CCCCC1C(=O)NCCCc1ccccc1)C1CCCCC1,O=C(C(=O)N1CCCCC1C(=O)NCCCc1ccccc1)C1CCCCC1,BJOFGKRNOGKOBE-UHFFFAOYSA-N,BJOFGKRNOGKOBE,eligible,384.52,3.266,66.48,1,3,7,28,3,0.5795,0,1,1
LIB_BJOHUNZQBNULNC,ChEMBL,CHEMBL1200878,CHEMBL1200878,https://www.ebi.ac.uk/chembl/compound_report_card/CHEMBL1200878/,CC(C)(C)CC(=O)OCC(=O)[C@@]12OC(C)(C)O[C@@H]1C[C@H]1[C@@H]3CCC4=CC(=O)C=C[C@]4(C)[C@@]3(F)[C@@H](O)C[C@@]12C,CC(C)(C)CC(=O)OCC(=O)[C@@]12OC(C)(C)O[C@@H]1C[C@H]1[C@@H]3CC=C4CC(=O)C=C[C@]4(C)[C@@]3(F)[C@@H](O)C[C@@]12C,CC(C)(C)CC(=O)OCC(=O)C12OC(C)(C)OC1CC1C3CC=C4CC(=O)C=CC4(C)C3(F)C(O)CC12C,BJOHUNZQBNULNC-FLRHRWPCSA-N,BJOHUNZQBNULNC,eligible,532.649,4.406,99.13,1,7,4,38,5,0.4231,0,1,1
LIB_BJOLKYGKSZKIGU,ChEMBL,CHEMBL1200367,CHEMBL1200367;CHEMBL1201341,https://www.ebi.ac.uk/chembl/compound_report_card/CHEMBL1200367/,CCOP(=O)(OCC)SCC[N+](C)(C)C.[I-],CCOP(=O)(OCC)SCC[N+](C)(C)C,CCOP(=O)(OCC)SCC[N+](C)(C)C,BJOLKYGKSZKIGU-UHFFFAOYSA-N,BJOLKYGKSZKIGU,eligible,256.328,2.607,35.53,0,4,8,15,0,0.4938,1,2,1
LIB_BJONTZUVDXQNAB,ChEMBL,CHEMBL1083890,CHEMBL1083890,https://www.ebi.ac.uk/chembl/compound_report_card/CHEMBL1083890/,CC(C)(C)[C@@H](NC(=O)OC1CCCC1)C(=O)N1C[C@H](Oc2nccc3ccccc23)C[C@H]1C(=O)N[C@@H]1B(O)OC[C@@H]1C1CC1,CC(C)(C)C(NC(=O)OC1CCCC1)C(=O)N1C[C@H](Oc2nccc3ccccc23)CC1C(=O)N[C@@H]1B(O)OC[C@@H]1C1CC1,CC(C)(C)C(NC(=O)OC1CCCC1)C(=O)N1CC(Oc2nccc3ccccc23)CC1C(=O)NC1B(O)OCC1C1CC1,BJONTZUVDXQNAB-GPCFQQHGSA-N,BJONTZUVDXQNAB,eligible,606.529,3.228,139.32,3,8,8,44,6,0.3897,0,1,1
LIB_BJPCBXUIPGTZBB,ChEMBL,CHEMBL1081087,CHEMBL1081087,https://www.ebi.ac.uk/chembl/compound_report_card/CHEMBL1081087/,O=C(/C=C/c1c(F)cccc1F)c1ccc(N2CC=CC2)cn1,O=C(/C=C/c1c(F)cccc1F)c1ccc(N2CC=CC2)cn1,O=C(C=Cc1c(F)cccc1F)c1ccc(N2CC=CC2)cn1,BJPCBXUIPGTZBB-VQHVLOKHSA-N,BJPCBXUIPGTZBB,eligible,312.319,3.632,33.2,0,3,4,23,3,0.4909,0,1,1
LIB_BJROBWWQGSRYNG,ChEMBL,CHEMBL108238,CHEMBL108238,https://www.ebi.ac.uk/chembl/compound_report_card/CHEMBL108238/,CO/C(O)=C1\C(C)=NC(C)=C(C(=O)OCCSC)C1C,COC(=O)C1=C(C)N=C(C)C(C(=O)OCCSC)C1C,COC(=O)C1=C(C)N=C(C)C(C(=O)OCCSC)C1C,BJROBWWQGSRYNG-UHFFFAOYSA-N,BJROBWWQGSRYNG,eligible,299.392,2.066,64.96,0,6,5,20,1,0.5741,0,1,1
LIB_BJRSEESXGBPFKR,ChEMBL,CHEMBL1084288,CHEMBL1084288,https://www.ebi.ac.uk/chembl/compound_report_card/CHEMBL1084288/,O=C(NCc1ccncc1)c1ccccc1-c1cccs1,O=C(NCc1ccncc1)c1ccccc1-c1cccs1,O=C(NCc1ccncc1)c1ccccc1-c1cccs1,BJRSEESXGBPFKR-UHFFFAOYSA-N,BJRSEESXGBPFKR,eligible,294.379,3.74,41.99,1,3,4,21,3,0.7962,0,1,1
LIB_BJSHRSBHYAVRGG,ChEMBL,CHEMBL1079333,CHEMBL1079333,https://www.ebi.ac.uk/chembl/compound_report_card/CHEMBL1079333/,O=S(=O)(Nc1ccncc1Nc1ccc(Cl)cc1)C(F)(F)F,O=S(=O)(Nc1ccncc1Nc1ccc(Cl)cc1)C(F)(F)F,O=S(=O)(Nc1ccncc1Nc1ccc(Cl)cc1)C(F)(F)F,BJSHRSBHYAVRGG-UHFFFAOYSA-N,BJSHRSBHYAVRGG,eligible,351.737,3.74,71.09,2,4,4,22,2,0.8799,0,1,1
LIB_BJTOQXDHWPSSDG,ChEMBL,CHEMBL1085704,CHEMBL1085704,https://www.ebi.ac.uk/chembl/compound_report_card/CHEMBL1085704/,CCC1(C)C(=O)N(c2ccc(C#N)c(C(F)(F)F)c2)C(=S)N1c1ccc(C)cc1,CCC1(C)C(=O)N(c2ccc(C#N)c(C(F)(F)F)c2)C(=S)N1c1ccc(C)cc1,CCC1(C)C(=O)N(c2ccc(C#N)c(C(F)(F)F)c2)C(=S)N1c1ccc(C)cc1,BJTOQXDHWPSSDG-UHFFFAOYSA-N,BJTOQXDHWPSSDG,eligible,417.456,5.192,47.34,0,3,3,29,3,0.6449,0,1,1
LIB_BJVVMKUXKQHWJK,ChEMBL,CHEMBL1200802,CHEMBL1200802,https://www.ebi.ac.uk/chembl/compound_report_card/CHEMBL1200802/,C=CCC1(C(C)CC)C(=O)NC(=O)NC1=O,C=CCC1(C(C)CC)C(=O)NC(=O)NC1=O,C=CCC1(C(C)CC)C(=O)NC(=O)NC1=O,BJVVMKUXKQHWJK-UHFFFAOYSA-N,BJVVMKUXKQHWJK,eligible,224.26,0.961,75.27,2,3,4,16,1,0.5514,0,1,1
LIB_BJWJSFCBOIUATF,ChEMBL,CHEMBL408,CHEMBL408,https://www.ebi.ac.uk/chembl/compound_report_card/CHEMBL408/,Cc1c(C)c2c(c(C)c1O)CCC(C)(COc1ccc(CC3SC(=O)NC3=O)cc1)O2,Cc1c(C)c2c(c(C)c1O)CCC(C)(COc1ccc(Cc3sc(=O)[nH]c3O)cc1)O2,Cc1c(C)c2c(c(C)c1O)CCC(C)(COc1ccc(Cc3sc(=O)[nH]c3O)cc1)O2,BJWJSFCBOIUATF-UHFFFAOYSA-N,BJWJSFCBOIUATF,eligible,441.549,4.526,91.78,3,6,5,31,4,0.5412,0,1,1
LIB_BJXHMWHTAMWFJD,ChEMBL,CHEMBL1085693,CHEMBL1085693,https://www.ebi.ac.uk/chembl/compound_report_card/CHEMBL1085693/,O=C(Nc1ccc(CCNC[C@H](O)c2cccnc2)cc1)c1nc2ccccc2[nH]1,O=C(Nc1ccc(CCNC[C@H](O)c2cccnc2)cc1)c1nc2ccccc2[nH]1,O=C(Nc1ccc(CCNCC(O)c2cccnc2)cc1)c1nc2ccccc2[nH]1,BJXHMWHTAMWFJD-NRFANRHFSA-N,BJXHMWHTAMWFJD,eligible,401.47,3.076,102.93,4,5,8,30,4,0.3399,0,1,1
LIB_BJXTWYLLSITRJP,ChEMBL,CHEMBL101261,CHEMBL101261,https://www.ebi.ac.uk/chembl/compound_report_card/CHEMBL101261/,N=C(N)c1ccc(OCCOc2ccc(-c3nc4cc(C(=N)N)ccc4[nH]3)cc2)cc1,N=C(N)c1ccc(OCCOc2ccc(-c3nc4cc(C(=N)N)ccc4[nH]3)cc2)cc1,N=C(N)c1ccc(OCCOc2ccc(-c3nc4cc(C(=N)N)ccc4[nH]3)cc2)cc1,BJXTWYLLSITRJP-UHFFFAOYSA-N,BJXTWYLLSITRJP,eligible,414.469,3.256,146.88,5,5,8,31,4,0.1705,0,1,1
LIB_BJYLYJCXYAMOFT,ChEMBL,CHEMBL2105611,CHEMBL2105611,https://www.ebi.ac.uk/chembl/compound_report_card/CHEMBL2105611/,C=C1/C(=C\C=C2/CCC[C@]3(C)[C@@H]([C@H](C)CC[C@@H](O)C(C)C)CC[C@@H]23)C[C@@H](O)C[C@@H]1O,C=C1/C(=C\C=C2/CCC[C@]3(C)[C@@H]([C@H](C)CC[C@@H](O)C(C)C)CC[C@@H]23)C[C@@H](O)C[C@@H]1O,C=C1C(=CC=C2CCCC3(C)C2CCC3C(C)CCC(O)C(C)C)CC(O)CC1O,BJYLYJCXYAMOFT-RSFVBTMBSA-N,BJYLYJCXYAMOFT,eligible,416.646,5.561,60.69,3,3,6,30,3,0.5311,0,1,1
LIB_BJYXEHDRIZFVQO,ChEMBL,CHEMBL106981,CHEMBL106981,https://www.ebi.ac.uk/chembl/compound_report_card/CHEMBL106981/,COc1cc(CC(=O)OCC2=C[C@H]3[C@@H]4C(C)(C)[C@]4(OC(C)=O)C(=O)[C@@H](C)[C@]3(O)[C@@H]3C=C(C)C(=O)[C@@]3(O)C2)ccc1O,COc1cc(CC(=O)OCC2=C[C@H]3[C@@H]4C(C)(C)[C@]4(OC(C)=O)C(=O)C(C)[C@]3(O)C3=CC(C)C(=O)[C@@]3(O)C2)ccc1O,COc1cc(CC(=O)OCC2=CC3C4C(C)(C)C4(OC(C)=O)C(=O)C(C)C3(O)C3=CC(C)C(=O)C3(O)C2)ccc1O,BJYXEHDRIZFVQO-UUJNOTLKSA-N,BJYXEHDRIZFVQO,eligible,568.619,2.217,156.66,3,10,6,41,5,0.3434,0,1,1
LIB_BKCSZOHESJTBQU,ChEMBL,CHEMBL1083291,CHEMBL1083291,https://www.ebi.ac.uk/chembl/compound_report_card/CHEMBL1083291/,C[C@@H]1COC[C@H](C)N1C(=O)C1CCN(c2ccc(S(=O)(=O)C3(C(=O)NO)CCOCC3)cc2)CC1,C[C@@H]1COC[C@H](C)N1C(=O)C1CCN(c2ccc(S(=O)(=O)C3(C(O)=NO)CCOCC3)cc2)CC1,CC1COCC(C)N1C(=O)C1CCN(c2ccc(S(=O)(=O)C3(C(O)=NO)CCOCC3)cc2)CC1,BKCSZOHESJTBQU-HDICACEKSA-N,BKCSZOHESJTBQU,eligible,509.625,2.207,128.97,2,8,5,35,4,0.2676,0,1,1
LIB_BKCZXPVWUVICKC,ChEMBL,CHEMBL1084932,CHEMBL1084932,https://www.ebi.ac.uk/chembl/compound_report_card/CHEMBL1084932/,Cc1ccc(NC(=O)/C=C/C(=O)O)cc1C,Cc1ccc(NC(=O)/C=C/C(=O)O)cc1C,Cc1ccc(NC(=O)C=CC(=O)O)cc1C,BKCZXPVWUVICKC-AATRIKPKSA-N,BKCZXPVWUVICKC,eligible,219.24,1.883,66.4,2,2,3,16,1,0.7626,0,1,1
LIB_BKDITHGGNIFOAK,ChEMBL,CHEMBL108677,CHEMBL108677,https://www.ebi.ac.uk/chembl/compound_report_card/CHEMBL108677/,Cc1csc2nc(Cc3cccc(NC(=O)c4ccc(NO)cc4)c3)oc(=O)c12,Cc1csc2nc(Cc3cccc(NC(=O)c4ccc(NO)cc4)c3)oc(=O)c12,Cc1csc2nc(Cc3cccc(NC(=O)c4ccc(NO)cc4)c3)oc(=O)c12,BKDITHGGNIFOAK-UHFFFAOYSA-N,BKDITHGGNIFOAK,eligible,407.451,4.202,104.46,3,7,5,29,4,0.4284,0,1,1
LIB_BKDPODVOOWQEGE,ChEMBL,CHEMBL1083667,CHEMBL1083667,https://www.ebi.ac.uk/chembl/compound_report_card/CHEMBL1083667/,C=CCc1ccccc1OCC(O)CN1CCOCC1,C=CCc1ccccc1OCC(O)CN1CCOCC1,C=CCc1ccccc1OCC(O)CN1CCOCC1,BKDPODVOOWQEGE-UHFFFAOYSA-N,BKDPODVOOWQEGE,eligible,277.364,1.487,41.93,1,4,7,20,2,0.7668,0,1,1
LIB_BKDQVRCFIJMWOR,ChEMBL,CHEMBL105354,CHEMBL105354;CHEMBL107742,https://www.ebi.ac.uk/chembl/compound_report_card/CHEMBL105354/,Cc1ccc(CN2CCN(CC(=O)N3c4ccccc4C[C@@H]3C)CC2)cc1,Cc1ccc(CN2CCN(CC(=O)N3c4ccccc4C[C@@H]3C)CC2)cc1,Cc1ccc(CN2CCN(CC(=O)N3c4ccccc4CC3C)CC2)cc1,BKDQVRCFIJMWOR-IBGZPJMESA-N,BKDQVRCFIJMWOR,eligible,363.505,3.09,26.79,0,3,4,27,4,0.8352,0,2,2
LIB_BKDUVIWIGOWQNK,ChEMBL,CHEMBL1081662,CHEMBL1081662,https://www.ebi.ac.uk/chembl/compound_report_card/CHEMBL1081662/,CO/N=C1\C2CCCC1(C)C(c1cccc(OC)c1)NC2c1cccc(OC)c1,CO/N=C1\C2CCCC1(C)C(c1cccc(OC)c1)NC2c1cccc(OC)c1,CON=C1C2CCCC1(C)C(c1cccc(OC)c1)NC2c1cccc(OC)c1,BKDUVIWIGOWQNK-WNAAXNPUSA-N,BKDUVIWIGOWQNK,eligible,394.515,4.898,52.08,1,5,5,29,4,0.7332,0,1,1
LIB_BKFRXAWCRFDZCU,ChEMBL,CHEMBL1079952,CHEMBL1079952,https://www.ebi.ac.uk/chembl/compound_report_card/CHEMBL1079952/,CS(=O)(=O)Nc1ccc2c(c1)S(=O)(=O)N=C(C1=C(O)[C@@H]3C4CCC(CC4)[C@@H]3N(Cc3cccs3)C1=O)N2,CS(=O)(=O)Nc1ccc2c(c1)S(=O)(=O)N=C(C1C(=O)C3C4CCC(CC4)[C@@H]3N(Cc3cccs3)C1=O)N2,CS(=O)(=O)Nc1ccc2c(c1)S(=O)(=O)N=C(C1C(=O)C3C4CCC(CC4)C3N(Cc3cccs3)C1=O)N2,BKFRXAWCRFDZCU-LQHWMYIZSA-N,BKFRXAWCRFDZCU,eligible,562.695,2.665,142.08,2,8,5,37,7,0.5337,0,1,1
LIB_BKGLPAQWGRAOEM,ChEMBL,CHEMBL1083144,CHEMBL1083144,https://www.ebi.ac.uk/chembl/compound_report_card/CHEMBL1083144/,CCCCCn1c2ccc(C3CCCCO3)cc2c2c3c(c4c(c21)CCc1nn(C)cc1-4)C(=O)NC3,CCCCCn1c2ccc(C3CCCCO3)cc2c2c3c(c4c(c21)CCc1nn(C)cc1-4)C(=O)NC3,CCCCCn1c2ccc(C3CCCCO3)cc2c2c3c(c4c(c21)CCc1nn(C)cc1-4)C(=O)NC3,BKGLPAQWGRAOEM-UHFFFAOYSA-N,BKGLPAQWGRAOEM,eligible,482.628,5.969,61.08,1,3,5,36,7,0.3567,0,1,1
LIB_BKHWOWXMPNRNDP,ChEMBL,CHEMBL1083324,CHEMBL1083324,https://www.ebi.ac.uk/chembl/compound_report_card/CHEMBL1083324/,CN(C(=O)C1(c2ccc(Cl)cc2)CCCCC1)c1ccccc1,CN(C(=O)C1(c2ccc(Cl)cc2)CCCCC1)c1ccccc1,CN(C(=O)C1(c2ccc(Cl)cc2)CCCCC1)c1ccccc1,BKHWOWXMPNRNDP-UHFFFAOYSA-N,BKHWOWXMPNRNDP,eligible,327.855,5.205,20.31,0,1,3,23,3,0.7579,0,1,1
LIB_BKICPQNUUUABHX,ChEMBL,CHEMBL102033,CHEMBL102033,https://www.ebi.ac.uk/chembl/compound_report_card/CHEMBL102033/,CCOC(=O)c1sc(Nc2nc(NCc3ccc(S(C)(=O)=O)cc3)c3c(ncn3CC)n2)nc1C,CCOC(=O)c1sc(Nc2nc(NCc3ccc(S(C)(=O)=O)cc3)c3c(ncn3CC)n2)nc1C,CCOC(=O)c1sc(Nc2nc(NCc3ccc(S(C)(=O)=O)cc3)c3c(ncn3CC)n2)nc1C,BKICPQNUUUABHX-UHFFFAOYSA-N,BKICPQNUUUABHX,eligible,515.621,3.547,140.99,2,11,9,35,4,0.3179,0,1,1
LIB_BKIITODBJFJABE,ChEMBL,CHEMBL1078331,CHEMBL1078331,https://www.ebi.ac.uk/chembl/compound_report_card/CHEMBL1078331/,C=C(C)[C@@H]1C/C=C(/C=O)CC[C@H]2O[C@]2(C)CC/C=C(\C)CC1,C=C(C)[C@@H]1C/C=C(/C=O)CC[C@H]2O[C@]2(C)CC/C=C(\C)CC1,C=C(C)C1CC=C(C=O)CCC2OC2(C)CCC=C(C)CC1,BKIITODBJFJABE-HHZYLZNASA-N,BKIITODBJFJABE,eligible,302.458,5.152,29.6,0,2,2,22,2,0.4008,0,1,1
LIB_BKMHYGNNLXNEBR,ChEMBL,CHEMBL1079755,CHEMBL1079755,https://www.ebi.ac.uk/chembl/compound_report_card/CHEMBL1079755/,CC(C)(CO)Cn1c(NCc2ccccc2Cl)nc2nc(C(N)=O)ccc21,CC(C)(CO)Cn1c(NCc2ccccc2Cl)nc2nc(C(N)=O)ccc21,CC(C)(CO)Cn1c(NCc2ccccc2Cl)nc2nc(C(N)=O)ccc21,BKMHYGNNLXNEBR-UHFFFAOYSA-N,BKMHYGNNLXNEBR,eligible,387.871,2.814,106.06,3,5,7,27,3,0.5776,0,1,1
LIB_BKOZXYDJNCUNBD,ChEMBL,CHEMBL10105,CHEMBL10105,https://www.ebi.ac.uk/chembl/compound_report_card/CHEMBL10105/,CC(C)Oc1ccccc1N1CCN(Cc2ccccc2CN2CCCCC2=O)CC1,CC(C)Oc1ccccc1N1CCN(Cc2ccccc2CN2CCCCC2=O)CC1,CC(C)Oc1ccccc1N1CCN(Cc2ccccc2CN2CCCCC2=O)CC1,BKOZXYDJNCUNBD-UHFFFAOYSA-N,BKOZXYDJNCUNBD,eligible,421.585,4.309,36.02,0,4,7,31,4,0.6675,0,1,1
LIB_BKQCTMOROFZQNH,ChEMBL,CHEMBL107751,CHEMBL107751,https://www.ebi.ac.uk/chembl/compound_report_card/CHEMBL107751/,CC(C)(N)C(=O)N[C@H](CCCc1ccccc1)C(=O)N1CCC2(CC1)CN(S(C)(=O)=O)c1ccccc12,CC(C)(N)C(=O)NC(CCCc1ccccc1)C(=O)N1CCC2(CC1)CN(S(C)(=O)=O)c1ccccc12,CC(C)(N)C(=O)NC(CCCc1ccccc1)C(=O)N1CCC2(CC1)CN(S(C)(=O)=O)c1ccccc12,BKQCTMOROFZQNH-UHFFFAOYSA-N,BKQCTMOROFZQNH,eligible,526.703,2.571,112.81,2,5,8,37,4,0.5491,0,1,1
LIB_BKSQBCMGLROBAX,ChEMBL,CHEMBL1079540,CHEMBL1079540,https://www.ebi.ac.uk/chembl/compound_report_card/CHEMBL1079540/,Cc1coc2c1C(=O)C1=C(C2=O)[C@@]23CCCC(C)(C)[C@@H]2C[C@@H]1OC3=O,Cc1coc2c1C(=O)C1=C(C2=O)[C@@]23CCCC(C)(C)[C@@H]2C[C@@H]1OC3=O,Cc1coc2c1C(=O)C1=C(C2=O)C23CCCC(C)(C)C2CC1OC3=O,BKSQBCMGLROBAX-SULUTDIPSA-N,BKSQBCMGLROBAX,eligible,340.375,3.405,73.58,0,5,0,25,6,0.6768,0,1,1
LIB_BKTAESZQYPNAHH,ChEMBL,CHEMBL1086940,CHEMBL1086940,https://www.ebi.ac.uk/chembl/compound_report_card/CHEMBL1086940/,CCOC(=O)c1cc(-c2sc(-c3ccccc3)nc2N2CCCCC2)n[nH]1,CCOC(=O)c1cc(-c2sc(-c3ccccc3)nc2N2CCCCC2)[nH]n1,CCOC(=O)c1cc(-c2sc(-c3ccccc3)nc2N2CCCCC2)[nH]n1,BKTAESZQYPNAHH-UHFFFAOYSA-N,BKTAESZQYPNAHH,eligible,382.489,4.367,71.11,1,6,5,27,4,0.6637,0,1,1
LIB_BKTUBUVPPGLBKD,ChEMBL,CHEMBL1085706,CHEMBL1085706,https://www.ebi.ac.uk/chembl/compound_report_card/CHEMBL1085706/,Cc1c(-c2ccnc(N)n2)sc2ccc(-c3ccccc3)cc12,Cc1c(-c2ccnc(N)n2)sc2ccc(-c3ccccc3)cc12,Cc1c(-c2ccnc(N)n2)sc2ccc(-c3ccccc3)cc12,BKTUBUVPPGLBKD-UHFFFAOYSA-N,BKTUBUVPPGLBKD,eligible,317.417,4.916,51.8,1,4,2,23,4,0.5709,0,1,1
LIB_BKVBGLGJNNWYOQ,ChEMBL,CHEMBL105506,CHEMBL105506,https://www.ebi.ac.uk/chembl/compound_report_card/CHEMBL105506/,CCOC(=O)CSC1c2cccc(O)c2C(=O)c2c(O)cccc21,CCOC(=O)CSC1c2cccc(O)c2C(=O)c2c(O)cccc21,CCOC(=O)CSC1c2cccc(O)c2C(=O)c2c(O)cccc21,BKVBGLGJNNWYOQ-UHFFFAOYSA-N,BKVBGLGJNNWYOQ,eligible,344.388,3.028,83.83,2,6,4,24,3,0.8296,0,1,1
LIB_BKXQVQJIYPDHRS,ChEMBL,CHEMBL104097,CHEMBL104097,https://www.ebi.ac.uk/chembl/compound_report_card/CHEMBL104097/,CCN(CC)CCNC1c2ccc(OC)cc2OCc2ncccc21,CCN(CC)CCNC1c2ccc(OC)cc2OCc2ncccc21,CCN(CC)CCNC1c2ccc(OC)cc2OCc2ncccc21,BKXQVQJIYPDHRS-UHFFFAOYSA-N,BKXQVQJIYPDHRS,eligible,341.455,3.003,46.62,1,5,7,25,3,0.8388,0,1,1
LIB_BKXXSZPXLVGDRK,ChEMBL,CHEMBL10090,CHEMBL10090,https://www.ebi.ac.uk/chembl/compound_report_card/CHEMBL10090/,COc1cc(Br)c(-n2c(=O)n(C)c3c(-c4ccccc4C(F)(F)F)nc(C)nc32)c(OC)c1,COc1cc(Br)c(-n2c(=O)n(C)c3c(-c4ccccc4C(F)(F)F)nc(C)nc32)c(OC)c1,COc1cc(Br)c(-n2c(=O)n(C)c3c(-c4ccccc4C(F)(F)F)nc(C)nc32)c(OC)c1,BKXXSZPXLVGDRK-UHFFFAOYSA-N,BKXXSZPXLVGDRK,eligible,523.309,4.893,71.17,0,5,4,33,4,0.3811,0,1,1
LIB_BKXYGWGAVWDKTL,ChEMBL,CHEMBL1078449,CHEMBL1078449,https://www.ebi.ac.uk/chembl/compound_report_card/CHEMBL1078449/,CCOc1cc(CN2CCC(Nc3nc4ccccc4o3)CC2)cc(OCC)c1N,CCOc1cc(CN2CCC(Nc3nc4ccccc4o3)CC2)cc(OCC)c1N,CCOc1cc(CN2CCC(Nc3nc4ccccc4o3)CC2)cc(OCC)c1N,BKXYGWGAVWDKTL-UHFFFAOYSA-N,BKXYGWGAVWDKTL,eligible,410.518,4.284,85.78,2,7,8,30,4,0.536,0,1,1
LIB_BKZJNYNXBZSUPD,ChEMBL,CHEMBL1085119,CHEMBL1085119,https://www.ebi.ac.uk/chembl/compound_report_card/CHEMBL1085119/,O=S(=O)(Nc1cccc(B(O)O)c1)c1cccc(S(=O)(=O)Nc2cccc(B(O)O)c2)c1,O=S(=O)(Nc1cccc(B(O)O)c1)c1cccc(S(=O)(=O)Nc2cccc(B(O)O)c2)c1,O=S(=O)(Nc1cccc(B(O)O)c1)c1cccc(S(=O)(=O)Nc2cccc(B(O)O)c2)c1,BKZJNYNXBZSUPD-UHFFFAOYSA-N,BKZJNYNXBZSUPD,eligible,476.106,-1.352,173.26,6,8,8,32,3,0.2166,0,1,1
LIB_BKZMDPHYQKUSCR,ChEMBL,CHEMBL107028,CHEMBL107028,https://www.ebi.ac.uk/chembl/compound_report_card/CHEMBL107028/,Cn1c(=O)c2c(nc(N[C@H](CO)c3ccccc3)n2Cc2ccccc2)n(C)c1=O,Cn1c(=O)c2c(nc(N[C@H](CO)c3ccccc3)n2Cc2ccccc2)n(C)c1=O,Cn1c(=O)c2c(nc(NC(CO)c3ccccc3)n2Cc2ccccc2)n(C)c1=O,BKZMDPHYQKUSCR-QGZVFWFLSA-N,BKZMDPHYQKUSCR,eligible,405.458,1.627,94.08,2,5,6,30,4,0.5085,0,1,1
LIB_BLBSVEUIBHKGSO,ChEMBL,CHEMBL105122,CHEMBL105122,https://www.ebi.ac.uk/chembl/compound_report_card/CHEMBL105122/,CCOC(=O)c1c(C)[nH]c2ccc3c(c12)CN1CCc2cc(SC)ccc2C1O3,CCOC(=O)c1c(C)[nH]c2ccc3c(c12)CN1CCc2cc(SC)ccc2C1O3,CCOC(=O)c1c(C)[nH]c2ccc3c(c12)CN1CCc2cc(SC)ccc2C1O3,BLBSVEUIBHKGSO-UHFFFAOYSA-N,BLBSVEUIBHKGSO,eligible,408.523,4.824,54.56,1,5,3,29,5,0.4972,0,1,1
LIB_BLGXFZZNTVWLAY,ChEMBL,CHEMBL10347,CHEMBL10347,https://www.ebi.ac.uk/chembl/compound_report_card/CHEMBL10347/,COC(=O)[C@H]1[C@H]2C[C@H]3c4[nH]c5ccccc5c4CCN3C[C@H]2CC[C@@H]1O,COC(=O)C1[C@H]2C[C@H]3c4[nH]c5ccccc5c4CCN3C[C@H]2CC[C@@H]1O,COC(=O)C1C(O)CCC2CN3CCc4c([nH]c5ccccc45)C3CC21,BLGXFZZNTVWLAY-NLLJAZBGSA-N,BLGXFZZNTVWLAY,eligible,354.45,2.647,65.56,2,4,1,26,5,0.773,0,1,1
LIB_BLHGTGXUDUNFBT,ChEMBL,CHEMBL108115,CHEMBL108115,https://www.ebi.ac.uk/chembl/compound_report_card/CHEMBL108115/,CCc1nc(C(C)C)c(C(N)=O)n1Cc1ccc2oc(-c3ccccc3NS(=O)(=O)C(F)(F)F)c(Br)c2c1,CCc1nc(C(C)C)c(C(N)=O)n1Cc1ccc2oc(-c3ccccc3NS(=O)(=O)C(F)(F)F)c(Br)c2c1,CCc1nc(C(C)C)c(C(N)=O)n1Cc1ccc2oc(-c3ccccc3NS(=O)(=O)C(F)(F)F)c(Br)c2c1,BLHGTGXUDUNFBT-UHFFFAOYSA-N,BLHGTGXUDUNFBT,eligible,613.456,6.153,120.22,2,5,8,38,4,0.247,0,1,1
LIB_BLIJXOOIHRSQRB,ChEMBL,CHEMBL4297185,CHEMBL4297185,https://www.ebi.ac.uk/chembl/compound_report_card/CHEMBL4297185/,CC(O)c1cc(C(=O)N[C@@H](C)Cn2ccc(-c3ccc(C#N)c(Cl)c3)n2)n[nH]1,CC(O)c1cc(C(=O)N[C@@H](C)Cn2ccc(-c3ccc(C#N)c(Cl)c3)n2)[nH]n1,CC(Cn1ccc(-c2ccc(C#N)c(Cl)c2)n1)NC(=O)c1cc(C(C)O)n[nH]1,BLIJXOOIHRSQRB-PXYINDEMSA-N,BLIJXOOIHRSQRB,eligible,398.854,2.67,119.62,3,5,6,28,3,0.5892,0,1,1
LIB_BLIVNBAXZXXNGZ,ChEMBL,CHEMBL10074,CHEMBL10074,https://www.ebi.ac.uk/chembl/compound_report_card/CHEMBL10074/,CC/N=C(\N)NCc1ccc(Sc2ccc(Cl)cc2)cc1,CCN=C(N)NCc1ccc(Sc2ccc(Cl)cc2)cc1,CCN=C(N)NCc1ccc(Sc2ccc(Cl)cc2)cc1,BLIVNBAXZXXNGZ-UHFFFAOYSA-N,BLIVNBAXZXXNGZ,eligible,319.861,3.915,50.41,2,2,5,21,2,0.6485,0,1,1
LIB_BLJRIMJGRPQVNF,ChEMBL,CHEMBL1200870,CHEMBL1200870;CHEMBL499,https://www.ebi.ac.uk/chembl/compound_report_card/CHEMBL1200870/,CC(C)(C)NC[C@H](O)COc1nsnc1N1CCOCC1.O=C(O)/C=C\C(=O)O,CC(C)(C)NC[C@H](O)COc1nsnc1N1CCOCC1,CC(C)(C)NCC(O)COc1nsnc1N1CCOCC1,BLJRIMJGRPQVNF-JTQLQIEISA-N,BLJRIMJGRPQVNF,eligible,316.427,0.502,79.74,2,8,6,21,2,0.791,0,2,1
LIB_BLJYQJJKANHBMM,ChEMBL,CHEMBL1083941,CHEMBL1083941,https://www.ebi.ac.uk/chembl/compound_report_card/CHEMBL1083941/,CN(C(=O)C1(c2ccccc2)CCCC1)c1cccc(Cl)c1,CN(C(=O)C1(c2ccccc2)CCCC1)c1cccc(Cl)c1,CN(C(=O)C1(c2ccccc2)CCCC1)c1cccc(Cl)c1,BLJYQJJKANHBMM-UHFFFAOYSA-N,BLJYQJJKANHBMM,eligible,313.828,4.815,20.31,0,1,3,22,3,0.7956,0,1,1
LIB_BLKLQXLDCZQRPL,ChEMBL,CHEMBL103903,CHEMBL103903,https://www.ebi.ac.uk/chembl/compound_report_card/CHEMBL103903/,Cc1ncccc1C(C#N)N1CCN(C(=O)C=C(c2ccccc2)c2ccccc2)CC1,Cc1ncccc1C(C#N)N1CCN(C(=O)C=C(c2ccccc2)c2ccccc2)CC1,Cc1ncccc1C(C#N)N1CCN(C(=O)C=C(c2ccccc2)c2ccccc2)CC1,BLKLQXLDCZQRPL-UHFFFAOYSA-N,BLKLQXLDCZQRPL,eligible,422.532,4.231,60.23,0,4,5,32,4,0.5775,0,1,1
LIB_BLLBJTGXHFHGRH,ChEMBL,CHEMBL103678,CHEMBL103678,https://www.ebi.ac.uk/chembl/compound_report_card/CHEMBL103678/,COc1ccc2sc3c(c2c1)NC[C@@H](CC(C)C)NC3=O,COc1ccc2sc3c(c2c1)NC[C@@H](CC(C)C)NC3=O,COc1ccc2sc3c(c2c1)NCC(CC(C)C)NC3=O,BLLBJTGXHFHGRH-SNVBAGLBSA-N,BLLBJTGXHFHGRH,eligible,304.415,3.48,50.36,2,4,3,21,3,0.9125,0,1,1
LIB_BLNBMYVNDVNBFI,ChEMBL,CHEMBL1078556,CHEMBL1078556,https://www.ebi.ac.uk/chembl/compound_report_card/CHEMBL1078556/,C=C(C)[C@@H]1CC=C2C(=CC[C@]3(C)[C@@H]([C@@H](CCC(=C)C(C)(C)O)C(=O)O)[C@H](O)C[C@@]23C)[C@@]1(C)CCC(=O)OC,C=C(C)[C@@H]1CC=C2C(=CC[C@]3(C)[C@@H](C(CCC(=C)C(C)(C)O)C(=O)O)[C@H](O)C[C@@]23C)[C@@]1(C)CCC(=O)OC,C=C(C)C1CC=C2C(=CCC3(C)C(C(CCC(=C)C(C)(C)O)C(=O)O)C(O)CC23C)C1(C)CCC(=O)OC,BLNBMYVNDVNBFI-YCTFAFAKSA-N,BLNBMYVNDVNBFI,eligible,528.73,6.0,104.06,3,5,10,38,3,0.2373,0,1,1
LIB_BLNZQHQYULGYHK,ChEMBL,CHEMBL1080359,CHEMBL1080359,https://www.ebi.ac.uk/chembl/compound_report_card/CHEMBL1080359/,O=C(Nc1cccc(Br)c1)Nc1cccc(-c2cn3ccnc3c(NCc3ccncc3)n2)c1,O=C(Nc1cccc(Br)c1)Nc1cccc(-c2cn3ccnc3c(NCc3ccncc3)n2)c1,O=C(Nc1cccc(Br)c1)Nc1cccc(-c2cn3ccnc3c(NCc3ccncc3)n2)c1,BLNZQHQYULGYHK-UHFFFAOYSA-N,BLNZQHQYULGYHK,eligible,514.387,5.81,96.24,3,5,6,34,5,0.2659,0,1,1
LIB_BLOGCIUNNJYXBR,ChEMBL,CHEMBL1076196,CHEMBL1076196,https://www.ebi.ac.uk/chembl/compound_report_card/CHEMBL1076196/,Cc1cccc(NC(=O)c2ccc(C)c(Nc3nc4ccccc4n3-c3cc(NCCN4CCN(C)CC4)ncn3)c2)c1,Cc1cccc(NC(=O)c2ccc(C)c(Nc3nc4ccccc4n3-c3cc(NCCN4CCN(C)CC4)ncn3)c2)c1,Cc1cccc(NC(=O)c2ccc(C)c(Nc3nc4ccccc4n3-c3cc(NCCN4CCN(C)CC4)ncn3)c2)c1,BLOGCIUNNJYXBR-UHFFFAOYSA-N,BLOGCIUNNJYXBR,eligible,575.721,5.088,103.24,3,8,9,43,6,0.2235,0,1,1
LIB_BLOLFTVBCGZNLB,ChEMBL,CHEMBL108257,CHEMBL108257,https://www.ebi.ac.uk/chembl/compound_report_card/CHEMBL108257/,O=C1NC(Cc2ccccc2)C(=O)N2C(C3CCCCC3)c3[nH]c4ccccc4c3C[C@@H]12,O=C1NC(Cc2ccccc2)C(=O)N2C1Cc1c([nH]c3ccccc13)C2C1CCCCC1,O=C1NC(Cc2ccccc2)C(=O)N2C1Cc1c([nH]c3ccccc13)C2C1CCCCC1,BLOLFTVBCGZNLB-UHFFFAOYSA-N,BLOLFTVBCGZNLB,eligible,427.548,4.284,65.2,2,2,3,32,6,0.6551,0,1,1
LIB_BLRDASGFCGHOHT,ChEMBL,CHEMBL104448,CHEMBL104448,https://www.ebi.ac.uk/chembl/compound_report_card/CHEMBL104448/,CCCCN1C(=O)CCC1(O)c1cccc(C(F)(F)F)c1,CCCCN1C(=O)CCC1(O)c1cccc(C(F)(F)F)c1,CCCCN1C(=O)CCC1(O)c1cccc(C(F)(F)F)c1,BLRDASGFCGHOHT-UHFFFAOYSA-N,BLRDASGFCGHOHT,eligible,301.308,3.273,40.54,1,2,4,21,2,0.9269,0,1,1
LIB_BLSGQTZPQMDWPC,ChEMBL,CHEMBL105248,CHEMBL105248,https://www.ebi.ac.uk/chembl/compound_report_card/CHEMBL105248/,CC(C)c1cc(NC(=O)Nc2ccc(OCCN3CCOCC3)c3ccccc23)n(-c2ccccc2)n1,CC(C)c1cc(NC(=O)Nc2ccc(OCCN3CCOCC3)c3ccccc23)n(-c2ccccc2)n1,CC(C)c1cc(NC(=O)Nc2ccc(OCCN3CCOCC3)c3ccccc23)n(-c2ccccc2)n1,BLSGQTZPQMDWPC-UHFFFAOYSA-N,BLSGQTZPQMDWPC,eligible,499.615,5.504,80.65,2,5,8,37,5,0.3345,0,1,1
LIB_BLSQLHNBWJLIBQ,ChEMBL,CHEMBL1714574,CHEMBL1714574,https://www.ebi.ac.uk/chembl/compound_report_card/CHEMBL1714574/,CC(C)N1CCN(c2ccc(OCC3COC(Cn4cncn4)(c4ccc(Cl)cc4Cl)O3)cc2)CC1,CC(C)N1CCN(c2ccc(OCC3COC(Cn4cncn4)(c4ccc(Cl)cc4Cl)O3)cc2)CC1,CC(C)N1CCN(c2ccc(OCC3COC(Cn4cncn4)(c4ccc(Cl)cc4Cl)O3)cc2)CC1,BLSQLHNBWJLIBQ-UHFFFAOYSA-N,BLSQLHNBWJLIBQ,eligible,532.472,4.463,64.88,0,7,8,36,5,0.4246,0,1,1
LIB_BLTUEXQAJVYGCR,ChEMBL,CHEMBL108173,CHEMBL108173,https://www.ebi.ac.uk/chembl/compound_report_card/CHEMBL108173/,COc1cc(CCCc2ccccc2)cc(OC)c1CC(C)N,COc1cc(CCCc2ccccc2)cc(OC)c1CC(C)N,COc1cc(CCCc2ccccc2)cc(OC)c1CC(C)N,BLTUEXQAJVYGCR-UHFFFAOYSA-N,BLTUEXQAJVYGCR,eligible,313.441,3.769,44.48,1,3,8,23,2,0.8066,0,1,1
LIB_BLUGNUOIVRGPGG,ChEMBL,CHEMBL1080296,CHEMBL1080296,https://www.ebi.ac.uk/chembl/compound_report_card/CHEMBL1080296/,COc1cc2c(cc1OC)[C@@H]1Cc3ccc(O)c(O)c3C(=O)N1CC2,COc1cc2c(cc1OC)[C@@H]1Cc3ccc(O)c(O)c3C(=O)N1CC2,COc1cc2c(cc1OC)C1Cc3ccc(O)c(O)c3C(=O)N1CC2,BLUGNUOIVRGPGG-ZDUSSCGKSA-N,BLUGNUOIVRGPGG,eligible,341.363,2.411,79.23,2,5,2,25,4,0.8203,0,1,1
LIB_BLVKAHRSISMCIC,ChEMBL,CHEMBL1080830,CHEMBL1080830,https://www.ebi.ac.uk/chembl/compound_report_card/CHEMBL1080830/,CC(/C=C/C(O)=C1/C(=O)CNC1=O)=C\[C@@H](C)[C@H]1O[C@@]2(C)O[C@H](C(=O)[C@H]3O[C@]32CO)[C@@H]1C,CC(=CC(C)C=CC(=O)c1c(O)c[nH]c1O)[C@H]1O[C@@]2(C)OC(C(=O)C3O[C@]32CO)[C@@H]1C,CC(=CC(C)C=CC(=O)c1c(O)c[nH]c1O)C1OC2(C)OC(C(=O)C3OC32CO)C1C,BLVKAHRSISMCIC-PSTCQSMFSA-N,BLVKAHRSISMCIC,eligible,433.457,1.596,141.61,4,8,6,31,4,0.2294,0,1,1
LIB_BLVMMLMFXYKMPX,ChEMBL,CHEMBL101480,CHEMBL101480,https://www.ebi.ac.uk/chembl/compound_report_card/CHEMBL101480/,CCCN1CCOC(c2cccc(OC)c2)C1,CCCN1CCOC(c2cccc(OC)c2)C1,CCCN1CCOC(c2cccc(OC)c2)C1,BLVMMLMFXYKMPX-UHFFFAOYSA-N,BLVMMLMFXYKMPX,eligible,235.327,2.479,21.7,0,3,4,17,2,0.8,0,1,1
LIB_BLVOITZPKDXRCK,ChEMBL,CHEMBL1085131,CHEMBL1085131,https://www.ebi.ac.uk/chembl/compound_report_card/CHEMBL1085131/,Cc1cc(CN2CCN(c3c(Cl)cnc4[nH]c(-c5ccc(CN)cc5)nc34)CC2)no1,Cc1cc(CN2CCN(c3c(Cl)cnc4[nH]c(-c5ccc(CN)cc5)nc34)CC2)no1,Cc1cc(CN2CCN(c3c(Cl)cnc4[nH]c(-c5ccc(CN)cc5)nc34)CC2)no1,BLVOITZPKDXRCK-UHFFFAOYSA-N,BLVOITZPKDXRCK,eligible,437.935,3.356,100.1,2,7,5,31,5,0.4934,0,1,1
LIB_BLVOKKMGPYCMOZ,ChEMBL,CHEMBL1079662,CHEMBL1079662,https://www.ebi.ac.uk/chembl/compound_report_card/CHEMBL1079662/,O=P(O)(O)C(F)(F)c1ccc2nn(Cc3ccccc3)cc2c1,O=P(O)(O)C(F)(F)c1ccc2nn(Cc3ccccc3)cc2c1,O=P(O)(O)C(F)(F)c1ccc2nn(Cc3ccccc3)cc2c1,BLVOKKMGPYCMOZ-UHFFFAOYSA-N,BLVOKKMGPYCMOZ,eligible,338.25,3.312,75.35,2,2,4,23,3,0.7158,0,1,1
LIB_BLXHUSFCTBUDQK,ChEMBL,CHEMBL1086733,CHEMBL1086733,https://www.ebi.ac.uk/chembl/compound_report_card/CHEMBL1086733/,Cn1cc(C2=C(Sc3ccccc3)C(=O)NC2=O)c2ccccc21,Cn1cc(C2=C(Sc3ccccc3)C(=O)NC2=O)c2ccccc21,Cn1cc(C2=C(Sc3ccccc3)C(=O)NC2=O)c2ccccc21,BLXHUSFCTBUDQK-UHFFFAOYSA-N,BLXHUSFCTBUDQK,eligible,334.4,3.338,51.1,1,3,3,24,4,0.7476,0,1,1
LIB_BLXWXLHNURPYOD,ChEMBL,CHEMBL106002,CHEMBL106002,https://www.ebi.ac.uk/chembl/compound_report_card/CHEMBL106002/,CCOC(=O)Nc1cc2c(c(N)n1)N=C(c1ccc(OC)cc1)C(C)N2,CCOC(=O)Nc1cc2c(c(N)n1)N=C(c1ccc(OC)cc1)C(C)N2,CCOC(=O)Nc1cc2c(c(N)n1)N=C(c1ccc(OC)cc1)C(C)N2,BLXWXLHNURPYOD-UHFFFAOYSA-N,BLXWXLHNURPYOD,eligible,355.398,3.176,110.86,3,7,4,26,3,0.7767,0,1,1
LIB_BLXXJMDCKKHMKV,ChEMBL,CHEMBL1070,CHEMBL1070,https://www.ebi.ac.uk/chembl/compound_report_card/CHEMBL1070/,COc1ccc2cc(CCC(C)=O)ccc2c1,COc1ccc2cc(CCC(C)=O)ccc2c1,COc1ccc2cc(CCC(C)=O)ccc2c1,BLXXJMDCKKHMKV-UHFFFAOYSA-N,BLXXJMDCKKHMKV,eligible,228.291,3.37,26.3,0,2,4,17,2,0.8016,0,1,1
LIB_BLZCNZYMNIDCFG,ChEMBL,CHEMBL1086147,CHEMBL1086147,https://www.ebi.ac.uk/chembl/compound_report_card/CHEMBL1086147/,C[C@]12C[C@@H](c3ccoc3)OC(=O)[C@@H]1CC[C@@]13COC(=O)[C@@H]1C=CC(=O)[C@H]23,C[C@]12C[C@@H](c3ccoc3)OC(=O)C1CC[C@@]13COC(=O)C1=CCC(=O)C32,CC12CC(c3ccoc3)OC(=O)C1CCC13COC(=O)C1=CCC(=O)C32,BLZCNZYMNIDCFG-LTYADTCBSA-N,BLZCNZYMNIDCFG,eligible,356.374,2.743,82.81,0,6,1,26,5,0.7197,0,1,1
LIB_BLZGWSJJEQYETJ,ChEMBL,CHEMBL1085303,CHEMBL1085303,https://www.ebi.ac.uk/chembl/compound_report_card/CHEMBL1085303/,CN(C)C(=O)c1cccc(-c2ccccc2C(=O)NCC2CCNCC2)c1,CN(C)C(=O)c1cccc(-c2ccccc2C(=O)NCC2CCNCC2)c1,CN(C)C(=O)c1cccc(-c2ccccc2C(=O)NCC2CCNCC2)c1,BLZGWSJJEQYETJ-UHFFFAOYSA-N,BLZGWSJJEQYETJ,eligible,365.477,2.785,61.44,2,3,5,27,3,0.8565,0,1,1
LIB_BLZURCDEJGRCOY,ChEMBL,CHEMBL10526,CHEMBL10526,https://www.ebi.ac.uk/chembl/compound_report_card/CHEMBL10526/,CCN(c1nc(C)cc(-c2ccccc2OC)n1)c1c(Br)cc(OC)cc1OC,CCN(c1nc(C)cc(-c2ccccc2OC)n1)c1c(Br)cc(OC)cc1OC,CCN(c1nc(C)cc(-c2ccccc2OC)n1)c1c(Br)cc(OC)cc1OC,BLZURCDEJGRCOY-UHFFFAOYSA-N,BLZURCDEJGRCOY,eligible,458.356,5.398,56.71,0,6,7,29,3,0.4729,0,1,1
LIB_BMAAMIIYNNPHAB,ChEMBL,CHEMBL3668014,CHEMBL3668014;CHEMBL4298171,https://www.ebi.ac.uk/chembl/compound_report_card/CHEMBL3668014/,COc1cc(F)c(-n2c(=O)[nH]c3csc(C(=O)O)c3c2=O)cc1OCc1c(OC)ccc(F)c1F,COc1cc(F)c(-n2c(=O)[nH]c3csc(C(=O)O)c3c2=O)cc1OCc1c(OC)ccc(F)c1F,COc1cc(F)c(-n2c(=O)[nH]c3csc(C(=O)O)c3c2=O)cc1OCc1c(OC)ccc(F)c1F,BMAAMIIYNNPHAB-UHFFFAOYSA-N,BMAAMIIYNNPHAB,eligible,508.43,3.452,119.85,2,7,7,35,4,0.3924,0,2,1
LIB_BMAWRWIFEHASAB,ChEMBL,CHEMBL105244,CHEMBL105244,https://www.ebi.ac.uk/chembl/compound_report_card/CHEMBL105244/,Br.C[n+]1cccc(COc2ccc(/C=N/NC(=N)N3CCCC3)cc2)c1.[Br-],C[n+]1cccc(COc2ccc(/C=N/N=C(N)N3CCCC3)cc2)c1,C[n+]1cccc(COc2ccc(C=NN=C(N)N3CCCC3)cc2)c1,BMAWRWIFEHASAB-FYJGNVAPSA-N,BMAWRWIFEHASAB,eligible,338.435,1.834,67.09,1,3,5,25,3,0.3914,1,1,1
LIB_BMBUOWWYVODQOG,ChEMBL,CHEMBL107256,CHEMBL107256,https://www.ebi.ac.uk/chembl/compound_report_card/CHEMBL107256/,N=C(N)c1cccc(CC(NS(=O)(=O)c2ccc3ccccc3c2)C(=O)N2CCCCCCC2)c1,N=C(N)c1cccc(CC(NS(=O)(=O)c2ccc3ccccc3c2)C(=O)N2CCCCCCC2)c1,N=C(N)c1cccc(CC(NS(=O)(=O)c2ccc3ccccc3c2)C(=O)N2CCCCCCC2)c1,BMBUOWWYVODQOG-UHFFFAOYSA-N,BMBUOWWYVODQOG,eligible,492.645,3.806,116.35,3,4,7,35,4,0.3435,0,1,1
LIB_BMCALDMFEXQQRY,ChEMBL,CHEMBL102034,CHEMBL102034,https://www.ebi.ac.uk/chembl/compound_report_card/CHEMBL102034/,CCN1c2ncc(COc3ccncc3)cc2C(=O)N(C)c2ccc(F)nc21,CCN1c2ncc(COc3ccncc3)cc2C(=O)N(C)c2ccc(F)nc21,CCN1c2ncc(COc3ccncc3)cc2C(=O)N(C)c2ccc(F)nc21,BMCALDMFEXQQRY-UHFFFAOYSA-N,BMCALDMFEXQQRY,eligible,379.395,3.338,71.45,0,6,4,28,4,0.6477,0,1,1
LIB_BMCMMMRTWLCMFW,ChEMBL,CHEMBL1078735,CHEMBL1078735,https://www.ebi.ac.uk/chembl/compound_report_card/CHEMBL1078735/,N#C/N=C(/NCCCCc1c[nH]cn1)NCCc1c[nH]c2ccccc12,N#CN=C(NCCCCc1c[nH]cn1)NCCc1c[nH]c2ccccc12,N#CN=C(NCCCCc1c[nH]cn1)NCCc1c[nH]c2ccccc12,BMCMMMRTWLCMFW-UHFFFAOYSA-N,BMCMMMRTWLCMFW,eligible,349.442,2.473,104.68,4,3,8,26,3,0.2169,0,1,1
LIB_BMGIODYUKGDYTO,ChEMBL,CHEMBL103357,CHEMBL103357,https://www.ebi.ac.uk/chembl/compound_report_card/CHEMBL103357/,CCC1(c2cccc(Oc3cc(Cc4c[nH]cn4)ccc3C#N)c2)CCCCN(C)C1=O,CCC1(c2cccc(Oc3cc(Cc4c[nH]cn4)ccc3C#N)c2)CCCCN(C)C1=O,CCC1(c2cccc(Oc3cc(Cc4c[nH]cn4)ccc3C#N)c2)CCCCN(C)C1=O,BMGIODYUKGDYTO-UHFFFAOYSA-N,BMGIODYUKGDYTO,eligible,428.536,4.955,82.01,1,4,6,32,4,0.6019,0,1,1
LIB_BMGQWWVMWDBQGC,ChEMBL,CHEMBL608533,CHEMBL608533,https://www.ebi.ac.uk/chembl/compound_report_card/CHEMBL608533/,CO[C@@H]1[C@H](N(C)C(=O)c2ccccc2)C[C@H]2O[C@]1(C)n1c3ccccc3c3c4c(c5c6ccccc6n2c5c31)C(=O)NC4,CO[C@@H]1[C@H](N(C)C(=O)c2ccccc2)C[C@H]2O[C@]1(C)n1c3ccccc3c3c4c(c5c6ccccc6n2c5c31)C(=O)NC4,COC1C(N(C)C(=O)c2ccccc2)CC2OC1(C)n1c3ccccc3c3c4c(c5c6ccccc6n2c5c31)C(=O)NC4,BMGQWWVMWDBQGC-IIFHNQTCSA-N,BMGQWWVMWDBQGC,eligible,570.649,5.907,77.73,1,4,3,43,9,0.2872,0,1,1
LIB_BMHCYYLFLWTPHZ,ChEMBL,CHEMBL1083023,CHEMBL1083023,https://www.ebi.ac.uk/chembl/compound_report_card/CHEMBL1083023/,CN1CCN(c2ccc(-c3cnn4c(N)c(-c5cccc(O)c5)cnc34)cc2)CC1,CN1CCN(c2ccc(-c3cnn4c(N)c(-c5cccc(O)c5)cnc34)cc2)CC1,CN1CCN(c2ccc(-c3cnn4c(N)c(-c5cccc(O)c5)cnc34)cc2)CC1,BMHCYYLFLWTPHZ-UHFFFAOYSA-N,BMHCYYLFLWTPHZ,eligible,400.486,3.103,82.92,2,6,3,30,5,0.5499,0,1,1
LIB_BMJCQIUKICOIHH,ChEMBL,CHEMBL1083490,CHEMBL1083490,https://www.ebi.ac.uk/chembl/compound_report_card/CHEMBL1083490/,CC(c1ccccc1)N1CCN(c2c(Cl)cnc3[nH]c(-c4ccc(N(C)C)cc4)nc23)CC1,CC(c1ccccc1)N1CCN(c2c(Cl)cnc3[nH]c(-c4ccc(N(C)C)cc4)nc23)CC1,CC(c1ccccc1)N1CCN(c2c(Cl)cnc3[nH]c(-c4ccc(N(C)C)cc4)nc23)CC1,BMJCQIUKICOIHH-UHFFFAOYSA-N,BMJCQIUKICOIHH,eligible,461.013,5.228,51.29,1,5,5,33,5,0.4418,0,1,1
LIB_BMJSBVOBQKPFEO,ChEMBL,CHEMBL1086685,CHEMBL1086685,https://www.ebi.ac.uk/chembl/compound_report_card/CHEMBL1086685/,CCCN1C(=O)[C@H]2COC[C@H]2C1=O,CCCn1c(O)c2c(c1O)COC2,CCCn1c(O)c2c(c1O)COC2,BMJSBVOBQKPFEO-UHFFFAOYSA-N,BMJSBVOBQKPFEO,eligible,183.207,1.339,54.62,2,3,2,13,2,0.727,0,1,1
LIB_BMKXKEIIOWVNSK,ChEMBL,CHEMBL1081136,CHEMBL1081136,https://www.ebi.ac.uk/chembl/compound_report_card/CHEMBL1081136/,COc1cc(O)c2c(c1)/C=C/C[C@H](O)[C@H](O)/C=C\C(C)(C)COC2=O,COc1cc(O)c2c(c1)C=CC[C@H](O)[C@H](O)/C=C\C(C)(C)COC2=O,COc1cc(O)c2c(c1)C=CCC(O)C(O)C=CC(C)(C)COC2=O,BMKXKEIIOWVNSK-YGEMYDQZSA-N,BMKXKEIIOWVNSK,eligible,348.395,2.279,96.22,3,6,1,25,2,0.5322,0,1,1
LIB_BMMDNFSOYOPLJH,ChEMBL,CHEMBL1084250,CHEMBL1084250,https://www.ebi.ac.uk/chembl/compound_report_card/CHEMBL1084250/,COC(=O)c1cc2c(N)c3c(nc2nc1C)CCCCC3,COC(=O)c1cc2c(N)c3c(nc2nc1C)CCCCC3,COC(=O)c1cc2c(N)c3c(nc2nc1C)CCCCC3,BMMDNFSOYOPLJH-UHFFFAOYSA-N,BMMDNFSOYOPLJH,eligible,285.347,2.576,78.1,1,5,1,21,3,0.6433,0,1,1
LIB_BMNNHOAPHMYHIH,ChEMBL,CHEMBL101905,CHEMBL101905,https://www.ebi.ac.uk/chembl/compound_report_card/CHEMBL101905/,C=C1CN2C3CC[C@@H]2C[C@H](c2ccc(C)cc2)C13,C=C1CN2C3CC[C@@H]2C[C@H](c2ccc(C)cc2)C13,C=C1CN2C3CCC2C1C(c1ccc(C)cc1)C3,BMNNHOAPHMYHIH-NUWOQIAWSA-N,BMNNHOAPHMYHIH,eligible,239.362,3.501,3.24,0,1,1,18,4,0.678,0,1,1
LIB_BMPCLJPYXFVWKY,ChEMBL,CHEMBL104446,CHEMBL104446,https://www.ebi.ac.uk/chembl/compound_report_card/CHEMBL104446/,C=CC1[C@H](C(=O)NO)N(S(=O)(=O)c2ccc(OC)cc2)CC1(C)C,C=CC1C(C(O)=NO)N(S(=O)(=O)c2ccc(OC)cc2)CC1(C)C,C=CC1C(C(O)=NO)N(S(=O)(=O)c2ccc(OC)cc2)CC1(C)C,BMPCLJPYXFVWKY-UHFFFAOYSA-N,BMPCLJPYXFVWKY,eligible,354.428,2.242,99.43,2,5,5,24,2,0.2777,0,1,1
LIB_BMPDWHIDQYTSHX,ChEMBL,CHEMBL315985,CHEMBL1067;CHEMBL315985,https://www.ebi.ac.uk/chembl/compound_report_card/CHEMBL315985/,NC(=O)N1c2ccccc2C[C@H](O)c2ccccc21,NC(=O)N1c2ccccc2C[C@H](O)c2ccccc21,NC(=O)N1c2ccccc2CC(O)c2ccccc21,BMPDWHIDQYTSHX-AWEZNQCLSA-N,BMPDWHIDQYTSHX,eligible,254.289,2.493,66.56,2,2,0,19,3,0.7581,0,2,2
LIB_BMQKNCOLHCNITG,ChEMBL,CHEMBL1079266,CHEMBL1079266,https://www.ebi.ac.uk/chembl/compound_report_card/CHEMBL1079266/,NS(=O)(=O)c1ccc(NC(=O)CSC(=O)N2CCCc3cccc(Cl)c32)c(Cl)c1,NS(=O)(=O)c1ccc(NC(=O)CSC(=O)N2CCCc3cccc(Cl)c32)c(Cl)c1,NS(=O)(=O)c1ccc(NC(=O)CSC(=O)N2CCCc3cccc(Cl)c32)c(Cl)c1,BMQKNCOLHCNITG-UHFFFAOYSA-N,BMQKNCOLHCNITG,eligible,474.391,3.885,109.57,2,5,4,29,3,0.6991,0,1,1
LIB_BMSMAYYXXZZRQN,ChEMBL,CHEMBL1083790,CHEMBL1083790,https://www.ebi.ac.uk/chembl/compound_report_card/CHEMBL1083790/,NCCCCCCCCCNc1c2c(nc3ccccc13)CCCC2,NCCCCCCCCCNc1c2c(nc3ccccc13)CCCC2,NCCCCCCCCCNc1c2c(nc3ccccc13)CCCC2,BMSMAYYXXZZRQN-UHFFFAOYSA-N,BMSMAYYXXZZRQN,eligible,339.527,5.215,50.94,2,3,10,25,3,0.5838,0,1,1
LIB_BMSMOYJGZAKUNL,ChEMBL,CHEMBL1083750,CHEMBL1083750,https://www.ebi.ac.uk/chembl/compound_report_card/CHEMBL1083750/,Cn1nccc1-c1cc(NC(=O)c2ccc(F)cc2F)ccc1OCCN1CCOCC1,Cn1nccc1-c1cc(NC(=O)c2ccc(F)cc2F)ccc1OCCN1CCOCC1,Cn1nccc1-c1cc(NC(=O)c2ccc(F)cc2F)ccc1OCCN1CCOCC1,BMSMOYJGZAKUNL-UHFFFAOYSA-N,BMSMOYJGZAKUNL,eligible,442.466,3.329,68.62,1,5,7,32,4,0.6081,0,1,1
LIB_BMTCKTDVNVYEEG,ChEMBL,CHEMBL1075688,CHEMBL1075688;CHEMBL1079642,https://www.ebi.ac.uk/chembl/compound_report_card/CHEMBL1075688/,N#C[C@@H]1CS[C@H]2CC[C@H](NC(=O)OCc3ccccc3)CN12,N#C[C@@H]1CS[C@H]2CC[C@H](NC(=O)OCc3ccccc3)CN12,N#CC1CSC2CCC(NC(=O)OCc3ccccc3)CN12,BMTCKTDVNVYEEG-ZNMIVQPWSA-N,BMTCKTDVNVYEEG,eligible,317.414,2.342,65.36,1,5,3,22,3,0.9268,0,2,2
LIB_BMTKUMNAVZOJQX,ChEMBL,CHEMBL1078461,CHEMBL1078461,https://www.ebi.ac.uk/chembl/compound_report_card/CHEMBL1078461/,CC(C)Oc1ccc(S(=O)(=O)Cc2ccc3c(c2)CCNCC3)cn1,CC(C)Oc1ccc(S(=O)(=O)Cc2ccc3c(c2)CCNCC3)cn1,CC(C)Oc1ccc(S(=O)(=O)Cc2ccc3c(c2)CCNCC3)cn1,BMTKUMNAVZOJQX-UHFFFAOYSA-N,BMTKUMNAVZOJQX,eligible,360.479,2.531,68.29,1,5,5,25,3,0.8874,0,1,1
LIB_BMUADKHVDAKFSN,ChEMBL,CHEMBL107482,CHEMBL107482,https://www.ebi.ac.uk/chembl/compound_report_card/CHEMBL107482/,CN(Cc1cc(C(F)(F)F)cc(C(F)(F)F)c1)C(=O)c1c(-c2ccc(F)cc2)c2cccnc2c(=O)n1C,CN(Cc1cc(C(F)(F)F)cc(C(F)(F)F)c1)C(=O)c1c(-c2ccc(F)cc2)c2cccnc2c(=O)n1C,CN(Cc1cc(C(F)(F)F)cc(C(F)(F)F)c1)C(=O)c1c(-c2ccc(F)cc2)c2cccnc2c(=O)n1C,BMUADKHVDAKFSN-UHFFFAOYSA-N,BMUADKHVDAKFSN,eligible,537.435,6.049,55.2,0,3,4,38,4,0.2981,0,1,1
LIB_BMUQBXPJHZHPET,ChEMBL,CHEMBL1078229,CHEMBL1078229,https://www.ebi.ac.uk/chembl/compound_report_card/CHEMBL1078229/,N#CCNC(=O)c1ccc(-c2ccnc(Nc3cccc(N4CCOCC4)c3)n2)cc1,N#CCNC(=O)c1ccc(-c2ccnc(Nc3cccc(N4CCOCC4)c3)n2)cc1,N#CCNC(=O)c1ccc(-c2ccnc(Nc3cccc(N4CCOCC4)c3)n2)cc1,BMUQBXPJHZHPET-UHFFFAOYSA-N,BMUQBXPJHZHPET,eligible,414.469,2.977,103.17,2,7,6,31,4,0.5978,0,1,1
LIB_BMWDGTKIIVYWPW,ChEMBL,CHEMBL1078379,CHEMBL1078379,https://www.ebi.ac.uk/chembl/compound_report_card/CHEMBL1078379/,CC(C)[C@H](NC(=O)CS)C(=O)N[C@@H](Cc1ccccc1)C(N)=O,CC(C)C(NC(=O)CS)C(=O)NC(Cc1ccccc1)C(N)=O,CC(C)C(NC(=O)CS)C(=O)NC(Cc1ccccc1)C(N)=O,BMWDGTKIIVYWPW-UHFFFAOYSA-N,BMWDGTKIIVYWPW,eligible,337.445,0.27,101.29,4,4,8,23,1,0.5122,0,1,1
LIB_BMWPLTWWLWJCHU,ChEMBL,CHEMBL1082431,CHEMBL1082431,https://www.ebi.ac.uk/chembl/compound_report_card/CHEMBL1082431/,N#Cc1ccc(N2C(=O)C3(CCC3)N(c3ccc(CO)cc3)C2=S)cc1C(F)(F)F,N#Cc1ccc(N2C(=O)C3(CCC3)N(c3ccc(CO)cc3)C2=S)cc1C(F)(F)F,N#Cc1ccc(N2C(=O)C3(CCC3)N(c3ccc(CO)cc3)C2=S)cc1C(F)(F)F,BMWPLTWWLWJCHU-UHFFFAOYSA-N,BMWPLTWWLWJCHU,eligible,431.439,4.13,67.57,1,4,3,30,4,0.7406,0,1,1
LIB_BMXMIHXNOZCZMR,ChEMBL,CHEMBL102471,CHEMBL102471,https://www.ebi.ac.uk/chembl/compound_report_card/CHEMBL102471/,CS(=O)(=O)Nc1cc([C@@H](O)CNC(c2ccc(F)cc2)c2ccc(F)cc2)ccc1O,CS(=O)(=O)Nc1cc([C@@H](O)CNC(c2ccc(F)cc2)c2ccc(F)cc2)ccc1O,CS(=O)(=O)Nc1cc(C(O)CNC(c2ccc(F)cc2)c2ccc(F)cc2)ccc1O,BMXMIHXNOZCZMR-NRFANRHFSA-N,BMXMIHXNOZCZMR,eligible,448.491,3.455,98.66,4,5,8,31,3,0.3959,0,1,1
LIB_BMXUFHORTLVLCV,ChEMBL,CHEMBL1082623,CHEMBL1082623,https://www.ebi.ac.uk/chembl/compound_report_card/CHEMBL1082623/,O=S(=O)(c1ccc(Cl)cc1)N(Cc1ccc(-c2nnn[nH]2)c(F)c1)Cc1ccccn1,O=S(=O)(c1ccc(Cl)cc1)N(Cc1ccc(-c2nn[nH]n2)c(F)c1)Cc1ccccn1,O=S(=O)(c1ccc(Cl)cc1)N(Cc1ccc(-c2nn[nH]n2)c(F)c1)Cc1ccccn1,BMXUFHORTLVLCV-UHFFFAOYSA-N,BMXUFHORTLVLCV,eligible,458.906,3.445,104.73,1,6,7,31,4,0.4545,0,1,1
LIB_BMYKQPLSSCCDQS,ChEMBL,CHEMBL107214,CHEMBL107214,https://www.ebi.ac.uk/chembl/compound_report_card/CHEMBL107214/,CCOC(=O)c1sc(SC)c(C#N)c1N,CCOC(=O)c1sc(SC)c(C#N)c1N,CCOC(=O)c1sc(SC)c(C#N)c1N,BMYKQPLSSCCDQS-UHFFFAOYSA-N,BMYKQPLSSCCDQS,eligible,242.325,2.101,76.11,1,6,3,15,1,0.6485,0,1,1
LIB_BNBWIVDKBOYDKQ,ChEMBL,CHEMBL101363,CHEMBL101363,https://www.ebi.ac.uk/chembl/compound_report_card/CHEMBL101363/,C[n+]1c(/C=C/c2ccc(/C=N/NC(=N)N3CCCC3)cc2)cn2ccccc21.Cc1ccc(S(=O)(=O)O)cc1.Cc1ccc(S(=O)(=O)[O-])cc1,C[n+]1c(/C=C/c2ccc(/C=N/N=C(N)N3CCCC3)cc2)cn2ccccc21,C[n+]1c(C=Cc2ccc(C=NN=C(N)N3CCCC3)cc2)cn2ccccc21,BNBWIVDKBOYDKQ-QFGKKJBMSA-N,BNBWIVDKBOYDKQ,eligible,373.484,2.679,62.27,1,2,4,28,4,0.3308,1,1,1
LIB_BNCLJFZXGJBOMA,ChEMBL,CHEMBL1082473,CHEMBL1082473,https://www.ebi.ac.uk/chembl/compound_report_card/CHEMBL1082473/,COc1cccc(C(=O)Nc2ccc(OCCN3CCN(S(C)(=O)=O)CC3)c(-c3ccnn3C)c2)c1,COc1cccc(C(=O)Nc2ccc(OCCN3CCN(S(C)(=O)=O)CC3)c(-c3ccnn3C)c2)c1,COc1cccc(C(=O)Nc2ccc(OCCN3CCN(S(C)(=O)=O)CC3)c(-c3ccnn3C)c2)c1,BNCLJFZXGJBOMA-UHFFFAOYSA-N,BNCLJFZXGJBOMA,eligible,513.62,2.304,106.0,1,7,9,36,4,0.468,0,1,1
LIB_BNDYLFXLDDCBDO,ChEMBL,CHEMBL105030,CHEMBL105030;CHEMBL105399;CHEMBL105452,https://www.ebi.ac.uk/chembl/compound_report_card/CHEMBL105030/,Cc1c(N2CC[C@H]([C@@H](C)N)C2)c(F)cn2c(=O)c(C(=O)O)cc(C3CC3)c12,Cc1c(N2CC[C@H]([C@@H](C)N)C2)c(F)cn2c(=O)c(C(=O)O)cc(C3CC3)c12,Cc1c(N2CCC(C(C)N)C2)c(F)cn2c(=O)c(C(=O)O)cc(C3CC3)c12,BNDYLFXLDDCBDO-YPMHNXCESA-N,BNDYLFXLDDCBDO,eligible,373.428,2.496,88.04,2,4,4,27,4,0.8597,0,3,3
LIB_BNGJUFOQKFIMHD,ChEMBL,CHEMBL1078863,CHEMBL1078863,https://www.ebi.ac.uk/chembl/compound_report_card/CHEMBL1078863/,CCCCc1ccc(S(=O)(=O)Nc2ccc3c(c2)CCN(C2CCN(C(C)=O)CC2)CC3)cc1,CCCCc1ccc(S(=O)(=O)Nc2ccc3c(c2)CCN(C2CCN(C(C)=O)CC2)CC3)cc1,CCCCc1ccc(S(=O)(=O)Nc2ccc3c(c2)CCN(C2CCN(C(C)=O)CC2)CC3)cc1,BNGJUFOQKFIMHD-UHFFFAOYSA-N,BNGJUFOQKFIMHD,eligible,483.678,4.242,69.72,1,4,7,34,4,0.6395,0,1,1
LIB_BNGYBTOLZSFSOV,ChEMBL,CHEMBL1086672,CHEMBL1086672,https://www.ebi.ac.uk/chembl/compound_report_card/CHEMBL1086672/,CCC(C)(C)Cc1c[nH]c(CCc2ccc(-c3ccccc3OCc3nc(=S)[nH][nH]3)cc2)n1,CCC(C)(C)Cc1c[nH]c(CCc2ccc(-c3ccccc3OCc3n[nH]c(=S)[nH]3)cc2)n1,CCC(C)(C)Cc1c[nH]c(CCc2ccc(-c3ccccc3OCc3n[nH]c(=S)[nH]3)cc2)n1,BNGYBTOLZSFSOV-UHFFFAOYSA-N,BNGYBTOLZSFSOV,eligible,461.635,6.2,82.38,3,4,10,33,4,0.2456,0,1,1
LIB_BNHMPHAWYKRSIF,ChEMBL,CHEMBL100140,CHEMBL100140,https://www.ebi.ac.uk/chembl/compound_report_card/CHEMBL100140/,NC(CS)CCCCC(=O)O,NC(CS)CCCCC(=O)O,NC(CS)CCCCC(=O)O,BNHMPHAWYKRSIF-UHFFFAOYSA-N,BNHMPHAWYKRSIF,eligible,177.269,0.889,63.32,3,3,6,11,0,0.4168,0,1,1
LIB_BNHNNXHEHWISKR,ChEMBL,CHEMBL1084736,CHEMBL1084736,https://www.ebi.ac.uk/chembl/compound_report_card/CHEMBL1084736/,C[C@@H]1CN(C(=O)c2ccccc2)CCN1c1nnc(-c2ccc(C#N)cc2)c2ccccc12,C[C@@H]1CN(C(=O)c2ccccc2)CCN1c1nnc(-c2ccc(C#N)cc2)c2ccccc12,CC1CN(C(=O)c2ccccc2)CCN1c1nnc(-c2ccc(C#N)cc2)c2ccccc12,BNHNNXHEHWISKR-LJQANCHMSA-N,BNHNNXHEHWISKR,eligible,433.515,4.519,73.12,0,5,3,33,5,0.475,0,1,1
LIB_BNHSOBKGPBADAA,ChEMBL,CHEMBL102103,CHEMBL102103,https://www.ebi.ac.uk/chembl/compound_report_card/CHEMBL102103/,COc1cc2cc(C(=O)N3C[C@H]4C[C@@]45C3=CC(=O)c3[nH]c(C)c(C(=O)O)c35)[nH]c2c(OC)c1OC,COc1cc2cc(C(=O)N3C[C@H]4C[C@@]45C3=CC(=O)c3[nH]c(C)c(C(=O)O)c35)[nH]c2c(OC)c1OC,COc1cc2cc(C(=O)N3CC4CC45C3=CC(=O)c3[nH]c(C)c(C(=O)O)c35)[nH]c2c(OC)c1OC,BNHSOBKGPBADAA-YDBLSZJJSA-N,BNHSOBKGPBADAA,eligible,477.473,3.022,133.95,3,6,5,35,6,0.5143,0,1,1
LIB_BNIPBKFCGMYCDD,ChEMBL,CHEMBL1077317,CHEMBL1077317,https://www.ebi.ac.uk/chembl/compound_report_card/CHEMBL1077317/,Cc1cn(-c2cc(NC(=O)c3ccc(C)c(/C=C/N4CNc5c(NC6CC6)ncnc54)c3)cc(C(F)(F)F)c2)cn1,Cc1cn(-c2cc(NC(=O)c3ccc(C)c(/C=C/N4CNc5c(NC6CC6)ncnc54)c3)cc(C(F)(F)F)c2)cn1,Cc1cn(-c2cc(NC(=O)c3ccc(C)c(C=CN4CNc5c(NC6CC6)ncnc54)c3)cc(C(F)(F)F)c2)cn1,BNIPBKFCGMYCDD-BQYQJAHWSA-N,BNIPBKFCGMYCDD,eligible,560.584,5.985,100.0,3,7,7,41,6,0.2556,0,1,1
LIB_BNJREURCIDOWSG,ChEMBL,CHEMBL102339,CHEMBL102339,https://www.ebi.ac.uk/chembl/compound_report_card/CHEMBL102339/,Cc1ccccc1NC(=O)Nc1ccc(CC(=O)N[C@@H](CC(C)C)C(=O)N2CCC(CC(=O)O)CC2)cc1,Cc1ccccc1NC(=O)Nc1ccc(CC(=O)NC(CC(C)C)C(=O)N2CCC(CC(=O)O)CC2)cc1,Cc1ccccc1NC(=O)Nc1ccc(CC(=O)NC(CC(C)C)C(=O)N2CCC(CC(=O)O)CC2)cc1,BNJREURCIDOWSG-UHFFFAOYSA-N,BNJREURCIDOWSG,eligible,522.646,4.426,127.84,4,4,10,38,3,0.3672,0,1,1
LIB_BNMQXFGPFVUGQY,ChEMBL,CHEMBL10546,CHEMBL10546,https://www.ebi.ac.uk/chembl/compound_report_card/CHEMBL10546/,O=C1c2ccccc2C(=O)N1OCCCN1CCN(c2nsc3ccccc23)CC1,O=C1c2ccccc2C(=O)N1OCCCN1CCN(c2nsc3ccccc23)CC1,O=C1c2ccccc2C(=O)N1OCCCN1CCN(c2nsc3ccccc23)CC1,BNMQXFGPFVUGQY-UHFFFAOYSA-N,BNMQXFGPFVUGQY,eligible,422.51,3.036,65.98,0,7,6,30,5,0.4494,0,1,1
LIB_BNOSHHOBMCIUTF,ChEMBL,CHEMBL1083442,CHEMBL1083442,https://www.ebi.ac.uk/chembl/compound_report_card/CHEMBL1083442/,O=C(CCc1nc(-c2ccc(F)cn2)no1)NC1=C(C(=O)O)CC(c2cc(F)cc(F)c2F)CC1,O=C(CCc1nc(-c2ccc(F)cn2)no1)N=C1CCC(c2cc(F)cc(F)c2F)CC1C(=O)O,O=C(CCc1nc(-c2ccc(F)cn2)no1)N=C1CCC(c2cc(F)cc(F)c2F)CC1C(=O)O,BNOSHHOBMCIUTF-UHFFFAOYSA-N,BNOSHHOBMCIUTF,eligible,490.413,4.257,118.54,1,6,6,35,4,0.4052,0,1,1
LIB_BNPHOTHCUZTTON,ChEMBL,CHEMBL1087240,CHEMBL1087240,https://www.ebi.ac.uk/chembl/compound_report_card/CHEMBL1087240/,COc1ccc2cc(C(=O)c3ccc(NS(=O)(=O)c4ccc(C)cc4)cc3)c(=O)oc2c1,COc1ccc2cc(C(=O)c3ccc(NS(=O)(=O)c4ccc(C)cc4)cc3)c(=O)oc2c1,COc1ccc2cc(C(=O)c3ccc(NS(=O)(=O)c4ccc(C)cc4)cc3)c(=O)oc2c1,BNPHOTHCUZTTON-UHFFFAOYSA-N,BNPHOTHCUZTTON,eligible,449.484,4.142,102.68,1,6,6,32,4,0.3506,0,1,1
LIB_BNRNXUUZRGQAQC,ChEMBL,CHEMBL1737,CHEMBL1737;CHEMBL192,https://www.ebi.ac.uk/chembl/compound_report_card/CHEMBL1737/,CCCc1nn(C)c2c(=O)[nH]c(-c3cc(S(=O)(=O)N4CCN(C)CC4)ccc3OCC)nc12.O=C(O)CC(O)(CC(=O)O)C(=O)O,CCCc1nn(C)c2c(=O)[nH]c(-c3cc(S(=O)(=O)N4CCN(C)CC4)ccc3OCC)nc12,CCCc1nn(C)c2c(=O)[nH]c(-c3cc(S(=O)(=O)N4CCN(C)CC4)ccc3OCC)nc12,BNRNXUUZRGQAQC-UHFFFAOYSA-N,BNRNXUUZRGQAQC,eligible,474.587,1.611,113.42,1,7,7,33,4,0.5534,0,2,1
LIB_BNSJWPHRSMXGSW,ChEMBL,CHEMBL100381,CHEMBL100381,https://www.ebi.ac.uk/chembl/compound_report_card/CHEMBL100381/,COC(=O)CCCOC(=O)Oc1ccc([N+](=O)[O-])cc1,COC(=O)CCCOC(=O)Oc1ccc([N+](=O)[O-])cc1,COC(=O)CCCOC(=O)Oc1ccc([N+](=O)[O-])cc1,BNSJWPHRSMXGSW-UHFFFAOYSA-N,BNSJWPHRSMXGSW,eligible,283.236,2.063,104.97,0,7,6,20,1,0.2585,0,1,1
LIB_BNULMKWKKIYHKP,ChEMBL,CHEMBL101966,CHEMBL101966,https://www.ebi.ac.uk/chembl/compound_report_card/CHEMBL101966/,CS(=O)(=O)ON1C(=O)c2ccc(N)cc2C1=O,CS(=O)(=O)ON1C(=O)c2ccc(N)cc2C1=O,CS(=O)(=O)ON1C(=O)c2ccc(N)cc2C1=O,BNULMKWKKIYHKP-UHFFFAOYSA-N,BNULMKWKKIYHKP,eligible,256.239,-0.244,106.77,1,6,2,17,2,0.5775,0,1,1
LIB_BNUQGFGWOKQQNS,ChEMBL,CHEMBL101631,CHEMBL101631,https://www.ebi.ac.uk/chembl/compound_report_card/CHEMBL101631/,CN(O)C(=O)c1ccc(CCCCc2ccccc2)cc1,CN(O)C(=O)c1ccc(CCCCc2ccccc2)cc1,CN(O)C(=O)c1ccc(CCCCc2ccccc2)cc1,BNUQGFGWOKQQNS-UHFFFAOYSA-N,BNUQGFGWOKQQNS,eligible,283.371,3.713,40.54,1,2,6,21,2,0.4985,0,1,1
LIB_BNVWSHXRUPOSIQ,ChEMBL,CHEMBL1084670,CHEMBL1084670,https://www.ebi.ac.uk/chembl/compound_report_card/CHEMBL1084670/,COc1cccc(C(ON=C2CC3CCC(C2)N3C)c2ccccc2)c1,COc1cccc(C(ON=C2CC3CCC(C2)N3C)c2ccccc2)c1,COc1cccc(C(ON=C2CC3CCC(C2)N3C)c2ccccc2)c1,BNVWSHXRUPOSIQ-UHFFFAOYSA-N,BNVWSHXRUPOSIQ,eligible,350.462,4.414,34.06,0,4,5,26,4,0.749,0,1,1
LIB_BNWCQYXIEXHUHJ,ChEMBL,CHEMBL1085462,CHEMBL1085462,https://www.ebi.ac.uk/chembl/compound_report_card/CHEMBL1085462/,CN(C)CC1CCCc2cc(S(=O)(=O)c3ccccc3)ccc21,CN(C)CC1CCCc2cc(S(=O)(=O)c3ccccc3)ccc21,CN(C)CC1CCCc2cc(S(=O)(=O)c3ccccc3)ccc21,BNWCQYXIEXHUHJ-UHFFFAOYSA-N,BNWCQYXIEXHUHJ,eligible,329.465,3.501,37.38,0,3,4,23,3,0.8614,0,1,1
LIB_BNWORVIARAMAHR,ChEMBL,CHEMBL1080281,CHEMBL1080281,https://www.ebi.ac.uk/chembl/compound_report_card/CHEMBL1080281/,Cc1cn(Cc2ccc(Cl)cc2Cl)c2c(-c3nnc(NS(=O)(=O)c4ccc(F)c(F)c4)o3)cc(F)cc12,Cc1cn(Cc2ccc(Cl)cc2Cl)c2c(-c3nnc(NS(=O)(=O)c4ccc(F)c(F)c4)o3)cc(F)cc12,Cc1cn(Cc2ccc(Cl)cc2Cl)c2c(-c3nnc(NS(=O)(=O)c4ccc(F)c(F)c4)o3)cc(F)cc12,BNWORVIARAMAHR-UHFFFAOYSA-N,BNWORVIARAMAHR,eligible,567.376,6.573,90.02,1,5,6,37,5,0.2507,0,1,1
LIB_BNZSXIWZZUGARM,ChEMBL,CHEMBL100218,CHEMBL100218,https://www.ebi.ac.uk/chembl/compound_report_card/CHEMBL100218/,CC(C)N1CCc2nc(O)n3nc(-c4ccccc4F)nc3c2C1,CC(C)N1CCc2[nH]c(=O)n3nc(-c4ccccc4F)nc3c2C1,CC(C)N1CCc2[nH]c(=O)n3nc(-c4ccccc4F)nc3c2C1,BNZSXIWZZUGARM-UHFFFAOYSA-N,BNZSXIWZZUGARM,eligible,327.363,1.99,66.29,1,4,2,24,4,0.7816,0,1,1
LIB_BNZWVFLAIKWMBC,ChEMBL,CHEMBL1085773,CHEMBL1085773,https://www.ebi.ac.uk/chembl/compound_report_card/CHEMBL1085773/,CC(C)c1cccc(C2CNCC2C(=O)Nc2cc3cc[nH]c(=O)c3cc2Cl)c1,CC(C)c1cccc(C2CNCC2C(=O)Nc2cc3cc[nH]c(=O)c3cc2Cl)c1,CC(C)c1cccc(C2CNCC2C(=O)Nc2cc3cc[nH]c(=O)c3cc2Cl)c1,BNZWVFLAIKWMBC-UHFFFAOYSA-N,BNZWVFLAIKWMBC,eligible,409.917,4.247,73.99,3,3,4,29,4,0.6028,0,1,1
LIB_BOAJEIFQZOFOCK,ChEMBL,CHEMBL1079552,CHEMBL1079552;CHEMBL1079553;CHEMBL1079554,https://www.ebi.ac.uk/chembl/compound_report_card/CHEMBL1079552/,CCCCC(C)NC(=O)OCCCc1c[nH]cn1,CCCCC(C)NC(=O)OCCCc1c[nH]cn1,CCCCC(C)NC(=O)OCCCc1c[nH]cn1,BOAJEIFQZOFOCK-UHFFFAOYSA-N,BOAJEIFQZOFOCK,eligible,253.346,2.647,67.01,2,3,8,18,1,0.6998,0,3,3
LIB_BOBBYUSYHORXQS,ChEMBL,CHEMBL1079567,CHEMBL1079567,https://www.ebi.ac.uk/chembl/compound_report_card/CHEMBL1079567/,Cc1ncc(C#N)c(Nc2ccc3[nH]ccc3c2C)c1/C=C/c1ccc(S(=O)(=O)N2CCN(C)CC2)cc1,Cc1ncc(C#N)c(Nc2ccc3[nH]ccc3c2C)c1C=Cc1ccc(S(=O)(=O)N2CCN(C)CC2)cc1,Cc1ncc(C#N)c(Nc2ccc3[nH]ccc3c2C)c1C=Cc1ccc(S(=O)(=O)N2CCN(C)CC2)cc1,BOBBYUSYHORXQS-UHFFFAOYSA-N,BOBBYUSYHORXQS,eligible,526.666,4.902,105.12,2,6,6,38,5,0.3702,0,1,1
LIB_BOBFXPYGHIPZDA,ChEMBL,CHEMBL101061,CHEMBL101061,https://www.ebi.ac.uk/chembl/compound_report_card/CHEMBL101061/,Cc1n(CCC(C(N)=O)(c2ccccc2)c2ccccc2)cc[n+]1Cc1ccccc1Cl.[Br-],Cc1n(CCC(C(N)=O)(c2ccccc2)c2ccccc2)cc[n+]1Cc1ccccc1Cl,Cc1n(CCC(C(N)=O)(c2ccccc2)c2ccccc2)cc[n+]1Cc1ccccc1Cl,BOBFXPYGHIPZDA-UHFFFAOYSA-O,BOBFXPYGHIPZDA,eligible,444.986,4.647,51.9,1,1,8,32,4,0.3951,1,1,1
LIB_BOBLHFUVNSFZPJ,ChEMBL,CHEMBL1200545,CHEMBL1200545,https://www.ebi.ac.uk/chembl/compound_report_card/CHEMBL1200545/,CC(=O)OCC(=O)[C@@]1(OC(C)=O)[C@@H](C)C[C@H]2[C@@H]3C[C@H](F)C4=CC(=O)C=C[C@]4(C)[C@@]3(F)[C@@H](O)C[C@@]21C,CC(=O)OCC(=O)[C@@]1(OC(C)=O)[C@@H](C)C[C@H]2[C@@H]3C[C@H](F)C4=CC(=O)C=C[C@]4(C)[C@@]3(F)[C@@H](O)C[C@@]21C,CC(=O)OCC(=O)C1(OC(C)=O)C(C)CC2C3CC(F)C4=CC(=O)C=CC4(C)C3(F)C(O)CC21C,BOBLHFUVNSFZPJ-JOYXJVLSSA-N,BOBLHFUVNSFZPJ,eligible,494.531,2.985,106.97,1,7,4,35,4,0.599,0,1,1
LIB_BOBVEDPUIUXBRK,ChEMBL,CHEMBL103763,CHEMBL103763,https://www.ebi.ac.uk/chembl/compound_report_card/CHEMBL103763/,CN1CC[C@@H]2CCc3[nH]c4ccccc4c3[C@H]2C1,CN1CC[C@@H]2CCc3[nH]c4ccccc4c3[C@H]2C1,CN1CCC2CCc3[nH]c4ccccc4c3C2C1,BOBVEDPUIUXBRK-AAEUAGOBSA-N,BOBVEDPUIUXBRK,eligible,240.35,3.149,19.03,1,1,0,18,4,0.7492,0,1,1
LIB_BOCUKUHCLICSIY,ChEMBL,CHEMBL61593,CHEMBL61593,https://www.ebi.ac.uk/chembl/compound_report_card/CHEMBL61593/,NS(=O)(=O)c1cc2c(cc1Cl)NC(C1CC3C=CC1C3)NS2(=O)=O,NS(=O)(=O)c1cc2c(cc1Cl)NC(C1CC3C=CC1C3)NS2(=O)=O,NS(=O)(=O)c1cc2c(cc1Cl)NC(C1CC3C=CC1C3)NS2(=O)=O,BOCUKUHCLICSIY-UHFFFAOYSA-N,BOCUKUHCLICSIY,eligible,389.886,1.23,118.36,3,5,2,24,4,0.6572,0,1,1
LIB_BOCVLEJSICULOK,ChEMBL,CHEMBL1080039,CHEMBL1080039,https://www.ebi.ac.uk/chembl/compound_report_card/CHEMBL1080039/,C[C@H]1CCCCCCCCCCCCCNC1,C[C@H]1CCCCCCCCCCCCCNC1,CC1CCCCCCCCCCCCCNC1,BOCVLEJSICULOK-INIZCTEOSA-N,BOCVLEJSICULOK,eligible,239.447,4.907,12.03,1,1,0,17,1,0.6333,0,1,1
LIB_BOCXRPAGFDSAFB,ChEMBL,CHEMBL103013,CHEMBL103013,https://www.ebi.ac.uk/chembl/compound_report_card/CHEMBL103013/,CC(C)(O)c1ccc(CN2C(=O)N(Cc3ccc(C(C)(C)O)cc3)[C@H](Cc3ccccc3)[C@H](O)[C@@H](O)[C@H]2Cc2ccccc2)cc1,CC(C)(O)c1ccc(CN2C(=O)N(Cc3ccc(C(C)(C)O)cc3)[C@H](Cc3ccccc3)[C@H](O)[C@@H](O)[C@H]2Cc2ccccc2)cc1,CC(C)(O)c1ccc(CN2C(=O)N(Cc3ccc(C(C)(C)O)cc3)C(Cc3ccccc3)C(O)C(O)C2Cc2ccccc2)cc1,BOCXRPAGFDSAFB-NWJWHWDBSA-N,BOCXRPAGFDSAFB,eligible,622.806,5.524,104.47,4,5,10,46,5,0.1865,0,1,1
LIB_BOCYZSUKEUEUKP,ChEMBL,CHEMBL1087110,CHEMBL1087110,https://www.ebi.ac.uk/chembl/compound_report_card/CHEMBL1087110/,CCNC(=O)c1cc(-c2sc(-c3cccnc3)nc2[C@@H]2CCCN2)n[nH]1,CCNC(=O)c1cc(-c2sc(-c3cccnc3)nc2[C@@H]2CCCN2)[nH]n1,CCNC(=O)c1cc(-c2sc(-c3cccnc3)nc2C2CCCN2)[nH]n1,BOCYZSUKEUEUKP-LBPRGKRZSA-N,BOCYZSUKEUEUKP,eligible,368.466,2.769,95.59,3,6,5,26,4,0.6435,0,1,1
LIB_BOEGTKLJZSQCCD,ChEMBL,CHEMBL1644,CHEMBL1644,https://www.ebi.ac.uk/chembl/compound_report_card/CHEMBL1644/,CC1=C(C(=O)O)N2C(=O)[C@@H](NC(=O)[C@H](N)c3ccc(O)cc3)[C@H]2SC1,CC1=C(C(=O)O)N2C(=O)C(NC(=O)C(N)c3ccc(O)cc3)[C@H]2SC1,CC1=C(C(=O)O)N2C(=O)C(NC(=O)C(N)c3ccc(O)cc3)C2SC1,BOEGTKLJZSQCCD-QKFMDRJYSA-N,BOEGTKLJZSQCCD,eligible,363.395,0.151,132.96,4,6,4,25,3,0.5597,0,1,1
LIB_BOEJDYFVYZETDG,ChEMBL,CHEMBL1084100,CHEMBL1084100,https://www.ebi.ac.uk/chembl/compound_report_card/CHEMBL1084100/,CC(C)C(=O)c1cn(CC(O)COc2ccc(Oc3ccccc3)cc2)c2ccc(C(=O)O)cc12,CC(C)C(=O)c1cn(CC(O)COc2ccc(Oc3ccccc3)cc2)c2ccc(C(=O)O)cc12,CC(C)C(=O)c1cn(CC(O)COc2ccc(Oc3ccccc3)cc2)c2ccc(C(=O)O)cc12,BOEJDYFVYZETDG-UHFFFAOYSA-N,BOEJDYFVYZETDG,eligible,473.525,5.41,97.99,2,5,10,35,4,0.299,0,1,1
LIB_BOFQWVMAQOTZIW,ChEMBL,CHEMBL550348,CHEMBL550348,https://www.ebi.ac.uk/chembl/compound_report_card/CHEMBL550348/,O=C(O)c1ccc(-n2nc(-c3ccccc3O)nc2-c2ccccc2O)cc1,O=C(O)c1ccc(-n2nc(-c3ccccc3O)nc2-c2ccccc2O)cc1,O=C(O)c1ccc(-n2nc(-c3ccccc3O)nc2-c2ccccc2O)cc1,BOFQWVMAQOTZIW-UHFFFAOYSA-N,BOFQWVMAQOTZIW,eligible,373.368,3.711,108.47,3,5,4,28,4,0.5032,0,1,1
LIB_BOFURWWYYDRARO,ChEMBL,CHEMBL108136,CHEMBL108136,https://www.ebi.ac.uk/chembl/compound_report_card/CHEMBL108136/,CN(C)c1ncnc2c1ncn2C1CCC1,CN(C)c1ncnc2c1ncn2C1CCC1,CN(C)c1ncnc2c1ncn2C1CCC1,BOFURWWYYDRARO-UHFFFAOYSA-N,BOFURWWYYDRARO,eligible,217.276,1.617,46.84,0,4,2,16,3,0.7665,0,1,1
LIB_BOGDGZBEROWVBB,ChEMBL,CHEMBL108434,CHEMBL108434,https://www.ebi.ac.uk/chembl/compound_report_card/CHEMBL108434/,Cc1nc2cccc(F)c2c(N)c1CSC1(C(F)(F)F)CCCO1,Cc1nc2cccc(F)c2c(N)c1CSC1(C(F)(F)F)CCCO1,Cc1nc2cccc(F)c2c(N)c1CSC1(C(F)(F)F)CCCO1,BOGDGZBEROWVBB-UHFFFAOYSA-N,BOGDGZBEROWVBB,eligible,360.376,4.567,48.14,1,4,3,24,3,0.815,0,1,1
LIB_BOGKCCITBZWXSX,ChEMBL,CHEMBL106763,CHEMBL106763,https://www.ebi.ac.uk/chembl/compound_report_card/CHEMBL106763/,CN(Cc1nc2c([nH]1)CCCC2)C(=O)c1ccc2c(c1)CN(C)C(=O)[C@H](CC(=O)O)N2,CN(Cc1nc2c([nH]1)CCCC2)C(=O)c1ccc2c(c1)CN(C)C(=O)C(CC(=O)O)N2,CN(Cc1nc2c([nH]1)CCCC2)C(=O)c1ccc2c(c1)CN(C)C(=O)C(CC(=O)O)N2,BOGKCCITBZWXSX-UHFFFAOYSA-N,BOGKCCITBZWXSX,eligible,425.489,1.788,118.63,3,5,5,31,4,0.6721,0,1,1
LIB_BOHZGHNXINCIBJ,ChEMBL,CHEMBL104069,CHEMBL104069,https://www.ebi.ac.uk/chembl/compound_report_card/CHEMBL104069/,N#CN/C(=N\CCCCCCOc1ccccc1Cl)Nc1ccncc1,N#CN=C(N=c1cc[nH]cc1)NCCCCCCOc1ccccc1Cl,N#CN=C(N=c1cc[nH]cc1)NCCCCCCOc1ccccc1Cl,BOHZGHNXINCIBJ-UHFFFAOYSA-N,BOHZGHNXINCIBJ,eligible,371.872,3.635,85.56,2,3,8,26,2,0.3213,0,1,1
LIB_BOJVCGVPPWOSML,ChEMBL,CHEMBL106312,CHEMBL106312,https://www.ebi.ac.uk/chembl/compound_report_card/CHEMBL106312/,CC(C(N)=O)S(=O)(=O)Nc1ccc(Nc2c3ccccc3nc3ccccc23)cc1,CC(C(N)=O)S(=O)(=O)Nc1ccc(Nc2c3ccccc3nc3ccccc23)cc1,CC(C(N)=O)S(=O)(=O)Nc1ccc(Nc2c3ccccc3nc3ccccc23)cc1,BOJVCGVPPWOSML-UHFFFAOYSA-N,BOJVCGVPPWOSML,eligible,420.494,3.747,114.18,3,5,6,30,4,0.4112,0,1,1
LIB_BOKABWIDLFTABK,ChEMBL,CHEMBL1086515,CHEMBL1086515,https://www.ebi.ac.uk/chembl/compound_report_card/CHEMBL1086515/,CCCN(CC(=O)Nc1ccc(C)cc1C)Cc1ccc(OC(C)(C)C(=O)O)cc1,CCCN(CC(=O)Nc1ccc(C)cc1C)Cc1ccc(OC(C)(C)C(=O)O)cc1,CCCN(CC(=O)Nc1ccc(C)cc1C)Cc1ccc(OC(C)(C)C(=O)O)cc1,BOKABWIDLFTABK-UHFFFAOYSA-N,BOKABWIDLFTABK,eligible,412.53,4.396,78.87,2,4,10,30,2,0.6048,0,1,1
LIB_BOKASTZDGGZFET,ChEMBL,CHEMBL100572,CHEMBL100572,https://www.ebi.ac.uk/chembl/compound_report_card/CHEMBL100572/,NC[C@@H]1O[C@H](C2CCCCC2)Cc2c1ccc(O)c2O,NC[C@@H]1O[C@H](C2CCCCC2)Cc2c1ccc(O)c2O,NCC1OC(C2CCCCC2)Cc2c1ccc(O)c2O,BOKASTZDGGZFET-GJZGRUSLSA-N,BOKASTZDGGZFET,eligible,277.364,2.619,75.71,3,4,2,20,3,0.7263,0,1,1
LIB_BOMPKFLFSCDGLF,ChEMBL,CHEMBL1082058,CHEMBL1082058,https://www.ebi.ac.uk/chembl/compound_report_card/CHEMBL1082058/,CC1=C[C@H]2O[C@@H]3C[C@H]4OC(=O)/C=C\C=C\C(=O)OCC/C(C)=C/C(=O)OC[C@@]2(C[C@H]1O)[C@]4(C)[C@]31CO1,CC1=C[C@H]2O[C@@H]3C[C@H]4OC(=O)/C=C\C=C\C(=O)OCC/C(C)=C/C(=O)OC[C@@]2(C[C@H]1O)[C@]4(C)[C@]31CO1,CC1=CC(=O)OCC23CC(O)C(C)=CC2OC2CC(OC(=O)C=CC=CC(=O)OCC1)C3(C)C21CO1,BOMPKFLFSCDGLF-OKALFEIBSA-N,BOMPKFLFSCDGLF,eligible,500.544,2.091,120.89,1,9,0,36,5,0.2306,0,1,1
LIB_BOMXWTHINLWJIE,ChEMBL,CHEMBL1531,CHEMBL1531,https://www.ebi.ac.uk/chembl/compound_report_card/CHEMBL1531/,C#C[C@]1(O)CC[C@H]2[C@@H]3CCC4=CC(=O)CC[C@@H]4[C@H]3C(=C)C[C@@]21CC,C#C[C@]1(O)CC[C@H]2[C@@H]3CC=C4CC(=O)CCC4[C@H]3C(=C)C[C@@]21CC,C#CC1(O)CCC2C3CC=C4CC(=O)CCC4C3C(=C)CC21CC,BOMXWTHINLWJIE-BHPIROGQSA-N,BOMXWTHINLWJIE,eligible,324.464,4.049,37.3,1,2,1,24,4,0.5835,0,1,1
LIB_BONMYDUTHDSTHA,ChEMBL,CHEMBL105213,CHEMBL105213,https://www.ebi.ac.uk/chembl/compound_report_card/CHEMBL105213/,O=C(Nc1[nH]nc2cc(-c3cccc(F)c3F)ccc12)C1CC1,O=C(Nc1[nH]nc2cc(-c3cccc(F)c3F)ccc12)C1CC1,O=C(Nc1[nH]nc2cc(-c3cccc(F)c3F)ccc12)C1CC1,BONMYDUTHDSTHA-UHFFFAOYSA-N,BONMYDUTHDSTHA,eligible,313.307,3.857,57.78,2,2,3,23,4,0.7712,0,1,1
LIB_BOQQENUPQOOUFH,ChEMBL,CHEMBL103999,CHEMBL103999,https://www.ebi.ac.uk/chembl/compound_report_card/CHEMBL103999/,CS(=O)(=O)n1ncnc1N,CS(=O)(=O)n1ncnc1N,CS(=O)(=O)n1ncnc1N,BOQQENUPQOOUFH-UHFFFAOYSA-N,BOQQENUPQOOUFH,eligible,162.174,-1.332,90.87,1,5,1,10,1,0.552,0,1,1
LIB_BOQQYCYLUTYLGS,ChEMBL,CHEMBL10016,CHEMBL10016,https://www.ebi.ac.uk/chembl/compound_report_card/CHEMBL10016/,COc1cc2c(-c3ccc4c(c3)OCO4)c(C(=O)O)n(Cc3ccc4c(c3)OCO4)c2cc1OCc1ccccc1,COc1cc2c(-c3ccc4c(c3)OCO4)c(C(=O)O)n(Cc3ccc4c(c3)OCO4)c2cc1OCc1ccccc1,COc1cc2c(-c3ccc4c(c3)OCO4)c(C(=O)O)n(Cc3ccc4c(c3)OCO4)c2cc1OCc1ccccc1,BOQQYCYLUTYLGS-UHFFFAOYSA-N,BOQQYCYLUTYLGS,eligible,551.551,6.1,97.61,1,7,8,41,7,0.2472,0,1,1
LIB_BOVGTQGAOIONJV,ChEMBL,CHEMBL427216,CHEMBL427216,https://www.ebi.ac.uk/chembl/compound_report_card/CHEMBL427216/,Cc1ccc(S(=O)(=O)NC(=O)NN2CC3CCCC3C2)cc1,Cc1ccc(S(=O)(=O)NC(=O)NN2CC3CCCC3C2)cc1,Cc1ccc(S(=O)(=O)NC(=O)NN2CC3CCCC3C2)cc1,BOVGTQGAOIONJV-UHFFFAOYSA-N,BOVGTQGAOIONJV,eligible,323.418,1.63,78.51,2,4,3,22,3,0.886,0,1,1
LIB_BOVIKQWJNPOZRM,ChEMBL,CHEMBL1086790,CHEMBL1086790,https://www.ebi.ac.uk/chembl/compound_report_card/CHEMBL1086790/,c1ccc2c(c1)CCN1CCc3cccc4[nH]cc(c34)C21,c1ccc2c(c1)CCN1CCc3cccc4[nH]cc(c34)C21,c1ccc2c(c1)CCN1CCc3cccc4[nH]cc(c34)C21,BOVIKQWJNPOZRM-UHFFFAOYSA-N,BOVIKQWJNPOZRM,eligible,274.367,3.672,19.03,1,1,0,21,5,0.6624,0,1,1
LIB_BOWNKALAWXNHRQ,ChEMBL,CHEMBL1076731,CHEMBL1076731,https://www.ebi.ac.uk/chembl/compound_report_card/CHEMBL1076731/,COc1[nH]cc(C(=O)c2ccc(Cl)cc2)c(=O)c1OC,COc1[nH]cc(C(=O)c2ccc(Cl)cc2)c(=O)c1OC,COc1[nH]cc(C(=O)c2ccc(Cl)cc2)c(=O)c1OC,BOWNKALAWXNHRQ-UHFFFAOYSA-N,BOWNKALAWXNHRQ,eligible,293.706,2.276,68.39,1,4,4,20,2,0.8782,0,1,1
LIB_BOXCVCJOJXRNFC,ChEMBL,CHEMBL106413,CHEMBL106413,https://www.ebi.ac.uk/chembl/compound_report_card/CHEMBL106413/,OC[C@@H]1COc2c(cccc2N2CCNCC2)O1,OC[C@@H]1COc2c(cccc2N2CCNCC2)O1,OCC1COc2c(cccc2N2CCNCC2)O1,BOXCVCJOJXRNFC-SNVBAGLBSA-N,BOXCVCJOJXRNFC,eligible,250.298,0.228,53.96,2,5,2,18,3,0.7866,0,1,1
LIB_BOYANPPIKWSQRQ,ChEMBL,CHEMBL1077356,CHEMBL1077356;CHEMBL1086412,https://www.ebi.ac.uk/chembl/compound_report_card/CHEMBL1077356/,COC(=O)/C=C\C(=O)Nc1ccc(Cl)c(Cl)c1,COC(=O)/C=C\C(=O)Nc1ccc(Cl)c(Cl)c1,COC(=O)C=CC(=O)Nc1ccc(Cl)c(Cl)c1,BOYANPPIKWSQRQ-PLNGDYQASA-N,BOYANPPIKWSQRQ,eligible,274.103,2.661,55.4,1,3,3,17,1,0.6806,0,2,2
LIB_BOZCWNNBVGPZGB,ChEMBL,CHEMBL100552,CHEMBL100552,https://www.ebi.ac.uk/chembl/compound_report_card/CHEMBL100552/,CCCN1CNS(=O)(=O)c2cnccc21,CCCN1CNS(=O)(=O)c2cnccc21,CCCN1CNS(=O)(=O)c2cnccc21,BOZCWNNBVGPZGB-UHFFFAOYSA-N,BOZCWNNBVGPZGB,eligible,227.289,0.547,62.3,1,4,2,15,2,0.801,0,1,1
LIB_BPBTXNNZEZVAIO,ChEMBL,CHEMBL1086774,CHEMBL1086774;CHEMBL1087545,https://www.ebi.ac.uk/chembl/compound_report_card/CHEMBL1086774/,Oc1ccc2c(c1)O[C@@H](c1ccc(OCCN3CCCCCC3)cc1)C1=C2CCOc2cc(O)ccc21,Oc1ccc2c(c1)O[C@@H](c1ccc(OCCN3CCCCCC3)cc1)C1=C2CCOc2cc(O)ccc21,Oc1ccc2c(c1)OC(c1ccc(OCCN3CCCCCC3)cc1)C1=C2CCOc2cc(O)ccc21,BPBTXNNZEZVAIO-HKBQPEDESA-N,BPBTXNNZEZVAIO,eligible,499.607,6.18,71.39,2,6,5,37,6,0.4369,0,2,2
LIB_BPCARLJNGCSVPG,ChEMBL,CHEMBL1081071,CHEMBL1081071,https://www.ebi.ac.uk/chembl/compound_report_card/CHEMBL1081071/,CCN(CC)c1ccc(N/N=C2\C(=O)NN=C2c2ccc(OC)cc2)cc1,CCN(CC)c1ccc(N=Nc2c(-c3ccc(OC)cc3)[nH][nH]c2=O)cc1,CCN(CC)c1ccc(N=Nc2c(-c3ccc(OC)cc3)[nH][nH]c2=O)cc1,BPCARLJNGCSVPG-UHFFFAOYSA-N,BPCARLJNGCSVPG,eligible,365.437,4.64,85.84,2,5,7,27,3,0.5981,0,1,1
LIB_BPCFMFDDQQKBBY,ChEMBL,CHEMBL106065,CHEMBL106065,https://www.ebi.ac.uk/chembl/compound_report_card/CHEMBL106065/,O=C(Nc1ccc(OC(F)(F)F)cc1)NC1(C(=O)NCC2(c3ccccn3)CCCCC2)CCc2[nH]c3ccccc3c2C1,O=C(Nc1ccc(OC(F)(F)F)cc1)NC1(C(=O)NCC2(c3ccccn3)CCCCC2)CCc2[nH]c3ccccc3c2C1,O=C(Nc1ccc(OC(F)(F)F)cc1)NC1(C(=O)NCC2(c3ccccn3)CCCCC2)CCc2[nH]c3ccccc3c2C1,BPCFMFDDQQKBBY-UHFFFAOYSA-N,BPCFMFDDQQKBBY,eligible,605.661,6.529,108.14,4,4,7,44,6,0.1922,0,1,1
LIB_BPEUMBJORJBHOS,ChEMBL,CHEMBL1078626,CHEMBL1078626,https://www.ebi.ac.uk/chembl/compound_report_card/CHEMBL1078626/,O=C(O)[C@]1(NS(=O)(=O)c2ccc(-n3cc(Cl)cn3)s2)C[C@@H]1Cc1ccccc1,O=C(O)[C@]1(NS(=O)(=O)c2ccc(-n3cc(Cl)cn3)s2)C[C@@H]1Cc1ccccc1,O=C(O)C1(NS(=O)(=O)c2ccc(-n3cc(Cl)cn3)s2)CC1Cc1ccccc1,BPEUMBJORJBHOS-UGSOOPFHSA-N,BPEUMBJORJBHOS,eligible,437.93,2.952,101.29,2,5,7,28,4,0.5913,0,1,1
LIB_BPEWUONYVDABNZ,ChEMBL,CHEMBL1571,CHEMBL1571,https://www.ebi.ac.uk/chembl/compound_report_card/CHEMBL1571/,C[C@]12C=CC(=O)C=C1CC[C@@H]1[C@@H]2CC[C@]2(C)OC(=O)CC[C@@H]12,C[C@]12C=CC(=O)C=C1CC[C@@H]1[C@@H]2CC[C@]2(C)OC(=O)CC[C@@H]12,CC12CCC3C(CCC4=CC(=O)C=CC43C)C1CCC(=O)O2,BPEWUONYVDABNZ-DZBHQSCQSA-N,BPEWUONYVDABNZ,eligible,300.398,3.59,43.37,0,3,0,22,4,0.6421,0,1,1
LIB_BPFLSMSQDIWLJL,ChEMBL,CHEMBL107363,CHEMBL107363,https://www.ebi.ac.uk/chembl/compound_report_card/CHEMBL107363/,COCCO/N=C(\c1ccc(Br)cc1)C1CCN(C2(C)CCN(C(=O)c3c(C)cccc3C)CC2)CC1,COCCO/N=C(\c1ccc(Br)cc1)C1CCN(C2(C)CCN(C(=O)c3c(C)cccc3C)CC2)CC1,COCCON=C(c1ccc(Br)cc1)C1CCN(C2(C)CCN(C(=O)c3c(C)cccc3C)CC2)CC1,BPFLSMSQDIWLJL-VEWQFJOQSA-N,BPFLSMSQDIWLJL,eligible,570.572,5.84,54.37,0,5,8,37,4,0.2275,0,1,1
LIB_BPGCQVBRATWPPS,ChEMBL,CHEMBL1080264,CHEMBL1080264,https://www.ebi.ac.uk/chembl/compound_report_card/CHEMBL1080264/,c1ccc2c(c1)CC(c1nc3c(OCCN4CCOCC4)cc(-c4cn[nH]c4)cc3s1)CO2,c1ccc2c(c1)CC(c1nc3c(OCCN4CCOCC4)cc(-c4cn[nH]c4)cc3s1)CO2,c1ccc2c(c1)CC(c1nc3c(OCCN4CCOCC4)cc(-c4cn[nH]c4)cc3s1)CO2,BPGCQVBRATWPPS-UHFFFAOYSA-N,BPGCQVBRATWPPS,eligible,462.575,4.116,72.5,1,7,6,33,6,0.4649,0,1,1
LIB_BPGRKWCPHNQLPC,ChEMBL,CHEMBL10755,CHEMBL10755,https://www.ebi.ac.uk/chembl/compound_report_card/CHEMBL10755/,CC(C)C(O)(Cn1cncn1)C(C)(O)c1ccc(Cl)cc1,CC(C)C(O)(Cn1cncn1)C(C)(O)c1ccc(Cl)cc1,CC(C)C(O)(Cn1cncn1)C(C)(O)c1ccc(Cl)cc1,BPGRKWCPHNQLPC-UHFFFAOYSA-N,BPGRKWCPHNQLPC,eligible,309.797,2.226,71.17,2,4,5,21,2,0.8882,0,1,1
LIB_BPHOFKYNVHFWDS,ChEMBL,CHEMBL1085612,CHEMBL1085612,https://www.ebi.ac.uk/chembl/compound_report_card/CHEMBL1085612/,O=C(CCc1cnnn1-c1cccc(Cl)c1)c1ccccc1,O=C(CCc1cnnn1-c1cccc(Cl)c1)c1ccccc1,O=C(CCc1cnnn1-c1cccc(Cl)c1)c1ccccc1,BPHOFKYNVHFWDS-UHFFFAOYSA-N,BPHOFKYNVHFWDS,eligible,311.772,3.736,47.78,0,3,5,22,3,0.6744,0,1,1
LIB_BPHPPPLCTOOLKW,ChEMBL,CHEMBL100792,CHEMBL100792,https://www.ebi.ac.uk/chembl/compound_report_card/CHEMBL100792/,CN(CCCC(O)c1ccc(F)cc1)CCN(C)Cc1ccccc1,CN(CCCC(O)c1ccc(F)cc1)CCN(C)Cc1ccccc1,CN(CCCC(O)c1ccc(F)cc1)CCN(C)Cc1ccccc1,BPHPPPLCTOOLKW-UHFFFAOYSA-N,BPHPPPLCTOOLKW,eligible,344.474,3.703,26.71,1,3,10,25,2,0.7118,0,1,1
LIB_BPISPUIKHXBPSU,ChEMBL,CHEMBL1079947,CHEMBL1079947,https://www.ebi.ac.uk/chembl/compound_report_card/CHEMBL1079947/,CCCC/C=C/c1cc(C)ccc1/C=C/CC(=O)O,CCCC/C=C/c1cc(C)ccc1/C=C/CC(=O)O,CCCCC=Cc1cc(C)ccc1C=CCC(=O)O,BPISPUIKHXBPSU-CDJQDVQCSA-N,BPISPUIKHXBPSU,eligible,258.361,4.686,37.3,1,1,7,19,1,0.7205,0,1,1
LIB_BPISXFKZPYJNFI,ChEMBL,CHEMBL1084802,CHEMBL1084802,https://www.ebi.ac.uk/chembl/compound_report_card/CHEMBL1084802/,CS(=O)(=O)NC(=O)c1ccc2c(c1)[C@@H]1C=CC[C@@H]1[C@@H](c1ccc(Cl)cc1Cl)N2,CS(=O)(=O)NC(=O)c1ccc2c(c1)[C@@H]1C=CC[C@@H]1[C@@H](c1ccc(Cl)cc1Cl)N2,CS(=O)(=O)NC(=O)c1ccc2c(c1)C1C=CCC1C(c1ccc(Cl)cc1Cl)N2,BPISXFKZPYJNFI-TYILLQQXSA-N,BPISXFKZPYJNFI,eligible,437.348,4.509,75.27,2,4,3,28,4,0.6934,0,1,1
LIB_BPJNFBNWYDYWFX,ChEMBL,CHEMBL105066,CHEMBL105066,https://www.ebi.ac.uk/chembl/compound_report_card/CHEMBL105066/,COc1cc2ncc(NCc3ccccc3)nc2cc1OC,COc1cc2ncc(NCc3ccccc3)nc2cc1OC,COc1cc2ncc(NCc3ccccc3)nc2cc1OC,BPJNFBNWYDYWFX-UHFFFAOYSA-N,BPJNFBNWYDYWFX,eligible,295.342,3.259,56.27,1,5,5,22,3,0.7827,0,1,1
LIB_BPJVKKLVRSTYAO,ChEMBL,CHEMBL102943,CHEMBL102943,https://www.ebi.ac.uk/chembl/compound_report_card/CHEMBL102943/,Cc1ccc2nc(C(F)F)nc(O)c2c1,Cc1ccc2[nH]c(C(F)F)nc(=O)c2c1,Cc1ccc2[nH]c(C(F)F)nc(=O)c2c1,BPJVKKLVRSTYAO-UHFFFAOYSA-N,BPJVKKLVRSTYAO,eligible,210.183,2.169,45.75,1,2,1,15,2,0.7835,0,1,1
LIB_BPKAHTKRCLCHEA,ChEMBL,CHEMBL1200622,CHEMBL1200622,https://www.ebi.ac.uk/chembl/compound_report_card/CHEMBL1200622/,C[C@H](/C=C/[C@H](C)C(C)(C)O)[C@H]1CC[C@H]2/C(=C/C=C3C[C@@H](O)C[C@H](O)C3)CCC[C@]12C,C[C@H](/C=C/[C@H](C)C(C)(C)O)[C@H]1CC[C@H]2/C(=C/C=C3C[C@@H](O)C[C@H](O)C3)CCC[C@]12C,CC(C=CC(C)C(C)(C)O)C1CCC2C(=CC=C3CC(O)CC(O)C3)CCCC21C,BPKAHTKRCLCHEA-UBFJEZKGSA-N,BPKAHTKRCLCHEA,eligible,416.646,5.561,60.69,3,3,5,30,3,0.5142,0,1,1
LIB_BPLBGHOLXOTWMN,ChEMBL,CHEMBL1200852,CHEMBL1200852;CHEMBL615,https://www.ebi.ac.uk/chembl/compound_report_card/CHEMBL1200852/,CC1(C)S[C@@H]2[C@H](NC(=O)COc3ccccc3)C(=O)N2[C@H]1C(=O)[O-].[K+],CC1(C)S[C@@H]2C(NC(=O)COc3ccccc3)C(=O)N2C1C(=O)O,CC1(C)SC2C(NC(=O)COc3ccccc3)C(=O)N2C1C(=O)O,BPLBGHOLXOTWMN-ORHYLEIMSA-N,BPLBGHOLXOTWMN,eligible,350.396,0.697,95.94,2,5,5,24,3,0.7591,0,2,1
LIB_BPLOGUVUEKYGFE,ChEMBL,CHEMBL1077062,CHEMBL1077062,https://www.ebi.ac.uk/chembl/compound_report_card/CHEMBL1077062/,CC(=O)c1nn(-c2ccccc2)cc1C(=O)c1nn(-c2ccccc2)cc1C(=O)c1nn(-c2ccc(C)cc2)cc1C(=O)c1ccccc1,CC(=O)c1nn(-c2ccccc2)cc1C(=O)c1nn(-c2ccccc2)cc1C(=O)c1nn(-c2ccc(C)cc2)cc1C(=O)c1ccccc1,CC(=O)c1nn(-c2ccccc2)cc1C(=O)c1nn(-c2ccccc2)cc1C(=O)c1nn(-c2ccc(C)cc2)cc1C(=O)c1ccccc1,BPLOGUVUEKYGFE-UHFFFAOYSA-N,BPLOGUVUEKYGFE,eligible,644.691,6.448,121.74,0,7,10,49,7,0.157,0,1,1
LIB_BPNCIVZQFUIDBP,ChEMBL,CHEMBL1081855,CHEMBL1081855,https://www.ebi.ac.uk/chembl/compound_report_card/CHEMBL1081855/,O=S(=O)(Nc1ccncc1Nc1ccc(Br)cc1)C(F)(F)F,O=S(=O)(Nc1ccncc1Nc1ccc(Br)cc1)C(F)(F)F,O=S(=O)(Nc1ccncc1Nc1ccc(Br)cc1)C(F)(F)F,BPNCIVZQFUIDBP-UHFFFAOYSA-N,BPNCIVZQFUIDBP,eligible,396.188,3.849,71.09,2,4,4,22,2,0.824,0,1,1
LIB_BPPKFKDLVHEQBC,ChEMBL,CHEMBL106495,CHEMBL106495,https://www.ebi.ac.uk/chembl/compound_report_card/CHEMBL106495/,COc1ccc(OCCCN2CCC(C(c3ccc(F)cc3)c3ccc(F)cc3)CC2)cc1,COc1ccc(OCCCN2CCC(C(c3ccc(F)cc3)c3ccc(F)cc3)CC2)cc1,COc1ccc(OCCCN2CCC(C(c3ccc(F)cc3)c3ccc(F)cc3)CC2)cc1,BPPKFKDLVHEQBC-UHFFFAOYSA-N,BPPKFKDLVHEQBC,eligible,451.557,6.286,21.7,0,3,9,33,4,0.3572,0,1,1
LIB_BPQMGSKTAYIVFO,ChEMBL,CHEMBL473417,CHEMBL473417,https://www.ebi.ac.uk/chembl/compound_report_card/CHEMBL473417/,CS(=O)(=O)c1ccc(C(=O)Nc2ccc(Cl)c(-c3ccccn3)c2)c(Cl)c1,CS(=O)(=O)c1ccc(C(=O)Nc2ccc(Cl)c(-c3ccccn3)c2)c(Cl)c1,CS(=O)(=O)c1ccc(C(=O)Nc2ccc(Cl)c(-c3ccccn3)c2)c(Cl)c1,BPQMGSKTAYIVFO-UHFFFAOYSA-N,BPQMGSKTAYIVFO,eligible,421.305,4.711,76.13,1,4,4,27,3,0.6621,0,1,1
LIB_BPQMXSDFAHWJON,ChEMBL,CHEMBL1081774,CHEMBL1081774,https://www.ebi.ac.uk/chembl/compound_report_card/CHEMBL1081774/,CC(=O)N(c1ccccc1)C1CC(C)N(C(=O)c2ccc(C)cc2)c2ccccc21,CC(=O)N(c1ccccc1)C1CC(C)N(C(=O)c2ccc(C)cc2)c2ccccc21,CC(=O)N(c1ccccc1)C1CC(C)N(C(=O)c2ccc(C)cc2)c2ccccc21,BPQMXSDFAHWJON-UHFFFAOYSA-N,BPQMXSDFAHWJON,eligible,398.506,5.528,40.62,0,2,3,30,4,0.5821,0,1,1
LIB_BPQSEYFUAIEREA,ChEMBL,CHEMBL1082494,CHEMBL1082494,https://www.ebi.ac.uk/chembl/compound_report_card/CHEMBL1082494/,COc1ccc(S(=O)(=O)N2CC(C(=O)NC3CC4CCC(C3)N4C)c3ccccc32)c2ccccc12,COc1ccc(S(=O)(=O)N2CC(C(=O)NC3CC4CCC(C3)N4C)c3ccccc32)c2ccccc12,COc1ccc(S(=O)(=O)N2CC(C(=O)NC3CC4CCC(C3)N4C)c3ccccc32)c2ccccc12,BPQSEYFUAIEREA-UHFFFAOYSA-N,BPQSEYFUAIEREA,eligible,505.64,3.882,78.95,1,5,5,36,6,0.5694,0,1,1
LIB_BPUNLWXZFFMTJH,ChEMBL,CHEMBL1,CHEMBL1,https://www.ebi.ac.uk/chembl/compound_report_card/CHEMBL1/,COc1ccc2c(c1)OC[C@H]1[C@@H]2C2=C(OC1(C)C)C1=C(C(=O)C2=O)[C@H]2c3ccc(OC)cc3OC[C@H]2C(C)(C)O1,COc1ccc2c(c1)OCC1=C2c2c(O)c(O)c3c(c2OC1(C)C)OC(C)(C)C1COc2cc(OC)ccc2C31,COc1ccc2c(c1)OCC1=C2c2c(O)c(O)c3c(c2OC1(C)C)OC(C)(C)C1COc2cc(OC)ccc2C31,BPUNLWXZFFMTJH-UHFFFAOYSA-N,BPUNLWXZFFMTJH,eligible,544.6,5.792,95.84,2,8,2,40,7,0.3916,0,1,1
LIB_BPUQYDXINPWMRK,ChEMBL,CHEMBL1087576,CHEMBL1087576,https://www.ebi.ac.uk/chembl/compound_report_card/CHEMBL1087576/,CCCN1CNc2c(c(=O)[nH]c(=S)n2CCc2ccc(OC)cc2)C1,CCCN1CNc2c(c(=O)[nH]c(=S)n2CCc2ccc(OC)cc2)C1,CCCN1CNc2c(c(=O)[nH]c(=S)n2CCc2ccc(OC)cc2)C1,BPUQYDXINPWMRK-UHFFFAOYSA-N,BPUQYDXINPWMRK,eligible,360.483,2.752,62.29,2,5,6,25,3,0.7759,0,1,1
LIB_BPVQUZSXLLFLFJ,ChEMBL,CHEMBL103031,CHEMBL103031,https://www.ebi.ac.uk/chembl/compound_report_card/CHEMBL103031/,N=C(N)SCCCCCCCCSC(=N)N,N=C(N)SCCCCCCCCSC(=N)N,N=C(N)SCCCCCCCCSC(=N)N,BPVQUZSXLLFLFJ-UHFFFAOYSA-N,BPVQUZSXLLFLFJ,eligible,262.448,2.58,99.74,4,4,9,16,0,0.2914,0,1,1
LIB_BPZSYCZIITTYBL,ChEMBL,CHEMBL1256786,CHEMBL1256786;CHEMBL1363;CHEMBL1951071;CHEMBL3989798,https://www.ebi.ac.uk/chembl/compound_report_card/CHEMBL1256786/,COc1ccc(CC(C)NCC(O)c2ccc(O)c(NC=O)c2)cc1,COc1ccc(CC(C)NCC(O)c2ccc(O)c(NC=O)c2)cc1,COc1ccc(CC(C)NCC(O)c2ccc(O)c(NC=O)c2)cc1,BPZSYCZIITTYBL-UHFFFAOYSA-N,BPZSYCZIITTYBL,eligible,344.411,2.223,90.82,4,5,9,25,2,0.4136,0,4,2
LIB_BQAOWEAHYBZVAX,ChEMBL,CHEMBL1076689,CHEMBL1076689,https://www.ebi.ac.uk/chembl/compound_report_card/CHEMBL1076689/,CO/N=C1\C2CCCC1(C)C(c1ccc(OC)cc1)NC2c1ccc(OC)cc1,CO/N=C1\C2CCCC1(C)C(c1ccc(OC)cc1)NC2c1ccc(OC)cc1,CON=C1C2CCCC1(C)C(c1ccc(OC)cc1)NC2c1ccc(OC)cc1,BQAOWEAHYBZVAX-WNAAXNPUSA-N,BQAOWEAHYBZVAX,eligible,394.515,4.898,52.08,1,5,5,29,4,0.7332,0,1,1
LIB_BQAVMICMINLKRC,ChEMBL,CHEMBL1086557,CHEMBL1086557,https://www.ebi.ac.uk/chembl/compound_report_card/CHEMBL1086557/,CN(C)c1ccc(-c2nc3c(N4CCN(CC(=O)Nc5cccc(Cl)c5)CC4)c(Cl)cnc3[nH]2)cc1,CN(C)c1ccc(-c2nc3c(N4CCN(CC(=O)Nc5cccc(Cl)c5)CC4)c(Cl)cnc3[nH]2)cc1,CN(C)c1ccc(-c2nc3c(N4CCN(CC(=O)Nc5cccc(Cl)c5)CC4)c(Cl)cnc3[nH]2)cc1,BQAVMICMINLKRC-UHFFFAOYSA-N,BQAVMICMINLKRC,eligible,524.456,4.758,80.39,2,6,6,36,5,0.3789,0,1,1
LIB_BQCYDDRANOAMHI,ChEMBL,CHEMBL10328,CHEMBL10328,https://www.ebi.ac.uk/chembl/compound_report_card/CHEMBL10328/,CCCC(=O)NCCc1c2n(c3ccccc13)Cc1ccccc1-2,CCCC(=O)NCCc1c2n(c3ccccc13)Cc1ccccc1-2,CCCC(=O)NCCc1c2n(c3ccccc13)Cc1ccccc1-2,BQCYDDRANOAMHI-UHFFFAOYSA-N,BQCYDDRANOAMHI,eligible,318.42,4.129,34.03,1,1,5,24,4,0.5897,0,1,1
LIB_BQDKQRRXORHZRW,ChEMBL,CHEMBL1084047,CHEMBL1084047,https://www.ebi.ac.uk/chembl/compound_report_card/CHEMBL1084047/,Cc1cc2cccc(C(=O)N[C@@H](C)c3ccc(C(=O)O)cc3)c2n1Cc1cccc(Cl)c1,Cc1cc2cccc(C(=O)N[C@@H](C)c3ccc(C(=O)O)cc3)c2n1Cc1cccc(Cl)c1,Cc1cc2cccc(C(=O)NC(C)c3ccc(C(=O)O)cc3)c2n1Cc1cccc(Cl)c1,BQDKQRRXORHZRW-KRWDZBQOSA-N,BQDKQRRXORHZRW,eligible,446.934,5.841,71.33,2,2,6,32,4,0.3905,0,1,1
LIB_BQDZMSRPNHLCMX,ChEMBL,CHEMBL1077182,CHEMBL1077182,https://www.ebi.ac.uk/chembl/compound_report_card/CHEMBL1077182/,Br.N=C(N)SCCc1ccccc1,N=C(N)SCCc1ccccc1,N=C(N)SCCc1ccccc1,BQDZMSRPNHLCMX-UHFFFAOYSA-N,BQDZMSRPNHLCMX,eligible,180.276,1.856,49.87,2,2,3,12,1,0.5507,0,1,1
LIB_BQEPLLPCPMRGBT,ChEMBL,CHEMBL104848,CHEMBL104848,https://www.ebi.ac.uk/chembl/compound_report_card/CHEMBL104848/,Cc1noc(NS(=O)(=O)c2ccccc2-c2ccc(-c3cocn3)cc2)c1C,Cc1noc(NS(=O)(=O)c2ccccc2-c2ccc(-c3cocn3)cc2)c1C,Cc1noc(NS(=O)(=O)c2ccccc2-c2ccc(-c3cocn3)cc2)c1C,BQEPLLPCPMRGBT-UHFFFAOYSA-N,BQEPLLPCPMRGBT,eligible,395.44,4.414,98.23,1,6,5,28,4,0.5372,0,1,1
LIB_BQFJLYPOUZVCLX,ChEMBL,CHEMBL1084333,CHEMBL1084333,https://www.ebi.ac.uk/chembl/compound_report_card/CHEMBL1084333/,Cc1c(N2CCC3=C(C2)C(O)CCS3)c(N)cc2c(=O)c(C(=O)O)cn(C3CC3)c12,Cc1c(N2CCC3=C(C2)C(O)CCS3)c(N)cc2c(=O)c(C(=O)O)cn(C3CC3)c12,Cc1c(N2CCC3=C(C2)C(O)CCS3)c(N)cc2c(=O)c(C(=O)O)cn(C3CC3)c12,BQFJLYPOUZVCLX-UHFFFAOYSA-N,BQFJLYPOUZVCLX,eligible,427.526,2.887,108.79,3,6,3,30,5,0.6464,0,1,1
LIB_BQGPVKKNJCGGSP,ChEMBL,CHEMBL1077989,CHEMBL1077989,https://www.ebi.ac.uk/chembl/compound_report_card/CHEMBL1077989/,CCCCC1N(CC2CCCC2)C(=O)OC12CCN(C1CCN(C(=O)c3c(C)cccc3C)CC1)CC2,CCCCC1N(CC2CCCC2)C(=O)OC12CCN(C1CCN(C(=O)c3c(C)cccc3C)CC1)CC2,CCCCC1N(CC2CCCC2)C(=O)OC12CCN(C1CCN(C(=O)c3c(C)cccc3C)CC1)CC2,BQGPVKKNJCGGSP-UHFFFAOYSA-N,BQGPVKKNJCGGSP,eligible,509.735,5.944,53.09,0,4,7,37,5,0.4562,0,1,1
LIB_BQGSBVIAYOMDCR,ChEMBL,CHEMBL1083675,CHEMBL1083675,https://www.ebi.ac.uk/chembl/compound_report_card/CHEMBL1083675/,CC[C@@H](CNc1ccc(OCC(=O)O)cc1)NC(=O)C1(Nc2cccc(-c3ccccc3)c2)CCCCC1,CC[C@@H](CNc1ccc(OCC(=O)O)cc1)NC(=O)C1(Nc2cccc(-c3ccccc3)c2)CCCCC1,CCC(CNc1ccc(OCC(=O)O)cc1)NC(=O)C1(Nc2cccc(-c3ccccc3)c2)CCCCC1,BQGSBVIAYOMDCR-VWLOTQADSA-N,BQGSBVIAYOMDCR,eligible,515.654,5.939,99.69,4,5,12,38,4,0.2383,0,1,1
LIB_BQGVCWLQFXUBCI,ChEMBL,CHEMBL108222,CHEMBL108222,https://www.ebi.ac.uk/chembl/compound_report_card/CHEMBL108222/,CS(=O)(=O)Nc1ccc(Nc2c3ccccc3nc3ccccc23)c(O)c1,CS(=O)(=O)Nc1ccc(Nc2c3ccccc3nc3ccccc23)c(O)c1,CS(=O)(=O)Nc1ccc(Nc2c3ccccc3nc3ccccc23)c(O)c1,BQGVCWLQFXUBCI-UHFFFAOYSA-N,BQGVCWLQFXUBCI,eligible,379.441,4.209,91.32,3,5,4,27,4,0.3649,0,1,1
LIB_BQIPXWYNLPYNHW,ChEMBL,CHEMBL1200947,CHEMBL1200947;CHEMBL1291,https://www.ebi.ac.uk/chembl/compound_report_card/CHEMBL1200947/,CC(=O)Oc1c(C)cc(OCC(O)CNC(C)C)c(C)c1C.Cl,CC(=O)Oc1c(C)cc(OCC(O)CNC(C)C)c(C)c1C,CC(=O)Oc1c(C)cc(OCC(O)CNC(C)C)c(C)c1C,BQIPXWYNLPYNHW-UHFFFAOYSA-N,BQIPXWYNLPYNHW,eligible,309.406,2.275,67.79,2,5,7,22,1,0.5973,0,2,1
LIB_BQISWHWVPNTPCD,ChEMBL,CHEMBL1084559,CHEMBL1084559,https://www.ebi.ac.uk/chembl/compound_report_card/CHEMBL1084559/,Cc1nc(C)c(-c2ccc3cc(CCN4CCC[C@H]4C)ccc3n2)s1,Cc1nc(C)c(-c2ccc3cc(CCN4CCC[C@H]4C)ccc3n2)s1,Cc1nc(C)c(-c2ccc3cc(CCN4CCCC4C)ccc3n2)s1,BQISWHWVPNTPCD-CQSZACIVSA-N,BQISWHWVPNTPCD,eligible,351.519,5.002,29.02,0,4,4,25,4,0.662,0,1,1
LIB_BQJCRHHNABKAKU,ChEMBL,CHEMBL2103744,CHEMBL2103744;CHEMBL70,https://www.ebi.ac.uk/chembl/compound_report_card/CHEMBL2103744/,CN1CC[C@]23c4c5ccc(O)c4O[C@H]2[C@@H](O)C=C[C@H]3[C@H]1C5.CN1CC[C@]23c4c5ccc(O)c4O[C@H]2[C@@H](O)C=C[C@H]3[C@H]1C5.O.O.O.O.O.O=S(=O)(O)O,CN1CC[C@]23c4c5ccc(O)c4O[C@H]2[C@@H](O)C=C[C@H]3[C@H]1C5,CN1CCC23c4c5ccc(O)c4OC2C(O)C=CC3C1C5,BQJCRHHNABKAKU-KBQPJGBKSA-N,BQJCRHHNABKAKU,eligible,285.343,1.198,52.93,2,4,0,21,5,0.7033,0,2,1
LIB_BQJJJNRVGAXNFB,ChEMBL,CHEMBL1082480,CHEMBL1082480,https://www.ebi.ac.uk/chembl/compound_report_card/CHEMBL1082480/,N#Cc1ccc2c(ccn2S(=O)(=O)c2cccc([N+](=O)[O-])c2)c1,N#Cc1ccc2c(ccn2S(=O)(=O)c2cccc([N+](=O)[O-])c2)c1,N#Cc1ccc2c(ccn2S(=O)(=O)c2cccc([N+](=O)[O-])c2)c1,BQJJJNRVGAXNFB-UHFFFAOYSA-N,BQJJJNRVGAXNFB,eligible,327.321,2.658,106.0,0,5,3,23,3,0.5428,0,1,1
LIB_BQNWLNDBURYSQO,ChEMBL,CHEMBL103346,CHEMBL103346,https://www.ebi.ac.uk/chembl/compound_report_card/CHEMBL103346/,Cc1cc(C)[n+](CC(=O)Nc2ccccc2S(N)(=O)=O)c(C)c1.[O-][Cl+3]([O-])([O-])[O-],Cc1cc(C)[n+](CC(=O)Nc2ccccc2S(N)(=O)=O)c(C)c1,Cc1cc(C)[n+](CC(=O)Nc2ccccc2S(N)(=O)=O)c(C)c1,BQNWLNDBURYSQO-UHFFFAOYSA-O,BQNWLNDBURYSQO,eligible,334.421,1.185,93.14,2,3,4,23,2,0.8225,1,1,1
LIB_BQOOXGOWUUFKRN,ChEMBL,CHEMBL1080234,CHEMBL1080234,https://www.ebi.ac.uk/chembl/compound_report_card/CHEMBL1080234/,NC(=O)C[C@H](NC(=O)CS)C(=O)N[C@@H](Cc1c[nH]c2ccccc12)C(N)=O,NC(=O)CC(NC(=O)CS)C(=O)NC(Cc1c[nH]c2ccccc12)C(N)=O,NC(=O)CC(NC(=O)CS)C(=O)NC(Cc1c[nH]c2ccccc12)C(N)=O,BQOOXGOWUUFKRN-UHFFFAOYSA-N,BQOOXGOWUUFKRN,eligible,391.453,-1.029,160.17,6,5,9,27,2,0.3017,0,1,1
LIB_BQPCBRFOSWMALO,ChEMBL,CHEMBL103313,CHEMBL103313,https://www.ebi.ac.uk/chembl/compound_report_card/CHEMBL103313/,CCCCc1ccc(N/C=N/O)cc1,CCCCc1ccc(NC=NO)cc1,CCCCc1ccc(NC=NO)cc1,BQPCBRFOSWMALO-UHFFFAOYSA-N,BQPCBRFOSWMALO,eligible,192.262,2.859,44.62,2,2,5,14,1,0.3259,0,1,1
LIB_BQPLGKSFJPHSSG,ChEMBL,CHEMBL1078674,CHEMBL1078674,https://www.ebi.ac.uk/chembl/compound_report_card/CHEMBL1078674/,CSCC[C@H](NC(=O)CS)C(=O)N[C@@H](Cc1ccccc1)C(N)=O,CSCCC(NC(=O)CS)C(=O)NC(Cc1ccccc1)C(N)=O,CSCCC(NC(=O)CS)C(=O)NC(Cc1ccccc1)C(N)=O,BQPLGKSFJPHSSG-UHFFFAOYSA-N,BQPLGKSFJPHSSG,eligible,369.512,0.367,101.29,4,5,10,24,1,0.4476,0,1,1
LIB_BQQPFEHFEMWIFM,ChEMBL,CHEMBL104348,CHEMBL104348,https://www.ebi.ac.uk/chembl/compound_report_card/CHEMBL104348/,CN(C(=O)c1cc(C(F)(F)F)cc(C(F)(F)F)c1)N(CCC(=O)N[C@@H]1CCCCNC1=O)Cc1ccc2ccccc2c1,CN(C(=O)c1cc(C(F)(F)F)cc(C(F)(F)F)c1)N(CCC(=O)NC1CCCCNC1=O)Cc1ccc2ccccc2c1,CN(C(=O)c1cc(C(F)(F)F)cc(C(F)(F)F)c1)N(CCC(=O)NC1CCCCNC1=O)Cc1ccc2ccccc2c1,BQQPFEHFEMWIFM-UHFFFAOYSA-N,BQQPFEHFEMWIFM,eligible,608.583,5.542,81.75,2,4,8,43,4,0.2601,0,1,1
LIB_BQRBKNATOFNJTH,ChEMBL,CHEMBL104136,CHEMBL104136,https://www.ebi.ac.uk/chembl/compound_report_card/CHEMBL104136/,Cc1cccc(-c2ccc3c(c2)SCc2c-3nc3ccc(F)cc3c2C(=O)[O-])c1.[Na+],Cc1cccc(-c2ccc3c(c2)SCc2c-3nc3ccc(F)cc3c2C(=O)O)c1,Cc1cccc(-c2ccc3c(c2)SCc2c-3nc3ccc(F)cc3c2C(=O)O)c1,BQRBKNATOFNJTH-UHFFFAOYSA-N,BQRBKNATOFNJTH,eligible,401.462,6.32,50.19,1,3,2,29,5,0.4269,0,1,1
LIB_BQSJTQLCZDPROO,ChEMBL,CHEMBL1164729,CHEMBL1164729,https://www.ebi.ac.uk/chembl/compound_report_card/CHEMBL1164729/,Cc1nc(-c2ccc(OCC(C)C)c(C#N)c2)sc1C(=O)O,Cc1nc(-c2ccc(OCC(C)C)c(C#N)c2)sc1C(=O)O,Cc1nc(-c2ccc(OCC(C)C)c(C#N)c2)sc1C(=O)O,BQSJTQLCZDPROO-UHFFFAOYSA-N,BQSJTQLCZDPROO,eligible,316.382,3.723,83.21,1,5,5,22,2,0.9085,0,1,1
LIB_BQSRSVIDXMZSEP,ChEMBL,CHEMBL1081544,CHEMBL1081544,https://www.ebi.ac.uk/chembl/compound_report_card/CHEMBL1081544/,Cc1cc(Cl)ccc1Oc1cc(N2CCC(Oc3ncc(F)c(N)n3)CC2)ncn1,Cc1cc(Cl)ccc1Oc1cc(N2CCC(Oc3ncc(F)c(N)n3)CC2)ncn1,Cc1cc(Cl)ccc1Oc1cc(N2CCC(Oc3ncc(F)c(N)n3)CC2)ncn1,BQSRSVIDXMZSEP-UHFFFAOYSA-N,BQSRSVIDXMZSEP,eligible,430.871,3.79,99.28,1,8,5,30,4,0.6522,0,1,1
LIB_BQTZSYWEYWBRNP,ChEMBL,CHEMBL100103,CHEMBL100103,https://www.ebi.ac.uk/chembl/compound_report_card/CHEMBL100103/,CCCN(CCC)C(=O)Cc1c(-c2ccc(C)cc2)[nH]c2ccc(C)cc12,CCCN(CCC)C(=O)Cc1c(-c2ccc(C)cc2)[nH]c2ccc(C)cc12,CCCN(CCC)C(=O)Cc1c(-c2ccc(C)cc2)[nH]c2ccc(C)cc12,BQTZSYWEYWBRNP-UHFFFAOYSA-N,BQTZSYWEYWBRNP,eligible,362.517,5.643,36.1,1,1,7,27,3,0.5797,0,1,1
LIB_BQUZOZSWZGUOGM,ChEMBL,CHEMBL101701,CHEMBL101701,https://www.ebi.ac.uk/chembl/compound_report_card/CHEMBL101701/,CCC#C[C@]1(C(F)(F)F)OC(=O)Nc2ccc(N)cc21,CCC#C[C@]1(C(F)(F)F)OC(=O)Nc2ccc(N)cc21,CCC#CC1(C(F)(F)F)OC(=O)Nc2ccc(N)cc21,BQUZOZSWZGUOGM-LBPRGKRZSA-N,BQUZOZSWZGUOGM,eligible,284.237,3.002,64.35,2,3,0,20,2,0.5683,0,1,1
LIB_BQYAQGCZKXUPDS,ChEMBL,CHEMBL104962,CHEMBL104962,https://www.ebi.ac.uk/chembl/compound_report_card/CHEMBL104962/,COC(=O)c1ccc(N(C)C(=O)c2cnc3c(n2)C(C)(C)CC3(C)C)cc1,COC(=O)c1ccc(N(C)C(=O)c2cnc3c(n2)C(C)(C)CC3(C)C)cc1,COC(=O)c1ccc(N(C)C(=O)c2cnc3c(n2)C(C)(C)CC3(C)C)cc1,BQYAQGCZKXUPDS-UHFFFAOYSA-N,BQYAQGCZKXUPDS,eligible,367.449,3.499,72.39,0,5,3,27,3,0.7766,0,1,1
LIB_BQZHXJGHEVTNRK,ChEMBL,CHEMBL1081666,CHEMBL1081666,https://www.ebi.ac.uk/chembl/compound_report_card/CHEMBL1081666/,NC(=O)C1CCN(c2nc3c(S(=O)(=O)c4ccc(Br)cc4)nnn3c3ccccc23)CC1,NC(=O)C1CCN(c2nc3c(S(=O)(=O)c4ccc(Br)cc4)nnn3c3ccccc23)CC1,NC(=O)C1CCN(c2nc3c(S(=O)(=O)c4ccc(Br)cc4)nnn3c3ccccc23)CC1,BQZHXJGHEVTNRK-UHFFFAOYSA-N,BQZHXJGHEVTNRK,eligible,515.393,2.575,123.55,1,7,4,32,5,0.4432,0,1,1
LIB_BQZQGKJSYGBSMS,ChEMBL,CHEMBL1087252,CHEMBL1087252,https://www.ebi.ac.uk/chembl/compound_report_card/CHEMBL1087252/,CC(C)Cc1cc(O)c(=O)n(Cc2ccc3ccccc3c2)c1-c1ccnc(Cc2ccccc2)c1,CC(C)Cc1cc(O)c(=O)n(Cc2ccc3ccccc3c2)c1-c1ccnc(Cc2ccccc2)c1,CC(C)Cc1cc(O)c(=O)n(Cc2ccc3ccccc3c2)c1-c1ccnc(Cc2ccccc2)c1,BQZQGKJSYGBSMS-UHFFFAOYSA-N,BQZQGKJSYGBSMS,eligible,474.604,6.607,55.12,1,3,7,36,5,0.2889,0,1,1
LIB_BRAKSBIYJHCMPL,ChEMBL,CHEMBL1080073,CHEMBL1080073,https://www.ebi.ac.uk/chembl/compound_report_card/CHEMBL1080073/,COC(=O)c1ccc2c(c1)nc(-c1nonc1N)n2C1CCC1,COC(=O)c1ccc2c(c1)nc(-c1nonc1N)n2C1CCC1,COC(=O)c1ccc2c(c1)nc(-c1nonc1N)n2C1CCC1,BRAKSBIYJHCMPL-UHFFFAOYSA-N,BRAKSBIYJHCMPL,eligible,313.317,2.18,109.06,1,7,3,23,4,0.7379,0,1,1
LIB_BRAWVUJRLDASDM,ChEMBL,CHEMBL1085269,CHEMBL1085269;CHEMBL1086466,https://www.ebi.ac.uk/chembl/compound_report_card/CHEMBL1085269/,CN(C)C(=O)N1C[C@H]2C[C@@H](NCC(=O)N3CCC[C@H]3C#N)C[C@H]2C1,CN(C)C(=O)N1C[C@H]2C[C@@H](NCC(=O)N3CCC[C@H]3C#N)C[C@H]2C1,CN(C)C(=O)N1CC2CC(NCC(=O)N3CCCC3C#N)CC2C1,BRAWVUJRLDASDM-XGUBFFRZSA-N,BRAWVUJRLDASDM,eligible,333.436,0.483,79.68,1,4,3,24,3,0.8147,0,2,2
LIB_BRAXEJGNOSWQKF,ChEMBL,CHEMBL10133,CHEMBL10133,https://www.ebi.ac.uk/chembl/compound_report_card/CHEMBL10133/,O=C(O)CCCCCCCOc1ccc(NC(=O)c2c(O)nc3ccc(I)cc3c2O)cc1,O=C(O)CCCCCCCOc1ccc(NC(=O)c2c(O)[nH]c3ccc(I)cc3c2=O)cc1,O=C(O)CCCCCCCOc1ccc(NC(=O)c2c(O)[nH]c3ccc(I)cc3c2=O)cc1,BRAXEJGNOSWQKF-UHFFFAOYSA-N,BRAXEJGNOSWQKF,eligible,564.376,4.895,128.72,4,5,11,33,3,0.194,0,1,1
LIB_BRBANFJYZRAWJF,ChEMBL,CHEMBL1081297,CHEMBL1081297,https://www.ebi.ac.uk/chembl/compound_report_card/CHEMBL1081297/,CC(C)(C)c1ccc(S(=O)(=O)N2C[C@@H]3C[C@H]2CN3C2CCCC2)cc1,CC(C)(C)c1ccc(S(=O)(=O)N2C[C@@H]3C[C@H]2CN3C2CCCC2)cc1,CC(C)(C)c1ccc(S(=O)(=O)N2CC3CC2CN3C2CCCC2)cc1,BRBANFJYZRAWJF-ROUUACIJSA-N,BRBANFJYZRAWJF,eligible,362.539,3.374,40.62,0,3,3,25,4,0.8276,0,1,1
LIB_BRBKOPJOKNSWSG,ChEMBL,CHEMBL338802,CHEMBL338802,https://www.ebi.ac.uk/chembl/compound_report_card/CHEMBL338802/,N=C(N)NS(=O)(=O)c1ccc(N)cc1,N=C(N)NS(=O)(=O)c1ccc(N)cc1,N=C(N)NS(=O)(=O)c1ccc(N)cc1,BRBKOPJOKNSWSG-UHFFFAOYSA-N,BRBKOPJOKNSWSG,eligible,214.25,-0.559,122.06,4,4,2,14,1,0.2992,0,1,1
LIB_BRBWUGZJPPIJEM,ChEMBL,CHEMBL1076343,CHEMBL1076343;CHEMBL1076423,https://www.ebi.ac.uk/chembl/compound_report_card/CHEMBL1076343/,CS(=O)(=O)Nc1ccc2c(c1)S(=O)(=O)N=C(C1=C(O)[C@@H]3[C@@H]4CC[C@@H](C4)[C@@H]3N(Cc3ccc(C(F)(F)F)cc3)C1=O)N2,CS(=O)(=O)Nc1ccc2c(c1)S(=O)(=O)N=C(C1C(=O)C3[C@@H]4CC[C@@H](C4)[C@@H]3N(Cc3ccc(C(F)(F)F)cc3)C1=O)N2,CS(=O)(=O)Nc1ccc2c(c1)S(=O)(=O)N=C(C1C(=O)C3C4CCC(C4)C3N(Cc3ccc(C(F)(F)F)cc3)C1=O)N2,BRBWUGZJPPIJEM-BHFJLLBISA-N,BRBWUGZJPPIJEM,eligible,610.636,3.232,142.08,2,7,5,41,6,0.4954,0,2,2
LIB_BRCCXAUQKZKZAB,ChEMBL,CHEMBL100566,CHEMBL100566,https://www.ebi.ac.uk/chembl/compound_report_card/CHEMBL100566/,N#Cc1ccc(Cn2cncc2CN[C@H]2CCN(c3cccc4ncccc34)C2=O)cc1,N#Cc1ccc(Cn2cncc2CNC2CCN(c3cccc4ncccc34)C2=O)cc1,N#Cc1ccc(Cn2cncc2CNC2CCN(c3cccc4ncccc34)C2=O)cc1,BRCCXAUQKZKZAB-UHFFFAOYSA-N,BRCCXAUQKZKZAB,eligible,422.492,3.246,86.84,1,5,6,32,5,0.5155,0,1,1
LIB_BRCXKLZYGNNHLH,ChEMBL,CHEMBL106513,CHEMBL106513,https://www.ebi.ac.uk/chembl/compound_report_card/CHEMBL106513/,N=C(N)NCCCCS(=O)(=O)Nc1ccc(Nc2c3ccccc3nc3cc(Cl)ccc23)cc1,N=C(N)NCCCCS(=O)(=O)Nc1ccc(Nc2c3ccccc3nc3cc(Cl)ccc23)cc1,N=C(N)NCCCCS(=O)(=O)Nc1ccc(Nc2c3ccccc3nc3cc(Cl)ccc23)cc1,BRCXKLZYGNNHLH-UHFFFAOYSA-N,BRCXKLZYGNNHLH,eligible,497.024,4.79,132.99,5,5,9,34,4,0.0978,0,1,1
LIB_BRDPEUFFNPWAQJ,ChEMBL,CHEMBL103950,CHEMBL103950,https://www.ebi.ac.uk/chembl/compound_report_card/CHEMBL103950/,CCCCC1=C(C(=O)OCC)C(C)/C(=C(/O)OCC)C(C)=N1,CCCCC1=C(C(=O)OCC)C(C)C(C(=O)OCC)C(C)=N1,CCCCC1=C(C(=O)OCC)C(C)C(C(=O)OCC)C(C)=N1,BRDPEUFFNPWAQJ-UHFFFAOYSA-N,BRDPEUFFNPWAQJ,eligible,309.406,3.284,64.96,0,5,7,22,1,0.6769,0,1,1
LIB_BRDPUVOBQMISIO,ChEMBL,CHEMBL1081412,CHEMBL1081412,https://www.ebi.ac.uk/chembl/compound_report_card/CHEMBL1081412/,CN1C(=O)[C@@](C)(O)[C@@H](O)[C@@H]1Cc1ccc(O)cc1,CN1C(=O)[C@@](C)(O)[C@@H](O)[C@@H]1Cc1ccc(O)cc1,CN1C(=O)C(C)(O)C(O)C1Cc1ccc(O)cc1,BRDPUVOBQMISIO-GVXVVHGQSA-N,BRDPUVOBQMISIO,eligible,251.282,-0.113,81.0,3,4,2,18,2,0.6847,0,1,1
LIB_BRDVZNJCGYKLNZ,ChEMBL,CHEMBL1086670,CHEMBL1086670,https://www.ebi.ac.uk/chembl/compound_report_card/CHEMBL1086670/,O=C1Nc2ccc(Cl)cc2/C1=C\c1cc(F)cc(F)c1,O=C1Nc2ccc(Cl)cc2/C1=C\c1cc(F)cc(F)c1,O=C1Nc2ccc(Cl)cc2C1=Cc1cc(F)cc(F)c1,BRDVZNJCGYKLNZ-WLRTZDKTSA-N,BRDVZNJCGYKLNZ,eligible,291.684,4.111,29.1,1,1,1,20,3,0.7872,0,1,1
LIB_BRFGUEUMJVMLHX,ChEMBL,CHEMBL10701,CHEMBL10701,https://www.ebi.ac.uk/chembl/compound_report_card/CHEMBL10701/,CCOC(=O)c1cc2c3cc(OCc4ccccc4)ccc3n(C)c2cn1,CCOC(=O)c1cc2c3cc(OCc4ccccc4)ccc3n(C)c2cn1,CCOC(=O)c1cc2c3cc(OCc4ccccc4)ccc3n(C)c2cn1,BRFGUEUMJVMLHX-UHFFFAOYSA-N,BRFGUEUMJVMLHX,eligible,360.413,4.482,53.35,0,4,5,27,4,0.4924,0,1,1
LIB_BRGUSLXEIGNKCA,ChEMBL,CHEMBL100631,CHEMBL100631,https://www.ebi.ac.uk/chembl/compound_report_card/CHEMBL100631/,O=C(NCc1ccc(C(=O)Nc2ccccc2)cc1)OCc1cccnc1,O=C(NCc1ccc(C(=O)Nc2ccccc2)cc1)OCc1cccnc1,O=C(NCc1ccc(C(=O)Nc2ccccc2)cc1)OCc1cccnc1,BRGUSLXEIGNKCA-UHFFFAOYSA-N,BRGUSLXEIGNKCA,eligible,361.401,3.76,80.32,2,4,6,27,3,0.7005,0,1,1
LIB_BRHVTNIXPRLEBL,ChEMBL,CHEMBL101730,CHEMBL101730,https://www.ebi.ac.uk/chembl/compound_report_card/CHEMBL101730/,NCc1cccc(Nc2nc(O)c3[nH]cnc3n2)c1,NCc1cccc(Nc2nc(=O)c3[nH]cnc3[nH]2)c1,NCc1cccc(Nc2nc(=O)c3[nH]cnc3[nH]2)c1,BRHVTNIXPRLEBL-UHFFFAOYSA-N,BRHVTNIXPRLEBL,eligible,256.269,0.849,112.48,4,5,3,19,3,0.5546,0,1,1
LIB_BRHWWFTUZNKUAE,ChEMBL,CHEMBL100247,CHEMBL100247;CHEMBL108750,https://www.ebi.ac.uk/chembl/compound_report_card/CHEMBL100247/,CCCC#C[C@]1(C(F)(F)F)OC(=O)Nc2cccc(F)c21,CCCC#C[C@]1(C(F)(F)F)OC(=O)Nc2cccc(F)c21,CCCC#CC1(C(F)(F)F)OC(=O)Nc2cccc(F)c21,BRHWWFTUZNKUAE-ZDUSSCGKSA-N,BRHWWFTUZNKUAE,eligible,301.239,3.949,38.33,1,2,1,21,2,0.6298,0,2,2
LIB_BRIJHGSTOGIUEL,ChEMBL,CHEMBL103848,CHEMBL103848,https://www.ebi.ac.uk/chembl/compound_report_card/CHEMBL103848/,N=C(N)NCCCC(C=O)NC(=O)C1CCCN1C(=O)C(=O)COc1ccccc1,N=C(N)NCCCC(C=O)NC(=O)C1CCCN1C(=O)C(=O)COc1ccccc1,N=C(N)NCCCC(C=O)NC(=O)C1CCCN1C(=O)C(=O)COc1ccccc1,BRIJHGSTOGIUEL-UHFFFAOYSA-N,BRIJHGSTOGIUEL,eligible,417.466,-0.428,154.68,4,6,11,30,2,0.1252,0,1,1
LIB_BRILMGICEBUVBO,ChEMBL,CHEMBL10464,CHEMBL10464,https://www.ebi.ac.uk/chembl/compound_report_card/CHEMBL10464/,CCN(c1nc(C)cc(-c2ccccc2-c2nn[nH]n2)n1)c1ccc(C(C)C)cc1Br,CCN(c1nc(C)cc(-c2ccccc2-c2nn[nH]n2)n1)c1ccc(C(C)C)cc1Br,CCN(c1nc(C)cc(-c2ccccc2-c2nn[nH]n2)n1)c1ccc(C(C)C)cc1Br,BRILMGICEBUVBO-UHFFFAOYSA-N,BRILMGICEBUVBO,eligible,478.398,5.676,83.48,1,6,6,31,4,0.3842,0,1,1
LIB_BRJKUEVKZNWGGS,ChEMBL,CHEMBL1081060,CHEMBL1081060,https://www.ebi.ac.uk/chembl/compound_report_card/CHEMBL1081060/,O=C(Cc1ccc(C(F)(F)P(=O)(O)O)cc1)Nc1ccccc1,O=C(Cc1ccc(C(F)(F)P(=O)(O)O)cc1)Nc1ccccc1,O=C(Cc1ccc(C(F)(F)P(=O)(O)O)cc1)Nc1ccccc1,BRJKUEVKZNWGGS-UHFFFAOYSA-N,BRJKUEVKZNWGGS,eligible,341.25,3.095,86.63,3,2,5,23,2,0.7296,0,1,1
LIB_BRKQBHOIDPLFHE,ChEMBL,CHEMBL105674,CHEMBL105674,https://www.ebi.ac.uk/chembl/compound_report_card/CHEMBL105674/,CCOC(=O)c1c(C)[nH]c2ccc3c(c12)CN1CCc2cc(Cl)ccc2C1O3,CCOC(=O)c1c(C)[nH]c2ccc3c(c12)CN1CCc2cc(Cl)ccc2C1O3,CCOC(=O)c1c(C)[nH]c2ccc3c(c12)CN1CCc2cc(Cl)ccc2C1O3,BRKQBHOIDPLFHE-UHFFFAOYSA-N,BRKQBHOIDPLFHE,eligible,396.874,4.756,54.56,1,4,2,28,5,0.6346,0,1,1
LIB_BRLVSSNAGZDESC,ChEMBL,CHEMBL1077828,CHEMBL1077828,https://www.ebi.ac.uk/chembl/compound_report_card/CHEMBL1077828/,CCOc1ccc(-n2c([C@@H](C)N(C(=O)Cc3ccc(F)c(C(F)(F)F)c3)C3CCN(C(C)C)CC3)nc3ncccc3c2=O)cc1,CCOc1ccc(-n2c([C@@H](C)N(C(=O)Cc3ccc(F)c(C(F)(F)F)c3)C3CCN(C(C)C)CC3)nc3ncccc3c2=O)cc1,CCOc1ccc(-n2c(C(C)N(C(=O)Cc3ccc(F)c(C(F)(F)F)c3)C3CCN(C(C)C)CC3)nc3ncccc3c2=O)cc1,BRLVSSNAGZDESC-JOCHJYFZSA-N,BRLVSSNAGZDESC,eligible,639.694,6.342,80.56,0,6,9,46,5,0.199,0,1,1
LIB_BRLYXYFYCNCKRT,ChEMBL,CHEMBL1077017,CHEMBL1077017,https://www.ebi.ac.uk/chembl/compound_report_card/CHEMBL1077017/,COc1cc([C@H]2OC[C@H]3[C@@H]2CO[C@@H]3c2cc(OC)c(O)c(OC)c2)ccc1O[C@@H]1O[C@H](CO)[C@@H](O)[C@H](O)[C@H]1O,COc1cc([C@H]2OC[C@H]3[C@@H]2CO[C@@H]3c2cc(OC)c(O)c(OC)c2)ccc1O[C@@H]1O[C@H](CO)[C@@H](O)[C@H](O)[C@H]1O,COc1cc(C2OCC3C(c4cc(OC)c(O)c(OC)c4)OCC23)ccc1OC1OC(CO)C(O)C(O)C1O,BRLYXYFYCNCKRT-PHMKYDSWSA-N,BRLYXYFYCNCKRT,eligible,550.557,0.672,165.76,5,12,8,39,5,0.3124,0,1,1
LIB_BRMQCHMFBRFXFO,ChEMBL,CHEMBL100284,CHEMBL100284,https://www.ebi.ac.uk/chembl/compound_report_card/CHEMBL100284/,O=C(c1ccccc1)c1ccc(O)c(NCc2ccccc2)c1O,O=C(c1ccccc1)c1ccc(O)c(NCc2ccccc2)c1O,O=C(c1ccccc1)c1ccc(O)c(NCc2ccccc2)c1O,BRMQCHMFBRFXFO-UHFFFAOYSA-N,BRMQCHMFBRFXFO,eligible,319.36,3.941,69.56,3,4,5,24,3,0.492,0,1,1
LIB_BROYTGUYFFVBKW,ChEMBL,CHEMBL1077037,CHEMBL1077037,https://www.ebi.ac.uk/chembl/compound_report_card/CHEMBL1077037/,Cc1cc2oc(=O)cc(CN=[N+]=[N-])c2cc1S(=O)(=O)Nc1ccccc1[N+](=O)[O-],Cc1cc2oc(=O)cc(CN=[N+]=[N-])c2cc1S(=O)(=O)Nc1ccccc1[N+](=O)[O-],Cc1cc2oc(=O)cc(CN=[N+]=[N-])c2cc1S(=O)(=O)Nc1ccccc1[N+](=O)[O-],BROYTGUYFFVBKW-UHFFFAOYSA-N,BROYTGUYFFVBKW,eligible,415.387,3.621,168.28,1,7,6,29,3,0.1609,0,1,1
LIB_BRPFRUKXQXEGNG,ChEMBL,CHEMBL1078680,CHEMBL1078680,https://www.ebi.ac.uk/chembl/compound_report_card/CHEMBL1078680/,C[C@@H]1CN(c2nc(N3CCOCC3)c3ccc(-c4ccc(O)cc4)nc3n2)C[C@H](C)O1,C[C@@H]1CN(c2nc(N3CCOCC3)c3ccc(-c4ccc(O)cc4)nc3n2)C[C@H](C)O1,CC1CN(c2nc(N3CCOCC3)c3ccc(-c4ccc(O)cc4)nc3n2)CC(C)O1,BRPFRUKXQXEGNG-IYBDPMFKSA-N,BRPFRUKXQXEGNG,eligible,421.501,2.848,83.84,1,8,3,31,5,0.6913,0,1,1
LIB_BRPKVBJRSAQMFV,ChEMBL,CHEMBL102529,CHEMBL102529,https://www.ebi.ac.uk/chembl/compound_report_card/CHEMBL102529/,CC(C)(C)c1ccc(-c2cc(=O)cc(N3CCOCC3)o2)cc1,CC(C)(C)c1ccc(-c2cc(=O)cc(N3CCOCC3)o2)cc1,CC(C)(C)c1ccc(-c2cc(=O)cc(N3CCOCC3)o2)cc1,BRPKVBJRSAQMFV-UHFFFAOYSA-N,BRPKVBJRSAQMFV,eligible,313.397,3.441,42.68,0,4,2,23,3,0.8516,0,1,1
LIB_BRPYPMTVWYSULV,ChEMBL,CHEMBL1084359,CHEMBL1084359,https://www.ebi.ac.uk/chembl/compound_report_card/CHEMBL1084359/,CC(C)(C)C(=O)NC[C@@H]1CCCc2cc(S(=O)(=O)c3cccc(F)c3)ccc21,CC(C)(C)C(=O)NC[C@@H]1CCCc2cc(S(=O)(=O)c3cccc(F)c3)ccc21,CC(C)(C)C(=O)NCC1CCCc2cc(S(=O)(=O)c3cccc(F)c3)ccc21,BRPYPMTVWYSULV-INIZCTEOSA-N,BRPYPMTVWYSULV,eligible,403.519,4.241,63.24,1,3,4,28,3,0.8305,0,1,1
LIB_BRQJOEFGGNGXAA,ChEMBL,CHEMBL103344,CHEMBL103344,https://www.ebi.ac.uk/chembl/compound_report_card/CHEMBL103344/,COc1cncc(C2CN3CCC2CC3)n1,COc1cncc(C2CN3CCC2CC3)n1,COc1cncc(C2CN3CCC2CC3)n1,BRQJOEFGGNGXAA-UHFFFAOYSA-N,BRQJOEFGGNGXAA,eligible,219.288,1.294,38.25,0,4,2,16,4,0.7511,0,1,1
LIB_BRQYHOBZNRVSFJ,ChEMBL,CHEMBL1083970,CHEMBL1083970,https://www.ebi.ac.uk/chembl/compound_report_card/CHEMBL1083970/,O=c1c2cccnc2oc2c(Cn3ccnc3)ccc([N+](=O)[O-])c12,O=c1c2cccnc2oc2c(Cn3ccnc3)ccc([N+](=O)[O-])c12,O=c1c2cccnc2oc2c(Cn3ccnc3)ccc([N+](=O)[O-])c12,BRQYHOBZNRVSFJ-UHFFFAOYSA-N,BRQYHOBZNRVSFJ,eligible,322.28,2.494,104.06,0,6,3,24,4,0.3259,0,1,1
LIB_BRRPTHIODVDBAQ,ChEMBL,CHEMBL1082373,CHEMBL1082373,https://www.ebi.ac.uk/chembl/compound_report_card/CHEMBL1082373/,Cc1ccc(O)c(C2=NN(C(=S)Nc3ccccc3)C(c3ccc(N4CCOCC4)cc3)C2)c1,Cc1ccc(O)c(C2=NN(C(=S)Nc3ccccc3)C(c3ccc(N4CCOCC4)cc3)C2)c1,Cc1ccc(O)c(C2=NN(C(=S)Nc3ccccc3)C(c3ccc(N4CCOCC4)cc3)C2)c1,BRRPTHIODVDBAQ-UHFFFAOYSA-N,BRRPTHIODVDBAQ,eligible,472.614,5.085,60.33,2,5,4,34,5,0.5163,0,1,1
LIB_BRRQXQHULRURAR,ChEMBL,CHEMBL1078237,CHEMBL1078237,https://www.ebi.ac.uk/chembl/compound_report_card/CHEMBL1078237/,O=C(Nc1ccccc1Cl)c1noc2ccccc12,O=C(Nc1ccccc1Cl)c1noc2ccccc12,O=C(Nc1ccccc1Cl)c1noc2ccccc12,BRRQXQHULRURAR-UHFFFAOYSA-N,BRRQXQHULRURAR,eligible,272.691,3.734,55.13,1,3,2,19,3,0.7732,0,1,1
LIB_BRSQCQHAQUNBOC,ChEMBL,CHEMBL1081127,CHEMBL1081127,https://www.ebi.ac.uk/chembl/compound_report_card/CHEMBL1081127/,Cc1cc2c(cc1C)-n1c(-c3ccccc3)c3c(=O)n(C)c(=O)n(C)c3c1C(c1ccco1)N2,Cc1cc2c(cc1C)-n1c(-c3ccccc3)c3c(=O)n(C)c(=O)n(C)c3c1C(c1ccco1)N2,Cc1cc2c(cc1C)-n1c(-c3ccccc3)c3c(=O)n(C)c(=O)n(C)c3c1C(c1ccco1)N2,BRSQCQHAQUNBOC-UHFFFAOYSA-N,BRSQCQHAQUNBOC,eligible,452.514,4.42,74.1,1,4,2,34,6,0.4304,0,1,1
LIB_BRTIFMBVAUCZIX,ChEMBL,CHEMBL1081628,CHEMBL1081628,https://www.ebi.ac.uk/chembl/compound_report_card/CHEMBL1081628/,N[C@H](CNc1nnc(-c2ccc3[nH]ncc3c2)s1)Cc1ccc(C(F)(F)F)cc1,N[C@H](CNc1nnc(-c2ccc3[nH]ncc3c2)s1)Cc1ccc(C(F)(F)F)cc1,NC(CNc1nnc(-c2ccc3[nH]ncc3c2)s1)Cc1ccc(C(F)(F)F)cc1,BRTIFMBVAUCZIX-HNNXBMFYSA-N,BRTIFMBVAUCZIX,eligible,418.448,4.082,92.51,3,6,6,29,4,0.4388,0,1,1
LIB_BRTKCYNEVIOQIJ,ChEMBL,CHEMBL1076218,CHEMBL1076218,https://www.ebi.ac.uk/chembl/compound_report_card/CHEMBL1076218/,O=C(CO)N1CCC(C(=O)N2CCC(N3CCN(C(=O)c4cc(-c5ccccc5)nc(-c5ccccc5)c4)CC3)CC2)CC1,O=C(CO)N1CCC(C(=O)N2CCC(N3CCN(C(=O)c4cc(-c5ccccc5)nc(-c5ccccc5)c4)CC3)CC2)CC1,O=C(CO)N1CCC(C(=O)N2CCC(N3CCN(C(=O)c4cc(-c5ccccc5)nc(-c5ccccc5)c4)CC3)CC2)CC1,BRTKCYNEVIOQIJ-UHFFFAOYSA-N,BRTKCYNEVIOQIJ,eligible,595.744,3.395,97.29,1,6,6,44,6,0.4695,0,1,1
LIB_BRTZLVUADXGUBQ,ChEMBL,CHEMBL1081784,CHEMBL1081784,https://www.ebi.ac.uk/chembl/compound_report_card/CHEMBL1081784/,O=C(/C=C/c1ccc(F)cc1)N[C@@H](CO)C(=O)NCC(=O)N[C@@H](CO)C(=O)NC1CCCCC1,O=C(C=NC(=O)C(CO)NC(=O)CCc1ccc(F)cc1)NC(CO)C(=O)NC1CCCCC1,O=C(C=NC(=O)C(CO)NC(=O)CCc1ccc(F)cc1)NC(CO)C(=O)NC1CCCCC1,BRTZLVUADXGUBQ-UHFFFAOYSA-N,BRTZLVUADXGUBQ,eligible,478.521,-0.241,157.19,5,6,11,34,2,0.2763,0,1,1
LIB_BRUBIFOCDHZASC,ChEMBL,CHEMBL105725,CHEMBL105725,https://www.ebi.ac.uk/chembl/compound_report_card/CHEMBL105725/,NS(=O)(=O)c1ccc(S(=O)(=O)CCCO)s1,NS(=O)(=O)c1ccc(S(=O)(=O)CCCO)s1,NS(=O)(=O)c1ccc(S(=O)(=O)CCCO)s1,BRUBIFOCDHZASC-UHFFFAOYSA-N,BRUBIFOCDHZASC,eligible,285.368,-0.448,114.53,2,6,5,16,1,0.7602,0,1,1
LIB_BRUQQQPBMZOVGD,ChEMBL,CHEMBL1200890,CHEMBL1200890;CHEMBL3989826;CHEMBL656,https://www.ebi.ac.uk/chembl/compound_report_card/CHEMBL1200890/,COc1ccc2c3c1O[C@H]1C(=O)CC[C@@]4(O)[C@@H](C2)N(C)CC[C@]314.Cl,COc1ccc2c3c1OC1C(=O)CC[C@@]4(O)[C@@H](C2)N(C)CC[C@]314,COc1ccc2c3c1OC1C(=O)CCC4(O)C(C2)N(C)CCC314,BRUQQQPBMZOVGD-FSFXSCMFSA-N,BRUQQQPBMZOVGD,eligible,315.369,1.048,59.0,1,5,1,23,5,0.8393,0,3,1
LIB_BRUYBPOIUINIHW,ChEMBL,CHEMBL107987,CHEMBL107987,https://www.ebi.ac.uk/chembl/compound_report_card/CHEMBL107987/,CCOC(=O)C1=C(c2ccccc2)N=C(CC)/C(=C(/O)OCC)C1C,CCOC(=O)C1=C(CC)N=C(c2ccccc2)C(C(=O)OCC)C1C,CCOC(=O)C1=C(CC)N=C(c2ccccc2)C(C(=O)OCC)C1C,BRUYBPOIUINIHW-UHFFFAOYSA-N,BRUYBPOIUINIHW,eligible,343.423,3.532,64.96,0,5,6,25,2,0.7413,0,1,1
LIB_BRUYHEKGHOUZSM,ChEMBL,CHEMBL106179,CHEMBL106179,https://www.ebi.ac.uk/chembl/compound_report_card/CHEMBL106179/,CC1(C)Oc2ccc(C#N)cc2[C@@H](n2nc(N)ccc2=O)[C@]1(C)O,CC1(C)Oc2ccc(C#N)cc2[C@@H](n2nc(N)ccc2=O)[C@]1(C)O,CC1(C)Oc2ccc(C#N)cc2C(n2nc(N)ccc2=O)C1(C)O,BRUYHEKGHOUZSM-WBVHZDCISA-N,BRUYHEKGHOUZSM,eligible,326.356,1.209,114.16,2,6,1,24,3,0.8139,0,1,1
LIB_BRVDRPWFUGZVRQ,ChEMBL,CHEMBL1080781,CHEMBL1080781,https://www.ebi.ac.uk/chembl/compound_report_card/CHEMBL1080781/,N#C[C@H](CCc1ccccc1)NC(=O)[C@@H](N)Cc1cccs1,N#C[C@H](CCc1ccccc1)NC(=O)C(N)Cc1cccs1,N#CC(CCc1ccccc1)NC(=O)C(N)Cc1cccs1,BRVDRPWFUGZVRQ-LBAUFKAWSA-N,BRVDRPWFUGZVRQ,eligible,313.426,2.259,78.91,2,4,7,22,2,0.8227,0,1,1
LIB_BRXWVJOCSDSLKP,ChEMBL,CHEMBL1080572,CHEMBL1080572,https://www.ebi.ac.uk/chembl/compound_report_card/CHEMBL1080572/,COc1cccc(-c2nc3c(-c4ccc(Cl)cc4)n[nH]c3c(=O)n2NC(=O)c2ccncc2)c1,COc1cccc(-c2nc3c(-c4ccc(Cl)cc4)[nH]nc3c(=O)n2NC(=O)c2ccncc2)c1,COc1cccc(-c2nc3c(-c4ccc(Cl)cc4)[nH]nc3c(=O)n2NC(=O)c2ccncc2)c1,BRXWVJOCSDSLKP-UHFFFAOYSA-N,BRXWVJOCSDSLKP,eligible,472.892,3.895,114.79,2,6,5,34,5,0.4007,0,1,1
LIB_BRXXHSMZWQFXJQ,ChEMBL,CHEMBL1078749,CHEMBL1078749,https://www.ebi.ac.uk/chembl/compound_report_card/CHEMBL1078749/,O=C(Nc1ccc(CCNC[C@H](O)c2cccnc2)cc1)c1cccc(CCc2ccccc2)c1,O=C(Nc1ccc(CCNC[C@H](O)c2cccnc2)cc1)c1cccc(CCc2ccccc2)c1,O=C(Nc1ccc(CCNCC(O)c2cccnc2)cc1)c1cccc(CCc2ccccc2)c1,BRXXHSMZWQFXJQ-LJAQVGFWSA-N,BRXXHSMZWQFXJQ,eligible,465.597,4.985,74.25,3,4,11,35,4,0.2731,0,1,1
LIB_BRYITMVYUBPGDS,ChEMBL,CHEMBL1084008,CHEMBL1084008,https://www.ebi.ac.uk/chembl/compound_report_card/CHEMBL1084008/,COc1cc(C(=O)N2C[C@]3(C)C[C@H]2CC(C)(C)C3)ccc1-c1c[nH]c2ccccc12,COc1cc(C(=O)N2C[C@]3(C)C[C@H]2CC(C)(C)C3)ccc1-c1c[nH]c2ccccc12,COc1cc(C(=O)N2CC3(C)CC2CC(C)(C)C3)ccc1-c1c[nH]c2ccccc12,BRYITMVYUBPGDS-WXTAPIANSA-N,BRYITMVYUBPGDS,eligible,402.538,5.884,45.33,1,2,3,30,5,0.5941,0,1,1
LIB_BRYYLFIPPRHCLJ,ChEMBL,CHEMBL108258,CHEMBL108258,https://www.ebi.ac.uk/chembl/compound_report_card/CHEMBL108258/,COc1ccc2c(c1)c(/C=C1\C(=O)Nc3ccc(S(=O)(=O)NCC(N)=O)cc31)cn2C,COc1ccc2c(c1)c(/C=C1\C(=O)Nc3ccc(S(=O)(=O)NCC(N)=O)cc31)cn2C,COc1ccc2c(c1)c(C=C1C(=O)Nc3ccc(S(=O)(=O)NCC(N)=O)cc31)cn2C,BRYYLFIPPRHCLJ-IDUWFGFVSA-N,BRYYLFIPPRHCLJ,eligible,440.481,1.443,132.52,3,5,6,31,4,0.4991,0,1,1
LIB_BRYYQASPVRYMRJ,ChEMBL,CHEMBL101454,CHEMBL101454,https://www.ebi.ac.uk/chembl/compound_report_card/CHEMBL101454/,O=C1Cc2ccccc2N1C1CCN(C2CCCCCCC2)CC1,Oc1cc2ccccc2n1C1CCN(C2CCCCCCC2)CC1,Oc1cc2ccccc2n1C1CCN(C2CCCCCCC2)CC1,BRYYQASPVRYMRJ-UHFFFAOYSA-N,BRYYQASPVRYMRJ,eligible,326.484,5.097,28.4,1,2,2,24,4,0.8317,0,1,1
LIB_BRZQWGMBJRTGOR,ChEMBL,CHEMBL105741,CHEMBL105741,https://www.ebi.ac.uk/chembl/compound_report_card/CHEMBL105741/,COCC(=O)N[C@@H](Cc1ccc(C#Cc2ccccc2)cc1)C(=O)O,COCC(=O)NC(Cc1ccc(C#Cc2ccccc2)cc1)C(=O)O,COCC(=O)NC(Cc1ccc(C#Cc2ccccc2)cc1)C(=O)O,BRZQWGMBJRTGOR-UHFFFAOYSA-N,BRZQWGMBJRTGOR,eligible,337.375,1.845,75.63,2,3,6,25,2,0.789,0,1,1
LIB_BSAKAFIUGPKKHJ,ChEMBL,CHEMBL10747,CHEMBL10747,https://www.ebi.ac.uk/chembl/compound_report_card/CHEMBL10747/,CC(=O)NC(Cc1ccccc1)C(=O)NC/C=C/S(C)(=O)=O,CC(=O)NC(Cc1ccccc1)C(=O)NC/C=C/S(C)(=O)=O,CC(=O)NC(Cc1ccccc1)C(=O)NCC=CS(C)(=O)=O,BSAKAFIUGPKKHJ-UXBLZVDNSA-N,BSAKAFIUGPKKHJ,eligible,324.402,0.408,92.34,2,4,7,22,1,0.7596,0,1,1
LIB_BSCLMKLYZJFJPX,ChEMBL,CHEMBL1086512,CHEMBL1086512,https://www.ebi.ac.uk/chembl/compound_report_card/CHEMBL1086512/,CCc1ccc(S(=O)(=O)n2cc(C(C)=O)c3ccc(C)cc32)cc1,CCc1ccc(S(=O)(=O)n2cc(C(C)=O)c3ccc(C)cc32)cc1,CCc1ccc(S(=O)(=O)n2cc(C(C)=O)c3ccc(C)cc32)cc1,BSCLMKLYZJFJPX-UHFFFAOYSA-N,BSCLMKLYZJFJPX,eligible,341.432,3.952,56.14,0,3,4,24,3,0.6752,0,1,1
LIB_BSCUIFGQJNFUPZ,ChEMBL,CHEMBL10164,CHEMBL10164,https://www.ebi.ac.uk/chembl/compound_report_card/CHEMBL10164/,O=P(O)(O)CN[C@@H](Cc1ccccc1)c1nnn[nH]1,O=P(O)(O)CN[C@@H](Cc1ccccc1)c1nn[nH]n1,O=P(O)(O)CNC(Cc1ccccc1)c1nn[nH]n1,BSCUIFGQJNFUPZ-VIFPVBQESA-N,BSCUIFGQJNFUPZ,eligible,283.228,0.208,124.02,4,5,6,19,2,0.5584,0,1,1
LIB_BSCWNOXVNYDFLY,ChEMBL,CHEMBL106726,CHEMBL106726,https://www.ebi.ac.uk/chembl/compound_report_card/CHEMBL106726/,CCN(C(=O)Cc1ccccc1)[C@H](CN1CCCC1)C(C)C,CCN(C(=O)Cc1ccccc1)[C@H](CN1CCCC1)C(C)C,CCN(C(=O)Cc1ccccc1)C(CN1CCCC1)C(C)C,BSCWNOXVNYDFLY-GOSISDBHSA-N,BSCWNOXVNYDFLY,eligible,302.462,3.198,23.55,0,2,7,22,2,0.772,0,1,1
LIB_BSGNYFKFEDDMSD,ChEMBL,CHEMBL1084496,CHEMBL1084496,https://www.ebi.ac.uk/chembl/compound_report_card/CHEMBL1084496/,CN(C(=O)C1(c2ccc(Cl)cc2)CC1)c1ccccc1,CN(C(=O)C1(c2ccc(Cl)cc2)CC1)c1ccccc1,CN(C(=O)C1(c2ccc(Cl)cc2)CC1)c1ccccc1,BSGNYFKFEDDMSD-UHFFFAOYSA-N,BSGNYFKFEDDMSD,eligible,285.774,4.035,20.31,0,1,3,20,3,0.8335,0,1,1
LIB_BSHWBXQOGLMFCI,ChEMBL,CHEMBL1079321,CHEMBL1079321,https://www.ebi.ac.uk/chembl/compound_report_card/CHEMBL1079321/,CC(C)C[C@H](NC(=O)[C@H](Cc1c[nH]c2ccccc12)NC(=O)CS)C(N)=O,CC(C)CC(NC(=O)C(Cc1c[nH]c2ccccc12)NC(=O)CS)C(N)=O,CC(C)CC(NC(=O)C(Cc1c[nH]c2ccccc12)NC(=O)CS)C(N)=O,BSHWBXQOGLMFCI-UHFFFAOYSA-N,BSHWBXQOGLMFCI,eligible,390.509,1.141,117.08,5,4,9,27,2,0.4134,0,1,1
LIB_BSIBGXRENHGRJA,ChEMBL,CHEMBL101868,CHEMBL101868,https://www.ebi.ac.uk/chembl/compound_report_card/CHEMBL101868/,COc1ccccc1Nc1cc(Nc2ccc(OCC(O)CN(C)C)cc2)ncn1,COc1ccccc1Nc1cc(Nc2ccc(OCC(O)CN(C)C)cc2)ncn1,COc1ccccc1Nc1cc(Nc2ccc(OCC(O)CN(C)C)cc2)ncn1,BSIBGXRENHGRJA-UHFFFAOYSA-N,BSIBGXRENHGRJA,eligible,409.49,3.274,91.77,3,8,10,30,3,0.4699,0,1,1
LIB_BSIDSFHFIPTNPX,ChEMBL,CHEMBL1079198,CHEMBL1079198,https://www.ebi.ac.uk/chembl/compound_report_card/CHEMBL1079198/,CN(CCCCOc1ccc([N+](=O)[O-])cc1)CC(O)(Cn1cncn1)c1ccc(F)cc1F,CN(CCCCOc1ccc([N+](=O)[O-])cc1)CC(O)(Cn1cncn1)c1ccc(F)cc1F,CN(CCCCOc1ccc([N+](=O)[O-])cc1)CC(O)(Cn1cncn1)c1ccc(F)cc1F,BSIDSFHFIPTNPX-UHFFFAOYSA-N,BSIDSFHFIPTNPX,eligible,461.469,3.143,106.55,1,7,12,33,3,0.2509,0,1,1
LIB_BSKINTUHAGANNX,ChEMBL,CHEMBL1081460,CHEMBL1081460,https://www.ebi.ac.uk/chembl/compound_report_card/CHEMBL1081460/,Oc1ccc(Nc2nc(-c3cccc(Cl)c3)cs2)cc1,Oc1ccc(Nc2nc(-c3cccc(Cl)c3)cs2)cc1,Oc1ccc(Nc2nc(-c3cccc(Cl)c3)cs2)cc1,BSKINTUHAGANNX-UHFFFAOYSA-N,BSKINTUHAGANNX,eligible,302.786,4.913,45.15,2,4,3,20,3,0.6755,0,1,1
LIB_BSKPRFKZFHPZLO,ChEMBL,CHEMBL100836,CHEMBL100836,https://www.ebi.ac.uk/chembl/compound_report_card/CHEMBL100836/,COc1ccc([C@H]2CN(c3ccc(OC)cc3)C(=O)[C@@H]2CCCc2ccccc2)cc1,COc1ccc([C@H]2CN(c3ccc(OC)cc3)C(=O)C2CCCc2ccccc2)cc1,COc1ccc(C2CN(c3ccc(OC)cc3)C(=O)C2CCCc2ccccc2)cc1,BSKPRFKZFHPZLO-FXDYGKIASA-N,BSKPRFKZFHPZLO,eligible,415.533,5.473,38.77,0,3,8,31,4,0.4894,0,1,1
LIB_BSLSZRYDUGHWEG,ChEMBL,CHEMBL1083212,CHEMBL1083212,https://www.ebi.ac.uk/chembl/compound_report_card/CHEMBL1083212/,COC(=O)[C@H](C)NC1=C(Cl)C(=O)C(N[C@@H](CCCCNC(=O)OC(C)(C)C)C(=O)OC)=C(Cl)C1=O,COC(=O)C(C)=Nc1c(O)c(Cl)c(NC(CCCCNC(=O)OC(C)(C)C)C(=O)OC)c(O)c1Cl,COC(=O)C(C)=Nc1c(O)c(Cl)c(NC(CCCCNC(=O)OC(C)(C)C)C(=O)OC)c(O)c1Cl,BSLSZRYDUGHWEG-UHFFFAOYSA-N,BSLSZRYDUGHWEG,eligible,536.409,4.319,155.78,4,10,10,35,1,0.0854,0,1,1
LIB_BSMCAPRUBJMWDF,ChEMBL,CHEMBL2146883,CHEMBL2146883;CHEMBL2364607,https://www.ebi.ac.uk/chembl/compound_report_card/CHEMBL2146883/,O=C(c1ccc(F)c(F)c1Nc1ccc(I)cc1F)N1CC(O)([C@@H]2CCCCN2)C1,O=C(c1ccc(F)c(F)c1Nc1ccc(I)cc1F)N1CC(O)([C@@H]2CCCCN2)C1,O=C(c1ccc(F)c(F)c1Nc1ccc(I)cc1F)N1CC(O)(C2CCCCN2)C1,BSMCAPRUBJMWDF-KRWDZBQOSA-N,BSMCAPRUBJMWDF,eligible,531.316,3.781,64.6,3,4,4,30,4,0.5262,0,2,1
LIB_BSMKGOSXJLCJOB,ChEMBL,CHEMBL106953,CHEMBL106953,https://www.ebi.ac.uk/chembl/compound_report_card/CHEMBL106953/,Cn1c(=O)c(-c2c(Cl)cccc2Cl)cc2cnc(NCCCn3ccnc3)cc21,Cn1c(=O)c(-c2c(Cl)cccc2Cl)cc2cnc(NCCCn3ccnc3)cc21,Cn1c(=O)c(-c2c(Cl)cccc2Cl)cc2cnc(NCCCn3ccnc3)cc21,BSMKGOSXJLCJOB-UHFFFAOYSA-N,BSMKGOSXJLCJOB,eligible,428.323,4.606,64.74,1,4,6,29,4,0.456,0,1,1
LIB_BSMSADGDBGATQD,ChEMBL,CHEMBL103561,CHEMBL103561,https://www.ebi.ac.uk/chembl/compound_report_card/CHEMBL103561/,Cc1ncccc1C(C#N)N1CCN(C(=O)CNC(C)(c2ccccc2)c2ccccc2)CC1,Cc1ncccc1C(C#N)N1CCN(C(=O)CNC(C)(c2ccccc2)c2ccccc2)CC1,Cc1ncccc1C(C#N)N1CCN(C(=O)CNC(C)(c2ccccc2)c2ccccc2)CC1,BSMSADGDBGATQD-UHFFFAOYSA-N,BSMSADGDBGATQD,eligible,453.59,3.652,72.26,1,5,7,34,4,0.5913,0,1,1
LIB_BSNWTBJRGJXKOF,ChEMBL,CHEMBL103524,CHEMBL103524,https://www.ebi.ac.uk/chembl/compound_report_card/CHEMBL103524/,Cc1cc(C)[n+](CC(=O)OCCOc2ccc3nc(S(N)(=O)=O)sc3c2)c(C)c1.[O-][Cl+3]([O-])([O-])[O-],Cc1cc(C)[n+](CC(=O)OCCOc2ccc3nc(S(N)(=O)=O)sc3c2)c(C)c1,Cc1cc(C)[n+](CC(=O)OCCOc2ccc3nc(S(N)(=O)=O)sc3c2)c(C)c1,BSNWTBJRGJXKOF-UHFFFAOYSA-N,BSNWTBJRGJXKOF,eligible,436.535,1.779,112.46,1,7,7,29,3,0.3432,1,1,1
LIB_BSOKXUINEVUBBK,ChEMBL,CHEMBL108061,CHEMBL108061,https://www.ebi.ac.uk/chembl/compound_report_card/CHEMBL108061/,CCN(CC)C(=O)N1CCC(Nc2ccc(CCNC[C@H](O)COc3ccc(O)cc3)cc2)CC1,CCN(CC)C(=O)N1CCC(Nc2ccc(CCNC[C@H](O)COc3ccc(O)cc3)cc2)CC1,CCN(CC)C(=O)N1CCC(Nc2ccc(CCNCC(O)COc3ccc(O)cc3)cc2)CC1,BSOKXUINEVUBBK-VWLOTQADSA-N,BSOKXUINEVUBBK,eligible,484.641,3.302,97.3,4,6,12,35,3,0.3453,0,1,1
LIB_BSRAKZVKBHOFAV,ChEMBL,CHEMBL108216,CHEMBL108216,https://www.ebi.ac.uk/chembl/compound_report_card/CHEMBL108216/,Cc1cc2ncc(Nc3ccccc3)nc2cc1C,Cc1cc2ncc(Nc3ccccc3)nc2cc1C,Cc1cc2ncc(Nc3ccccc3)nc2cc1C,BSRAKZVKBHOFAV-UHFFFAOYSA-N,BSRAKZVKBHOFAV,eligible,249.317,3.99,37.81,1,3,2,19,3,0.7458,0,1,1
LIB_BSVUOPHXZOKMKE,ChEMBL,CHEMBL100405,CHEMBL100405,https://www.ebi.ac.uk/chembl/compound_report_card/CHEMBL100405/,CC(C)C[C@H](NC(=O)COc1ccc2ccccc2c1)C(=O)N[C@H]1CC(=O)OC1O,CC(C)CC(NC(=O)COc1ccc2ccccc2c1)C(=O)N[C@H]1CC(=O)OC1O,CC(C)CC(NC(=O)COc1ccc2ccccc2c1)C(=O)NC1CC(=O)OC1O,BSVUOPHXZOKMKE-DKTYTTGXSA-N,BSVUOPHXZOKMKE,eligible,414.458,1.5,113.96,3,6,8,30,3,0.5643,0,1,1
LIB_BSWVXZJHTDOVJO,ChEMBL,CHEMBL106755,CHEMBL106755,https://www.ebi.ac.uk/chembl/compound_report_card/CHEMBL106755/,O=C1NCCC2=C1C(c1ccc(F)c(Br)c1)C1=C(O)CCC1=N2,O=C1CC=C2N=C3CCNC(=O)C3C(c3ccc(F)c(Br)c3)C12,O=C1CC=C2N=C3CCNC(=O)C3C(c3ccc(F)c(Br)c3)C12,BSWVXZJHTDOVJO-UHFFFAOYSA-N,BSWVXZJHTDOVJO,eligible,377.213,2.735,58.53,1,3,1,23,4,0.8184,0,1,1
LIB_BSXYNWXJSDYDGT,ChEMBL,CHEMBL1083063,CHEMBL1083063,https://www.ebi.ac.uk/chembl/compound_report_card/CHEMBL1083063/,CC(=O)Nc1cccc2n1cc(-c1cccc(OC(=O)N(C)C)c1)[n+]2C.[Cl-],CC(=O)Nc1cccc2n1cc(-c1cccc(OC(=O)N(C)C)c1)[n+]2C,CC(=O)Nc1cccc2n1cc(-c1cccc(OC(=O)N(C)C)c1)[n+]2C,BSXYNWXJSDYDGT-UHFFFAOYSA-O,BSXYNWXJSDYDGT,eligible,353.402,2.45,66.93,1,3,3,26,3,0.7357,1,1,1
LIB_BSYNRYMUTXBXSQ,ChEMBL,CHEMBL25,CHEMBL25,https://www.ebi.ac.uk/chembl/compound_report_card/CHEMBL25/,CC(=O)Oc1ccccc1C(=O)O,CC(=O)Oc1ccccc1C(=O)O,CC(=O)Oc1ccccc1C(=O)O,BSYNRYMUTXBXSQ-UHFFFAOYSA-N,BSYNRYMUTXBXSQ,eligible,180.159,1.31,63.6,1,3,2,13,1,0.5501,0,1,1
LIB_BTADKUGGGUCABZ,ChEMBL,CHEMBL100562,CHEMBL100562,https://www.ebi.ac.uk/chembl/compound_report_card/CHEMBL100562/,CCOC(=O)c1sc(Nc2nc(NCc3ccc(S(N)(=O)=O)cc3)c3ncn(CC)c3n2)nc1C,CCOC(=O)c1sc(Nc2nc(NCc3ccc(S(N)(=O)=O)cc3)c3ncn(CC)c3n2)nc1C,CCOC(=O)c1sc(Nc2nc(NCc3ccc(S(N)(=O)=O)cc3)c3ncn(CC)c3n2)nc1C,BTADKUGGGUCABZ-UHFFFAOYSA-N,BTADKUGGGUCABZ,eligible,516.609,2.791,167.01,3,11,9,35,4,0.2814,0,1,1
LIB_BTAJTYLQKIOMBD,ChEMBL,CHEMBL100369,CHEMBL100369,https://www.ebi.ac.uk/chembl/compound_report_card/CHEMBL100369/,CC(C)=CCC/C(C)=C/CC/C(C)=C/C(=O)N[C@H](CCC(=O)O)C(=O)O,CC(C)=CCC/C(C)=C/CCC(C)CC(=O)N=C(CCC(=O)O)C(=O)O,CC(C)=CCCC(C)=CCCC(C)CC(=O)N=C(CCC(=O)O)C(=O)O,BTAJTYLQKIOMBD-XYTBZZNTSA-N,BTAJTYLQKIOMBD,eligible,365.47,4.403,104.03,2,3,12,26,0,0.3938,0,1,1
LIB_BTBYSNYASSGQJU,ChEMBL,CHEMBL101675,CHEMBL101675,https://www.ebi.ac.uk/chembl/compound_report_card/CHEMBL101675/,CN(C)CCCN1CCC2(CCCCC2)C1,CN(C)CCCN1CCC2(CCCCC2)C1,CN(C)CCCN1CCC2(CCCCC2)C1,BTBYSNYASSGQJU-UHFFFAOYSA-N,BTBYSNYASSGQJU,eligible,224.392,2.594,6.48,0,2,4,16,2,0.724,0,1,1
LIB_BTCOIJOGNYPDOY,ChEMBL,CHEMBL104344,CHEMBL104344,https://www.ebi.ac.uk/chembl/compound_report_card/CHEMBL104344/,O=C(c1ccc(OCCCN2CC[C@H](NS(=O)(=O)c3ccc(Cl)cc3)C2)cc1)C1CC1,O=C(c1ccc(OCCCN2CC[C@H](NS(=O)(=O)c3ccc(Cl)cc3)C2)cc1)C1CC1,O=C(c1ccc(OCCCN2CCC(NS(=O)(=O)c3ccc(Cl)cc3)C2)cc1)C1CC1,BTCOIJOGNYPDOY-FQEVSTJZSA-N,BTCOIJOGNYPDOY,eligible,462.999,3.754,75.71,1,5,10,31,4,0.4295,0,1,1
LIB_BTCRKOKVYTVOLU,ChEMBL,CHEMBL1808388,CHEMBL1808388,https://www.ebi.ac.uk/chembl/compound_report_card/CHEMBL1808388/,OC[C@H]1O[C@@H](c2ccc(Cl)c(Cc3ccc(OCCOC4CC4)cc3)c2)[C@H](O)[C@@H](O)[C@@H]1O,OC[C@H]1O[C@@H](c2ccc(Cl)c(Cc3ccc(OCCOC4CC4)cc3)c2)[C@H](O)[C@@H](O)[C@@H]1O,OCC1OC(c2ccc(Cl)c(Cc3ccc(OCCOC4CC4)cc3)c2)C(O)C(O)C1O,BTCRKOKVYTVOLU-SJSRKZJXSA-N,BTCRKOKVYTVOLU,eligible,464.942,2.003,108.61,4,7,9,32,4,0.4202,0,1,1
LIB_BTCYHYYBVBFFKI,ChEMBL,CHEMBL1086770,CHEMBL1086770,https://www.ebi.ac.uk/chembl/compound_report_card/CHEMBL1086770/,Oc1ccc(/N=C(/Cc2ccc(F)cc2)c2ccc(O)c(O)c2O)cc1,Oc1ccc(N=C(Cc2ccc(F)cc2)c2ccc(O)c(O)c2O)cc1,Oc1ccc(N=C(Cc2ccc(F)cc2)c2ccc(O)c(O)c2O)cc1,BTCYHYYBVBFFKI-UHFFFAOYSA-N,BTCYHYYBVBFFKI,eligible,353.349,4.012,93.28,4,5,4,26,3,0.4211,0,1,1
LIB_BTDOGCFKKXBYKB,ChEMBL,CHEMBL1083606,CHEMBL1083606,https://www.ebi.ac.uk/chembl/compound_report_card/CHEMBL1083606/,COCCN1CCN(C(=O)C2CCN(c3ccc(S(=O)(=O)C4(C(=O)NO)CCOCC4)cc3)CC2)CC1,COCCN1CCN(C(=O)C2CCN(c3ccc(S(=O)(=O)C4(C(O)=NO)CCOCC4)cc3)CC2)CC1,COCCN1CCN(C(=O)C2CCN(c3ccc(S(=O)(=O)C4(C(O)=NO)CCOCC4)cc3)CC2)CC1,BTDOGCFKKXBYKB-UHFFFAOYSA-N,BTDOGCFKKXBYKB,eligible,538.667,1.362,132.21,2,9,8,37,4,0.2179,0,1,1
LIB_BTFMCMVEUCGQDX,ChEMBL,CHEMBL1584,CHEMBL1584,https://www.ebi.ac.uk/chembl/compound_report_card/CHEMBL1584/,CC(=O)c1ccc2c(c1)N(CCCN1CCC(CCO)CC1)c1ccccc1S2,CC(=O)c1ccc2c(c1)N(CCCN1CCC(CCO)CC1)c1ccccc1S2,CC(=O)c1ccc2c(c1)N(CCCN1CCC(CCO)CC1)c1ccccc1S2,BTFMCMVEUCGQDX-UHFFFAOYSA-N,BTFMCMVEUCGQDX,eligible,410.583,4.976,43.78,1,5,7,29,4,0.6526,0,1,1
LIB_BTFQHCKJTLZZRE,ChEMBL,CHEMBL1080801,CHEMBL1080801,https://www.ebi.ac.uk/chembl/compound_report_card/CHEMBL1080801/,Cc1c(Nc2c(C#N)cncc2/C=C/c2ccc(S(N)(=O)=O)cc2)ccc2[nH]ccc12,Cc1c(Nc2c(C#N)cncc2/C=C/c2ccc(S(N)(=O)=O)cc2)ccc2[nH]ccc12,Cc1c(Nc2c(C#N)cncc2C=Cc2ccc(S(N)(=O)=O)cc2)ccc2[nH]ccc12,BTFQHCKJTLZZRE-GORDUTHDSA-N,BTFQHCKJTLZZRE,eligible,429.505,4.304,124.66,3,5,5,31,4,0.436,0,1,1
LIB_BTGSCJGGIRKDSQ,ChEMBL,CHEMBL1077461,CHEMBL1077461,https://www.ebi.ac.uk/chembl/compound_report_card/CHEMBL1077461/,C[C@]12CC[C@@]3(C[C@H]1CC[C@@H]1[C@@H]2CC[C@]2(C)C(=O)CC[C@@H]12)CN(CC(CN1CCOCC1)OC(=O)CCC1CCCC1)C(=O)O3,C[C@]12CC[C@@]3(C[C@H]1CC[C@@H]1[C@@H]2CC[C@]2(C)C(=O)CC[C@@H]12)CN(CC(CN1CCOCC1)OC(=O)CCC1CCCC1)C(=O)O3,CC12CCC3C(CCC4CC5(CCC43C)CN(CC(CN3CCOCC3)OC(=O)CCC3CCCC3)C(=O)O5)C1CCC2=O,BTGSCJGGIRKDSQ-KFKWIQIDSA-N,BTGSCJGGIRKDSQ,eligible,612.852,6.004,85.38,0,7,8,44,7,0.3108,0,1,1
LIB_BTHSSYLQNVNWJG,ChEMBL,CHEMBL101720,CHEMBL101720,https://www.ebi.ac.uk/chembl/compound_report_card/CHEMBL101720/,CC1=NS(=O)(=O)c2cccnc2N1,CC1=NS(=O)(=O)c2cccnc2N1,CC1=NS(=O)(=O)c2cccnc2N1,BTHSSYLQNVNWJG-UHFFFAOYSA-N,BTHSSYLQNVNWJG,eligible,197.219,0.614,71.42,1,4,0,13,2,0.6612,0,1,1
LIB_BTIABGWPLWNHPP,ChEMBL,CHEMBL1082418,CHEMBL1082418,https://www.ebi.ac.uk/chembl/compound_report_card/CHEMBL1082418/,COc1ccc(/C(C)=N/NC(=O)CNc2cc(Br)c(C)c(Br)c2)c(OC)c1,COc1ccc(/C(C)=N/NC(=O)CNc2cc(Br)c(C)c(Br)c2)c(OC)c1,COc1ccc(C(C)=NNC(=O)CNc2cc(Br)c(C)c(Br)c2)c(OC)c1,BTIABGWPLWNHPP-FSJBWODESA-N,BTIABGWPLWNHPP,eligible,499.203,4.49,71.95,2,5,7,27,2,0.4355,0,1,1
LIB_BTIXAINVBOEUPM,ChEMBL,CHEMBL1086717,CHEMBL1086717,https://www.ebi.ac.uk/chembl/compound_report_card/CHEMBL1086717/,O=P1(O)OC(c2ccccc2)=C(Br)c2ccccc21,O=P1(O)OC(c2ccccc2)=C(Br)c2ccccc21,O=P1(O)OC(c2ccccc2)=C(Br)c2ccccc21,BTIXAINVBOEUPM-UHFFFAOYSA-N,BTIXAINVBOEUPM,eligible,337.109,3.748,46.53,1,2,1,19,3,0.8065,0,1,1
LIB_BTKVXNUPTFDVLG,ChEMBL,CHEMBL1078567,CHEMBL1078567,https://www.ebi.ac.uk/chembl/compound_report_card/CHEMBL1078567/,O=c1cc[nH]c2cc3c(cc12)OCCO3,O=c1cc[nH]c2cc3c(cc12)OCCO3,O=c1cc[nH]c2cc3c(cc12)OCCO3,BTKVXNUPTFDVLG-UHFFFAOYSA-N,BTKVXNUPTFDVLG,eligible,203.197,1.299,51.32,1,3,0,15,3,0.7017,0,1,1
LIB_BTLIREXMGMYALU,ChEMBL,CHEMBL1082547,CHEMBL1082547,https://www.ebi.ac.uk/chembl/compound_report_card/CHEMBL1082547/,C[C@@H](NC(=O)c1cc(COC(=O)C(N)(CO)Cc2ccccc2)cc(N(C)S(C)(=O)=O)c1)c1ccc(F)cc1,C[C@@H](NC(=O)c1cc(COC(=O)C(N)(CO)Cc2ccccc2)cc(N(C)S(C)(=O)=O)c1)c1ccc(F)cc1,CC(NC(=O)c1cc(COC(=O)C(N)(CO)Cc2ccccc2)cc(N(C)S(C)(=O)=O)c1)c1ccc(F)cc1,BTLIREXMGMYALU-OJQMSQGESA-N,BTLIREXMGMYALU,eligible,557.644,2.688,139.03,3,7,11,39,3,0.3082,0,1,1
LIB_BTNSKYZYJVZFJC,ChEMBL,CHEMBL1078337,CHEMBL1078337,https://www.ebi.ac.uk/chembl/compound_report_card/CHEMBL1078337/,O=C(O)CCC1(c2cccnc2)CCCN(C(=O)Nc2ccc(Cl)cc2)C1,O=C(O)CCC1(c2cccnc2)CCCN(C(=O)Nc2ccc(Cl)cc2)C1,O=C(O)CCC1(c2cccnc2)CCCN(C(=O)Nc2ccc(Cl)cc2)C1,BTNSKYZYJVZFJC-UHFFFAOYSA-N,BTNSKYZYJVZFJC,eligible,387.867,4.166,82.53,2,3,5,27,3,0.8063,0,1,1
LIB_BTNYAACDFHYWSK,ChEMBL,CHEMBL102251,CHEMBL102251,https://www.ebi.ac.uk/chembl/compound_report_card/CHEMBL102251/,Cc1nn(-c2ccc([N+](=O)[O-])cc2)c2c1c(=O)oc1ccccc12,Cc1nn(-c2ccc([N+](=O)[O-])cc2)c2c1c(=O)oc1ccccc12,Cc1nn(-c2ccc([N+](=O)[O-])cc2)c2c1c(=O)oc1ccccc12,BTNYAACDFHYWSK-UHFFFAOYSA-N,BTNYAACDFHYWSK,eligible,321.292,3.349,91.17,0,5,2,24,4,0.3206,0,1,1
LIB_BTOQYKKYPOUZGJ,ChEMBL,CHEMBL106806,CHEMBL106806,https://www.ebi.ac.uk/chembl/compound_report_card/CHEMBL106806/,OC(Cn1ccnc1)(c1ccc(F)cc1)c1ccc(-c2ccccc2)cc1,OC(Cn1ccnc1)(c1ccc(F)cc1)c1ccc(-c2ccccc2)cc1,OC(Cn1ccnc1)(c1ccc(F)cc1)c1ccc(-c2ccccc2)cc1,BTOQYKKYPOUZGJ-UHFFFAOYSA-N,BTOQYKKYPOUZGJ,eligible,358.416,4.625,38.05,1,2,5,27,4,0.565,0,1,1
LIB_BTPAOBQVJRCEDD,ChEMBL,CHEMBL1083326,CHEMBL1083326,https://www.ebi.ac.uk/chembl/compound_report_card/CHEMBL1083326/,CC(C)=CCc1c([C@H]2CCc3ccc(O)cc3O2)cc(O)c(O)c1CC=C(C)C,CC(C)=CC=c1c(O)c(O)cc([C@H]2CCc3ccc(O)cc3O2)c1=CCC(C)C,CC(C)=CC=c1c(O)c(O)cc(C2CCc3ccc(O)cc3O2)c1=CCC(C)C,BTPAOBQVJRCEDD-HSZRJFAPSA-N,BTPAOBQVJRCEDD,eligible,394.511,4.443,69.92,3,4,4,29,3,0.6706,0,1,1
LIB_BTPJNCWBMMFXIR,ChEMBL,CHEMBL1087098,CHEMBL1087098,https://www.ebi.ac.uk/chembl/compound_report_card/CHEMBL1087098/,Cc1cc(C(OCC(O)CN(C)CCO)c2ccncc2)c2cc(Br)ccc2n1,Cc1cc(C(OCC(O)CN(C)CCO)c2ccncc2)c2cc(Br)ccc2n1,Cc1cc(C(OCC(O)CN(C)CCO)c2ccncc2)c2cc(Br)ccc2n1,BTPJNCWBMMFXIR-UHFFFAOYSA-N,BTPJNCWBMMFXIR,eligible,460.372,3.092,78.71,2,6,9,29,3,0.5112,0,1,1
LIB_BTPMHWXFDNQTPP,ChEMBL,CHEMBL101438,CHEMBL101438,https://www.ebi.ac.uk/chembl/compound_report_card/CHEMBL101438/,Cc1cc(-c2ccc(F)c(C)c2)c(C#CP(=O)(O)C[C@@H](O)CC(=O)O)c(C(C)C)c1,Cc1cc(-c2ccc(F)c(C)c2)c(C#CP(=O)(O)C[C@@H](O)CC(=O)O)c(C(C)C)c1,Cc1cc(-c2ccc(F)c(C)c2)c(C#CP(=O)(O)CC(O)CC(=O)O)c(C(C)C)c1,BTPMHWXFDNQTPP-SFHVURJKSA-N,BTPMHWXFDNQTPP,eligible,432.428,4.648,94.83,3,3,6,30,2,0.4564,0,1,1
LIB_BTQCFHMSBTVCNT,ChEMBL,CHEMBL106596,CHEMBL106596,https://www.ebi.ac.uk/chembl/compound_report_card/CHEMBL106596/,N#Cc1ccc(-c2ccc(OCCCN3CCCC(O)C3)cc2)cc1,N#Cc1ccc(-c2ccc(OCCCN3CCCC(O)C3)cc2)cc1,N#Cc1ccc(-c2ccc(OCCCN3CCCC(O)C3)cc2)cc1,BTQCFHMSBTVCNT-UHFFFAOYSA-N,BTQCFHMSBTVCNT,eligible,336.435,3.451,56.49,1,4,6,25,3,0.821,0,1,1
LIB_BTVOSASKHWTPHT,ChEMBL,CHEMBL10704,CHEMBL10704,https://www.ebi.ac.uk/chembl/compound_report_card/CHEMBL10704/,BrCC12NC(Cc3ccccc31)c1ccccc12,BrCC12NC(Cc3ccccc31)c1ccccc12,BrCC12NC(Cc3ccccc31)c1ccccc12,BTVOSASKHWTPHT-UHFFFAOYSA-N,BTVOSASKHWTPHT,eligible,300.199,3.526,12.03,1,1,1,18,4,0.7946,0,1,1
LIB_BTXYSVCTMDAUJN,ChEMBL,CHEMBL105071,CHEMBL105071,https://www.ebi.ac.uk/chembl/compound_report_card/CHEMBL105071/,CC(C)(C)c1ccc(S(=O)(=O)N[C@H]2CCN(CCCOc3ccc(C(=O)C4CC4)cc3)C2)cc1,CC(C)(C)c1ccc(S(=O)(=O)N[C@H]2CCN(CCCOc3ccc(C(=O)C4CC4)cc3)C2)cc1,CC(C)(C)c1ccc(S(=O)(=O)NC2CCN(CCCOc3ccc(C(=O)C4CC4)cc3)C2)cc1,BTXYSVCTMDAUJN-QHCPKHFHSA-N,BTXYSVCTMDAUJN,eligible,484.662,4.399,75.71,1,5,10,34,4,0.3997,0,1,1
LIB_BTZUUIDPLACBNH,ChEMBL,CHEMBL1086868,CHEMBL1086868,https://www.ebi.ac.uk/chembl/compound_report_card/CHEMBL1086868/,Cc1cn([C@H]2C=C[C@@H](CC[PH](=O)O)O2)c(=O)[nH]c1=O,Cc1cn([C@H]2C=C[C@@H](CC[PH](=O)O)O2)c(=O)[nH]c1=O,Cc1cn(C2C=CC(CC[PH](=O)O)O2)c(=O)[nH]c1=O,BTZUUIDPLACBNH-DTWKUNHWSA-N,BTZUUIDPLACBNH,eligible,286.224,0.156,101.39,2,4,4,19,2,0.606,0,1,1
LIB_BUBGRWCYPBJWRL,ChEMBL,CHEMBL1076794,CHEMBL1076794,https://www.ebi.ac.uk/chembl/compound_report_card/CHEMBL1076794/,Cc1ccccc1NC(=O)CCCCC(=O)NO,Cc1ccccc1NC(=O)CCCCC(O)=NO,Cc1ccccc1NC(=O)CCCCC(O)=NO,BUBGRWCYPBJWRL-UHFFFAOYSA-N,BUBGRWCYPBJWRL,eligible,250.298,2.84,81.92,3,3,6,18,1,0.2386,0,1,1
LIB_BUCPADLKYCJDQE,ChEMBL,CHEMBL1082438,CHEMBL1082438,https://www.ebi.ac.uk/chembl/compound_report_card/CHEMBL1082438/,CCn1c2ccc(C3CCCCO3)cc2c2c3c(c4c(c21)CCc1c-4cnn1C)C(=O)NC3,CCn1c2ccc(C3CCCCO3)cc2c2c3c(c4c(c21)CCc1c-4cnn1C)C(=O)NC3,CCn1c2ccc(C3CCCCO3)cc2c2c3c(c4c(c21)CCc1c-4cnn1C)C(=O)NC3,BUCPADLKYCJDQE-UHFFFAOYSA-N,BUCPADLKYCJDQE,eligible,440.547,4.799,61.08,1,3,2,33,7,0.4872,0,1,1
LIB_BUDMJYOFRMUMSR,ChEMBL,CHEMBL107404,CHEMBL107404,https://www.ebi.ac.uk/chembl/compound_report_card/CHEMBL107404/,CCCCC[C@@H]1N=C(N)O[C@@H]1C,CCCCC[C@@H]1N=C(N)O[C@@H]1C,CCCCCC1N=C(N)OC1C,BUDMJYOFRMUMSR-SFYZADRCSA-N,BUDMJYOFRMUMSR,eligible,170.256,1.669,47.61,1,3,4,12,1,0.6523,0,1,1
LIB_BUEAQDZYVQZOSI,ChEMBL,CHEMBL1087390,CHEMBL1087390,https://www.ebi.ac.uk/chembl/compound_report_card/CHEMBL1087390/,CCOP(=O)(CCCN1C/C(=C\c2cccs2)C(=O)/C(=C/c2cccs2)C1)OCC,CCOP(=O)(CCCN1C/C(=C\c2cccs2)C(=O)/C(=C/c2cccs2)C1)OCC,CCOP(=O)(CCCN1CC(=Cc2cccs2)C(=O)C(=Cc2cccs2)C1)OCC,BUEAQDZYVQZOSI-JSAVKQRWSA-N,BUEAQDZYVQZOSI,eligible,465.577,5.818,55.84,0,7,10,30,3,0.327,0,1,1
LIB_BUERXMJBEXRBET,ChEMBL,CHEMBL1076919,CHEMBL1076919,https://www.ebi.ac.uk/chembl/compound_report_card/CHEMBL1076919/,O=C(Nc1ccc(F)cc1)Nc1c(-c2ccc(F)cc2)nc2ccccc2c1O,O=C(Nc1ccc(F)cc1)Nc1c(-c2ccc(F)cc2)[nH]c2ccccc2c1=O,O=C(Nc1ccc(F)cc1)Nc1c(-c2ccc(F)cc2)[nH]c2ccccc2c1=O,BUERXMJBEXRBET-UHFFFAOYSA-N,BUERXMJBEXRBET,eligible,391.377,5.117,73.99,3,2,3,29,4,0.4536,0,1,1
LIB_BUEXWESZVKFREU,ChEMBL,CHEMBL1086791,CHEMBL1086791,https://www.ebi.ac.uk/chembl/compound_report_card/CHEMBL1086791/,Nc1nccc(-c2ccc3nc(C4COc5ccc(C(=O)NCCc6ccccc6)cc5C4)[nH]c3c2)n1,Nc1nccc(-c2ccc3[nH]c(C4COc5ccc(C(=O)NCCc6ccccc6)cc5C4)nc3c2)n1,Nc1nccc(-c2ccc3[nH]c(C4COc5ccc(C(=O)NCCc6ccccc6)cc5C4)nc3c2)n1,BUEXWESZVKFREU-UHFFFAOYSA-N,BUEXWESZVKFREU,eligible,490.567,4.293,118.81,3,6,6,37,6,0.3267,0,1,1
LIB_BUFDQCGCADQQQY,ChEMBL,CHEMBL100239,CHEMBL100239,https://www.ebi.ac.uk/chembl/compound_report_card/CHEMBL100239/,Nc1nc(N)c2c(Sc3ccccc3)cccc2n1,Nc1nc(N)c2c(Sc3ccccc3)cccc2n1,Nc1nc(N)c2c(Sc3ccccc3)cccc2n1,BUFDQCGCADQQQY-UHFFFAOYSA-N,BUFDQCGCADQQQY,eligible,268.345,2.945,77.82,2,5,2,19,3,0.7468,0,1,1
LIB_BUFGEOWFEWGNLG,ChEMBL,CHEMBL104263,CHEMBL104263,https://www.ebi.ac.uk/chembl/compound_report_card/CHEMBL104263/,CN(C(=O)COc1ccc(Cl)c(Cl)c1)C1CCCC[C@@H]1N1CCCC1,CN(C(=O)COc1ccc(Cl)c(Cl)c1)C1CCCC[C@@H]1N1CCCC1,CN(C(=O)COc1ccc(Cl)c(Cl)c1)C1CCCCC1N1CCCC1,BUFGEOWFEWGNLG-ZVAWYAOSSA-N,BUFGEOWFEWGNLG,eligible,385.335,4.238,32.78,0,3,5,25,3,0.7603,0,1,1
LIB_BUFQOGUYJOHGFA,ChEMBL,CHEMBL1083338,CHEMBL1083338,https://www.ebi.ac.uk/chembl/compound_report_card/CHEMBL1083338/,CCCC[C@H](CN(O)C=O)C(=O)N1CC=C[C@H]1C(=O)Nc1ccccc1Br,CCCCC(CN(O)C=O)C(=O)N1CC=CC1C(=O)Nc1ccccc1Br,CCCCC(CN(O)C=O)C(=O)N1CC=CC1C(=O)Nc1ccccc1Br,BUFQOGUYJOHGFA-UHFFFAOYSA-N,BUFQOGUYJOHGFA,eligible,438.322,2.809,89.95,2,4,9,27,2,0.2686,0,1,1
LIB_BUGHOTXIKABESE,ChEMBL,CHEMBL1078700,CHEMBL1078700,https://www.ebi.ac.uk/chembl/compound_report_card/CHEMBL1078700/,Cc1cccc(NC(=O)Nc2ccc(S(=O)(=O)Nc3ccc(CC(C)(C)N)cc3)cc2)c1,Cc1cccc(NC(=O)Nc2ccc(S(=O)(=O)Nc3ccc(CC(C)(C)N)cc3)cc2)c1,Cc1cccc(NC(=O)Nc2ccc(S(=O)(=O)Nc3ccc(CC(C)(C)N)cc3)cc2)c1,BUGHOTXIKABESE-UHFFFAOYSA-N,BUGHOTXIKABESE,eligible,452.58,4.72,113.32,4,4,7,32,3,0.4153,0,1,1
LIB_BUGVKBXWQCGVBK,ChEMBL,CHEMBL107809,CHEMBL107809,https://www.ebi.ac.uk/chembl/compound_report_card/CHEMBL107809/,COC(=O)[C@H]1O[C@@H](Oc2ccc([C@@H]3[C@@H](CC[C@H](O)c4ccc(F)cc4)C(=O)N3c3ccc(F)cc3)cc2)[C@H](O)[C@@H](O)[C@@H]1O,COC(=O)C1O[C@@H](Oc2ccc([C@@H]3C(CC[C@H](O)c4ccc(F)cc4)C(=O)N3c3ccc(F)cc3)cc2)[C@H](O)[C@@H](O)[C@@H]1O,COC(=O)C1OC(Oc2ccc(C3C(CCC(O)c4ccc(F)cc4)C(=O)N3c3ccc(F)cc3)cc2)C(O)C(O)C1O,BUGVKBXWQCGVBK-LQYWRBNQSA-N,BUGVKBXWQCGVBK,eligible,599.583,2.542,145.99,4,9,9,43,5,0.2154,0,1,1
LIB_BUGYAANIQPCORQ,ChEMBL,CHEMBL104201,CHEMBL104201,https://www.ebi.ac.uk/chembl/compound_report_card/CHEMBL104201/,N#CC(C#N)=Cc1ccn(C2CCN(Cc3ccccc3)CC2)c1,N#CC(C#N)=Cc1ccn(C2CCN(Cc3ccccc3)CC2)c1,N#CC(C#N)=Cc1ccn(C2CCN(Cc3ccccc3)CC2)c1,BUGYAANIQPCORQ-UHFFFAOYSA-N,BUGYAANIQPCORQ,eligible,316.408,3.756,55.75,0,3,4,24,3,0.8071,0,1,1
LIB_BUGYDGFZZOZRHP,ChEMBL,CHEMBL1699,CHEMBL1699;CHEMBL807,https://www.ebi.ac.uk/chembl/compound_report_card/CHEMBL1699/,CC12CC3CC(C)(C1)CC(N)(C3)C2.Cl,CC12CC3CC(C)(C1)CC(N)(C3)C2,CC12CC3CC(C)(C1)CC(N)(C3)C2,BUGYDGFZZOZRHP-UHFFFAOYSA-N,BUGYDGFZZOZRHP,eligible,179.307,2.694,26.02,1,1,0,13,4,0.6076,0,2,1
LIB_BUHWXYZRRBOVCK,ChEMBL,CHEMBL1080635,CHEMBL1080635,https://www.ebi.ac.uk/chembl/compound_report_card/CHEMBL1080635/,Fc1ccc2c(c1)CC(c1nc3ccc(-c4cn[nH]c4)cc3s1)CO2,Fc1ccc2c(c1)CC(c1nc3ccc(-c4cn[nH]c4)cc3s1)CO2,Fc1ccc2c(c1)CC(c1nc3ccc(-c4cn[nH]c4)cc3s1)CO2,BUHWXYZRRBOVCK-UHFFFAOYSA-N,BUHWXYZRRBOVCK,eligible,351.406,4.544,50.8,1,4,2,25,5,0.5766,0,1,1
LIB_BUJAGSGYPOAWEI,ChEMBL,CHEMBL1200773,CHEMBL1200773;CHEMBL1762,https://www.ebi.ac.uk/chembl/compound_report_card/CHEMBL1200773/,Cc1cccc(C)c1NC(=O)C(C)N.Cl,Cc1cccc(C)c1NC(=O)C(C)N,Cc1cccc(C)c1NC(=O)C(C)N,BUJAGSGYPOAWEI-UHFFFAOYSA-N,BUJAGSGYPOAWEI,eligible,192.262,1.589,55.12,2,2,2,14,1,0.7472,0,2,1
LIB_BUKNSOHSQVHWSQ,ChEMBL,CHEMBL1086767,CHEMBL1086767,https://www.ebi.ac.uk/chembl/compound_report_card/CHEMBL1086767/,O=C(O)C1CCC(CN(Cc2ccc(O)c3ncccc23)Cc2ccc(O)c3ncccc23)CC1,O=C(O)C1CCC(CN(Cc2ccc(O)c3ncccc23)Cc2ccc(O)c3ncccc23)CC1,O=C(O)C1CCC(CN(Cc2ccc(O)c3ncccc23)Cc2ccc(O)c3ncccc23)CC1,BUKNSOHSQVHWSQ-UHFFFAOYSA-N,BUKNSOHSQVHWSQ,eligible,471.557,5.087,106.78,3,6,7,35,5,0.3447,0,1,1
LIB_BULPDQLGDINAMU,ChEMBL,CHEMBL1082434,CHEMBL1082434,https://www.ebi.ac.uk/chembl/compound_report_card/CHEMBL1082434/,O=C(CCC1CCN(Cc2ccccc2)CC1)c1ccc2c(c1)OCO2,O=C(CCC1CCN(Cc2ccccc2)CC1)c1ccc2c(c1)OCO2,O=C(CCC1CCN(Cc2ccccc2)CC1)c1ccc2c(c1)OCO2,BULPDQLGDINAMU-UHFFFAOYSA-N,BULPDQLGDINAMU,eligible,351.446,4.29,38.77,0,4,6,26,4,0.7279,0,1,1
LIB_BUNPANXQBOTFPV,ChEMBL,CHEMBL102250,CHEMBL102250,https://www.ebi.ac.uk/chembl/compound_report_card/CHEMBL102250/,CN1CCC(c2c[nH]c3ccc(NC(=O)c4ccoc4)nc23)CC1,CN1CCC(c2c[nH]c3ccc(NC(=O)c4ccoc4)nc23)CC1,CN1CCC(c2c[nH]c3ccc(NC(=O)c4ccoc4)nc23)CC1,BUNPANXQBOTFPV-UHFFFAOYSA-N,BUNPANXQBOTFPV,eligible,324.384,3.217,74.16,2,4,3,24,4,0.7756,0,1,1
LIB_BUOHVHKECJWLHK,ChEMBL,CHEMBL101811,CHEMBL101811,https://www.ebi.ac.uk/chembl/compound_report_card/CHEMBL101811/,CCCCNC(=O)C(NC(=O)c1ccc(/C=C/C(=O)O)cc1)c1ccccc1,CCCCNC(=O)C(NC(=O)c1ccc(/C=C/C(=O)O)cc1)c1ccccc1,CCCCNC(=O)C(NC(=O)c1ccc(C=CC(=O)O)cc1)c1ccccc1,BUOHVHKECJWLHK-SDNWHVSQSA-N,BUOHVHKECJWLHK,eligible,380.444,3.172,95.5,3,3,9,28,2,0.4599,0,1,1
LIB_BUORIDJFPYBYLB,ChEMBL,CHEMBL1085502,CHEMBL1085502,https://www.ebi.ac.uk/chembl/compound_report_card/CHEMBL1085502/,O=C(NCC1CCNCC1)c1ccccc1-c1cc(Cl)cc(Cl)c1,O=C(NCC1CCNCC1)c1ccccc1-c1cc(Cl)cc(Cl)c1,O=C(NCC1CCNCC1)c1ccccc1-c1cc(Cl)cc(Cl)c1,BUORIDJFPYBYLB-UHFFFAOYSA-N,BUORIDJFPYBYLB,eligible,363.288,4.39,41.13,2,2,4,24,3,0.846,0,1,1
LIB_BUPJOLXWQXEJSQ,ChEMBL,CHEMBL104917,CHEMBL104917,https://www.ebi.ac.uk/chembl/compound_report_card/CHEMBL104917/,C=C1CCC(C(C)C)=CC2C1CC[C@]2(C)O,C=C1CCC(C(C)C)=CC2C1CC[C@]2(C)O,C=C1CCC(C(C)C)=CC2C1CCC2(C)O,BUPJOLXWQXEJSQ-NRXISQOPSA-N,BUPJOLXWQXEJSQ,eligible,220.356,3.696,20.23,1,1,1,16,2,0.6681,0,1,1
LIB_BUPVNIVIQIJHNI,ChEMBL,CHEMBL1078812,CHEMBL1078812,https://www.ebi.ac.uk/chembl/compound_report_card/CHEMBL1078812/,C[C@@H]1C(=O)[C@@]2(C)CC[C@]34C[C@]56OC(=O)C[C@H]5O[C@@](C)(CO)[C@@H]6C[C@@H]5O[C@@]53C(=O)[C@@]3(O[C@@]5(C[C@H](C)C(=O)O5)[C@@H]1[C@H]32)O4,CC1C[C@]2(OC1=O)O[C@]13O[C@@]4(CC[C@]5(C)C(=O)C(C)[C@H]2[C@H]15)C[C@]12OC(=O)C[C@H]1O[C@@](C)(CO)[C@@H]2C[C@@H]1O[C@@]14C3=O,CC1CC2(OC1=O)OC13OC4(CCC5(C)C(=O)C(C)C2C51)CC12OC(=O)CC1OC(C)(CO)C2CC1OC14C3=O,BUPVNIVIQIJHNI-GBYJRCOUSA-N,BUPVNIVIQIJHNI,eligible,558.58,0.965,147.19,1,11,1,40,9,0.3626,0,1,1
LIB_BURDIDMYOSZEKU,ChEMBL,CHEMBL102809,CHEMBL102809,https://www.ebi.ac.uk/chembl/compound_report_card/CHEMBL102809/,O=C1c2cccnc2C(=O)c2ncc(CBr)cc21,O=C1c2cccnc2C(=O)c2ncc(CBr)cc21,O=C1c2cccnc2C(=O)c2ncc(CBr)cc21,BURDIDMYOSZEKU-UHFFFAOYSA-N,BURDIDMYOSZEKU,eligible,303.115,2.147,59.92,0,4,1,18,3,0.6463,0,1,1
LIB_BURICQOPQKPYBQ,ChEMBL,CHEMBL102126,CHEMBL102126,https://www.ebi.ac.uk/chembl/compound_report_card/CHEMBL102126/,Cc1ccc2c(N)ccnc2n1,Cc1ccc2c(N)ccnc2n1,Cc1ccc2c(N)ccnc2n1,BURICQOPQKPYBQ-UHFFFAOYSA-N,BURICQOPQKPYBQ,eligible,159.192,1.52,51.8,1,3,0,12,2,0.6336,0,1,1
LIB_BUROQFHRHNMPDU,ChEMBL,CHEMBL1080890,CHEMBL1080890,https://www.ebi.ac.uk/chembl/compound_report_card/CHEMBL1080890/,Nc1ccc(Nc2nc(-c3ccc(Cl)cc3)cs2)cc1,Nc1ccc(Nc2nc(-c3ccc(Cl)cc3)cs2)cc1,Nc1ccc(Nc2nc(-c3ccc(Cl)cc3)cs2)cc1,BUROQFHRHNMPDU-UHFFFAOYSA-N,BUROQFHRHNMPDU,eligible,301.802,4.789,50.94,2,4,3,20,3,0.6839,0,1,1
LIB_BUSSOWPXBXFBJR,ChEMBL,CHEMBL1087242,CHEMBL1087242,https://www.ebi.ac.uk/chembl/compound_report_card/CHEMBL1087242/,COc1ccc(C2=C(c3cn(C)c4ccccc34)C(=O)NC2=O)cc1OC,COc1ccc(C2=C(c3cn(C)c4ccccc34)C(=O)NC2=O)cc1OC,COc1ccc(C2=C(c3cn(C)c4ccccc34)C(=O)NC2=O)cc1OC,BUSSOWPXBXFBJR-UHFFFAOYSA-N,BUSSOWPXBXFBJR,eligible,362.385,2.763,69.56,1,4,4,27,4,0.7248,0,1,1
LIB_BUSWFVPKVZTMNZ,ChEMBL,CHEMBL1086107,CHEMBL1086107,https://www.ebi.ac.uk/chembl/compound_report_card/CHEMBL1086107/,COc1ccc2nc(C)c3c(C)nc(C)n3c2n1,COc1ccc2nc(C)c3c(C)nc(C)n3c2n1,COc1ccc2nc(C)c3c(C)nc(C)n3c2n1,BUSWFVPKVZTMNZ-UHFFFAOYSA-N,BUSWFVPKVZTMNZ,eligible,242.282,2.211,52.31,0,4,1,18,3,0.6562,0,1,1
LIB_BUSXWGRAOZQTEY,ChEMBL,CHEMBL197084,CHEMBL197084,https://www.ebi.ac.uk/chembl/compound_report_card/CHEMBL197084/,C[C@@]1(C(=O)N[C@@H](CCC(=O)O)C(=O)O)CCCN1C(=O)CN,C[C@@]1(C(=O)NC(CCC(=O)O)C(=O)O)CCCN1C(=O)CN,CC1(C(=O)NC(CCC(=O)O)C(=O)O)CCCN1C(=O)CN,BUSXWGRAOZQTEY-RLROJCQXSA-N,BUSXWGRAOZQTEY,eligible,315.326,-1.24,150.03,4,5,7,22,1,0.4586,0,1,1
LIB_BUTFUADABNFVEZ,ChEMBL,CHEMBL1085535,CHEMBL1085535,https://www.ebi.ac.uk/chembl/compound_report_card/CHEMBL1085535/,C1CC1[C@@H]1[C@H]2Cc3c(-c4nnn[nH]4)n[nH]c3[C@H]21,C1CC1C1C2Cc3c(-c4nn[nH]n4)n[nH]c3C21,C1CC1C1C2Cc3c(-c4nn[nH]n4)n[nH]c3C21,BUTFUADABNFVEZ-UHFFFAOYSA-N,BUTFUADABNFVEZ,eligible,228.259,0.885,83.14,2,4,2,17,5,0.799,0,1,1
LIB_BUWVABSQGVRXOI,ChEMBL,CHEMBL1080083,CHEMBL1080083,https://www.ebi.ac.uk/chembl/compound_report_card/CHEMBL1080083/,Cc1c2c(c(O)c3c1C(=O)CC(C)(C)O3)OC(=O)c1c(C)c(Cl)c(O)c(C=O)c1O2,Cc1c2c(c(O)c3c1C(=O)CC(C)(C)O3)OC(=O)c1c(C)c(Cl)c(O)c(C=O)c1O2,Cc1c2c(c(O)c3c1C(=O)CC(C)(C)O3)OC(=O)c1c(C)c(Cl)c(O)c(C=O)c1O2,BUWVABSQGVRXOI-UHFFFAOYSA-N,BUWVABSQGVRXOI,eligible,432.812,4.249,119.36,2,8,1,30,4,0.3896,0,1,1
LIB_BUZOTBWJKYSTEL,ChEMBL,CHEMBL1076482,CHEMBL1076482,https://www.ebi.ac.uk/chembl/compound_report_card/CHEMBL1076482/,CN1CCN(Cc2ccc(-c3cnn4c(-c5cccc(NC(=O)c6cccc(C(F)(F)F)c6)c5)ccnc34)cc2)CC1,CN1CCN(Cc2ccc(-c3cnn4c(-c5cccc(NC(=O)c6cccc(C(F)(F)F)c6)c5)ccnc34)cc2)CC1,CN1CCN(Cc2ccc(-c3cnn4c(-c5cccc(NC(=O)c6cccc(C(F)(F)F)c6)c5)ccnc34)cc2)CC1,BUZOTBWJKYSTEL-UHFFFAOYSA-N,BUZOTBWJKYSTEL,eligible,570.619,6.082,65.77,1,5,6,42,6,0.2681,0,1,1
LIB_BUZWGWLSTGTUDD,ChEMBL,CHEMBL105663,CHEMBL105663,https://www.ebi.ac.uk/chembl/compound_report_card/CHEMBL105663/,O=C1/C(=C/c2ccccc2Br)CCCc2ccccc21,O=C1/C(=C/c2ccccc2Br)CCCc2ccccc21,O=C1C(=Cc2ccccc2Br)CCCc2ccccc21,BUZWGWLSTGTUDD-NTCAYCPXSA-N,BUZWGWLSTGTUDD,eligible,327.221,5.052,17.07,0,1,1,20,3,0.5289,0,1,1
LIB_BVAHPBOOETULAJ,ChEMBL,CHEMBL103945,CHEMBL103945,https://www.ebi.ac.uk/chembl/compound_report_card/CHEMBL103945/,CCc1cc(-c2ccccc2)cc(CC)[n+]1CC(=O)Nc1ccc(S(=O)(=O)Nc2ccc(S(N)(=O)=O)cc2)cc1.[O-][Cl+3]([O-])([O-])[O-],CCc1cc(-c2ccccc2)cc(CC)[n+]1CC(=O)Nc1ccc(S(=O)(=O)Nc2ccc(S(N)(=O)=O)cc2)cc1,CCc1cc(-c2ccccc2)cc(CC)[n+]1CC(=O)Nc1ccc(S(=O)(=O)Nc2ccc(S(N)(=O)=O)cc2)cc1,BVAHPBOOETULAJ-UHFFFAOYSA-O,BVAHPBOOETULAJ,eligible,579.724,3.853,139.31,3,5,10,40,4,0.245,1,1,1
LIB_BVEQCHOPJBXACS,ChEMBL,CHEMBL102070,CHEMBL102070,https://www.ebi.ac.uk/chembl/compound_report_card/CHEMBL102070/,Cc1ncccc1C(C#N)N1CCN(C(=O)CC(NC(=O)c2cccnc2)c2ccccc2)CC1,Cc1ncccc1C(C#N)N1CCN(C(=O)CC(NC(=O)c2cccnc2)c2ccccc2)CC1,Cc1ncccc1C(C#N)N1CCN(C(=O)CC(NC(=O)c2cccnc2)c2ccccc2)CC1,BVEQCHOPJBXACS-UHFFFAOYSA-N,BVEQCHOPJBXACS,eligible,468.561,3.055,102.22,1,6,7,35,4,0.5718,0,1,1
LIB_BVEVCGYFZMBDHV,ChEMBL,CHEMBL101580,CHEMBL101580,https://www.ebi.ac.uk/chembl/compound_report_card/CHEMBL101580/,O=C(Nc1ccc(-n2nc(C(F)(F)F)cc2C(F)(F)F)cc1)c1cccc(F)c1F,O=C(Nc1ccc(-n2nc(C(F)(F)F)cc2C(F)(F)F)cc1)c1cccc(F)c1F,O=C(Nc1ccc(-n2nc(C(F)(F)F)cc2C(F)(F)F)cc1)c1cccc(F)c1F,BVEVCGYFZMBDHV-UHFFFAOYSA-N,BVEVCGYFZMBDHV,eligible,435.274,5.44,46.92,1,2,3,30,3,0.5573,0,1,1
LIB_BVFYPXLAWPVNTJ,ChEMBL,CHEMBL104325,CHEMBL104325,https://www.ebi.ac.uk/chembl/compound_report_card/CHEMBL104325/,COc1cc2ncnc(N3CCN(C(=O)Nc4ccc(Cl)cc4)CC3)c2cc1OC,COc1cc2ncnc(N3CCN(C(=O)Nc4ccc(Cl)cc4)CC3)c2cc1OC,COc1cc2ncnc(N3CCN(C(=O)Nc4ccc(Cl)cc4)CC3)c2cc1OC,BVFYPXLAWPVNTJ-UHFFFAOYSA-N,BVFYPXLAWPVNTJ,eligible,427.892,3.655,79.82,1,6,4,30,4,0.6841,0,1,1
LIB_BVFZJGAGNXQJAM,ChEMBL,CHEMBL1083999,CHEMBL1083999,https://www.ebi.ac.uk/chembl/compound_report_card/CHEMBL1083999/,CN(C)CCCCc1ccc(C(C)(C)C)cc1,CN(C)CCCCc1ccc(C(C)(C)C)cc1,CN(C)CCCCc1ccc(C(C)(C)C)cc1,BVFZJGAGNXQJAM-UHFFFAOYSA-N,BVFZJGAGNXQJAM,eligible,233.399,3.868,3.24,0,1,5,17,1,0.6979,0,1,1
LIB_BVHMSBKWWMXRLG,ChEMBL,CHEMBL105668,CHEMBL105668,https://www.ebi.ac.uk/chembl/compound_report_card/CHEMBL105668/,N=C(N)CCCCCCC(=N)N,N=C(N)CCCCCCC(=N)N,N=C(N)CCCCCCC(=N)N,BVHMSBKWWMXRLG-UHFFFAOYSA-N,BVHMSBKWWMXRLG,eligible,170.26,1.199,99.74,4,2,7,12,0,0.262,0,1,1
LIB_BVISIVXXJFIQFW,ChEMBL,CHEMBL1079496,CHEMBL1079496,https://www.ebi.ac.uk/chembl/compound_report_card/CHEMBL1079496/,CC1=CC(=O)[C@H]2O[C@]1(C)O[C@H]([C@H](C)/C=C(C)/C=C/C(O)=C1/C(=O)CNC1=O)[C@H]2C,CC(=CC(C)C=CC(=O)c1c(O)c[nH]c1O)[C@H]1O[C@@]2(C)OC(C(=O)C=C2C)[C@@H]1C,CC(=CC(C)C=CC(=O)c1c(O)c[nH]c1O)C1OC2(C)OC(C(=O)C=C2C)C1C,BVISIVXXJFIQFW-GUPCAUGLSA-N,BVISIVXXJFIQFW,eligible,401.459,3.413,108.85,3,6,5,29,3,0.3963,0,1,1
LIB_BVIWKIBBSPTOPO,ChEMBL,CHEMBL1086174,CHEMBL1086174,https://www.ebi.ac.uk/chembl/compound_report_card/CHEMBL1086174/,CCCC(=O)Nc1n[nH]c2cc(-c3ccccc3)ccc12,CCCC(=O)Nc1[nH]nc2cc(-c3ccccc3)ccc12,CCCC(=O)Nc1[nH]nc2cc(-c3ccccc3)ccc12,BVIWKIBBSPTOPO-UHFFFAOYSA-N,BVIWKIBBSPTOPO,eligible,279.343,3.969,57.78,2,2,4,21,3,0.7589,0,1,1
LIB_BVJVNUGVSGQKQC,ChEMBL,CHEMBL101854,CHEMBL101854,https://www.ebi.ac.uk/chembl/compound_report_card/CHEMBL101854/,CC(C)C[C@H](NC(=O)OC(C)(C)C)C(=O)N1CCC(C(=O)c2ccccc2)CC1,CC(C)CC(NC(=O)OC(C)(C)C)C(=O)N1CCC(C(=O)c2ccccc2)CC1,CC(C)CC(NC(=O)OC(C)(C)C)C(=O)N1CCC(C(=O)c2ccccc2)CC1,BVJVNUGVSGQKQC-UHFFFAOYSA-N,BVJVNUGVSGQKQC,eligible,402.535,4.047,75.71,1,4,6,29,2,0.7286,0,1,1
LIB_BVKMRLKSBITLNG,ChEMBL,CHEMBL1086140,CHEMBL1086140,https://www.ebi.ac.uk/chembl/compound_report_card/CHEMBL1086140/,O=S(=O)(N(C[C@@H]1CCC[C@@]2(S(=O)(=O)c3ccc(C(F)(F)F)cc3)c3c(F)ccc(F)c3OC[C@@H]12)C1CC1)C(F)(F)F,O=S(=O)(N(C[C@@H]1CCC[C@@]2(S(=O)(=O)c3ccc(C(F)(F)F)cc3)c3c(F)ccc(F)c3OC[C@@H]12)C1CC1)C(F)(F)F,O=S(=O)(c1ccc(C(F)(F)F)cc1)C12CCCC(CN(C3CC3)S(=O)(=O)C(F)(F)F)C1COc1c(F)ccc(F)c12,BVKMRLKSBITLNG-IGMHASDESA-N,BVKMRLKSBITLNG,eligible,633.579,5.776,80.75,0,5,6,41,5,0.3775,0,1,1
LIB_BVMIOUFDYNWJLG,ChEMBL,CHEMBL104584,CHEMBL104584,https://www.ebi.ac.uk/chembl/compound_report_card/CHEMBL104584/,O=C1CCC(N2C(=O)c3c(Br)c(Br)c(Br)c(Br)c3C2=O)C(=O)N1,O=C1CCC(N2C(=O)c3c(Br)c(Br)c(Br)c(Br)c3C2=O)C(=O)N1,O=C1CCC(N2C(=O)c3c(Br)c(Br)c(Br)c(Br)c3C2=O)C(=O)N1,BVMIOUFDYNWJLG-UHFFFAOYSA-N,BVMIOUFDYNWJLG,eligible,573.817,3.138,83.55,1,4,1,23,3,0.318,0,1,1
LIB_BVMNEXLWCLAYGS,ChEMBL,CHEMBL1085291,CHEMBL1085291,https://www.ebi.ac.uk/chembl/compound_report_card/CHEMBL1085291/,Cn1cc2c(n1)CCc1c-2c2c(c3c4cc(C5CCCCO5)ccc4n(C4CCCCC4)c13)CNC2=O,Cn1cc2c(n1)CCc1c-2c2c(c3c4cc(C5CCCCO5)ccc4n(C4CCCCC4)c13)CNC2=O,Cn1cc2c(n1)CCc1c-2c2c(c3c4cc(C5CCCCO5)ccc4n(C4CCCCC4)c13)CNC2=O,BVMNEXLWCLAYGS-UHFFFAOYSA-N,BVMNEXLWCLAYGS,eligible,494.639,6.284,61.08,1,3,2,37,8,0.3566,0,1,1
LIB_BVNCGPDTVNALJQ,ChEMBL,CHEMBL1077898,CHEMBL1077898,https://www.ebi.ac.uk/chembl/compound_report_card/CHEMBL1077898/,CCCNC(CC)Cc1ccc(SC)cc1,CCCNC(CC)Cc1ccc(SC)cc1,CCCNC(CC)Cc1ccc(SC)cc1,BVNCGPDTVNALJQ-UHFFFAOYSA-N,BVNCGPDTVNALJQ,eligible,237.412,3.729,12.03,1,2,7,16,1,0.7252,0,1,1
LIB_BVPDQHBXLLRDRW,ChEMBL,CHEMBL100243,CHEMBL100243,https://www.ebi.ac.uk/chembl/compound_report_card/CHEMBL100243/,CCCCCCCCCCc1ccnc2c(O)cccc12,CCCCCCCCCCc1ccnc2c(O)cccc12,CCCCCCCCCCc1ccnc2c(O)cccc12,BVPDQHBXLLRDRW-UHFFFAOYSA-N,BVPDQHBXLLRDRW,eligible,285.431,5.624,33.12,1,2,9,21,2,0.6061,0,1,1
LIB_BVQMTPGDMYCMMB,ChEMBL,CHEMBL1079799,CHEMBL1079799,https://www.ebi.ac.uk/chembl/compound_report_card/CHEMBL1079799/,CC(Cc1ccc2c(c1)OCO2)CN1CC2CCCCC2C(C(=O)N2CCN(c3cccc(=O)n3C)CC2)C1,CC(Cc1ccc2c(c1)OCO2)CN1CC2CCCCC2C(C(=O)N2CCN(c3cccc(=O)n3C)CC2)C1,CC(Cc1ccc2c(c1)OCO2)CN1CC2CCCCC2C(C(=O)N2CCN(c3cccc(=O)n3C)CC2)C1,BVQMTPGDMYCMMB-UHFFFAOYSA-N,BVQMTPGDMYCMMB,eligible,534.701,3.38,67.25,0,6,6,39,6,0.5663,0,1,1
LIB_BVRAUWBVTLWIQC,ChEMBL,CHEMBL1085006,CHEMBL1085006,https://www.ebi.ac.uk/chembl/compound_report_card/CHEMBL1085006/,c1ccc(-c2nnc(SCCN3CCCCC3)o2)cc1,c1ccc(-c2nnc(SCCN3CCCCC3)o2)cc1,c1ccc(-c2nnc(SCCN3CCCCC3)o2)cc1,BVRAUWBVTLWIQC-UHFFFAOYSA-N,BVRAUWBVTLWIQC,eligible,289.404,3.315,42.16,0,5,5,20,3,0.7899,0,1,1
LIB_BVRKNAFHDTVNOI,ChEMBL,CHEMBL101726,CHEMBL101726,https://www.ebi.ac.uk/chembl/compound_report_card/CHEMBL101726/,N=C(N)c1cccc(Cn2ccc3cc(C(=N)N)ccc32)c1,N=C(N)c1cccc(Cn2ccc3cc(C(=N)N)ccc32)c1,N=C(N)c1cccc(Cn2ccc3cc(C(=N)N)ccc32)c1,BVRKNAFHDTVNOI-UHFFFAOYSA-N,BVRKNAFHDTVNOI,eligible,291.358,2.258,104.67,4,2,4,22,3,0.4371,0,1,1
LIB_BVSAMPPWSKMOPZ,ChEMBL,CHEMBL1077065,CHEMBL1077065,https://www.ebi.ac.uk/chembl/compound_report_card/CHEMBL1077065/,C=C1[C@H]([C@@H](C)[C@H]2CC=C(C)C(=O)O2)CC[C@]2(C)[C@H]1C[C@]1(O)C=C3C=CC(=O)OC(C)(C)[C@@H]3[C@H](OC(C)=O)C[C@@H]21,C=C1[C@H]([C@@H](C)[C@H]2CC=C(C)C(=O)O2)CC[C@]2(C)[C@H]1C[C@]1(O)C=C3C=CC(=O)OC(C)(C)[C@@H]3[C@H](OC(C)=O)C[C@@H]21,C=C1C(C(C)C2CC=C(C)C(=O)O2)CCC2(C)C1CC1(O)C=C3C=CC(=O)OC(C)(C)C3C(OC(C)=O)CC12,BVSAMPPWSKMOPZ-DIKWVSQDSA-N,BVSAMPPWSKMOPZ,eligible,538.681,4.994,99.13,1,7,3,39,5,0.3069,0,1,1
LIB_BVTOALZLIBJPNB,ChEMBL,CHEMBL104064,CHEMBL104064,https://www.ebi.ac.uk/chembl/compound_report_card/CHEMBL104064/,Cc1ccc(CN)cc1NC(=O)CN1CCCCC(NC(=O)c2ccc(-c3ccccc3)cc2)C1=O,Cc1ccc(CN)cc1NC(=O)CN1CCCCC(NC(=O)c2ccc(-c3ccccc3)cc2)C1=O,Cc1ccc(CN)cc1NC(=O)CN1CCCCC(NC(=O)c2ccc(-c3ccccc3)cc2)C1=O,BVTOALZLIBJPNB-UHFFFAOYSA-N,BVTOALZLIBJPNB,eligible,484.6,3.87,104.53,3,4,7,36,4,0.4735,0,1,1
LIB_BVUICRXIFODRFJ,ChEMBL,CHEMBL106368,CHEMBL106368,https://www.ebi.ac.uk/chembl/compound_report_card/CHEMBL106368/,Cc1cccc(-c2cc(C3CCN(C(=O)CNC(=O)[C@H](N=C(N)N)C4CCCCC4)CC3)[nH]n2)c1C,Cc1cccc(-c2cc(C3CCN(C(=O)CNC(=O)C(N=C(N)N)C4CCCCC4)CC3)[nH]n2)c1C,Cc1cccc(-c2cc(C3CCN(C(=O)CNC(=O)C(N=C(N)N)C4CCCCC4)CC3)[nH]n2)c1C,BVUICRXIFODRFJ-UHFFFAOYSA-N,BVUICRXIFODRFJ,eligible,493.656,2.738,142.49,4,4,7,36,4,0.3464,0,1,1
LIB_BVVYFGNETCYNNY,ChEMBL,CHEMBL1081309,CHEMBL1081309,https://www.ebi.ac.uk/chembl/compound_report_card/CHEMBL1081309/,O=C1N(CCN2CCCCCC2)CCN1c1cc(Cl)cc(Cl)c1,O=C1N(CCN2CCCCCC2)CCN1c1cc(Cl)cc(Cl)c1,O=C1N(CCN2CCCCCC2)CCN1c1cc(Cl)cc(Cl)c1,BVVYFGNETCYNNY-UHFFFAOYSA-N,BVVYFGNETCYNNY,eligible,356.297,4.111,26.79,0,2,4,23,3,0.8118,0,1,1
LIB_BVWMDHAJHGNBDE,ChEMBL,CHEMBL103468,CHEMBL103468,https://www.ebi.ac.uk/chembl/compound_report_card/CHEMBL103468/,COc1ccc(C2Oc3ccccc3-c3ccc4c(c32)C(C)=CC(C)(C)N4)cc1,COc1ccc(C2Oc3ccccc3-c3ccc4c(c32)C(C)=CC(C)(C)N4)cc1,COc1ccc(C2Oc3ccccc3-c3ccc4c(c32)C(C)=CC(C)(C)N4)cc1,BVWMDHAJHGNBDE-UHFFFAOYSA-N,BVWMDHAJHGNBDE,eligible,383.491,6.451,30.49,1,3,2,29,5,0.5514,0,1,1
LIB_BVYKJQIJBIJTRL,ChEMBL,CHEMBL1081007,CHEMBL1081007,https://www.ebi.ac.uk/chembl/compound_report_card/CHEMBL1081007/,Clc1ccc(CNc2ncnc3ccc(Cl)cc23)cc1,Clc1ccc(CNc2ncnc3ccc(Cl)cc23)cc1,Clc1ccc(CNc2ncnc3ccc(Cl)cc23)cc1,BVYKJQIJBIJTRL-UHFFFAOYSA-N,BVYKJQIJBIJTRL,eligible,304.18,4.549,37.81,1,3,3,20,3,0.7712,0,1,1
LIB_BWBLQLLMSSATES,ChEMBL,CHEMBL107483,CHEMBL107483,https://www.ebi.ac.uk/chembl/compound_report_card/CHEMBL107483/,Cc1cccc2c(Nc3ccc(NS(=O)(=O)c4ccc(N)cc4)cc3)c3ccc(Cl)cc3nc12,Cc1cccc2c(Nc3ccc(NS(=O)(=O)c4ccc(N)cc4)cc3)c3ccc(Cl)cc3nc12,Cc1cccc2c(Nc3ccc(NS(=O)(=O)c4ccc(N)cc4)cc3)c3ccc(Cl)cc3nc12,BWBLQLLMSSATES-UHFFFAOYSA-N,BWBLQLLMSSATES,eligible,489.0,6.476,97.11,3,5,5,34,5,0.1942,0,1,1
LIB_BWEGTFZAQIVRFB,ChEMBL,CHEMBL1077961,CHEMBL1077961,https://www.ebi.ac.uk/chembl/compound_report_card/CHEMBL1077961/,CONC(C)Cc1ccc(SC)cc1,CONC(C)Cc1ccc(SC)cc1,CONC(C)Cc1ccc(SC)cc1,BWEGTFZAQIVRFB-UHFFFAOYSA-N,BWEGTFZAQIVRFB,eligible,211.33,2.491,21.26,1,3,5,14,1,0.597,0,1,1
LIB_BWFARTVACGRPEY,ChEMBL,CHEMBL1086678,CHEMBL1086678,https://www.ebi.ac.uk/chembl/compound_report_card/CHEMBL1086678/,COc1ccccc1-c1nc(C(=O)OCc2ccccc2)co1,COc1ccccc1-c1nc(C(=O)OCc2ccccc2)co1,COc1ccccc1-c1nc(C(=O)OCc2ccccc2)co1,BWFARTVACGRPEY-UHFFFAOYSA-N,BWFARTVACGRPEY,eligible,309.321,3.707,61.56,0,5,5,23,3,0.6724,0,1,1
LIB_BWGNRRGTNFKGQK,ChEMBL,CHEMBL1417019,CHEMBL1417019;CHEMBL58,https://www.ebi.ac.uk/chembl/compound_report_card/CHEMBL1417019/,Cl.Cl.O=C1c2c(O)ccc(O)c2C(=O)c2c(NCCNCCO)ccc(NCCNCCO)c21,O=C1C=CC(=O)c2c1c(O)c1c(NCCNCCO)ccc(NCCNCCO)c1c2O,O=C1C=CC(=O)c2c1c(O)c1c(NCCNCCO)ccc(NCCNCCO)c1c2O,BWGNRRGTNFKGQK-UHFFFAOYSA-N,BWGNRRGTNFKGQK,eligible,444.488,0.174,163.18,8,10,12,32,3,0.1672,0,2,1
LIB_BWHHUKZTZHSFLM,ChEMBL,CHEMBL100049,CHEMBL100049,https://www.ebi.ac.uk/chembl/compound_report_card/CHEMBL100049/,Cc1cnc(NCC(F)(F)c2ccccc2)c(=O)n1CC(=O)NCc1ccc2c(N)noc2c1,Cc1cnc(NCC(F)(F)c2ccccc2)c(=O)n1CC(=O)NCc1ccc2c(N)noc2c1,Cc1cnc(NCC(F)(F)c2ccccc2)c(=O)n1CC(=O)NCc1ccc2c(N)noc2c1,BWHHUKZTZHSFLM-UHFFFAOYSA-N,BWHHUKZTZHSFLM,eligible,468.464,2.795,128.07,3,7,8,34,4,0.3628,0,1,1
LIB_BWHJBMVFOYHLHQ,ChEMBL,CHEMBL106040,CHEMBL106040,https://www.ebi.ac.uk/chembl/compound_report_card/CHEMBL106040/,Cn1c(=O)c2nn(-c3ccccc3)cc2c2ccccc21,Cn1c(=O)c2nn(-c3ccccc3)cc2c2ccccc21,Cn1c(=O)c2nn(-c3ccccc3)cc2c2ccccc21,BWHJBMVFOYHLHQ-UHFFFAOYSA-N,BWHJBMVFOYHLHQ,eligible,275.311,2.877,39.82,0,2,1,21,4,0.5356,0,1,1
LIB_BWJQTZKTOVCXOW,ChEMBL,CHEMBL107800,CHEMBL107800,https://www.ebi.ac.uk/chembl/compound_report_card/CHEMBL107800/,COc1ccc(/C=C/C(C)=O)cc1O,COc1ccc(/C=C/C(C)=O)cc1O,COc1ccc(C=CC(C)=O)cc1O,BWJQTZKTOVCXOW-ONEGZZNKSA-N,BWJQTZKTOVCXOW,eligible,192.214,2.003,46.53,1,3,3,14,1,0.7449,0,1,1
LIB_BWKDQXHIBSCCIH,ChEMBL,CHEMBL1087261,CHEMBL1087261,https://www.ebi.ac.uk/chembl/compound_report_card/CHEMBL1087261/,CN1C(=O)C(=CNc2ccccc2O)C(=O)N(C)C1=O,Cn1c(O)c(C=Nc2ccccc2O)c(=O)n(C)c1=O,Cn1c(O)c(C=Nc2ccccc2O)c(=O)n(C)c1=O,BWKDQXHIBSCCIH-UHFFFAOYSA-N,BWKDQXHIBSCCIH,eligible,275.264,0.246,96.82,2,5,2,20,2,0.7674,0,1,1
LIB_BWKYDBKPOJUVGC,ChEMBL,CHEMBL1082203,CHEMBL1082203,https://www.ebi.ac.uk/chembl/compound_report_card/CHEMBL1082203/,CNCCNCc1cc(-n2nc(C(F)(F)F)cc2C(=O)NCc2ccccc2OC)ccc1F,CNCCNCc1cc(-n2nc(C(F)(F)F)cc2C(=O)NCc2ccccc2OC)ccc1F,CNCCNCc1cc(-n2nc(C(F)(F)F)cc2C(=O)NCc2ccccc2OC)ccc1F,BWKYDBKPOJUVGC-UHFFFAOYSA-N,BWKYDBKPOJUVGC,eligible,479.478,3.278,80.21,3,5,10,34,3,0.3073,0,1,1
LIB_BWNWAKZIGLEKRI,ChEMBL,CHEMBL1080658,CHEMBL1080658,https://www.ebi.ac.uk/chembl/compound_report_card/CHEMBL1080658/,COc1ccc2c(oc3c(OC)c(OC)c(O)cc32)c1O,COc1ccc2c(oc3c(OC)c(OC)c(O)cc32)c1O,COc1ccc2c(oc3c(OC)c(OC)c(O)cc32)c1O,BWNWAKZIGLEKRI-UHFFFAOYSA-N,BWNWAKZIGLEKRI,eligible,290.271,3.023,81.29,2,6,3,21,3,0.7713,0,1,1
LIB_BWNYFRHMGXLSFD,ChEMBL,CHEMBL1077636,CHEMBL1077636,https://www.ebi.ac.uk/chembl/compound_report_card/CHEMBL1077636/,CC(C)N/C(=N\C#N)NCCCCc1c[nH]cn1,CC(C)N=C(NC#N)NCCCCc1c[nH]cn1,CC(C)N=C(NC#N)NCCCCc1c[nH]cn1,BWNYFRHMGXLSFD-UHFFFAOYSA-N,BWNYFRHMGXLSFD,eligible,248.334,1.157,88.89,3,3,6,18,1,0.2316,0,1,1
LIB_BWONSKDEHNBHTK,ChEMBL,CHEMBL103868,CHEMBL103868,https://www.ebi.ac.uk/chembl/compound_report_card/CHEMBL103868/,CCn1cc(C(=O)O)c(=O)c2cc(F)c(N3CCN(C=O)CC3)nc21,CCn1cc(C(=O)O)c(=O)c2cc(F)c(N3CCN(C=O)CC3)nc21,CCn1cc(C(=O)O)c(=O)c2cc(F)c(N3CCN(C=O)CC3)nc21,BWONSKDEHNBHTK-UHFFFAOYSA-N,BWONSKDEHNBHTK,eligible,348.334,0.532,95.74,1,5,4,25,3,0.8101,0,1,1
LIB_BWPAIAWRIIERJT,ChEMBL,CHEMBL108430,CHEMBL108430,https://www.ebi.ac.uk/chembl/compound_report_card/CHEMBL108430/,Oc1ccc(C2Oc3ccccc3CC2c2ccccc2)cc1,Oc1ccc(C2Oc3ccccc3CC2c2ccccc2)cc1,Oc1ccc(C2Oc3ccccc3CC2c2ccccc2)cc1,BWPAIAWRIIERJT-UHFFFAOYSA-N,BWPAIAWRIIERJT,eligible,302.373,4.852,29.46,1,2,2,23,4,0.7328,0,1,1
LIB_BWPIARFWQZKAIA,ChEMBL,CHEMBL1200332,CHEMBL1200332;CHEMBL668,https://www.ebi.ac.uk/chembl/compound_report_card/CHEMBL1200332/,CNCCCC1c2ccccc2C=Cc2ccccc21.Cl,CNCCCC1c2ccccc2C=Cc2ccccc21,CNCCCC1c2ccccc2C=Cc2ccccc21,BWPIARFWQZKAIA-UHFFFAOYSA-N,BWPIARFWQZKAIA,eligible,263.384,4.302,12.03,1,1,4,20,3,0.8109,0,2,1
LIB_BWPIFMSFEWXKAB,ChEMBL,CHEMBL102876,CHEMBL102876,https://www.ebi.ac.uk/chembl/compound_report_card/CHEMBL102876/,Cc1cn(CC(C)C)c2cc(C(=O)Nc3c(Cl)c[n+]([O-])cc3Cl)ccc12,Cc1cn(CC(C)C)c2cc(C(=O)Nc3c(Cl)c[n+]([O-])cc3Cl)ccc12,Cc1cn(CC(C)C)c2cc(C(=O)Nc3c(Cl)c[n+]([O-])cc3Cl)ccc12,BWPIFMSFEWXKAB-UHFFFAOYSA-N,BWPIFMSFEWXKAB,eligible,392.286,4.798,60.97,1,2,4,26,3,0.5123,0,1,1
LIB_BWPJNXXXXDXZIJ,ChEMBL,CHEMBL10593,CHEMBL10593,https://www.ebi.ac.uk/chembl/compound_report_card/CHEMBL10593/,O=C(c1ccc(Cl)cc1Cl)C(O)(Cn1cncn1)c1ccc(Cl)cc1,O=C(c1ccc(Cl)cc1Cl)C(O)(Cn1cncn1)c1ccc(Cl)cc1,O=C(c1ccc(Cl)cc1Cl)C(O)(Cn1cncn1)c1ccc(Cl)cc1,BWPJNXXXXDXZIJ-UHFFFAOYSA-N,BWPJNXXXXDXZIJ,eligible,396.661,4.009,68.01,1,4,5,25,3,0.6617,0,1,1
LIB_BWQDIAYCQZUIAV,ChEMBL,CHEMBL1081751,CHEMBL1081751,https://www.ebi.ac.uk/chembl/compound_report_card/CHEMBL1081751/,COc1ccc(-c2nc(COc3ccc(OCC(=O)O)c(C)c3)sc2-c2ccccc2C(F)(F)F)cc1,COc1ccc(-c2nc(COc3ccc(OCC(=O)O)c(C)c3)sc2-c2ccccc2C(F)(F)F)cc1,COc1ccc(-c2nc(COc3ccc(OCC(=O)O)c(C)c3)sc2-c2ccccc2C(F)(F)F)cc1,BWQDIAYCQZUIAV-UHFFFAOYSA-N,BWQDIAYCQZUIAV,eligible,529.536,6.855,77.88,1,6,9,37,4,0.2554,0,1,1
LIB_BWTQPWDURQZRKQ,ChEMBL,CHEMBL105490,CHEMBL105490,https://www.ebi.ac.uk/chembl/compound_report_card/CHEMBL105490/,Cc1noc(NS(=O)(=O)c2ccccc2-c2ccc(CC(C)C)cc2)c1C,Cc1noc(NS(=O)(=O)c2ccccc2-c2ccc(CC(C)C)cc2)c1C,Cc1noc(NS(=O)(=O)c2ccccc2-c2ccc(CC(C)C)cc2)c1C,BWTQPWDURQZRKQ-UHFFFAOYSA-N,BWTQPWDURQZRKQ,eligible,384.501,4.958,72.2,1,4,6,27,3,0.652,0,1,1
LIB_BWVNEUKPDZHUIO,ChEMBL,CHEMBL1087114,CHEMBL1087114,https://www.ebi.ac.uk/chembl/compound_report_card/CHEMBL1087114/,CNCCNCc1cccc(-n2nc(C(F)(F)F)cc2C(=O)NCc2cc(F)ccc2OC)c1,CNCCNCc1cccc(-n2nc(C(F)(F)F)cc2C(=O)NCc2cc(F)ccc2OC)c1,CNCCNCc1cccc(-n2nc(C(F)(F)F)cc2C(=O)NCc2cc(F)ccc2OC)c1,BWVNEUKPDZHUIO-UHFFFAOYSA-N,BWVNEUKPDZHUIO,eligible,479.478,3.278,80.21,3,5,10,34,3,0.3073,0,1,1
LIB_BWVWQXWHXUEKMM,ChEMBL,CHEMBL1080692,CHEMBL1080692,https://www.ebi.ac.uk/chembl/compound_report_card/CHEMBL1080692/,CN1CC[C@@]2(C)c3cc(OC(=O)NC4CCCCC4)ccc3N(C)[C@@H]12,CN1CC[C@@]2(C)c3cc(OC(=O)NC4CCCCC4)ccc3N(C)[C@@H]12,CN1CCC2(C)c3cc(OC(=O)NC4CCCCC4)ccc3N(C)C12,BWVWQXWHXUEKMM-QUCCMNQESA-N,BWVWQXWHXUEKMM,eligible,343.471,3.477,44.81,1,4,2,25,4,0.8929,0,1,1
LIB_BWWHWAGGQJPERW,ChEMBL,CHEMBL1083128,CHEMBL1083128,https://www.ebi.ac.uk/chembl/compound_report_card/CHEMBL1083128/,O=C(CCCCCN(Cc1ccccc1)C(=O)NC(=O)c1ccccc1)NO,O=C(NC(=O)N(CCCCCC(O)=NO)Cc1ccccc1)c1ccccc1,O=C(NC(=O)N(CCCCCC(O)=NO)Cc1ccccc1)c1ccccc1,BWWHWAGGQJPERW-UHFFFAOYSA-N,BWWHWAGGQJPERW,eligible,383.448,3.945,102.23,3,4,9,28,2,0.2006,0,1,1
LIB_BWWRQIOZJFXZDA,ChEMBL,CHEMBL105863,CHEMBL105863,https://www.ebi.ac.uk/chembl/compound_report_card/CHEMBL105863/,Oc1nc2ccccc2cc1C(C#CC1CC1)(OCc1ccccc1)C(F)(F)F,O=c1[nH]c2ccccc2cc1C(C#CC1CC1)(OCc1ccccc1)C(F)(F)F,O=c1[nH]c2ccccc2cc1C(C#CC1CC1)(OCc1ccccc1)C(F)(F)F,BWWRQIOZJFXZDA-UHFFFAOYSA-N,BWWRQIOZJFXZDA,eligible,397.396,4.916,42.09,1,2,4,29,4,0.6355,0,1,1
LIB_BWWVAEOLVKTZFQ,ChEMBL,CHEMBL530,CHEMBL530,https://www.ebi.ac.uk/chembl/compound_report_card/CHEMBL530/,CC1(C)S[C@@H]2[C@H](/N=C/N3CCCCCC3)C(=O)N2[C@H]1C(=O)O,CC1(C)S[C@@H]2C(/N=C/N3CCCCCC3)C(=O)N2C1C(=O)O,CC1(C)SC2C(N=CN3CCCCCC3)C(=O)N2C1C(=O)O,BWWVAEOLVKTZFQ-LIYHIKFFSA-N,BWWVAEOLVKTZFQ,eligible,325.434,1.406,73.21,1,4,3,22,3,0.4824,0,1,1
LIB_BWXAZFCPGFKANL,ChEMBL,CHEMBL1084009,CHEMBL1084009,https://www.ebi.ac.uk/chembl/compound_report_card/CHEMBL1084009/,O=C(O)c1ccc(C2(NC(=O)c3cccc4ccn(Cc5ccc(C(F)(F)F)cc5)c34)CC2)cc1,O=C(O)c1ccc(C2(NC(=O)c3cccc4ccn(Cc5ccc(C(F)(F)F)cc5)c34)CC2)cc1,O=C(O)c1ccc(C2(NC(=O)c3cccc4ccn(Cc5ccc(C(F)(F)F)cc5)c34)CC2)cc1,BWXAZFCPGFKANL-UHFFFAOYSA-N,BWXAZFCPGFKANL,eligible,478.47,5.826,71.33,2,2,6,35,5,0.3666,0,1,1
LIB_BWYQRSQZYRIDBK,ChEMBL,CHEMBL1087534,CHEMBL1087534,https://www.ebi.ac.uk/chembl/compound_report_card/CHEMBL1087534/,Cc1nnc(C)n1[C@H]1C[C@H]2CC[C@@H](C1)N2CC[C@H](NC(=O)C1CCOC1)c1cccc(F)c1,Cc1nnc(C)n1[C@H]1C[C@H]2CC[C@@H](C1)N2CC[C@H](NC(=O)C1CCOC1)c1cccc(F)c1,Cc1nnc(C)n1C1CC2CCC(C1)N2CCC(NC(=O)C1CCOC1)c1cccc(F)c1,BWYQRSQZYRIDBK-ZADQPKDQSA-N,BWYQRSQZYRIDBK,eligible,455.578,3.486,72.28,1,5,7,33,5,0.6921,0,1,1
LIB_BXAQXSDKYWJOFG,ChEMBL,CHEMBL104336,CHEMBL104336,https://www.ebi.ac.uk/chembl/compound_report_card/CHEMBL104336/,C/C=C/c1cncc(-c2ccc(C(C)C(=O)O)cc2)c1,C/C=C/c1cncc(-c2ccc(C(C)C(=O)O)cc2)c1,CC=Cc1cncc(-c2ccc(C(C)C(=O)O)cc2)c1,BXAQXSDKYWJOFG-ONEGZZNKSA-N,BXAQXSDKYWJOFG,eligible,267.328,3.97,50.19,1,2,4,20,2,0.9114,0,1,1
LIB_BXBHDIFGRPCTPR,ChEMBL,CHEMBL100491,CHEMBL100491,https://www.ebi.ac.uk/chembl/compound_report_card/CHEMBL100491/,O=[N+]([O-])/C=C1\NC=CN1Cc1ccc(Cl)nc1,O=[N+]([O-])Cc1nccn1Cc1ccc(Cl)nc1,O=[N+]([O-])Cc1nccn1Cc1ccc(Cl)nc1,BXBHDIFGRPCTPR-UHFFFAOYSA-N,BXBHDIFGRPCTPR,eligible,252.661,1.756,73.85,0,4,4,17,2,0.4721,0,1,1
LIB_BXBNADAPIHHXJQ,ChEMBL,CHEMBL103469,CHEMBL103469,https://www.ebi.ac.uk/chembl/compound_report_card/CHEMBL103469/,O=C(c1ccc2c(c1)OCO2)N1CCCCC1,O=C(c1ccc2c(c1)OCO2)N1CCCCC1,O=C(c1ccc2c(c1)OCO2)N1CCCCC1,BXBNADAPIHHXJQ-UHFFFAOYSA-N,BXBNADAPIHHXJQ,eligible,233.267,2.041,38.77,0,3,1,17,3,0.7447,0,1,1
LIB_BXCOOIWGIWUNQX,ChEMBL,CHEMBL102918,CHEMBL102918,https://www.ebi.ac.uk/chembl/compound_report_card/CHEMBL102918/,Cc1ncccc1C(C#N)N1CCN(C(=O)CC(NC(=O)c2ccccc2)c2ccccc2)CC1,Cc1ncccc1C(C#N)N1CCN(C(=O)CC(NC(=O)c2ccccc2)c2ccccc2)CC1,Cc1ncccc1C(C#N)N1CCN(C(=O)CC(NC(=O)c2ccccc2)c2ccccc2)CC1,BXCOOIWGIWUNQX-UHFFFAOYSA-N,BXCOOIWGIWUNQX,eligible,467.573,3.66,89.33,1,5,7,35,4,0.5729,0,1,1
LIB_BXEWHWSBDCZQEV,ChEMBL,CHEMBL107573,CHEMBL107573,https://www.ebi.ac.uk/chembl/compound_report_card/CHEMBL107573/,CN(C)c1nc2sc3c(c2c(=O)o1)CCN(Cc1ccccc1)C3,CN(C)c1nc2sc3c(c2c(=O)o1)CCN(Cc1ccccc1)C3,CN(C)c1nc2sc3c(c2c(=O)o1)CCN(Cc1ccccc1)C3,BXEWHWSBDCZQEV-UHFFFAOYSA-N,BXEWHWSBDCZQEV,eligible,341.436,2.874,49.58,0,6,3,24,4,0.7331,0,1,1
LIB_BXEWKMIHXSBUJM,ChEMBL,CHEMBL102810,CHEMBL102810,https://www.ebi.ac.uk/chembl/compound_report_card/CHEMBL102810/,COc1ccc(-n2sc3c(OC)nc(OC)nc3c2=O)cc1,COc1ccc(-n2sc3c(OC)nc(OC)nc3c2=O)cc1,COc1ccc(-n2sc3c(OC)nc(OC)nc3c2=O)cc1,BXEWKMIHXSBUJM-UHFFFAOYSA-N,BXEWKMIHXSBUJM,eligible,319.342,1.868,75.47,0,7,4,22,3,0.7306,0,1,1
LIB_BXFUASFZFGJZOR,ChEMBL,CHEMBL1081753,CHEMBL1081753,https://www.ebi.ac.uk/chembl/compound_report_card/CHEMBL1081753/,O=C(Nc1cccc(-c2cn3ccnc3c(NCc3ccncc3)n2)c1)Nc1ccccc1F,O=C(Nc1cccc(-c2cn3ccnc3c(NCc3ccncc3)n2)c1)Nc1ccccc1F,O=C(Nc1cccc(-c2cn3ccnc3c(NCc3ccncc3)n2)c1)Nc1ccccc1F,BXFUASFZFGJZOR-UHFFFAOYSA-N,BXFUASFZFGJZOR,eligible,453.481,5.187,96.24,3,5,6,34,5,0.329,0,1,1
LIB_BXGIZDNJLISTLA,ChEMBL,CHEMBL107206,CHEMBL107206,https://www.ebi.ac.uk/chembl/compound_report_card/CHEMBL107206/,O=S(=O)(/C=C/c1ccco1)Nc1nc(-c2ccccc2)c(-c2ccccc2)s1,O=S(=O)(/C=C/c1ccco1)Nc1nc(-c2ccccc2)c(-c2ccccc2)s1,O=S(=O)(C=Cc1ccco1)Nc1nc(-c2ccccc2)c(-c2ccccc2)s1,BXGIZDNJLISTLA-FYWRMAATSA-N,BXGIZDNJLISTLA,eligible,408.504,5.483,72.2,1,5,6,28,4,0.4583,0,1,1
LIB_BXKFWSCAQBNCQC,ChEMBL,CHEMBL107962,CHEMBL107962,https://www.ebi.ac.uk/chembl/compound_report_card/CHEMBL107962/,O=C(CN1CCN(Cc2ccc(Cl)cc2)CC1)N1c2ccccc2CC12CCCCC2,O=C(CN1CCN(Cc2ccc(Cl)cc2)CC1)N1c2ccccc2CC12CCCCC2,O=C(CN1CCN(Cc2ccc(Cl)cc2)CC1)N1c2ccccc2CC12CCCCC2,BXKFWSCAQBNCQC-UHFFFAOYSA-N,BXKFWSCAQBNCQC,eligible,438.015,4.75,26.79,0,3,4,31,5,0.6901,0,1,1
LIB_BXLIWCWRGRZGFE,ChEMBL,CHEMBL1084399,CHEMBL1084399,https://www.ebi.ac.uk/chembl/compound_report_card/CHEMBL1084399/,NC(=O)CCc1ccc2c(c1)S(=O)(=O)N=C(c1c(O)c3cc(F)ccc3n(CCC3CC3)c1=O)N2,NC(=O)CCc1ccc2c(c1)S(=O)(=O)N=C(c1c(O)c3cc(F)ccc3n(CCC3CC3)c1=O)N2,NC(=O)CCc1ccc2c(c1)S(=O)(=O)N=C(c1c(O)c3cc(F)ccc3n(CCC3CC3)c1=O)N2,BXLIWCWRGRZGFE-UHFFFAOYSA-N,BXLIWCWRGRZGFE,eligible,498.536,2.625,143.85,3,6,7,35,5,0.4568,0,1,1
LIB_BXMPHYNIUWLBLW,ChEMBL,CHEMBL1086221,CHEMBL1086221,https://www.ebi.ac.uk/chembl/compound_report_card/CHEMBL1086221/,Cc1ccc(NC(=O)Nc2cc(N3CCOCC3)cc(C(F)(F)F)c2)cc1-c1nc2c(cnn2Cc2ccccc2)[nH]1,Cc1ccc(NC(=O)Nc2cc(N3CCOCC3)cc(C(F)(F)F)c2)cc1-c1nc2c(cnn2Cc2ccccc2)[nH]1,Cc1ccc(NC(=O)Nc2cc(N3CCOCC3)cc(C(F)(F)F)c2)cc1-c1nc2c(cnn2Cc2ccccc2)[nH]1,BXMPHYNIUWLBLW-UHFFFAOYSA-N,BXMPHYNIUWLBLW,eligible,575.595,6.283,100.1,3,5,6,42,6,0.2213,0,1,1
LIB_BXNXEXWOZMNHST,ChEMBL,CHEMBL100010,CHEMBL100010,https://www.ebi.ac.uk/chembl/compound_report_card/CHEMBL100010/,COC(=O)C1=C(c2ccccc2)CC2CCC1C2,COC(=O)C1=C(c2ccccc2)CC2CCC1C2,COC(=O)C1=C(c2ccccc2)CC2CCC1C2,BXNXEXWOZMNHST-UHFFFAOYSA-N,BXNXEXWOZMNHST,eligible,242.318,3.433,26.3,0,2,2,18,3,0.7426,0,1,1
LIB_BXNYJWKBNDSIMR,ChEMBL,CHEMBL10246,CHEMBL10246,https://www.ebi.ac.uk/chembl/compound_report_card/CHEMBL10246/,O=c1oc(Nc2ccccc2I)nc2ccc(Cl)cc12,O=c1oc(Nc2ccccc2I)nc2ccc(Cl)cc12,O=c1oc(Nc2ccccc2I)nc2ccc(Cl)cc12,BXNYJWKBNDSIMR-UHFFFAOYSA-N,BXNYJWKBNDSIMR,eligible,398.587,4.19,55.13,1,4,2,20,3,0.6578,0,1,1
LIB_BXPHCHMGHKNYOV,ChEMBL,CHEMBL1078043,CHEMBL1078043,https://www.ebi.ac.uk/chembl/compound_report_card/CHEMBL1078043/,Cc1cc2cc3c(C)coc3c(C)c2oc1=O,Cc1cc2cc3c(C)coc3c(C)c2oc1=O,Cc1cc2cc3c(C)coc3c(C)c2oc1=O,BXPHCHMGHKNYOV-UHFFFAOYSA-N,BXPHCHMGHKNYOV,eligible,228.247,3.464,43.35,0,3,0,17,3,0.5532,0,1,1
LIB_BXRBQSOCONPANY,ChEMBL,CHEMBL1083392,CHEMBL1083392,https://www.ebi.ac.uk/chembl/compound_report_card/CHEMBL1083392/,CNCC(=O)CCN1c2ccccc2N(c2ccccc2F)S1(=O)=O,CNCC(=O)CCN1c2ccccc2N(c2ccccc2F)S1(=O)=O,CNCC(=O)CCN1c2ccccc2N(c2ccccc2F)S1(=O)=O,BXRBQSOCONPANY-UHFFFAOYSA-N,BXRBQSOCONPANY,eligible,363.414,2.207,69.72,1,4,6,25,3,0.8543,0,1,1
LIB_BXRHLCBIHHQPHK,ChEMBL,CHEMBL1081453,CHEMBL1081453,https://www.ebi.ac.uk/chembl/compound_report_card/CHEMBL1081453/,CC(C)(C)c1ccc(S(=O)(=O)N2C[C@@H]3C[C@H]2CN3C2CC3CCC2C3)cc1,CC(C)(C)c1ccc(S(=O)(=O)N2C[C@@H]3C[C@H]2CN3C2CC3CCC2C3)cc1,CC(C)(C)c1ccc(S(=O)(=O)N2CC3CC2CN3C2CC3CCC2C3)cc1,BXRHLCBIHHQPHK-CVVYKNHESA-N,BXRHLCBIHHQPHK,eligible,388.577,3.62,40.62,0,3,3,27,5,0.794,0,1,1
LIB_BXSDBPTYHNIXDV,ChEMBL,CHEMBL102318,CHEMBL102318,https://www.ebi.ac.uk/chembl/compound_report_card/CHEMBL102318/,CN1CCN(c2nc3cc(Cl)cc(Cl)c3o2)CC1,CN1CCN(c2nc3cc(Cl)cc(Cl)c3o2)CC1,CN1CCN(c2nc3cc(Cl)cc(Cl)c3o2)CC1,BXSDBPTYHNIXDV-UHFFFAOYSA-N,BXSDBPTYHNIXDV,eligible,286.162,2.886,32.51,0,4,1,18,3,0.8066,0,1,1
LIB_BXVIHKICSIIIDC,ChEMBL,CHEMBL103213,CHEMBL103213,https://www.ebi.ac.uk/chembl/compound_report_card/CHEMBL103213/,CC(C)(C)OC(=O)N[C@@H](Cc1ccccc1)[C@@H](O)C[C@@H](Cc1ccccc1)C(=O)N[C@@H]1c2ccccc2OC[C@H]1O,CC(C)(C)OC(=O)N[C@@H](Cc1ccccc1)[C@@H](O)CC(Cc1ccccc1)C(=O)N[C@@H]1c2ccccc2OC[C@H]1O,CC(C)(C)OC(=O)NC(Cc1ccccc1)C(O)CC(Cc1ccccc1)C(=O)NC1c2ccccc2OCC1O,BXVIHKICSIIIDC-KNXZCLDKSA-N,BXVIHKICSIIIDC,eligible,560.691,4.343,117.12,4,6,10,41,4,0.2931,0,1,1
LIB_BXXFKNUQXUJVKP,ChEMBL,CHEMBL100765,CHEMBL100765,https://www.ebi.ac.uk/chembl/compound_report_card/CHEMBL100765/,CCc1cccc(Oc2ccnc3cc(OC)c(OC)cc23)c1,CCc1cccc(Oc2ccnc3cc(OC)c(OC)cc23)c1,CCc1cccc(Oc2ccnc3cc(OC)c(OC)cc23)c1,BXXFKNUQXUJVKP-UHFFFAOYSA-N,BXXFKNUQXUJVKP,eligible,309.365,4.607,40.58,0,4,5,23,3,0.69,0,1,1
LIB_BXXQIVVJIYKTQE,ChEMBL,CHEMBL1076044,CHEMBL1076044,https://www.ebi.ac.uk/chembl/compound_report_card/CHEMBL1076044/,O=C(Nc1ccc(Br)c(Cl)c1)c1cc(N2CCC(N3CCCC3)CC2)cc(C(F)(F)F)c1,O=C(Nc1ccc(Br)c(Cl)c1)c1cc(N2CCC(N3CCCC3)CC2)cc(C(F)(F)F)c1,O=C(Nc1ccc(Br)c(Cl)c1)c1cc(N2CCC(N3CCCC3)CC2)cc(C(F)(F)F)c1,BXXQIVVJIYKTQE-UHFFFAOYSA-N,BXXQIVVJIYKTQE,eligible,530.816,6.438,35.58,1,3,4,32,4,0.4942,0,1,1
LIB_BXZBNVSSBNQNPK,ChEMBL,CHEMBL1086008,CHEMBL1086008,https://www.ebi.ac.uk/chembl/compound_report_card/CHEMBL1086008/,CC[C@@H]1OCC(=O)[C@H]1NC(=O)C1(NC(=O)c2ccc(-c3csc(N4CCN(C)CC4)n3)cc2)CCCCC1,CC[C@@H]1OCC(=O)C1NC(=O)C1(NC(=O)c2ccc(-c3csc(N4CCN(C)CC4)n3)cc2)CCCCC1,CCC1OCC(=O)C1NC(=O)C1(NC(=O)c2ccc(-c3csc(N4CCN(C)CC4)n3)cc2)CCCCC1,BXZBNVSSBNQNPK-UXMRNZNESA-N,BXZBNVSSBNQNPK,eligible,539.702,2.857,103.87,2,8,7,38,5,0.5577,0,1,1
LIB_BXZCWRQCTQLTEY,ChEMBL,CHEMBL100157,CHEMBL100157,https://www.ebi.ac.uk/chembl/compound_report_card/CHEMBL100157/,CCCC(C)n1c(CC)nc2c(-c3ccc(OC)nc3C(F)(F)F)ccnc21,CCCC(C)n1c(CC)nc2c(-c3ccc(OC)nc3C(F)(F)F)ccnc21,CCCC(C)n1c(CC)nc2c(-c3ccc(OC)nc3C(F)(F)F)ccnc21,BXZCWRQCTQLTEY-UHFFFAOYSA-N,BXZCWRQCTQLTEY,eligible,392.425,5.444,52.83,0,4,6,28,3,0.5602,0,1,1
LIB_BXZVVICBKDXVGW,ChEMBL,CHEMBL1460,CHEMBL1460,https://www.ebi.ac.uk/chembl/compound_report_card/CHEMBL1460/,O=c1[nH]cnc2c1ncn2[C@H]1CC[C@@H](CO)O1,O=c1[nH]cnc2c1ncn2[C@H]1CC[C@@H](CO)O1,O=c1[nH]cnc2c1ncn2C1CCC(CO)O1,BXZVVICBKDXVGW-NKWVEPMBSA-N,BXZVVICBKDXVGW,eligible,236.231,-0.211,93.03,2,5,2,17,3,0.7521,0,1,1
LIB_BYARLSXPYJDUIM,ChEMBL,CHEMBL1081376,CHEMBL1081376,https://www.ebi.ac.uk/chembl/compound_report_card/CHEMBL1081376/,O=c1[nH]c2cnc(-n3cnc4ccccc43)nc2n1C1CCOc2c(Cl)cccc21,O=c1[nH]c2cnc(-n3cnc4ccccc43)nc2n1C1CCOc2c(Cl)cccc21,O=c1[nH]c2cnc(-n3cnc4ccccc43)nc2n1C1CCOc2c(Cl)cccc21,BYARLSXPYJDUIM-UHFFFAOYSA-N,BYARLSXPYJDUIM,eligible,418.844,3.484,90.62,1,5,2,30,6,0.4736,0,1,1
LIB_BYASTERBUAMEAY,ChEMBL,CHEMBL1084478,CHEMBL1084478,https://www.ebi.ac.uk/chembl/compound_report_card/CHEMBL1084478/,COc1ccccc1/N=C/c1nc(-c2ccccc2)oc1OC(C)=O,COc1ccccc1/N=C/c1nc(-c2ccccc2)oc1OC(C)=O,COc1ccccc1N=Cc1nc(-c2ccccc2)oc1OC(C)=O,BYASTERBUAMEAY-UDWIEESQSA-N,BYASTERBUAMEAY,eligible,336.347,4.026,73.92,0,6,5,25,3,0.5194,0,1,1
LIB_BYBLEWFAAKGYCD,ChEMBL,CHEMBL1559,CHEMBL1559;CHEMBL91,https://www.ebi.ac.uk/chembl/compound_report_card/CHEMBL1559/,Clc1ccc(COC(Cn2ccnc2)c2ccc(Cl)cc2Cl)c(Cl)c1.O=[N+]([O-])O,Clc1ccc(COC(Cn2ccnc2)c2ccc(Cl)cc2Cl)c(Cl)c1,Clc1ccc(COC(Cn2ccnc2)c2ccc(Cl)cc2Cl)c(Cl)c1,BYBLEWFAAKGYCD-UHFFFAOYSA-N,BYBLEWFAAKGYCD,eligible,416.135,6.455,27.05,0,2,6,25,3,0.4617,0,2,1
LIB_BYBURYNRFOKJOE,ChEMBL,CHEMBL1083700,CHEMBL1083700,https://www.ebi.ac.uk/chembl/compound_report_card/CHEMBL1083700/,Cc1ccc2c(c1)C(C)(C)[C@H]1COc3ccc4c(=O)c(C)coc4c3[C@H]1N2,Cc1ccc2c(c1)C(C)(C)[C@H]1COc3ccc4c(=O)c(C)coc4c3[C@H]1N2,Cc1ccc2c(c1)C(C)(C)C1COc3ccc4c(=O)c(C)coc4c3C1N2,BYBURYNRFOKJOE-JXFKEZNVSA-N,BYBURYNRFOKJOE,eligible,361.441,4.863,51.47,1,4,0,27,5,0.621,0,1,1
LIB_BYEWCQUFFQUXQI,ChEMBL,CHEMBL1077816,CHEMBL1077816,https://www.ebi.ac.uk/chembl/compound_report_card/CHEMBL1077816/,CCOc1ccc(-n2c([C@@H](C)N(Cc3cccnc3)C(=O)Cc3cc(F)c(F)c(F)c3)nc3ccccc3c2=O)cc1,CCOc1ccc(-n2c([C@@H](C)N(Cc3cccnc3)C(=O)Cc3cc(F)c(F)c(F)c3)nc3ccccc3c2=O)cc1,CCOc1ccc(-n2c(C(C)N(Cc3cccnc3)C(=O)Cc3cc(F)c(F)c(F)c3)nc3ccccc3c2=O)cc1,BYEWCQUFFQUXQI-HXUWFJFHSA-N,BYEWCQUFFQUXQI,eligible,572.587,5.929,77.32,0,5,9,42,5,0.2048,0,1,1
LIB_BYFBIHGWAJPFIB,ChEMBL,CHEMBL1081587,CHEMBL1081587,https://www.ebi.ac.uk/chembl/compound_report_card/CHEMBL1081587/,Cc1ncoc1-c1nnc(SCCCN2CC3CC3(c3ccc(F)c(C(F)(F)F)c3)C2)n1C,Cc1ncoc1-c1nnc(SCCCN2CC3CC3(c3ccc(F)c(C(F)(F)F)c3)C2)n1C,Cc1ncoc1-c1nnc(SCCCN2CC3CC3(c3ccc(F)c(C(F)(F)F)c3)C2)n1C,BYFBIHGWAJPFIB-UHFFFAOYSA-N,BYFBIHGWAJPFIB,eligible,481.519,4.692,59.98,0,6,7,33,5,0.2772,0,1,1
LIB_BYFMCKSPFYVMOU,ChEMBL,CHEMBL1089221,CHEMBL1089221,https://www.ebi.ac.uk/chembl/compound_report_card/CHEMBL1089221/,O=C(O)COc1nn(Cc2ccccc2)c2ccccc12,O=C(O)COc1nn(Cc2ccccc2)c2ccccc12,O=C(O)COc1nn(Cc2ccccc2)c2ccccc12,BYFMCKSPFYVMOU-UHFFFAOYSA-N,BYFMCKSPFYVMOU,eligible,282.299,2.548,64.35,1,3,5,21,3,0.7808,0,1,1
LIB_BYHKEKPNCXTVHL,ChEMBL,CHEMBL1083698,CHEMBL1083698,https://www.ebi.ac.uk/chembl/compound_report_card/CHEMBL1083698/,CC(C)(Oc1ccc(CN(CC(=O)NCc2ccccc2Cl)Cc2ccco2)cc1)C(=O)O,CC(C)(Oc1ccc(CN(CC(=O)NCc2ccccc2Cl)Cc2ccco2)cc1)C(=O)O,CC(C)(Oc1ccc(CN(CC(=O)NCc2ccccc2Cl)Cc2ccco2)cc1)C(=O)O,BYHKEKPNCXTVHL-UHFFFAOYSA-N,BYHKEKPNCXTVHL,eligible,470.953,4.494,92.01,2,5,11,33,3,0.4286,0,1,1
LIB_BYJAVTDNIXVSPW,ChEMBL,CHEMBL1200413,CHEMBL1200413;CHEMBL1266,https://www.ebi.ac.uk/chembl/compound_report_card/CHEMBL1200413/,Cl.c1ccc2c(c1)CCCC2C1=NCCN1,c1ccc2c(c1)CCCC2C1=NCCN1,c1ccc2c(c1)CCCC2C1=NCCN1,BYJAVTDNIXVSPW-UHFFFAOYSA-N,BYJAVTDNIXVSPW,eligible,200.285,2.108,24.39,1,2,1,15,3,0.7374,0,2,1
LIB_BYLMMOUGBBLSMY,ChEMBL,CHEMBL105086,CHEMBL105086,https://www.ebi.ac.uk/chembl/compound_report_card/CHEMBL105086/,O=C(O)c1cc2c(cn1)sc1ccccc12,O=C(O)c1cc2c(cn1)sc1ccccc12,O=C(O)c1cc2c(cn1)sc1ccccc12,BYLMMOUGBBLSMY-UHFFFAOYSA-N,BYLMMOUGBBLSMY,eligible,229.26,3.148,50.19,1,3,1,16,3,0.6969,0,1,1
LIB_BYLUYHAOVDDZTL,ChEMBL,CHEMBL108325,CHEMBL108325,https://www.ebi.ac.uk/chembl/compound_report_card/CHEMBL108325/,Cc1c(C2CCSCC2)c(=O)on1C(=O)N1CCC(C)CC1,Cc1c(C2CCSCC2)c(=O)on1C(=O)N1CCC(C)CC1,Cc1c(C2CCSCC2)c(=O)on1C(=O)N1CCC(C)CC1,BYLUYHAOVDDZTL-UHFFFAOYSA-N,BYLUYHAOVDDZTL,eligible,324.446,3.06,55.45,0,4,1,22,3,0.7965,0,1,1
LIB_BYMDBFGHCDTBMT,ChEMBL,CHEMBL10483,CHEMBL10483,https://www.ebi.ac.uk/chembl/compound_report_card/CHEMBL10483/,CCOC(=O)c1[nH]cc2nc3ccc(OC)cc3c-2c1COC,CCOC(=O)c1ncc2[nH]c3ccc(OC)cc3c2c1COC,CCOC(=O)c1ncc2[nH]c3ccc(OC)cc3c2c1COC,BYMDBFGHCDTBMT-UHFFFAOYSA-N,BYMDBFGHCDTBMT,eligible,314.341,3.048,73.44,1,5,5,23,3,0.7327,0,1,1
LIB_BYNVTKGXXRRGSJ,ChEMBL,CHEMBL1079343,CHEMBL1079343,https://www.ebi.ac.uk/chembl/compound_report_card/CHEMBL1079343/,C[C@H]1COCCN1c1nc(N2CCOCC2)c2cccnc2n1,C[C@H]1COCCN1c1nc(N2CCOCC2)c2cccnc2n1,CC1COCCN1c1nc(N2CCOCC2)c2cccnc2n1,BYNVTKGXXRRGSJ-LBPRGKRZSA-N,BYNVTKGXXRRGSJ,eligible,315.377,1.086,63.61,0,7,2,23,4,0.8216,0,1,1
LIB_BYOORYSZXJQBQW,ChEMBL,CHEMBL106182,CHEMBL106182,https://www.ebi.ac.uk/chembl/compound_report_card/CHEMBL106182/,CCCN(CCC)c1n[nH]c(-c2ccc(Cl)cc2Cl)n1,CCCN(CCC)c1n[nH]c(-c2ccc(Cl)cc2Cl)n1,CCCN(CCC)c1n[nH]c(-c2ccc(Cl)cc2Cl)n1,BYOORYSZXJQBQW-UHFFFAOYSA-N,BYOORYSZXJQBQW,eligible,313.232,4.405,44.81,1,3,6,20,2,0.8592,0,1,1
LIB_BYPFEZZEUUWMEJ,ChEMBL,CHEMBL628,CHEMBL628,https://www.ebi.ac.uk/chembl/compound_report_card/CHEMBL628/,CC(=O)CCCCn1c(=O)c2c(ncn2C)n(C)c1=O,CC(=O)CCCCn1c(=O)c2c(ncn2C)n(C)c1=O,CC(=O)CCCCn1c(=O)c2c(ncn2C)n(C)c1=O,BYPFEZZEUUWMEJ-UHFFFAOYSA-N,BYPFEZZEUUWMEJ,eligible,278.312,0.193,78.89,0,4,5,20,2,0.7315,0,1,1
LIB_BYRBEOOAUCIYTO,ChEMBL,CHEMBL1077853,CHEMBL1077853,https://www.ebi.ac.uk/chembl/compound_report_card/CHEMBL1077853/,O=S(=O)(c1ccc(Br)cc1)c1ccc(C2=NN3C(c4ccc(Br)cc4)=CSC3N2)cc1,O=S(=O)(c1ccc(Br)cc1)c1ccc(C2=NC3SC=C(c4ccc(Br)cc4)N3N2)cc1,O=S(=O)(c1ccc(Br)cc1)c1ccc(C2=NC3SC=C(c4ccc(Br)cc4)N3N2)cc1,BYRBEOOAUCIYTO-UHFFFAOYSA-N,BYRBEOOAUCIYTO,eligible,577.323,5.64,61.77,1,6,4,31,5,0.4354,0,1,1
LIB_BYRDVUOMLBWELU,ChEMBL,CHEMBL108087,CHEMBL108087,https://www.ebi.ac.uk/chembl/compound_report_card/CHEMBL108087/,CC1C2c3ccccc3C(c3ccccc32)C1C[N+](C)(C)C.[I-],CC1C2c3ccccc3C(c3ccccc32)C1C[N+](C)(C)C,CC1C2c3ccccc3C(c3ccccc32)C1C[N+](C)(C)C,BYRDVUOMLBWELU-UHFFFAOYSA-N,BYRDVUOMLBWELU,eligible,292.446,4.236,0.0,0,0,2,22,5,0.7265,1,1,1
LIB_BYSFWEDJFJGYTB,ChEMBL,CHEMBL1082686,CHEMBL1082686,https://www.ebi.ac.uk/chembl/compound_report_card/CHEMBL1082686/,CCCN(CCC)Cc1c(C(F)(F)F)nc2n(-c3c(C)cc(C)cc3C)c(Cl)cn12,CCCN(CCC)Cc1c(C(F)(F)F)nc2n(-c3c(C)cc(C)cc3C)c(Cl)cn12,CCCN(CCC)Cc1c(C(F)(F)F)nc2n(-c3c(C)cc(C)cc3C)c(Cl)cn12,BYSFWEDJFJGYTB-UHFFFAOYSA-N,BYSFWEDJFJGYTB,eligible,440.941,6.344,25.47,0,2,7,30,3,0.4277,0,1,1
LIB_BYSPJTKARHNTCE,ChEMBL,CHEMBL103312,CHEMBL103312,https://www.ebi.ac.uk/chembl/compound_report_card/CHEMBL103312/,Cc1cccc(NC(=O)N[C@H](COC(=O)Nc2ccccc2)C(=O)N2CCC(C(=O)c3ccccc3)CC2)c1,Cc1cccc(NC(=O)NC(COC(=O)Nc2ccccc2)C(=O)N2CCC(C(=O)c3ccccc3)CC2)c1,Cc1cccc(NC(=O)NC(COC(=O)Nc2ccccc2)C(=O)N2CCC(C(=O)c3ccccc3)CC2)c1,BYSPJTKARHNTCE-UHFFFAOYSA-N,BYSPJTKARHNTCE,eligible,528.609,4.855,116.84,3,5,8,39,4,0.3614,0,1,1
LIB_BYTAYTGBNAWVBE,ChEMBL,CHEMBL1082499,CHEMBL1082499,https://www.ebi.ac.uk/chembl/compound_report_card/CHEMBL1082499/,O=C(CCc1cnnn1Cc1ccccc1)c1ccccc1,O=C(CCc1cnnn1Cc1ccccc1)c1ccccc1,O=C(CCc1cnnn1Cc1ccccc1)c1ccccc1,BYTAYTGBNAWVBE-UHFFFAOYSA-N,BYTAYTGBNAWVBE,eligible,291.354,3.142,47.78,0,3,6,22,3,0.6555,0,1,1
LIB_BYTPONDKUKDMDH,ChEMBL,CHEMBL1083406,CHEMBL1083406,https://www.ebi.ac.uk/chembl/compound_report_card/CHEMBL1083406/,C[C@@H]1CCCN1CCc1ccc2nc(-c3ccncc3)ccc2c1,C[C@@H]1CCCN1CCc1ccc2nc(-c3ccncc3)ccc2c1,CC1CCCN1CCc1ccc2nc(-c3ccncc3)ccc2c1,BYTPONDKUKDMDH-MRXNPFEDSA-N,BYTPONDKUKDMDH,eligible,317.436,4.324,29.02,0,3,4,24,4,0.7172,0,1,1
LIB_BYWJNFQCWYEWHX,ChEMBL,CHEMBL1078143,CHEMBL1078143,https://www.ebi.ac.uk/chembl/compound_report_card/CHEMBL1078143/,Cc1cc(O)cc(O)c1C(=O)O[C@@H]1C[C@]2(C)[C@H]3[C@@H](O)C(C)(C)C[C@@]3(O)C=C(C=O)[C@]12O,Cc1cc(O)cc(O)c1C(=O)O[C@@H]1C[C@]2(C)[C@H]3[C@@H](O)C(C)(C)C[C@@]3(O)C=C(C=O)[C@]12O,Cc1cc(O)cc(O)c1C(=O)OC1CC2(C)C3C(O)C(C)(C)CC3(O)C=C(C=O)C12O,BYWJNFQCWYEWHX-KLMFUOAUSA-N,BYWJNFQCWYEWHX,eligible,432.469,1.35,144.52,5,8,3,31,4,0.3556,0,1,1
LIB_BZASEFCQVJQJFJ,ChEMBL,CHEMBL1079303,CHEMBL1079303,https://www.ebi.ac.uk/chembl/compound_report_card/CHEMBL1079303/,CC(=O)OC1C2C3C[C@H]4C5=[N+]([O-])c6ccccc6[C@]51C[C@@H]2[N+]4([O-])[C@@H](C)[C@@H]3C(=O)O,CC(=O)OC1C2C3C[C@H]4C5=[N+]([O-])c6ccccc6[C@]51C[C@@H]2[N+]4([O-])[C@@H](C)C3C(=O)O,CC(=O)OC1C2C3CC4C5=[N+]([O-])c6ccccc6C51CC2[N+]4([O-])C(C)C3C(=O)O,BZASEFCQVJQJFJ-AQNYKYATSA-N,BZASEFCQVJQJFJ,eligible,398.415,1.661,112.73,1,5,2,29,7,0.3509,0,1,1
LIB_BZBZUGSXRITWQR,ChEMBL,CHEMBL1076184,CHEMBL1076184,https://www.ebi.ac.uk/chembl/compound_report_card/CHEMBL1076184/,COc1ccc(/C=C/C(=O)OCC(=O)Cc2ccc(O)c(O)c2)cc1O,COc1ccc(/C=C/C(=O)OCC(=O)Cc2ccc(O)c(O)c2)cc1O,COc1ccc(C=CC(=O)OCC(=O)Cc2ccc(O)c(O)c2)cc1O,BZBZUGSXRITWQR-QPJJXVBHSA-N,BZBZUGSXRITWQR,eligible,358.346,2.18,113.29,3,7,7,26,2,0.3948,0,1,1
LIB_BZCVKCOKZBGXCF,ChEMBL,CHEMBL1082414,CHEMBL1082414;CHEMBL1084949,https://www.ebi.ac.uk/chembl/compound_report_card/CHEMBL1082414/,C[C@H]1CCN(c2ncc3ccccc3n2)CCN1C(=O)c1ccccc1-n1nccn1,C[C@H]1CCN(c2ncc3ccccc3n2)CCN1C(=O)c1ccccc1-n1nccn1,CC1CCN(c2ncc3ccccc3n2)CCN1C(=O)c1ccccc1-n1nccn1,BZCVKCOKZBGXCF-KRWDZBQOSA-N,BZCVKCOKZBGXCF,eligible,413.485,2.952,80.04,0,6,3,31,5,0.5138,0,2,2
LIB_BZDCONDAEWXGJT,ChEMBL,CHEMBL1079499,CHEMBL1079499,https://www.ebi.ac.uk/chembl/compound_report_card/CHEMBL1079499/,C=C(C)[C@H]1CC=C(C)[C@@]2(O)[C@@H]1[C@H](c1ccccc1Br)O[C@@H]2C(=O)OCC1CCCC1,C=C(C)[C@H]1CC=C(C)[C@]2(O)C(C(=O)OCC3CCCC3)O[C@@H](c3ccccc3Br)[C@H]12,C=C(C)C1CC=C(C)C2(O)C(C(=O)OCC3CCCC3)OC(c3ccccc3Br)C12,BZDCONDAEWXGJT-JLCGXWDSSA-N,BZDCONDAEWXGJT,eligible,475.423,5.512,55.76,1,4,5,30,4,0.4508,0,1,1
LIB_BZDNZMAIXJGVGF,ChEMBL,CHEMBL104870,CHEMBL104870,https://www.ebi.ac.uk/chembl/compound_report_card/CHEMBL104870/,CC(Cc1ccccc1)(C(=O)NO)C(=O)N1CCc2ccccc2C1,CC(Cc1ccccc1)(C(=O)N1CCc2ccccc2C1)C(O)=NO,CC(Cc1ccccc1)(C(=O)N1CCc2ccccc2C1)C(O)=NO,BZDNZMAIXJGVGF-UHFFFAOYSA-N,BZDNZMAIXJGVGF,eligible,338.407,3.166,73.13,2,3,4,25,3,0.3892,0,1,1
LIB_BZEDPXCOJQWJKA,ChEMBL,CHEMBL108604,CHEMBL108604,https://www.ebi.ac.uk/chembl/compound_report_card/CHEMBL108604/,c1ccc(-c2cc(N(CCCN3CCCCCC3)Cc3cccc4ccccc34)on2)cc1,c1ccc(-c2cc(N(CCCN3CCCCCC3)Cc3cccc4ccccc34)on2)cc1,c1ccc(-c2cc(N(CCCN3CCCCCC3)Cc3cccc4ccccc34)on2)cc1,BZEDPXCOJQWJKA-UHFFFAOYSA-N,BZEDPXCOJQWJKA,eligible,439.603,6.768,32.51,0,4,8,33,5,0.3033,0,1,1
LIB_BZEQVHKJCVLJMC,ChEMBL,CHEMBL107268,CHEMBL107268,https://www.ebi.ac.uk/chembl/compound_report_card/CHEMBL107268/,N[C@@](CF)(Cc1c[nH]c2ccccc12)C(=O)O,N[C@@](CF)(Cc1c[nH]c2ccccc12)C(=O)O,NC(CF)(Cc1c[nH]c2ccccc12)C(=O)O,BZEQVHKJCVLJMC-GFCCVEGCSA-N,BZEQVHKJCVLJMC,eligible,236.246,1.462,79.11,3,2,4,17,2,0.7515,0,1,1
LIB_BZEWSEKUUPWQDQ,ChEMBL,CHEMBL1200478,CHEMBL1200478;CHEMBL1201217,https://www.ebi.ac.uk/chembl/compound_report_card/CHEMBL1200478/,CCCCOc1ccc(C(=O)CCN2CCCCC2)cc1.Cl,CCCCOc1ccc(C(=O)CCN2CCCCC2)cc1,CCCCOc1ccc(C(=O)CCN2CCCCC2)cc1,BZEWSEKUUPWQDQ-UHFFFAOYSA-N,BZEWSEKUUPWQDQ,eligible,289.419,3.924,29.54,0,3,8,21,2,0.5363,0,2,1
LIB_BZGUOMKUCDROKD,ChEMBL,CHEMBL103071,CHEMBL103071,https://www.ebi.ac.uk/chembl/compound_report_card/CHEMBL103071/,CCOC(=O)NC(CC(=O)N1CCC(Cn2c(C)nc3cnccc32)CC1)c1ccc(N)cc1,CCOC(=O)NC(CC(=O)N1CCC(Cn2c(C)nc3cnccc32)CC1)c1ccc(N)cc1,CCOC(=O)NC(CC(=O)N1CCC(Cn2c(C)nc3cnccc32)CC1)c1ccc(N)cc1,BZGUOMKUCDROKD-UHFFFAOYSA-N,BZGUOMKUCDROKD,eligible,464.57,3.438,115.37,2,6,7,34,4,0.5177,0,1,1
LIB_BZHHPFLVFONUOE,ChEMBL,CHEMBL105659,CHEMBL105659,https://www.ebi.ac.uk/chembl/compound_report_card/CHEMBL105659/,C=CCN(C(=O)OCc1ccccc1)C1CCN(CCC(C)(Cn2cnc3ccccc32)c2ccccc2)CC1,C=CCN(C(=O)OCc1ccccc1)C1CCN(CCC(C)(Cn2cnc3ccccc32)c2ccccc2)CC1,C=CCN(C(=O)OCc1ccccc1)C1CCN(CCC(C)(Cn2cnc3ccccc32)c2ccccc2)CC1,BZHHPFLVFONUOE-UHFFFAOYSA-N,BZHHPFLVFONUOE,eligible,536.72,6.674,50.6,0,4,11,40,5,0.2009,0,1,1
LIB_BZHNOPCSHYTYPZ,ChEMBL,CHEMBL103033,CHEMBL103033,https://www.ebi.ac.uk/chembl/compound_report_card/CHEMBL103033/,CCn1cc(C(=O)O)c(=O)c2cc(F)c(N3CCOCC3)nc21,CCn1cc(C(=O)O)c(=O)c2cc(F)c(N3CCOCC3)nc21,CCn1cc(C(=O)O)c(=O)c2cc(F)c(N3CCOCC3)nc21,BZHNOPCSHYTYPZ-UHFFFAOYSA-N,BZHNOPCSHYTYPZ,eligible,321.308,1.09,84.66,1,5,3,23,3,0.9108,0,1,1
LIB_BZJJPIGJHVMLPD,ChEMBL,CHEMBL107945,CHEMBL107945,https://www.ebi.ac.uk/chembl/compound_report_card/CHEMBL107945/,CNC[C@H]1OCC[C@H]1SC1=C(C(=O)[O-])N2C(=O)[C@H]([C@@H](C)O)[C@H]2[C@H]1C.[Na+],CNC[C@H]1OCC[C@H]1SC1=C(C(=O)O)N2C(=O)C([C@@H](C)O)[C@H]2[C@H]1C,CNCC1OCCC1SC1=C(C(=O)O)N2C(=O)C(C(C)O)C2C1C,BZJJPIGJHVMLPD-FGXPTJDCSA-N,BZJJPIGJHVMLPD,eligible,356.444,0.25,99.1,3,6,6,24,3,0.5868,0,1,1
LIB_BZJZYTQQNKTXOA,ChEMBL,CHEMBL1080286,CHEMBL1080286,https://www.ebi.ac.uk/chembl/compound_report_card/CHEMBL1080286/,COc1cccc(CN(C(=O)c2nc3ccc(-c4cn[nH]c4)cc3s2)C2CC2)c1,COc1cccc(CN(C(=O)c2nc3ccc(-c4cn[nH]c4)cc3s2)C2CC2)c1,COc1cccc(CN(C(=O)c2nc3ccc(-c4cn[nH]c4)cc3s2)C2CC2)c1,BZJZYTQQNKTXOA-UHFFFAOYSA-N,BZJZYTQQNKTXOA,eligible,404.495,4.5,71.11,1,5,6,29,5,0.5136,0,1,1
LIB_BZKKKCMJNZKKST,ChEMBL,CHEMBL101838,CHEMBL101838,https://www.ebi.ac.uk/chembl/compound_report_card/CHEMBL101838/,CN(C)c1ccc2c(-c3cc(C(=O)O)ccc3C(=O)O)c3ccc4cc(=O)ccc4c3oc2c1,CN(C)c1ccc2c(-c3cc(C(=O)O)ccc3C(=O)O)c3ccc4cc(=O)ccc4c3oc2c1,CN(C)c1ccc2c(-c3cc(C(=O)O)ccc3C(=O)O)c3ccc4cc(=O)ccc4c3oc2c1,BZKKKCMJNZKKST-UHFFFAOYSA-N,BZKKKCMJNZKKST,eligible,453.45,5.229,108.05,2,5,4,34,5,0.2834,0,1,1
LIB_BZKMGBQHJZECQK,ChEMBL,CHEMBL1082495,CHEMBL1082495,https://www.ebi.ac.uk/chembl/compound_report_card/CHEMBL1082495/,CNC(=O)c1nc(Cc2ccc(F)cc2)[nH]c(=O)c1O,CNC(=O)c1[nH]c(Cc2ccc(F)cc2)nc(=O)c1O,CNC(=O)c1[nH]c(Cc2ccc(F)cc2)nc(=O)c1O,BZKMGBQHJZECQK-UHFFFAOYSA-N,BZKMGBQHJZECQK,eligible,277.255,0.565,95.08,3,4,3,20,2,0.7638,0,1,1
LIB_BZKMSMPQWDQSDS,ChEMBL,CHEMBL1078077,CHEMBL1078077,https://www.ebi.ac.uk/chembl/compound_report_card/CHEMBL1078077/,CC(C)=C[C@H](O)C[C@@H](C)[C@H]1CC[C@@]2(C)[C@@H]3C=C[C@@]45OC[C@]3(CC[C@]12C)[C@@H]4CC[C@H](O)C5(C)C,CC(C)=C[C@H](O)C[C@@H](C)[C@H]1CC[C@@]2(C)[C@@H]3C=C[C@@]45OC[C@]3(CC[C@]12C)[C@@H]4CC[C@H](O)C5(C)C,CC(C)=CC(O)CC(C)C1CCC2(C)C3C=CC45OCC3(CCC12C)C4CCC(O)C5(C)C,BZKMSMPQWDQSDS-ZRBXTNFGSA-N,BZKMSMPQWDQSDS,eligible,456.711,6.295,49.69,2,3,4,33,5,0.4885,0,1,1
LIB_BZKPWHYZMXOIDC,ChEMBL,CHEMBL1200814,CHEMBL1200814;CHEMBL20,https://www.ebi.ac.uk/chembl/compound_report_card/CHEMBL1200814/,CC(=O)Nc1nnc(S([NH-])(=O)=O)s1.[Na+],CC(=O)Nc1nnc(S(N)(=O)=O)s1,CC(=O)Nc1nnc(S(N)(=O)=O)s1,BZKPWHYZMXOIDC-UHFFFAOYSA-N,BZKPWHYZMXOIDC,eligible,222.251,-0.856,115.04,2,6,2,13,1,0.6319,0,2,1
LIB_BZLAZSCSSCESCS,ChEMBL,CHEMBL1078374,CHEMBL1078374,https://www.ebi.ac.uk/chembl/compound_report_card/CHEMBL1078374/,Cc1ccccc1Nc1cnccc1NS(C)(=O)=O,Cc1ccccc1Nc1cnccc1NS(C)(=O)=O,Cc1ccccc1Nc1cnccc1NS(C)(=O)=O,BZLAZSCSSCESCS-UHFFFAOYSA-N,BZLAZSCSSCESCS,eligible,277.349,2.505,71.09,2,4,4,19,2,0.9004,0,1,1
LIB_BZLPRXDTEBJWMF,ChEMBL,CHEMBL1076935,CHEMBL1076935,https://www.ebi.ac.uk/chembl/compound_report_card/CHEMBL1076935/,CCOC(=O)C(O)Cc1nc2sccn2c1[N+](=O)[O-],CCOC(=O)C(O)Cc1nc2sccn2c1[N+](=O)[O-],CCOC(=O)C(O)Cc1nc2sccn2c1[N+](=O)[O-],BZLPRXDTEBJWMF-UHFFFAOYSA-N,BZLPRXDTEBJWMF,eligible,285.281,0.77,106.97,1,7,5,19,2,0.4937,0,1,1
LIB_BZNHAHNOAXOEDO,ChEMBL,CHEMBL1084770,CHEMBL1084770,https://www.ebi.ac.uk/chembl/compound_report_card/CHEMBL1084770/,CCc1cn(CCO)c(CC)c1Oc1ccc(C#N)cc1,CCc1cn(CCO)c(CC)c1Oc1ccc(C#N)cc1,CCc1cn(CCO)c(CC)c1Oc1ccc(C#N)cc1,BZNHAHNOAXOEDO-UHFFFAOYSA-N,BZNHAHNOAXOEDO,eligible,284.359,3.269,58.18,1,3,6,21,2,0.8853,0,1,1
LIB_BZNSKKDWJQESLV,ChEMBL,CHEMBL107794,CHEMBL107794,https://www.ebi.ac.uk/chembl/compound_report_card/CHEMBL107794/,Cc1oc(-c2ccccc2)nc1CCOc1ccc(C[C@@H](C(=O)O)n2c(C)ccc2C)cc1,Cc1oc(-c2ccccc2)nc1CCOc1ccc(CC(C(=O)O)n2c(C)ccc2C)cc1,Cc1oc(-c2ccccc2)nc1CCOc1ccc(CC(C(=O)O)n2c(C)ccc2C)cc1,BZNSKKDWJQESLV-UHFFFAOYSA-N,BZNSKKDWJQESLV,eligible,444.531,5.558,77.49,1,4,9,33,4,0.3658,0,1,1
LIB_BZPCQQWWVCAOBD,ChEMBL,CHEMBL104364,CHEMBL104364,https://www.ebi.ac.uk/chembl/compound_report_card/CHEMBL104364/,O=S(=O)(Cc1ccc(Br)cc1)NCCCCc1c[nH]cn1,O=S(=O)(Cc1ccc(Br)cc1)NCCCCc1c[nH]cn1,O=S(=O)(Cc1ccc(Br)cc1)NCCCCc1c[nH]cn1,BZPCQQWWVCAOBD-UHFFFAOYSA-N,BZPCQQWWVCAOBD,eligible,372.288,2.615,74.85,2,3,8,21,2,0.6999,0,1,1
LIB_BZRBRUWLBXBWDV,ChEMBL,CHEMBL107228,CHEMBL107228,https://www.ebi.ac.uk/chembl/compound_report_card/CHEMBL107228/,Cc1cccc(-c2cnn3c(O)c(-c4ccsc4)cnc23)c1,Cc1cccc(-c2c[nH]n3c(=O)c(-c4ccsc4)cnc23)c1,Cc1cccc(-c2c[nH]n3c(=O)c(-c4ccsc4)cnc23)c1,BZRBRUWLBXBWDV-UHFFFAOYSA-N,BZRBRUWLBXBWDV,eligible,307.378,3.727,50.16,1,3,2,22,4,0.6133,0,1,1
LIB_BZRDRWLAIDVTIH,ChEMBL,CHEMBL1083202,CHEMBL1083202,https://www.ebi.ac.uk/chembl/compound_report_card/CHEMBL1083202/,CCCCCNc1nc2c(-c3cccc(F)c3)nc3ccccc3c2o1,CCCCCNc1nc2c(-c3cccc(F)c3)nc3ccccc3c2o1,CCCCCNc1nc2c(-c3cccc(F)c3)nc3ccccc3c2o1,BZRDRWLAIDVTIH-UHFFFAOYSA-N,BZRDRWLAIDVTIH,eligible,349.409,5.784,50.95,1,4,6,26,4,0.448,0,1,1
LIB_BZRVKEGDBCUXDD,ChEMBL,CHEMBL1085035,CHEMBL1085035,https://www.ebi.ac.uk/chembl/compound_report_card/CHEMBL1085035/,Cc1c(-c2ccnc(N)n2)sc2ccc(C(N)c3cccc(Cl)c3)cc12,Cc1c(-c2ccnc(N)n2)sc2ccc(C(N)c3cccc(Cl)c3)cc12,Cc1c(-c2ccnc(N)n2)sc2ccc(C(N)c3cccc(Cl)c3)cc12,BZRVKEGDBCUXDD-UHFFFAOYSA-N,BZRVKEGDBCUXDD,eligible,380.904,4.95,77.82,2,5,3,26,4,0.5267,0,1,1
LIB_BZSHUIFWUVAHTJ,ChEMBL,CHEMBL103529,CHEMBL103529,https://www.ebi.ac.uk/chembl/compound_report_card/CHEMBL103529/,O=C1Nc2ccccc2N(C(=O)CC2CCCN3CCCCC23)c2ncccc21,O=C1Nc2ccccc2N(C(=O)CC2CCCN3CCCCC23)c2ncccc21,O=C1Nc2ccccc2N(C(=O)CC2CCCN3CCCCC23)c2ncccc21,BZSHUIFWUVAHTJ-UHFFFAOYSA-N,BZSHUIFWUVAHTJ,eligible,390.487,3.967,65.54,1,4,2,29,5,0.8428,0,1,1
LIB_BZTIMCRSRQEXMD,ChEMBL,CHEMBL10377,CHEMBL10377,https://www.ebi.ac.uk/chembl/compound_report_card/CHEMBL10377/,CC(/C=C/C(O)=C1\C(=O)C2CCCN2C1=O)=C\c1ccc2ccccc2c1,C/C(C=CC(=O)c1c(O)c2n(c1O)CCC2)=C\c1ccc2ccccc2c1,CC(C=CC(=O)c1c(O)c2n(c1O)CCC2)=Cc1ccc2ccccc2c1,BZTIMCRSRQEXMD-XGZKFTTESA-N,BZTIMCRSRQEXMD,eligible,359.425,4.841,62.46,2,3,4,27,4,0.3979,0,1,1
LIB_BZUDIAMAQQGKIN,ChEMBL,CHEMBL1085073,CHEMBL1085073,https://www.ebi.ac.uk/chembl/compound_report_card/CHEMBL1085073/,CC(=O)Nc1cccc(-c2ccccc2C(=O)NCC2CCNCC2)c1,CC(=O)Nc1cccc(-c2ccccc2C(=O)NCC2CCNCC2)c1,CC(=O)Nc1cccc(-c2ccccc2C(=O)NCC2CCNCC2)c1,BZUDIAMAQQGKIN-UHFFFAOYSA-N,BZUDIAMAQQGKIN,eligible,351.45,3.041,70.23,3,3,5,26,3,0.7754,0,1,1
LIB_BZUOLQNPHMFGPW,ChEMBL,CHEMBL1083274,CHEMBL1083274,https://www.ebi.ac.uk/chembl/compound_report_card/CHEMBL1083274/,Cc1nc(C)c(-c2ccc3cc(CCN4CCC[C@H]4C)ccc3n2)o1,Cc1nc(C)c(-c2ccc3cc(CCN4CCC[C@H]4C)ccc3n2)o1,Cc1nc(C)c(-c2ccc3cc(CCN4CCCC4C)ccc3n2)o1,BZUOLQNPHMFGPW-CQSZACIVSA-N,BZUOLQNPHMFGPW,eligible,335.451,4.533,42.16,0,4,4,25,4,0.7022,0,1,1
LIB_BZUXTTKZBCVJRK,ChEMBL,CHEMBL101649,CHEMBL101649,https://www.ebi.ac.uk/chembl/compound_report_card/CHEMBL101649/,O=S1(=O)NC(C2CCCCC2)Nc2ccncc21,O=S1(=O)NC(C2CCCCC2)Nc2ccncc21,O=S1(=O)NC(C2CCCCC2)Nc2ccncc21,BZUXTTKZBCVJRK-UHFFFAOYSA-N,BZUXTTKZBCVJRK,eligible,267.354,1.692,71.09,2,4,1,18,3,0.812,0,1,1
LIB_BZWSRGZRHICVSK,ChEMBL,CHEMBL105238,CHEMBL105238,https://www.ebi.ac.uk/chembl/compound_report_card/CHEMBL105238/,CCOC(=O)C(=O)Nc1ccc(-c2nc(N)n(/C(S)=N/C)n2)cc1,CCOC(=O)C(=O)Nc1ccc(-c2nc(N)n(C(=S)NC)n2)cc1,CCOC(=O)C(=O)Nc1ccc(-c2nc(N)n(C(=S)NC)n2)cc1,BZWSRGZRHICVSK-UHFFFAOYSA-N,BZWSRGZRHICVSK,eligible,348.388,0.381,124.16,3,7,3,24,2,0.4131,0,1,1
LIB_BZXDBGOUYAJJNH,ChEMBL,CHEMBL104816,CHEMBL104816,https://www.ebi.ac.uk/chembl/compound_report_card/CHEMBL104816/,C[C@H]1NC(=O)N(CC(CCN2CCC(c3ccccc3)CC2)c2cccc(Cl)c2)C1=O,Cc1[nH]c(=O)n(CC(CCN2CCC(c3ccccc3)CC2)c2cccc(Cl)c2)c1O,Cc1[nH]c(=O)n(CC(CCN2CCC(c3ccccc3)CC2)c2cccc(Cl)c2)c1O,BZXDBGOUYAJJNH-UHFFFAOYSA-N,BZXDBGOUYAJJNH,eligible,439.987,4.897,61.26,2,3,7,31,4,0.5502,0,1,1
LIB_BZZJLZWFNGVTPE,ChEMBL,CHEMBL103415,CHEMBL103415,https://www.ebi.ac.uk/chembl/compound_report_card/CHEMBL103415/,CCc1cc(-c2ccccc2)cc(CC)[n+]1CC(=O)Nc1cc(C(F)(F)F)c(S(N)(=O)=O)cc1S(N)(=O)=O.[O-][Cl+3]([O-])([O-])[O-],CCc1cc(-c2ccccc2)cc(CC)[n+]1CC(=O)Nc1cc(C(F)(F)F)c(S(N)(=O)=O)cc1S(N)(=O)=O,CCc1cc(-c2ccccc2)cc(CC)[n+]1CC(=O)Nc1cc(C(F)(F)F)c(S(N)(=O)=O)cc1S(N)(=O)=O,BZZJLZWFNGVTPE-UHFFFAOYSA-O,BZZJLZWFNGVTPE,eligible,571.623,2.718,153.3,3,5,8,38,3,0.355,1,1,1
LIB_BZZKEPGENYLQSC,ChEMBL,CHEMBL4435170,CHEMBL4435170;CHEMBL4596392,https://www.ebi.ac.uk/chembl/compound_report_card/CHEMBL4435170/,[2H]C([2H])([2H])NC(=O)c1nnc(NC(=O)C2CC2)cc1Nc1cccc(-c2ncn(C)n2)c1OC,[2H]C([2H])([2H])NC(=O)c1nnc(NC(=O)C2CC2)cc1Nc1cccc(-c2ncn(C)n2)c1OC,[H]C([H])([H])NC(=O)c1nnc(NC(=O)C2CC2)cc1Nc1cccc(-c2ncn(C)n2)c1OC,BZZKEPGENYLQSC-FIBGUPNXSA-N,BZZKEPGENYLQSC,eligible,425.467,1.732,135.95,3,8,7,31,4,0.5207,0,2,2
LIB_BZZUVLCCDXIIPE,ChEMBL,CHEMBL1078585,CHEMBL1078585,https://www.ebi.ac.uk/chembl/compound_report_card/CHEMBL1078585/,Cc1cc(OCc2ccc(F)cc2F)c(Br)c(=O)n1Cc1cccc(C#N)c1,Cc1cc(OCc2ccc(F)cc2F)c(Br)c(=O)n1Cc1cccc(C#N)c1,Cc1cc(OCc2ccc(F)cc2F)c(Br)c(=O)n1Cc1cccc(C#N)c1,BZZUVLCCDXIIPE-UHFFFAOYSA-N,BZZUVLCCDXIIPE,eligible,445.263,4.696,55.02,0,3,5,28,3,0.5726,0,1,1
LIB_CABLPDYMBWXPSW,ChEMBL,CHEMBL106950,CHEMBL106950,https://www.ebi.ac.uk/chembl/compound_report_card/CHEMBL106950/,O=C(N/N=C/c1ccc(O)c2ccccc12)c1ccc(O)nc1,O=C(NN=Cc1ccc(O)c2ccccc12)c1ccc(=O)[nH]c1,O=C(NN=Cc1ccc(O)c2ccccc12)c1ccc(=O)[nH]c1,CABLPDYMBWXPSW-UHFFFAOYSA-N,CABLPDYMBWXPSW,eligible,307.309,1.998,94.55,3,4,3,23,3,0.51,0,1,1
LIB_CADMOORLSKVXLV,ChEMBL,CHEMBL1078227,CHEMBL1078227,https://www.ebi.ac.uk/chembl/compound_report_card/CHEMBL1078227/,NC(=O)[C@H](Cc1c[nH]c2ccccc12)NC(=O)[C@H](Cc1ccccc1)NC(=O)CS,NC(=O)C(Cc1c[nH]c2ccccc12)NC(=O)C(Cc1ccccc1)NC(=O)CS,NC(=O)C(Cc1c[nH]c2ccccc12)NC(=O)C(Cc1ccccc1)NC(=O)CS,CADMOORLSKVXLV-UHFFFAOYSA-N,CADMOORLSKVXLV,eligible,424.526,1.338,117.08,5,4,9,30,3,0.3337,0,1,1
LIB_CAFSWHHZBLDQKZ,ChEMBL,CHEMBL1077343,CHEMBL1077343,https://www.ebi.ac.uk/chembl/compound_report_card/CHEMBL1077343/,COC(=O)N1CCN(C2CCN(c3cc(C)c4nc(-c5c(NCCc6ncn(C)c6Cl)cc[nH]c5=O)[nH]c4c3)CC2)CC1,COC(=O)N1CCN(C2CCN(c3cc(C)c4[nH]c(-c5c(NCCc6ncn(C)c6Cl)cc[nH]c5=O)nc4c3)CC2)CC1,COC(=O)N1CCN(C2CCN(c3cc(C)c4[nH]c(-c5c(NCCc6ncn(C)c6Cl)cc[nH]c5=O)nc4c3)CC2)CC1,CAFSWHHZBLDQKZ-UHFFFAOYSA-N,CAFSWHHZBLDQKZ,eligible,608.147,3.621,127.41,3,8,7,43,6,0.2907,0,1,1
LIB_CAFYZCZCHHPSHG,ChEMBL,CHEMBL1084865,CHEMBL1084865,https://www.ebi.ac.uk/chembl/compound_report_card/CHEMBL1084865/,Cn1ncc(Cl)c1-c1cc(NC(=O)c2cccc(C(F)(F)F)c2)ccc1OCCN1CCNC(=O)C1,Cn1ncc(Cl)c1-c1cc(NC(=O)c2cccc(C(F)(F)F)c2)ccc1OCCN1CCNC(=O)C1,Cn1ncc(Cl)c1-c1cc(NC(=O)c2cccc(C(F)(F)F)c2)ccc1OCCN1CCNC(=O)C1,CAFYZCZCHHPSHG-UHFFFAOYSA-N,CAFYZCZCHHPSHG,eligible,521.927,3.822,88.49,2,5,7,36,4,0.4933,0,1,1
LIB_CAGCXUTXUBWJIU,ChEMBL,CHEMBL1083671,CHEMBL1083671,https://www.ebi.ac.uk/chembl/compound_report_card/CHEMBL1083671/,CCCCc1ccc(Cc2cc([C@@H]3O[C@H](CO)[C@@H](O)[C@H](O)[C@H]3O)ccc2Cl)nn1,CCCCc1ccc(Cc2cc([C@@H]3O[C@H](CO)[C@@H](O)[C@H](O)[C@H]3O)ccc2Cl)nn1,CCCCc1ccc(Cc2cc(C3OC(CO)C(O)C(O)C3O)ccc2Cl)nn1,CAGCXUTXUBWJIU-ADAARDCZSA-N,CAGCXUTXUBWJIU,eligible,422.909,1.578,115.93,4,7,7,29,3,0.5349,0,1,1
LIB_CAGGJQMNJSBPME,ChEMBL,CHEMBL1080806,CHEMBL1080806,https://www.ebi.ac.uk/chembl/compound_report_card/CHEMBL1080806/,CC(C)(C)c1cccc(OC(=O)N2CCN(c3ncccc3Cl)CC2)c1,CC(C)(C)c1cccc(OC(=O)N2CCN(c3ncccc3Cl)CC2)c1,CC(C)(C)c1cccc(OC(=O)N2CCN(c3ncccc3Cl)CC2)c1,CAGGJQMNJSBPME-UHFFFAOYSA-N,CAGGJQMNJSBPME,eligible,373.884,4.354,45.67,0,4,2,26,3,0.7845,0,1,1
LIB_CAGLBGYLRFBUID,ChEMBL,CHEMBL105916,CHEMBL105916,https://www.ebi.ac.uk/chembl/compound_report_card/CHEMBL105916/,O=c1c2cccn2c2cccc(F)c2n1CC/N=C(\S)Nc1ccc(Br)cn1,O=c1c2cccn2c2cccc(F)c2n1CCNC(=S)Nc1ccc(Br)cn1,O=c1c2cccn2c2cccc(F)c2n1CCNC(=S)Nc1ccc(Br)cn1,CAGLBGYLRFBUID-UHFFFAOYSA-N,CAGLBGYLRFBUID,eligible,460.332,3.537,63.36,2,3,4,28,4,0.4566,0,1,1
LIB_CAGSSCDHIOFUQN,ChEMBL,CHEMBL105688,CHEMBL105688,https://www.ebi.ac.uk/chembl/compound_report_card/CHEMBL105688/,NS(=O)(=O)c1ccc(CCCO)c(F)c1,NS(=O)(=O)c1ccc(CCCO)c(F)c1,NS(=O)(=O)c1ccc(CCCO)c(F)c1,CAGSSCDHIOFUQN-UHFFFAOYSA-N,CAGSSCDHIOFUQN,eligible,233.264,0.398,80.39,2,3,4,15,1,0.7894,0,1,1
LIB_CAGYDFRJDSWOLS,ChEMBL,CHEMBL1078588,CHEMBL1078588;CHEMBL1078757;CHEMBL1078758;CHEMBL1078883,https://www.ebi.ac.uk/chembl/compound_report_card/CHEMBL1078588/,C[C@H](CCCC(C)(C)O)[C@H]1CC[C@H]2/C(=C/C=C3C[C@@H](O)C(O)[C@H](O)C3)CCC[C@]12C,C[C@H](CCCC(C)(C)O)[C@H]1CC[C@H]2/C(=C/C=C3C[C@@H](O)C(O)[C@H](O)C3)CCC[C@]12C,CC(CCCC(C)(C)O)C1CCC2C(=CC=C3CC(O)C(O)C(O)C3)CCCC21C,CAGYDFRJDSWOLS-NMVMVYLBSA-N,CAGYDFRJDSWOLS,eligible,420.634,4.509,80.92,4,4,6,30,3,0.5096,0,4,3
LIB_CAJIGINSTLKQMM,ChEMBL,CHEMBL1195,CHEMBL1195;CHEMBL1769,https://www.ebi.ac.uk/chembl/compound_report_card/CHEMBL1195/,CCCOc1cc(N)ccc1C(=O)OCCN(CC)CC,CCCOc1cc(N)ccc1C(=O)OCCN(CC)CC,CCCOc1cc(N)ccc1C(=O)OCCN(CC)CC,CAJIGINSTLKQMM-UHFFFAOYSA-N,CAJIGINSTLKQMM,eligible,294.395,2.556,64.79,1,5,9,21,1,0.5599,0,2,1
LIB_CALSGYWWVDVJQK,ChEMBL,CHEMBL108623,CHEMBL108623,https://www.ebi.ac.uk/chembl/compound_report_card/CHEMBL108623/,O=C(CCn1c2c(c(=O)[nH]c1=O)CSCC2)NCC(=O)N1CCN(c2cc(C(F)(F)F)ccn2)CC1,O=C(CCn1c2c(c(=O)[nH]c1=O)CSCC2)NCC(=O)N1CCN(c2cc(C(F)(F)F)ccn2)CC1,O=C(CCn1c2c(c(=O)[nH]c1=O)CSCC2)NCC(=O)N1CCN(c2cc(C(F)(F)F)ccn2)CC1,CALSGYWWVDVJQK-UHFFFAOYSA-N,CALSGYWWVDVJQK,eligible,526.541,0.595,120.4,2,7,6,36,4,0.5656,0,1,1
LIB_CALYGHFUQLUHEZ,ChEMBL,CHEMBL102011,CHEMBL102011,https://www.ebi.ac.uk/chembl/compound_report_card/CHEMBL102011/,Cc1cc(C)n(-c2n[nH]c(N3CCN(C)CC3)c3c4ccccc4nc2-3)n1,Cc1cc(C)n(-c2nnc(N3CCN(C)CC3)c3c2[nH]c2ccccc23)n1,Cc1cc(C)n(-c2nnc(N3CCN(C)CC3)c3c2[nH]c2ccccc23)n1,CALYGHFUQLUHEZ-UHFFFAOYSA-N,CALYGHFUQLUHEZ,eligible,361.453,2.665,65.87,1,5,2,27,5,0.5946,0,1,1
LIB_CAMAZDPFXLDBQL,ChEMBL,CHEMBL108554,CHEMBL108554,https://www.ebi.ac.uk/chembl/compound_report_card/CHEMBL108554/,CN(C)CCNC(=O)c1cc(N(CCO)CCO)c([N+](=O)[O-])cc1[N+](=O)[O-],CN(C)CCNC(=O)c1cc(N(CCO)CCO)c([N+](=O)[O-])cc1[N+](=O)[O-],CN(C)CCNC(=O)c1cc(N(CCO)CCO)c([N+](=O)[O-])cc1[N+](=O)[O-],CAMAZDPFXLDBQL-UHFFFAOYSA-N,CAMAZDPFXLDBQL,eligible,385.377,-0.415,162.32,3,9,11,27,1,0.3392,0,1,1
LIB_CAMYKONBWHRPDD,ChEMBL,CHEMBL1079576,CHEMBL1079576,https://www.ebi.ac.uk/chembl/compound_report_card/CHEMBL1079576/,NC(=O)OCCCc1ccccc1,NC(=O)OCCCc1ccccc1,NC(=O)OCCCc1ccccc1,CAMYKONBWHRPDD-UHFFFAOYSA-N,CAMYKONBWHRPDD,eligible,179.219,1.715,52.32,1,2,4,13,1,0.7152,0,1,1
LIB_CAOXGQBKPUGVCW,ChEMBL,CHEMBL1083745,CHEMBL1083745,https://www.ebi.ac.uk/chembl/compound_report_card/CHEMBL1083745/,CCCc1nc(C)c2c(OC(C)C)nc3ccc(OC)nc3n12,CCCc1nc(C)c2c(OC(C)C)nc3ccc(OC)nc3n12,CCCc1nc(C)c2c(OC(C)C)nc3ccc(OC)nc3n12,CAOXGQBKPUGVCW-UHFFFAOYSA-N,CAOXGQBKPUGVCW,eligible,314.389,3.334,61.54,0,5,5,23,3,0.7226,0,1,1
LIB_CAPHKVMHGPLJRK,ChEMBL,CHEMBL104416,CHEMBL104416,https://www.ebi.ac.uk/chembl/compound_report_card/CHEMBL104416/,CC/C(=C(/c1ccc(OCC(=O)O)cc1)c1cccc(O)c1)c1ccccc1,CC/C(=C(/c1ccc(OCC(=O)O)cc1)c1cccc(O)c1)c1ccccc1,CCC(=C(c1ccc(OCC(=O)O)cc1)c1cccc(O)c1)c1ccccc1,CAPHKVMHGPLJRK-ZNTNEXAZSA-N,CAPHKVMHGPLJRK,eligible,374.436,5.225,66.76,2,3,7,28,3,0.5562,0,1,1
LIB_CAQZWGRYGGXKQE,ChEMBL,CHEMBL105860,CHEMBL105860,https://www.ebi.ac.uk/chembl/compound_report_card/CHEMBL105860/,N#Cc1ccc(Oc2ccccc2)c(NC(=O)Nc2cccnc2)c1,N#Cc1ccc(Oc2ccccc2)c(NC(=O)Nc2cccnc2)c1,N#Cc1ccc(Oc2ccccc2)c(NC(=O)Nc2cccnc2)c1,CAQZWGRYGGXKQE-UHFFFAOYSA-N,CAQZWGRYGGXKQE,eligible,330.347,4.39,87.04,2,4,4,25,3,0.7425,0,1,1
LIB_CARRCRVKWDEWCD,ChEMBL,CHEMBL1375743,CHEMBL1375743;CHEMBL3989833;CHEMBL708,https://www.ebi.ac.uk/chembl/compound_report_card/CHEMBL1375743/,Cl.O.O=C1Cc2cc(CCN3CCN(c4nsc5ccccc45)CC3)c(Cl)cc2N1,Oc1cc2cc(CCN3CCN(c4nsc5ccccc45)CC3)c(Cl)cc2[nH]1,Oc1cc2cc(CCN3CCN(c4nsc5ccccc45)CC3)c(Cl)cc2[nH]1,CARRCRVKWDEWCD-UHFFFAOYSA-N,CARRCRVKWDEWCD,eligible,412.946,4.501,55.39,2,5,4,28,5,0.5178,0,3,1
LIB_CASBQOFMGDRBRG,ChEMBL,CHEMBL1078060,CHEMBL1078060,https://www.ebi.ac.uk/chembl/compound_report_card/CHEMBL1078060/,Clc1ccc2[nH]c(Nc3ccc(CCNc4ncnc5ccsc45)cc3)nc2c1,Clc1ccc2[nH]c(Nc3ccc(CCNc4ncnc5ccsc45)cc3)nc2c1,Clc1ccc2[nH]c(Nc3ccc(CCNc4ncnc5ccsc45)cc3)nc2c1,CASBQOFMGDRBRG-UHFFFAOYSA-N,CASBQOFMGDRBRG,eligible,420.929,5.619,78.52,3,6,6,29,5,0.332,0,1,1
LIB_CAVPOEOWTIEJNU,ChEMBL,CHEMBL107315,CHEMBL107315,https://www.ebi.ac.uk/chembl/compound_report_card/CHEMBL107315/,CCCN(C)/N=N/c1ccc2c(Nc3ccc(NS(C)(=O)=O)cc3OC)c3ccccc3nc2c1,CCCN(C)/N=N/c1ccc2c(Nc3ccc(NS(C)(=O)=O)cc3OC)c3ccccc3nc2c1,CCCN(C)N=Nc1ccc2c(Nc3ccc(NS(C)(=O)=O)cc3OC)c3ccccc3nc2c1,CAVPOEOWTIEJNU-SJCQXOIGSA-N,CAVPOEOWTIEJNU,eligible,492.605,5.852,108.28,2,7,9,35,4,0.1723,0,1,1
LIB_CAWUSVSAJWVLIE,ChEMBL,CHEMBL1085227,CHEMBL1085227;CHEMBL1085231,https://www.ebi.ac.uk/chembl/compound_report_card/CHEMBL1085227/,Cc1cc(C#N)nc(C)c1C(=O)N1CCC(C)(N2CCC(N3C(=O)N(C4CCOCC4)CC3c3ccccc3)CC2)CC1,Cc1cc(C#N)nc(C)c1C(=O)N1CCC(C)(N2CCC(N3C(=O)N(C4CCOCC4)CC3c3ccccc3)CC2)CC1,Cc1cc(C#N)nc(C)c1C(=O)N1CCC(C)(N2CCC(N3C(=O)N(C4CCOCC4)CC3c3ccccc3)CC2)CC1,CAWUSVSAJWVLIE-UHFFFAOYSA-N,CAWUSVSAJWVLIE,eligible,584.765,4.687,93.01,0,6,5,43,6,0.5066,0,2,2
LIB_CAXOWROVDBCIRL,ChEMBL,CHEMBL1085218,CHEMBL1085218,https://www.ebi.ac.uk/chembl/compound_report_card/CHEMBL1085218/,Cc1ncnc(C)c1C(=O)N1CCC(C)(N2CCC(N3C(=O)N(C4CCOCC4)C[C@H]3c3ccccc3)CC2)CC1,Cc1ncnc(C)c1C(=O)N1CCC(C)(N2CCC(N3C(=O)N(C4CCOCC4)C[C@H]3c3ccccc3)CC2)CC1,Cc1ncnc(C)c1C(=O)N1CCC(C)(N2CCC(N3C(=O)N(C4CCOCC4)CC3c3ccccc3)CC2)CC1,CAXOWROVDBCIRL-NDEPHWFRSA-N,CAXOWROVDBCIRL,eligible,560.743,4.21,82.11,0,6,5,41,6,0.5451,0,1,1
LIB_CAXSWFRSVVXNEL,ChEMBL,CHEMBL106680,CHEMBL106680,https://www.ebi.ac.uk/chembl/compound_report_card/CHEMBL106680/,O=C(O)CCCCCCc1ccc(Cc2ccccn2)cc1,O=C(O)CCCCCCc1ccc(Cc2ccccn2)cc1,O=C(O)CCCCCCc1ccc(Cc2ccccn2)cc1,CAXSWFRSVVXNEL-UHFFFAOYSA-N,CAXSWFRSVVXNEL,eligible,297.398,4.25,50.19,1,2,9,22,2,0.7039,0,1,1
LIB_CAYIRJBJYNSWEQ,ChEMBL,CHEMBL103371,CHEMBL103371,https://www.ebi.ac.uk/chembl/compound_report_card/CHEMBL103371/,CN(C)CCc1c[nH]c2ccc(CCN3CCN(C)S3(=O)=O)cc12,CN(C)CCc1c[nH]c2ccc(CCN3CCN(C)S3(=O)=O)cc12,CN(C)CCc1c[nH]c2ccc(CCN3CCN(C)S3(=O)=O)cc12,CAYIRJBJYNSWEQ-UHFFFAOYSA-N,CAYIRJBJYNSWEQ,eligible,350.488,1.307,59.65,1,3,6,24,3,0.8544,0,1,1
LIB_CAZKVCVXCWPDNR,ChEMBL,CHEMBL1083897,CHEMBL1083897,https://www.ebi.ac.uk/chembl/compound_report_card/CHEMBL1083897/,C[C@H]1C[C@H](NC(=O)[C@@H]2C[C@@H](OC(=O)N3Cc4cccc(F)c4C3)CN2C(=O)[C@@H](NC(=O)OC2CCCC2)C(C)(C)C)B(O)O1,C[C@H]1C[C@H](NC(=O)C2C[C@@H](OC(=O)N3Cc4cccc(F)c4C3)CN2C(=O)C(NC(=O)OC2CCCC2)C(C)(C)C)B(O)O1,CC1CC(NC(=O)C2CC(OC(=O)N3Cc4cccc(F)c4C3)CN2C(=O)C(NC(=O)OC2CCCC2)C(C)(C)C)B(O)O1,CAZKVCVXCWPDNR-XKVIFPQUSA-N,CAZKVCVXCWPDNR,eligible,616.496,2.644,146.74,3,8,6,44,5,0.4139,0,1,1
LIB_CAZXYSDJORQGKT,ChEMBL,CHEMBL101045,CHEMBL101045,https://www.ebi.ac.uk/chembl/compound_report_card/CHEMBL101045/,COc1cc(OCC(O)CN2CCN(c3ccccc3O)CC2)cc(OC)c1OC,COc1cc(OCC(O)CN2CCN(c3ccccc3O)CC2)cc(OC)c1OC,COc1cc(OCC(O)CN2CCN(c3ccccc3O)CC2)cc(OC)c1OC,CAZXYSDJORQGKT-UHFFFAOYSA-N,CAZXYSDJORQGKT,eligible,418.49,1.98,83.86,2,8,9,30,3,0.6397,0,1,1
LIB_CBCCHQYMWKTUNK,ChEMBL,CHEMBL1075772,CHEMBL1075772,https://www.ebi.ac.uk/chembl/compound_report_card/CHEMBL1075772/,Cc1cc(OCc2nc(-c3ccc(Cl)cc3)cs2)ccc1OCC(=O)O,Cc1cc(OCc2nc(-c3ccc(Cl)cc3)cs2)ccc1OCC(=O)O,Cc1cc(OCc2nc(-c3ccc(Cl)cc3)cs2)ccc1OCC(=O)O,CBCCHQYMWKTUNK-UHFFFAOYSA-N,CBCCHQYMWKTUNK,eligible,389.86,4.814,68.65,1,5,7,26,3,0.6273,0,1,1
LIB_CBCCXWBWQDCXLH,ChEMBL,CHEMBL104442,CHEMBL104442,https://www.ebi.ac.uk/chembl/compound_report_card/CHEMBL104442/,CC(=O)OCCS(=O)(=O)c1ccc(S(N)(=O)=O)s1,CC(=O)OCCS(=O)(=O)c1ccc(S(N)(=O)=O)s1,CC(=O)OCCS(=O)(=O)c1ccc(S(N)(=O)=O)s1,CBCCXWBWQDCXLH-UHFFFAOYSA-N,CBCCXWBWQDCXLH,eligible,313.378,-0.268,120.6,1,7,5,18,1,0.7471,0,1,1
LIB_CBEQULMOCCWAQT,ChEMBL,CHEMBL3188034,CHEMBL3188034;CHEMBL855,https://www.ebi.ac.uk/chembl/compound_report_card/CHEMBL3188034/,Cc1ccc(/C(=C\CN2CCCC2)c2ccccn2)cc1.Cl.O,Cc1ccc(/C(=C\CN2CCCC2)c2ccccn2)cc1,Cc1ccc(C(=CCN2CCCC2)c2ccccn2)cc1,CBEQULMOCCWAQT-WOJGMQOQSA-N,CBEQULMOCCWAQT,eligible,278.399,3.918,16.13,0,2,4,21,3,0.8425,0,2,1
LIB_CBFPPSWDKRHSST,ChEMBL,CHEMBL1082218,CHEMBL1082218,https://www.ebi.ac.uk/chembl/compound_report_card/CHEMBL1082218/,COc1cc2c(cc1N)CC[C@@H]1[C@@H]2CC[C@]2(C)CCC[C@@H]12,COc1cc2c(cc1N)CC[C@@H]1[C@@H]2CC[C@]2(C)CCC[C@@H]12,COc1cc2c(cc1N)CCC1C2CCC2(C)CCCC12,CBFPPSWDKRHSST-MVWRLGRASA-N,CBFPPSWDKRHSST,eligible,285.431,4.524,35.25,1,2,1,21,4,0.7697,0,1,1
LIB_CBHCDHNUZWWAPP,ChEMBL,CHEMBL1712842,CHEMBL1712842;CHEMBL395110,https://www.ebi.ac.uk/chembl/compound_report_card/CHEMBL1712842/,CC(=O)O.CN1CCCC(CN2c3ccccc3Sc3ccccc32)C1,CN1CCCC(CN2c3ccccc3Sc3ccccc32)C1,CN1CCCC(CN2c3ccccc3Sc3ccccc32)C1,CBHCDHNUZWWAPP-UHFFFAOYSA-N,CBHCDHNUZWWAPP,eligible,310.466,4.631,6.48,0,3,2,22,4,0.7982,0,2,1
LIB_CBJBNXDBGFACAG,ChEMBL,CHEMBL1085508,CHEMBL1085508,https://www.ebi.ac.uk/chembl/compound_report_card/CHEMBL1085508/,COc1ccc(S(=O)(=O)N(Cc2ccc(-c3nnn[nH]3)c(F)c2)Cc2ccccn2)cc1,COc1ccc(S(=O)(=O)N(Cc2ccc(-c3nn[nH]n3)c(F)c2)Cc2ccccn2)cc1,COc1ccc(S(=O)(=O)N(Cc2ccc(-c3nn[nH]n3)c(F)c2)Cc2ccccn2)cc1,CBJBNXDBGFACAG-UHFFFAOYSA-N,CBJBNXDBGFACAG,eligible,454.487,2.801,113.96,1,7,8,32,4,0.4354,0,1,1
LIB_CBJPPBRKQOIGLI,ChEMBL,CHEMBL1084730,CHEMBL1084730,https://www.ebi.ac.uk/chembl/compound_report_card/CHEMBL1084730/,C[C@@H]1CN(C(=O)c2ccccc2)CCN1c1nnc(-c2ccc(C3CC3)cc2)c2ccccc12,C[C@@H]1CN(C(=O)c2ccccc2)CCN1c1nnc(-c2ccc(C3CC3)cc2)c2ccccc12,CC1CN(C(=O)c2ccccc2)CCN1c1nnc(-c2ccc(C3CC3)cc2)c2ccccc12,CBJPPBRKQOIGLI-HXUWFJFHSA-N,CBJPPBRKQOIGLI,eligible,448.57,5.525,49.33,0,4,4,34,6,0.4122,0,1,1
LIB_CBLAONNKBSJWDQ,ChEMBL,CHEMBL105825,CHEMBL105825,https://www.ebi.ac.uk/chembl/compound_report_card/CHEMBL105825/,CCN(CCCCN1C(=O)c2ccc([N+](=O)[O-])cc2C1=O)Cc1ccccc1,CCN(CCCCN1C(=O)c2ccc([N+](=O)[O-])cc2C1=O)Cc1ccccc1,CCN(CCCCN1C(=O)c2ccc([N+](=O)[O-])cc2C1=O)Cc1ccccc1,CBLAONNKBSJWDQ-UHFFFAOYSA-N,CBLAONNKBSJWDQ,eligible,381.432,3.493,83.76,0,5,9,28,3,0.2873,0,1,1
LIB_CBNHHPMBIUENPL,ChEMBL,CHEMBL108502,CHEMBL108502,https://www.ebi.ac.uk/chembl/compound_report_card/CHEMBL108502/,NS(=O)(=O)c1nnc(NC(=O)CCNS(=O)(=O)c2ccc(I)cc2)s1,NS(=O)(=O)c1nnc(NC(=O)CCNS(=O)(=O)c2ccc(I)cc2)s1,NS(=O)(=O)c1nnc(NC(=O)CCNS(=O)(=O)c2ccc(I)cc2)s1,CBNHHPMBIUENPL-UHFFFAOYSA-N,CBNHHPMBIUENPL,eligible,517.352,0.097,161.21,3,8,7,25,2,0.3467,0,1,1
LIB_CBNOGVWRWFAMFM,ChEMBL,CHEMBL106334,CHEMBL106334,https://www.ebi.ac.uk/chembl/compound_report_card/CHEMBL106334/,COc1ccccc1CN(CC(Cc1cccc2ccccc12)NC(=O)CN1CCN(c2ccccc2)CC1)C(C)=O,COc1ccccc1CN(CC(Cc1cccc2ccccc12)NC(=O)CN1CCN(c2ccccc2)CC1)C(C)=O,COc1ccccc1CN(CC(Cc1cccc2ccccc12)NC(=O)CN1CCN(c2ccccc2)CC1)C(C)=O,CBNOGVWRWFAMFM-UHFFFAOYSA-N,CBNOGVWRWFAMFM,eligible,564.73,4.747,65.12,1,5,11,42,5,0.285,0,1,1
LIB_CBNQOXMUNJAOJO,ChEMBL,CHEMBL1083619,CHEMBL1083619;CHEMBL1084820,https://www.ebi.ac.uk/chembl/compound_report_card/CHEMBL1083619/,C[C@@H](O)C(=O)NC1CC2(CCCCC2)Oc2nc(-c3ccccc3Cl)c(-c3ccc(Cl)cc3)cc21,CC(O)C(=O)NC1CC2(CCCCC2)Oc2nc(-c3ccccc3Cl)c(-c3ccc(Cl)cc3)cc21,CC(O)C(=O)NC1CC2(CCCCC2)Oc2nc(-c3ccccc3Cl)c(-c3ccc(Cl)cc3)cc21,CBNQOXMUNJAOJO-UHFFFAOYSA-N,CBNQOXMUNJAOJO,eligible,511.449,6.746,71.45,2,4,4,35,5,0.4068,0,2,1
LIB_CBOVMILAWSSPKZ,ChEMBL,CHEMBL1079509,CHEMBL1079509,https://www.ebi.ac.uk/chembl/compound_report_card/CHEMBL1079509/,O=C/C=C/C=C1/C(=O)O[C@H](/C=C/CO)[C@H]1O,O=C/C=C/C=C1/C(=O)O[C@H](/C=C/CO)[C@H]1O,O=CC=CC=C1C(=O)OC(C=CCO)C1O,CBOVMILAWSSPKZ-ISKCKYDESA-N,CBOVMILAWSSPKZ,eligible,224.212,-0.497,83.83,2,5,4,16,1,0.291,0,1,1
LIB_CBQGYUDMJHNJBX,ChEMBL,CHEMBL14370,CHEMBL14370,https://www.ebi.ac.uk/chembl/compound_report_card/CHEMBL14370/,CCOc1ccccc1OC(c1ccccc1)C1CNCCO1,CCOc1ccccc1OC(c1ccccc1)C1CNCCO1,CCOc1ccccc1OC(c1ccccc1)C1CNCCO1,CBQGYUDMJHNJBX-UHFFFAOYSA-N,CBQGYUDMJHNJBX,eligible,313.397,3.194,39.72,1,4,6,23,3,0.8889,0,1,1
LIB_CBQQSSIKINIQJI,ChEMBL,CHEMBL1077129,CHEMBL1077129,https://www.ebi.ac.uk/chembl/compound_report_card/CHEMBL1077129/,COc1cc2c(cc1Cl)C(c1cccc(Cl)c1F)=NCC2,COc1cc2c(cc1Cl)C(c1cccc(Cl)c1F)=NCC2,COc1cc2c(cc1Cl)C(c1cccc(Cl)c1F)=NCC2,CBQQSSIKINIQJI-UHFFFAOYSA-N,CBQQSSIKINIQJI,eligible,324.182,4.535,21.59,0,2,2,21,3,0.795,0,1,1
LIB_CBRJPFGIXUFMTM,ChEMBL,CHEMBL4085457,CHEMBL4085457;CHEMBL5314649,https://www.ebi.ac.uk/chembl/compound_report_card/CHEMBL4085457/,C=CC(=O)N1C[C@H](Nc2ncnc3[nH]ccc23)CC[C@@H]1C,C=CC(=O)N1C[C@H](Nc2ncnc3[nH]ccc23)CC[C@@H]1C,C=CC(=O)N1CC(Nc2ncnc3[nH]ccc23)CCC1C,CBRJPFGIXUFMTM-WDEREUQCSA-N,CBRJPFGIXUFMTM,eligible,285.351,1.935,73.91,2,4,3,21,3,0.8452,0,2,1
LIB_CBRMMSPVRYLGMR,ChEMBL,CHEMBL1080486,CHEMBL1080486,https://www.ebi.ac.uk/chembl/compound_report_card/CHEMBL1080486/,COc1cc(-c2ccccc2O)cc(OC)c1O,COc1cc(-c2ccccc2O)cc(OC)c1O,COc1cc(-c2ccccc2O)cc(OC)c1O,CBRMMSPVRYLGMR-UHFFFAOYSA-N,CBRMMSPVRYLGMR,eligible,246.262,2.782,58.92,2,4,3,18,2,0.8739,0,1,1
LIB_CBRSMMQFHKCNKQ,ChEMBL,CHEMBL1079412,CHEMBL1079412,https://www.ebi.ac.uk/chembl/compound_report_card/CHEMBL1079412/,O=C(c1cc(-c2ccccc2)nc(-c2ccccc2)c1)N1CCN(C2CCN(C(=O)N3CCOCC3)CC2)CC1,O=C(c1cc(-c2ccccc2)nc(-c2ccccc2)c1)N1CCN(C2CCN(C(=O)N3CCOCC3)CC2)CC1,O=C(c1cc(-c2ccccc2)nc(-c2ccccc2)c1)N1CCN(C2CCN(C(=O)N3CCOCC3)CC2)CC1,CBRSMMQFHKCNKQ-UHFFFAOYSA-N,CBRSMMQFHKCNKQ,eligible,539.68,4.09,69.22,0,5,4,40,6,0.4997,0,1,1
LIB_CBUSOBMIUISEJC,ChEMBL,CHEMBL101953,CHEMBL101953;CHEMBL101954,https://www.ebi.ac.uk/chembl/compound_report_card/CHEMBL101953/,CCC[C@H](NC(=O)[C@H](CC(C)C)NC(=O)[C@H](N)Cc1ccccc1)C(=O)NCC,CCCC(NC(=O)C(CC(C)C)NC(=O)C(N)Cc1ccccc1)C(=O)NCC,CCCC(NC(=O)C(CC(C)C)NC(=O)C(N)Cc1ccccc1)C(=O)NCC,CBUSOBMIUISEJC-UHFFFAOYSA-N,CBUSOBMIUISEJC,eligible,404.555,1.508,113.32,4,4,12,29,1,0.4228,0,2,1
LIB_CBVCZFGXHXORBI,ChEMBL,CHEMBL115,CHEMBL115;CHEMBL1735,https://www.ebi.ac.uk/chembl/compound_report_card/CHEMBL115/,CC(C)(C)NC(=O)[C@@H]1CN(Cc2cccnc2)CCN1C[C@@H](O)C[C@@H](Cc1ccccc1)C(=O)N[C@H]1c2ccccc2C[C@H]1O,CC(C)(C)NC(=O)C1CN(Cc2cccnc2)CCN1C[C@@H](O)CC(Cc1ccccc1)C(=O)N[C@H]1c2ccccc2C[C@H]1O,CC(C)(C)NC(=O)C1CN(Cc2cccnc2)CCN1CC(O)CC(Cc1ccccc1)C(=O)NC1c2ccccc2CC1O,CBVCZFGXHXORBI-IXVTTXLYSA-N,CBVCZFGXHXORBI,eligible,613.803,2.867,118.03,4,7,11,45,5,0.2628,0,2,1
LIB_CBXHPCHIRCAADU,ChEMBL,CHEMBL1087332,CHEMBL1087332,https://www.ebi.ac.uk/chembl/compound_report_card/CHEMBL1087332/,Cc1ccc(C)n1-c1n[nH]c(Nc2ccccc2)c1C(=O)Nc1ccc2c(c1)C(=O)c1ccccc1C2=O,Cc1ccc(C)n1-c1[nH]nc(Nc2ccccc2)c1C(=O)Nc1ccc2c(c1)C(=O)c1ccccc1C2=O,Cc1ccc(C)n1-c1[nH]nc(Nc2ccccc2)c1C(=O)Nc1ccc2c(c1)C(=O)c1ccccc1C2=O,CBXHPCHIRCAADU-UHFFFAOYSA-N,CBXHPCHIRCAADU,eligible,501.546,5.589,108.88,3,5,5,38,6,0.2854,0,1,1
LIB_CBYMJXSYCPSHQC,ChEMBL,CHEMBL1084582,CHEMBL1084582,https://www.ebi.ac.uk/chembl/compound_report_card/CHEMBL1084582/,C[C@@H]1CCCN1CCc1ccc2nc(-c3cn[nH]c3)ccc2c1,C[C@@H]1CCCN1CCc1ccc2nc(-c3cn[nH]c3)ccc2c1,CC1CCCN1CCc1ccc2nc(-c3cn[nH]c3)ccc2c1,CBYMJXSYCPSHQC-CQSZACIVSA-N,CBYMJXSYCPSHQC,eligible,306.413,3.652,44.81,1,3,4,23,4,0.8,0,1,1
LIB_CCAHIXQZCFSNLL,ChEMBL,CHEMBL102746,CHEMBL102746,https://www.ebi.ac.uk/chembl/compound_report_card/CHEMBL102746/,NCCNCCCCc1ccc(Nc2c3ccccc3nc3ccccc23)cc1,NCCNCCCCc1ccc(Nc2c3ccccc3nc3ccccc23)cc1,NCCNCCCCc1ccc(Nc2c3ccccc3nc3ccccc23)cc1,CCAHIXQZCFSNLL-UHFFFAOYSA-N,CCAHIXQZCFSNLL,eligible,384.527,5.003,62.97,3,4,9,29,4,0.2806,0,1,1
LIB_CCAIDGVYLWQFSQ,ChEMBL,CHEMBL103273,CHEMBL103273,https://www.ebi.ac.uk/chembl/compound_report_card/CHEMBL103273/,Cc1occc1/C(S)=N\c1ccc(Cl)c(OCC(C)(C)C)c1,Cc1occc1C(=S)Nc1ccc(Cl)c(OCC(C)(C)C)c1,Cc1occc1C(=S)Nc1ccc(Cl)c(OCC(C)(C)C)c1,CCAIDGVYLWQFSQ-UHFFFAOYSA-N,CCAIDGVYLWQFSQ,eligible,337.872,5.454,34.4,1,3,4,22,2,0.7517,0,1,1
LIB_CCAKCPJSKBQNCZ,ChEMBL,CHEMBL1086998,CHEMBL1086998,https://www.ebi.ac.uk/chembl/compound_report_card/CHEMBL1086998/,COc1ccc(CN(Cc2ccc(C(F)(F)F)cc2)Cc2ccc(O)c3ncccc23)c2cccnc12,COc1ccc(CN(Cc2ccc(C(F)(F)F)cc2)Cc2ccc(O)c3ncccc23)c2cccnc12,COc1ccc(CN(Cc2ccc(C(F)(F)F)cc2)Cc2ccc(O)c3ncccc23)c2cccnc12,CCAKCPJSKBQNCZ-UHFFFAOYSA-N,CCAKCPJSKBQNCZ,eligible,503.524,6.718,58.48,1,5,7,37,5,0.2673,0,1,1
LIB_CCCKJPGFLXNAOM,ChEMBL,CHEMBL1075632,CHEMBL1075632,https://www.ebi.ac.uk/chembl/compound_report_card/CHEMBL1075632/,Clc1ncc([C@H]2C[C@@H]3CC[C@H]2N3)cc1-c1ccccc1,Clc1ncc([C@H]2C[C@@H]3CC[C@H]2N3)cc1-c1ccccc1,Clc1ncc(C2CC3CCC2N3)cc1-c1ccccc1,CCCKJPGFLXNAOM-SQWLQELKSA-N,CCCKJPGFLXNAOM,eligible,284.79,4.01,24.92,1,2,2,20,4,0.843,0,1,1
LIB_CCCMIDUAEDVYME,ChEMBL,CHEMBL1079538,CHEMBL1079538,https://www.ebi.ac.uk/chembl/compound_report_card/CHEMBL1079538/,FC(F)(F)c1cnc2[nH]c(Nc3ccc(CCNc4ncnc5ccsc45)cc3)nc2c1,FC(F)(F)c1cnc2[nH]c(Nc3ccc(CCNc4ncnc5ccsc45)cc3)nc2c1,FC(F)(F)c1cnc2[nH]c(Nc3ccc(CCNc4ncnc5ccsc45)cc3)nc2c1,CCCMIDUAEDVYME-UHFFFAOYSA-N,CCCMIDUAEDVYME,eligible,455.469,5.38,91.41,3,7,6,32,5,0.3185,0,1,1
LIB_CCFLBHDPAUAJMZ,ChEMBL,CHEMBL1085181,CHEMBL1085181,https://www.ebi.ac.uk/chembl/compound_report_card/CHEMBL1085181/,COc1ccc(NC(=O)/C=C/C(=O)O)cc1,COc1ccc(NC(=O)/C=C/C(=O)O)cc1,COc1ccc(NC(=O)C=CC(=O)O)cc1,CCFLBHDPAUAJMZ-VOTSOKGWSA-N,CCFLBHDPAUAJMZ,eligible,221.212,1.274,75.63,2,3,4,16,1,0.7506,0,1,1
LIB_CCHZXKUIBPNVKD,ChEMBL,CHEMBL100714,CHEMBL100714,https://www.ebi.ac.uk/chembl/compound_report_card/CHEMBL100714/,COc1ccc(Nc2ncnc3cc(OC)c(OC)cc23)cc1OC,COc1ccc(Nc2ncnc3cc(OC)c(OC)cc23)cc1OC,COc1ccc(Nc2ncnc3cc(OC)c(OC)cc23)cc1OC,CCHZXKUIBPNVKD-UHFFFAOYSA-N,CCHZXKUIBPNVKD,eligible,341.367,3.408,74.73,1,7,6,25,3,0.7362,0,1,1
LIB_CCIDXHRGBIOSBB,ChEMBL,CHEMBL108382,CHEMBL108382,https://www.ebi.ac.uk/chembl/compound_report_card/CHEMBL108382/,CCCN1Cc2cccc3[nH]c(=O)c(=O)n(c23)CC1C,CCCN1Cc2cccc3[nH]c(=O)c(=O)n(c23)CC1C,CCCN1Cc2cccc3[nH]c(=O)c(=O)n(c23)CC1C,CCIDXHRGBIOSBB-UHFFFAOYSA-N,CCIDXHRGBIOSBB,eligible,273.336,1.304,58.1,1,3,2,20,3,0.8392,0,1,1
LIB_CCIFLNXCPDRQNY,ChEMBL,CHEMBL1079855,CHEMBL1079855,https://www.ebi.ac.uk/chembl/compound_report_card/CHEMBL1079855/,CC#CCOc1ccc(/C=C/C(=O)Nc2ccccc2C(=O)O)cc1OC,CC#CCOc1ccc(/C=C/C(=O)Nc2ccccc2C(=O)O)cc1OC,CC#CCOc1ccc(C=CC(=O)Nc2ccccc2C(=O)O)cc1OC,CCIFLNXCPDRQNY-ZRDIBKRKSA-N,CCIFLNXCPDRQNY,eligible,365.385,3.447,84.86,2,4,7,27,2,0.5799,0,1,1
LIB_CCITXUSEXHWNOM,ChEMBL,CHEMBL106842,CHEMBL106842,https://www.ebi.ac.uk/chembl/compound_report_card/CHEMBL106842/,COc1ccccc1N1CCN(CC2CSc3nc4ccccc4c(=O)n32)CC1,COc1ccccc1N1CCN(CC2CSc3nc4ccccc4c(=O)n32)CC1,COc1ccccc1N1CCN(CC2CSc3nc4ccccc4c(=O)n32)CC1,CCITXUSEXHWNOM-UHFFFAOYSA-N,CCITXUSEXHWNOM,eligible,408.527,2.874,50.6,0,6,4,29,5,0.619,0,1,1
LIB_CCIUEYWVRCQMRD,ChEMBL,CHEMBL106111,CHEMBL106111,https://www.ebi.ac.uk/chembl/compound_report_card/CHEMBL106111/,N=C(N)c1cccc(C[C@H](NS(=O)(=O)c2ccc3ccccc3c2)C(=O)N2CCN(C=O)CC2)c1,N=C(N)c1cccc(CC(NS(=O)(=O)c2ccc3ccccc3c2)C(=O)N2CCN(C=O)CC2)c1,N=C(N)c1cccc(CC(NS(=O)(=O)c2ccc3ccccc3c2)C(=O)N2CCN(C=O)CC2)c1,CCIUEYWVRCQMRD-UHFFFAOYSA-N,CCIUEYWVRCQMRD,eligible,493.589,1.314,136.66,3,5,8,35,4,0.2469,0,1,1
LIB_CCJCVMIBMZIROX,ChEMBL,CHEMBL106541,CHEMBL106541,https://www.ebi.ac.uk/chembl/compound_report_card/CHEMBL106541/,CC(=O)Nc1ccc2cc3c(c4c2c1C(=O)N(CCN(C)C)C4=O)CCCC3,CC(=O)Nc1ccc2cc3c(c4c(=O)n(CCN(C)C)c(O)c1c24)=CCCC3,CC(=O)Nc1ccc2cc3c(c4c(=O)n(CCN(C)C)c(O)c1c24)=CCCC3,CCJCVMIBMZIROX-UHFFFAOYSA-N,CCJCVMIBMZIROX,eligible,379.46,2.216,74.57,2,4,4,28,4,0.729,0,1,1
LIB_CCJJPOCNADHZMF,ChEMBL,CHEMBL102113,CHEMBL102113,https://www.ebi.ac.uk/chembl/compound_report_card/CHEMBL102113/,CCN1c2ncc(CCc3ccnc(N)c3)cc2C(=O)N(C)c2ccc(Cl)nc21,CCN1c2ncc(CCc3ccnc(N)c3)cc2C(=O)N(C)c2ccc(Cl)nc21,CCN1c2ncc(CCc3ccnc(N)c3)cc2C(=O)N(C)c2ccc(Cl)nc21,CCJJPOCNADHZMF-UHFFFAOYSA-N,CCJJPOCNADHZMF,eligible,408.893,3.64,88.24,1,6,4,29,4,0.6628,0,1,1
LIB_CCJLDYTVWAENSM,ChEMBL,CHEMBL1079640,CHEMBL1079640,https://www.ebi.ac.uk/chembl/compound_report_card/CHEMBL1079640/,Cc1ccc(-c2nnc(SCCCN3C[C@@H]4C[C@]4(c4ccc(C(F)(F)F)cc4)C3)n2C)cn1,Cc1ccc(-c2nnc(SCCCN3C[C@@H]4C[C@]4(c4ccc(C(F)(F)F)cc4)C3)n2C)cn1,Cc1ccc(-c2nnc(SCCCN3CC4CC4(c4ccc(C(F)(F)F)cc4)C3)n2C)cn1,CCJLDYTVWAENSM-NZQKXSOJSA-N,CCJLDYTVWAENSM,eligible,473.568,4.96,46.84,0,5,7,33,5,0.3586,0,1,1
LIB_CCKUBZYLHDWCAL,ChEMBL,CHEMBL1078668,CHEMBL1078668,https://www.ebi.ac.uk/chembl/compound_report_card/CHEMBL1078668/,CC(=O)c1ccc(N2C(=O)CCC2=O)cc1,CC(=O)c1ccc(-n2c(O)ccc2O)cc1,CC(=O)c1ccc(-n2c(O)ccc2O)cc1,CCKUBZYLHDWCAL-UHFFFAOYSA-N,CCKUBZYLHDWCAL,eligible,217.224,2.091,62.46,2,3,2,16,2,0.7569,0,1,1
LIB_CCKWMCUOHJAVOL,ChEMBL,CHEMBL104679,CHEMBL104679,https://www.ebi.ac.uk/chembl/compound_report_card/CHEMBL104679/,O=c1cc(C(F)(F)F)c2ccc(O)cc2o1,O=c1cc(C(F)(F)F)c2ccc(O)cc2o1,O=c1cc(C(F)(F)F)c2ccc(O)cc2o1,CCKWMCUOHJAVOL-UHFFFAOYSA-N,CCKWMCUOHJAVOL,eligible,230.141,2.517,50.44,1,3,0,16,2,0.7072,0,1,1
LIB_CCLSSWNMCMQYPS,ChEMBL,CHEMBL100968,CHEMBL100968,https://www.ebi.ac.uk/chembl/compound_report_card/CHEMBL100968/,CCN1c2ncc(CCc3cncnc3)cc2C(=O)N(C)c2cccnc21,CCN1c2ncc(CCc3cncnc3)cc2C(=O)N(C)c2cccnc21,CCN1c2ncc(CCc3cncnc3)cc2C(=O)N(C)c2cccnc21,CCLSSWNMCMQYPS-UHFFFAOYSA-N,CCLSSWNMCMQYPS,eligible,360.421,2.8,75.11,0,6,4,27,4,0.7121,0,1,1
LIB_CCLYHFAXRYLZDZ,ChEMBL,CHEMBL1085630,CHEMBL1085630,https://www.ebi.ac.uk/chembl/compound_report_card/CHEMBL1085630/,CCCCCCCNC(=O)Oc1ccc2c(c1)C1CCN(CCC)C1C2,CCCCCCCNC(=O)Oc1ccc2c(c1)C1CCN(CCC)C1C2,CCCCCCCNC(=O)Oc1ccc2c(c1)C1CCN(CCC)C1C2,CCLYHFAXRYLZDZ-UHFFFAOYSA-N,CCLYHFAXRYLZDZ,eligible,358.526,4.869,41.57,1,3,9,26,3,0.6404,0,1,1
LIB_CCMONGNSGSFVFM,ChEMBL,CHEMBL107584,CHEMBL107584,https://www.ebi.ac.uk/chembl/compound_report_card/CHEMBL107584/,Oc1nc2nonc2nc1-c1ccc[nH]1,O=c1[nH]c2nonc2nc1-c1ccc[nH]1,O=c1[nH]c2nonc2nc1-c1ccc[nH]1,CCMONGNSGSFVFM-UHFFFAOYSA-N,CCMONGNSGSFVFM,eligible,203.161,0.301,100.46,2,5,1,15,3,0.592,0,1,1
LIB_CCNMVRNLMHBYSJ,ChEMBL,CHEMBL103291,CHEMBL103291,https://www.ebi.ac.uk/chembl/compound_report_card/CHEMBL103291/,CCOC(=O)C[C@H]1CN(C)CC[C@@H]1c1ccc(Cl)cc1,CCOC(=O)C[C@H]1CN(C)CC[C@@H]1c1ccc(Cl)cc1,CCOC(=O)CC1CN(C)CCC1c1ccc(Cl)cc1,CCNMVRNLMHBYSJ-DZGCQCFKSA-N,CCNMVRNLMHBYSJ,eligible,295.81,3.329,29.54,0,3,4,20,2,0.7981,0,1,1
LIB_CCNOUXJFCMJQGC,ChEMBL,CHEMBL102488,CHEMBL102488,https://www.ebi.ac.uk/chembl/compound_report_card/CHEMBL102488/,Br.CC(NC(=N)N/N=C/c1ccc(-c2cn3ccccc3[n+]2C)cc1)c1ccco1.[Br-],CC(N=C(N)N/N=C/c1ccc(-c2cn3ccccc3[n+]2C)cc1)c1ccco1,CC(N=C(N)NN=Cc1ccc(-c2cn3ccccc3[n+]2C)cc1)c1ccco1,CCNOUXJFCMJQGC-ZVHZXABRSA-N,CCNOUXJFCMJQGC,eligible,387.467,3.023,84.2,2,3,5,29,4,0.2389,1,1,1
LIB_CCOADJMPSXNLSS,ChEMBL,CHEMBL103909,CHEMBL103909,https://www.ebi.ac.uk/chembl/compound_report_card/CHEMBL103909/,Nc1ncnc2nc(-c3ccc(N4CCC(O)(C5CCOC5=O)CC4)nc3)cc(-c3cccc(Br)c3)c12,Nc1ncnc2nc(-c3ccc(N4CCC(O)(C5CCOC5=O)CC4)nc3)cc(-c3cccc(Br)c3)c12,Nc1ncnc2nc(-c3ccc(N4CCC(O)(C5CCOC5=O)CC4)nc3)cc(-c3cccc(Br)c3)c12,CCOADJMPSXNLSS-UHFFFAOYSA-N,CCOADJMPSXNLSS,eligible,561.44,3.993,127.35,2,9,4,37,6,0.3557,0,1,1
LIB_CCOQWVUQXNRKKP,ChEMBL,CHEMBL106158,CHEMBL106158;CHEMBL106570;CHEMBL108649,https://www.ebi.ac.uk/chembl/compound_report_card/CHEMBL106158/,C/N=C(\NC#N)NC[C@@H]1CC[C@H](c2c[nH]cn2)O1,CN=C(NC#N)NC[C@@H]1CC[C@H](c2c[nH]cn2)O1,CN=C(NC#N)NCC1CCC(c2c[nH]cn2)O1,CCOQWVUQXNRKKP-WCBMZHEXSA-N,CCOQWVUQXNRKKP,eligible,248.29,0.276,98.12,3,4,3,18,2,0.3087,0,3,3
LIB_CCORXHDQQGYZAN,ChEMBL,CHEMBL108307,CHEMBL108307,https://www.ebi.ac.uk/chembl/compound_report_card/CHEMBL108307/,CCCCCC1c2[nH]c3ccccc3c2C[C@H]2C(=O)NC(C)C(=O)N12,CCCCCC1c2[nH]c3ccccc3c2CC2C(=O)NC(C)C(=O)N21,CCCCCC1c2[nH]c3ccccc3c2CC2C(=O)NC(C)C(=O)N21,CCORXHDQQGYZAN-UHFFFAOYSA-N,CCORXHDQQGYZAN,eligible,339.439,3.061,65.2,2,2,4,25,4,0.841,0,1,1
LIB_CCPSYWYRGCOAMY,ChEMBL,CHEMBL108079,CHEMBL108079,https://www.ebi.ac.uk/chembl/compound_report_card/CHEMBL108079/,CCC[C@H]1OC(=O)CCCCCCCCCCCCCC/C=C/C[C@H](O)[C@H](O)[C@@H](O)[C@H](O)[C@H](O)CNC1=O,CCCC1OC(=O)CCCCCCCCCCCCCC/C=C/C[C@H](O)[C@H](O)[C@@H](O)[C@H](O)[C@H](O)CNC1=O,CCCC1OC(=O)CCCCCCCCCCCCCCC=CCC(O)C(O)C(O)C(O)C(O)CNC1=O,CCPSYWYRGCOAMY-AVBXYOAQSA-N,CCPSYWYRGCOAMY,eligible,543.742,3.04,156.55,6,8,2,38,1,0.2292,0,1,1
LIB_CCRSFINJHYPQQP,ChEMBL,CHEMBL103139,CHEMBL103139,https://www.ebi.ac.uk/chembl/compound_report_card/CHEMBL103139/,Cc1c(OCC(O)C[C@@H](O)CC(=O)[O-])c(-c2ccc(F)cc2)nc2ccccc12.[Na+],Cc1c(OCC(O)C[C@@H](O)CC(=O)O)c(-c2ccc(F)cc2)nc2ccccc12,Cc1c(OCC(O)CC(O)CC(=O)O)c(-c2ccc(F)cc2)nc2ccccc12,CCRSFINJHYPQQP-TZHYSIJRSA-N,CCRSFINJHYPQQP,eligible,399.418,3.315,99.88,3,5,8,29,3,0.5374,0,1,1
LIB_CCRZCCDJXZJYHV,ChEMBL,CHEMBL106753,CHEMBL106753,https://www.ebi.ac.uk/chembl/compound_report_card/CHEMBL106753/,Br.CCSc1ccc2n(c1)cc(-c1ccc(/C=N/NC3=NCCN3)cc1)[n+]2C.[Br-],CCSc1ccc2n(c1)cc(-c1ccc(/C=N/NC3=NCCN3)cc1)[n+]2C,CCSc1ccc2n(c1)cc(-c1ccc(C=NNC3=NCCN3)cc1)[n+]2C,CCRZCCDJXZJYHV-FSJBWODESA-N,CCRZCCDJXZJYHV,eligible,379.513,2.426,57.07,2,5,5,27,4,0.3098,1,1,1
LIB_CCSCCHWFDTVWIO,ChEMBL,CHEMBL104119,CHEMBL104119,https://www.ebi.ac.uk/chembl/compound_report_card/CHEMBL104119/,O=C(Nc1ccc(OCCN2CCOCC2)c2ccccc12)Nc1ccnn1-c1ccccc1,O=C(Nc1ccc(OCCN2CCOCC2)c2ccccc12)Nc1ccnn1-c1ccccc1,O=C(Nc1ccc(OCCN2CCOCC2)c2ccccc12)Nc1ccnn1-c1ccccc1,CCSCCHWFDTVWIO-UHFFFAOYSA-N,CCSCCHWFDTVWIO,eligible,457.534,4.381,80.65,2,5,7,34,5,0.4305,0,1,1
LIB_CCTGNVBNHKJUGD,ChEMBL,CHEMBL100392,CHEMBL100392,https://www.ebi.ac.uk/chembl/compound_report_card/CHEMBL100392/,C1=C(c2ccc(-c3ccccc3)cc2)C2CCN1CC2,C1=C(c2ccc(-c3ccccc3)cc2)C2CCN1CC2,C1=C(c2ccc(-c3ccccc3)cc2)C2CCN1CC2,CCTGNVBNHKJUGD-UHFFFAOYSA-N,CCTGNVBNHKJUGD,eligible,261.368,4.42,3.24,0,1,2,20,5,0.7732,0,1,1
LIB_CCTOEXCQYMSSED,ChEMBL,CHEMBL1200853,CHEMBL1200853,https://www.ebi.ac.uk/chembl/compound_report_card/CHEMBL1200853/,CC(=O)[C@H]1CC[C@H]2[C@@H]3C=CC4=CC(=O)CC[C@@]4(C)[C@@H]3CC[C@]12C,CC(=O)C1CC[C@H]2C3=CC=C4CC(=O)CC[C@@]4(C)[C@@H]3CC[C@]12C,CC(=O)C1CCC2C3=CC=C4CC(=O)CCC4(C)C3CCC12C,CCTOEXCQYMSSED-AALCSNISSA-N,CCTOEXCQYMSSED,eligible,312.453,4.644,34.14,0,2,1,23,4,0.7064,0,1,1
LIB_CCTUIJCXTCZORF,ChEMBL,CHEMBL1081265,CHEMBL1081265,https://www.ebi.ac.uk/chembl/compound_report_card/CHEMBL1081265/,COc1ccccc1CNc1nc2c(S(=O)(=O)c3ccc(C)c(C)c3)nnn2c2ccc(Cl)cc12,COc1ccccc1CNc1nc2c(S(=O)(=O)c3ccc(C)c(C)c3)nnn2c2ccc(Cl)cc12,COc1ccccc1CNc1nc2c(S(=O)(=O)c3ccc(C)c(C)c3)nnn2c2ccc(Cl)cc12,CCTUIJCXTCZORF-UHFFFAOYSA-N,CCTUIJCXTCZORF,eligible,508.003,5.001,98.48,1,7,6,35,5,0.345,0,1,1
LIB_CCVPVWRCFWOFHO,ChEMBL,CHEMBL1081748,CHEMBL1081748,https://www.ebi.ac.uk/chembl/compound_report_card/CHEMBL1081748/,Cn1cc(-c2ccc(C(F)(F)P(=O)(O)O)cc2)cn1,Cn1cc(-c2ccc(C(F)(F)P(=O)(O)O)cc2)cn1,Cn1cc(-c2ccc(C(F)(F)P(=O)(O)O)cc2)cn1,CCVPVWRCFWOFHO-UHFFFAOYSA-N,CCVPVWRCFWOFHO,eligible,288.19,2.314,75.35,2,2,3,19,2,0.8498,0,1,1
LIB_CCXVQWDBHGEOJC,ChEMBL,CHEMBL1077638,CHEMBL1077638,https://www.ebi.ac.uk/chembl/compound_report_card/CHEMBL1077638/,CC(C)CN(C(=O)c1cccc(C(F)(F)F)c1Cl)[C@H]1CCNC1,CC(C)CN(C(=O)c1cccc(C(F)(F)F)c1Cl)[C@H]1CCNC1,CC(C)CN(C(=O)c1cccc(C(F)(F)F)c1Cl)C1CCNC1,CCXVQWDBHGEOJC-NSHDSACASA-N,CCXVQWDBHGEOJC,eligible,348.796,3.819,32.34,1,2,4,23,2,0.8968,0,1,1
LIB_CCYHKRWGLAJQTB,ChEMBL,CHEMBL107641,CHEMBL107641,https://www.ebi.ac.uk/chembl/compound_report_card/CHEMBL107641/,CC(=O)N(O)c1ccc(O)cc1,CC(=O)N(O)c1ccc(O)cc1,CC(=O)N(O)c1ccc(O)cc1,CCYHKRWGLAJQTB-UHFFFAOYSA-N,CCYHKRWGLAJQTB,eligible,167.164,1.134,60.77,2,3,1,12,1,0.4866,0,1,1
LIB_CCYLXRZCCYTEPD,ChEMBL,CHEMBL1076700,CHEMBL1076700,https://www.ebi.ac.uk/chembl/compound_report_card/CHEMBL1076700/,Cc1cc(Nc2nc3cccc(-c4cc(F)c(CN5CCOCC5)c(F)c4)c3o2)ccc1C(=O)NCCCN(C)C,Cc1cc(Nc2nc3cccc(-c4cc(F)c(CN5CCOCC5)c(F)c4)c3o2)ccc1C(=O)NCCCN(C)C,Cc1cc(Nc2nc3cccc(-c4cc(F)c(CN5CCOCC5)c(F)c4)c3o2)ccc1C(=O)NCCCN(C)C,CCYLXRZCCYTEPD-UHFFFAOYSA-N,CCYLXRZCCYTEPD,eligible,563.649,5.339,82.87,2,7,10,41,5,0.2522,0,1,1
LIB_CCYQBXNKMZQPGV,ChEMBL,CHEMBL1079352,CHEMBL1079352,https://www.ebi.ac.uk/chembl/compound_report_card/CHEMBL1079352/,CC(C)[C@@H](C#N)NC(=O)[C@@H](N)Cc1cccs1,CC(C)[C@@H](C#N)NC(=O)C(N)Cc1cccs1,CC(C)C(C#N)NC(=O)C(N)Cc1cccs1,CCYQBXNKMZQPGV-RRKGBCIJSA-N,CCYQBXNKMZQPGV,eligible,251.355,1.282,78.91,2,4,5,17,1,0.8271,0,1,1
LIB_CCZXUYRSGKPBHZ,ChEMBL,CHEMBL100725,CHEMBL100725;CHEMBL101737,https://www.ebi.ac.uk/chembl/compound_report_card/CHEMBL100725/,COc1ccc(/C=C/C(=O)NCCCCN=C(N)N)cc1OC.CS(=O)(=O)O,COc1ccc(/C=C/C(=O)NCCCCN=C(N)N)cc1OC,COc1ccc(C=CC(=O)NCCCCN=C(N)N)cc1OC,CCZXUYRSGKPBHZ-SOFGYWHQSA-N,CCZXUYRSGKPBHZ,eligible,320.393,0.887,111.96,3,4,9,23,1,0.2706,0,2,1
LIB_CDBMCUQFHUFMNE,ChEMBL,CHEMBL1080855,CHEMBL1080855,https://www.ebi.ac.uk/chembl/compound_report_card/CHEMBL1080855/,COc1ccc(/C=C/C(=O)NC(=N)N/N=C/c2ccc(O)cc2)cc1,COc1ccc(C=CC(=O)N=C(N)NN=Cc2ccc(O)cc2)cc1,COc1ccc(C=CC(=O)N=C(N)NN=Cc2ccc(O)cc2)cc1,CDBMCUQFHUFMNE-UHFFFAOYSA-N,CDBMCUQFHUFMNE,eligible,338.367,1.879,109.3,3,4,5,25,2,0.3337,0,1,1
LIB_CDCCTZJZHTUCLT,ChEMBL,CHEMBL1086847,CHEMBL1086847,https://www.ebi.ac.uk/chembl/compound_report_card/CHEMBL1086847/,Nc1nc(-c2nccs2)c2c(n1)-c1ccccc1C2=O,Nc1nc(-c2nccs2)c2c(n1)-c1ccccc1C2=O,Nc1nc(-c2nccs2)c2c(n1)-c1ccccc1C2=O,CDCCTZJZHTUCLT-UHFFFAOYSA-N,CDCCTZJZHTUCLT,eligible,280.312,2.394,81.76,1,6,1,20,4,0.5786,0,1,1
LIB_CDCHDCWJMGXXRH,ChEMBL,CHEMBL285674,CHEMBL285674,https://www.ebi.ac.uk/chembl/compound_report_card/CHEMBL285674/,Clc1ccc2c(c1)C(c1ccccc1)=NCc1nncn1-2,Clc1ccc2c(c1)C(c1ccccc1)=NCc1nncn1-2,Clc1ccc2c(c1)C(c1ccccc1)=NCc1nncn1-2,CDCHDCWJMGXXRH-UHFFFAOYSA-N,CDCHDCWJMGXXRH,eligible,294.745,3.272,43.07,0,3,1,21,4,0.6911,0,1,1
LIB_CDCPGNZUXREYIH,ChEMBL,CHEMBL102998,CHEMBL102998,https://www.ebi.ac.uk/chembl/compound_report_card/CHEMBL102998/,CCOc1cncc(C2CN3CCC2CC3)n1,CCOc1cncc(C2CN3CCC2CC3)n1,CCOc1cncc(C2CN3CCC2CC3)n1,CDCPGNZUXREYIH-UHFFFAOYSA-N,CDCPGNZUXREYIH,eligible,233.315,1.684,38.25,0,4,3,17,4,0.7959,0,1,1
LIB_CDDJNPZYBJNIRP,ChEMBL,CHEMBL1080506,CHEMBL1080506,https://www.ebi.ac.uk/chembl/compound_report_card/CHEMBL1080506/,Cc1c(C(=O)NCCN2CCOCC2)[nH]c2cnnc(Nc3ccc(OCc4cccc(F)c4)c(Cl)c3)c12,Cc1c(C(=O)NCCN2CCOCC2)[nH]c2cnnc(Nc3ccc(OCc4cccc(F)c4)c(Cl)c3)c12,Cc1c(C(=O)NCCN2CCOCC2)[nH]c2cnnc(Nc3ccc(OCc4cccc(F)c4)c(Cl)c3)c12,CDDJNPZYBJNIRP-UHFFFAOYSA-N,CDDJNPZYBJNIRP,eligible,539.011,4.443,104.4,3,7,9,38,5,0.2892,0,1,1
LIB_CDDLDCBIWHFTJE,ChEMBL,CHEMBL1079477,CHEMBL1079477,https://www.ebi.ac.uk/chembl/compound_report_card/CHEMBL1079477/,COc1ccc(C2C3CCCC(C3=NOCc3ccccc3)C(c3ccc(OC)cc3)N2C)cc1,COc1ccc(C2C3CCCC(C3=NOCc3ccccc3)C(c3ccc(OC)cc3)N2C)cc1,COc1ccc(C2C3CCCC(C3=NOCc3ccccc3)C(c3ccc(OC)cc3)N2C)cc1,CDDLDCBIWHFTJE-UHFFFAOYSA-N,CDDLDCBIWHFTJE,eligible,470.613,6.421,43.29,0,5,7,35,5,0.3738,0,1,1
LIB_CDEMPVAVCVUISU,ChEMBL,CHEMBL105682,CHEMBL105682,https://www.ebi.ac.uk/chembl/compound_report_card/CHEMBL105682/,CCNCCNC1c2cc(OC)ccc2OCc2ncccc21,CCNCCNC1c2cc(OC)ccc2OCc2ncccc21,CCNCCNC1c2cc(OC)ccc2OCc2ncccc21,CDEMPVAVCVUISU-UHFFFAOYSA-N,CDEMPVAVCVUISU,eligible,313.401,2.271,55.41,2,5,6,23,3,0.8014,0,1,1
LIB_CDEVBWPFXJVAJS,ChEMBL,CHEMBL105514,CHEMBL105514,https://www.ebi.ac.uk/chembl/compound_report_card/CHEMBL105514/,COc1cc(O[C@H](C)c2cc[n+]([O-])cc2)c(F)cc1C(=O)N1CCC(N2C(=O)OCc3ccccc32)CC1,COc1cc(O[C@H](C)c2cc[n+]([O-])cc2)c(F)cc1C(=O)N1CCC(N2C(=O)OCc3ccccc32)CC1,COc1cc(OC(C)c2cc[n+]([O-])cc2)c(F)cc1C(=O)N1CCC(N2C(=O)OCc3ccccc32)CC1,CDEVBWPFXJVAJS-GOSISDBHSA-N,CDEVBWPFXJVAJS,eligible,521.545,4.369,95.25,0,6,6,38,5,0.3533,0,1,1
LIB_CDFLYVBMPYARQF,ChEMBL,CHEMBL105170,CHEMBL105170,https://www.ebi.ac.uk/chembl/compound_report_card/CHEMBL105170/,Br.Cc1ccn2cc(-c3ccc(/C=N/NC4=NCCCN4)cc3)[n+](C)c2c1.[Br-],Cc1ccn2cc(-c3ccc(/C=N/NC4=NCCCN4)cc3)[n+](C)c2c1,Cc1ccn2cc(-c3ccc(C=NNC4=NCCCN4)cc3)[n+](C)c2c1,CDFLYVBMPYARQF-YDZHTSKRSA-N,CDFLYVBMPYARQF,eligible,347.446,2.012,57.07,2,4,3,26,4,0.4326,1,1,1
LIB_CDGFAAZFRCAPHG,ChEMBL,CHEMBL1079158,CHEMBL1079158,https://www.ebi.ac.uk/chembl/compound_report_card/CHEMBL1079158/,CS[C@@]12CC3=COC=C[C@H](OC(C)=O)[C@H]3N1C[C@]1(SC)CC3=COC=C[C@H](O)[C@H]3N1C2,CS[C@@]12CC3=COC=C[C@H](OC(C)=O)[C@H]3N1C[C@]1(SC)CC3=COC=C[C@H](O)[C@H]3N1C2,CSC12CC3=COC=CC(O)C3N1CC1(SC)CC3=COC=CC(OC(C)=O)C3N1C2,CDGFAAZFRCAPHG-PCPGVINSSA-N,CDGFAAZFRCAPHG,eligible,464.609,2.415,71.47,1,9,3,31,5,0.6342,0,1,1
LIB_CDHNVTRRQNLWKA,ChEMBL,CHEMBL1200563,CHEMBL1200563;CHEMBL1477,https://www.ebi.ac.uk/chembl/compound_report_card/CHEMBL1200563/,COCc1c(C(C)C)nc(C(C)C)c(/C=C/[C@@H](O)C[C@@H](O)CC(=O)[O-])c1-c1ccc(F)cc1.[Na+],COCc1c(-c2ccc(F)cc2)c(=CC[C@@H](O)C[C@@H](O)CC(=O)O)c(C(C)C)nc1=C(C)C,COCc1c(-c2ccc(F)cc2)c(=CCC(O)CC(O)CC(=O)O)c(C(C)C)nc1=C(C)C,CDHNVTRRQNLWKA-WOJBJXKFSA-N,CDHNVTRRQNLWKA,eligible,459.558,3.105,99.88,3,5,10,33,2,0.5049,0,2,1
LIB_CDIKWBBBDYSPBG,ChEMBL,CHEMBL1082732,CHEMBL1082732;CHEMBL1082733,https://www.ebi.ac.uk/chembl/compound_report_card/CHEMBL1082732/,CC[C@@H](O)CC12C3CC4C5[C@@H](C)/C(=C6/OC(=O)C(C)=C6OC)O[C@]5(O3)C1CCN42,CC[C@@H](O)CC12C3CC4C5C(C)=C(c6oc(O)c(C)c6OC)O[C@]5(O3)C1CCN42,CCC(O)CC12C3CC4C5C(C)=C(c6oc(O)c(C)c6OC)OC5(O3)C1CCN42,CDIKWBBBDYSPBG-PQXRRLMRSA-N,CDIKWBBBDYSPBG,eligible,403.475,2.782,84.53,2,7,5,29,6,0.782,0,2,2
LIB_CDJBWPMAVJSWPS,ChEMBL,CHEMBL105395,CHEMBL105395,https://www.ebi.ac.uk/chembl/compound_report_card/CHEMBL105395/,N=C(N)c1ccc2cc(C(=O)Nc3ccccc3)cc(C3CCOC3)c2c1,N=C(N)c1ccc2cc(C(=O)Nc3ccccc3)cc(C3CCOC3)c2c1,N=C(N)c1ccc2cc(C(=O)Nc3ccccc3)cc(C3CCOC3)c2c1,CDJBWPMAVJSWPS-UHFFFAOYSA-N,CDJBWPMAVJSWPS,eligible,359.429,3.88,88.2,3,3,4,27,4,0.4878,0,1,1
LIB_CDJWQJCSZSNKSF,ChEMBL,CHEMBL1087272,CHEMBL1087272,https://www.ebi.ac.uk/chembl/compound_report_card/CHEMBL1087272/,COc1ccc(-c2nnc(-c3ccc(F)c(F)c3F)o2)c(F)c1,COc1ccc(-c2nnc(-c3ccc(F)c(F)c3F)o2)c(F)c1,COc1ccc(-c2nnc(-c3ccc(F)c(F)c3F)o2)c(F)c1,CDJWQJCSZSNKSF-UHFFFAOYSA-N,CDJWQJCSZSNKSF,eligible,324.233,3.969,48.15,0,4,3,23,3,0.5402,0,1,1
LIB_CDKWKTKYTBQOLG,ChEMBL,CHEMBL101559,CHEMBL101559,https://www.ebi.ac.uk/chembl/compound_report_card/CHEMBL101559/,N=C(N)c1ccc2c(ccn2Cc2ccc([N+](=O)[O-])cc2N)c1,N=C(N)c1ccc2c(ccn2Cc2ccc([N+](=O)[O-])cc2N)c1,N=C(N)c1ccc2c(ccn2Cc2ccc([N+](=O)[O-])cc2N)c1,CDKWKTKYTBQOLG-UHFFFAOYSA-N,CDKWKTKYTBQOLG,eligible,309.329,2.464,123.96,3,4,4,23,3,0.225,0,1,1
LIB_CDLKMCNDJHVLFG,ChEMBL,CHEMBL1084628,CHEMBL1084628,https://www.ebi.ac.uk/chembl/compound_report_card/CHEMBL1084628/,NS(=O)(=O)c1ccc(Nc2ncc3c(n2)-c2ccc(NC(=O)Cc4ccsc4)cc2CC3)cc1,NS(=O)(=O)c1ccc(Nc2ncc3c(n2)-c2ccc(NC(=O)Cc4ccsc4)cc2CC3)cc1,NS(=O)(=O)c1ccc(Nc2ncc3c(n2)-c2ccc(NC(=O)Cc4ccsc4)cc2CC3)cc1,CDLKMCNDJHVLFG-UHFFFAOYSA-N,CDLKMCNDJHVLFG,eligible,491.598,3.876,127.07,3,7,6,34,5,0.3757,0,1,1
LIB_CDMGBJANTYXAIV,ChEMBL,CHEMBL10,CHEMBL10,https://www.ebi.ac.uk/chembl/compound_report_card/CHEMBL10/,C[S+]([O-])c1ccc(-c2nc(-c3ccc(F)cc3)c(-c3ccncc3)[nH]2)cc1,C[S+]([O-])c1ccc(-c2nc(-c3ccc(F)cc3)c(-c3ccncc3)[nH]2)cc1,C[S+]([O-])c1ccc(-c2nc(-c3ccc(F)cc3)c(-c3ccncc3)[nH]2)cc1,CDMGBJANTYXAIV-UHFFFAOYSA-N,CDMGBJANTYXAIV,eligible,377.444,4.682,64.63,1,3,4,27,4,0.5252,0,1,1
LIB_CDNGRGMJUYPNGR,ChEMBL,CHEMBL108316,CHEMBL108316,https://www.ebi.ac.uk/chembl/compound_report_card/CHEMBL108316/,O=C(CCn1c2c(c(=O)[nH]c1=O)CSCC2)NCC(=O)N1CCN(c2ncncn2)CC1,O=C(CCn1c2c(c(=O)[nH]c1=O)CSCC2)NCC(=O)N1CCN(c2ncncn2)CC1,O=C(CCn1c2c(c(=O)[nH]c1=O)CSCC2)NCC(=O)N1CCN(c2ncncn2)CC1,CDNGRGMJUYPNGR-UHFFFAOYSA-N,CDNGRGMJUYPNGR,eligible,460.52,-1.634,146.18,2,9,6,32,4,0.5184,0,1,1
LIB_CDODPCDVFQGXAS,ChEMBL,CHEMBL1084214,CHEMBL1084214,https://www.ebi.ac.uk/chembl/compound_report_card/CHEMBL1084214/,COc1cc(C)c(S(=O)(=O)N2CC(C(=O)N(C)C3CCN(C)CC3)c3ccccc32)c(C)c1C,COc1cc(C)c(S(=O)(=O)N2CC(C(=O)N(C)C3CCN(C)CC3)c3ccccc32)c(C)c1C,COc1cc(C)c(S(=O)(=O)N2CC(C(=O)N(C)C3CCN(C)CC3)c3ccccc32)c(C)c1C,CDODPCDVFQGXAS-UHFFFAOYSA-N,CDODPCDVFQGXAS,eligible,485.65,3.466,70.16,0,5,5,34,4,0.6488,0,1,1
LIB_CDOPZZJFMUYVKP,ChEMBL,CHEMBL1084293,CHEMBL1084293,https://www.ebi.ac.uk/chembl/compound_report_card/CHEMBL1084293/,CC(C)(C)COc1nc(C(F)(F)F)ccc1CNC(=O)Nc1cccc2[nH]ncc12,CC(C)(C)COc1nc(C(F)(F)F)ccc1CNC(=O)Nc1cccc2[nH]ncc12,CC(C)(C)COc1nc(C(F)(F)F)ccc1CNC(=O)Nc1cccc2[nH]ncc12,CDOPZZJFMUYVKP-UHFFFAOYSA-N,CDOPZZJFMUYVKP,eligible,421.423,4.723,91.93,3,4,5,30,3,0.5557,0,1,1
LIB_CDOSRLXPFHPFFJ,ChEMBL,CHEMBL104484,CHEMBL104484,https://www.ebi.ac.uk/chembl/compound_report_card/CHEMBL104484/,CN1CCC(c2c[nH]c3ccc(NC(=O)c4ccc(C#N)cc4)nc23)CC1,CN1CCC(c2c[nH]c3ccc(NC(=O)c4ccc(C#N)cc4)nc23)CC1,CN1CCC(c2c[nH]c3ccc(NC(=O)c4ccc(C#N)cc4)nc23)CC1,CDOSRLXPFHPFFJ-UHFFFAOYSA-N,CDOSRLXPFHPFFJ,eligible,359.433,3.496,84.81,2,4,3,27,4,0.7495,0,1,1
LIB_CDOZDBSBBXSXLB,ChEMBL,CHEMBL1200970,CHEMBL1200970;CHEMBL1206,https://www.ebi.ac.uk/chembl/compound_report_card/CHEMBL1200970/,CCN(CC)C(C)CN1c2ccccc2Sc2ccccc21.Cl,CCN(CC)C(C)CN1c2ccccc2Sc2ccccc21,CCN(CC)C(C)CN1c2ccccc2Sc2ccccc21,CDOZDBSBBXSXLB-UHFFFAOYSA-N,CDOZDBSBBXSXLB,eligible,312.482,5.02,6.48,0,3,5,22,3,0.7652,0,2,1
LIB_CDPYJPHBGSGNJS,ChEMBL,CHEMBL104067,CHEMBL104067,https://www.ebi.ac.uk/chembl/compound_report_card/CHEMBL104067/,COc1cc2ncnc(N3CCN(C(=O)Nc4ccc(C(C)C)cc4)CC3)c2cc1OC,COc1cc2ncnc(N3CCN(C(=O)Nc4ccc(C(C)C)cc4)CC3)c2cc1OC,COc1cc2ncnc(N3CCN(C(=O)Nc4ccc(C(C)C)cc4)CC3)c2cc1OC,CDPYJPHBGSGNJS-UHFFFAOYSA-N,CDPYJPHBGSGNJS,eligible,435.528,4.125,79.82,1,6,5,32,4,0.6493,0,1,1
LIB_CDQZCZAGICCBJA,ChEMBL,CHEMBL1079192,CHEMBL1079192,https://www.ebi.ac.uk/chembl/compound_report_card/CHEMBL1079192/,O=C(O)c1cccc(Cc2ccc3ccn(Cc4cccc(C(=O)O)c4)c3c2)c1,O=C(O)c1cccc(Cc2ccc3ccn(Cc4cccc(C(=O)O)c4)c3c2)c1,O=C(O)c1cccc(Cc2ccc3ccn(Cc4cccc(C(=O)O)c4)c3c2)c1,CDQZCZAGICCBJA-UHFFFAOYSA-N,CDQZCZAGICCBJA,eligible,385.419,4.677,79.53,2,2,6,29,4,0.5052,0,1,1
LIB_CDSGSEYGSWGVOJ,ChEMBL,CHEMBL1080121,CHEMBL1080121,https://www.ebi.ac.uk/chembl/compound_report_card/CHEMBL1080121/,COc1cc(-c2ccccc2)cc(O)c1O,COc1cc(-c2ccccc2)cc(O)c1O,COc1cc(-c2ccccc2)cc(O)c1O,CDSGSEYGSWGVOJ-UHFFFAOYSA-N,CDSGSEYGSWGVOJ,eligible,216.236,2.773,49.69,2,3,2,16,2,0.7587,0,1,1
LIB_CDUCLUZYLNLKKW,ChEMBL,CHEMBL1076504,CHEMBL1076504,https://www.ebi.ac.uk/chembl/compound_report_card/CHEMBL1076504/,CC(C)NC(=O)c1nc(NCc2cccnc2)nc2ccsc12,CC(C)NC(=O)c1nc(NCc2cccnc2)nc2ccsc12,CC(C)NC(=O)c1nc(NCc2cccnc2)nc2ccsc12,CDUCLUZYLNLKKW-UHFFFAOYSA-N,CDUCLUZYLNLKKW,eligible,327.413,2.837,79.8,2,6,5,23,3,0.7531,0,1,1
LIB_CDWKGHYIXLZPJA,ChEMBL,CHEMBL1085734,CHEMBL1085734,https://www.ebi.ac.uk/chembl/compound_report_card/CHEMBL1085734/,Cc1nc(Nc2c(Cl)cc(S(C)(=O)=O)cc2Cl)c(=O)n(C(C)C2CC2)n1,Cc1nc(Nc2c(Cl)cc(S(C)(=O)=O)cc2Cl)c(=O)n(C(C)C2CC2)n1,Cc1nc(Nc2c(Cl)cc(S(C)(=O)=O)cc2Cl)c(=O)n(C(C)C2CC2)n1,CDWKGHYIXLZPJA-UHFFFAOYSA-N,CDWKGHYIXLZPJA,eligible,417.318,3.372,93.95,1,6,5,26,3,0.8019,0,1,1
LIB_CDXAFUOOQBRUGE,ChEMBL,CHEMBL1079705,CHEMBL1079705,https://www.ebi.ac.uk/chembl/compound_report_card/CHEMBL1079705/,N#C[C@@H]1CSCN1C(=O)CN(N)C1CCN(CC(=O)Nc2ncc(Br)s2)CC1.O=C(O)C(F)(F)F,N#C[C@@H]1CSCN1C(=O)CN(N)C1CCN(CC(=O)Nc2ncc(Br)s2)CC1,N#CC1CSCN1C(=O)CN(N)C1CCN(CC(=O)Nc2ncc(Br)s2)CC1,CDXAFUOOQBRUGE-GFCCVEGCSA-N,CDXAFUOOQBRUGE,eligible,488.437,0.909,118.59,2,9,6,28,3,0.4483,0,1,1
LIB_CDXBGFFPULMAJJ,ChEMBL,CHEMBL1079976,CHEMBL1079976,https://www.ebi.ac.uk/chembl/compound_report_card/CHEMBL1079976/,CN1CCCC(n2cc(S(=O)(=O)c3cccc4ccccc34)c3ccccc32)C1,CN1CCCC(n2cc(S(=O)(=O)c3cccc4ccccc34)c3ccccc32)C1,CN1CCCC(n2cc(S(=O)(=O)c3cccc4ccccc34)c3ccccc32)C1,CDXBGFFPULMAJJ-UHFFFAOYSA-N,CDXBGFFPULMAJJ,eligible,404.535,4.894,42.31,0,3,3,29,5,0.488,0,1,1
LIB_CDXPHKZZTSAFAG,ChEMBL,CHEMBL107725,CHEMBL107725,https://www.ebi.ac.uk/chembl/compound_report_card/CHEMBL107725/,CC(C)CC/N=C(\NC#N)Nc1cc(F)cc(F)c1,CC(C)CCN=C(NC#N)Nc1cc(F)cc(F)c1,CC(C)CCN=C(NC#N)Nc1cc(F)cc(F)c1,CDXPHKZZTSAFAG-UHFFFAOYSA-N,CDXPHKZZTSAFAG,eligible,266.295,2.849,60.21,2,2,4,19,1,0.3811,0,1,1
LIB_CDYNCVVMZRJEQV,ChEMBL,CHEMBL106033,CHEMBL106033,https://www.ebi.ac.uk/chembl/compound_report_card/CHEMBL106033/,O=C1CNCC2=C1C(c1ccc(F)c(Br)c1)C1=C(O)COCC1=N2,O=C1CNCC2=C1C(c1ccc(F)c(Br)c1)C1C(=O)COCC1=N2,O=C1CNCC2=C1C(c1ccc(F)c(Br)c1)C1C(=O)COCC1=N2,CDYNCVVMZRJEQV-UHFFFAOYSA-N,CDYNCVVMZRJEQV,eligible,393.212,1.768,67.76,1,5,1,24,4,0.7901,0,1,1
LIB_CDYPEKVYEKUXBR,ChEMBL,CHEMBL1077274,CHEMBL1077274,https://www.ebi.ac.uk/chembl/compound_report_card/CHEMBL1077274/,CC(C)=NOC(c1ccccc1)c1ccc(Cl)cc1,CC(C)=NOC(c1ccccc1)c1ccc(Cl)cc1,CC(C)=NOC(c1ccccc1)c1ccc(Cl)cc1,CDYPEKVYEKUXBR-UHFFFAOYSA-N,CDYPEKVYEKUXBR,eligible,273.763,4.842,21.59,0,2,4,19,2,0.5768,0,1,1
LIB_CDZNJLGNDBFKBZ,ChEMBL,CHEMBL108094,CHEMBL108094,https://www.ebi.ac.uk/chembl/compound_report_card/CHEMBL108094/,O=C(O)CCCCc1sccc1CCCc1ccccc1,O=C(O)CCCCc1sccc1CCCc1ccccc1,O=C(O)CCCCc1sccc1CCCc1ccccc1,CDZNJLGNDBFKBZ-UHFFFAOYSA-N,CDZNJLGNDBFKBZ,eligible,302.439,4.721,37.3,1,2,9,21,2,0.6804,0,1,1
LIB_CEBCASROENGJPG,ChEMBL,CHEMBL107164,CHEMBL107164,https://www.ebi.ac.uk/chembl/compound_report_card/CHEMBL107164/,CN1CCC23c4c5ccc(O)c4O[C@@]2(C)C(=O)CC[C@@]3(NC(=O)/C=C/c2ccc([N+](=O)[O-])cc2)C1C5,CN1CCC23c4c5ccc(O)c4O[C@@]2(C)C(=O)CC[C@@]3(NC(=O)/C=C/c2ccc([N+](=O)[O-])cc2)C1C5,CN1CCC23c4c5ccc(O)c4OC2(C)C(=O)CCC3(NC(=O)C=Cc2ccc([N+](=O)[O-])cc2)C1C5,CEBCASROENGJPG-HVCZEULHSA-N,CEBCASROENGJPG,eligible,489.528,2.881,122.01,2,7,4,36,6,0.3847,0,1,1
LIB_CEBVLYAEGCVTFY,ChEMBL,CHEMBL106960,CHEMBL106960,https://www.ebi.ac.uk/chembl/compound_report_card/CHEMBL106960/,CN1CC=C(/C=C/c2cccc(Br)c2)CC1,CN1CC=C(/C=C/c2cccc(Br)c2)CC1,CN1CC=C(C=Cc2cccc(Br)c2)CC1,CEBVLYAEGCVTFY-AATRIKPKSA-N,CEBVLYAEGCVTFY,eligible,278.193,3.724,3.24,0,1,2,16,2,0.7965,0,1,1
LIB_CEDCSMJXMJIGEE,ChEMBL,CHEMBL1086810,CHEMBL1086810,https://www.ebi.ac.uk/chembl/compound_report_card/CHEMBL1086810/,O=C(O)[C@H](Cc1c[nH]cn1)N1C(=O)[C@H]2CNC[C@H]2C1=O,O=C(O)C(Cc1c[nH]cn1)n1c(O)c2c(c1O)CNC2,O=C(O)C(Cc1c[nH]cn1)n1c(O)c2c(c1O)CNC2,CEDCSMJXMJIGEE-UHFFFAOYSA-N,CEDCSMJXMJIGEE,eligible,278.268,0.094,123.4,5,5,4,20,3,0.54,0,1,1
LIB_CEEASASZLXBVMQ,ChEMBL,CHEMBL105428,CHEMBL105428,https://www.ebi.ac.uk/chembl/compound_report_card/CHEMBL105428/,CCN(CC#CCCC(=O)C(O)(c1ccccc1)C1CCCCC1)C(C)C,CCN(CC#CCCC(=O)C(O)(c1ccccc1)C1CCCCC1)C(C)C,CCN(CC#CCCC(=O)C(O)(c1ccccc1)C1CCCCC1)C(C)C,CEEASASZLXBVMQ-UHFFFAOYSA-N,CEEASASZLXBVMQ,eligible,369.549,4.538,40.54,1,3,8,27,2,0.6842,0,1,1
LIB_CEEGETAVOPUXMU,ChEMBL,CHEMBL1085860,CHEMBL1085860,https://www.ebi.ac.uk/chembl/compound_report_card/CHEMBL1085860/,O=C(COc1ccc(-c2ccc(Cl)cc2)cc1)Cn1ccc2cc(C(=O)O)ccc21,O=C(COc1ccc(-c2ccc(Cl)cc2)cc1)Cn1ccc2cc(C(=O)O)ccc21,O=C(COc1ccc(-c2ccc(Cl)cc2)cc1)Cn1ccc2cc(C(=O)O)ccc21,CEEGETAVOPUXMU-UHFFFAOYSA-N,CEEGETAVOPUXMU,eligible,419.864,5.308,68.53,1,3,7,30,4,0.4406,0,1,1
LIB_CEFJVGZHQAGLHS,ChEMBL,CHEMBL4216467,CHEMBL4216467,https://www.ebi.ac.uk/chembl/compound_report_card/CHEMBL4216467/,CCn1c(=O)c(-c2cc(NC(=O)Nc3ccccc3)c(F)cc2Br)cc2cnc(NC)cc21,CCn1c(=O)c(-c2cc(NC(=O)Nc3ccccc3)c(F)cc2Br)cc2cnc(NC)cc21,CCn1c(=O)c(-c2cc(NC(=O)Nc3ccccc3)c(F)cc2Br)cc2cnc(NC)cc21,CEFJVGZHQAGLHS-UHFFFAOYSA-N,CEFJVGZHQAGLHS,eligible,510.367,5.671,88.05,3,4,5,33,4,0.323,0,1,1
LIB_CEFKGZFOFOYUQV,ChEMBL,CHEMBL10682,CHEMBL10682,https://www.ebi.ac.uk/chembl/compound_report_card/CHEMBL10682/,O=C1c2ccccc2C(=O)N1OCCCN1CCN(c2cccc(C(F)(F)F)c2)CC1,O=C1c2ccccc2C(=O)N1OCCCN1CCN(c2cccc(C(F)(F)F)c2)CC1,O=C1c2ccccc2C(=O)N1OCCCN1CCN(c2cccc(C(F)(F)F)c2)CC1,CEFKGZFOFOYUQV-UHFFFAOYSA-N,CEFKGZFOFOYUQV,eligible,433.43,3.445,53.09,0,5,6,31,4,0.5161,0,1,1
LIB_CEHADZRAYZXQRU,ChEMBL,CHEMBL105973,CHEMBL105973,https://www.ebi.ac.uk/chembl/compound_report_card/CHEMBL105973/,Cc1ccccc1Sc1nc(N)nc2c1ncn2CCOCP(=O)(OCC(F)(F)F)OCC(F)(F)F,Cc1ccccc1Sc1nc(N)nc2c1ncn2CCOCP(=O)(OCC(F)(F)F)OCC(F)(F)F,Cc1ccccc1Sc1nc(N)nc2c1ncn2CCOCP(=O)(OCC(F)(F)F)OCC(F)(F)F,CEHADZRAYZXQRU-UHFFFAOYSA-N,CEHADZRAYZXQRU,eligible,559.429,5.193,114.38,1,9,11,36,3,0.1467,0,1,1
LIB_CEHCDKXNSLEGHN,ChEMBL,CHEMBL1083168,CHEMBL1083168,https://www.ebi.ac.uk/chembl/compound_report_card/CHEMBL1083168/,CCc1nc(C)c2c(OC(C)C)nc3ccc(OC)nc3n12,CCc1nc(C)c2c(OC(C)C)nc3ccc(OC)nc3n12,CCc1nc(C)c2c(OC(C)C)nc3ccc(OC)nc3n12,CEHCDKXNSLEGHN-UHFFFAOYSA-N,CEHCDKXNSLEGHN,eligible,300.362,2.944,61.54,0,5,4,22,3,0.7411,0,1,1
LIB_CEHDRGBLVBQUPH,ChEMBL,CHEMBL411,CHEMBL411,https://www.ebi.ac.uk/chembl/compound_report_card/CHEMBL411/,CC/C(=C(/CC)c1ccc(O)cc1)c1ccc(O)cc1,CC=C(c1ccc(O)cc1)C(CC)c1ccc(O)cc1,CC=C(c1ccc(O)cc1)C(CC)c1ccc(O)cc1,CEHDRGBLVBQUPH-UHFFFAOYSA-N,CEHDRGBLVBQUPH,eligible,268.356,4.695,40.46,2,2,4,20,2,0.8438,0,1,1
LIB_CEHHXVWOHWYJOQ,ChEMBL,CHEMBL1086686,CHEMBL1086686,https://www.ebi.ac.uk/chembl/compound_report_card/CHEMBL1086686/,CCCCN1C(=O)[C@H]2COC[C@H]2C1=O,CCCCn1c(O)c2c(c1O)COC2,CCCCn1c(O)c2c(c1O)COC2,CEHHXVWOHWYJOQ-UHFFFAOYSA-N,CEHHXVWOHWYJOQ,eligible,197.234,1.73,54.62,2,3,3,14,2,0.7754,0,1,1
LIB_CEITZPMXLZGMEI,ChEMBL,CHEMBL1077621,CHEMBL1077621,https://www.ebi.ac.uk/chembl/compound_report_card/CHEMBL1077621/,CC(C)[C@H](NC(=O)[C@H](CC(=O)O)NC(=O)CS)C(N)=O,CC(C)C(NC(=O)C(CC(=O)O)NC(=O)CS)C(N)=O,CC(C)C(NC(=O)C(CC(=O)O)NC(=O)CS)C(N)=O,CEITZPMXLZGMEI-UHFFFAOYSA-N,CEITZPMXLZGMEI,eligible,305.356,-1.498,138.59,5,5,8,20,0,0.3474,0,1,1
LIB_CEIWOAFDGZPVTP,ChEMBL,CHEMBL102853,CHEMBL102853,https://www.ebi.ac.uk/chembl/compound_report_card/CHEMBL102853/,O=C(c1ccc(OCCCN2C[C@@H]3C[C@H]2CN3C(=O)c2ccco2)cc1)C1CC1,O=C(c1ccc(OCCCN2C[C@@H]3C[C@H]2CN3C(=O)c2ccco2)cc1)C1CC1,O=C(c1ccc(OCCCN2CC3CC2CN3C(=O)c2ccco2)cc1)C1CC1,CEIWOAFDGZPVTP-OALUTQOASA-N,CEIWOAFDGZPVTP,eligible,394.471,3.24,62.99,0,5,8,29,5,0.5081,0,1,1
LIB_CEIYFJPCTKRRFW,ChEMBL,CHEMBL107967,CHEMBL107967,https://www.ebi.ac.uk/chembl/compound_report_card/CHEMBL107967/,CCc1c(-c2ccccc2NS(=O)(=O)C(F)(F)F)oc2ccc(Cn3c(CC)nc(C4CC4)c3C(N)=O)cc12,CCc1c(-c2ccccc2NS(=O)(=O)C(F)(F)F)oc2ccc(Cn3c(CC)nc(C4CC4)c3C(N)=O)cc12,CCc1c(-c2ccccc2NS(=O)(=O)C(F)(F)F)oc2ccc(Cn3c(CC)nc(C4CC4)c3C(N)=O)cc12,CEIYFJPCTKRRFW-UHFFFAOYSA-N,CEIYFJPCTKRRFW,eligible,560.598,5.707,120.22,2,5,9,39,5,0.2718,0,1,1
LIB_CEJQPDPUDXDOPD,ChEMBL,CHEMBL1087345,CHEMBL1087345,https://www.ebi.ac.uk/chembl/compound_report_card/CHEMBL1087345/,O=C(Nc1ccc(Cl)cc1)Nc1ccc(F)c(C(=O)NCCN2CCOCC2)c1,O=C(Nc1ccc(Cl)cc1)Nc1ccc(F)c(C(=O)NCCN2CCOCC2)c1,O=C(Nc1ccc(Cl)cc1)Nc1ccc(F)c(C(=O)NCCN2CCOCC2)c1,CEJQPDPUDXDOPD-UHFFFAOYSA-N,CEJQPDPUDXDOPD,eligible,420.872,3.185,82.7,3,4,6,29,3,0.6699,0,1,1
LIB_CEKYJVDKVZUJMK,ChEMBL,CHEMBL1083043,CHEMBL1083043,https://www.ebi.ac.uk/chembl/compound_report_card/CHEMBL1083043/,COC1=C(C)C(=O)O/C1=C1\O[C@@]23OC4CC(C2[C@H]1C)N1CCC3C41CO,COc1c(C2=C(C)C3C4CC5O[C@@]3(O2)C2CCN4C52CO)oc(O)c1C,COc1c(C2=C(C)C3C4CC5OC3(O2)C2CCN4C52CO)oc(O)c1C,CEKYJVDKVZUJMK-MEYCZTOFSA-N,CEKYJVDKVZUJMK,eligible,361.394,1.614,84.53,2,7,3,26,6,0.8461,0,1,1
LIB_CELHGWJIJZCJPA,ChEMBL,CHEMBL1087483,CHEMBL1087483,https://www.ebi.ac.uk/chembl/compound_report_card/CHEMBL1087483/,O=C(NCC(=O)N1CCC[C@H]1C(=O)CCl)OCc1ccccc1,O=C(NCC(=O)N1CCCC1C(=O)CCl)OCc1ccccc1,O=C(NCC(=O)N1CCCC1C(=O)CCl)OCc1ccccc1,CELHGWJIJZCJPA-UHFFFAOYSA-N,CELHGWJIJZCJPA,eligible,338.791,1.712,75.71,1,4,6,23,2,0.8012,0,1,1
LIB_CEMAWMOMDPGJMB,ChEMBL,CHEMBL1200745,CHEMBL1200745;CHEMBL546,https://www.ebi.ac.uk/chembl/compound_report_card/CHEMBL1200745/,C=CCOc1ccccc1OCC(O)CNC(C)C.Cl,C=CCOc1ccccc1OCC(O)CNC(C)C,C=CCOc1ccccc1OCC(O)CNC(C)C,CEMAWMOMDPGJMB-UHFFFAOYSA-N,CEMAWMOMDPGJMB,eligible,265.353,1.989,50.72,2,4,9,19,1,0.6705,0,2,1
LIB_CEMPNXXKSCGMCO,ChEMBL,CHEMBL103757,CHEMBL103757,https://www.ebi.ac.uk/chembl/compound_report_card/CHEMBL103757/,CCc1cc(-c2ccccc2)cc(CC)[n+]1CC(=O)OCCc1ccc(S(N)(=O)=O)cc1.[O-][Cl+3]([O-])([O-])[O-],CCc1cc(-c2ccccc2)cc(CC)[n+]1CC(=O)OCCc1ccc(S(N)(=O)=O)cc1,CCc1cc(-c2ccccc2)cc(CC)[n+]1CC(=O)OCCc1ccc(S(N)(=O)=O)cc1,CEMPNXXKSCGMCO-UHFFFAOYSA-N,CEMPNXXKSCGMCO,eligible,453.584,3.199,90.34,1,4,9,32,3,0.3979,1,1,1
LIB_CEPQBUYVEMFRIL,ChEMBL,CHEMBL101820,CHEMBL101820,https://www.ebi.ac.uk/chembl/compound_report_card/CHEMBL101820/,Oc1ccc(Cl)cc1-n1c(O)nnc1-c1cccc(C(F)(F)F)c1,O=c1[nH]nc(-c2cccc(C(F)(F)F)c2)n1-c1cc(Cl)ccc1O,O=c1[nH]nc(-c2cccc(C(F)(F)F)c2)n1-c1cc(Cl)ccc1O,CEPQBUYVEMFRIL-UHFFFAOYSA-N,CEPQBUYVEMFRIL,eligible,355.703,3.605,70.91,2,3,2,24,3,0.7375,0,1,1
LIB_CEPWNDTUFIVNTJ,ChEMBL,CHEMBL1076214,CHEMBL1076214,https://www.ebi.ac.uk/chembl/compound_report_card/CHEMBL1076214/,CO[C@H]1CC[C@H](C(=O)N2CCC(N3CCN(C(=O)c4cc(-c5ccccc5)nc(-c5ccccc5)c4)CC3)CC2)CC1,COC1CCC(C(=O)N2CCC(N3CCN(C(=O)c4cc(-c5ccccc5)nc(-c5ccccc5)c4)CC3)CC2)CC1,COC1CCC(C(=O)N2CCC(N3CCN(C(=O)c4cc(-c5ccccc5)nc(-c5ccccc5)c4)CC3)CC2)CC1,CEPWNDTUFIVNTJ-UHFFFAOYSA-N,CEPWNDTUFIVNTJ,eligible,566.746,5.37,65.98,0,5,6,42,6,0.4015,0,1,1
LIB_CEQBAMJVNWVQBR,ChEMBL,CHEMBL100377,CHEMBL100377,https://www.ebi.ac.uk/chembl/compound_report_card/CHEMBL100377/,CCCN(CCC)C(=O)CCc1c(-c2ccc(Cl)cc2)[nH]c2ccc(Cl)cc12,CCCN(CCC)C(=O)CCc1c(-c2ccc(Cl)cc2)[nH]c2ccc(Cl)cc12,CCCN(CCC)C(=O)CCc1c(-c2ccc(Cl)cc2)[nH]c2ccc(Cl)cc12,CEQBAMJVNWVQBR-UHFFFAOYSA-N,CEQBAMJVNWVQBR,eligible,417.38,6.723,36.1,1,1,8,28,3,0.4338,0,1,1
LIB_CEQKLHLHUJCDCG,ChEMBL,CHEMBL101570,CHEMBL101570,https://www.ebi.ac.uk/chembl/compound_report_card/CHEMBL101570/,CCCCCCCCS(=O)(=O)N1CCC(=C2c3ccc(Cl)cc3CCc3cccnc32)CC1,CCCCCCCCS(=O)(=O)N1CCC(=C2c3ccc(Cl)cc3CCc3cccnc32)CC1,CCCCCCCCS(=O)(=O)N1CCC(=C2c3ccc(Cl)cc3CCc3cccnc32)CC1,CEQKLHLHUJCDCG-UHFFFAOYSA-N,CEQKLHLHUJCDCG,eligible,487.109,6.422,50.27,0,3,8,33,4,0.4042,0,1,1
LIB_CESQEGKZVXLYKV,ChEMBL,CHEMBL1079595,CHEMBL1079595,https://www.ebi.ac.uk/chembl/compound_report_card/CHEMBL1079595/,C[C@]12CC[C@@H]3c4cc(Cl)c(O)cc4CC[C@H]3[C@@H]1CCC2=O,C[C@]12CC[C@@H]3c4cc(Cl)c(O)cc4CC[C@H]3[C@@H]1CCC2=O,CC12CCC3c4cc(Cl)c(O)cc4CCC3C1CCC2=O,CESQEGKZVXLYKV-JPVZDGGYSA-N,CESQEGKZVXLYKV,eligible,304.817,4.471,37.3,1,2,0,21,4,0.7675,0,1,1
LIB_CESRMPPLLXNQSF,ChEMBL,CHEMBL1085248,CHEMBL1085248,https://www.ebi.ac.uk/chembl/compound_report_card/CHEMBL1085248/,O=C(Nc1nc(Cl)c([N+](=O)[O-])s1)c1cccc(C(F)(F)F)c1,O=C(Nc1nc(Cl)c([N+](=O)[O-])s1)c1cccc(C(F)(F)F)c1,O=C(Nc1nc(Cl)c([N+](=O)[O-])s1)c1cccc(C(F)(F)F)c1,CESRMPPLLXNQSF-UHFFFAOYSA-N,CESRMPPLLXNQSF,eligible,351.693,3.976,85.13,1,5,3,22,2,0.6692,0,1,1
LIB_CESYKOGBSMNBPD,ChEMBL,CHEMBL1577,CHEMBL1577,https://www.ebi.ac.uk/chembl/compound_report_card/CHEMBL1577/,CN1C(CCl)Nc2cc(Cl)c(S(N)(=O)=O)cc2S1(=O)=O,CN1C(CCl)Nc2cc(Cl)c(S(N)(=O)=O)cc2S1(=O)=O,CN1C(CCl)Nc2cc(Cl)c(S(N)(=O)=O)cc2S1(=O)=O,CESYKOGBSMNBPD-UHFFFAOYSA-N,CESYKOGBSMNBPD,eligible,360.244,0.598,109.57,2,5,2,20,2,0.7508,0,1,1
LIB_CEUKPFPQWCLEPR,ChEMBL,CHEMBL1077979,CHEMBL1077979;CHEMBL1079086;CHEMBL1079087,https://www.ebi.ac.uk/chembl/compound_report_card/CHEMBL1077979/,COc1cc(O)c2c(c1)/C=C/C[C@H](O)[C@H](O)C(=O)/C=C\C[C@H](C)OC2=O,COc1cc(O)c2c(c1)C=CCC(=O)C(=O)C(O)CCC[C@H](C)OC2=O,COc1cc(O)c2c(c1)C=CCC(=O)C(=O)C(O)CCCC(C)OC2=O,CEUKPFPQWCLEPR-ZSOXZCCMSA-N,CEUKPFPQWCLEPR,eligible,362.378,2.032,110.13,2,7,1,26,2,0.5808,0,3,2
LIB_CEUORZQYGODEFX,ChEMBL,CHEMBL1112,CHEMBL1112,https://www.ebi.ac.uk/chembl/compound_report_card/CHEMBL1112/,O=C1CCc2ccc(OCCCCN3CCN(c4cccc(Cl)c4Cl)CC3)cc2N1,O=C1CCc2ccc(OCCCCN3CCN(c4cccc(Cl)c4Cl)CC3)cc2N1,O=C1CCc2ccc(OCCCCN3CCN(c4cccc(Cl)c4Cl)CC3)cc2N1,CEUORZQYGODEFX-UHFFFAOYSA-N,CEUORZQYGODEFX,eligible,448.394,4.859,44.81,1,4,7,30,4,0.615,0,1,1
LIB_CEVBDPVAKUNIQD,ChEMBL,CHEMBL1085678,CHEMBL1085678,https://www.ebi.ac.uk/chembl/compound_report_card/CHEMBL1085678/,CN(C)C(=O)COc1ccc2c(c1)S(=O)(=O)N=C(c1c(O)c3cc(F)ccc3n(CCC3CC3)c1=O)N2,CN(C)C(=O)COc1ccc2c(c1)S(=O)(=O)N=C(c1c(O)c3cc(F)ccc3n(CCC3CC3)c1=O)N2,CN(C)C(=O)COc1ccc2c(c1)S(=O)(=O)N=C(c1c(O)c3cc(F)ccc3n(CCC3CC3)c1=O)N2,CEVBDPVAKUNIQD-UHFFFAOYSA-N,CEVBDPVAKUNIQD,eligible,528.562,2.674,130.3,2,7,7,37,5,0.4822,0,1,1
LIB_CEVLENUPGOKMCS,ChEMBL,CHEMBL101495,CHEMBL101495,https://www.ebi.ac.uk/chembl/compound_report_card/CHEMBL101495/,Nc1nc(O)c2c(n1)NCCN2C(=O)c1ccccc1,Nc1nc(=O)c2c([nH]1)NCCN2C(=O)c1ccccc1,Nc1nc(=O)c2c([nH]1)NCCN2C(=O)c1ccccc1,CEVLENUPGOKMCS-UHFFFAOYSA-N,CEVLENUPGOKMCS,eligible,271.28,0.424,104.11,3,5,1,20,3,0.6972,0,1,1
LIB_CEWLBXFJVVETBI,ChEMBL,CHEMBL108732,CHEMBL108732,https://www.ebi.ac.uk/chembl/compound_report_card/CHEMBL108732/,COc1cc(NS(C)(=O)=O)ccc1Nc1c2ccccc2nc2c(OCCCC(N)=O)cccc12,COc1cc(NS(C)(=O)=O)ccc1Nc1c2ccccc2nc2c(OCCCC(N)=O)cccc12,COc1cc(NS(C)(=O)=O)ccc1Nc1c2ccccc2nc2c(OCCCC(N)=O)cccc12,CEWLBXFJVVETBI-UHFFFAOYSA-N,CEWLBXFJVVETBI,eligible,494.573,4.156,132.64,3,7,10,35,4,0.2227,0,1,1
LIB_CEYOGNPVZTXQNM,ChEMBL,CHEMBL1080211,CHEMBL1080211,https://www.ebi.ac.uk/chembl/compound_report_card/CHEMBL1080211/,CCN(CC)c1nc2c(S(=O)(=O)c3ccccc3)nnn2c2ccc([N+](=O)[O-])cc12,CCN(CC)c1nc2c(S(=O)(=O)c3ccccc3)nnn2c2ccc([N+](=O)[O-])cc12,CCN(CC)c1nc2c(S(=O)(=O)c3ccccc3)nnn2c2ccc([N+](=O)[O-])cc12,CEYOGNPVZTXQNM-UHFFFAOYSA-N,CEYOGNPVZTXQNM,eligible,426.458,2.865,123.6,0,8,6,30,4,0.3405,0,1,1
LIB_CEZIHPATWXYKDL,ChEMBL,CHEMBL1077368,CHEMBL1077368;CHEMBL1078777,https://www.ebi.ac.uk/chembl/compound_report_card/CHEMBL1077368/,CC[C@@H]1C/C=C\C(=O)[C@@H](O)[C@@H](O)C/C=C/c2cc(OC)cc(O)c2C(=O)O1,CC[C@@H]1CCCC(=O)C(=O)C(O)=CCCc2cc(OC)cc(O)c2C(=O)O1,CCC1CCCC(=O)C(=O)C(O)=CCCc2cc(OC)cc(O)c2C(=O)O1,CEZIHPATWXYKDL-CYBMUJFWSA-N,CEZIHPATWXYKDL,eligible,376.405,3.033,110.13,2,7,2,27,2,0.6028,0,2,2
LIB_CEZLPRPNAVMFHT,ChEMBL,CHEMBL1084003,CHEMBL1084003,https://www.ebi.ac.uk/chembl/compound_report_card/CHEMBL1084003/,Cc1coc2c3c(ccc2c1=O)OC[C@H]1[C@@H]3Nc2cc3ccccc3cc2C1(C)C,Cc1coc2c3c(ccc2c1=O)OC[C@H]1[C@@H]3Nc2cc3ccccc3cc2C1(C)C,Cc1coc2c3c(ccc2c1=O)OCC1C3Nc2cc3ccccc3cc2C1(C)C,CEZLPRPNAVMFHT-CVDCTZTESA-N,CEZLPRPNAVMFHT,eligible,397.474,5.708,51.47,1,4,0,30,6,0.413,0,1,1
LIB_CFBJMXYAHZZBGU,ChEMBL,CHEMBL1084578,CHEMBL1084578,https://www.ebi.ac.uk/chembl/compound_report_card/CHEMBL1084578/,O=[N+]([O-])c1ccc(S(=O)(=O)c2ccccc2)cc1OS(=O)(=O)c1cc(Cl)cc(Cl)c1,O=[N+]([O-])c1ccc(S(=O)(=O)c2ccccc2)cc1OS(=O)(=O)c1cc(Cl)cc(Cl)c1,O=[N+]([O-])c1ccc(S(=O)(=O)c2ccccc2)cc1OS(=O)(=O)c1cc(Cl)cc(Cl)c1,CFBJMXYAHZZBGU-UHFFFAOYSA-N,CFBJMXYAHZZBGU,eligible,488.326,4.502,120.65,0,7,6,30,3,0.2846,0,1,1
LIB_CFBPZFMNMZFIEX,ChEMBL,CHEMBL1081752,CHEMBL1081752,https://www.ebi.ac.uk/chembl/compound_report_card/CHEMBL1081752/,COc1cc(-c2cc(=O)oc3cc(OC)c(OC)cc23)ccc1O,COc1cc(-c2cc(=O)oc3cc(OC)c(OC)cc23)ccc1O,COc1cc(-c2cc(=O)oc3cc(OC)c(OC)cc23)ccc1O,CFBPZFMNMZFIEX-UHFFFAOYSA-N,CFBPZFMNMZFIEX,eligible,328.32,3.191,78.13,1,6,4,24,3,0.7411,0,1,1
LIB_CFEGDXUJPGNPND,ChEMBL,CHEMBL1080753,CHEMBL1080753,https://www.ebi.ac.uk/chembl/compound_report_card/CHEMBL1080753/,CN(C)c1ccc(NC(=O)Oc2ccc3c(c2)[C@]2(C)CCN(CCc4ccccc4)[C@@H]2N3C)cc1,CN(C)c1ccc(NC(=O)Oc2ccc3c(c2)[C@]2(C)CCN(CCc4ccccc4)[C@@H]2N3C)cc1,CN(C)c1ccc(NC(=O)Oc2ccc3c(c2)C2(C)CCN(CCc4ccccc4)C2N3C)cc1,CFEGDXUJPGNPND-YTMVLYRLSA-N,CFEGDXUJPGNPND,eligible,470.617,5.346,48.05,1,5,6,35,5,0.5266,0,1,1
LIB_CFEKPCYWRLBSBI,ChEMBL,CHEMBL100564,CHEMBL100564,https://www.ebi.ac.uk/chembl/compound_report_card/CHEMBL100564/,COC(=O)C1CCCN1Cc1cccc(C(=O)NO)c1N(C)S(=O)(=O)c1ccc(OC)cc1,COC(=O)C1CCCN1Cc1cccc(C(O)=NO)c1N(C)S(=O)(=O)c1ccc(OC)cc1,COC(=O)C1CCCN1Cc1cccc(C(O)=NO)c1N(C)S(=O)(=O)c1ccc(OC)cc1,CFEKPCYWRLBSBI-UHFFFAOYSA-N,CFEKPCYWRLBSBI,eligible,477.539,2.351,128.97,2,8,8,33,3,0.1949,0,1,1
LIB_CFFFHVMLJMFGFZ,ChEMBL,CHEMBL106661,CHEMBL106661,https://www.ebi.ac.uk/chembl/compound_report_card/CHEMBL106661/,Cc1c(O)nc(SCC(=O)c2ccc(Cl)cc2)nc1Cc1cccc2ccccc12,Cc1c(Cc2cccc3ccccc23)[nH]c(SCC(=O)c2ccc(Cl)cc2)nc1=O,Cc1c(Cc2cccc3ccccc23)[nH]c(SCC(=O)c2ccc(Cl)cc2)nc1=O,CFFFHVMLJMFGFZ-UHFFFAOYSA-N,CFFFHVMLJMFGFZ,eligible,434.948,5.451,62.82,1,4,6,30,4,0.2488,0,1,1
LIB_CFGRSSGFUGIJMC,ChEMBL,CHEMBL1083363,CHEMBL1083363,https://www.ebi.ac.uk/chembl/compound_report_card/CHEMBL1083363/,O=C1c2cccc3cccc(c23)C(=O)N1C1CCN(CC(O)COc2cccc3[nH]c4ccccc4c23)CC1,O=C1c2cccc3cccc(c23)C(=O)N1C1CCN(CC(O)COc2cccc3[nH]c4ccccc4c23)CC1,O=C1c2cccc3cccc(c23)C(=O)N1C1CCN(CC(O)COc2cccc3[nH]c4ccccc4c23)CC1,CFGRSSGFUGIJMC-UHFFFAOYSA-N,CFGRSSGFUGIJMC,eligible,519.601,4.975,85.87,2,5,6,39,7,0.3094,0,1,1
LIB_CFGZNBTZRKMBCN,ChEMBL,CHEMBL108616,CHEMBL108616,https://www.ebi.ac.uk/chembl/compound_report_card/CHEMBL108616/,CC(O)c1ccc(CSc2nc3ccccc3n2Cc2ccc(Cl)cc2)cc1,CC(O)c1ccc(CSc2nc3ccccc3n2Cc2ccc(Cl)cc2)cc1,CC(O)c1ccc(CSc2nc3ccccc3n2Cc2ccc(Cl)cc2)cc1,CFGZNBTZRKMBCN-UHFFFAOYSA-N,CFGZNBTZRKMBCN,eligible,408.954,6.084,38.05,1,3,6,28,4,0.3925,0,1,1
LIB_CFIFWSGTEXYFLX,ChEMBL,CHEMBL101062,CHEMBL101062,https://www.ebi.ac.uk/chembl/compound_report_card/CHEMBL101062/,COc1ccc(-c2cnc3nc(N)nc(N(Cc4ccccc4)Cc4ccccc4)c3n2)cc1OC,COc1ccc(-c2cnc3nc(N)nc(N(Cc4ccccc4)Cc4ccccc4)c3n2)cc1OC,COc1ccc(-c2cnc3nc(N)nc(N(Cc4ccccc4)Cc4ccccc4)c3n2)cc1OC,CFIFWSGTEXYFLX-UHFFFAOYSA-N,CFIFWSGTEXYFLX,eligible,478.556,4.893,99.28,1,8,8,36,5,0.3364,0,1,1
LIB_CFIPSNSZMKOSRY,ChEMBL,CHEMBL101850,CHEMBL101850,https://www.ebi.ac.uk/chembl/compound_report_card/CHEMBL101850/,C=C1/C(=C\C=C2/CCC[C@]3(C)C([C@H](C)CCC(F)(F)C(C)(C)O)=CC[C@@H]23)C[C@H](O)C[C@H]1O,C=C1/C(=C\C=C2/CCC[C@]3(C)C([C@H](C)CCC(F)(F)C(C)(C)O)=CC[C@@H]23)C[C@H](O)C[C@H]1O,C=C1C(=CC=C2CCCC3(C)C(C(C)CCC(F)(F)C(C)(C)O)=CCC23)CC(O)CC1O,CFIPSNSZMKOSRY-WKIYKHMMSA-N,CFIPSNSZMKOSRY,eligible,450.61,5.87,60.69,3,3,6,32,3,0.4436,0,1,1
LIB_CFJATKCZBIERBL,ChEMBL,CHEMBL104463,CHEMBL104463,https://www.ebi.ac.uk/chembl/compound_report_card/CHEMBL104463/,NS(=O)(=O)c1ccc(S(=O)(=O)CCO)s1,NS(=O)(=O)c1ccc(S(=O)(=O)CCO)s1,NS(=O)(=O)c1ccc(S(=O)(=O)CCO)s1,CFJATKCZBIERBL-UHFFFAOYSA-N,CFJATKCZBIERBL,eligible,271.341,-0.838,114.53,2,6,4,15,1,0.7408,0,1,1
LIB_CFJMRBQWBDQYMK,ChEMBL,CHEMBL1256696,CHEMBL1256696;CHEMBL73234,https://www.ebi.ac.uk/chembl/compound_report_card/CHEMBL1256696/,CCN(CC)CCOCCOC(=O)C1(c2ccccc2)CCCC1.O=C(O)CC(O)(CC(=O)O)C(=O)O,CCN(CC)CCOCCOC(=O)C1(c2ccccc2)CCCC1,CCN(CC)CCOCCOC(=O)C1(c2ccccc2)CCCC1,CFJMRBQWBDQYMK-UHFFFAOYSA-N,CFJMRBQWBDQYMK,eligible,333.472,3.4,38.77,0,4,10,24,2,0.4858,0,2,1
LIB_CFKWFZNNKRWQRF,ChEMBL,CHEMBL101875,CHEMBL101875,https://www.ebi.ac.uk/chembl/compound_report_card/CHEMBL101875/,COc1cc(N)ccc1C(=O)NC1CC2CCC(C1)N2C,COc1cc(N)ccc1C(=O)NC1CC2CCC(C1)N2C,COc1cc(N)ccc1C(=O)NC1CC2CCC(C1)N2C,CFKWFZNNKRWQRF-UHFFFAOYSA-N,CFKWFZNNKRWQRF,eligible,289.379,1.632,67.59,2,4,3,21,3,0.83,0,1,1
LIB_CFLJFAYDIFZILI,ChEMBL,CHEMBL1083307,CHEMBL1083307,https://www.ebi.ac.uk/chembl/compound_report_card/CHEMBL1083307/,CC(OC[C@H](O)CNC(C)(C)Cc1ccc2ccccc2c1)c1ccccc1Cl,CC(OC[C@H](O)CNC(C)(C)Cc1ccc2ccccc2c1)c1ccccc1Cl,CC(OCC(O)CNC(C)(C)Cc1ccc2ccccc2c1)c1ccccc1Cl,CFLJFAYDIFZILI-LMNIDFBRSA-N,CFLJFAYDIFZILI,eligible,411.973,5.543,41.49,2,3,9,29,3,0.4851,0,1,1
LIB_CFMXTSHLOSTNDP,ChEMBL,CHEMBL100640,CHEMBL100640,https://www.ebi.ac.uk/chembl/compound_report_card/CHEMBL100640/,N#Cc1ccc(Cn2cncc2CN[C@@H]2CCN(CCc3ccccc3)C2=O)cc1,N#Cc1ccc(Cn2cncc2CNC2CCN(CCc3ccccc3)C2=O)cc1,N#Cc1ccc(Cn2cncc2CNC2CCN(CCc3ccccc3)C2=O)cc1,CFMXTSHLOSTNDP-UHFFFAOYSA-N,CFMXTSHLOSTNDP,eligible,399.498,2.736,73.95,1,4,8,30,4,0.6321,0,1,1
LIB_CFOGJDJXLGLSCI,ChEMBL,CHEMBL1082360,CHEMBL1082360,https://www.ebi.ac.uk/chembl/compound_report_card/CHEMBL1082360/,O=S(=O)(c1ccc(Cl)cc1)N(Cc1ccc(-c2nnn[nH]2)c(F)c1)Cc1ccccc1F,O=S(=O)(c1ccc(Cl)cc1)N(Cc1ccc(-c2nn[nH]n2)c(F)c1)Cc1ccccc1F,O=S(=O)(c1ccc(Cl)cc1)N(Cc1ccc(-c2nn[nH]n2)c(F)c1)Cc1ccccc1F,CFOGJDJXLGLSCI-UHFFFAOYSA-N,CFOGJDJXLGLSCI,eligible,475.908,4.189,91.84,1,5,7,32,4,0.4325,0,1,1
LIB_CFOQMJHSWGQUOP,ChEMBL,CHEMBL1080879,CHEMBL1080879,https://www.ebi.ac.uk/chembl/compound_report_card/CHEMBL1080879/,O=C(CNC(=O)[C@H](Cc1ccc(O)cc1)NC(=O)c1ccc(F)cc1)N[C@@H](Cc1ccc(O)cc1)C(=O)O,O=C(CNC(=O)C(Cc1ccc(O)cc1)NC(=O)c1ccc(F)cc1)NC(Cc1ccc(O)cc1)C(=O)O,O=C(CNC(=O)C(Cc1ccc(O)cc1)NC(=O)c1ccc(F)cc1)NC(Cc1ccc(O)cc1)C(=O)O,CFOQMJHSWGQUOP-UHFFFAOYSA-N,CFOQMJHSWGQUOP,eligible,523.517,1.506,165.06,6,6,11,38,3,0.2217,0,1,1
LIB_CFOYWRHIYXMDOT,ChEMBL,CHEMBL508102,CHEMBL508102,https://www.ebi.ac.uk/chembl/compound_report_card/CHEMBL508102/,CCOC(=O)n1ccn(C)c1=S,CCOC(=O)n1ccn(C)c1=S,CCOC(=O)n1ccn(C)c1=S,CFOYWRHIYXMDOT-UHFFFAOYSA-N,CFOYWRHIYXMDOT,eligible,186.236,1.561,36.16,0,3,1,12,1,0.6243,0,1,1
LIB_CFPSEPHQAVWCAR,ChEMBL,CHEMBL104869,CHEMBL104869,https://www.ebi.ac.uk/chembl/compound_report_card/CHEMBL104869/,CCCCOC(=O)c1ccc(NC(=O)N2CCSCC2)cc1,CCCCOC(=O)c1ccc(NC(=O)N2CCSCC2)cc1,CCCCOC(=O)c1ccc(NC(=O)N2CCSCC2)cc1,CFPSEPHQAVWCAR-UHFFFAOYSA-N,CFPSEPHQAVWCAR,eligible,322.43,3.224,58.64,1,4,5,22,2,0.6678,0,1,1
LIB_CFPTVYJKMJFLGL,ChEMBL,CHEMBL100614,CHEMBL100614,https://www.ebi.ac.uk/chembl/compound_report_card/CHEMBL100614/,CC[C@H](C)[C@@H](/C=C/c1ccccc1)NC(=O)[C@@H]1CCCCN1CC(C)=O,CC[C@H](C)[C@@H](/C=C/c1ccccc1)NC(=O)C1CCCCN1CC(C)=O,CCC(C)C(C=Cc1ccccc1)NC(=O)C1CCCCN1CC(C)=O,CFPTVYJKMJFLGL-LBYATCRMSA-N,CFPTVYJKMJFLGL,eligible,356.51,3.674,49.41,1,3,8,26,2,0.773,0,1,1
LIB_CFQYRZGOODIPGG,ChEMBL,CHEMBL1082214,CHEMBL1082214,https://www.ebi.ac.uk/chembl/compound_report_card/CHEMBL1082214/,CC(=O)CC[C@H](NC(=O)[C@H](CS)NC(=O)CS)C(N)=O,CC(=O)CCC(NC(=O)C(CS)NC(=O)CS)C(N)=O,CC(=O)CCC(NC(=O)C(CS)NC(=O)CS)C(N)=O,CFQYRZGOODIPGG-UHFFFAOYSA-N,CFQYRZGOODIPGG,eligible,321.424,-1.33,118.36,5,6,9,20,0,0.3381,0,1,1
LIB_CFRIHIVPVMJLCD,ChEMBL,CHEMBL1081024,CHEMBL1081024,https://www.ebi.ac.uk/chembl/compound_report_card/CHEMBL1081024/,O=C(Nc1cccc(-c2cn3ccnc3c(NCc3ccncc3)n2)c1)Nc1cccc(Cl)c1Cl,O=C(Nc1cccc(-c2cn3ccnc3c(NCc3ccncc3)n2)c1)Nc1cccc(Cl)c1Cl,O=C(Nc1cccc(-c2cn3ccnc3c(NCc3ccncc3)n2)c1)Nc1cccc(Cl)c1Cl,CFRIHIVPVMJLCD-UHFFFAOYSA-N,CFRIHIVPVMJLCD,eligible,504.381,6.354,96.24,3,5,6,35,5,0.2504,0,1,1
LIB_CFRSFBTWNMSMFQ,ChEMBL,CHEMBL10176,CHEMBL10176,https://www.ebi.ac.uk/chembl/compound_report_card/CHEMBL10176/,CC(C=O)Cc1cc(C(=O)c2ccccc2)ccc1OC(=O)C(C)(C)C,CC(C=O)Cc1cc(C(=O)c2ccccc2)ccc1OC(=O)C(C)(C)C,CC(C=O)Cc1cc(C(=O)c2ccccc2)ccc1OC(=O)C(C)(C)C,CFRSFBTWNMSMFQ-UHFFFAOYSA-N,CFRSFBTWNMSMFQ,eligible,352.43,4.247,60.44,0,4,6,26,2,0.3375,0,1,1
LIB_CFTYJGDHKCKXBN,ChEMBL,CHEMBL105323,CHEMBL105323,https://www.ebi.ac.uk/chembl/compound_report_card/CHEMBL105323/,COc1cc(OC)cc(-c2nc3c(N)nc(N)nc3[nH]2)c1,COc1cc(OC)cc(-c2nc3c(N)nc(N)nc3[nH]2)c1,COc1cc(OC)cc(-c2nc3c(N)nc(N)nc3[nH]2)c1,CFTYJGDHKCKXBN-UHFFFAOYSA-N,CFTYJGDHKCKXBN,eligible,286.295,1.201,124.96,3,7,3,21,3,0.6601,0,1,1
LIB_CFVGQAQWOHALJT,ChEMBL,CHEMBL1079969,CHEMBL1079969,https://www.ebi.ac.uk/chembl/compound_report_card/CHEMBL1079969/,CC(Cc1ccc2c(c1)OCO2)CN1CC2CCCCC2C(C(=O)N2CCN(c3cccc4nonc34)CC2)C1,CC(Cc1ccc2c(c1)OCO2)CN1CC2CCCCC2C(C(=O)N2CCN(c3cccc4nonc34)CC2)C1,CC(Cc1ccc2c(c1)OCO2)CN1CC2CCCCC2C(C(=O)N2CCN(c3cccc4nonc34)CC2)C1,CFVGQAQWOHALJT-UHFFFAOYSA-N,CFVGQAQWOHALJT,eligible,545.684,4.217,84.17,0,8,6,40,7,0.4555,0,1,1
LIB_CFXIPAFCWHBLSE,ChEMBL,CHEMBL1076898,CHEMBL1076898,https://www.ebi.ac.uk/chembl/compound_report_card/CHEMBL1076898/,CCCCCCCCC(=O)OCC1Oc2ccc([C@H]3Oc4cc(O)cc(O)c4C(=O)[C@@H]3O)cc2OC1c1ccc(O)c(OC)c1,CCCCCCCCC(=O)OCC1Oc2ccc(C3Oc4cc(O)cc(O)c4C(=O)C3O)cc2OC1c1ccc(O)c(OC)c1,CCCCCCCCC(=O)OCC1Oc2ccc(C3Oc4cc(O)cc(O)c4C(=O)C3O)cc2OC1c1ccc(O)c(OC)c1,CFXIPAFCWHBLSE-UHFFFAOYSA-N,CFXIPAFCWHBLSE,eligible,622.667,5.664,161.21,4,11,12,45,5,0.1456,0,1,1
LIB_CFXZKBRIMWYDBN,ChEMBL,CHEMBL1083937,CHEMBL1083937,https://www.ebi.ac.uk/chembl/compound_report_card/CHEMBL1083937/,Cn1cnc2c(NCCO)nc(-c3cccc(NC(=O)Nc4cccc(Cl)c4)c3)nc21,Cn1cnc2c(NCCO)nc(-c3cccc(NC(=O)Nc4cccc(Cl)c4)c3)nc21,Cn1cnc2c(NCCO)nc(-c3cccc(NC(=O)Nc4cccc(Cl)c4)c3)nc21,CFXZKBRIMWYDBN-UHFFFAOYSA-N,CFXZKBRIMWYDBN,eligible,437.891,3.732,116.99,4,6,6,31,4,0.3649,0,1,1
LIB_CGCOKCCDWVGWCP,ChEMBL,CHEMBL107264,CHEMBL107264,https://www.ebi.ac.uk/chembl/compound_report_card/CHEMBL107264/,NCCCCCc1ccc(Nc2c3ccccc3nc3cc([N+](=O)[O-])ccc23)cc1,NCCCCCc1ccc(Nc2c3ccccc3nc3cc([N+](=O)[O-])ccc23)cc1,NCCCCCc1ccc(Nc2c3ccccc3nc3cc([N+](=O)[O-])ccc23)cc1,CGCOKCCDWVGWCP-UHFFFAOYSA-N,CGCOKCCDWVGWCP,eligible,400.482,5.711,94.08,2,5,8,30,4,0.1709,0,1,1
LIB_CGCSONSXFOSORP,ChEMBL,CHEMBL1081537,CHEMBL1081537,https://www.ebi.ac.uk/chembl/compound_report_card/CHEMBL1081537/,Cc1cccc(Nc2ncnc3ccc(Br)cc23)c1,Cc1cccc(Nc2ncnc3ccc(Br)cc23)c1,Cc1cccc(Nc2ncnc3ccc(Br)cc23)c1,CGCSONSXFOSORP-UHFFFAOYSA-N,CGCSONSXFOSORP,eligible,314.186,4.444,37.81,1,3,2,19,3,0.7595,0,1,1
LIB_CGCVUMRAPMFWDT,ChEMBL,CHEMBL1080798,CHEMBL1080798,https://www.ebi.ac.uk/chembl/compound_report_card/CHEMBL1080798/,COc1c(O)cc2c(c1O)C(=O)[C@H](Cc1ccc(O)cc1)CO2,COc1c(O)cc2c(c1O)C(=O)C(Cc1ccc(O)cc1)CO2,COc1c(O)cc2c(c1O)C(=O)C(Cc1ccc(O)cc1)CO2,CGCVUMRAPMFWDT-UHFFFAOYSA-N,CGCVUMRAPMFWDT,eligible,316.309,2.246,96.22,3,6,3,23,3,0.8035,0,1,1
LIB_CGENYLOMMXXQMS,ChEMBL,CHEMBL1085884,CHEMBL1085884,https://www.ebi.ac.uk/chembl/compound_report_card/CHEMBL1085884/,CN(C)C1(CCCc2ccc(C(C)(C)C)cc2)COC1,CN(C)C1(CCCc2ccc(C(C)(C)C)cc2)COC1,CN(C)C1(CCCc2ccc(C(C)(C)C)cc2)COC1,CGENYLOMMXXQMS-UHFFFAOYSA-N,CGENYLOMMXXQMS,eligible,275.436,3.637,12.47,0,2,5,20,2,0.8133,0,1,1
LIB_CGGPCFNVLQHVMI,ChEMBL,CHEMBL100127,CHEMBL100127,https://www.ebi.ac.uk/chembl/compound_report_card/CHEMBL100127/,CC(C)c1cc(C(C)(C)C)cc(-c2ccc(F)cc2)c1OCC1C[C@@H](O)CC(=O)O1,CC(C)c1cc(C(C)(C)C)cc(-c2ccc(F)cc2)c1OCC1C[C@@H](O)CC(=O)O1,CC(C)c1cc(C(C)(C)C)cc(-c2ccc(F)cc2)c1OCC1CC(O)CC(=O)O1,CGGPCFNVLQHVMI-FIWHBWSRSA-N,CGGPCFNVLQHVMI,eligible,414.517,5.359,55.76,1,4,5,30,3,0.6695,0,1,1
LIB_CGHIATRWGILSLJ,ChEMBL,CHEMBL108054,CHEMBL108054,https://www.ebi.ac.uk/chembl/compound_report_card/CHEMBL108054/,COc1cc(CC2=C(O)C(C)(C(=O)NC(C)(C)C)OC2=O)cc(OC)c1OC,COc1cc(CC2C(=O)OC(C)(C(=O)NC(C)(C)C)C2=O)cc(OC)c1OC,COc1cc(CC2C(=O)OC(C)(C(=O)NC(C)(C)C)C2=O)cc(OC)c1OC,CGHIATRWGILSLJ-UHFFFAOYSA-N,CGHIATRWGILSLJ,eligible,393.436,1.67,100.16,1,7,6,28,2,0.5795,0,1,1
LIB_CGHYVYWFJZTCTO,ChEMBL,CHEMBL1087115,CHEMBL1087115,https://www.ebi.ac.uk/chembl/compound_report_card/CHEMBL1087115/,CNCCNCc1cccc(-n2nc(C(F)(F)F)cc2C(=O)NCc2ccccc2OC(F)(F)F)c1,CNCCNCc1cccc(-n2nc(C(F)(F)F)cc2C(=O)NCc2ccccc2OC(F)(F)F)c1,CNCCNCc1cccc(-n2nc(C(F)(F)F)cc2C(=O)NCc2ccccc2OC(F)(F)F)c1,CGHYVYWFJZTCTO-UHFFFAOYSA-N,CGHYVYWFJZTCTO,eligible,515.458,4.029,80.21,3,5,10,36,3,0.2808,0,1,1
LIB_CGIFTRWAYIWEGG,ChEMBL,CHEMBL101389,CHEMBL101389,https://www.ebi.ac.uk/chembl/compound_report_card/CHEMBL101389/,COc1cc2nccc(Oc3cccc(O)c3)c2cc1OC,COc1cc2nccc(Oc3cccc(O)c3)c2cc1OC,COc1cc2nccc(Oc3cccc(O)c3)c2cc1OC,CGIFTRWAYIWEGG-UHFFFAOYSA-N,CGIFTRWAYIWEGG,eligible,297.31,3.75,60.81,1,5,4,22,3,0.7944,0,1,1
LIB_CGIGDMFJXJATDK,ChEMBL,CHEMBL3989410,CHEMBL3989410;CHEMBL6,https://www.ebi.ac.uk/chembl/compound_report_card/CHEMBL3989410/,COc1ccc2c(c1)c(CC(=O)[O-])c(C)n2C(=O)c1ccc(Cl)cc1.O.O.O.[Na+],COc1ccc2c(c1)c(CC(=O)O)c(C)n2C(=O)c1ccc(Cl)cc1,COc1ccc2c(c1)c(CC(=O)O)c(C)n2C(=O)c1ccc(Cl)cc1,CGIGDMFJXJATDK-UHFFFAOYSA-N,CGIGDMFJXJATDK,eligible,357.793,3.927,68.53,1,3,4,25,3,0.7678,0,2,1
LIB_CGJZGIWSWIVKAE,ChEMBL,CHEMBL108209,CHEMBL108209,https://www.ebi.ac.uk/chembl/compound_report_card/CHEMBL108209/,CC(=O)/C=C/c1ccc(OCc2ccccc2)c(OCc2ccccc2)c1,CC(=O)/C=C/c1ccc(OCc2ccccc2)c(OCc2ccccc2)c1,CC(=O)C=Cc1ccc(OCc2ccccc2)c(OCc2ccccc2)c1,CGJZGIWSWIVKAE-OUKQBFOZSA-N,CGJZGIWSWIVKAE,eligible,358.437,5.447,35.53,0,3,8,27,3,0.5026,0,1,1
LIB_CGKYAZRUSFNWCE,ChEMBL,CHEMBL102306,CHEMBL102306,https://www.ebi.ac.uk/chembl/compound_report_card/CHEMBL102306/,CCN(CC)C[C@H]1CO[C@H]2c3nc4c5ccccc5n(C)c4nc3N(C)C(=O)N2[C@@H](CN(CC)CC)O1,CCN(CC)C[C@H]1CO[C@H]2c3nc4c5ccccc5n(C)c4nc3N(C)C(=O)N2[C@@H](CN(CC)CC)O1,CCN(CC)CC1COC2c3nc4c5ccccc5n(C)c4nc3N(C)C(=O)N2C(CN(CC)CC)O1,CGKYAZRUSFNWCE-COKJOHSESA-N,CGKYAZRUSFNWCE,eligible,509.655,3.417,79.2,0,7,8,37,5,0.4604,0,1,1
LIB_CGMDSWARZPNFJK,ChEMBL,CHEMBL100520,CHEMBL100520,https://www.ebi.ac.uk/chembl/compound_report_card/CHEMBL100520/,CCc1coc2cc(OCCCN3CCC(C(=O)c4ccc(F)cc4)CC3)ccc2c1=O,CCc1coc2cc(OCCCN3CCC(C(=O)c4ccc(F)cc4)CC3)ccc2c1=O,CCc1coc2cc(OCCCN3CCC(C(=O)c4ccc(F)cc4)CC3)ccc2c1=O,CGMDSWARZPNFJK-UHFFFAOYSA-N,CGMDSWARZPNFJK,eligible,437.511,4.858,59.75,0,5,8,32,4,0.3721,0,1,1
LIB_CGNHFLLBSFJUGU,ChEMBL,CHEMBL10705,CHEMBL10705,https://www.ebi.ac.uk/chembl/compound_report_card/CHEMBL10705/,COCC12NC(Cc3ccccc31)c1ccccc12,COCC12NC(Cc3ccccc31)c1ccccc12,COCC12NC(Cc3ccccc31)c1ccccc12,CGNHFLLBSFJUGU-UHFFFAOYSA-N,CGNHFLLBSFJUGU,eligible,251.329,2.777,21.26,1,2,2,19,4,0.8859,0,1,1
LIB_CGOSLGDEUKJOJV,ChEMBL,CHEMBL1086033,CHEMBL1086033,https://www.ebi.ac.uk/chembl/compound_report_card/CHEMBL1086033/,Cc1ccc2cc(CCN3CCC[C@H]3C)ccc2n1,Cc1ccc2cc(CCN3CCC[C@H]3C)ccc2n1,Cc1ccc2cc(CCN3CCCC3C)ccc2n1,CGOSLGDEUKJOJV-CQSZACIVSA-N,CGOSLGDEUKJOJV,eligible,254.377,3.57,16.13,0,2,3,19,3,0.8321,0,1,1
LIB_CGQDAOUXFCPXQC,ChEMBL,CHEMBL107658,CHEMBL107658;CHEMBL107816,https://www.ebi.ac.uk/chembl/compound_report_card/CHEMBL107658/,O=C(C[C@H]1N=C(c2ccccc2)c2cc(Cl)ccc2NC1=O)OCc1ccccc1,O=C(CC1N=C(c2ccccc2)c2cc(Cl)ccc2NC1=O)OCc1ccccc1,O=C(CC1N=C(c2ccccc2)c2cc(Cl)ccc2NC1=O)OCc1ccccc1,CGQDAOUXFCPXQC-UHFFFAOYSA-N,CGQDAOUXFCPXQC,eligible,418.88,4.632,67.76,1,4,5,30,4,0.614,0,2,1
LIB_CGRGAPDFXXSASA,ChEMBL,CHEMBL1085796,CHEMBL1085796,https://www.ebi.ac.uk/chembl/compound_report_card/CHEMBL1085796/,Cc1ccc(NC(=O)CN(Cc2ccccc2)Cc2ccc(OC(C)(C)C(=O)O)cc2)c(C)c1,Cc1ccc(NC(=O)CN(Cc2ccccc2)Cc2ccc(OC(C)(C)C(=O)O)cc2)c(C)c1,Cc1ccc(NC(=O)CN(Cc2ccccc2)Cc2ccc(OC(C)(C)C(=O)O)cc2)c(C)c1,CGRGAPDFXXSASA-UHFFFAOYSA-N,CGRGAPDFXXSASA,eligible,460.574,5.186,78.87,2,4,10,34,3,0.4355,0,1,1
LIB_CGTWWBNRVWICDG,ChEMBL,CHEMBL104393,CHEMBL104393,https://www.ebi.ac.uk/chembl/compound_report_card/CHEMBL104393/,Br.CC[S+]([O-])c1ccc2n(c1)cc(-c1ccc(/C=N/NC(=N)N)cc1)[n+]2C.[Br-],CC[S+]([O-])c1ccc2n(c1)cc(-c1ccc(/C=N/N=C(N)N)cc1)[n+]2C,CC[S+]([O-])c1ccc2n(c1)cc(-c1ccc(C=NN=C(N)N)cc1)[n+]2C,CGTWWBNRVWICDG-UFFVCSGVSA-N,CGTWWBNRVWICDG,eligible,369.474,1.166,108.11,2,3,5,26,3,0.2316,1,1,1
LIB_CGUKRHMBJLHCNW,ChEMBL,CHEMBL1080432,CHEMBL1080432,https://www.ebi.ac.uk/chembl/compound_report_card/CHEMBL1080432/,C[n+]1ccc2cc3c(cc2c1Cc1ccc(O)cc1)OCO3.O=C([O-])C(F)(F)F,C[n+]1ccc2cc3c(cc2c1Cc1ccc(O)cc1)OCO3,C[n+]1ccc2cc3c(cc2c1Cc1ccc(O)cc1)OCO3,CGUKRHMBJLHCNW-UHFFFAOYSA-O,CGUKRHMBJLHCNW,eligible,294.33,2.689,42.57,1,3,2,22,4,0.739,1,1,1
LIB_CGUSMFXMNDINBL,ChEMBL,CHEMBL1086561,CHEMBL1086561,https://www.ebi.ac.uk/chembl/compound_report_card/CHEMBL1086561/,Cc1nc(N2CCOCC2)sc1-c1ccc2cc(CCN3CCC[C@H]3C)ccc2n1,Cc1nc(N2CCOCC2)sc1-c1ccc2cc(CCN3CCC[C@H]3C)ccc2n1,Cc1nc(N2CCOCC2)sc1-c1ccc2cc(CCN3CCCC3C)ccc2n1,CGUSMFXMNDINBL-QGZVFWFLSA-N,CGUSMFXMNDINBL,eligible,422.598,4.53,41.49,0,6,5,30,5,0.6042,0,1,1
LIB_CGWHWXOGSRSKEI,ChEMBL,CHEMBL1082640,CHEMBL1082640,https://www.ebi.ac.uk/chembl/compound_report_card/CHEMBL1082640/,CN(C)[C@@H]1Cc2ccc(O)c3c2[C@H]2[C@@H](O3)C(=O)CC[C@]21O,CN(C)[C@@H]1Cc2ccc(O)c3c2C2C(O3)C(=O)CC[C@]21O,CN(C)C1Cc2ccc(O)c3c2C2C(O3)C(=O)CCC21O,CGWHWXOGSRSKEI-MLVVQWTHSA-N,CGWHWXOGSRSKEI,eligible,289.331,0.817,70.0,2,5,1,21,4,0.8007,0,1,1
LIB_CGWIQIDEPCKACR,ChEMBL,CHEMBL1081318,CHEMBL1081318,https://www.ebi.ac.uk/chembl/compound_report_card/CHEMBL1081318/,N#C/N=C(/NCCCc1ccccc1)NCCc1c[nH]cn1,N#CN=C(NCCCc1ccccc1)NCCc1c[nH]cn1,N#CN=C(NCCCc1ccccc1)NCCc1c[nH]cn1,CGWIQIDEPCKACR-UHFFFAOYSA-N,CGWIQIDEPCKACR,eligible,296.378,1.601,88.89,3,3,7,22,2,0.3133,0,1,1
LIB_CGYAPKNMCALELZ,ChEMBL,CHEMBL100380,CHEMBL100380,https://www.ebi.ac.uk/chembl/compound_report_card/CHEMBL100380/,C[C@H](NC(=O)/C=C/c1ccccc1)c1ccc(F)c(N2CCOCC2)c1,C[C@H](NC(=O)/C=C/c1ccccc1)c1ccc(F)c(N2CCOCC2)c1,CC(NC(=O)C=Cc1ccccc1)c1ccc(F)c(N2CCOCC2)c1,CGYAPKNMCALELZ-JCVNQNCUSA-N,CGYAPKNMCALELZ,eligible,354.425,3.553,41.57,1,3,5,26,3,0.8351,0,1,1
LIB_CGYVWNFDAWEANQ,ChEMBL,CHEMBL1085138,CHEMBL1085138,https://www.ebi.ac.uk/chembl/compound_report_card/CHEMBL1085138/,O=C(Nc1cc2cc[nH]c(=O)c2cc1Cl)c1ccccc1,O=C(Nc1cc2cc[nH]c(=O)c2cc1Cl)c1ccccc1,O=C(Nc1cc2cc[nH]c(=O)c2cc1Cl)c1ccccc1,CGYVWNFDAWEANQ-UHFFFAOYSA-N,CGYVWNFDAWEANQ,eligible,298.729,3.434,61.96,2,2,2,21,3,0.7611,0,1,1
LIB_CGZGKFAPGLJOJV,ChEMBL,CHEMBL1084231,CHEMBL1084231,https://www.ebi.ac.uk/chembl/compound_report_card/CHEMBL1084231/,Cc1[nH]c2ccccc2c1-c1nc(-c2ccc(F)cc2)c(-c2ccccc2)[nH]1,Cc1[nH]c2ccccc2c1-c1nc(-c2ccc(F)cc2)c(-c2ccccc2)[nH]1,Cc1[nH]c2ccccc2c1-c1nc(-c2ccc(F)cc2)c(-c2ccccc2)[nH]1,CGZGKFAPGLJOJV-UHFFFAOYSA-N,CGZGKFAPGLJOJV,eligible,367.427,6.34,44.47,2,1,3,28,5,0.3839,0,1,1
LIB_CGZLIOYPWHSAHJ,ChEMBL,CHEMBL1084677,CHEMBL1084677,https://www.ebi.ac.uk/chembl/compound_report_card/CHEMBL1084677/,CNCCS(=O)(=O)NC[C@H]1CC[C@@H]2[C@H](O1)c1cc(C(F)(F)F)ccc1N[C@H]2c1ccccc1,CNCCS(=O)(=O)NC[C@H]1CC[C@@H]2[C@H](O1)c1cc(C(F)(F)F)ccc1N[C@H]2c1ccccc1,CNCCS(=O)(=O)NCC1CCC2C(c3ccccc3)Nc3ccc(C(F)(F)F)cc3C2O1,CGZLIOYPWHSAHJ-KSCDAYEDSA-N,CGZLIOYPWHSAHJ,eligible,483.556,3.847,79.46,3,5,7,33,4,0.5577,0,1,1
LIB_CHBNVQXMFKNUJB,ChEMBL,CHEMBL1082383,CHEMBL1082383,https://www.ebi.ac.uk/chembl/compound_report_card/CHEMBL1082383/,O=C(O)c1ccc2c(c1)[C@@H]1OCCC[C@@H]1[C@@H](c1ccc(Cl)cc1Cl)N2,O=C(O)c1ccc2c(c1)[C@@H]1OCCC[C@@H]1[C@@H](c1ccc(Cl)cc1Cl)N2,O=C(O)c1ccc2c(c1)C1OCCCC1C(c1ccc(Cl)cc1Cl)N2,CHBNVQXMFKNUJB-FSPWUOQZSA-N,CHBNVQXMFKNUJB,eligible,378.255,5.326,58.56,2,3,2,25,4,0.7421,0,1,1
LIB_CHBRHODLKOZEPZ,ChEMBL,CHEMBL1697737,CHEMBL1697737,https://www.ebi.ac.uk/chembl/compound_report_card/CHEMBL1697737/,CCc1cc2c(s1)N(C)C(=O)CN=C2c1ccccc1Cl,CCc1cc2c(s1)N(C)C(=O)CN=C2c1ccccc1Cl,CCc1cc2c(s1)N(C)C(=O)CN=C2c1ccccc1Cl,CHBRHODLKOZEPZ-UHFFFAOYSA-N,CHBRHODLKOZEPZ,eligible,318.829,3.778,32.67,0,3,2,21,3,0.8291,0,1,1
LIB_CHBZZHCSYZZXOV,ChEMBL,CHEMBL100556,CHEMBL100556,https://www.ebi.ac.uk/chembl/compound_report_card/CHEMBL100556/,CN1C2CCC1CC(n1nnc3ccccc3c1=O)C2,CN1C2CCC1CC(n1nnc3ccccc3c1=O)C2,CN1C2CCC1CC(n1nnc3ccccc3c1=O)C2,CHBZZHCSYZZXOV-UHFFFAOYSA-N,CHBZZHCSYZZXOV,eligible,270.336,1.589,51.02,0,4,1,20,4,0.7894,0,1,1
LIB_CHDBAHSOAHUSRA,ChEMBL,CHEMBL1084031,CHEMBL1084031,https://www.ebi.ac.uk/chembl/compound_report_card/CHEMBL1084031/,O=C(CCc1nc(-c2ccc(O)cn2)no1)NC1=C(C(=O)O)CC(c2ccc(F)nc2)CC1,O=C(CCc1nc(-c2ccc(O)cn2)no1)N=C1CCC(c2ccc(F)nc2)CC1C(=O)O,O=C(CCc1nc(-c2ccc(O)cn2)no1)N=C1CCC(c2ccc(F)nc2)CC1C(=O)O,CHDBAHSOAHUSRA-UHFFFAOYSA-N,CHDBAHSOAHUSRA,eligible,453.43,2.94,151.66,2,8,6,33,4,0.5366,0,1,1
LIB_CHFMAFLBJKNXLK,ChEMBL,CHEMBL1076270,CHEMBL1076270,https://www.ebi.ac.uk/chembl/compound_report_card/CHEMBL1076270/,Cc1cc(=O)oc2c3c(ccc12)OCC(CN1CCN(c2ccccc2)CC1)(CN1CCN(c2ccccc2)CC1)C3=O,Cc1cc(=O)oc2c3c(ccc12)OCC(CN1CCN(c2ccccc2)CC1)(CN1CCN(c2ccccc2)CC1)C3=O,Cc1cc(=O)oc2c3c(ccc12)OCC(CN1CCN(c2ccccc2)CC1)(CN1CCN(c2ccccc2)CC1)C3=O,CHFMAFLBJKNXLK-UHFFFAOYSA-N,CHFMAFLBJKNXLK,eligible,578.713,4.307,69.47,0,8,6,43,7,0.3139,0,1,1
LIB_CHGPSJYMDMILPX,ChEMBL,CHEMBL1081995,CHEMBL1081995,https://www.ebi.ac.uk/chembl/compound_report_card/CHEMBL1081995/,Cc1cc(C#N)cc(C(=O)c2c(C(C)C)c(=O)[nH]c(=O)n2Cc2ccnc(F)c2)c1,Cc1cc(C#N)cc(C(=O)c2c(C(C)C)c(=O)[nH]c(=O)n2Cc2ccnc(F)c2)c1,Cc1cc(C#N)cc(C(=O)c2c(C(C)C)c(=O)[nH]c(=O)n2Cc2ccnc(F)c2)c1,CHGPSJYMDMILPX-UHFFFAOYSA-N,CHGPSJYMDMILPX,eligible,406.417,2.654,108.61,1,5,5,30,3,0.5176,0,1,1
LIB_CHIBSDMOHJPZGC,ChEMBL,CHEMBL106836,CHEMBL106836,https://www.ebi.ac.uk/chembl/compound_report_card/CHEMBL106836/,Oc1ccc2c(c1)[C@@H]1c3cc(O)c(O)cc3CC[C@H]1NC2,Oc1ccc2c(c1)C1c3cc(O)c(O)cc3CC[C@H]1NC2,Oc1ccc2c(c1)C1c3cc(O)c(O)cc3CCC1NC2,CHIBSDMOHJPZGC-XPCCGILXSA-N,CHIBSDMOHJPZGC,eligible,283.327,2.353,72.72,4,4,0,21,4,0.5601,0,1,1
LIB_CHIYZMZOGZFRLK,ChEMBL,CHEMBL10816,CHEMBL10816,https://www.ebi.ac.uk/chembl/compound_report_card/CHEMBL10816/,CC(=O)NCCc1cccc2ccc3c(c12)C(O)CO3,CC(=O)NCCc1cccc2ccc3c(c12)C(O)CO3,CC(=O)NCCc1cccc2ccc3c(c12)C(O)CO3,CHIYZMZOGZFRLK-UHFFFAOYSA-N,CHIYZMZOGZFRLK,eligible,271.316,1.944,58.56,2,3,3,20,3,0.8967,0,1,1
LIB_CHJNMNJXRMKDRM,ChEMBL,CHEMBL1078570,CHEMBL1078570,https://www.ebi.ac.uk/chembl/compound_report_card/CHEMBL1078570/,O=c1cc[nH]c2ccc3[nH]ncc3c12,O=c1cc[nH]c2ccc3[nH]ncc3c12,O=c1cc[nH]c2ccc3[nH]ncc3c12,CHJNMNJXRMKDRM-UHFFFAOYSA-N,CHJNMNJXRMKDRM,eligible,185.186,1.404,61.54,2,2,0,14,3,0.5558,0,1,1
LIB_CHLLENYTSNHZGS,ChEMBL,CHEMBL106299,CHEMBL106299,https://www.ebi.ac.uk/chembl/compound_report_card/CHEMBL106299/,Cc1cccc(C)c1C(=O)N1CCC(C)(N2CCC(Cc3ccc(Cl)cc3)CC2)CC1,Cc1cccc(C)c1C(=O)N1CCC(C)(N2CCC(Cc3ccc(Cl)cc3)CC2)CC1,Cc1cccc(C)c1C(=O)N1CCC(C)(N2CCC(Cc3ccc(Cl)cc3)CC2)CC1,CHLLENYTSNHZGS-UHFFFAOYSA-N,CHLLENYTSNHZGS,eligible,439.043,5.906,23.55,0,2,4,31,4,0.5922,0,1,1
LIB_CHNHCRBXHMOZTQ,ChEMBL,CHEMBL1086467,CHEMBL1086467,https://www.ebi.ac.uk/chembl/compound_report_card/CHEMBL1086467/,C[C@@H]1CN(C(=O)c2ccccc2)CCN1c1nnc(-c2ccc(Cl)cc2)c2ccccc12,C[C@@H]1CN(C(=O)c2ccccc2)CCN1c1nnc(-c2ccc(Cl)cc2)c2ccccc12,CC1CN(C(=O)c2ccccc2)CCN1c1nnc(-c2ccc(Cl)cc2)c2ccccc12,CHNHCRBXHMOZTQ-GOSISDBHSA-N,CHNHCRBXHMOZTQ,eligible,442.95,5.301,49.33,0,4,3,32,5,0.4316,0,1,1
LIB_CHNUNORXWHYHNE,ChEMBL,CHEMBL1080648,CHEMBL1080648,https://www.ebi.ac.uk/chembl/compound_report_card/CHEMBL1080648/,CC(C)Oc1cc(-n2nc(C(C)(C)C)oc2=O)c(Cl)cc1Cl,CC(C)Oc1cc(-n2nc(C(C)(C)C)oc2=O)c(Cl)cc1Cl,CC(C)Oc1cc(-n2nc(C(C)(C)C)oc2=O)c(Cl)cc1Cl,CHNUNORXWHYHNE-UHFFFAOYSA-N,CHNUNORXWHYHNE,eligible,345.226,4.217,57.26,0,4,3,22,2,0.8359,0,1,1
LIB_CHNUOJQWGUIOLD,ChEMBL,CHEMBL56337,CHEMBL56337,https://www.ebi.ac.uk/chembl/compound_report_card/CHEMBL56337/,CC(/C=C1\SC(=S)N(CC(=O)O)C1=O)=C\c1ccccc1,CC(/C=C1\SC(=S)N(CC(=O)O)C1=O)=C\c1ccccc1,CC(=Cc1ccccc1)C=C1SC(=S)N(CC(=O)O)C1=O,CHNUOJQWGUIOLD-NFZZJPOKSA-N,CHNUOJQWGUIOLD,eligible,319.407,2.919,57.61,1,4,4,21,2,0.6829,0,1,1
LIB_CHOAIKBSHTVKSR,ChEMBL,CHEMBL1085451,CHEMBL1085451,https://www.ebi.ac.uk/chembl/compound_report_card/CHEMBL1085451/,Cc1cc(C)cc(NC(=O)Nc2c(-c3ccc(F)cc3)nc3ccccc3c2O)c1,Cc1cc(C)cc(NC(=O)Nc2c(-c3ccc(F)cc3)[nH]c3ccccc3c2=O)c1,Cc1cc(C)cc(NC(=O)Nc2c(-c3ccc(F)cc3)[nH]c3ccccc3c2=O)c1,CHOAIKBSHTVKSR-UHFFFAOYSA-N,CHOAIKBSHTVKSR,eligible,401.441,5.595,73.99,3,2,3,30,4,0.4183,0,1,1
LIB_CHQGSDAUFUMOBE,ChEMBL,CHEMBL104794,CHEMBL104794,https://www.ebi.ac.uk/chembl/compound_report_card/CHEMBL104794/,CC(C)(C)c1ccc(C#N)cc1NC(=O)Nc1ccccc1,CC(C)(C)c1ccc(C#N)cc1NC(=O)Nc1ccccc1,CC(C)(C)c1ccc(C#N)cc1NC(=O)Nc1ccccc1,CHQGSDAUFUMOBE-UHFFFAOYSA-N,CHQGSDAUFUMOBE,eligible,293.37,4.5,64.92,2,2,2,22,2,0.8558,0,1,1
LIB_CHQNQZTUBMLBST,ChEMBL,CHEMBL100619,CHEMBL100619;CHEMBL100722,https://www.ebi.ac.uk/chembl/compound_report_card/CHEMBL100619/,N=C(N)c1cccc(C(=O)N[C@H](Cc2ccccc2)C(=O)Nc2ccc(-c3ccccc3S(N)(=O)=O)cc2)c1,N=C(N)c1cccc(C(=O)NC(Cc2ccccc2)C(=O)Nc2ccc(-c3ccccc3S(N)(=O)=O)cc2)c1,N=C(N)c1cccc(C(=O)NC(Cc2ccccc2)C(=O)Nc2ccc(-c3ccccc3S(N)(=O)=O)cc2)c1,CHQNQZTUBMLBST-UHFFFAOYSA-N,CHQNQZTUBMLBST,eligible,541.633,3.265,168.23,5,5,9,39,4,0.1616,0,2,1
LIB_CHQOEHPMXSHGCL,ChEMBL,CHEMBL1201329,CHEMBL1201329;CHEMBL1245,https://www.ebi.ac.uk/chembl/compound_report_card/CHEMBL1201329/,O=C1N(Cc2ccccc2)C2C[S+]3CCCC3C2N1Cc1ccccc1,O=C1N(Cc2ccccc2)C2C[S+]3CCCC3C2N1Cc1ccccc1,O=C1N(Cc2ccccc2)C2C[S+]3CCCC3C2N1Cc1ccccc1,CHQOEHPMXSHGCL-UHFFFAOYSA-N,CHQOEHPMXSHGCL,eligible,365.522,3.656,23.55,0,1,4,26,5,0.5991,1,2,1
LIB_CHQUJBYQQDSTOJ,ChEMBL,CHEMBL105026,CHEMBL105026,https://www.ebi.ac.uk/chembl/compound_report_card/CHEMBL105026/,C#CCN(Cc1ccc2nc(OC)[nH]c(=O)c2c1)c1ccc(C(=O)N[C@@H](CCC(=O)O)C(=O)O)c(F)c1,C#CCN(Cc1ccc2[nH]c(OC)nc(=O)c2c1)c1ccc(C(=O)NC(CCC(=O)O)C(=O)O)c(F)c1,C#CCN(Cc1ccc2[nH]c(OC)nc(=O)c2c1)c1ccc(C(=O)NC(CCC(=O)O)C(=O)O)c(F)c1,CHQUJBYQQDSTOJ-UHFFFAOYSA-N,CHQUJBYQQDSTOJ,eligible,510.478,1.758,161.92,4,7,11,37,3,0.2817,0,1,1
LIB_CHRLFWDQCVNSPG,ChEMBL,CHEMBL1084398,CHEMBL1084398,https://www.ebi.ac.uk/chembl/compound_report_card/CHEMBL1084398/,COc1ccc(-c2coc3cc(OCC4CO4)ccc3c2=O)cc1OC,COc1ccc(-c2coc3cc(OCC4CO4)ccc3c2=O)cc1OC,COc1ccc(-c2coc3cc(OCC4CO4)ccc3c2=O)cc1OC,CHRLFWDQCVNSPG-UHFFFAOYSA-N,CHRLFWDQCVNSPG,eligible,354.358,3.255,70.43,0,6,6,26,4,0.633,0,1,1
LIB_CHSYXJNUOMUPOG,ChEMBL,CHEMBL1201891,CHEMBL1201891,https://www.ebi.ac.uk/chembl/compound_report_card/CHEMBL1201891/,CC(=O)OCC(=O)[C@@]12N=C(C)O[C@@H]1C[C@H]1[C@@H]3CCC4=CC(=O)C=C[C@]4(C)[C@H]3[C@@H](O)C[C@@]12C,CC(=O)OCC(=O)[C@@]12N=C(C)O[C@@H]1C[C@H]1[C@@H]3CC=C4CC(=O)C=C[C@]4(C)[C@H]3[C@@H](O)C[C@@]12C,CC(=O)OCC(=O)C12N=C(C)OC1CC1C3CC=C4CC(=O)C=CC4(C)C3C(O)CC12C,CHSYXJNUOMUPOG-GRMWVWQJSA-N,CHSYXJNUOMUPOG,eligible,441.524,2.563,102.26,1,7,3,32,5,0.5335,0,1,1
LIB_CHTBAPSMBXCYRL,ChEMBL,CHEMBL1080518,CHEMBL1080518,https://www.ebi.ac.uk/chembl/compound_report_card/CHEMBL1080518/,COc1cccc(-c2nc3c(-c4ccco4)n[nH]c3c(=O)n2NC(=O)c2ccccc2)c1,COc1cccc(-c2nc3c(-c4ccco4)[nH]nc3c(=O)n2NC(=O)c2ccccc2)c1,COc1cccc(-c2nc3c(-c4ccco4)[nH]nc3c(=O)n2NC(=O)c2ccccc2)c1,CHTBAPSMBXCYRL-UHFFFAOYSA-N,CHTBAPSMBXCYRL,eligible,427.42,3.439,115.04,2,6,5,32,5,0.444,0,1,1
LIB_CHTCQPFHXXAFSG,ChEMBL,CHEMBL101056,CHEMBL101056,https://www.ebi.ac.uk/chembl/compound_report_card/CHEMBL101056/,COc1ccc(C(CN(C)C)C2(O)CCCCCC2)cc1,COc1ccc(C(CN(C)C)C2(O)CCCCCC2)cc1,COc1ccc(C(CN(C)C)C2(O)CCCCCC2)cc1,CHTCQPFHXXAFSG-UHFFFAOYSA-N,CHTCQPFHXXAFSG,eligible,291.435,3.426,32.7,1,3,5,21,2,0.8437,0,1,1
LIB_CHTGFNQFMFSMRT,ChEMBL,CHEMBL1081423,CHEMBL1081423,https://www.ebi.ac.uk/chembl/compound_report_card/CHEMBL1081423/,CC1=CC(=O)[C@@]2(C)C1=CC(=O)[C@]1(C)[C@@H]2[C@@H](O)[C@@H]2OC(=O)[C@H]1[C@H]2C,CC1=CC(=O)[C@@]2(C)C1=CC(=O)[C@@]1(C)C3C(=O)O[C@@H]([C@H](O)[C@H]21)[C@@H]3C,CC1=CC(=O)C2(C)C1=CC(=O)C1(C)C3C(=O)OC(C3C)C(O)C21,CHTGFNQFMFSMRT-AABIZTIWSA-N,CHTGFNQFMFSMRT,eligible,316.353,1.206,80.67,1,5,0,23,4,0.6794,0,1,1
LIB_CHVDSOLPNFAJIV,ChEMBL,CHEMBL100050,CHEMBL100050,https://www.ebi.ac.uk/chembl/compound_report_card/CHEMBL100050/,CN1/C(=C(C#N)\C(C#N)=C2\Sc3ccccc3N2C)Sc2ccccc21,CN1/C(=C(C#N)\C(C#N)=C2\Sc3ccccc3N2C)Sc2ccccc21,CN1C(=C(C#N)C(C#N)=C2Sc3ccccc3N2C)Sc2ccccc21,CHVDSOLPNFAJIV-IWGRKNQJSA-N,CHVDSOLPNFAJIV,eligible,374.494,4.941,54.06,0,6,1,26,4,0.6591,0,1,1
LIB_CHWFDPAJBGGXDQ,ChEMBL,CHEMBL108565,CHEMBL108565,https://www.ebi.ac.uk/chembl/compound_report_card/CHEMBL108565/,O=C(NO)C1COC(c2cccnc2)=N1,ON=C(O)C1COC(c2cccnc2)=N1,ON=C(O)C1COC(c2cccnc2)=N1,CHWFDPAJBGGXDQ-UHFFFAOYSA-N,CHWFDPAJBGGXDQ,eligible,207.189,0.573,87.3,2,5,2,15,2,0.321,0,1,1
LIB_CHWGLKHOBLGTND,ChEMBL,CHEMBL1079495,CHEMBL1079495,https://www.ebi.ac.uk/chembl/compound_report_card/CHEMBL1079495/,O=C(Nc1ccc(C(F)(F)P(=O)(O)O)cc1)c1ccccc1,O=C(Nc1ccc(C(F)(F)P(=O)(O)O)cc1)c1ccccc1,O=C(Nc1ccc(C(F)(F)P(=O)(O)O)cc1)c1ccccc1,CHWGLKHOBLGTND-UHFFFAOYSA-N,CHWGLKHOBLGTND,eligible,327.223,3.166,86.63,3,2,4,22,2,0.753,0,1,1
LIB_CHWKXLFCYIDJEF,ChEMBL,CHEMBL107327,CHEMBL107327,https://www.ebi.ac.uk/chembl/compound_report_card/CHEMBL107327/,CN(CCCCCN1C(=O)CSC1c1cc(C(C)(C)C)c(O)c(C(C)(C)C)c1)CCOc1ccc2c(c1)OCO2,CN(CCCCCN1C(=O)CSC1c1cc(C(C)(C)C)c(O)c(C(C)(C)C)c1)CCOc1ccc2c(c1)OCO2,CN(CCCCCN1C(=O)CSC1c1cc(C(C)(C)C)c(O)c(C(C)(C)C)c1)CCOc1ccc2c(c1)OCO2,CHWKXLFCYIDJEF-UHFFFAOYSA-N,CHWKXLFCYIDJEF,eligible,570.796,6.471,71.47,1,7,11,40,4,0.3105,0,1,1
LIB_CHWMTSYJQGXKSR,ChEMBL,CHEMBL1080066,CHEMBL1080066,https://www.ebi.ac.uk/chembl/compound_report_card/CHEMBL1080066/,C[C@@H]1CCOC(=O)/C=C/C=C\C(=O)O[C@@H]2C[C@H]3O[C@@H]4C=C(CO)CC[C@]4(COC(=O)[C@H]1O)[C@]2(C)[C@]31CO1,CC1CCOC(=O)/C=C/C=C\C(=O)O[C@@H]2C[C@H]3O[C@@H]4C=C(CO)CC[C@]4(COC(=O)C1O)[C@]2(C)[C@]31CO1,CC1CCOC(=O)C=CC=CC(=O)OC2CC3OC4C=C(CO)CCC4(COC(=O)C1O)C2(C)C31CO1,CHWMTSYJQGXKSR-FMOORKPQSA-N,CHWMTSYJQGXKSR,eligible,518.559,1.143,141.12,2,10,1,37,5,0.2247,0,1,1
LIB_CHZDZXOVCILOLM,ChEMBL,CHEMBL1080771,CHEMBL1080771,https://www.ebi.ac.uk/chembl/compound_report_card/CHEMBL1080771/,Cc1ncc(-n2c(C)cc(OCc3ccc(F)cc3F)c(Br)c2=O)cn1,Cc1ncc(-n2c(C)cc(OCc3ccc(F)cc3F)c(Br)c2=O)cn1,Cc1ncc(-n2c(C)cc(OCc3ccc(F)cc3F)c(Br)c2=O)cn1,CHZDZXOVCILOLM-UHFFFAOYSA-N,CHZDZXOVCILOLM,eligible,422.229,3.864,57.01,0,4,4,26,3,0.641,0,1,1
LIB_CIAPKHYZZNAGPA,ChEMBL,CHEMBL1081577,CHEMBL1081577,https://www.ebi.ac.uk/chembl/compound_report_card/CHEMBL1081577/,CC(=O)N(c1ccccc1)C1CC(C)N(C(=O)c2ccccc2C)c2ccccc21,CC(=O)N(c1ccccc1)C1CC(C)N(C(=O)c2ccccc2C)c2ccccc21,CC(=O)N(c1ccccc1)C1CC(C)N(C(=O)c2ccccc2C)c2ccccc21,CIAPKHYZZNAGPA-UHFFFAOYSA-N,CIAPKHYZZNAGPA,eligible,398.506,5.528,40.62,0,2,3,30,4,0.5821,0,1,1
LIB_CIBARXUQAXSAER,ChEMBL,CHEMBL101869,CHEMBL101869,https://www.ebi.ac.uk/chembl/compound_report_card/CHEMBL101869/,O=C1CC2(CCN(CCc3cccc4ccccc34)CC2)Oc2ccccc21,O=C1CC2(CCN(CCc3cccc4ccccc34)CC2)Oc2ccccc21,O=C1CC2(CCN(CCc3cccc4ccccc34)CC2)Oc2ccccc21,CIBARXUQAXSAER-UHFFFAOYSA-N,CIBARXUQAXSAER,eligible,371.48,4.882,29.54,0,3,3,28,5,0.657,0,1,1
LIB_CIDPJZSQXXPGQS,ChEMBL,CHEMBL104317,CHEMBL104317;CHEMBL105904,https://www.ebi.ac.uk/chembl/compound_report_card/CHEMBL104317/,COc1cc2c(c3c1c(=O)c1cc4ccccc4cc1n3C)[C@@H](O)[C@H](OC(C)=O)C(C)(C)O2,COc1cc2c(c3c1c(=O)c1cc4ccccc4cc1n3C)[C@@H](O)[C@H](OC(C)=O)C(C)(C)O2,COc1cc2c(c3c1c(=O)c1cc4ccccc4cc1n3C)C(O)C(OC(C)=O)C(C)(C)O2,CIDPJZSQXXPGQS-RPBOFIJWSA-N,CIDPJZSQXXPGQS,eligible,447.487,3.99,86.99,1,6,2,33,5,0.3694,0,2,2
LIB_CIEFRUPOKQYNSY,ChEMBL,CHEMBL1078635,CHEMBL1078635,https://www.ebi.ac.uk/chembl/compound_report_card/CHEMBL1078635/,COc1cc2c(cc1NC#N)CC[C@@H]1[C@@H]2CC[C@]2(C)[C@@H](O)CC[C@@H]12,COc1cc2c(cc1NC#N)CC[C@@H]1[C@@H]2CC[C@]2(C)[C@@H](O)CC[C@@H]12,COc1cc2c(cc1NC#N)CCC1C2CCC2(C)C(O)CCC12,CIEFRUPOKQYNSY-BKRJIHRRSA-N,CIEFRUPOKQYNSY,eligible,326.44,3.805,65.28,2,4,2,24,4,0.6406,0,1,1
LIB_CIFOARNLFNECDI,ChEMBL,CHEMBL10278,CHEMBL10278,https://www.ebi.ac.uk/chembl/compound_report_card/CHEMBL10278/,O=C1CCC(c2ccccc2)(C2CCN(Cc3cccc(I)c3)CC2)C(=O)N1,O=C1CCC(c2ccccc2)(C2CCN(Cc3cccc(I)c3)CC2)C(=O)N1,O=C1CCC(c2ccccc2)(C2CCN(Cc3cccc(I)c3)CC2)C(=O)N1,CIFOARNLFNECDI-UHFFFAOYSA-N,CIFOARNLFNECDI,eligible,488.369,3.878,49.41,1,3,4,28,4,0.5254,0,1,1
LIB_CIGNZXWBHKAMIO,ChEMBL,CHEMBL1201010,CHEMBL1201010,https://www.ebi.ac.uk/chembl/compound_report_card/CHEMBL1201010/,CC(=O)OCC(=O)[C@@]1(O)CC[C@H]2[C@@H]3CCC4=CC(=O)CC[C@]4(C)[C@@]3(F)[C@@H](O)C[C@@]21C,CC(=O)OCC(=O)[C@@]1(O)CC[C@H]2[C@@H]3CC=C4CC(=O)CC[C@]4(C)[C@@]3(F)[C@@H](O)C[C@@]21C,CC(=O)OCC(=O)C1(O)CCC2C3CC=C4CC(=O)CCC4(C)C3(F)C(O)CC21C,CIGNZXWBHKAMIO-GSLJADNHSA-N,CIGNZXWBHKAMIO,eligible,422.493,2.445,100.9,2,6,3,30,4,0.5352,0,1,1
LIB_CIHHOYYZRDWTEL,ChEMBL,CHEMBL1084788,CHEMBL1084788,https://www.ebi.ac.uk/chembl/compound_report_card/CHEMBL1084788/,c1ccc(-c2cnc(NCN3CCCCC3)nn2)cc1,c1ccc(-c2cnc(NCN3CCCCC3)nn2)cc1,c1ccc(-c2cnc(NCN3CCCCC3)nn2)cc1,CIHHOYYZRDWTEL-UHFFFAOYSA-N,CIHHOYYZRDWTEL,eligible,269.352,2.394,53.94,1,5,4,20,3,0.9233,0,1,1
LIB_CIHOUKJVHVUMQY,ChEMBL,CHEMBL1079317,CHEMBL1079317,https://www.ebi.ac.uk/chembl/compound_report_card/CHEMBL1079317/,c1ccc2c(c1)c1ccccc1n2CCCCCCn1ccnc1,c1ccc2c(c1)c1ccccc1n2CCCCCCn1ccnc1,c1ccc2c(c1)c1ccccc1n2CCCCCCn1ccnc1,CIHOUKJVHVUMQY-UHFFFAOYSA-N,CIHOUKJVHVUMQY,eligible,317.436,5.252,22.75,0,1,7,24,4,0.4267,0,1,1
LIB_CIIJPJHDTOIAHZ,ChEMBL,CHEMBL108557,CHEMBL108557,https://www.ebi.ac.uk/chembl/compound_report_card/CHEMBL108557/,CC(=O)N1CCCCCC1C#CCN(C)C,CC(=O)N1CCCCCC1C#CCN(C)C,CC(=O)N1CCCCCC1C#CCN(C)C,CIIJPJHDTOIAHZ-UHFFFAOYSA-N,CIIJPJHDTOIAHZ,eligible,222.332,1.343,23.55,0,2,1,16,1,0.6251,0,1,1
LIB_CIJRVRGWKLQPGU,ChEMBL,CHEMBL1079455,CHEMBL1079455,https://www.ebi.ac.uk/chembl/compound_report_card/CHEMBL1079455/,COc1ccc(/C=C/C(=O)NC(=N)N/N=C(\C)c2cc(OC)c(OC)c(OC)c2)cc1,COc1ccc(/C=C/C(=O)N=C(N)N/N=C(\C)c2cc(OC)c(OC)c(OC)c2)cc1,COc1ccc(C=CC(=O)N=C(N)NN=C(C)c2cc(OC)c(OC)c(OC)c2)cc1,CIJRVRGWKLQPGU-XCFSAEAASA-N,CIJRVRGWKLQPGU,eligible,426.473,2.589,116.76,2,6,8,31,2,0.2883,0,1,1
LIB_CIJXSHUKVKDCNT,ChEMBL,CHEMBL102870,CHEMBL102870,https://www.ebi.ac.uk/chembl/compound_report_card/CHEMBL102870/,CC(C)c1cc(-c2ccccc2)cc(C(C)C)[n+]1CC(=O)Nc1ccc(S(N)(=O)=O)cc1I.[O-][Cl+3]([O-])([O-])[O-],CC(C)c1cc(-c2ccccc2)cc(C(C)C)[n+]1CC(=O)Nc1ccc(S(N)(=O)=O)cc1I,CC(C)c1cc(-c2ccccc2)cc(C(C)C)[n+]1CC(=O)Nc1ccc(S(N)(=O)=O)cc1I,CIJXSHUKVKDCNT-UHFFFAOYSA-O,CIJXSHUKVKDCNT,eligible,578.496,4.779,93.14,2,3,7,33,3,0.3124,1,1,1
LIB_CILYGHOKSMHDPF,ChEMBL,CHEMBL1081235,CHEMBL1081235,https://www.ebi.ac.uk/chembl/compound_report_card/CHEMBL1081235/,COC(=O)NC(=O)[C@H](Cc1ccccc1)NC(=O)CNC(=O)[C@@H]1CCCN1C(=O)/C=C/c1ccccc1,COC(=O)NC(=O)C(Cc1ccccc1)NC(=O)CNC(=O)C1CCCN1C(=O)/C=C/c1ccccc1,COC(=O)NC(=O)C(Cc1ccccc1)NC(=O)CNC(=O)C1CCCN1C(=O)C=Cc1ccccc1,CILYGHOKSMHDPF-CCEZHUSRSA-N,CILYGHOKSMHDPF,eligible,506.559,1.417,133.91,3,6,9,37,3,0.4407,0,1,1
LIB_CIMJTMGLLQVUFF,ChEMBL,CHEMBL1086715,CHEMBL1086715,https://www.ebi.ac.uk/chembl/compound_report_card/CHEMBL1086715/,O=C1CC(CBr)=NN1c1c2ccccc2nc2ccc(Br)cc12,O=c1cc(CBr)[nH]n1-c1c2ccccc2nc2ccc(Br)cc12,O=c1cc(CBr)[nH]n1-c1c2ccccc2nc2ccc(Br)cc12,CIMJTMGLLQVUFF-UHFFFAOYSA-N,CIMJTMGLLQVUFF,eligible,433.103,4.524,50.68,1,2,2,23,4,0.3735,0,1,1
LIB_CIMWKLHDLHWKII,ChEMBL,CHEMBL107480,CHEMBL107480,https://www.ebi.ac.uk/chembl/compound_report_card/CHEMBL107480/,O=C(N/N=C/c1ccc(O)c2ccccc12)c1ccc2[nH]ccc2c1,O=C(NN=Cc1ccc(O)c2ccccc12)c1ccc2[nH]ccc2c1,O=C(NN=Cc1ccc(O)c2ccccc12)c1ccc2[nH]ccc2c1,CIMWKLHDLHWKII-UHFFFAOYSA-N,CIMWKLHDLHWKII,eligible,329.359,3.791,77.48,3,3,3,25,4,0.3949,0,1,1
LIB_CIMZKNZIVLVJNK,ChEMBL,CHEMBL106151,CHEMBL106151,https://www.ebi.ac.uk/chembl/compound_report_card/CHEMBL106151/,COc1ccc(-c2nc(C(F)(F)F)cn2-c2ccc(S(C)(=O)=O)cc2)cn1,COc1ccc(-c2nc(C(F)(F)F)cn2-c2ccc(S(C)(=O)=O)cc2)cn1,COc1ccc(-c2nc(C(F)(F)F)cn2-c2ccc(S(C)(=O)=O)cc2)cn1,CIMZKNZIVLVJNK-UHFFFAOYSA-N,CIMZKNZIVLVJNK,eligible,397.378,3.365,74.08,0,5,4,27,3,0.675,0,1,1
LIB_CINLYSVVMFMYQH,ChEMBL,CHEMBL103058,CHEMBL103058,https://www.ebi.ac.uk/chembl/compound_report_card/CHEMBL103058/,CCN1CC=C(c2c[nH]c3ccc(NC(C)=O)nc23)CC1,CCN1CC=C(c2c[nH]c3ccc(NC(C)=O)nc23)CC1,CCN1CC=C(c2c[nH]c3ccc(NC(C)=O)nc23)CC1,CINLYSVVMFMYQH-UHFFFAOYSA-N,CINLYSVVMFMYQH,eligible,284.363,2.63,61.02,2,3,3,21,3,0.9105,0,1,1
LIB_CIOJDYINTCGHMC,ChEMBL,CHEMBL102578,CHEMBL102578,https://www.ebi.ac.uk/chembl/compound_report_card/CHEMBL102578/,N=C(N)c1cccc(N2CCCCN(C3CCN(C(=O)Cc4ccccc4)CC3)C2=O)c1.O=C(O)C(F)(F)F,N=C(N)c1cccc(N2CCCCN(C3CCN(C(=O)Cc4ccccc4)CC3)C2=O)c1,N=C(N)c1cccc(N2CCCCN(C3CCN(C(=O)Cc4ccccc4)CC3)C2=O)c1,CIOJDYINTCGHMC-UHFFFAOYSA-N,CIOJDYINTCGHMC,eligible,433.556,3.227,93.73,2,3,5,32,4,0.56,0,1,1
LIB_CIOLMATWVFUFEF,ChEMBL,CHEMBL1083731,CHEMBL1083731,https://www.ebi.ac.uk/chembl/compound_report_card/CHEMBL1083731/,COc1cc(C(=O)N2C[C@]3(C)C[C@H]2CC(C)(C)C3)ccc1-c1c(C)cccc1C,COc1cc(C(=O)N2C[C@]3(C)C[C@H]2CC(C)(C)C3)ccc1-c1c(C)cccc1C,COc1cc(C(=O)N2CC3(C)CC2CC(C)(C)C3)ccc1-c1c(C)cccc1C,CIOLMATWVFUFEF-FQRUVTKNSA-N,CIOLMATWVFUFEF,eligible,391.555,6.02,29.54,0,2,3,29,4,0.6401,0,1,1
LIB_CIPCLAWYPAQMQV,ChEMBL,CHEMBL107805,CHEMBL107805,https://www.ebi.ac.uk/chembl/compound_report_card/CHEMBL107805/,O=C(CN1CCCCC(NC(=O)c2ccc(-c3ccccc3)cc2)C1=O)NCC1CCNCC1,O=C(CN1CCCCC(NC(=O)c2ccc(-c3ccccc3)cc2)C1=O)NCC1CCNCC1,O=C(CN1CCCCC(NC(=O)c2ccc(-c3ccccc3)cc2)C1=O)NCC1CCNCC1,CIPCLAWYPAQMQV-UHFFFAOYSA-N,CIPCLAWYPAQMQV,eligible,462.594,2.58,90.54,3,4,7,34,4,0.59,0,1,1
LIB_CIQOXZIOZUZYAP,ChEMBL,CHEMBL1086502,CHEMBL1086502,https://www.ebi.ac.uk/chembl/compound_report_card/CHEMBL1086502/,CC(C)(CC(=O)N1CC[C@@H](O)C1)NCC(=O)N1CCC[C@H]1C#N,CC(C)(CC(=O)N1CC[C@@H](O)C1)NCC(=O)N1CCC[C@H]1C#N,CC(C)(CC(=O)N1CCC(O)C1)NCC(=O)N1CCCC1C#N,CIQOXZIOZUZYAP-QWHCGFSZSA-N,CIQOXZIOZUZYAP,eligible,322.409,-0.148,96.67,2,5,5,23,2,0.7338,0,1,1
LIB_CISYOMDZSHBVDN,ChEMBL,CHEMBL101942,CHEMBL101942,https://www.ebi.ac.uk/chembl/compound_report_card/CHEMBL101942/,CCO/C(O)=C1\C(C)=NC(C)=C(C(=O)OCCN(C)Cc2ccccc2)C1c1cccc(-c2cccnc2)c1,CCOC(=O)C1=C(C)N=C(C)C(C(=O)OCCN(C)Cc2ccccc2)C1c1cccc(-c2cccnc2)c1,CCOC(=O)C1=C(C)N=C(C)C(C(=O)OCCN(C)Cc2ccccc2)C1c1cccc(-c2cccnc2)c1,CISYOMDZSHBVDN-UHFFFAOYSA-N,CISYOMDZSHBVDN,eligible,525.649,5.435,81.09,0,7,10,39,4,0.3283,0,1,1
LIB_CIUDTKUKRLRUOR,ChEMBL,CHEMBL1077231,CHEMBL1077231,https://www.ebi.ac.uk/chembl/compound_report_card/CHEMBL1077231/,COc1ccc(Cc2cc([C@@H]3O[C@H](CO)C[C@H](O)[C@H]3O)ccc2Cl)cc1,COc1ccc(Cc2cc([C@@H]3O[C@H](CO)C[C@H](O)[C@H]3O)ccc2Cl)cc1,COc1ccc(Cc2cc(C3OC(CO)CC(O)C3O)ccc2Cl)cc1,CIUDTKUKRLRUOR-FFGOWVMKSA-N,CIUDTKUKRLRUOR,eligible,378.852,2.484,79.15,3,5,5,26,3,0.7446,0,1,1
LIB_CIUHWQDJGXODPO,ChEMBL,CHEMBL1085778,CHEMBL1085778,https://www.ebi.ac.uk/chembl/compound_report_card/CHEMBL1085778/,CN1C[C@@H]2C[C@H]1CN2c1ccc(-c2cccc3[nH]ccc23)cn1,CN1C[C@@H]2C[C@H]1CN2c1ccc(-c2cccc3[nH]ccc23)cn1,CN1CC2CC1CN2c1ccc(-c2cccc3[nH]ccc23)cn1,CIUHWQDJGXODPO-GJZGRUSLSA-N,CIUHWQDJGXODPO,eligible,304.397,3.123,35.16,1,3,2,23,5,0.7898,0,1,1
LIB_CIVSDEYXXUHBPV,ChEMBL,CHEMBL10681,CHEMBL10681;CHEMBL10866,https://www.ebi.ac.uk/chembl/compound_report_card/CHEMBL10681/,CCCCCc1cc(O)c2c(c1)OC(C)(C)[C@@H]1C[C@H](O)[C@H](C)CC21,CCCCCc1cc(O)c2c(c1)OC(C)(C)[C@@H]1C[C@H](O)[C@H](C)CC21,CCCCCc1cc(O)c2c(c1)OC(C)(C)C1CC(O)C(C)CC21,CIVSDEYXXUHBPV-HZTRTUMWSA-N,CIVSDEYXXUHBPV,eligible,332.484,4.787,49.69,2,3,4,24,3,0.7797,0,2,2
LIB_CIWATJKMNLQEKA,ChEMBL,CHEMBL1077436,CHEMBL1077436,https://www.ebi.ac.uk/chembl/compound_report_card/CHEMBL1077436/,CS(=O)(=O)Nc1ccncc1NC1CCCC1,CS(=O)(=O)Nc1ccncc1NC1CCCC1,CS(=O)(=O)Nc1ccncc1NC1CCCC1,CIWATJKMNLQEKA-UHFFFAOYSA-N,CIWATJKMNLQEKA,eligible,255.343,1.808,71.09,2,4,4,17,2,0.8604,0,1,1
LIB_CIWRHNSYSREBDY,ChEMBL,CHEMBL1083348,CHEMBL1083348,https://www.ebi.ac.uk/chembl/compound_report_card/CHEMBL1083348/,O=C(O)c1ccc2nc(-c3ccc(Cl)cc3Cl)c3c(c2c1)CCC3,O=C(O)c1ccc2nc(-c3ccc(Cl)cc3Cl)c3c(c2c1)CCC3,O=C(O)c1ccc2nc(-c3ccc(Cl)cc3Cl)c3c(c2c1)CCC3,CIWRHNSYSREBDY-UHFFFAOYSA-N,CIWRHNSYSREBDY,eligible,358.224,5.396,50.19,1,2,2,24,4,0.6677,0,1,1
LIB_CIXAFKHKIKPJAF,ChEMBL,CHEMBL1086505,CHEMBL1086505,https://www.ebi.ac.uk/chembl/compound_report_card/CHEMBL1086505/,CN1C[C@@H]2C[C@H]1CN2c1cnc(-c2cccc3[nH]ccc23)cn1,CN1C[C@@H]2C[C@H]1CN2c1cnc(-c2cccc3[nH]ccc23)cn1,CN1CC2CC1CN2c1cnc(-c2cccc3[nH]ccc23)cn1,CIXAFKHKIKPJAF-STQMWFEESA-N,CIXAFKHKIKPJAF,eligible,305.385,2.518,48.05,1,4,2,23,5,0.7902,0,1,1
LIB_CIYBISDKLGJDOW,ChEMBL,CHEMBL1078230,CHEMBL1078230,https://www.ebi.ac.uk/chembl/compound_report_card/CHEMBL1078230/,CC1(C)C[C@@]1(NS(=O)(=O)c1ccc(-n2cc(Cl)cn2)s1)C(=O)O,CC1(C)C[C@@]1(NS(=O)(=O)c1ccc(-n2cc(Cl)cn2)s1)C(=O)O,CC1(C)CC1(NS(=O)(=O)c1ccc(-n2cc(Cl)cn2)s1)C(=O)O,CIYBISDKLGJDOW-CYBMUJFWSA-N,CIYBISDKLGJDOW,eligible,375.859,2.119,101.29,2,5,5,23,3,0.833,0,1,1
LIB_CIZGWFQXJOABRH,ChEMBL,CHEMBL104670,CHEMBL104670,https://www.ebi.ac.uk/chembl/compound_report_card/CHEMBL104670/,Cc1nc2ccc(CN(CCCO)c3ccc(C(=O)N[C@@H](CCC(=O)O)C(=O)O)cc3F)cc2c(=O)[nH]1,Cc1nc(=O)c2cc(CN(CCCO)c3ccc(C(=O)NC(CCC(=O)O)C(=O)O)cc3F)ccc2[nH]1,Cc1nc(=O)c2cc(CN(CCCO)c3ccc(C(=O)NC(CCC(=O)O)C(=O)O)cc3F)ccc2[nH]1,CIZGWFQXJOABRH-UHFFFAOYSA-N,CIZGWFQXJOABRH,eligible,514.51,1.807,172.92,5,7,12,37,3,0.2415,0,1,1
LIB_CIZRRARIHKVPFV,ChEMBL,CHEMBL105123,CHEMBL105123,https://www.ebi.ac.uk/chembl/compound_report_card/CHEMBL105123/,CCN(CC)CC#CCCC(=O)C(C)(O)c1ccccc1,CCN(CC)CC#CCCC(=O)C(C)(O)c1ccccc1,CCN(CC)CC#CCCC(=O)C(C)(O)c1ccccc1,CIZRRARIHKVPFV-UHFFFAOYSA-N,CIZRRARIHKVPFV,eligible,287.403,2.589,40.54,1,3,7,21,1,0.7837,0,1,1
LIB_CJAVTWRYCDNHSM,ChEMBL,CHEMBL400599,CHEMBL400599,https://www.ebi.ac.uk/chembl/compound_report_card/CHEMBL400599/,CC(Cc1cccc(C(F)(F)F)c1)NCCOC(=O)c1ccccc1,CC(Cc1cccc(C(F)(F)F)c1)NCCOC(=O)c1ccccc1,CC(Cc1cccc(C(F)(F)F)c1)NCCOC(=O)c1ccccc1,CJAVTWRYCDNHSM-UHFFFAOYSA-N,CJAVTWRYCDNHSM,eligible,351.368,4.083,38.33,1,3,7,25,2,0.6033,0,1,1
LIB_CJBJHOAVZSMMDJ,ChEMBL,CHEMBL1201127,CHEMBL1201127;CHEMBL1323,https://www.ebi.ac.uk/chembl/compound_report_card/CHEMBL1201127/,CC(C)CN(C[C@@H](O)[C@H](Cc1ccccc1)NC(=O)O[C@H]1CO[C@H]2OCC[C@H]21)S(=O)(=O)c1ccc(N)cc1.CCO,CC(C)CN(C[C@@H](O)[C@H](Cc1ccccc1)NC(=O)O[C@H]1CO[C@H]2OCC[C@H]21)S(=O)(=O)c1ccc(N)cc1,CC(C)CN(CC(O)C(Cc1ccccc1)NC(=O)OC1COC2OCCC12)S(=O)(=O)c1ccc(N)cc1,CJBJHOAVZSMMDJ-HEXNFIEUSA-N,CJBJHOAVZSMMDJ,eligible,547.674,2.375,140.42,3,8,11,38,4,0.3644,0,2,1
LIB_CJBXVGVOXRYTRI,ChEMBL,CHEMBL108205,CHEMBL108205,https://www.ebi.ac.uk/chembl/compound_report_card/CHEMBL108205/,Cc1nn(C)c2ncc(C(N)=O)c(Nc3cccc(O)c3)c12,Cc1nn(C)c2ncc(C(N)=O)c(Nc3cccc(O)c3)c12,Cc1nn(C)c2ncc(C(N)=O)c(Nc3cccc(O)c3)c12,CJBXVGVOXRYTRI-UHFFFAOYSA-N,CJBXVGVOXRYTRI,eligible,297.318,1.825,106.06,3,5,3,22,3,0.6835,0,1,1
LIB_CJCSPKMFHVPWAR,ChEMBL,CHEMBL459,CHEMBL459,https://www.ebi.ac.uk/chembl/compound_report_card/CHEMBL459/,C[C@](N)(Cc1ccc(O)c(O)c1)C(=O)O,C[C@](N)(Cc1ccc(O)c(O)c1)C(=O)O,CC(N)(Cc1ccc(O)c(O)c1)C(=O)O,CJCSPKMFHVPWAR-JTQLQIEISA-N,CJCSPKMFHVPWAR,eligible,211.217,0.442,103.78,4,4,3,15,1,0.543,0,1,1
LIB_CJCVKAOQXCYZIS,ChEMBL,CHEMBL1082711,CHEMBL1082711,https://www.ebi.ac.uk/chembl/compound_report_card/CHEMBL1082711/,CCC(OC[C@H](O)CNC(C)(C)Cc1ccc2ccccc2c1)c1ccccc1,CCC(OC[C@H](O)CNC(C)(C)Cc1ccc2ccccc2c1)c1ccccc1,CCC(OCC(O)CNC(C)(C)Cc1ccc2ccccc2c1)c1ccccc1,CJCVKAOQXCYZIS-IKOFQBKESA-N,CJCVKAOQXCYZIS,eligible,391.555,5.279,41.49,2,3,10,29,3,0.494,0,1,1
LIB_CJEVBYMOJLNYIE,ChEMBL,CHEMBL102947,CHEMBL102947,https://www.ebi.ac.uk/chembl/compound_report_card/CHEMBL102947/,CCc1ccc(S(=O)(=O)NC(=O)Nc2ccc(Cl)cc2)o1,CCc1ccc(S(=O)(=O)NC(=O)Nc2ccc(Cl)cc2)o1,CCc1ccc(S(=O)(=O)NC(=O)Nc2ccc(Cl)cc2)o1,CJEVBYMOJLNYIE-UHFFFAOYSA-N,CJEVBYMOJLNYIE,eligible,328.777,3.006,88.41,2,4,4,21,2,0.9026,0,1,1
LIB_CJGQZUPQWVMMFW,ChEMBL,CHEMBL108203,CHEMBL108203,https://www.ebi.ac.uk/chembl/compound_report_card/CHEMBL108203/,CCCCn1cnc2c(N(C)C)ncnc21,CCCCn1cnc2c(N(C)C)ncnc21,CCCCn1cnc2c(N(C)C)ncnc21,CJGQZUPQWVMMFW-UHFFFAOYSA-N,CJGQZUPQWVMMFW,eligible,219.292,1.692,46.84,0,4,4,16,2,0.7848,0,1,1
LIB_CJGWBJODHMIYNW,ChEMBL,CHEMBL106644,CHEMBL106644,https://www.ebi.ac.uk/chembl/compound_report_card/CHEMBL106644/,Cc1cc(NS(C)(=O)=O)ccc1Nc1c2ccc([N+](=O)[O-])cc2nc2c(C)cccc12,Cc1cc(NS(C)(=O)=O)ccc1Nc1c2ccc([N+](=O)[O-])cc2nc2c(C)cccc12,Cc1cc(NS(C)(=O)=O)ccc1Nc1c2ccc([N+](=O)[O-])cc2nc2c(C)cccc12,CJGWBJODHMIYNW-UHFFFAOYSA-N,CJGWBJODHMIYNW,eligible,436.493,5.028,114.23,2,6,5,31,4,0.2577,0,1,1
LIB_CJGYRCCRCWSGRT,ChEMBL,CHEMBL1083416,CHEMBL1083416,https://www.ebi.ac.uk/chembl/compound_report_card/CHEMBL1083416/,NC(=O)c1ccccc1S(=O)(=O)c1ccc(/C=C/c2ccc(F)cc2F)cc1,NC(=O)c1ccccc1S(=O)(=O)c1ccc(/C=C/c2ccc(F)cc2F)cc1,NC(=O)c1ccccc1S(=O)(=O)c1ccc(C=Cc2ccc(F)cc2F)cc1,CJGYRCCRCWSGRT-VMPITWQZSA-N,CJGYRCCRCWSGRT,eligible,399.418,4.067,77.23,1,3,5,28,3,0.6573,0,1,1
LIB_CJHMDTGGICGPNW,ChEMBL,CHEMBL1085666,CHEMBL1085666,https://www.ebi.ac.uk/chembl/compound_report_card/CHEMBL1085666/,NC[C@H]1CC[C@@H]2[C@H](O1)c1cc(C(F)(F)F)ccc1N[C@H]2c1ccccc1,NC[C@H]1CC[C@@H]2[C@H](O1)c1cc(C(F)(F)F)ccc1N[C@H]2c1ccccc1,NCC1CCC2C(c3ccccc3)Nc3ccc(C(F)(F)F)cc3C2O1,CJHMDTGGICGPNW-PDWMJMLSSA-N,CJHMDTGGICGPNW,eligible,362.395,4.667,47.28,2,3,2,26,4,0.8163,0,1,1
LIB_CJHRWNHMBLKMQQ,ChEMBL,CHEMBL103245,CHEMBL103245,https://www.ebi.ac.uk/chembl/compound_report_card/CHEMBL103245/,Cc1ccc(S(=O)(=O)N[C@@H](Cc2ccccc2)C(=O)Nc2ccc3c(c2)C(=O)N(OS(C)(=O)=O)C3=O)cc1,Cc1ccc(S(=O)(=O)N=C(Cc2ccccc2)C(=O)Nc2ccc3c(O)n(OS(C)(=O)=O)c(O)c3c2)cc1,Cc1ccc(S(=O)(=O)N=C(Cc2ccccc2)C(=O)Nc2ccc3c(O)n(OS(C)(=O)=O)c(O)c3c2)cc1,CJHRWNHMBLKMQQ-UHFFFAOYSA-N,CJHRWNHMBLKMQQ,eligible,557.606,2.76,164.36,3,8,8,38,4,0.2784,0,1,1
LIB_CJIMPNHZPWPCSQ,ChEMBL,CHEMBL1079844,CHEMBL1079844,https://www.ebi.ac.uk/chembl/compound_report_card/CHEMBL1079844/,CC1CC(N(C(=O)c2ccccc2)c2ccccc2)c2ccccc2N1C(=O)c1ccccc1,CC1CC(N(C(=O)c2ccccc2)c2ccccc2)c2ccccc2N1C(=O)c1ccccc1,CC1CC(N(C(=O)c2ccccc2)c2ccccc2)c2ccccc2N1C(=O)c1ccccc1,CJIMPNHZPWPCSQ-UHFFFAOYSA-N,CJIMPNHZPWPCSQ,eligible,446.55,6.514,40.62,0,2,4,34,5,0.3583,0,1,1
LIB_CJLLDQHOROTYPU,ChEMBL,CHEMBL10653,CHEMBL10653,https://www.ebi.ac.uk/chembl/compound_report_card/CHEMBL10653/,CCOc1cc2c(cc1/C=C\c1ccc(OC)cc1)OCO2,CCOc1cc2c(cc1/C=C\c1ccc(OC)cc1)OCO2,CCOc1cc2c(cc1C=Cc1ccc(OC)cc1)OCO2,CJLLDQHOROTYPU-DAXSKMNVSA-N,CJLLDQHOROTYPU,eligible,298.338,3.993,36.92,0,4,5,22,3,0.782,0,1,1
LIB_CJMJASMABLTYJJ,ChEMBL,CHEMBL1081130,CHEMBL1081130,https://www.ebi.ac.uk/chembl/compound_report_card/CHEMBL1081130/,COc1cccc(Cc2cnc(CCc3ccc(-c4ccccc4C(=O)O)cc3)[nH]2)c1,COc1cccc(Cc2c[nH]c(CCc3ccc(-c4ccccc4C(=O)O)cc3)n2)c1,COc1cccc(Cc2c[nH]c(CCc3ccc(-c4ccccc4C(=O)O)cc3)n2)c1,CJMJASMABLTYJJ-UHFFFAOYSA-N,CJMJASMABLTYJJ,eligible,412.489,5.16,75.21,2,3,8,31,4,0.4192,0,1,1
LIB_CJOFXWAVKWHTFT,ChEMBL,CHEMBL1409,CHEMBL1409;CHEMBL814,https://www.ebi.ac.uk/chembl/compound_report_card/CHEMBL1409/,COCCCC/C(=N\OCCN)c1ccc(C(F)(F)F)cc1.O=C(O)/C=C\C(=O)O,COCCCC/C(=N\OCCN)c1ccc(C(F)(F)F)cc1,COCCCCC(=NOCCN)c1ccc(C(F)(F)F)cc1,CJOFXWAVKWHTFT-XSFVSMFZSA-N,CJOFXWAVKWHTFT,eligible,318.339,3.202,56.84,1,4,9,22,1,0.432,0,2,1
LIB_CJQDQTGQDJURBL,ChEMBL,CHEMBL1083435,CHEMBL1083435,https://www.ebi.ac.uk/chembl/compound_report_card/CHEMBL1083435/,CN1[C@@H](CCc2c[nH]c3ccccc23)CCC[C@H]1CCc1c[nH]c2ccccc12.O=C(O)/C=C/C(=O)O,CN1[C@@H](CCc2c[nH]c3ccccc23)CCC[C@H]1CCc1c[nH]c2ccccc12,CN1C(CCc2c[nH]c3ccccc23)CCCC1CCc1c[nH]c2ccccc12,CJQDQTGQDJURBL-SZPZYZBQSA-N,CJQDQTGQDJURBL,eligible,385.555,6.068,34.82,2,1,6,29,5,0.4151,0,1,1
LIB_CJQKTFJEKWXTLH,ChEMBL,CHEMBL10567,CHEMBL10567,https://www.ebi.ac.uk/chembl/compound_report_card/CHEMBL10567/,O=C(c1ccc(Cl)cc1Cl)C(O)(Cn1ccnc1)c1ccc(Cl)cc1,O=C(c1ccc(Cl)cc1Cl)C(O)(Cn1ccnc1)c1ccc(Cl)cc1,O=C(c1ccc(Cl)cc1Cl)C(O)(Cn1ccnc1)c1ccc(Cl)cc1,CJQKTFJEKWXTLH-UHFFFAOYSA-N,CJQKTFJEKWXTLH,eligible,395.673,4.614,55.12,1,3,5,25,3,0.6417,0,1,1
LIB_CJQQDMKSAZWIFD,ChEMBL,CHEMBL1084566,CHEMBL1084566,https://www.ebi.ac.uk/chembl/compound_report_card/CHEMBL1084566/,C[C@@H]1N(S(=O)(=O)c2ccc(C(F)(F)F)cc2)[C@H](C2CC2)c2cn[nH]c2C1(F)F,C[C@@H]1N(S(=O)(=O)c2ccc(C(F)(F)F)cc2)[C@H](C2CC2)c2c[nH]nc2C1(F)F,CC1N(S(=O)(=O)c2ccc(C(F)(F)F)cc2)C(C2CC2)c2c[nH]nc2C1(F)F,CJQQDMKSAZWIFD-LKFCYVNXSA-N,CJQQDMKSAZWIFD,eligible,421.391,4.064,66.06,1,3,3,28,4,0.7604,0,1,1
LIB_CJQWXEQWQJZZTN,ChEMBL,CHEMBL102098,CHEMBL102098,https://www.ebi.ac.uk/chembl/compound_report_card/CHEMBL102098/,O=C(OC1CN2CCC1(I)CC2)C(O)(c1ccccc1)c1ccccc1,O=C(OC1CN2CCC1(I)CC2)C(O)(c1ccccc1)c1ccccc1,O=C(OC1CN2CCC1(I)CC2)C(O)(c1ccccc1)c1ccccc1,CJQWXEQWQJZZTN-UHFFFAOYSA-N,CJQWXEQWQJZZTN,eligible,463.315,3.118,49.77,1,4,4,26,5,0.4304,0,1,1
LIB_CJRLEEFSYTXKPA,ChEMBL,CHEMBL103447,CHEMBL103447,https://www.ebi.ac.uk/chembl/compound_report_card/CHEMBL103447/,S=C(NCc1ccccc1)N1CCN(c2ncnc3ccccc23)CC1,S=C(NCc1ccccc1)N1CCN(c2ncnc3ccccc23)CC1,S=C(NCc1ccccc1)N1CCN(c2ncnc3ccccc23)CC1,CJRLEEFSYTXKPA-UHFFFAOYSA-N,CJRLEEFSYTXKPA,eligible,363.49,2.827,44.29,1,4,3,26,4,0.7222,0,1,1
LIB_CJSVUASMASROSS,ChEMBL,CHEMBL1087322,CHEMBL1087322,https://www.ebi.ac.uk/chembl/compound_report_card/CHEMBL1087322/,O=C(/C=C/c1ccc(O)cc1)c1ccc(NS(=O)(=O)c2ccccc2)cc1,O=C(C=Cc1ccc(O)cc1)c1ccc(NS(=O)(=O)c2ccccc2)cc1,O=C(C=Cc1ccc(O)cc1)c1ccc(NS(=O)(=O)c2ccccc2)cc1,CJSVUASMASROSS-UHFFFAOYSA-N,CJSVUASMASROSS,eligible,379.437,4.089,83.47,2,4,6,27,3,0.4991,0,1,1
LIB_CJTMEKZTFARZRV,ChEMBL,CHEMBL103827,CHEMBL103827,https://www.ebi.ac.uk/chembl/compound_report_card/CHEMBL103827/,CN(C)C(=O)Cn1c(-c2ccc(Br)o2)nc2cccnc21,CN(C)C(=O)Cn1c(-c2ccc(Br)o2)nc2cccnc21,CN(C)C(=O)Cn1c(-c2ccc(Br)o2)nc2cccnc21,CJTMEKZTFARZRV-UHFFFAOYSA-N,CJTMEKZTFARZRV,eligible,349.188,2.542,64.16,0,4,3,21,3,0.729,0,1,1
LIB_CJTUMEIDUUCTSL,ChEMBL,CHEMBL1084436,CHEMBL1084436;CHEMBL1084437,https://www.ebi.ac.uk/chembl/compound_report_card/CHEMBL1084436/,CN(C(=O)C(C)(C)c1cc(C(F)(F)F)cc(C(F)(F)F)c1)c1cnc(N2C[C@@H](O)C[C@H]2CO)cc1-c1ccccc1Cl,CN(C(=O)C(C)(C)c1cc(C(F)(F)F)cc(C(F)(F)F)c1)c1cnc(N2C[C@@H](O)C[C@H]2CO)cc1-c1ccccc1Cl,CN(C(=O)C(C)(C)c1cc(C(F)(F)F)cc(C(F)(F)F)c1)c1cnc(N2CC(O)CC2CO)cc1-c1ccccc1Cl,CJTUMEIDUUCTSL-PMACEKPBSA-N,CJTUMEIDUUCTSL,eligible,616.002,6.312,76.9,2,5,6,42,4,0.3179,0,2,2
LIB_CJUMAFVKTCBCJK,ChEMBL,CHEMBL101287,CHEMBL101287,https://www.ebi.ac.uk/chembl/compound_report_card/CHEMBL101287/,O=C(O)CNC(=O)OCc1ccccc1,O=C(O)CNC(=O)OCc1ccccc1,O=C(O)CNC(=O)OCc1ccccc1,CJUMAFVKTCBCJK-UHFFFAOYSA-N,CJUMAFVKTCBCJK,eligible,209.201,0.997,75.63,2,3,4,15,1,0.7751,0,1,1
LIB_CJUSPVIXQXZGMS,ChEMBL,CHEMBL1083777,CHEMBL1083777,https://www.ebi.ac.uk/chembl/compound_report_card/CHEMBL1083777/,CCc1nc(C)c2c(OC)nc3ccc(OC)nc3n12,CCc1nc(C)c2c(OC)nc3ccc(OC)nc3n12,CCc1nc(C)c2c(OC)nc3ccc(OC)nc3n12,CJUSPVIXQXZGMS-UHFFFAOYSA-N,CJUSPVIXQXZGMS,eligible,272.308,2.166,61.54,0,5,3,20,3,0.7309,0,1,1
LIB_CJVCEBPASXSJKZ,ChEMBL,CHEMBL105012,CHEMBL105012,https://www.ebi.ac.uk/chembl/compound_report_card/CHEMBL105012/,O=c1[nH]c2cc(Cl)ccc2c(O)c(-c2ccccc2)c1=O,O=c1[nH]c2cc(Cl)ccc2c(=O)c(-c2ccccc2)c1O,O=c1[nH]c2cc(Cl)ccc2c(=O)c(-c2ccccc2)c1O,CJVCEBPASXSJKZ-UHFFFAOYSA-N,CJVCEBPASXSJKZ,eligible,299.713,2.914,70.16,2,3,1,21,3,0.7256,0,1,1
LIB_CJVFCQBUAGFWKC,ChEMBL,CHEMBL108341,CHEMBL108341,https://www.ebi.ac.uk/chembl/compound_report_card/CHEMBL108341/,O=C(CCn1c2c(c(=O)[nH]c1=O)CSCC2)NCC(=O)c1ccc(-c2ccccc2)cc1,O=C(CCn1c2c(c(=O)[nH]c1=O)CSCC2)NCC(=O)c1ccc(-c2ccccc2)cc1,O=C(CCn1c2c(c(=O)[nH]c1=O)CSCC2)NCC(=O)c1ccc(-c2ccccc2)cc1,CJVFCQBUAGFWKC-UHFFFAOYSA-N,CJVFCQBUAGFWKC,eligible,449.532,2.382,101.03,2,5,7,32,4,0.5396,0,1,1
LIB_CJYNZADQWSGLAG,ChEMBL,CHEMBL1086507,CHEMBL1086507,https://www.ebi.ac.uk/chembl/compound_report_card/CHEMBL1086507/,NC(=O)c1cccc(S(=O)(=O)c2ccc(/C=C/c3ccc(F)cc3F)cc2)c1,NC(=O)c1cccc(S(=O)(=O)c2ccc(/C=C/c3ccc(F)cc3F)cc2)c1,NC(=O)c1cccc(S(=O)(=O)c2ccc(C=Cc3ccc(F)cc3F)cc2)c1,CJYNZADQWSGLAG-QPJJXVBHSA-N,CJYNZADQWSGLAG,eligible,399.418,4.067,77.23,1,3,5,28,3,0.6573,0,1,1
LIB_CJZVRLDESGIFEZ,ChEMBL,CHEMBL1080894,CHEMBL1080894,https://www.ebi.ac.uk/chembl/compound_report_card/CHEMBL1080894/,CCCc1n[nH]c2c(=O)n(NC(=O)c3ccncc3)c(-c3cccc(OC)c3)nc12,CCCc1[nH]nc2c(=O)n(NC(=O)c3ccncc3)c(-c3cccc(OC)c3)nc12,CCCc1[nH]nc2c(=O)n(NC(=O)c3ccncc3)c(-c3cccc(OC)c3)nc12,CJZVRLDESGIFEZ-UHFFFAOYSA-N,CJZVRLDESGIFEZ,eligible,404.43,2.527,114.79,2,6,6,30,4,0.5103,0,1,1
LIB_CKAIEVAUHBWSFT,ChEMBL,CHEMBL1083975,CHEMBL1083975,https://www.ebi.ac.uk/chembl/compound_report_card/CHEMBL1083975/,OC[C@H]1O[C@@H](c2ccc(Cl)c(Cc3ccc(-c4nncs4)nn3)c2)[C@H](O)[C@@H](O)[C@@H]1O,OC[C@H]1O[C@@H](c2ccc(Cl)c(Cc3ccc(-c4nncs4)nn3)c2)[C@H](O)[C@@H](O)[C@@H]1O,OCC1OC(c2ccc(Cl)c(Cc3ccc(-c4nncs4)nn3)c2)C(O)C(O)C1O,CKAIEVAUHBWSFT-SFFUCWETSA-N,CKAIEVAUHBWSFT,eligible,450.904,0.754,141.71,4,10,5,30,4,0.4426,0,1,1
LIB_CKAYCQXFILBHHL,ChEMBL,CHEMBL1085094,CHEMBL1085094,https://www.ebi.ac.uk/chembl/compound_report_card/CHEMBL1085094/,CC(C)(C)CC(=O)Nc1ccc(S(N)(=O)=O)cc1,CC(C)(C)CC(=O)Nc1ccc(S(N)(=O)=O)cc1,CC(C)(C)CC(=O)Nc1ccc(S(N)(=O)=O)cc1,CKAYCQXFILBHHL-UHFFFAOYSA-N,CKAYCQXFILBHHL,eligible,270.354,1.709,89.26,2,3,3,18,1,0.8758,0,1,1
LIB_CKDNHQVHGHKQIG,ChEMBL,CHEMBL101871,CHEMBL101871,https://www.ebi.ac.uk/chembl/compound_report_card/CHEMBL101871/,C[C@]1([C@H]2Cc3ccc4c(c3O2)-n2cc(C(=O)O)c(=O)c3cc(F)c(N5CC[C@H](N)C5)c(c32)O4)CO1,C[C@]1([C@H]2Cc3ccc4c(c3O2)-n2cc(C(=O)O)c(=O)c3cc(F)c(N5CC[C@H](N)C5)c(c32)O4)CO1,CC1(C2Cc3ccc4c(c3O2)-n2cc(C(=O)O)c(=O)c3cc(F)c(N5CCC(N)C5)c(c32)O4)CO1,CKDNHQVHGHKQIG-KHCFPHODSA-N,CKDNHQVHGHKQIG,eligible,479.464,2.564,119.55,2,7,3,35,7,0.4305,0,1,1
LIB_CKEUKZFZILHCED,ChEMBL,CHEMBL1080097,CHEMBL1080097,https://www.ebi.ac.uk/chembl/compound_report_card/CHEMBL1080097/,C=C(C)[C@H]1CC=C(C)[C@@]2(O)[C@@H]1[C@H](c1ccccc1Br)O[C@@H]2C(=O)OC,C=C(C)[C@H]1CC=C(C)[C@]2(O)C(C(=O)OC)O[C@@H](c3ccccc3Br)[C@H]12,C=C(C)C1CC=C(C)C2(O)C(C(=O)OC)OC(c3ccccc3Br)C12,CKEUKZFZILHCED-DAQZZRRASA-N,CKEUKZFZILHCED,eligible,407.304,3.952,55.76,1,4,3,25,3,0.6091,0,1,1
LIB_CKFMLAZYQOTAEZ,ChEMBL,CHEMBL1083362,CHEMBL1083362,https://www.ebi.ac.uk/chembl/compound_report_card/CHEMBL1083362/,CCc1cn(CCN)c(CC)c1Oc1ccc(C#N)cc1,CCc1cn(CCN)c(CC)c1Oc1ccc(C#N)cc1,CCc1cn(CCN)c(CC)c1Oc1ccc(C#N)cc1,CKFMLAZYQOTAEZ-UHFFFAOYSA-N,CKFMLAZYQOTAEZ,eligible,283.375,3.236,63.97,1,3,6,21,2,0.8848,0,1,1
LIB_CKFOUPRHOQCFFM,ChEMBL,CHEMBL1079978,CHEMBL1079978,https://www.ebi.ac.uk/chembl/compound_report_card/CHEMBL1079978/,O=S(=O)(c1ccccc1)c1cn(C2CCN(Cc3ccccc3)C2)c2ccccc12,O=S(=O)(c1ccccc1)c1cn(C2CCN(Cc3ccccc3)C2)c2ccccc12,O=S(=O)(c1ccccc1)c1cn(C2CCN(Cc3ccccc3)C2)c2ccccc12,CKFOUPRHOQCFFM-UHFFFAOYSA-N,CKFOUPRHOQCFFM,eligible,416.546,4.921,42.31,0,3,5,30,5,0.4637,0,1,1
LIB_CKGMNSNPHZXZDW,ChEMBL,CHEMBL107558,CHEMBL107558,https://www.ebi.ac.uk/chembl/compound_report_card/CHEMBL107558/,COc1cccc(CN(CCCC2CCCCC2)c2cc(-c3ccccc3)no2)c1,COc1cccc(CN(CCCC2CCCCC2)c2cc(-c3ccccc3)no2)c1,COc1cccc(CN(CCCC2CCCCC2)c2cc(-c3ccccc3)no2)c1,CKGMNSNPHZXZDW-UHFFFAOYSA-N,CKGMNSNPHZXZDW,eligible,404.554,6.717,38.5,0,4,9,30,4,0.3968,0,1,1
LIB_CKHSUZOTJQWRKZ,ChEMBL,CHEMBL1497,CHEMBL10858;CHEMBL1497,https://www.ebi.ac.uk/chembl/compound_report_card/CHEMBL1497/,CCCCC(=O)O[C@]1(C(=O)CO)[C@@H](C)C[C@H]2[C@@H]3CCC4=CC(=O)C=C[C@]4(C)[C@@]3(F)[C@@H](O)C[C@@]21C,CCCCC(=O)O[C@]1(C(=O)CO)[C@@H](C)C[C@H]2[C@@H]3CC=C4CC(=O)C=C[C@]4(C)[C@@]3(F)[C@@H](O)C[C@@]21C,CCCCC(=O)OC1(C(=O)CO)C(C)CC2C3CC=C4CC(=O)C=CC4(C)C3(F)C(O)CC21C,CKHSUZOTJQWRKZ-SUYDQAKGSA-N,CKHSUZOTJQWRKZ,eligible,476.585,3.637,100.9,2,6,6,34,4,0.4485,0,2,2
LIB_CKJXIEFPECQCPK,ChEMBL,CHEMBL101409,CHEMBL101409,https://www.ebi.ac.uk/chembl/compound_report_card/CHEMBL101409/,C[C@H](N[C@@H](Cc1ccccc1)C(=O)O)C(=O)N1C(=O)N(Cc2ccccc2)C[C@H]1C(=O)O,CC(NC(Cc1ccccc1)C(=O)O)C(=O)N1C(=O)N(Cc2ccccc2)CC1C(=O)O,CC(NC(Cc1ccccc1)C(=O)O)C(=O)N1C(=O)N(Cc2ccccc2)CC1C(=O)O,CKJXIEFPECQCPK-UHFFFAOYSA-N,CKJXIEFPECQCPK,eligible,439.468,1.578,127.25,3,5,9,32,3,0.5413,0,1,1
LIB_CKJZBWJFHUDRMJ,ChEMBL,CHEMBL107234,CHEMBL107234,https://www.ebi.ac.uk/chembl/compound_report_card/CHEMBL107234/,CCCN1CN(CC(C)=O)C(=O)C12CCN(C)CC2,CCCN1CN(CC(C)=O)C(=O)C12CCN(C)CC2,CCCN1CN(CC(C)=O)C(=O)C12CCN(C)CC2,CKJZBWJFHUDRMJ-UHFFFAOYSA-N,CKJZBWJFHUDRMJ,eligible,267.373,0.552,43.86,0,4,4,19,2,0.746,0,1,1
LIB_CKKSVVDATCYHNV,ChEMBL,CHEMBL102192,CHEMBL102192,https://www.ebi.ac.uk/chembl/compound_report_card/CHEMBL102192/,CCN1c2ncc(CCc3ccccc3)cc2C(=O)N(C)c2ccc(Cl)nc21,CCN1c2ncc(CCc3ccccc3)cc2C(=O)N(C)c2ccc(Cl)nc21,CCN1c2ncc(CCc3ccccc3)cc2C(=O)N(C)c2ccc(Cl)nc21,CKKSVVDATCYHNV-UHFFFAOYSA-N,CKKSVVDATCYHNV,eligible,392.89,4.663,49.33,0,4,4,28,4,0.6056,0,1,1
LIB_CKLPLPZSUQEDRT,ChEMBL,CHEMBL1082723,CHEMBL1082723;CHEMBL1082724,https://www.ebi.ac.uk/chembl/compound_report_card/CHEMBL1082723/,C[C@H]1Cc2c([nH]c3cc(Cl)c(F)cc23)[C@@]2(N1)C(=O)Nc1ccc(Cl)cc12,C[C@H]1Cc2c([nH]c3cc(Cl)c(F)cc23)[C@@]2(N1)C(=O)Nc1ccc(Cl)cc12,CC1Cc2c([nH]c3cc(Cl)c(F)cc23)C2(N1)C(=O)Nc1ccc(Cl)cc12,CKLPLPZSUQEDRT-WPCRTTGESA-N,CKLPLPZSUQEDRT,eligible,390.245,4.344,56.92,3,2,0,26,5,0.5349,0,2,2
LIB_CKMROKZCLFVFRW,ChEMBL,CHEMBL105362,CHEMBL105362,https://www.ebi.ac.uk/chembl/compound_report_card/CHEMBL105362/,COc1ccc2nc3c(C(=O)NCCN(C)C)ccc(NCCN(C)C)c3c(O)c2c1,COc1ccc2[nH]c3c(C(=O)NCCN(C)C)ccc(NCCN(C)C)c3c(=O)c2c1,COc1ccc2[nH]c3c(C(=O)NCCN(C)C)ccc(NCCN(C)C)c3c(=O)c2c1,CKMROKZCLFVFRW-UHFFFAOYSA-N,CKMROKZCLFVFRW,eligible,425.533,1.955,89.7,3,6,9,31,3,0.4543,0,1,1
LIB_CKOJPIRIFOCJML,ChEMBL,CHEMBL1078944,CHEMBL1078944,https://www.ebi.ac.uk/chembl/compound_report_card/CHEMBL1078944/,CS(=O)(=O)c1ccc(NC(=O)CSC(=O)N2CCCc3cc(Cl)cc(Cl)c32)c(Cl)c1,CS(=O)(=O)c1ccc(NC(=O)CSC(=O)N2CCCc3cc(Cl)cc(Cl)c32)c(Cl)c1,CS(=O)(=O)c1ccc(NC(=O)CSC(=O)N2CCCc3cc(Cl)cc(Cl)c32)c(Cl)c1,CKOJPIRIFOCJML-UHFFFAOYSA-N,CKOJPIRIFOCJML,eligible,507.848,5.295,83.55,1,5,4,30,3,0.6074,0,1,1
LIB_CKORJECMKBVIMF,ChEMBL,CHEMBL1083299,CHEMBL1083299,https://www.ebi.ac.uk/chembl/compound_report_card/CHEMBL1083299/,CCCN(CC1CC1)C(=O)c1c(C(F)(F)F)nc2n(-c3c(C)cc(C)cc3C)c(Cl)cn12,CCCN(CC1CC1)C(=O)c1c(C(F)(F)F)nc2n(-c3c(C)cc(C)cc3C)c(Cl)cn12,CCCN(CC1CC1)C(=O)c1c(C(F)(F)F)nc2n(-c3c(C)cc(C)cc3C)c(Cl)cn12,CKORJECMKBVIMF-UHFFFAOYSA-N,CKORJECMKBVIMF,eligible,466.935,5.985,42.54,0,2,6,32,4,0.4479,0,1,1
LIB_CKPLPYKNMZXMFH,ChEMBL,CHEMBL100013,CHEMBL100013,https://www.ebi.ac.uk/chembl/compound_report_card/CHEMBL100013/,Nc1nccc2ccc(C(=O)N3Cc4ccccc4C[C@H]3C(=O)Nc3ccc(-c4ccccc4S(N)(=O)=O)cc3)cc12,Nc1nccc2ccc(C(=O)N3Cc4ccccc4CC3C(=O)Nc3ccc(-c4ccccc4S(N)(=O)=O)cc3)cc12,Nc1nccc2ccc(C(=O)N3Cc4ccccc4CC3C(=O)Nc3ccc(-c4ccccc4S(N)(=O)=O)cc3)cc12,CKPLPYKNMZXMFH-UHFFFAOYSA-N,CKPLPYKNMZXMFH,eligible,577.666,4.337,148.48,3,6,5,42,6,0.2831,0,1,1
LIB_CKPMOWXBASFJMZ,ChEMBL,CHEMBL1080228,CHEMBL1080228,https://www.ebi.ac.uk/chembl/compound_report_card/CHEMBL1080228/,CCOCC1(CN2CCCC2)COc2ccc3c(C)cc(=O)oc3c2C1=O,CCOCC1(CN2CCCC2)COc2ccc3c(C)cc(=O)oc3c2C1=O,CCOCC1(CN2CCCC2)COc2ccc3c(C)cc(=O)oc3c2C1=O,CKPMOWXBASFJMZ-UHFFFAOYSA-N,CKPMOWXBASFJMZ,eligible,371.433,2.795,68.98,0,6,5,27,4,0.7531,0,1,1
LIB_CKQJIDQDQRXNNF,ChEMBL,CHEMBL107083,CHEMBL107083,https://www.ebi.ac.uk/chembl/compound_report_card/CHEMBL107083/,O=S(=O)(NCCCCc1c[nH]cn1)NCc1ccc(Cl)cc1,O=S(=O)(NCCCCc1c[nH]cn1)NCc1ccc(Cl)cc1,O=S(=O)(NCCCCc1c[nH]cn1)NCc1ccc(Cl)cc1,CKQJIDQDQRXNNF-UHFFFAOYSA-N,CKQJIDQDQRXNNF,eligible,342.852,2.01,86.88,3,3,9,22,2,0.6091,0,1,1
LIB_CKQMTCNNSSCNHW,ChEMBL,CHEMBL101422,CHEMBL101422,https://www.ebi.ac.uk/chembl/compound_report_card/CHEMBL101422/,O=c1c2cccnc2sn1-c1ccc(Br)cc1,O=c1c2cccnc2sn1-c1ccc(Br)cc1,O=c1c2cccnc2sn1-c1ccc(Br)cc1,CKQMTCNNSSCNHW-UHFFFAOYSA-N,CKQMTCNNSSCNHW,eligible,307.172,3.21,34.89,0,3,1,17,3,0.6917,0,1,1
LIB_CKQMTXLABQTGQB,ChEMBL,CHEMBL1079664,CHEMBL1079664,https://www.ebi.ac.uk/chembl/compound_report_card/CHEMBL1079664/,COc1ccc(/C=C/C(=O)Nc2ccccc2C(=O)O)cc1,COc1ccc(/C=C/C(=O)Nc2ccccc2C(=O)O)cc1,COc1ccc(C=CC(=O)Nc2ccccc2C(=O)O)cc1,CKQMTXLABQTGQB-DHZHZOJOSA-N,CKQMTXLABQTGQB,eligible,297.31,3.045,75.63,2,3,5,22,2,0.8317,0,1,1
LIB_CKRCANXJQOQBLO,ChEMBL,CHEMBL10414,CHEMBL10414,https://www.ebi.ac.uk/chembl/compound_report_card/CHEMBL10414/,CN1CC(O)=C(C(=O)/C=C/C=C/c2ccccc2[N+](=O)[O-])C1=O,Cn1cc(O)c(C(=O)/C=C/C=C/c2ccccc2[N+](=O)[O-])c1O,Cn1cc(O)c(C(=O)C=CC=Cc2ccccc2[N+](=O)[O-])c1O,CKRCANXJQOQBLO-DLYLGUBQSA-N,CKRCANXJQOQBLO,eligible,314.297,2.797,105.6,2,5,5,23,2,0.2901,0,1,1
LIB_CKROPDRVILWCMA,ChEMBL,CHEMBL1078646,CHEMBL1078646,https://www.ebi.ac.uk/chembl/compound_report_card/CHEMBL1078646/,CSCC[C@H](NC(=O)CS)C(=O)N[C@@H](Cc1c[nH]c2ccccc12)C(N)=O,CSCCC(NC(=O)CS)C(=O)NC(Cc1c[nH]c2ccccc12)C(N)=O,CSCCC(NC(=O)CS)C(=O)NC(Cc1c[nH]c2ccccc12)C(N)=O,CKROPDRVILWCMA-UHFFFAOYSA-N,CKROPDRVILWCMA,eligible,408.549,0.848,117.08,5,5,10,27,2,0.3747,0,1,1
LIB_CKSDTWKQOZLXJS,ChEMBL,CHEMBL10506,CHEMBL10506,https://www.ebi.ac.uk/chembl/compound_report_card/CHEMBL10506/,OCCN(CCO)CC(O)(c1ccccc1)c1ccccc1,OCCN(CCO)CC(O)(c1ccccc1)c1ccccc1,OCCN(CCO)CC(O)(c1ccccc1)c1ccccc1,CKSDTWKQOZLXJS-UHFFFAOYSA-N,CKSDTWKQOZLXJS,eligible,301.386,1.209,63.93,3,4,8,22,2,0.6856,0,1,1
LIB_CKSPCIFQKXNASL,ChEMBL,CHEMBL1082705,CHEMBL1082705,https://www.ebi.ac.uk/chembl/compound_report_card/CHEMBL1082705/,Cc1nc(Nc2cc(C)c(C#N)cc2C)c(=O)n(C(C)C2CC2)n1,Cc1nc(Nc2cc(C)c(C#N)cc2C)c(=O)n(C(C)C2CC2)n1,Cc1nc(Nc2cc(C)c(C#N)cc2C)c(=O)n(C(C)C2CC2)n1,CKSPCIFQKXNASL-UHFFFAOYSA-N,CKSPCIFQKXNASL,eligible,323.4,3.15,83.6,1,5,4,24,3,0.9341,0,1,1
LIB_CKUMNNZMISUIQZ,ChEMBL,CHEMBL100092,CHEMBL100092,https://www.ebi.ac.uk/chembl/compound_report_card/CHEMBL100092/,CCCCCCOC(=O)Cc1c(C)n(C(=O)c2ccc(Cl)cc2)c2ccc(OC)cc12,CCCCCCOC(=O)Cc1c(C)n(C(=O)c2ccc(Cl)cc2)c2ccc(OC)cc12,CCCCCCOC(=O)Cc1c(C)n(C(=O)c2ccc(Cl)cc2)c2ccc(OC)cc12,CKUMNNZMISUIQZ-UHFFFAOYSA-N,CKUMNNZMISUIQZ,eligible,441.955,5.966,57.53,0,4,9,31,3,0.3031,0,1,1
LIB_CKVZOQRSFXAUGO,ChEMBL,CHEMBL1080310,CHEMBL1080310,https://www.ebi.ac.uk/chembl/compound_report_card/CHEMBL1080310/,O=C(CNC(=O)[C@H](Cc1c[nH]cn1)NC(=O)c1coc(-c2ccccc2)n1)N[C@@H](Cc1ccccc1)C(=O)O,O=C(CNC(=O)C(Cc1c[nH]cn1)NC(=O)c1coc(-c2ccccc2)n1)NC(Cc1ccccc1)C(=O)O,O=C(CNC(=O)C(Cc1c[nH]cn1)NC(=O)c1coc(-c2ccccc2)n1)NC(Cc1ccccc1)C(=O)O,CKVZOQRSFXAUGO-UHFFFAOYSA-N,CKVZOQRSFXAUGO,eligible,530.541,1.334,179.31,5,7,12,39,4,0.182,0,1,1
LIB_CKWCSSQWWSHMHS,ChEMBL,CHEMBL107855,CHEMBL107855,https://www.ebi.ac.uk/chembl/compound_report_card/CHEMBL107855/,CCCCCCCC(=O)N(c1ccc(Nc2c3ccccc3nc3cc(NC(C)=O)ccc23)cc1)S(C)(=O)=O,CCCCCCCC(=O)N(c1ccc(Nc2c3ccccc3nc3cc(NC(C)=O)ccc23)cc1)S(C)(=O)=O,CCCCCCCC(=O)N(c1ccc(Nc2c3ccccc3nc3cc(NC(C)=O)ccc23)cc1)S(C)(=O)=O,CKWCSSQWWSHMHS-UHFFFAOYSA-N,CKWCSSQWWSHMHS,eligible,546.693,6.743,108.47,2,6,11,39,4,0.1592,0,1,1
LIB_CKWCZHSERNCFJJ,ChEMBL,CHEMBL1087554,CHEMBL1087554,https://www.ebi.ac.uk/chembl/compound_report_card/CHEMBL1087554/,CC(C)=C[C@@H]1C/C(=C\CC/C(C)=C/CCC2=CC(=O)OC2)C(=O)O1,CC(C)=C[C@@H]1C/C(=C\CC/C(C)=C/CCC2=CC(=O)OC2)C(=O)O1,CC(C)=CC1CC(=CCCC(C)=CCCC2=CC(=O)OC2)C(=O)O1,CKWCZHSERNCFJJ-VSHYEWDMSA-N,CKWCZHSERNCFJJ,eligible,330.424,4.184,52.6,0,4,7,24,2,0.399,0,1,1
LIB_CKYFDMJODMIUGE,ChEMBL,CHEMBL103619,CHEMBL103619,https://www.ebi.ac.uk/chembl/compound_report_card/CHEMBL103619/,Cc1ncccc1C(C#N)N1CCN(C(=O)CC(c2ccccc2)N2C(=O)CCC2=O)CC1,Cc1ncccc1C(C#N)N1CCN(C(=O)CC(c2ccccc2)n2c(O)ccc2O)CC1,Cc1ncccc1C(C#N)N1CCN(C(=O)CC(c2ccccc2)n2c(O)ccc2O)CC1,CKYFDMJODMIUGE-UHFFFAOYSA-N,CKYFDMJODMIUGE,eligible,445.523,2.991,105.62,2,6,6,33,4,0.6043,0,1,1
LIB_CLADBLWFXVASRD,ChEMBL,CHEMBL1078953,CHEMBL1078953,https://www.ebi.ac.uk/chembl/compound_report_card/CHEMBL1078953/,CCOc1ccccc1OCCNCC1COC(c2ccccc2)(c2ccccc2)O1,CCOc1ccccc1OCCNCC1COC(c2ccccc2)(c2ccccc2)O1,CCOc1ccccc1OCCNCC1COC(c2ccccc2)(c2ccccc2)O1,CLADBLWFXVASRD-UHFFFAOYSA-N,CLADBLWFXVASRD,eligible,419.521,4.37,48.95,1,5,10,31,4,0.4947,0,1,1
LIB_CLBNJMCFZVBADB,ChEMBL,CHEMBL104982,CHEMBL104982,https://www.ebi.ac.uk/chembl/compound_report_card/CHEMBL104982/,O=C1C(NCCCl)=CC(=O)c2nc(-c3ccccc3)ccc21,O=C1C(=NCCCl)CC(=O)c2nc(-c3ccccc3)ccc21,O=C1C(=NCCCl)CC(=O)c2nc(-c3ccccc3)ccc21,CLBNJMCFZVBADB-UHFFFAOYSA-N,CLBNJMCFZVBADB,eligible,312.756,3.198,59.39,0,4,3,22,3,0.8177,0,1,1
LIB_CLENZPTUQALSKC,ChEMBL,CHEMBL1087425,CHEMBL1087425,https://www.ebi.ac.uk/chembl/compound_report_card/CHEMBL1087425/,Cc1c(Nc2c(C#N)cncc2/C=C/c2ccc(CN3CCC(O)CC3)cc2)ccc2[nH]ccc12,Cc1c(Nc2c(C#N)cncc2/C=C/c2ccc(CN3CCC(O)CC3)cc2)ccc2[nH]ccc12,Cc1c(Nc2c(C#N)cncc2C=Cc2ccc(CN3CCC(O)CC3)cc2)ccc2[nH]ccc12,CLENZPTUQALSKC-VOTSOKGWSA-N,CLENZPTUQALSKC,eligible,463.585,5.614,87.97,3,5,6,35,5,0.3457,0,1,1
LIB_CLFNHKWJZKXJQU,ChEMBL,CHEMBL104916,CHEMBL104916,https://www.ebi.ac.uk/chembl/compound_report_card/CHEMBL104916/,COc1ccccc1/C=C1\Cc2ccccc2C1=O,COc1ccccc1/C=C1\Cc2ccccc2C1=O,COc1ccccc1C=C1Cc2ccccc2C1=O,CLFNHKWJZKXJQU-SDNWHVSQSA-N,CLFNHKWJZKXJQU,eligible,250.297,3.518,26.3,0,2,2,19,3,0.7622,0,1,1
LIB_CLFOEABOGBHCIT,ChEMBL,CHEMBL105065,CHEMBL105065,https://www.ebi.ac.uk/chembl/compound_report_card/CHEMBL105065/,CCS(=O)(=O)N(Cc1cccnc1)c1cccc(C(C)c2ccccc2)c1,CCS(=O)(=O)N(Cc1cccnc1)c1cccc(C(C)c2ccccc2)c1,CCS(=O)(=O)N(Cc1cccnc1)c1cccc(C(C)c2ccccc2)c1,CLFOEABOGBHCIT-UHFFFAOYSA-N,CLFOEABOGBHCIT,eligible,380.513,4.59,50.27,0,3,7,27,3,0.6023,0,1,1
LIB_CLFPAGLHVAKYPT,ChEMBL,CHEMBL1084888,CHEMBL1084888,https://www.ebi.ac.uk/chembl/compound_report_card/CHEMBL1084888/,COc1ccc(-c2nc3c(N4CCN(Cc5nccn5C)CC4)c(Br)cnc3[nH]2)cc1,COc1ccc(-c2nc3c(N4CCN(Cc5nccn5C)CC4)c(Br)cnc3[nH]2)cc1,COc1ccc(-c2nc3c(N4CCN(Cc5nccn5C)CC4)c(Br)cnc3[nH]2)cc1,CLFPAGLHVAKYPT-UHFFFAOYSA-N,CLFPAGLHVAKYPT,eligible,482.386,3.452,75.1,1,6,5,31,5,0.4699,0,1,1
LIB_CLFXXEFAURLAMH,ChEMBL,CHEMBL104958,CHEMBL104958,https://www.ebi.ac.uk/chembl/compound_report_card/CHEMBL104958/,Cc1cccc(NC(=O)N[C@H](COC(=O)N2CCOCC2)C(=O)N2CCC(C(=O)c3ccccc3)CC2)c1,Cc1cccc(NC(=O)NC(COC(=O)N2CCOCC2)C(=O)N2CCC(C(=O)c3ccccc3)CC2)c1,Cc1cccc(NC(=O)NC(COC(=O)N2CCOCC2)C(=O)N2CCC(C(=O)c3ccccc3)CC2)c1,CLFXXEFAURLAMH-UHFFFAOYSA-N,CLFXXEFAURLAMH,eligible,522.602,3.075,117.28,2,6,7,38,4,0.54,0,1,1
LIB_CLGICYOFYFQAHC,ChEMBL,CHEMBL107767,CHEMBL107767,https://www.ebi.ac.uk/chembl/compound_report_card/CHEMBL107767/,O=C(Cc1ccccc1)NCCNCC(O)COc1ccc(O)cc1,O=C(Cc1ccccc1)NCCNCC(O)COc1ccc(O)cc1,O=C(Cc1ccccc1)NCCNCC(O)COc1ccc(O)cc1,CLGICYOFYFQAHC-UHFFFAOYSA-N,CLGICYOFYFQAHC,eligible,344.411,1.08,90.82,4,5,10,25,2,0.4844,0,1,1
LIB_CLGVEEWNHAQMHB,ChEMBL,CHEMBL108179,CHEMBL108179,https://www.ebi.ac.uk/chembl/compound_report_card/CHEMBL108179/,Nc1ccc2c(Nc3ccc(C(=O)O)cc3)c3ccccc3nc2c1,Nc1ccc2c(Nc3ccc(C(=O)O)cc3)c3ccccc3nc2c1,Nc1ccc2c(Nc3ccc(C(=O)O)cc3)c3ccccc3nc2c1,CLGVEEWNHAQMHB-UHFFFAOYSA-N,CLGVEEWNHAQMHB,eligible,329.359,4.412,88.24,3,4,3,25,4,0.3825,0,1,1
LIB_CLIUGFVSWUEMDX,ChEMBL,CHEMBL104546,CHEMBL104546,https://www.ebi.ac.uk/chembl/compound_report_card/CHEMBL104546/,CCSC1c2cccc(O)c2C(=O)c2c(O)cccc21,CCSC1c2cccc(O)c2C(=O)c2c(O)cccc21,CCSC1c2cccc(O)c2C(=O)c2c(O)cccc21,CLIUGFVSWUEMDX-UHFFFAOYSA-N,CLIUGFVSWUEMDX,eligible,286.352,3.485,57.53,2,4,2,20,3,0.887,0,1,1
LIB_CLJNZEHDBPMUPX,ChEMBL,CHEMBL10418,CHEMBL10418;CHEMBL10823,https://www.ebi.ac.uk/chembl/compound_report_card/CHEMBL10418/,Cc1ccc(S(=O)(=O)N[C@@H]2C3CC(c4ccc(F)cc4)(CO3)[C@H]2C/C=C/CCCC(=O)O)cc1,Cc1ccc(S(=O)(=O)N[C@@H]2C3CC(c4ccc(F)cc4)(CO3)[C@H]2C/C=C/CCCC(=O)O)cc1,Cc1ccc(S(=O)(=O)NC2C3CC(c4ccc(F)cc4)(CO3)C2CC=CCCCC(=O)O)cc1,CLJNZEHDBPMUPX-RQNJDHIASA-N,CLJNZEHDBPMUPX,eligible,487.593,4.339,92.7,2,4,10,34,4,0.3842,0,2,2
LIB_CLKJWPICHMNXSH,ChEMBL,CHEMBL108359,CHEMBL108359,https://www.ebi.ac.uk/chembl/compound_report_card/CHEMBL108359/,COc1cc(NS(C)(=O)=O)ccc1Nc1c2cccc(C)c2nc2c(C)c([N+](=O)[O-])ccc12,COc1cc(NS(C)(=O)=O)ccc1Nc1c2cccc(C)c2nc2c(C)c([N+](=O)[O-])ccc12,COc1cc(NS(C)(=O)=O)ccc1Nc1c2cccc(C)c2nc2c(C)c([N+](=O)[O-])ccc12,CLKJWPICHMNXSH-UHFFFAOYSA-N,CLKJWPICHMNXSH,eligible,466.519,5.037,123.46,2,7,6,33,4,0.2318,0,1,1
LIB_CLKQXEGDLZQTME,ChEMBL,CHEMBL100643,CHEMBL100643;CHEMBL101545,https://www.ebi.ac.uk/chembl/compound_report_card/CHEMBL100643/,CC(C)CC(NC(=O)[C@@H](CCC(=O)O)Oc1cccc2ccccc12)C(=O)N[C@H]1CC(=O)OC1O,CC(C)CC(NC(=O)C(CCC(=O)O)Oc1cccc2ccccc12)C(=O)N[C@H]1CC(=O)OC1O,CC(C)CC(NC(=O)C(CCC(=O)O)Oc1cccc2ccccc12)C(=O)NC1CC(=O)OC1O,CLKQXEGDLZQTME-GIQTZNDHSA-N,CLKQXEGDLZQTME,eligible,486.521,1.733,151.26,4,7,11,35,3,0.3507,0,2,1
LIB_CLLQEXUCEWAACY,ChEMBL,CHEMBL1079577,CHEMBL1079577,https://www.ebi.ac.uk/chembl/compound_report_card/CHEMBL1079577/,Cc1ccc2c(-c3nnc(SCCCN4CC5CC5(c5ccc(C#N)cc5)C4)n3C)cccc2n1,Cc1ccc2c(-c3nnc(SCCCN4CC5CC5(c5ccc(C#N)cc5)C4)n3C)cccc2n1,Cc1ccc2c(-c3nnc(SCCCN4CC5CC5(c5ccc(C#N)cc5)C4)n3C)cccc2n1,CLLQEXUCEWAACY-UHFFFAOYSA-N,CLLQEXUCEWAACY,eligible,480.641,4.966,70.63,0,6,7,35,6,0.2749,0,1,1
LIB_CLMIITQJORHFAN,ChEMBL,CHEMBL108484,CHEMBL108484,https://www.ebi.ac.uk/chembl/compound_report_card/CHEMBL108484/,CN(C)c1ncnc2c1ncn2C(C)(C)C,CN(C)c1ncnc2c1ncn2C(C)(C)C,CN(C)c1ncnc2c1ncn2C(C)(C)C,CLMIITQJORHFAN-UHFFFAOYSA-N,CLMIITQJORHFAN,eligible,219.292,1.647,46.84,0,4,1,16,2,0.7313,0,1,1
LIB_CLOYGOHFEGFPSR,ChEMBL,CHEMBL106970,CHEMBL106970,https://www.ebi.ac.uk/chembl/compound_report_card/CHEMBL106970/,CC(Cc1ccc(O)cc1)N1CCC(Cc2ccccc2)CC1,CC(Cc1ccc(O)cc1)N1CCC(Cc2ccccc2)CC1,CC(Cc1ccc(O)cc1)N1CCC(Cc2ccccc2)CC1,CLOYGOHFEGFPSR-UHFFFAOYSA-N,CLOYGOHFEGFPSR,eligible,309.453,4.278,23.47,1,2,5,23,3,0.891,0,1,1
LIB_CLPQPSHMBDAYLR,ChEMBL,CHEMBL102057,CHEMBL102057,https://www.ebi.ac.uk/chembl/compound_report_card/CHEMBL102057/,COc1ccc(S(=O)(=O)N(C)c2c(CN3CCN(C)CC3)cc(-c3ccc(OC(F)(F)F)cc3)cc2C(=O)NO)cc1,COc1ccc(S(=O)(=O)N(C)c2c(CN3CCN(C)CC3)cc(-c3ccc(OC(F)(F)F)cc3)cc2C(O)=NO)cc1,COc1ccc(S(=O)(=O)N(C)c2c(CN3CCN(C)CC3)cc(-c3ccc(OC(F)(F)F)cc3)cc2C(O)=NO)cc1,CLPQPSHMBDAYLR-UHFFFAOYSA-N,CLPQPSHMBDAYLR,eligible,608.639,4.527,115.14,2,8,9,42,4,0.1577,0,1,1
LIB_CLPVTJDKXLZHON,ChEMBL,CHEMBL1084706,CHEMBL1084706,https://www.ebi.ac.uk/chembl/compound_report_card/CHEMBL1084706/,O=C1c2cccc3cc(O)cc(c23)C(=O)N1CC1CCN(CC(O)COc2cccc3[nH]c4ccccc4c23)CC1,O=C1c2cccc3cc(O)cc(c23)C(=O)N1CC1CCN(CC(O)COc2cccc3[nH]c4ccccc4c23)CC1,O=C1c2cccc3cc(O)cc(c23)C(=O)N1CC1CCN(CC(O)COc2cccc3[nH]c4ccccc4c23)CC1,CLPVTJDKXLZHON-UHFFFAOYSA-N,CLPVTJDKXLZHON,eligible,549.627,4.928,106.1,3,6,7,41,7,0.2488,0,1,1
LIB_CLQDMZWNPYIYRH,ChEMBL,CHEMBL1086346,CHEMBL1086346,https://www.ebi.ac.uk/chembl/compound_report_card/CHEMBL1086346/,COc1ccc(C(=O)CSc2cnnn2-c2ccccc2)cc1OC,COc1ccc(C(=O)CSc2cnnn2-c2ccccc2)cc1OC,COc1ccc(C(=O)CSc2cnnn2-c2ccccc2)cc1OC,CLQDMZWNPYIYRH-UHFFFAOYSA-N,CLQDMZWNPYIYRH,eligible,355.419,3.26,66.24,0,6,7,25,3,0.4787,0,1,1
LIB_CLQOYHWDHWDLPD,ChEMBL,CHEMBL1084704,CHEMBL1084704,https://www.ebi.ac.uk/chembl/compound_report_card/CHEMBL1084704/,CCc1ccc(CCCCN(C)C)cc1,CCc1ccc(CCCCN(C)C)cc1,CCc1ccc(CCCCN(C)C)cc1,CLQOYHWDHWDLPD-UHFFFAOYSA-N,CLQOYHWDHWDLPD,eligible,205.345,3.133,3.24,0,1,6,15,1,0.6449,0,1,1
LIB_CLQYFTAZKJQQES,ChEMBL,CHEMBL101537,CHEMBL101537,https://www.ebi.ac.uk/chembl/compound_report_card/CHEMBL101537/,C[C@H](NC(=O)[C@@H](O)c1cc(F)cc(F)c1)C(=O)N[C@H](CO)CC1CCCCC1,CC(NC(=O)C(O)c1cc(F)cc(F)c1)C(=O)N[C@H](CO)CC1CCCCC1,CC(NC(=O)C(O)c1cc(F)cc(F)c1)C(=O)NC(CO)CC1CCCCC1,CLQYFTAZKJQQES-KQJRHQORSA-N,CLQYFTAZKJQQES,eligible,398.45,1.95,98.66,4,4,8,28,2,0.538,0,1,1
LIB_CLRDTSVLYHSEFV,ChEMBL,CHEMBL10859,CHEMBL10859,https://www.ebi.ac.uk/chembl/compound_report_card/CHEMBL10859/,OCCN(CCO)CC(c1ccccc1)c1ccccc1,OCCN(CCO)CC(c1ccccc1)c1ccccc1,OCCN(CCO)CC(c1ccccc1)c1ccccc1,CLRDTSVLYHSEFV-UHFFFAOYSA-N,CLRDTSVLYHSEFV,eligible,285.387,2.105,43.7,2,3,8,21,2,0.7805,0,1,1
LIB_CLRUOXGZSJVAFA,ChEMBL,CHEMBL1078992,CHEMBL1078992,https://www.ebi.ac.uk/chembl/compound_report_card/CHEMBL1078992/,CCCn1c(=O)c(C#N)nn(C2CCCCC2)c1=O,CCCn1c(=O)c(C#N)nn(C2CCCCC2)c1=O,CCCn1c(=O)c(C#N)nn(C2CCCCC2)c1=O,CLRUOXGZSJVAFA-UHFFFAOYSA-N,CLRUOXGZSJVAFA,eligible,262.313,1.192,80.68,0,4,3,19,2,0.8191,0,1,1
LIB_CLSFYUFVFRIOBG,ChEMBL,CHEMBL103652,CHEMBL103652,https://www.ebi.ac.uk/chembl/compound_report_card/CHEMBL103652/,COc1ccc(-c2ccc(-c3ccccn3)nc2)cc1,COc1ccc(-c2ccc(-c3ccccn3)nc2)cc1,COc1ccc(-c2ccc(-c3ccccn3)nc2)cc1,CLSFYUFVFRIOBG-UHFFFAOYSA-N,CLSFYUFVFRIOBG,eligible,262.312,3.819,35.01,0,3,3,20,3,0.7194,0,1,1
LIB_CLSJNXXMIVKULC,ChEMBL,CHEMBL102405,CHEMBL102405,https://www.ebi.ac.uk/chembl/compound_report_card/CHEMBL102405/,COc1ccc(CCOC(c2ccccc2)(c2ccccc2)C(Oc2nc(C)cc(C)n2)C(=O)O)cc1OC,COc1ccc(CCOC(c2ccccc2)(c2ccccc2)C(Oc2nc(C)cc(C)n2)C(=O)O)cc1OC,COc1ccc(CCOC(c2ccccc2)(c2ccccc2)C(Oc2nc(C)cc(C)n2)C(=O)O)cc1OC,CLSJNXXMIVKULC-UHFFFAOYSA-N,CLSJNXXMIVKULC,eligible,528.605,5.146,100.0,1,7,12,39,4,0.2697,0,1,1
LIB_CLUGYQSXBJPTPD,ChEMBL,CHEMBL1085959,CHEMBL1085959,https://www.ebi.ac.uk/chembl/compound_report_card/CHEMBL1085959/,COc1ccccc1CC(c1ccccc1F)N1CCNCC1,COc1ccccc1CC(c1ccccc1F)N1CCNCC1,COc1ccccc1CC(c1ccccc1F)N1CCNCC1,CLUGYQSXBJPTPD-UHFFFAOYSA-N,CLUGYQSXBJPTPD,eligible,314.404,3.023,24.5,1,3,5,23,3,0.918,0,1,1
LIB_CLWGKJWYXFQQHA,ChEMBL,CHEMBL104296,CHEMBL104296,https://www.ebi.ac.uk/chembl/compound_report_card/CHEMBL104296/,CCS(=O)(=O)N(Cc1cccnc1)c1ccc(Oc2ccccc2)cc1,CCS(=O)(=O)N(Cc1cccnc1)c1ccc(Oc2ccccc2)cc1,CCS(=O)(=O)N(Cc1cccnc1)c1ccc(Oc2ccccc2)cc1,CLWGKJWYXFQQHA-UHFFFAOYSA-N,CLWGKJWYXFQQHA,eligible,368.458,4.23,59.5,0,4,7,26,3,0.6261,0,1,1
LIB_CLWPGAGULOCRHB,ChEMBL,CHEMBL1087203,CHEMBL1087203,https://www.ebi.ac.uk/chembl/compound_report_card/CHEMBL1087203/,COc1ccc(C(C)(O)/C=C/C2=C(C)CCCC2(C)C)cc1,COc1ccc(C(C)(O)/C=C/C2=C(C)CCCC2(C)C)cc1,COc1ccc(C(C)(O)C=CC2=C(C)CCCC2(C)C)cc1,CLWPGAGULOCRHB-WYMLVPIESA-N,CLWPGAGULOCRHB,eligible,300.442,4.986,29.46,1,2,4,22,2,0.8489,0,1,1
LIB_CLXLWYNBXZPQPQ,ChEMBL,CHEMBL102210,CHEMBL102210,https://www.ebi.ac.uk/chembl/compound_report_card/CHEMBL102210/,COc1cc2ncnc(N3CCN(C(=O)Nc4ccc(O)cc4)CC3)c2cc1OC,COc1cc2ncnc(N3CCN(C(=O)Nc4ccc(O)cc4)CC3)c2cc1OC,COc1cc2ncnc(N3CCN(C(=O)Nc4ccc(O)cc4)CC3)c2cc1OC,CLXLWYNBXZPQPQ-UHFFFAOYSA-N,CLXLWYNBXZPQPQ,eligible,409.446,2.707,100.05,2,7,4,30,4,0.6392,0,1,1
LIB_CLXQZIHRPALTQQ,ChEMBL,CHEMBL104607,CHEMBL104607,https://www.ebi.ac.uk/chembl/compound_report_card/CHEMBL104607/,N#CN/C(=N\CCCCCCCCOc1ccc(Cl)cc1)Nc1ccncc1,N#CN=C(N=c1cc[nH]cc1)NCCCCCCCCOc1ccc(Cl)cc1,N#CN=C(N=c1cc[nH]cc1)NCCCCCCCCOc1ccc(Cl)cc1,CLXQZIHRPALTQQ-UHFFFAOYSA-N,CLXQZIHRPALTQQ,eligible,399.926,4.415,85.56,2,3,10,28,2,0.2682,0,1,1
LIB_CLZBLINATCVCOS,ChEMBL,CHEMBL1087156,CHEMBL1087156,https://www.ebi.ac.uk/chembl/compound_report_card/CHEMBL1087156/,CC1=C(C#N)c2nc(N)c(C#N)c(C)c2/C1=C/c1ccc(-c2ccccc2)cc1,CC1=C(C#N)c2nc(N)c(C#N)c(C)c2C1=Cc1ccc(-c2ccccc2)cc1,CC1=C(C#N)c2nc(N)c(C#N)c(C)c2C1=Cc1ccc(-c2ccccc2)cc1,CLZBLINATCVCOS-UHFFFAOYSA-N,CLZBLINATCVCOS,eligible,374.447,5.362,86.49,1,4,2,29,4,0.6538,0,1,1
LIB_CLZJJBZJUIWHJT,ChEMBL,CHEMBL1081018,CHEMBL1081018,https://www.ebi.ac.uk/chembl/compound_report_card/CHEMBL1081018/,c1ccc(C(CCN2CCN(C(c3ccccc3)c3ccccc3)CC2)c2ccccc2)cc1,c1ccc(C(CCN2CCN(C(c3ccccc3)c3ccccc3)CC2)c2ccccc2)cc1,c1ccc(C(CCN2CCN(C(c3ccccc3)c3ccccc3)CC2)c2ccccc2)cc1,CLZJJBZJUIWHJT-UHFFFAOYSA-N,CLZJJBZJUIWHJT,eligible,446.638,6.616,6.48,0,2,8,34,5,0.3002,0,1,1
LIB_CMAHGGUCLITKBY,ChEMBL,CHEMBL105481,CHEMBL105481,https://www.ebi.ac.uk/chembl/compound_report_card/CHEMBL105481/,CC1(C)Oc2ccc(C#N)cc2[C@@H](Oc2ccccn2)[C@]1(C)O,CC1(C)Oc2ccc(C#N)cc2[C@@H](Oc2ccccn2)[C@]1(C)O,CC1(C)Oc2ccc(C#N)cc2C(Oc2ccccn2)C1(C)O,CMAHGGUCLITKBY-AEFFLSMTSA-N,CMAHGGUCLITKBY,eligible,310.353,2.995,75.37,1,5,2,23,3,0.9226,0,1,1
LIB_CMALBPMZEURNBK,ChEMBL,CHEMBL100754,CHEMBL100754,https://www.ebi.ac.uk/chembl/compound_report_card/CHEMBL100754/,O=C(NO)C1CCS(=O)(=O)N1Cc1ccc(-c2ccccc2)cc1,O=S1(=O)CCC(C(O)=NO)N1Cc1ccc(-c2ccccc2)cc1,O=S1(=O)CCC(C(O)=NO)N1Cc1ccc(-c2ccccc2)cc1,CMALBPMZEURNBK-UHFFFAOYSA-N,CMALBPMZEURNBK,eligible,346.408,2.603,90.2,2,4,4,24,3,0.3853,0,1,1
LIB_CMBGAERCAUPMJB,ChEMBL,CHEMBL1085854,CHEMBL1085854,https://www.ebi.ac.uk/chembl/compound_report_card/CHEMBL1085854/,COc1cccc(C(=O)Nc2ccc(OCCN3CCN(C(C)=O)CC3)c(-c3ccnn3C)c2)c1,COc1cccc(C(=O)Nc2ccc(OCCN3CCN(C(C)=O)CC3)c(-c3ccnn3C)c2)c1,COc1cccc(C(=O)Nc2ccc(OCCN3CCN(C(C)=O)CC3)c(-c3ccnn3C)c2)c1,CMBGAERCAUPMJB-UHFFFAOYSA-N,CMBGAERCAUPMJB,eligible,477.565,2.891,88.93,1,6,8,35,4,0.5368,0,1,1
LIB_CMBJRFZUXFLZFO,ChEMBL,CHEMBL1084889,CHEMBL1084889,https://www.ebi.ac.uk/chembl/compound_report_card/CHEMBL1084889/,Cn1ccnc1CN1CCN(c2c(Br)cnc3[nH]c(-c4ccc(CN5CCOCC5)cc4)nc23)CC1,Cn1ccnc1CN1CCN(c2c(Br)cnc3[nH]c(-c4ccc(CN5CCOCC5)cc4)nc23)CC1,Cn1ccnc1CN1CCN(c2c(Br)cnc3[nH]c(-c4ccc(CN5CCOCC5)cc4)nc23)CC1,CMBJRFZUXFLZFO-UHFFFAOYSA-N,CMBJRFZUXFLZFO,eligible,551.493,3.275,78.34,1,7,6,36,6,0.3943,0,1,1
LIB_CMBRTFQBQGEDHH,ChEMBL,CHEMBL107039,CHEMBL107039,https://www.ebi.ac.uk/chembl/compound_report_card/CHEMBL107039/,C=C(c1ccc(C(=O)O)cc1)c1cc2c(cc1C)CCCC2(C)C,C=C(c1ccc(C(=O)O)cc1)c1cc2c(cc1C)CCCC2(C)C,C=C(c1ccc(C(=O)O)cc1)c1cc2c(cc1C)CCCC2(C)C,CMBRTFQBQGEDHH-UHFFFAOYSA-N,CMBRTFQBQGEDHH,eligible,320.432,5.369,37.3,1,1,3,24,3,0.8253,0,1,1
LIB_CMCCHHWTTBEZNM,ChEMBL,CHEMBL1515611,CHEMBL1515611,https://www.ebi.ac.uk/chembl/compound_report_card/CHEMBL1515611/,CC(C)C(Br)C(=O)NC(N)=O,CC(C)C(Br)C(=O)NC(N)=O,CC(C)C(Br)C(=O)NC(N)=O,CMCCHHWTTBEZNM-UHFFFAOYSA-N,CMCCHHWTTBEZNM,eligible,223.07,0.601,72.19,2,2,2,11,0,0.6725,0,1,1
LIB_CMCIMXJGFXCFQD,ChEMBL,CHEMBL1078092,CHEMBL1078092,https://www.ebi.ac.uk/chembl/compound_report_card/CHEMBL1078092/,O=C(Nc1cscc1-c1nc(O)c(O)c(C(=O)O)n1)NS(=O)(=O)c1cccc2ccccc12,O=C(Nc1cscc1-c1nc(=O)c(O)c(C(=O)O)[nH]1)NS(=O)(=O)c1cccc2ccccc12,O=C(Nc1cscc1-c1nc(=O)c(O)c(C(=O)O)[nH]1)NS(=O)(=O)c1cccc2ccccc12,CMCIMXJGFXCFQD-UHFFFAOYSA-N,CMCIMXJGFXCFQD,eligible,486.487,2.566,178.55,5,8,5,33,4,0.2855,0,1,1
LIB_CMDKVJLGJQXJNY,ChEMBL,CHEMBL1085112,CHEMBL1085112,https://www.ebi.ac.uk/chembl/compound_report_card/CHEMBL1085112/,O=S(=O)(c1ccccc1)c1ccc2c(c1)CCCC2CNc1ncccn1,O=S(=O)(c1ccccc1)c1ccc2c(c1)CCCC2CNc1ncccn1,O=S(=O)(c1ccccc1)c1ccc2c(c1)CCCC2CNc1ncccn1,CMDKVJLGJQXJNY-UHFFFAOYSA-N,CMDKVJLGJQXJNY,eligible,379.485,3.841,71.95,1,5,5,27,4,0.7291,0,1,1
LIB_CMEKKGVRSHUBBM,ChEMBL,CHEMBL1080004,CHEMBL1080004,https://www.ebi.ac.uk/chembl/compound_report_card/CHEMBL1080004/,COc1ccccc1NC(=O)Nc1cccc(-c2cn3ccnc3c(NCc3ccncc3)n2)c1,COc1ccccc1NC(=O)Nc1cccc(-c2cn3ccnc3c(NCc3ccncc3)n2)c1,COc1ccccc1NC(=O)Nc1cccc(-c2cn3ccnc3c(NCc3ccncc3)n2)c1,CMEKKGVRSHUBBM-UHFFFAOYSA-N,CMEKKGVRSHUBBM,eligible,465.517,5.056,105.47,3,6,7,35,5,0.3104,0,1,1
LIB_CMHFYZGPGKKQOM,ChEMBL,CHEMBL1082196,CHEMBL1082196,https://www.ebi.ac.uk/chembl/compound_report_card/CHEMBL1082196/,CC1(O)C[C@H]2CC[C@@H](C1)N2S(=O)(=O)c1ccc(C(C)(C)C)cc1,CC1(O)C[C@H]2CC[C@@H](C1)N2S(=O)(=O)c1ccc(C(C)(C)C)cc1,CC1(O)CC2CCC(C1)N2S(=O)(=O)c1ccc(C(C)(C)C)cc1,CMHFYZGPGKKQOM-MVVMVCHASA-N,CMHFYZGPGKKQOM,eligible,337.485,3.051,57.61,1,3,2,23,3,0.9022,0,1,1
LIB_CMHGFGMNRHHGSN,ChEMBL,CHEMBL1086764,CHEMBL1086764,https://www.ebi.ac.uk/chembl/compound_report_card/CHEMBL1086764/,CC(C)=CCc1cc2c(cc1O)OC[C@@]1(O)c3ccc4c(c3O[C@@H]21)C=CC(C)(C)O4,CC(C)=CCc1cc2c(cc1O)OC[C@@]1(O)c3ccc4c(c3O[C@@H]21)C=CC(C)(C)O4,CC(C)=CCc1cc2c(cc1O)OCC1(O)c3ccc4c(c3OC21)C=CC(C)(C)O4,CMHGFGMNRHHGSN-UKILVPOCSA-N,CMHGFGMNRHHGSN,eligible,406.478,4.799,68.15,2,5,2,30,5,0.7015,0,1,1
LIB_CMHHMUWAYWTMGS,ChEMBL,CHEMBL1200,CHEMBL1200;CHEMBL1200654,https://www.ebi.ac.uk/chembl/compound_report_card/CHEMBL1200/,CCCCOc1cc(C(=O)OCCN(CC)CC)ccc1N,CCCCOc1cc(C(=O)OCCN(CC)CC)ccc1N,CCCCOc1cc(C(=O)OCCN(CC)CC)ccc1N,CMHHMUWAYWTMGS-UHFFFAOYSA-N,CMHHMUWAYWTMGS,eligible,308.422,2.946,64.79,1,5,10,22,1,0.4088,0,2,1
LIB_CMJCXYNUCSMDBY,ChEMBL,CHEMBL3301612,CHEMBL3301612,https://www.ebi.ac.uk/chembl/compound_report_card/CHEMBL3301612/,COC(=O)N[C@@H](C)CNc1nccc(-c2cn(C(C)C)nc2-c2cc(Cl)cc(NS(C)(=O)=O)c2F)n1,COC(=O)N[C@@H](C)CNc1nccc(-c2cn(C(C)C)nc2-c2cc(Cl)cc(NS(C)(=O)=O)c2F)n1,COC(=O)NC(C)CNc1nccc(-c2cn(C(C)C)nc2-c2cc(Cl)cc(NS(C)(=O)=O)c2F)n1,CMJCXYNUCSMDBY-ZDUSSCGKSA-N,CMJCXYNUCSMDBY,eligible,540.021,3.908,140.13,3,8,9,36,3,0.3716,0,1,1
LIB_CMJHWUKNQLPVPV,ChEMBL,CHEMBL106750,CHEMBL106750;CHEMBL107243,https://www.ebi.ac.uk/chembl/compound_report_card/CHEMBL106750/,Nc1ncnc2c1ncn2[C@H]1C=C[C@@H](OCC(=O)O)C1,Nc1ncnc2c1ncn2[C@H]1C=C[C@@H](OCC(=O)O)C1,Nc1ncnc2c1ncn2C1C=CC(OCC(=O)O)C1,CMJHWUKNQLPVPV-JGVFFNPUSA-N,CMJHWUKNQLPVPV,eligible,275.268,0.379,116.15,2,6,4,20,3,0.7745,0,2,2
LIB_CMJRGKYDMVQFTL,ChEMBL,CHEMBL1081631,CHEMBL1081631,https://www.ebi.ac.uk/chembl/compound_report_card/CHEMBL1081631/,COc1ccc(N/N=C2\C(=O)NN=C2c2ccncc2)cc1,COc1ccc(N=Nc2c(-c3ccncc3)[nH][nH]c2=O)cc1,COc1ccc(N=Nc2c(-c3ccncc3)[nH][nH]c2=O)cc1,CMJRGKYDMVQFTL-UHFFFAOYSA-N,CMJRGKYDMVQFTL,eligible,295.302,3.189,95.49,2,5,4,22,3,0.7234,0,1,1
LIB_CMKNFFUUKQPJOF,ChEMBL,CHEMBL102892,CHEMBL102892,https://www.ebi.ac.uk/chembl/compound_report_card/CHEMBL102892/,c1ccc(-c2c[nH]c(C3Cc4c([nH]c5ccccc45)C(C4CCCCC4)N3)n2)cc1,c1ccc(-c2c[nH]c(C3Cc4c([nH]c5ccccc45)C(C4CCCCC4)N3)n2)cc1,c1ccc(-c2c[nH]c(C3Cc4c([nH]c5ccccc45)C(C4CCCCC4)N3)n2)cc1,CMKNFFUUKQPJOF-UHFFFAOYSA-N,CMKNFFUUKQPJOF,eligible,396.538,6.066,56.5,3,2,3,30,6,0.3938,0,1,1
LIB_CMLMIINENSPQKQ,ChEMBL,CHEMBL104630,CHEMBL104630,https://www.ebi.ac.uk/chembl/compound_report_card/CHEMBL104630/,CC(C)CNCCCS(=O)(=O)c1ccc(S(N)(=O)=O)s1,CC(C)CNCCCS(=O)(=O)c1ccc(S(N)(=O)=O)s1,CC(C)CNCCCS(=O)(=O)c1ccc(S(N)(=O)=O)s1,CMLMIINENSPQKQ-UHFFFAOYSA-N,CMLMIINENSPQKQ,eligible,340.492,0.805,106.33,2,6,8,20,1,0.681,0,1,1
LIB_CMLUQWKVHHCXOP,ChEMBL,CHEMBL1077326,CHEMBL1077326,https://www.ebi.ac.uk/chembl/compound_report_card/CHEMBL1077326/,C=CCCCCCCCCc1nnc(Nc2ccccc2)s1,C=CCCCCCCCCc1nnc(Nc2ccccc2)s1,C=CCCCCCCCCc1nnc(Nc2ccccc2)s1,CMLUQWKVHHCXOP-UHFFFAOYSA-N,CMLUQWKVHHCXOP,eligible,315.486,5.741,37.81,1,4,11,22,2,0.4241,0,1,1
LIB_CMMYHGLFWPAMJF,ChEMBL,CHEMBL104792,CHEMBL104792,https://www.ebi.ac.uk/chembl/compound_report_card/CHEMBL104792/,CCNCC#CCCC(=O)C(O)(c1ccccc1)C1CC=CCC1,CCNCC#CCCC(=O)C(O)(c1ccccc1)C1CC=CCC1,CCNCC#CCCC(=O)C(O)(c1ccccc1)C1CC=CCC1,CMMYHGLFWPAMJF-UHFFFAOYSA-N,CMMYHGLFWPAMJF,eligible,325.452,3.193,49.33,2,3,7,24,2,0.4597,0,1,1
LIB_CMNJEKBHBKVRME,ChEMBL,CHEMBL1078743,CHEMBL1078743,https://www.ebi.ac.uk/chembl/compound_report_card/CHEMBL1078743/,CC(C)CN(C(=O)c1cccc(Cl)c1)[C@H]1CCNC1,CC(C)CN(C(=O)c1cccc(Cl)c1)[C@H]1CCNC1,CC(C)CN(C(=O)c1cccc(Cl)c1)C1CCNC1,CMNJEKBHBKVRME-AWEZNQCLSA-N,CMNJEKBHBKVRME,eligible,280.799,2.8,32.34,1,2,4,19,2,0.9198,0,1,1
LIB_CMPLLVRADIMHPM,ChEMBL,CHEMBL108005,CHEMBL108005,https://www.ebi.ac.uk/chembl/compound_report_card/CHEMBL108005/,Oc1ccc([C@@H]2CNCc3ccccc32)cc1O,Oc1ccc(C2CNCc3ccccc32)cc1O,Oc1ccc(C2CNCc3ccccc32)cc1O,CMPLLVRADIMHPM-UHFFFAOYSA-N,CMPLLVRADIMHPM,eligible,241.29,2.333,52.49,3,3,1,18,3,0.6716,0,1,1
LIB_CMQFFAUTGRPBLS,ChEMBL,CHEMBL1077573,CHEMBL1077573,https://www.ebi.ac.uk/chembl/compound_report_card/CHEMBL1077573/,CC[C@@H](C)[C@H](NC(=O)CS)C(=O)N[C@@H](CCCCN)C(N)=O,CC[C@@H](C)C(NC(=O)CS)C(=O)NC(CCCCN)C(N)=O,CCC(C)C(NC(=O)CS)C(=O)NC(CCCCN)C(N)=O,CMQFFAUTGRPBLS-GRZMOONWSA-N,CMQFFAUTGRPBLS,eligible,332.47,-0.454,127.31,5,5,11,22,0,0.2592,0,1,1
LIB_CMSHFTOEGDZOAU,ChEMBL,CHEMBL100407,CHEMBL100407,https://www.ebi.ac.uk/chembl/compound_report_card/CHEMBL100407/,COc1ccc2sc3c(c2c1)N(Cc1ccccc1C)CCNC3=O,COc1ccc2sc3c(c2c1)N(Cc1ccccc1C)CCNC3=O,COc1ccc2sc3c(c2c1)N(Cc1ccccc1C)CCNC3=O,CMSHFTOEGDZOAU-UHFFFAOYSA-N,CMSHFTOEGDZOAU,eligible,352.459,3.968,41.57,1,4,3,25,4,0.7755,0,1,1
LIB_CMSMOCZEIVJLDB,ChEMBL,CHEMBL1200796,CHEMBL1200796;CHEMBL88,https://www.ebi.ac.uk/chembl/compound_report_card/CHEMBL1200796/,O.O=P1(N(CCCl)CCCl)NCCCO1,O=P1(N(CCCl)CCCl)NCCCO1,O=P1(N(CCCl)CCCl)NCCCO1,CMSMOCZEIVJLDB-UHFFFAOYSA-N,CMSMOCZEIVJLDB,eligible,261.089,1.884,41.57,1,2,5,14,1,0.6057,0,2,1
LIB_CMTHWWKNGGNXPC,ChEMBL,CHEMBL106785,CHEMBL106785,https://www.ebi.ac.uk/chembl/compound_report_card/CHEMBL106785/,N[C@H](c1cccc(Cl)c1)[C@@H]1CCN1C(c1ccc(Cl)cc1)c1ccc(Cl)cc1,N[C@H](c1cccc(Cl)c1)[C@@H]1CCN1C(c1ccc(Cl)cc1)c1ccc(Cl)cc1,NC(c1cccc(Cl)c1)C1CCN1C(c1ccc(Cl)cc1)c1ccc(Cl)cc1,CMTHWWKNGGNXPC-FCHUYYIVSA-N,CMTHWWKNGGNXPC,eligible,431.794,6.511,29.26,1,2,5,28,4,0.4986,0,1,1
LIB_CMTLMUAHYIMWAR,ChEMBL,CHEMBL104571,CHEMBL104571,https://www.ebi.ac.uk/chembl/compound_report_card/CHEMBL104571/,CCc1ccc2c(c1)[C@@H]1c3cc(O)c(O)cc3CC[C@H]1NC2,CCc1ccc2c(c1)C1c3cc(O)c(O)cc3CC[C@H]1NC2,CCc1ccc2c(c1)C1c3cc(O)c(O)cc3CCC1NC2,CMTLMUAHYIMWAR-VTBWFHPJSA-N,CMTLMUAHYIMWAR,eligible,295.382,3.21,52.49,3,3,1,22,4,0.7081,0,1,1
LIB_CMUKPDCQCDLYCI,ChEMBL,CHEMBL1086633,CHEMBL1086633,https://www.ebi.ac.uk/chembl/compound_report_card/CHEMBL1086633/,Cc1cn(Cc2ccc(Cl)cc2Cl)c2c(-c3nnc(NC(=O)c4ccco4)o3)cc(F)cc12,Cc1cn(Cc2ccc(Cl)cc2Cl)c2c(-c3nnc(NC(=O)c4ccco4)o3)cc(F)cc12,Cc1cn(Cc2ccc(Cl)cc2Cl)c2c(-c3nnc(NC(=O)c4ccco4)o3)cc(F)cc12,CMUKPDCQCDLYCI-UHFFFAOYSA-N,CMUKPDCQCDLYCI,eligible,485.302,6.339,86.09,1,5,5,33,5,0.3141,0,1,1
LIB_CMUWMWYXXQZCFH,ChEMBL,CHEMBL102526,CHEMBL102526,https://www.ebi.ac.uk/chembl/compound_report_card/CHEMBL102526/,Cc1cccc(NC(=O)N[C@H](CCC(=O)OCc2ccccc2)C(=O)N2CCC(C(=O)Nc3ccccc3)CC2)c1,Cc1cccc(NC(=O)NC(CCC(=O)OCc2ccccc2)C(=O)N2CCC(C(=O)Nc3ccccc3)CC2)c1,Cc1cccc(NC(=O)NC(CCC(=O)OCc2ccccc2)C(=O)N2CCC(C(=O)Nc3ccccc3)CC2)c1,CMUWMWYXXQZCFH-UHFFFAOYSA-N,CMUWMWYXXQZCFH,eligible,556.663,4.886,116.84,3,5,10,41,4,0.3077,0,1,1
LIB_CMVAQMSIKMGJQD,ChEMBL,CHEMBL1080319,CHEMBL1080319,https://www.ebi.ac.uk/chembl/compound_report_card/CHEMBL1080319/,Cc1c(Cl)cccc1NC(=O)Oc1ccc2c(c1)[C@]1(C)CCN(C)[C@@H]1N2C,Cc1c(Cl)cccc1NC(=O)Oc1ccc2c(c1)[C@]1(C)CCN(C)[C@@H]1N2C,Cc1c(Cl)cccc1NC(=O)Oc1ccc2c(c1)C1(C)CCN(C)C1N2C,CMVAQMSIKMGJQD-CTNGQTDRSA-N,CMVAQMSIKMGJQD,eligible,385.895,4.628,44.81,1,4,2,27,4,0.8182,0,1,1
LIB_CMVOXBANCLVCTG,ChEMBL,CHEMBL104191,CHEMBL104191,https://www.ebi.ac.uk/chembl/compound_report_card/CHEMBL104191/,CCS(=O)(=O)N(Cc1cccnc1)c1cccc(COc2ccccc2)c1,CCS(=O)(=O)N(Cc1cccnc1)c1cccc(COc2ccccc2)c1,CCS(=O)(=O)N(Cc1cccnc1)c1cccc(COc2ccccc2)c1,CMVOXBANCLVCTG-UHFFFAOYSA-N,CMVOXBANCLVCTG,eligible,382.485,4.017,59.5,0,4,8,27,3,0.5904,0,1,1
LIB_CMVXYCKRFQSYOW,ChEMBL,CHEMBL1076570,CHEMBL1076570,https://www.ebi.ac.uk/chembl/compound_report_card/CHEMBL1076570/,Oc1ccc(Nc2ncc(-c3ccccc3)o2)cc1,Oc1ccc(Nc2ncc(-c3ccccc3)o2)cc1,Oc1ccc(Nc2ncc(-c3ccccc3)o2)cc1,CMVXYCKRFQSYOW-UHFFFAOYSA-N,CMVXYCKRFQSYOW,eligible,252.273,3.791,58.29,2,4,3,19,3,0.6961,0,1,1
LIB_CMWTZPSULFXXJA,ChEMBL,CHEMBL1200806,CHEMBL1200806;CHEMBL154,https://www.ebi.ac.uk/chembl/compound_report_card/CHEMBL1200806/,COc1ccc2cc([C@H](C)C(=O)[O-])ccc2c1.[Na+],COc1ccc2cc(C(C)C(=O)O)ccc2c1,COc1ccc2cc(C(C)C(=O)O)ccc2c1,CMWTZPSULFXXJA-UHFFFAOYSA-N,CMWTZPSULFXXJA,eligible,230.263,3.037,46.53,1,2,3,17,2,0.8811,0,2,1
LIB_CMYMFJIRDMYHDJ,ChEMBL,CHEMBL105404,CHEMBL105404,https://www.ebi.ac.uk/chembl/compound_report_card/CHEMBL105404/,Cc1cccc(NC(=O)N[C@H](CC(=O)OCc2ccccc2)C(=O)N2CCC(C(=O)c3ccccc3)CC2)c1,Cc1cccc(NC(=O)NC(CC(=O)OCc2ccccc2)C(=O)N2CCC(C(=O)c3ccccc3)CC2)c1,Cc1cccc(NC(=O)NC(CC(=O)OCc2ccccc2)C(=O)N2CCC(C(=O)c3ccccc3)CC2)c1,CMYMFJIRDMYHDJ-UHFFFAOYSA-N,CMYMFJIRDMYHDJ,eligible,527.621,4.74,104.81,2,5,9,39,4,0.309,0,1,1
LIB_CNAMYLDNIIXYMW,ChEMBL,CHEMBL1081647,CHEMBL1081647,https://www.ebi.ac.uk/chembl/compound_report_card/CHEMBL1081647/,O=C(Nc1cccc(-c2ccnc3c(-c4cnn(CCN5CCCC5)c4)cnn23)c1)c1cccc(C(F)(F)F)c1,O=C(Nc1cccc(-c2ccnc3c(-c4cnn(CCN5CCCC5)c4)cnn23)c1)c1cccc(C(F)(F)F)c1,O=C(Nc1cccc(-c2ccnc3c(-c4cnn(CCN5CCCC5)c4)cnn23)c1)c1cccc(C(F)(F)F)c1,CNAMYLDNIIXYMW-UHFFFAOYSA-N,CNAMYLDNIIXYMW,eligible,545.569,5.627,80.35,1,5,7,40,6,0.287,0,1,1
LIB_CNBGNNVCVSKAQZ,ChEMBL,CHEMBL12610,CHEMBL12610;CHEMBL1528134,https://www.ebi.ac.uk/chembl/compound_report_card/CHEMBL12610/,CN(C)CCCOc1nn(Cc2ccccc2)c2ccccc12,CN(C)CCCOc1nn(Cc2ccccc2)c2ccccc12,CN(C)CCCOc1nn(Cc2ccccc2)c2ccccc12,CNBGNNVCVSKAQZ-UHFFFAOYSA-N,CNBGNNVCVSKAQZ,eligible,309.413,3.415,30.29,0,3,7,23,3,0.6266,0,2,1
LIB_CNCXEBOTMGNTMP,ChEMBL,CHEMBL1087210,CHEMBL1087210,https://www.ebi.ac.uk/chembl/compound_report_card/CHEMBL1087210/,O=C(OCc1ccccc1)[C@@H]1COC(c2ccc(Cl)cc2)=N1,O=C(OCc1ccccc1)C1COC(c2ccc(Cl)cc2)=N1,O=C(OCc1ccccc1)C1COC(c2ccc(Cl)cc2)=N1,CNCXEBOTMGNTMP-UHFFFAOYSA-N,CNCXEBOTMGNTMP,eligible,315.756,3.229,47.89,0,4,4,22,3,0.8139,0,1,1
LIB_CNDXNYDGDZOYBN,ChEMBL,CHEMBL1076153,CHEMBL1076153,https://www.ebi.ac.uk/chembl/compound_report_card/CHEMBL1076153/,NC(=S)N1N=C(c2ccc(Cl)cc2)CC1c1ccc[nH]1,NC(=S)N1N=C(c2ccc(Cl)cc2)CC1c1ccc[nH]1,NC(=S)N1N=C(c2ccc(Cl)cc2)CC1c1ccc[nH]1,CNDXNYDGDZOYBN-UHFFFAOYSA-N,CNDXNYDGDZOYBN,eligible,304.806,3.063,57.41,2,2,2,20,3,0.8384,0,1,1
LIB_CNEKWCSJAXATCC,ChEMBL,CHEMBL101981,CHEMBL101981,https://www.ebi.ac.uk/chembl/compound_report_card/CHEMBL101981/,CCN(CC)Cc1cccc(C(=O)NO)c1N(C)S(=O)(=O)c1ccc(OC)cc1,CCN(CC)Cc1cccc(C(O)=NO)c1N(C)S(=O)(=O)c1ccc(OC)cc1,CCN(CC)Cc1cccc(C(O)=NO)c1N(C)S(=O)(=O)c1ccc(OC)cc1,CNEKWCSJAXATCC-UHFFFAOYSA-N,CNEKWCSJAXATCC,eligible,421.519,3.056,102.67,2,6,9,29,2,0.2792,0,1,1
LIB_CNFGUQMYLWEQEW,ChEMBL,CHEMBL106018,CHEMBL106018,https://www.ebi.ac.uk/chembl/compound_report_card/CHEMBL106018/,Br.Cc1c(-c2ccc(/C=N/NC(=N)N3CCCC3)cc2)[n+](C)c2ccccn12.[Br-],Cc1c(-c2ccc(/C=N/N=C(N)N3CCCC3)cc2)[n+](C)c2ccccn12,Cc1c(-c2ccc(C=NN=C(N)N3CCCC3)cc2)[n+](C)c2ccccn12,CNFGUQMYLWEQEW-HZHRSRAPSA-N,CNFGUQMYLWEQEW,eligible,361.473,2.484,62.27,1,2,3,27,4,0.3371,1,1,1
LIB_CNHUNPQEMUPFEV,ChEMBL,CHEMBL104979,CHEMBL104979,https://www.ebi.ac.uk/chembl/compound_report_card/CHEMBL104979/,Cc1c(N2C[C@@H](N)[C@@H](C)C2)c(F)cn2c(=O)c(C(=O)O)cc(C3CC3)c12,Cc1c(N2C[C@@H](N)[C@@H](C)C2)c(F)cn2c(=O)c(C(=O)O)cc(C3CC3)c12,Cc1c(N2CC(C)C(N)C2)c(F)cn2c(=O)c(C(=O)O)cc(C3CC3)c12,CNHUNPQEMUPFEV-BJOHPYRUSA-N,CNHUNPQEMUPFEV,eligible,359.401,2.106,88.04,2,4,3,26,4,0.8763,0,1,1
LIB_CNIIGCLFLJGOGP,ChEMBL,CHEMBL1706,CHEMBL1706;CHEMBL761,https://www.ebi.ac.uk/chembl/compound_report_card/CHEMBL1706/,Cl.c1ccc2c(CC3=NCCN3)cccc2c1,c1ccc2c(CC3=NCCN3)cccc2c1,c1ccc2c(CC3=NCCN3)cccc2c1,CNIIGCLFLJGOGP-UHFFFAOYSA-N,CNIIGCLFLJGOGP,eligible,210.28,2.384,24.39,1,2,2,16,3,0.8083,0,2,1
LIB_CNJKGKJHCRPANB,ChEMBL,CHEMBL108019,CHEMBL108019,https://www.ebi.ac.uk/chembl/compound_report_card/CHEMBL108019/,CS(=O)(=O)N1CCN(c2ccc(Nc3c4ccccc4nc4ccccc34)cc2)CC1,CS(=O)(=O)N1CCN(c2ccc(Nc3c4ccccc4nc4ccccc34)cc2)CC1,CS(=O)(=O)N1CCN(c2ccc(Nc3c4ccccc4nc4ccccc34)cc2)CC1,CNJKGKJHCRPANB-UHFFFAOYSA-N,CNJKGKJHCRPANB,eligible,432.549,4.213,65.54,1,5,4,31,5,0.4895,0,1,1
LIB_CNKACCQCBCIPTI,ChEMBL,CHEMBL10115,CHEMBL10115,https://www.ebi.ac.uk/chembl/compound_report_card/CHEMBL10115/,COc1cccc2c1CCC[C@H]2CN(C)CCc1ccc2nc(O)oc2c1,COc1cccc2c1CCC[C@H]2CN(C)CCc1ccc2[nH]c(=O)oc2c1,COc1cccc2c1CCCC2CN(C)CCc1ccc2[nH]c(=O)oc2c1,CNKACCQCBCIPTI-INIZCTEOSA-N,CNKACCQCBCIPTI,eligible,366.461,3.724,58.47,1,4,6,27,4,0.7222,0,1,1
LIB_CNKAIOOJMTUXNC,ChEMBL,CHEMBL1076456,CHEMBL1076456,https://www.ebi.ac.uk/chembl/compound_report_card/CHEMBL1076456/,C=C(C)[C@@H]1CC[C@]2(C(=O)N[C@@H](CC(=O)OC)C(=O)OC)CC[C@]3(C)[C@H](CC[C@@H]4[C@@]5(C)CCC(=O)C(C)(C)[C@@H]5CC[C@]43C)[C@@H]12,C=C(C)[C@@H]1CC[C@]2(C(=O)NC(CC(=O)OC)C(=O)OC)CC[C@]3(C)[C@H](CC[C@@H]4[C@@]5(C)CCC(=O)C(C)(C)[C@@H]5CC[C@]43C)[C@@H]12,C=C(C)C1CCC2(C(=O)NC(CC(=O)OC)C(=O)OC)CCC3(C)C(CCC4C5(C)CCC(=O)C(C)(C)C5CCC43C)C12,CNKAIOOJMTUXNC-JFDDQTQISA-N,CNKAIOOJMTUXNC,eligible,597.837,6.434,98.77,1,6,6,43,5,0.2797,0,1,1
LIB_CNKHEEQDXFMHCN,ChEMBL,CHEMBL1075686,CHEMBL1075686,https://www.ebi.ac.uk/chembl/compound_report_card/CHEMBL1075686/,C=C(C)[C@H]1CC=C(C)C2=CO[C@@H](c3ccccc3Br)[C@@H]21,C=C(C)[C@H]1CC=C(C)C2=CO[C@@H](c3ccccc3Br)[C@@H]21,C=C(C)C1CC=C(C)C2=COC(c3ccccc3Br)C21,CNKHEEQDXFMHCN-XWIAVFTESA-N,CNKHEEQDXFMHCN,eligible,331.253,5.563,9.23,0,1,2,20,3,0.6445,0,1,1
LIB_CNMDDAFIBJNBFQ,ChEMBL,CHEMBL1085396,CHEMBL1085396,https://www.ebi.ac.uk/chembl/compound_report_card/CHEMBL1085396/,Cc1onc(-c2ccc(Cl)cc2)c1-c1ccc2cc(CCN3CCC[C@H]3C)ccc2n1,Cc1onc(-c2ccc(Cl)cc2)c1-c1ccc2cc(CCN3CCC[C@H]3C)ccc2n1,Cc1onc(-c2ccc(Cl)cc2)c1-c1ccc2cc(CCN3CCCC3C)ccc2n1,CNMDDAFIBJNBFQ-QGZVFWFLSA-N,CNMDDAFIBJNBFQ,eligible,431.967,6.545,42.16,0,4,5,31,5,0.3592,0,1,1
LIB_CNMNMESGJFXGGA,ChEMBL,CHEMBL1076277,CHEMBL1076277,https://www.ebi.ac.uk/chembl/compound_report_card/CHEMBL1076277/,Cl.N=C(N)Oc1ccc(Sc2ccc(O)cc2)cc1,N=C(N)Oc1ccc(Sc2ccc(O)cc2)cc1,N=C(N)Oc1ccc(Sc2ccc(O)cc2)cc1,CNMNMESGJFXGGA-UHFFFAOYSA-N,CNMNMESGJFXGGA,eligible,260.318,2.816,79.33,3,4,3,18,2,0.5854,0,1,1
LIB_CNNUJDZNNSAQIY,ChEMBL,CHEMBL1084392,CHEMBL1084392,https://www.ebi.ac.uk/chembl/compound_report_card/CHEMBL1084392/,CC(C)(C)c1ccc2c(c1)[C@H]1OCCC[C@H]1[C@H](c1cccnc1)N2,CC(C)(C)c1ccc2c(c1)[C@H]1OCCC[C@H]1[C@H](c1cccnc1)N2,CC(C)(C)c1ccc2c(c1)C1OCCCC1C(c1cccnc1)N2,CNNUJDZNNSAQIY-VDGAXYAQSA-N,CNNUJDZNNSAQIY,eligible,322.452,5.014,34.15,1,3,1,24,4,0.8008,0,1,1
LIB_CNNXQMKKHGGQNP,ChEMBL,CHEMBL10737,CHEMBL10737,https://www.ebi.ac.uk/chembl/compound_report_card/CHEMBL10737/,CCCNC(=O)Nc1cccc(-c2ccc(C[C@H](NS(=O)(=O)C[C@]34CCC(CC3=O)C4(C)C)C(=O)O)cc2)c1,CCCNC(=O)Nc1cccc(-c2ccc(CC(NS(=O)(=O)C[C@]34CCC(CC3=O)C4(C)C)C(=O)O)cc2)c1,CCCNC(=O)Nc1cccc(-c2ccc(CC(NS(=O)(=O)CC34CCC(CC3=O)C4(C)C)C(=O)O)cc2)c1,CNNXQMKKHGGQNP-IPLQWOKBSA-N,CNNXQMKKHGGQNP,eligible,555.697,4.196,141.67,4,5,11,39,4,0.3275,0,1,1
LIB_CNOBWVYVSSXGFS,ChEMBL,CHEMBL1085144,CHEMBL1085144,https://www.ebi.ac.uk/chembl/compound_report_card/CHEMBL1085144/,COc1ccc(C(=O)CSc2cnnn2C(C)(C)C)cc1OC,COc1ccc(C(=O)CSc2cnnn2C(C)(C)C)cc1OC,COc1ccc(C(=O)CSc2cnnn2C(C)(C)C)cc1OC,CNOBWVYVSSXGFS-UHFFFAOYSA-N,CNOBWVYVSSXGFS,eligible,335.429,3.025,66.24,0,6,6,23,2,0.597,0,1,1
LIB_CNPPGLINNFMSFX,ChEMBL,CHEMBL107227,CHEMBL107227,https://www.ebi.ac.uk/chembl/compound_report_card/CHEMBL107227/,Oc1c(-c2ccsc2)cnc2c(-c3cccnc3)cnn12,O=c1c(-c2ccsc2)c[nH]c2c(-c3cccnc3)cnn12,O=c1c(-c2ccsc2)c[nH]c2c(-c3cccnc3)cnn12,CNPPGLINNFMSFX-UHFFFAOYSA-N,CNPPGLINNFMSFX,eligible,294.339,2.813,63.05,1,4,2,21,4,0.6181,0,1,1
LIB_CNRQOXNRQIWKIQ,ChEMBL,CHEMBL1081664,CHEMBL1081664,https://www.ebi.ac.uk/chembl/compound_report_card/CHEMBL1081664/,Cc1cc(Nc2nc3cccc(-c4ccc(C(=O)N5CCOCC5)cc4)c3o2)ccc1C(=O)N(C)C,Cc1cc(Nc2nc3cccc(-c4ccc(C(=O)N5CCOCC5)cc4)c3o2)ccc1C(=O)N(C)C,Cc1cc(Nc2nc3cccc(-c4ccc(C(=O)N5CCOCC5)cc4)c3o2)ccc1C(=O)N(C)C,CNRQOXNRQIWKIQ-UHFFFAOYSA-N,CNRQOXNRQIWKIQ,eligible,484.556,4.721,87.91,1,6,5,36,5,0.441,0,1,1
LIB_CNRRJRJTKBOMKE,ChEMBL,CHEMBL1085772,CHEMBL1085772,https://www.ebi.ac.uk/chembl/compound_report_card/CHEMBL1085772/,OC[C@H]1O[C@@H](c2ccc(Cl)c(Cc3ccc(Sc4ccccc4)nn3)c2)[C@H](O)[C@@H](O)[C@@H]1O,OC[C@H]1O[C@@H](c2ccc(Cl)c(Cc3ccc(Sc4ccccc4)nn3)c2)[C@H](O)[C@@H](O)[C@@H]1O,OCC1OC(c2ccc(Cl)c(Cc3ccc(Sc4ccccc4)nn3)c2)C(O)C(O)C1O,CNRRJRJTKBOMKE-IFPLKCGESA-N,CNRRJRJTKBOMKE,eligible,474.966,2.387,115.93,4,8,6,32,4,0.4301,0,1,1
LIB_CNRZTWUAXBOESR,ChEMBL,CHEMBL1081115,CHEMBL1081115,https://www.ebi.ac.uk/chembl/compound_report_card/CHEMBL1081115/,COc1ccccc1-c1csc(Nc2ccc(O)cc2)n1,COc1ccccc1-c1csc(Nc2ccc(O)cc2)n1,COc1ccccc1-c1csc(Nc2ccc(O)cc2)n1,CNRZTWUAXBOESR-UHFFFAOYSA-N,CNRZTWUAXBOESR,eligible,298.367,4.268,54.38,2,5,4,21,3,0.7063,0,1,1
LIB_CNSCXBUHNIXEGK,ChEMBL,CHEMBL1078898,CHEMBL1078898,https://www.ebi.ac.uk/chembl/compound_report_card/CHEMBL1078898/,CC(C)[C@H](NC(=O)[C@@H]1CCCN1C(=O)CS)C(N)=O,CC(C)C(NC(=O)C1CCCN1C(=O)CS)C(N)=O,CC(C)C(NC(=O)C1CCCN1C(=O)CS)C(N)=O,CNSCXBUHNIXEGK-UHFFFAOYSA-N,CNSCXBUHNIXEGK,eligible,287.385,-0.467,92.5,3,4,5,19,1,0.5971,0,1,1
LIB_CNSPJJFGJOEEIG,ChEMBL,CHEMBL102410,CHEMBL102410,https://www.ebi.ac.uk/chembl/compound_report_card/CHEMBL102410/,CC(=O)O.O=C(NCC1CCCCN1)c1cc(CCC(F)(F)F)ccc1CCC(F)(F)F,O=C(NCC1CCCCN1)c1cc(CCC(F)(F)F)ccc1CCC(F)(F)F,O=C(NCC1CCCCN1)c1cc(CCC(F)(F)F)ccc1CCC(F)(F)F,CNSPJJFGJOEEIG-UHFFFAOYSA-N,CNSPJJFGJOEEIG,eligible,410.402,4.548,41.13,2,2,7,28,2,0.648,0,1,1
LIB_CNUCYIDHDPTDOD,ChEMBL,CHEMBL1077203,CHEMBL1077203,https://www.ebi.ac.uk/chembl/compound_report_card/CHEMBL1077203/,O=C1NC(=O)[C@](CN2Cc3ccc(Cl)cc3C2=O)(c2ccc(F)cc2)N1,O=C1NC(=O)[C@](CN2Cc3ccc(Cl)cc3C2=O)(c2ccc(F)cc2)N1,O=C1NC(=O)C(CN2Cc3ccc(Cl)cc3C2=O)(c2ccc(F)cc2)N1,CNUCYIDHDPTDOD-SFHVURJKSA-N,CNUCYIDHDPTDOD,eligible,373.771,2.17,78.51,2,3,3,26,4,0.8093,0,1,1
LIB_CNVQAYNVIOBNSS,ChEMBL,CHEMBL102261,CHEMBL102261,https://www.ebi.ac.uk/chembl/compound_report_card/CHEMBL102261/,O=[P@]1(N(CCCl)CCCl)N[C@H](OO)C[C@@H](c2ccccc2)O1,O=[P@]1(N(CCCl)CCCl)N[C@H](OO)C[C@@H](c2ccccc2)O1,O=P1(N(CCCl)CCCl)NC(OO)CC(c2ccccc2)O1,CNVQAYNVIOBNSS-UAGWRWDDSA-N,CNVQAYNVIOBNSS,eligible,369.185,3.441,71.03,2,4,7,22,2,0.3322,0,1,1
LIB_CNVUUIARARNSRA,ChEMBL,CHEMBL1080547,CHEMBL1080547,https://www.ebi.ac.uk/chembl/compound_report_card/CHEMBL1080547/,CN1c2ccc(OC(=O)Nc3ccccc3)cc2[C@]2(C)CCN(CCc3ccccc3)[C@H]12,CN1c2ccc(OC(=O)Nc3ccccc3)cc2[C@]2(C)CCN(CCc3ccccc3)[C@H]12,CN1c2ccc(OC(=O)Nc3ccccc3)cc2C2(C)CCN(CCc3ccccc3)C12,CNVUUIARARNSRA-BDYUSTAISA-N,CNVUUIARARNSRA,eligible,427.548,5.28,44.81,1,4,5,32,5,0.6018,0,1,1
LIB_CNXIOQVBTGOAJF,ChEMBL,CHEMBL106010,CHEMBL106010,https://www.ebi.ac.uk/chembl/compound_report_card/CHEMBL106010/,CCOC(=O)c1sc2cc(-c3cccnc3)oc(=O)c2c1N,CCOC(=O)c1sc2cc(-c3cccnc3)oc(=O)c2c1N,CCOC(=O)c1sc2cc(-c3cccnc3)oc(=O)c2c1N,CNXIOQVBTGOAJF-UHFFFAOYSA-N,CNXIOQVBTGOAJF,eligible,316.338,2.675,95.42,1,7,3,22,3,0.7464,0,1,1
LIB_CNXLAISIERGBEW,ChEMBL,CHEMBL1079336,CHEMBL1079336,https://www.ebi.ac.uk/chembl/compound_report_card/CHEMBL1079336/,CC(C)[C@H](NC(=O)[C@H](CCC(N)=O)NC(=O)CS)C(N)=O,CC(C)C(NC(=O)C(CCC(N)=O)NC(=O)CS)C(N)=O,CC(C)C(NC(=O)C(CCC(N)=O)NC(=O)CS)C(N)=O,CNXLAISIERGBEW-UHFFFAOYSA-N,CNXLAISIERGBEW,eligible,318.399,-1.707,144.38,5,5,9,21,0,0.3224,0,1,1
LIB_CNXVIBRFWKALQW,ChEMBL,CHEMBL1648,CHEMBL1648,https://www.ebi.ac.uk/chembl/compound_report_card/CHEMBL1648/,COC(=O)C1=C(C)NC(C)=C(C(=O)OC(C)C)C1c1cccc2nonc12,COC(=O)C1=C(C)N=C(C)C(C(=O)OC(C)C)C1c1cccc2nonc12,COC(=O)C1=C(C)N=C(C)C(C(=O)OC(C)C)C1c1cccc2nonc12,CNXVIBRFWKALQW-UHFFFAOYSA-N,CNXVIBRFWKALQW,eligible,371.393,2.796,103.88,0,8,4,27,3,0.7612,0,1,1
LIB_CNZLJDVJERGGTM,ChEMBL,CHEMBL1087186,CHEMBL1087186,https://www.ebi.ac.uk/chembl/compound_report_card/CHEMBL1087186/,CCCN1CNc2c(c(=O)[nH]c(=S)n2CCc2ccc(Cl)cc2)C1,CCCN1CNc2c(c(=O)[nH]c(=S)n2CCc2ccc(Cl)cc2)C1,CCCN1CNc2c(c(=O)[nH]c(=S)n2CCc2ccc(Cl)cc2)C1,CNZLJDVJERGGTM-UHFFFAOYSA-N,CNZLJDVJERGGTM,eligible,364.902,3.397,53.06,2,4,5,24,3,0.7983,0,1,1
LIB_COACAZUXJVRXJK,ChEMBL,CHEMBL1077102,CHEMBL1077102,https://www.ebi.ac.uk/chembl/compound_report_card/CHEMBL1077102/,C=C1C([C@@H](C)[C@H]2CC=C(C)C(=O)O2)=CC[C@]2(C)[C@H]1C[C@]1(O)[C@H]3O[C@]34C=CC(=O)OC(C)(C)[C@@H]4[C@H](O)C[C@@H]21,C=C1C([C@@H](C)[C@H]2CC=C(C)C(=O)O2)=CC[C@]2(C)[C@H]1C[C@]1(O)[C@H]3O[C@]34C=CC(=O)OC(C)(C)[C@@H]4[C@H](O)C[C@@H]21,C=C1C(C(C)C2CC=C(C)C(=O)O2)=CCC2(C)C1CC1(O)C2CC(O)C2C(C)(C)OC(=O)C=CC23OC13,COACAZUXJVRXJK-VCCYJLPTSA-N,COACAZUXJVRXJK,eligible,510.627,3.554,105.59,2,7,2,37,6,0.4323,0,1,1
LIB_COAGAIOJVXQZEW,ChEMBL,CHEMBL107477,CHEMBL107477,https://www.ebi.ac.uk/chembl/compound_report_card/CHEMBL107477/,CCOC(=O)c1c(C)nc(CC)n1Cc1ccc2oc(-c3ccccc3-c3nn[nH]n3)c(Br)c2c1,CCOC(=O)c1c(C)nc(CC)n1Cc1ccc2oc(-c3ccccc3-c3nn[nH]n3)c(Br)c2c1,CCOC(=O)c1c(C)nc(CC)n1Cc1ccc2oc(-c3ccccc3-c3nn[nH]n3)c(Br)c2c1,COAGAIOJVXQZEW-UHFFFAOYSA-N,COAGAIOJVXQZEW,eligible,535.402,5.335,111.72,1,7,7,35,5,0.2804,0,1,1
LIB_COCJIISORPXDPN,ChEMBL,CHEMBL106737,CHEMBL106737,https://www.ebi.ac.uk/chembl/compound_report_card/CHEMBL106737/,COc1ccccc1N1CCN(CC2CN=C3c4ccccc4NC(=O)N32)CC1,COc1ccccc1N1CCN(CC2CNc3c4ccccc4nc(=O)n32)CC1,COc1ccccc1N1CCN(CC2CNc3c4ccccc4nc(=O)n32)CC1,COCJIISORPXDPN-UHFFFAOYSA-N,COCJIISORPXDPN,eligible,391.475,2.194,62.63,1,6,4,29,5,0.7357,0,1,1
LIB_COFVSAVKXZLUQG,ChEMBL,CHEMBL1084993,CHEMBL1084993,https://www.ebi.ac.uk/chembl/compound_report_card/CHEMBL1084993/,CC1CNCCC1CNC(=O)c1ccccc1-c1cccc(Cl)c1,CC1CNCCC1CNC(=O)c1ccccc1-c1cccc(Cl)c1,CC1CNCCC1CNC(=O)c1ccccc1-c1cccc(Cl)c1,COFVSAVKXZLUQG-UHFFFAOYSA-N,COFVSAVKXZLUQG,eligible,342.87,3.982,41.13,2,2,4,24,3,0.8819,0,1,1
LIB_COGDNHJTFCWZDK,ChEMBL,CHEMBL1077285,CHEMBL1077285;CHEMBL1086414,https://www.ebi.ac.uk/chembl/compound_report_card/CHEMBL1077285/,COC(=O)/C=C\C(=O)Nc1ccc(C)c(C)c1,COC(=O)/C=C\C(=O)Nc1ccc(C)c(C)c1,COC(=O)C=CC(=O)Nc1ccc(C)c(C)c1,COGDNHJTFCWZDK-SREVYHEPSA-N,COGDNHJTFCWZDK,eligible,233.267,1.971,55.4,1,3,3,17,1,0.6411,0,2,2
LIB_COGYJDAPEVMXAT,ChEMBL,CHEMBL107909,CHEMBL107909,https://www.ebi.ac.uk/chembl/compound_report_card/CHEMBL107909/,CCCc1cc(C2=NC(C(=O)NO)CS2)cc(OC(F)(F)F)c1OC,CCCc1cc(C2=NC(C(O)=NO)CS2)cc(OC(F)(F)F)c1OC,CCCc1cc(C2=NC(C(O)=NO)CS2)cc(OC(F)(F)F)c1OC,COGYJDAPEVMXAT-UHFFFAOYSA-N,COGYJDAPEVMXAT,eligible,378.372,3.754,83.64,2,6,6,25,2,0.3409,0,1,1
LIB_COHJHRCDXKZWIK,ChEMBL,CHEMBL1078902,CHEMBL1078902,https://www.ebi.ac.uk/chembl/compound_report_card/CHEMBL1078902/,O=C(Nc1ccccc1C(F)(F)F)c1cnn2ccccc12,O=C(Nc1ccccc1C(F)(F)F)c1cnn2ccccc12,O=C(Nc1ccccc1C(F)(F)F)c1cnn2ccccc12,COHJHRCDXKZWIK-UHFFFAOYSA-N,COHJHRCDXKZWIK,eligible,305.259,3.605,46.4,1,2,2,22,3,0.786,0,1,1
LIB_COHWMQXSPQSORZ,ChEMBL,CHEMBL100510,CHEMBL100510,https://www.ebi.ac.uk/chembl/compound_report_card/CHEMBL100510/,CN(CCOCCNC(=S)NC(=O)c1ccc2ccccc2c1)Cc1ccccc1,CN(CCOCCNC(=S)NC(=O)c1ccc2ccccc2c1)Cc1ccccc1,CN(CCOCCNC(=S)NC(=O)c1ccc2ccccc2c1)Cc1ccccc1,COHWMQXSPQSORZ-UHFFFAOYSA-N,COHWMQXSPQSORZ,eligible,421.566,3.593,53.6,2,4,9,30,3,0.4085,0,1,1
LIB_COHWMTYFOAYJST,ChEMBL,CHEMBL105893,CHEMBL105893,https://www.ebi.ac.uk/chembl/compound_report_card/CHEMBL105893/,CCOC(=O)C1=C(C)N=C(C)/C(=C(/O)OCC)C1c1c(C)noc1CCc1ccccc1-c1ccccc1,CCOC(=O)C1=C(C)N=C(C)C(C(=O)OCC)C1c1c(C)noc1CCc1ccccc1-c1ccccc1,CCOC(=O)C1=C(C)N=C(C)C(C(=O)OCC)C1c1c(C)noc1CCc1ccccc1-c1ccccc1,COHWMTYFOAYJST-UHFFFAOYSA-N,COHWMTYFOAYJST,eligible,514.622,6.01,90.99,0,7,9,38,4,0.3249,0,1,1
LIB_COHZPGURAPFWQG,ChEMBL,CHEMBL108158,CHEMBL108158,https://www.ebi.ac.uk/chembl/compound_report_card/CHEMBL108158/,CCCN(CCC)c1nc(-c2ccc(Cl)cc2Cl)n(CCO)n1,CCCN(CCC)c1nc(-c2ccc(Cl)cc2Cl)n(CCO)n1,CCCN(CCC)c1nc(-c2ccc(Cl)cc2Cl)n(CCO)n1,COHZPGURAPFWQG-UHFFFAOYSA-N,COHZPGURAPFWQG,eligible,357.285,3.871,54.18,1,4,8,23,2,0.7793,0,1,1
LIB_COJAZIUIZFFLJD,ChEMBL,CHEMBL107229,CHEMBL107229,https://www.ebi.ac.uk/chembl/compound_report_card/CHEMBL107229/,Cc1cccc2c1N(C(=O)CN1CCN(Cc3ccc(Cl)cc3)CC1)CC2,Cc1cccc2c1N(C(=O)CN1CCN(Cc3ccc(Cl)cc3)CC1)CC2,Cc1cccc2c1N(C(=O)CN1CCN(Cc3ccc(Cl)cc3)CC1)CC2,COJAZIUIZFFLJD-UHFFFAOYSA-N,COJAZIUIZFFLJD,eligible,383.923,3.355,26.79,0,3,4,27,4,0.8096,0,1,1
LIB_COKBNZWCZJDMSP,ChEMBL,CHEMBL108653,CHEMBL108653,https://www.ebi.ac.uk/chembl/compound_report_card/CHEMBL108653/,O=C(NNC(=O)c1cccc2ccccc12)c1ccc(Cl)c(Cl)c1,O=C(NNC(=O)c1cccc2ccccc12)c1ccc(Cl)c(Cl)c1,O=C(NNC(=O)c1cccc2ccccc12)c1ccc(Cl)c(Cl)c1,COKBNZWCZJDMSP-UHFFFAOYSA-N,COKBNZWCZJDMSP,eligible,359.212,4.221,58.2,2,2,2,24,3,0.6734,0,1,1
LIB_COKFDTYKEAFHTN,ChEMBL,CHEMBL1086041,CHEMBL1086041,https://www.ebi.ac.uk/chembl/compound_report_card/CHEMBL1086041/,O=S(=O)(c1ccc(Cl)cc1)N(Cc1ccc(-c2cccc(F)c2)cc1)Cc1ccccn1,O=S(=O)(c1ccc(Cl)cc1)N(Cc1ccc(-c2cccc(F)c2)cc1)Cc1ccccn1,O=S(=O)(c1ccc(Cl)cc1)N(Cc1ccc(-c2cccc(F)c2)cc1)Cc1ccccn1,COKFDTYKEAFHTN-UHFFFAOYSA-N,COKFDTYKEAFHTN,eligible,466.965,5.932,50.27,0,3,7,32,4,0.3388,0,1,1
LIB_COMIETSAYRNPPM,ChEMBL,CHEMBL1081002,CHEMBL1081002,https://www.ebi.ac.uk/chembl/compound_report_card/CHEMBL1081002/,N#Cc1ccccc1Oc1ncnc(N2CCC(Oc3nccc(N)n3)CC2)c1F,N#Cc1ccccc1Oc1ncnc(N2CCC(Oc3nccc(N)n3)CC2)c1F,N#Cc1ccccc1Oc1ncnc(N2CCC(Oc3nccc(N)n3)CC2)c1F,COMIETSAYRNPPM-UHFFFAOYSA-N,COMIETSAYRNPPM,eligible,407.409,2.7,123.07,1,9,5,30,4,0.6796,0,1,1
LIB_CONCXQYRMKATOR,ChEMBL,CHEMBL1084007,CHEMBL1084007,https://www.ebi.ac.uk/chembl/compound_report_card/CHEMBL1084007/,CCc1nc(C)c2c([S+](C)[O-])nc3ccc(OC)nc3n12,CCc1nc(C)c2c([S+](C)[O-])nc3ccc(OC)nc3n12,CCc1nc(C)c2c([S+](C)[O-])nc3ccc(OC)nc3n12,CONCXQYRMKATOR-UHFFFAOYSA-N,CONCXQYRMKATOR,eligible,304.375,1.894,75.37,0,5,3,21,3,0.6907,0,1,1
LIB_COPPDNWLOPWWQJ,ChEMBL,CHEMBL107246,CHEMBL107246,https://www.ebi.ac.uk/chembl/compound_report_card/CHEMBL107246/,COc1cccc([C@H](N)[C@@H]2CCN2C(c2ccccc2)c2ccccc2)c1,COc1cccc([C@H](N)[C@@H]2CCN2C(c2ccccc2)c2ccccc2)c1,COc1cccc(C(N)C2CCN2C(c2ccccc2)c2ccccc2)c1,COPPDNWLOPWWQJ-GOTSBHOMSA-N,COPPDNWLOPWWQJ,eligible,358.485,4.559,38.49,1,3,6,27,4,0.702,0,1,1
LIB_COQIWLXONHFWES,ChEMBL,CHEMBL106041,CHEMBL106041,https://www.ebi.ac.uk/chembl/compound_report_card/CHEMBL106041/,CCCCCCCCCCCCNC(=O)CN,CCCCCCCCCCCCNC(=O)CN,CCCCCCCCCCCCNC(=O)CN,COQIWLXONHFWES-UHFFFAOYSA-N,COQIWLXONHFWES,eligible,242.407,2.982,55.12,2,2,12,17,0,0.5169,0,1,1
LIB_COQPVKMATNFNLG,ChEMBL,CHEMBL1082810,CHEMBL1082810,https://www.ebi.ac.uk/chembl/compound_report_card/CHEMBL1082810/,CN(C)c1ccnc2sc3c(=O)n(-c4ccc(O[11CH3])cc4)cnc3c12,CN(C)c1ccnc2sc3c(=O)n(-c4ccc(O[11CH3])cc4)cnc3c12,COc1ccc(-n2cnc3c(sc4nccc(N(C)C)c43)c2=O)cc1,COQPVKMATNFNLG-KTXUZGJCSA-N,COQPVKMATNFNLG,eligible,351.419,3.07,60.25,0,6,3,25,4,0.5676,0,1,1
LIB_CORFWQGVBFFZHF,ChEMBL,CHEMBL1200439,CHEMBL1200439;CHEMBL1200763;CHEMBL1681,https://www.ebi.ac.uk/chembl/compound_report_card/CHEMBL1200439/,O=C([O-])CNC(=O)c1ccccc1[123I].[Na+],O=C(O)CNC(=O)c1ccccc1[123I],O=C(O)CNC(=O)c1ccccc1I,CORFWQGVBFFZHF-YWNMBFHISA-N,CORFWQGVBFFZHF,eligible,301.073,1.106,66.4,2,2,3,14,1,0.8219,0,3,3
LIB_CORVLFNLKHBNBQ,ChEMBL,CHEMBL1080948,CHEMBL1080948,https://www.ebi.ac.uk/chembl/compound_report_card/CHEMBL1080948/,Cc1cc(=O)oc2c3c(ccc12)OCC(CO)(CN1CCCC1)C3=O,Cc1cc(=O)oc2c3c(ccc12)OCC(CO)(CN1CCCC1)C3=O,Cc1cc(=O)oc2c3c(ccc12)OCC(CO)(CN1CCCC1)C3=O,CORVLFNLKHBNBQ-UHFFFAOYSA-N,CORVLFNLKHBNBQ,eligible,343.379,1.751,79.98,1,6,3,25,4,0.8555,0,1,1
LIB_COSSAOQSSXDIQW,ChEMBL,CHEMBL105457,CHEMBL105457,https://www.ebi.ac.uk/chembl/compound_report_card/CHEMBL105457/,C[C@H]1OC[C@@H](C[N+](C)(C)C)O1,C[C@H]1OC[C@@H](C[N+](C)(C)C)O1,CC1OCC(C[N+](C)(C)C)O1,COSSAOQSSXDIQW-JGVFFNPUSA-N,COSSAOQSSXDIQW,eligible,160.237,0.454,18.46,0,2,2,11,1,0.5461,1,1,1
LIB_COTGZPSOROBFKK,ChEMBL,CHEMBL105542,CHEMBL105542,https://www.ebi.ac.uk/chembl/compound_report_card/CHEMBL105542/,CCCCN(CC#CCCC(=O)C(O)(c1ccccc1)C1CCCCC1)CCCC,CCCCN(CC#CCCC(=O)C(O)(c1ccccc1)C1CCCCC1)CCCC,CCCCN(CC#CCCC(=O)C(O)(c1ccccc1)C1CCCCC1)CCCC,COTGZPSOROBFKK-UHFFFAOYSA-N,COTGZPSOROBFKK,eligible,411.63,5.709,40.54,1,3,12,30,2,0.4479,0,1,1
LIB_COUYJEVMBVSIHV,ChEMBL,CHEMBL2105743,CHEMBL2105743;CHEMBL605846,https://www.ebi.ac.uk/chembl/compound_report_card/CHEMBL2105743/,COc1ccc(CC(C)(C)NC[C@H](O)c2cc(O)cc3c2OCC(=O)N3)cc1.Cl,COc1ccc(CC(C)(C)NC[C@H](O)c2cc(O)cc3c2OCC(=O)N3)cc1,COc1ccc(CC(C)(C)NCC(O)c2cc(O)cc3c2OCC(=O)N3)cc1,COUYJEVMBVSIHV-SFHVURJKSA-N,COUYJEVMBVSIHV,eligible,386.448,2.376,100.05,4,6,7,28,3,0.583,0,2,1
LIB_COVRGMXLINYFFZ,ChEMBL,CHEMBL1082629,CHEMBL1082629;CHEMBL1084228,https://www.ebi.ac.uk/chembl/compound_report_card/CHEMBL1082629/,O=C(O)C[C@H]1c2ccccc2C[C@@H]1NC(=O)c1cc2cc(Cl)sc2[nH]1,O=C(O)C[C@H]1c2ccccc2C[C@@H]1NC(=O)c1cc2cc(Cl)sc2[nH]1,O=C(O)CC1c2ccccc2CC1NC(=O)c1cc2cc(Cl)sc2[nH]1,COVRGMXLINYFFZ-STQMWFEESA-N,COVRGMXLINYFFZ,eligible,374.849,3.796,82.19,3,3,4,25,4,0.6493,0,2,2
LIB_COVZIUXOQFAJNB,ChEMBL,CHEMBL1077609,CHEMBL1077609,https://www.ebi.ac.uk/chembl/compound_report_card/CHEMBL1077609/,CC(C)(O)[C@H]1CC=C(C(=O)OC[C@H]2O[C@@H](O)[C@H](O)[C@@H](O)[C@@H]2O)CC1,CC(C)(O)[C@H]1CC=C(C(=O)OC[C@H]2O[C@@H](O)[C@H](O)[C@@H](O)[C@@H]2O)CC1,CC(C)(O)C1CC=C(C(=O)OCC2OC(O)C(O)C(O)C2O)CC1,COVZIUXOQFAJNB-MYMCGMNMSA-N,COVZIUXOQFAJNB,eligible,346.376,-1.173,136.68,5,8,4,24,2,0.4016,0,1,1
LIB_COVZYZSDYWQREU,ChEMBL,CHEMBL820,CHEMBL820,https://www.ebi.ac.uk/chembl/compound_report_card/CHEMBL820/,CS(=O)(=O)OCCCCOS(C)(=O)=O,CS(=O)(=O)OCCCCOS(C)(=O)=O,CS(=O)(=O)OCCCCOS(C)(=O)=O,COVZYZSDYWQREU-UHFFFAOYSA-N,COVZYZSDYWQREU,eligible,246.306,-0.281,86.74,0,6,7,14,0,0.4533,0,1,1
LIB_COWFHTPTQCUOOY,ChEMBL,CHEMBL107237,CHEMBL107237,https://www.ebi.ac.uk/chembl/compound_report_card/CHEMBL107237/,Cc1c(N2CC[C@@H]3CNC[C@@H]32)c(F)cn2c(=O)c(C(=O)O)cc(C3CC3)c12,Cc1c(N2CC[C@@H]3CNC[C@@H]32)c(F)cn2c(=O)c(C(=O)O)cc(C3CC3)c12,Cc1c(N2CCC3CNCC32)c(F)cn2c(=O)c(C(=O)O)cc(C3CC3)c12,COWFHTPTQCUOOY-WBMJQRKESA-N,COWFHTPTQCUOOY,eligible,371.412,2.121,74.05,2,4,3,27,5,0.8646,0,1,1
LIB_COWQEPNRKUSDLQ,ChEMBL,CHEMBL1084244,CHEMBL1084244,https://www.ebi.ac.uk/chembl/compound_report_card/CHEMBL1084244/,O=S(=O)(c1ccccc1)c1cnn2c(N3CCNCC3)c3c(nc12)CCC3,O=S(=O)(c1ccccc1)c1cnn2c(N3CCNCC3)c3c(nc12)CCC3,O=S(=O)(c1ccccc1)c1cnn2c(N3CCNCC3)c3c(nc12)CCC3,COWQEPNRKUSDLQ-UHFFFAOYSA-N,COWQEPNRKUSDLQ,eligible,383.477,1.46,79.6,1,6,3,27,5,0.7377,0,1,1
LIB_COXDDTLVAWXUPJ,ChEMBL,CHEMBL102088,CHEMBL102088,https://www.ebi.ac.uk/chembl/compound_report_card/CHEMBL102088/,CN1CCC=C(c2nsnc2OCCc2ccccc2)C1,CN1CCC=C(c2nsnc2OCCc2ccccc2)C1,CN1CCC=C(c2nsnc2OCCc2ccccc2)C1,COXDDTLVAWXUPJ-UHFFFAOYSA-N,COXDDTLVAWXUPJ,eligible,301.415,2.879,38.25,0,5,5,21,3,0.851,0,1,1
LIB_COXRSODPRFBGSM,ChEMBL,CHEMBL104693,CHEMBL104693,https://www.ebi.ac.uk/chembl/compound_report_card/CHEMBL104693/,CCCc1[nH]c2ccc3c(c2c1C(=O)OCC)CN1CCc2cc(SC)ccc2C1O3,CCCc1[nH]c2ccc3c(c2c1C(=O)OCC)CN1CCc2cc(SC)ccc2C1O3,CCCc1[nH]c2ccc3c(c2c1C(=O)OCC)CN1CCc2cc(SC)ccc2C1O3,COXRSODPRFBGSM-UHFFFAOYSA-N,COXRSODPRFBGSM,eligible,436.577,5.468,54.56,1,5,5,31,5,0.4246,0,1,1
LIB_COXSGVQUHDKWRZ,ChEMBL,CHEMBL1079906,CHEMBL1079906,https://www.ebi.ac.uk/chembl/compound_report_card/CHEMBL1079906/,N#Cc1ccccc1Oc1cc(N2CCC(Oc3ncc(F)c(N)n3)CC2)ncn1,N#Cc1ccccc1Oc1cc(N2CCC(Oc3ncc(F)c(N)n3)CC2)ncn1,N#Cc1ccccc1Oc1cc(N2CCC(Oc3ncc(F)c(N)n3)CC2)ncn1,COXSGVQUHDKWRZ-UHFFFAOYSA-N,COXSGVQUHDKWRZ,eligible,407.409,2.7,123.07,1,9,5,30,4,0.6796,0,1,1
LIB_COZFSYRFFSZJDT,ChEMBL,CHEMBL104498,CHEMBL104498,https://www.ebi.ac.uk/chembl/compound_report_card/CHEMBL104498/,O=C(CCN1CCN(Cc2ccc(Cl)cc2)CC1)N1CCc2ccccc21,O=C(CCN1CCN(Cc2ccc(Cl)cc2)CC1)N1CCc2ccccc21,O=C(CCN1CCN(Cc2ccc(Cl)cc2)CC1)N1CCc2ccccc21,COZFSYRFFSZJDT-UHFFFAOYSA-N,COZFSYRFFSZJDT,eligible,383.923,3.437,26.79,0,3,5,27,4,0.7909,0,1,1
LIB_CPBHHACTFPYERR,ChEMBL,CHEMBL1085782,CHEMBL1085782,https://www.ebi.ac.uk/chembl/compound_report_card/CHEMBL1085782/,Cc1nc(C)c(-c2ccc3cc(CCN4CCC[C@H]4C)ccc3n2)cc1C(N)=O,Cc1nc(C)c(-c2ccc3cc(CCN4CCC[C@H]4C)ccc3n2)cc1C(N)=O,Cc1nc(C)c(-c2ccc3cc(CCN4CCCC4C)ccc3n2)cc1C(N)=O,CPBHHACTFPYERR-OAHLLOKOSA-N,CPBHHACTFPYERR,eligible,388.515,4.039,72.11,1,4,5,29,4,0.7159,0,1,1
LIB_CPCKFCUIHJALMK,ChEMBL,CHEMBL106044,CHEMBL106044,https://www.ebi.ac.uk/chembl/compound_report_card/CHEMBL106044/,Cc1ccc(-c2c(C)cc3cc(O)c(O)cc3c2C)cc1,Cc1ccc(-c2c(C)cc3cc(O)c(O)cc3c2C)cc1,Cc1ccc(-c2c(C)cc3cc(O)c(O)cc3c2C)cc1,CPCKFCUIHJALMK-UHFFFAOYSA-N,CPCKFCUIHJALMK,eligible,278.351,4.843,40.46,2,2,1,21,3,0.625,0,1,1
LIB_CPDKJOUYOTVNJJ,ChEMBL,CHEMBL1079337,CHEMBL1079337,https://www.ebi.ac.uk/chembl/compound_report_card/CHEMBL1079337/,CC(C)C[C@H](NC(=O)[C@H](CCC(N)=O)NC(=O)CS)C(N)=O,CC(C)CC(NC(=O)C(CCC(N)=O)NC(=O)CS)C(N)=O,CC(C)CC(NC(=O)C(CCC(N)=O)NC(=O)CS)C(N)=O,CPDKJOUYOTVNJJ-UHFFFAOYSA-N,CPDKJOUYOTVNJJ,eligible,332.426,-1.317,144.38,5,5,10,22,0,0.316,0,1,1
LIB_CPDMKDOXBXJZGN,ChEMBL,CHEMBL1078305,CHEMBL1078305,https://www.ebi.ac.uk/chembl/compound_report_card/CHEMBL1078305/,COC(=O)CC[C@]12C3=CCC[C@@H]3CC[C@@H]3C=N[C@@H]1[C@@H](C(C)C)CC[C@@]32C,COC(=O)CC[C@]12C3=CCC[C@@H]3CC[C@@H]3C=N[C@@H]1[C@@H](C(C)C)CC[C@@]32C,COC(=O)CCC12C3=CCCC3CCC3C=NC1C(C(C)C)CCC32C,CPDMKDOXBXJZGN-QNWULWIJSA-N,CPDMKDOXBXJZGN,eligible,357.538,5.198,38.66,0,3,4,26,4,0.5124,0,1,1
LIB_CPELYVWCRNINCS,ChEMBL,CHEMBL106406,CHEMBL106406,https://www.ebi.ac.uk/chembl/compound_report_card/CHEMBL106406/,Cc1cccc(C)c1C(=O)N1CCC(C)(N2CCC(Cc3ccc(I)cc3)CC2)CC1,Cc1cccc(C)c1C(=O)N1CCC(C)(N2CCC(Cc3ccc(I)cc3)CC2)CC1,Cc1cccc(C)c1C(=O)N1CCC(C)(N2CCC(Cc3ccc(I)cc3)CC2)CC1,CPELYVWCRNINCS-UHFFFAOYSA-N,CPELYVWCRNINCS,eligible,530.494,5.857,23.55,0,2,4,31,4,0.4629,0,1,1
LIB_CPESJRIILXBEOJ,ChEMBL,CHEMBL1083020,CHEMBL1083020,https://www.ebi.ac.uk/chembl/compound_report_card/CHEMBL1083020/,C=C1CC[C@H](O)C(C)(C)[C@@H]1CC/C(C)=C/CO,C=C1CC[C@H](O)C(C)(C)[C@@H]1CC/C(C)=C/CO,C=C1CCC(O)C(C)(C)C1CCC(C)=CCO,CPESJRIILXBEOJ-CACDNMLQSA-N,CPESJRIILXBEOJ,eligible,238.371,3.059,40.46,2,2,4,17,1,0.739,0,1,1
LIB_CPFIVTHGQWRDKP,ChEMBL,CHEMBL1076755,CHEMBL1076755,https://www.ebi.ac.uk/chembl/compound_report_card/CHEMBL1076755/,COc1cccc(N/N=C2\C(=O)NN=C2c2cnccc2OC)c1,COc1cccc(N=Nc2c(-c3cnccc3OC)[nH][nH]c2=O)c1,COc1cccc(N=Nc2c(-c3cnccc3OC)[nH][nH]c2=O)c1,CPFIVTHGQWRDKP-UHFFFAOYSA-N,CPFIVTHGQWRDKP,eligible,325.328,3.198,104.72,2,6,5,24,3,0.7027,0,1,1
LIB_CPGOAJGOPMOMRT,ChEMBL,CHEMBL101512,CHEMBL101512,https://www.ebi.ac.uk/chembl/compound_report_card/CHEMBL101512/,O=C([O-])C[C@H](O)CC(O)COc1c(Cl)cc(Cl)cc1C(F)=C1CCCCC1.[Na+],O=C(O)C[C@H](O)CC(O)COc1c(Cl)cc(Cl)cc1C(F)=C1CCCCC1,O=C(O)CC(O)CC(O)COc1c(Cl)cc(Cl)cc1C(F)=C1CCCCC1,CPGOAJGOPMOMRT-KWCCSABGSA-N,CPGOAJGOPMOMRT,eligible,421.292,4.604,86.99,3,4,8,27,2,0.5711,0,1,1
LIB_CPGXMVQJYLPITP,ChEMBL,CHEMBL1086706,CHEMBL1086706,https://www.ebi.ac.uk/chembl/compound_report_card/CHEMBL1086706/,COc1ccccc1C(=O)Nc1cn(-c2ccccc2)nc1-c1ccccc1,COc1ccccc1C(=O)Nc1cn(-c2ccccc2)nc1-c1ccccc1,COc1ccccc1C(=O)Nc1cn(-c2ccccc2)nc1-c1ccccc1,CPGXMVQJYLPITP-UHFFFAOYSA-N,CPGXMVQJYLPITP,eligible,369.424,4.8,56.15,1,3,5,28,4,0.5497,0,1,1
LIB_CPGYHWFLIQHBDV,ChEMBL,CHEMBL1081760,CHEMBL1081760,https://www.ebi.ac.uk/chembl/compound_report_card/CHEMBL1081760/,CC1=CC[C@H]2O[C@]1(C)O[C@H]([C@H](C)/C=C(C)/C=C/C(O)=C1/C(=O)CNC1=O)[C@H]2C,CC(=CC(C)C=CC(=O)c1c(O)c[nH]c1O)[C@H]1O[C@@]2(C)O[C@H](CC=C2C)[C@@H]1C,CC(=CC(C)C=CC(=O)c1c(O)c[nH]c1O)C1OC2(C)OC(CC=C2C)C1C,CPGYHWFLIQHBDV-LTFVFWOHSA-N,CPGYHWFLIQHBDV,eligible,387.476,4.234,91.78,3,5,5,28,3,0.3994,0,1,1
LIB_CPIUMVHVTRAEHA,ChEMBL,CHEMBL108411,CHEMBL108411,https://www.ebi.ac.uk/chembl/compound_report_card/CHEMBL108411/,CC(=O)N1CCC[C@H]1C#CCN(C)C,CC(=O)N1CCC[C@H]1C#CCN(C)C,CC(=O)N1CCCC1C#CCN(C)C,CPIUMVHVTRAEHA-LLVKDONJSA-N,CPIUMVHVTRAEHA,eligible,194.278,0.562,23.55,0,2,1,14,1,0.5695,0,1,1
LIB_CPJBLWHNLPCXEJ,ChEMBL,CHEMBL1082838,CHEMBL1082838,https://www.ebi.ac.uk/chembl/compound_report_card/CHEMBL1082838/,O=C(Oc1nsnc1N1CCCCCC1)N1CCCCC1,O=C(Oc1nsnc1N1CCCCCC1)N1CCCCC1,O=C(Oc1nsnc1N1CCCCCC1)N1CCCCC1,CPJBLWHNLPCXEJ-UHFFFAOYSA-N,CPJBLWHNLPCXEJ,eligible,310.423,2.903,58.56,0,6,2,21,3,0.8404,0,1,1
LIB_CPJSUEIXXCENMM,ChEMBL,CHEMBL16073,CHEMBL16073,https://www.ebi.ac.uk/chembl/compound_report_card/CHEMBL16073/,CCOc1ccc(NC(C)=O)cc1,CCOc1ccc(NC(C)=O)cc1,CCOc1ccc(NC(C)=O)cc1,CPJSUEIXXCENMM-UHFFFAOYSA-N,CPJSUEIXXCENMM,eligible,179.219,2.044,38.33,1,2,3,13,1,0.7707,0,1,1
LIB_CPKCVXZPCSJVIT,ChEMBL,CHEMBL101420,CHEMBL101420,https://www.ebi.ac.uk/chembl/compound_report_card/CHEMBL101420/,Cc1cc(C)cc(C(=O)N2CC[C@H](NCc3ccnc4ccccc34)C[C@H]2CC2CCCCC2)c1,Cc1cc(C)cc(C(=O)N2CC[C@H](NCc3ccnc4ccccc34)C[C@H]2CC2CCCCC2)c1,Cc1cc(C)cc(C(=O)N2CCC(NCc3ccnc4ccccc34)CC2CC2CCCCC2)c1,CPKCVXZPCSJVIT-WUFINQPMSA-N,CPKCVXZPCSJVIT,eligible,469.673,6.585,45.23,1,3,6,35,5,0.4431,0,1,1
LIB_CPKTXABUZUYKSY,ChEMBL,CHEMBL10623,CHEMBL10623,https://www.ebi.ac.uk/chembl/compound_report_card/CHEMBL10623/,O=C1c2ccccc2C(=O)N1OCCCN1CCN(c2cccc(Cl)c2)CC1,O=C1c2ccccc2C(=O)N1OCCCN1CCN(c2cccc(Cl)c2)CC1,O=C1c2ccccc2C(=O)N1OCCCN1CCN(c2cccc(Cl)c2)CC1,CPKTXABUZUYKSY-UHFFFAOYSA-N,CPKTXABUZUYKSY,eligible,399.878,3.08,53.09,0,5,6,28,4,0.5516,0,1,1
LIB_CPMDPSXJELVGJG,ChEMBL,CHEMBL3039504,CHEMBL3039504;CHEMBL502835,https://www.ebi.ac.uk/chembl/compound_report_card/CHEMBL3039504/,CCS(=O)(=O)O.COC(=O)c1ccc2c(c1)NC(=O)/C2=C(\Nc1ccc(N(C)C(=O)CN2CCN(C)CC2)cc1)c1ccccc1,COC(=O)c1ccc2c(C(=Nc3ccc(N(C)C(=O)CN4CCN(C)CC4)cc3)c3ccccc3)c(O)[nH]c2c1,COC(=O)c1ccc2c(C(=Nc3ccc(N(C)C(=O)CN4CCN(C)CC4)cc3)c3ccccc3)c(O)[nH]c2c1,CPMDPSXJELVGJG-UHFFFAOYSA-N,CPMDPSXJELVGJG,eligible,539.636,4.039,101.47,2,7,7,40,5,0.2716,0,2,1
LIB_CPMOSBBQHLDNNM,ChEMBL,CHEMBL1086309,CHEMBL1086309,https://www.ebi.ac.uk/chembl/compound_report_card/CHEMBL1086309/,CN(C)c1ccc(-c2nc3c(N4CCN(CC(=O)Nc5nccs5)CC4)c(Br)cnc3[nH]2)cc1,CN(C)c1ccc(-c2nc3c(N4CCN(CC(=O)Nc5nccs5)CC4)c(Br)cnc3[nH]2)cc1,CN(C)c1ccc(-c2nc3c(N4CCN(CC(=O)Nc5nccs5)CC4)c(Br)cnc3[nH]2)cc1,CPMOSBBQHLDNNM-UHFFFAOYSA-N,CPMOSBBQHLDNNM,eligible,541.479,3.671,93.28,2,8,6,34,5,0.385,0,1,1
LIB_CPMYQFUFQVVJNP,ChEMBL,CHEMBL10484,CHEMBL10484,https://www.ebi.ac.uk/chembl/compound_report_card/CHEMBL10484/,CC(C)[S+]([O-])CC[C@@H](C)C1CCC2C3CC=C4C[C@@H](O)CC[C@]4(C)C3CC[C@@]21C,CC(C)[S+]([O-])CC[C@@H](C)C1CCC2C3CC=C4C[C@@H](O)CC[C@]4(C)C3CC[C@@]21C,CC(CC[S+]([O-])C(C)C)C1CCC2C3CC=C4CC(O)CCC4(C)C3CCC12C,CPMYQFUFQVVJNP-AQHWXMGZSA-N,CPMYQFUFQVVJNP,eligible,420.703,6.11,43.29,1,2,5,29,4,0.4306,0,1,1
LIB_CPNLFIHZBCHUQT,ChEMBL,CHEMBL1076222,CHEMBL1076222,https://www.ebi.ac.uk/chembl/compound_report_card/CHEMBL1076222/,CC(=O)N1CCC(C(=O)N2CCC(N3CCN(C(=O)c4cc(-c5ccccc5)nc(-c5ccc(F)cc5)c4)CC3)CC2)CC1,CC(=O)N1CCC(C(=O)N2CCC(N3CCN(C(=O)c4cc(-c5ccccc5)nc(-c5ccc(F)cc5)c4)CC3)CC2)CC1,CC(=O)N1CCC(C(=O)N2CCC(N3CCN(C(=O)c4cc(-c5ccccc5)nc(-c5ccc(F)cc5)c4)CC3)CC2)CC1,CPNLFIHZBCHUQT-UHFFFAOYSA-N,CPNLFIHZBCHUQT,eligible,597.735,4.562,77.06,0,5,5,44,6,0.4312,0,1,1
LIB_CPOKLAZBYHVJKJ,ChEMBL,CHEMBL102243,CHEMBL102243,https://www.ebi.ac.uk/chembl/compound_report_card/CHEMBL102243/,Cc1c(O)c(C)c2sc(NCc3cccnc3)nc2c1C,Cc1c(O)c(C)c2sc(NCc3cccnc3)nc2c1C,Cc1c(O)c(C)c2sc(NCc3cccnc3)nc2c1C,CPOKLAZBYHVJKJ-UHFFFAOYSA-N,CPOKLAZBYHVJKJ,eligible,299.399,3.934,58.04,2,5,3,21,3,0.769,0,1,1
LIB_CPPHJZDQEWWXQG,ChEMBL,CHEMBL103146,CHEMBL103146,https://www.ebi.ac.uk/chembl/compound_report_card/CHEMBL103146/,Br.Cn1cc[n+](C)c1/C=C/c1ccc(/C=N/NC2=NCCCN2)cc1.[Br-],Cn1cc[n+](C)c1/C=C/c1ccc(/C=N/NC2=NCCCN2)cc1,Cn1cc[n+](C)c1C=Cc1ccc(C=NNC2=NCCCN2)cc1,CPPHJZDQEWWXQG-UHFFFAOYSA-O,CPPHJZDQEWWXQG,eligible,323.424,1.293,57.59,2,4,4,24,3,0.506,1,1,1
LIB_CPPVIIQGQBFOFL,ChEMBL,CHEMBL1076219,CHEMBL1076219,https://www.ebi.ac.uk/chembl/compound_report_card/CHEMBL1076219/,CC(C)OC(=O)N1CCC(C(=O)N2CCC(N3CCN(C(=O)c4cc(-c5ccccc5)nc(-c5ccccc5)c4)CC3)CC2)CC1,CC(C)OC(=O)N1CCC(C(=O)N2CCC(N3CCN(C(=O)c4cc(-c5ccccc5)nc(-c5ccccc5)c4)CC3)CC2)CC1,CC(C)OC(=O)N1CCC(C(=O)N2CCC(N3CCN(C(=O)c4cc(-c5ccccc5)nc(-c5ccccc5)c4)CC3)CC2)CC1,CPPVIIQGQBFOFL-UHFFFAOYSA-N,CPPVIIQGQBFOFL,eligible,623.798,5.421,86.29,0,6,6,46,6,0.3647,0,1,1
LIB_CPQRFZBWMKEHSA,ChEMBL,CHEMBL1078785,CHEMBL1078785,https://www.ebi.ac.uk/chembl/compound_report_card/CHEMBL1078785/,O=C(Nc1ccccc1Cl)c1cnn2ccccc12,O=C(Nc1ccccc1Cl)c1cnn2ccccc12,O=C(Nc1ccccc1Cl)c1cnn2ccccc12,CPQRFZBWMKEHSA-UHFFFAOYSA-N,CPQRFZBWMKEHSA,eligible,271.707,3.24,46.4,1,2,2,19,3,0.7777,0,1,1
LIB_CPRMBGJYBSLDCA,ChEMBL,CHEMBL1080573,CHEMBL1080573,https://www.ebi.ac.uk/chembl/compound_report_card/CHEMBL1080573/,O=C(Nn1c(-c2cccc([N+](=O)[O-])c2)nc2c(-c3ccc(F)cc3)n[nH]c2c1=O)c1cccnc1,O=C(Nn1c(-c2cccc([N+](=O)[O-])c2)nc2c(-c3ccc(F)cc3)[nH]nc2c1=O)c1cccnc1,O=C(Nn1c(-c2cccc([N+](=O)[O-])c2)nc2c(-c3ccc(F)cc3)[nH]nc2c1=O)c1cccnc1,CPRMBGJYBSLDCA-UHFFFAOYSA-N,CPRMBGJYBSLDCA,eligible,471.408,3.28,148.7,2,7,5,35,5,0.2951,0,1,1
LIB_CPRSUYJBVWDQCV,ChEMBL,CHEMBL1077988,CHEMBL1077988,https://www.ebi.ac.uk/chembl/compound_report_card/CHEMBL1077988/,CCCCC1N(CC2CCCCC2)C(=O)OC12CCN(C1CCN(C(=O)c3ccccc3C)CC1)CC2,CCCCC1N(CC2CCCCC2)C(=O)OC12CCN(C1CCN(C(=O)c3ccccc3C)CC1)CC2,CCCCC1N(CC2CCCCC2)C(=O)OC12CCN(C1CCN(C(=O)c3ccccc3C)CC1)CC2,CPRSUYJBVWDQCV-UHFFFAOYSA-N,CPRSUYJBVWDQCV,eligible,509.735,6.026,53.09,0,4,7,37,5,0.4506,0,1,1
LIB_CPSQBCZJMZEPOE,ChEMBL,CHEMBL1078827,CHEMBL1078827,https://www.ebi.ac.uk/chembl/compound_report_card/CHEMBL1078827/,c1ccc2[nH]c(Nc3ncc(CCNc4ncnc5ccsc45)s3)nc2c1,c1ccc2[nH]c(Nc3ncc(CCNc4ncnc5ccsc45)s3)nc2c1,c1ccc2[nH]c(Nc3ncc(CCNc4ncnc5ccsc45)s3)nc2c1,CPSQBCZJMZEPOE-UHFFFAOYSA-N,CPSQBCZJMZEPOE,eligible,393.501,4.422,91.41,3,8,6,27,5,0.3954,0,1,1
LIB_CPTBDICYNRMXFX,ChEMBL,CHEMBL1200410,CHEMBL1200410;CHEMBL1321,https://www.ebi.ac.uk/chembl/compound_report_card/CHEMBL1200410/,CNNCc1ccc(C(=O)NC(C)C)cc1.Cl,CNNCc1ccc(C(=O)NC(C)C)cc1,CNNCc1ccc(C(=O)NC(C)C)cc1,CPTBDICYNRMXFX-UHFFFAOYSA-N,CPTBDICYNRMXFX,eligible,221.304,1.049,53.16,3,3,5,16,1,0.6514,0,2,1
LIB_CPWQDMQOBNLJKC,ChEMBL,CHEMBL1081969,CHEMBL1081969,https://www.ebi.ac.uk/chembl/compound_report_card/CHEMBL1081969/,COc1ccc(NC(=O)Oc2ccc3c(c2)[C@]2(C)CCN(CCc4ccccc4)[C@@H]2N3C)cc1OC,COc1ccc(NC(=O)Oc2ccc3c(c2)[C@]2(C)CCN(CCc4ccccc4)[C@@H]2N3C)cc1OC,COc1ccc(NC(=O)Oc2ccc3c(c2)C2(C)CCN(CCc4ccccc4)C2N3C)cc1OC,CPWQDMQOBNLJKC-YTMVLYRLSA-N,CPWQDMQOBNLJKC,eligible,487.6,5.297,63.27,1,6,7,36,5,0.4882,0,1,1
LIB_CPYDZWBORROESU,ChEMBL,CHEMBL101785,CHEMBL101785,https://www.ebi.ac.uk/chembl/compound_report_card/CHEMBL101785/,COc1ccc(/C(=C/CCCCC(=O)O)c2cccnc2)cc1,COc1ccc(/C(=C/CCCCC(=O)O)c2cccnc2)cc1,COc1ccc(C(=CCCCCC(=O)O)c2cccnc2)cc1,CPYDZWBORROESU-WSVATBPTSA-N,CPYDZWBORROESU,eligible,311.381,4.167,59.42,1,3,8,23,2,0.7434,0,1,1
LIB_CPYZPVGLLDAHCR,ChEMBL,CHEMBL1085048,CHEMBL1085048,https://www.ebi.ac.uk/chembl/compound_report_card/CHEMBL1085048/,NS(=O)(=O)c1ccc(CCNC(=O)CCCCCNc2ccn(O)c(=O)n2)cc1,NS(=O)(=O)c1ccc(CCNC(=O)CCCCCNc2ccn(O)c(=O)n2)cc1,NS(=O)(=O)c1ccc(CCNC(=O)CCCCCNc2ccn(O)c(=O)n2)cc1,CPYZPVGLLDAHCR-UHFFFAOYSA-N,CPYZPVGLLDAHCR,eligible,423.495,0.459,156.41,4,7,11,29,2,0.302,0,1,1
LIB_CPZBLNMUGSZIPR,ChEMBL,CHEMBL1189679,CHEMBL1189679;CHEMBL1720,https://www.ebi.ac.uk/chembl/compound_report_card/CHEMBL1189679/,O=C1c2cccc3c2[C@H](CCC3)CN1[C@@H]1CN2CCC1CC2,O=C1c2cccc3c2[C@H](CCC3)CN1[C@@H]1CN2CCC1CC2,O=C1c2cccc3c2C(CCC3)CN1C1CN2CCC1CC2,CPZBLNMUGSZIPR-NVXWUHKLSA-N,CPZBLNMUGSZIPR,eligible,296.414,2.657,23.55,0,2,1,22,6,0.7952,0,2,1
LIB_CQAMJYLFZKYWHD,ChEMBL,CHEMBL108060,CHEMBL108060,https://www.ebi.ac.uk/chembl/compound_report_card/CHEMBL108060/,COc1ccc2c(-c3ccccc3)cc(OC)c3c2c1CCC3OC,COc1ccc2c(-c3ccccc3)cc(OC)c3c2c1CCC3OC,COc1ccc2c(-c3ccccc3)cc(OC)c3c2c1CCC3OC,CQAMJYLFZKYWHD-UHFFFAOYSA-N,CQAMJYLFZKYWHD,eligible,334.415,5.158,27.69,0,3,4,25,4,0.6596,0,1,1
LIB_CQBDMXYZNLJUFT,ChEMBL,CHEMBL1086473,CHEMBL1086473,https://www.ebi.ac.uk/chembl/compound_report_card/CHEMBL1086473/,CCCCc1nc2c(N)nc3ccccc3c2n1Cc1ccccc1,CCCCc1nc2c(N)nc3ccccc3c2n1Cc1ccccc1,CCCCc1nc2c(N)nc3ccccc3c2n1Cc1ccccc1,CQBDMXYZNLJUFT-UHFFFAOYSA-N,CQBDMXYZNLJUFT,eligible,330.435,4.558,56.73,1,3,5,25,4,0.5835,0,1,1
LIB_CQECYVMYMPYNBF,ChEMBL,CHEMBL103432,CHEMBL103432,https://www.ebi.ac.uk/chembl/compound_report_card/CHEMBL103432/,Cc1ccccc1NC(=O)Nc1ccc(CC(=O)Nc2ccc(C(C)CC(=O)O)cc2)cc1,Cc1ccccc1NC(=O)Nc1ccc(CC(=O)Nc2ccc(C(C)CC(=O)O)cc2)cc1,Cc1ccccc1NC(=O)Nc1ccc(CC(=O)Nc2ccc(C(C)CC(=O)O)cc2)cc1,CQECYVMYMPYNBF-UHFFFAOYSA-N,CQECYVMYMPYNBF,eligible,445.519,5.398,107.53,4,3,8,33,3,0.3723,0,1,1
LIB_CQHQWTYHGDSKFU,ChEMBL,CHEMBL1081325,CHEMBL1081325,https://www.ebi.ac.uk/chembl/compound_report_card/CHEMBL1081325/,COc1cccc2c1CC(c1nc3ccc(-c4ccnc(N)n4)cc3[nH]1)CO2,COc1cccc2c1CC(c1nc3cc(-c4ccnc(N)n4)ccc3[nH]1)CO2,COc1cccc2c1CC(c1nc3cc(-c4ccnc(N)n4)ccc3[nH]1)CO2,CQHQWTYHGDSKFU-UHFFFAOYSA-N,CQHQWTYHGDSKFU,eligible,373.416,3.329,98.94,2,6,3,28,5,0.5714,0,1,1
LIB_CQHSRRONBVIJRO,ChEMBL,CHEMBL105494,CHEMBL105494,https://www.ebi.ac.uk/chembl/compound_report_card/CHEMBL105494/,CCCSc1ccc2c(n1)[C@@H](c1ccc(OC)cc1)[C@H](C(=O)O)[C@H]2c1ccc2c(c1)OCO2,CCCSc1ccc2c(n1)[C@@H](c1ccc(OC)cc1)C(C(=O)O)[C@H]2c1ccc2c(c1)OCO2,CCCSc1ccc2c(n1)C(c1ccc(OC)cc1)C(C(=O)O)C2c1ccc2c(c1)OCO2,CQHSRRONBVIJRO-NTZARQNWSA-N,CQHSRRONBVIJRO,eligible,463.555,5.299,77.88,1,6,7,33,5,0.4765,0,1,1
LIB_CQIAVGJLDKUBKZ,ChEMBL,CHEMBL108525,CHEMBL108525,https://www.ebi.ac.uk/chembl/compound_report_card/CHEMBL108525/,CCN(CCCCCN(C(C)=O)C(=O)/C=C/c1ccccc1)Cc1ccccc1,CCN(CCCCCN(C(C)=O)C(=O)/C=C/c1ccccc1)Cc1ccccc1,CCN(CCCCCN(C(C)=O)C(=O)C=Cc1ccccc1)Cc1ccccc1,CQIAVGJLDKUBKZ-ISLYRVAYSA-N,CQIAVGJLDKUBKZ,eligible,392.543,4.767,40.62,0,3,11,29,2,0.4086,0,1,1
LIB_CQKKNMSNQFPKMD,ChEMBL,CHEMBL1087257,CHEMBL1087257,https://www.ebi.ac.uk/chembl/compound_report_card/CHEMBL1087257/,CCOP(=O)(OCC)C(O)c1cc2cccc(C)c2n2nnnc12,CCOP(=O)(OCC)C(O)c1cc2cccc(C)c2n2nnnc12,CCOP(=O)(OCC)C(O)c1cc2cccc(C)c2n2nnnc12,CQKKNMSNQFPKMD-UHFFFAOYSA-N,CQKKNMSNQFPKMD,eligible,350.315,2.843,98.84,1,7,6,24,3,0.6825,0,1,1
LIB_CQKLVBPHLDZQRV,ChEMBL,CHEMBL1081268,CHEMBL1081268,https://www.ebi.ac.uk/chembl/compound_report_card/CHEMBL1081268/,Cc1ccccc1Nc1cc(C(=O)Nc2ccc(O)cc2)ncn1,Cc1ccccc1Nc1cc(C(=O)Nc2ccc(O)cc2)ncn1,Cc1ccccc1Nc1cc(C(=O)Nc2ccc(O)cc2)ncn1,CQKLVBPHLDZQRV-UHFFFAOYSA-N,CQKLVBPHLDZQRV,eligible,320.352,3.487,87.14,3,5,4,24,3,0.6406,0,1,1
LIB_CQLRVMMTAXIGCT,ChEMBL,CHEMBL1087488,CHEMBL1087488,https://www.ebi.ac.uk/chembl/compound_report_card/CHEMBL1087488/,O=C1CC(CBr)=NN1c1c2ccccc2nc2ccccc12,O=c1cc(CBr)[nH]n1-c1c2ccccc2nc2ccccc12,O=c1cc(CBr)[nH]n1-c1c2ccccc2nc2ccccc12,CQLRVMMTAXIGCT-UHFFFAOYSA-N,CQLRVMMTAXIGCT,eligible,354.207,3.762,50.68,1,2,2,22,4,0.4402,0,1,1
LIB_CQOZCJAFTZEIHN,ChEMBL,CHEMBL1085591,CHEMBL1085591,https://www.ebi.ac.uk/chembl/compound_report_card/CHEMBL1085591/,C[C@@H]1CCCN1CCc1ccc2nc(C3=NCCS3)ccc2c1,C[C@@H]1CCCN1CCc1ccc2nc(C3=NCCS3)ccc2c1,CC1CCCN1CCc1ccc2nc(C3=NCCS3)ccc2c1,CQOZCJAFTZEIHN-CQSZACIVSA-N,CQOZCJAFTZEIHN,eligible,325.481,3.755,28.49,0,4,4,23,4,0.8568,0,1,1
LIB_CQPLSAHLVMGWEI,ChEMBL,CHEMBL105509,CHEMBL105509,https://www.ebi.ac.uk/chembl/compound_report_card/CHEMBL105509/,CCCN(CCC)C1CCc2nc(OC)ccc2C1,CCCN(CCC)C1CCc2nc(OC)ccc2C1,CCCN(CCC)C1CCc2nc(OC)ccc2C1,CQPLSAHLVMGWEI-UHFFFAOYSA-N,CQPLSAHLVMGWEI,eligible,262.397,3.07,25.36,0,3,6,19,2,0.7876,0,1,1
LIB_CQQSQBRPAJSTFB,ChEMBL,CHEMBL101846,CHEMBL101846,https://www.ebi.ac.uk/chembl/compound_report_card/CHEMBL101846/,O=C(O)c1ccc(CBr)cc1,O=C(O)c1ccc(CBr)cc1,O=C(O)c1ccc(CBr)cc1,CQQSQBRPAJSTFB-UHFFFAOYSA-N,CQQSQBRPAJSTFB,eligible,215.046,2.28,37.3,1,1,2,11,1,0.768,0,1,1
LIB_CQSBJVYUEJFCQP,ChEMBL,CHEMBL100261,CHEMBL100261,https://www.ebi.ac.uk/chembl/compound_report_card/CHEMBL100261/,CC1(C)CCC(C)(C)c2cc(C(=O)c3ccc4cc(C(=O)O)ccc4c3)c(F)cc21,CC1(C)CCC(C)(C)c2cc(C(=O)c3ccc4cc(C(=O)O)ccc4c3)c(F)cc21,CC1(C)CCC(C)(C)c2cc(C(=O)c3ccc4cc(C(=O)O)ccc4c3)c(F)cc21,CQSBJVYUEJFCQP-UHFFFAOYSA-N,CQSBJVYUEJFCQP,eligible,404.481,6.257,54.37,1,2,3,30,4,0.5245,0,1,1
LIB_CQSIEALSZIRMDT,ChEMBL,CHEMBL1084433,CHEMBL1084433,https://www.ebi.ac.uk/chembl/compound_report_card/CHEMBL1084433/,c1cc2c(cc1CN1CCCCC1)OCO2,c1cc2c(cc1CN1CCCCC1)OCO2,c1cc2c(cc1CN1CCCCC1)OCO2,CQSIEALSZIRMDT-UHFFFAOYSA-N,CQSIEALSZIRMDT,eligible,219.284,2.401,21.7,0,3,2,16,3,0.762,0,1,1
LIB_CQSQYHMIFNKNHR,ChEMBL,CHEMBL1079784,CHEMBL1079784,https://www.ebi.ac.uk/chembl/compound_report_card/CHEMBL1079784/,Cc1cc(Cl)ccc1-c1cccc(C(=O)N[C@H]2CC[C@H](n3cc(F)c(N)nc3=O)C2)c1,Cc1cc(Cl)ccc1-c1cccc(C(=O)N[C@H]2CC[C@H](n3cc(F)c(N)nc3=O)C2)c1,Cc1cc(Cl)ccc1-c1cccc(C(=O)NC2CCC(n3cc(F)c(N)nc3=O)C2)c1,CQSQYHMIFNKNHR-ROUUACIJSA-N,CQSQYHMIFNKNHR,eligible,440.906,4.117,90.01,2,4,4,31,4,0.6382,0,1,1
LIB_CQSRWNSLQYMOJI,ChEMBL,CHEMBL106479,CHEMBL106479,https://www.ebi.ac.uk/chembl/compound_report_card/CHEMBL106479/,O=S(=O)(/C=C/c1ccc(F)c(F)c1)Nc1nc(-c2ccccc2)c(-c2ccccc2)s1,O=S(=O)(/C=C/c1ccc(F)c(F)c1)Nc1nc(-c2ccccc2)c(-c2ccccc2)s1,O=S(=O)(C=Cc1ccc(F)c(F)c1)Nc1nc(-c2ccccc2)c(-c2ccccc2)s1,CQSRWNSLQYMOJI-BUHFOSPRSA-N,CQSRWNSLQYMOJI,eligible,454.523,6.168,59.06,1,4,6,31,4,0.3791,0,1,1
LIB_CQVVMULTZQAZBA,ChEMBL,CHEMBL1083025,CHEMBL1083025,https://www.ebi.ac.uk/chembl/compound_report_card/CHEMBL1083025/,CC1(C)CC(NC(=O)CCO)c2cc(-c3ccc(Cl)cc3)c(-c3ccc(Cl)cc3Cl)nc2O1,CC1(C)CC(NC(=O)CCO)c2cc(-c3ccc(Cl)cc3)c(-c3ccc(Cl)cc3Cl)nc2O1,CC1(C)CC(NC(=O)CCO)c2cc(-c3ccc(Cl)cc3)c(-c3ccc(Cl)cc3Cl)nc2O1,CQVVMULTZQAZBA-UHFFFAOYSA-N,CQVVMULTZQAZBA,eligible,505.829,6.477,71.45,2,4,5,33,4,0.4164,0,1,1
LIB_CQWUDWSWXJFXHG,ChEMBL,CHEMBL1087230,CHEMBL1087230,https://www.ebi.ac.uk/chembl/compound_report_card/CHEMBL1087230/,O=C([C@H](O)CS(=O)(=O)c1ccc2cc(Cl)ccc2c1)N1CCC(N2Cc3cccn3C2=O)CC1,O=C(C(O)CS(=O)(=O)c1ccc2cc(Cl)ccc2c1)N1CCC(N2Cc3cccn3C2=O)CC1,O=C(C(O)CS(=O)(=O)c1ccc2cc(Cl)ccc2c1)N1CCC(N2Cc3cccn3C2=O)CC1,CQWUDWSWXJFXHG-UHFFFAOYSA-N,CQWUDWSWXJFXHG,eligible,501.992,2.904,99.92,1,5,5,34,5,0.5791,0,1,1
LIB_CQXADFVORZEARL,ChEMBL,CHEMBL289480,CHEMBL289480,https://www.ebi.ac.uk/chembl/compound_report_card/CHEMBL289480/,C1COC(NC(C2CC2)C2CC2)=N1,C1COC(=NC(C2CC2)C2CC2)N1,C1COC(=NC(C2CC2)C2CC2)N1,CQXADFVORZEARL-UHFFFAOYSA-N,CQXADFVORZEARL,eligible,180.251,1.151,33.62,1,2,3,13,3,0.7065,0,1,1
LIB_CQYTZPAIMSMVAC,ChEMBL,CHEMBL1080577,CHEMBL1080577,https://www.ebi.ac.uk/chembl/compound_report_card/CHEMBL1080577/,C[C@H]1CC[C@@H](OCCO)C(C)(C)[C@@]12Cc1cc(C(=O)O)ccc1O2,C[C@H]1CC[C@@H](OCCO)C(C)(C)[C@@]12Cc1cc(C(=O)O)ccc1O2,CC1CCC(OCCO)C(C)(C)C12Cc1cc(C(=O)O)ccc1O2,CQYTZPAIMSMVAC-JOKNJTHLSA-N,CQYTZPAIMSMVAC,eligible,334.412,2.892,75.99,2,4,4,24,3,0.8853,0,1,1
LIB_CQYVRVJVDCTZCD,ChEMBL,CHEMBL10006,CHEMBL10006,https://www.ebi.ac.uk/chembl/compound_report_card/CHEMBL10006/,COc1ccc2c3c1OC1[C@H]4OC[C@@]4(CCCCc4ccccc4)CC4C(C2)N(C)CCC341,COc1ccc2c3c1OC1[C@H]4OC[C@@]4(CCCCc4ccccc4)CC4C(C2)N(C)CCC341,COc1ccc2c3c1OC1C4OCC4(CCCCc4ccccc4)CC4C(C2)N(C)CCC341,CQYVRVJVDCTZCD-WGCWOVTKSA-N,CQYVRVJVDCTZCD,eligible,445.603,4.772,30.93,0,4,6,33,7,0.5995,0,1,1
LIB_CRBCYWRXPNLTSR,ChEMBL,CHEMBL1085027,CHEMBL1085027,https://www.ebi.ac.uk/chembl/compound_report_card/CHEMBL1085027/,CN(C)C(=O)Oc1ccc(-c2cn3c(NC=O)cccc3[n+]2C)cc1.[Cl-],CN(C)C(=O)Oc1ccc(-c2cn3c(NC=O)cccc3[n+]2C)cc1,CN(C)C(=O)Oc1ccc(-c2cn3c(NC=O)cccc3[n+]2C)cc1,CRBCYWRXPNLTSR-UHFFFAOYSA-O,CRBCYWRXPNLTSR,eligible,339.375,2.059,66.93,1,3,4,25,3,0.5844,1,1,1
LIB_CRBHPAAKAZMYPT,ChEMBL,CHEMBL106518,CHEMBL106518,https://www.ebi.ac.uk/chembl/compound_report_card/CHEMBL106518/,N=C(N)N[C@@H](C(=O)NCC(=O)N1CCC(c2cc(-c3ccc(Cl)cc3Cl)[nH]n2)CC1)C1CCCCC1,N=C(N)NC(C(=O)NCC(=O)N1CCC(c2cc(-c3ccc(Cl)cc3Cl)[nH]n2)CC1)C1CCCCC1,N=C(N)NC(C(=O)NCC(=O)N1CCC(c2cc(-c3ccc(Cl)cc3Cl)[nH]n2)CC1)C1CCCCC1,CRBHPAAKAZMYPT-UHFFFAOYSA-N,CRBHPAAKAZMYPT,eligible,534.492,3.638,139.99,5,4,7,36,4,0.2727,0,1,1
LIB_CRBTZFVQVOXBBO,ChEMBL,CHEMBL1086513,CHEMBL1086513,https://www.ebi.ac.uk/chembl/compound_report_card/CHEMBL1086513/,C[C@@H]1CCCN1CCc1ccc2nc(-c3cnc(-c4ccccc4)s3)ccc2c1,C[C@@H]1CCCN1CCc1ccc2nc(-c3cnc(-c4ccccc4)s3)ccc2c1,CC1CCCN1CCc1ccc2nc(-c3cnc(-c4ccccc4)s3)ccc2c1,CRBTZFVQVOXBBO-GOSISDBHSA-N,CRBTZFVQVOXBBO,eligible,399.563,6.052,29.02,0,4,5,29,5,0.4088,0,1,1
LIB_CRCUNMKTEAUDDB,ChEMBL,CHEMBL1077827,CHEMBL1077827,https://www.ebi.ac.uk/chembl/compound_report_card/CHEMBL1077827/,CCOc1ccc(-n2c([C@@H](C)N(CC3CCN(C)CC3)C(=O)Cc3ccc(F)c(C(F)(F)F)c3)nc3ncccc3c2=O)cc1,CCOc1ccc(-n2c([C@@H](C)N(CC3CCN(C)CC3)C(=O)Cc3ccc(F)c(C(F)(F)F)c3)nc3ncccc3c2=O)cc1,CCOc1ccc(-n2c(C(C)N(CC3CCN(C)CC3)C(=O)Cc3ccc(F)c(C(F)(F)F)c3)nc3ncccc3c2=O)cc1,CRCUNMKTEAUDDB-OAQYLSRUSA-N,CRCUNMKTEAUDDB,eligible,625.667,5.811,80.56,0,6,9,45,5,0.2186,0,1,1
LIB_CRCWUBLTFGOMDD,ChEMBL,CHEMBL1080002,CHEMBL1080002,https://www.ebi.ac.uk/chembl/compound_report_card/CHEMBL1080002/,CCOc1ccc2nc3ccc(=O)cc-3oc2c1,CCOc1ccc2nc3ccc(=O)cc-3oc2c1,CCOc1ccc2nc3ccc(=O)cc-3oc2c1,CRCWUBLTFGOMDD-UHFFFAOYSA-N,CRCWUBLTFGOMDD,eligible,241.246,2.692,52.33,0,4,2,18,3,0.6471,0,1,1
LIB_CRDJFLJLJCAAMQ,ChEMBL,CHEMBL10267,CHEMBL10267,https://www.ebi.ac.uk/chembl/compound_report_card/CHEMBL10267/,COC(=O)CCCCCCCOc1ccc(NC(=O)C2=C(O)CN(c3ccc(Cl)cc3)C2=O)cc1,COC(=O)CCCCCCCOc1ccc(NC(=O)c2c(O)cn(-c3ccc(Cl)cc3)c2O)cc1,COC(=O)CCCCCCCOc1ccc(NC(=O)c2c(O)cn(-c3ccc(Cl)cc3)c2O)cc1,CRDJFLJLJCAAMQ-UHFFFAOYSA-N,CRDJFLJLJCAAMQ,eligible,500.979,5.687,110.02,3,6,12,35,3,0.2176,0,1,1
LIB_CREGIWQEAJRXDS,ChEMBL,CHEMBL10569,CHEMBL10569,https://www.ebi.ac.uk/chembl/compound_report_card/CHEMBL10569/,O=c1oc(Nc2ccccc2I)nc2cc(Cl)c(Cl)cc12,O=c1oc(Nc2ccccc2I)nc2cc(Cl)c(Cl)cc12,O=c1oc(Nc2ccccc2I)nc2cc(Cl)c(Cl)cc12,CREGIWQEAJRXDS-UHFFFAOYSA-N,CREGIWQEAJRXDS,eligible,433.032,4.843,55.13,1,4,2,21,3,0.5882,0,1,1
LIB_CREJFNMGTZPNLC,ChEMBL,CHEMBL1084152,CHEMBL1084152;CHEMBL1084699,https://www.ebi.ac.uk/chembl/compound_report_card/CHEMBL1084152/,CN(Cc1cc2c3c(c1)c(=O)c(C(=O)NCc1ccc(Cl)cc1)cn3CC(=O)N2C)C[C@@H](O)c1ccccn1,CN(Cc1cc2c3c(c1)c(=O)c(C(=O)NCc1ccc(Cl)cc1)cn3CC(=O)N2C)C[C@@H](O)c1ccccn1,CN(Cc1cc2c3c(c1)c(=O)c(C(=O)NCc1ccc(Cl)cc1)cn3CC(=O)N2C)CC(O)c1ccccn1,CREJFNMGTZPNLC-RUZDIDTESA-N,CREJFNMGTZPNLC,eligible,546.027,3.122,107.77,2,6,8,39,5,0.3522,0,2,2
LIB_CRFHOAFXPBYTOF,ChEMBL,CHEMBL1075769,CHEMBL1075769,https://www.ebi.ac.uk/chembl/compound_report_card/CHEMBL1075769/,COC(=O)C[C@H]1C(C)(C)[C@H](OC(=O)C(C)C)[C@]2(O)CC3=C4CC(=O)O[C@@H](c5ccoc5)[C@]4(C)CC[C@@H]3[C@@]1(C)C2=O,COC(=O)C[C@H]1C(C)(C)[C@H](OC(=O)C(C)C)[C@]2(O)CC3=C4CC(=O)O[C@@H](c5ccoc5)[C@]4(C)CC[C@@H]3[C@@]1(C)C2=O,COC(=O)CC1C(C)(C)C(OC(=O)C(C)C)C2(O)CC3=C4CC(=O)OC(c5ccoc5)C4(C)CCC3C1(C)C2=O,CRFHOAFXPBYTOF-AMPYYUHWSA-N,CRFHOAFXPBYTOF,eligible,556.652,4.478,129.34,1,9,5,40,5,0.317,0,1,1
LIB_CRGFIMHLZVALGU,ChEMBL,CHEMBL104341,CHEMBL104341,https://www.ebi.ac.uk/chembl/compound_report_card/CHEMBL104341/,O=P(O)(O)C1c2ccccc2Sc2ccccc21,O=P(O)(O)C1c2ccccc2Sc2ccccc21,O=P(O)(O)C1c2ccccc2Sc2ccccc21,CRGFIMHLZVALGU-UHFFFAOYSA-N,CRGFIMHLZVALGU,eligible,278.269,3.418,57.53,2,2,1,18,3,0.7847,0,1,1
LIB_CRGOWMIZBWIMTB,ChEMBL,CHEMBL102416,CHEMBL102416,https://www.ebi.ac.uk/chembl/compound_report_card/CHEMBL102416/,N#Cc1ccc(-c2ccc(OCCCN3CCC(O)CC3)cc2)cc1,N#Cc1ccc(-c2ccc(OCCCN3CCC(O)CC3)cc2)cc1,N#Cc1ccc(-c2ccc(OCCCN3CCC(O)CC3)cc2)cc1,CRGOWMIZBWIMTB-UHFFFAOYSA-N,CRGOWMIZBWIMTB,eligible,336.435,3.451,56.49,1,4,6,25,3,0.821,0,1,1
LIB_CRGSIPLZYRLUCE,ChEMBL,CHEMBL1078295,CHEMBL1078295,https://www.ebi.ac.uk/chembl/compound_report_card/CHEMBL1078295/,C[C@H](NC(=O)CS)C(=O)N[C@@H](CCCCN)C(N)=O,CC(NC(=O)CS)C(=O)NC(CCCCN)C(N)=O,CC(NC(=O)CS)C(=O)NC(CCCCN)C(N)=O,CRGSIPLZYRLUCE-UHFFFAOYSA-N,CRGSIPLZYRLUCE,eligible,290.389,-1.48,127.31,5,5,9,19,0,0.262,0,1,1
LIB_CRMOMCHYBNOFIV,ChEMBL,CHEMBL1080216,CHEMBL1080216,https://www.ebi.ac.uk/chembl/compound_report_card/CHEMBL1080216/,C[C@@]12C=CC[C@H]1[C@@H]1CCc3cc(O)ccc3[C@H]1CC2,C[C@@]12C=CC[C@H]1[C@@H]1CCc3cc(O)ccc3[C@H]1CC2,CC12C=CCC1C1CCc3cc(O)ccc3C1CC2,CRMOMCHYBNOFIV-BDXSIMOUSA-N,CRMOMCHYBNOFIV,eligible,254.373,4.414,20.23,1,1,0,19,4,0.6797,0,1,1
LIB_CRNLQLRVDDAGHI,ChEMBL,CHEMBL103737,CHEMBL103737,https://www.ebi.ac.uk/chembl/compound_report_card/CHEMBL103737/,CNC(=O)[C@H](Cc1ccc(OC)cc1)NC(=O)[C@H](CC(C)C)[C@H](C)S,CNC(=O)C(Cc1ccc(OC)cc1)NC(=O)C(CC(C)C)[C@H](C)S,CNC(=O)C(Cc1ccc(OC)cc1)NC(=O)C(CC(C)C)C(C)S,CRNLQLRVDDAGHI-IGEOTXOUSA-N,CRNLQLRVDDAGHI,eligible,366.527,2.449,67.43,3,4,9,25,1,0.5882,0,1,1
LIB_CRPBEXXXEBUOEC,ChEMBL,CHEMBL106891,CHEMBL106891,https://www.ebi.ac.uk/chembl/compound_report_card/CHEMBL106891/,O=C1c2ccccc2C(=O)N1CCC1CCN(Cc2ccccc2)CC1,O=C1c2ccccc2C(=O)N1CCC1CCN(Cc2ccccc2)CC1,O=C1c2ccccc2C(=O)N1CCC1CCN(Cc2ccccc2)CC1,CRPBEXXXEBUOEC-UHFFFAOYSA-N,CRPBEXXXEBUOEC,eligible,348.446,3.585,40.62,0,3,5,26,4,0.7756,0,1,1
LIB_CRPJHHLQZSXIPL,ChEMBL,CHEMBL102054,CHEMBL102054,https://www.ebi.ac.uk/chembl/compound_report_card/CHEMBL102054/,CC(C)N1CNS(=O)(=O)c2cnccc21,CC(C)N1CNS(=O)(=O)c2cnccc21,CC(C)N1CNS(=O)(=O)c2cnccc21,CRPJHHLQZSXIPL-UHFFFAOYSA-N,CRPJHHLQZSXIPL,eligible,227.289,0.546,62.3,1,4,1,15,2,0.7606,0,1,1
LIB_CRRZQPGSDPOHFI,ChEMBL,CHEMBL1079339,CHEMBL1079339,https://www.ebi.ac.uk/chembl/compound_report_card/CHEMBL1079339/,c1ccc(CCn2c(C3COc4ccccc4O3)nc3ccc(-c4ccncc4)cc32)cc1,c1ccc(CCn2c(C3COc4ccccc4O3)nc3ccc(-c4ccncc4)cc32)cc1,c1ccc(CCn2c(C3COc4ccccc4O3)nc3ccc(-c4ccncc4)cc32)cc1,CRRZQPGSDPOHFI-UHFFFAOYSA-N,CRRZQPGSDPOHFI,eligible,433.511,5.854,49.17,0,4,5,33,6,0.3487,0,1,1
LIB_CRRZULOSODRDQQ,ChEMBL,CHEMBL1076500,CHEMBL1076500,https://www.ebi.ac.uk/chembl/compound_report_card/CHEMBL1076500/,CNC(=O)Cn1c(=O)n(C2CCN(CCCC(C)C)CC2)c2ccccc21,CNC(=O)Cn1c(=O)n(C2CCN(CCCC(C)C)CC2)c2ccccc21,CNC(=O)Cn1c(=O)n(C2CCN(CCCC(C)C)CC2)c2ccccc21,CRRZULOSODRDQQ-UHFFFAOYSA-N,CRRZULOSODRDQQ,eligible,372.513,2.622,59.27,1,3,7,27,3,0.8128,0,1,1
LIB_CRSFUODGLVACMP,ChEMBL,CHEMBL103398,CHEMBL103398,https://www.ebi.ac.uk/chembl/compound_report_card/CHEMBL103398/,Cc1cc(-c2ccccc2)cc(C)[n+]1CC(=O)Nc1ccc(S(N)(=O)=O)cc1Br.[O-][Cl+3]([O-])([O-])[O-],Cc1cc(-c2ccccc2)cc(C)[n+]1CC(=O)Nc1ccc(S(N)(=O)=O)cc1Br,Cc1cc(-c2ccccc2)cc(C)[n+]1CC(=O)Nc1ccc(S(N)(=O)=O)cc1Br,CRSFUODGLVACMP-UHFFFAOYSA-O,CRSFUODGLVACMP,eligible,475.388,3.307,93.14,2,3,5,29,3,0.555,1,1,1
LIB_CRSLPIBUKAHUMY,ChEMBL,CHEMBL1080592,CHEMBL1080592,https://www.ebi.ac.uk/chembl/compound_report_card/CHEMBL1080592/,CC1(C)OC(=O)C(CNc2ccc3c(c2)CCC3)C(=O)O1,CC1(C)OC(=O)C(CNc2ccc3c(c2)CCC3)C(=O)O1,CC1(C)OC(=O)C(CNc2ccc3c(c2)CCC3)C(=O)O1,CRSLPIBUKAHUMY-UHFFFAOYSA-N,CRSLPIBUKAHUMY,eligible,289.331,2.039,64.63,1,5,3,21,3,0.6812,0,1,1
LIB_CRTKFXJEGYAXKF,ChEMBL,CHEMBL1085680,CHEMBL1085680,https://www.ebi.ac.uk/chembl/compound_report_card/CHEMBL1085680/,CCCC[C@H](NC(=O)O[C@@H]1CN(C(=O)Nc2ccccc2)CC1(C)C)C(=O)C(=O)N[C@H](C)c1ccccc1,CCCCC(NC(=O)O[C@@H]1CN(C(=O)Nc2ccccc2)CC1(C)C)C(=O)C(=O)N[C@H](C)c1ccccc1,CCCCC(NC(=O)OC1CN(C(=O)Nc2ccccc2)CC1(C)C)C(=O)C(=O)NC(C)c1ccccc1,CRTKFXJEGYAXKF-WGNZSGQMSA-N,CRTKFXJEGYAXKF,eligible,522.646,4.66,116.84,3,5,10,38,3,0.3925,0,1,1
LIB_CRULMHGTCPWBCB,ChEMBL,CHEMBL108375,CHEMBL108375,https://www.ebi.ac.uk/chembl/compound_report_card/CHEMBL108375/,C(#Cc1ccc2c(c1)OCCO2)CCN1CC=C(c2ccccc2)CC1,C(#Cc1ccc2c(c1)OCCO2)CCN1CC=C(c2ccccc2)CC1,C(#Cc1ccc2c(c1)OCCO2)CCN1CC=C(c2ccccc2)CC1,CRULMHGTCPWBCB-UHFFFAOYSA-N,CRULMHGTCPWBCB,eligible,345.442,3.989,21.7,0,3,3,26,4,0.7854,0,1,1
LIB_CRVGAEIHZPNGBB,ChEMBL,CHEMBL1086084,CHEMBL1086084,https://www.ebi.ac.uk/chembl/compound_report_card/CHEMBL1086084/,Cc1noc(C)c1S(=O)(=O)Nc1cccc(B(O)O)c1,Cc1noc(C)c1S(=O)(=O)Nc1cccc(B(O)O)c1,Cc1noc(C)c1S(=O)(=O)Nc1cccc(B(O)O)c1,CRVGAEIHZPNGBB-UHFFFAOYSA-N,CRVGAEIHZPNGBB,eligible,296.113,-0.228,112.66,3,6,4,20,2,0.6719,0,1,1
LIB_CRVUJLNOBXKMBA,ChEMBL,CHEMBL107060,CHEMBL107060,https://www.ebi.ac.uk/chembl/compound_report_card/CHEMBL107060/,N#Cc1ccc(-c2ccccc2)c(NC(=O)Nc2cccnc2)c1,N#Cc1ccc(-c2ccccc2)c(NC(=O)Nc2cccnc2)c1,N#Cc1ccc(-c2ccccc2)c(NC(=O)Nc2cccnc2)c1,CRVUJLNOBXKMBA-UHFFFAOYSA-N,CRVUJLNOBXKMBA,eligible,314.348,4.264,77.81,2,3,3,24,3,0.7577,0,1,1
LIB_CRXFCGUGNWJSEY,ChEMBL,CHEMBL1086654,CHEMBL1086654,https://www.ebi.ac.uk/chembl/compound_report_card/CHEMBL1086654/,Clc1ccc2c(n1)O[C@@]13CC[C@@H]1NC[C@@H]23,Clc1ccc2c(n1)O[C@@]13CC[C@@H]1NC[C@@H]23,Clc1ccc2c(n1)OC13CCC1NCC23,CRXFCGUGNWJSEY-DKCNOQQISA-N,CRXFCGUGNWJSEY,eligible,222.675,1.715,34.15,1,3,0,15,4,0.6791,0,1,1
LIB_CRXTYILZRAAGBT,ChEMBL,CHEMBL102048,CHEMBL102048,https://www.ebi.ac.uk/chembl/compound_report_card/CHEMBL102048/,COc1ccc(/C=C/C(=O)N2C[C@H]3C[C@@]34C2=CC(=O)c2[nH]c(C)c(CN(C)C)c24)cc1,COc1ccc(/C=C/C(=O)N2C[C@H]3C[C@@]34C2=CC(=O)c2[nH]c(C)c(CN(C)C)c24)cc1,COc1ccc(C=CC(=O)N2CC3CC34C2=CC(=O)c2[nH]c(C)c(CN(C)C)c24)cc1,CRXTYILZRAAGBT-XHIYKSJMSA-N,CRXTYILZRAAGBT,eligible,417.509,3.287,65.64,1,4,5,31,5,0.7586,0,1,1
LIB_CSAMESIMUONYDS,ChEMBL,CHEMBL1082376,CHEMBL1082376,https://www.ebi.ac.uk/chembl/compound_report_card/CHEMBL1082376/,CCCCCCc1nc2c(N)nc3ccccc3c2n1Cc1ccccc1,CCCCCCc1nc2c(N)nc3ccccc3c2n1Cc1ccccc1,CCCCCCc1nc2c(N)nc3ccccc3c2n1Cc1ccccc1,CSAMESIMUONYDS-UHFFFAOYSA-N,CSAMESIMUONYDS,eligible,358.489,5.338,56.73,1,3,7,27,4,0.4538,0,1,1
LIB_CSCOFCJZZSLCNM,ChEMBL,CHEMBL104422,CHEMBL104422,https://www.ebi.ac.uk/chembl/compound_report_card/CHEMBL104422/,Cc1cc(C)cc(-c2ccc(C(C)C(=O)O)cc2F)c1,Cc1cc(C)cc(-c2ccc(C(C)C(=O)O)cc2F)c1,Cc1cc(C)cc(-c2ccc(C(C)C(=O)O)cc2F)c1,CSCOFCJZZSLCNM-UHFFFAOYSA-N,CSCOFCJZZSLCNM,eligible,272.319,4.298,37.3,1,1,3,20,2,0.9042,0,1,1
LIB_CSENCZKLXRJGFD,ChEMBL,CHEMBL1085126,CHEMBL1085126,https://www.ebi.ac.uk/chembl/compound_report_card/CHEMBL1085126/,CCN1CC[C@@]2(C)c3cc(OC(=O)NC(C)(C)C)ccc3C[C@@H]12,CCN1CC[C@@]2(C)c3cc(OC(=O)NC(C)(C)C)ccc3C[C@@H]12,CCN1CCC2(C)c3cc(OC(=O)NC(C)(C)C)ccc3CC12,CSENCZKLXRJGFD-APWZRJJASA-N,CSENCZKLXRJGFD,eligible,316.445,3.482,41.57,1,3,2,23,3,0.908,0,1,1
LIB_CSFZGNJQAYVMIZ,ChEMBL,CHEMBL107111,CHEMBL107111,https://www.ebi.ac.uk/chembl/compound_report_card/CHEMBL107111/,O=C(O)c1cc(-c2ccc(F)cc2F)c2nc(N3CCC(O)C3)c(F)cn2c1=O,O=C(O)c1cc(-c2ccc(F)cc2F)c2nc(N3CCC(O)C3)c(F)cn2c1=O,O=C(O)c1cc(-c2ccc(F)cc2F)c2nc(N3CCC(O)C3)c(F)cn2c1=O,CSFZGNJQAYVMIZ-UHFFFAOYSA-N,CSFZGNJQAYVMIZ,eligible,405.332,2.048,95.14,2,5,3,29,4,0.6927,0,1,1
LIB_CSGPUODXEMKHSY,ChEMBL,CHEMBL101577,CHEMBL101577,https://www.ebi.ac.uk/chembl/compound_report_card/CHEMBL101577/,O=C(O)c1ccc(CI)cc1,O=C(O)c1ccc(CI)cc1,O=C(O)c1ccc(CI)cc1,CSGPUODXEMKHSY-UHFFFAOYSA-N,CSGPUODXEMKHSY,eligible,262.046,2.32,37.3,1,1,2,11,1,0.6556,0,1,1
LIB_CSGRUBUTNNAYGE,ChEMBL,CHEMBL103745,CHEMBL103745,https://www.ebi.ac.uk/chembl/compound_report_card/CHEMBL103745/,CNc1ccccc1CC(c1sccc1C)N(C)C,CNc1ccccc1CC(c1sccc1C)N(C)C,CNc1ccccc1CC(c1sccc1C)N(C)C,CSGRUBUTNNAYGE-UHFFFAOYSA-N,CSGRUBUTNNAYGE,eligible,274.433,3.944,15.27,1,3,5,19,2,0.888,0,1,1
LIB_CSGZCYPSSIETMO,ChEMBL,CHEMBL106028,CHEMBL106028,https://www.ebi.ac.uk/chembl/compound_report_card/CHEMBL106028/,CCN1CCC=C(c2csc(N)n2)C1,CCN1CCC=C(c2csc(N)n2)C1,CCN1CCC=C(c2csc(N)n2)C1,CSGZCYPSSIETMO-UHFFFAOYSA-N,CSGZCYPSSIETMO,eligible,209.318,1.834,42.15,1,4,2,14,2,0.8078,0,1,1
LIB_CSHLDROHEKTAAF,ChEMBL,CHEMBL107512,CHEMBL107512,https://www.ebi.ac.uk/chembl/compound_report_card/CHEMBL107512/,O=C(C(=O)N1CCCCC1C(=O)N(CCCc1ccccc1)Cc1ccccc1)C1CCCCC1,O=C(C(=O)N1CCCCC1C(=O)N(CCCc1ccccc1)Cc1ccccc1)C1CCCCC1,O=C(C(=O)N1CCCCC1C(=O)N(CCCc1ccccc1)Cc1ccccc1)C1CCCCC1,CSHLDROHEKTAAF-UHFFFAOYSA-N,CSHLDROHEKTAAF,eligible,474.645,5.179,57.69,0,3,9,35,4,0.4708,0,1,1
LIB_CSJPHDILIUKAKC,ChEMBL,CHEMBL1077570,CHEMBL1077570,https://www.ebi.ac.uk/chembl/compound_report_card/CHEMBL1077570/,CC1=CC(=O)[C@H]2C(C)(C)C[C@H](O)C[C@]2(C)[C@H]1CO,CC1=C(CO)[C@@]2(C)C[C@@H](O)CC(C)(C)C2C(=O)C1,CC1=C(CO)C2(C)CC(O)CC(C)(C)C2C(=O)C1,CSJPHDILIUKAKC-NXGPAIQASA-N,CSJPHDILIUKAKC,eligible,252.354,2.071,57.53,2,3,1,18,2,0.7024,0,1,1
LIB_CSJQHPSSYYSCPO,ChEMBL,CHEMBL105100,CHEMBL105100,https://www.ebi.ac.uk/chembl/compound_report_card/CHEMBL105100/,CCCn1c(=O)[nH]c(=O)c2[nH]c(C3CCCC3)nc21,CCCn1c(=O)[nH]c(=O)c2[nH]c(C3CCCC3)nc21,CCCn1c(=O)[nH]c(=O)c2[nH]c(C3CCCC3)nc21,CSJQHPSSYYSCPO-UHFFFAOYSA-N,CSJQHPSSYYSCPO,eligible,262.313,1.48,83.54,2,3,3,19,3,0.8784,0,1,1
LIB_CSLAYQPCODEDRC,ChEMBL,CHEMBL1085365,CHEMBL1085365,https://www.ebi.ac.uk/chembl/compound_report_card/CHEMBL1085365/,CNC(=O)c1nc(Cc2ccc(F)cc2)n(C)c(=O)c1O,CNC(=O)c1nc(Cc2ccc(F)cc2)n(C)c(=O)c1O,CNC(=O)c1nc(Cc2ccc(F)cc2)n(C)c(=O)c1O,CSLAYQPCODEDRC-UHFFFAOYSA-N,CSLAYQPCODEDRC,eligible,291.282,0.575,84.22,2,4,3,21,2,0.8659,0,1,1
LIB_CSLYGYKGVZKOAV,ChEMBL,CHEMBL106150,CHEMBL106150,https://www.ebi.ac.uk/chembl/compound_report_card/CHEMBL106150/,CCCCCCCS(=O)(=O)Nc1ccc(Nc2c3ccccc3nc3cc(NC(C)=O)ccc23)c(OC)c1,CCCCCCCS(=O)(=O)Nc1ccc(Nc2c3ccccc3nc3cc(NC(C)=O)ccc23)c(OC)c1,CCCCCCCS(=O)(=O)Nc1ccc(Nc2c3ccccc3nc3cc(NC(C)=O)ccc23)c(OC)c1,CSLYGYKGVZKOAV-UHFFFAOYSA-N,CSLYGYKGVZKOAV,eligible,534.682,6.811,109.42,3,6,12,38,4,0.136,0,1,1
LIB_CSMFVDUQGIWIFR,ChEMBL,CHEMBL100842,CHEMBL100842,https://www.ebi.ac.uk/chembl/compound_report_card/CHEMBL100842/,O=C1c2ccc(CCCCc3ccccc3)cc2CCN1O,O=C1c2ccc(CCCCc3ccccc3)cc2CCN1O,O=C1c2ccc(CCCCc3ccccc3)cc2CCN1O,CSMFVDUQGIWIFR-UHFFFAOYSA-N,CSMFVDUQGIWIFR,eligible,295.382,3.64,40.54,1,2,5,22,3,0.6756,0,1,1
LIB_CSOBIBXVIYAXFM,ChEMBL,CHEMBL4594287,CHEMBL4594287,https://www.ebi.ac.uk/chembl/compound_report_card/CHEMBL4594287/,COc1cc2c(cc1OC)-c1c/c(=N\c3c(C)cc(C)cc3C)n(CCNC(N)=O)c(=O)n1CC2,COc1cc2c(cc1OC)-c1cc(=Nc3c(C)cc(C)cc3C)n(CCNC(N)=O)c(=O)n1CC2,COc1cc2c(cc1OC)-c1cc(=Nc3c(C)cc(C)cc3C)n(CCNC(N)=O)c(=O)n1CC2,CSOBIBXVIYAXFM-UHFFFAOYSA-N,CSOBIBXVIYAXFM,eligible,477.565,2.716,112.87,2,5,6,35,4,0.5683,0,1,1
LIB_CSOBUEUUYKBEQP,ChEMBL,CHEMBL1080690,CHEMBL1080690,https://www.ebi.ac.uk/chembl/compound_report_card/CHEMBL1080690/,CC12CCCC(/C1=N\O)C(c1cccc(F)c1)NC2c1cccc(F)c1,CC12CCCC(C1=NO)C(c1cccc(F)c1)NC2c1cccc(F)c1,CC12CCCC(C1=NO)C(c1cccc(F)c1)NC2c1cccc(F)c1,CSOBUEUUYKBEQP-UHFFFAOYSA-N,CSOBUEUUYKBEQP,eligible,356.416,4.987,44.62,2,3,2,26,4,0.5883,0,1,1
LIB_CSPXVGUFACQACL,ChEMBL,CHEMBL100285,CHEMBL100285,https://www.ebi.ac.uk/chembl/compound_report_card/CHEMBL100285/,Nc1nc(O)c2nc(COC(=O)c3ccc(C4(C(F)(F)F)N=N4)cc3)cnc2n1,Nc1nc(=O)c2nc(COC(=O)c3ccc(C4(C(F)(F)F)N=N4)cc3)cnc2[nH]1,Nc1nc(=O)c2nc(COC(=O)c3ccc(C4(C(F)(F)F)N=N4)cc3)cnc2[nH]1,CSPXVGUFACQACL-UHFFFAOYSA-N,CSPXVGUFACQACL,eligible,405.296,1.833,148.57,2,9,4,29,4,0.6291,0,1,1
LIB_CSRFTKVNOYYJEY,ChEMBL,CHEMBL106233,CHEMBL106233,https://www.ebi.ac.uk/chembl/compound_report_card/CHEMBL106233/,CC(C)(C)[C@H](NC(=O)[C@H](Cc1ccc2ncccc2c1)[C@H](O)C(=O)NO)C(N)=O,CC(C)(C)C(NC(=O)C(Cc1ccc2ncccc2c1)C(O)C(O)=NO)C(N)=O,CC(C)(C)C(NC(=O)C(Cc1ccc2ncccc2c1)C(O)C(O)=NO)C(N)=O,CSRFTKVNOYYJEY-UHFFFAOYSA-N,CSRFTKVNOYYJEY,eligible,402.451,1.116,158.13,5,6,7,29,2,0.202,0,1,1
LIB_CSRQEOZYFKMLKK,ChEMBL,CHEMBL107576,CHEMBL107576,https://www.ebi.ac.uk/chembl/compound_report_card/CHEMBL107576/,CNc1ccc2c(Nc3ccc(NS(C)(=O)=O)cc3OC)c3ccccc3nc2c1,CNc1ccc2c(Nc3ccc(NS(C)(=O)=O)cc3OC)c3ccccc3nc2c1,CNc1ccc2c(Nc3ccc(NS(C)(=O)=O)cc3OC)c3ccccc3nc2c1,CSRQEOZYFKMLKK-UHFFFAOYSA-N,CSRQEOZYFKMLKK,eligible,422.51,4.553,92.35,3,6,6,30,4,0.3948,0,1,1
LIB_CSSIEKSJKHATNS,ChEMBL,CHEMBL101490,CHEMBL101490,https://www.ebi.ac.uk/chembl/compound_report_card/CHEMBL101490/,CON1CCN2Cc3[nH]c4ccccc4c3CC2C1,CON1CCN2Cc3[nH]c4ccccc4c3CC2C1,CON1CCN2Cc3[nH]c4ccccc4c3CC2C1,CSSIEKSJKHATNS-UHFFFAOYSA-N,CSSIEKSJKHATNS,eligible,257.337,1.772,31.5,1,3,1,19,4,0.8446,0,1,1
LIB_CSTMINJJBKWREH,ChEMBL,CHEMBL105607,CHEMBL105607,https://www.ebi.ac.uk/chembl/compound_report_card/CHEMBL105607/,NS(=O)(=O)c1ccc(SCCCO)c(Cl)c1,NS(=O)(=O)c1ccc(SCCCO)c(Cl)c1,NS(=O)(=O)c1ccc(SCCCO)c(Cl)c1,CSTMINJJBKWREH-UHFFFAOYSA-N,CSTMINJJBKWREH,eligible,281.786,1.462,80.39,2,4,5,16,1,0.6325,0,1,1
LIB_CSUCJFGSUDYCQF,ChEMBL,CHEMBL1079449,CHEMBL1079449,https://www.ebi.ac.uk/chembl/compound_report_card/CHEMBL1079449/,COc1ccc(-c2nc(COc3ccc(OCC(=O)O)c(C)c3)sc2-c2ccc3ccccc3c2)cc1,COc1ccc(-c2nc(COc3ccc(OCC(=O)O)c(C)c3)sc2-c2ccc3ccccc3c2)cc1,COc1ccc(-c2nc(COc3ccc(OCC(=O)O)c(C)c3)sc2-c2ccc3ccccc3c2)cc1,CSUCJFGSUDYCQF-UHFFFAOYSA-N,CSUCJFGSUDYCQF,eligible,511.599,6.99,77.88,1,6,9,37,5,0.2298,0,1,1
LIB_CSUSVRGINZAUKG,ChEMBL,CHEMBL1077568,CHEMBL1077568,https://www.ebi.ac.uk/chembl/compound_report_card/CHEMBL1077568/,COC(=O)c1cn(CCN([C@@]2(C(=O)O)C[C@@H]2c2ccccc2)S(=O)(=O)c2ccc(-c3ccc(Cl)cc3)cc2)cn1.Cl,COC(=O)c1cn(CCN([C@@]2(C(=O)O)C[C@@H]2c2ccccc2)S(=O)(=O)c2ccc(-c3ccc(Cl)cc3)cc2)cn1,COC(=O)c1cn(CCN(C2(C(=O)O)CC2c2ccccc2)S(=O)(=O)c2ccc(-c3ccc(Cl)cc3)cc2)cn1,CSUSVRGINZAUKG-IRPSRAIASA-N,CSUSVRGINZAUKG,eligible,580.062,4.692,118.8,1,6,10,40,5,0.2707,0,1,1
LIB_CSVZXKBRHVOTGD,ChEMBL,CHEMBL106640,CHEMBL106640,https://www.ebi.ac.uk/chembl/compound_report_card/CHEMBL106640/,CCCCCCS(=O)(=O)Nc1ccc(Nc2c3ccccc3nc3cc([N+](=O)[O-])ccc23)c(OC)c1,CCCCCCS(=O)(=O)Nc1ccc(Nc2c3ccccc3nc3cc([N+](=O)[O-])ccc23)c(OC)c1,CCCCCCS(=O)(=O)Nc1ccc(Nc2c3ccccc3nc3cc([N+](=O)[O-])ccc23)c(OC)c1,CSVZXKBRHVOTGD-UHFFFAOYSA-N,CSVZXKBRHVOTGD,eligible,508.6,6.37,123.46,2,7,11,36,4,0.1044,0,1,1
LIB_CSWQJKHBMACTGB,ChEMBL,CHEMBL104166,CHEMBL104166,https://www.ebi.ac.uk/chembl/compound_report_card/CHEMBL104166/,N=C(N)c1ccc2cc(C(=O)Nc3ccc(CN)cc3)cc(Nc3ncccn3)c2c1,N=C(N)c1ccc2cc(C(=O)Nc3ccc(CN)cc3)cc(Nc3ncccn3)c2c1,N=C(N)c1ccc2cc(C(=O)Nc3ccc(CN)cc3)cc(Nc3ncccn3)c2c1,CSWQJKHBMACTGB-UHFFFAOYSA-N,CSWQJKHBMACTGB,eligible,411.469,3.368,142.8,5,6,6,31,4,0.2431,0,1,1
LIB_CSYDLWAKOSNOAE,ChEMBL,CHEMBL106302,CHEMBL106302,https://www.ebi.ac.uk/chembl/compound_report_card/CHEMBL106302/,CC1(C)OC(=O)C(Oc2cc(F)cc(F)c2)=C1c1ccc(S(C)(=O)=O)cc1,CC1(C)OC(=O)C(Oc2cc(F)cc(F)c2)=C1c1ccc(S(C)(=O)=O)cc1,CC1(C)OC(=O)C(Oc2cc(F)cc(F)c2)=C1c1ccc(S(C)(=O)=O)cc1,CSYDLWAKOSNOAE-UHFFFAOYSA-N,CSYDLWAKOSNOAE,eligible,394.395,3.494,69.67,0,5,4,27,3,0.7428,0,1,1
LIB_CSYGIPIOQSVIRG,ChEMBL,CHEMBL1086870,CHEMBL1086870,https://www.ebi.ac.uk/chembl/compound_report_card/CHEMBL1086870/,NC(=O)c1cccc(-c2cnn3c(-c4cccc(NC(=O)c5cccc(C(F)(F)F)c5)c4)ccnc23)c1,NC(=O)c1cccc(-c2cnn3c(-c4cccc(NC(=O)c5cccc(C(F)(F)F)c5)c4)ccnc23)c1,NC(=O)c1cccc(-c2cnn3c(-c4cccc(NC(=O)c5cccc(C(F)(F)F)c5)c4)ccnc23)c1,CSYGIPIOQSVIRG-UHFFFAOYSA-N,CSYGIPIOQSVIRG,eligible,501.468,5.433,102.38,2,4,5,37,5,0.3351,0,1,1
LIB_CSZPDTDNMRUCDU,ChEMBL,CHEMBL1077662,CHEMBL1077662;CHEMBL1081168,https://www.ebi.ac.uk/chembl/compound_report_card/CHEMBL1077662/,Cl.N#C[C@@H]1CSCN1C(=O)CN(N)C1CCN(CC(=O)NC2CC2)CC1,N#C[C@@H]1CSCN1C(=O)CN(N)C1CCN(CC(=O)NC2CC2)CC1,N#CC1CSCN1C(=O)CN(N)C1CCN(CC(=O)NC2CC2)CC1,CSZPDTDNMRUCDU-CQSZACIVSA-N,CSZPDTDNMRUCDU,eligible,366.491,-0.67,105.7,2,7,6,25,3,0.4743,0,2,1
LIB_CTANMDRPZQDKDO,ChEMBL,CHEMBL10843,CHEMBL10843,https://www.ebi.ac.uk/chembl/compound_report_card/CHEMBL10843/,COc1ccc(C2(O)OC(=O)C(c3ccc4c(c3)OCO4)=C2CC2CCCC2)cc1,COc1ccc(C2(O)OC(=O)C(c3ccc4c(c3)OCO4)=C2CC2CCCC2)cc1,COc1ccc(C2(O)OC(=O)C(c3ccc4c(c3)OCO4)=C2CC2CCCC2)cc1,CTANMDRPZQDKDO-UHFFFAOYSA-N,CTANMDRPZQDKDO,eligible,408.45,4.16,74.22,1,6,5,30,5,0.7492,0,1,1
LIB_CTBAIXMGKDLRMD,ChEMBL,CHEMBL1080640,CHEMBL1080640,https://www.ebi.ac.uk/chembl/compound_report_card/CHEMBL1080640/,COc1ccc(C)cc1NC(=O)Nc1cccc(-c2cn3ccnc3c(NCc3ccncc3)n2)c1,COc1ccc(C)cc1NC(=O)Nc1cccc(-c2cn3ccnc3c(NCc3ccncc3)n2)c1,COc1ccc(C)cc1NC(=O)Nc1cccc(-c2cn3ccnc3c(NCc3ccncc3)n2)c1,CTBAIXMGKDLRMD-UHFFFAOYSA-N,CTBAIXMGKDLRMD,eligible,479.544,5.364,105.47,3,6,7,36,5,0.2901,0,1,1
LIB_CTBHJRJNGBRBTD,ChEMBL,CHEMBL1078948,CHEMBL1078948,https://www.ebi.ac.uk/chembl/compound_report_card/CHEMBL1078948/,CC(N)Cc1ccc(SC(C)(C)C)cc1,CC(N)Cc1ccc(SC(C)(C)C)cc1,CC(N)Cc1ccc(SC(C)(C)C)cc1,CTBHJRJNGBRBTD-UHFFFAOYSA-N,CTBHJRJNGBRBTD,eligible,223.385,3.467,26.02,1,2,3,15,1,0.7941,0,1,1
LIB_CTDHTDSQJRNGSL,ChEMBL,CHEMBL1077238,CHEMBL1077238,https://www.ebi.ac.uk/chembl/compound_report_card/CHEMBL1077238/,O=C(Cn1cnc2ccccc2c1=O)Nc1ccc(CCNC[C@H](O)c2cccnc2)cc1,O=C(Cn1cnc2ccccc2c1=O)Nc1ccc(CCNC[C@H](O)c2cccnc2)cc1,O=C(Cn1cnc2ccccc2c1=O)Nc1ccc(CCNCC(O)c2cccnc2)cc1,CTDHTDSQJRNGSL-QHCPKHFHSA-N,CTDHTDSQJRNGSL,eligible,443.507,2.296,109.14,3,6,9,33,4,0.3426,0,1,1
LIB_CTETYYAZBPJBHE,ChEMBL,CHEMBL1289,CHEMBL1289,https://www.ebi.ac.uk/chembl/compound_report_card/CHEMBL1289/,Clc1cc(Cl)c(OCC#CI)cc1Cl,Clc1cc(Cl)c(OCC#CI)cc1Cl,Clc1cc(Cl)c(OCC#CI)cc1Cl,CTETYYAZBPJBHE-UHFFFAOYSA-N,CTETYYAZBPJBHE,eligible,361.393,4.422,9.23,0,1,2,14,1,0.4304,0,1,1
LIB_CTFFKFYWSOSIAA,ChEMBL,CHEMBL21869,CHEMBL21869,https://www.ebi.ac.uk/chembl/compound_report_card/CHEMBL21869/,O=C(Nc1ccc(Br)cc1)c1cc(Br)ccc1O,O=C(Nc1ccc(Br)cc1)c1cc(Br)ccc1O,O=C(Nc1ccc(Br)cc1)c1cc(Br)ccc1O,CTFFKFYWSOSIAA-UHFFFAOYSA-N,CTFFKFYWSOSIAA,eligible,371.028,4.17,49.33,2,2,2,18,2,0.8329,0,1,1
LIB_CTFHVLQBPBPOLM,ChEMBL,CHEMBL1086270,CHEMBL1086270,https://www.ebi.ac.uk/chembl/compound_report_card/CHEMBL1086270/,O=C(NCc1ccncc1)c1ccccc1-c1ccc2ccccc2c1,O=C(NCc1ccncc1)c1ccccc1-c1ccc2ccccc2c1,O=C(NCc1ccncc1)c1ccccc1-c1ccc2ccccc2c1,CTFHVLQBPBPOLM-UHFFFAOYSA-N,CTFHVLQBPBPOLM,eligible,338.41,4.832,41.99,1,2,4,26,4,0.5788,0,1,1
LIB_CTGVHCTYDMPYSW,ChEMBL,CHEMBL1078653,CHEMBL1078653,https://www.ebi.ac.uk/chembl/compound_report_card/CHEMBL1078653/,CCCNC(=O)N(C1CC1)[C@H]1CC[C@H]2[C@@H]3CC[C@H]4N(C)C(=O)CC[C@]4(C)[C@H]3CC[C@]12C,CCCNC(=O)N(C1CC1)[C@H]1CC[C@H]2[C@@H]3CC[C@H]4N(C)C(=O)CC[C@]4(C)[C@H]3CC[C@]12C,CCCNC(=O)N(C1CC1)C1CCC2C3CCC4N(C)C(=O)CCC4(C)C3CCC21C,CTGVHCTYDMPYSW-LPMWSONSSA-N,CTGVHCTYDMPYSW,eligible,429.649,4.802,52.65,1,2,4,31,5,0.6977,0,1,1
LIB_CTHFSMGTKMPAKM,ChEMBL,CHEMBL105971,CHEMBL105971,https://www.ebi.ac.uk/chembl/compound_report_card/CHEMBL105971/,CC(NC(CCc1cccc2ccccc12)C(=O)O)C(=O)N1CCCC1C(=O)O,CC(NC(CCc1cccc2ccccc12)C(=O)O)C(=O)N1CCCC1C(=O)O,CC(NC(CCc1cccc2ccccc12)C(=O)O)C(=O)N1CCCC1C(=O)O,CTHFSMGTKMPAKM-UHFFFAOYSA-N,CTHFSMGTKMPAKM,eligible,398.459,2.279,106.94,3,4,8,29,3,0.6298,0,1,1
LIB_CTIACGJEVAASBD,ChEMBL,CHEMBL1084000,CHEMBL1084000,https://www.ebi.ac.uk/chembl/compound_report_card/CHEMBL1084000/,CN(C)CCCCc1ccc(C2(C)COC2)cc1,CN(C)CCCCc1ccc(C2(C)COC2)cc1,CN(C)CCCCc1ccc(C2(C)COC2)cc1,CTIACGJEVAASBD-UHFFFAOYSA-N,CTIACGJEVAASBD,eligible,247.382,2.859,12.47,0,2,6,18,2,0.7167,0,1,1
LIB_CTJKYRODXZKJFT,ChEMBL,CHEMBL102674,CHEMBL102674,https://www.ebi.ac.uk/chembl/compound_report_card/CHEMBL102674/,O=C(O)CN1C[C@H](CN2CCC(O)(CCCc3ccccc3)CC2)[C@@H](c2ccccc2)C1,O=C(O)CN1C[C@H](CN2CCC(O)(CCCc3ccccc3)CC2)[C@@H](c2ccccc2)C1,O=C(O)CN1CC(CN2CCC(O)(CCCc3ccccc3)CC2)C(c2ccccc2)C1,CTJKYRODXZKJFT-LOSJGSFVSA-N,CTJKYRODXZKJFT,eligible,436.596,3.636,64.01,2,4,9,32,4,0.6285,0,1,1
LIB_CTJNUYUAFSNTME,ChEMBL,CHEMBL1086081,CHEMBL1086081,https://www.ebi.ac.uk/chembl/compound_report_card/CHEMBL1086081/,CCc1ccc(-c2csc(NC(=O)Cn3cnc4c3c(=O)n(C)c(=O)n4C)n2)cc1,CCc1ccc(-c2csc(NC(=O)Cn3cnc4c3c(=O)n(C)c(=O)n4C)n2)cc1,CCc1ccc(-c2csc(NC(=O)Cn3cnc4c3c(=O)n(C)c(=O)n4C)n2)cc1,CTJNUYUAFSNTME-UHFFFAOYSA-N,CTJNUYUAFSNTME,eligible,424.486,1.758,103.81,1,6,5,30,4,0.5258,0,1,1
LIB_CTJUVPHBVVMJHR,ChEMBL,CHEMBL1077321,CHEMBL1077321,https://www.ebi.ac.uk/chembl/compound_report_card/CHEMBL1077321/,O=C(N[C@@H](Cc1c[nH]c2ccc(O)cc12)c1cscn1)c1ccc2c(c1)nc(-c1ccccn1)n2C1CCCCC1,O=C(N[C@@H](Cc1c[nH]c2ccc(O)cc12)c1cscn1)c1ccc2c(c1)nc(-c1ccccn1)n2C1CCCCC1,O=C(NC(Cc1c[nH]c2ccc(O)cc12)c1cscn1)c1ccc2c(c1)nc(-c1ccccn1)n2C1CCCCC1,CTJUVPHBVVMJHR-MHZLTWQESA-N,CTJUVPHBVVMJHR,eligible,562.699,6.961,108.72,3,6,7,41,7,0.1949,0,1,1
LIB_CTLYRQFCRXEEEL,ChEMBL,CHEMBL107870,CHEMBL107870,https://www.ebi.ac.uk/chembl/compound_report_card/CHEMBL107870/,CN(CCCN(C)Cc1ccc(Cl)c(Cl)c1)CCN1CCCC1,CN(CCCN(C)Cc1ccc(Cl)c(Cl)c1)CCN1CCCC1,CN(CCCN(C)Cc1ccc(Cl)c(Cl)c1)CCN1CCCC1,CTLYRQFCRXEEEL-UHFFFAOYSA-N,CTLYRQFCRXEEEL,eligible,358.357,3.843,9.72,0,3,9,23,2,0.6641,0,1,1
LIB_CTNLAWPZTWOXIY,ChEMBL,CHEMBL107954,CHEMBL107954,https://www.ebi.ac.uk/chembl/compound_report_card/CHEMBL107954/,CC(=O)Nc1ccc(C2=NC(C(=O)NO)CO2)cc1,CC(=O)Nc1ccc(C2=NC(C(O)=NO)CO2)cc1,CC(=O)Nc1ccc(C2=NC(C(O)=NO)CO2)cc1,CTNLAWPZTWOXIY-UHFFFAOYSA-N,CTNLAWPZTWOXIY,eligible,263.253,1.136,103.51,3,5,3,19,2,0.329,0,1,1
LIB_CTPKVFHCCFZNDJ,ChEMBL,CHEMBL1083163,CHEMBL1083163,https://www.ebi.ac.uk/chembl/compound_report_card/CHEMBL1083163/,CCCc1ncc2c(OC)nc3ccc(OC)nc3n12,CCCc1ncc2c(OC)nc3ccc(OC)nc3n12,CCCc1ncc2c(OC)nc3ccc(OC)nc3n12,CTPKVFHCCFZNDJ-UHFFFAOYSA-N,CTPKVFHCCFZNDJ,eligible,272.308,2.247,61.54,0,5,4,20,3,0.7286,0,1,1
LIB_CTPYFTNPLZWCEW,ChEMBL,CHEMBL1080479,CHEMBL1080479,https://www.ebi.ac.uk/chembl/compound_report_card/CHEMBL1080479/,Cc1cc(NC(=O)Nc2cccc(-c3ncn(C)c3-c3cc4c(N)ncnc4s3)c2)on1,Cc1cc(NC(=O)Nc2cccc(-c3ncn(C)c3-c3cc4c(N)ncnc4s3)c2)on1,Cc1cc(NC(=O)Nc2cccc(-c3ncn(C)c3-c3cc4c(N)ncnc4s3)c2)on1,CTPYFTNPLZWCEW-UHFFFAOYSA-N,CTPYFTNPLZWCEW,eligible,446.496,4.281,136.78,3,8,4,32,5,0.3746,0,1,1
LIB_CTQQSZNYLQIYHA,ChEMBL,CHEMBL1082610,CHEMBL1082610,https://www.ebi.ac.uk/chembl/compound_report_card/CHEMBL1082610/,Cc1noc(C)c1CN1C(c2c(C)n(CC(=O)O)c3ccccc23)CCS1(=O)=O,Cc1noc(C)c1CN1C(c2c(C)n(CC(=O)O)c3ccccc23)CCS1(=O)=O,Cc1noc(C)c1CN1C(c2c(C)n(CC(=O)O)c3ccccc23)CCS1(=O)=O,CTQQSZNYLQIYHA-UHFFFAOYSA-N,CTQQSZNYLQIYHA,eligible,417.487,2.916,105.64,1,5,5,29,4,0.6842,0,1,1
LIB_CTQVZKICLKJBDP,ChEMBL,CHEMBL105935,CHEMBL105935,https://www.ebi.ac.uk/chembl/compound_report_card/CHEMBL105935/,CC(C)c1cc(C(C)C)c(S(=O)(=O)NC(Cc2cccc(C(=N)N)c2)C(=O)N2CCN(C)CC2)c(C(C)C)c1,CC(C)c1cc(C(C)C)c(S(=O)(=O)NC(Cc2cccc(C(=N)N)c2)C(=O)N2CCN(C)CC2)c(C(C)C)c1,CC(C)c1cc(C(C)C)c(S(=O)(=O)NC(Cc2cccc(C(=N)N)c2)C(=O)N2CCN(C)CC2)c(C(C)C)c1,CTQVZKICLKJBDP-UHFFFAOYSA-N,CTQVZKICLKJBDP,eligible,555.789,4.004,119.59,3,5,10,39,3,0.3024,0,1,1
LIB_CTRLABGOLIVAIY,ChEMBL,CHEMBL1068,CHEMBL1068,https://www.ebi.ac.uk/chembl/compound_report_card/CHEMBL1068/,NC(=O)N1c2ccccc2CC(=O)c2ccccc21,NC(=O)N1c2ccccc2CC(=O)c2ccccc21,NC(=O)N1c2ccccc2CC(=O)c2ccccc21,CTRLABGOLIVAIY-UHFFFAOYSA-N,CTRLABGOLIVAIY,eligible,252.273,2.642,63.4,1,2,0,19,3,0.783,0,1,1
LIB_CTRQZHLDFMECBD,ChEMBL,CHEMBL1084800,CHEMBL1084800,https://www.ebi.ac.uk/chembl/compound_report_card/CHEMBL1084800/,O=C(Nc1cc2cc[nH]c(=O)c2cc1Cl)C1CNCC1c1cccc(OC(F)(F)F)c1,O=C(Nc1cc2cc[nH]c(=O)c2cc1Cl)C1CNCC1c1cccc(OC(F)(F)F)c1,O=C(Nc1cc2cc[nH]c(=O)c2cc1Cl)C1CNCC1c1cccc(OC(F)(F)F)c1,CTRQZHLDFMECBD-UHFFFAOYSA-N,CTRQZHLDFMECBD,eligible,451.832,4.022,83.22,3,4,4,31,4,0.5592,0,1,1
LIB_CTSQWFSZJSMAAW,ChEMBL,CHEMBL108570,CHEMBL108570,https://www.ebi.ac.uk/chembl/compound_report_card/CHEMBL108570/,O=C1c2ccccc2C(=O)c2c(NCC(Br)CO)ccc(NCC(Br)CO)c21,O=C1c2ccccc2C(=O)c2c(NCC(Br)CO)ccc(NCC(Br)CO)c21,O=C1c2ccccc2C(=O)c2c(NCC(Br)CO)ccc(NCC(Br)CO)c21,CTSQWFSZJSMAAW-UHFFFAOYSA-N,CTSQWFSZJSMAAW,eligible,512.198,2.797,98.66,4,6,8,28,3,0.347,0,1,1
LIB_CTUHONHSSVIYTN,ChEMBL,CHEMBL1079088,CHEMBL1079088,https://www.ebi.ac.uk/chembl/compound_report_card/CHEMBL1079088/,Cc1ccc2c(c1)-c1ncnn1Cc1c(Cl)ncn1-2,Cc1ccc2c(c1)-c1ncnn1Cc1c(Cl)ncn1-2,Cc1ccc2c(c1)-c1ncnn1Cc1c(Cl)ncn1-2,CTUHONHSSVIYTN-UHFFFAOYSA-N,CTUHONHSSVIYTN,eligible,271.711,2.454,48.53,0,3,0,19,4,0.4935,0,1,1
LIB_CTVOUZCAVOYMDW,ChEMBL,CHEMBL108327,CHEMBL108327,https://www.ebi.ac.uk/chembl/compound_report_card/CHEMBL108327/,O=C([O-])c1c2c(nc3ccc(F)cc13)-c1ccc(-c3ccccc3)cc1S(=O)(=O)C2.[Na+],O=C(O)c1c2c(nc3ccc(F)cc13)-c1ccc(-c3ccccc3)cc1S(=O)(=O)C2,O=C(O)c1c2c(nc3ccc(F)cc13)-c1ccc(-c3ccccc3)cc1S(=O)(=O)C2,CTVOUZCAVOYMDW-UHFFFAOYSA-N,CTVOUZCAVOYMDW,eligible,419.433,4.693,84.33,1,4,2,30,5,0.5094,0,1,1
LIB_CTXGJRFJRXAXFE,ChEMBL,CHEMBL108400,CHEMBL108400,https://www.ebi.ac.uk/chembl/compound_report_card/CHEMBL108400/,O=C1NCC2=C1C(c1ccc(F)c(Br)c1)C1=C(O)COCC1=N2,O=C1COCC2=C1C(c1ccc(F)c(Br)c1)C1C(=O)NCC1=N2,O=C1COCC2=C1C(c1ccc(F)c(Br)c1)C1C(=O)NCC1=N2,CTXGJRFJRXAXFE-UHFFFAOYSA-N,CTXGJRFJRXAXFE,eligible,379.185,1.726,67.76,1,4,1,23,4,0.8084,0,1,1
LIB_CUALSCXJKZLMNQ,ChEMBL,CHEMBL10535,CHEMBL10535,https://www.ebi.ac.uk/chembl/compound_report_card/CHEMBL10535/,O=C(/C=C/C(Cl)=C/c1ccccc1)C1=C(O)CNC1=O,O=C(C=CC(Cl)=Cc1ccccc1)c1c(O)c[nH]c1O,O=C(C=CC(Cl)=Cc1ccccc1)c1c(O)c[nH]c1O,CUALSCXJKZLMNQ-UHFFFAOYSA-N,CUALSCXJKZLMNQ,eligible,289.718,3.445,73.32,3,3,4,20,2,0.4584,0,1,1
LIB_CUBQYMMSOMSUSQ,ChEMBL,CHEMBL105657,CHEMBL105657,https://www.ebi.ac.uk/chembl/compound_report_card/CHEMBL105657/,COC(=O)c1ccc(Cl)c(NC(=O)c2cnc3c(n2)C(C)(C)CC3(C)C)c1,COC(=O)c1ccc(Cl)c(NC(=O)c2cnc3c(n2)C(C)(C)CC3(C)C)c1,COC(=O)c1ccc(Cl)c(NC(=O)c2cnc3c(n2)C(C)(C)CC3(C)C)c1,CUBQYMMSOMSUSQ-UHFFFAOYSA-N,CUBQYMMSOMSUSQ,eligible,387.867,4.128,81.18,1,5,3,27,3,0.8006,0,1,1
LIB_CUCFNRCZJOPOQI,ChEMBL,CHEMBL1081332,CHEMBL1081332,https://www.ebi.ac.uk/chembl/compound_report_card/CHEMBL1081332/,C=C1[C@@H]2CC(=O)[C@H]3[C@]45C=CC[C@@](C)(CO)[C@H]4[C@H](O)[C@](O)(OC5)[C@]3(C2)[C@@H]1O,C=C1[C@@H]2CC(=O)[C@H]3[C@]45C=CC[C@@](C)(CO)[C@H]4[C@H](O)[C@](O)(OC5)[C@]3(C2)[C@@H]1O,C=C1C2CC(=O)C3C45C=CCC(C)(CO)C4C(O)C(O)(OC5)C3(C2)C1O,CUCFNRCZJOPOQI-HGHYNIDZSA-N,CUCFNRCZJOPOQI,eligible,362.422,0.153,107.22,4,6,1,26,6,0.495,0,1,1
LIB_CUCMIJQKFCWAPD,ChEMBL,CHEMBL1200759,CHEMBL1200759;CHEMBL760,https://www.ebi.ac.uk/chembl/compound_report_card/CHEMBL1200759/,Cl.O=C1CN2Cc3c(ccc(Cl)c3Cl)N=C2N1,Oc1cn2c(n1)Nc1ccc(Cl)c(Cl)c1C2,Oc1cn2c(n1)Nc1ccc(Cl)c(Cl)c1C2,CUCMIJQKFCWAPD-UHFFFAOYSA-N,CUCMIJQKFCWAPD,eligible,256.092,3.001,50.08,2,3,0,16,3,0.6496,0,2,1
LIB_CUECCDVQHUZATN,ChEMBL,CHEMBL1078034,CHEMBL1078034,https://www.ebi.ac.uk/chembl/compound_report_card/CHEMBL1078034/,NC(=O)[C@H](Cc1ccccc1)NC(=O)[C@H](Cc1ccc(O)cc1)NC(=O)CS,NC(=O)C(Cc1ccccc1)NC(=O)C(Cc1ccc(O)cc1)NC(=O)CS,NC(=O)C(Cc1ccccc1)NC(=O)C(Cc1ccc(O)cc1)NC(=O)CS,CUECCDVQHUZATN-UHFFFAOYSA-N,CUECCDVQHUZATN,eligible,401.488,0.562,121.52,5,5,9,28,2,0.3943,0,1,1
LIB_CUGFHMJSHGRNKK,ChEMBL,CHEMBL10539,CHEMBL10539,https://www.ebi.ac.uk/chembl/compound_report_card/CHEMBL10539/,CCN(CC)CCNC(=O)c1cc(Cl)c(NC(=O)COc2ccccc2)cc1OC,CCN(CC)CCNC(=O)c1cc(Cl)c(NC(=O)COc2ccccc2)cc1OC,CCN(CC)CCNC(=O)c1cc(Cl)c(NC(=O)COc2ccccc2)cc1OC,CUGFHMJSHGRNKK-UHFFFAOYSA-N,CUGFHMJSHGRNKK,eligible,433.936,3.438,79.9,2,5,11,30,2,0.5671,0,1,1
LIB_CUHVIMMYOGQXCV,ChEMBL,CHEMBL2106195,CHEMBL2106195;CHEMBL778,https://www.ebi.ac.uk/chembl/compound_report_card/CHEMBL2106195/,Cc1cccc([C@H](C)c2c[nH]cn2)c1C.Cl,Cc1cccc([C@H](C)c2c[nH]cn2)c1C,Cc1cccc(C(C)c2c[nH]cn2)c1C,CUHVIMMYOGQXCV-NSHDSACASA-N,CUHVIMMYOGQXCV,eligible,200.285,3.178,28.68,1,1,2,15,2,0.7921,0,2,1
LIB_CUIDVHMKFCRIHY,ChEMBL,CHEMBL104278,CHEMBL104278,https://www.ebi.ac.uk/chembl/compound_report_card/CHEMBL104278/,C[n+]1ccc(/C=C/c2cc3ccccc3c3ccccc23)cc1,C[n+]1ccc(/C=C/c2cc3ccccc3c3ccccc23)cc1,C[n+]1ccc(C=Cc2cc3ccccc3c3ccccc23)cc1,CUIDVHMKFCRIHY-ZHACJKMWSA-N,CUIDVHMKFCRIHY,eligible,296.393,4.988,3.88,0,0,2,23,4,0.3624,1,1,1
LIB_CUIHSIWYWATEQL,ChEMBL,CHEMBL1201733,CHEMBL1201733;CHEMBL477772,https://www.ebi.ac.uk/chembl/compound_report_card/CHEMBL1201733/,Cc1ccc(Nc2nccc(N(C)c3ccc4c(C)n(C)nc4c3)n2)cc1S(N)(=O)=O.Cl,Cc1ccc(Nc2nccc(N(C)c3ccc4c(C)n(C)nc4c3)n2)cc1S(N)(=O)=O,Cc1ccc(Nc2nccc(N(C)c3ccc4c(C)n(C)nc4c3)n2)cc1S(N)(=O)=O,CUIHSIWYWATEQL-UHFFFAOYSA-N,CUIHSIWYWATEQL,eligible,437.529,3.139,119.03,2,7,5,31,4,0.4922,0,2,1
LIB_CUILJUVWLOGVCM,ChEMBL,CHEMBL106598,CHEMBL106598,https://www.ebi.ac.uk/chembl/compound_report_card/CHEMBL106598/,O=C(CN1CCN(Cc2ccc(Cl)cc2)CC1)N1CCc2c(Cl)cccc21,O=C(CN1CCN(Cc2ccc(Cl)cc2)CC1)N1CCc2c(Cl)cccc21,O=C(CN1CCN(Cc2ccc(Cl)cc2)CC1)N1CCc2c(Cl)cccc21,CUILJUVWLOGVCM-UHFFFAOYSA-N,CUILJUVWLOGVCM,eligible,404.341,3.7,26.79,0,3,4,27,4,0.7778,0,1,1
LIB_CUIYZPCLAYEKMZ,ChEMBL,CHEMBL1082001,CHEMBL1082001,https://www.ebi.ac.uk/chembl/compound_report_card/CHEMBL1082001/,Nc1n[nH]c2nc(-c3ccco3)c(-c3ccncn3)cc12,Nc1[nH]nc2nc(-c3ccco3)c(-c3ccncn3)cc12,Nc1[nH]nc2nc(-c3ccco3)c(-c3ccncn3)cc12,CUIYZPCLAYEKMZ-UHFFFAOYSA-N,CUIYZPCLAYEKMZ,eligible,278.275,2.257,106.51,2,6,2,21,4,0.5821,0,1,1
LIB_CUJVKLOJXOTLLG,ChEMBL,CHEMBL1079748,CHEMBL1079748;CHEMBL1079749;CHEMBL1081912,https://www.ebi.ac.uk/chembl/compound_report_card/CHEMBL1079748/,CCCCCCC(C)NC(=O)OCCCc1c[nH]cn1,CCCCCCC(C)NC(=O)OCCCc1c[nH]cn1,CCCCCCC(C)NC(=O)OCCCc1c[nH]cn1,CUJVKLOJXOTLLG-UHFFFAOYSA-N,CUJVKLOJXOTLLG,eligible,281.4,3.427,67.01,2,3,10,20,1,0.6456,0,3,3
LIB_CUKJZQGQDICRML,ChEMBL,CHEMBL1079054,CHEMBL1079054,https://www.ebi.ac.uk/chembl/compound_report_card/CHEMBL1079054/,CC(C)[C@H](NC(=O)[C@H](CCC(=O)O)NC(=O)CS)C(N)=O,CC(C)C(NC(=O)C(CCC(=O)O)NC(=O)CS)C(N)=O,CC(C)C(NC(=O)C(CCC(=O)O)NC(=O)CS)C(N)=O,CUKJZQGQDICRML-UHFFFAOYSA-N,CUKJZQGQDICRML,eligible,319.383,-1.108,138.59,5,5,9,21,0,0.3431,0,1,1
LIB_CUKUPIDXNBKJFU,ChEMBL,CHEMBL106659,CHEMBL106659,https://www.ebi.ac.uk/chembl/compound_report_card/CHEMBL106659/,CCc1cc(C(C#CC2CC2)(OCC#N)C(F)(F)F)c(O)nc1C,CCc1cc(C(C#CC2CC2)(OCC#N)C(F)(F)F)c(=O)[nH]c1C,CCc1cc(C(C#CC2CC2)(OCC#N)C(F)(F)F)c(=O)[nH]c1C,CUKUPIDXNBKJFU-UHFFFAOYSA-N,CUKUPIDXNBKJFU,eligible,338.329,2.957,65.88,1,3,4,24,2,0.8586,0,1,1
LIB_CULUKMPMGVXCEI,ChEMBL,CHEMBL1085045,CHEMBL1085045,https://www.ebi.ac.uk/chembl/compound_report_card/CHEMBL1085045/,CN1C[C@@H]2C[C@H](C1)c1cccc(=O)n1C2,CN1CC2C[C@@H](C1)Cn1c2cccc1=O,CN1CC2CC(C1)c1cccc(=O)n1C2,CULUKMPMGVXCEI-RGURZIINSA-N,CULUKMPMGVXCEI,eligible,204.273,0.897,25.24,0,2,0,15,3,0.627,0,1,1
LIB_CULUWZNBISUWAS,ChEMBL,CHEMBL110,CHEMBL110,https://www.ebi.ac.uk/chembl/compound_report_card/CHEMBL110/,O=C(Cn1ccnc1[N+](=O)[O-])NCc1ccccc1,O=C(Cn1ccnc1[N+](=O)[O-])NCc1ccccc1,O=C(Cn1ccnc1[N+](=O)[O-])NCc1ccccc1,CULUWZNBISUWAS-UHFFFAOYSA-N,CULUWZNBISUWAS,eligible,260.253,1.108,90.06,1,4,5,19,2,0.6436,0,1,1
LIB_CULVKFDRUGXODF,ChEMBL,CHEMBL1081851,CHEMBL1081851,https://www.ebi.ac.uk/chembl/compound_report_card/CHEMBL1081851/,CCn1c(C(F)(F)c2cc(C)cc(C#N)c2)c(C(C)C)c(=O)[nH]c1=O,CCn1c(C(F)(F)c2cc(C)cc(C#N)c2)c(C(C)C)c(=O)[nH]c1=O,CCn1c(C(F)(F)c2cc(C)cc(C#N)c2)c(C(C)C)c(=O)[nH]c1=O,CULVKFDRUGXODF-UHFFFAOYSA-N,CULVKFDRUGXODF,eligible,347.365,3.0,78.65,1,3,4,25,2,0.9233,0,1,1
LIB_CUMOYQKOANCFEZ,ChEMBL,CHEMBL1085515,CHEMBL1085515,https://www.ebi.ac.uk/chembl/compound_report_card/CHEMBL1085515/,COc1ccc(-c2cnccn2)c2cc(C(=O)Nc3ccncc3)oc12,COc1ccc(-c2cnccn2)c2cc(C(=O)Nc3ccncc3)oc12,COc1ccc(-c2cnccn2)c2cc(C(=O)Nc3ccncc3)oc12,CUMOYQKOANCFEZ-UHFFFAOYSA-N,CUMOYQKOANCFEZ,eligible,346.346,3.546,90.14,1,6,4,26,4,0.6077,0,1,1
LIB_CUODURPWOISAGT,ChEMBL,CHEMBL103037,CHEMBL103037,https://www.ebi.ac.uk/chembl/compound_report_card/CHEMBL103037/,Cc1nc2cnccc2n1CC1CCN(C(=O)C(C)c2ccc(N)cc2)CC1,Cc1nc2cnccc2n1CC1CCN(C(=O)C(C)c2ccc(N)cc2)CC1,Cc1nc2cnccc2n1CC1CCN(C(=O)C(C)c2ccc(N)cc2)CC1,CUODURPWOISAGT-UHFFFAOYSA-N,CUODURPWOISAGT,eligible,377.492,3.364,77.04,1,4,4,28,4,0.7074,0,1,1
LIB_CUPRZGLGSKHKRQ,ChEMBL,CHEMBL107646,CHEMBL107646,https://www.ebi.ac.uk/chembl/compound_report_card/CHEMBL107646/,CCCn1c(=O)c2nc(C3CC4CCC3C4)[nH]c2n(CCCCC(=O)c2ccc(S(=O)(=O)F)cc2)c1=O,CCCn1c(=O)c2[nH]c(C3CC4CCC3C4)nc2n(CCCCC(=O)c2ccc(S(=O)(=O)F)cc2)c1=O,CCCn1c(=O)c2[nH]c(C3CC4CCC3C4)nc2n(CCCCC(=O)c2ccc(S(=O)(=O)F)cc2)c1=O,CUPRZGLGSKHKRQ-UHFFFAOYSA-N,CUPRZGLGSKHKRQ,eligible,530.622,3.911,123.89,1,6,10,37,5,0.2408,0,1,1
LIB_CURUTKGFNZGFSE,ChEMBL,CHEMBL1123,CHEMBL1123;CHEMBL1200479,https://www.ebi.ac.uk/chembl/compound_report_card/CHEMBL1123/,CCN(CC)CCOC(=O)C1(C2CCCCC2)CCCCC1,CCN(CC)CCOC(=O)C1(C2CCCCC2)CCCCC1,CCN(CC)CCOC(=O)C1(C2CCCCC2)CCCCC1,CURUTKGFNZGFSE-UHFFFAOYSA-N,CURUTKGFNZGFSE,eligible,309.494,4.402,29.54,0,3,7,22,2,0.6527,0,2,1
LIB_CUSJYXLJHWOVEL,ChEMBL,CHEMBL1079369,CHEMBL1079369,https://www.ebi.ac.uk/chembl/compound_report_card/CHEMBL1079369/,C/C=C(\CC[C@](C)(O)[C@H]1[C@@H](O)C[C@H]2[C@@H]3CCc4cc(O)ccc4[C@H]3CC[C@@]21C)C(C)C,C/C=C(\CC[C@](C)(O)[C@H]1[C@@H](O)C[C@H]2[C@@H]3CCc4cc(O)ccc4[C@H]3CC[C@@]21C)C(C)C,CC=C(CCC(C)(O)C1C(O)CC2C3CCc4cc(O)ccc4C3CCC21C)C(C)C,CUSJYXLJHWOVEL-NMDKGTOKSA-N,CUSJYXLJHWOVEL,eligible,426.641,5.969,60.69,3,3,5,31,4,0.5085,0,1,1
LIB_CUSOKRAHVMJAMY,ChEMBL,CHEMBL10311,CHEMBL10311,https://www.ebi.ac.uk/chembl/compound_report_card/CHEMBL10311/,OC(c1ccc(Cl)cc1)C(O)(Cn1cncn1)c1ccc(Cl)cc1Cl,OC(c1ccc(Cl)cc1)C(O)(Cn1cncn1)c1ccc(Cl)cc1Cl,OC(c1ccc(Cl)cc1)C(O)(Cn1cncn1)c1ccc(Cl)cc1Cl,CUSOKRAHVMJAMY-UHFFFAOYSA-N,CUSOKRAHVMJAMY,eligible,398.677,3.86,71.17,2,4,5,25,3,0.6844,0,1,1
LIB_CUTPENJABFLFPT,ChEMBL,CHEMBL108636,CHEMBL108636,https://www.ebi.ac.uk/chembl/compound_report_card/CHEMBL108636/,C=C[C@@]1(C)CCC=C2[C@H]1CC[C@@H]1[C@](C)(CO)CCC[C@@]21C,C=C[C@@]1(C)CCC=C2[C@H]1CC[C@@H]1[C@](C)(CO)CCC[C@@]21C,C=CC1(C)CCC=C2C1CCC1C(C)(CO)CCCC21C,CUTPENJABFLFPT-LGKHCZOZSA-N,CUTPENJABFLFPT,eligible,288.475,5.114,20.23,1,1,2,21,3,0.6997,0,1,1
LIB_CUURVHIMRYQQCQ,ChEMBL,CHEMBL104941,CHEMBL104941,https://www.ebi.ac.uk/chembl/compound_report_card/CHEMBL104941/,O=C1NC(=O)c2c1c1c3ccc(F)cc3[nH]c1c1c2c2cccc3c2n1CC(CO)C3,O=C1NC(=O)c2c1c1c3ccc(F)cc3[nH]c1c1c2c2cccc3c2n1CC(CO)C3,O=C1NC(=O)c2c1c1c3ccc(F)cc3[nH]c1c1c2c2cccc3c2n1CC(CO)C3,CUURVHIMRYQQCQ-UHFFFAOYSA-N,CUURVHIMRYQQCQ,eligible,413.408,3.616,87.12,3,3,1,31,7,0.367,0,1,1
LIB_CUUWIUIGLUIWLZ,ChEMBL,CHEMBL1085544,CHEMBL1085544,https://www.ebi.ac.uk/chembl/compound_report_card/CHEMBL1085544/,CC(C)Oc1ccc(Cc2cc([C@@H]3O[C@H](CO)[C@@H](O)[C@H](O)[C@H]3O)ccc2Cl)nn1,CC(C)Oc1ccc(Cc2cc([C@@H]3O[C@H](CO)[C@@H](O)[C@H](O)[C@H]3O)ccc2Cl)nn1,CC(C)Oc1ccc(Cc2cc(C3OC(CO)C(O)C(O)C3O)ccc2Cl)nn1,CUUWIUIGLUIWLZ-PKOFMYQESA-N,CUUWIUIGLUIWLZ,eligible,424.881,1.023,125.16,4,8,6,29,3,0.5414,0,1,1
LIB_CUVCFXBDBPAFQU,ChEMBL,CHEMBL1085739,CHEMBL1085739,https://www.ebi.ac.uk/chembl/compound_report_card/CHEMBL1085739/,CC1CC(CNC(=O)c2ccccc2-c2cccc(Cl)c2)CCN1,CC1CC(CNC(=O)c2ccccc2-c2cccc(Cl)c2)CCN1,CC1CC(CNC(=O)c2ccccc2-c2cccc(Cl)c2)CCN1,CUVCFXBDBPAFQU-UHFFFAOYSA-N,CUVCFXBDBPAFQU,eligible,342.87,4.125,41.13,2,2,4,24,3,0.8769,0,1,1
LIB_CUVRRTILZWEZCN,ChEMBL,CHEMBL1085398,CHEMBL1085398,https://www.ebi.ac.uk/chembl/compound_report_card/CHEMBL1085398/,Cc1onc(-c2ccccc2)c1-c1ccc2cc(CCN3CCC[C@H]3C)ccc2n1,Cc1onc(-c2ccccc2)c1-c1ccc2cc(CCN3CCC[C@H]3C)ccc2n1,Cc1onc(-c2ccccc2)c1-c1ccc2cc(CCN3CCCC3C)ccc2n1,CUVRRTILZWEZCN-GOSISDBHSA-N,CUVRRTILZWEZCN,eligible,397.522,5.892,42.16,0,4,5,30,5,0.4209,0,1,1
LIB_CUVVFQXOZYCYQL,ChEMBL,CHEMBL1082039,CHEMBL1082039,https://www.ebi.ac.uk/chembl/compound_report_card/CHEMBL1082039/,CCOc1cc(NCc2cccc(Nc3nc4ccccc4s3)c2)ccc1OC,CCOc1cc(NCc2cccc(Nc3nc4ccccc4s3)c2)ccc1OC,CCOc1cc(NCc2cccc(Nc3nc4ccccc4s3)c2)ccc1OC,CUVVFQXOZYCYQL-UHFFFAOYSA-N,CUVVFQXOZYCYQL,eligible,405.523,6.059,55.41,2,6,8,29,4,0.3731,0,1,1
LIB_CUYDHVPGXKUUEZ,ChEMBL,CHEMBL107277,CHEMBL107277,https://www.ebi.ac.uk/chembl/compound_report_card/CHEMBL107277/,CCN(CC)CCOc1ccc(Nc2cc3c(cn2)cc(-c2c(Cl)cccc2Cl)c(=O)n3C)cc1,CCN(CC)CCOc1ccc(Nc2cc3c(cn2)cc(-c2c(Cl)cccc2Cl)c(=O)n3C)cc1,CCN(CC)CCOc1ccc(Nc2cc3c(cn2)cc(-c2c(Cl)cccc2Cl)c(=O)n3C)cc1,CUYDHVPGXKUUEZ-UHFFFAOYSA-N,CUYDHVPGXKUUEZ,eligible,511.453,6.372,59.39,1,5,9,35,4,0.283,0,1,1
LIB_CUYKZCBANJGJGJ,ChEMBL,CHEMBL108582,CHEMBL108582,https://www.ebi.ac.uk/chembl/compound_report_card/CHEMBL108582/,CC(=O)N1CCCCC1C#CCN(C)C,CC(=O)N1CCCCC1C#CCN(C)C,CC(=O)N1CCCCC1C#CCN(C)C,CUYKZCBANJGJGJ-UHFFFAOYSA-N,CUYKZCBANJGJGJ,eligible,208.305,0.952,23.55,0,2,1,15,1,0.5991,0,1,1
LIB_CVBAJVGHQQXFDA,ChEMBL,CHEMBL1081749,CHEMBL1081749,https://www.ebi.ac.uk/chembl/compound_report_card/CHEMBL1081749/,COc1ccc(-c2nc(COc3ccc(OCC(=O)O)c(C)c3)sc2-c2ccc(C(F)(F)F)cc2)cc1,COc1ccc(-c2nc(COc3ccc(OCC(=O)O)c(C)c3)sc2-c2ccc(C(F)(F)F)cc2)cc1,COc1ccc(-c2nc(COc3ccc(OCC(=O)O)c(C)c3)sc2-c2ccc(C(F)(F)F)cc2)cc1,CVBAJVGHQQXFDA-UHFFFAOYSA-N,CVBAJVGHQQXFDA,eligible,529.536,6.855,77.88,1,6,9,37,4,0.2554,0,1,1
LIB_CVBMAZKKCSYWQR,ChEMBL,CHEMBL1200515,CHEMBL1200515,https://www.ebi.ac.uk/chembl/compound_report_card/CHEMBL1200515/,COC(=O)[C@H]1[C@H]2C[C@@H]3c4[nH]c5ccccc5c4CCN3C[C@H]2C[C@@H](OC(=O)c2cc(OC)c(OC)c(OC)c2)[C@@H]1OC,COC(=O)C1[C@H]2C[C@@H]3c4[nH]c5ccccc5c4CCN3C[C@H]2C[C@@H](OC(=O)c2cc(OC)c(OC)c(OC)c2)[C@@H]1OC,COC(=O)C1C2CC3c4[nH]c5ccccc5c4CCN3CC2CC(OC(=O)c2cc(OC)c(OC)c(OC)c2)C1OC,CVBMAZKKCSYWQR-BRBQXIRRSA-N,CVBMAZKKCSYWQR,eligible,578.662,4.163,108.55,1,9,7,42,6,0.4136,0,1,1
LIB_CVCPNOHIUOTCKW,ChEMBL,CHEMBL1086613,CHEMBL1086613,https://www.ebi.ac.uk/chembl/compound_report_card/CHEMBL1086613/,CCn1c(-c2ccccc2)cc(C(=O)NCCCN2CCN(c3cccc(C)c3C)CC2)c1C,CCn1c(-c2ccccc2)cc(C(=O)NCCCN2CCN(c3cccc(C)c3C)CC2)c1C,CCn1c(-c2ccccc2)cc(C(=O)NCCCN2CCN(c3cccc(C)c3C)CC2)c1C,CVCPNOHIUOTCKW-UHFFFAOYSA-N,CVCPNOHIUOTCKW,eligible,458.65,5.042,40.51,1,3,8,34,4,0.4808,0,1,1
LIB_CVDKFLYPLGVMEO,ChEMBL,CHEMBL101617,CHEMBL101617,https://www.ebi.ac.uk/chembl/compound_report_card/CHEMBL101617/,Oc1ccc2c(c1O)CCC(NCc1ccccc1)C2,Oc1ccc2c(c1O)CCC(NCc1ccccc1)C2,Oc1ccc2c(c1O)CCC(NCc1ccccc1)C2,CVDKFLYPLGVMEO-UHFFFAOYSA-N,CVDKFLYPLGVMEO,eligible,269.344,2.745,52.49,3,3,3,20,3,0.751,0,1,1
LIB_CVDUWJDZQAKGIF,ChEMBL,CHEMBL107707,CHEMBL107707,https://www.ebi.ac.uk/chembl/compound_report_card/CHEMBL107707/,C[N+]1(CCC(=O)Nc2ccc3c(c2)C(=O)c2ccc(NC(=O)CC[N+]4(C)CCCCC4)cc2C3=O)CCCCC1.[I-].[I-],C[N+]1(CCC(=O)Nc2ccc3c(c2)C(=O)c2ccc(NC(=O)CC[N+]4(C)CCCCC4)cc2C3=O)CCCCC1,C[N+]1(CCC(=O)Nc2ccc3c(c2)C(=O)c2ccc(NC(=O)CC[N+]4(C)CCCCC4)cc2C3=O)CCCCC1,CVDUWJDZQAKGIF-UHFFFAOYSA-P,CVDUWJDZQAKGIF,eligible,546.712,4.38,92.34,2,4,8,40,5,0.4104,2,1,1
LIB_CVFAKKRGDBITIT,ChEMBL,CHEMBL107180,CHEMBL107180,https://www.ebi.ac.uk/chembl/compound_report_card/CHEMBL107180/,CCc1c(O)nc(SCC(=O)c2ccc(F)cc2)nc1Cc1cccc2ccccc12,CCc1c(Cc2cccc3ccccc23)[nH]c(SCC(=O)c2ccc(F)cc2)nc1=O,CCc1c(Cc2cccc3ccccc23)[nH]c(SCC(=O)c2ccc(F)cc2)nc1=O,CVFAKKRGDBITIT-UHFFFAOYSA-N,CVFAKKRGDBITIT,eligible,432.52,5.19,62.82,1,4,7,31,4,0.248,0,1,1
LIB_CVFLWXCNPWFJEH,ChEMBL,CHEMBL106291,CHEMBL106291,https://www.ebi.ac.uk/chembl/compound_report_card/CHEMBL106291/,Cc1cccc(-c2ccc(C(=O)O)cc2)c1,Cc1cccc(-c2ccc(C(=O)O)cc2)c1,Cc1cccc(-c2ccc(C(=O)O)cc2)c1,CVFLWXCNPWFJEH-UHFFFAOYSA-N,CVFLWXCNPWFJEH,eligible,212.248,3.36,37.3,1,1,2,16,2,0.8283,0,1,1
LIB_CVHDGXBLAOQADH,ChEMBL,CHEMBL108527,CHEMBL108527,https://www.ebi.ac.uk/chembl/compound_report_card/CHEMBL108527/,O=C(NCCCN1CCN(c2cccc(Cl)c2Cl)CC1)c1cccc2c1Cc1ccccc1-2,O=C(NCCCN1CCN(c2cccc(Cl)c2Cl)CC1)c1cccc2c1Cc1ccccc1-2,O=C(NCCCN1CCN(c2cccc(Cl)c2Cl)CC1)c1cccc2c1Cc1ccccc1-2,CVHDGXBLAOQADH-UHFFFAOYSA-N,CVHDGXBLAOQADH,eligible,480.439,5.507,35.58,1,3,6,33,5,0.3701,0,1,1
LIB_CVJMAXDBGIRLPL,ChEMBL,CHEMBL100273,CHEMBL100273,https://www.ebi.ac.uk/chembl/compound_report_card/CHEMBL100273/,CC(C)C[C@@H](C(=O)N(C)C)[C@H](CN(C)S(C)(=O)=O)C(=O)NO,CC(C)CC(C(=O)N(C)C)C(CN(C)S(C)(=O)=O)C(O)=NO,CC(C)CC(C(=O)N(C)C)C(CN(C)S(C)(=O)=O)C(O)=NO,CVJMAXDBGIRLPL-UHFFFAOYSA-N,CVJMAXDBGIRLPL,eligible,337.442,0.59,110.51,2,5,8,22,0,0.2914,0,1,1
LIB_CVJPIIHCIDASSV,ChEMBL,CHEMBL1087540,CHEMBL1087540,https://www.ebi.ac.uk/chembl/compound_report_card/CHEMBL1087540/,CNCCNCc1cccc(-n2nc(C(F)(F)F)cc2C(=O)NCc2cccc3c2OCCO3)c1,CNCCNCc1cccc(-n2nc(C(F)(F)F)cc2C(=O)NCc2cccc3c2OCCO3)c1,CNCCNCc1cccc(-n2nc(C(F)(F)F)cc2C(=O)NCc2cccc3c2OCCO3)c1,CVJPIIHCIDASSV-UHFFFAOYSA-N,CVJPIIHCIDASSV,eligible,489.498,2.901,89.44,3,6,9,35,4,0.4009,0,1,1
LIB_CVNLBBDIJYLRGD,ChEMBL,CHEMBL100425,CHEMBL100425,https://www.ebi.ac.uk/chembl/compound_report_card/CHEMBL100425/,Cc1ccccc1OCC(O)CNC(C)(C)Cc1c(C)[nH]c2ccccc12,Cc1ccccc1OCC(O)CNC(C)(C)Cc1c(C)[nH]c2ccccc12,Cc1ccccc1OCC(O)CNC(C)(C)Cc1c(C)[nH]c2ccccc12,CVNLBBDIJYLRGD-UHFFFAOYSA-N,CVNLBBDIJYLRGD,eligible,366.505,4.135,57.28,3,3,8,27,3,0.5616,0,1,1
LIB_CVOFRTRGRUZDMM,ChEMBL,CHEMBL107579,CHEMBL107579,https://www.ebi.ac.uk/chembl/compound_report_card/CHEMBL107579/,Cn1c(C(F)c2nc3c(F)c(F)cc(F)c3[nH]2)nc2ccc(C(=O)NC(CP(=O)(O)O)C(=O)O)cc21,Cn1c(C(F)c2nc3c(F)c(F)cc(F)c3[nH]2)nc2ccc(C(=O)NC(CP(=O)(O)O)C(=O)O)cc21,Cn1c(C(F)c2nc3c(F)c(F)cc(F)c3[nH]2)nc2ccc(C(=O)NC(CP(=O)(O)O)C(=O)O)cc21,CVOFRTRGRUZDMM-UHFFFAOYSA-N,CVOFRTRGRUZDMM,eligible,529.343,2.287,170.43,5,5,7,36,4,0.1379,0,1,1
LIB_CVPYYBCSHSCXJQ,ChEMBL,CHEMBL1083413,CHEMBL1083413,https://www.ebi.ac.uk/chembl/compound_report_card/CHEMBL1083413/,COc1cc(/C=C/c2cc(O)cc(O)c2)ccc1O[C@@H]1O[C@H](CO)[C@@H](O)[C@H](O)[C@H]1O,COc1cc(/C=C/c2cc(O)cc(O)c2)ccc1O[C@@H]1O[C@H](CO)[C@@H](O)[C@H](O)[C@H]1O,COc1cc(C=Cc2cc(O)cc(O)c2)ccc1OC1OC(CO)C(O)C(O)C1O,CVPYYBCSHSCXJQ-DXKBKAGUSA-N,CVPYYBCSHSCXJQ,eligible,420.414,0.455,149.07,6,9,6,30,3,0.3664,0,1,1
LIB_CVRZDNXEXZEJDO,ChEMBL,CHEMBL1083217,CHEMBL1083217,https://www.ebi.ac.uk/chembl/compound_report_card/CHEMBL1083217/,CCCC[C@H](NC(=O)O[C@@H]1CN(C(=O)c2ccc3cc[nH]c3c2)CC1(C)C)C(=O)C(=O)N[C@H](C)c1ccccc1,CCCCC(NC(=O)O[C@@H]1CN(C(=O)c2ccc3cc[nH]c3c2)CC1(C)C)C(=O)C(=O)N[C@H](C)c1ccccc1,CCCCC(NC(=O)OC1CN(C(=O)c2ccc3cc[nH]c3c2)CC1(C)C)C(=O)C(=O)NC(C)c1ccccc1,CVRZDNXEXZEJDO-UICRHRNSSA-N,CVRZDNXEXZEJDO,eligible,546.668,4.75,120.6,3,5,10,40,4,0.3171,0,1,1
LIB_CVTDFTMSSWIUMC,ChEMBL,CHEMBL1078106,CHEMBL1078106,https://www.ebi.ac.uk/chembl/compound_report_card/CHEMBL1078106/,COc1cc2c(cc1NC(C)=O)CC[C@@H]1[C@@H]2CC[C@]2(C)CCC[C@@H]12,COc1cc2c(cc1NC(C)=O)CC[C@@H]1[C@@H]2CC[C@]2(C)CCC[C@@H]12,COc1cc2c(cc1NC(C)=O)CCC1C2CCC2(C)CCCC12,CVTDFTMSSWIUMC-HPNQWNLUSA-N,CVTDFTMSSWIUMC,eligible,327.468,4.9,38.33,1,2,2,24,4,0.8388,0,1,1
LIB_CVULCVVIQYHGSW,ChEMBL,CHEMBL1079324,CHEMBL1079324,https://www.ebi.ac.uk/chembl/compound_report_card/CHEMBL1079324/,C[C@@H]1CN(c2nc(N3CCOCC3)c3ccc(Nc4ccccc4)nc3n2)C[C@H](C)O1,C[C@@H]1CN(c2nc(N3CCOCC3)c3ccc(Nc4ccccc4)nc3n2)C[C@H](C)O1,CC1CN(c2nc(N3CCOCC3)c3ccc(Nc4ccccc4)nc3n2)CC(C)O1,CVULCVVIQYHGSW-CALCHBBNSA-N,CVULCVVIQYHGSW,eligible,420.517,3.219,75.64,1,8,4,31,5,0.6896,0,1,1
LIB_CVUYVQZALVRDIK,ChEMBL,CHEMBL1079408,CHEMBL1079408,https://www.ebi.ac.uk/chembl/compound_report_card/CHEMBL1079408/,COc1cc2c(cc1O)O[C@H]1c3cc(CC=C(C)C)c(O)cc3OC[C@@H]21,COc1cc2c(cc1O)O[C@H]1c3cc(CC=C(C)C)c(O)cc3OC[C@@H]21,COc1cc2c(cc1O)OC1c3cc(CC=C(C)C)c(O)cc3OCC21,CVUYVQZALVRDIK-BTYIYWSLSA-N,CVUYVQZALVRDIK,eligible,354.402,4.225,68.15,2,5,3,26,4,0.8078,0,1,1
LIB_CVVGRHFARKYNNE,ChEMBL,CHEMBL1082854,CHEMBL1082854,https://www.ebi.ac.uk/chembl/compound_report_card/CHEMBL1082854/,CC(C)CCn1c(=O)c(C2=NS(=O)(=O)c3cc(CCN)ccc3N2)c(O)c2ccccc21,CC(C)CCn1c(=O)c(C2=NS(=O)(=O)c3cc(CCN)ccc3N2)c(O)c2ccccc21,CC(C)CCn1c(=O)c(C2=NS(=O)(=O)c3cc(CCN)ccc3N2)c(O)c2ccccc21,CVVGRHFARKYNNE-UHFFFAOYSA-N,CVVGRHFARKYNNE,eligible,454.552,2.815,126.78,3,6,6,32,4,0.5256,0,1,1
LIB_CVWWNYPTZYQCSE,ChEMBL,CHEMBL1078509,CHEMBL1078509,https://www.ebi.ac.uk/chembl/compound_report_card/CHEMBL1078509/,CC(C)=C1CC[C@H](C)[C@](C)(COc2ccc3ccc(=O)oc3c2)[C@H]1CCC(=O)O,CC(C)=C1CC[C@H](C)[C@](C)(COc2ccc3ccc(=O)oc3c2)[C@H]1CCC(=O)O,CC(C)=C1CCC(C)C(C)(COc2ccc3ccc(=O)oc3c2)C1CCC(=O)O,CVWWNYPTZYQCSE-YFBXQHAESA-N,CVWWNYPTZYQCSE,eligible,398.499,5.425,76.74,1,4,6,29,3,0.5188,0,1,1
LIB_CVWXJKQAOSCOAB,ChEMBL,CHEMBL2105709,CHEMBL2105709;CHEMBL576982,https://www.ebi.ac.uk/chembl/compound_report_card/CHEMBL2105709/,CC(C)(C)c1cc(NC(=O)Nc2ccc(-c3cn4c(n3)sc3cc(OCCN5CCOCC5)ccc34)cc2)no1.Cl.Cl,CC(C)(C)c1cc(NC(=O)Nc2ccc(-c3cn4c(n3)sc3cc(OCCN5CCOCC5)ccc34)cc2)no1,CC(C)(C)c1cc(NC(=O)Nc2ccc(-c3cn4c(n3)sc3cc(OCCN5CCOCC5)ccc34)cc2)no1,CVWXJKQAOSCOAB-UHFFFAOYSA-N,CVWXJKQAOSCOAB,eligible,560.68,5.857,106.16,2,8,7,40,6,0.2569,0,2,1
LIB_CVXBEEMKQHEXEN,ChEMBL,CHEMBL46917,CHEMBL46917,https://www.ebi.ac.uk/chembl/compound_report_card/CHEMBL46917/,CNC(=O)Oc1cccc2ccccc12,CNC(=O)Oc1cccc2ccccc12,CNC(=O)Oc1cccc2ccccc12,CVXBEEMKQHEXEN-UHFFFAOYSA-N,CVXBEEMKQHEXEN,eligible,201.225,2.558,38.33,1,2,1,15,2,0.7696,0,1,1
LIB_CVYHIYQAMOZBDT,ChEMBL,CHEMBL1080304,CHEMBL1080304,https://www.ebi.ac.uk/chembl/compound_report_card/CHEMBL1080304/,CCCCC(=O)c1cc2c(cc1O)CC[C@@H]1[C@@H]2CC[C@]2(C)C(=O)CC[C@@H]12,CCCCC(=O)c1cc2c(cc1O)CC[C@@H]1[C@@H]2CC[C@]2(C)C(=O)CC[C@@H]12,CCCCC(=O)c1cc2c(cc1O)CCC1C2CCC2(C)C(=O)CCC12,CVYHIYQAMOZBDT-KOCGSJPCSA-N,CVYHIYQAMOZBDT,eligible,354.49,5.19,54.37,1,3,4,26,4,0.7571,0,1,1
