candidate_id,candidate_chembl_id,neighbor_chembl_id,is_self,official_tanimoto,threshold_ge_0p4,threshold_ge_0p6,neighbor_name,neighbor_max_phase,neighbor_first_approval,neighbor_withdrawn_flag,neighbor_smiles,neighbor_inchikey,source_api,source_scope,pharmacology_annotation_scope,activity_records,mechanism_records,known_assay_targets,document_dois
LIB_YWDIXVZCRMMQQY,CHEMBL1079964,CHEMBL1079796,False,0.8983050584793091,True,True,,,,False,O=C(Nc1cccc(-c2cn3ccnc3c(Nc3ccncc3)n2)c1)Nc1cccc(C(F)(F)F)c1,JRMCNSWAKAFNPS-UHFFFAOYSA-N,https://www.ebi.ac.uk/chembl/api/data/similarity/CHEMBL1079964/40.json,official_similarity_percent_divided_by_100; not project_Morgan1024_similarity,ACTUAL_SELECTED_SOURCE_QUERY,1,0,Ephrin type-B receptor 4,10.1016/j.bmcl.2009.10.037
LIB_YWDIXVZCRMMQQY,CHEMBL1079964,CHEMBL1079963,False,0.8387096524238586,True,True,,,,False,O=C(Nc1cccc(-c2cn3ccnc3c(Nc3cccnc3)n2)c1)Nc1cccc(C(F)(F)F)c1,KXCARQILTFDOLE-UHFFFAOYSA-N,https://www.ebi.ac.uk/chembl/api/data/similarity/CHEMBL1079964/40.json,official_similarity_percent_divided_by_100; not project_Morgan1024_similarity,ACTUAL_SELECTED_SOURCE_QUERY,1,0,Ephrin type-B receptor 4,10.1016/j.bmcl.2009.10.037
LIB_YWDIXVZCRMMQQY,CHEMBL1079964,CHEMBL1080362,False,0.796875,True,True,,,,False,O=C(Nc1cccc(-c2cn3ccnc3c(NCc3ccccc3)n2)c1)Nc1cccc(C(F)(F)F)c1,MYAFDHCCQBIZLC-UHFFFAOYSA-N,https://www.ebi.ac.uk/chembl/api/data/similarity/CHEMBL1079964/40.json,official_similarity_percent_divided_by_100; not project_Morgan1024_similarity,ACTUAL_SELECTED_SOURCE_QUERY,1,0,Ephrin type-B receptor 4,10.1016/j.bmcl.2009.10.037
LIB_YWDIXVZCRMMQQY,CHEMBL1079964,CHEMBL1080205,False,0.746268630027771,True,True,,,,False,O=C(Nc1cccc(-c2cn3ccnc3c(NCc3ccccn3)n2)c1)Nc1cccc(C(F)(F)F)c1,ZVHBDYFMHCQADD-UHFFFAOYSA-N,https://www.ebi.ac.uk/chembl/api/data/similarity/CHEMBL1079964/40.json,official_similarity_percent_divided_by_100; not project_Morgan1024_similarity,ACTUAL_SELECTED_SOURCE_QUERY,1,0,Ephrin type-B receptor 4,10.1016/j.bmcl.2009.10.037
LIB_YWDIXVZCRMMQQY,CHEMBL1079964,CHEMBL1081198,False,0.7313432693481445,True,True,,,,False,O=C(Nc1cccc(-c2cn3ccnc3c(NCc3ccncc3)n2)c1)Nc1cccc(C(F)(F)F)c1,NWEIPABWNQPRCZ-UHFFFAOYSA-N,https://www.ebi.ac.uk/chembl/api/data/similarity/CHEMBL1079964/40.json,official_similarity_percent_divided_by_100; not project_Morgan1024_similarity,ACTUAL_SELECTED_SOURCE_QUERY,55,0,Angiopoietin-1 receptor; Cyclin-dependent kinase 5; Ephrin type-A receptor 2; Ephrin type-B receptor 4; Epidermal growth factor receptor; Fibroblast growth factor receptor 4; Glycogen synthase kinase-3 beta; Insulin receptor; Platelet-derived growth factor receptor beta; Protein kinase C alpha type; Protein kinase C beta type; Protein kinase C theta type; Proto-oncogene tyrosine-protein kinase Src; RAC-alpha serine/threonine-protein kinase; Receptor-type tyrosine-protein kinase FLT3; Tyrosine-protein kinase ABL1; Tyrosine-protein kinase BTK; Tyrosine-protein kinase Blk; Tyrosine-protein kinase Fyn; Tyrosine-protein kinase Lck; Tyrosine-protein kinase Lyn; Tyrosine-protein kinase SYK; Tyrosine-protein kinase ZAP-70; Unchecked; Vascular endothelial growth factor receptor 1; Vascular endothelial growth factor receptor 2; Vascular endothelial growth factor receptor 3,10.1016/j.bmcl.2009.10.037
LIB_YWDIXVZCRMMQQY,CHEMBL1079964,CHEMBL1081062,False,0.7246376872062683,True,True,,,,False,O=C(Nc1cccc(-c2cn3ccnc3c(NCc3ccc(C(=O)O)cc3)n2)c1)Nc1cccc(C(F)(F)F)c1,KOMBODFBKQOZRA-UHFFFAOYSA-N,https://www.ebi.ac.uk/chembl/api/data/similarity/CHEMBL1079964/40.json,official_similarity_percent_divided_by_100; not project_Morgan1024_similarity,ACTUAL_SELECTED_SOURCE_QUERY,1,0,Ephrin type-B receptor 4,10.1016/j.bmcl.2009.10.037
LIB_YWDIXVZCRMMQQY,CHEMBL1079964,CHEMBL1081061,False,0.7101449370384216,True,True,,,,False,O=C(Nc1cccc(-c2cn3ccnc3c(NCCc3ccncc3)n2)c1)Nc1cccc(C(F)(F)F)c1,YLUXGJXUXWARJV-UHFFFAOYSA-N,https://www.ebi.ac.uk/chembl/api/data/similarity/CHEMBL1079964/40.json,official_similarity_percent_divided_by_100; not project_Morgan1024_similarity,NOT_IN_PHARMACOLOGY_SHORTLIST,,,,
LIB_YWDIXVZCRMMQQY,CHEMBL1079964,CHEMBL1258266,False,0.7076923251152039,True,True,,,,False,COc1ccc(Nc2nc(-c3cccc(NC(=O)Nc4ccccc4)c3)cn3ccnc23)cc1,KKAQOMPTPLEXNA-UHFFFAOYSA-N,https://www.ebi.ac.uk/chembl/api/data/similarity/CHEMBL1079964/40.json,official_similarity_percent_divided_by_100; not project_Morgan1024_similarity,ACTUAL_SELECTED_SOURCE_QUERY,1,0,Aurora kinase A,10.1016/j.bmcl.2010.08.091
LIB_YWDIXVZCRMMQQY,CHEMBL1079964,CHEMBL1080206,False,0.699999988079071,True,True,,,,False,O=C(Nc1cccc(-c2cn3ccnc3c(NCc3cccnc3)n2)c1)Nc1cccc(C(F)(F)F)c1,ZHKIURQRUBOVST-UHFFFAOYSA-N,https://www.ebi.ac.uk/chembl/api/data/similarity/CHEMBL1079964/40.json,official_similarity_percent_divided_by_100; not project_Morgan1024_similarity,ACTUAL_SELECTED_SOURCE_QUERY,1,0,Ephrin type-B receptor 4,10.1016/j.bmcl.2009.10.037
LIB_YWDIXVZCRMMQQY,CHEMBL1079964,CHEMBL2057914,False,0.6818181872367859,True,True,,,,False,CC(C)(C)c1ccc(C(=O)Nc2cccc(-c3cn4ccnc4c(Nc4ccccc4)n3)c2)cc1,IJMHHZDBRUGXNO-UHFFFAOYSA-N,https://www.ebi.ac.uk/chembl/api/data/similarity/CHEMBL1079964/40.json,official_similarity_percent_divided_by_100; not project_Morgan1024_similarity,NOT_IN_PHARMACOLOGY_SHORTLIST,,,,
LIB_YWDIXVZCRMMQQY,CHEMBL1079964,CHEMBL1079960,False,0.6805555820465088,True,True,,,,False,O=C(Nc1cccc(-c2cn3ccnc3c(NCC3CCNCC3)n2)c1)Nc1cccc(C(F)(F)F)c1,OLQWTLPWZOPGNO-UHFFFAOYSA-N,https://www.ebi.ac.uk/chembl/api/data/similarity/CHEMBL1079964/40.json,official_similarity_percent_divided_by_100; not project_Morgan1024_similarity,NOT_IN_PHARMACOLOGY_SHORTLIST,,,,
LIB_YWDIXVZCRMMQQY,CHEMBL1079964,CHEMBL1258267,False,0.6769230961799622,True,True,,,,False,COc1ccc(NC(=O)Nc2cccc(-c3cn4ccnc4c(Nc4ccc(OC)cc4)n3)c2)cc1,OYJUNIKRBCEEIS-UHFFFAOYSA-N,https://www.ebi.ac.uk/chembl/api/data/similarity/CHEMBL1079964/40.json,official_similarity_percent_divided_by_100; not project_Morgan1024_similarity,ACTUAL_SELECTED_SOURCE_QUERY,1,0,Aurora kinase A,10.1016/j.bmcl.2010.08.091
LIB_YWDIXVZCRMMQQY,CHEMBL1079964,CHEMBL1079809,False,0.6571428775787354,True,True,,,,False,O=C(Nc1cccc(-c2cn3ccnc3c(OCc3ccncc3)n2)c1)Nc1cccc(C(F)(F)F)c1,VYPKGVPXECFUKL-UHFFFAOYSA-N,https://www.ebi.ac.uk/chembl/api/data/similarity/CHEMBL1079964/40.json,official_similarity_percent_divided_by_100; not project_Morgan1024_similarity,ACTUAL_SELECTED_SOURCE_QUERY,1,0,Ephrin type-B receptor 4,10.1016/j.bmcl.2009.10.037
LIB_YWDIXVZCRMMQQY,CHEMBL1079964,CHEMBL1082113,False,0.6571428775787354,True,True,,,,False,O=C(Nc1ccc(C(F)(F)F)cc1)Nc1cccc(-c2cn3ccnc3c(NCc3ccncc3)n2)c1,SNKYRRUHFHNPGP-UHFFFAOYSA-N,https://www.ebi.ac.uk/chembl/api/data/similarity/CHEMBL1079964/40.json,official_similarity_percent_divided_by_100; not project_Morgan1024_similarity,ACTUAL_SELECTED_SOURCE_QUERY,1,0,Ephrin type-B receptor 4,10.1016/j.bmcl.2009.10.037
LIB_YWDIXVZCRMMQQY,CHEMBL1079964,CHEMBL1081754,False,0.6478873491287231,True,True,,,,False,O=C(Nc1ccc(-c2cn3ccnc3c(NCc3ccncc3)n2)cc1)Nc1cccc(C(F)(F)F)c1,YFXAKRSCLHWERK-UHFFFAOYSA-N,https://www.ebi.ac.uk/chembl/api/data/similarity/CHEMBL1079964/40.json,official_similarity_percent_divided_by_100; not project_Morgan1024_similarity,NOT_IN_PHARMACOLOGY_SHORTLIST,,,,
LIB_YWDIXVZCRMMQQY,CHEMBL1079964,CHEMBL1079810,False,0.6388888955116272,True,True,,,,False,CN(Cc1ccncc1)c1nc(-c2cccc(NC(=O)Nc3cccc(C(F)(F)F)c3)c2)cn2ccnc12,PGAGZKDWBHDEKT-UHFFFAOYSA-N,https://www.ebi.ac.uk/chembl/api/data/similarity/CHEMBL1079964/40.json,official_similarity_percent_divided_by_100; not project_Morgan1024_similarity,NOT_IN_PHARMACOLOGY_SHORTLIST,,,,
LIB_YWDIXVZCRMMQQY,CHEMBL1079964,CHEMBL1079621,False,0.6351351141929626,True,True,,,,False,O=C(NCc1cccc(C(F)(F)F)c1)Nc1cccc(-c2cn3ccnc3c(NCc3ccncc3)n2)c1,UDXKCMZFPXURAC-UHFFFAOYSA-N,https://www.ebi.ac.uk/chembl/api/data/similarity/CHEMBL1079964/40.json,official_similarity_percent_divided_by_100; not project_Morgan1024_similarity,NOT_IN_PHARMACOLOGY_SHORTLIST,,,,
LIB_YWDIXVZCRMMQQY,CHEMBL1079964,CHEMBL1081228,False,0.6351351141929626,True,True,,,,False,O=C(NCc1cccc(-c2cn3ccnc3c(NCc3ccncc3)n2)c1)Nc1cccc(C(F)(F)F)c1,GKROVQJERPLMAG-UHFFFAOYSA-N,https://www.ebi.ac.uk/chembl/api/data/similarity/CHEMBL1079964/40.json,official_similarity_percent_divided_by_100; not project_Morgan1024_similarity,NOT_IN_PHARMACOLOGY_SHORTLIST,,,,
LIB_YWDIXVZCRMMQQY,CHEMBL1079964,CHEMBL3264994,False,0.6285714507102966,True,True,,,,False,CC(C)(C)c1ccc(Nc2nc(-c3cccc(NC(=O)c4ccc(C(=O)O)cc4)c3)cn3ccnc23)cc1,RDRDZGMJQOJPCL-UHFFFAOYSA-N,https://www.ebi.ac.uk/chembl/api/data/similarity/CHEMBL1079964/40.json,official_similarity_percent_divided_by_100; not project_Morgan1024_similarity,NOT_IN_PHARMACOLOGY_SHORTLIST,,,,
LIB_YWDIXVZCRMMQQY,CHEMBL1079964,CHEMBL1079850,False,0.6266666650772095,True,True,,,,False,O=C(Nc1cccc(-c2cn3ccnc3c(NCc3ccncc3)n2)c1)Nc1cc(C(F)(F)F)ccc1F,GHPCAIWYHJZRGR-UHFFFAOYSA-N,https://www.ebi.ac.uk/chembl/api/data/similarity/CHEMBL1079964/40.json,official_similarity_percent_divided_by_100; not project_Morgan1024_similarity,NOT_IN_PHARMACOLOGY_SHORTLIST,,,,
LIB_YWDIXVZCRMMQQY,CHEMBL1079964,CHEMBL1079448,False,0.6184210777282715,True,True,,,,False,O=C(Nc1cccc(-c2cn3ccnc3c(NCc3ccncc3)n2)c1)Nc1cc(C(F)(F)F)ccc1O,OCOHRESDZFYIIC-UHFFFAOYSA-N,https://www.ebi.ac.uk/chembl/api/data/similarity/CHEMBL1079964/40.json,official_similarity_percent_divided_by_100; not project_Morgan1024_similarity,NOT_IN_PHARMACOLOGY_SHORTLIST,,,,
LIB_YWDIXVZCRMMQQY,CHEMBL1079964,CHEMBL1079811,False,0.6176470518112183,True,True,,,,False,O=C(Nc1ccccc1)Nc1cccc(-c2cn3ccnc3c(NCc3ccncc3)n2)c1,JJHHLCYLWFYZQF-UHFFFAOYSA-N,https://www.ebi.ac.uk/chembl/api/data/similarity/CHEMBL1079964/40.json,official_similarity_percent_divided_by_100; not project_Morgan1024_similarity,ACTUAL_SELECTED_SOURCE_QUERY,1,0,Ephrin type-B receptor 4,10.1016/j.bmcl.2009.10.037
LIB_YWDIXVZCRMMQQY,CHEMBL1079964,CHEMBL1080190,False,0.6103895902633667,True,True,,,,False,O=C(Nc1cccc(-c2cn3ccnc3c(NCc3ccncc3)n2)c1)Nc1cc(C(F)(F)F)ccc1Cl,DWDRUDUATUOJND-UHFFFAOYSA-N,https://www.ebi.ac.uk/chembl/api/data/similarity/CHEMBL1079964/40.json,official_similarity_percent_divided_by_100; not project_Morgan1024_similarity,NOT_IN_PHARMACOLOGY_SHORTLIST,,,,
LIB_YWDIXVZCRMMQQY,CHEMBL1079964,CHEMBL1079452,False,0.6081081032752991,True,True,,,,False,O=C(Cc1cccc(C(F)(F)F)c1)Nc1cccc(-c2cn3ccnc3c(NCc3ccncc3)n2)c1,HLVJLTDUBJMRSP-UHFFFAOYSA-N,https://www.ebi.ac.uk/chembl/api/data/similarity/CHEMBL1079964/40.json,official_similarity_percent_divided_by_100; not project_Morgan1024_similarity,NOT_IN_PHARMACOLOGY_SHORTLIST,,,,
LIB_YWDIXVZCRMMQQY,CHEMBL1079964,CHEMBL1079795,False,0.6081081032752991,True,True,,,,False,O=C(Nc1cccc(-c2cn3ccnc3c(NCc3ccncc3)n2)c1)c1cccc(C(F)(F)F)c1,MSOIEDXPFWQELX-UHFFFAOYSA-N,https://www.ebi.ac.uk/chembl/api/data/similarity/CHEMBL1079964/40.json,official_similarity_percent_divided_by_100; not project_Morgan1024_similarity,NOT_IN_PHARMACOLOGY_SHORTLIST,,,,
LIB_YWDIXVZCRMMQQY,CHEMBL1079964,CHEMBL1081948,False,0.6081081032752991,True,True,,,,False,O=C(Nc1cccc(-c2cn3ccnc3c(NCc3ccncc3)n2)c1)Nc1ccccc1C(F)(F)F,PSDSEDAUIJUGQT-UHFFFAOYSA-N,https://www.ebi.ac.uk/chembl/api/data/similarity/CHEMBL1079964/40.json,official_similarity_percent_divided_by_100; not project_Morgan1024_similarity,NOT_IN_PHARMACOLOGY_SHORTLIST,,,,
LIB_MYAFDHCCQBIZLC,CHEMBL1080362,CHEMBL1081198,False,0.890625,True,True,,,,False,O=C(Nc1cccc(-c2cn3ccnc3c(NCc3ccncc3)n2)c1)Nc1cccc(C(F)(F)F)c1,NWEIPABWNQPRCZ-UHFFFAOYSA-N,https://www.ebi.ac.uk/chembl/api/data/similarity/CHEMBL1080362/40.json,official_similarity_percent_divided_by_100; not project_Morgan1024_similarity,ACTUAL_SELECTED_SOURCE_QUERY,55,0,Angiopoietin-1 receptor; Cyclin-dependent kinase 5; Ephrin type-A receptor 2; Ephrin type-B receptor 4; Epidermal growth factor receptor; Fibroblast growth factor receptor 4; Glycogen synthase kinase-3 beta; Insulin receptor; Platelet-derived growth factor receptor beta; Protein kinase C alpha type; Protein kinase C beta type; Protein kinase C theta type; Proto-oncogene tyrosine-protein kinase Src; RAC-alpha serine/threonine-protein kinase; Receptor-type tyrosine-protein kinase FLT3; Tyrosine-protein kinase ABL1; Tyrosine-protein kinase BTK; Tyrosine-protein kinase Blk; Tyrosine-protein kinase Fyn; Tyrosine-protein kinase Lck; Tyrosine-protein kinase Lyn; Tyrosine-protein kinase SYK; Tyrosine-protein kinase ZAP-70; Unchecked; Vascular endothelial growth factor receptor 1; Vascular endothelial growth factor receptor 2; Vascular endothelial growth factor receptor 3,10.1016/j.bmcl.2009.10.037
LIB_MYAFDHCCQBIZLC,CHEMBL1080362,CHEMBL1081062,False,0.8787878751754761,True,True,,,,False,O=C(Nc1cccc(-c2cn3ccnc3c(NCc3ccc(C(=O)O)cc3)n2)c1)Nc1cccc(C(F)(F)F)c1,KOMBODFBKQOZRA-UHFFFAOYSA-N,https://www.ebi.ac.uk/chembl/api/data/similarity/CHEMBL1080362/40.json,official_similarity_percent_divided_by_100; not project_Morgan1024_similarity,ACTUAL_SELECTED_SOURCE_QUERY,1,0,Ephrin type-B receptor 4,10.1016/j.bmcl.2009.10.037
LIB_MYAFDHCCQBIZLC,CHEMBL1080362,CHEMBL1080206,False,0.8507462739944458,True,True,,,,False,O=C(Nc1cccc(-c2cn3ccnc3c(NCc3cccnc3)n2)c1)Nc1cccc(C(F)(F)F)c1,ZHKIURQRUBOVST-UHFFFAOYSA-N,https://www.ebi.ac.uk/chembl/api/data/similarity/CHEMBL1080362/40.json,official_similarity_percent_divided_by_100; not project_Morgan1024_similarity,ACTUAL_SELECTED_SOURCE_QUERY,1,0,Ephrin type-B receptor 4,10.1016/j.bmcl.2009.10.037
LIB_MYAFDHCCQBIZLC,CHEMBL1080362,CHEMBL1080205,False,0.8208954930305481,True,True,,,,False,O=C(Nc1cccc(-c2cn3ccnc3c(NCc3ccccn3)n2)c1)Nc1cccc(C(F)(F)F)c1,ZVHBDYFMHCQADD-UHFFFAOYSA-N,https://www.ebi.ac.uk/chembl/api/data/similarity/CHEMBL1080362/40.json,official_similarity_percent_divided_by_100; not project_Morgan1024_similarity,ACTUAL_SELECTED_SOURCE_QUERY,1,0,Ephrin type-B receptor 4,10.1016/j.bmcl.2009.10.037
LIB_MYAFDHCCQBIZLC,CHEMBL1080362,CHEMBL1082113,False,0.8059701323509216,True,True,,,,False,O=C(Nc1ccc(C(F)(F)F)cc1)Nc1cccc(-c2cn3ccnc3c(NCc3ccncc3)n2)c1,SNKYRRUHFHNPGP-UHFFFAOYSA-N,https://www.ebi.ac.uk/chembl/api/data/similarity/CHEMBL1080362/40.json,official_similarity_percent_divided_by_100; not project_Morgan1024_similarity,ACTUAL_SELECTED_SOURCE_QUERY,1,0,Ephrin type-B receptor 4,10.1016/j.bmcl.2009.10.037
LIB_MYAFDHCCQBIZLC,CHEMBL1080362,CHEMBL1079621,False,0.800000011920929,True,True,,,,False,O=C(NCc1cccc(C(F)(F)F)c1)Nc1cccc(-c2cn3ccnc3c(NCc3ccncc3)n2)c1,UDXKCMZFPXURAC-UHFFFAOYSA-N,https://www.ebi.ac.uk/chembl/api/data/similarity/CHEMBL1080362/40.json,official_similarity_percent_divided_by_100; not project_Morgan1024_similarity,NOT_IN_PHARMACOLOGY_SHORTLIST,,,,
LIB_MYAFDHCCQBIZLC,CHEMBL1080362,CHEMBL1081228,False,0.800000011920929,True,True,,,,False,O=C(NCc1cccc(-c2cn3ccnc3c(NCc3ccncc3)n2)c1)Nc1cccc(C(F)(F)F)c1,GKROVQJERPLMAG-UHFFFAOYSA-N,https://www.ebi.ac.uk/chembl/api/data/similarity/CHEMBL1080362/40.json,official_similarity_percent_divided_by_100; not project_Morgan1024_similarity,NOT_IN_PHARMACOLOGY_SHORTLIST,,,,
LIB_MYAFDHCCQBIZLC,CHEMBL1080362,CHEMBL1079964,False,0.796875,True,True,,,,False,O=C(Nc1cccc(-c2cn3ccnc3c(Nc3ccccc3)n2)c1)Nc1cccc(C(F)(F)F)c1,YWDIXVZCRMMQQY-UHFFFAOYSA-N,https://www.ebi.ac.uk/chembl/api/data/similarity/CHEMBL1080362/40.json,official_similarity_percent_divided_by_100; not project_Morgan1024_similarity,ACTUAL_SELECTED_SOURCE_QUERY,1,0,Ephrin type-B receptor 4,10.1016/j.bmcl.2009.10.037
LIB_MYAFDHCCQBIZLC,CHEMBL1080362,CHEMBL1081754,False,0.7941176295280457,True,True,,,,False,O=C(Nc1ccc(-c2cn3ccnc3c(NCc3ccncc3)n2)cc1)Nc1cccc(C(F)(F)F)c1,YFXAKRSCLHWERK-UHFFFAOYSA-N,https://www.ebi.ac.uk/chembl/api/data/similarity/CHEMBL1080362/40.json,official_similarity_percent_divided_by_100; not project_Morgan1024_similarity,NOT_IN_PHARMACOLOGY_SHORTLIST,,,,
LIB_MYAFDHCCQBIZLC,CHEMBL1080362,CHEMBL1079452,False,0.7714285850524902,True,True,,,,False,O=C(Cc1cccc(C(F)(F)F)c1)Nc1cccc(-c2cn3ccnc3c(NCc3ccncc3)n2)c1,HLVJLTDUBJMRSP-UHFFFAOYSA-N,https://www.ebi.ac.uk/chembl/api/data/similarity/CHEMBL1080362/40.json,official_similarity_percent_divided_by_100; not project_Morgan1024_similarity,NOT_IN_PHARMACOLOGY_SHORTLIST,,,,
LIB_MYAFDHCCQBIZLC,CHEMBL1080362,CHEMBL1079811,False,0.7692307829856873,True,True,,,,False,O=C(Nc1ccccc1)Nc1cccc(-c2cn3ccnc3c(NCc3ccncc3)n2)c1,JJHHLCYLWFYZQF-UHFFFAOYSA-N,https://www.ebi.ac.uk/chembl/api/data/similarity/CHEMBL1080362/40.json,official_similarity_percent_divided_by_100; not project_Morgan1024_similarity,ACTUAL_SELECTED_SOURCE_QUERY,1,0,Ephrin type-B receptor 4,10.1016/j.bmcl.2009.10.037
LIB_MYAFDHCCQBIZLC,CHEMBL1080362,CHEMBL1079850,False,0.7638888955116272,True,True,,,,False,O=C(Nc1cccc(-c2cn3ccnc3c(NCc3ccncc3)n2)c1)Nc1cc(C(F)(F)F)ccc1F,GHPCAIWYHJZRGR-UHFFFAOYSA-N,https://www.ebi.ac.uk/chembl/api/data/similarity/CHEMBL1080362/40.json,official_similarity_percent_divided_by_100; not project_Morgan1024_similarity,NOT_IN_PHARMACOLOGY_SHORTLIST,,,,
LIB_MYAFDHCCQBIZLC,CHEMBL1080362,CHEMBL1081061,False,0.7571428418159485,True,True,,,,False,O=C(Nc1cccc(-c2cn3ccnc3c(NCCc3ccncc3)n2)c1)Nc1cccc(C(F)(F)F)c1,YLUXGJXUXWARJV-UHFFFAOYSA-N,https://www.ebi.ac.uk/chembl/api/data/similarity/CHEMBL1080362/40.json,official_similarity_percent_divided_by_100; not project_Morgan1024_similarity,NOT_IN_PHARMACOLOGY_SHORTLIST,,,,
LIB_MYAFDHCCQBIZLC,CHEMBL1080362,CHEMBL1079448,False,0.7534246444702148,True,True,,,,False,O=C(Nc1cccc(-c2cn3ccnc3c(NCc3ccncc3)n2)c1)Nc1cc(C(F)(F)F)ccc1O,OCOHRESDZFYIIC-UHFFFAOYSA-N,https://www.ebi.ac.uk/chembl/api/data/similarity/CHEMBL1080362/40.json,official_similarity_percent_divided_by_100; not project_Morgan1024_similarity,NOT_IN_PHARMACOLOGY_SHORTLIST,,,,
LIB_MYAFDHCCQBIZLC,CHEMBL1080362,CHEMBL1079795,False,0.7464788556098938,True,True,,,,False,O=C(Nc1cccc(-c2cn3ccnc3c(NCc3ccncc3)n2)c1)c1cccc(C(F)(F)F)c1,MSOIEDXPFWQELX-UHFFFAOYSA-N,https://www.ebi.ac.uk/chembl/api/data/similarity/CHEMBL1080362/40.json,official_similarity_percent_divided_by_100; not project_Morgan1024_similarity,NOT_IN_PHARMACOLOGY_SHORTLIST,,,,
LIB_MYAFDHCCQBIZLC,CHEMBL1080362,CHEMBL1081948,False,0.7464788556098938,True,True,,,,False,O=C(Nc1cccc(-c2cn3ccnc3c(NCc3ccncc3)n2)c1)Nc1ccccc1C(F)(F)F,PSDSEDAUIJUGQT-UHFFFAOYSA-N,https://www.ebi.ac.uk/chembl/api/data/similarity/CHEMBL1080362/40.json,official_similarity_percent_divided_by_100; not project_Morgan1024_similarity,NOT_IN_PHARMACOLOGY_SHORTLIST,,,,
LIB_MYAFDHCCQBIZLC,CHEMBL1080362,CHEMBL1080190,False,0.7432432174682617,True,True,,,,False,O=C(Nc1cccc(-c2cn3ccnc3c(NCc3ccncc3)n2)c1)Nc1cc(C(F)(F)F)ccc1Cl,DWDRUDUATUOJND-UHFFFAOYSA-N,https://www.ebi.ac.uk/chembl/api/data/similarity/CHEMBL1080362/40.json,official_similarity_percent_divided_by_100; not project_Morgan1024_similarity,NOT_IN_PHARMACOLOGY_SHORTLIST,,,,
LIB_MYAFDHCCQBIZLC,CHEMBL1080362,CHEMBL1079796,False,0.720588207244873,True,True,,,,False,O=C(Nc1cccc(-c2cn3ccnc3c(Nc3ccncc3)n2)c1)Nc1cccc(C(F)(F)F)c1,JRMCNSWAKAFNPS-UHFFFAOYSA-N,https://www.ebi.ac.uk/chembl/api/data/similarity/CHEMBL1080362/40.json,official_similarity_percent_divided_by_100; not project_Morgan1024_similarity,ACTUAL_SELECTED_SOURCE_QUERY,1,0,Ephrin type-B receptor 4,10.1016/j.bmcl.2009.10.037
LIB_MYAFDHCCQBIZLC,CHEMBL1080362,CHEMBL1079846,False,0.7142857313156128,True,True,,,,False,COc1ccc(C(F)(F)F)cc1NC(=O)Nc1cccc(-c2cn3ccnc3c(NCc3ccncc3)n2)c1,VDQZIQXNPVFCAD-UHFFFAOYSA-N,https://www.ebi.ac.uk/chembl/api/data/similarity/CHEMBL1080362/40.json,official_similarity_percent_divided_by_100; not project_Morgan1024_similarity,ACTUAL_SELECTED_SOURCE_QUERY,6,0,Angiopoietin-1 receptor; Ephrin type-B receptor 4; Vascular endothelial growth factor receptor 2,10.1016/j.bmcl.2009.10.037
LIB_MYAFDHCCQBIZLC,CHEMBL1080362,CHEMBL1081740,False,0.7123287916183472,True,True,,,,False,O=C(Nc1cccc(-c2cn3ccnc3c(NCc3ccncc3)n2)c1)Nc1ccc(F)c(C(F)(F)F)c1,ZNDXPRCORYDEAP-UHFFFAOYSA-N,https://www.ebi.ac.uk/chembl/api/data/similarity/CHEMBL1080362/40.json,official_similarity_percent_divided_by_100; not project_Morgan1024_similarity,ACTUAL_SELECTED_SOURCE_QUERY,1,0,Ephrin type-B receptor 4,10.1016/j.bmcl.2009.10.037
LIB_MYAFDHCCQBIZLC,CHEMBL1080362,CHEMBL1080183,False,0.7101449370384216,True,True,,,,False,O=C(Nc1cccc(F)c1)Nc1cccc(-c2cn3ccnc3c(NCc3ccncc3)n2)c1,ZDRQIUCJNULSBY-UHFFFAOYSA-N,https://www.ebi.ac.uk/chembl/api/data/similarity/CHEMBL1080362/40.json,official_similarity_percent_divided_by_100; not project_Morgan1024_similarity,NOT_IN_PHARMACOLOGY_SHORTLIST,,,,
LIB_MYAFDHCCQBIZLC,CHEMBL1080362,CHEMBL1081753,False,0.7042253613471985,True,True,,,,False,O=C(Nc1cccc(-c2cn3ccnc3c(NCc3ccncc3)n2)c1)Nc1ccccc1F,BXFUASFZFGJZOR-UHFFFAOYSA-N,https://www.ebi.ac.uk/chembl/api/data/similarity/CHEMBL1080362/40.json,official_similarity_percent_divided_by_100; not project_Morgan1024_similarity,NOT_IN_PHARMACOLOGY_SHORTLIST,,,,
LIB_MYAFDHCCQBIZLC,CHEMBL1080362,CHEMBL1079751,False,0.7027027010917664,True,True,,,,False,Cc1ccc(NC(=O)Nc2cccc(-c3cn4ccnc4c(NCc4ccncc4)n3)c2)cc1C(F)(F)F,CXRYSQNWQCVBQV-UHFFFAOYSA-N,https://www.ebi.ac.uk/chembl/api/data/similarity/CHEMBL1080362/40.json,official_similarity_percent_divided_by_100; not project_Morgan1024_similarity,ACTUAL_SELECTED_SOURCE_QUERY,1,0,Ephrin type-B receptor 4,10.1016/j.bmcl.2009.10.037
LIB_MYAFDHCCQBIZLC,CHEMBL1080362,CHEMBL1079960,False,0.7027027010917664,True,True,,,,False,O=C(Nc1cccc(-c2cn3ccnc3c(NCC3CCNCC3)n2)c1)Nc1cccc(C(F)(F)F)c1,OLQWTLPWZOPGNO-UHFFFAOYSA-N,https://www.ebi.ac.uk/chembl/api/data/similarity/CHEMBL1080362/40.json,official_similarity_percent_divided_by_100; not project_Morgan1024_similarity,NOT_IN_PHARMACOLOGY_SHORTLIST,,,,
LIB_MYAFDHCCQBIZLC,CHEMBL1080362,CHEMBL1081916,False,0.7027027010917664,True,True,,,,False,O=C(Nc1cccc(-c2cn3ccnc3c(NCc3ccncc3)n2)c1)Nc1ccc(Cl)c(C(F)(F)F)c1,YVCVALMTTAHIAN-UHFFFAOYSA-N,https://www.ebi.ac.uk/chembl/api/data/similarity/CHEMBL1080362/40.json,official_similarity_percent_divided_by_100; not project_Morgan1024_similarity,ACTUAL_SELECTED_SOURCE_QUERY,1,0,Ephrin type-B receptor 4,10.1016/j.bmcl.2009.10.037
LIB_MYAFDHCCQBIZLC,CHEMBL1080362,CHEMBL1079500,False,0.699999988079071,True,True,,,,False,O=C(Nc1ccc(F)cc1)Nc1cccc(-c2cn3ccnc3c(NCc3ccncc3)n2)c1,NEXJVWBTDAZXEA-UHFFFAOYSA-N,https://www.ebi.ac.uk/chembl/api/data/similarity/CHEMBL1080362/40.json,official_similarity_percent_divided_by_100; not project_Morgan1024_similarity,NOT_IN_PHARMACOLOGY_SHORTLIST,,,,
LIB_MYAFDHCCQBIZLC,CHEMBL1080362,CHEMBL1079963,False,0.699999988079071,True,True,,,,False,O=C(Nc1cccc(-c2cn3ccnc3c(Nc3cccnc3)n2)c1)Nc1cccc(C(F)(F)F)c1,KXCARQILTFDOLE-UHFFFAOYSA-N,https://www.ebi.ac.uk/chembl/api/data/similarity/CHEMBL1080362/40.json,official_similarity_percent_divided_by_100; not project_Morgan1024_similarity,ACTUAL_SELECTED_SOURCE_QUERY,1,0,Ephrin type-B receptor 4,10.1016/j.bmcl.2009.10.037
LIB_MYAFDHCCQBIZLC,CHEMBL1080362,CHEMBL1080669,False,0.6944444179534912,True,True,,,,False,O=C(Nc1cccc(Oc2ccccc2)c1)Nc1cccc(-c2cn3ccnc3c(NCc3ccncc3)n2)c1,FCRHJSNRFAAYQD-UHFFFAOYSA-N,https://www.ebi.ac.uk/chembl/api/data/similarity/CHEMBL1080362/40.json,official_similarity_percent_divided_by_100; not project_Morgan1024_similarity,ACTUAL_SELECTED_SOURCE_QUERY,1,0,Ephrin type-B receptor 4,10.1016/j.bmcl.2009.10.037
LIB_MYAFDHCCQBIZLC,CHEMBL1080362,CHEMBL1080024,False,0.6857143044471741,True,True,,,,False,O=C(Nc1cccc(Cl)c1)Nc1cccc(-c2cn3ccnc3c(NCc3ccncc3)n2)c1,PAYXSLMAIACIHH-UHFFFAOYSA-N,https://www.ebi.ac.uk/chembl/api/data/similarity/CHEMBL1080362/40.json,official_similarity_percent_divided_by_100; not project_Morgan1024_similarity,NOT_IN_PHARMACOLOGY_SHORTLIST,,,,
LIB_MYAFDHCCQBIZLC,CHEMBL1080362,CHEMBL1080359,False,0.6857143044471741,True,True,,,,False,O=C(Nc1cccc(Br)c1)Nc1cccc(-c2cn3ccnc3c(NCc3ccncc3)n2)c1,BLNZQHQYULGYHK-UHFFFAOYSA-N,https://www.ebi.ac.uk/chembl/api/data/similarity/CHEMBL1080362/40.json,official_similarity_percent_divided_by_100; not project_Morgan1024_similarity,NOT_IN_PHARMACOLOGY_SHORTLIST,,,,
LIB_MYAFDHCCQBIZLC,CHEMBL1080362,CHEMBL1080360,False,0.6857143044471741,True,True,,,,False,Cc1cccc(NC(=O)Nc2cccc(-c3cn4ccnc4c(NCc4ccncc4)n3)c2)c1,ZWQJXXDUCZISDN-UHFFFAOYSA-N,https://www.ebi.ac.uk/chembl/api/data/similarity/CHEMBL1080362/40.json,official_similarity_percent_divided_by_100; not project_Morgan1024_similarity,NOT_IN_PHARMACOLOGY_SHORTLIST,,,,
LIB_MYAFDHCCQBIZLC,CHEMBL1080362,CHEMBL1082107,False,0.6805555820465088,True,True,,,,False,O=C(Nc1cccc(-c2cn3ccnc3c(NCc3ccncc3)n2)c1)Nc1ccccc1Cl,FXICKEZXEBWTBW-UHFFFAOYSA-N,https://www.ebi.ac.uk/chembl/api/data/similarity/CHEMBL1080362/40.json,official_similarity_percent_divided_by_100; not project_Morgan1024_similarity,ACTUAL_SELECTED_SOURCE_QUERY,1,0,Ephrin type-B receptor 4,10.1016/j.bmcl.2009.10.037
LIB_MYAFDHCCQBIZLC,CHEMBL1080362,CHEMBL1082108,False,0.6805555820465088,True,True,,,,False,O=C(Nc1cccc(-c2cn3ccnc3c(NCc3ccncc3)n2)c1)Nc1ccccc1Br,QQOJCZVNIZOVNS-UHFFFAOYSA-N,https://www.ebi.ac.uk/chembl/api/data/similarity/CHEMBL1080362/40.json,official_similarity_percent_divided_by_100; not project_Morgan1024_similarity,ACTUAL_SELECTED_SOURCE_QUERY,1,0,Ephrin type-B receptor 4,10.1016/j.bmcl.2009.10.037
LIB_MYAFDHCCQBIZLC,CHEMBL1080362,CHEMBL1082109,False,0.6805555820465088,True,True,,,,False,Cc1ccccc1NC(=O)Nc1cccc(-c2cn3ccnc3c(NCc3ccncc3)n2)c1,KZBBFLDRONRJPW-UHFFFAOYSA-N,https://www.ebi.ac.uk/chembl/api/data/similarity/CHEMBL1080362/40.json,official_similarity_percent_divided_by_100; not project_Morgan1024_similarity,NOT_IN_PHARMACOLOGY_SHORTLIST,,,,
LIB_MYAFDHCCQBIZLC,CHEMBL1080362,CHEMBL1079501,False,0.6760563254356384,True,True,,,,False,O=C(Nc1ccc(Cl)cc1)Nc1cccc(-c2cn3ccnc3c(NCc3ccncc3)n2)c1,TUIHAHCAVNUBKD-UHFFFAOYSA-N,https://www.ebi.ac.uk/chembl/api/data/similarity/CHEMBL1080362/40.json,official_similarity_percent_divided_by_100; not project_Morgan1024_similarity,NOT_IN_PHARMACOLOGY_SHORTLIST,,,,
LIB_MYAFDHCCQBIZLC,CHEMBL1080362,CHEMBL1079502,False,0.6760563254356384,True,True,,,,False,O=C(Nc1ccc(Br)cc1)Nc1cccc(-c2cn3ccnc3c(NCc3ccncc3)n2)c1,HCAAXKSCNRTPEB-UHFFFAOYSA-N,https://www.ebi.ac.uk/chembl/api/data/similarity/CHEMBL1080362/40.json,official_similarity_percent_divided_by_100; not project_Morgan1024_similarity,NOT_IN_PHARMACOLOGY_SHORTLIST,,,,
LIB_MYAFDHCCQBIZLC,CHEMBL1080362,CHEMBL1080000,False,0.6760563254356384,True,True,,,,False,Cc1ccc(NC(=O)Nc2cccc(-c3cn4ccnc4c(NCc4ccncc4)n3)c2)cc1,YTPJVDXBMAVUCE-UHFFFAOYSA-N,https://www.ebi.ac.uk/chembl/api/data/similarity/CHEMBL1080362/40.json,official_similarity_percent_divided_by_100; not project_Morgan1024_similarity,NOT_IN_PHARMACOLOGY_SHORTLIST,,,,
LIB_MYAFDHCCQBIZLC,CHEMBL1080362,CHEMBL1081568,False,0.6760563254356384,True,True,,,,False,O=C(Nc1cc(Cl)cc(Cl)c1)Nc1cccc(-c2cn3ccnc3c(NCc3ccncc3)n2)c1,GKDBVPFTJZEJII-UHFFFAOYSA-N,https://www.ebi.ac.uk/chembl/api/data/similarity/CHEMBL1080362/40.json,official_similarity_percent_divided_by_100; not project_Morgan1024_similarity,NOT_IN_PHARMACOLOGY_SHORTLIST,,,,
LIB_MYAFDHCCQBIZLC,CHEMBL1080362,CHEMBL1080670,False,0.6666666865348816,True,True,,,,False,CCc1ccc(NC(=O)Nc2cccc(-c3cn4ccnc4c(NCc4ccncc4)n3)c2)cc1,DOCFNJZHXYFUCE-UHFFFAOYSA-N,https://www.ebi.ac.uk/chembl/api/data/similarity/CHEMBL1080362/40.json,official_similarity_percent_divided_by_100; not project_Morgan1024_similarity,NOT_IN_PHARMACOLOGY_SHORTLIST,,,,
LIB_MYAFDHCCQBIZLC,CHEMBL1080362,CHEMBL1081205,False,0.6666666865348816,True,True,,,,False,O=C(Nc1cccc(-c2cn3ccnc3c(NCc3ccncc3)n2)c1)Nc1ccc(Cl)c(Cl)c1,SQEOHTQTMJDMFM-UHFFFAOYSA-N,https://www.ebi.ac.uk/chembl/api/data/similarity/CHEMBL1080362/40.json,official_similarity_percent_divided_by_100; not project_Morgan1024_similarity,NOT_IN_PHARMACOLOGY_SHORTLIST,,,,
LIB_MYAFDHCCQBIZLC,CHEMBL1080362,CHEMBL1081402,False,0.6666666865348816,True,True,,,,False,O=C(Nc1cccc(-c2cn3ccnc3c(NCc3ccncc3)n2)c1)Nc1c(Cl)cccc1Cl,GBYWOCPBKVOAHK-UHFFFAOYSA-N,https://www.ebi.ac.uk/chembl/api/data/similarity/CHEMBL1080362/40.json,official_similarity_percent_divided_by_100; not project_Morgan1024_similarity,NOT_IN_PHARMACOLOGY_SHORTLIST,,,,
LIB_MYAFDHCCQBIZLC,CHEMBL1080362,CHEMBL1079482,False,0.662162184715271,True,True,,,,False,O=C(NCc1cccc(C(F)(F)F)c1)c1cccc(-c2cn3ccnc3c(NCc3ccncc3)n2)c1,PUQMWXPYUHWAHL-UHFFFAOYSA-N,https://www.ebi.ac.uk/chembl/api/data/similarity/CHEMBL1080362/40.json,official_similarity_percent_divided_by_100; not project_Morgan1024_similarity,NOT_IN_PHARMACOLOGY_SHORTLIST,,,,
LIB_MYAFDHCCQBIZLC,CHEMBL1080362,CHEMBL1079810,False,0.662162184715271,True,True,,,,False,CN(Cc1ccncc1)c1nc(-c2cccc(NC(=O)Nc3cccc(C(F)(F)F)c3)c2)cn2ccnc12,PGAGZKDWBHDEKT-UHFFFAOYSA-N,https://www.ebi.ac.uk/chembl/api/data/similarity/CHEMBL1080362/40.json,official_similarity_percent_divided_by_100; not project_Morgan1024_similarity,NOT_IN_PHARMACOLOGY_SHORTLIST,,,,
LIB_MYAFDHCCQBIZLC,CHEMBL1080362,CHEMBL1080019,False,0.662162184715271,True,True,,,,False,CSc1ccccc1NC(=O)Nc1cccc(-c2cn3ccnc3c(NCc3ccncc3)n2)c1,KAQDDFYRKRNZPF-UHFFFAOYSA-N,https://www.ebi.ac.uk/chembl/api/data/similarity/CHEMBL1080362/40.json,official_similarity_percent_divided_by_100; not project_Morgan1024_similarity,NOT_IN_PHARMACOLOGY_SHORTLIST,,,,
LIB_MYAFDHCCQBIZLC,CHEMBL1080362,CHEMBL1080182,False,0.6578947305679321,True,True,,,,False,O=C(Nc1cccc(-c2cn3ccnc3c(NCc3ccncc3)n2)c1)Nc1ccccc1Oc1ccccc1,FUQDVEKSFKFAGI-UHFFFAOYSA-N,https://www.ebi.ac.uk/chembl/api/data/similarity/CHEMBL1080362/40.json,official_similarity_percent_divided_by_100; not project_Morgan1024_similarity,ACTUAL_SELECTED_SOURCE_QUERY,1,0,Ephrin type-B receptor 4,10.1016/j.bmcl.2009.10.037
LIB_MYAFDHCCQBIZLC,CHEMBL1080362,CHEMBL1079809,False,0.6575342416763306,True,True,,,,False,O=C(Nc1cccc(-c2cn3ccnc3c(OCc3ccncc3)n2)c1)Nc1cccc(C(F)(F)F)c1,VYPKGVPXECFUKL-UHFFFAOYSA-N,https://www.ebi.ac.uk/chembl/api/data/similarity/CHEMBL1080362/40.json,official_similarity_percent_divided_by_100; not project_Morgan1024_similarity,ACTUAL_SELECTED_SOURCE_QUERY,1,0,Ephrin type-B receptor 4,10.1016/j.bmcl.2009.10.037
LIB_MYAFDHCCQBIZLC,CHEMBL1080362,CHEMBL1080530,False,0.6575342416763306,True,True,,,,False,COc1cccc(NC(=O)Nc2cccc(-c3cn4ccnc4c(NCc4ccncc4)n3)c2)c1,LYFNTXIHVLTXDA-UHFFFAOYSA-N,https://www.ebi.ac.uk/chembl/api/data/similarity/CHEMBL1080362/40.json,official_similarity_percent_divided_by_100; not project_Morgan1024_similarity,ACTUAL_SELECTED_SOURCE_QUERY,1,0,Ephrin type-B receptor 4,10.1016/j.bmcl.2009.10.037
LIB_MYAFDHCCQBIZLC,CHEMBL1080362,CHEMBL1080668,False,0.6575342416763306,True,True,,,,False,N#Cc1cccc(NC(=O)Nc2cccc(-c3cn4ccnc4c(NCc4ccncc4)n3)c2)c1,YTRJTOGKRDTLFL-UHFFFAOYSA-N,https://www.ebi.ac.uk/chembl/api/data/similarity/CHEMBL1080362/40.json,official_similarity_percent_divided_by_100; not project_Morgan1024_similarity,NOT_IN_PHARMACOLOGY_SHORTLIST,,,,
LIB_MYAFDHCCQBIZLC,CHEMBL1080362,CHEMBL1080841,False,0.6575342416763306,True,True,,,,False,CSc1cccc(NC(=O)Nc2cccc(-c3cn4ccnc4c(NCc4ccncc4)n3)c2)c1,QMEBNHIMOFJSKX-UHFFFAOYSA-N,https://www.ebi.ac.uk/chembl/api/data/similarity/CHEMBL1080362/40.json,official_similarity_percent_divided_by_100; not project_Morgan1024_similarity,NOT_IN_PHARMACOLOGY_SHORTLIST,,,,
LIB_MYAFDHCCQBIZLC,CHEMBL1080362,CHEMBL1080004,False,0.653333306312561,True,True,,,,False,COc1ccccc1NC(=O)Nc1cccc(-c2cn3ccnc3c(NCc3ccncc3)n2)c1,CMEKKGVRSHUBBM-UHFFFAOYSA-N,https://www.ebi.ac.uk/chembl/api/data/similarity/CHEMBL1080362/40.json,official_similarity_percent_divided_by_100; not project_Morgan1024_similarity,NOT_IN_PHARMACOLOGY_SHORTLIST,,,,
LIB_MYAFDHCCQBIZLC,CHEMBL1080362,CHEMBL1080872,False,0.653333306312561,True,True,,,,False,O=S(=O)(Nc1cccc(-c2cn3ccnc3c(NCc3ccncc3)n2)c1)c1cccc(C(F)(F)F)c1,WZFZONITOFUGNM-UHFFFAOYSA-N,https://www.ebi.ac.uk/chembl/api/data/similarity/CHEMBL1080362/40.json,official_similarity_percent_divided_by_100; not project_Morgan1024_similarity,NOT_IN_PHARMACOLOGY_SHORTLIST,,,,
LIB_MYAFDHCCQBIZLC,CHEMBL1080362,CHEMBL1075666,False,0.6499999761581421,True,True,,,,False,COc1cc(OC)c(C(F)(F)F)cc1NC(=O)Nc1cccc(-c2cn3ccnc3c(NCc3ccncc3)n2)c1,YAYODJGNSKFEGH-UHFFFAOYSA-N,https://www.ebi.ac.uk/chembl/api/data/similarity/CHEMBL1080362/40.json,official_similarity_percent_divided_by_100; not project_Morgan1024_similarity,NOT_IN_PHARMACOLOGY_SHORTLIST,,,,
LIB_MYAFDHCCQBIZLC,CHEMBL1080362,CHEMBL1079794,False,0.6486486196517944,True,True,,,,False,O=C(Nc1cccc(-c2cn3ccnc3c(NCc3ccncc3)n2)c1)Nc1cc(Cl)c(Cl)cc1Cl,QUXOZGASFQBLEZ-UHFFFAOYSA-N,https://www.ebi.ac.uk/chembl/api/data/similarity/CHEMBL1080362/40.json,official_similarity_percent_divided_by_100; not project_Morgan1024_similarity,NOT_IN_PHARMACOLOGY_SHORTLIST,,,,
LIB_MYAFDHCCQBIZLC,CHEMBL1080362,CHEMBL1081024,False,0.6486486196517944,True,True,,,,False,O=C(Nc1cccc(-c2cn3ccnc3c(NCc3ccncc3)n2)c1)Nc1cccc(Cl)c1Cl,CFRIHIVPVMJLCD-UHFFFAOYSA-N,https://www.ebi.ac.uk/chembl/api/data/similarity/CHEMBL1080362/40.json,official_similarity_percent_divided_by_100; not project_Morgan1024_similarity,NOT_IN_PHARMACOLOGY_SHORTLIST,,,,
LIB_MYAFDHCCQBIZLC,CHEMBL1080362,CHEMBL1081944,False,0.6486486196517944,True,True,,,,False,COc1ccc(NC(=O)Nc2cccc(-c3cn4ccnc4c(NCc4ccncc4)n3)c2)cc1,XLWMJSMQIMYFEB-UHFFFAOYSA-N,https://www.ebi.ac.uk/chembl/api/data/similarity/CHEMBL1080362/40.json,official_similarity_percent_divided_by_100; not project_Morgan1024_similarity,NOT_IN_PHARMACOLOGY_SHORTLIST,,,,
LIB_MYAFDHCCQBIZLC,CHEMBL1080362,CHEMBL1075667,False,0.6419752836227417,True,True,,,,False,CCOc1cc(OCC)c(C(F)(F)F)cc1NC(=O)Nc1cccc(-c2cn3ccnc3c(NCc3ccncc3)n2)c1,BDNDOZRIKYDPKJ-UHFFFAOYSA-N,https://www.ebi.ac.uk/chembl/api/data/similarity/CHEMBL1080362/40.json,official_similarity_percent_divided_by_100; not project_Morgan1024_similarity,NOT_IN_PHARMACOLOGY_SHORTLIST,,,,
LIB_MYAFDHCCQBIZLC,CHEMBL1080362,CHEMBL1080191,False,0.6315789222717285,True,True,,,,False,Cc1ccc(C)c(NC(=O)Nc2cccc(-c3cn4ccnc4c(NCc4ccncc4)n3)c2)c1,NBZQBLWZQATODT-UHFFFAOYSA-N,https://www.ebi.ac.uk/chembl/api/data/similarity/CHEMBL1080362/40.json,official_similarity_percent_divided_by_100; not project_Morgan1024_similarity,NOT_IN_PHARMACOLOGY_SHORTLIST,,,,
LIB_MYAFDHCCQBIZLC,CHEMBL1080362,CHEMBL1080353,False,0.6315789222717285,True,True,,,,False,O=C(Nc1cccc(-c2cn3ccnc3c(NCc3ccncc3)n2)c1)Nc1cc(Cl)ccc1Cl,PGFOJZWSZMBPPQ-UHFFFAOYSA-N,https://www.ebi.ac.uk/chembl/api/data/similarity/CHEMBL1080362/40.json,official_similarity_percent_divided_by_100; not project_Morgan1024_similarity,NOT_IN_PHARMACOLOGY_SHORTLIST,,,,
LIB_MYAFDHCCQBIZLC,CHEMBL1080362,CHEMBL1081025,False,0.6315789222717285,True,True,,,,False,O=C(Nc1cccc(-c2cn3ccnc3c(NCc3ccncc3)n2)c1)Nc1ccc(Cl)cc1Cl,HLMIPIHLMFHHMW-UHFFFAOYSA-N,https://www.ebi.ac.uk/chembl/api/data/similarity/CHEMBL1080362/40.json,official_similarity_percent_divided_by_100; not project_Morgan1024_similarity,NOT_IN_PHARMACOLOGY_SHORTLIST,,,,
LIB_MYAFDHCCQBIZLC,CHEMBL1080362,CHEMBL1081573,False,0.6153846383094788,True,True,,,,False,Cc1ccc(Cl)cc1NC(=O)Nc1cccc(-c2cn3ccnc3c(NCc3ccncc3)n2)c1,JHUWWAUVQCEKHO-UHFFFAOYSA-N,https://www.ebi.ac.uk/chembl/api/data/similarity/CHEMBL1080362/40.json,official_similarity_percent_divided_by_100; not project_Morgan1024_similarity,NOT_IN_PHARMACOLOGY_SHORTLIST,,,,
LIB_MYAFDHCCQBIZLC,CHEMBL1080362,CHEMBL1079648,False,0.6144578456878662,True,True,,,,False,COc1ccc(C(F)(F)F)cc1NC(=O)CNc1cccc(-c2cn3ccnc3c(NCc3ccncc3)n2)c1,YZZJLDVCVPYUMF-UHFFFAOYSA-N,https://www.ebi.ac.uk/chembl/api/data/similarity/CHEMBL1080362/40.json,official_similarity_percent_divided_by_100; not project_Morgan1024_similarity,ACTUAL_SELECTED_SOURCE_QUERY,1,0,Ephrin type-B receptor 4,10.1016/j.bmcl.2009.10.037
LIB_MYAFDHCCQBIZLC,CHEMBL1080362,CHEMBL1076138,False,0.6097561120986938,True,True,,,,False,O=C(Nc1cccc(-c2cn3ccnc3c(NCc3ccncc3)n2)c1)Nc1cc(Cl)ccc1Oc1ccccc1,IBOHJYCESQFVLJ-UHFFFAOYSA-N,https://www.ebi.ac.uk/chembl/api/data/similarity/CHEMBL1080362/40.json,official_similarity_percent_divided_by_100; not project_Morgan1024_similarity,NOT_IN_PHARMACOLOGY_SHORTLIST,,,,
LIB_MYAFDHCCQBIZLC,CHEMBL1080362,CHEMBL1080640,False,0.6000000238418579,True,True,,,,False,COc1ccc(C)cc1NC(=O)Nc1cccc(-c2cn3ccnc3c(NCc3ccncc3)n2)c1,CTBAIXMGKDLRMD-UHFFFAOYSA-N,https://www.ebi.ac.uk/chembl/api/data/similarity/CHEMBL1080362/40.json,official_similarity_percent_divided_by_100; not project_Morgan1024_similarity,NOT_IN_PHARMACOLOGY_SHORTLIST,,,,
LIB_ZNDXPRCORYDEAP,CHEMBL1081740,CHEMBL1079751,False,0.8450704216957092,True,True,,,,False,Cc1ccc(NC(=O)Nc2cccc(-c3cn4ccnc4c(NCc4ccncc4)n3)c2)cc1C(F)(F)F,CXRYSQNWQCVBQV-UHFFFAOYSA-N,https://www.ebi.ac.uk/chembl/api/data/similarity/CHEMBL1081740/40.json,official_similarity_percent_divided_by_100; not project_Morgan1024_similarity,ACTUAL_SELECTED_SOURCE_QUERY,1,0,Ephrin type-B receptor 4,10.1016/j.bmcl.2009.10.037
LIB_ZNDXPRCORYDEAP,CHEMBL1081740,CHEMBL1081916,False,0.8450704216957092,True,True,,,,False,O=C(Nc1cccc(-c2cn3ccnc3c(NCc3ccncc3)n2)c1)Nc1ccc(Cl)c(C(F)(F)F)c1,YVCVALMTTAHIAN-UHFFFAOYSA-N,https://www.ebi.ac.uk/chembl/api/data/similarity/CHEMBL1081740/40.json,official_similarity_percent_divided_by_100; not project_Morgan1024_similarity,ACTUAL_SELECTED_SOURCE_QUERY,1,0,Ephrin type-B receptor 4,10.1016/j.bmcl.2009.10.037
LIB_ZNDXPRCORYDEAP,CHEMBL1081740,CHEMBL1082113,False,0.8260869383811951,True,True,,,,False,O=C(Nc1ccc(C(F)(F)F)cc1)Nc1cccc(-c2cn3ccnc3c(NCc3ccncc3)n2)c1,SNKYRRUHFHNPGP-UHFFFAOYSA-N,https://www.ebi.ac.uk/chembl/api/data/similarity/CHEMBL1081740/40.json,official_similarity_percent_divided_by_100; not project_Morgan1024_similarity,ACTUAL_SELECTED_SOURCE_QUERY,1,0,Ephrin type-B receptor 4,10.1016/j.bmcl.2009.10.037
LIB_ZNDXPRCORYDEAP,CHEMBL1081740,CHEMBL1081948,False,0.8169013857841492,True,True,,,,False,O=C(Nc1cccc(-c2cn3ccnc3c(NCc3ccncc3)n2)c1)Nc1ccccc1C(F)(F)F,PSDSEDAUIJUGQT-UHFFFAOYSA-N,https://www.ebi.ac.uk/chembl/api/data/similarity/CHEMBL1081740/40.json,official_similarity_percent_divided_by_100; not project_Morgan1024_similarity,NOT_IN_PHARMACOLOGY_SHORTLIST,,,,
LIB_ZNDXPRCORYDEAP,CHEMBL1081740,CHEMBL1079850,False,0.8082191944122314,True,True,,,,False,O=C(Nc1cccc(-c2cn3ccnc3c(NCc3ccncc3)n2)c1)Nc1cc(C(F)(F)F)ccc1F,GHPCAIWYHJZRGR-UHFFFAOYSA-N,https://www.ebi.ac.uk/chembl/api/data/similarity/CHEMBL1081740/40.json,official_similarity_percent_divided_by_100; not project_Morgan1024_similarity,NOT_IN_PHARMACOLOGY_SHORTLIST,,,,
LIB_ZNDXPRCORYDEAP,CHEMBL1081740,CHEMBL1081198,False,0.800000011920929,True,True,,,,False,O=C(Nc1cccc(-c2cn3ccnc3c(NCc3ccncc3)n2)c1)Nc1cccc(C(F)(F)F)c1,NWEIPABWNQPRCZ-UHFFFAOYSA-N,https://www.ebi.ac.uk/chembl/api/data/similarity/CHEMBL1081740/40.json,official_similarity_percent_divided_by_100; not project_Morgan1024_similarity,ACTUAL_SELECTED_SOURCE_QUERY,55,0,Angiopoietin-1 receptor; Cyclin-dependent kinase 5; Ephrin type-A receptor 2; Ephrin type-B receptor 4; Epidermal growth factor receptor; Fibroblast growth factor receptor 4; Glycogen synthase kinase-3 beta; Insulin receptor; Platelet-derived growth factor receptor beta; Protein kinase C alpha type; Protein kinase C beta type; Protein kinase C theta type; Proto-oncogene tyrosine-protein kinase Src; RAC-alpha serine/threonine-protein kinase; Receptor-type tyrosine-protein kinase FLT3; Tyrosine-protein kinase ABL1; Tyrosine-protein kinase BTK; Tyrosine-protein kinase Blk; Tyrosine-protein kinase Fyn; Tyrosine-protein kinase Lck; Tyrosine-protein kinase Lyn; Tyrosine-protein kinase SYK; Tyrosine-protein kinase ZAP-70; Unchecked; Vascular endothelial growth factor receptor 1; Vascular endothelial growth factor receptor 2; Vascular endothelial growth factor receptor 3,10.1016/j.bmcl.2009.10.037
LIB_ZNDXPRCORYDEAP,CHEMBL1081740,CHEMBL1079500,False,0.7971014380455017,True,True,,,,False,O=C(Nc1ccc(F)cc1)Nc1cccc(-c2cn3ccnc3c(NCc3ccncc3)n2)c1,NEXJVWBTDAZXEA-UHFFFAOYSA-N,https://www.ebi.ac.uk/chembl/api/data/similarity/CHEMBL1081740/40.json,official_similarity_percent_divided_by_100; not project_Morgan1024_similarity,NOT_IN_PHARMACOLOGY_SHORTLIST,,,,
LIB_ZNDXPRCORYDEAP,CHEMBL1081740,CHEMBL1080183,False,0.782608687877655,True,True,,,,False,O=C(Nc1cccc(F)c1)Nc1cccc(-c2cn3ccnc3c(NCc3ccncc3)n2)c1,ZDRQIUCJNULSBY-UHFFFAOYSA-N,https://www.ebi.ac.uk/chembl/api/data/similarity/CHEMBL1081740/40.json,official_similarity_percent_divided_by_100; not project_Morgan1024_similarity,NOT_IN_PHARMACOLOGY_SHORTLIST,,,,
LIB_ZNDXPRCORYDEAP,CHEMBL1081740,CHEMBL1081753,False,0.7746478915214539,True,True,,,,False,O=C(Nc1cccc(-c2cn3ccnc3c(NCc3ccncc3)n2)c1)Nc1ccccc1F,BXFUASFZFGJZOR-UHFFFAOYSA-N,https://www.ebi.ac.uk/chembl/api/data/similarity/CHEMBL1081740/40.json,official_similarity_percent_divided_by_100; not project_Morgan1024_similarity,NOT_IN_PHARMACOLOGY_SHORTLIST,,,,
LIB_ZNDXPRCORYDEAP,CHEMBL1081740,CHEMBL1079501,False,0.7714285850524902,True,True,,,,False,O=C(Nc1ccc(Cl)cc1)Nc1cccc(-c2cn3ccnc3c(NCc3ccncc3)n2)c1,TUIHAHCAVNUBKD-UHFFFAOYSA-N,https://www.ebi.ac.uk/chembl/api/data/similarity/CHEMBL1081740/40.json,official_similarity_percent_divided_by_100; not project_Morgan1024_similarity,NOT_IN_PHARMACOLOGY_SHORTLIST,,,,
LIB_ZNDXPRCORYDEAP,CHEMBL1081740,CHEMBL1079811,False,0.7647058963775635,True,True,,,,False,O=C(Nc1ccccc1)Nc1cccc(-c2cn3ccnc3c(NCc3ccncc3)n2)c1,JJHHLCYLWFYZQF-UHFFFAOYSA-N,https://www.ebi.ac.uk/chembl/api/data/similarity/CHEMBL1081740/40.json,official_similarity_percent_divided_by_100; not project_Morgan1024_similarity,ACTUAL_SELECTED_SOURCE_QUERY,1,0,Ephrin type-B receptor 4,10.1016/j.bmcl.2009.10.037
LIB_ZNDXPRCORYDEAP,CHEMBL1081740,CHEMBL1080024,False,0.7571428418159485,True,True,,,,False,O=C(Nc1cccc(Cl)c1)Nc1cccc(-c2cn3ccnc3c(NCc3ccncc3)n2)c1,PAYXSLMAIACIHH-UHFFFAOYSA-N,https://www.ebi.ac.uk/chembl/api/data/similarity/CHEMBL1081740/40.json,official_similarity_percent_divided_by_100; not project_Morgan1024_similarity,NOT_IN_PHARMACOLOGY_SHORTLIST,,,,
LIB_ZNDXPRCORYDEAP,CHEMBL1081740,CHEMBL1079502,False,0.7464788556098938,True,True,,,,False,O=C(Nc1ccc(Br)cc1)Nc1cccc(-c2cn3ccnc3c(NCc3ccncc3)n2)c1,HCAAXKSCNRTPEB-UHFFFAOYSA-N,https://www.ebi.ac.uk/chembl/api/data/similarity/CHEMBL1081740/40.json,official_similarity_percent_divided_by_100; not project_Morgan1024_similarity,NOT_IN_PHARMACOLOGY_SHORTLIST,,,,
LIB_ZNDXPRCORYDEAP,CHEMBL1081740,CHEMBL1080000,False,0.7464788556098938,True,True,,,,False,Cc1ccc(NC(=O)Nc2cccc(-c3cn4ccnc4c(NCc4ccncc4)n3)c2)cc1,YTPJVDXBMAVUCE-UHFFFAOYSA-N,https://www.ebi.ac.uk/chembl/api/data/similarity/CHEMBL1081740/40.json,official_similarity_percent_divided_by_100; not project_Morgan1024_similarity,NOT_IN_PHARMACOLOGY_SHORTLIST,,,,
LIB_ZNDXPRCORYDEAP,CHEMBL1081740,CHEMBL1081568,False,0.7464788556098938,True,True,,,,False,O=C(Nc1cc(Cl)cc(Cl)c1)Nc1cccc(-c2cn3ccnc3c(NCc3ccncc3)n2)c1,GKDBVPFTJZEJII-UHFFFAOYSA-N,https://www.ebi.ac.uk/chembl/api/data/similarity/CHEMBL1081740/40.json,official_similarity_percent_divided_by_100; not project_Morgan1024_similarity,NOT_IN_PHARMACOLOGY_SHORTLIST,,,,
LIB_ZNDXPRCORYDEAP,CHEMBL1081740,CHEMBL1081754,False,0.7397260069847107,True,True,,,,False,O=C(Nc1ccc(-c2cn3ccnc3c(NCc3ccncc3)n2)cc1)Nc1cccc(C(F)(F)F)c1,YFXAKRSCLHWERK-UHFFFAOYSA-N,https://www.ebi.ac.uk/chembl/api/data/similarity/CHEMBL1081740/40.json,official_similarity_percent_divided_by_100; not project_Morgan1024_similarity,NOT_IN_PHARMACOLOGY_SHORTLIST,,,,
LIB_ZNDXPRCORYDEAP,CHEMBL1081740,CHEMBL1080670,False,0.7361111044883728,True,True,,,,False,CCc1ccc(NC(=O)Nc2cccc(-c3cn4ccnc4c(NCc4ccncc4)n3)c2)cc1,DOCFNJZHXYFUCE-UHFFFAOYSA-N,https://www.ebi.ac.uk/chembl/api/data/similarity/CHEMBL1081740/40.json,official_similarity_percent_divided_by_100; not project_Morgan1024_similarity,NOT_IN_PHARMACOLOGY_SHORTLIST,,,,
LIB_ZNDXPRCORYDEAP,CHEMBL1081740,CHEMBL1081205,False,0.7361111044883728,True,True,,,,False,O=C(Nc1cccc(-c2cn3ccnc3c(NCc3ccncc3)n2)c1)Nc1ccc(Cl)c(Cl)c1,SQEOHTQTMJDMFM-UHFFFAOYSA-N,https://www.ebi.ac.uk/chembl/api/data/similarity/CHEMBL1081740/40.json,official_similarity_percent_divided_by_100; not project_Morgan1024_similarity,NOT_IN_PHARMACOLOGY_SHORTLIST,,,,
LIB_ZNDXPRCORYDEAP,CHEMBL1081740,CHEMBL1075666,False,0.7341772317886353,True,True,,,,False,COc1cc(OC)c(C(F)(F)F)cc1NC(=O)Nc1cccc(-c2cn3ccnc3c(NCc3ccncc3)n2)c1,YAYODJGNSKFEGH-UHFFFAOYSA-N,https://www.ebi.ac.uk/chembl/api/data/similarity/CHEMBL1081740/40.json,official_similarity_percent_divided_by_100; not project_Morgan1024_similarity,NOT_IN_PHARMACOLOGY_SHORTLIST,,,,
LIB_ZNDXPRCORYDEAP,CHEMBL1081740,CHEMBL1080359,False,0.7323943376541138,True,True,,,,False,O=C(Nc1cccc(Br)c1)Nc1cccc(-c2cn3ccnc3c(NCc3ccncc3)n2)c1,BLNZQHQYULGYHK-UHFFFAOYSA-N,https://www.ebi.ac.uk/chembl/api/data/similarity/CHEMBL1081740/40.json,official_similarity_percent_divided_by_100; not project_Morgan1024_similarity,NOT_IN_PHARMACOLOGY_SHORTLIST,,,,
LIB_ZNDXPRCORYDEAP,CHEMBL1081740,CHEMBL1080360,False,0.7323943376541138,True,True,,,,False,Cc1cccc(NC(=O)Nc2cccc(-c3cn4ccnc4c(NCc4ccncc4)n3)c2)c1,ZWQJXXDUCZISDN-UHFFFAOYSA-N,https://www.ebi.ac.uk/chembl/api/data/similarity/CHEMBL1081740/40.json,official_similarity_percent_divided_by_100; not project_Morgan1024_similarity,NOT_IN_PHARMACOLOGY_SHORTLIST,,,,
LIB_ZNDXPRCORYDEAP,CHEMBL1081740,CHEMBL1079448,False,0.7272727489471436,True,True,,,,False,O=C(Nc1cccc(-c2cn3ccnc3c(NCc3ccncc3)n2)c1)Nc1cc(C(F)(F)F)ccc1O,OCOHRESDZFYIIC-UHFFFAOYSA-N,https://www.ebi.ac.uk/chembl/api/data/similarity/CHEMBL1081740/40.json,official_similarity_percent_divided_by_100; not project_Morgan1024_similarity,NOT_IN_PHARMACOLOGY_SHORTLIST,,,,
LIB_ZNDXPRCORYDEAP,CHEMBL1081740,CHEMBL1080841,False,0.7260273694992065,True,True,,,,False,CSc1cccc(NC(=O)Nc2cccc(-c3cn4ccnc4c(NCc4ccncc4)n3)c2)c1,QMEBNHIMOFJSKX-UHFFFAOYSA-N,https://www.ebi.ac.uk/chembl/api/data/similarity/CHEMBL1081740/40.json,official_similarity_percent_divided_by_100; not project_Morgan1024_similarity,NOT_IN_PHARMACOLOGY_SHORTLIST,,,,
LIB_ZNDXPRCORYDEAP,CHEMBL1081740,CHEMBL1075667,False,0.7250000238418579,True,True,,,,False,CCOc1cc(OCC)c(C(F)(F)F)cc1NC(=O)Nc1cccc(-c2cn3ccnc3c(NCc3ccncc3)n2)c1,BDNDOZRIKYDPKJ-UHFFFAOYSA-N,https://www.ebi.ac.uk/chembl/api/data/similarity/CHEMBL1081740/40.json,official_similarity_percent_divided_by_100; not project_Morgan1024_similarity,NOT_IN_PHARMACOLOGY_SHORTLIST,,,,
LIB_ZNDXPRCORYDEAP,CHEMBL1081740,CHEMBL1079621,False,0.7236841917037964,True,True,,,,False,O=C(NCc1cccc(C(F)(F)F)c1)Nc1cccc(-c2cn3ccnc3c(NCc3ccncc3)n2)c1,UDXKCMZFPXURAC-UHFFFAOYSA-N,https://www.ebi.ac.uk/chembl/api/data/similarity/CHEMBL1081740/40.json,official_similarity_percent_divided_by_100; not project_Morgan1024_similarity,NOT_IN_PHARMACOLOGY_SHORTLIST,,,,
LIB_ZNDXPRCORYDEAP,CHEMBL1081740,CHEMBL1080190,False,0.7179487347602844,True,True,,,,False,O=C(Nc1cccc(-c2cn3ccnc3c(NCc3ccncc3)n2)c1)Nc1cc(C(F)(F)F)ccc1Cl,DWDRUDUATUOJND-UHFFFAOYSA-N,https://www.ebi.ac.uk/chembl/api/data/similarity/CHEMBL1081740/40.json,official_similarity_percent_divided_by_100; not project_Morgan1024_similarity,NOT_IN_PHARMACOLOGY_SHORTLIST,,,,
LIB_ZNDXPRCORYDEAP,CHEMBL1081740,CHEMBL1081944,False,0.7162162065505981,True,True,,,,False,COc1ccc(NC(=O)Nc2cccc(-c3cn4ccnc4c(NCc4ccncc4)n3)c2)cc1,XLWMJSMQIMYFEB-UHFFFAOYSA-N,https://www.ebi.ac.uk/chembl/api/data/similarity/CHEMBL1081740/40.json,official_similarity_percent_divided_by_100; not project_Morgan1024_similarity,NOT_IN_PHARMACOLOGY_SHORTLIST,,,,
LIB_ZNDXPRCORYDEAP,CHEMBL1081740,CHEMBL1080362,False,0.7123287916183472,True,True,,,,False,O=C(Nc1cccc(-c2cn3ccnc3c(NCc3ccccc3)n2)c1)Nc1cccc(C(F)(F)F)c1,MYAFDHCCQBIZLC-UHFFFAOYSA-N,https://www.ebi.ac.uk/chembl/api/data/similarity/CHEMBL1081740/40.json,official_similarity_percent_divided_by_100; not project_Morgan1024_similarity,ACTUAL_SELECTED_SOURCE_QUERY,1,0,Ephrin type-B receptor 4,10.1016/j.bmcl.2009.10.037
LIB_ZNDXPRCORYDEAP,CHEMBL1081740,CHEMBL1081402,False,0.7123287916183472,True,True,,,,False,O=C(Nc1cccc(-c2cn3ccnc3c(NCc3ccncc3)n2)c1)Nc1c(Cl)cccc1Cl,GBYWOCPBKVOAHK-UHFFFAOYSA-N,https://www.ebi.ac.uk/chembl/api/data/similarity/CHEMBL1081740/40.json,official_similarity_percent_divided_by_100; not project_Morgan1024_similarity,NOT_IN_PHARMACOLOGY_SHORTLIST,,,,
LIB_ZNDXPRCORYDEAP,CHEMBL1081740,CHEMBL1080019,False,0.7066666483879089,True,True,,,,False,CSc1ccccc1NC(=O)Nc1cccc(-c2cn3ccnc3c(NCc3ccncc3)n2)c1,KAQDDFYRKRNZPF-UHFFFAOYSA-N,https://www.ebi.ac.uk/chembl/api/data/similarity/CHEMBL1081740/40.json,official_similarity_percent_divided_by_100; not project_Morgan1024_similarity,NOT_IN_PHARMACOLOGY_SHORTLIST,,,,
LIB_ZNDXPRCORYDEAP,CHEMBL1081740,CHEMBL1080530,False,0.7027027010917664,True,True,,,,False,COc1cccc(NC(=O)Nc2cccc(-c3cn4ccnc4c(NCc4ccncc4)n3)c2)c1,LYFNTXIHVLTXDA-UHFFFAOYSA-N,https://www.ebi.ac.uk/chembl/api/data/similarity/CHEMBL1081740/40.json,official_similarity_percent_divided_by_100; not project_Morgan1024_similarity,ACTUAL_SELECTED_SOURCE_QUERY,1,0,Ephrin type-B receptor 4,10.1016/j.bmcl.2009.10.037
LIB_ZNDXPRCORYDEAP,CHEMBL1081740,CHEMBL1080668,False,0.7027027010917664,True,True,,,,False,N#Cc1cccc(NC(=O)Nc2cccc(-c3cn4ccnc4c(NCc4ccncc4)n3)c2)c1,YTRJTOGKRDTLFL-UHFFFAOYSA-N,https://www.ebi.ac.uk/chembl/api/data/similarity/CHEMBL1081740/40.json,official_similarity_percent_divided_by_100; not project_Morgan1024_similarity,NOT_IN_PHARMACOLOGY_SHORTLIST,,,,
LIB_ZNDXPRCORYDEAP,CHEMBL1081740,CHEMBL1082107,False,0.7027027010917664,True,True,,,,False,O=C(Nc1cccc(-c2cn3ccnc3c(NCc3ccncc3)n2)c1)Nc1ccccc1Cl,FXICKEZXEBWTBW-UHFFFAOYSA-N,https://www.ebi.ac.uk/chembl/api/data/similarity/CHEMBL1081740/40.json,official_similarity_percent_divided_by_100; not project_Morgan1024_similarity,ACTUAL_SELECTED_SOURCE_QUERY,1,0,Ephrin type-B receptor 4,10.1016/j.bmcl.2009.10.037
LIB_ZNDXPRCORYDEAP,CHEMBL1081740,CHEMBL1082108,False,0.7027027010917664,True,True,,,,False,O=C(Nc1cccc(-c2cn3ccnc3c(NCc3ccncc3)n2)c1)Nc1ccccc1Br,QQOJCZVNIZOVNS-UHFFFAOYSA-N,https://www.ebi.ac.uk/chembl/api/data/similarity/CHEMBL1081740/40.json,official_similarity_percent_divided_by_100; not project_Morgan1024_similarity,ACTUAL_SELECTED_SOURCE_QUERY,1,0,Ephrin type-B receptor 4,10.1016/j.bmcl.2009.10.037
LIB_ZNDXPRCORYDEAP,CHEMBL1081740,CHEMBL1082109,False,0.7027027010917664,True,True,,,,False,Cc1ccccc1NC(=O)Nc1cccc(-c2cn3ccnc3c(NCc3ccncc3)n2)c1,KZBBFLDRONRJPW-UHFFFAOYSA-N,https://www.ebi.ac.uk/chembl/api/data/similarity/CHEMBL1081740/40.json,official_similarity_percent_divided_by_100; not project_Morgan1024_similarity,NOT_IN_PHARMACOLOGY_SHORTLIST,,,,
LIB_ZNDXPRCORYDEAP,CHEMBL1081740,CHEMBL1081228,False,0.701298713684082,True,True,,,,False,O=C(NCc1cccc(-c2cn3ccnc3c(NCc3ccncc3)n2)c1)Nc1cccc(C(F)(F)F)c1,GKROVQJERPLMAG-UHFFFAOYSA-N,https://www.ebi.ac.uk/chembl/api/data/similarity/CHEMBL1081740/40.json,official_similarity_percent_divided_by_100; not project_Morgan1024_similarity,NOT_IN_PHARMACOLOGY_SHORTLIST,,,,
LIB_ZNDXPRCORYDEAP,CHEMBL1081740,CHEMBL1079452,False,0.6973684430122375,True,True,,,,False,O=C(Cc1cccc(C(F)(F)F)c1)Nc1cccc(-c2cn3ccnc3c(NCc3ccncc3)n2)c1,HLVJLTDUBJMRSP-UHFFFAOYSA-N,https://www.ebi.ac.uk/chembl/api/data/similarity/CHEMBL1081740/40.json,official_similarity_percent_divided_by_100; not project_Morgan1024_similarity,NOT_IN_PHARMACOLOGY_SHORTLIST,,,,
LIB_ZNDXPRCORYDEAP,CHEMBL1081740,CHEMBL1079795,False,0.6973684430122375,True,True,,,,False,O=C(Nc1cccc(-c2cn3ccnc3c(NCc3ccncc3)n2)c1)c1cccc(C(F)(F)F)c1,MSOIEDXPFWQELX-UHFFFAOYSA-N,https://www.ebi.ac.uk/chembl/api/data/similarity/CHEMBL1081740/40.json,official_similarity_percent_divided_by_100; not project_Morgan1024_similarity,NOT_IN_PHARMACOLOGY_SHORTLIST,,,,
LIB_ZNDXPRCORYDEAP,CHEMBL1081740,CHEMBL1080353,False,0.6973684430122375,True,True,,,,False,O=C(Nc1cccc(-c2cn3ccnc3c(NCc3ccncc3)n2)c1)Nc1cc(Cl)ccc1Cl,PGFOJZWSZMBPPQ-UHFFFAOYSA-N,https://www.ebi.ac.uk/chembl/api/data/similarity/CHEMBL1081740/40.json,official_similarity_percent_divided_by_100; not project_Morgan1024_similarity,NOT_IN_PHARMACOLOGY_SHORTLIST,,,,
LIB_ZNDXPRCORYDEAP,CHEMBL1081740,CHEMBL1081025,False,0.6973684430122375,True,True,,,,False,O=C(Nc1cccc(-c2cn3ccnc3c(NCc3ccncc3)n2)c1)Nc1ccc(Cl)cc1Cl,HLMIPIHLMFHHMW-UHFFFAOYSA-N,https://www.ebi.ac.uk/chembl/api/data/similarity/CHEMBL1081740/40.json,official_similarity_percent_divided_by_100; not project_Morgan1024_similarity,NOT_IN_PHARMACOLOGY_SHORTLIST,,,,
LIB_ZNDXPRCORYDEAP,CHEMBL1081740,CHEMBL1079794,False,0.6933333277702332,True,True,,,,False,O=C(Nc1cccc(-c2cn3ccnc3c(NCc3ccncc3)n2)c1)Nc1cc(Cl)c(Cl)cc1Cl,QUXOZGASFQBLEZ-UHFFFAOYSA-N,https://www.ebi.ac.uk/chembl/api/data/similarity/CHEMBL1081740/40.json,official_similarity_percent_divided_by_100; not project_Morgan1024_similarity,NOT_IN_PHARMACOLOGY_SHORTLIST,,,,
LIB_ZNDXPRCORYDEAP,CHEMBL1081740,CHEMBL1080669,False,0.6933333277702332,True,True,,,,False,O=C(Nc1cccc(Oc2ccccc2)c1)Nc1cccc(-c2cn3ccnc3c(NCc3ccncc3)n2)c1,FCRHJSNRFAAYQD-UHFFFAOYSA-N,https://www.ebi.ac.uk/chembl/api/data/similarity/CHEMBL1081740/40.json,official_similarity_percent_divided_by_100; not project_Morgan1024_similarity,ACTUAL_SELECTED_SOURCE_QUERY,1,0,Ephrin type-B receptor 4,10.1016/j.bmcl.2009.10.037
LIB_ZNDXPRCORYDEAP,CHEMBL1081740,CHEMBL1081024,False,0.6933333277702332,True,True,,,,False,O=C(Nc1cccc(-c2cn3ccnc3c(NCc3ccncc3)n2)c1)Nc1cccc(Cl)c1Cl,CFRIHIVPVMJLCD-UHFFFAOYSA-N,https://www.ebi.ac.uk/chembl/api/data/similarity/CHEMBL1081740/40.json,official_similarity_percent_divided_by_100; not project_Morgan1024_similarity,NOT_IN_PHARMACOLOGY_SHORTLIST,,,,
LIB_ZNDXPRCORYDEAP,CHEMBL1081740,CHEMBL1079846,False,0.6913580298423767,True,True,,,,False,COc1ccc(C(F)(F)F)cc1NC(=O)Nc1cccc(-c2cn3ccnc3c(NCc3ccncc3)n2)c1,VDQZIQXNPVFCAD-UHFFFAOYSA-N,https://www.ebi.ac.uk/chembl/api/data/similarity/CHEMBL1081740/40.json,official_similarity_percent_divided_by_100; not project_Morgan1024_similarity,ACTUAL_SELECTED_SOURCE_QUERY,6,0,Angiopoietin-1 receptor; Ephrin type-B receptor 4; Vascular endothelial growth factor receptor 2,10.1016/j.bmcl.2009.10.037
LIB_ZNDXPRCORYDEAP,CHEMBL1081740,CHEMBL1081061,False,0.6842105388641357,True,True,,,,False,O=C(Nc1cccc(-c2cn3ccnc3c(NCCc3ccncc3)n2)c1)Nc1cccc(C(F)(F)F)c1,YLUXGJXUXWARJV-UHFFFAOYSA-N,https://www.ebi.ac.uk/chembl/api/data/similarity/CHEMBL1081740/40.json,official_similarity_percent_divided_by_100; not project_Morgan1024_similarity,NOT_IN_PHARMACOLOGY_SHORTLIST,,,,
LIB_ZNDXPRCORYDEAP,CHEMBL1081740,CHEMBL1081573,False,0.6794871687889099,True,True,,,,False,Cc1ccc(Cl)cc1NC(=O)Nc1cccc(-c2cn3ccnc3c(NCc3ccncc3)n2)c1,JHUWWAUVQCEKHO-UHFFFAOYSA-N,https://www.ebi.ac.uk/chembl/api/data/similarity/CHEMBL1081740/40.json,official_similarity_percent_divided_by_100; not project_Morgan1024_similarity,NOT_IN_PHARMACOLOGY_SHORTLIST,,,,
LIB_ZNDXPRCORYDEAP,CHEMBL1081740,CHEMBL1080004,False,0.6753246784210205,True,True,,,,False,COc1ccccc1NC(=O)Nc1cccc(-c2cn3ccnc3c(NCc3ccncc3)n2)c1,CMEKKGVRSHUBBM-UHFFFAOYSA-N,https://www.ebi.ac.uk/chembl/api/data/similarity/CHEMBL1081740/40.json,official_similarity_percent_divided_by_100; not project_Morgan1024_similarity,NOT_IN_PHARMACOLOGY_SHORTLIST,,,,
LIB_ZNDXPRCORYDEAP,CHEMBL1081740,CHEMBL1080191,False,0.6753246784210205,True,True,,,,False,Cc1ccc(C)c(NC(=O)Nc2cccc(-c3cn4ccnc4c(NCc4ccncc4)n3)c2)c1,NBZQBLWZQATODT-UHFFFAOYSA-N,https://www.ebi.ac.uk/chembl/api/data/similarity/CHEMBL1081740/40.json,official_similarity_percent_divided_by_100; not project_Morgan1024_similarity,NOT_IN_PHARMACOLOGY_SHORTLIST,,,,
LIB_ZNDXPRCORYDEAP,CHEMBL1081740,CHEMBL1080206,False,0.6753246784210205,True,True,,,,False,O=C(Nc1cccc(-c2cn3ccnc3c(NCc3cccnc3)n2)c1)Nc1cccc(C(F)(F)F)c1,ZHKIURQRUBOVST-UHFFFAOYSA-N,https://www.ebi.ac.uk/chembl/api/data/similarity/CHEMBL1081740/40.json,official_similarity_percent_divided_by_100; not project_Morgan1024_similarity,ACTUAL_SELECTED_SOURCE_QUERY,1,0,Ephrin type-B receptor 4,10.1016/j.bmcl.2009.10.037
LIB_ZNDXPRCORYDEAP,CHEMBL1081740,CHEMBL1081062,False,0.6753246784210205,True,True,,,,False,O=C(Nc1cccc(-c2cn3ccnc3c(NCc3ccc(C(=O)O)cc3)n2)c1)Nc1cccc(C(F)(F)F)c1,KOMBODFBKQOZRA-UHFFFAOYSA-N,https://www.ebi.ac.uk/chembl/api/data/similarity/CHEMBL1081740/40.json,official_similarity_percent_divided_by_100; not project_Morgan1024_similarity,ACTUAL_SELECTED_SOURCE_QUERY,1,0,Ephrin type-B receptor 4,10.1016/j.bmcl.2009.10.037
LIB_ZNDXPRCORYDEAP,CHEMBL1081740,CHEMBL1080182,False,0.6582278609275818,True,True,,,,False,O=C(Nc1cccc(-c2cn3ccnc3c(NCc3ccncc3)n2)c1)Nc1ccccc1Oc1ccccc1,FUQDVEKSFKFAGI-UHFFFAOYSA-N,https://www.ebi.ac.uk/chembl/api/data/similarity/CHEMBL1081740/40.json,official_similarity_percent_divided_by_100; not project_Morgan1024_similarity,ACTUAL_SELECTED_SOURCE_QUERY,1,0,Ephrin type-B receptor 4,10.1016/j.bmcl.2009.10.037
LIB_ZNDXPRCORYDEAP,CHEMBL1081740,CHEMBL1081403,False,0.654321014881134,True,True,,,,False,COc1ccc(Cl)cc1NC(=O)Nc1cccc(-c2cn3ccnc3c(NCc3ccncc3)n2)c1,DSECPOHHURXXAV-UHFFFAOYSA-N,https://www.ebi.ac.uk/chembl/api/data/similarity/CHEMBL1081740/40.json,official_similarity_percent_divided_by_100; not project_Morgan1024_similarity,NOT_IN_PHARMACOLOGY_SHORTLIST,,,,
LIB_ZNDXPRCORYDEAP,CHEMBL1081740,CHEMBL1080640,False,0.6419752836227417,True,True,,,,False,COc1ccc(C)cc1NC(=O)Nc1cccc(-c2cn3ccnc3c(NCc3ccncc3)n2)c1,CTBAIXMGKDLRMD-UHFFFAOYSA-N,https://www.ebi.ac.uk/chembl/api/data/similarity/CHEMBL1081740/40.json,official_similarity_percent_divided_by_100; not project_Morgan1024_similarity,NOT_IN_PHARMACOLOGY_SHORTLIST,,,,
LIB_ZNDXPRCORYDEAP,CHEMBL1081740,CHEMBL1080207,False,0.6341463327407837,True,True,,,,False,COc1cc(OC)c(NC(=O)Nc2cccc(-c3cn4ccnc4c(NCc4ccncc4)n3)c2)cc1Br,OERYSLMPWJNKFX-UHFFFAOYSA-N,https://www.ebi.ac.uk/chembl/api/data/similarity/CHEMBL1081740/40.json,official_similarity_percent_divided_by_100; not project_Morgan1024_similarity,ACTUAL_SELECTED_SOURCE_QUERY,1,0,Ephrin type-B receptor 4,10.1016/j.bmcl.2009.10.037
LIB_ZNDXPRCORYDEAP,CHEMBL1081740,CHEMBL1080639,False,0.6341463327407837,True,True,,,,False,COc1ccc(Br)cc1NC(=O)Nc1cccc(-c2cn3ccnc3c(NCc3ccncc3)n2)c1,OHZQTNDZRUYHEH-UHFFFAOYSA-N,https://www.ebi.ac.uk/chembl/api/data/similarity/CHEMBL1081740/40.json,official_similarity_percent_divided_by_100; not project_Morgan1024_similarity,ACTUAL_SELECTED_SOURCE_QUERY,6,0,Angiopoietin-1 receptor; Ephrin type-B receptor 4; Vascular endothelial growth factor receptor 2,10.1016/j.bmcl.2009.10.037
LIB_ZNDXPRCORYDEAP,CHEMBL1081740,CHEMBL1081013,False,0.6341463327407837,True,True,,,,False,COc1cc(OC)c(NC(=O)Nc2cccc(-c3cn4ccnc4c(NCc4ccncc4)n3)c2)cc1Cl,TZPLNHKPNWQUJC-UHFFFAOYSA-N,https://www.ebi.ac.uk/chembl/api/data/similarity/CHEMBL1081740/40.json,official_similarity_percent_divided_by_100; not project_Morgan1024_similarity,NOT_IN_PHARMACOLOGY_SHORTLIST,,,,
LIB_ZNDXPRCORYDEAP,CHEMBL1081740,CHEMBL1076138,False,0.6309523582458496,True,True,,,,False,O=C(Nc1cccc(-c2cn3ccnc3c(NCc3ccncc3)n2)c1)Nc1cc(Cl)ccc1Oc1ccccc1,IBOHJYCESQFVLJ-UHFFFAOYSA-N,https://www.ebi.ac.uk/chembl/api/data/similarity/CHEMBL1081740/40.json,official_similarity_percent_divided_by_100; not project_Morgan1024_similarity,NOT_IN_PHARMACOLOGY_SHORTLIST,,,,
LIB_ZNDXPRCORYDEAP,CHEMBL1081740,CHEMBL1080205,False,0.6282051205635071,True,True,,,,False,O=C(Nc1cccc(-c2cn3ccnc3c(NCc3ccccn3)n2)c1)Nc1cccc(C(F)(F)F)c1,ZVHBDYFMHCQADD-UHFFFAOYSA-N,https://www.ebi.ac.uk/chembl/api/data/similarity/CHEMBL1081740/40.json,official_similarity_percent_divided_by_100; not project_Morgan1024_similarity,ACTUAL_SELECTED_SOURCE_QUERY,1,0,Ephrin type-B receptor 4,10.1016/j.bmcl.2009.10.037
LIB_ZNDXPRCORYDEAP,CHEMBL1081740,CHEMBL1079796,False,0.6266666650772095,True,True,,,,False,O=C(Nc1cccc(-c2cn3ccnc3c(Nc3ccncc3)n2)c1)Nc1cccc(C(F)(F)F)c1,JRMCNSWAKAFNPS-UHFFFAOYSA-N,https://www.ebi.ac.uk/chembl/api/data/similarity/CHEMBL1081740/40.json,official_similarity_percent_divided_by_100; not project_Morgan1024_similarity,ACTUAL_SELECTED_SOURCE_QUERY,1,0,Ephrin type-B receptor 4,10.1016/j.bmcl.2009.10.037
LIB_ZNDXPRCORYDEAP,CHEMBL1081740,CHEMBL1080872,False,0.612500011920929,True,True,,,,False,O=S(=O)(Nc1cccc(-c2cn3ccnc3c(NCc3ccncc3)n2)c1)c1cccc(C(F)(F)F)c1,WZFZONITOFUGNM-UHFFFAOYSA-N,https://www.ebi.ac.uk/chembl/api/data/similarity/CHEMBL1081740/40.json,official_similarity_percent_divided_by_100; not project_Morgan1024_similarity,NOT_IN_PHARMACOLOGY_SHORTLIST,,,,
LIB_ZNDXPRCORYDEAP,CHEMBL1081740,CHEMBL1079750,False,0.6117647290229797,True,True,,,,False,COc1ccc(C#N)cc1NC(=O)Nc1cccc(-c2cn3ccnc3c(NCc3ccncc3)n2)c1,GTORWZWUBXOKPC-UHFFFAOYSA-N,https://www.ebi.ac.uk/chembl/api/data/similarity/CHEMBL1081740/40.json,official_similarity_percent_divided_by_100; not project_Morgan1024_similarity,NOT_IN_PHARMACOLOGY_SHORTLIST,,,,
LIB_ZNDXPRCORYDEAP,CHEMBL1081740,CHEMBL1079482,False,0.6000000238418579,True,True,,,,False,O=C(NCc1cccc(C(F)(F)F)c1)c1cccc(-c2cn3ccnc3c(NCc3ccncc3)n2)c1,PUQMWXPYUHWAHL-UHFFFAOYSA-N,https://www.ebi.ac.uk/chembl/api/data/similarity/CHEMBL1081740/40.json,official_similarity_percent_divided_by_100; not project_Morgan1024_similarity,NOT_IN_PHARMACOLOGY_SHORTLIST,,,,
LIB_FCRHJSNRFAAYQD,CHEMBL1080669,CHEMBL1080182,False,0.8823529481887817,True,True,,,,False,O=C(Nc1cccc(-c2cn3ccnc3c(NCc3ccncc3)n2)c1)Nc1ccccc1Oc1ccccc1,FUQDVEKSFKFAGI-UHFFFAOYSA-N,https://www.ebi.ac.uk/chembl/api/data/similarity/CHEMBL1080669/40.json,official_similarity_percent_divided_by_100; not project_Morgan1024_similarity,ACTUAL_SELECTED_SOURCE_QUERY,1,0,Ephrin type-B receptor 4,10.1016/j.bmcl.2009.10.037
LIB_FCRHJSNRFAAYQD,CHEMBL1080669,CHEMBL1079811,False,0.8571428656578064,True,True,,,,False,O=C(Nc1ccccc1)Nc1cccc(-c2cn3ccnc3c(NCc3ccncc3)n2)c1,JJHHLCYLWFYZQF-UHFFFAOYSA-N,https://www.ebi.ac.uk/chembl/api/data/similarity/CHEMBL1080669/40.json,official_similarity_percent_divided_by_100; not project_Morgan1024_similarity,ACTUAL_SELECTED_SOURCE_QUERY,1,0,Ephrin type-B receptor 4,10.1016/j.bmcl.2009.10.037
LIB_FCRHJSNRFAAYQD,CHEMBL1080669,CHEMBL1080530,False,0.8358209133148193,True,True,,,,False,COc1cccc(NC(=O)Nc2cccc(-c3cn4ccnc4c(NCc4ccncc4)n3)c2)c1,LYFNTXIHVLTXDA-UHFFFAOYSA-N,https://www.ebi.ac.uk/chembl/api/data/similarity/CHEMBL1080669/40.json,official_similarity_percent_divided_by_100; not project_Morgan1024_similarity,ACTUAL_SELECTED_SOURCE_QUERY,1,0,Ephrin type-B receptor 4,10.1016/j.bmcl.2009.10.037
LIB_FCRHJSNRFAAYQD,CHEMBL1080669,CHEMBL1076138,False,0.7866666913032532,True,True,,,,False,O=C(Nc1cccc(-c2cn3ccnc3c(NCc3ccncc3)n2)c1)Nc1cc(Cl)ccc1Oc1ccccc1,IBOHJYCESQFVLJ-UHFFFAOYSA-N,https://www.ebi.ac.uk/chembl/api/data/similarity/CHEMBL1080669/40.json,official_similarity_percent_divided_by_100; not project_Morgan1024_similarity,NOT_IN_PHARMACOLOGY_SHORTLIST,,,,
LIB_FCRHJSNRFAAYQD,CHEMBL1080669,CHEMBL1079500,False,0.779411792755127,True,True,,,,False,O=C(Nc1ccc(F)cc1)Nc1cccc(-c2cn3ccnc3c(NCc3ccncc3)n2)c1,NEXJVWBTDAZXEA-UHFFFAOYSA-N,https://www.ebi.ac.uk/chembl/api/data/similarity/CHEMBL1080669/40.json,official_similarity_percent_divided_by_100; not project_Morgan1024_similarity,NOT_IN_PHARMACOLOGY_SHORTLIST,,,,
LIB_FCRHJSNRFAAYQD,CHEMBL1080669,CHEMBL1080004,False,0.7746478915214539,True,True,,,,False,COc1ccccc1NC(=O)Nc1cccc(-c2cn3ccnc3c(NCc3ccncc3)n2)c1,CMEKKGVRSHUBBM-UHFFFAOYSA-N,https://www.ebi.ac.uk/chembl/api/data/similarity/CHEMBL1080669/40.json,official_similarity_percent_divided_by_100; not project_Morgan1024_similarity,NOT_IN_PHARMACOLOGY_SHORTLIST,,,,
LIB_FCRHJSNRFAAYQD,CHEMBL1080669,CHEMBL1081944,False,0.7714285850524902,True,True,,,,False,COc1ccc(NC(=O)Nc2cccc(-c3cn4ccnc4c(NCc4ccncc4)n3)c2)cc1,XLWMJSMQIMYFEB-UHFFFAOYSA-N,https://www.ebi.ac.uk/chembl/api/data/similarity/CHEMBL1080669/40.json,official_similarity_percent_divided_by_100; not project_Morgan1024_similarity,NOT_IN_PHARMACOLOGY_SHORTLIST,,,,
LIB_FCRHJSNRFAAYQD,CHEMBL1080669,CHEMBL1080024,False,0.7647058963775635,True,True,,,,False,O=C(Nc1cccc(Cl)c1)Nc1cccc(-c2cn3ccnc3c(NCc3ccncc3)n2)c1,PAYXSLMAIACIHH-UHFFFAOYSA-N,https://www.ebi.ac.uk/chembl/api/data/similarity/CHEMBL1080669/40.json,official_similarity_percent_divided_by_100; not project_Morgan1024_similarity,NOT_IN_PHARMACOLOGY_SHORTLIST,,,,
LIB_FCRHJSNRFAAYQD,CHEMBL1080669,CHEMBL1080183,False,0.7647058963775635,True,True,,,,False,O=C(Nc1cccc(F)c1)Nc1cccc(-c2cn3ccnc3c(NCc3ccncc3)n2)c1,ZDRQIUCJNULSBY-UHFFFAOYSA-N,https://www.ebi.ac.uk/chembl/api/data/similarity/CHEMBL1080669/40.json,official_similarity_percent_divided_by_100; not project_Morgan1024_similarity,NOT_IN_PHARMACOLOGY_SHORTLIST,,,,
LIB_FCRHJSNRFAAYQD,CHEMBL1080669,CHEMBL1080359,False,0.7647058963775635,True,True,,,,False,O=C(Nc1cccc(Br)c1)Nc1cccc(-c2cn3ccnc3c(NCc3ccncc3)n2)c1,BLNZQHQYULGYHK-UHFFFAOYSA-N,https://www.ebi.ac.uk/chembl/api/data/similarity/CHEMBL1080669/40.json,official_similarity_percent_divided_by_100; not project_Morgan1024_similarity,NOT_IN_PHARMACOLOGY_SHORTLIST,,,,
LIB_FCRHJSNRFAAYQD,CHEMBL1080669,CHEMBL1080360,False,0.7647058963775635,True,True,,,,False,Cc1cccc(NC(=O)Nc2cccc(-c3cn4ccnc4c(NCc4ccncc4)n3)c2)c1,ZWQJXXDUCZISDN-UHFFFAOYSA-N,https://www.ebi.ac.uk/chembl/api/data/similarity/CHEMBL1080669/40.json,official_similarity_percent_divided_by_100; not project_Morgan1024_similarity,NOT_IN_PHARMACOLOGY_SHORTLIST,,,,
LIB_FCRHJSNRFAAYQD,CHEMBL1080669,CHEMBL1081753,False,0.7571428418159485,True,True,,,,False,O=C(Nc1cccc(-c2cn3ccnc3c(NCc3ccncc3)n2)c1)Nc1ccccc1F,BXFUASFZFGJZOR-UHFFFAOYSA-N,https://www.ebi.ac.uk/chembl/api/data/similarity/CHEMBL1080669/40.json,official_similarity_percent_divided_by_100; not project_Morgan1024_similarity,NOT_IN_PHARMACOLOGY_SHORTLIST,,,,
LIB_FCRHJSNRFAAYQD,CHEMBL1080669,CHEMBL1082107,False,0.7571428418159485,True,True,,,,False,O=C(Nc1cccc(-c2cn3ccnc3c(NCc3ccncc3)n2)c1)Nc1ccccc1Cl,FXICKEZXEBWTBW-UHFFFAOYSA-N,https://www.ebi.ac.uk/chembl/api/data/similarity/CHEMBL1080669/40.json,official_similarity_percent_divided_by_100; not project_Morgan1024_similarity,ACTUAL_SELECTED_SOURCE_QUERY,1,0,Ephrin type-B receptor 4,10.1016/j.bmcl.2009.10.037
LIB_FCRHJSNRFAAYQD,CHEMBL1080669,CHEMBL1082108,False,0.7571428418159485,True,True,,,,False,O=C(Nc1cccc(-c2cn3ccnc3c(NCc3ccncc3)n2)c1)Nc1ccccc1Br,QQOJCZVNIZOVNS-UHFFFAOYSA-N,https://www.ebi.ac.uk/chembl/api/data/similarity/CHEMBL1080669/40.json,official_similarity_percent_divided_by_100; not project_Morgan1024_similarity,ACTUAL_SELECTED_SOURCE_QUERY,1,0,Ephrin type-B receptor 4,10.1016/j.bmcl.2009.10.037
LIB_FCRHJSNRFAAYQD,CHEMBL1080669,CHEMBL1082109,False,0.7571428418159485,True,True,,,,False,Cc1ccccc1NC(=O)Nc1cccc(-c2cn3ccnc3c(NCc3ccncc3)n2)c1,KZBBFLDRONRJPW-UHFFFAOYSA-N,https://www.ebi.ac.uk/chembl/api/data/similarity/CHEMBL1080669/40.json,official_similarity_percent_divided_by_100; not project_Morgan1024_similarity,NOT_IN_PHARMACOLOGY_SHORTLIST,,,,
LIB_FCRHJSNRFAAYQD,CHEMBL1080669,CHEMBL1079501,False,0.7536231875419617,True,True,,,,False,O=C(Nc1ccc(Cl)cc1)Nc1cccc(-c2cn3ccnc3c(NCc3ccncc3)n2)c1,TUIHAHCAVNUBKD-UHFFFAOYSA-N,https://www.ebi.ac.uk/chembl/api/data/similarity/CHEMBL1080669/40.json,official_similarity_percent_divided_by_100; not project_Morgan1024_similarity,NOT_IN_PHARMACOLOGY_SHORTLIST,,,,
LIB_FCRHJSNRFAAYQD,CHEMBL1080669,CHEMBL1079502,False,0.7536231875419617,True,True,,,,False,O=C(Nc1ccc(Br)cc1)Nc1cccc(-c2cn3ccnc3c(NCc3ccncc3)n2)c1,HCAAXKSCNRTPEB-UHFFFAOYSA-N,https://www.ebi.ac.uk/chembl/api/data/similarity/CHEMBL1080669/40.json,official_similarity_percent_divided_by_100; not project_Morgan1024_similarity,NOT_IN_PHARMACOLOGY_SHORTLIST,,,,
LIB_FCRHJSNRFAAYQD,CHEMBL1080669,CHEMBL1080000,False,0.7536231875419617,True,True,,,,False,Cc1ccc(NC(=O)Nc2cccc(-c3cn4ccnc4c(NCc4ccncc4)n3)c2)cc1,YTPJVDXBMAVUCE-UHFFFAOYSA-N,https://www.ebi.ac.uk/chembl/api/data/similarity/CHEMBL1080669/40.json,official_similarity_percent_divided_by_100; not project_Morgan1024_similarity,NOT_IN_PHARMACOLOGY_SHORTLIST,,,,
LIB_FCRHJSNRFAAYQD,CHEMBL1080669,CHEMBL1081568,False,0.7536231875419617,True,True,,,,False,O=C(Nc1cc(Cl)cc(Cl)c1)Nc1cccc(-c2cn3ccnc3c(NCc3ccncc3)n2)c1,GKDBVPFTJZEJII-UHFFFAOYSA-N,https://www.ebi.ac.uk/chembl/api/data/similarity/CHEMBL1080669/40.json,official_similarity_percent_divided_by_100; not project_Morgan1024_similarity,NOT_IN_PHARMACOLOGY_SHORTLIST,,,,
LIB_FCRHJSNRFAAYQD,CHEMBL1080669,CHEMBL1080670,False,0.7428571581840515,True,True,,,,False,CCc1ccc(NC(=O)Nc2cccc(-c3cn4ccnc4c(NCc4ccncc4)n3)c2)cc1,DOCFNJZHXYFUCE-UHFFFAOYSA-N,https://www.ebi.ac.uk/chembl/api/data/similarity/CHEMBL1080669/40.json,official_similarity_percent_divided_by_100; not project_Morgan1024_similarity,NOT_IN_PHARMACOLOGY_SHORTLIST,,,,
LIB_FCRHJSNRFAAYQD,CHEMBL1080669,CHEMBL1081205,False,0.7428571581840515,True,True,,,,False,O=C(Nc1cccc(-c2cn3ccnc3c(NCc3ccncc3)n2)c1)Nc1ccc(Cl)c(Cl)c1,SQEOHTQTMJDMFM-UHFFFAOYSA-N,https://www.ebi.ac.uk/chembl/api/data/similarity/CHEMBL1080669/40.json,official_similarity_percent_divided_by_100; not project_Morgan1024_similarity,NOT_IN_PHARMACOLOGY_SHORTLIST,,,,
LIB_FCRHJSNRFAAYQD,CHEMBL1080669,CHEMBL1081402,False,0.7428571581840515,True,True,,,,False,O=C(Nc1cccc(-c2cn3ccnc3c(NCc3ccncc3)n2)c1)Nc1c(Cl)cccc1Cl,GBYWOCPBKVOAHK-UHFFFAOYSA-N,https://www.ebi.ac.uk/chembl/api/data/similarity/CHEMBL1080669/40.json,official_similarity_percent_divided_by_100; not project_Morgan1024_similarity,NOT_IN_PHARMACOLOGY_SHORTLIST,,,,
LIB_FCRHJSNRFAAYQD,CHEMBL1080669,CHEMBL1080019,False,0.7361111044883728,True,True,,,,False,CSc1ccccc1NC(=O)Nc1cccc(-c2cn3ccnc3c(NCc3ccncc3)n2)c1,KAQDDFYRKRNZPF-UHFFFAOYSA-N,https://www.ebi.ac.uk/chembl/api/data/similarity/CHEMBL1080669/40.json,official_similarity_percent_divided_by_100; not project_Morgan1024_similarity,NOT_IN_PHARMACOLOGY_SHORTLIST,,,,
LIB_FCRHJSNRFAAYQD,CHEMBL1080669,CHEMBL1080668,False,0.7323943376541138,True,True,,,,False,N#Cc1cccc(NC(=O)Nc2cccc(-c3cn4ccnc4c(NCc4ccncc4)n3)c2)c1,YTRJTOGKRDTLFL-UHFFFAOYSA-N,https://www.ebi.ac.uk/chembl/api/data/similarity/CHEMBL1080669/40.json,official_similarity_percent_divided_by_100; not project_Morgan1024_similarity,NOT_IN_PHARMACOLOGY_SHORTLIST,,,,
LIB_FCRHJSNRFAAYQD,CHEMBL1080669,CHEMBL1080841,False,0.7323943376541138,True,True,,,,False,CSc1cccc(NC(=O)Nc2cccc(-c3cn4ccnc4c(NCc4ccncc4)n3)c2)c1,QMEBNHIMOFJSKX-UHFFFAOYSA-N,https://www.ebi.ac.uk/chembl/api/data/similarity/CHEMBL1080669/40.json,official_similarity_percent_divided_by_100; not project_Morgan1024_similarity,NOT_IN_PHARMACOLOGY_SHORTLIST,,,,
LIB_FCRHJSNRFAAYQD,CHEMBL1080669,CHEMBL1081198,False,0.7323943376541138,True,True,,,,False,O=C(Nc1cccc(-c2cn3ccnc3c(NCc3ccncc3)n2)c1)Nc1cccc(C(F)(F)F)c1,NWEIPABWNQPRCZ-UHFFFAOYSA-N,https://www.ebi.ac.uk/chembl/api/data/similarity/CHEMBL1080669/40.json,official_similarity_percent_divided_by_100; not project_Morgan1024_similarity,ACTUAL_SELECTED_SOURCE_QUERY,55,0,Angiopoietin-1 receptor; Cyclin-dependent kinase 5; Ephrin type-A receptor 2; Ephrin type-B receptor 4; Epidermal growth factor receptor; Fibroblast growth factor receptor 4; Glycogen synthase kinase-3 beta; Insulin receptor; Platelet-derived growth factor receptor beta; Protein kinase C alpha type; Protein kinase C beta type; Protein kinase C theta type; Proto-oncogene tyrosine-protein kinase Src; RAC-alpha serine/threonine-protein kinase; Receptor-type tyrosine-protein kinase FLT3; Tyrosine-protein kinase ABL1; Tyrosine-protein kinase BTK; Tyrosine-protein kinase Blk; Tyrosine-protein kinase Fyn; Tyrosine-protein kinase Lck; Tyrosine-protein kinase Lyn; Tyrosine-protein kinase SYK; Tyrosine-protein kinase ZAP-70; Unchecked; Vascular endothelial growth factor receptor 1; Vascular endothelial growth factor receptor 2; Vascular endothelial growth factor receptor 3,10.1016/j.bmcl.2009.10.037
LIB_FCRHJSNRFAAYQD,CHEMBL1080669,CHEMBL1082113,False,0.7323943376541138,True,True,,,,False,O=C(Nc1ccc(C(F)(F)F)cc1)Nc1cccc(-c2cn3ccnc3c(NCc3ccncc3)n2)c1,SNKYRRUHFHNPGP-UHFFFAOYSA-N,https://www.ebi.ac.uk/chembl/api/data/similarity/CHEMBL1080669/40.json,official_similarity_percent_divided_by_100; not project_Morgan1024_similarity,ACTUAL_SELECTED_SOURCE_QUERY,1,0,Ephrin type-B receptor 4,10.1016/j.bmcl.2009.10.037
LIB_FCRHJSNRFAAYQD,CHEMBL1080669,CHEMBL1081948,False,0.7260273694992065,True,True,,,,False,O=C(Nc1cccc(-c2cn3ccnc3c(NCc3ccncc3)n2)c1)Nc1ccccc1C(F)(F)F,PSDSEDAUIJUGQT-UHFFFAOYSA-N,https://www.ebi.ac.uk/chembl/api/data/similarity/CHEMBL1080669/40.json,official_similarity_percent_divided_by_100; not project_Morgan1024_similarity,NOT_IN_PHARMACOLOGY_SHORTLIST,,,,
LIB_FCRHJSNRFAAYQD,CHEMBL1080669,CHEMBL1079794,False,0.7222222089767456,True,True,,,,False,O=C(Nc1cccc(-c2cn3ccnc3c(NCc3ccncc3)n2)c1)Nc1cc(Cl)c(Cl)cc1Cl,QUXOZGASFQBLEZ-UHFFFAOYSA-N,https://www.ebi.ac.uk/chembl/api/data/similarity/CHEMBL1080669/40.json,official_similarity_percent_divided_by_100; not project_Morgan1024_similarity,NOT_IN_PHARMACOLOGY_SHORTLIST,,,,
LIB_FCRHJSNRFAAYQD,CHEMBL1080669,CHEMBL1081024,False,0.7222222089767456,True,True,,,,False,O=C(Nc1cccc(-c2cn3ccnc3c(NCc3ccncc3)n2)c1)Nc1cccc(Cl)c1Cl,CFRIHIVPVMJLCD-UHFFFAOYSA-N,https://www.ebi.ac.uk/chembl/api/data/similarity/CHEMBL1080669/40.json,official_similarity_percent_divided_by_100; not project_Morgan1024_similarity,NOT_IN_PHARMACOLOGY_SHORTLIST,,,,
LIB_FCRHJSNRFAAYQD,CHEMBL1080669,CHEMBL1080191,False,0.7027027010917664,True,True,,,,False,Cc1ccc(C)c(NC(=O)Nc2cccc(-c3cn4ccnc4c(NCc4ccncc4)n3)c2)c1,NBZQBLWZQATODT-UHFFFAOYSA-N,https://www.ebi.ac.uk/chembl/api/data/similarity/CHEMBL1080669/40.json,official_similarity_percent_divided_by_100; not project_Morgan1024_similarity,NOT_IN_PHARMACOLOGY_SHORTLIST,,,,
LIB_FCRHJSNRFAAYQD,CHEMBL1080669,CHEMBL1080353,False,0.7027027010917664,True,True,,,,False,O=C(Nc1cccc(-c2cn3ccnc3c(NCc3ccncc3)n2)c1)Nc1cc(Cl)ccc1Cl,PGFOJZWSZMBPPQ-UHFFFAOYSA-N,https://www.ebi.ac.uk/chembl/api/data/similarity/CHEMBL1080669/40.json,official_similarity_percent_divided_by_100; not project_Morgan1024_similarity,NOT_IN_PHARMACOLOGY_SHORTLIST,,,,
LIB_FCRHJSNRFAAYQD,CHEMBL1080669,CHEMBL1081025,False,0.7027027010917664,True,True,,,,False,O=C(Nc1cccc(-c2cn3ccnc3c(NCc3ccncc3)n2)c1)Nc1ccc(Cl)cc1Cl,HLMIPIHLMFHHMW-UHFFFAOYSA-N,https://www.ebi.ac.uk/chembl/api/data/similarity/CHEMBL1080669/40.json,official_similarity_percent_divided_by_100; not project_Morgan1024_similarity,NOT_IN_PHARMACOLOGY_SHORTLIST,,,,
LIB_FCRHJSNRFAAYQD,CHEMBL1080669,CHEMBL1080362,False,0.6944444179534912,True,True,,,,False,O=C(Nc1cccc(-c2cn3ccnc3c(NCc3ccccc3)n2)c1)Nc1cccc(C(F)(F)F)c1,MYAFDHCCQBIZLC-UHFFFAOYSA-N,https://www.ebi.ac.uk/chembl/api/data/similarity/CHEMBL1080669/40.json,official_similarity_percent_divided_by_100; not project_Morgan1024_similarity,ACTUAL_SELECTED_SOURCE_QUERY,1,0,Ephrin type-B receptor 4,10.1016/j.bmcl.2009.10.037
LIB_FCRHJSNRFAAYQD,CHEMBL1080669,CHEMBL1081740,False,0.6933333277702332,True,True,,,,False,O=C(Nc1cccc(-c2cn3ccnc3c(NCc3ccncc3)n2)c1)Nc1ccc(F)c(C(F)(F)F)c1,ZNDXPRCORYDEAP-UHFFFAOYSA-N,https://www.ebi.ac.uk/chembl/api/data/similarity/CHEMBL1080669/40.json,official_similarity_percent_divided_by_100; not project_Morgan1024_similarity,ACTUAL_SELECTED_SOURCE_QUERY,1,0,Ephrin type-B receptor 4,10.1016/j.bmcl.2009.10.037
LIB_FCRHJSNRFAAYQD,CHEMBL1080669,CHEMBL1080640,False,0.6883116960525513,True,True,,,,False,COc1ccc(C)cc1NC(=O)Nc1cccc(-c2cn3ccnc3c(NCc3ccncc3)n2)c1,CTBAIXMGKDLRMD-UHFFFAOYSA-N,https://www.ebi.ac.uk/chembl/api/data/similarity/CHEMBL1080669/40.json,official_similarity_percent_divided_by_100; not project_Morgan1024_similarity,NOT_IN_PHARMACOLOGY_SHORTLIST,,,,
LIB_FCRHJSNRFAAYQD,CHEMBL1080669,CHEMBL1079751,False,0.6842105388641357,True,True,,,,False,Cc1ccc(NC(=O)Nc2cccc(-c3cn4ccnc4c(NCc4ccncc4)n3)c2)cc1C(F)(F)F,CXRYSQNWQCVBQV-UHFFFAOYSA-N,https://www.ebi.ac.uk/chembl/api/data/similarity/CHEMBL1080669/40.json,official_similarity_percent_divided_by_100; not project_Morgan1024_similarity,ACTUAL_SELECTED_SOURCE_QUERY,1,0,Ephrin type-B receptor 4,10.1016/j.bmcl.2009.10.037
LIB_FCRHJSNRFAAYQD,CHEMBL1080669,CHEMBL1081573,False,0.6842105388641357,True,True,,,,False,Cc1ccc(Cl)cc1NC(=O)Nc1cccc(-c2cn3ccnc3c(NCc3ccncc3)n2)c1,JHUWWAUVQCEKHO-UHFFFAOYSA-N,https://www.ebi.ac.uk/chembl/api/data/similarity/CHEMBL1080669/40.json,official_similarity_percent_divided_by_100; not project_Morgan1024_similarity,NOT_IN_PHARMACOLOGY_SHORTLIST,,,,
LIB_FCRHJSNRFAAYQD,CHEMBL1080669,CHEMBL1081916,False,0.6842105388641357,True,True,,,,False,O=C(Nc1cccc(-c2cn3ccnc3c(NCc3ccncc3)n2)c1)Nc1ccc(Cl)c(C(F)(F)F)c1,YVCVALMTTAHIAN-UHFFFAOYSA-N,https://www.ebi.ac.uk/chembl/api/data/similarity/CHEMBL1080669/40.json,official_similarity_percent_divided_by_100; not project_Morgan1024_similarity,ACTUAL_SELECTED_SOURCE_QUERY,1,0,Ephrin type-B receptor 4,10.1016/j.bmcl.2009.10.037
LIB_FCRHJSNRFAAYQD,CHEMBL1080669,CHEMBL1080207,False,0.6794871687889099,True,True,,,,False,COc1cc(OC)c(NC(=O)Nc2cccc(-c3cn4ccnc4c(NCc4ccncc4)n3)c2)cc1Br,OERYSLMPWJNKFX-UHFFFAOYSA-N,https://www.ebi.ac.uk/chembl/api/data/similarity/CHEMBL1080669/40.json,official_similarity_percent_divided_by_100; not project_Morgan1024_similarity,ACTUAL_SELECTED_SOURCE_QUERY,1,0,Ephrin type-B receptor 4,10.1016/j.bmcl.2009.10.037
LIB_FCRHJSNRFAAYQD,CHEMBL1080669,CHEMBL1080639,False,0.6794871687889099,True,True,,,,False,COc1ccc(Br)cc1NC(=O)Nc1cccc(-c2cn3ccnc3c(NCc3ccncc3)n2)c1,OHZQTNDZRUYHEH-UHFFFAOYSA-N,https://www.ebi.ac.uk/chembl/api/data/similarity/CHEMBL1080669/40.json,official_similarity_percent_divided_by_100; not project_Morgan1024_similarity,ACTUAL_SELECTED_SOURCE_QUERY,6,0,Angiopoietin-1 receptor; Ephrin type-B receptor 4; Vascular endothelial growth factor receptor 2,10.1016/j.bmcl.2009.10.037
LIB_FCRHJSNRFAAYQD,CHEMBL1080669,CHEMBL1081013,False,0.6794871687889099,True,True,,,,False,COc1cc(OC)c(NC(=O)Nc2cccc(-c3cn4ccnc4c(NCc4ccncc4)n3)c2)cc1Cl,TZPLNHKPNWQUJC-UHFFFAOYSA-N,https://www.ebi.ac.uk/chembl/api/data/similarity/CHEMBL1080669/40.json,official_similarity_percent_divided_by_100; not project_Morgan1024_similarity,NOT_IN_PHARMACOLOGY_SHORTLIST,,,,
LIB_FCRHJSNRFAAYQD,CHEMBL1080669,CHEMBL1081403,False,0.6794871687889099,True,True,,,,False,COc1ccc(Cl)cc1NC(=O)Nc1cccc(-c2cn3ccnc3c(NCc3ccncc3)n2)c1,DSECPOHHURXXAV-UHFFFAOYSA-N,https://www.ebi.ac.uk/chembl/api/data/similarity/CHEMBL1080669/40.json,official_similarity_percent_divided_by_100; not project_Morgan1024_similarity,NOT_IN_PHARMACOLOGY_SHORTLIST,,,,
LIB_FCRHJSNRFAAYQD,CHEMBL1080669,CHEMBL1079850,False,0.6753246784210205,True,True,,,,False,O=C(Nc1cccc(-c2cn3ccnc3c(NCc3ccncc3)n2)c1)Nc1cc(C(F)(F)F)ccc1F,GHPCAIWYHJZRGR-UHFFFAOYSA-N,https://www.ebi.ac.uk/chembl/api/data/similarity/CHEMBL1080669/40.json,official_similarity_percent_divided_by_100; not project_Morgan1024_similarity,NOT_IN_PHARMACOLOGY_SHORTLIST,,,,
LIB_FCRHJSNRFAAYQD,CHEMBL1080669,CHEMBL1079448,False,0.6666666865348816,True,True,,,,False,O=C(Nc1cccc(-c2cn3ccnc3c(NCc3ccncc3)n2)c1)Nc1cc(C(F)(F)F)ccc1O,OCOHRESDZFYIIC-UHFFFAOYSA-N,https://www.ebi.ac.uk/chembl/api/data/similarity/CHEMBL1080669/40.json,official_similarity_percent_divided_by_100; not project_Morgan1024_similarity,NOT_IN_PHARMACOLOGY_SHORTLIST,,,,
LIB_FCRHJSNRFAAYQD,CHEMBL1080669,CHEMBL1079621,False,0.6623376607894897,True,True,,,,False,O=C(NCc1cccc(C(F)(F)F)c1)Nc1cccc(-c2cn3ccnc3c(NCc3ccncc3)n2)c1,UDXKCMZFPXURAC-UHFFFAOYSA-N,https://www.ebi.ac.uk/chembl/api/data/similarity/CHEMBL1080669/40.json,official_similarity_percent_divided_by_100; not project_Morgan1024_similarity,NOT_IN_PHARMACOLOGY_SHORTLIST,,,,
LIB_FCRHJSNRFAAYQD,CHEMBL1080669,CHEMBL1080190,False,0.6582278609275818,True,True,,,,False,O=C(Nc1cccc(-c2cn3ccnc3c(NCc3ccncc3)n2)c1)Nc1cc(C(F)(F)F)ccc1Cl,DWDRUDUATUOJND-UHFFFAOYSA-N,https://www.ebi.ac.uk/chembl/api/data/similarity/CHEMBL1080669/40.json,official_similarity_percent_divided_by_100; not project_Morgan1024_similarity,NOT_IN_PHARMACOLOGY_SHORTLIST,,,,
LIB_FCRHJSNRFAAYQD,CHEMBL1080669,CHEMBL1075666,False,0.654321014881134,True,True,,,,False,COc1cc(OC)c(C(F)(F)F)cc1NC(=O)Nc1cccc(-c2cn3ccnc3c(NCc3ccncc3)n2)c1,YAYODJGNSKFEGH-UHFFFAOYSA-N,https://www.ebi.ac.uk/chembl/api/data/similarity/CHEMBL1080669/40.json,official_similarity_percent_divided_by_100; not project_Morgan1024_similarity,NOT_IN_PHARMACOLOGY_SHORTLIST,,,,
LIB_FCRHJSNRFAAYQD,CHEMBL1080669,CHEMBL1079750,False,0.654321014881134,True,True,,,,False,COc1ccc(C#N)cc1NC(=O)Nc1cccc(-c2cn3ccnc3c(NCc3ccncc3)n2)c1,GTORWZWUBXOKPC-UHFFFAOYSA-N,https://www.ebi.ac.uk/chembl/api/data/similarity/CHEMBL1080669/40.json,official_similarity_percent_divided_by_100; not project_Morgan1024_similarity,NOT_IN_PHARMACOLOGY_SHORTLIST,,,,
LIB_FCRHJSNRFAAYQD,CHEMBL1080669,CHEMBL1079846,False,0.654321014881134,True,True,,,,False,COc1ccc(C(F)(F)F)cc1NC(=O)Nc1cccc(-c2cn3ccnc3c(NCc3ccncc3)n2)c1,VDQZIQXNPVFCAD-UHFFFAOYSA-N,https://www.ebi.ac.uk/chembl/api/data/similarity/CHEMBL1080669/40.json,official_similarity_percent_divided_by_100; not project_Morgan1024_similarity,ACTUAL_SELECTED_SOURCE_QUERY,6,0,Angiopoietin-1 receptor; Ephrin type-B receptor 4; Vascular endothelial growth factor receptor 2,10.1016/j.bmcl.2009.10.037
LIB_FCRHJSNRFAAYQD,CHEMBL1080669,CHEMBL1081754,False,0.653333306312561,True,True,,,,False,O=C(Nc1ccc(-c2cn3ccnc3c(NCc3ccncc3)n2)cc1)Nc1cccc(C(F)(F)F)c1,YFXAKRSCLHWERK-UHFFFAOYSA-N,https://www.ebi.ac.uk/chembl/api/data/similarity/CHEMBL1080669/40.json,official_similarity_percent_divided_by_100; not project_Morgan1024_similarity,NOT_IN_PHARMACOLOGY_SHORTLIST,,,,
LIB_FCRHJSNRFAAYQD,CHEMBL1080669,CHEMBL1075667,False,0.6463414430618286,True,True,,,,False,CCOc1cc(OCC)c(C(F)(F)F)cc1NC(=O)Nc1cccc(-c2cn3ccnc3c(NCc3ccncc3)n2)c1,BDNDOZRIKYDPKJ-UHFFFAOYSA-N,https://www.ebi.ac.uk/chembl/api/data/similarity/CHEMBL1080669/40.json,official_similarity_percent_divided_by_100; not project_Morgan1024_similarity,NOT_IN_PHARMACOLOGY_SHORTLIST,,,,
LIB_FCRHJSNRFAAYQD,CHEMBL1080669,CHEMBL1081228,False,0.6410256624221802,True,True,,,,False,O=C(NCc1cccc(-c2cn3ccnc3c(NCc3ccncc3)n2)c1)Nc1cccc(C(F)(F)F)c1,GKROVQJERPLMAG-UHFFFAOYSA-N,https://www.ebi.ac.uk/chembl/api/data/similarity/CHEMBL1080669/40.json,official_similarity_percent_divided_by_100; not project_Morgan1024_similarity,NOT_IN_PHARMACOLOGY_SHORTLIST,,,,
LIB_FCRHJSNRFAAYQD,CHEMBL1080669,CHEMBL1079452,False,0.6363636255264282,True,True,,,,False,O=C(Cc1cccc(C(F)(F)F)c1)Nc1cccc(-c2cn3ccnc3c(NCc3ccncc3)n2)c1,HLVJLTDUBJMRSP-UHFFFAOYSA-N,https://www.ebi.ac.uk/chembl/api/data/similarity/CHEMBL1080669/40.json,official_similarity_percent_divided_by_100; not project_Morgan1024_similarity,NOT_IN_PHARMACOLOGY_SHORTLIST,,,,
LIB_FCRHJSNRFAAYQD,CHEMBL1080669,CHEMBL1079795,False,0.6363636255264282,True,True,,,,False,O=C(Nc1cccc(-c2cn3ccnc3c(NCc3ccncc3)n2)c1)c1cccc(C(F)(F)F)c1,MSOIEDXPFWQELX-UHFFFAOYSA-N,https://www.ebi.ac.uk/chembl/api/data/similarity/CHEMBL1080669/40.json,official_similarity_percent_divided_by_100; not project_Morgan1024_similarity,NOT_IN_PHARMACOLOGY_SHORTLIST,,,,
LIB_FCRHJSNRFAAYQD,CHEMBL1080669,CHEMBL1081062,False,0.6363636255264282,True,True,,,,False,O=C(Nc1cccc(-c2cn3ccnc3c(NCc3ccc(C(=O)O)cc3)n2)c1)Nc1cccc(C(F)(F)F)c1,KOMBODFBKQOZRA-UHFFFAOYSA-N,https://www.ebi.ac.uk/chembl/api/data/similarity/CHEMBL1080669/40.json,official_similarity_percent_divided_by_100; not project_Morgan1024_similarity,ACTUAL_SELECTED_SOURCE_QUERY,1,0,Ephrin type-B receptor 4,10.1016/j.bmcl.2009.10.037
LIB_FCRHJSNRFAAYQD,CHEMBL1080669,CHEMBL4575804,False,0.6349206566810608,True,True,,,,False,c1ccc(-c2cn3ccnc3c(NCc3ccncc3)n2)cc1,VKLKBDXTUXIGKR-UHFFFAOYSA-N,https://www.ebi.ac.uk/chembl/api/data/similarity/CHEMBL1080669/40.json,official_similarity_percent_divided_by_100; not project_Morgan1024_similarity,NOT_IN_PHARMACOLOGY_SHORTLIST,,,,
LIB_FCRHJSNRFAAYQD,CHEMBL1080669,CHEMBL1081061,False,0.6233766078948975,True,True,,,,False,O=C(Nc1cccc(-c2cn3ccnc3c(NCCc3ccncc3)n2)c1)Nc1cccc(C(F)(F)F)c1,YLUXGJXUXWARJV-UHFFFAOYSA-N,https://www.ebi.ac.uk/chembl/api/data/similarity/CHEMBL1080669/40.json,official_similarity_percent_divided_by_100; not project_Morgan1024_similarity,NOT_IN_PHARMACOLOGY_SHORTLIST,,,,
LIB_FCRHJSNRFAAYQD,CHEMBL1080669,CHEMBL1080206,False,0.6153846383094788,True,True,,,,False,O=C(Nc1cccc(-c2cn3ccnc3c(NCc3cccnc3)n2)c1)Nc1cccc(C(F)(F)F)c1,ZHKIURQRUBOVST-UHFFFAOYSA-N,https://www.ebi.ac.uk/chembl/api/data/similarity/CHEMBL1080669/40.json,official_similarity_percent_divided_by_100; not project_Morgan1024_similarity,ACTUAL_SELECTED_SOURCE_QUERY,1,0,Ephrin type-B receptor 4,10.1016/j.bmcl.2009.10.037
LIB_DNDVGFIEWOHGAH,CHEMBL1076497,CHEMBL1076204,False,0.8289473652839661,True,True,,,,False,CN1CCN(c2ccc(-c3cnn4c(-c5cc(NC(=O)c6cccc(C(F)(F)F)c6)ccc5F)ccnc34)cn2)CC1,PIGVLAUTQMIRBH-UHFFFAOYSA-N,https://www.ebi.ac.uk/chembl/api/data/similarity/CHEMBL1076497/40.json,official_similarity_percent_divided_by_100; not project_Morgan1024_similarity,ACTUAL_SELECTED_SOURCE_QUERY,3,0,HT-29; NON-PROTEIN TARGET; Serine/threonine-protein kinase B-raf,10.1016/j.bmcl.2009.10.049
LIB_DNDVGFIEWOHGAH,CHEMBL1076497,CHEMBL1076482,False,0.7692307829856873,True,True,,,,False,CN1CCN(Cc2ccc(-c3cnn4c(-c5cccc(NC(=O)c6cccc(C(F)(F)F)c6)c5)ccnc34)cc2)CC1,BUZOTBWJKYSTEL-UHFFFAOYSA-N,https://www.ebi.ac.uk/chembl/api/data/similarity/CHEMBL1076497/40.json,official_similarity_percent_divided_by_100; not project_Morgan1024_similarity,ACTUAL_SELECTED_SOURCE_QUERY,4,0,ADMET; HT-29; NON-PROTEIN TARGET; Serine/threonine-protein kinase B-raf,10.1016/j.bmcl.2009.10.049
LIB_DNDVGFIEWOHGAH,CHEMBL1076497,CHEMBL1087780,False,0.7297297120094299,True,True,,,,False,Nc1ccc(-c2cnn3c(-c4cccc(NC(=O)c5cccc(C(F)(F)F)c5)c4)ccnc23)cn1,UXQZKYRXGWLYAD-UHFFFAOYSA-N,https://www.ebi.ac.uk/chembl/api/data/similarity/CHEMBL1076497/40.json,official_similarity_percent_divided_by_100; not project_Morgan1024_similarity,ACTUAL_SELECTED_SOURCE_QUERY,4,0,HT-29; NON-PROTEIN TARGET; No relevant target; Serine/threonine-protein kinase B-raf,10.1016/j.bmcl.2009.10.049
LIB_DNDVGFIEWOHGAH,CHEMBL1076497,CHEMBL1087523,False,0.7123287916183472,True,True,,,,False,O=C(Nc1cccc(-c2ccnc3c(-c4cccnc4)cnn23)c1)c1cccc(C(F)(F)F)c1,UAQFLCCYSVWUFS-UHFFFAOYSA-N,https://www.ebi.ac.uk/chembl/api/data/similarity/CHEMBL1076497/40.json,official_similarity_percent_divided_by_100; not project_Morgan1024_similarity,NOT_IN_PHARMACOLOGY_SHORTLIST,,,,
LIB_DNDVGFIEWOHGAH,CHEMBL1076497,CHEMBL1080269,False,0.7105262875556946,True,True,,,,False,CN(C)c1ccc(-c2cnn3c(-c4cccc(NC(=O)c5cccc(C(F)(F)F)c5)c4)ccnc23)cc1,LBORYVQDGDVAMG-UHFFFAOYSA-N,https://www.ebi.ac.uk/chembl/api/data/similarity/CHEMBL1076497/40.json,official_similarity_percent_divided_by_100; not project_Morgan1024_similarity,NOT_IN_PHARMACOLOGY_SHORTLIST,,,,
LIB_DNDVGFIEWOHGAH,CHEMBL1076497,CHEMBL1087906,False,0.7088607549667358,True,True,,,,False,O=C(Nc1cccc(-c2ccnc3c(-c4cnc(N5CCOCC5)nc4)cnn23)c1)c1cccc(C(F)(F)F)c1,QKFNOCRNIKWHQY-UHFFFAOYSA-N,https://www.ebi.ac.uk/chembl/api/data/similarity/CHEMBL1076497/40.json,official_similarity_percent_divided_by_100; not project_Morgan1024_similarity,NOT_IN_PHARMACOLOGY_SHORTLIST,,,,
LIB_DNDVGFIEWOHGAH,CHEMBL1076497,CHEMBL1093104,False,0.7066666483879089,True,True,,,,False,CN1CCN(c2cc3nccc(-c4cccc(NC(=O)c5cccc(C(F)(F)F)c5)c4)n3n2)CC1,IVFOMDILWVRNQN-UHFFFAOYSA-N,https://www.ebi.ac.uk/chembl/api/data/similarity/CHEMBL1076497/40.json,official_similarity_percent_divided_by_100; not project_Morgan1024_similarity,NOT_IN_PHARMACOLOGY_SHORTLIST,,,,
LIB_DNDVGFIEWOHGAH,CHEMBL1076497,CHEMBL1087894,False,0.7051281929016113,True,True,,,,False,CN(C)Cc1cccc(-c2cnn3c(-c4cccc(NC(=O)c5cccc(C(F)(F)F)c5)c4)ccnc23)c1,YNTFITDLPCWGGI-UHFFFAOYSA-N,https://www.ebi.ac.uk/chembl/api/data/similarity/CHEMBL1076497/40.json,official_similarity_percent_divided_by_100; not project_Morgan1024_similarity,NOT_IN_PHARMACOLOGY_SHORTLIST,,,,
LIB_DNDVGFIEWOHGAH,CHEMBL1076497,CHEMBL1081817,False,0.6933333277702332,True,True,,,,False,O=C(Nc1cccc(-c2ccnc3c(-c4ccoc4)cnn23)c1)c1cccc(C(F)(F)F)c1,YFBUXFYIKJBRER-UHFFFAOYSA-N,https://www.ebi.ac.uk/chembl/api/data/similarity/CHEMBL1076497/40.json,official_similarity_percent_divided_by_100; not project_Morgan1024_similarity,NOT_IN_PHARMACOLOGY_SHORTLIST,,,,
LIB_DNDVGFIEWOHGAH,CHEMBL1076497,CHEMBL1086870,False,0.6933333277702332,True,True,,,,False,NC(=O)c1cccc(-c2cnn3c(-c4cccc(NC(=O)c5cccc(C(F)(F)F)c5)c4)ccnc23)c1,CSYGIPIOQSVIRG-UHFFFAOYSA-N,https://www.ebi.ac.uk/chembl/api/data/similarity/CHEMBL1076497/40.json,official_similarity_percent_divided_by_100; not project_Morgan1024_similarity,NOT_IN_PHARMACOLOGY_SHORTLIST,,,,
LIB_DNDVGFIEWOHGAH,CHEMBL1076497,CHEMBL1080445,False,0.692307710647583,True,True,,,,False,CN(C)S(=O)(=O)c1ccc(-c2cnn3c(-c4cccc(NC(=O)c5cccc(C(F)(F)F)c5)c4)ccnc23)cc1,RBGUOHBCKRTPMX-UHFFFAOYSA-N,https://www.ebi.ac.uk/chembl/api/data/similarity/CHEMBL1076497/40.json,official_similarity_percent_divided_by_100; not project_Morgan1024_similarity,NOT_IN_PHARMACOLOGY_SHORTLIST,,,,
LIB_DNDVGFIEWOHGAH,CHEMBL1076497,CHEMBL1087522,False,0.6875,True,True,,,,False,O=C(Nc1cccc(-c2ccnc3c(-c4ccc(CN5CCCC5)cc4)cnn23)c1)c1cccc(C(F)(F)F)c1,APMUVXPIJNPXQE-UHFFFAOYSA-N,https://www.ebi.ac.uk/chembl/api/data/similarity/CHEMBL1076497/40.json,official_similarity_percent_divided_by_100; not project_Morgan1024_similarity,NOT_IN_PHARMACOLOGY_SHORTLIST,,,,
LIB_DNDVGFIEWOHGAH,CHEMBL1076497,CHEMBL1087397,False,0.6835442781448364,True,True,,,,False,CN(C)Cc1ccc(-c2cnn3c(-c4cccc(NC(=O)c5cccc(C(F)(F)F)c5)c4)ccnc23)cc1,AIWJVLQNYNCDSL-UHFFFAOYSA-N,https://www.ebi.ac.uk/chembl/api/data/similarity/CHEMBL1076497/40.json,official_similarity_percent_divided_by_100; not project_Morgan1024_similarity,NOT_IN_PHARMACOLOGY_SHORTLIST,,,,
LIB_DNDVGFIEWOHGAH,CHEMBL1076497,CHEMBL1081470,False,0.6753246784210205,True,True,,,,False,O=C(Nc1cccc(-c2ccnc3c(-c4cn[nH]c4)cnn23)c1)c1cccc(C(F)(F)F)c1,MESKGDQSFWBJSN-UHFFFAOYSA-N,https://www.ebi.ac.uk/chembl/api/data/similarity/CHEMBL1076497/40.json,official_similarity_percent_divided_by_100; not project_Morgan1024_similarity,NOT_IN_PHARMACOLOGY_SHORTLIST,,,,
LIB_DNDVGFIEWOHGAH,CHEMBL1076497,CHEMBL1076441,False,0.6708860993385315,True,True,,,,False,CN(C)CC(=O)Nc1cccc(-c2cnn3c(-c4cccc(NC(=O)c5cccc(C(F)(F)F)c5)c4)ccnc23)c1,FQOBSFOIGPCIHS-UHFFFAOYSA-N,https://www.ebi.ac.uk/chembl/api/data/similarity/CHEMBL1076497/40.json,official_similarity_percent_divided_by_100; not project_Morgan1024_similarity,NOT_IN_PHARMACOLOGY_SHORTLIST,,,,
LIB_DNDVGFIEWOHGAH,CHEMBL1076497,CHEMBL1076440,False,0.6666666865348816,True,True,,,,False,CN(C)CC(=O)Nc1ccc(-c2cnn3c(-c4cccc(NC(=O)c5cccc(C(F)(F)F)c5)c4)ccnc23)cc1,BIAGWLDERXRFAW-UHFFFAOYSA-N,https://www.ebi.ac.uk/chembl/api/data/similarity/CHEMBL1076497/40.json,official_similarity_percent_divided_by_100; not project_Morgan1024_similarity,NOT_IN_PHARMACOLOGY_SHORTLIST,,,,
LIB_DNDVGFIEWOHGAH,CHEMBL1076497,CHEMBL1087892,False,0.6666666865348816,True,True,,,,False,CN(C)CCc1ccc(-c2cnn3c(-c4cccc(NC(=O)c5cccc(C(F)(F)F)c5)c4)ccnc23)cc1,ADDMFZVXYOSSRB-UHFFFAOYSA-N,https://www.ebi.ac.uk/chembl/api/data/similarity/CHEMBL1076497/40.json,official_similarity_percent_divided_by_100; not project_Morgan1024_similarity,NOT_IN_PHARMACOLOGY_SHORTLIST,,,,
LIB_DNDVGFIEWOHGAH,CHEMBL1076497,CHEMBL1088295,False,0.6666666865348816,True,True,,,,False,CN(C)CCc1cccc(-c2cnn3c(-c4cccc(NC(=O)c5cccc(C(F)(F)F)c5)c4)ccnc23)c1,VGHGSNOCPAQYIA-UHFFFAOYSA-N,https://www.ebi.ac.uk/chembl/api/data/similarity/CHEMBL1076497/40.json,official_similarity_percent_divided_by_100; not project_Morgan1024_similarity,NOT_IN_PHARMACOLOGY_SHORTLIST,,,,
LIB_DNDVGFIEWOHGAH,CHEMBL1076497,CHEMBL1081647,False,0.6626505851745605,True,True,,,,False,O=C(Nc1cccc(-c2ccnc3c(-c4cnn(CCN5CCCC5)c4)cnn23)c1)c1cccc(C(F)(F)F)c1,CNAMYLDNIIXYMW-UHFFFAOYSA-N,https://www.ebi.ac.uk/chembl/api/data/similarity/CHEMBL1076497/40.json,official_similarity_percent_divided_by_100; not project_Morgan1024_similarity,NOT_IN_PHARMACOLOGY_SHORTLIST,,,,
LIB_DNDVGFIEWOHGAH,CHEMBL1076497,CHEMBL1087781,False,0.6626505851745605,True,True,,,,False,CN(C)CCNc1ccc(-c2cnn3c(-c4cccc(NC(=O)c5cccc(C(F)(F)F)c5)c4)ccnc23)cn1,SOMNTMFCUYIBSJ-UHFFFAOYSA-N,https://www.ebi.ac.uk/chembl/api/data/similarity/CHEMBL1076497/40.json,official_similarity_percent_divided_by_100; not project_Morgan1024_similarity,NOT_IN_PHARMACOLOGY_SHORTLIST,,,,
LIB_DNDVGFIEWOHGAH,CHEMBL1076497,CHEMBL561567,False,0.6486486196517944,True,True,,,,False,O=C(Nc1cccc(-c2ccnc3c(C(=O)O)cnn23)c1)c1cccc(C(F)(F)F)c1,VAGVIWKTWXOXPO-UHFFFAOYSA-N,https://www.ebi.ac.uk/chembl/api/data/similarity/CHEMBL1076497/40.json,official_similarity_percent_divided_by_100; not project_Morgan1024_similarity,NOT_IN_PHARMACOLOGY_SHORTLIST,,,,
LIB_DNDVGFIEWOHGAH,CHEMBL1076497,CHEMBL551371,False,0.6447368264198303,True,True,,,,False,CNC(=O)c1cnn2c(-c3cccc(NC(=O)c4cccc(C(F)(F)F)c4)c3)ccnc12,UNDYKHPZSMWVQR-UHFFFAOYSA-N,https://www.ebi.ac.uk/chembl/api/data/similarity/CHEMBL1076497/40.json,official_similarity_percent_divided_by_100; not project_Morgan1024_similarity,NOT_IN_PHARMACOLOGY_SHORTLIST,,,,
LIB_DNDVGFIEWOHGAH,CHEMBL1076497,CHEMBL1081818,False,0.6428571343421936,True,True,,,,False,O=C(Nc1cccc(-c2ccnc3c(-c4coc(CN5CCCC5)c4)cnn23)c1)c1cccc(C(F)(F)F)c1,UXWQKBQYLIAPJN-UHFFFAOYSA-N,https://www.ebi.ac.uk/chembl/api/data/similarity/CHEMBL1076497/40.json,official_similarity_percent_divided_by_100; not project_Morgan1024_similarity,NOT_IN_PHARMACOLOGY_SHORTLIST,,,,
LIB_DNDVGFIEWOHGAH,CHEMBL1076497,CHEMBL1080268,False,0.6395348906517029,True,True,,,,False,CN1CCN(CCCC#Cc2cnn3c(-c4cccc(NC(=O)c5cccc(C(F)(F)F)c5)c4)ccnc23)CC1,YIICPBQWCOBAJU-UHFFFAOYSA-N,https://www.ebi.ac.uk/chembl/api/data/similarity/CHEMBL1076497/40.json,official_similarity_percent_divided_by_100; not project_Morgan1024_similarity,NOT_IN_PHARMACOLOGY_SHORTLIST,,,,
LIB_DNDVGFIEWOHGAH,CHEMBL1076497,CHEMBL549476,False,0.6363636255264282,True,True,,,,False,COC(=O)c1cnn2c(-c3cccc(NC(=O)c4cccc(C(F)(F)F)c4)c3)ccnc12,APAVJWIMYUTAQK-UHFFFAOYSA-N,https://www.ebi.ac.uk/chembl/api/data/similarity/CHEMBL1076497/40.json,official_similarity_percent_divided_by_100; not project_Morgan1024_similarity,NOT_IN_PHARMACOLOGY_SHORTLIST,,,,
LIB_DNDVGFIEWOHGAH,CHEMBL1076497,CHEMBL1076439,False,0.6352941393852234,True,True,,,,False,COCCOCC(=O)Nc1ccc(-c2cnn3c(-c4cccc(NC(=O)c5cccc(C(F)(F)F)c5)c4)ccnc23)cc1,UFELNXRWJPVQMY-UHFFFAOYSA-N,https://www.ebi.ac.uk/chembl/api/data/similarity/CHEMBL1076497/40.json,official_similarity_percent_divided_by_100; not project_Morgan1024_similarity,NOT_IN_PHARMACOLOGY_SHORTLIST,,,,
LIB_DNDVGFIEWOHGAH,CHEMBL1076497,CHEMBL1087893,False,0.6341463327407837,True,True,,,,False,CN(C)Cc1ccccc1-c1cnn2c(-c3cccc(NC(=O)c4cccc(C(F)(F)F)c4)c3)ccnc12,ZREJACCVQDDLSA-UHFFFAOYSA-N,https://www.ebi.ac.uk/chembl/api/data/similarity/CHEMBL1076497/40.json,official_similarity_percent_divided_by_100; not project_Morgan1024_similarity,NOT_IN_PHARMACOLOGY_SHORTLIST,,,,
LIB_DNDVGFIEWOHGAH,CHEMBL1076497,CHEMBL1076541,False,0.6321839094161987,True,True,,,,False,CCN1CCN(Cc2cc(-c3cnn4c(-c5cccc(NC(=O)c6cccc(C(F)(F)F)c6)c5)ccnc34)co2)CC1,DATHYHLOJYBUAS-UHFFFAOYSA-N,https://www.ebi.ac.uk/chembl/api/data/similarity/CHEMBL1076497/40.json,official_similarity_percent_divided_by_100; not project_Morgan1024_similarity,NOT_IN_PHARMACOLOGY_SHORTLIST,,,,
LIB_DNDVGFIEWOHGAH,CHEMBL1076497,CHEMBL564268,False,0.6315789222717285,True,True,,,,False,NC(=O)c1cnn2c(-c3cccc(NC(=O)c4cccc(C(F)(F)F)c4)c3)ccnc12,SAKKTHNFOONBJP-UHFFFAOYSA-N,https://www.ebi.ac.uk/chembl/api/data/similarity/CHEMBL1076497/40.json,official_similarity_percent_divided_by_100; not project_Morgan1024_similarity,NOT_IN_PHARMACOLOGY_SHORTLIST,,,,
LIB_DNDVGFIEWOHGAH,CHEMBL1076497,CHEMBL561445,False,0.6233766078948975,True,True,,,,False,N#Cc1cnn2c(-c3cccc(NC(=O)c4cccc(C(F)(F)F)c4)c3)ccnc12,KLQVNFICRLTGGF-UHFFFAOYSA-N,https://www.ebi.ac.uk/chembl/api/data/similarity/CHEMBL1076497/40.json,official_similarity_percent_divided_by_100; not project_Morgan1024_similarity,NOT_IN_PHARMACOLOGY_SHORTLIST,,,,
LIB_DNDVGFIEWOHGAH,CHEMBL1076497,CHEMBL1088162,False,0.6190476417541504,True,True,,,,False,CN(C)CCc1ccccc1-c1cnn2c(-c3cccc(NC(=O)c4cccc(C(F)(F)F)c4)c3)ccnc12,WJTUVBBDWNOHLW-UHFFFAOYSA-N,https://www.ebi.ac.uk/chembl/api/data/similarity/CHEMBL1076497/40.json,official_similarity_percent_divided_by_100; not project_Morgan1024_similarity,NOT_IN_PHARMACOLOGY_SHORTLIST,,,,
LIB_DNDVGFIEWOHGAH,CHEMBL1076497,CHEMBL565061,False,0.604938268661499,True,True,,,,False,CCOC(=O)c1cnn2c(-c3cccc(NC(=O)c4cccc(C(F)(F)F)c4)c3)ccnc12,YCAVTOUTYRMOGQ-UHFFFAOYSA-N,https://www.ebi.ac.uk/chembl/api/data/similarity/CHEMBL1076497/40.json,official_similarity_percent_divided_by_100; not project_Morgan1024_similarity,NOT_IN_PHARMACOLOGY_SHORTLIST,,,,
LIB_ZVHBDYFMHCQADD,CHEMBL1080205,CHEMBL1080362,False,0.8208954930305481,True,True,,,,False,O=C(Nc1cccc(-c2cn3ccnc3c(NCc3ccccc3)n2)c1)Nc1cccc(C(F)(F)F)c1,MYAFDHCCQBIZLC-UHFFFAOYSA-N,https://www.ebi.ac.uk/chembl/api/data/similarity/CHEMBL1080205/40.json,official_similarity_percent_divided_by_100; not project_Morgan1024_similarity,ACTUAL_SELECTED_SOURCE_QUERY,1,0,Ephrin type-B receptor 4,10.1016/j.bmcl.2009.10.037
LIB_ZVHBDYFMHCQADD,CHEMBL1080205,CHEMBL1081198,False,0.782608687877655,True,True,,,,False,O=C(Nc1cccc(-c2cn3ccnc3c(NCc3ccncc3)n2)c1)Nc1cccc(C(F)(F)F)c1,NWEIPABWNQPRCZ-UHFFFAOYSA-N,https://www.ebi.ac.uk/chembl/api/data/similarity/CHEMBL1080205/40.json,official_similarity_percent_divided_by_100; not project_Morgan1024_similarity,ACTUAL_SELECTED_SOURCE_QUERY,55,0,Angiopoietin-1 receptor; Cyclin-dependent kinase 5; Ephrin type-A receptor 2; Ephrin type-B receptor 4; Epidermal growth factor receptor; Fibroblast growth factor receptor 4; Glycogen synthase kinase-3 beta; Insulin receptor; Platelet-derived growth factor receptor beta; Protein kinase C alpha type; Protein kinase C beta type; Protein kinase C theta type; Proto-oncogene tyrosine-protein kinase Src; RAC-alpha serine/threonine-protein kinase; Receptor-type tyrosine-protein kinase FLT3; Tyrosine-protein kinase ABL1; Tyrosine-protein kinase BTK; Tyrosine-protein kinase Blk; Tyrosine-protein kinase Fyn; Tyrosine-protein kinase Lck; Tyrosine-protein kinase Lyn; Tyrosine-protein kinase SYK; Tyrosine-protein kinase ZAP-70; Unchecked; Vascular endothelial growth factor receptor 1; Vascular endothelial growth factor receptor 2; Vascular endothelial growth factor receptor 3,10.1016/j.bmcl.2009.10.037
LIB_ZVHBDYFMHCQADD,CHEMBL1080205,CHEMBL1080206,False,0.75,True,True,,,,False,O=C(Nc1cccc(-c2cn3ccnc3c(NCc3cccnc3)n2)c1)Nc1cccc(C(F)(F)F)c1,ZHKIURQRUBOVST-UHFFFAOYSA-N,https://www.ebi.ac.uk/chembl/api/data/similarity/CHEMBL1080205/40.json,official_similarity_percent_divided_by_100; not project_Morgan1024_similarity,ACTUAL_SELECTED_SOURCE_QUERY,1,0,Ephrin type-B receptor 4,10.1016/j.bmcl.2009.10.037
LIB_ZVHBDYFMHCQADD,CHEMBL1080205,CHEMBL1081062,False,0.75,True,True,,,,False,O=C(Nc1cccc(-c2cn3ccnc3c(NCc3ccc(C(=O)O)cc3)n2)c1)Nc1cccc(C(F)(F)F)c1,KOMBODFBKQOZRA-UHFFFAOYSA-N,https://www.ebi.ac.uk/chembl/api/data/similarity/CHEMBL1080205/40.json,official_similarity_percent_divided_by_100; not project_Morgan1024_similarity,ACTUAL_SELECTED_SOURCE_QUERY,1,0,Ephrin type-B receptor 4,10.1016/j.bmcl.2009.10.037
LIB_ZVHBDYFMHCQADD,CHEMBL1080205,CHEMBL1079964,False,0.746268630027771,True,True,,,,False,O=C(Nc1cccc(-c2cn3ccnc3c(Nc3ccccc3)n2)c1)Nc1cccc(C(F)(F)F)c1,YWDIXVZCRMMQQY-UHFFFAOYSA-N,https://www.ebi.ac.uk/chembl/api/data/similarity/CHEMBL1080205/40.json,official_similarity_percent_divided_by_100; not project_Morgan1024_similarity,ACTUAL_SELECTED_SOURCE_QUERY,1,0,Ephrin type-B receptor 4,10.1016/j.bmcl.2009.10.037
LIB_ZVHBDYFMHCQADD,CHEMBL1080205,CHEMBL1081061,False,0.7123287916183472,True,True,,,,False,O=C(Nc1cccc(-c2cn3ccnc3c(NCCc3ccncc3)n2)c1)Nc1cccc(C(F)(F)F)c1,YLUXGJXUXWARJV-UHFFFAOYSA-N,https://www.ebi.ac.uk/chembl/api/data/similarity/CHEMBL1080205/40.json,official_similarity_percent_divided_by_100; not project_Morgan1024_similarity,NOT_IN_PHARMACOLOGY_SHORTLIST,,,,
LIB_ZVHBDYFMHCQADD,CHEMBL1080205,CHEMBL1082113,False,0.7083333134651184,True,True,,,,False,O=C(Nc1ccc(C(F)(F)F)cc1)Nc1cccc(-c2cn3ccnc3c(NCc3ccncc3)n2)c1,SNKYRRUHFHNPGP-UHFFFAOYSA-N,https://www.ebi.ac.uk/chembl/api/data/similarity/CHEMBL1080205/40.json,official_similarity_percent_divided_by_100; not project_Morgan1024_similarity,ACTUAL_SELECTED_SOURCE_QUERY,1,0,Ephrin type-B receptor 4,10.1016/j.bmcl.2009.10.037
LIB_ZVHBDYFMHCQADD,CHEMBL1080205,CHEMBL1079796,False,0.699999988079071,True,True,,,,False,O=C(Nc1cccc(-c2cn3ccnc3c(Nc3ccncc3)n2)c1)Nc1cccc(C(F)(F)F)c1,JRMCNSWAKAFNPS-UHFFFAOYSA-N,https://www.ebi.ac.uk/chembl/api/data/similarity/CHEMBL1080205/40.json,official_similarity_percent_divided_by_100; not project_Morgan1024_similarity,ACTUAL_SELECTED_SOURCE_QUERY,1,0,Ephrin type-B receptor 4,10.1016/j.bmcl.2009.10.037
LIB_ZVHBDYFMHCQADD,CHEMBL1080205,CHEMBL1081754,False,0.698630154132843,True,True,,,,False,O=C(Nc1ccc(-c2cn3ccnc3c(NCc3ccncc3)n2)cc1)Nc1cccc(C(F)(F)F)c1,YFXAKRSCLHWERK-UHFFFAOYSA-N,https://www.ebi.ac.uk/chembl/api/data/similarity/CHEMBL1080205/40.json,official_similarity_percent_divided_by_100; not project_Morgan1024_similarity,NOT_IN_PHARMACOLOGY_SHORTLIST,,,,
LIB_ZVHBDYFMHCQADD,CHEMBL1080205,CHEMBL1079621,False,0.6842105388641357,True,True,,,,False,O=C(NCc1cccc(C(F)(F)F)c1)Nc1cccc(-c2cn3ccnc3c(NCc3ccncc3)n2)c1,UDXKCMZFPXURAC-UHFFFAOYSA-N,https://www.ebi.ac.uk/chembl/api/data/similarity/CHEMBL1080205/40.json,official_similarity_percent_divided_by_100; not project_Morgan1024_similarity,NOT_IN_PHARMACOLOGY_SHORTLIST,,,,
LIB_ZVHBDYFMHCQADD,CHEMBL1080205,CHEMBL1079960,False,0.6842105388641357,True,True,,,,False,O=C(Nc1cccc(-c2cn3ccnc3c(NCC3CCNCC3)n2)c1)Nc1cccc(C(F)(F)F)c1,OLQWTLPWZOPGNO-UHFFFAOYSA-N,https://www.ebi.ac.uk/chembl/api/data/similarity/CHEMBL1080205/40.json,official_similarity_percent_divided_by_100; not project_Morgan1024_similarity,NOT_IN_PHARMACOLOGY_SHORTLIST,,,,
LIB_ZVHBDYFMHCQADD,CHEMBL1080205,CHEMBL1081228,False,0.6842105388641357,True,True,,,,False,O=C(NCc1cccc(-c2cn3ccnc3c(NCc3ccncc3)n2)c1)Nc1cccc(C(F)(F)F)c1,GKROVQJERPLMAG-UHFFFAOYSA-N,https://www.ebi.ac.uk/chembl/api/data/similarity/CHEMBL1080205/40.json,official_similarity_percent_divided_by_100; not project_Morgan1024_similarity,NOT_IN_PHARMACOLOGY_SHORTLIST,,,,
LIB_ZVHBDYFMHCQADD,CHEMBL1080205,CHEMBL1079963,False,0.6805555820465088,True,True,,,,False,O=C(Nc1cccc(-c2cn3ccnc3c(Nc3cccnc3)n2)c1)Nc1cccc(C(F)(F)F)c1,KXCARQILTFDOLE-UHFFFAOYSA-N,https://www.ebi.ac.uk/chembl/api/data/similarity/CHEMBL1080205/40.json,official_similarity_percent_divided_by_100; not project_Morgan1024_similarity,ACTUAL_SELECTED_SOURCE_QUERY,1,0,Ephrin type-B receptor 4,10.1016/j.bmcl.2009.10.037
LIB_ZVHBDYFMHCQADD,CHEMBL1080205,CHEMBL1079850,False,0.6753246784210205,True,True,,,,False,O=C(Nc1cccc(-c2cn3ccnc3c(NCc3ccncc3)n2)c1)Nc1cc(C(F)(F)F)ccc1F,GHPCAIWYHJZRGR-UHFFFAOYSA-N,https://www.ebi.ac.uk/chembl/api/data/similarity/CHEMBL1080205/40.json,official_similarity_percent_divided_by_100; not project_Morgan1024_similarity,NOT_IN_PHARMACOLOGY_SHORTLIST,,,,
LIB_ZVHBDYFMHCQADD,CHEMBL1080205,CHEMBL1079448,False,0.6666666865348816,True,True,,,,False,O=C(Nc1cccc(-c2cn3ccnc3c(NCc3ccncc3)n2)c1)Nc1cc(C(F)(F)F)ccc1O,OCOHRESDZFYIIC-UHFFFAOYSA-N,https://www.ebi.ac.uk/chembl/api/data/similarity/CHEMBL1080205/40.json,official_similarity_percent_divided_by_100; not project_Morgan1024_similarity,NOT_IN_PHARMACOLOGY_SHORTLIST,,,,
LIB_ZVHBDYFMHCQADD,CHEMBL1080205,CHEMBL5486280,False,0.6666666865348816,True,True,,,,False,FC(F)(F)c1cccc(-c2cn3ccnc3c(NCCc3ccccn3)n2)c1,FIAYDYCZYMUNND-UHFFFAOYSA-N,https://www.ebi.ac.uk/chembl/api/data/similarity/CHEMBL1080205/40.json,official_similarity_percent_divided_by_100; not project_Morgan1024_similarity,NOT_IN_PHARMACOLOGY_SHORTLIST,,,,
LIB_ZVHBDYFMHCQADD,CHEMBL1080205,CHEMBL1080190,False,0.6582278609275818,True,True,,,,False,O=C(Nc1cccc(-c2cn3ccnc3c(NCc3ccncc3)n2)c1)Nc1cc(C(F)(F)F)ccc1Cl,DWDRUDUATUOJND-UHFFFAOYSA-N,https://www.ebi.ac.uk/chembl/api/data/similarity/CHEMBL1080205/40.json,official_similarity_percent_divided_by_100; not project_Morgan1024_similarity,NOT_IN_PHARMACOLOGY_SHORTLIST,,,,
LIB_ZVHBDYFMHCQADD,CHEMBL1080205,CHEMBL1079452,False,0.6578947305679321,True,True,,,,False,O=C(Cc1cccc(C(F)(F)F)c1)Nc1cccc(-c2cn3ccnc3c(NCc3ccncc3)n2)c1,HLVJLTDUBJMRSP-UHFFFAOYSA-N,https://www.ebi.ac.uk/chembl/api/data/similarity/CHEMBL1080205/40.json,official_similarity_percent_divided_by_100; not project_Morgan1024_similarity,NOT_IN_PHARMACOLOGY_SHORTLIST,,,,
LIB_ZVHBDYFMHCQADD,CHEMBL1080205,CHEMBL1079795,False,0.6578947305679321,True,True,,,,False,O=C(Nc1cccc(-c2cn3ccnc3c(NCc3ccncc3)n2)c1)c1cccc(C(F)(F)F)c1,MSOIEDXPFWQELX-UHFFFAOYSA-N,https://www.ebi.ac.uk/chembl/api/data/similarity/CHEMBL1080205/40.json,official_similarity_percent_divided_by_100; not project_Morgan1024_similarity,NOT_IN_PHARMACOLOGY_SHORTLIST,,,,
LIB_ZVHBDYFMHCQADD,CHEMBL1080205,CHEMBL1081948,False,0.6578947305679321,True,True,,,,False,O=C(Nc1cccc(-c2cn3ccnc3c(NCc3ccncc3)n2)c1)Nc1ccccc1C(F)(F)F,PSDSEDAUIJUGQT-UHFFFAOYSA-N,https://www.ebi.ac.uk/chembl/api/data/similarity/CHEMBL1080205/40.json,official_similarity_percent_divided_by_100; not project_Morgan1024_similarity,NOT_IN_PHARMACOLOGY_SHORTLIST,,,,
LIB_ZVHBDYFMHCQADD,CHEMBL1080205,CHEMBL1079811,False,0.6478873491287231,True,True,,,,False,O=C(Nc1ccccc1)Nc1cccc(-c2cn3ccnc3c(NCc3ccncc3)n2)c1,JJHHLCYLWFYZQF-UHFFFAOYSA-N,https://www.ebi.ac.uk/chembl/api/data/similarity/CHEMBL1080205/40.json,official_similarity_percent_divided_by_100; not project_Morgan1024_similarity,ACTUAL_SELECTED_SOURCE_QUERY,1,0,Ephrin type-B receptor 4,10.1016/j.bmcl.2009.10.037
LIB_ZVHBDYFMHCQADD,CHEMBL1080205,CHEMBL5492162,False,0.641791045665741,True,True,,,,False,Oc1cccc(-c2cn3ccnc3c(NCc3ccccn3)n2)c1,VQTPADSALHYRRS-UHFFFAOYSA-N,https://www.ebi.ac.uk/chembl/api/data/similarity/CHEMBL1080205/40.json,official_similarity_percent_divided_by_100; not project_Morgan1024_similarity,NOT_IN_PHARMACOLOGY_SHORTLIST,,,,
LIB_ZVHBDYFMHCQADD,CHEMBL1080205,CHEMBL1079846,False,0.6341463327407837,True,True,,,,False,COc1ccc(C(F)(F)F)cc1NC(=O)Nc1cccc(-c2cn3ccnc3c(NCc3ccncc3)n2)c1,VDQZIQXNPVFCAD-UHFFFAOYSA-N,https://www.ebi.ac.uk/chembl/api/data/similarity/CHEMBL1080205/40.json,official_similarity_percent_divided_by_100; not project_Morgan1024_similarity,ACTUAL_SELECTED_SOURCE_QUERY,6,0,Angiopoietin-1 receptor; Ephrin type-B receptor 4; Vascular endothelial growth factor receptor 2,10.1016/j.bmcl.2009.10.037
LIB_ZVHBDYFMHCQADD,CHEMBL1080205,CHEMBL1081740,False,0.6282051205635071,True,True,,,,False,O=C(Nc1cccc(-c2cn3ccnc3c(NCc3ccncc3)n2)c1)Nc1ccc(F)c(C(F)(F)F)c1,ZNDXPRCORYDEAP-UHFFFAOYSA-N,https://www.ebi.ac.uk/chembl/api/data/similarity/CHEMBL1080205/40.json,official_similarity_percent_divided_by_100; not project_Morgan1024_similarity,ACTUAL_SELECTED_SOURCE_QUERY,1,0,Ephrin type-B receptor 4,10.1016/j.bmcl.2009.10.037
LIB_ZVHBDYFMHCQADD,CHEMBL1080205,CHEMBL1080183,False,0.6216216087341309,True,True,,,,False,O=C(Nc1cccc(F)c1)Nc1cccc(-c2cn3ccnc3c(NCc3ccncc3)n2)c1,ZDRQIUCJNULSBY-UHFFFAOYSA-N,https://www.ebi.ac.uk/chembl/api/data/similarity/CHEMBL1080205/40.json,official_similarity_percent_divided_by_100; not project_Morgan1024_similarity,NOT_IN_PHARMACOLOGY_SHORTLIST,,,,
LIB_ZVHBDYFMHCQADD,CHEMBL1080205,CHEMBL1079751,False,0.6202531456947327,True,True,,,,False,Cc1ccc(NC(=O)Nc2cccc(-c3cn4ccnc4c(NCc4ccncc4)n3)c2)cc1C(F)(F)F,CXRYSQNWQCVBQV-UHFFFAOYSA-N,https://www.ebi.ac.uk/chembl/api/data/similarity/CHEMBL1080205/40.json,official_similarity_percent_divided_by_100; not project_Morgan1024_similarity,ACTUAL_SELECTED_SOURCE_QUERY,1,0,Ephrin type-B receptor 4,10.1016/j.bmcl.2009.10.037
LIB_ZVHBDYFMHCQADD,CHEMBL1080205,CHEMBL1081916,False,0.6202531456947327,True,True,,,,False,O=C(Nc1cccc(-c2cn3ccnc3c(NCc3ccncc3)n2)c1)Nc1ccc(Cl)c(C(F)(F)F)c1,YVCVALMTTAHIAN-UHFFFAOYSA-N,https://www.ebi.ac.uk/chembl/api/data/similarity/CHEMBL1080205/40.json,official_similarity_percent_divided_by_100; not project_Morgan1024_similarity,ACTUAL_SELECTED_SOURCE_QUERY,1,0,Ephrin type-B receptor 4,10.1016/j.bmcl.2009.10.037
LIB_ZVHBDYFMHCQADD,CHEMBL1080205,CHEMBL1079809,False,0.6184210777282715,True,True,,,,False,O=C(Nc1cccc(-c2cn3ccnc3c(OCc3ccncc3)n2)c1)Nc1cccc(C(F)(F)F)c1,VYPKGVPXECFUKL-UHFFFAOYSA-N,https://www.ebi.ac.uk/chembl/api/data/similarity/CHEMBL1080205/40.json,official_similarity_percent_divided_by_100; not project_Morgan1024_similarity,ACTUAL_SELECTED_SOURCE_QUERY,1,0,Ephrin type-B receptor 4,10.1016/j.bmcl.2009.10.037
LIB_ZVHBDYFMHCQADD,CHEMBL1080205,CHEMBL1081753,False,0.6184210777282715,True,True,,,,False,O=C(Nc1cccc(-c2cn3ccnc3c(NCc3ccncc3)n2)c1)Nc1ccccc1F,BXFUASFZFGJZOR-UHFFFAOYSA-N,https://www.ebi.ac.uk/chembl/api/data/similarity/CHEMBL1080205/40.json,official_similarity_percent_divided_by_100; not project_Morgan1024_similarity,NOT_IN_PHARMACOLOGY_SHORTLIST,,,,
LIB_ZVHBDYFMHCQADD,CHEMBL1080205,CHEMBL1079500,False,0.6133333444595337,True,True,,,,False,O=C(Nc1ccc(F)cc1)Nc1cccc(-c2cn3ccnc3c(NCc3ccncc3)n2)c1,NEXJVWBTDAZXEA-UHFFFAOYSA-N,https://www.ebi.ac.uk/chembl/api/data/similarity/CHEMBL1080205/40.json,official_similarity_percent_divided_by_100; not project_Morgan1024_similarity,NOT_IN_PHARMACOLOGY_SHORTLIST,,,,
LIB_ZVHBDYFMHCQADD,CHEMBL1080205,CHEMBL1079810,False,0.6025640964508057,True,True,,,,False,CN(Cc1ccncc1)c1nc(-c2cccc(NC(=O)Nc3cccc(C(F)(F)F)c3)c2)cn2ccnc12,PGAGZKDWBHDEKT-UHFFFAOYSA-N,https://www.ebi.ac.uk/chembl/api/data/similarity/CHEMBL1080205/40.json,official_similarity_percent_divided_by_100; not project_Morgan1024_similarity,NOT_IN_PHARMACOLOGY_SHORTLIST,,,,
LIB_ZVHBDYFMHCQADD,CHEMBL1080205,CHEMBL1080024,False,0.6000000238418579,True,True,,,,False,O=C(Nc1cccc(Cl)c1)Nc1cccc(-c2cn3ccnc3c(NCc3ccncc3)n2)c1,PAYXSLMAIACIHH-UHFFFAOYSA-N,https://www.ebi.ac.uk/chembl/api/data/similarity/CHEMBL1080205/40.json,official_similarity_percent_divided_by_100; not project_Morgan1024_similarity,NOT_IN_PHARMACOLOGY_SHORTLIST,,,,
LIB_ZVHBDYFMHCQADD,CHEMBL1080205,CHEMBL1080359,False,0.6000000238418579,True,True,,,,False,O=C(Nc1cccc(Br)c1)Nc1cccc(-c2cn3ccnc3c(NCc3ccncc3)n2)c1,BLNZQHQYULGYHK-UHFFFAOYSA-N,https://www.ebi.ac.uk/chembl/api/data/similarity/CHEMBL1080205/40.json,official_similarity_percent_divided_by_100; not project_Morgan1024_similarity,NOT_IN_PHARMACOLOGY_SHORTLIST,,,,
LIB_ZVHBDYFMHCQADD,CHEMBL1080205,CHEMBL1080360,False,0.6000000238418579,True,True,,,,False,Cc1cccc(NC(=O)Nc2cccc(-c3cn4ccnc4c(NCc4ccncc4)n3)c2)c1,ZWQJXXDUCZISDN-UHFFFAOYSA-N,https://www.ebi.ac.uk/chembl/api/data/similarity/CHEMBL1080205/40.json,official_similarity_percent_divided_by_100; not project_Morgan1024_similarity,NOT_IN_PHARMACOLOGY_SHORTLIST,,,,
